request_timestamp_utc,pool_address,network,rank,schema_version
2026-09-30T07:02:11.049611+00:00,B4VFURUHHzyt8YzBGBV9jiarBvjh1EbMAbRNBnNqaxUD,solana,1,2
2026-09-30T07:02:11.049611+00:00,9UqFNPpyCzjhJKWnEXBUxFSsgA6g9HLa8yU19mAmcUnE,solana,2,2
2026-09-30T07:02:11.049611+00:00,4zLRGHwKdXyaTovP8UkV66CskWgo9E7kAaGYcw1vFh7E,solana,3,2
2026-09-30T07:02:11.049611+00:00,zxTpi4BtaWX3mgdAPoezkMD1hxx8CdeCfrqXMWvSCLX,solana,4,2
2026-09-30T07:02:11.049611+00:00,8ewuF2o8ACro7fqWepZ3tKhkbBjndZU4Ldk9scRPw83d,solana,5,2
2026-09-30T07:02:11.049611+00:00,6e3jZLtf4tQbWZm3f7A66jF8tfZn6MRQVrbDFgcNWarA,solana,6,2
2026-09-30T07:02:11.049611+00:00,HMzvsEEmtzHhvZNw9uwbaG85HCTmFnkbhzUx16cy7ca3,solana,7,2
2026-09-30T07:02:11.049611+00:00,AG1EhPjsBrkxQWkViuLXF6pQnHwfr9f9sdNneeoykcEJ,solana,8,2
2026-09-30T07:02:11.049611+00:00,DGvB8KyD79wFBJ7Kr7mW54qSfi7Yk3UrhJkcnTSd6frb,solana,9,2
2026-09-30T07:02:11.049611+00:00,HnhpJPJgBG2KwniMTNW8cVBHvk1hFog3RC3kjnyc23tD,solana,10,2
2026-09-30T07:02:11.049611+00:00,DxSBgaYreFNFxGu9TEC17n4Usq5jjy4Zf9djT7RBLrGf,solana,11,2
2026-09-30T07:02:11.049611+00:00,C7r9jXWiVYmBYR2Jj5YSLiEitUGJPjQXWeg7HPU8NwUk,solana,12,2
2026-09-30T07:02:11.049611+00:00,Q2sPHPdUWFMg7M7wwrQKLrn619cAucfRsmhVJffodSp,solana,13,2
2026-09-30T07:02:11.049611+00:00,4JAnKFddd5fFTk5PxDj3PpTWJuTEfSWQEjZJcgKQ9KwW,solana,14,2
2026-09-30T07:02:11.049611+00:00,4R8CiMnJWDNoes3fQi1ccPFJygPXazaHaWpHrN3rZeNj,solana,15,2
2026-09-30T07:02:11.049611+00:00,2uF4Xh61rDwxnG9woyxsVQP7zuA6kLFpb3NvnRQeoiSd,solana,16,2
2026-09-30T07:02:11.049611+00:00,5zpyutJu9ee6jFymDGoK7F6S5Kczqtc9FomP3ueKuyA9,solana,17,2
2026-09-30T07:02:11.049611+00:00,Atwk3wi3U2u87n6c7gNdmipHKQgwJRM2c1qLXR3Z8Dbj,solana,18,2
2026-09-30T07:02:11.049611+00:00,DyVrHutNGpuGFgJzDxZVfpAUbUjo1XJdaN9aDLrfRj6P,solana,19,2
2026-09-30T07:02:11.049611+00:00,H2UTFeuwA6yQP2L3DegdvtA4wCCwLJjKwq2zXepzU1ae,solana,20,2
2026-09-30T07:10:16.615949+00:00,B4VFURUHHzyt8YzBGBV9jiarBvjh1EbMAbRNBnNqaxUD,solana,1,2
2026-09-30T07:10:16.615949+00:00,9UqFNPpyCzjhJKWnEXBUxFSsgA6g9HLa8yU19mAmcUnE,solana,2,2
2026-09-30T07:10:16.615949+00:00,4zLRGHwKdXyaTovP8UkV66CskWgo9E7kAaGYcw1vFh7E,solana,3,2
2026-09-30T07:10:16.615949+00:00,zxTpi4BtaWX3mgdAPoezkMD1hxx8CdeCfrqXMWvSCLX,solana,4,2
2026-09-30T07:10:16.615949+00:00,8ewuF2o8ACro7fqWepZ3tKhkbBjndZU4Ldk9scRPw83d,solana,5,2
2026-09-30T07:10:16.615949+00:00,6e3jZLtf4tQbWZm3f7A66jF8tfZn6MRQVrbDFgcNWarA,solana,6,2
2026-09-30T07:10:16.615949+00:00,HMzvsEEmtzHhvZNw9uwbaG85HCTmFnkbhzUx16cy7ca3,solana,7,2
2026-09-30T07:10:16.615949+00:00,DGvB8KyD79wFBJ7Kr7mW54qSfi7Yk3UrhJkcnTSd6frb,solana,8,2
2026-09-30T07:10:16.615949+00:00,AG1EhPjsBrkxQWkViuLXF6pQnHwfr9f9sdNneeoykcEJ,solana,9,2
2026-09-30T07:10:16.615949+00:00,DxSBgaYreFNFxGu9TEC17n4Usq5jjy4Zf9djT7RBLrGf,solana,10,2
2026-09-30T07:10:16.615949+00:00,HnhpJPJgBG2KwniMTNW8cVBHvk1hFog3RC3kjnyc23tD,solana,11,2
2026-09-30T07:10:16.615949+00:00,C7r9jXWiVYmBYR2Jj5YSLiEitUGJPjQXWeg7HPU8NwUk,solana,12,2
2026-09-30T07:10:16.615949+00:00,Q2sPHPdUWFMg7M7wwrQKLrn619cAucfRsmhVJffodSp,solana,13,2
2026-09-30T07:10:16.615949+00:00,2uF4Xh61rDwxnG9woyxsVQP7zuA6kLFpb3NvnRQeoiSd,solana,14,2
2026-09-30T07:10:16.615949+00:00,Atwk3wi3U2u87n6c7gNdmipHKQgwJRM2c1qLXR3Z8Dbj,solana,15,2
2026-09-30T07:10:16.615949+00:00,4JAnKFddd5fFTk5PxDj3PpTWJuTEfSWQEjZJcgKQ9KwW,solana,16,2
2026-09-30T07:10:16.615949+00:00,4R8CiMnJWDNoes3fQi1ccPFJygPXazaHaWpHrN3rZeNj,solana,17,2
2026-09-30T07:10:16.615949+00:00,5zpyutJu9ee6jFymDGoK7F6S5Kczqtc9FomP3ueKuyA9,solana,18,2
2026-09-30T07:10:16.615949+00:00,DyVrHutNGpuGFgJzDxZVfpAUbUjo1XJdaN9aDLrfRj6P,solana,19,2
2026-09-30T07:10:16.615949+00:00,H2UTFeuwA6yQP2L3DegdvtA4wCCwLJjKwq2zXepzU1ae,solana,20,2
2026-09-30T07:19:06.550585+00:00,B4VFURUHHzyt8YzBGBV9jiarBvjh1EbMAbRNBnNqaxUD,solana,1,2
2026-09-30T07:19:06.550585+00:00,9UqFNPpyCzjhJKWnEXBUxFSsgA6g9HLa8yU19mAmcUnE,solana,2,2
2026-09-30T07:19:06.550585+00:00,4zLRGHwKdXyaTovP8UkV66CskWgo9E7kAaGYcw1vFh7E,solana,3,2
2026-09-30T07:19:06.550585+00:00,zxTpi4BtaWX3mgdAPoezkMD1hxx8CdeCfrqXMWvSCLX,solana,4,2
2026-09-30T07:19:06.550585+00:00,8ewuF2o8ACro7fqWepZ3tKhkbBjndZU4Ldk9scRPw83d,solana,5,2
2026-09-30T07:19:06.550585+00:00,6e3jZLtf4tQbWZm3f7A66jF8tfZn6MRQVrbDFgcNWarA,solana,6,2
2026-09-30T07:19:06.550585+00:00,HMzvsEEmtzHhvZNw9uwbaG85HCTmFnkbhzUx16cy7ca3,solana,7,2
2026-09-30T07:19:06.550585+00:00,DGvB8KyD79wFBJ7Kr7mW54qSfi7Yk3UrhJkcnTSd6frb,solana,8,2
2026-09-30T07:19:06.550585+00:00,AG1EhPjsBrkxQWkViuLXF6pQnHwfr9f9sdNneeoykcEJ,solana,9,2
2026-09-30T07:19:06.550585+00:00,HnhpJPJgBG2KwniMTNW8cVBHvk1hFog3RC3kjnyc23tD,solana,10,2
2026-09-30T07:19:06.550585+00:00,DxSBgaYreFNFxGu9TEC17n4Usq5jjy4Zf9djT7RBLrGf,solana,11,2
2026-09-30T07:19:06.550585+00:00,Q2sPHPdUWFMg7M7wwrQKLrn619cAucfRsmhVJffodSp,solana,12,2
2026-09-30T07:19:06.550585+00:00,C7r9jXWiVYmBYR2Jj5YSLiEitUGJPjQXWeg7HPU8NwUk,solana,13,2
2026-09-30T07:19:06.550585+00:00,Atwk3wi3U2u87n6c7gNdmipHKQgwJRM2c1qLXR3Z8Dbj,solana,14,2
2026-09-30T07:19:06.550585+00:00,2uF4Xh61rDwxnG9woyxsVQP7zuA6kLFpb3NvnRQeoiSd,solana,15,2
2026-09-30T07:19:06.550585+00:00,4JAnKFddd5fFTk5PxDj3PpTWJuTEfSWQEjZJcgKQ9KwW,solana,16,2
2026-09-30T07:19:06.550585+00:00,4R8CiMnJWDNoes3fQi1ccPFJygPXazaHaWpHrN3rZeNj,solana,17,2
2026-09-30T07:19:06.550585+00:00,5zpyutJu9ee6jFymDGoK7F6S5Kczqtc9FomP3ueKuyA9,solana,18,2
2026-09-30T07:19:06.550585+00:00,DyVrHutNGpuGFgJzDxZVfpAUbUjo1XJdaN9aDLrfRj6P,solana,19,2
2026-09-30T07:19:06.550585+00:00,H2UTFeuwA6yQP2L3DegdvtA4wCCwLJjKwq2zXepzU1ae,solana,20,2
2026-09-30T07:27:28.020138+00:00,B4VFURUHHzyt8YzBGBV9jiarBvjh1EbMAbRNBnNqaxUD,solana,1,2
2026-09-30T07:27:28.020138+00:00,9UqFNPpyCzjhJKWnEXBUxFSsgA6g9HLa8yU19mAmcUnE,solana,2,2
2026-09-30T07:27:28.020138+00:00,4zLRGHwKdXyaTovP8UkV66CskWgo9E7kAaGYcw1vFh7E,solana,3,2
2026-09-30T07:27:28.020138+00:00,zxTpi4BtaWX3mgdAPoezkMD1hxx8CdeCfrqXMWvSCLX,solana,4,2
2026-09-30T07:27:28.020138+00:00,8ewuF2o8ACro7fqWepZ3tKhkbBjndZU4Ldk9scRPw83d,solana,5,2
2026-09-30T07:27:28.020138+00:00,6e3jZLtf4tQbWZm3f7A66jF8tfZn6MRQVrbDFgcNWarA,solana,6,2
2026-09-30T07:27:28.020138+00:00,HMzvsEEmtzHhvZNw9uwbaG85HCTmFnkbhzUx16cy7ca3,solana,7,2
2026-09-30T07:27:28.020138+00:00,DGvB8KyD79wFBJ7Kr7mW54qSfi7Yk3UrhJkcnTSd6frb,solana,8,2
2026-09-30T07:27:28.020138+00:00,AG1EhPjsBrkxQWkViuLXF6pQnHwfr9f9sdNneeoykcEJ,solana,9,2
2026-09-30T07:27:28.020138+00:00,HnhpJPJgBG2KwniMTNW8cVBHvk1hFog3RC3kjnyc23tD,solana,10,2
2026-09-30T07:27:28.020138+00:00,DxSBgaYreFNFxGu9TEC17n4Usq5jjy4Zf9djT7RBLrGf,solana,11,2
2026-09-30T07:27:28.020138+00:00,Q2sPHPdUWFMg7M7wwrQKLrn619cAucfRsmhVJffodSp,solana,12,2
2026-09-30T07:27:28.020138+00:00,5zpyutJu9ee6jFymDGoK7F6S5Kczqtc9FomP3ueKuyA9,solana,13,2
2026-09-30T07:27:28.020138+00:00,C7r9jXWiVYmBYR2Jj5YSLiEitUGJPjQXWeg7HPU8NwUk,solana,14,2
2026-09-30T07:27:28.020138+00:00,2uF4Xh61rDwxnG9woyxsVQP7zuA6kLFpb3NvnRQeoiSd,solana,15,2
2026-09-30T07:27:28.020138+00:00,Atwk3wi3U2u87n6c7gNdmipHKQgwJRM2c1qLXR3Z8Dbj,solana,16,2
2026-09-30T07:27:28.020138+00:00,4JAnKFddd5fFTk5PxDj3PpTWJuTEfSWQEjZJcgKQ9KwW,solana,17,2
2026-09-30T07:27:28.020138+00:00,DyVrHutNGpuGFgJzDxZVfpAUbUjo1XJdaN9aDLrfRj6P,solana,18,2
2026-09-30T07:27:28.020138+00:00,4R8CiMnJWDNoes3fQi1ccPFJygPXazaHaWpHrN3rZeNj,solana,19,2
2026-09-30T07:27:28.020138+00:00,H2UTFeuwA6yQP2L3DegdvtA4wCCwLJjKwq2zXepzU1ae,solana,20,2
2026-09-30T07:35:26.346447+00:00,B4VFURUHHzyt8YzBGBV9jiarBvjh1EbMAbRNBnNqaxUD,solana,1,2
2026-09-30T07:35:26.346447+00:00,9UqFNPpyCzjhJKWnEXBUxFSsgA6g9HLa8yU19mAmcUnE,solana,2,2
2026-09-30T07:35:26.346447+00:00,4zLRGHwKdXyaTovP8UkV66CskWgo9E7kAaGYcw1vFh7E,solana,3,2
2026-09-30T07:35:26.346447+00:00,zxTpi4BtaWX3mgdAPoezkMD1hxx8CdeCfrqXMWvSCLX,solana,4,2
2026-09-30T07:35:26.346447+00:00,8ewuF2o8ACro7fqWepZ3tKhkbBjndZU4Ldk9scRPw83d,solana,5,2
2026-09-30T07:35:26.346447+00:00,6e3jZLtf4tQbWZm3f7A66jF8tfZn6MRQVrbDFgcNWarA,solana,6,2
2026-09-30T07:35:26.346447+00:00,HMzvsEEmtzHhvZNw9uwbaG85HCTmFnkbhzUx16cy7ca3,solana,7,2
2026-09-30T07:35:26.346447+00:00,DGvB8KyD79wFBJ7Kr7mW54qSfi7Yk3UrhJkcnTSd6frb,solana,8,2
2026-09-30T07:35:26.346447+00:00,AG1EhPjsBrkxQWkViuLXF6pQnHwfr9f9sdNneeoykcEJ,solana,9,2
2026-09-30T07:35:26.346447+00:00,HnhpJPJgBG2KwniMTNW8cVBHvk1hFog3RC3kjnyc23tD,solana,10,2
2026-09-30T07:35:26.346447+00:00,DxSBgaYreFNFxGu9TEC17n4Usq5jjy4Zf9djT7RBLrGf,solana,11,2
2026-09-30T07:35:26.346447+00:00,Q2sPHPdUWFMg7M7wwrQKLrn619cAucfRsmhVJffodSp,solana,12,2
2026-09-30T07:35:26.346447+00:00,5zpyutJu9ee6jFymDGoK7F6S5Kczqtc9FomP3ueKuyA9,solana,13,2
2026-09-30T07:35:26.346447+00:00,C7r9jXWiVYmBYR2Jj5YSLiEitUGJPjQXWeg7HPU8NwUk,solana,14,2
2026-09-30T07:35:26.346447+00:00,2uF4Xh61rDwxnG9woyxsVQP7zuA6kLFpb3NvnRQeoiSd,solana,15,2
2026-09-30T07:35:26.346447+00:00,Atwk3wi3U2u87n6c7gNdmipHKQgwJRM2c1qLXR3Z8Dbj,solana,16,2
2026-09-30T07:35:26.346447+00:00,4JAnKFddd5fFTk5PxDj3PpTWJuTEfSWQEjZJcgKQ9KwW,solana,17,2
2026-09-30T07:35:26.346447+00:00,DyVrHutNGpuGFgJzDxZVfpAUbUjo1XJdaN9aDLrfRj6P,solana,18,2
2026-09-30T07:35:26.346447+00:00,4R8CiMnJWDNoes3fQi1ccPFJygPXazaHaWpHrN3rZeNj,solana,19,2
2026-09-30T07:35:26.346447+00:00,H2UTFeuwA6yQP2L3DegdvtA4wCCwLJjKwq2zXepzU1ae,solana,20,2
2026-09-30T07:43:29.289975+00:00,B4VFURUHHzyt8YzBGBV9jiarBvjh1EbMAbRNBnNqaxUD,solana,1,2
2026-09-30T07:43:29.289975+00:00,9UqFNPpyCzjhJKWnEXBUxFSsgA6g9HLa8yU19mAmcUnE,solana,2,2
2026-09-30T07:43:29.289975+00:00,4zLRGHwKdXyaTovP8UkV66CskWgo9E7kAaGYcw1vFh7E,solana,3,2
2026-09-30T07:43:29.289975+00:00,zxTpi4BtaWX3mgdAPoezkMD1hxx8CdeCfrqXMWvSCLX,solana,4,2
2026-09-30T07:43:29.289975+00:00,8ewuF2o8ACro7fqWepZ3tKhkbBjndZU4Ldk9scRPw83d,solana,5,2
2026-09-30T07:43:29.289975+00:00,6e3jZLtf4tQbWZm3f7A66jF8tfZn6MRQVrbDFgcNWarA,solana,6,2
2026-09-30T07:43:29.289975+00:00,AG1EhPjsBrkxQWkViuLXF6pQnHwfr9f9sdNneeoykcEJ,solana,7,2
2026-09-30T07:43:29.289975+00:00,HMzvsEEmtzHhvZNw9uwbaG85HCTmFnkbhzUx16cy7ca3,solana,8,2
2026-09-30T07:43:29.289975+00:00,DGvB8KyD79wFBJ7Kr7mW54qSfi7Yk3UrhJkcnTSd6frb,solana,9,2
2026-09-30T07:43:29.289975+00:00,HnhpJPJgBG2KwniMTNW8cVBHvk1hFog3RC3kjnyc23tD,solana,10,2
2026-09-30T07:43:29.289975+00:00,DxSBgaYreFNFxGu9TEC17n4Usq5jjy4Zf9djT7RBLrGf,solana,11,2
2026-09-30T07:43:29.289975+00:00,Atwk3wi3U2u87n6c7gNdmipHKQgwJRM2c1qLXR3Z8Dbj,solana,12,2
2026-09-30T07:43:29.289975+00:00,Q2sPHPdUWFMg7M7wwrQKLrn619cAucfRsmhVJffodSp,solana,13,2
2026-09-30T07:43:29.289975+00:00,5zpyutJu9ee6jFymDGoK7F6S5Kczqtc9FomP3ueKuyA9,solana,14,2
2026-09-30T07:43:29.289975+00:00,C7r9jXWiVYmBYR2Jj5YSLiEitUGJPjQXWeg7HPU8NwUk,solana,15,2
2026-09-30T07:43:29.289975+00:00,2uF4Xh61rDwxnG9woyxsVQP7zuA6kLFpb3NvnRQeoiSd,solana,16,2
2026-09-30T07:43:29.289975+00:00,4JAnKFddd5fFTk5PxDj3PpTWJuTEfSWQEjZJcgKQ9KwW,solana,17,2
2026-09-30T07:43:29.289975+00:00,DyVrHutNGpuGFgJzDxZVfpAUbUjo1XJdaN9aDLrfRj6P,solana,18,2
2026-09-30T07:43:29.289975+00:00,4R8CiMnJWDNoes3fQi1ccPFJygPXazaHaWpHrN3rZeNj,solana,19,2
2026-09-30T07:43:29.289975+00:00,H2UTFeuwA6yQP2L3DegdvtA4wCCwLJjKwq2zXepzU1ae,solana,20,2
2026-09-30T07:51:30.402729+00:00,B4VFURUHHzyt8YzBGBV9jiarBvjh1EbMAbRNBnNqaxUD,solana,1,2
2026-09-30T07:51:30.402729+00:00,9UqFNPpyCzjhJKWnEXBUxFSsgA6g9HLa8yU19mAmcUnE,solana,2,2
2026-09-30T07:51:30.402729+00:00,4zLRGHwKdXyaTovP8UkV66CskWgo9E7kAaGYcw1vFh7E,solana,3,2
2026-09-30T07:51:30.402729+00:00,zxTpi4BtaWX3mgdAPoezkMD1hxx8CdeCfrqXMWvSCLX,solana,4,2
2026-09-30T07:51:30.402729+00:00,8ewuF2o8ACro7fqWepZ3tKhkbBjndZU4Ldk9scRPw83d,solana,5,2
2026-09-30T07:51:30.402729+00:00,6e3jZLtf4tQbWZm3f7A66jF8tfZn6MRQVrbDFgcNWarA,solana,6,2
2026-09-30T07:51:30.402729+00:00,AG1EhPjsBrkxQWkViuLXF6pQnHwfr9f9sdNneeoykcEJ,solana,7,2
2026-09-30T07:51:30.402729+00:00,HMzvsEEmtzHhvZNw9uwbaG85HCTmFnkbhzUx16cy7ca3,solana,8,2
2026-09-30T07:51:30.402729+00:00,DGvB8KyD79wFBJ7Kr7mW54qSfi7Yk3UrhJkcnTSd6frb,solana,9,2
2026-09-30T07:51:30.402729+00:00,HnhpJPJgBG2KwniMTNW8cVBHvk1hFog3RC3kjnyc23tD,solana,10,2
2026-09-30T07:51:30.402729+00:00,DxSBgaYreFNFxGu9TEC17n4Usq5jjy4Zf9djT7RBLrGf,solana,11,2
2026-09-30T07:51:30.402729+00:00,Atwk3wi3U2u87n6c7gNdmipHKQgwJRM2c1qLXR3Z8Dbj,solana,12,2
2026-09-30T07:51:30.402729+00:00,Q2sPHPdUWFMg7M7wwrQKLrn619cAucfRsmhVJffodSp,solana,13,2
2026-09-30T07:51:30.402729+00:00,5zpyutJu9ee6jFymDGoK7F6S5Kczqtc9FomP3ueKuyA9,solana,14,2
2026-09-30T07:51:30.402729+00:00,H2UTFeuwA6yQP2L3DegdvtA4wCCwLJjKwq2zXepzU1ae,solana,15,2
2026-09-30T07:51:30.402729+00:00,C7r9jXWiVYmBYR2Jj5YSLiEitUGJPjQXWeg7HPU8NwUk,solana,16,2
2026-09-30T07:51:30.402729+00:00,2uF4Xh61rDwxnG9woyxsVQP7zuA6kLFpb3NvnRQeoiSd,solana,17,2
2026-09-30T07:51:30.402729+00:00,4JAnKFddd5fFTk5PxDj3PpTWJuTEfSWQEjZJcgKQ9KwW,solana,18,2
2026-09-30T07:51:30.402729+00:00,DyVrHutNGpuGFgJzDxZVfpAUbUjo1XJdaN9aDLrfRj6P,solana,19,2
2026-09-30T07:51:30.402729+00:00,4R8CiMnJWDNoes3fQi1ccPFJygPXazaHaWpHrN3rZeNj,solana,20,2
2026-09-30T07:59:49.790964+00:00,B4VFURUHHzyt8YzBGBV9jiarBvjh1EbMAbRNBnNqaxUD,solana,1,2
2026-09-30T07:59:49.790964+00:00,9UqFNPpyCzjhJKWnEXBUxFSsgA6g9HLa8yU19mAmcUnE,solana,2,2
2026-09-30T07:59:49.790964+00:00,4zLRGHwKdXyaTovP8UkV66CskWgo9E7kAaGYcw1vFh7E,solana,3,2
2026-09-30T07:59:49.790964+00:00,zxTpi4BtaWX3mgdAPoezkMD1hxx8CdeCfrqXMWvSCLX,solana,4,2
2026-09-30T07:59:49.790964+00:00,8ewuF2o8ACro7fqWepZ3tKhkbBjndZU4Ldk9scRPw83d,solana,5,2
2026-09-30T07:59:49.790964+00:00,6e3jZLtf4tQbWZm3f7A66jF8tfZn6MRQVrbDFgcNWarA,solana,6,2
2026-09-30T07:59:49.790964+00:00,AG1EhPjsBrkxQWkViuLXF6pQnHwfr9f9sdNneeoykcEJ,solana,7,2
2026-09-30T07:59:49.790964+00:00,HMzvsEEmtzHhvZNw9uwbaG85HCTmFnkbhzUx16cy7ca3,solana,8,2
2026-09-30T07:59:49.790964+00:00,DGvB8KyD79wFBJ7Kr7mW54qSfi7Yk3UrhJkcnTSd6frb,solana,9,2
2026-09-30T07:59:49.790964+00:00,HnhpJPJgBG2KwniMTNW8cVBHvk1hFog3RC3kjnyc23tD,solana,10,2
2026-09-30T07:59:49.790964+00:00,DxSBgaYreFNFxGu9TEC17n4Usq5jjy4Zf9djT7RBLrGf,solana,11,2
2026-09-30T07:59:49.790964+00:00,Atwk3wi3U2u87n6c7gNdmipHKQgwJRM2c1qLXR3Z8Dbj,solana,12,2
2026-09-30T07:59:49.790964+00:00,Q2sPHPdUWFMg7M7wwrQKLrn619cAucfRsmhVJffodSp,solana,13,2
2026-09-30T07:59:49.790964+00:00,5zpyutJu9ee6jFymDGoK7F6S5Kczqtc9FomP3ueKuyA9,solana,14,2
2026-09-30T07:59:49.790964+00:00,H2UTFeuwA6yQP2L3DegdvtA4wCCwLJjKwq2zXepzU1ae,solana,15,2
2026-09-30T07:59:49.790964+00:00,C7r9jXWiVYmBYR2Jj5YSLiEitUGJPjQXWeg7HPU8NwUk,solana,16,2
2026-09-30T07:59:49.790964+00:00,2uF4Xh61rDwxnG9woyxsVQP7zuA6kLFpb3NvnRQeoiSd,solana,17,2
2026-09-30T07:59:49.790964+00:00,4JAnKFddd5fFTk5PxDj3PpTWJuTEfSWQEjZJcgKQ9KwW,solana,18,2
2026-09-30T07:59:49.790964+00:00,DyVrHutNGpuGFgJzDxZVfpAUbUjo1XJdaN9aDLrfRj6P,solana,19,2
2026-09-30T07:59:49.790964+00:00,4R8CiMnJWDNoes3fQi1ccPFJygPXazaHaWpHrN3rZeNj,solana,20,2
2026-09-30T08:08:09.781778+00:00,B4VFURUHHzyt8YzBGBV9jiarBvjh1EbMAbRNBnNqaxUD,solana,1,2
2026-09-30T08:08:09.781778+00:00,9UqFNPpyCzjhJKWnEXBUxFSsgA6g9HLa8yU19mAmcUnE,solana,2,2
2026-09-30T08:08:09.781778+00:00,4zLRGHwKdXyaTovP8UkV66CskWgo9E7kAaGYcw1vFh7E,solana,3,2
2026-09-30T08:08:09.781778+00:00,zxTpi4BtaWX3mgdAPoezkMD1hxx8CdeCfrqXMWvSCLX,solana,4,2
2026-09-30T08:08:09.781778+00:00,6e3jZLtf4tQbWZm3f7A66jF8tfZn6MRQVrbDFgcNWarA,solana,5,2
2026-09-30T08:08:09.781778+00:00,AG1EhPjsBrkxQWkViuLXF6pQnHwfr9f9sdNneeoykcEJ,solana,6,2
2026-09-30T08:08:09.781778+00:00,8ewuF2o8ACro7fqWepZ3tKhkbBjndZU4Ldk9scRPw83d,solana,7,2
2026-09-30T08:08:09.781778+00:00,HMzvsEEmtzHhvZNw9uwbaG85HCTmFnkbhzUx16cy7ca3,solana,8,2
2026-09-30T08:08:09.781778+00:00,DGvB8KyD79wFBJ7Kr7mW54qSfi7Yk3UrhJkcnTSd6frb,solana,9,2
2026-09-30T08:08:09.781778+00:00,HnhpJPJgBG2KwniMTNW8cVBHvk1hFog3RC3kjnyc23tD,solana,10,2
2026-09-30T08:08:09.781778+00:00,DxSBgaYreFNFxGu9TEC17n4Usq5jjy4Zf9djT7RBLrGf,solana,11,2
2026-09-30T08:08:09.781778+00:00,Atwk3wi3U2u87n6c7gNdmipHKQgwJRM2c1qLXR3Z8Dbj,solana,12,2
2026-09-30T08:08:09.781778+00:00,H2UTFeuwA6yQP2L3DegdvtA4wCCwLJjKwq2zXepzU1ae,solana,13,2
2026-09-30T08:08:09.781778+00:00,Q2sPHPdUWFMg7M7wwrQKLrn619cAucfRsmhVJffodSp,solana,14,2
2026-09-30T08:08:09.781778+00:00,2uF4Xh61rDwxnG9woyxsVQP7zuA6kLFpb3NvnRQeoiSd,solana,15,2
2026-09-30T08:08:09.781778+00:00,C7r9jXWiVYmBYR2Jj5YSLiEitUGJPjQXWeg7HPU8NwUk,solana,16,2
2026-09-30T08:08:09.781778+00:00,4JAnKFddd5fFTk5PxDj3PpTWJuTEfSWQEjZJcgKQ9KwW,solana,17,2
2026-09-30T08:08:09.781778+00:00,5zpyutJu9ee6jFymDGoK7F6S5Kczqtc9FomP3ueKuyA9,solana,18,2
2026-09-30T08:08:09.781778+00:00,DyVrHutNGpuGFgJzDxZVfpAUbUjo1XJdaN9aDLrfRj6P,solana,19,2
2026-09-30T08:08:09.781778+00:00,4R8CiMnJWDNoes3fQi1ccPFJygPXazaHaWpHrN3rZeNj,solana,20,2
2026-09-30T08:15:58.480473+00:00,B4VFURUHHzyt8YzBGBV9jiarBvjh1EbMAbRNBnNqaxUD,solana,1,2
2026-09-30T08:15:58.480473+00:00,9UqFNPpyCzjhJKWnEXBUxFSsgA6g9HLa8yU19mAmcUnE,solana,2,2
2026-09-30T08:15:58.480473+00:00,4zLRGHwKdXyaTovP8UkV66CskWgo9E7kAaGYcw1vFh7E,solana,3,2
2026-09-30T08:15:58.480473+00:00,zxTpi4BtaWX3mgdAPoezkMD1hxx8CdeCfrqXMWvSCLX,solana,4,2
2026-09-30T08:15:58.480473+00:00,6e3jZLtf4tQbWZm3f7A66jF8tfZn6MRQVrbDFgcNWarA,solana,5,2
2026-09-30T08:15:58.480473+00:00,AG1EhPjsBrkxQWkViuLXF6pQnHwfr9f9sdNneeoykcEJ,solana,6,2
2026-09-30T08:15:58.480473+00:00,8ewuF2o8ACro7fqWepZ3tKhkbBjndZU4Ldk9scRPw83d,solana,7,2
2026-09-30T08:15:58.480473+00:00,HMzvsEEmtzHhvZNw9uwbaG85HCTmFnkbhzUx16cy7ca3,solana,8,2
2026-09-30T08:15:58.480473+00:00,DGvB8KyD79wFBJ7Kr7mW54qSfi7Yk3UrhJkcnTSd6frb,solana,9,2
2026-09-30T08:15:58.480473+00:00,HnhpJPJgBG2KwniMTNW8cVBHvk1hFog3RC3kjnyc23tD,solana,10,2
2026-09-30T08:15:58.480473+00:00,DxSBgaYreFNFxGu9TEC17n4Usq5jjy4Zf9djT7RBLrGf,solana,11,2
2026-09-30T08:15:58.480473+00:00,Atwk3wi3U2u87n6c7gNdmipHKQgwJRM2c1qLXR3Z8Dbj,solana,12,2
2026-09-30T08:15:58.480473+00:00,H2UTFeuwA6yQP2L3DegdvtA4wCCwLJjKwq2zXepzU1ae,solana,13,2
2026-09-30T08:15:58.480473+00:00,Q2sPHPdUWFMg7M7wwrQKLrn619cAucfRsmhVJffodSp,solana,14,2
2026-09-30T08:15:58.480473+00:00,2uF4Xh61rDwxnG9woyxsVQP7zuA6kLFpb3NvnRQeoiSd,solana,15,2
2026-09-30T08:15:58.480473+00:00,C7r9jXWiVYmBYR2Jj5YSLiEitUGJPjQXWeg7HPU8NwUk,solana,16,2
2026-09-30T08:15:58.480473+00:00,5zpyutJu9ee6jFymDGoK7F6S5Kczqtc9FomP3ueKuyA9,solana,17,2
2026-09-30T08:15:58.480473+00:00,4JAnKFddd5fFTk5PxDj3PpTWJuTEfSWQEjZJcgKQ9KwW,solana,18,2
2026-09-30T08:15:58.480473+00:00,DyVrHutNGpuGFgJzDxZVfpAUbUjo1XJdaN9aDLrfRj6P,solana,19,2
2026-09-30T08:15:58.480473+00:00,4R8CiMnJWDNoes3fQi1ccPFJygPXazaHaWpHrN3rZeNj,solana,20,2
2026-09-30T08:24:21.568733+00:00,B4VFURUHHzyt8YzBGBV9jiarBvjh1EbMAbRNBnNqaxUD,solana,1,2
2026-09-30T08:24:21.568733+00:00,9UqFNPpyCzjhJKWnEXBUxFSsgA6g9HLa8yU19mAmcUnE,solana,2,2
2026-09-30T08:24:21.568733+00:00,4zLRGHwKdXyaTovP8UkV66CskWgo9E7kAaGYcw1vFh7E,solana,3,2
2026-09-30T08:24:21.568733+00:00,zxTpi4BtaWX3mgdAPoezkMD1hxx8CdeCfrqXMWvSCLX,solana,4,2
2026-09-30T08:24:21.568733+00:00,6e3jZLtf4tQbWZm3f7A66jF8tfZn6MRQVrbDFgcNWarA,solana,5,2
2026-09-30T08:24:21.568733+00:00,AG1EhPjsBrkxQWkViuLXF6pQnHwfr9f9sdNneeoykcEJ,solana,6,2
2026-09-30T08:24:21.568733+00:00,8ewuF2o8ACro7fqWepZ3tKhkbBjndZU4Ldk9scRPw83d,solana,7,2
2026-09-30T08:24:21.568733+00:00,HMzvsEEmtzHhvZNw9uwbaG85HCTmFnkbhzUx16cy7ca3,solana,8,2
2026-09-30T08:24:21.568733+00:00,DGvB8KyD79wFBJ7Kr7mW54qSfi7Yk3UrhJkcnTSd6frb,solana,9,2
2026-09-30T08:24:21.568733+00:00,Atwk3wi3U2u87n6c7gNdmipHKQgwJRM2c1qLXR3Z8Dbj,solana,10,2
2026-09-30T08:24:21.568733+00:00,HnhpJPJgBG2KwniMTNW8cVBHvk1hFog3RC3kjnyc23tD,solana,11,2
2026-09-30T08:24:21.568733+00:00,DxSBgaYreFNFxGu9TEC17n4Usq5jjy4Zf9djT7RBLrGf,solana,12,2
2026-09-30T08:24:21.568733+00:00,H2UTFeuwA6yQP2L3DegdvtA4wCCwLJjKwq2zXepzU1ae,solana,13,2
2026-09-30T08:24:21.568733+00:00,Q2sPHPdUWFMg7M7wwrQKLrn619cAucfRsmhVJffodSp,solana,14,2
2026-09-30T08:24:21.568733+00:00,2uF4Xh61rDwxnG9woyxsVQP7zuA6kLFpb3NvnRQeoiSd,solana,15,2
2026-09-30T08:24:21.568733+00:00,C7r9jXWiVYmBYR2Jj5YSLiEitUGJPjQXWeg7HPU8NwUk,solana,16,2
2026-09-30T08:24:21.568733+00:00,5zpyutJu9ee6jFymDGoK7F6S5Kczqtc9FomP3ueKuyA9,solana,17,2
2026-09-30T08:24:21.568733+00:00,4JAnKFddd5fFTk5PxDj3PpTWJuTEfSWQEjZJcgKQ9KwW,solana,18,2
2026-09-30T08:24:21.568733+00:00,DyVrHutNGpuGFgJzDxZVfpAUbUjo1XJdaN9aDLrfRj6P,solana,19,2
2026-09-30T08:24:21.568733+00:00,4R8CiMnJWDNoes3fQi1ccPFJygPXazaHaWpHrN3rZeNj,solana,20,2
2026-09-30T08:32:25.137724+00:00,B4VFURUHHzyt8YzBGBV9jiarBvjh1EbMAbRNBnNqaxUD,solana,1,2
2026-09-30T08:32:25.137724+00:00,9UqFNPpyCzjhJKWnEXBUxFSsgA6g9HLa8yU19mAmcUnE,solana,2,2
2026-09-30T08:32:25.137724+00:00,4zLRGHwKdXyaTovP8UkV66CskWgo9E7kAaGYcw1vFh7E,solana,3,2
2026-09-30T08:32:25.137724+00:00,zxTpi4BtaWX3mgdAPoezkMD1hxx8CdeCfrqXMWvSCLX,solana,4,2
2026-09-30T08:32:25.137724+00:00,6e3jZLtf4tQbWZm3f7A66jF8tfZn6MRQVrbDFgcNWarA,solana,5,2
2026-09-30T08:32:25.137724+00:00,AG1EhPjsBrkxQWkViuLXF6pQnHwfr9f9sdNneeoykcEJ,solana,6,2
2026-09-30T08:32:25.137724+00:00,8ewuF2o8ACro7fqWepZ3tKhkbBjndZU4Ldk9scRPw83d,solana,7,2
2026-09-30T08:32:25.137724+00:00,HMzvsEEmtzHhvZNw9uwbaG85HCTmFnkbhzUx16cy7ca3,solana,8,2
2026-09-30T08:32:25.137724+00:00,DGvB8KyD79wFBJ7Kr7mW54qSfi7Yk3UrhJkcnTSd6frb,solana,9,2
2026-09-30T08:32:25.137724+00:00,Atwk3wi3U2u87n6c7gNdmipHKQgwJRM2c1qLXR3Z8Dbj,solana,10,2
2026-09-30T08:32:25.137724+00:00,HnhpJPJgBG2KwniMTNW8cVBHvk1hFog3RC3kjnyc23tD,solana,11,2
2026-09-30T08:32:25.137724+00:00,DxSBgaYreFNFxGu9TEC17n4Usq5jjy4Zf9djT7RBLrGf,solana,12,2
2026-09-30T08:32:25.137724+00:00,H2UTFeuwA6yQP2L3DegdvtA4wCCwLJjKwq2zXepzU1ae,solana,13,2
2026-09-30T08:32:25.137724+00:00,Q2sPHPdUWFMg7M7wwrQKLrn619cAucfRsmhVJffodSp,solana,14,2
2026-09-30T08:32:25.137724+00:00,2uF4Xh61rDwxnG9woyxsVQP7zuA6kLFpb3NvnRQeoiSd,solana,15,2
2026-09-30T08:32:25.137724+00:00,C7r9jXWiVYmBYR2Jj5YSLiEitUGJPjQXWeg7HPU8NwUk,solana,16,2
2026-09-30T08:32:25.137724+00:00,5zpyutJu9ee6jFymDGoK7F6S5Kczqtc9FomP3ueKuyA9,solana,17,2
2026-09-30T08:32:25.137724+00:00,4JAnKFddd5fFTk5PxDj3PpTWJuTEfSWQEjZJcgKQ9KwW,solana,18,2
2026-09-30T08:32:25.137724+00:00,DyVrHutNGpuGFgJzDxZVfpAUbUjo1XJdaN9aDLrfRj6P,solana,19,2
2026-09-30T08:32:25.137724+00:00,4R8CiMnJWDNoes3fQi1ccPFJygPXazaHaWpHrN3rZeNj,solana,20,2
2026-09-30T08:40:43.535908+00:00,B4VFURUHHzyt8YzBGBV9jiarBvjh1EbMAbRNBnNqaxUD,solana,1,2
2026-09-30T08:40:43.535908+00:00,9UqFNPpyCzjhJKWnEXBUxFSsgA6g9HLa8yU19mAmcUnE,solana,2,2
2026-09-30T08:40:43.535908+00:00,4zLRGHwKdXyaTovP8UkV66CskWgo9E7kAaGYcw1vFh7E,solana,3,2
2026-09-30T08:40:43.535908+00:00,zxTpi4BtaWX3mgdAPoezkMD1hxx8CdeCfrqXMWvSCLX,solana,4,2
2026-09-30T08:40:43.535908+00:00,6e3jZLtf4tQbWZm3f7A66jF8tfZn6MRQVrbDFgcNWarA,solana,5,2
2026-09-30T08:40:43.535908+00:00,AG1EhPjsBrkxQWkViuLXF6pQnHwfr9f9sdNneeoykcEJ,solana,6,2
2026-09-30T08:40:43.535908+00:00,8ewuF2o8ACro7fqWepZ3tKhkbBjndZU4Ldk9scRPw83d,solana,7,2
2026-09-30T08:40:43.535908+00:00,HMzvsEEmtzHhvZNw9uwbaG85HCTmFnkbhzUx16cy7ca3,solana,8,2
2026-09-30T08:40:43.535908+00:00,DGvB8KyD79wFBJ7Kr7mW54qSfi7Yk3UrhJkcnTSd6frb,solana,9,2
2026-09-30T08:40:43.535908+00:00,Atwk3wi3U2u87n6c7gNdmipHKQgwJRM2c1qLXR3Z8Dbj,solana,10,2
2026-09-30T08:40:43.535908+00:00,HnhpJPJgBG2KwniMTNW8cVBHvk1hFog3RC3kjnyc23tD,solana,11,2
2026-09-30T08:40:43.535908+00:00,DxSBgaYreFNFxGu9TEC17n4Usq5jjy4Zf9djT7RBLrGf,solana,12,2
2026-09-30T08:40:43.535908+00:00,H2UTFeuwA6yQP2L3DegdvtA4wCCwLJjKwq2zXepzU1ae,solana,13,2
2026-09-30T08:40:43.535908+00:00,Q2sPHPdUWFMg7M7wwrQKLrn619cAucfRsmhVJffodSp,solana,14,2
2026-09-30T08:40:43.535908+00:00,2uF4Xh61rDwxnG9woyxsVQP7zuA6kLFpb3NvnRQeoiSd,solana,15,2
2026-09-30T08:40:43.535908+00:00,C7r9jXWiVYmBYR2Jj5YSLiEitUGJPjQXWeg7HPU8NwUk,solana,16,2
2026-09-30T08:40:43.535908+00:00,5zpyutJu9ee6jFymDGoK7F6S5Kczqtc9FomP3ueKuyA9,solana,17,2
2026-09-30T08:40:43.535908+00:00,4JAnKFddd5fFTk5PxDj3PpTWJuTEfSWQEjZJcgKQ9KwW,solana,18,2
2026-09-30T08:40:43.535908+00:00,DyVrHutNGpuGFgJzDxZVfpAUbUjo1XJdaN9aDLrfRj6P,solana,19,2
2026-09-30T08:40:43.535908+00:00,4R8CiMnJWDNoes3fQi1ccPFJygPXazaHaWpHrN3rZeNj,solana,20,2
2026-09-30T08:49:26.883711+00:00,B4VFURUHHzyt8YzBGBV9jiarBvjh1EbMAbRNBnNqaxUD,solana,1,2
2026-09-30T08:49:26.883711+00:00,9UqFNPpyCzjhJKWnEXBUxFSsgA6g9HLa8yU19mAmcUnE,solana,2,2
2026-09-30T08:49:26.883711+00:00,4zLRGHwKdXyaTovP8UkV66CskWgo9E7kAaGYcw1vFh7E,solana,3,2
2026-09-30T08:49:26.883711+00:00,zxTpi4BtaWX3mgdAPoezkMD1hxx8CdeCfrqXMWvSCLX,solana,4,2
2026-09-30T08:49:26.883711+00:00,6e3jZLtf4tQbWZm3f7A66jF8tfZn6MRQVrbDFgcNWarA,solana,5,2
2026-09-30T08:49:26.883711+00:00,AG1EhPjsBrkxQWkViuLXF6pQnHwfr9f9sdNneeoykcEJ,solana,6,2
2026-09-30T08:49:26.883711+00:00,8ewuF2o8ACro7fqWepZ3tKhkbBjndZU4Ldk9scRPw83d,solana,7,2
2026-09-30T08:49:26.883711+00:00,HMzvsEEmtzHhvZNw9uwbaG85HCTmFnkbhzUx16cy7ca3,solana,8,2
2026-09-30T08:49:26.883711+00:00,DGvB8KyD79wFBJ7Kr7mW54qSfi7Yk3UrhJkcnTSd6frb,solana,9,2
2026-09-30T08:49:26.883711+00:00,Atwk3wi3U2u87n6c7gNdmipHKQgwJRM2c1qLXR3Z8Dbj,solana,10,2
2026-09-30T08:49:26.883711+00:00,HnhpJPJgBG2KwniMTNW8cVBHvk1hFog3RC3kjnyc23tD,solana,11,2
2026-09-30T08:49:26.883711+00:00,DxSBgaYreFNFxGu9TEC17n4Usq5jjy4Zf9djT7RBLrGf,solana,12,2
2026-09-30T08:49:26.883711+00:00,H2UTFeuwA6yQP2L3DegdvtA4wCCwLJjKwq2zXepzU1ae,solana,13,2
2026-09-30T08:49:26.883711+00:00,Q2sPHPdUWFMg7M7wwrQKLrn619cAucfRsmhVJffodSp,solana,14,2
2026-09-30T08:49:26.883711+00:00,2uF4Xh61rDwxnG9woyxsVQP7zuA6kLFpb3NvnRQeoiSd,solana,15,2
2026-09-30T08:49:26.883711+00:00,C7r9jXWiVYmBYR2Jj5YSLiEitUGJPjQXWeg7HPU8NwUk,solana,16,2
2026-09-30T08:49:26.883711+00:00,5zpyutJu9ee6jFymDGoK7F6S5Kczqtc9FomP3ueKuyA9,solana,17,2
2026-09-30T08:49:26.883711+00:00,4JAnKFddd5fFTk5PxDj3PpTWJuTEfSWQEjZJcgKQ9KwW,solana,18,2
2026-09-30T08:49:26.883711+00:00,DyVrHutNGpuGFgJzDxZVfpAUbUjo1XJdaN9aDLrfRj6P,solana,19,2
2026-09-30T08:49:26.883711+00:00,4R8CiMnJWDNoes3fQi1ccPFJygPXazaHaWpHrN3rZeNj,solana,20,2
2026-09-30T08:57:23.281867+00:00,B4VFURUHHzyt8YzBGBV9jiarBvjh1EbMAbRNBnNqaxUD,solana,1,2
2026-09-30T08:57:23.281867+00:00,9UqFNPpyCzjhJKWnEXBUxFSsgA6g9HLa8yU19mAmcUnE,solana,2,2
2026-09-30T08:57:23.281867+00:00,4zLRGHwKdXyaTovP8UkV66CskWgo9E7kAaGYcw1vFh7E,solana,3,2
2026-09-30T08:57:23.281867+00:00,zxTpi4BtaWX3mgdAPoezkMD1hxx8CdeCfrqXMWvSCLX,solana,4,2
2026-09-30T08:57:23.281867+00:00,6e3jZLtf4tQbWZm3f7A66jF8tfZn6MRQVrbDFgcNWarA,solana,5,2
2026-09-30T08:57:23.281867+00:00,AG1EhPjsBrkxQWkViuLXF6pQnHwfr9f9sdNneeoykcEJ,solana,6,2
2026-09-30T08:57:23.281867+00:00,8ewuF2o8ACro7fqWepZ3tKhkbBjndZU4Ldk9scRPw83d,solana,7,2
2026-09-30T08:57:23.281867+00:00,HMzvsEEmtzHhvZNw9uwbaG85HCTmFnkbhzUx16cy7ca3,solana,8,2
2026-09-30T08:57:23.281867+00:00,DGvB8KyD79wFBJ7Kr7mW54qSfi7Yk3UrhJkcnTSd6frb,solana,9,2
2026-09-30T08:57:23.281867+00:00,Atwk3wi3U2u87n6c7gNdmipHKQgwJRM2c1qLXR3Z8Dbj,solana,10,2
2026-09-30T08:57:23.281867+00:00,HnhpJPJgBG2KwniMTNW8cVBHvk1hFog3RC3kjnyc23tD,solana,11,2
2026-09-30T08:57:23.281867+00:00,DxSBgaYreFNFxGu9TEC17n4Usq5jjy4Zf9djT7RBLrGf,solana,12,2
2026-09-30T08:57:23.281867+00:00,H2UTFeuwA6yQP2L3DegdvtA4wCCwLJjKwq2zXepzU1ae,solana,13,2
2026-09-30T08:57:23.281867+00:00,Q2sPHPdUWFMg7M7wwrQKLrn619cAucfRsmhVJffodSp,solana,14,2
2026-09-30T08:57:23.281867+00:00,2uF4Xh61rDwxnG9woyxsVQP7zuA6kLFpb3NvnRQeoiSd,solana,15,2
2026-09-30T08:57:23.281867+00:00,C7r9jXWiVYmBYR2Jj5YSLiEitUGJPjQXWeg7HPU8NwUk,solana,16,2
2026-09-30T08:57:23.281867+00:00,5zpyutJu9ee6jFymDGoK7F6S5Kczqtc9FomP3ueKuyA9,solana,17,2
2026-09-30T08:57:23.281867+00:00,4JAnKFddd5fFTk5PxDj3PpTWJuTEfSWQEjZJcgKQ9KwW,solana,18,2
2026-09-30T08:57:23.281867+00:00,DyVrHutNGpuGFgJzDxZVfpAUbUjo1XJdaN9aDLrfRj6P,solana,19,2
2026-09-30T08:57:23.281867+00:00,4R8CiMnJWDNoes3fQi1ccPFJygPXazaHaWpHrN3rZeNj,solana,20,2
2026-09-30T09:05:14.610591+00:00,B4VFURUHHzyt8YzBGBV9jiarBvjh1EbMAbRNBnNqaxUD,solana,1,2
2026-09-30T09:05:14.610591+00:00,9UqFNPpyCzjhJKWnEXBUxFSsgA6g9HLa8yU19mAmcUnE,solana,2,2
2026-09-30T09:05:14.610591+00:00,4zLRGHwKdXyaTovP8UkV66CskWgo9E7kAaGYcw1vFh7E,solana,3,2
2026-09-30T09:05:14.610591+00:00,6e3jZLtf4tQbWZm3f7A66jF8tfZn6MRQVrbDFgcNWarA,solana,4,2
2026-09-30T09:05:14.610591+00:00,zxTpi4BtaWX3mgdAPoezkMD1hxx8CdeCfrqXMWvSCLX,solana,5,2
2026-09-30T09:05:14.610591+00:00,AG1EhPjsBrkxQWkViuLXF6pQnHwfr9f9sdNneeoykcEJ,solana,6,2
2026-09-30T09:05:14.610591+00:00,DGvB8KyD79wFBJ7Kr7mW54qSfi7Yk3UrhJkcnTSd6frb,solana,7,2
2026-09-30T09:05:14.610591+00:00,HMzvsEEmtzHhvZNw9uwbaG85HCTmFnkbhzUx16cy7ca3,solana,8,2
2026-09-30T09:05:14.610591+00:00,8ewuF2o8ACro7fqWepZ3tKhkbBjndZU4Ldk9scRPw83d,solana,9,2
2026-09-30T09:05:14.610591+00:00,Atwk3wi3U2u87n6c7gNdmipHKQgwJRM2c1qLXR3Z8Dbj,solana,10,2
2026-09-30T09:05:14.610591+00:00,HnhpJPJgBG2KwniMTNW8cVBHvk1hFog3RC3kjnyc23tD,solana,11,2
2026-09-30T09:05:14.610591+00:00,DxSBgaYreFNFxGu9TEC17n4Usq5jjy4Zf9djT7RBLrGf,solana,12,2
2026-09-30T09:05:14.610591+00:00,H2UTFeuwA6yQP2L3DegdvtA4wCCwLJjKwq2zXepzU1ae,solana,13,2
2026-09-30T09:05:14.610591+00:00,2uF4Xh61rDwxnG9woyxsVQP7zuA6kLFpb3NvnRQeoiSd,solana,14,2
2026-09-30T09:05:14.610591+00:00,Q2sPHPdUWFMg7M7wwrQKLrn619cAucfRsmhVJffodSp,solana,15,2
2026-09-30T09:05:14.610591+00:00,5zpyutJu9ee6jFymDGoK7F6S5Kczqtc9FomP3ueKuyA9,solana,16,2
2026-09-30T09:05:14.610591+00:00,4JAnKFddd5fFTk5PxDj3PpTWJuTEfSWQEjZJcgKQ9KwW,solana,17,2
2026-09-30T09:05:14.610591+00:00,DyVrHutNGpuGFgJzDxZVfpAUbUjo1XJdaN9aDLrfRj6P,solana,18,2
2026-09-30T09:05:14.610591+00:00,C7r9jXWiVYmBYR2Jj5YSLiEitUGJPjQXWeg7HPU8NwUk,solana,19,2
2026-09-30T09:05:14.610591+00:00,6e7V9eegCHw997T72MxgwwJipZ6GJyZF8NvjkzT1rvpN,solana,20,2
2026-09-30T09:13:43.271707+00:00,B4VFURUHHzyt8YzBGBV9jiarBvjh1EbMAbRNBnNqaxUD,solana,1,2
2026-09-30T09:13:43.271707+00:00,9UqFNPpyCzjhJKWnEXBUxFSsgA6g9HLa8yU19mAmcUnE,solana,2,2
2026-09-30T09:13:43.271707+00:00,4zLRGHwKdXyaTovP8UkV66CskWgo9E7kAaGYcw1vFh7E,solana,3,2
2026-09-30T09:13:43.271707+00:00,6e3jZLtf4tQbWZm3f7A66jF8tfZn6MRQVrbDFgcNWarA,solana,4,2
2026-09-30T09:13:43.271707+00:00,zxTpi4BtaWX3mgdAPoezkMD1hxx8CdeCfrqXMWvSCLX,solana,5,2
2026-09-30T09:13:43.271707+00:00,AG1EhPjsBrkxQWkViuLXF6pQnHwfr9f9sdNneeoykcEJ,solana,6,2
2026-09-30T09:13:43.271707+00:00,HMzvsEEmtzHhvZNw9uwbaG85HCTmFnkbhzUx16cy7ca3,solana,7,2
2026-09-30T09:13:43.271707+00:00,8ewuF2o8ACro7fqWepZ3tKhkbBjndZU4Ldk9scRPw83d,solana,8,2
2026-09-30T09:13:43.271707+00:00,Atwk3wi3U2u87n6c7gNdmipHKQgwJRM2c1qLXR3Z8Dbj,solana,9,2
2026-09-30T09:13:43.271707+00:00,HnhpJPJgBG2KwniMTNW8cVBHvk1hFog3RC3kjnyc23tD,solana,10,2
2026-09-30T09:13:43.271707+00:00,DGvB8KyD79wFBJ7Kr7mW54qSfi7Yk3UrhJkcnTSd6frb,solana,11,2
2026-09-30T09:13:43.271707+00:00,DxSBgaYreFNFxGu9TEC17n4Usq5jjy4Zf9djT7RBLrGf,solana,12,2
2026-09-30T09:13:43.271707+00:00,H2UTFeuwA6yQP2L3DegdvtA4wCCwLJjKwq2zXepzU1ae,solana,13,2
2026-09-30T09:13:43.271707+00:00,2uF4Xh61rDwxnG9woyxsVQP7zuA6kLFpb3NvnRQeoiSd,solana,14,2
2026-09-30T09:13:43.271707+00:00,Q2sPHPdUWFMg7M7wwrQKLrn619cAucfRsmhVJffodSp,solana,15,2
2026-09-30T09:13:43.271707+00:00,5zpyutJu9ee6jFymDGoK7F6S5Kczqtc9FomP3ueKuyA9,solana,16,2
2026-09-30T09:13:43.271707+00:00,4JAnKFddd5fFTk5PxDj3PpTWJuTEfSWQEjZJcgKQ9KwW,solana,17,2
2026-09-30T09:13:43.271707+00:00,DyVrHutNGpuGFgJzDxZVfpAUbUjo1XJdaN9aDLrfRj6P,solana,18,2
2026-09-30T09:13:43.271707+00:00,C7r9jXWiVYmBYR2Jj5YSLiEitUGJPjQXWeg7HPU8NwUk,solana,19,2
2026-09-30T09:13:43.271707+00:00,6e7V9eegCHw997T72MxgwwJipZ6GJyZF8NvjkzT1rvpN,solana,20,2
2026-09-30T09:22:06.138214+00:00,B4VFURUHHzyt8YzBGBV9jiarBvjh1EbMAbRNBnNqaxUD,solana,1,2
2026-09-30T09:22:06.138214+00:00,9UqFNPpyCzjhJKWnEXBUxFSsgA6g9HLa8yU19mAmcUnE,solana,2,2
2026-09-30T09:22:06.138214+00:00,4zLRGHwKdXyaTovP8UkV66CskWgo9E7kAaGYcw1vFh7E,solana,3,2
2026-09-30T09:22:06.138214+00:00,6e3jZLtf4tQbWZm3f7A66jF8tfZn6MRQVrbDFgcNWarA,solana,4,2
2026-09-30T09:22:06.138214+00:00,zxTpi4BtaWX3mgdAPoezkMD1hxx8CdeCfrqXMWvSCLX,solana,5,2
2026-09-30T09:22:06.138214+00:00,AG1EhPjsBrkxQWkViuLXF6pQnHwfr9f9sdNneeoykcEJ,solana,6,2
2026-09-30T09:22:06.138214+00:00,HMzvsEEmtzHhvZNw9uwbaG85HCTmFnkbhzUx16cy7ca3,solana,7,2
2026-09-30T09:22:06.138214+00:00,8ewuF2o8ACro7fqWepZ3tKhkbBjndZU4Ldk9scRPw83d,solana,8,2
2026-09-30T09:22:06.138214+00:00,DGvB8KyD79wFBJ7Kr7mW54qSfi7Yk3UrhJkcnTSd6frb,solana,9,2
2026-09-30T09:22:06.138214+00:00,Atwk3wi3U2u87n6c7gNdmipHKQgwJRM2c1qLXR3Z8Dbj,solana,10,2
2026-09-30T09:22:06.138214+00:00,HnhpJPJgBG2KwniMTNW8cVBHvk1hFog3RC3kjnyc23tD,solana,11,2
2026-09-30T09:22:06.138214+00:00,DxSBgaYreFNFxGu9TEC17n4Usq5jjy4Zf9djT7RBLrGf,solana,12,2
2026-09-30T09:22:06.138214+00:00,H2UTFeuwA6yQP2L3DegdvtA4wCCwLJjKwq2zXepzU1ae,solana,13,2
2026-09-30T09:22:06.138214+00:00,2uF4Xh61rDwxnG9woyxsVQP7zuA6kLFpb3NvnRQeoiSd,solana,14,2
2026-09-30T09:22:06.138214+00:00,Q2sPHPdUWFMg7M7wwrQKLrn619cAucfRsmhVJffodSp,solana,15,2
2026-09-30T09:22:06.138214+00:00,5zpyutJu9ee6jFymDGoK7F6S5Kczqtc9FomP3ueKuyA9,solana,16,2
2026-09-30T09:22:06.138214+00:00,4JAnKFddd5fFTk5PxDj3PpTWJuTEfSWQEjZJcgKQ9KwW,solana,17,2
2026-09-30T09:22:06.138214+00:00,DyVrHutNGpuGFgJzDxZVfpAUbUjo1XJdaN9aDLrfRj6P,solana,18,2
2026-09-30T09:22:06.138214+00:00,C7r9jXWiVYmBYR2Jj5YSLiEitUGJPjQXWeg7HPU8NwUk,solana,19,2
2026-09-30T09:22:06.138214+00:00,6e7V9eegCHw997T72MxgwwJipZ6GJyZF8NvjkzT1rvpN,solana,20,2
2026-09-30T09:30:41.004042+00:00,B4VFURUHHzyt8YzBGBV9jiarBvjh1EbMAbRNBnNqaxUD,solana,1,2
2026-09-30T09:30:41.004042+00:00,9UqFNPpyCzjhJKWnEXBUxFSsgA6g9HLa8yU19mAmcUnE,solana,2,2
2026-09-30T09:30:41.004042+00:00,4zLRGHwKdXyaTovP8UkV66CskWgo9E7kAaGYcw1vFh7E,solana,3,2
2026-09-30T09:30:41.004042+00:00,6e3jZLtf4tQbWZm3f7A66jF8tfZn6MRQVrbDFgcNWarA,solana,4,2
2026-09-30T09:30:41.004042+00:00,zxTpi4BtaWX3mgdAPoezkMD1hxx8CdeCfrqXMWvSCLX,solana,5,2
2026-09-30T09:30:41.004042+00:00,AG1EhPjsBrkxQWkViuLXF6pQnHwfr9f9sdNneeoykcEJ,solana,6,2
2026-09-30T09:30:41.004042+00:00,DGvB8KyD79wFBJ7Kr7mW54qSfi7Yk3UrhJkcnTSd6frb,solana,7,2
2026-09-30T09:30:41.004042+00:00,8ewuF2o8ACro7fqWepZ3tKhkbBjndZU4Ldk9scRPw83d,solana,8,2
2026-09-30T09:30:41.004042+00:00,HMzvsEEmtzHhvZNw9uwbaG85HCTmFnkbhzUx16cy7ca3,solana,9,2
2026-09-30T09:30:41.004042+00:00,Atwk3wi3U2u87n6c7gNdmipHKQgwJRM2c1qLXR3Z8Dbj,solana,10,2
2026-09-30T09:30:41.004042+00:00,HnhpJPJgBG2KwniMTNW8cVBHvk1hFog3RC3kjnyc23tD,solana,11,2
2026-09-30T09:30:41.004042+00:00,DxSBgaYreFNFxGu9TEC17n4Usq5jjy4Zf9djT7RBLrGf,solana,12,2
2026-09-30T09:30:41.004042+00:00,H2UTFeuwA6yQP2L3DegdvtA4wCCwLJjKwq2zXepzU1ae,solana,13,2
2026-09-30T09:30:41.004042+00:00,2uF4Xh61rDwxnG9woyxsVQP7zuA6kLFpb3NvnRQeoiSd,solana,14,2
2026-09-30T09:30:41.004042+00:00,Q2sPHPdUWFMg7M7wwrQKLrn619cAucfRsmhVJffodSp,solana,15,2
2026-09-30T09:30:41.004042+00:00,5zpyutJu9ee6jFymDGoK7F6S5Kczqtc9FomP3ueKuyA9,solana,16,2
2026-09-30T09:30:41.004042+00:00,4JAnKFddd5fFTk5PxDj3PpTWJuTEfSWQEjZJcgKQ9KwW,solana,17,2
2026-09-30T09:30:41.004042+00:00,DyVrHutNGpuGFgJzDxZVfpAUbUjo1XJdaN9aDLrfRj6P,solana,18,2
2026-09-30T09:30:41.004042+00:00,C7r9jXWiVYmBYR2Jj5YSLiEitUGJPjQXWeg7HPU8NwUk,solana,19,2
2026-09-30T09:30:41.004042+00:00,6e7V9eegCHw997T72MxgwwJipZ6GJyZF8NvjkzT1rvpN,solana,20,2
2026-09-30T09:38:46.733408+00:00,B4VFURUHHzyt8YzBGBV9jiarBvjh1EbMAbRNBnNqaxUD,solana,1,2
2026-09-30T09:38:46.733408+00:00,9UqFNPpyCzjhJKWnEXBUxFSsgA6g9HLa8yU19mAmcUnE,solana,2,2
2026-09-30T09:38:46.733408+00:00,4zLRGHwKdXyaTovP8UkV66CskWgo9E7kAaGYcw1vFh7E,solana,3,2
2026-09-30T09:38:46.733408+00:00,6e3jZLtf4tQbWZm3f7A66jF8tfZn6MRQVrbDFgcNWarA,solana,4,2
2026-09-30T09:38:46.733408+00:00,zxTpi4BtaWX3mgdAPoezkMD1hxx8CdeCfrqXMWvSCLX,solana,5,2
2026-09-30T09:38:46.733408+00:00,AG1EhPjsBrkxQWkViuLXF6pQnHwfr9f9sdNneeoykcEJ,solana,6,2
2026-09-30T09:38:46.733408+00:00,HMzvsEEmtzHhvZNw9uwbaG85HCTmFnkbhzUx16cy7ca3,solana,7,2
2026-09-30T09:38:46.733408+00:00,8ewuF2o8ACro7fqWepZ3tKhkbBjndZU4Ldk9scRPw83d,solana,8,2
2026-09-30T09:38:46.733408+00:00,DGvB8KyD79wFBJ7Kr7mW54qSfi7Yk3UrhJkcnTSd6frb,solana,9,2
2026-09-30T09:38:46.733408+00:00,HnhpJPJgBG2KwniMTNW8cVBHvk1hFog3RC3kjnyc23tD,solana,10,2
2026-09-30T09:38:46.733408+00:00,Atwk3wi3U2u87n6c7gNdmipHKQgwJRM2c1qLXR3Z8Dbj,solana,11,2
2026-09-30T09:38:46.733408+00:00,DxSBgaYreFNFxGu9TEC17n4Usq5jjy4Zf9djT7RBLrGf,solana,12,2
2026-09-30T09:38:46.733408+00:00,H2UTFeuwA6yQP2L3DegdvtA4wCCwLJjKwq2zXepzU1ae,solana,13,2
2026-09-30T09:38:46.733408+00:00,2uF4Xh61rDwxnG9woyxsVQP7zuA6kLFpb3NvnRQeoiSd,solana,14,2
2026-09-30T09:38:46.733408+00:00,Q2sPHPdUWFMg7M7wwrQKLrn619cAucfRsmhVJffodSp,solana,15,2
2026-09-30T09:38:46.733408+00:00,5zpyutJu9ee6jFymDGoK7F6S5Kczqtc9FomP3ueKuyA9,solana,16,2
2026-09-30T09:38:46.733408+00:00,4JAnKFddd5fFTk5PxDj3PpTWJuTEfSWQEjZJcgKQ9KwW,solana,17,2
2026-09-30T09:38:46.733408+00:00,DyVrHutNGpuGFgJzDxZVfpAUbUjo1XJdaN9aDLrfRj6P,solana,18,2
2026-09-30T09:38:46.733408+00:00,C7r9jXWiVYmBYR2Jj5YSLiEitUGJPjQXWeg7HPU8NwUk,solana,19,2
2026-09-30T09:38:46.733408+00:00,6e7V9eegCHw997T72MxgwwJipZ6GJyZF8NvjkzT1rvpN,solana,20,2
2026-09-30T09:47:01.885680+00:00,B4VFURUHHzyt8YzBGBV9jiarBvjh1EbMAbRNBnNqaxUD,solana,1,2
2026-09-30T09:47:01.885680+00:00,9UqFNPpyCzjhJKWnEXBUxFSsgA6g9HLa8yU19mAmcUnE,solana,2,2
2026-09-30T09:47:01.885680+00:00,4zLRGHwKdXyaTovP8UkV66CskWgo9E7kAaGYcw1vFh7E,solana,3,2
2026-09-30T09:47:01.885680+00:00,6e3jZLtf4tQbWZm3f7A66jF8tfZn6MRQVrbDFgcNWarA,solana,4,2
2026-09-30T09:47:01.885680+00:00,zxTpi4BtaWX3mgdAPoezkMD1hxx8CdeCfrqXMWvSCLX,solana,5,2
2026-09-30T09:47:01.885680+00:00,AG1EhPjsBrkxQWkViuLXF6pQnHwfr9f9sdNneeoykcEJ,solana,6,2
2026-09-30T09:47:01.885680+00:00,HMzvsEEmtzHhvZNw9uwbaG85HCTmFnkbhzUx16cy7ca3,solana,7,2
2026-09-30T09:47:01.885680+00:00,8ewuF2o8ACro7fqWepZ3tKhkbBjndZU4Ldk9scRPw83d,solana,8,2
2026-09-30T09:47:01.885680+00:00,DGvB8KyD79wFBJ7Kr7mW54qSfi7Yk3UrhJkcnTSd6frb,solana,9,2
2026-09-30T09:47:01.885680+00:00,Atwk3wi3U2u87n6c7gNdmipHKQgwJRM2c1qLXR3Z8Dbj,solana,10,2
2026-09-30T09:47:01.885680+00:00,HnhpJPJgBG2KwniMTNW8cVBHvk1hFog3RC3kjnyc23tD,solana,11,2
2026-09-30T09:47:01.885680+00:00,DxSBgaYreFNFxGu9TEC17n4Usq5jjy4Zf9djT7RBLrGf,solana,12,2
2026-09-30T09:47:01.885680+00:00,H2UTFeuwA6yQP2L3DegdvtA4wCCwLJjKwq2zXepzU1ae,solana,13,2
2026-09-30T09:47:01.885680+00:00,2uF4Xh61rDwxnG9woyxsVQP7zuA6kLFpb3NvnRQeoiSd,solana,14,2
2026-09-30T09:47:01.885680+00:00,Q2sPHPdUWFMg7M7wwrQKLrn619cAucfRsmhVJffodSp,solana,15,2
2026-09-30T09:47:01.885680+00:00,5zpyutJu9ee6jFymDGoK7F6S5Kczqtc9FomP3ueKuyA9,solana,16,2
2026-09-30T09:47:01.885680+00:00,4JAnKFddd5fFTk5PxDj3PpTWJuTEfSWQEjZJcgKQ9KwW,solana,17,2
2026-09-30T09:47:01.885680+00:00,DyVrHutNGpuGFgJzDxZVfpAUbUjo1XJdaN9aDLrfRj6P,solana,18,2
2026-09-30T09:47:01.885680+00:00,C7r9jXWiVYmBYR2Jj5YSLiEitUGJPjQXWeg7HPU8NwUk,solana,19,2
2026-09-30T09:47:01.885680+00:00,6e7V9eegCHw997T72MxgwwJipZ6GJyZF8NvjkzT1rvpN,solana,20,2
2026-09-30T09:55:06.202518+00:00,B4VFURUHHzyt8YzBGBV9jiarBvjh1EbMAbRNBnNqaxUD,solana,1,2
2026-09-30T09:55:06.202518+00:00,9UqFNPpyCzjhJKWnEXBUxFSsgA6g9HLa8yU19mAmcUnE,solana,2,2
2026-09-30T09:55:06.202518+00:00,4zLRGHwKdXyaTovP8UkV66CskWgo9E7kAaGYcw1vFh7E,solana,3,2
2026-09-30T09:55:06.202518+00:00,6e3jZLtf4tQbWZm3f7A66jF8tfZn6MRQVrbDFgcNWarA,solana,4,2
2026-09-30T09:55:06.202518+00:00,zxTpi4BtaWX3mgdAPoezkMD1hxx8CdeCfrqXMWvSCLX,solana,5,2
2026-09-30T09:55:06.202518+00:00,AG1EhPjsBrkxQWkViuLXF6pQnHwfr9f9sdNneeoykcEJ,solana,6,2
2026-09-30T09:55:06.202518+00:00,HMzvsEEmtzHhvZNw9uwbaG85HCTmFnkbhzUx16cy7ca3,solana,7,2
2026-09-30T09:55:06.202518+00:00,8ewuF2o8ACro7fqWepZ3tKhkbBjndZU4Ldk9scRPw83d,solana,8,2
2026-09-30T09:55:06.202518+00:00,DGvB8KyD79wFBJ7Kr7mW54qSfi7Yk3UrhJkcnTSd6frb,solana,9,2
2026-09-30T09:55:06.202518+00:00,Atwk3wi3U2u87n6c7gNdmipHKQgwJRM2c1qLXR3Z8Dbj,solana,10,2
2026-09-30T09:55:06.202518+00:00,HnhpJPJgBG2KwniMTNW8cVBHvk1hFog3RC3kjnyc23tD,solana,11,2
2026-09-30T09:55:06.202518+00:00,DxSBgaYreFNFxGu9TEC17n4Usq5jjy4Zf9djT7RBLrGf,solana,12,2
2026-09-30T09:55:06.202518+00:00,H2UTFeuwA6yQP2L3DegdvtA4wCCwLJjKwq2zXepzU1ae,solana,13,2
2026-09-30T09:55:06.202518+00:00,2uF4Xh61rDwxnG9woyxsVQP7zuA6kLFpb3NvnRQeoiSd,solana,14,2
2026-09-30T09:55:06.202518+00:00,Q2sPHPdUWFMg7M7wwrQKLrn619cAucfRsmhVJffodSp,solana,15,2
2026-09-30T09:55:06.202518+00:00,5zpyutJu9ee6jFymDGoK7F6S5Kczqtc9FomP3ueKuyA9,solana,16,2
2026-09-30T09:55:06.202518+00:00,4JAnKFddd5fFTk5PxDj3PpTWJuTEfSWQEjZJcgKQ9KwW,solana,17,2
2026-09-30T09:55:06.202518+00:00,DyVrHutNGpuGFgJzDxZVfpAUbUjo1XJdaN9aDLrfRj6P,solana,18,2
2026-09-30T09:55:06.202518+00:00,C7r9jXWiVYmBYR2Jj5YSLiEitUGJPjQXWeg7HPU8NwUk,solana,19,2
2026-09-30T09:55:06.202518+00:00,6e7V9eegCHw997T72MxgwwJipZ6GJyZF8NvjkzT1rvpN,solana,20,2
2026-09-30T10:03:13.086089+00:00,B4VFURUHHzyt8YzBGBV9jiarBvjh1EbMAbRNBnNqaxUD,solana,1,2
2026-09-30T10:03:13.086089+00:00,9UqFNPpyCzjhJKWnEXBUxFSsgA6g9HLa8yU19mAmcUnE,solana,2,2
2026-09-30T10:03:13.086089+00:00,4zLRGHwKdXyaTovP8UkV66CskWgo9E7kAaGYcw1vFh7E,solana,3,2
2026-09-30T10:03:13.086089+00:00,6e3jZLtf4tQbWZm3f7A66jF8tfZn6MRQVrbDFgcNWarA,solana,4,2
2026-09-30T10:03:13.086089+00:00,zxTpi4BtaWX3mgdAPoezkMD1hxx8CdeCfrqXMWvSCLX,solana,5,2
2026-09-30T10:03:13.086089+00:00,AG1EhPjsBrkxQWkViuLXF6pQnHwfr9f9sdNneeoykcEJ,solana,6,2
2026-09-30T10:03:13.086089+00:00,HMzvsEEmtzHhvZNw9uwbaG85HCTmFnkbhzUx16cy7ca3,solana,7,2
2026-09-30T10:03:13.086089+00:00,8ewuF2o8ACro7fqWepZ3tKhkbBjndZU4Ldk9scRPw83d,solana,8,2
2026-09-30T10:03:13.086089+00:00,DGvB8KyD79wFBJ7Kr7mW54qSfi7Yk3UrhJkcnTSd6frb,solana,9,2
2026-09-30T10:03:13.086089+00:00,Atwk3wi3U2u87n6c7gNdmipHKQgwJRM2c1qLXR3Z8Dbj,solana,10,2
2026-09-30T10:03:13.086089+00:00,HnhpJPJgBG2KwniMTNW8cVBHvk1hFog3RC3kjnyc23tD,solana,11,2
2026-09-30T10:03:13.086089+00:00,DxSBgaYreFNFxGu9TEC17n4Usq5jjy4Zf9djT7RBLrGf,solana,12,2
2026-09-30T10:03:13.086089+00:00,H2UTFeuwA6yQP2L3DegdvtA4wCCwLJjKwq2zXepzU1ae,solana,13,2
2026-09-30T10:03:13.086089+00:00,Q2sPHPdUWFMg7M7wwrQKLrn619cAucfRsmhVJffodSp,solana,14,2
2026-09-30T10:03:13.086089+00:00,2uF4Xh61rDwxnG9woyxsVQP7zuA6kLFpb3NvnRQeoiSd,solana,15,2
2026-09-30T10:03:13.086089+00:00,5zpyutJu9ee6jFymDGoK7F6S5Kczqtc9FomP3ueKuyA9,solana,16,2
2026-09-30T10:03:13.086089+00:00,4JAnKFddd5fFTk5PxDj3PpTWJuTEfSWQEjZJcgKQ9KwW,solana,17,2
2026-09-30T10:03:13.086089+00:00,DyVrHutNGpuGFgJzDxZVfpAUbUjo1XJdaN9aDLrfRj6P,solana,18,2
2026-09-30T10:03:13.086089+00:00,C7r9jXWiVYmBYR2Jj5YSLiEitUGJPjQXWeg7HPU8NwUk,solana,19,2
2026-09-30T10:03:13.086089+00:00,6e7V9eegCHw997T72MxgwwJipZ6GJyZF8NvjkzT1rvpN,solana,20,2
2026-09-30T10:11:24.049475+00:00,B4VFURUHHzyt8YzBGBV9jiarBvjh1EbMAbRNBnNqaxUD,solana,1,2
2026-09-30T10:11:24.049475+00:00,9UqFNPpyCzjhJKWnEXBUxFSsgA6g9HLa8yU19mAmcUnE,solana,2,2
2026-09-30T10:11:24.049475+00:00,4zLRGHwKdXyaTovP8UkV66CskWgo9E7kAaGYcw1vFh7E,solana,3,2
2026-09-30T10:11:24.049475+00:00,6e3jZLtf4tQbWZm3f7A66jF8tfZn6MRQVrbDFgcNWarA,solana,4,2
2026-09-30T10:11:24.049475+00:00,zxTpi4BtaWX3mgdAPoezkMD1hxx8CdeCfrqXMWvSCLX,solana,5,2
2026-09-30T10:11:24.049475+00:00,AG1EhPjsBrkxQWkViuLXF6pQnHwfr9f9sdNneeoykcEJ,solana,6,2
2026-09-30T10:11:24.049475+00:00,HMzvsEEmtzHhvZNw9uwbaG85HCTmFnkbhzUx16cy7ca3,solana,7,2
2026-09-30T10:11:24.049475+00:00,Atwk3wi3U2u87n6c7gNdmipHKQgwJRM2c1qLXR3Z8Dbj,solana,8,2
2026-09-30T10:11:24.049475+00:00,DGvB8KyD79wFBJ7Kr7mW54qSfi7Yk3UrhJkcnTSd6frb,solana,9,2
2026-09-30T10:11:24.049475+00:00,HnhpJPJgBG2KwniMTNW8cVBHvk1hFog3RC3kjnyc23tD,solana,10,2
2026-09-30T10:11:24.049475+00:00,8ewuF2o8ACro7fqWepZ3tKhkbBjndZU4Ldk9scRPw83d,solana,11,2
2026-09-30T10:11:24.049475+00:00,2uF4Xh61rDwxnG9woyxsVQP7zuA6kLFpb3NvnRQeoiSd,solana,12,2
2026-09-30T10:11:24.049475+00:00,DxSBgaYreFNFxGu9TEC17n4Usq5jjy4Zf9djT7RBLrGf,solana,13,2
2026-09-30T10:11:24.049475+00:00,H2UTFeuwA6yQP2L3DegdvtA4wCCwLJjKwq2zXepzU1ae,solana,14,2
2026-09-30T10:11:24.049475+00:00,Q2sPHPdUWFMg7M7wwrQKLrn619cAucfRsmhVJffodSp,solana,15,2
2026-09-30T10:11:24.049475+00:00,5zpyutJu9ee6jFymDGoK7F6S5Kczqtc9FomP3ueKuyA9,solana,16,2
2026-09-30T10:11:24.049475+00:00,DyVrHutNGpuGFgJzDxZVfpAUbUjo1XJdaN9aDLrfRj6P,solana,17,2
2026-09-30T10:11:24.049475+00:00,4JAnKFddd5fFTk5PxDj3PpTWJuTEfSWQEjZJcgKQ9KwW,solana,18,2
2026-09-30T10:11:24.049475+00:00,C7r9jXWiVYmBYR2Jj5YSLiEitUGJPjQXWeg7HPU8NwUk,solana,19,2
2026-09-30T10:11:24.049475+00:00,6e7V9eegCHw997T72MxgwwJipZ6GJyZF8NvjkzT1rvpN,solana,20,2
2026-09-30T10:19:21.182757+00:00,B4VFURUHHzyt8YzBGBV9jiarBvjh1EbMAbRNBnNqaxUD,solana,1,2
2026-09-30T10:19:21.182757+00:00,9UqFNPpyCzjhJKWnEXBUxFSsgA6g9HLa8yU19mAmcUnE,solana,2,2
2026-09-30T10:19:21.182757+00:00,4zLRGHwKdXyaTovP8UkV66CskWgo9E7kAaGYcw1vFh7E,solana,3,2
2026-09-30T10:19:21.182757+00:00,6e3jZLtf4tQbWZm3f7A66jF8tfZn6MRQVrbDFgcNWarA,solana,4,2
2026-09-30T10:19:21.182757+00:00,zxTpi4BtaWX3mgdAPoezkMD1hxx8CdeCfrqXMWvSCLX,solana,5,2
2026-09-30T10:19:21.182757+00:00,HMzvsEEmtzHhvZNw9uwbaG85HCTmFnkbhzUx16cy7ca3,solana,6,2
2026-09-30T10:19:21.182757+00:00,AG1EhPjsBrkxQWkViuLXF6pQnHwfr9f9sdNneeoykcEJ,solana,7,2
2026-09-30T10:19:21.182757+00:00,Atwk3wi3U2u87n6c7gNdmipHKQgwJRM2c1qLXR3Z8Dbj,solana,8,2
2026-09-30T10:19:21.182757+00:00,DGvB8KyD79wFBJ7Kr7mW54qSfi7Yk3UrhJkcnTSd6frb,solana,9,2
2026-09-30T10:19:21.182757+00:00,HnhpJPJgBG2KwniMTNW8cVBHvk1hFog3RC3kjnyc23tD,solana,10,2
2026-09-30T10:19:21.182757+00:00,8ewuF2o8ACro7fqWepZ3tKhkbBjndZU4Ldk9scRPw83d,solana,11,2
2026-09-30T10:19:21.182757+00:00,2uF4Xh61rDwxnG9woyxsVQP7zuA6kLFpb3NvnRQeoiSd,solana,12,2
2026-09-30T10:19:21.182757+00:00,DxSBgaYreFNFxGu9TEC17n4Usq5jjy4Zf9djT7RBLrGf,solana,13,2
2026-09-30T10:19:21.182757+00:00,H2UTFeuwA6yQP2L3DegdvtA4wCCwLJjKwq2zXepzU1ae,solana,14,2
2026-09-30T10:19:21.182757+00:00,Q2sPHPdUWFMg7M7wwrQKLrn619cAucfRsmhVJffodSp,solana,15,2
2026-09-30T10:19:21.182757+00:00,5zpyutJu9ee6jFymDGoK7F6S5Kczqtc9FomP3ueKuyA9,solana,16,2
2026-09-30T10:19:21.182757+00:00,DyVrHutNGpuGFgJzDxZVfpAUbUjo1XJdaN9aDLrfRj6P,solana,17,2
2026-09-30T10:19:21.182757+00:00,4JAnKFddd5fFTk5PxDj3PpTWJuTEfSWQEjZJcgKQ9KwW,solana,18,2
2026-09-30T10:19:21.182757+00:00,C7r9jXWiVYmBYR2Jj5YSLiEitUGJPjQXWeg7HPU8NwUk,solana,19,2
2026-09-30T10:19:21.182757+00:00,6e7V9eegCHw997T72MxgwwJipZ6GJyZF8NvjkzT1rvpN,solana,20,2
2026-09-30T10:28:04.115744+00:00,B4VFURUHHzyt8YzBGBV9jiarBvjh1EbMAbRNBnNqaxUD,solana,1,2
2026-09-30T10:28:04.115744+00:00,9UqFNPpyCzjhJKWnEXBUxFSsgA6g9HLa8yU19mAmcUnE,solana,2,2
2026-09-30T10:28:04.115744+00:00,4zLRGHwKdXyaTovP8UkV66CskWgo9E7kAaGYcw1vFh7E,solana,3,2
2026-09-30T10:28:04.115744+00:00,6e3jZLtf4tQbWZm3f7A66jF8tfZn6MRQVrbDFgcNWarA,solana,4,2
2026-09-30T10:28:04.115744+00:00,zxTpi4BtaWX3mgdAPoezkMD1hxx8CdeCfrqXMWvSCLX,solana,5,2
2026-09-30T10:28:04.115744+00:00,HMzvsEEmtzHhvZNw9uwbaG85HCTmFnkbhzUx16cy7ca3,solana,6,2
2026-09-30T10:28:04.115744+00:00,AG1EhPjsBrkxQWkViuLXF6pQnHwfr9f9sdNneeoykcEJ,solana,7,2
2026-09-30T10:28:04.115744+00:00,Atwk3wi3U2u87n6c7gNdmipHKQgwJRM2c1qLXR3Z8Dbj,solana,8,2
2026-09-30T10:28:04.115744+00:00,DGvB8KyD79wFBJ7Kr7mW54qSfi7Yk3UrhJkcnTSd6frb,solana,9,2
2026-09-30T10:28:04.115744+00:00,HnhpJPJgBG2KwniMTNW8cVBHvk1hFog3RC3kjnyc23tD,solana,10,2
2026-09-30T10:28:04.115744+00:00,8ewuF2o8ACro7fqWepZ3tKhkbBjndZU4Ldk9scRPw83d,solana,11,2
2026-09-30T10:28:04.115744+00:00,2uF4Xh61rDwxnG9woyxsVQP7zuA6kLFpb3NvnRQeoiSd,solana,12,2
2026-09-30T10:28:04.115744+00:00,DxSBgaYreFNFxGu9TEC17n4Usq5jjy4Zf9djT7RBLrGf,solana,13,2
2026-09-30T10:28:04.115744+00:00,H2UTFeuwA6yQP2L3DegdvtA4wCCwLJjKwq2zXepzU1ae,solana,14,2
2026-09-30T10:28:04.115744+00:00,Q2sPHPdUWFMg7M7wwrQKLrn619cAucfRsmhVJffodSp,solana,15,2
2026-09-30T10:28:04.115744+00:00,5zpyutJu9ee6jFymDGoK7F6S5Kczqtc9FomP3ueKuyA9,solana,16,2
2026-09-30T10:28:04.115744+00:00,DyVrHutNGpuGFgJzDxZVfpAUbUjo1XJdaN9aDLrfRj6P,solana,17,2
2026-09-30T10:28:04.115744+00:00,4JAnKFddd5fFTk5PxDj3PpTWJuTEfSWQEjZJcgKQ9KwW,solana,18,2
2026-09-30T10:28:04.115744+00:00,C7r9jXWiVYmBYR2Jj5YSLiEitUGJPjQXWeg7HPU8NwUk,solana,19,2
2026-09-30T10:28:04.115744+00:00,6e7V9eegCHw997T72MxgwwJipZ6GJyZF8NvjkzT1rvpN,solana,20,2
2026-09-30T10:36:04.262137+00:00,B4VFURUHHzyt8YzBGBV9jiarBvjh1EbMAbRNBnNqaxUD,solana,1,2
2026-09-30T10:36:04.262137+00:00,9UqFNPpyCzjhJKWnEXBUxFSsgA6g9HLa8yU19mAmcUnE,solana,2,2
2026-09-30T10:36:04.262137+00:00,4zLRGHwKdXyaTovP8UkV66CskWgo9E7kAaGYcw1vFh7E,solana,3,2
2026-09-30T10:36:04.262137+00:00,6e3jZLtf4tQbWZm3f7A66jF8tfZn6MRQVrbDFgcNWarA,solana,4,2
2026-09-30T10:36:04.262137+00:00,zxTpi4BtaWX3mgdAPoezkMD1hxx8CdeCfrqXMWvSCLX,solana,5,2
2026-09-30T10:36:04.262137+00:00,HMzvsEEmtzHhvZNw9uwbaG85HCTmFnkbhzUx16cy7ca3,solana,6,2
2026-09-30T10:36:04.262137+00:00,AG1EhPjsBrkxQWkViuLXF6pQnHwfr9f9sdNneeoykcEJ,solana,7,2
2026-09-30T10:36:04.262137+00:00,Atwk3wi3U2u87n6c7gNdmipHKQgwJRM2c1qLXR3Z8Dbj,solana,8,2
2026-09-30T10:36:04.262137+00:00,DGvB8KyD79wFBJ7Kr7mW54qSfi7Yk3UrhJkcnTSd6frb,solana,9,2
2026-09-30T10:36:04.262137+00:00,HnhpJPJgBG2KwniMTNW8cVBHvk1hFog3RC3kjnyc23tD,solana,10,2
2026-09-30T10:36:04.262137+00:00,8ewuF2o8ACro7fqWepZ3tKhkbBjndZU4Ldk9scRPw83d,solana,11,2
2026-09-30T10:36:04.262137+00:00,2uF4Xh61rDwxnG9woyxsVQP7zuA6kLFpb3NvnRQeoiSd,solana,12,2
2026-09-30T10:36:04.262137+00:00,DxSBgaYreFNFxGu9TEC17n4Usq5jjy4Zf9djT7RBLrGf,solana,13,2
2026-09-30T10:36:04.262137+00:00,4JAnKFddd5fFTk5PxDj3PpTWJuTEfSWQEjZJcgKQ9KwW,solana,14,2
2026-09-30T10:36:04.262137+00:00,H2UTFeuwA6yQP2L3DegdvtA4wCCwLJjKwq2zXepzU1ae,solana,15,2
2026-09-30T10:36:04.262137+00:00,Q2sPHPdUWFMg7M7wwrQKLrn619cAucfRsmhVJffodSp,solana,16,2
2026-09-30T10:36:04.262137+00:00,5zpyutJu9ee6jFymDGoK7F6S5Kczqtc9FomP3ueKuyA9,solana,17,2
2026-09-30T10:36:04.262137+00:00,DyVrHutNGpuGFgJzDxZVfpAUbUjo1XJdaN9aDLrfRj6P,solana,18,2
2026-09-30T10:36:04.262137+00:00,C7r9jXWiVYmBYR2Jj5YSLiEitUGJPjQXWeg7HPU8NwUk,solana,19,2
2026-09-30T10:36:04.262137+00:00,6e7V9eegCHw997T72MxgwwJipZ6GJyZF8NvjkzT1rvpN,solana,20,2
2026-09-30T10:44:20.165060+00:00,B4VFURUHHzyt8YzBGBV9jiarBvjh1EbMAbRNBnNqaxUD,solana,1,2
2026-09-30T10:44:20.165060+00:00,9UqFNPpyCzjhJKWnEXBUxFSsgA6g9HLa8yU19mAmcUnE,solana,2,2
2026-09-30T10:44:20.165060+00:00,4zLRGHwKdXyaTovP8UkV66CskWgo9E7kAaGYcw1vFh7E,solana,3,2
2026-09-30T10:44:20.165060+00:00,zxTpi4BtaWX3mgdAPoezkMD1hxx8CdeCfrqXMWvSCLX,solana,4,2
2026-09-30T10:44:20.165060+00:00,6e3jZLtf4tQbWZm3f7A66jF8tfZn6MRQVrbDFgcNWarA,solana,5,2
2026-09-30T10:44:20.165060+00:00,HMzvsEEmtzHhvZNw9uwbaG85HCTmFnkbhzUx16cy7ca3,solana,6,2
2026-09-30T10:44:20.165060+00:00,AG1EhPjsBrkxQWkViuLXF6pQnHwfr9f9sdNneeoykcEJ,solana,7,2
2026-09-30T10:44:20.165060+00:00,Atwk3wi3U2u87n6c7gNdmipHKQgwJRM2c1qLXR3Z8Dbj,solana,8,2
2026-09-30T10:44:20.165060+00:00,DGvB8KyD79wFBJ7Kr7mW54qSfi7Yk3UrhJkcnTSd6frb,solana,9,2
2026-09-30T10:44:20.165060+00:00,HnhpJPJgBG2KwniMTNW8cVBHvk1hFog3RC3kjnyc23tD,solana,10,2
2026-09-30T10:44:20.165060+00:00,8ewuF2o8ACro7fqWepZ3tKhkbBjndZU4Ldk9scRPw83d,solana,11,2
2026-09-30T10:44:20.165060+00:00,DxSBgaYreFNFxGu9TEC17n4Usq5jjy4Zf9djT7RBLrGf,solana,12,2
2026-09-30T10:44:20.165060+00:00,2uF4Xh61rDwxnG9woyxsVQP7zuA6kLFpb3NvnRQeoiSd,solana,13,2
2026-09-30T10:44:20.165060+00:00,4JAnKFddd5fFTk5PxDj3PpTWJuTEfSWQEjZJcgKQ9KwW,solana,14,2
2026-09-30T10:44:20.165060+00:00,H2UTFeuwA6yQP2L3DegdvtA4wCCwLJjKwq2zXepzU1ae,solana,15,2
2026-09-30T10:44:20.165060+00:00,DyVrHutNGpuGFgJzDxZVfpAUbUjo1XJdaN9aDLrfRj6P,solana,16,2
2026-09-30T10:44:20.165060+00:00,5zpyutJu9ee6jFymDGoK7F6S5Kczqtc9FomP3ueKuyA9,solana,17,2
2026-09-30T10:44:20.165060+00:00,Q2sPHPdUWFMg7M7wwrQKLrn619cAucfRsmhVJffodSp,solana,18,2
2026-09-30T10:44:20.165060+00:00,C7r9jXWiVYmBYR2Jj5YSLiEitUGJPjQXWeg7HPU8NwUk,solana,19,2
2026-09-30T10:44:20.165060+00:00,6e7V9eegCHw997T72MxgwwJipZ6GJyZF8NvjkzT1rvpN,solana,20,2
2026-09-30T10:52:28.169164+00:00,B4VFURUHHzyt8YzBGBV9jiarBvjh1EbMAbRNBnNqaxUD,solana,1,2
2026-09-30T10:52:28.169164+00:00,9UqFNPpyCzjhJKWnEXBUxFSsgA6g9HLa8yU19mAmcUnE,solana,2,2
2026-09-30T10:52:28.169164+00:00,4zLRGHwKdXyaTovP8UkV66CskWgo9E7kAaGYcw1vFh7E,solana,3,2
2026-09-30T10:52:28.169164+00:00,zxTpi4BtaWX3mgdAPoezkMD1hxx8CdeCfrqXMWvSCLX,solana,4,2
2026-09-30T10:52:28.169164+00:00,6e3jZLtf4tQbWZm3f7A66jF8tfZn6MRQVrbDFgcNWarA,solana,5,2
2026-09-30T10:52:28.169164+00:00,HMzvsEEmtzHhvZNw9uwbaG85HCTmFnkbhzUx16cy7ca3,solana,6,2
2026-09-30T10:52:28.169164+00:00,AG1EhPjsBrkxQWkViuLXF6pQnHwfr9f9sdNneeoykcEJ,solana,7,2
2026-09-30T10:52:28.169164+00:00,Atwk3wi3U2u87n6c7gNdmipHKQgwJRM2c1qLXR3Z8Dbj,solana,8,2
2026-09-30T10:52:28.169164+00:00,DGvB8KyD79wFBJ7Kr7mW54qSfi7Yk3UrhJkcnTSd6frb,solana,9,2
2026-09-30T10:52:28.169164+00:00,HnhpJPJgBG2KwniMTNW8cVBHvk1hFog3RC3kjnyc23tD,solana,10,2
2026-09-30T10:52:28.169164+00:00,8ewuF2o8ACro7fqWepZ3tKhkbBjndZU4Ldk9scRPw83d,solana,11,2
2026-09-30T10:52:28.169164+00:00,2uF4Xh61rDwxnG9woyxsVQP7zuA6kLFpb3NvnRQeoiSd,solana,12,2
2026-09-30T10:52:28.169164+00:00,DxSBgaYreFNFxGu9TEC17n4Usq5jjy4Zf9djT7RBLrGf,solana,13,2
2026-09-30T10:52:28.169164+00:00,4JAnKFddd5fFTk5PxDj3PpTWJuTEfSWQEjZJcgKQ9KwW,solana,14,2
2026-09-30T10:52:28.169164+00:00,H2UTFeuwA6yQP2L3DegdvtA4wCCwLJjKwq2zXepzU1ae,solana,15,2
2026-09-30T10:52:28.169164+00:00,Q2sPHPdUWFMg7M7wwrQKLrn619cAucfRsmhVJffodSp,solana,16,2
2026-09-30T10:52:28.169164+00:00,5zpyutJu9ee6jFymDGoK7F6S5Kczqtc9FomP3ueKuyA9,solana,17,2
2026-09-30T10:52:28.169164+00:00,DyVrHutNGpuGFgJzDxZVfpAUbUjo1XJdaN9aDLrfRj6P,solana,18,2
2026-09-30T10:52:28.169164+00:00,C7r9jXWiVYmBYR2Jj5YSLiEitUGJPjQXWeg7HPU8NwUk,solana,19,2
2026-09-30T10:52:28.169164+00:00,6e7V9eegCHw997T72MxgwwJipZ6GJyZF8NvjkzT1rvpN,solana,20,2
2026-09-30T11:00:23.315959+00:00,B4VFURUHHzyt8YzBGBV9jiarBvjh1EbMAbRNBnNqaxUD,solana,1,2
2026-09-30T11:00:23.315959+00:00,9UqFNPpyCzjhJKWnEXBUxFSsgA6g9HLa8yU19mAmcUnE,solana,2,2
2026-09-30T11:00:23.315959+00:00,4zLRGHwKdXyaTovP8UkV66CskWgo9E7kAaGYcw1vFh7E,solana,3,2
2026-09-30T11:00:23.315959+00:00,zxTpi4BtaWX3mgdAPoezkMD1hxx8CdeCfrqXMWvSCLX,solana,4,2
2026-09-30T11:00:23.315959+00:00,6e3jZLtf4tQbWZm3f7A66jF8tfZn6MRQVrbDFgcNWarA,solana,5,2
2026-09-30T11:00:23.315959+00:00,HMzvsEEmtzHhvZNw9uwbaG85HCTmFnkbhzUx16cy7ca3,solana,6,2
2026-09-30T11:00:23.315959+00:00,AG1EhPjsBrkxQWkViuLXF6pQnHwfr9f9sdNneeoykcEJ,solana,7,2
2026-09-30T11:00:23.315959+00:00,Atwk3wi3U2u87n6c7gNdmipHKQgwJRM2c1qLXR3Z8Dbj,solana,8,2
2026-09-30T11:00:23.315959+00:00,DGvB8KyD79wFBJ7Kr7mW54qSfi7Yk3UrhJkcnTSd6frb,solana,9,2
2026-09-30T11:00:23.315959+00:00,HnhpJPJgBG2KwniMTNW8cVBHvk1hFog3RC3kjnyc23tD,solana,10,2
2026-09-30T11:00:23.315959+00:00,2uF4Xh61rDwxnG9woyxsVQP7zuA6kLFpb3NvnRQeoiSd,solana,11,2
2026-09-30T11:00:23.315959+00:00,8ewuF2o8ACro7fqWepZ3tKhkbBjndZU4Ldk9scRPw83d,solana,12,2
2026-09-30T11:00:23.315959+00:00,DxSBgaYreFNFxGu9TEC17n4Usq5jjy4Zf9djT7RBLrGf,solana,13,2
2026-09-30T11:00:23.315959+00:00,4JAnKFddd5fFTk5PxDj3PpTWJuTEfSWQEjZJcgKQ9KwW,solana,14,2
2026-09-30T11:00:23.315959+00:00,H2UTFeuwA6yQP2L3DegdvtA4wCCwLJjKwq2zXepzU1ae,solana,15,2
2026-09-30T11:00:23.315959+00:00,Q2sPHPdUWFMg7M7wwrQKLrn619cAucfRsmhVJffodSp,solana,16,2
2026-09-30T11:00:23.315959+00:00,5zpyutJu9ee6jFymDGoK7F6S5Kczqtc9FomP3ueKuyA9,solana,17,2
2026-09-30T11:00:23.315959+00:00,DyVrHutNGpuGFgJzDxZVfpAUbUjo1XJdaN9aDLrfRj6P,solana,18,2
2026-09-30T11:00:23.315959+00:00,C7r9jXWiVYmBYR2Jj5YSLiEitUGJPjQXWeg7HPU8NwUk,solana,19,2
2026-09-30T11:00:23.315959+00:00,6e7V9eegCHw997T72MxgwwJipZ6GJyZF8NvjkzT1rvpN,solana,20,2
2026-09-30T11:08:53.716909+00:00,B4VFURUHHzyt8YzBGBV9jiarBvjh1EbMAbRNBnNqaxUD,solana,1,2
2026-09-30T11:08:53.716909+00:00,9UqFNPpyCzjhJKWnEXBUxFSsgA6g9HLa8yU19mAmcUnE,solana,2,2
2026-09-30T11:08:53.716909+00:00,4zLRGHwKdXyaTovP8UkV66CskWgo9E7kAaGYcw1vFh7E,solana,3,2
2026-09-30T11:08:53.716909+00:00,zxTpi4BtaWX3mgdAPoezkMD1hxx8CdeCfrqXMWvSCLX,solana,4,2
2026-09-30T11:08:53.716909+00:00,6e3jZLtf4tQbWZm3f7A66jF8tfZn6MRQVrbDFgcNWarA,solana,5,2
2026-09-30T11:08:53.716909+00:00,HMzvsEEmtzHhvZNw9uwbaG85HCTmFnkbhzUx16cy7ca3,solana,6,2
2026-09-30T11:08:53.716909+00:00,AG1EhPjsBrkxQWkViuLXF6pQnHwfr9f9sdNneeoykcEJ,solana,7,2
2026-09-30T11:08:53.716909+00:00,Atwk3wi3U2u87n6c7gNdmipHKQgwJRM2c1qLXR3Z8Dbj,solana,8,2
2026-09-30T11:08:53.716909+00:00,DGvB8KyD79wFBJ7Kr7mW54qSfi7Yk3UrhJkcnTSd6frb,solana,9,2
2026-09-30T11:08:53.716909+00:00,HnhpJPJgBG2KwniMTNW8cVBHvk1hFog3RC3kjnyc23tD,solana,10,2
2026-09-30T11:08:53.716909+00:00,2uF4Xh61rDwxnG9woyxsVQP7zuA6kLFpb3NvnRQeoiSd,solana,11,2
2026-09-30T11:08:53.716909+00:00,DxSBgaYreFNFxGu9TEC17n4Usq5jjy4Zf9djT7RBLrGf,solana,12,2
2026-09-30T11:08:53.716909+00:00,8ewuF2o8ACro7fqWepZ3tKhkbBjndZU4Ldk9scRPw83d,solana,13,2
2026-09-30T11:08:53.716909+00:00,4JAnKFddd5fFTk5PxDj3PpTWJuTEfSWQEjZJcgKQ9KwW,solana,14,2
2026-09-30T11:08:53.716909+00:00,H2UTFeuwA6yQP2L3DegdvtA4wCCwLJjKwq2zXepzU1ae,solana,15,2
2026-09-30T11:08:53.716909+00:00,DyVrHutNGpuGFgJzDxZVfpAUbUjo1XJdaN9aDLrfRj6P,solana,16,2
2026-09-30T11:08:53.716909+00:00,Q2sPHPdUWFMg7M7wwrQKLrn619cAucfRsmhVJffodSp,solana,17,2
2026-09-30T11:08:53.716909+00:00,5zpyutJu9ee6jFymDGoK7F6S5Kczqtc9FomP3ueKuyA9,solana,18,2
2026-09-30T11:08:53.716909+00:00,C7r9jXWiVYmBYR2Jj5YSLiEitUGJPjQXWeg7HPU8NwUk,solana,19,2
2026-09-30T11:08:53.716909+00:00,3dcwhqJp6JBTJPq8ga335HWgSQVS7uQmdmeX7iGjMNpj,solana,20,2
2026-09-30T11:17:26.496492+00:00,B4VFURUHHzyt8YzBGBV9jiarBvjh1EbMAbRNBnNqaxUD,solana,1,2
2026-09-30T11:17:26.496492+00:00,9UqFNPpyCzjhJKWnEXBUxFSsgA6g9HLa8yU19mAmcUnE,solana,2,2
2026-09-30T11:17:26.496492+00:00,4zLRGHwKdXyaTovP8UkV66CskWgo9E7kAaGYcw1vFh7E,solana,3,2
2026-09-30T11:17:26.496492+00:00,zxTpi4BtaWX3mgdAPoezkMD1hxx8CdeCfrqXMWvSCLX,solana,4,2
2026-09-30T11:17:26.496492+00:00,6e3jZLtf4tQbWZm3f7A66jF8tfZn6MRQVrbDFgcNWarA,solana,5,2
2026-09-30T11:17:26.496492+00:00,HMzvsEEmtzHhvZNw9uwbaG85HCTmFnkbhzUx16cy7ca3,solana,6,2
2026-09-30T11:17:26.496492+00:00,AG1EhPjsBrkxQWkViuLXF6pQnHwfr9f9sdNneeoykcEJ,solana,7,2
2026-09-30T11:17:26.496492+00:00,Atwk3wi3U2u87n6c7gNdmipHKQgwJRM2c1qLXR3Z8Dbj,solana,8,2
2026-09-30T11:17:26.496492+00:00,DGvB8KyD79wFBJ7Kr7mW54qSfi7Yk3UrhJkcnTSd6frb,solana,9,2
2026-09-30T11:17:26.496492+00:00,HnhpJPJgBG2KwniMTNW8cVBHvk1hFog3RC3kjnyc23tD,solana,10,2
2026-09-30T11:17:26.496492+00:00,2uF4Xh61rDwxnG9woyxsVQP7zuA6kLFpb3NvnRQeoiSd,solana,11,2
2026-09-30T11:17:26.496492+00:00,DxSBgaYreFNFxGu9TEC17n4Usq5jjy4Zf9djT7RBLrGf,solana,12,2
2026-09-30T11:17:26.496492+00:00,8ewuF2o8ACro7fqWepZ3tKhkbBjndZU4Ldk9scRPw83d,solana,13,2
2026-09-30T11:17:26.496492+00:00,4JAnKFddd5fFTk5PxDj3PpTWJuTEfSWQEjZJcgKQ9KwW,solana,14,2
2026-09-30T11:17:26.496492+00:00,H2UTFeuwA6yQP2L3DegdvtA4wCCwLJjKwq2zXepzU1ae,solana,15,2
2026-09-30T11:17:26.496492+00:00,DyVrHutNGpuGFgJzDxZVfpAUbUjo1XJdaN9aDLrfRj6P,solana,16,2
2026-09-30T11:17:26.496492+00:00,Q2sPHPdUWFMg7M7wwrQKLrn619cAucfRsmhVJffodSp,solana,17,2
2026-09-30T11:17:26.496492+00:00,5zpyutJu9ee6jFymDGoK7F6S5Kczqtc9FomP3ueKuyA9,solana,18,2
2026-09-30T11:17:26.496492+00:00,C7r9jXWiVYmBYR2Jj5YSLiEitUGJPjQXWeg7HPU8NwUk,solana,19,2
2026-09-30T11:17:26.496492+00:00,3dcwhqJp6JBTJPq8ga335HWgSQVS7uQmdmeX7iGjMNpj,solana,20,2
2026-09-30T11:25:14.234052+00:00,B4VFURUHHzyt8YzBGBV9jiarBvjh1EbMAbRNBnNqaxUD,solana,1,2
2026-09-30T11:25:14.234052+00:00,9UqFNPpyCzjhJKWnEXBUxFSsgA6g9HLa8yU19mAmcUnE,solana,2,2
2026-09-30T11:25:14.234052+00:00,4zLRGHwKdXyaTovP8UkV66CskWgo9E7kAaGYcw1vFh7E,solana,3,2
2026-09-30T11:25:14.234052+00:00,zxTpi4BtaWX3mgdAPoezkMD1hxx8CdeCfrqXMWvSCLX,solana,4,2
2026-09-30T11:25:14.234052+00:00,6e3jZLtf4tQbWZm3f7A66jF8tfZn6MRQVrbDFgcNWarA,solana,5,2
2026-09-30T11:25:14.234052+00:00,HMzvsEEmtzHhvZNw9uwbaG85HCTmFnkbhzUx16cy7ca3,solana,6,2
2026-09-30T11:25:14.234052+00:00,AG1EhPjsBrkxQWkViuLXF6pQnHwfr9f9sdNneeoykcEJ,solana,7,2
2026-09-30T11:25:14.234052+00:00,Atwk3wi3U2u87n6c7gNdmipHKQgwJRM2c1qLXR3Z8Dbj,solana,8,2
2026-09-30T11:25:14.234052+00:00,DGvB8KyD79wFBJ7Kr7mW54qSfi7Yk3UrhJkcnTSd6frb,solana,9,2
2026-09-30T11:25:14.234052+00:00,HnhpJPJgBG2KwniMTNW8cVBHvk1hFog3RC3kjnyc23tD,solana,10,2
2026-09-30T11:25:14.234052+00:00,2uF4Xh61rDwxnG9woyxsVQP7zuA6kLFpb3NvnRQeoiSd,solana,11,2
2026-09-30T11:25:14.234052+00:00,DxSBgaYreFNFxGu9TEC17n4Usq5jjy4Zf9djT7RBLrGf,solana,12,2
2026-09-30T11:25:14.234052+00:00,8ewuF2o8ACro7fqWepZ3tKhkbBjndZU4Ldk9scRPw83d,solana,13,2
2026-09-30T11:25:14.234052+00:00,4JAnKFddd5fFTk5PxDj3PpTWJuTEfSWQEjZJcgKQ9KwW,solana,14,2
2026-09-30T11:25:14.234052+00:00,H2UTFeuwA6yQP2L3DegdvtA4wCCwLJjKwq2zXepzU1ae,solana,15,2
2026-09-30T11:25:14.234052+00:00,DyVrHutNGpuGFgJzDxZVfpAUbUjo1XJdaN9aDLrfRj6P,solana,16,2
2026-09-30T11:25:14.234052+00:00,Q2sPHPdUWFMg7M7wwrQKLrn619cAucfRsmhVJffodSp,solana,17,2
2026-09-30T11:25:14.234052+00:00,5zpyutJu9ee6jFymDGoK7F6S5Kczqtc9FomP3ueKuyA9,solana,18,2
2026-09-30T11:25:14.234052+00:00,C7r9jXWiVYmBYR2Jj5YSLiEitUGJPjQXWeg7HPU8NwUk,solana,19,2
2026-09-30T11:25:14.234052+00:00,3dcwhqJp6JBTJPq8ga335HWgSQVS7uQmdmeX7iGjMNpj,solana,20,2
2026-09-30T11:33:06.755466+00:00,B4VFURUHHzyt8YzBGBV9jiarBvjh1EbMAbRNBnNqaxUD,solana,1,2
2026-09-30T11:33:06.755466+00:00,9UqFNPpyCzjhJKWnEXBUxFSsgA6g9HLa8yU19mAmcUnE,solana,2,2
2026-09-30T11:33:06.755466+00:00,4zLRGHwKdXyaTovP8UkV66CskWgo9E7kAaGYcw1vFh7E,solana,3,2
2026-09-30T11:33:06.755466+00:00,zxTpi4BtaWX3mgdAPoezkMD1hxx8CdeCfrqXMWvSCLX,solana,4,2
2026-09-30T11:33:06.755466+00:00,6e3jZLtf4tQbWZm3f7A66jF8tfZn6MRQVrbDFgcNWarA,solana,5,2
2026-09-30T11:33:06.755466+00:00,HMzvsEEmtzHhvZNw9uwbaG85HCTmFnkbhzUx16cy7ca3,solana,6,2
2026-09-30T11:33:06.755466+00:00,AG1EhPjsBrkxQWkViuLXF6pQnHwfr9f9sdNneeoykcEJ,solana,7,2
2026-09-30T11:33:06.755466+00:00,Atwk3wi3U2u87n6c7gNdmipHKQgwJRM2c1qLXR3Z8Dbj,solana,8,2
2026-09-30T11:33:06.755466+00:00,DGvB8KyD79wFBJ7Kr7mW54qSfi7Yk3UrhJkcnTSd6frb,solana,9,2
2026-09-30T11:33:06.755466+00:00,HnhpJPJgBG2KwniMTNW8cVBHvk1hFog3RC3kjnyc23tD,solana,10,2
2026-09-30T11:33:06.755466+00:00,2uF4Xh61rDwxnG9woyxsVQP7zuA6kLFpb3NvnRQeoiSd,solana,11,2
2026-09-30T11:33:06.755466+00:00,DxSBgaYreFNFxGu9TEC17n4Usq5jjy4Zf9djT7RBLrGf,solana,12,2
2026-09-30T11:33:06.755466+00:00,8ewuF2o8ACro7fqWepZ3tKhkbBjndZU4Ldk9scRPw83d,solana,13,2
2026-09-30T11:33:06.755466+00:00,4JAnKFddd5fFTk5PxDj3PpTWJuTEfSWQEjZJcgKQ9KwW,solana,14,2
2026-09-30T11:33:06.755466+00:00,H2UTFeuwA6yQP2L3DegdvtA4wCCwLJjKwq2zXepzU1ae,solana,15,2
2026-09-30T11:33:06.755466+00:00,DyVrHutNGpuGFgJzDxZVfpAUbUjo1XJdaN9aDLrfRj6P,solana,16,2
2026-09-30T11:33:06.755466+00:00,Q2sPHPdUWFMg7M7wwrQKLrn619cAucfRsmhVJffodSp,solana,17,2
2026-09-30T11:33:06.755466+00:00,5zpyutJu9ee6jFymDGoK7F6S5Kczqtc9FomP3ueKuyA9,solana,18,2
2026-09-30T11:33:06.755466+00:00,C7r9jXWiVYmBYR2Jj5YSLiEitUGJPjQXWeg7HPU8NwUk,solana,19,2
2026-09-30T11:33:06.755466+00:00,3dcwhqJp6JBTJPq8ga335HWgSQVS7uQmdmeX7iGjMNpj,solana,20,2
2026-09-30T11:41:21.382365+00:00,B4VFURUHHzyt8YzBGBV9jiarBvjh1EbMAbRNBnNqaxUD,solana,1,2
2026-09-30T11:41:21.382365+00:00,9UqFNPpyCzjhJKWnEXBUxFSsgA6g9HLa8yU19mAmcUnE,solana,2,2
2026-09-30T11:41:21.382365+00:00,4zLRGHwKdXyaTovP8UkV66CskWgo9E7kAaGYcw1vFh7E,solana,3,2
2026-09-30T11:41:21.382365+00:00,zxTpi4BtaWX3mgdAPoezkMD1hxx8CdeCfrqXMWvSCLX,solana,4,2
2026-09-30T11:41:21.382365+00:00,6e3jZLtf4tQbWZm3f7A66jF8tfZn6MRQVrbDFgcNWarA,solana,5,2
2026-09-30T11:41:21.382365+00:00,HMzvsEEmtzHhvZNw9uwbaG85HCTmFnkbhzUx16cy7ca3,solana,6,2
2026-09-30T11:41:21.382365+00:00,AG1EhPjsBrkxQWkViuLXF6pQnHwfr9f9sdNneeoykcEJ,solana,7,2
2026-09-30T11:41:21.382365+00:00,Atwk3wi3U2u87n6c7gNdmipHKQgwJRM2c1qLXR3Z8Dbj,solana,8,2
2026-09-30T11:41:21.382365+00:00,DGvB8KyD79wFBJ7Kr7mW54qSfi7Yk3UrhJkcnTSd6frb,solana,9,2
2026-09-30T11:41:21.382365+00:00,HnhpJPJgBG2KwniMTNW8cVBHvk1hFog3RC3kjnyc23tD,solana,10,2
2026-09-30T11:41:21.382365+00:00,2uF4Xh61rDwxnG9woyxsVQP7zuA6kLFpb3NvnRQeoiSd,solana,11,2
2026-09-30T11:41:21.382365+00:00,DxSBgaYreFNFxGu9TEC17n4Usq5jjy4Zf9djT7RBLrGf,solana,12,2
2026-09-30T11:41:21.382365+00:00,8ewuF2o8ACro7fqWepZ3tKhkbBjndZU4Ldk9scRPw83d,solana,13,2
2026-09-30T11:41:21.382365+00:00,4JAnKFddd5fFTk5PxDj3PpTWJuTEfSWQEjZJcgKQ9KwW,solana,14,2
2026-09-30T11:41:21.382365+00:00,H2UTFeuwA6yQP2L3DegdvtA4wCCwLJjKwq2zXepzU1ae,solana,15,2
2026-09-30T11:41:21.382365+00:00,DyVrHutNGpuGFgJzDxZVfpAUbUjo1XJdaN9aDLrfRj6P,solana,16,2
2026-09-30T11:41:21.382365+00:00,Q2sPHPdUWFMg7M7wwrQKLrn619cAucfRsmhVJffodSp,solana,17,2
2026-09-30T11:41:21.382365+00:00,5zpyutJu9ee6jFymDGoK7F6S5Kczqtc9FomP3ueKuyA9,solana,18,2
2026-09-30T11:41:21.382365+00:00,C7r9jXWiVYmBYR2Jj5YSLiEitUGJPjQXWeg7HPU8NwUk,solana,19,2
2026-09-30T11:41:21.382365+00:00,3dcwhqJp6JBTJPq8ga335HWgSQVS7uQmdmeX7iGjMNpj,solana,20,2
2026-09-30T11:49:20.942211+00:00,B4VFURUHHzyt8YzBGBV9jiarBvjh1EbMAbRNBnNqaxUD,solana,1,2
2026-09-30T11:49:20.942211+00:00,9UqFNPpyCzjhJKWnEXBUxFSsgA6g9HLa8yU19mAmcUnE,solana,2,2
2026-09-30T11:49:20.942211+00:00,4zLRGHwKdXyaTovP8UkV66CskWgo9E7kAaGYcw1vFh7E,solana,3,2
2026-09-30T11:49:20.942211+00:00,zxTpi4BtaWX3mgdAPoezkMD1hxx8CdeCfrqXMWvSCLX,solana,4,2
2026-09-30T11:49:20.942211+00:00,6e3jZLtf4tQbWZm3f7A66jF8tfZn6MRQVrbDFgcNWarA,solana,5,2
2026-09-30T11:49:20.942211+00:00,HMzvsEEmtzHhvZNw9uwbaG85HCTmFnkbhzUx16cy7ca3,solana,6,2
2026-09-30T11:49:20.942211+00:00,AG1EhPjsBrkxQWkViuLXF6pQnHwfr9f9sdNneeoykcEJ,solana,7,2
2026-09-30T11:49:20.942211+00:00,Atwk3wi3U2u87n6c7gNdmipHKQgwJRM2c1qLXR3Z8Dbj,solana,8,2
2026-09-30T11:49:20.942211+00:00,DGvB8KyD79wFBJ7Kr7mW54qSfi7Yk3UrhJkcnTSd6frb,solana,9,2
2026-09-30T11:49:20.942211+00:00,2uF4Xh61rDwxnG9woyxsVQP7zuA6kLFpb3NvnRQeoiSd,solana,10,2
2026-09-30T11:49:20.942211+00:00,DxSBgaYreFNFxGu9TEC17n4Usq5jjy4Zf9djT7RBLrGf,solana,11,2
2026-09-30T11:49:20.942211+00:00,8ewuF2o8ACro7fqWepZ3tKhkbBjndZU4Ldk9scRPw83d,solana,12,2
2026-09-30T11:49:20.942211+00:00,HnhpJPJgBG2KwniMTNW8cVBHvk1hFog3RC3kjnyc23tD,solana,13,2
2026-09-30T11:49:20.942211+00:00,4JAnKFddd5fFTk5PxDj3PpTWJuTEfSWQEjZJcgKQ9KwW,solana,14,2
2026-09-30T11:49:20.942211+00:00,H2UTFeuwA6yQP2L3DegdvtA4wCCwLJjKwq2zXepzU1ae,solana,15,2
2026-09-30T11:49:20.942211+00:00,DyVrHutNGpuGFgJzDxZVfpAUbUjo1XJdaN9aDLrfRj6P,solana,16,2
2026-09-30T11:49:20.942211+00:00,Q2sPHPdUWFMg7M7wwrQKLrn619cAucfRsmhVJffodSp,solana,17,2
2026-09-30T11:49:20.942211+00:00,5zpyutJu9ee6jFymDGoK7F6S5Kczqtc9FomP3ueKuyA9,solana,18,2
2026-09-30T11:49:20.942211+00:00,C7r9jXWiVYmBYR2Jj5YSLiEitUGJPjQXWeg7HPU8NwUk,solana,19,2
2026-09-30T11:49:20.942211+00:00,3dcwhqJp6JBTJPq8ga335HWgSQVS7uQmdmeX7iGjMNpj,solana,20,2
2026-09-30T11:57:44.659510+00:00,B4VFURUHHzyt8YzBGBV9jiarBvjh1EbMAbRNBnNqaxUD,solana,1,2
2026-09-30T11:57:44.659510+00:00,9UqFNPpyCzjhJKWnEXBUxFSsgA6g9HLa8yU19mAmcUnE,solana,2,2
2026-09-30T11:57:44.659510+00:00,4zLRGHwKdXyaTovP8UkV66CskWgo9E7kAaGYcw1vFh7E,solana,3,2
2026-09-30T11:57:44.659510+00:00,zxTpi4BtaWX3mgdAPoezkMD1hxx8CdeCfrqXMWvSCLX,solana,4,2
2026-09-30T11:57:44.659510+00:00,6e3jZLtf4tQbWZm3f7A66jF8tfZn6MRQVrbDFgcNWarA,solana,5,2
2026-09-30T11:57:44.659510+00:00,HMzvsEEmtzHhvZNw9uwbaG85HCTmFnkbhzUx16cy7ca3,solana,6,2
2026-09-30T11:57:44.659510+00:00,AG1EhPjsBrkxQWkViuLXF6pQnHwfr9f9sdNneeoykcEJ,solana,7,2
2026-09-30T11:57:44.659510+00:00,Atwk3wi3U2u87n6c7gNdmipHKQgwJRM2c1qLXR3Z8Dbj,solana,8,2
2026-09-30T11:57:44.659510+00:00,HnhpJPJgBG2KwniMTNW8cVBHvk1hFog3RC3kjnyc23tD,solana,9,2
2026-09-30T11:57:44.659510+00:00,2uF4Xh61rDwxnG9woyxsVQP7zuA6kLFpb3NvnRQeoiSd,solana,10,2
2026-09-30T11:57:44.659510+00:00,DGvB8KyD79wFBJ7Kr7mW54qSfi7Yk3UrhJkcnTSd6frb,solana,11,2
2026-09-30T11:57:44.659510+00:00,DxSBgaYreFNFxGu9TEC17n4Usq5jjy4Zf9djT7RBLrGf,solana,12,2
2026-09-30T11:57:44.659510+00:00,8ewuF2o8ACro7fqWepZ3tKhkbBjndZU4Ldk9scRPw83d,solana,13,2
2026-09-30T11:57:44.659510+00:00,4JAnKFddd5fFTk5PxDj3PpTWJuTEfSWQEjZJcgKQ9KwW,solana,14,2
2026-09-30T11:57:44.659510+00:00,H2UTFeuwA6yQP2L3DegdvtA4wCCwLJjKwq2zXepzU1ae,solana,15,2
2026-09-30T11:57:44.659510+00:00,Q2sPHPdUWFMg7M7wwrQKLrn619cAucfRsmhVJffodSp,solana,16,2
2026-09-30T11:57:44.659510+00:00,5zpyutJu9ee6jFymDGoK7F6S5Kczqtc9FomP3ueKuyA9,solana,17,2
2026-09-30T11:57:44.659510+00:00,DyVrHutNGpuGFgJzDxZVfpAUbUjo1XJdaN9aDLrfRj6P,solana,18,2
2026-09-30T11:57:44.659510+00:00,C7r9jXWiVYmBYR2Jj5YSLiEitUGJPjQXWeg7HPU8NwUk,solana,19,2
2026-09-30T11:57:44.659510+00:00,3dcwhqJp6JBTJPq8ga335HWgSQVS7uQmdmeX7iGjMNpj,solana,20,2
2026-09-30T12:06:21.620119+00:00,B4VFURUHHzyt8YzBGBV9jiarBvjh1EbMAbRNBnNqaxUD,solana,1,2
2026-09-30T12:06:21.620119+00:00,9UqFNPpyCzjhJKWnEXBUxFSsgA6g9HLa8yU19mAmcUnE,solana,2,2
2026-09-30T12:06:21.620119+00:00,4zLRGHwKdXyaTovP8UkV66CskWgo9E7kAaGYcw1vFh7E,solana,3,2
2026-09-30T12:06:21.620119+00:00,zxTpi4BtaWX3mgdAPoezkMD1hxx8CdeCfrqXMWvSCLX,solana,4,2
2026-09-30T12:06:21.620119+00:00,6e3jZLtf4tQbWZm3f7A66jF8tfZn6MRQVrbDFgcNWarA,solana,5,2
2026-09-30T12:06:21.620119+00:00,HMzvsEEmtzHhvZNw9uwbaG85HCTmFnkbhzUx16cy7ca3,solana,6,2
2026-09-30T12:06:21.620119+00:00,AG1EhPjsBrkxQWkViuLXF6pQnHwfr9f9sdNneeoykcEJ,solana,7,2
2026-09-30T12:06:21.620119+00:00,Atwk3wi3U2u87n6c7gNdmipHKQgwJRM2c1qLXR3Z8Dbj,solana,8,2
2026-09-30T12:06:21.620119+00:00,DGvB8KyD79wFBJ7Kr7mW54qSfi7Yk3UrhJkcnTSd6frb,solana,9,2
2026-09-30T12:06:21.620119+00:00,2uF4Xh61rDwxnG9woyxsVQP7zuA6kLFpb3NvnRQeoiSd,solana,10,2
2026-09-30T12:06:21.620119+00:00,HnhpJPJgBG2KwniMTNW8cVBHvk1hFog3RC3kjnyc23tD,solana,11,2
2026-09-30T12:06:21.620119+00:00,8ewuF2o8ACro7fqWepZ3tKhkbBjndZU4Ldk9scRPw83d,solana,12,2
2026-09-30T12:06:21.620119+00:00,DxSBgaYreFNFxGu9TEC17n4Usq5jjy4Zf9djT7RBLrGf,solana,13,2
2026-09-30T12:06:21.620119+00:00,4JAnKFddd5fFTk5PxDj3PpTWJuTEfSWQEjZJcgKQ9KwW,solana,14,2
2026-09-30T12:06:21.620119+00:00,H2UTFeuwA6yQP2L3DegdvtA4wCCwLJjKwq2zXepzU1ae,solana,15,2
2026-09-30T12:06:21.620119+00:00,DyVrHutNGpuGFgJzDxZVfpAUbUjo1XJdaN9aDLrfRj6P,solana,16,2
2026-09-30T12:06:21.620119+00:00,Q2sPHPdUWFMg7M7wwrQKLrn619cAucfRsmhVJffodSp,solana,17,2
2026-09-30T12:06:21.620119+00:00,5zpyutJu9ee6jFymDGoK7F6S5Kczqtc9FomP3ueKuyA9,solana,18,2
2026-09-30T12:06:21.620119+00:00,C7r9jXWiVYmBYR2Jj5YSLiEitUGJPjQXWeg7HPU8NwUk,solana,19,2
2026-09-30T12:06:21.620119+00:00,3dcwhqJp6JBTJPq8ga335HWgSQVS7uQmdmeX7iGjMNpj,solana,20,2
2026-09-30T12:14:44.692124+00:00,B4VFURUHHzyt8YzBGBV9jiarBvjh1EbMAbRNBnNqaxUD,solana,1,2
2026-09-30T12:14:44.692124+00:00,9UqFNPpyCzjhJKWnEXBUxFSsgA6g9HLa8yU19mAmcUnE,solana,2,2
2026-09-30T12:14:44.692124+00:00,4zLRGHwKdXyaTovP8UkV66CskWgo9E7kAaGYcw1vFh7E,solana,3,2
2026-09-30T12:14:44.692124+00:00,zxTpi4BtaWX3mgdAPoezkMD1hxx8CdeCfrqXMWvSCLX,solana,4,2
2026-09-30T12:14:44.692124+00:00,6e3jZLtf4tQbWZm3f7A66jF8tfZn6MRQVrbDFgcNWarA,solana,5,2
2026-09-30T12:14:44.692124+00:00,HMzvsEEmtzHhvZNw9uwbaG85HCTmFnkbhzUx16cy7ca3,solana,6,2
2026-09-30T12:14:44.692124+00:00,AG1EhPjsBrkxQWkViuLXF6pQnHwfr9f9sdNneeoykcEJ,solana,7,2
2026-09-30T12:14:44.692124+00:00,Atwk3wi3U2u87n6c7gNdmipHKQgwJRM2c1qLXR3Z8Dbj,solana,8,2
2026-09-30T12:14:44.692124+00:00,DGvB8KyD79wFBJ7Kr7mW54qSfi7Yk3UrhJkcnTSd6frb,solana,9,2
2026-09-30T12:14:44.692124+00:00,HnhpJPJgBG2KwniMTNW8cVBHvk1hFog3RC3kjnyc23tD,solana,10,2
2026-09-30T12:14:44.692124+00:00,2uF4Xh61rDwxnG9woyxsVQP7zuA6kLFpb3NvnRQeoiSd,solana,11,2
2026-09-30T12:14:44.692124+00:00,8ewuF2o8ACro7fqWepZ3tKhkbBjndZU4Ldk9scRPw83d,solana,12,2
2026-09-30T12:14:44.692124+00:00,DxSBgaYreFNFxGu9TEC17n4Usq5jjy4Zf9djT7RBLrGf,solana,13,2
2026-09-30T12:14:44.692124+00:00,4JAnKFddd5fFTk5PxDj3PpTWJuTEfSWQEjZJcgKQ9KwW,solana,14,2
2026-09-30T12:14:44.692124+00:00,H2UTFeuwA6yQP2L3DegdvtA4wCCwLJjKwq2zXepzU1ae,solana,15,2
2026-09-30T12:14:44.692124+00:00,DyVrHutNGpuGFgJzDxZVfpAUbUjo1XJdaN9aDLrfRj6P,solana,16,2
2026-09-30T12:14:44.692124+00:00,5zpyutJu9ee6jFymDGoK7F6S5Kczqtc9FomP3ueKuyA9,solana,17,2
2026-09-30T12:14:44.692124+00:00,Q2sPHPdUWFMg7M7wwrQKLrn619cAucfRsmhVJffodSp,solana,18,2
2026-09-30T12:14:44.692124+00:00,C7r9jXWiVYmBYR2Jj5YSLiEitUGJPjQXWeg7HPU8NwUk,solana,19,2
2026-09-30T12:14:44.692124+00:00,3dcwhqJp6JBTJPq8ga335HWgSQVS7uQmdmeX7iGjMNpj,solana,20,2
2026-09-30T12:23:11.671294+00:00,B4VFURUHHzyt8YzBGBV9jiarBvjh1EbMAbRNBnNqaxUD,solana,1,2
2026-09-30T12:23:11.671294+00:00,9UqFNPpyCzjhJKWnEXBUxFSsgA6g9HLa8yU19mAmcUnE,solana,2,2
2026-09-30T12:23:11.671294+00:00,4zLRGHwKdXyaTovP8UkV66CskWgo9E7kAaGYcw1vFh7E,solana,3,2
2026-09-30T12:23:11.671294+00:00,zxTpi4BtaWX3mgdAPoezkMD1hxx8CdeCfrqXMWvSCLX,solana,4,2
2026-09-30T12:23:11.671294+00:00,6e3jZLtf4tQbWZm3f7A66jF8tfZn6MRQVrbDFgcNWarA,solana,5,2
2026-09-30T12:23:11.671294+00:00,HMzvsEEmtzHhvZNw9uwbaG85HCTmFnkbhzUx16cy7ca3,solana,6,2
2026-09-30T12:23:11.671294+00:00,AG1EhPjsBrkxQWkViuLXF6pQnHwfr9f9sdNneeoykcEJ,solana,7,2
2026-09-30T12:23:11.671294+00:00,Atwk3wi3U2u87n6c7gNdmipHKQgwJRM2c1qLXR3Z8Dbj,solana,8,2
2026-09-30T12:23:11.671294+00:00,DGvB8KyD79wFBJ7Kr7mW54qSfi7Yk3UrhJkcnTSd6frb,solana,9,2
2026-09-30T12:23:11.671294+00:00,HnhpJPJgBG2KwniMTNW8cVBHvk1hFog3RC3kjnyc23tD,solana,10,2
2026-09-30T12:23:11.671294+00:00,2uF4Xh61rDwxnG9woyxsVQP7zuA6kLFpb3NvnRQeoiSd,solana,11,2
2026-09-30T12:23:11.671294+00:00,8ewuF2o8ACro7fqWepZ3tKhkbBjndZU4Ldk9scRPw83d,solana,12,2
2026-09-30T12:23:11.671294+00:00,DxSBgaYreFNFxGu9TEC17n4Usq5jjy4Zf9djT7RBLrGf,solana,13,2
2026-09-30T12:23:11.671294+00:00,4JAnKFddd5fFTk5PxDj3PpTWJuTEfSWQEjZJcgKQ9KwW,solana,14,2
2026-09-30T12:23:11.671294+00:00,H2UTFeuwA6yQP2L3DegdvtA4wCCwLJjKwq2zXepzU1ae,solana,15,2
2026-09-30T12:23:11.671294+00:00,DyVrHutNGpuGFgJzDxZVfpAUbUjo1XJdaN9aDLrfRj6P,solana,16,2
2026-09-30T12:23:11.671294+00:00,5zpyutJu9ee6jFymDGoK7F6S5Kczqtc9FomP3ueKuyA9,solana,17,2
2026-09-30T12:23:11.671294+00:00,Q2sPHPdUWFMg7M7wwrQKLrn619cAucfRsmhVJffodSp,solana,18,2
2026-09-30T12:23:11.671294+00:00,C7r9jXWiVYmBYR2Jj5YSLiEitUGJPjQXWeg7HPU8NwUk,solana,19,2
2026-09-30T12:23:11.671294+00:00,3dcwhqJp6JBTJPq8ga335HWgSQVS7uQmdmeX7iGjMNpj,solana,20,2
2026-09-30T12:31:36.133337+00:00,B4VFURUHHzyt8YzBGBV9jiarBvjh1EbMAbRNBnNqaxUD,solana,1,2
2026-09-30T12:31:36.133337+00:00,9UqFNPpyCzjhJKWnEXBUxFSsgA6g9HLa8yU19mAmcUnE,solana,2,2
2026-09-30T12:31:36.133337+00:00,4zLRGHwKdXyaTovP8UkV66CskWgo9E7kAaGYcw1vFh7E,solana,3,2
2026-09-30T12:31:36.133337+00:00,zxTpi4BtaWX3mgdAPoezkMD1hxx8CdeCfrqXMWvSCLX,solana,4,2
2026-09-30T12:31:36.133337+00:00,6e3jZLtf4tQbWZm3f7A66jF8tfZn6MRQVrbDFgcNWarA,solana,5,2
2026-09-30T12:31:36.133337+00:00,HMzvsEEmtzHhvZNw9uwbaG85HCTmFnkbhzUx16cy7ca3,solana,6,2
2026-09-30T12:31:36.133337+00:00,AG1EhPjsBrkxQWkViuLXF6pQnHwfr9f9sdNneeoykcEJ,solana,7,2
2026-09-30T12:31:36.133337+00:00,Atwk3wi3U2u87n6c7gNdmipHKQgwJRM2c1qLXR3Z8Dbj,solana,8,2
2026-09-30T12:31:36.133337+00:00,DGvB8KyD79wFBJ7Kr7mW54qSfi7Yk3UrhJkcnTSd6frb,solana,9,2
2026-09-30T12:31:36.133337+00:00,HnhpJPJgBG2KwniMTNW8cVBHvk1hFog3RC3kjnyc23tD,solana,10,2
2026-09-30T12:31:36.133337+00:00,2uF4Xh61rDwxnG9woyxsVQP7zuA6kLFpb3NvnRQeoiSd,solana,11,2
2026-09-30T12:31:36.133337+00:00,8ewuF2o8ACro7fqWepZ3tKhkbBjndZU4Ldk9scRPw83d,solana,12,2
2026-09-30T12:31:36.133337+00:00,DxSBgaYreFNFxGu9TEC17n4Usq5jjy4Zf9djT7RBLrGf,solana,13,2
2026-09-30T12:31:36.133337+00:00,4JAnKFddd5fFTk5PxDj3PpTWJuTEfSWQEjZJcgKQ9KwW,solana,14,2
2026-09-30T12:31:36.133337+00:00,H2UTFeuwA6yQP2L3DegdvtA4wCCwLJjKwq2zXepzU1ae,solana,15,2
2026-09-30T12:31:36.133337+00:00,DyVrHutNGpuGFgJzDxZVfpAUbUjo1XJdaN9aDLrfRj6P,solana,16,2
2026-09-30T12:31:36.133337+00:00,5zpyutJu9ee6jFymDGoK7F6S5Kczqtc9FomP3ueKuyA9,solana,17,2
2026-09-30T12:31:36.133337+00:00,Q2sPHPdUWFMg7M7wwrQKLrn619cAucfRsmhVJffodSp,solana,18,2
2026-09-30T12:31:36.133337+00:00,C7r9jXWiVYmBYR2Jj5YSLiEitUGJPjQXWeg7HPU8NwUk,solana,19,2
2026-09-30T12:31:36.133337+00:00,3dcwhqJp6JBTJPq8ga335HWgSQVS7uQmdmeX7iGjMNpj,solana,20,2
2026-09-30T12:39:55.720297+00:00,B4VFURUHHzyt8YzBGBV9jiarBvjh1EbMAbRNBnNqaxUD,solana,1,2
2026-09-30T12:39:55.720297+00:00,9UqFNPpyCzjhJKWnEXBUxFSsgA6g9HLa8yU19mAmcUnE,solana,2,2
2026-09-30T12:39:55.720297+00:00,4zLRGHwKdXyaTovP8UkV66CskWgo9E7kAaGYcw1vFh7E,solana,3,2
2026-09-30T12:39:55.720297+00:00,zxTpi4BtaWX3mgdAPoezkMD1hxx8CdeCfrqXMWvSCLX,solana,4,2
2026-09-30T12:39:55.720297+00:00,6e3jZLtf4tQbWZm3f7A66jF8tfZn6MRQVrbDFgcNWarA,solana,5,2
2026-09-30T12:39:55.720297+00:00,HMzvsEEmtzHhvZNw9uwbaG85HCTmFnkbhzUx16cy7ca3,solana,6,2
2026-09-30T12:39:55.720297+00:00,AG1EhPjsBrkxQWkViuLXF6pQnHwfr9f9sdNneeoykcEJ,solana,7,2
2026-09-30T12:39:55.720297+00:00,Atwk3wi3U2u87n6c7gNdmipHKQgwJRM2c1qLXR3Z8Dbj,solana,8,2
2026-09-30T12:39:55.720297+00:00,DGvB8KyD79wFBJ7Kr7mW54qSfi7Yk3UrhJkcnTSd6frb,solana,9,2
2026-09-30T12:39:55.720297+00:00,HnhpJPJgBG2KwniMTNW8cVBHvk1hFog3RC3kjnyc23tD,solana,10,2
2026-09-30T12:39:55.720297+00:00,2uF4Xh61rDwxnG9woyxsVQP7zuA6kLFpb3NvnRQeoiSd,solana,11,2
2026-09-30T12:39:55.720297+00:00,4JAnKFddd5fFTk5PxDj3PpTWJuTEfSWQEjZJcgKQ9KwW,solana,12,2
2026-09-30T12:39:55.720297+00:00,8ewuF2o8ACro7fqWepZ3tKhkbBjndZU4Ldk9scRPw83d,solana,13,2
2026-09-30T12:39:55.720297+00:00,DxSBgaYreFNFxGu9TEC17n4Usq5jjy4Zf9djT7RBLrGf,solana,14,2
2026-09-30T12:39:55.720297+00:00,DyVrHutNGpuGFgJzDxZVfpAUbUjo1XJdaN9aDLrfRj6P,solana,15,2
2026-09-30T12:39:55.720297+00:00,H2UTFeuwA6yQP2L3DegdvtA4wCCwLJjKwq2zXepzU1ae,solana,16,2
2026-09-30T12:39:55.720297+00:00,5zpyutJu9ee6jFymDGoK7F6S5Kczqtc9FomP3ueKuyA9,solana,17,2
2026-09-30T12:39:55.720297+00:00,Q2sPHPdUWFMg7M7wwrQKLrn619cAucfRsmhVJffodSp,solana,18,2
2026-09-30T12:39:55.720297+00:00,C7r9jXWiVYmBYR2Jj5YSLiEitUGJPjQXWeg7HPU8NwUk,solana,19,2
2026-09-30T12:39:55.720297+00:00,3dcwhqJp6JBTJPq8ga335HWgSQVS7uQmdmeX7iGjMNpj,solana,20,2
2026-09-30T12:48:12.665116+00:00,B4VFURUHHzyt8YzBGBV9jiarBvjh1EbMAbRNBnNqaxUD,solana,1,2
2026-09-30T12:48:12.665116+00:00,9UqFNPpyCzjhJKWnEXBUxFSsgA6g9HLa8yU19mAmcUnE,solana,2,2
2026-09-30T12:48:12.665116+00:00,4zLRGHwKdXyaTovP8UkV66CskWgo9E7kAaGYcw1vFh7E,solana,3,2
2026-09-30T12:48:12.665116+00:00,zxTpi4BtaWX3mgdAPoezkMD1hxx8CdeCfrqXMWvSCLX,solana,4,2
2026-09-30T12:48:12.665116+00:00,6e3jZLtf4tQbWZm3f7A66jF8tfZn6MRQVrbDFgcNWarA,solana,5,2
2026-09-30T12:48:12.665116+00:00,HMzvsEEmtzHhvZNw9uwbaG85HCTmFnkbhzUx16cy7ca3,solana,6,2
2026-09-30T12:48:12.665116+00:00,AG1EhPjsBrkxQWkViuLXF6pQnHwfr9f9sdNneeoykcEJ,solana,7,2
2026-09-30T12:48:12.665116+00:00,Atwk3wi3U2u87n6c7gNdmipHKQgwJRM2c1qLXR3Z8Dbj,solana,8,2
2026-09-30T12:48:12.665116+00:00,DGvB8KyD79wFBJ7Kr7mW54qSfi7Yk3UrhJkcnTSd6frb,solana,9,2
2026-09-30T12:48:12.665116+00:00,HnhpJPJgBG2KwniMTNW8cVBHvk1hFog3RC3kjnyc23tD,solana,10,2
2026-09-30T12:48:12.665116+00:00,2uF4Xh61rDwxnG9woyxsVQP7zuA6kLFpb3NvnRQeoiSd,solana,11,2
2026-09-30T12:48:12.665116+00:00,4JAnKFddd5fFTk5PxDj3PpTWJuTEfSWQEjZJcgKQ9KwW,solana,12,2
2026-09-30T12:48:12.665116+00:00,8ewuF2o8ACro7fqWepZ3tKhkbBjndZU4Ldk9scRPw83d,solana,13,2
2026-09-30T12:48:12.665116+00:00,DxSBgaYreFNFxGu9TEC17n4Usq5jjy4Zf9djT7RBLrGf,solana,14,2
2026-09-30T12:48:12.665116+00:00,DyVrHutNGpuGFgJzDxZVfpAUbUjo1XJdaN9aDLrfRj6P,solana,15,2
2026-09-30T12:48:12.665116+00:00,H2UTFeuwA6yQP2L3DegdvtA4wCCwLJjKwq2zXepzU1ae,solana,16,2
2026-09-30T12:48:12.665116+00:00,Q2sPHPdUWFMg7M7wwrQKLrn619cAucfRsmhVJffodSp,solana,17,2
2026-09-30T12:48:12.665116+00:00,5zpyutJu9ee6jFymDGoK7F6S5Kczqtc9FomP3ueKuyA9,solana,18,2
2026-09-30T12:48:12.665116+00:00,C7r9jXWiVYmBYR2Jj5YSLiEitUGJPjQXWeg7HPU8NwUk,solana,19,2
2026-09-30T12:48:12.665116+00:00,3dcwhqJp6JBTJPq8ga335HWgSQVS7uQmdmeX7iGjMNpj,solana,20,2
2026-09-30T12:56:27.885035+00:00,B4VFURUHHzyt8YzBGBV9jiarBvjh1EbMAbRNBnNqaxUD,solana,1,2
2026-09-30T12:56:27.885035+00:00,9UqFNPpyCzjhJKWnEXBUxFSsgA6g9HLa8yU19mAmcUnE,solana,2,2
2026-09-30T12:56:27.885035+00:00,4zLRGHwKdXyaTovP8UkV66CskWgo9E7kAaGYcw1vFh7E,solana,3,2
2026-09-30T12:56:27.885035+00:00,zxTpi4BtaWX3mgdAPoezkMD1hxx8CdeCfrqXMWvSCLX,solana,4,2
2026-09-30T12:56:27.885035+00:00,6e3jZLtf4tQbWZm3f7A66jF8tfZn6MRQVrbDFgcNWarA,solana,5,2
2026-09-30T12:56:27.885035+00:00,HMzvsEEmtzHhvZNw9uwbaG85HCTmFnkbhzUx16cy7ca3,solana,6,2
2026-09-30T12:56:27.885035+00:00,Atwk3wi3U2u87n6c7gNdmipHKQgwJRM2c1qLXR3Z8Dbj,solana,7,2
2026-09-30T12:56:27.885035+00:00,AG1EhPjsBrkxQWkViuLXF6pQnHwfr9f9sdNneeoykcEJ,solana,8,2
2026-09-30T12:56:27.885035+00:00,DGvB8KyD79wFBJ7Kr7mW54qSfi7Yk3UrhJkcnTSd6frb,solana,9,2
2026-09-30T12:56:27.885035+00:00,HnhpJPJgBG2KwniMTNW8cVBHvk1hFog3RC3kjnyc23tD,solana,10,2
2026-09-30T12:56:27.885035+00:00,2uF4Xh61rDwxnG9woyxsVQP7zuA6kLFpb3NvnRQeoiSd,solana,11,2
2026-09-30T12:56:27.885035+00:00,8ewuF2o8ACro7fqWepZ3tKhkbBjndZU4Ldk9scRPw83d,solana,12,2
2026-09-30T12:56:27.885035+00:00,4JAnKFddd5fFTk5PxDj3PpTWJuTEfSWQEjZJcgKQ9KwW,solana,13,2
2026-09-30T12:56:27.885035+00:00,DxSBgaYreFNFxGu9TEC17n4Usq5jjy4Zf9djT7RBLrGf,solana,14,2
2026-09-30T12:56:27.885035+00:00,DyVrHutNGpuGFgJzDxZVfpAUbUjo1XJdaN9aDLrfRj6P,solana,15,2
2026-09-30T12:56:27.885035+00:00,H2UTFeuwA6yQP2L3DegdvtA4wCCwLJjKwq2zXepzU1ae,solana,16,2
2026-09-30T12:56:27.885035+00:00,Q2sPHPdUWFMg7M7wwrQKLrn619cAucfRsmhVJffodSp,solana,17,2
2026-09-30T12:56:27.885035+00:00,5zpyutJu9ee6jFymDGoK7F6S5Kczqtc9FomP3ueKuyA9,solana,18,2
2026-09-30T12:56:27.885035+00:00,C7r9jXWiVYmBYR2Jj5YSLiEitUGJPjQXWeg7HPU8NwUk,solana,19,2
2026-09-30T12:56:27.885035+00:00,3dcwhqJp6JBTJPq8ga335HWgSQVS7uQmdmeX7iGjMNpj,solana,20,2
2026-09-30T13:04:20.719880+00:00,B4VFURUHHzyt8YzBGBV9jiarBvjh1EbMAbRNBnNqaxUD,solana,1,2
2026-09-30T13:04:20.719880+00:00,9UqFNPpyCzjhJKWnEXBUxFSsgA6g9HLa8yU19mAmcUnE,solana,2,2
2026-09-30T13:04:20.719880+00:00,4zLRGHwKdXyaTovP8UkV66CskWgo9E7kAaGYcw1vFh7E,solana,3,2
2026-09-30T13:04:20.719880+00:00,zxTpi4BtaWX3mgdAPoezkMD1hxx8CdeCfrqXMWvSCLX,solana,4,2
2026-09-30T13:04:20.719880+00:00,HMzvsEEmtzHhvZNw9uwbaG85HCTmFnkbhzUx16cy7ca3,solana,5,2
2026-09-30T13:04:20.719880+00:00,6e3jZLtf4tQbWZm3f7A66jF8tfZn6MRQVrbDFgcNWarA,solana,6,2
2026-09-30T13:04:20.719880+00:00,Atwk3wi3U2u87n6c7gNdmipHKQgwJRM2c1qLXR3Z8Dbj,solana,7,2
2026-09-30T13:04:20.719880+00:00,AG1EhPjsBrkxQWkViuLXF6pQnHwfr9f9sdNneeoykcEJ,solana,8,2
2026-09-30T13:04:20.719880+00:00,DGvB8KyD79wFBJ7Kr7mW54qSfi7Yk3UrhJkcnTSd6frb,solana,9,2
2026-09-30T13:04:20.719880+00:00,2uF4Xh61rDwxnG9woyxsVQP7zuA6kLFpb3NvnRQeoiSd,solana,10,2
2026-09-30T13:04:20.719880+00:00,HnhpJPJgBG2KwniMTNW8cVBHvk1hFog3RC3kjnyc23tD,solana,11,2
2026-09-30T13:04:20.719880+00:00,4JAnKFddd5fFTk5PxDj3PpTWJuTEfSWQEjZJcgKQ9KwW,solana,12,2
2026-09-30T13:04:20.719880+00:00,DyVrHutNGpuGFgJzDxZVfpAUbUjo1XJdaN9aDLrfRj6P,solana,13,2
2026-09-30T13:04:20.719880+00:00,Q2sPHPdUWFMg7M7wwrQKLrn619cAucfRsmhVJffodSp,solana,14,2
2026-09-30T13:04:20.719880+00:00,DxSBgaYreFNFxGu9TEC17n4Usq5jjy4Zf9djT7RBLrGf,solana,15,2
2026-09-30T13:04:20.719880+00:00,8ewuF2o8ACro7fqWepZ3tKhkbBjndZU4Ldk9scRPw83d,solana,16,2
2026-09-30T13:04:20.719880+00:00,H2UTFeuwA6yQP2L3DegdvtA4wCCwLJjKwq2zXepzU1ae,solana,17,2
2026-09-30T13:04:20.719880+00:00,5zpyutJu9ee6jFymDGoK7F6S5Kczqtc9FomP3ueKuyA9,solana,18,2
2026-09-30T13:04:20.719880+00:00,C7r9jXWiVYmBYR2Jj5YSLiEitUGJPjQXWeg7HPU8NwUk,solana,19,2
2026-09-30T13:04:20.719880+00:00,3dcwhqJp6JBTJPq8ga335HWgSQVS7uQmdmeX7iGjMNpj,solana,20,2
2026-09-30T13:12:37.953420+00:00,B4VFURUHHzyt8YzBGBV9jiarBvjh1EbMAbRNBnNqaxUD,solana,1,2
2026-09-30T13:12:37.953420+00:00,9UqFNPpyCzjhJKWnEXBUxFSsgA6g9HLa8yU19mAmcUnE,solana,2,2
2026-09-30T13:12:37.953420+00:00,4zLRGHwKdXyaTovP8UkV66CskWgo9E7kAaGYcw1vFh7E,solana,3,2
2026-09-30T13:12:37.953420+00:00,zxTpi4BtaWX3mgdAPoezkMD1hxx8CdeCfrqXMWvSCLX,solana,4,2
2026-09-30T13:12:37.953420+00:00,HMzvsEEmtzHhvZNw9uwbaG85HCTmFnkbhzUx16cy7ca3,solana,5,2
2026-09-30T13:12:37.953420+00:00,6e3jZLtf4tQbWZm3f7A66jF8tfZn6MRQVrbDFgcNWarA,solana,6,2
2026-09-30T13:12:37.953420+00:00,Atwk3wi3U2u87n6c7gNdmipHKQgwJRM2c1qLXR3Z8Dbj,solana,7,2
2026-09-30T13:12:37.953420+00:00,AG1EhPjsBrkxQWkViuLXF6pQnHwfr9f9sdNneeoykcEJ,solana,8,2
2026-09-30T13:12:37.953420+00:00,DGvB8KyD79wFBJ7Kr7mW54qSfi7Yk3UrhJkcnTSd6frb,solana,9,2
2026-09-30T13:12:37.953420+00:00,2uF4Xh61rDwxnG9woyxsVQP7zuA6kLFpb3NvnRQeoiSd,solana,10,2
2026-09-30T13:12:37.953420+00:00,HnhpJPJgBG2KwniMTNW8cVBHvk1hFog3RC3kjnyc23tD,solana,11,2
2026-09-30T13:12:37.953420+00:00,4JAnKFddd5fFTk5PxDj3PpTWJuTEfSWQEjZJcgKQ9KwW,solana,12,2
2026-09-30T13:12:37.953420+00:00,Q2sPHPdUWFMg7M7wwrQKLrn619cAucfRsmhVJffodSp,solana,13,2
2026-09-30T13:12:37.953420+00:00,DyVrHutNGpuGFgJzDxZVfpAUbUjo1XJdaN9aDLrfRj6P,solana,14,2
2026-09-30T13:12:37.953420+00:00,H2UTFeuwA6yQP2L3DegdvtA4wCCwLJjKwq2zXepzU1ae,solana,15,2
2026-09-30T13:12:37.953420+00:00,DxSBgaYreFNFxGu9TEC17n4Usq5jjy4Zf9djT7RBLrGf,solana,16,2
2026-09-30T13:12:37.953420+00:00,8ewuF2o8ACro7fqWepZ3tKhkbBjndZU4Ldk9scRPw83d,solana,17,2
2026-09-30T13:12:37.953420+00:00,5zpyutJu9ee6jFymDGoK7F6S5Kczqtc9FomP3ueKuyA9,solana,18,2
2026-09-30T13:12:37.953420+00:00,C7r9jXWiVYmBYR2Jj5YSLiEitUGJPjQXWeg7HPU8NwUk,solana,19,2
2026-09-30T13:12:37.953420+00:00,3dcwhqJp6JBTJPq8ga335HWgSQVS7uQmdmeX7iGjMNpj,solana,20,2
2026-09-30T13:21:21.935776+00:00,B4VFURUHHzyt8YzBGBV9jiarBvjh1EbMAbRNBnNqaxUD,solana,1,2
2026-09-30T13:21:21.935776+00:00,9UqFNPpyCzjhJKWnEXBUxFSsgA6g9HLa8yU19mAmcUnE,solana,2,2
2026-09-30T13:21:21.935776+00:00,4zLRGHwKdXyaTovP8UkV66CskWgo9E7kAaGYcw1vFh7E,solana,3,2
2026-09-30T13:21:21.935776+00:00,zxTpi4BtaWX3mgdAPoezkMD1hxx8CdeCfrqXMWvSCLX,solana,4,2
2026-09-30T13:21:21.935776+00:00,HMzvsEEmtzHhvZNw9uwbaG85HCTmFnkbhzUx16cy7ca3,solana,5,2
2026-09-30T13:21:21.935776+00:00,Atwk3wi3U2u87n6c7gNdmipHKQgwJRM2c1qLXR3Z8Dbj,solana,6,2
2026-09-30T13:21:21.935776+00:00,6e3jZLtf4tQbWZm3f7A66jF8tfZn6MRQVrbDFgcNWarA,solana,7,2
2026-09-30T13:21:21.935776+00:00,AG1EhPjsBrkxQWkViuLXF6pQnHwfr9f9sdNneeoykcEJ,solana,8,2
2026-09-30T13:21:21.935776+00:00,DGvB8KyD79wFBJ7Kr7mW54qSfi7Yk3UrhJkcnTSd6frb,solana,9,2
2026-09-30T13:21:21.935776+00:00,2uF4Xh61rDwxnG9woyxsVQP7zuA6kLFpb3NvnRQeoiSd,solana,10,2
2026-09-30T13:21:21.935776+00:00,HnhpJPJgBG2KwniMTNW8cVBHvk1hFog3RC3kjnyc23tD,solana,11,2
2026-09-30T13:21:21.935776+00:00,4JAnKFddd5fFTk5PxDj3PpTWJuTEfSWQEjZJcgKQ9KwW,solana,12,2
2026-09-30T13:21:21.935776+00:00,Q2sPHPdUWFMg7M7wwrQKLrn619cAucfRsmhVJffodSp,solana,13,2
2026-09-30T13:21:21.935776+00:00,DyVrHutNGpuGFgJzDxZVfpAUbUjo1XJdaN9aDLrfRj6P,solana,14,2
2026-09-30T13:21:21.935776+00:00,H2UTFeuwA6yQP2L3DegdvtA4wCCwLJjKwq2zXepzU1ae,solana,15,2
2026-09-30T13:21:21.935776+00:00,8ewuF2o8ACro7fqWepZ3tKhkbBjndZU4Ldk9scRPw83d,solana,16,2
2026-09-30T13:21:21.935776+00:00,DxSBgaYreFNFxGu9TEC17n4Usq5jjy4Zf9djT7RBLrGf,solana,17,2
2026-09-30T13:21:21.935776+00:00,5zpyutJu9ee6jFymDGoK7F6S5Kczqtc9FomP3ueKuyA9,solana,18,2
2026-09-30T13:21:21.935776+00:00,C7r9jXWiVYmBYR2Jj5YSLiEitUGJPjQXWeg7HPU8NwUk,solana,19,2
2026-09-30T13:21:21.935776+00:00,3dcwhqJp6JBTJPq8ga335HWgSQVS7uQmdmeX7iGjMNpj,solana,20,2
2026-09-30T13:29:34.632789+00:00,B4VFURUHHzyt8YzBGBV9jiarBvjh1EbMAbRNBnNqaxUD,solana,1,2
2026-09-30T13:29:34.632789+00:00,9UqFNPpyCzjhJKWnEXBUxFSsgA6g9HLa8yU19mAmcUnE,solana,2,2
2026-09-30T13:29:34.632789+00:00,4zLRGHwKdXyaTovP8UkV66CskWgo9E7kAaGYcw1vFh7E,solana,3,2
2026-09-30T13:29:34.632789+00:00,zxTpi4BtaWX3mgdAPoezkMD1hxx8CdeCfrqXMWvSCLX,solana,4,2
2026-09-30T13:29:34.632789+00:00,HMzvsEEmtzHhvZNw9uwbaG85HCTmFnkbhzUx16cy7ca3,solana,5,2
2026-09-30T13:29:34.632789+00:00,Atwk3wi3U2u87n6c7gNdmipHKQgwJRM2c1qLXR3Z8Dbj,solana,6,2
2026-09-30T13:29:34.632789+00:00,6e3jZLtf4tQbWZm3f7A66jF8tfZn6MRQVrbDFgcNWarA,solana,7,2
2026-09-30T13:29:34.632789+00:00,AG1EhPjsBrkxQWkViuLXF6pQnHwfr9f9sdNneeoykcEJ,solana,8,2
2026-09-30T13:29:34.632789+00:00,DGvB8KyD79wFBJ7Kr7mW54qSfi7Yk3UrhJkcnTSd6frb,solana,9,2
2026-09-30T13:29:34.632789+00:00,2uF4Xh61rDwxnG9woyxsVQP7zuA6kLFpb3NvnRQeoiSd,solana,10,2
2026-09-30T13:29:34.632789+00:00,HnhpJPJgBG2KwniMTNW8cVBHvk1hFog3RC3kjnyc23tD,solana,11,2
2026-09-30T13:29:34.632789+00:00,4JAnKFddd5fFTk5PxDj3PpTWJuTEfSWQEjZJcgKQ9KwW,solana,12,2
2026-09-30T13:29:34.632789+00:00,Q2sPHPdUWFMg7M7wwrQKLrn619cAucfRsmhVJffodSp,solana,13,2
2026-09-30T13:29:34.632789+00:00,DyVrHutNGpuGFgJzDxZVfpAUbUjo1XJdaN9aDLrfRj6P,solana,14,2
2026-09-30T13:29:34.632789+00:00,H2UTFeuwA6yQP2L3DegdvtA4wCCwLJjKwq2zXepzU1ae,solana,15,2
2026-09-30T13:29:34.632789+00:00,8ewuF2o8ACro7fqWepZ3tKhkbBjndZU4Ldk9scRPw83d,solana,16,2
2026-09-30T13:29:34.632789+00:00,DxSBgaYreFNFxGu9TEC17n4Usq5jjy4Zf9djT7RBLrGf,solana,17,2
2026-09-30T13:29:34.632789+00:00,5zpyutJu9ee6jFymDGoK7F6S5Kczqtc9FomP3ueKuyA9,solana,18,2
2026-09-30T13:29:34.632789+00:00,C7r9jXWiVYmBYR2Jj5YSLiEitUGJPjQXWeg7HPU8NwUk,solana,19,2
2026-09-30T13:29:34.632789+00:00,3dcwhqJp6JBTJPq8ga335HWgSQVS7uQmdmeX7iGjMNpj,solana,20,2
2026-09-30T13:38:05.312097+00:00,B4VFURUHHzyt8YzBGBV9jiarBvjh1EbMAbRNBnNqaxUD,solana,1,2
2026-09-30T13:38:05.312097+00:00,9UqFNPpyCzjhJKWnEXBUxFSsgA6g9HLa8yU19mAmcUnE,solana,2,2
2026-09-30T13:38:05.312097+00:00,4zLRGHwKdXyaTovP8UkV66CskWgo9E7kAaGYcw1vFh7E,solana,3,2
2026-09-30T13:38:05.312097+00:00,zxTpi4BtaWX3mgdAPoezkMD1hxx8CdeCfrqXMWvSCLX,solana,4,2
2026-09-30T13:38:05.312097+00:00,HMzvsEEmtzHhvZNw9uwbaG85HCTmFnkbhzUx16cy7ca3,solana,5,2
2026-09-30T13:38:05.312097+00:00,Atwk3wi3U2u87n6c7gNdmipHKQgwJRM2c1qLXR3Z8Dbj,solana,6,2
2026-09-30T13:38:05.312097+00:00,6e3jZLtf4tQbWZm3f7A66jF8tfZn6MRQVrbDFgcNWarA,solana,7,2
2026-09-30T13:38:05.312097+00:00,AG1EhPjsBrkxQWkViuLXF6pQnHwfr9f9sdNneeoykcEJ,solana,8,2
2026-09-30T13:38:05.312097+00:00,DGvB8KyD79wFBJ7Kr7mW54qSfi7Yk3UrhJkcnTSd6frb,solana,9,2
2026-09-30T13:38:05.312097+00:00,2uF4Xh61rDwxnG9woyxsVQP7zuA6kLFpb3NvnRQeoiSd,solana,10,2
2026-09-30T13:38:05.312097+00:00,HnhpJPJgBG2KwniMTNW8cVBHvk1hFog3RC3kjnyc23tD,solana,11,2
2026-09-30T13:38:05.312097+00:00,4JAnKFddd5fFTk5PxDj3PpTWJuTEfSWQEjZJcgKQ9KwW,solana,12,2
2026-09-30T13:38:05.312097+00:00,Q2sPHPdUWFMg7M7wwrQKLrn619cAucfRsmhVJffodSp,solana,13,2
2026-09-30T13:38:05.312097+00:00,DyVrHutNGpuGFgJzDxZVfpAUbUjo1XJdaN9aDLrfRj6P,solana,14,2
2026-09-30T13:38:05.312097+00:00,H2UTFeuwA6yQP2L3DegdvtA4wCCwLJjKwq2zXepzU1ae,solana,15,2
2026-09-30T13:38:05.312097+00:00,8ewuF2o8ACro7fqWepZ3tKhkbBjndZU4Ldk9scRPw83d,solana,16,2
2026-09-30T13:38:05.312097+00:00,DxSBgaYreFNFxGu9TEC17n4Usq5jjy4Zf9djT7RBLrGf,solana,17,2
2026-09-30T13:38:05.312097+00:00,5zpyutJu9ee6jFymDGoK7F6S5Kczqtc9FomP3ueKuyA9,solana,18,2
2026-09-30T13:38:05.312097+00:00,C7r9jXWiVYmBYR2Jj5YSLiEitUGJPjQXWeg7HPU8NwUk,solana,19,2
2026-09-30T13:38:05.312097+00:00,3dcwhqJp6JBTJPq8ga335HWgSQVS7uQmdmeX7iGjMNpj,solana,20,2
2026-09-30T13:46:21.245660+00:00,B4VFURUHHzyt8YzBGBV9jiarBvjh1EbMAbRNBnNqaxUD,solana,1,2
2026-09-30T13:46:21.245660+00:00,9UqFNPpyCzjhJKWnEXBUxFSsgA6g9HLa8yU19mAmcUnE,solana,2,2
2026-09-30T13:46:21.245660+00:00,4zLRGHwKdXyaTovP8UkV66CskWgo9E7kAaGYcw1vFh7E,solana,3,2
2026-09-30T13:46:21.245660+00:00,zxTpi4BtaWX3mgdAPoezkMD1hxx8CdeCfrqXMWvSCLX,solana,4,2
2026-09-30T13:46:21.245660+00:00,HMzvsEEmtzHhvZNw9uwbaG85HCTmFnkbhzUx16cy7ca3,solana,5,2
2026-09-30T13:46:21.245660+00:00,Atwk3wi3U2u87n6c7gNdmipHKQgwJRM2c1qLXR3Z8Dbj,solana,6,2
2026-09-30T13:46:21.245660+00:00,6e3jZLtf4tQbWZm3f7A66jF8tfZn6MRQVrbDFgcNWarA,solana,7,2
2026-09-30T13:46:21.245660+00:00,AG1EhPjsBrkxQWkViuLXF6pQnHwfr9f9sdNneeoykcEJ,solana,8,2
2026-09-30T13:46:21.245660+00:00,DGvB8KyD79wFBJ7Kr7mW54qSfi7Yk3UrhJkcnTSd6frb,solana,9,2
2026-09-30T13:46:21.245660+00:00,2uF4Xh61rDwxnG9woyxsVQP7zuA6kLFpb3NvnRQeoiSd,solana,10,2
2026-09-30T13:46:21.245660+00:00,HnhpJPJgBG2KwniMTNW8cVBHvk1hFog3RC3kjnyc23tD,solana,11,2
2026-09-30T13:46:21.245660+00:00,4JAnKFddd5fFTk5PxDj3PpTWJuTEfSWQEjZJcgKQ9KwW,solana,12,2
2026-09-30T13:46:21.245660+00:00,Q2sPHPdUWFMg7M7wwrQKLrn619cAucfRsmhVJffodSp,solana,13,2
2026-09-30T13:46:21.245660+00:00,DyVrHutNGpuGFgJzDxZVfpAUbUjo1XJdaN9aDLrfRj6P,solana,14,2
2026-09-30T13:46:21.245660+00:00,H2UTFeuwA6yQP2L3DegdvtA4wCCwLJjKwq2zXepzU1ae,solana,15,2
2026-09-30T13:46:21.245660+00:00,8ewuF2o8ACro7fqWepZ3tKhkbBjndZU4Ldk9scRPw83d,solana,16,2
2026-09-30T13:46:21.245660+00:00,DxSBgaYreFNFxGu9TEC17n4Usq5jjy4Zf9djT7RBLrGf,solana,17,2
2026-09-30T13:46:21.245660+00:00,5zpyutJu9ee6jFymDGoK7F6S5Kczqtc9FomP3ueKuyA9,solana,18,2
2026-09-30T13:46:21.245660+00:00,C7r9jXWiVYmBYR2Jj5YSLiEitUGJPjQXWeg7HPU8NwUk,solana,19,2
2026-09-30T13:46:21.245660+00:00,3dcwhqJp6JBTJPq8ga335HWgSQVS7uQmdmeX7iGjMNpj,solana,20,2
2026-09-30T13:54:15.462803+00:00,B4VFURUHHzyt8YzBGBV9jiarBvjh1EbMAbRNBnNqaxUD,solana,1,2
2026-09-30T13:54:15.462803+00:00,9UqFNPpyCzjhJKWnEXBUxFSsgA6g9HLa8yU19mAmcUnE,solana,2,2
2026-09-30T13:54:15.462803+00:00,4zLRGHwKdXyaTovP8UkV66CskWgo9E7kAaGYcw1vFh7E,solana,3,2
2026-09-30T13:54:15.462803+00:00,zxTpi4BtaWX3mgdAPoezkMD1hxx8CdeCfrqXMWvSCLX,solana,4,2
2026-09-30T13:54:15.462803+00:00,HMzvsEEmtzHhvZNw9uwbaG85HCTmFnkbhzUx16cy7ca3,solana,5,2
2026-09-30T13:54:15.462803+00:00,Atwk3wi3U2u87n6c7gNdmipHKQgwJRM2c1qLXR3Z8Dbj,solana,6,2
2026-09-30T13:54:15.462803+00:00,6e3jZLtf4tQbWZm3f7A66jF8tfZn6MRQVrbDFgcNWarA,solana,7,2
2026-09-30T13:54:15.462803+00:00,AG1EhPjsBrkxQWkViuLXF6pQnHwfr9f9sdNneeoykcEJ,solana,8,2
2026-09-30T13:54:15.462803+00:00,DGvB8KyD79wFBJ7Kr7mW54qSfi7Yk3UrhJkcnTSd6frb,solana,9,2
2026-09-30T13:54:15.462803+00:00,2uF4Xh61rDwxnG9woyxsVQP7zuA6kLFpb3NvnRQeoiSd,solana,10,2
2026-09-30T13:54:15.462803+00:00,HnhpJPJgBG2KwniMTNW8cVBHvk1hFog3RC3kjnyc23tD,solana,11,2
2026-09-30T13:54:15.462803+00:00,4JAnKFddd5fFTk5PxDj3PpTWJuTEfSWQEjZJcgKQ9KwW,solana,12,2
2026-09-30T13:54:15.462803+00:00,Q2sPHPdUWFMg7M7wwrQKLrn619cAucfRsmhVJffodSp,solana,13,2
2026-09-30T13:54:15.462803+00:00,DyVrHutNGpuGFgJzDxZVfpAUbUjo1XJdaN9aDLrfRj6P,solana,14,2
2026-09-30T13:54:15.462803+00:00,H2UTFeuwA6yQP2L3DegdvtA4wCCwLJjKwq2zXepzU1ae,solana,15,2
2026-09-30T13:54:15.462803+00:00,8ewuF2o8ACro7fqWepZ3tKhkbBjndZU4Ldk9scRPw83d,solana,16,2
2026-09-30T13:54:15.462803+00:00,DxSBgaYreFNFxGu9TEC17n4Usq5jjy4Zf9djT7RBLrGf,solana,17,2
2026-09-30T13:54:15.462803+00:00,5zpyutJu9ee6jFymDGoK7F6S5Kczqtc9FomP3ueKuyA9,solana,18,2
2026-09-30T13:54:15.462803+00:00,C7r9jXWiVYmBYR2Jj5YSLiEitUGJPjQXWeg7HPU8NwUk,solana,19,2
2026-09-30T13:54:15.462803+00:00,3dcwhqJp6JBTJPq8ga335HWgSQVS7uQmdmeX7iGjMNpj,solana,20,2
2026-09-30T14:02:36.351488+00:00,B4VFURUHHzyt8YzBGBV9jiarBvjh1EbMAbRNBnNqaxUD,solana,1,2
2026-09-30T14:02:36.351488+00:00,9UqFNPpyCzjhJKWnEXBUxFSsgA6g9HLa8yU19mAmcUnE,solana,2,2
2026-09-30T14:02:36.351488+00:00,4zLRGHwKdXyaTovP8UkV66CskWgo9E7kAaGYcw1vFh7E,solana,3,2
2026-09-30T14:02:36.351488+00:00,zxTpi4BtaWX3mgdAPoezkMD1hxx8CdeCfrqXMWvSCLX,solana,4,2
2026-09-30T14:02:36.351488+00:00,HMzvsEEmtzHhvZNw9uwbaG85HCTmFnkbhzUx16cy7ca3,solana,5,2
2026-09-30T14:02:36.351488+00:00,Atwk3wi3U2u87n6c7gNdmipHKQgwJRM2c1qLXR3Z8Dbj,solana,6,2
2026-09-30T14:02:36.351488+00:00,6e3jZLtf4tQbWZm3f7A66jF8tfZn6MRQVrbDFgcNWarA,solana,7,2
2026-09-30T14:02:36.351488+00:00,AG1EhPjsBrkxQWkViuLXF6pQnHwfr9f9sdNneeoykcEJ,solana,8,2
2026-09-30T14:02:36.351488+00:00,DGvB8KyD79wFBJ7Kr7mW54qSfi7Yk3UrhJkcnTSd6frb,solana,9,2
2026-09-30T14:02:36.351488+00:00,2uF4Xh61rDwxnG9woyxsVQP7zuA6kLFpb3NvnRQeoiSd,solana,10,2
2026-09-30T14:02:36.351488+00:00,HnhpJPJgBG2KwniMTNW8cVBHvk1hFog3RC3kjnyc23tD,solana,11,2
2026-09-30T14:02:36.351488+00:00,4JAnKFddd5fFTk5PxDj3PpTWJuTEfSWQEjZJcgKQ9KwW,solana,12,2
2026-09-30T14:02:36.351488+00:00,Q2sPHPdUWFMg7M7wwrQKLrn619cAucfRsmhVJffodSp,solana,13,2
2026-09-30T14:02:36.351488+00:00,DyVrHutNGpuGFgJzDxZVfpAUbUjo1XJdaN9aDLrfRj6P,solana,14,2
2026-09-30T14:02:36.351488+00:00,H2UTFeuwA6yQP2L3DegdvtA4wCCwLJjKwq2zXepzU1ae,solana,15,2
2026-09-30T14:02:36.351488+00:00,DxSBgaYreFNFxGu9TEC17n4Usq5jjy4Zf9djT7RBLrGf,solana,16,2
2026-09-30T14:02:36.351488+00:00,8ewuF2o8ACro7fqWepZ3tKhkbBjndZU4Ldk9scRPw83d,solana,17,2
2026-09-30T14:02:36.351488+00:00,C7r9jXWiVYmBYR2Jj5YSLiEitUGJPjQXWeg7HPU8NwUk,solana,18,2
2026-09-30T14:02:36.351488+00:00,5zpyutJu9ee6jFymDGoK7F6S5Kczqtc9FomP3ueKuyA9,solana,19,2
2026-09-30T14:02:36.351488+00:00,3dcwhqJp6JBTJPq8ga335HWgSQVS7uQmdmeX7iGjMNpj,solana,20,2
2026-09-30T14:11:02.445033+00:00,B4VFURUHHzyt8YzBGBV9jiarBvjh1EbMAbRNBnNqaxUD,solana,1,2
2026-09-30T14:11:02.445033+00:00,9UqFNPpyCzjhJKWnEXBUxFSsgA6g9HLa8yU19mAmcUnE,solana,2,2
2026-09-30T14:11:02.445033+00:00,4zLRGHwKdXyaTovP8UkV66CskWgo9E7kAaGYcw1vFh7E,solana,3,2
2026-09-30T14:11:02.445033+00:00,HMzvsEEmtzHhvZNw9uwbaG85HCTmFnkbhzUx16cy7ca3,solana,4,2
2026-09-30T14:11:02.445033+00:00,zxTpi4BtaWX3mgdAPoezkMD1hxx8CdeCfrqXMWvSCLX,solana,5,2
2026-09-30T14:11:02.445033+00:00,Atwk3wi3U2u87n6c7gNdmipHKQgwJRM2c1qLXR3Z8Dbj,solana,6,2
2026-09-30T14:11:02.445033+00:00,6e3jZLtf4tQbWZm3f7A66jF8tfZn6MRQVrbDFgcNWarA,solana,7,2
2026-09-30T14:11:02.445033+00:00,AG1EhPjsBrkxQWkViuLXF6pQnHwfr9f9sdNneeoykcEJ,solana,8,2
2026-09-30T14:11:02.445033+00:00,DGvB8KyD79wFBJ7Kr7mW54qSfi7Yk3UrhJkcnTSd6frb,solana,9,2
2026-09-30T14:11:02.445033+00:00,2uF4Xh61rDwxnG9woyxsVQP7zuA6kLFpb3NvnRQeoiSd,solana,10,2
2026-09-30T14:11:02.445033+00:00,HnhpJPJgBG2KwniMTNW8cVBHvk1hFog3RC3kjnyc23tD,solana,11,2
2026-09-30T14:11:02.445033+00:00,4JAnKFddd5fFTk5PxDj3PpTWJuTEfSWQEjZJcgKQ9KwW,solana,12,2
2026-09-30T14:11:02.445033+00:00,Q2sPHPdUWFMg7M7wwrQKLrn619cAucfRsmhVJffodSp,solana,13,2
2026-09-30T14:11:02.445033+00:00,DyVrHutNGpuGFgJzDxZVfpAUbUjo1XJdaN9aDLrfRj6P,solana,14,2
2026-09-30T14:11:02.445033+00:00,H2UTFeuwA6yQP2L3DegdvtA4wCCwLJjKwq2zXepzU1ae,solana,15,2
2026-09-30T14:11:02.445033+00:00,DxSBgaYreFNFxGu9TEC17n4Usq5jjy4Zf9djT7RBLrGf,solana,16,2
2026-09-30T14:11:02.445033+00:00,8ewuF2o8ACro7fqWepZ3tKhkbBjndZU4Ldk9scRPw83d,solana,17,2
2026-09-30T14:11:02.445033+00:00,5zpyutJu9ee6jFymDGoK7F6S5Kczqtc9FomP3ueKuyA9,solana,18,2
2026-09-30T14:11:02.445033+00:00,C7r9jXWiVYmBYR2Jj5YSLiEitUGJPjQXWeg7HPU8NwUk,solana,19,2
2026-09-30T14:11:02.445033+00:00,3dcwhqJp6JBTJPq8ga335HWgSQVS7uQmdmeX7iGjMNpj,solana,20,2
2026-09-30T14:19:28.390358+00:00,B4VFURUHHzyt8YzBGBV9jiarBvjh1EbMAbRNBnNqaxUD,solana,1,2
2026-09-30T14:19:28.390358+00:00,9UqFNPpyCzjhJKWnEXBUxFSsgA6g9HLa8yU19mAmcUnE,solana,2,2
2026-09-30T14:19:28.390358+00:00,4zLRGHwKdXyaTovP8UkV66CskWgo9E7kAaGYcw1vFh7E,solana,3,2
2026-09-30T14:19:28.390358+00:00,HMzvsEEmtzHhvZNw9uwbaG85HCTmFnkbhzUx16cy7ca3,solana,4,2
2026-09-30T14:19:28.390358+00:00,zxTpi4BtaWX3mgdAPoezkMD1hxx8CdeCfrqXMWvSCLX,solana,5,2
2026-09-30T14:19:28.390358+00:00,Atwk3wi3U2u87n6c7gNdmipHKQgwJRM2c1qLXR3Z8Dbj,solana,6,2
2026-09-30T14:19:28.390358+00:00,6e3jZLtf4tQbWZm3f7A66jF8tfZn6MRQVrbDFgcNWarA,solana,7,2
2026-09-30T14:19:28.390358+00:00,AG1EhPjsBrkxQWkViuLXF6pQnHwfr9f9sdNneeoykcEJ,solana,8,2
2026-09-30T14:19:28.390358+00:00,DGvB8KyD79wFBJ7Kr7mW54qSfi7Yk3UrhJkcnTSd6frb,solana,9,2
2026-09-30T14:19:28.390358+00:00,2uF4Xh61rDwxnG9woyxsVQP7zuA6kLFpb3NvnRQeoiSd,solana,10,2
2026-09-30T14:19:28.390358+00:00,HnhpJPJgBG2KwniMTNW8cVBHvk1hFog3RC3kjnyc23tD,solana,11,2
2026-09-30T14:19:28.390358+00:00,4JAnKFddd5fFTk5PxDj3PpTWJuTEfSWQEjZJcgKQ9KwW,solana,12,2
2026-09-30T14:19:28.390358+00:00,Q2sPHPdUWFMg7M7wwrQKLrn619cAucfRsmhVJffodSp,solana,13,2
2026-09-30T14:19:28.390358+00:00,DyVrHutNGpuGFgJzDxZVfpAUbUjo1XJdaN9aDLrfRj6P,solana,14,2
2026-09-30T14:19:28.390358+00:00,H2UTFeuwA6yQP2L3DegdvtA4wCCwLJjKwq2zXepzU1ae,solana,15,2
2026-09-30T14:19:28.390358+00:00,DxSBgaYreFNFxGu9TEC17n4Usq5jjy4Zf9djT7RBLrGf,solana,16,2
2026-09-30T14:19:28.390358+00:00,8ewuF2o8ACro7fqWepZ3tKhkbBjndZU4Ldk9scRPw83d,solana,17,2
2026-09-30T14:19:28.390358+00:00,5zpyutJu9ee6jFymDGoK7F6S5Kczqtc9FomP3ueKuyA9,solana,18,2
2026-09-30T14:19:28.390358+00:00,C7r9jXWiVYmBYR2Jj5YSLiEitUGJPjQXWeg7HPU8NwUk,solana,19,2
2026-09-30T14:19:28.390358+00:00,3dcwhqJp6JBTJPq8ga335HWgSQVS7uQmdmeX7iGjMNpj,solana,20,2
2026-09-30T14:29:52.459828+00:00,B4VFURUHHzyt8YzBGBV9jiarBvjh1EbMAbRNBnNqaxUD,solana,1,2
2026-09-30T14:29:52.459828+00:00,9UqFNPpyCzjhJKWnEXBUxFSsgA6g9HLa8yU19mAmcUnE,solana,2,2
2026-09-30T14:29:52.459828+00:00,4zLRGHwKdXyaTovP8UkV66CskWgo9E7kAaGYcw1vFh7E,solana,3,2
2026-09-30T14:29:52.459828+00:00,zxTpi4BtaWX3mgdAPoezkMD1hxx8CdeCfrqXMWvSCLX,solana,4,2
2026-09-30T14:29:52.459828+00:00,HMzvsEEmtzHhvZNw9uwbaG85HCTmFnkbhzUx16cy7ca3,solana,5,2
2026-09-30T14:29:52.459828+00:00,Atwk3wi3U2u87n6c7gNdmipHKQgwJRM2c1qLXR3Z8Dbj,solana,6,2
2026-09-30T14:29:52.459828+00:00,6e3jZLtf4tQbWZm3f7A66jF8tfZn6MRQVrbDFgcNWarA,solana,7,2
2026-09-30T14:29:52.459828+00:00,AG1EhPjsBrkxQWkViuLXF6pQnHwfr9f9sdNneeoykcEJ,solana,8,2
2026-09-30T14:29:52.459828+00:00,DGvB8KyD79wFBJ7Kr7mW54qSfi7Yk3UrhJkcnTSd6frb,solana,9,2
2026-09-30T14:29:52.459828+00:00,4JAnKFddd5fFTk5PxDj3PpTWJuTEfSWQEjZJcgKQ9KwW,solana,10,2
2026-09-30T14:29:52.459828+00:00,HnhpJPJgBG2KwniMTNW8cVBHvk1hFog3RC3kjnyc23tD,solana,11,2
2026-09-30T14:29:52.459828+00:00,2uF4Xh61rDwxnG9woyxsVQP7zuA6kLFpb3NvnRQeoiSd,solana,12,2
2026-09-30T14:29:52.459828+00:00,Q2sPHPdUWFMg7M7wwrQKLrn619cAucfRsmhVJffodSp,solana,13,2
2026-09-30T14:29:52.459828+00:00,DyVrHutNGpuGFgJzDxZVfpAUbUjo1XJdaN9aDLrfRj6P,solana,14,2
2026-09-30T14:29:52.459828+00:00,H2UTFeuwA6yQP2L3DegdvtA4wCCwLJjKwq2zXepzU1ae,solana,15,2
2026-09-30T14:29:52.459828+00:00,DxSBgaYreFNFxGu9TEC17n4Usq5jjy4Zf9djT7RBLrGf,solana,16,2
2026-09-30T14:29:52.459828+00:00,8ewuF2o8ACro7fqWepZ3tKhkbBjndZU4Ldk9scRPw83d,solana,17,2
2026-09-30T14:29:52.459828+00:00,5zpyutJu9ee6jFymDGoK7F6S5Kczqtc9FomP3ueKuyA9,solana,18,2
2026-09-30T14:29:52.459828+00:00,C7r9jXWiVYmBYR2Jj5YSLiEitUGJPjQXWeg7HPU8NwUk,solana,19,2
2026-09-30T14:29:52.459828+00:00,3dcwhqJp6JBTJPq8ga335HWgSQVS7uQmdmeX7iGjMNpj,solana,20,2
2026-09-30T14:38:16.293972+00:00,B4VFURUHHzyt8YzBGBV9jiarBvjh1EbMAbRNBnNqaxUD,solana,1,2
2026-09-30T14:38:16.293972+00:00,9UqFNPpyCzjhJKWnEXBUxFSsgA6g9HLa8yU19mAmcUnE,solana,2,2
2026-09-30T14:38:16.293972+00:00,4zLRGHwKdXyaTovP8UkV66CskWgo9E7kAaGYcw1vFh7E,solana,3,2
2026-09-30T14:38:16.293972+00:00,HMzvsEEmtzHhvZNw9uwbaG85HCTmFnkbhzUx16cy7ca3,solana,4,2
2026-09-30T14:38:16.293972+00:00,zxTpi4BtaWX3mgdAPoezkMD1hxx8CdeCfrqXMWvSCLX,solana,5,2
2026-09-30T14:38:16.293972+00:00,Atwk3wi3U2u87n6c7gNdmipHKQgwJRM2c1qLXR3Z8Dbj,solana,6,2
2026-09-30T14:38:16.293972+00:00,6e3jZLtf4tQbWZm3f7A66jF8tfZn6MRQVrbDFgcNWarA,solana,7,2
2026-09-30T14:38:16.293972+00:00,AG1EhPjsBrkxQWkViuLXF6pQnHwfr9f9sdNneeoykcEJ,solana,8,2
2026-09-30T14:38:16.293972+00:00,DGvB8KyD79wFBJ7Kr7mW54qSfi7Yk3UrhJkcnTSd6frb,solana,9,2
2026-09-30T14:38:16.293972+00:00,4JAnKFddd5fFTk5PxDj3PpTWJuTEfSWQEjZJcgKQ9KwW,solana,10,2
2026-09-30T14:38:16.293972+00:00,HnhpJPJgBG2KwniMTNW8cVBHvk1hFog3RC3kjnyc23tD,solana,11,2
2026-09-30T14:38:16.293972+00:00,2uF4Xh61rDwxnG9woyxsVQP7zuA6kLFpb3NvnRQeoiSd,solana,12,2
2026-09-30T14:38:16.293972+00:00,Q2sPHPdUWFMg7M7wwrQKLrn619cAucfRsmhVJffodSp,solana,13,2
2026-09-30T14:38:16.293972+00:00,DyVrHutNGpuGFgJzDxZVfpAUbUjo1XJdaN9aDLrfRj6P,solana,14,2
2026-09-30T14:38:16.293972+00:00,H2UTFeuwA6yQP2L3DegdvtA4wCCwLJjKwq2zXepzU1ae,solana,15,2
2026-09-30T14:38:16.293972+00:00,DxSBgaYreFNFxGu9TEC17n4Usq5jjy4Zf9djT7RBLrGf,solana,16,2
2026-09-30T14:38:16.293972+00:00,8ewuF2o8ACro7fqWepZ3tKhkbBjndZU4Ldk9scRPw83d,solana,17,2
2026-09-30T14:38:16.293972+00:00,5zpyutJu9ee6jFymDGoK7F6S5Kczqtc9FomP3ueKuyA9,solana,18,2
2026-09-30T14:38:16.293972+00:00,C7r9jXWiVYmBYR2Jj5YSLiEitUGJPjQXWeg7HPU8NwUk,solana,19,2
2026-09-30T14:38:16.293972+00:00,3dcwhqJp6JBTJPq8ga335HWgSQVS7uQmdmeX7iGjMNpj,solana,20,2
2026-09-30T14:46:41.532121+00:00,B4VFURUHHzyt8YzBGBV9jiarBvjh1EbMAbRNBnNqaxUD,solana,1,2
2026-09-30T14:46:41.532121+00:00,9UqFNPpyCzjhJKWnEXBUxFSsgA6g9HLa8yU19mAmcUnE,solana,2,2
2026-09-30T14:46:41.532121+00:00,4zLRGHwKdXyaTovP8UkV66CskWgo9E7kAaGYcw1vFh7E,solana,3,2
2026-09-30T14:46:41.532121+00:00,HMzvsEEmtzHhvZNw9uwbaG85HCTmFnkbhzUx16cy7ca3,solana,4,2
2026-09-30T14:46:41.532121+00:00,zxTpi4BtaWX3mgdAPoezkMD1hxx8CdeCfrqXMWvSCLX,solana,5,2
2026-09-30T14:46:41.532121+00:00,Atwk3wi3U2u87n6c7gNdmipHKQgwJRM2c1qLXR3Z8Dbj,solana,6,2
2026-09-30T14:46:41.532121+00:00,6e3jZLtf4tQbWZm3f7A66jF8tfZn6MRQVrbDFgcNWarA,solana,7,2
2026-09-30T14:46:41.532121+00:00,AG1EhPjsBrkxQWkViuLXF6pQnHwfr9f9sdNneeoykcEJ,solana,8,2
2026-09-30T14:46:41.532121+00:00,DGvB8KyD79wFBJ7Kr7mW54qSfi7Yk3UrhJkcnTSd6frb,solana,9,2
2026-09-30T14:46:41.532121+00:00,4JAnKFddd5fFTk5PxDj3PpTWJuTEfSWQEjZJcgKQ9KwW,solana,10,2
2026-09-30T14:46:41.532121+00:00,HnhpJPJgBG2KwniMTNW8cVBHvk1hFog3RC3kjnyc23tD,solana,11,2
2026-09-30T14:46:41.532121+00:00,2uF4Xh61rDwxnG9woyxsVQP7zuA6kLFpb3NvnRQeoiSd,solana,12,2
2026-09-30T14:46:41.532121+00:00,Q2sPHPdUWFMg7M7wwrQKLrn619cAucfRsmhVJffodSp,solana,13,2
2026-09-30T14:46:41.532121+00:00,DyVrHutNGpuGFgJzDxZVfpAUbUjo1XJdaN9aDLrfRj6P,solana,14,2
2026-09-30T14:46:41.532121+00:00,H2UTFeuwA6yQP2L3DegdvtA4wCCwLJjKwq2zXepzU1ae,solana,15,2
2026-09-30T14:46:41.532121+00:00,DxSBgaYreFNFxGu9TEC17n4Usq5jjy4Zf9djT7RBLrGf,solana,16,2
2026-09-30T14:46:41.532121+00:00,8ewuF2o8ACro7fqWepZ3tKhkbBjndZU4Ldk9scRPw83d,solana,17,2
2026-09-30T14:46:41.532121+00:00,5zpyutJu9ee6jFymDGoK7F6S5Kczqtc9FomP3ueKuyA9,solana,18,2
2026-09-30T14:46:41.532121+00:00,C7r9jXWiVYmBYR2Jj5YSLiEitUGJPjQXWeg7HPU8NwUk,solana,19,2
2026-09-30T14:46:41.532121+00:00,3dcwhqJp6JBTJPq8ga335HWgSQVS7uQmdmeX7iGjMNpj,solana,20,2
2026-09-30T14:55:25.504372+00:00,B4VFURUHHzyt8YzBGBV9jiarBvjh1EbMAbRNBnNqaxUD,solana,1,2
2026-09-30T14:55:25.504372+00:00,9UqFNPpyCzjhJKWnEXBUxFSsgA6g9HLa8yU19mAmcUnE,solana,2,2
2026-09-30T14:55:25.504372+00:00,HMzvsEEmtzHhvZNw9uwbaG85HCTmFnkbhzUx16cy7ca3,solana,3,2
2026-09-30T14:55:25.504372+00:00,4zLRGHwKdXyaTovP8UkV66CskWgo9E7kAaGYcw1vFh7E,solana,4,2
2026-09-30T14:55:25.504372+00:00,zxTpi4BtaWX3mgdAPoezkMD1hxx8CdeCfrqXMWvSCLX,solana,5,2
2026-09-30T14:55:25.504372+00:00,Atwk3wi3U2u87n6c7gNdmipHKQgwJRM2c1qLXR3Z8Dbj,solana,6,2
2026-09-30T14:55:25.504372+00:00,6e3jZLtf4tQbWZm3f7A66jF8tfZn6MRQVrbDFgcNWarA,solana,7,2
2026-09-30T14:55:25.504372+00:00,AG1EhPjsBrkxQWkViuLXF6pQnHwfr9f9sdNneeoykcEJ,solana,8,2
2026-09-30T14:55:25.504372+00:00,DGvB8KyD79wFBJ7Kr7mW54qSfi7Yk3UrhJkcnTSd6frb,solana,9,2
2026-09-30T14:55:25.504372+00:00,4JAnKFddd5fFTk5PxDj3PpTWJuTEfSWQEjZJcgKQ9KwW,solana,10,2
2026-09-30T14:55:25.504372+00:00,HnhpJPJgBG2KwniMTNW8cVBHvk1hFog3RC3kjnyc23tD,solana,11,2
2026-09-30T14:55:25.504372+00:00,2uF4Xh61rDwxnG9woyxsVQP7zuA6kLFpb3NvnRQeoiSd,solana,12,2
2026-09-30T14:55:25.504372+00:00,Q2sPHPdUWFMg7M7wwrQKLrn619cAucfRsmhVJffodSp,solana,13,2
2026-09-30T14:55:25.504372+00:00,DyVrHutNGpuGFgJzDxZVfpAUbUjo1XJdaN9aDLrfRj6P,solana,14,2
2026-09-30T14:55:25.504372+00:00,H2UTFeuwA6yQP2L3DegdvtA4wCCwLJjKwq2zXepzU1ae,solana,15,2
2026-09-30T14:55:25.504372+00:00,DxSBgaYreFNFxGu9TEC17n4Usq5jjy4Zf9djT7RBLrGf,solana,16,2
2026-09-30T14:55:25.504372+00:00,8ewuF2o8ACro7fqWepZ3tKhkbBjndZU4Ldk9scRPw83d,solana,17,2
2026-09-30T14:55:25.504372+00:00,5zpyutJu9ee6jFymDGoK7F6S5Kczqtc9FomP3ueKuyA9,solana,18,2
2026-09-30T14:55:25.504372+00:00,C7r9jXWiVYmBYR2Jj5YSLiEitUGJPjQXWeg7HPU8NwUk,solana,19,2
2026-09-30T14:55:25.504372+00:00,3dcwhqJp6JBTJPq8ga335HWgSQVS7uQmdmeX7iGjMNpj,solana,20,2
2026-09-30T15:04:01.929771+00:00,B4VFURUHHzyt8YzBGBV9jiarBvjh1EbMAbRNBnNqaxUD,solana,1,2
2026-09-30T15:04:01.929771+00:00,9UqFNPpyCzjhJKWnEXBUxFSsgA6g9HLa8yU19mAmcUnE,solana,2,2
2026-09-30T15:04:01.929771+00:00,HMzvsEEmtzHhvZNw9uwbaG85HCTmFnkbhzUx16cy7ca3,solana,3,2
2026-09-30T15:04:01.929771+00:00,zxTpi4BtaWX3mgdAPoezkMD1hxx8CdeCfrqXMWvSCLX,solana,4,2
2026-09-30T15:04:01.929771+00:00,4zLRGHwKdXyaTovP8UkV66CskWgo9E7kAaGYcw1vFh7E,solana,5,2
2026-09-30T15:04:01.929771+00:00,Atwk3wi3U2u87n6c7gNdmipHKQgwJRM2c1qLXR3Z8Dbj,solana,6,2
2026-09-30T15:04:01.929771+00:00,6e3jZLtf4tQbWZm3f7A66jF8tfZn6MRQVrbDFgcNWarA,solana,7,2
2026-09-30T15:04:01.929771+00:00,AG1EhPjsBrkxQWkViuLXF6pQnHwfr9f9sdNneeoykcEJ,solana,8,2
2026-09-30T15:04:01.929771+00:00,DGvB8KyD79wFBJ7Kr7mW54qSfi7Yk3UrhJkcnTSd6frb,solana,9,2
2026-09-30T15:04:01.929771+00:00,HnhpJPJgBG2KwniMTNW8cVBHvk1hFog3RC3kjnyc23tD,solana,10,2
2026-09-30T15:04:01.929771+00:00,2uF4Xh61rDwxnG9woyxsVQP7zuA6kLFpb3NvnRQeoiSd,solana,11,2
2026-09-30T15:04:01.929771+00:00,4JAnKFddd5fFTk5PxDj3PpTWJuTEfSWQEjZJcgKQ9KwW,solana,12,2
2026-09-30T15:04:01.929771+00:00,Q2sPHPdUWFMg7M7wwrQKLrn619cAucfRsmhVJffodSp,solana,13,2
2026-09-30T15:04:01.929771+00:00,DyVrHutNGpuGFgJzDxZVfpAUbUjo1XJdaN9aDLrfRj6P,solana,14,2
2026-09-30T15:04:01.929771+00:00,H2UTFeuwA6yQP2L3DegdvtA4wCCwLJjKwq2zXepzU1ae,solana,15,2
2026-09-30T15:04:01.929771+00:00,8ewuF2o8ACro7fqWepZ3tKhkbBjndZU4Ldk9scRPw83d,solana,16,2
2026-09-30T15:04:01.929771+00:00,DxSBgaYreFNFxGu9TEC17n4Usq5jjy4Zf9djT7RBLrGf,solana,17,2
2026-09-30T15:04:01.929771+00:00,C7r9jXWiVYmBYR2Jj5YSLiEitUGJPjQXWeg7HPU8NwUk,solana,18,2
2026-09-30T15:04:01.929771+00:00,3dcwhqJp6JBTJPq8ga335HWgSQVS7uQmdmeX7iGjMNpj,solana,19,2
2026-09-30T15:04:01.929771+00:00,5zpyutJu9ee6jFymDGoK7F6S5Kczqtc9FomP3ueKuyA9,solana,20,2
2026-09-30T15:12:08.687506+00:00,B4VFURUHHzyt8YzBGBV9jiarBvjh1EbMAbRNBnNqaxUD,solana,1,2
2026-09-30T15:12:08.687506+00:00,9UqFNPpyCzjhJKWnEXBUxFSsgA6g9HLa8yU19mAmcUnE,solana,2,2
2026-09-30T15:12:08.687506+00:00,HMzvsEEmtzHhvZNw9uwbaG85HCTmFnkbhzUx16cy7ca3,solana,3,2
2026-09-30T15:12:08.687506+00:00,zxTpi4BtaWX3mgdAPoezkMD1hxx8CdeCfrqXMWvSCLX,solana,4,2
2026-09-30T15:12:08.687506+00:00,4zLRGHwKdXyaTovP8UkV66CskWgo9E7kAaGYcw1vFh7E,solana,5,2
2026-09-30T15:12:08.687506+00:00,Atwk3wi3U2u87n6c7gNdmipHKQgwJRM2c1qLXR3Z8Dbj,solana,6,2
2026-09-30T15:12:08.687506+00:00,6e3jZLtf4tQbWZm3f7A66jF8tfZn6MRQVrbDFgcNWarA,solana,7,2
2026-09-30T15:12:08.687506+00:00,AG1EhPjsBrkxQWkViuLXF6pQnHwfr9f9sdNneeoykcEJ,solana,8,2
2026-09-30T15:12:08.687506+00:00,DGvB8KyD79wFBJ7Kr7mW54qSfi7Yk3UrhJkcnTSd6frb,solana,9,2
2026-09-30T15:12:08.687506+00:00,4JAnKFddd5fFTk5PxDj3PpTWJuTEfSWQEjZJcgKQ9KwW,solana,10,2
2026-09-30T15:12:08.687506+00:00,HnhpJPJgBG2KwniMTNW8cVBHvk1hFog3RC3kjnyc23tD,solana,11,2
2026-09-30T15:12:08.687506+00:00,2uF4Xh61rDwxnG9woyxsVQP7zuA6kLFpb3NvnRQeoiSd,solana,12,2
2026-09-30T15:12:08.687506+00:00,Q2sPHPdUWFMg7M7wwrQKLrn619cAucfRsmhVJffodSp,solana,13,2
2026-09-30T15:12:08.687506+00:00,DyVrHutNGpuGFgJzDxZVfpAUbUjo1XJdaN9aDLrfRj6P,solana,14,2
2026-09-30T15:12:08.687506+00:00,H2UTFeuwA6yQP2L3DegdvtA4wCCwLJjKwq2zXepzU1ae,solana,15,2
2026-09-30T15:12:08.687506+00:00,DxSBgaYreFNFxGu9TEC17n4Usq5jjy4Zf9djT7RBLrGf,solana,16,2
2026-09-30T15:12:08.687506+00:00,5zpyutJu9ee6jFymDGoK7F6S5Kczqtc9FomP3ueKuyA9,solana,17,2
2026-09-30T15:12:08.687506+00:00,C7r9jXWiVYmBYR2Jj5YSLiEitUGJPjQXWeg7HPU8NwUk,solana,18,2
2026-09-30T15:12:08.687506+00:00,3dcwhqJp6JBTJPq8ga335HWgSQVS7uQmdmeX7iGjMNpj,solana,19,2
2026-09-30T15:12:08.687506+00:00,6e7V9eegCHw997T72MxgwwJipZ6GJyZF8NvjkzT1rvpN,solana,20,2
2026-09-30T15:20:34.642643+00:00,B4VFURUHHzyt8YzBGBV9jiarBvjh1EbMAbRNBnNqaxUD,solana,1,2
2026-09-30T15:20:34.642643+00:00,9UqFNPpyCzjhJKWnEXBUxFSsgA6g9HLa8yU19mAmcUnE,solana,2,2
2026-09-30T15:20:34.642643+00:00,HMzvsEEmtzHhvZNw9uwbaG85HCTmFnkbhzUx16cy7ca3,solana,3,2
2026-09-30T15:20:34.642643+00:00,zxTpi4BtaWX3mgdAPoezkMD1hxx8CdeCfrqXMWvSCLX,solana,4,2
2026-09-30T15:20:34.642643+00:00,4zLRGHwKdXyaTovP8UkV66CskWgo9E7kAaGYcw1vFh7E,solana,5,2
2026-09-30T15:20:34.642643+00:00,Atwk3wi3U2u87n6c7gNdmipHKQgwJRM2c1qLXR3Z8Dbj,solana,6,2
2026-09-30T15:20:34.642643+00:00,6e3jZLtf4tQbWZm3f7A66jF8tfZn6MRQVrbDFgcNWarA,solana,7,2
2026-09-30T15:20:34.642643+00:00,AG1EhPjsBrkxQWkViuLXF6pQnHwfr9f9sdNneeoykcEJ,solana,8,2
2026-09-30T15:20:34.642643+00:00,DGvB8KyD79wFBJ7Kr7mW54qSfi7Yk3UrhJkcnTSd6frb,solana,9,2
2026-09-30T15:20:34.642643+00:00,4JAnKFddd5fFTk5PxDj3PpTWJuTEfSWQEjZJcgKQ9KwW,solana,10,2
2026-09-30T15:20:34.642643+00:00,HnhpJPJgBG2KwniMTNW8cVBHvk1hFog3RC3kjnyc23tD,solana,11,2
2026-09-30T15:20:34.642643+00:00,2uF4Xh61rDwxnG9woyxsVQP7zuA6kLFpb3NvnRQeoiSd,solana,12,2
2026-09-30T15:20:34.642643+00:00,Q2sPHPdUWFMg7M7wwrQKLrn619cAucfRsmhVJffodSp,solana,13,2
2026-09-30T15:20:34.642643+00:00,DyVrHutNGpuGFgJzDxZVfpAUbUjo1XJdaN9aDLrfRj6P,solana,14,2
2026-09-30T15:20:34.642643+00:00,H2UTFeuwA6yQP2L3DegdvtA4wCCwLJjKwq2zXepzU1ae,solana,15,2
2026-09-30T15:20:34.642643+00:00,DxSBgaYreFNFxGu9TEC17n4Usq5jjy4Zf9djT7RBLrGf,solana,16,2
2026-09-30T15:20:34.642643+00:00,5zpyutJu9ee6jFymDGoK7F6S5Kczqtc9FomP3ueKuyA9,solana,17,2
2026-09-30T15:20:34.642643+00:00,C7r9jXWiVYmBYR2Jj5YSLiEitUGJPjQXWeg7HPU8NwUk,solana,18,2
2026-09-30T15:20:34.642643+00:00,3dcwhqJp6JBTJPq8ga335HWgSQVS7uQmdmeX7iGjMNpj,solana,19,2
2026-09-30T15:20:34.642643+00:00,6e7V9eegCHw997T72MxgwwJipZ6GJyZF8NvjkzT1rvpN,solana,20,2
2026-09-30T15:28:50.115254+00:00,B4VFURUHHzyt8YzBGBV9jiarBvjh1EbMAbRNBnNqaxUD,solana,1,2
2026-09-30T15:28:50.115254+00:00,9UqFNPpyCzjhJKWnEXBUxFSsgA6g9HLa8yU19mAmcUnE,solana,2,2
2026-09-30T15:28:50.115254+00:00,HMzvsEEmtzHhvZNw9uwbaG85HCTmFnkbhzUx16cy7ca3,solana,3,2
2026-09-30T15:28:50.115254+00:00,zxTpi4BtaWX3mgdAPoezkMD1hxx8CdeCfrqXMWvSCLX,solana,4,2
2026-09-30T15:28:50.115254+00:00,4zLRGHwKdXyaTovP8UkV66CskWgo9E7kAaGYcw1vFh7E,solana,5,2
2026-09-30T15:28:50.115254+00:00,Atwk3wi3U2u87n6c7gNdmipHKQgwJRM2c1qLXR3Z8Dbj,solana,6,2
2026-09-30T15:28:50.115254+00:00,6e3jZLtf4tQbWZm3f7A66jF8tfZn6MRQVrbDFgcNWarA,solana,7,2
2026-09-30T15:28:50.115254+00:00,AG1EhPjsBrkxQWkViuLXF6pQnHwfr9f9sdNneeoykcEJ,solana,8,2
2026-09-30T15:28:50.115254+00:00,DGvB8KyD79wFBJ7Kr7mW54qSfi7Yk3UrhJkcnTSd6frb,solana,9,2
2026-09-30T15:28:50.115254+00:00,HnhpJPJgBG2KwniMTNW8cVBHvk1hFog3RC3kjnyc23tD,solana,10,2
2026-09-30T15:28:50.115254+00:00,4JAnKFddd5fFTk5PxDj3PpTWJuTEfSWQEjZJcgKQ9KwW,solana,11,2
2026-09-30T15:28:50.115254+00:00,2uF4Xh61rDwxnG9woyxsVQP7zuA6kLFpb3NvnRQeoiSd,solana,12,2
2026-09-30T15:28:50.115254+00:00,Q2sPHPdUWFMg7M7wwrQKLrn619cAucfRsmhVJffodSp,solana,13,2
2026-09-30T15:28:50.115254+00:00,DyVrHutNGpuGFgJzDxZVfpAUbUjo1XJdaN9aDLrfRj6P,solana,14,2
2026-09-30T15:28:50.115254+00:00,H2UTFeuwA6yQP2L3DegdvtA4wCCwLJjKwq2zXepzU1ae,solana,15,2
2026-09-30T15:28:50.115254+00:00,DxSBgaYreFNFxGu9TEC17n4Usq5jjy4Zf9djT7RBLrGf,solana,16,2
2026-09-30T15:28:50.115254+00:00,5zpyutJu9ee6jFymDGoK7F6S5Kczqtc9FomP3ueKuyA9,solana,17,2
2026-09-30T15:28:50.115254+00:00,3dcwhqJp6JBTJPq8ga335HWgSQVS7uQmdmeX7iGjMNpj,solana,18,2
2026-09-30T15:28:50.115254+00:00,C7r9jXWiVYmBYR2Jj5YSLiEitUGJPjQXWeg7HPU8NwUk,solana,19,2
2026-09-30T15:28:50.115254+00:00,6e7V9eegCHw997T72MxgwwJipZ6GJyZF8NvjkzT1rvpN,solana,20,2
2026-09-30T15:37:06.724185+00:00,B4VFURUHHzyt8YzBGBV9jiarBvjh1EbMAbRNBnNqaxUD,solana,1,2
2026-09-30T15:37:06.724185+00:00,9UqFNPpyCzjhJKWnEXBUxFSsgA6g9HLa8yU19mAmcUnE,solana,2,2
2026-09-30T15:37:06.724185+00:00,HMzvsEEmtzHhvZNw9uwbaG85HCTmFnkbhzUx16cy7ca3,solana,3,2
2026-09-30T15:37:06.724185+00:00,zxTpi4BtaWX3mgdAPoezkMD1hxx8CdeCfrqXMWvSCLX,solana,4,2
2026-09-30T15:37:06.724185+00:00,4zLRGHwKdXyaTovP8UkV66CskWgo9E7kAaGYcw1vFh7E,solana,5,2
2026-09-30T15:37:06.724185+00:00,Atwk3wi3U2u87n6c7gNdmipHKQgwJRM2c1qLXR3Z8Dbj,solana,6,2
2026-09-30T15:37:06.724185+00:00,6e3jZLtf4tQbWZm3f7A66jF8tfZn6MRQVrbDFgcNWarA,solana,7,2
2026-09-30T15:37:06.724185+00:00,AG1EhPjsBrkxQWkViuLXF6pQnHwfr9f9sdNneeoykcEJ,solana,8,2
2026-09-30T15:37:06.724185+00:00,DGvB8KyD79wFBJ7Kr7mW54qSfi7Yk3UrhJkcnTSd6frb,solana,9,2
2026-09-30T15:37:06.724185+00:00,HnhpJPJgBG2KwniMTNW8cVBHvk1hFog3RC3kjnyc23tD,solana,10,2
2026-09-30T15:37:06.724185+00:00,4JAnKFddd5fFTk5PxDj3PpTWJuTEfSWQEjZJcgKQ9KwW,solana,11,2
2026-09-30T15:37:06.724185+00:00,2uF4Xh61rDwxnG9woyxsVQP7zuA6kLFpb3NvnRQeoiSd,solana,12,2
2026-09-30T15:37:06.724185+00:00,Q2sPHPdUWFMg7M7wwrQKLrn619cAucfRsmhVJffodSp,solana,13,2
2026-09-30T15:37:06.724185+00:00,DyVrHutNGpuGFgJzDxZVfpAUbUjo1XJdaN9aDLrfRj6P,solana,14,2
2026-09-30T15:37:06.724185+00:00,H2UTFeuwA6yQP2L3DegdvtA4wCCwLJjKwq2zXepzU1ae,solana,15,2
2026-09-30T15:37:06.724185+00:00,DxSBgaYreFNFxGu9TEC17n4Usq5jjy4Zf9djT7RBLrGf,solana,16,2
2026-09-30T15:37:06.724185+00:00,3dcwhqJp6JBTJPq8ga335HWgSQVS7uQmdmeX7iGjMNpj,solana,17,2
2026-09-30T15:37:06.724185+00:00,5zpyutJu9ee6jFymDGoK7F6S5Kczqtc9FomP3ueKuyA9,solana,18,2
2026-09-30T15:37:06.724185+00:00,6e7V9eegCHw997T72MxgwwJipZ6GJyZF8NvjkzT1rvpN,solana,19,2
2026-09-30T15:37:06.724185+00:00,C7r9jXWiVYmBYR2Jj5YSLiEitUGJPjQXWeg7HPU8NwUk,solana,20,2
2026-09-30T15:45:26.042679+00:00,B4VFURUHHzyt8YzBGBV9jiarBvjh1EbMAbRNBnNqaxUD,solana,1,2
2026-09-30T15:45:26.042679+00:00,9UqFNPpyCzjhJKWnEXBUxFSsgA6g9HLa8yU19mAmcUnE,solana,2,2
2026-09-30T15:45:26.042679+00:00,HMzvsEEmtzHhvZNw9uwbaG85HCTmFnkbhzUx16cy7ca3,solana,3,2
2026-09-30T15:45:26.042679+00:00,zxTpi4BtaWX3mgdAPoezkMD1hxx8CdeCfrqXMWvSCLX,solana,4,2
2026-09-30T15:45:26.042679+00:00,4zLRGHwKdXyaTovP8UkV66CskWgo9E7kAaGYcw1vFh7E,solana,5,2
2026-09-30T15:45:26.042679+00:00,Atwk3wi3U2u87n6c7gNdmipHKQgwJRM2c1qLXR3Z8Dbj,solana,6,2
2026-09-30T15:45:26.042679+00:00,6e3jZLtf4tQbWZm3f7A66jF8tfZn6MRQVrbDFgcNWarA,solana,7,2
2026-09-30T15:45:26.042679+00:00,AG1EhPjsBrkxQWkViuLXF6pQnHwfr9f9sdNneeoykcEJ,solana,8,2
2026-09-30T15:45:26.042679+00:00,DGvB8KyD79wFBJ7Kr7mW54qSfi7Yk3UrhJkcnTSd6frb,solana,9,2
2026-09-30T15:45:26.042679+00:00,HnhpJPJgBG2KwniMTNW8cVBHvk1hFog3RC3kjnyc23tD,solana,10,2
2026-09-30T15:45:26.042679+00:00,4JAnKFddd5fFTk5PxDj3PpTWJuTEfSWQEjZJcgKQ9KwW,solana,11,2
2026-09-30T15:45:26.042679+00:00,2uF4Xh61rDwxnG9woyxsVQP7zuA6kLFpb3NvnRQeoiSd,solana,12,2
2026-09-30T15:45:26.042679+00:00,Q2sPHPdUWFMg7M7wwrQKLrn619cAucfRsmhVJffodSp,solana,13,2
2026-09-30T15:45:26.042679+00:00,DyVrHutNGpuGFgJzDxZVfpAUbUjo1XJdaN9aDLrfRj6P,solana,14,2
2026-09-30T15:45:26.042679+00:00,H2UTFeuwA6yQP2L3DegdvtA4wCCwLJjKwq2zXepzU1ae,solana,15,2
2026-09-30T15:45:26.042679+00:00,DxSBgaYreFNFxGu9TEC17n4Usq5jjy4Zf9djT7RBLrGf,solana,16,2
2026-09-30T15:45:26.042679+00:00,3dcwhqJp6JBTJPq8ga335HWgSQVS7uQmdmeX7iGjMNpj,solana,17,2
2026-09-30T15:45:26.042679+00:00,5zpyutJu9ee6jFymDGoK7F6S5Kczqtc9FomP3ueKuyA9,solana,18,2
2026-09-30T15:45:26.042679+00:00,4ApFQYGn4X18tCFwXV6PVWYmfvvJPm2jTs5yhdYvdSeM,solana,19,2
2026-09-30T15:45:26.042679+00:00,7Nj7mBE7iVmjvnBHNvjgaz6G3ZktTHFNbf7aQDfZ7iNR,solana,20,2
2026-09-30T15:54:02.725561+00:00,B4VFURUHHzyt8YzBGBV9jiarBvjh1EbMAbRNBnNqaxUD,solana,1,2
2026-09-30T15:54:02.725561+00:00,9UqFNPpyCzjhJKWnEXBUxFSsgA6g9HLa8yU19mAmcUnE,solana,2,2
2026-09-30T15:54:02.725561+00:00,HMzvsEEmtzHhvZNw9uwbaG85HCTmFnkbhzUx16cy7ca3,solana,3,2
2026-09-30T15:54:02.725561+00:00,zxTpi4BtaWX3mgdAPoezkMD1hxx8CdeCfrqXMWvSCLX,solana,4,2
2026-09-30T15:54:02.725561+00:00,4zLRGHwKdXyaTovP8UkV66CskWgo9E7kAaGYcw1vFh7E,solana,5,2
2026-09-30T15:54:02.725561+00:00,Atwk3wi3U2u87n6c7gNdmipHKQgwJRM2c1qLXR3Z8Dbj,solana,6,2
2026-09-30T15:54:02.725561+00:00,6e3jZLtf4tQbWZm3f7A66jF8tfZn6MRQVrbDFgcNWarA,solana,7,2
2026-09-30T15:54:02.725561+00:00,AG1EhPjsBrkxQWkViuLXF6pQnHwfr9f9sdNneeoykcEJ,solana,8,2
2026-09-30T15:54:02.725561+00:00,DGvB8KyD79wFBJ7Kr7mW54qSfi7Yk3UrhJkcnTSd6frb,solana,9,2
2026-09-30T15:54:02.725561+00:00,HnhpJPJgBG2KwniMTNW8cVBHvk1hFog3RC3kjnyc23tD,solana,10,2
2026-09-30T15:54:02.725561+00:00,4JAnKFddd5fFTk5PxDj3PpTWJuTEfSWQEjZJcgKQ9KwW,solana,11,2
2026-09-30T15:54:02.725561+00:00,2uF4Xh61rDwxnG9woyxsVQP7zuA6kLFpb3NvnRQeoiSd,solana,12,2
2026-09-30T15:54:02.725561+00:00,Q2sPHPdUWFMg7M7wwrQKLrn619cAucfRsmhVJffodSp,solana,13,2
2026-09-30T15:54:02.725561+00:00,DyVrHutNGpuGFgJzDxZVfpAUbUjo1XJdaN9aDLrfRj6P,solana,14,2
2026-09-30T15:54:02.725561+00:00,H2UTFeuwA6yQP2L3DegdvtA4wCCwLJjKwq2zXepzU1ae,solana,15,2
2026-09-30T15:54:02.725561+00:00,DxSBgaYreFNFxGu9TEC17n4Usq5jjy4Zf9djT7RBLrGf,solana,16,2
2026-09-30T15:54:02.725561+00:00,3dcwhqJp6JBTJPq8ga335HWgSQVS7uQmdmeX7iGjMNpj,solana,17,2
2026-09-30T15:54:02.725561+00:00,5zpyutJu9ee6jFymDGoK7F6S5Kczqtc9FomP3ueKuyA9,solana,18,2
2026-09-30T15:54:02.725561+00:00,4ApFQYGn4X18tCFwXV6PVWYmfvvJPm2jTs5yhdYvdSeM,solana,19,2
2026-09-30T15:54:02.725561+00:00,7Nj7mBE7iVmjvnBHNvjgaz6G3ZktTHFNbf7aQDfZ7iNR,solana,20,2
2026-09-30T16:02:18.158176+00:00,B4VFURUHHzyt8YzBGBV9jiarBvjh1EbMAbRNBnNqaxUD,solana,1,2
2026-09-30T16:02:18.158176+00:00,9UqFNPpyCzjhJKWnEXBUxFSsgA6g9HLa8yU19mAmcUnE,solana,2,2
2026-09-30T16:02:18.158176+00:00,HMzvsEEmtzHhvZNw9uwbaG85HCTmFnkbhzUx16cy7ca3,solana,3,2
2026-09-30T16:02:18.158176+00:00,zxTpi4BtaWX3mgdAPoezkMD1hxx8CdeCfrqXMWvSCLX,solana,4,2
2026-09-30T16:02:18.158176+00:00,Atwk3wi3U2u87n6c7gNdmipHKQgwJRM2c1qLXR3Z8Dbj,solana,5,2
2026-09-30T16:02:18.158176+00:00,4zLRGHwKdXyaTovP8UkV66CskWgo9E7kAaGYcw1vFh7E,solana,6,2
2026-09-30T16:02:18.158176+00:00,AG1EhPjsBrkxQWkViuLXF6pQnHwfr9f9sdNneeoykcEJ,solana,7,2
2026-09-30T16:02:18.158176+00:00,6e3jZLtf4tQbWZm3f7A66jF8tfZn6MRQVrbDFgcNWarA,solana,8,2
2026-09-30T16:02:18.158176+00:00,DGvB8KyD79wFBJ7Kr7mW54qSfi7Yk3UrhJkcnTSd6frb,solana,9,2
2026-09-30T16:02:18.158176+00:00,4JAnKFddd5fFTk5PxDj3PpTWJuTEfSWQEjZJcgKQ9KwW,solana,10,2
2026-09-30T16:02:18.158176+00:00,HnhpJPJgBG2KwniMTNW8cVBHvk1hFog3RC3kjnyc23tD,solana,11,2
2026-09-30T16:02:18.158176+00:00,2uF4Xh61rDwxnG9woyxsVQP7zuA6kLFpb3NvnRQeoiSd,solana,12,2
2026-09-30T16:02:18.158176+00:00,Q2sPHPdUWFMg7M7wwrQKLrn619cAucfRsmhVJffodSp,solana,13,2
2026-09-30T16:02:18.158176+00:00,DyVrHutNGpuGFgJzDxZVfpAUbUjo1XJdaN9aDLrfRj6P,solana,14,2
2026-09-30T16:02:18.158176+00:00,H2UTFeuwA6yQP2L3DegdvtA4wCCwLJjKwq2zXepzU1ae,solana,15,2
2026-09-30T16:02:18.158176+00:00,DxSBgaYreFNFxGu9TEC17n4Usq5jjy4Zf9djT7RBLrGf,solana,16,2
2026-09-30T16:02:18.158176+00:00,3dcwhqJp6JBTJPq8ga335HWgSQVS7uQmdmeX7iGjMNpj,solana,17,2
2026-09-30T16:02:18.158176+00:00,4ApFQYGn4X18tCFwXV6PVWYmfvvJPm2jTs5yhdYvdSeM,solana,18,2
2026-09-30T16:02:18.158176+00:00,5zpyutJu9ee6jFymDGoK7F6S5Kczqtc9FomP3ueKuyA9,solana,19,2
2026-09-30T16:02:18.158176+00:00,7Nj7mBE7iVmjvnBHNvjgaz6G3ZktTHFNbf7aQDfZ7iNR,solana,20,2
2026-09-30T16:10:40.144271+00:00,B4VFURUHHzyt8YzBGBV9jiarBvjh1EbMAbRNBnNqaxUD,solana,1,2
2026-09-30T16:10:40.144271+00:00,9UqFNPpyCzjhJKWnEXBUxFSsgA6g9HLa8yU19mAmcUnE,solana,2,2
2026-09-30T16:10:40.144271+00:00,HMzvsEEmtzHhvZNw9uwbaG85HCTmFnkbhzUx16cy7ca3,solana,3,2
2026-09-30T16:10:40.144271+00:00,zxTpi4BtaWX3mgdAPoezkMD1hxx8CdeCfrqXMWvSCLX,solana,4,2
2026-09-30T16:10:40.144271+00:00,Atwk3wi3U2u87n6c7gNdmipHKQgwJRM2c1qLXR3Z8Dbj,solana,5,2
2026-09-30T16:10:40.144271+00:00,4zLRGHwKdXyaTovP8UkV66CskWgo9E7kAaGYcw1vFh7E,solana,6,2
2026-09-30T16:10:40.144271+00:00,AG1EhPjsBrkxQWkViuLXF6pQnHwfr9f9sdNneeoykcEJ,solana,7,2
2026-09-30T16:10:40.144271+00:00,6e3jZLtf4tQbWZm3f7A66jF8tfZn6MRQVrbDFgcNWarA,solana,8,2
2026-09-30T16:10:40.144271+00:00,DGvB8KyD79wFBJ7Kr7mW54qSfi7Yk3UrhJkcnTSd6frb,solana,9,2
2026-09-30T16:10:40.144271+00:00,HnhpJPJgBG2KwniMTNW8cVBHvk1hFog3RC3kjnyc23tD,solana,10,2
2026-09-30T16:10:40.144271+00:00,4JAnKFddd5fFTk5PxDj3PpTWJuTEfSWQEjZJcgKQ9KwW,solana,11,2
2026-09-30T16:10:40.144271+00:00,2uF4Xh61rDwxnG9woyxsVQP7zuA6kLFpb3NvnRQeoiSd,solana,12,2
2026-09-30T16:10:40.144271+00:00,Q2sPHPdUWFMg7M7wwrQKLrn619cAucfRsmhVJffodSp,solana,13,2
2026-09-30T16:10:40.144271+00:00,DyVrHutNGpuGFgJzDxZVfpAUbUjo1XJdaN9aDLrfRj6P,solana,14,2
2026-09-30T16:10:40.144271+00:00,H2UTFeuwA6yQP2L3DegdvtA4wCCwLJjKwq2zXepzU1ae,solana,15,2
2026-09-30T16:10:40.144271+00:00,7Nj7mBE7iVmjvnBHNvjgaz6G3ZktTHFNbf7aQDfZ7iNR,solana,16,2
2026-09-30T16:10:40.144271+00:00,DxSBgaYreFNFxGu9TEC17n4Usq5jjy4Zf9djT7RBLrGf,solana,17,2
2026-09-30T16:10:40.144271+00:00,4ApFQYGn4X18tCFwXV6PVWYmfvvJPm2jTs5yhdYvdSeM,solana,18,2
2026-09-30T16:10:40.144271+00:00,3dcwhqJp6JBTJPq8ga335HWgSQVS7uQmdmeX7iGjMNpj,solana,19,2
2026-09-30T16:10:40.144271+00:00,5zpyutJu9ee6jFymDGoK7F6S5Kczqtc9FomP3ueKuyA9,solana,20,2
2026-09-30T16:19:03.183486+00:00,B4VFURUHHzyt8YzBGBV9jiarBvjh1EbMAbRNBnNqaxUD,solana,1,2
2026-09-30T16:19:03.183486+00:00,9UqFNPpyCzjhJKWnEXBUxFSsgA6g9HLa8yU19mAmcUnE,solana,2,2
2026-09-30T16:19:03.183486+00:00,HMzvsEEmtzHhvZNw9uwbaG85HCTmFnkbhzUx16cy7ca3,solana,3,2
2026-09-30T16:19:03.183486+00:00,zxTpi4BtaWX3mgdAPoezkMD1hxx8CdeCfrqXMWvSCLX,solana,4,2
2026-09-30T16:19:03.183486+00:00,Atwk3wi3U2u87n6c7gNdmipHKQgwJRM2c1qLXR3Z8Dbj,solana,5,2
2026-09-30T16:19:03.183486+00:00,AG1EhPjsBrkxQWkViuLXF6pQnHwfr9f9sdNneeoykcEJ,solana,6,2
2026-09-30T16:19:03.183486+00:00,4zLRGHwKdXyaTovP8UkV66CskWgo9E7kAaGYcw1vFh7E,solana,7,2
2026-09-30T16:19:03.183486+00:00,6e3jZLtf4tQbWZm3f7A66jF8tfZn6MRQVrbDFgcNWarA,solana,8,2
2026-09-30T16:19:03.183486+00:00,DGvB8KyD79wFBJ7Kr7mW54qSfi7Yk3UrhJkcnTSd6frb,solana,9,2
2026-09-30T16:19:03.183486+00:00,HnhpJPJgBG2KwniMTNW8cVBHvk1hFog3RC3kjnyc23tD,solana,10,2
2026-09-30T16:19:03.183486+00:00,4JAnKFddd5fFTk5PxDj3PpTWJuTEfSWQEjZJcgKQ9KwW,solana,11,2
2026-09-30T16:19:03.183486+00:00,2uF4Xh61rDwxnG9woyxsVQP7zuA6kLFpb3NvnRQeoiSd,solana,12,2
2026-09-30T16:19:03.183486+00:00,Q2sPHPdUWFMg7M7wwrQKLrn619cAucfRsmhVJffodSp,solana,13,2
2026-09-30T16:19:03.183486+00:00,DyVrHutNGpuGFgJzDxZVfpAUbUjo1XJdaN9aDLrfRj6P,solana,14,2
2026-09-30T16:19:03.183486+00:00,3dcwhqJp6JBTJPq8ga335HWgSQVS7uQmdmeX7iGjMNpj,solana,15,2
2026-09-30T16:19:03.183486+00:00,H2UTFeuwA6yQP2L3DegdvtA4wCCwLJjKwq2zXepzU1ae,solana,16,2
2026-09-30T16:19:03.183486+00:00,7Nj7mBE7iVmjvnBHNvjgaz6G3ZktTHFNbf7aQDfZ7iNR,solana,17,2
2026-09-30T16:19:03.183486+00:00,DxSBgaYreFNFxGu9TEC17n4Usq5jjy4Zf9djT7RBLrGf,solana,18,2
2026-09-30T16:19:03.183486+00:00,4ApFQYGn4X18tCFwXV6PVWYmfvvJPm2jTs5yhdYvdSeM,solana,19,2
2026-09-30T16:19:03.183486+00:00,5zpyutJu9ee6jFymDGoK7F6S5Kczqtc9FomP3ueKuyA9,solana,20,2
2026-09-30T16:27:06.783256+00:00,B4VFURUHHzyt8YzBGBV9jiarBvjh1EbMAbRNBnNqaxUD,solana,1,2
2026-09-30T16:27:06.783256+00:00,9UqFNPpyCzjhJKWnEXBUxFSsgA6g9HLa8yU19mAmcUnE,solana,2,2
2026-09-30T16:27:06.783256+00:00,HMzvsEEmtzHhvZNw9uwbaG85HCTmFnkbhzUx16cy7ca3,solana,3,2
2026-09-30T16:27:06.783256+00:00,zxTpi4BtaWX3mgdAPoezkMD1hxx8CdeCfrqXMWvSCLX,solana,4,2
2026-09-30T16:27:06.783256+00:00,Atwk3wi3U2u87n6c7gNdmipHKQgwJRM2c1qLXR3Z8Dbj,solana,5,2
2026-09-30T16:27:06.783256+00:00,AG1EhPjsBrkxQWkViuLXF6pQnHwfr9f9sdNneeoykcEJ,solana,6,2
2026-09-30T16:27:06.783256+00:00,4zLRGHwKdXyaTovP8UkV66CskWgo9E7kAaGYcw1vFh7E,solana,7,2
2026-09-30T16:27:06.783256+00:00,6e3jZLtf4tQbWZm3f7A66jF8tfZn6MRQVrbDFgcNWarA,solana,8,2
2026-09-30T16:27:06.783256+00:00,DGvB8KyD79wFBJ7Kr7mW54qSfi7Yk3UrhJkcnTSd6frb,solana,9,2
2026-09-30T16:27:06.783256+00:00,HnhpJPJgBG2KwniMTNW8cVBHvk1hFog3RC3kjnyc23tD,solana,10,2
2026-09-30T16:27:06.783256+00:00,4JAnKFddd5fFTk5PxDj3PpTWJuTEfSWQEjZJcgKQ9KwW,solana,11,2
2026-09-30T16:27:06.783256+00:00,Q2sPHPdUWFMg7M7wwrQKLrn619cAucfRsmhVJffodSp,solana,12,2
2026-09-30T16:27:06.783256+00:00,2uF4Xh61rDwxnG9woyxsVQP7zuA6kLFpb3NvnRQeoiSd,solana,13,2
2026-09-30T16:27:06.783256+00:00,DyVrHutNGpuGFgJzDxZVfpAUbUjo1XJdaN9aDLrfRj6P,solana,14,2
2026-09-30T16:27:06.783256+00:00,3dcwhqJp6JBTJPq8ga335HWgSQVS7uQmdmeX7iGjMNpj,solana,15,2
2026-09-30T16:27:06.783256+00:00,H2UTFeuwA6yQP2L3DegdvtA4wCCwLJjKwq2zXepzU1ae,solana,16,2
2026-09-30T16:27:06.783256+00:00,7Nj7mBE7iVmjvnBHNvjgaz6G3ZktTHFNbf7aQDfZ7iNR,solana,17,2
2026-09-30T16:27:06.783256+00:00,DxSBgaYreFNFxGu9TEC17n4Usq5jjy4Zf9djT7RBLrGf,solana,18,2
2026-09-30T16:27:06.783256+00:00,4ApFQYGn4X18tCFwXV6PVWYmfvvJPm2jTs5yhdYvdSeM,solana,19,2
2026-09-30T16:27:06.783256+00:00,5zpyutJu9ee6jFymDGoK7F6S5Kczqtc9FomP3ueKuyA9,solana,20,2
2026-09-30T16:35:44.136493+00:00,B4VFURUHHzyt8YzBGBV9jiarBvjh1EbMAbRNBnNqaxUD,solana,1,2
2026-09-30T16:35:44.136493+00:00,9UqFNPpyCzjhJKWnEXBUxFSsgA6g9HLa8yU19mAmcUnE,solana,2,2
2026-09-30T16:35:44.136493+00:00,HMzvsEEmtzHhvZNw9uwbaG85HCTmFnkbhzUx16cy7ca3,solana,3,2
2026-09-30T16:35:44.136493+00:00,zxTpi4BtaWX3mgdAPoezkMD1hxx8CdeCfrqXMWvSCLX,solana,4,2
2026-09-30T16:35:44.136493+00:00,Atwk3wi3U2u87n6c7gNdmipHKQgwJRM2c1qLXR3Z8Dbj,solana,5,2
2026-09-30T16:35:44.136493+00:00,AG1EhPjsBrkxQWkViuLXF6pQnHwfr9f9sdNneeoykcEJ,solana,6,2
2026-09-30T16:35:44.136493+00:00,4zLRGHwKdXyaTovP8UkV66CskWgo9E7kAaGYcw1vFh7E,solana,7,2
2026-09-30T16:35:44.136493+00:00,6e3jZLtf4tQbWZm3f7A66jF8tfZn6MRQVrbDFgcNWarA,solana,8,2
2026-09-30T16:35:44.136493+00:00,4JAnKFddd5fFTk5PxDj3PpTWJuTEfSWQEjZJcgKQ9KwW,solana,9,2
2026-09-30T16:35:44.136493+00:00,DGvB8KyD79wFBJ7Kr7mW54qSfi7Yk3UrhJkcnTSd6frb,solana,10,2
2026-09-30T16:35:44.136493+00:00,HnhpJPJgBG2KwniMTNW8cVBHvk1hFog3RC3kjnyc23tD,solana,11,2
2026-09-30T16:35:44.136493+00:00,7Nj7mBE7iVmjvnBHNvjgaz6G3ZktTHFNbf7aQDfZ7iNR,solana,12,2
2026-09-30T16:35:44.136493+00:00,Q2sPHPdUWFMg7M7wwrQKLrn619cAucfRsmhVJffodSp,solana,13,2
2026-09-30T16:35:44.136493+00:00,2uF4Xh61rDwxnG9woyxsVQP7zuA6kLFpb3NvnRQeoiSd,solana,14,2
2026-09-30T16:35:44.136493+00:00,DyVrHutNGpuGFgJzDxZVfpAUbUjo1XJdaN9aDLrfRj6P,solana,15,2
2026-09-30T16:35:44.136493+00:00,3dcwhqJp6JBTJPq8ga335HWgSQVS7uQmdmeX7iGjMNpj,solana,16,2
2026-09-30T16:35:44.136493+00:00,DxSBgaYreFNFxGu9TEC17n4Usq5jjy4Zf9djT7RBLrGf,solana,17,2
2026-09-30T16:35:44.136493+00:00,H2UTFeuwA6yQP2L3DegdvtA4wCCwLJjKwq2zXepzU1ae,solana,18,2
2026-09-30T16:35:44.136493+00:00,4ApFQYGn4X18tCFwXV6PVWYmfvvJPm2jTs5yhdYvdSeM,solana,19,2
2026-09-30T16:35:44.136493+00:00,5zpyutJu9ee6jFymDGoK7F6S5Kczqtc9FomP3ueKuyA9,solana,20,2
2026-09-30T16:44:00.722820+00:00,B4VFURUHHzyt8YzBGBV9jiarBvjh1EbMAbRNBnNqaxUD,solana,1,2
2026-09-30T16:44:00.722820+00:00,9UqFNPpyCzjhJKWnEXBUxFSsgA6g9HLa8yU19mAmcUnE,solana,2,2
2026-09-30T16:44:00.722820+00:00,HMzvsEEmtzHhvZNw9uwbaG85HCTmFnkbhzUx16cy7ca3,solana,3,2
2026-09-30T16:44:00.722820+00:00,zxTpi4BtaWX3mgdAPoezkMD1hxx8CdeCfrqXMWvSCLX,solana,4,2
2026-09-30T16:44:00.722820+00:00,Atwk3wi3U2u87n6c7gNdmipHKQgwJRM2c1qLXR3Z8Dbj,solana,5,2
2026-09-30T16:44:00.722820+00:00,AG1EhPjsBrkxQWkViuLXF6pQnHwfr9f9sdNneeoykcEJ,solana,6,2
2026-09-30T16:44:00.722820+00:00,4zLRGHwKdXyaTovP8UkV66CskWgo9E7kAaGYcw1vFh7E,solana,7,2
2026-09-30T16:44:00.722820+00:00,6e3jZLtf4tQbWZm3f7A66jF8tfZn6MRQVrbDFgcNWarA,solana,8,2
2026-09-30T16:44:00.722820+00:00,4JAnKFddd5fFTk5PxDj3PpTWJuTEfSWQEjZJcgKQ9KwW,solana,9,2
2026-09-30T16:44:00.722820+00:00,DGvB8KyD79wFBJ7Kr7mW54qSfi7Yk3UrhJkcnTSd6frb,solana,10,2
2026-09-30T16:44:00.722820+00:00,HnhpJPJgBG2KwniMTNW8cVBHvk1hFog3RC3kjnyc23tD,solana,11,2
2026-09-30T16:44:00.722820+00:00,7Nj7mBE7iVmjvnBHNvjgaz6G3ZktTHFNbf7aQDfZ7iNR,solana,12,2
2026-09-30T16:44:00.722820+00:00,Q2sPHPdUWFMg7M7wwrQKLrn619cAucfRsmhVJffodSp,solana,13,2
2026-09-30T16:44:00.722820+00:00,2uF4Xh61rDwxnG9woyxsVQP7zuA6kLFpb3NvnRQeoiSd,solana,14,2
2026-09-30T16:44:00.722820+00:00,DyVrHutNGpuGFgJzDxZVfpAUbUjo1XJdaN9aDLrfRj6P,solana,15,2
2026-09-30T16:44:00.722820+00:00,3dcwhqJp6JBTJPq8ga335HWgSQVS7uQmdmeX7iGjMNpj,solana,16,2
2026-09-30T16:44:00.722820+00:00,DxSBgaYreFNFxGu9TEC17n4Usq5jjy4Zf9djT7RBLrGf,solana,17,2
2026-09-30T16:44:00.722820+00:00,H2UTFeuwA6yQP2L3DegdvtA4wCCwLJjKwq2zXepzU1ae,solana,18,2
2026-09-30T16:44:00.722820+00:00,4ApFQYGn4X18tCFwXV6PVWYmfvvJPm2jTs5yhdYvdSeM,solana,19,2
2026-09-30T16:44:00.722820+00:00,5zpyutJu9ee6jFymDGoK7F6S5Kczqtc9FomP3ueKuyA9,solana,20,2
