request_timestamp_utc,pool_address,network,dex,base_token_address,base_token_symbol,quote_token_address,quote_token_symbol,pool_created_at,price_usd,fdv_usd,market_cap_usd,reserve_usd,quote_token_price_usd,locked_liquidity_pct,pool_fee_pct,volume_usd_m5,volume_usd_m15,volume_usd_m30,volume_usd_h1,volume_usd_h6,volume_usd_h24,buys_m5,sells_m5,buyers_m5,sellers_m5,buys_m15,sells_m15,buyers_m15,sellers_m15,buys_m30,sells_m30,buyers_m30,sellers_m30,buys_h1,sells_h1,buyers_h1,sellers_h1,buys_h6,sells_h6,buyers_h6,sellers_h6,buys_h24,sells_h24,buyers_h24,sellers_h24,price_change_pct_m5,price_change_pct_m15,price_change_pct_m30,price_change_pct_h1,price_change_pct_h6,price_change_pct_h24,source,ohlcv_timeframe,ohlcv_open,ohlcv_high,ohlcv_low,ohlcv_close,ohlcv_volume,raw_cache_path,schema_version
2026-10-08T00:05:26.425711+00:00,EySZJEJp118MuZW25ybLU79PLvz6SFok9dTpKVnfaFs,solana,Meteora DAMM V2,HXz55ESRw9T6Uj5XXD95GQ6F94qCFoFB4ZHZgun9b2wm,RAM,So11111111111111111111111111111111111111112,SOL,2026-10-06T00:10:22Z,4.472404663746031e-10,0.4472404664,,0.8137,119.87062117902,,,0.0,0.0,0.0,0.0,0.0,0.0,0,0,0,0,0,0,0,0,0,0,0,0,0,0,0,0,0,0,0,0,0,0,0,0,0.0,0.0,0.0,0.0,0.0,0.0,snapshot,,,,,,,/home/runner/work/Solana-Memecoin-Analysis/Solana-Memecoin-Analysis/data/cache/2026-10-08/000534396022_multi_pools_7c36cfa9711c.json,2
2026-10-08T00:05:26.425711+00:00,8a5CiQYcrZtaoxeDYF3mtvX8S4ZRA3XTHcQn61Ehx4tf,solana,Pump.fun,Aq3AJjZnUFLASzNcztNQ3XYwZi59kAmVna9poS2Zpump,Pepticon,So11111111111111111111111111111111111111112,SOL,2026-10-06T00:10:20Z,3.38347944711503e-06,3383.479447,,2579.6851,120.91384364327415,,,0.0,0.0,0.0,0.0,0.0,0.0,0,0,0,0,0,0,0,0,0,0,0,0,0,0,0,0,0,0,0,0,0,0,0,0,0.0,0.0,0.0,0.0,0.0,0.0,snapshot,,,,,,,/home/runner/work/Solana-Memecoin-Analysis/Solana-Memecoin-Analysis/data/cache/2026-10-08/000534396022_multi_pools_7c36cfa9711c.json,2
2026-10-08T00:05:26.425711+00:00,3dj4Shjq1qqPkvRxwVVMwBawRYDMWD5FtcfRc9qwvRSc,solana,Pump.fun,FzdrfK3z2dJNDm1hLWUZRPY2DrrcNhKCtomFTkeQpump,toeken,So11111111111111111111111111111111111111112,SOL,2026-10-06T00:10:18Z,3.408312846050498e-06,3408.312846,,2597.8881,120.94782887886169,,,0.0,0.0,0.0,0.0,0.0,0.0,0,0,0,0,0,0,0,0,0,0,0,0,0,0,0,0,0,0,0,0,0,0,0,0,0.0,0.0,0.0,0.0,0.0,0.0,snapshot,,,,,,,/home/runner/work/Solana-Memecoin-Analysis/Solana-Memecoin-Analysis/data/cache/2026-10-08/000534396022_multi_pools_7c36cfa9711c.json,2
2026-10-08T00:05:26.425711+00:00,HUxL52SVhWMtzwCQFvsUDbPWTNrPaE1aFUkY82nH38vh,solana,Pump.fun,7h5tcYZQNUmHF75DScEwp8dUpPURUdyw66Mg7QCBpump,chicknana,So11111111111111111111111111111111111111112,SOL,2026-10-06T00:10:14Z,3.4374418687298935e-06,3437.441869,,2614.9752,121.18406813530507,,,0.0,0.0,0.0,0.0,0.0,0.0,0,0,0,0,0,0,0,0,0,0,0,0,0,0,0,0,0,0,0,0,0,0,0,0,0.0,0.0,0.0,0.0,0.0,0.0,snapshot,,,,,,,/home/runner/work/Solana-Memecoin-Analysis/Solana-Memecoin-Analysis/data/cache/2026-10-08/000534396022_multi_pools_7c36cfa9711c.json,2
2026-10-08T00:05:26.425711+00:00,G4Rmjd6WqnjKgFXP3xdzCgJZofU9A2FKfpNTKSgdxYt3,solana,Meteora DAMM V2,HV5eALoShosMEnz6QzkokG4XpSaqZw4iNJzQscSDzQvg,NIGGA,So11111111111111111111111111111111111111112,SOL,2026-10-06T00:10:13Z,0.0002756079510452045,275607.951,,0.00491113401183633,120.30815840473366,,,0.0,0.0,0.0,0.0,0.0,0.0,0,0,0,0,0,0,0,0,0,0,0,0,0,0,0,0,0,0,0,0,0,0,0,0,0.0,0.0,0.0,0.0,0.0,0.0,snapshot,,,,,,,/home/runner/work/Solana-Memecoin-Analysis/Solana-Memecoin-Analysis/data/cache/2026-10-08/000534396022_multi_pools_7c36cfa9711c.json,2
2026-10-08T00:05:26.425711+00:00,CmD1jK4BBwWWvhQcRQmbAayu7BCD24uvhiLAgFHjTeNR,solana,Meteora DBC,HV5eALoShosMEnz6QzkokG4XpSaqZw4iNJzQscSDzQvg,NIGGA,So11111111111111111111111111111111111111112,SOL,2026-10-06T00:10:06Z,5.4945070053799085e-12,0.005494507005,,0.0,120.87913653643722,,,0.0,0.0,0.0,0.0,0.0,0.0,0,0,0,0,0,0,0,0,0,0,0,0,0,0,0,0,0,0,0,0,0,0,0,0,0.0,0.0,0.0,0.0,0.0,0.0,snapshot,,,,,,,/home/runner/work/Solana-Memecoin-Analysis/Solana-Memecoin-Analysis/data/cache/2026-10-08/000534396022_multi_pools_7c36cfa9711c.json,2
2026-10-08T00:05:26.425711+00:00,2bb8x8AvyhohFtDEjhuEGerdGQ5VCakWSbRTc597cTcu,solana,Meteora DAMM V2,CpLhJjFs2bPVcpRaQBQVDY1yQSsA9s6sg8TCAcpYvMrd,VENDETTA,So11111111111111111111111111111111111111112,SOL,2026-10-06T00:19:49Z,1.7490403343395986e-05,17233.15445,,6.33064527e-05,121.03332864909952,,,0.0,0.0,0.0,0.0,0.0,0.0,0,0,0,0,0,0,0,0,0,0,0,0,0,0,0,0,0,0,0,0,0,0,0,0,0.0,0.0,0.0,0.0,0.0,0.0,snapshot,,,,,,,/home/runner/work/Solana-Memecoin-Analysis/Solana-Memecoin-Analysis/data/cache/2026-10-08/000534396022_multi_pools_7c36cfa9711c.json,2
2026-10-08T00:05:26.425711+00:00,E2JjK6n5obD9BWHWxVg1EWpTofmqXmt5YLcxM8nWvy5T,solana,Pump.fun,CxZAM9ziqyDFKhNdkvkbmiB5XUUnpi2iZggEuDGCpump,ipaid,So11111111111111111111111111111111111111112,SOL,2026-10-06T00:19:46Z,3.4186142076048575e-07,683.7228416,,264.0943,120.97640109012701,,,0.0,0.0,0.0,0.0,0.0,0.0,0,0,0,0,0,0,0,0,0,0,0,0,0,0,0,0,0,0,0,0,0,0,0,0,0.0,0.0,0.0,0.0,0.0,0.0,snapshot,,,,,,,/home/runner/work/Solana-Memecoin-Analysis/Solana-Memecoin-Analysis/data/cache/2026-10-08/000534396022_multi_pools_7c36cfa9711c.json,2
2026-10-08T00:05:26.425711+00:00,4uq4ez4iBbFc3JthUGwhoox3NM8ZAVqih1UCY8H7JWGV,solana,Pump.fun,2NwzwT6PnRLunRk4FYLPhBGrg1h6mxk2XwQpXmxapump,sketlig,So11111111111111111111111111111111111111112,SOL,2026-10-06T00:19:43Z,3.53658439004587e-06,3536.58439,,2785.2067,121.01160041055496,100.0,,0.0,0.0,0.0,0.0,0.0,0.0,0,0,0,0,0,0,0,0,0,0,0,0,0,0,0,0,0,0,0,0,0,0,0,0,0.0,0.0,0.0,0.0,0.0,0.0,snapshot,,,,,,,/home/runner/work/Solana-Memecoin-Analysis/Solana-Memecoin-Analysis/data/cache/2026-10-08/000534396022_multi_pools_7c36cfa9711c.json,2
2026-10-08T00:05:26.425711+00:00,B1VbTGyUAsdNn4ZDfsRueadcDuuuQ2bytDWbAe8mdg4,solana,Pump.fun,2dE4AfvskDHkLG93FfwoxtcQRswkLbdJ6py47We3pump,HENRYSI,So11111111111111111111111111111111111111112,SOL,2026-10-06T00:19:42Z,3.3857732451457025e-06,3383.254021,,2587.0547,120.88747684641655,100.0,,0.0,0.0,0.0,0.0,0.0,0.0,0,0,0,0,0,0,0,0,0,0,0,0,0,0,0,0,0,0,0,0,0,0,0,0,0.0,0.0,0.0,0.0,0.0,0.0,snapshot,,,,,,,/home/runner/work/Solana-Memecoin-Analysis/Solana-Memecoin-Analysis/data/cache/2026-10-08/000534396022_multi_pools_7c36cfa9711c.json,2
2026-10-08T00:05:26.425711+00:00,pzXgJSKeq8YsKposUigUJHph65uhYwx8CJAXRtQmjyh,solana,Pump.fun,Fgfaf6o7LWz5NBbLiAPVB7XUp36XNRhSNXvDQ8Lcpump,ELON,So11111111111111111111111111111111111111112,SOL,2026-10-06T00:19:27Z,3.379997531853624e-06,3379.997532,,2577.5928,120.8871428339299,100.0,,0.0,0.0,0.0,0.0,0.0,0.0,0,0,0,0,0,0,0,0,0,0,0,0,0,0,0,0,0,0,0,0,0,0,0,0,0.0,0.0,0.0,0.0,0.0,0.0,snapshot,,,,,,,/home/runner/work/Solana-Memecoin-Analysis/Solana-Memecoin-Analysis/data/cache/2026-10-08/000534396022_multi_pools_7c36cfa9711c.json,2
2026-10-08T00:05:26.425711+00:00,HxMpQdYdHvBMQ943QUkEoQ3zCUMt716YHDQK6hScAPpa,solana,Pump.fun,8RGJErZsSrwwfnonvaZGPzYNXPVzgsmfHVYLTpnbpump,ELON,So11111111111111111111111111111111111111112,SOL,2026-10-06T00:19:27Z,3.3799975316476243e-06,3379.997532,,2577.5928,120.88714282656223,100.0,,0.0,0.0,0.0,0.0,0.0,0.0,0,0,0,0,0,0,0,0,0,0,0,0,0,0,0,0,0,0,0,0,0,0,0,0,0.0,0.0,0.0,0.0,0.0,0.0,snapshot,,,,,,,/home/runner/work/Solana-Memecoin-Analysis/Solana-Memecoin-Analysis/data/cache/2026-10-08/000534396022_multi_pools_7c36cfa9711c.json,2
2026-10-08T00:05:26.425711+00:00,Ftt2Gmjc7jS2SvsW4tXDWxLvvzScZBUoxL82GWFgLxcL,solana,Pump.fun,3x7TBsLANUL7RR4HzWfhYcgWsVwWUKLBFdnkbpiFpump,JUAN,So11111111111111111111111111111111111111112,SOL,2026-10-06T00:19:21Z,5.370888912595594e-06,10741.777826,,4092.0783,120.80145071428421,100.0,,0.0,0.0,0.0,0.0,0.0,0.0,0,0,0,0,0,0,0,0,0,0,0,0,0,0,0,0,0,0,0,0,0,0,0,0,0.0,0.0,0.0,0.0,0.0,0.0,snapshot,,,,,,,/home/runner/work/Solana-Memecoin-Analysis/Solana-Memecoin-Analysis/data/cache/2026-10-08/000534396022_multi_pools_7c36cfa9711c.json,2
2026-10-08T00:05:26.425711+00:00,GqY8ACbXiYbmHZpCnvkrymXJvpJFp4QfoW8XAEPoZAeV,solana,Pump.fun,6W6CR5QNQpdaJ6v4heLHCaTdZpLrSTRGaUG3DKVtpump,DICE,So11111111111111111111111111111111111111112,SOL,2026-10-06T00:26:04Z,2.1276725476763656e-06,4255.345096,,1629.9802,120.86907175718689,,,0.0,0.0,0.0,0.0,0.0,0.0,0,0,0,0,0,0,0,0,0,0,0,0,0,0,0,0,0,0,0,0,0,0,0,0,0.0,0.0,0.0,0.0,0.0,0.0,snapshot,,,,,,,/home/runner/work/Solana-Memecoin-Analysis/Solana-Memecoin-Analysis/data/cache/2026-10-08/000534396022_multi_pools_7c36cfa9711c.json,2
2026-10-08T00:05:26.425711+00:00,9Xiz7VdSCSRRxbQTUZRMKBUnYoKkyaU4oMWSZGC3Wmo3,solana,PumpSwap,GrFUHD2xjV6PgHDtnCirpeHDHQkzCEAaNnbbmAEUhYmN,Minecraft,So11111111111111111111111111111111111111112,SOL,2026-10-06T00:26:03Z,5.870898591955004e-05,58708.98592,,6.267196355e-07,120.87284454180677,100.0,,0.0,0.0,0.0,0.0,0.0,0.0,0,0,0,0,0,0,0,0,0,0,0,0,0,0,0,0,0,0,0,0,0,0,0,0,0.0,0.0,0.0,0.0,0.0,0.0,snapshot,,,,,,,/home/runner/work/Solana-Memecoin-Analysis/Solana-Memecoin-Analysis/data/cache/2026-10-08/000534396022_multi_pools_7c36cfa9711c.json,2
2026-10-08T00:05:26.425711+00:00,CLA4hh4aRQq3Gv9vdWwGeHTF6YweHfu9HEqhcyatAsvV,solana,Meteora DBC,GrFUHD2xjV6PgHDtnCirpeHDHQkzCEAaNnbbmAEUhYmN,Minecraft,So11111111111111111111111111111111111111112,SOL,2026-10-06T00:25:57Z,5.494828249123309e-12,0.005494828249,,0.0,120.88620389776408,,,0.0,0.0,0.0,0.0,0.0,0.0,0,0,0,0,0,0,0,0,0,0,0,0,0,0,0,0,0,0,0,0,0,0,0,0,0.0,0.0,0.0,0.0,0.0,0.0,snapshot,,,,,,,/home/runner/work/Solana-Memecoin-Analysis/Solana-Memecoin-Analysis/data/cache/2026-10-08/000534396022_multi_pools_7c36cfa9711c.json,2
2026-10-08T00:05:26.425711+00:00,2f9GmZZiFgQpwVVvx7nAtHWQhkPRzM4BXNYSvj71s2vH,solana,Pump.fun,FnVJjwvyfDbbXhBoZENcs38yL1UoHXizHgiY2bEjxdH7,Trader,So11111111111111111111111111111111111111112,SOL,2026-10-06T00:25:53Z,3.2547026080230966e-06,3254.702608,,2594.8194,115.63139206914046,100.0,,0.0,0.0,0.0,0.0,0.0,0.3177953051,0,0,0,0,0,0,0,0,0,0,0,0,0,0,0,0,0,0,0,0,0,1,0,1,0.0,0.0,0.0,0.0,0.0,0.0,snapshot,,,,,,,/home/runner/work/Solana-Memecoin-Analysis/Solana-Memecoin-Analysis/data/cache/2026-10-08/000534396022_multi_pools_7c36cfa9711c.json,2
2026-10-08T00:05:26.425711+00:00,3w2D4sbCbudkqzDrTTYjVwLUMq6jKQfA7eSZMwUTfosr,solana,Pump.fun,8FPMLNZAWvLbgVVj2XfGAZeuLWFXwXJHJEDhHRvJpump,DOG,So11111111111111111111111111111111111111112,SOL,2026-10-06T00:25:52Z,3.365954970080769e-06,3365.95497,,2579.9873,120.27360304406902,,,0.0,0.0,0.0,0.0,0.0,0.0,0,0,0,0,0,0,0,0,0,0,0,0,0,0,0,0,0,0,0,0,0,0,0,0,0.0,0.0,0.0,0.0,0.0,0.0,snapshot,,,,,,,/home/runner/work/Solana-Memecoin-Analysis/Solana-Memecoin-Analysis/data/cache/2026-10-08/000534396022_multi_pools_7c36cfa9711c.json,2
2026-10-08T00:05:26.425711+00:00,DFbm21u32jzVg67cRYD16adMYQ3RjyMhVA9mNpqHcsTo,solana,Pump.fun,H8z98esxKgSG8iQnD5XjEVGpW3hNbYX3maDpRgzspump,777,So11111111111111111111111111111111111111112,SOL,2026-10-06T00:25:52Z,3.380121451911891e-06,3380.121452,,2580.3942,120.76039593708553,,,0.0,0.0,0.0,0.0,0.0,0.0,0,0,0,0,0,0,0,0,0,0,0,0,0,0,0,0,0,0,0,0,0,0,0,0,0.0,0.0,0.0,0.0,0.0,0.0,snapshot,,,,,,,/home/runner/work/Solana-Memecoin-Analysis/Solana-Memecoin-Analysis/data/cache/2026-10-08/000534396022_multi_pools_7c36cfa9711c.json,2
2026-10-08T00:05:26.425711+00:00,Atq1FBmSnq3nVRzpnHkKzfddcxC63i7LPsAgo8Ja3rw4,solana,Pump.fun,7k4PKCGckcoZesdE8MDkPnQoswVK7AoJnZ3bSurrpump,INUX,So11111111111111111111111111111111111111112,SOL,2026-10-06T00:25:48Z,3.6002564227626106e-06,3600.256423,,2747.5338,120.80041166242944,,,0.0,0.0,0.0,0.0,0.0,0.0,0,0,0,0,0,0,0,0,0,0,0,0,0,0,0,0,0,0,0,0,0,0,0,0,0.0,0.0,0.0,0.0,0.0,0.0,snapshot,,,,,,,/home/runner/work/Solana-Memecoin-Analysis/Solana-Memecoin-Analysis/data/cache/2026-10-08/000534396022_multi_pools_7c36cfa9711c.json,2
2026-10-08T00:05:26.425711+00:00,5E4fAL5eKRYJAV8VX9S4FZU6CHK2G95k3jtwoGxEn1kC,solana,Meteora DBC,DbBJfBHSB9igDg6TNUCpHKFVnwXDmTeLaUbgUwbT6avG,phubber,So11111111111111111111111111111111111111112,SOL,2026-10-06T00:25:47Z,5.986345997641554e-05,59863.45998,,0.0,120.88872032498865,,,0.0,0.0,0.0,0.0,0.0,0.0,0,0,0,0,0,0,0,0,0,0,0,0,0,0,0,0,0,0,0,0,0,0,0,0,0.0,0.0,0.0,0.0,0.0,0.0,snapshot,,,,,,,/home/runner/work/Solana-Memecoin-Analysis/Solana-Memecoin-Analysis/data/cache/2026-10-08/000534396022_multi_pools_7c36cfa9711c.json,2
2026-10-08T00:05:26.425711+00:00,421YkTSZxMMaMUNuStyckDuyYBa8wcHGLfvEALYWgWNe,solana,PumpSwap,GswkRkWg6CyMA2LSAXyNjB2Qj4yZNn5m4GHPKDv5rVyD,RAM,So11111111111111111111111111111111111111112,SOL,2026-10-06T00:25:46Z,0.1407255545269317,112514076.811888,,0.000606517181217485,120.36342837191245,100.0,,0.0,0.0,0.0,0.0,0.0,0.0,0,0,0,0,0,0,0,0,0,0,0,0,0,0,0,0,0,0,0,0,0,0,0,0,0.0,0.0,0.0,0.0,0.0,0.0,snapshot,,,,,,,/home/runner/work/Solana-Memecoin-Analysis/Solana-Memecoin-Analysis/data/cache/2026-10-08/000534396022_multi_pools_7c36cfa9711c.json,2
2026-10-08T00:05:26.425711+00:00,8NCheW5f6wGYb1qPV2eyyd6AS49NYNkPvkNGroDpHPiA,solana,Meteora DBC,GswkRkWg6CyMA2LSAXyNjB2Qj4yZNn5m4GHPKDv5rVyD,RAM,So11111111111111111111111111111111111111112,SOL,2026-10-06T00:25:42Z,6.0142682159297495e-12,0.004808578218,,0.0,120.88677304039992,,,0.0,0.0,0.0,0.0,0.0,0.0,0,0,0,0,0,0,0,0,0,0,0,0,0,0,0,0,0,0,0,0,0,0,0,0,0.0,0.0,0.0,0.0,0.0,0.0,snapshot,,,,,,,/home/runner/work/Solana-Memecoin-Analysis/Solana-Memecoin-Analysis/data/cache/2026-10-08/000534396022_multi_pools_7c36cfa9711c.json,2
2026-10-08T00:05:26.425711+00:00,5MnzMS3R8BNG7JGTnKK2jG4BWCWjEXVu4XWAK5fZ7X5f,solana,Pump.fun,9qsE6tUmi2jyayPR3pSAtHiuiLNYwiBQ8KnHs2Jopump,SF,So11111111111111111111111111111111111111112,SOL,2026-10-06T00:35:31Z,3.3907577122336084e-06,3390.757712,,2588.1501,120.7777863232208,100.0,,0.0,0.0,0.0,0.0,0.0,0.0,0,0,0,0,0,0,0,0,0,0,0,0,0,0,0,0,0,0,0,0,0,0,0,0,0.0,0.0,0.0,0.0,0.0,0.0,snapshot,,,,,,,/home/runner/work/Solana-Memecoin-Analysis/Solana-Memecoin-Analysis/data/cache/2026-10-08/000534396022_multi_pools_7c36cfa9711c.json,2
2026-10-08T00:05:26.425711+00:00,HpETynRyDTnwCKcjtXmFiTfrXV5NYjLny6s7bnJwvSoq,solana,Pump.fun,8DCrKKBuSM8NvPaoqJZn2besQkhzAQDCpJLx7V2kpump,CNigger,So11111111111111111111111111111111111111112,SOL,2026-10-06T00:35:29Z,6.175824383675147e-07,1235.1648768,,473.0455,120.77879036572286,100.0,,0.0,0.0,0.0,0.0,0.0,0.0,0,0,0,0,0,0,0,0,0,0,0,0,0,0,0,0,0,0,0,0,0,0,0,0,0.0,0.0,0.0,0.0,0.0,0.0,snapshot,,,,,,,/home/runner/work/Solana-Memecoin-Analysis/Solana-Memecoin-Analysis/data/cache/2026-10-08/000534396022_multi_pools_7c36cfa9711c.json,2
2026-10-08T00:05:26.425711+00:00,DvayNGcuoEGhiKQxJCscTTLeEcrBFWqf8sFFoWSrr7kD,solana,Pump.fun,7U1ih7Aed9Qhm1fdaXqDuLq8urE9E3qhT8FHLEafpump,BABYANSEM,So11111111111111111111111111111111111111112,SOL,2026-10-06T00:35:27Z,3.3873207203183357e-06,3387.32072,,2586.1043,120.75066886715697,100.0,,0.0,0.0,0.0,0.0,0.0,0.0,0,0,0,0,0,0,0,0,0,0,0,0,0,0,0,0,0,0,0,0,0,0,0,0,0.0,0.0,0.0,0.0,0.0,0.0,snapshot,,,,,,,/home/runner/work/Solana-Memecoin-Analysis/Solana-Memecoin-Analysis/data/cache/2026-10-08/000534396022_multi_pools_7c36cfa9711c.json,2
2026-10-08T00:05:26.425711+00:00,EBnpwptrLHPuDcBpwX6BeE9z9eHkBTAFaUJt6QHVbrJh,solana,Pump.fun,251KqZJKhjFVRAoN59QQ1dGeFa1xQwKddB9ifqbypump,DryLip,So11111111111111111111111111111111111111112,SOL,2026-10-06T00:35:27Z,3.541873737351069e-06,3541.873737,,2699.3325,120.96406722720639,100.0,,0.0,0.0,0.0,0.0,0.0,0.0,0,0,0,0,0,0,0,0,0,0,0,0,0,0,0,0,0,0,0,0,0,0,0,0,0.0,0.0,0.0,0.0,0.0,0.0,snapshot,,,,,,,/home/runner/work/Solana-Memecoin-Analysis/Solana-Memecoin-Analysis/data/cache/2026-10-08/000534396022_multi_pools_7c36cfa9711c.json,2
2026-10-08T00:05:26.425711+00:00,6r9yAMyb7Aqs1rjBY87ZJ1AAFVrN1Kcg7CeFtS4xNPj8,solana,Pump.fun,EgVxkByLaHi3parQ3kScBu5BkBhGVoghpKtJpLK2pump,PP,So11111111111111111111111111111111111111112,SOL,2026-10-06T00:35:27Z,4.1149154523797103e-07,822.9830904,,257.469,120.75558941855574,100.0,,0.0,0.0,0.0,0.0,0.0,0.0,0,0,0,0,0,0,0,0,0,0,0,0,0,0,0,0,0,0,0,0,0,0,0,0,0.0,0.0,0.0,0.0,0.0,0.0,snapshot,,,,,,,/home/runner/work/Solana-Memecoin-Analysis/Solana-Memecoin-Analysis/data/cache/2026-10-08/000534396022_multi_pools_7c36cfa9711c.json,2
2026-10-08T00:05:26.425711+00:00,oKghiZDnqdb9Trni5FmrQVThi29XgSzAnSV4YXXCYTX,solana,Meteora DBC,4aRTpoFv8hHcwg1cAaCVV6c4t2DvkwthABzhD7bAMQg1,PHUBBER,So11111111111111111111111111111111111111112,SOL,2026-10-06T00:35:27Z,1.6191597708168008e-07,161.9159771,,4434.499,120.8683436431951,100.0,,0.0,0.0,0.0,0.0,0.0,0.0,0,0,0,0,0,0,0,0,0,0,0,0,0,0,0,0,0,0,0,0,0,0,0,0,0.0,0.0,0.0,0.0,0.0,0.0,snapshot,,,,,,,/home/runner/work/Solana-Memecoin-Analysis/Solana-Memecoin-Analysis/data/cache/2026-10-08/000534396022_multi_pools_7c36cfa9711c.json,2
2026-10-08T00:05:26.425711+00:00,FWu9vJq8mGMmk8qsEAYWTVz3N8YrFcwkpE5SQmevsXeC,solana,PumpSwap,EVDsEL1fcXe52VNZRVuABhkLk1F97CG3VrbxydQhfVRN,NEURALS,So11111111111111111111111111111111111111112,SOL,2026-10-06T00:35:25Z,0.12608983343621522,98098459.7299179,,0.000605773490961468,120.3139392256401,100.0,,0.0,0.0,0.0,0.0,0.0,0.0,0,0,0,0,0,0,0,0,0,0,0,0,0,0,0,0,0,0,0,0,0,0,0,0,0.0,0.0,0.0,0.0,0.0,0.0,snapshot,,,,,,,/home/runner/work/Solana-Memecoin-Analysis/Solana-Memecoin-Analysis/data/cache/2026-10-08/000534396022_multi_pools_7c36cfa9711c.json,2
2026-10-08T00:05:26.425711+00:00,7Un4LR3N6nsvb7ZSqW6JusK6zArAFfbt6ZBCuy4w5NF8,solana,Meteora DAMM V2,GRt5HU6HBbHtrU55xBMrpEavvag9cE15XiGYqYCk7ssJ,RUNES,So11111111111111111111111111111111111111112,SOL,2026-10-06T00:35:12Z,7.604610930245391e-10,0.7604490061,,1.3019,120.30613290844526,100.0,,0.0,0.0,0.0,0.0,0.0,0.0,0,0,0,0,0,0,0,0,0,0,0,0,0,0,0,0,0,0,0,0,0,0,0,0,0.0,0.0,0.0,0.0,0.0,0.0,snapshot,,,,,,,/home/runner/work/Solana-Memecoin-Analysis/Solana-Memecoin-Analysis/data/cache/2026-10-08/000542250067_multi_pools_dca9154a85a4.json,2
2026-10-08T00:05:26.425711+00:00,5CrDvYQB6YcEWwSCkpCYVFeVCJuaPgEh8uoGs8FRrTwg,solana,PumpSwap,BA3XGkop22MCjFcdWW8ZpyHLueZ2y7GmTjiHRzqcqpya,NEURALS,So11111111111111111111111111111111111111112,SOL,2026-10-06T00:46:37Z,0.45378708906805015,453787089.1,,0.0024133049411249,120.30613290844526,100.0,,0.0,0.0,0.0,0.0,0.0,0.0,0,0,0,0,0,0,0,0,0,0,0,0,0,0,0,0,0,0,0,0,0,0,0,0,0.0,0.0,0.0,0.0,0.0,0.0,snapshot,,,,,,,/home/runner/work/Solana-Memecoin-Analysis/Solana-Memecoin-Analysis/data/cache/2026-10-08/000542250067_multi_pools_dca9154a85a4.json,2
2026-10-08T00:05:26.425711+00:00,F9qQaT4238P1wZhpjL2Yjq1znKzxYSQPLwYKs2QrVZQo,solana,Pump.fun,9nzXABbfXhHg1K3wPw1xeGcVSDSX9bqPEYgnzpyNpump,PTSD,So11111111111111111111111111111111111111112,SOL,2026-10-06T00:46:25Z,3.3625909071962088e-06,3362.590907,,2581.757,120.07102035207012,,,0.0,0.0,0.0,0.0,0.0,0.0,0,0,0,0,0,0,0,0,0,0,0,0,0,0,0,0,0,0,0,0,0,0,0,0,0.0,0.0,0.0,0.0,0.0,0.0,snapshot,,,,,,,/home/runner/work/Solana-Memecoin-Analysis/Solana-Memecoin-Analysis/data/cache/2026-10-08/000542250067_multi_pools_dca9154a85a4.json,2
2026-10-08T00:05:26.425711+00:00,6ZN9hWQeTCSqPeFbEPc9LRq1rExq67xDsQt5DyYr9Exd,solana,Pump.fun,Fs14e9sdHMCiVhYaLN26XdP7egMQSS1jX5ViK69zpump,Percy,So11111111111111111111111111111111111111112,SOL,2026-10-06T00:46:24Z,3.3302135552556435e-06,3330.213555,,2596.5309,118.23608916007066,100.0,,0.0,0.0,0.0,0.0,0.0,0.329511211,0,0,0,0,0,0,0,0,0,0,0,0,0,0,0,0,0,0,0,0,0,1,0,1,0.0,0.0,0.0,0.0,0.0,0.0,snapshot,,,,,,,/home/runner/work/Solana-Memecoin-Analysis/Solana-Memecoin-Analysis/data/cache/2026-10-08/000542250067_multi_pools_dca9154a85a4.json,2
2026-10-08T00:05:26.425711+00:00,8VAEDuRsyRRfXN6ZWKssGUmtgubZ7xBCeFBTS3c88hYu,solana,PumpSwap,BXr766LZscoJuL9jU5cpcQ4MdJSBDDMCmUdFdke8mAEG,SIC,So11111111111111111111111111111111111111112,SOL,2026-10-06T00:46:13Z,7.3044162386806305e-06,2445.0068197818,,0.0349,120.28892611236685,100.0,,0.0,0.0,0.0,0.0,0.0,0.0,0,0,0,0,0,0,0,0,0,0,0,0,0,0,0,0,0,0,0,0,0,0,0,0,0.0,0.0,0.0,0.0,0.0,0.0,snapshot,,,,,,,/home/runner/work/Solana-Memecoin-Analysis/Solana-Memecoin-Analysis/data/cache/2026-10-08/000542250067_multi_pools_dca9154a85a4.json,2
2026-10-08T00:05:26.425711+00:00,3fS9YqXBFzrx5k1RbngBTxNJZgY1ohnT5dKX6GjMxfjM,solana,Pump.fun,9fezYeYJ2psK6EaPgER9ZrhFRn4TthE5YbAkZ6Yipump,phubbee,So11111111111111111111111111111111111111112,SOL,2026-10-06T00:55:51Z,3.511608351923947e-06,3511.608352,,2678.4328,120.86586210614739,,,0.0,0.0,0.0,0.0,0.0,0.0,0,0,0,0,0,0,0,0,0,0,0,0,0,0,0,0,0,0,0,0,0,0,0,0,0.0,0.0,0.0,0.0,0.0,0.0,snapshot,,,,,,,/home/runner/work/Solana-Memecoin-Analysis/Solana-Memecoin-Analysis/data/cache/2026-10-08/000542250067_multi_pools_dca9154a85a4.json,2
2026-10-08T00:05:26.425711+00:00,V2oHaWMS5wieq1hCEYxDx7xHyJGJ9viFD56LMANeTBG,solana,Pump.fun,FPQAVk1E6PnimSJsARxr7xoU9G6R9ppiz6W4ciF98NL1,PDT,So11111111111111111111111111111111111111112,SOL,2026-10-06T00:55:45Z,3.4394378894849308e-06,3439.437889,,2618.2792,121.1016475437603,100.0,,0.0,0.0,0.0,0.0,0.0,0.0,0,0,0,0,0,0,0,0,0,0,0,0,0,0,0,0,0,0,0,0,0,0,0,0,0.0,0.0,0.0,0.0,0.0,0.0,snapshot,,,,,,,/home/runner/work/Solana-Memecoin-Analysis/Solana-Memecoin-Analysis/data/cache/2026-10-08/000542250067_multi_pools_dca9154a85a4.json,2
2026-10-08T00:05:26.425711+00:00,5L5mvxqioCQjF9FQQkVE2weCh6BAT4fNNHS9nhK2BnbG,solana,Pump.fun,Ak4UJxvUymfgL5mb76HERwdhnEJtochDma55XPmFpump,($RICH),So11111111111111111111111111111111111111112,SOL,2026-10-06T00:55:37Z,3.389323892386666e-07,677.8647784,,267.3493,121.0208753953534,100.0,,0.0,0.0,0.0,0.0,0.0,0.0,0,0,0,0,0,0,0,0,0,0,0,0,0,0,0,0,0,0,0,0,0,0,0,0,0.0,0.0,0.0,0.0,0.0,0.0,snapshot,,,,,,,/home/runner/work/Solana-Memecoin-Analysis/Solana-Memecoin-Analysis/data/cache/2026-10-08/000542250067_multi_pools_dca9154a85a4.json,2
2026-10-08T00:05:26.425711+00:00,4maVJ2Ttyed6UKTrxF8QqCaqivVHq31xffX82z4xznRx,solana,Pump.fun,7W62S6xJDZJ3zw44kqhnYt4svha6jGTyya5SuYrYpump,cell,So11111111111111111111111111111111111111112,SOL,2026-10-06T00:55:30Z,3.374505571635466e-06,3374.5055719998,,2579.2578,120.61326265099729,100.0,,0.0,0.0,0.0,0.0,0.0,0.0,0,0,0,0,0,0,0,0,0,0,0,0,0,0,0,0,0,0,0,0,0,0,0,0,0.0,0.0,0.0,0.0,0.0,0.0,snapshot,,,,,,,/home/runner/work/Solana-Memecoin-Analysis/Solana-Memecoin-Analysis/data/cache/2026-10-08/000542250067_multi_pools_dca9154a85a4.json,2
2026-10-08T00:05:26.425711+00:00,E6NLq1z3UyWcKnqzXpsTE5WkJkwwxZVtcxtSezCi9Gth,solana,Pump.fun,59oTuGdgPzeFLZVZt9Uicu6R2RSFrbNiHf45UfTtuDhm,BEAN,So11111111111111111111111111111111111111112,SOL,2026-10-06T00:55:26Z,3.3839040478460744e-06,3383.904048,,2578.8975,120.9657630003655,100.0,,0.0,0.0,0.0,0.0,0.0,0.0,0,0,0,0,0,0,0,0,0,0,0,0,0,0,0,0,0,0,0,0,0,0,0,0,0.0,0.0,0.0,0.0,0.0,0.0,snapshot,,,,,,,/home/runner/work/Solana-Memecoin-Analysis/Solana-Memecoin-Analysis/data/cache/2026-10-08/000542250067_multi_pools_dca9154a85a4.json,2
2026-10-08T00:05:26.425711+00:00,HWqCzrZHiv4Mf7CxhfL8Xoqcugs7rWhEbwwqMkCd6fpK,solana,Pump.fun,AXVTktrkvRTKZAoR4dowpypF17nd4HM3cupZqNW9MVA6,GREAWAFF,So11111111111111111111111111111111111111112,SOL,2026-10-06T01:04:28Z,3.3856606260335024e-06,3387.976632,,2578.4674,121.04867909686715,,,0.0,0.0,0.0,0.0,0.0,0.0,0,0,0,0,0,0,0,0,0,0,0,0,0,0,0,0,0,0,0,0,0,0,0,0,0.0,0.0,0.0,0.0,0.0,0.0,snapshot,,,,,,,/home/runner/work/Solana-Memecoin-Analysis/Solana-Memecoin-Analysis/data/cache/2026-10-08/000542250067_multi_pools_dca9154a85a4.json,2
2026-10-08T00:05:26.425711+00:00,2XniDxz56n4pGBSgWHML5S19zC93g2BBsB3iuaoBR1oU,solana,Pump.fun,8z42hbtwGXijKgCwuvN5hem6hBFSsyR2gk5XcwF8pump,Tek,So11111111111111111111111111111111111111112,SOL,2026-10-06T01:04:21Z,3.3948431652796626e-06,3394.843165,,2584.3956,121.09884311881379,100.0,,0.0,0.0,0.0,0.0,0.0,0.0,0,0,0,0,0,0,0,0,0,0,0,0,0,0,0,0,0,0,0,0,0,0,0,0,0.0,0.0,0.0,0.0,0.0,0.0,snapshot,,,,,,,/home/runner/work/Solana-Memecoin-Analysis/Solana-Memecoin-Analysis/data/cache/2026-10-08/000542250067_multi_pools_dca9154a85a4.json,2
2026-10-08T00:05:26.425711+00:00,Ez241ZmMxyemsKGyiSVwRXPoEeL2svSKGmzRADu7zYs2,solana,Pump.fun,DaHbjwr834WgcrgGWtJBdtemV6HexUntthYJCJ1Jpump,$AA,So11111111111111111111111111111111111111112,SOL,2026-10-06T01:04:09Z,1.347828930004199e-06,2695.65786,,1046.9165,121.13799576974706,,,0.0,0.0,0.0,0.0,0.0,0.0,0,0,0,0,0,0,0,0,0,0,0,0,0,0,0,0,0,0,0,0,0,0,0,0,0.0,0.0,0.0,0.0,0.0,0.0,snapshot,,,,,,,/home/runner/work/Solana-Memecoin-Analysis/Solana-Memecoin-Analysis/data/cache/2026-10-08/000542250067_multi_pools_dca9154a85a4.json,2
2026-10-08T00:05:26.425711+00:00,ANbUxZ5ubT7vDSu63Gpmr4X64WimzMdMtVe6nBWgvzRt,solana,Pump.fun,2WawSu5HcgaSdVrvoe6AWamPtE4hgpLsLL2bCZQrpump,HAVANA,So11111111111111111111111111111111111111112,SOL,2026-10-06T01:04:04Z,3.390146798454775e-06,3390.146798,,2580.0599,121.13461137149072,,,0.0,0.0,0.0,0.0,0.0,0.0,0,0,0,0,0,0,0,0,0,0,0,0,0,0,0,0,0,0,0,0,0,0,0,0,0.0,0.0,0.0,0.0,0.0,0.0,snapshot,,,,,,,/home/runner/work/Solana-Memecoin-Analysis/Solana-Memecoin-Analysis/data/cache/2026-10-08/000542250067_multi_pools_dca9154a85a4.json,2
2026-10-08T00:05:26.425711+00:00,AEaZkkkjpsGhM6WKKrkjiYegyBQ6NN7LRv6SU21jsb7h,solana,Pump.fun,FQuoMxDQqRC3XajNADMBMTT8ZM3eRyZ7mq7qUUiepump,PUMPCAT,So11111111111111111111111111111111111111112,SOL,2026-10-06T01:03:59Z,3.3860494043482118e-06,3386.049404,,2579.2113,121.02801726946991,,,0.0,0.0,0.0,0.0,0.0,0.0,0,0,0,0,0,0,0,0,0,0,0,0,0,0,0,0,0,0,0,0,0,0,0,0,0.0,0.0,0.0,0.0,0.0,0.0,snapshot,,,,,,,/home/runner/work/Solana-Memecoin-Analysis/Solana-Memecoin-Analysis/data/cache/2026-10-08/000542250067_multi_pools_dca9154a85a4.json,2
2026-10-08T00:05:26.425711+00:00,3MQZihuwSzFjiDqwzDP7dLzCNFBwAnWz5zntnoLEyBjA,solana,Pump.fun,5cpLXVN5qNfc9eib6fcaHdpr8X8Q5nm86e6R4qCHpump,VVV,So11111111111111111111111111111111111111112,SOL,2026-10-06T01:11:41Z,3.3938897761848882e-06,3393.889776,,2585.9997,120.98980521529788,100.0,,0.0,0.0,0.0,0.0,0.0,0.0,0,0,0,0,0,0,0,0,0,0,0,0,0,0,0,0,0,0,0,0,0,0,0,0,0.0,0.0,0.0,0.0,0.0,0.0,snapshot,,,,,,,/home/runner/work/Solana-Memecoin-Analysis/Solana-Memecoin-Analysis/data/cache/2026-10-08/000542250067_multi_pools_dca9154a85a4.json,2
2026-10-08T00:05:26.425711+00:00,9Lx1svbbRFHKTRpvP7GTSxdw48ZjYJtxwUJBsHPGygyp,solana,Meteora DBC,Hwwm27catYAG8WK1dUYkyQGjL5z8F3hh39ZEXbC1sozk,GOLDMIND,So11111111111111111111111111111111111111112,SOL,2026-10-06T01:11:40Z,5.038082273807626e-06,5038.082274,,4848.0069,120.99175542224296,,,0.0,0.0,0.0,0.0,0.0,0.0,0,0,0,0,0,0,0,0,0,0,0,0,0,0,0,0,0,0,0,0,0,0,0,0,0.0,0.0,0.0,0.0,0.0,0.0,snapshot,,,,,,,/home/runner/work/Solana-Memecoin-Analysis/Solana-Memecoin-Analysis/data/cache/2026-10-08/000542250067_multi_pools_dca9154a85a4.json,2
2026-10-08T00:05:26.425711+00:00,EboJeMRnN94hsJvSAcGnSu1TEUKtjycJQNjycNAV9zEy,solana,Pump.fun,CDC7K7UbxaXALEbrm67i1niZ7r94oHwyxdnHLamHpump,BPT,So11111111111111111111111111111111111111112,SOL,2026-10-06T01:11:35Z,1.2527628116582594e-08,25.05525624,,9.5316,120.39472554231517,100.0,,0.0,0.0,0.0,0.0,0.0,0.0,0,0,0,0,0,0,0,0,0,0,0,0,0,0,0,0,0,0,0,0,0,0,0,0,0.0,0.0,0.0,0.0,0.0,0.0,snapshot,,,,,,,/home/runner/work/Solana-Memecoin-Analysis/Solana-Memecoin-Analysis/data/cache/2026-10-08/000542250067_multi_pools_dca9154a85a4.json,2
2026-10-08T00:05:26.425711+00:00,F715NNJJR72B5ntHgNQ4bzDo3XDCjaRTz7EcVXQn4dcB,solana,PumpSwap,EerZVB4oy3YNQbPiEDWpE8G4uowJ8X5wKbF5EzcFBAGS,Neuron,So11111111111111111111111111111111111111112,SOL,2026-10-06T01:11:34Z,0.02452974896423975,49059.49792,,0.00554534649491945,120.25508360687299,,,0.0,0.0,0.0,0.0,0.0,0.0,0,0,0,0,0,0,0,0,0,0,0,0,0,0,0,0,0,0,0,0,0,0,0,0,0.0,0.0,0.0,0.0,0.0,0.0,snapshot,,,,,,,/home/runner/work/Solana-Memecoin-Analysis/Solana-Memecoin-Analysis/data/cache/2026-10-08/000542250067_multi_pools_dca9154a85a4.json,2
2026-10-08T00:05:26.425711+00:00,9ZDAybFJwvAygCB1XBWFNj7Xj9AMFQGdkK4toHHZreDF,solana,Bags.fm,44QeH9z73zFbxxLMAnQMCyQRUMg684k2Dz9duU6MBAGS,BUL,So11111111111111111111111111111111111111112,SOL,2026-10-06T01:11:33Z,6.78006041526759e-05,67800.60415,,65095.9422,121.06843996158153,100.0,,0.0,0.0,0.0,0.0,0.0,0.0,0,0,0,0,0,0,0,0,0,0,0,0,0,0,0,0,0,0,0,0,0,0,0,0,0.0,0.0,0.0,0.0,0.0,0.0,snapshot,,,,,,,/home/runner/work/Solana-Memecoin-Analysis/Solana-Memecoin-Analysis/data/cache/2026-10-08/000542250067_multi_pools_dca9154a85a4.json,2
2026-10-08T00:05:26.425711+00:00,JdBsfgrWjL13nSraTe8aZhfbr88FjDzNuYkUPG1rhQB,solana,Pump.fun,GxJrQx79B3tm491ePsoEPt3ByxpZa1Yi2BT2Nm23pump,($RICH),So11111111111111111111111111111111111111112,SOL,2026-10-06T01:11:28Z,2.0709944703810257e-08,41.4198894,,17.2963,120.34822213612581,,,0.0,0.0,0.0,0.0,0.0,0.0,0,0,0,0,0,0,0,0,0,0,0,0,0,0,0,0,0,0,0,0,0,0,0,0,0.0,0.0,0.0,0.0,0.0,0.0,snapshot,,,,,,,/home/runner/work/Solana-Memecoin-Analysis/Solana-Memecoin-Analysis/data/cache/2026-10-08/000542250067_multi_pools_dca9154a85a4.json,2
2026-10-08T00:05:26.425711+00:00,Bo2Fqc7ofs7b9uzRns4dcyjJ6Hw9SE2qPnsaGKJGHEEe,solana,Meteora DBC,8erMm2CdtG9eM1WUmN1t81gGkFMpP1ehLTUNuzQjTH6N,HPAD,So11111111111111111111111111111111111111112,SOL,2026-10-06T01:11:27Z,1.4941400878478354e-07,149.4140088,,156.5388,121.06804254444573,,,0.0,0.0,0.0,0.0,0.0,0.0,0,0,0,0,0,0,0,0,0,0,0,0,0,0,0,0,0,0,0,0,0,0,0,0,0.0,0.0,0.0,0.0,0.0,0.0,snapshot,,,,,,,/home/runner/work/Solana-Memecoin-Analysis/Solana-Memecoin-Analysis/data/cache/2026-10-08/000542250067_multi_pools_dca9154a85a4.json,2
2026-10-08T00:05:26.425711+00:00,9dt3nSiKwEdmBADY84kTSkxhnDSw8NPiMPDtbELUSqmF,solana,Pump.fun,8q43ftg5e2j4a3hUnMtKt4PGgVjJV2yR1SkAHhTJx1cM,Goose,So11111111111111111111111111111111111111112,SOL,2026-10-06T01:11:26Z,3.497756591289425e-06,3497.756591,,2663.4263,121.06751040172595,,,0.0,0.0,0.0,0.0,0.0,0.0,0,0,0,0,0,0,0,0,0,0,0,0,0,0,0,0,0,0,0,0,0,0,0,0,0.0,0.0,0.0,0.0,0.0,0.0,snapshot,,,,,,,/home/runner/work/Solana-Memecoin-Analysis/Solana-Memecoin-Analysis/data/cache/2026-10-08/000542250067_multi_pools_dca9154a85a4.json,2
2026-10-08T00:05:26.425711+00:00,DHuiY6pvUQ6FoL4Sau3F49yL3PbfbiYuTH6y7Ya4GYS7,solana,Meteora DAMM V2,FZQkqSaSDu4JyeifXQySCp6GVJFvasUJDwR8MU9ZaQGY,phubber,So11111111111111111111111111111111111111112,SOL,2026-10-06T01:22:38Z,6.129834062437424e-10,0.6129768276,,1.0461,120.34982589463796,100.0,,0.0,0.0,0.0,0.0,0.0,0.0,0,0,0,0,0,0,0,0,0,0,0,0,0,0,0,0,0,0,0,0,0,0,0,0,0.0,0.0,0.0,0.0,0.0,0.0,snapshot,,,,,,,/home/runner/work/Solana-Memecoin-Analysis/Solana-Memecoin-Analysis/data/cache/2026-10-08/000542250067_multi_pools_dca9154a85a4.json,2
2026-10-08T00:05:26.425711+00:00,GpMzYuLiU2FDqVRqafd7x4A9fCbmaAGpiZxVri32oqxH,solana,Pump.fun,63ym6G6hUdW46t6YeWhhMWGvx6svHP6uX6q5qT3mJFo6,memephobia,So11111111111111111111111111111111111111112,SOL,2026-10-06T01:22:25Z,3.3681366427269416e-06,3368.136643,,2578.1536,120.43684800104654,100.0,,0.0,0.0,0.0,0.0,0.0,0.8850045245,0,0,0,0,0,0,0,0,0,0,0,0,0,0,0,0,0,0,0,0,0,1,0,1,0.0,0.0,0.0,0.0,0.0,0.0,snapshot,,,,,,,/home/runner/work/Solana-Memecoin-Analysis/Solana-Memecoin-Analysis/data/cache/2026-10-08/000542250067_multi_pools_dca9154a85a4.json,2
2026-10-08T00:05:26.425711+00:00,AqwEPLBUnJ53F83FBT5C9FkM3VCpPAzayvRgvSES17mM,solana,Meteora DBC,8oYM1af5n2FVMaCygTGDH6hVrYvPxzkXt3bf3Vf44BB1,peniaphobia,So11111111111111111111111111111111111111112,SOL,2026-10-06T01:22:23Z,3.580206951131091e-05,35802.06951,,0.0,120.97125496810865,,,0.0,0.0,0.0,0.0,0.0,0.0,0,0,0,0,0,0,0,0,0,0,0,0,0,0,0,0,0,0,0,0,0,0,0,0,0.0,0.0,0.0,0.0,0.0,0.0,snapshot,,,,,,,/home/runner/work/Solana-Memecoin-Analysis/Solana-Memecoin-Analysis/data/cache/2026-10-08/000542250067_multi_pools_dca9154a85a4.json,2
2026-10-08T00:05:26.425711+00:00,H97wfSCknd7hNdRsAFqhg9uXSuK4jJzQZtKoevbuciEC,solana,Meteora DAMM V2,8idfZjdsSP6irwVvuiDMJkJbtc3S7gAYfPoEmsahAGKV,Memeployed,So11111111111111111111111111111111111111112,SOL,2026-10-06T01:22:23Z,1.616906343801524e-05,16167.971910235,,20112.0279,120.97174266954039,,,0.0,0.0,0.0,0.0,0.0,0.0,0,0,0,0,0,0,0,0,0,0,0,0,0,0,0,0,0,0,0,0,0,0,0,0,0.0,0.0,0.0,0.0,0.0,0.0,snapshot,,,,,,,/home/runner/work/Solana-Memecoin-Analysis/Solana-Memecoin-Analysis/data/cache/2026-10-08/000542250067_multi_pools_dca9154a85a4.json,2
2026-10-08T00:05:26.425711+00:00,2KtEoZLiFiEU3WnSpdni74QouYBFab6RgdK5AeNzTYXP,solana,Meteora DBC,BjKchT9e5S98zX7RSKd3mzSKh2yJhAcvx4eWPcxPwqCX,HOMO,So11111111111111111111111111111111111111112,SOL,2026-10-06T01:22:16Z,1.9891221862107277e-07,198.9122186,,200.3725,120.82879659504484,,,0.0,0.0,0.0,0.0,0.0,0.0,0,0,0,0,0,0,0,0,0,0,0,0,0,0,0,0,0,0,0,0,0,0,0,0,0.0,0.0,0.0,0.0,0.0,0.0,snapshot,,,,,,,/home/runner/work/Solana-Memecoin-Analysis/Solana-Memecoin-Analysis/data/cache/2026-10-08/000542250067_multi_pools_dca9154a85a4.json,2
2026-10-08T00:05:26.425711+00:00,5KeH9oefLD68GYQYtpQKBeKT5rCxCmjHnBJfsaTrU8Jb,solana,Meteora DAMM V2,E7S8xTEjRgt6ru49XUTsDFVjyuGKWRbCMvtRtixLpump,PLAGUE,So11111111111111111111111111111111111111112,SOL,2026-10-06T01:22:07Z,0.000502065730908784,502065.7309,,0.000192788499812353,120.90830561900786,,,0.0,0.0,0.0,0.0,0.0,0.0,0,0,0,0,0,0,0,0,0,0,0,0,0,0,0,0,0,0,0,0,0,0,0,0,0.0,0.0,0.0,0.0,0.0,0.0,snapshot,,,,,,,/home/runner/work/Solana-Memecoin-Analysis/Solana-Memecoin-Analysis/data/cache/2026-10-08/000542250067_multi_pools_dca9154a85a4.json,2
2026-10-08T00:05:26.425711+00:00,9cFpN9nFJm3fcxUHpCwmVH1ztsBjF4nepfiVtmvNXyYw,solana,Raydium Launchlab,Fe9SRNvpzi9Uo5wF6huxWPCnd13PBQacmC1YKhxn8i6f,Ants,Pren1FvFX6J3E4kXhJuCiAD5aDmGEb7qJRncwA8Lkhw,ANTHRP,2026-10-06T01:31:12Z,3.5422514559477898e-06,3689.776164,,3554.2108,1110.3773197216956,100.0,,0.0,0.0,0.0,0.0,0.0,0.0,0,0,0,0,0,0,0,0,0,0,0,0,0,0,0,0,0,0,0,0,0,0,0,0,0.0,0.0,0.0,0.0,0.0,0.0,snapshot,,,,,,,/home/runner/work/Solana-Memecoin-Analysis/Solana-Memecoin-Analysis/data/cache/2026-10-08/000542250067_multi_pools_dca9154a85a4.json,2
2026-10-08T00:05:26.425711+00:00,AtF7wYtmiXqnheFgJ8do5kPN2oZeG39XRe7grLQbA3Ub,solana,Pump.fun,6RK8rFHuQhLGjC4rQwCbtBgpoFDzkSs2k6eXZFDKvM3f,seagull,So11111111111111111111111111111111111111112,SOL,2026-10-06T01:31:00Z,3.570735574659609e-06,3570.735575,,2718.5003,121.06789229300438,100.0,,0.0,0.0,0.0,0.0,0.0,0.0,0,0,0,0,0,0,0,0,0,0,0,0,0,0,0,0,0,0,0,0,0,0,0,0,0.0,0.0,0.0,0.0,0.0,0.0,snapshot,,,,,,,/home/runner/work/Solana-Memecoin-Analysis/Solana-Memecoin-Analysis/data/cache/2026-10-08/000549559679_multi_pools_e83a7fe583b9.json,2
2026-10-08T00:05:26.425711+00:00,AM7iadsu7aGyR3xXPiWYgx8mEoPuhEUUXoKypfiymQyB,solana,Pump.fun,4R9WL5LD2cYdG6GHud8v5U8SYmNxdhQ8D9ZYwzpppump,VIEWBOT,So11111111111111111111111111111111111111112,SOL,2026-10-06T01:40:09Z,3.376004032072265e-06,3376.004032,,2578.3628,120.70867140902902,100.0,,0.0,0.0,0.0,0.0,0.0,0.0,0,0,0,0,0,0,0,0,0,0,0,0,0,0,0,0,0,0,0,0,0,0,0,0,0.0,0.0,0.0,0.0,0.0,0.0,snapshot,,,,,,,/home/runner/work/Solana-Memecoin-Analysis/Solana-Memecoin-Analysis/data/cache/2026-10-08/000549559679_multi_pools_e83a7fe583b9.json,2
2026-10-08T00:05:26.425711+00:00,8yRXJEn1aYVz2sa9zKreoAV2jVEedcxAAJxtKnvaNh6c,solana,Pump.fun,3GZAweY1SgkE8QUnz1hVbJp8cSDaLEMmkDseGY3Tpump,$ToeLicker,So11111111111111111111111111111111111111112,SOL,2026-10-06T01:39:58Z,6.850462376690022e-07,2604.68395,,526.5269,120.63149728816948,,,0.0,0.0,0.0,0.0,0.0,0.0,0,0,0,0,0,0,0,0,0,0,0,0,0,0,0,0,0,0,0,0,0,0,0,0,0.0,0.0,0.0,0.0,0.0,0.0,snapshot,,,,,,,/home/runner/work/Solana-Memecoin-Analysis/Solana-Memecoin-Analysis/data/cache/2026-10-08/000549559679_multi_pools_e83a7fe583b9.json,2
2026-10-08T00:05:26.425711+00:00,4pYNtNp4ptguerpsVsYewRU2sGq9QeB66zF9vECHfSf2,solana,Pump.fun,FhHWMgioqtSdg3jrcHoYUgNLVhLnAswZaCwkpA8apump,$KAI,So11111111111111111111111111111111111111112,SOL,2026-10-06T01:39:57Z,1.2087348777992003e-06,2417.469756,,933.9905,120.5505644381239,100.0,,0.0,0.0,0.0,0.0,0.0,0.0,0,0,0,0,0,0,0,0,0,0,0,0,0,0,0,0,0,0,0,0,0,0,0,0,0.0,0.0,0.0,0.0,0.0,0.0,snapshot,,,,,,,/home/runner/work/Solana-Memecoin-Analysis/Solana-Memecoin-Analysis/data/cache/2026-10-08/000549559679_multi_pools_e83a7fe583b9.json,2
2026-10-08T00:05:26.425711+00:00,4kT7Kx1XvD4tpjivW2P1X8JkEZVNW76SmbbAmrz5Q86B,solana,Pump.fun,4oAyhDUjHn6MeGgGm2SttEkxnYDb6hmNtghiBfnDpump,ELON,So11111111111111111111111111111111111111112,SOL,2026-10-06T01:39:55Z,3.3755006771084502e-06,3375.500677,,2577.5956,120.72631078693574,,,0.0,0.0,0.0,0.0,0.0,0.0,0,0,0,0,0,0,0,0,0,0,0,0,0,0,0,0,0,0,0,0,0,0,0,0,0.0,0.0,0.0,0.0,0.0,0.0,snapshot,,,,,,,/home/runner/work/Solana-Memecoin-Analysis/Solana-Memecoin-Analysis/data/cache/2026-10-08/000549559679_multi_pools_e83a7fe583b9.json,2
2026-10-08T00:05:26.425711+00:00,3st94vX4ZjUHMhh3EH6VfknnLkEFtDraY5zYZ7gbPXH2,solana,Meteora DAMM V2,DAjCbYJVSjvobmmwmaJkCNADZ6fSYyS3tVRQQrCsBAGS,Memeployed,So11111111111111111111111111111111111111112,SOL,2026-10-06T01:39:54Z,0.21236294009703333,166169225.305035,,2.50430017421669e-06,120.36411575603861,,,0.0,0.0,0.0,0.0,0.0,0.0,0,0,0,0,0,0,0,0,0,0,0,0,0,0,0,0,0,0,0,0,0,0,0,0,0.0,0.0,0.0,0.0,0.0,0.0,snapshot,,,,,,,/home/runner/work/Solana-Memecoin-Analysis/Solana-Memecoin-Analysis/data/cache/2026-10-08/000549559679_multi_pools_e83a7fe583b9.json,2
2026-10-08T00:05:26.425711+00:00,7f3uebzFNJF3BRMpkZG5fHRFyapKke61W8SxmV9QA4k9,solana,PumpSwap,DAjCbYJVSjvobmmwmaJkCNADZ6fSYyS3tVRQQrCsBAGS,Memeployed,So11111111111111111111111111111111111111112,SOL,2026-10-06T01:39:54Z,0.02036717921529652,15936859.7507763,,0.002420369252,120.65924310725967,100.0,,0.0,0.0,0.0,0.0,0.0,0.0,0,0,0,0,0,0,0,0,0,0,0,0,0,0,0,0,0,0,0,0,0,0,0,0,0.0,0.0,0.0,0.0,0.0,0.0,snapshot,,,,,,,/home/runner/work/Solana-Memecoin-Analysis/Solana-Memecoin-Analysis/data/cache/2026-10-08/000549559679_multi_pools_e83a7fe583b9.json,2
2026-10-08T00:05:26.425711+00:00,4Gcni3jJz5aY5HzMdv6Ro2aBd8QX3CjFcWUP1LtevE7a,solana,Pump.fun,CST78g6GhcgCtL38nUE22ShAnbBaohfPuMb3A6Yapump,RoomsPad,So11111111111111111111111111111111111111112,SOL,2026-10-06T01:49:43Z,3.407099054761828e-06,3407.099055,,2740.5043,120.55399397260237,100.0,,0.0,0.0,0.0,0.0,0.0,0.0,0,0,0,0,0,0,0,0,0,0,0,0,0,0,0,0,0,0,0,0,0,0,0,0,0.0,0.0,0.0,0.0,0.0,0.0,snapshot,,,,,,,/home/runner/work/Solana-Memecoin-Analysis/Solana-Memecoin-Analysis/data/cache/2026-10-08/000549559679_multi_pools_e83a7fe583b9.json,2
2026-10-08T00:05:26.425711+00:00,CyJD6MXBRxj3Cr6p2VF7ZbsL4qZWq54qZUtpnmwA792v,solana,Pump.fun,EYaNLRbzYBUvz6dZ6rk4Q5ACGca2ZCc3xvhYkBFNpump,Pseudomon,So11111111111111111111111111111111111111112,SOL,2026-10-06T01:49:43Z,3.3421195833566845e-06,3342.119583,,2578.2582,119.50203497747349,100.0,,0.0,0.0,0.0,0.0,0.0,0.0,0,0,0,0,0,0,0,0,0,0,0,0,0,0,0,0,0,0,0,0,0,0,0,0,0.0,0.0,0.0,0.0,0.0,0.0,snapshot,,,,,,,/home/runner/work/Solana-Memecoin-Analysis/Solana-Memecoin-Analysis/data/cache/2026-10-08/000549559679_multi_pools_e83a7fe583b9.json,2
2026-10-08T00:05:26.425711+00:00,37mBK8SQ2bRpWXS4trtEesrE6ow7YudWnWXP25JwELuC,solana,Pump.fun,26aRVFZo3sufawQUPYuPfnY2QoGzuc5fiz48Cqv8pump,AI,So11111111111111111111111111111111111111112,SOL,2026-10-06T01:49:40Z,3.3713181968244262e-06,3371.318197,,2578.3047,120.54383073180003,100.0,,0.0,0.0,0.0,0.0,0.0,0.0,0,0,0,0,0,0,0,0,0,0,0,0,0,0,0,0,0,0,0,0,0,0,0,0,0.0,0.0,0.0,0.0,0.0,0.0,snapshot,,,,,,,/home/runner/work/Solana-Memecoin-Analysis/Solana-Memecoin-Analysis/data/cache/2026-10-08/000549559679_multi_pools_e83a7fe583b9.json,2
2026-10-08T00:05:26.425711+00:00,5sMpeMmZSVUx5D9DKK67NmbaiktJYB2mZy39dLZvQGVd,solana,Pump.fun,8mTGzUTme5tVRtvuTuVyTd8SgXz6hevCnhqgAbJ5HxG2,OPENCODE,So11111111111111111111111111111111111111112,SOL,2026-10-06T01:49:37Z,3.3879811141779725e-06,3387.981114,,2594.6943,120.37429587790149,100.0,,0.0,0.0,0.0,0.0,0.0,0.0,0,0,0,0,0,0,0,0,0,0,0,0,0,0,0,0,0,0,0,0,0,0,0,0,0.0,0.0,0.0,0.0,0.0,0.0,snapshot,,,,,,,/home/runner/work/Solana-Memecoin-Analysis/Solana-Memecoin-Analysis/data/cache/2026-10-08/000549559679_multi_pools_e83a7fe583b9.json,2
2026-10-08T00:05:26.425711+00:00,3zWm3gta3ZQhi3sKBb9UpTzLVgqCZQB7Hkm1yfgsSou1,solana,Meteora DAMM V2,BBBAxDrPh5MCAtZyk4PHhwhbYRyZbnJG5p6LfF5Qgcuq,OUTBREAK,So11111111111111111111111111111111111111112,SOL,2026-10-06T01:49:25Z,6.444365595951729e-10,0.6443394635,,1.081,120.17327755313775,,,0.0,0.0,0.0,0.0,0.0,0.0,0,0,0,0,0,0,0,0,0,0,0,0,0,0,0,0,0,0,0,0,0,0,0,0,0.0,0.0,0.0,0.0,0.0,0.0,snapshot,,,,,,,/home/runner/work/Solana-Memecoin-Analysis/Solana-Memecoin-Analysis/data/cache/2026-10-08/000549559679_multi_pools_e83a7fe583b9.json,2
2026-10-08T00:05:26.425711+00:00,79YiJcjEyFZXF3FMLcSwGLVwu9eEf922cdwfUo9NWwEL,solana,Pump.fun,3VkbDFmwFpUT7a1GZbKZx6rYazf9DtkeQmubkQmjtyCm,offchain,So11111111111111111111111111111111111111112,SOL,2026-10-06T01:49:19Z,3.364821878923006e-06,3364.821879,,2577.677,120.34098423149757,,,0.0,0.0,0.0,0.0,0.0,0.0,0,0,0,0,0,0,0,0,0,0,0,0,0,0,0,0,0,0,0,0,0,0,0,0,0.0,0.0,0.0,0.0,0.0,0.0,snapshot,,,,,,,/home/runner/work/Solana-Memecoin-Analysis/Solana-Memecoin-Analysis/data/cache/2026-10-08/000549559679_multi_pools_e83a7fe583b9.json,2
2026-10-08T00:05:26.425711+00:00,CbSwawdKRfBLzPdXTXwp1kKFh31PjAajm1RYfBYXMwQ8,solana,Pump.fun,26aS4mHxX87igczDLT92SNeXHkvjEFyAYvq6QVALpump,DOG????,So11111111111111111111111111111111111111112,SOL,2026-10-06T01:57:14Z,3.382216687447819e-06,3382.216687,,2585.9986,120.57372955293309,100.0,,0.0,0.0,0.0,0.0,0.0,0.0,0,0,0,0,0,0,0,0,0,0,0,0,0,0,0,0,0,0,0,0,0,0,0,0,0.0,0.0,0.0,0.0,0.0,0.0,snapshot,,,,,,,/home/runner/work/Solana-Memecoin-Analysis/Solana-Memecoin-Analysis/data/cache/2026-10-08/000549559679_multi_pools_e83a7fe583b9.json,2
2026-10-08T00:05:26.425711+00:00,G7o6Qn5q6QMSqq7HZGEeySKgEzc11WoiqU6fxiEvwkvy,solana,Pump.fun,GouDmuWRqxij6cXmtESo7MjvHeyWZgzLQ9nWPwaxpump,OUTSIDE,So11111111111111111111111111111111111111112,SOL,2026-10-06T01:57:07Z,3.5243915147007436e-06,3524.391515,,2696.5544,120.49078956936523,,,0.0,0.0,0.0,0.0,0.0,0.0,0,0,0,0,0,0,0,0,0,0,0,0,0,0,0,0,0,0,0,0,0,0,0,0,0.0,0.0,0.0,0.0,0.0,0.0,snapshot,,,,,,,/home/runner/work/Solana-Memecoin-Analysis/Solana-Memecoin-Analysis/data/cache/2026-10-08/000549559679_multi_pools_e83a7fe583b9.json,2
2026-10-08T00:05:26.425711+00:00,DeazvCxWTtyWDyRgHsHMe6PGEKwfDZZ7A7iJDjEwjARe,solana,PumpSwap,DrkRt1uK8eDxUmSGg4NGiVp87UL3cjdHTHWsJDwspump,HIGGS,So11111111111111111111111111111111111111112,SOL,2026-10-06T02:06:32Z,5.027403442306506e-05,39227.3880561585,,6.07541531790147e-07,120.42589871728929,100.0,,0.0,0.0,0.0,0.0,0.0,0.0,0,0,0,0,0,0,0,0,0,0,0,0,0,0,0,0,0,0,0,0,0,0,0,0,0.0,0.0,0.0,0.0,0.0,0.0,snapshot,,,,,,,/home/runner/work/Solana-Memecoin-Analysis/Solana-Memecoin-Analysis/data/cache/2026-10-08/000549559679_multi_pools_e83a7fe583b9.json,2
2026-10-08T00:05:26.425711+00:00,AeNmn9zPDxhTgVCxYfdDsBMvt9rVpsqVVbkiki77uE4c,solana,Pump.fun,CZGdgEamyL9igU85DecY2VmLrs1JVfwri4fTM3H8x9Mh,ARTICS,So11111111111111111111111111111111111111112,SOL,2026-10-06T02:06:14Z,3.3611091447973447e-06,3361.109145,,2579.0951,120.14187868651274,100.0,,0.0,0.0,0.0,0.0,0.0,0.0,0,0,0,0,0,0,0,0,0,0,0,0,0,0,0,0,0,0,0,0,0,0,0,0,0.0,0.0,0.0,0.0,0.0,0.0,snapshot,,,,,,,/home/runner/work/Solana-Memecoin-Analysis/Solana-Memecoin-Analysis/data/cache/2026-10-08/000549559679_multi_pools_e83a7fe583b9.json,2
2026-10-08T00:05:26.425711+00:00,8DJ8WBftAPe7nfEbWqjKEfLKbrL5R4SfZP1VtVEJFTYV,solana,Meteora DAMM V2,6TAqKFWdEjgY4ApAh1vLt9iS53NAFdK5oaW8GfcBmYRY,Memeology,So11111111111111111111111111111111111111112,SOL,2026-10-06T02:06:11Z,8.202181460841457e-10,0.8202136078,,1.4414,120.37321945670021,,,0.0,0.0,0.0,0.0,0.0,0.0,0,0,0,0,0,0,0,0,0,0,0,0,0,0,0,0,0,0,0,0,0,0,0,0,0.0,0.0,0.0,0.0,0.0,0.0,snapshot,,,,,,,/home/runner/work/Solana-Memecoin-Analysis/Solana-Memecoin-Analysis/data/cache/2026-10-08/000549559679_multi_pools_e83a7fe583b9.json,2
2026-10-08T00:05:26.425711+00:00,DpJkjpMzABhZqYtcuiwcMfvnqysU4h23eqmQuh4CJr3H,solana,Pump.fun,L43PgaK6PAA4qY4p6jubHEkUztJRHRk8e4RQcRWpump,INATOR,So11111111111111111111111111111111111111112,SOL,2026-10-06T02:06:10Z,5.9183407161898705e-06,5918.340716,,4249.4933,116.94488234573721,,,0.0,0.0,0.0,0.0,0.0,6460.2354489698,0,0,0,0,0,0,0,0,0,0,0,0,0,0,0,0,0,0,0,0,105,77,69,47,0.0,0.0,0.0,0.0,0.0,61.689,snapshot,,,,,,,/home/runner/work/Solana-Memecoin-Analysis/Solana-Memecoin-Analysis/data/cache/2026-10-08/000549559679_multi_pools_e83a7fe583b9.json,2
2026-10-08T00:05:26.425711+00:00,ASJseL9HdoB64AyzNhHUTHY5cLdvqH8WWRTeverqBqFy,solana,Meteora DAMM V2,cvUqYWUpoDyrPy7wjesLrykARri1kdnYDgDGTpFXbUm,Rooms,So11111111111111111111111111111111111111112,SOL,2026-10-06T02:06:07Z,6.173751679693868e-10,0.6173552633,,1.0694,119.4082045244367,,,0.0,0.0,0.0,0.0,0.0,0.0,0,0,0,0,0,0,0,0,0,0,0,0,0,0,0,0,0,0,0,0,0,0,0,0,0.0,0.0,0.0,0.0,0.0,0.0,snapshot,,,,,,,/home/runner/work/Solana-Memecoin-Analysis/Solana-Memecoin-Analysis/data/cache/2026-10-08/000549559679_multi_pools_e83a7fe583b9.json,2
2026-10-08T00:05:26.425711+00:00,7T9f6yj87vWpEGA8SbgAAXFmKeKsDphNYqiQYgCjVYWw,solana,Pump.fun,BcVEjmxXngjAgjzeWH8rXkw2oqaN1wiYVqetiKpXpump,Gemi B0T,So11111111111111111111111111111111111111112,SOL,2026-10-06T02:15:35Z,3.4171395984406364e-06,3416.5755620153,,2618.3257,120.30465267749301,100.0,,0.0,0.0,0.0,0.0,0.0,0.0,0,0,0,0,0,0,0,0,0,0,0,0,0,0,0,0,0,0,0,0,0,0,0,0,0.0,0.0,0.0,0.0,0.0,0.0,snapshot,,,,,,,/home/runner/work/Solana-Memecoin-Analysis/Solana-Memecoin-Analysis/data/cache/2026-10-08/000549559679_multi_pools_e83a7fe583b9.json,2
2026-10-08T00:05:26.425711+00:00,Fka7QPToESxmjQDpov32fK2zKTv5SJ1SASoY7FCQUhw6,solana,Meteora DBC,65ni1KRtMEP7HATfVn8hq59XQBtf468dJgYrHoXKAJju,PLUGIN,So11111111111111111111111111111111111111112,SOL,2026-10-06T02:15:25Z,4.8795994821614324e-05,48795.9913135425,,0.0,120.40048169332417,,,0.0,0.0,0.0,0.0,0.0,0.0,0,0,0,0,0,0,0,0,0,0,0,0,0,0,0,0,0,0,0,0,0,0,0,0,0.0,0.0,0.0,0.0,0.0,0.0,snapshot,,,,,,,/home/runner/work/Solana-Memecoin-Analysis/Solana-Memecoin-Analysis/data/cache/2026-10-08/000549559679_multi_pools_e83a7fe583b9.json,2
2026-10-08T00:05:26.425711+00:00,9sDkXCYJrZ5dNgoZfRq9CYcA6WLJAK8G5sMgpk5ou443,solana,Pump.fun,3AT719FLx3aSREQt71EdnhSSnXwGKwrfFkyfuDqVpump,PLUGIN,Xsv9hRk1z5ystj9MhnA7Lq4vjSsLwzL2nxrwmwtD3re,GLDx,2026-10-06T02:15:24Z,3.0685597536537842e-06,3220.919365,,2466.1575,379.13087090785643,100.0,,0.0,0.0,0.0,0.0,0.0,0.0,0,0,0,0,0,0,0,0,0,0,0,0,0,0,0,0,0,0,0,0,0,0,0,0,0.0,0.0,0.0,0.0,0.0,0.0,snapshot,,,,,,,/home/runner/work/Solana-Memecoin-Analysis/Solana-Memecoin-Analysis/data/cache/2026-10-08/000549559679_multi_pools_e83a7fe583b9.json,2
2026-10-08T00:05:26.425711+00:00,GvrbsSDsBm8fZqMWQwD27iZnuY2t3mneoeRbxVspDwER,solana,Meteora DBC,HXnNVT6ApUkmCZp23ZTKVqfiNC2cQx5iPPJdg75fX7qP,HOTCOIN,So11111111111111111111111111111111111111112,SOL,2026-10-06T02:15:11Z,3.563282214865797e-05,35632.82215,,0.0,120.40383149498906,,,0.0,0.0,0.0,0.0,0.0,0.0,0,0,0,0,0,0,0,0,0,0,0,0,0,0,0,0,0,0,0,0,0,0,0,0,0.0,0.0,0.0,0.0,0.0,0.0,snapshot,,,,,,,/home/runner/work/Solana-Memecoin-Analysis/Solana-Memecoin-Analysis/data/cache/2026-10-08/000549559679_multi_pools_e83a7fe583b9.json,2
2026-10-08T00:05:26.425711+00:00,9aRZ2kws3rdpRiRWh8p8hPeoUPXFjJFJ4QTt5GhzHjeH,solana,Pump.fun,CLWuqLVPnf6QMR1nTeBgj9mWUe2TsZZntkV2KH6BxnnL,SHOAL,So11111111111111111111111111111111111111112,SOL,2026-10-06T02:22:30Z,3.3710450041308172e-06,3371.045004,,3017.9419,120.58024089481121,100.0,,0.0,0.0,0.0,0.0,0.0,0.0,0,0,0,0,0,0,0,0,0,0,0,0,0,0,0,0,0,0,0,0,0,0,0,0,0.0,0.0,0.0,0.0,0.0,0.0,snapshot,,,,,,,/home/runner/work/Solana-Memecoin-Analysis/Solana-Memecoin-Analysis/data/cache/2026-10-08/000549559679_multi_pools_e83a7fe583b9.json,2
2026-10-08T00:05:26.425711+00:00,B7b4rJu7QiWjxfLX1WoNyhYwsNsbFfmBJqvnMG6sfo3u,solana,Pump.fun,A6M1erxYsTU2hhau2f1kH3mVUodoeJzCsR7Uqx7ibd9D,JOHN,So11111111111111111111111111111111111111112,SOL,2026-10-06T02:22:25Z,3.2932688386452635e-06,3293.268839,,2577.6411,117.78346819688078,100.0,,0.0,0.0,0.0,0.0,0.0,0.1734128358,0,0,0,0,0,0,0,0,0,0,0,0,0,0,0,0,0,0,0,0,0,1,0,1,0.0,0.0,0.0,0.0,0.0,0.0,snapshot,,,,,,,/home/runner/work/Solana-Memecoin-Analysis/Solana-Memecoin-Analysis/data/cache/2026-10-08/000549559679_multi_pools_e83a7fe583b9.json,2
2026-10-08T00:05:26.425711+00:00,AfWwxWLXRPmmHaEZbuhKA5ZFjq1g5MUn4WG6dRZTUs2b,solana,Pump.fun,3AJfvAL3ijqZZxhk3L6d5phAoy8LA1npgQfEUbVkpump,LOANED,Xsv9hRk1z5ystj9MhnA7Lq4vjSsLwzL2nxrwmwtD3re,GLDx,2026-10-06T02:22:11Z,4.356758920655645e-05,42233.0337566542,,0.0,379.68531909437803,,,0.0,0.0,0.0,0.0,0.0,0.0,0,0,0,0,0,0,0,0,0,0,0,0,0,0,0,0,0,0,0,0,0,0,0,0,0.0,0.0,0.0,0.0,0.0,0.0,snapshot,,,,,,,/home/runner/work/Solana-Memecoin-Analysis/Solana-Memecoin-Analysis/data/cache/2026-10-08/000549559679_multi_pools_e83a7fe583b9.json,2
2026-10-08T00:05:26.425711+00:00,AGk5aGiGFmQc4cHL2U45YrveB8Rq5QZhwSCQ6w7uRW79,solana,StonkFun,7fPhy6KyrWzYdSADF34Ecctpgz74BNJtwNotMRqkECyD,NI,Xsc9qvGR1efVDFGLrVsmkzv3qi45LTBjeUKSPmx9qEh,NVDAx,2026-10-06T02:32:29Z,4.42646796809402e-06,4426.467968,,4534.2882,239.22672992051184,100.0,,0.0,0.0,0.0,0.0,0.0,0.0,0,0,0,0,0,0,0,0,0,0,0,0,0,0,0,0,0,0,0,0,0,0,0,0,0.0,0.0,0.0,0.0,0.0,0.0,snapshot,,,,,,,/home/runner/work/Solana-Memecoin-Analysis/Solana-Memecoin-Analysis/data/cache/2026-10-08/000549559679_multi_pools_e83a7fe583b9.json,2
2026-10-08T00:05:26.425711+00:00,GqQUp2skNurouJDC1Lv7HFqavwoRMzG1FviQnz4nxbno,solana,Pump.fun,F5pcgnzfD8hQwrVvWTUq99bXjJLfZ3ksUWSAAQmSNDQA,ZEAL,So11111111111111111111111111111111111111112,SOL,2026-10-06T02:32:17Z,3.841084511854649e-06,3841.084512,,2728.6933,120.08340996812497,,,0.0,0.0,0.0,0.0,0.0,0.0,0,0,0,0,0,0,0,0,0,0,0,0,0,0,0,0,0,0,0,0,0,0,0,0,0.0,0.0,0.0,0.0,0.0,0.0,snapshot,,,,,,,/home/runner/work/Solana-Memecoin-Analysis/Solana-Memecoin-Analysis/data/cache/2026-10-08/000549559679_multi_pools_e83a7fe583b9.json,2
2026-10-08T00:05:26.425711+00:00,CZHUXpy1ij2iNqiRuv3L4SCPcBjbSgfbVkExPgHUy8gr,solana,Pump.fun,8EjNHLC6wbE8pnp6utnsGeNYjo2BT7ixKihg7FxG2XHw,FOBO,So11111111111111111111111111111111111111112,SOL,2026-10-06T02:32:13Z,3.370229866984406e-06,3370.229867,,2580.0588,120.42308935541936,100.0,,0.0,0.0,0.0,0.0,0.0,0.0,0,0,0,0,0,0,0,0,0,0,0,0,0,0,0,0,0,0,0,0,0,0,0,0,0.0,0.0,0.0,0.0,0.0,0.0,snapshot,,,,,,,/home/runner/work/Solana-Memecoin-Analysis/Solana-Memecoin-Analysis/data/cache/2026-10-08/000549559679_multi_pools_e83a7fe583b9.json,2
2026-10-08T00:05:26.425711+00:00,6PzTsnsdaDfrprCKnVTLNh9cgFSxf5FaEiFZHgUjZmnZ,solana,Pump.fun,DWkZ6WCv9tLvX3dBogiVG3wJNRJRt12umLf2eLgGpump,34%,So11111111111111111111111111111111111111112,SOL,2026-10-06T02:41:06Z,1.5392968641501052e-05,30846.3048516749,,11489.9506,120.49638060830293,100.0,,0.0,0.0,0.0,0.0,0.0,0.0,0,0,0,0,0,0,0,0,0,0,0,0,0,0,0,0,0,0,0,0,0,0,0,0,0.0,0.0,0.0,0.0,0.0,0.0,snapshot,,,,,,,/home/runner/work/Solana-Memecoin-Analysis/Solana-Memecoin-Analysis/data/cache/2026-10-08/000557057878_multi_pools_3641f7b77526.json,2
2026-10-08T00:05:26.425711+00:00,6M9hKdtoNx9wUC6YKGhiid4pDZAy2ARVkmrihCws7nA8,solana,Pump.fun,tosTw4vo1Ecz9odzvenWLJ7vxAY1txaDAQ7Q5u3pump,AD,So11111111111111111111111111111111111111112,SOL,2026-10-06T02:40:51Z,3.5472617074481846e-06,3547.261707,,2761.776,118.21560349084167,100.0,,0.0,0.0,0.0,0.0,0.0,0.2503341895,0,0,0,0,0,0,0,0,0,0,0,0,0,0,0,0,0,0,0,0,0,1,0,1,0.0,0.0,0.0,0.0,0.0,0.0,snapshot,,,,,,,/home/runner/work/Solana-Memecoin-Analysis/Solana-Memecoin-Analysis/data/cache/2026-10-08/000557057878_multi_pools_3641f7b77526.json,2
2026-10-08T00:05:26.425711+00:00,8VifA1ppcFfqdTy8Sb98W64L2dri5rykNT11RK2hntTK,solana,Meteora DBC,F5DKS4H1R1tUPwheNzzfmEzFVePvXvfP2EZ25Wha993N,CZech,So11111111111111111111111111111111111111112,SOL,2026-10-06T02:40:38Z,3.584101867970286e-05,35142.80829,,0.0,120.49667489153,,,0.0,0.0,0.0,0.0,0.0,0.0,0,0,0,0,0,0,0,0,0,0,0,0,0,0,0,0,0,0,0,0,0,0,0,0,0.0,0.0,0.0,0.0,0.0,0.0,snapshot,,,,,,,/home/runner/work/Solana-Memecoin-Analysis/Solana-Memecoin-Analysis/data/cache/2026-10-08/000557057878_multi_pools_3641f7b77526.json,2
2026-10-08T00:05:26.425711+00:00,FfBS7jGRg4TWQPVh1GykcawYS3JR6nbFAPPTrEzK4CmG,solana,Pump.fun,C2ZPmqY2yLRFsysBWVQfyd7jnBzcNcpVaez1x95y9JCo,MOONCAT,So11111111111111111111111111111111111111112,SOL,2026-10-06T02:40:24Z,3.3690383019971257e-06,3369.038302,,2648.9779,120.50437280195489,100.0,,0.0,0.0,0.0,0.0,0.0,0.0,0,0,0,0,0,0,0,0,0,0,0,0,0,0,0,0,0,0,0,0,0,0,0,0,0.0,0.0,0.0,0.0,0.0,0.0,snapshot,,,,,,,/home/runner/work/Solana-Memecoin-Analysis/Solana-Memecoin-Analysis/data/cache/2026-10-08/000557057878_multi_pools_3641f7b77526.json,2
2026-10-08T00:05:26.425711+00:00,9MskR4Hcebu4dE8ANz24oex5fViTdfbKD9nVQE5gQpnJ,solana,Pump.fun,5YY5bdXJxwfqTFaGP6PwZhCwV3nXRTkBAzkmFRospump,Hubert,So11111111111111111111111111111111111111112,SOL,2026-10-06T02:40:24Z,3.3906242534025117e-06,3390.624253,,2601.5757,120.14960949078473,,,0.0,0.0,0.0,0.0,0.0,0.0,0,0,0,0,0,0,0,0,0,0,0,0,0,0,0,0,0,0,0,0,0,0,0,0,0.0,0.0,0.0,0.0,0.0,0.0,snapshot,,,,,,,/home/runner/work/Solana-Memecoin-Analysis/Solana-Memecoin-Analysis/data/cache/2026-10-08/000557057878_multi_pools_3641f7b77526.json,2
2026-10-08T00:05:26.425711+00:00,9hq5VB1KgdUDvhrBC54K8kN3cAPWsXwTshYhsmAUAzuJ,solana,Pump.fun,8gfwAw8hfaAZ9U9rhJuXzoPoEobU5aaTk9Z9L9gumQ1i,UP,So11111111111111111111111111111111111111112,SOL,2026-10-06T02:49:57Z,3.536885611759715e-06,3536.885612,,2703.5393,120.60573852294995,,,0.0,0.0,0.0,0.0,0.0,0.0,0,0,0,0,0,0,0,0,0,0,0,0,0,0,0,0,0,0,0,0,0,0,0,0,0.0,0.0,0.0,0.0,0.0,0.0,snapshot,,,,,,,/home/runner/work/Solana-Memecoin-Analysis/Solana-Memecoin-Analysis/data/cache/2026-10-08/000557057878_multi_pools_3641f7b77526.json,2
2026-10-08T00:05:26.425711+00:00,64cnfcAb84XKWjWf8RW8M4pmKdbEcqZcvwicCzbhiJ9P,solana,Pump.fun,Dp6YShqxLJWUnyS5DVogNQNCBab2AwviC7n2Egx8pump,Team Human,So11111111111111111111111111111111111111112,SOL,2026-10-06T02:49:52Z,3.3648006630328356e-06,3364.800663,,2581.3491,120.26851457065597,100.0,,0.0,0.0,0.0,0.0,0.0,0.0,0,0,0,0,0,0,0,0,0,0,0,0,0,0,0,0,0,0,0,0,0,0,0,0,0.0,0.0,0.0,0.0,0.0,0.0,snapshot,,,,,,,/home/runner/work/Solana-Memecoin-Analysis/Solana-Memecoin-Analysis/data/cache/2026-10-08/000557057878_multi_pools_3641f7b77526.json,2
2026-10-08T00:05:26.425711+00:00,AxqYr3VsQVCD5KGcpqwERPJeiAvK9P1UVMm2R1zpYaM5,solana,Pump.fun,5MbWPtF9acibWPXYj6dGnUzF6kVC5nEtxssvMaHLpump,basedbid,So11111111111111111111111111111111111111112,SOL,2026-10-06T02:49:36Z,3.3671571168366835e-06,3367.157117,,2904.5056,120.25036796156803,100.0,,0.0,0.0,0.0,0.0,0.0,0.0,0,0,0,0,0,0,0,0,0,0,0,0,0,0,0,0,0,0,0,0,0,0,0,0,0.0,0.0,0.0,0.0,0.0,0.0,snapshot,,,,,,,/home/runner/work/Solana-Memecoin-Analysis/Solana-Memecoin-Analysis/data/cache/2026-10-08/000557057878_multi_pools_3641f7b77526.json,2
2026-10-08T00:05:26.425711+00:00,5EHVPTsrZSKb36yEu1bDFvKszi2aiqrLwaJRtrGyA2K5,solana,Pump.fun,8eo6SaaVcWFGRm197oSWjTTYyyxTxGrdvKvkYAvfpump,Stare,So11111111111111111111111111111111111111112,SOL,2026-10-06T02:49:36Z,3.521951580056135e-06,3521.95158,,2701.3551,120.19341151854847,,,0.0,0.0,0.0,0.0,0.0,0.0,0,0,0,0,0,0,0,0,0,0,0,0,0,0,0,0,0,0,0,0,0,0,0,0,0.0,0.0,0.0,0.0,0.0,0.0,snapshot,,,,,,,/home/runner/work/Solana-Memecoin-Analysis/Solana-Memecoin-Analysis/data/cache/2026-10-08/000557057878_multi_pools_3641f7b77526.json,2
2026-10-08T00:05:26.425711+00:00,8xCMmtDBK5tvukxaxD1thYCynqfkSNcoYU9ALvbvWpjk,solana,Pump.fun,H21mvrS4FBMcXJxXeYyMVYnwDFE4disvdDEVNUNZqTay,nyancat,So11111111111111111111111111111111111111112,SOL,2026-10-06T02:49:33Z,3.3622701164180726e-06,3362.270116,,2578.8859,120.1929552635402,,,0.0,0.0,0.0,0.0,0.0,0.0,0,0,0,0,0,0,0,0,0,0,0,0,0,0,0,0,0,0,0,0,0,0,0,0,0.0,0.0,0.0,0.0,0.0,0.0,snapshot,,,,,,,/home/runner/work/Solana-Memecoin-Analysis/Solana-Memecoin-Analysis/data/cache/2026-10-08/000557057878_multi_pools_3641f7b77526.json,2
2026-10-08T00:05:26.425711+00:00,F6TGVr918YZE8nVT8ybTpTnwX2UK3rjFBwhFxaZs6YVJ,solana,Pump.fun,5mxCSA7uaX59FXeLsY2xXTDyexLXgUFe7TogVufNpump,callout,So11111111111111111111111111111111111111112,SOL,2026-10-06T02:49:29Z,3.3630752735035857e-06,3363.075274,,2577.9676,120.26474551025677,,,0.0,0.0,0.0,0.0,0.0,0.0,0,0,0,0,0,0,0,0,0,0,0,0,0,0,0,0,0,0,0,0,0,0,0,0,0.0,0.0,0.0,0.0,0.0,0.0,snapshot,,,,,,,/home/runner/work/Solana-Memecoin-Analysis/Solana-Memecoin-Analysis/data/cache/2026-10-08/000557057878_multi_pools_3641f7b77526.json,2
2026-10-08T00:05:26.425711+00:00,EB9qa5RxpnzqiZ4v1CsUywbxwGz4iZSHWsuqHfZeeBEu,solana,Pump.fun,APvtjBFuvyShugRhqhUzvYNosu7F46EQuNYJVmYgpump,Dgoo,So11111111111111111111111111111111111111112,SOL,2026-10-06T02:49:23Z,3.422923624684264e-06,3422.923625,,2673.0858,120.24921625190407,,,0.0,0.0,0.0,0.0,0.0,0.0,0,0,0,0,0,0,0,0,0,0,0,0,0,0,0,0,0,0,0,0,0,0,0,0,0.0,0.0,0.0,0.0,0.0,0.0,snapshot,,,,,,,/home/runner/work/Solana-Memecoin-Analysis/Solana-Memecoin-Analysis/data/cache/2026-10-08/000557057878_multi_pools_3641f7b77526.json,2
2026-10-08T00:05:26.425711+00:00,5qhzqbSjPBdv63HzBGFhHB3BkwhdgxCCk3i564eaDF4D,solana,Pump.fun,BuGQhgcfCZ3Ln9zgxcRnZdmW314DRSjS8bS9Yhepump,UP,So11111111111111111111111111111111111111112,SOL,2026-10-06T02:59:18Z,3.359716735615202e-06,3359.716736,,2577.5946,120.16179096945224,100.0,,0.0,0.0,0.0,0.0,0.0,0.0,0,0,0,0,0,0,0,0,0,0,0,0,0,0,0,0,0,0,0,0,0,0,0,0,0.0,0.0,0.0,0.0,0.0,0.0,snapshot,,,,,,,/home/runner/work/Solana-Memecoin-Analysis/Solana-Memecoin-Analysis/data/cache/2026-10-08/000557057878_multi_pools_3641f7b77526.json,2
2026-10-08T00:05:26.425711+00:00,93mYQUiF2ZV78nNHEPTNHVhcL3f2wZC6wCs5qNQbu6ho,solana,Pump.fun,4jmcpajPQPPJjRA8M3zkKzDb83JKRt73M1pCUJnypump,HookLP,So11111111111111111111111111111111111111112,SOL,2026-10-06T02:59:16Z,3.361421060328953e-06,3361.42106,,2578.3966,120.18540753775518,100.0,,0.0,0.0,0.0,0.0,0.0,0.0,0,0,0,0,0,0,0,0,0,0,0,0,0,0,0,0,0,0,0,0,0,0,0,0,0.0,0.0,0.0,0.0,0.0,0.0,snapshot,,,,,,,/home/runner/work/Solana-Memecoin-Analysis/Solana-Memecoin-Analysis/data/cache/2026-10-08/000557057878_multi_pools_3641f7b77526.json,2
2026-10-08T00:05:26.425711+00:00,58V5KGZfJgT8khk9JCe9FZRPAaGaH2yCdRLmose5JFCC,solana,Pump.fun,FkEhYMSMXCB3a6Asaajb7CAmW77i888s6eugxgfBpump,TE$T,So11111111111111111111111111111111111111112,SOL,2026-10-06T02:59:09Z,1.6275240847421243e-07,325.504817,,120.0746,120.11366149428244,100.0,,0.0,0.0,0.0,0.0,0.0,0.0,0,0,0,0,0,0,0,0,0,0,0,0,0,0,0,0,0,0,0,0,0,0,0,0,0.0,0.0,0.0,0.0,0.0,0.0,snapshot,,,,,,,/home/runner/work/Solana-Memecoin-Analysis/Solana-Memecoin-Analysis/data/cache/2026-10-08/000557057878_multi_pools_3641f7b77526.json,2
2026-10-08T00:05:26.425711+00:00,BWHaKGzHdqi49yBcMSVg1P4rg9mddxZGb3e8a3aoFPRD,solana,Pump.fun,EyuSrLm6RxgxSnuywTzHFbAkn5grxwFaRf9jkiD2pump,MYSTY,So11111111111111111111111111111111111111112,SOL,2026-10-06T02:59:08Z,6.400646625338199e-06,12801.29325,,4825.5128,120.20239362793016,100.0,,0.0,0.0,0.0,0.0,0.0,0.0,0,0,0,0,0,0,0,0,0,0,0,0,0,0,0,0,0,0,0,0,0,0,0,0,0.0,0.0,0.0,0.0,0.0,0.0,snapshot,,,,,,,/home/runner/work/Solana-Memecoin-Analysis/Solana-Memecoin-Analysis/data/cache/2026-10-08/000557057878_multi_pools_3641f7b77526.json,2
2026-10-08T00:05:26.425711+00:00,4xtqcZ88cRJLfnbQQZQqUYZd9hcxGi8D5po4N4B3cp8S,solana,Pump.fun,9TYcRzMPf5pKmhX5F2gRzhL73DvbYwd4iZGdSF6cpump,UP,So11111111111111111111111111111111111111112,SOL,2026-10-06T02:59:00Z,3.3796342250186777e-06,3379.634225,,2594.6933,120.07765437143249,,,0.0,0.0,0.0,0.0,0.0,0.0,0,0,0,0,0,0,0,0,0,0,0,0,0,0,0,0,0,0,0,0,0,0,0,0,0.0,0.0,0.0,0.0,0.0,0.0,snapshot,,,,,,,/home/runner/work/Solana-Memecoin-Analysis/Solana-Memecoin-Analysis/data/cache/2026-10-08/000557057878_multi_pools_3641f7b77526.json,2
2026-10-08T00:05:26.425711+00:00,9dRBw72Uox7n6f18Qv4QFeCZ7Qx8AmaJ9sSGanRy1x1D,solana,Pump.fun,47sXiR2KnDBmnwXydrzK71SGvASBVvcnWuE3f5WLpump,Pump,So11111111111111111111111111111111111111112,SOL,2026-10-06T02:58:55Z,3.3805253339982973e-06,3380.525334,,2593.5658,120.16184357676194,,,0.0,0.0,0.0,0.0,0.0,0.0,0,0,0,0,0,0,0,0,0,0,0,0,0,0,0,0,0,0,0,0,0,0,0,0,0.0,0.0,0.0,0.0,0.0,0.0,snapshot,,,,,,,/home/runner/work/Solana-Memecoin-Analysis/Solana-Memecoin-Analysis/data/cache/2026-10-08/000557057878_multi_pools_3641f7b77526.json,2
2026-10-08T00:05:26.425711+00:00,C5hZwqWAq1qhizHhq4uFv4W5sjw9x6LCMa9RbEj7HXS6,solana,Meteora DBC,2o325cCWGv5EYPnQg8z8ZijbDgo2Nj3REyWNttpoJTpt,‮STNAUQ,So11111111111111111111111111111111111111112,SOL,2026-10-06T03:08:03Z,0.0005994127723246162,599412.7723,,0.0,120.09084320094064,,,0.0,0.0,0.0,0.0,0.0,0.0,0,0,0,0,0,0,0,0,0,0,0,0,0,0,0,0,0,0,0,0,0,0,0,0,0.0,0.0,0.0,0.0,0.0,0.0,snapshot,,,,,,,/home/runner/work/Solana-Memecoin-Analysis/Solana-Memecoin-Analysis/data/cache/2026-10-08/000557057878_multi_pools_3641f7b77526.json,2
2026-10-08T00:05:26.425711+00:00,6dzzKnRAjXpiYwiKKCrK1f2Gj6JUaPiLiWdhquYXQpAB,solana,Pump.fun,5fM1tvd7pQDsJoZAeQpTD3WoLabw4hMnH69ZXLZcpump,duluth,So11111111111111111111111111111111111111112,SOL,2026-10-06T03:16:25Z,2.088105055240787e-09,4.17621011,,2.5573,120.11398305118473,100.0,,0.0,0.0,0.0,0.0,0.0,0.0,0,0,0,0,0,0,0,0,0,0,0,0,0,0,0,0,0,0,0,0,0,0,0,0,0.0,0.0,0.0,0.0,0.0,0.0,snapshot,,,,,,,/home/runner/work/Solana-Memecoin-Analysis/Solana-Memecoin-Analysis/data/cache/2026-10-08/000557057878_multi_pools_3641f7b77526.json,2
2026-10-08T00:05:26.425711+00:00,9PBMFvALpN9oSzJFc9JBKZ761kuKSsiAvpXHxXfvMyEK,solana,Pump.fun,Eqvdp9gV4ELeBEJzKUTiaDNruJXQZRBrVdjyrbAupump,Sniffed,So11111111111111111111111111111111111111112,SOL,2026-10-06T03:16:20Z,3.4388652899779508e-06,3586.043061,,2638.8873,120.13622952793605,100.0,,0.0,0.0,0.0,0.0,0.0,0.0,0,0,0,0,0,0,0,0,0,0,0,0,0,0,0,0,0,0,0,0,0,0,0,0,0.0,0.0,0.0,0.0,0.0,0.0,snapshot,,,,,,,/home/runner/work/Solana-Memecoin-Analysis/Solana-Memecoin-Analysis/data/cache/2026-10-08/000557057878_multi_pools_3641f7b77526.json,2
2026-10-08T00:05:26.425711+00:00,FWcw5RQVBA7h41KHPNgb7xZvd5XM46cqnwqBxaqBAixs,solana,PumpSwap,9KbJae1wtwciKfgbzue96argFsaqgt2Euta1kBXUND7B,bul,So11111111111111111111111111111111111111112,SOL,2026-10-06T03:16:17Z,5.778468867011416e-05,57799.60346,,6.245227067e-07,120.18609407523904,100.0,,0.0,0.0,0.0,0.0,0.0,0.0,0,0,0,0,0,0,0,0,0,0,0,0,0,0,0,0,0,0,0,0,0,0,0,0,0.0,0.0,0.0,0.0,0.0,0.0,snapshot,,,,,,,/home/runner/work/Solana-Memecoin-Analysis/Solana-Memecoin-Analysis/data/cache/2026-10-08/000557057878_multi_pools_3641f7b77526.json,2
2026-10-08T00:05:26.425711+00:00,521gH2wCQsPMkTnYXzkVw6cYKku9pdK4khgtvHntB2xf,solana,Meteora DAMM V2,FYtm9q27U6QMousrpyWUfX99osKuztQHQKSowQDr9Cqm,UP,So11111111111111111111111111111111111111112,SOL,2026-10-06T03:16:08Z,6.322658356944352e-10,0.6322496173,,1.081,120.20664344925015,100.0,,0.0,0.0,0.0,0.0,0.0,0.0,0,0,0,0,0,0,0,0,0,0,0,0,0,0,0,0,0,0,0,0,0,0,0,0,0.0,0.0,0.0,0.0,0.0,0.0,snapshot,,,,,,,/home/runner/work/Solana-Memecoin-Analysis/Solana-Memecoin-Analysis/data/cache/2026-10-08/000557057878_multi_pools_3641f7b77526.json,2
2026-10-08T00:05:26.425711+00:00,Fkukcr2YXd9iYLH56KtKHPp7unm7SHGi9vj9dMNhfSQy,solana,Pump.fun,FwRrCW8kXB6oQbGLkoHDujf5vZ541s695uR7pso5Yw8V,AD,So11111111111111111111111111111111111111112,SOL,2026-10-06T03:16:07Z,3.526801160658604e-06,3526.801161,,2703.795,120.25006484712209,,,0.0,0.0,0.0,0.0,0.0,0.0,0,0,0,0,0,0,0,0,0,0,0,0,0,0,0,0,0,0,0,0,0,0,0,0,0.0,0.0,0.0,0.0,0.0,0.0,snapshot,,,,,,,/home/runner/work/Solana-Memecoin-Analysis/Solana-Memecoin-Analysis/data/cache/2026-10-08/000557057878_multi_pools_3641f7b77526.json,2
2026-10-08T00:05:26.425711+00:00,F3qHtSibfxGRPWB5foqhsmvEZkkaCewZBdFwxjBP8Cxy,solana,PumpSwap,BJyPhSYSJjoJ7UkFfU5SXqQj4f4KJMZwUZPThSF6pump,UP,So11111111111111111111111111111111111111112,SOL,2026-10-06T03:24:59Z,0.13397966911878656,133979669.1,,0.000612685712474442,120.35321828381647,2.34751595708782e-09,,0.0,0.0,0.0,0.0,0.0,0.0,0,0,0,0,0,0,0,0,0,0,0,0,0,0,0,0,0,0,0,0,0,0,0,0,0.0,0.0,0.0,0.0,0.0,0.0,snapshot,,,,,,,/home/runner/work/Solana-Memecoin-Analysis/Solana-Memecoin-Analysis/data/cache/2026-10-08/000557057878_multi_pools_3641f7b77526.json,2
2026-10-08T00:05:26.425711+00:00,3V8R6gMcdcAbXVSUuAmQp5FGvRdkMpAzJ8SEGMXPTTXs,solana,Meteora DAMM V2,BJyPhSYSJjoJ7UkFfU5SXqQj4f4KJMZwUZPThSF6pump,UP,So11111111111111111111111111111111111111112,SOL,2026-10-06T03:24:58Z,1.553127916690501e-05,7779.011809,,8.30823014484562e-07,120.18609325508743,,,0.0,0.0,0.0,0.0,0.0,0.0,0,0,0,0,0,0,0,0,0,0,0,0,0,0,0,0,0,0,0,0,0,0,0,0,0.0,0.0,0.0,0.0,0.0,0.0,snapshot,,,,,,,/home/runner/work/Solana-Memecoin-Analysis/Solana-Memecoin-Analysis/data/cache/2026-10-08/000557057878_multi_pools_3641f7b77526.json,2
2026-10-08T00:05:26.425711+00:00,4UnHfqHqY18ooS88jxArL5RYpys42oNqrWPb1YQ1PbmS,solana,Pump.fun,DeS5QqH8ez5DXPeQJeh4NJW1jk96DNqvjma1fgS1pump,BUTT,So11111111111111111111111111111111111111112,SOL,2026-10-06T03:24:41Z,3.3507533285102597e-06,3350.753329,,2581.7675,119.64783244549022,,,0.0,0.0,0.0,0.0,0.0,0.0,0,0,0,0,0,0,0,0,0,0,0,0,0,0,0,0,0,0,0,0,0,0,0,0,0.0,0.0,0.0,0.0,0.0,0.0,snapshot,,,,,,,/home/runner/work/Solana-Memecoin-Analysis/Solana-Memecoin-Analysis/data/cache/2026-10-08/000557057878_multi_pools_3641f7b77526.json,2
2026-10-08T00:05:26.425711+00:00,C2YPQNZgRbAzm385xTSnybhKDQqjyop2mNZEc44HqG8R,solana,Pump.fun,DB6QMNB1KakeXWsfwbA4ZBv3NwhqJZdb3Tz9DzPApump,π,So11111111111111111111111111111111111111112,SOL,2026-10-06T03:24:37Z,5.08998426099279e-06,10179.968522,,3878.5156,120.18609325508743,100.0,,0.0,0.0,0.0,0.0,0.0,0.0,0,0,0,0,0,0,0,0,0,0,0,0,0,0,0,0,0,0,0,0,0,0,0,0,0.0,0.0,0.0,0.0,0.0,0.0,snapshot,,,,,,,/home/runner/work/Solana-Memecoin-Analysis/Solana-Memecoin-Analysis/data/cache/2026-10-08/000557057878_multi_pools_3641f7b77526.json,2
2026-10-08T00:05:26.425711+00:00,AAKNV7mHHZqq6y7rfg7qrwYKTJhxMrMPRYtGyit86RxG,solana,Pump.fun,4cTD25sbioFztKEAmKcLGkMt7NoAgRy5jrx2FdBepump,MINECRAFT,So11111111111111111111111111111111111111112,SOL,2026-10-06T03:42:41Z,3.3488530510425773e-06,3348.853051,,2577.5946,119.77324636956507,100.0,,0.0,0.0,0.0,0.0,0.0,0.0,0,0,0,0,0,0,0,0,0,0,0,0,0,0,0,0,0,0,0,0,0,0,0,0,0.0,0.0,0.0,0.0,0.0,0.0,snapshot,,,,,,,/home/runner/work/Solana-Memecoin-Analysis/Solana-Memecoin-Analysis/data/cache/2026-10-08/000557057878_multi_pools_3641f7b77526.json,2
2026-10-08T00:05:26.425711+00:00,HF2oDPeghdCGo7QPB2Q5SqzD3PsvbU5V2FgADhtQmLXx,solana,Pump.fun,5qgkuQyznNjyRD5TeNvV7ER5ubn4bSejjbvMBNppfoYL,RPT,So11111111111111111111111111111111111111112,SOL,2026-10-06T03:42:37Z,3.385086221211497e-06,3385.086221,,2602.1209,119.92825645098326,100.0,,0.0,0.0,0.0,0.0,0.0,0.0,0,0,0,0,0,0,0,0,0,0,0,0,0,0,0,0,0,0,0,0,0,0,0,0,0.0,0.0,0.0,0.0,0.0,0.0,snapshot,,,,,,,/home/runner/work/Solana-Memecoin-Analysis/Solana-Memecoin-Analysis/data/cache/2026-10-08/000557057878_multi_pools_3641f7b77526.json,2
2026-10-08T00:05:26.425711+00:00,7peNh4uesR9Ba7B7zAs8hHCLsws6QPirjzGkrSFMcKcf,solana,Meteora DAMM V2,GkWqopwME9NQcqwZUTURExm9oVFpUvY3dXb4SUeTpump,AION2,So11111111111111111111111111111111111111112,SOL,2026-10-06T03:42:27Z,0.0016844849334020833,1684484.933,,20.5394,119.69762573173095,,,0.0,0.0,0.0,0.0,0.0,0.0,0,0,0,0,0,0,0,0,0,0,0,0,0,0,0,0,0,0,0,0,0,0,0,0,0.0,0.0,0.0,0.0,0.0,0.0,snapshot,,,,,,,/home/runner/work/Solana-Memecoin-Analysis/Solana-Memecoin-Analysis/data/cache/2026-10-08/000604754110_multi_pools_bbc76c4def84.json,2
2026-10-08T00:05:26.425711+00:00,7iP6M2KzhwUMEaRycSZRH5ZV2zvYbZo2WyEk3B769Y6S,solana,Pump.fun,14WCFLJiX9tEbwJ3NFkxHnP6Q2KRKXrdJYsHEegFpump,RobloxPad,So11111111111111111111111111111111111111112,SOL,2026-10-06T03:42:27Z,3.367015144020779e-06,3367.015144,,2589.602,119.86482945723763,,,0.0,0.0,0.0,0.0,0.0,0.0,0,0,0,0,0,0,0,0,0,0,0,0,0,0,0,0,0,0,0,0,0,0,0,0,0.0,0.0,0.0,0.0,0.0,0.0,snapshot,,,,,,,/home/runner/work/Solana-Memecoin-Analysis/Solana-Memecoin-Analysis/data/cache/2026-10-08/000604754110_multi_pools_bbc76c4def84.json,2
2026-10-08T00:05:26.425711+00:00,2pxchumCNr2VCoF448cdQhNjSf86u5ddDrc3sGDGc1JW,solana,PumpSwap,GkWqopwME9NQcqwZUTURExm9oVFpUvY3dXb4SUeTpump,AION2,So11111111111111111111111111111111111111112,SOL,2026-10-06T03:42:27Z,5.428156670428361e-05,54281.5667,,6.1483988668312e-07,119.85038173445643,100.0,,0.0,0.0,0.0,0.0,0.0,0.0,0,0,0,0,0,0,0,0,0,0,0,0,0,0,0,0,0,0,0,0,0,0,0,0,0.0,0.0,0.0,0.0,0.0,0.0,snapshot,,,,,,,/home/runner/work/Solana-Memecoin-Analysis/Solana-Memecoin-Analysis/data/cache/2026-10-08/000604754110_multi_pools_bbc76c4def84.json,2
2026-10-08T00:05:26.425711+00:00,3pYsZnE26eqjheLHjUYgu2NqDD9GRYZt2kJ2WR23TtMx,solana,Raydium Launchlab,6PMywKgwH1Dk7BxYUKpHSJ4wWgyN7xmaDKSCaAuYSsxr,DCA,XsoCS1TfEyfFhfvj8EtZ528L3CaKBDBRqRapnBbDF2W,SPYx,2026-10-06T03:42:20Z,3.316127990416376e-06,3316.12799,,3203.2032,780.7428910406835,100.0,,0.0,0.0,0.0,0.0,0.0,0.0,0,0,0,0,0,0,0,0,0,0,0,0,0,0,0,0,0,0,0,0,0,0,0,0,0.0,0.0,0.0,0.0,0.0,0.0,snapshot,,,,,,,/home/runner/work/Solana-Memecoin-Analysis/Solana-Memecoin-Analysis/data/cache/2026-10-08/000604754110_multi_pools_bbc76c4def84.json,2
2026-10-08T00:05:26.425711+00:00,HnsfMjM5ZVTqqw9UXRT1xGHfQcQrJEExfJrfkgof74Mx,solana,Pump.fun,FAmHbJ29gAkBX5Swa4JuT49fWL6dKtLvERA4woLepump,$BWIZ,So11111111111111111111111111111111111111112,SOL,2026-10-06T03:50:38Z,3.099373551369798e-08,61.98747102,,0.0,120.00304600654245,100.0,,0.0,0.0,0.0,0.0,0.0,0.0,0,0,0,0,0,0,0,0,0,0,0,0,0,0,0,0,0,0,0,0,0,0,0,0,0.0,0.0,0.0,0.0,0.0,0.0,snapshot,,,,,,,/home/runner/work/Solana-Memecoin-Analysis/Solana-Memecoin-Analysis/data/cache/2026-10-08/000604754110_multi_pools_bbc76c4def84.json,2
2026-10-08T00:05:26.425711+00:00,9Sj4mmapQ3iBJ2btvAdnd96HmK8eQFRhpU6CooAuju5Z,solana,Pump.fun,AFFnXa57MKUNrdv3Cchy9yA1a6LfJS4XTXcUCHoepump,duluth,So11111111111111111111111111111111111111112,SOL,2026-10-06T03:50:35Z,5.791861478647627e-06,11583.722958,,3996.0329,119.900945071924,100.0,,0.0,0.0,0.0,0.0,0.0,0.0,0,0,0,0,0,0,0,0,0,0,0,0,0,0,0,0,0,0,0,0,0,0,0,0,0.0,0.0,0.0,0.0,0.0,0.0,snapshot,,,,,,,/home/runner/work/Solana-Memecoin-Analysis/Solana-Memecoin-Analysis/data/cache/2026-10-08/000604754110_multi_pools_bbc76c4def84.json,2
2026-10-08T00:05:26.425711+00:00,CQxyGYG91dQgcM4r6kWtmU7iKYPV7YeGBjpR5YqGNuwQ,solana,Pump.fun,6NvoWgwxx8Si3qs2qntR2CcDmo4HcRLj41XKPvaG1ppK,AION,So11111111111111111111111111111111111111112,SOL,2026-10-06T03:50:31Z,3.378780093854883e-06,3378.780094,,2579.7217,120.74419497448595,,,0.0,0.0,0.0,0.0,0.0,0.0,0,0,0,0,0,0,0,0,0,0,0,0,0,0,0,0,0,0,0,0,0,0,0,0,0.0,0.0,0.0,0.0,0.0,0.0,snapshot,,,,,,,/home/runner/work/Solana-Memecoin-Analysis/Solana-Memecoin-Analysis/data/cache/2026-10-08/000604754110_multi_pools_bbc76c4def84.json,2
2026-10-08T00:05:26.425711+00:00,AA8mexx6bHeEtvf2LQ4LXRYwv4Pd9UUxueKZSDVLd3Gh,solana,Pump.fun,EVdebmhNjXNJP8ok657RPy1qmPhiTojHk7gYTf1spump,chrome,So11111111111111111111111111111111111111112,SOL,2026-10-06T03:50:27Z,4.213736243071626e-06,8427.472486,,3234.2506,119.97580558845326,100.0,,0.0,0.0,0.0,0.0,0.0,0.0,0,0,0,0,0,0,0,0,0,0,0,0,0,0,0,0,0,0,0,0,0,0,0,0,0.0,0.0,0.0,0.0,0.0,0.0,snapshot,,,,,,,/home/runner/work/Solana-Memecoin-Analysis/Solana-Memecoin-Analysis/data/cache/2026-10-08/000604754110_multi_pools_bbc76c4def84.json,2
2026-10-08T00:05:26.425711+00:00,2tigJ2L7TvThgcxp2kshCUpvTCUbgFqC69oWgBKkCnjx,solana,Pump.fun,DR2erebnTjsQXqGQQfVW1u9EokwWePYBC6kRgA9Spump,CRABCAGE,So11111111111111111111111111111111111111112,SOL,2026-10-06T03:50:19Z,7.651623898888468e-09,15.303247798,,5.9166,120.76413722584282,100.0,,0.0,0.0,0.0,0.0,0.0,0.0,0,0,0,0,0,0,0,0,0,0,0,0,0,0,0,0,0,0,0,0,0,0,0,0,0.0,0.0,0.0,0.0,0.0,0.0,snapshot,,,,,,,/home/runner/work/Solana-Memecoin-Analysis/Solana-Memecoin-Analysis/data/cache/2026-10-08/000604754110_multi_pools_bbc76c4def84.json,2
2026-10-08T00:05:26.425711+00:00,5NZZBppH8rYPeHx4RGxhR4GfgujkH1XGupxUhAuGdWtR,solana,Pump.fun,4DXhJMa932AGRFPb1eGfwuDhAgzJWVGMPCskYgwCpump,$LA BEAST,So11111111111111111111111111111111111111112,SOL,2026-10-06T03:59:14Z,2.4633128502620597e-06,4926.6257,,1737.5022,119.94764610145823,100.0,,0.0,0.0,0.0,0.0,0.0,0.0,0,0,0,0,0,0,0,0,0,0,0,0,0,0,0,0,0,0,0,0,0,0,0,0,0.0,0.0,0.0,0.0,0.0,0.0,snapshot,,,,,,,/home/runner/work/Solana-Memecoin-Analysis/Solana-Memecoin-Analysis/data/cache/2026-10-08/000604754110_multi_pools_bbc76c4def84.json,2
2026-10-08T00:05:26.425711+00:00,8mATNvmWLXSDuCSsxnuJDuYLRKccfFpnwgYDpq63kRxN,solana,Pump.fun,5NJNnhWWapvBYoAWGVKaH4rVnupRzG2DtXmBD7SFcELL,cell,So11111111111111111111111111111111111111112,SOL,2026-10-06T03:59:03Z,3.2714348055806433e-06,3271.434806,,2579.652,116.91139366027788,100.0,,0.0,0.0,0.0,0.0,0.0,2.4822533573,0,0,0,0,0,0,0,0,0,0,0,0,0,0,0,0,0,0,0,0,0,1,0,1,0.0,0.0,0.0,0.0,0.0,0.0,snapshot,,,,,,,/home/runner/work/Solana-Memecoin-Analysis/Solana-Memecoin-Analysis/data/cache/2026-10-08/000604754110_multi_pools_bbc76c4def84.json,2
2026-10-08T00:05:26.425711+00:00,7TN8Z3s2V8xMZJq9HmKjmWAFaGBAZwKzPefcBuHp46Ad,solana,Meteora DAMM V2,2yzQ8rPLfQ2CBG4FasgXXhGxjX6bmpMcprZe43cPWTy6,UP,So11111111111111111111111111111111111111112,SOL,2026-10-06T03:58:59Z,0.7565539065757398,756553906.6,,0.0116,120.24667791114808,,,0.0,0.0,0.0,0.0,0.0,0.0,0,0,0,0,0,0,0,0,0,0,0,0,0,0,0,0,0,0,0,0,0,0,0,0,0.0,0.0,0.0,0.0,0.0,0.0,snapshot,,,,,,,/home/runner/work/Solana-Memecoin-Analysis/Solana-Memecoin-Analysis/data/cache/2026-10-08/000604754110_multi_pools_bbc76c4def84.json,2
2026-10-08T00:05:26.425711+00:00,3bs9sFoopmdXLwE5tkrijwjdyXfBJ7psxWceqdtwRRFA,solana,Pump.fun,Gd2FuqKaCRsAbigA2uwZZPvcyhGCmwjR3gSUefQsn3p,BRAINROTX,So11111111111111111111111111111111111111112,SOL,2026-10-06T03:58:59Z,3.467968262216015e-06,3385.909139,,2660.868,120.11409022615462,,,0.0,0.0,0.0,0.0,0.0,0.0,0,0,0,0,0,0,0,0,0,0,0,0,0,0,0,0,0,0,0,0,0,0,0,0,0.0,0.0,0.0,0.0,0.0,0.0,snapshot,,,,,,,/home/runner/work/Solana-Memecoin-Analysis/Solana-Memecoin-Analysis/data/cache/2026-10-08/000604754110_multi_pools_bbc76c4def84.json,2
2026-10-08T00:05:26.425711+00:00,CjJkBCg2rcw12Tx8SuuS57Q4XosXaQi2HdKLVNzPR1Ux,solana,Meteora DAMM V2,EJg8KfJuKLsAB6j23YBD32cXpS56YkWAxwuGUUfnU8jS,Contagion,So11111111111111111111111111111111111111112,SOL,2026-10-06T03:58:58Z,8.691047258315839e-10,0.8690842501,,1.267,120.20062784140654,100.0,,0.0,0.0,0.0,0.0,0.0,0.0,0,0,0,0,0,0,0,0,0,0,0,0,0,0,0,0,0,0,0,0,0,0,0,0,0.0,0.0,0.0,0.0,0.0,0.0,snapshot,,,,,,,/home/runner/work/Solana-Memecoin-Analysis/Solana-Memecoin-Analysis/data/cache/2026-10-08/000604754110_multi_pools_bbc76c4def84.json,2
2026-10-08T00:05:26.425711+00:00,8Usksae8euwFXASYr6xY8Qco7QdJ1ZRM8cY3z3kjjbU1,solana,Pump.fun,ACya9x81Pgyy3ejGhRUMNqBHdvocMc5qRcMNwTL8FGBJ,CATGPT,So11111111111111111111111111111111111111112,SOL,2026-10-06T03:58:26Z,3.378562126098548e-06,3378.562126,,2594.6933,120.03964110276169,100.0,,0.0,0.0,0.0,0.0,0.0,0.0,0,0,0,0,0,0,0,0,0,0,0,0,0,0,0,0,0,0,0,0,0,0,0,0,0.0,0.0,0.0,0.0,0.0,0.0,snapshot,,,,,,,/home/runner/work/Solana-Memecoin-Analysis/Solana-Memecoin-Analysis/data/cache/2026-10-08/000604754110_multi_pools_bbc76c4def84.json,2
2026-10-08T00:05:26.425711+00:00,4oiy8YLNrd1TR3GhzDwTEjxjpuESbDPHaRrVqQd1mmtR,solana,Meteora DAMM V2,FNJD1usakAgDjoPAVpJi1gKLsxaL1mpsbwLpbeAk5x3V,Agency,So11111111111111111111111111111111111111112,SOL,2026-10-06T03:58:24Z,6.29833606107544e-10,0.62982606,,1.0694,120.17327755313775,100.0,,0.0,0.0,0.0,0.0,0.0,0.0,0,0,0,0,0,0,0,0,0,0,0,0,0,0,0,0,0,0,0,0,0,0,0,0,0.0,0.0,0.0,0.0,0.0,0.0,snapshot,,,,,,,/home/runner/work/Solana-Memecoin-Analysis/Solana-Memecoin-Analysis/data/cache/2026-10-08/000604754110_multi_pools_bbc76c4def84.json,2
2026-10-08T00:05:26.425711+00:00,u6Q8FTiH3xU9Dwu96VP8fPLSGwKMBStEQFmb9cQ3HyA,solana,Meteora DBC,CFmqbYuZ3Z4Rp1UuBBmaHqHwKwvmrfU9a81fzmjaZukG,SWORDTEARS,So11111111111111111111111111111111111111112,SOL,2026-10-06T04:09:45Z,3.5905206907853294e-05,35904.377512301,,0.0,120.04839468240657,,,0.0,0.0,0.0,0.0,0.0,0.0,0,0,0,0,0,0,0,0,0,0,0,0,0,0,0,0,0,0,0,0,0,0,0,0,0.0,0.0,0.0,0.0,0.0,0.0,snapshot,,,,,,,/home/runner/work/Solana-Memecoin-Analysis/Solana-Memecoin-Analysis/data/cache/2026-10-08/000604754110_multi_pools_bbc76c4def84.json,2
2026-10-08T00:05:26.425711+00:00,BcYdqUyjoMyxRjgunu2sjejXUh5RscKQNmvrgYqb18Gi,solana,Pump.fun,9fXUaZakY5y9LmSV1wrLWfqqsL1FdycDtZ1KjVZpGNZQ,seagull,So11111111111111111111111111111111111111112,SOL,2026-10-06T04:09:45Z,1.9203869965452916e-06,3840.773994,,1557.7738,120.04838522683727,100.0,,0.0,0.0,0.0,0.0,0.0,0.0,0,0,0,0,0,0,0,0,0,0,0,0,0,0,0,0,0,0,0,0,0,0,0,0,0.0,0.0,0.0,0.0,0.0,0.0,snapshot,,,,,,,/home/runner/work/Solana-Memecoin-Analysis/Solana-Memecoin-Analysis/data/cache/2026-10-08/000604754110_multi_pools_bbc76c4def84.json,2
2026-10-08T00:05:26.425711+00:00,8Xa9jskSWemcqDe8MKnf11Qq7bEYfLwJMzHZXqYXrGqN,solana,PumpSwap,C3ojywyNT3zb8iSRhMdenE6ahmz6s4jLzoTZQwNW3LYs,RCSC,So11111111111111111111111111111111111111112,SOL,2026-10-06T04:09:44Z,0.3236695067988711,323669507.447339,,0.00241019298412545,120.17327755313775,100.0,,0.0,0.0,0.0,0.0,0.0,0.0,0,0,0,0,0,0,0,0,0,0,0,0,0,0,0,0,0,0,0,0,0,0,0,0,0.0,0.0,0.0,0.0,0.0,0.0,snapshot,,,,,,,/home/runner/work/Solana-Memecoin-Analysis/Solana-Memecoin-Analysis/data/cache/2026-10-08/000604754110_multi_pools_bbc76c4def84.json,2
2026-10-08T00:05:26.425711+00:00,FwH85gfYLRPJ7CG5P39GSUk3aD3Ua7PKk6jzzHRABnUU,solana,Pump.fun,2bHhpvtxHBcg6CYQhmeY1gJbngvFcGb94W1a7SnXpump,catnet,So11111111111111111111111111111111111111112,SOL,2026-10-06T04:09:44Z,3.454731232235098e-06,3454.731232,,2652.8708,120.05420019246928,100.0,,0.0,0.0,0.0,0.0,0.0,0.0,0,0,0,0,0,0,0,0,0,0,0,0,0,0,0,0,0,0,0,0,0,0,0,0,0.0,0.0,0.0,0.0,0.0,0.0,snapshot,,,,,,,/home/runner/work/Solana-Memecoin-Analysis/Solana-Memecoin-Analysis/data/cache/2026-10-08/000604754110_multi_pools_bbc76c4def84.json,2
2026-10-08T00:05:26.425711+00:00,FQnna1wLtrjZsqi6cRv8tyuxTqe3rYMyUEV6jRSvfS4W,solana,Pump.fun,3o5Wi3irfbGMkUE2z1EV7HPpmagrfEECxxx3i4t6pump,PURRSE,So11111111111111111111111111111111111111112,SOL,2026-10-06T04:09:29Z,3.3067209359843055e-06,3306.720936,,2577.9549,118.24996754269313,,,0.0,0.0,0.0,0.0,0.0,0.6125344771,0,0,0,0,0,0,0,0,0,0,0,0,0,0,0,0,0,0,0,0,0,1,0,1,0.0,0.0,0.0,0.0,0.0,0.0,snapshot,,,,,,,/home/runner/work/Solana-Memecoin-Analysis/Solana-Memecoin-Analysis/data/cache/2026-10-08/000604754110_multi_pools_bbc76c4def84.json,2
2026-10-08T00:05:26.425711+00:00,72W6pE1xop63rF4Ve5geE6oMYR8BK6z1StXM9GuzozB6,solana,Meteora DAMM V2,5t75a8Frvg6z2b8NfGDb9qFY7TT3jCZ28Hb3tZCYvETm,MetaMask,So11111111111111111111111111111111111111112,SOL,2026-10-06T04:09:29Z,0.00018409312979576002,184093.1298,,3.56590818932698e-07,120.51664720462978,,,0.0,0.0,0.0,0.0,0.0,0.0,0,0,0,0,0,0,0,0,0,0,0,0,0,0,0,0,0,0,0,0,0,0,0,0,0.0,0.0,0.0,0.0,0.0,0.0,snapshot,,,,,,,/home/runner/work/Solana-Memecoin-Analysis/Solana-Memecoin-Analysis/data/cache/2026-10-08/000604754110_multi_pools_bbc76c4def84.json,2
2026-10-08T00:05:26.425711+00:00,Hha8ewifTghpTP7c4bgXmoiBuNJUw9iz8e31d1Afwor8,solana,Meteora DBC,S8qSBga9PkBX8WuHCPhs1zdwk1neF9hsQMe3FBWhx3v,MONK,So11111111111111111111111111111111111111112,SOL,2026-10-06T04:09:04Z,4.707302278562106e-05,47073.02279,,0.0,120.0352322607059,,,0.0,0.0,0.0,0.0,0.0,0.0,0,0,0,0,0,0,0,0,0,0,0,0,0,0,0,0,0,0,0,0,0,0,0,0,0.0,0.0,0.0,0.0,0.0,0.0,snapshot,,,,,,,/home/runner/work/Solana-Memecoin-Analysis/Solana-Memecoin-Analysis/data/cache/2026-10-08/000604754110_multi_pools_bbc76c4def84.json,2
2026-10-08T00:05:26.425711+00:00,D2cUgftRzqdmsFmVP89D6buc1GTi8Qyg7w8uy2CDBD7x,solana,Pump.fun,Gb99SFrfRz3PS9NsWD9Z6YpvvmxNMrhvf1NW4y2Cpump,BRAINROT,So11111111111111111111111111111111111111112,SOL,2026-10-06T04:18:28Z,3.861613477795833e-07,772.3226956,,311.6361,120.11445018466911,,,0.0,0.0,0.0,0.0,0.0,0.0,0,0,0,0,0,0,0,0,0,0,0,0,0,0,0,0,0,0,0,0,0,0,0,0,0.0,0.0,0.0,0.0,0.0,0.0,snapshot,,,,,,,/home/runner/work/Solana-Memecoin-Analysis/Solana-Memecoin-Analysis/data/cache/2026-10-08/000604754110_multi_pools_bbc76c4def84.json,2
2026-10-08T00:05:26.425711+00:00,J2wmTivXt4py7L5ZDJSa5enM34QFBqswegvYv6Casx2a,solana,Pump.fun,D4THRapMmV7aHwktqE2AEsmc4enWADY9akHzez3Qpump,Finansexual,So11111111111111111111111111111111111111112,SOL,2026-10-06T04:18:14Z,3.4628614151604444e-06,3410.587023,,2615.965,120.19207361947453,100.0,,0.0,0.0,0.0,0.0,0.0,0.0,0,0,0,0,0,0,0,0,0,0,0,0,0,0,0,0,0,0,0,0,0,0,0,0,0.0,0.0,0.0,0.0,0.0,0.0,snapshot,,,,,,,/home/runner/work/Solana-Memecoin-Analysis/Solana-Memecoin-Analysis/data/cache/2026-10-08/000604754110_multi_pools_bbc76c4def84.json,2
2026-10-08T00:05:26.425711+00:00,DWPi3THwF63HQfHayUqQ6VF9CnkBwwyD2Dp1B9dxvJid,solana,Pump.fun,614aCREdVDC7ANvUWJXoK4nzCrJnihA4NDRBvV8cpump,$TROLLEX,So11111111111111111111111111111111111111112,SOL,2026-10-06T04:18:03Z,1.1378552315912216e-09,2.183710996,,1.8947,119.99732544434404,,,0.0,0.0,0.0,0.0,0.0,0.0,0,0,0,0,0,0,0,0,0,0,0,0,0,0,0,0,0,0,0,0,0,0,0,0,0.0,0.0,0.0,0.0,0.0,0.0,snapshot,,,,,,,/home/runner/work/Solana-Memecoin-Analysis/Solana-Memecoin-Analysis/data/cache/2026-10-08/000604754110_multi_pools_bbc76c4def84.json,2
2026-10-08T00:05:26.425711+00:00,B2PNmyhYZ5osve89BPSg5UPqm5AGnWhyTnfj8ET9jafM,solana,Pump.fun,9haPuy853XhuPwRpkMdn3KQPsuroRpr13xCutDV5wM1y,ChineseLab,So11111111111111111111111111111111111111112,SOL,2026-10-06T04:24:25Z,3.3972404676009646e-06,3397.240468,,2629.902,120.16085955779045,100.0,,0.0,0.0,0.0,0.0,0.0,0.0,0,0,0,0,0,0,0,0,0,0,0,0,0,0,0,0,0,0,0,0,0,0,0,0,0.0,0.0,0.0,0.0,0.0,0.0,snapshot,,,,,,,/home/runner/work/Solana-Memecoin-Analysis/Solana-Memecoin-Analysis/data/cache/2026-10-08/000604754110_multi_pools_bbc76c4def84.json,2
2026-10-08T00:05:26.425711+00:00,EZ2TRGzBfg9bbAHiQjAcAiUoPUdNrQx6Qn4R5QaY1W3i,solana,Meteora DAMM V2,JN9zgKm5cRQ3L7jPnvTdCsSL5Ak77MLo2XZpKM1KqSs,SOLANACH,So11111111111111111111111111111111111111112,SOL,2026-10-06T04:24:21Z,2.2067517928303622e-09,2.206751793,,4.2195,120.61543803797142,,,0.0,0.0,0.0,0.0,0.0,0.0,0,0,0,0,0,0,0,0,0,0,0,0,0,0,0,0,0,0,0,0,0,0,0,0,0.0,0.0,0.0,0.0,0.0,0.0,snapshot,,,,,,,/home/runner/work/Solana-Memecoin-Analysis/Solana-Memecoin-Analysis/data/cache/2026-10-08/000604754110_multi_pools_bbc76c4def84.json,2
2026-10-08T00:05:26.425711+00:00,3PpHqvhULP5vbFer2YKV1YR2j8SvtMJepZvRcMxAqBJi,solana,Meteora DAMM V2,CzMxs6bWYV6VXsXFx3eRGxHKQVZze2eG8QduD7z3dbRk,SLOP,So11111111111111111111111111111111111111112,SOL,2026-10-06T04:24:19Z,3.9037578544222233e-10,0.390358925,,0.6626,119.63606603927086,100.0,,0.0,0.0,0.0,0.0,0.0,0.0,0,0,0,0,0,0,0,0,0,0,0,0,0,0,0,0,0,0,0,0,0,0,0,0,0.0,0.0,0.0,0.0,0.0,0.0,snapshot,,,,,,,/home/runner/work/Solana-Memecoin-Analysis/Solana-Memecoin-Analysis/data/cache/2026-10-08/000604754110_multi_pools_bbc76c4def84.json,2
2026-10-08T00:05:26.425711+00:00,J9MaGxQL6r8vgKeNAGh3qfx3oS6fRoNqNjuUgi2d8Sij,solana,Pump.fun,Fcg2BUhC52Qh9EpH9wtUf6M69rbwfvsqtwcEUZ1pump,$TROLLEX,So11111111111111111111111111111111111111112,SOL,2026-10-06T04:24:17Z,5.841316663057972e-07,1168.2633326,,442.9278,120.0367221441671,100.0,,0.0,0.0,0.0,0.0,0.0,0.0,0,0,0,0,0,0,0,0,0,0,0,0,0,0,0,0,0,0,0,0,0,0,0,0,0.0,0.0,0.0,0.0,0.0,0.0,snapshot,,,,,,,/home/runner/work/Solana-Memecoin-Analysis/Solana-Memecoin-Analysis/data/cache/2026-10-08/000604754110_multi_pools_bbc76c4def84.json,2
2026-10-08T00:05:26.425711+00:00,CjPAMEiGnTGjmMkZt5h2RRDcU3naQQpnG8SM9U8dQqcB,solana,Meteora DBC,97E426r7K3g2wQqQyoMmfTx3H8ZmFiEPJM85YmUtJHns,Chungus,So11111111111111111111111111111111111111112,SOL,2026-10-06T04:24:16Z,8.159206348974542e-05,81590.4205568171,,0.0,120.16276943662659,,,0.0,0.0,0.0,0.0,0.0,0.0,0,0,0,0,0,0,0,0,0,0,0,0,0,0,0,0,0,0,0,0,0,0,0,0,0.0,0.0,0.0,0.0,0.0,0.0,snapshot,,,,,,,/home/runner/work/Solana-Memecoin-Analysis/Solana-Memecoin-Analysis/data/cache/2026-10-08/000619481186_multi_pools_8ec8dc9f1792.json,2
2026-10-08T00:05:26.425711+00:00,92h13iw5D8fntYFaUqkC9yDM678o6fjWBs5u6gTzVbUg,solana,PumpSwap,6GhRr4qnyS2ExZnaTjstiUYcvWJaU5qiGQ3QTps7b6UK,EGO,So11111111111111111111111111111111111111112,SOL,2026-10-06T04:24:08Z,1.0694716751675066,1069471677.33894,,0.00241497748277016,120.34371873813484,100.0,,0.0,0.0,0.0,0.0,0.0,0.0,0,0,0,0,0,0,0,0,0,0,0,0,0,0,0,0,0,0,0,0,0,0,0,0,0.0,0.0,0.0,0.0,0.0,0.0,snapshot,,,,,,,/home/runner/work/Solana-Memecoin-Analysis/Solana-Memecoin-Analysis/data/cache/2026-10-08/000619481186_multi_pools_8ec8dc9f1792.json,2
2026-10-08T00:05:26.425711+00:00,9JphuAyPb2qaQoX3Fi3bWcQhTLXQiXb6ULTk43KdZ7TN,solana,Meteora DBC,99nSSMF3ThEfT9VReZAbhcogQxqmQu5jySnH7Sqipump,Chungus,So11111111111111111111111111111111111111112,SOL,2026-10-06T04:24:06Z,5.461760113872376e-12,0.005461760114,,0.0,120.15870502805856,,,0.0,0.0,0.0,0.0,0.0,0.0,0,0,0,0,0,0,0,0,0,0,0,0,0,0,0,0,0,0,0,0,0,0,0,0,0.0,0.0,0.0,0.0,0.0,0.0,snapshot,,,,,,,/home/runner/work/Solana-Memecoin-Analysis/Solana-Memecoin-Analysis/data/cache/2026-10-08/000619481186_multi_pools_8ec8dc9f1792.json,2
2026-10-08T00:05:26.425711+00:00,tcRutbwkX7ztyrnuFXHDetTznsX2eQJyBSBWtprU8Lc,solana,Pump.fun,9VJvwbb7nAVbZSWDvRjGLnRMytBimymH9Hex3QEYpump,JOSHUAWOHL,So11111111111111111111111111111111111111112,SOL,2026-10-06T04:28:58Z,3.4045413291543905e-06,3476.337747,,2612.5476,120.13583384019053,100.0,,0.0,0.0,0.0,0.0,0.0,0.0,0,0,0,0,0,0,0,0,0,0,0,0,0,0,0,0,0,0,0,0,0,0,0,0,0.0,0.0,0.0,0.0,0.0,0.0,snapshot,,,,,,,/home/runner/work/Solana-Memecoin-Analysis/Solana-Memecoin-Analysis/data/cache/2026-10-08/000619481186_multi_pools_8ec8dc9f1792.json,2
2026-10-08T00:05:26.425711+00:00,H4gc6jTY9ra7Hbqm78EkyTpCP23J4bLPi1piE8fUNPgb,solana,Pump.fun,G5boxfrMTe2Eo88tWrkPiuGihd5mtwrQ2P4Nxs2ppump,$Agency,So11111111111111111111111111111111111111112,SOL,2026-10-06T04:28:50Z,3.361640723886579e-06,3361.640724,,2580.0588,120.1160541488659,100.0,,0.0,0.0,0.0,0.0,0.0,0.0,0,0,0,0,0,0,0,0,0,0,0,0,0,0,0,0,0,0,0,0,0,0,0,0,0.0,0.0,0.0,0.0,0.0,0.0,snapshot,,,,,,,/home/runner/work/Solana-Memecoin-Analysis/Solana-Memecoin-Analysis/data/cache/2026-10-08/000619481186_multi_pools_8ec8dc9f1792.json,2
2026-10-08T00:05:26.425711+00:00,3ERbHbAQKBESjRRFPzcTeAUqJwBWEXmvHMo3ac3DQnbt,solana,Pump.fun,Av7e3TsY2f2uXLQpY5NZDcmvRr6PogUeWQRWSD2Lpump,MTM,So11111111111111111111111111111111111111112,SOL,2026-10-06T04:28:29Z,3.488004862690048e-06,3628.5752,,2676.4905,120.14064856006895,100.0,,0.0,0.0,0.0,0.0,0.0,0.0,0,0,0,0,0,0,0,0,0,0,0,0,0,0,0,0,0,0,0,0,0,0,0,0,0.0,0.0,0.0,0.0,0.0,0.0,snapshot,,,,,,,/home/runner/work/Solana-Memecoin-Analysis/Solana-Memecoin-Analysis/data/cache/2026-10-08/000619481186_multi_pools_8ec8dc9f1792.json,2
2026-10-08T00:05:26.425711+00:00,CQFcGep7QhuUfD5q7nXnwywPEu8RRtbxNQQjyUWE1yXb,solana,Pump.fun,HULNPgpKgqr4xX2PchbWhgexp7s2pnBR6xd6u8AKpump,DERP,So11111111111111111111111111111111111111112,SOL,2026-10-06T04:37:12Z,8.886926901432355e-07,1777.3853802,,683.3212,119.74225090313749,,,0.0,0.0,0.0,0.0,0.0,0.0,0,0,0,0,0,0,0,0,0,0,0,0,0,0,0,0,0,0,0,0,0,0,0,0,0.0,0.0,0.0,0.0,0.0,0.0,snapshot,,,,,,,/home/runner/work/Solana-Memecoin-Analysis/Solana-Memecoin-Analysis/data/cache/2026-10-08/000619481186_multi_pools_8ec8dc9f1792.json,2
2026-10-08T00:05:26.425711+00:00,AMMHfbr43qvN5bnNT45YzACU3Gt57hzSLoLc59VdXScu,solana,Pump.fun,9DdAbxW6NmCyCXHYRUfRjwgMCc8MK66hJfdDA4ecT9oa,STJUDE,So11111111111111111111111111111111111111112,SOL,2026-10-06T04:37:04Z,3.364991885796315e-06,3364.991886,,2657.8923,120.16906811161122,100.0,,0.0,0.0,0.0,0.0,0.0,0.0,0,0,0,0,0,0,0,0,0,0,0,0,0,0,0,0,0,0,0,0,0,0,0,0,0.0,0.0,0.0,0.0,0.0,0.0,snapshot,,,,,,,/home/runner/work/Solana-Memecoin-Analysis/Solana-Memecoin-Analysis/data/cache/2026-10-08/000619481186_multi_pools_8ec8dc9f1792.json,2
2026-10-08T00:05:26.425711+00:00,8bjgcWrTkAs5FFLh3hAnjxoUgzjGHKPgV6LrALxiuhkx,solana,PumpSwap,BLnMLkXs9HiBhnEUFG6Ci7Pbqi3Pfc1jZCjXotKqpump,NVIDIA,So11111111111111111111111111111111111111112,SOL,2026-10-06T04:36:56Z,2.1393282892692565e-06,2129.781232872,,2094.4017,120.30128015707865,100.0,,0.0,0.0,0.0,0.0,0.0,0.0,0,0,0,0,0,0,0,0,0,0,0,0,0,0,0,0,0,0,0,0,0,0,0,0,0.0,0.0,0.0,0.0,0.0,0.0,snapshot,,,,,,,/home/runner/work/Solana-Memecoin-Analysis/Solana-Memecoin-Analysis/data/cache/2026-10-08/000619481186_multi_pools_8ec8dc9f1792.json,2
2026-10-08T00:05:26.425711+00:00,BxiNKCEyX1aPDQTtTMy9dFhR7TDG2HgzDAZC5mzizDYQ,solana,Pump.fun,GsxiCzoScj2qJrFMdYSkjHVGEYuQbMigTatabhAHpump,CHIPMONK,So11111111111111111111111111111111111111112,SOL,2026-10-06T04:36:54Z,3.6390983128861953e-06,3639.098313,,2790.0093,120.2449225178947,,,0.0,0.0,0.0,0.0,0.0,0.0,0,0,0,0,0,0,0,0,0,0,0,0,0,0,0,0,0,0,0,0,0,0,0,0,0.0,0.0,0.0,0.0,0.0,0.0,snapshot,,,,,,,/home/runner/work/Solana-Memecoin-Analysis/Solana-Memecoin-Analysis/data/cache/2026-10-08/000619481186_multi_pools_8ec8dc9f1792.json,2
2026-10-08T00:05:26.425711+00:00,6DBnACz7msiH9gUN3BRtPJ7kPmGTeTHybid2Yc5pMmbp,solana,Pump.fun,G7FgiJGvyN4L3AvJnrscWVQmL5JL7mn9JvWVS1Hipump,CAT,So11111111111111111111111111111111111111112,SOL,2026-10-06T04:36:51Z,1.7618453773830207e-06,3523.690754,,1351.9033,120.20436506911031,,,0.0,0.0,0.0,0.0,0.0,0.0,0,0,0,0,0,0,0,0,0,0,0,0,0,0,0,0,0,0,0,0,0,0,0,0,0.0,0.0,0.0,0.0,0.0,0.0,snapshot,,,,,,,/home/runner/work/Solana-Memecoin-Analysis/Solana-Memecoin-Analysis/data/cache/2026-10-08/000619481186_multi_pools_8ec8dc9f1792.json,2
2026-10-08T00:05:26.425711+00:00,88VrPwHNCwuXnbZ1imxfWWvsJ155w1KqwXwDQrcccdmy,solana,Pump.fun,5RdAa1XSR49JYPinpLPDgKR8FayAYizVSw7Et45Kpump,FUP,So11111111111111111111111111111111111111112,SOL,2026-10-06T04:36:45Z,6.568560944152056e-07,1313.7121888,,508.0448,120.2044010317232,,,0.0,0.0,0.0,0.0,0.0,0.0,0,0,0,0,0,0,0,0,0,0,0,0,0,0,0,0,0,0,0,0,0,0,0,0,0.0,0.0,0.0,0.0,0.0,0.0,snapshot,,,,,,,/home/runner/work/Solana-Memecoin-Analysis/Solana-Memecoin-Analysis/data/cache/2026-10-08/000619481186_multi_pools_8ec8dc9f1792.json,2
2026-10-08T00:05:26.425711+00:00,9Wrq8TEvu23y1cch4NTU1sJxMxXZZHZtmc6JpM2b6WNb,solana,Meteora DBC,28748py1NPm2yfCad99DT4xwyPZzG4dTZTxeZKMn3r5k,APPLEWATCH,So11111111111111111111111111111111111111112,SOL,2026-10-06T04:36:42Z,4.166873276560825e-06,4166.873277,,4104.3791,116.55066872991117,,,0.0,0.0,0.0,0.0,66.7929598003,296.5071176119,0,0,0,0,0,0,0,0,0,0,0,0,0,0,0,0,0,1,0,1,5,3,3,3,0.0,0.0,0.0,0.0,0.0,4.637,snapshot,,,,,,,/home/runner/work/Solana-Memecoin-Analysis/Solana-Memecoin-Analysis/data/cache/2026-10-08/000619481186_multi_pools_8ec8dc9f1792.json,2
2026-10-08T00:05:26.425711+00:00,2Q3ohPe3KN3XtH5V1h4FxS4CTr7g8mpEq5dD3nCSLNRA,solana,Pump.fun,26aXiXsUhKjX6QFgXqSyc8ex1EUUz2KGersVJ79mpump,$SOLBULL,So11111111111111111111111111111111111111112,SOL,2026-10-06T04:36:32Z,3.358070208080487e-06,3358.070208,,2578.3617,120.06746773007472,,,0.0,0.0,0.0,0.0,0.0,0.0,0,0,0,0,0,0,0,0,0,0,0,0,0,0,0,0,0,0,0,0,0,0,0,0,0.0,0.0,0.0,0.0,0.0,0.0,snapshot,,,,,,,/home/runner/work/Solana-Memecoin-Analysis/Solana-Memecoin-Analysis/data/cache/2026-10-08/000619481186_multi_pools_8ec8dc9f1792.json,2
2026-10-08T00:05:26.425711+00:00,E85tfKmyeR7VarV3xxwUqsJhTbBxT6sg4VtPxRuSSsxQ,solana,Pump.fun,Kr1sVguDZ8he42d1cRTC4FUigfCPZ25sUfn1vo8pump,KRILL,So11111111111111111111111111111111111111112,SOL,2026-10-06T04:53:48Z,3.374596750958176e-06,3374.596751,,2584.5805,120.3681254679987,,,0.0,0.0,0.0,0.0,0.0,0.0,0,0,0,0,0,0,0,0,0,0,0,0,0,0,0,0,0,0,0,0,0,0,0,0,0.0,0.0,0.0,0.0,0.0,0.0,snapshot,,,,,,,/home/runner/work/Solana-Memecoin-Analysis/Solana-Memecoin-Analysis/data/cache/2026-10-08/000619481186_multi_pools_8ec8dc9f1792.json,2
2026-10-08T00:05:26.425711+00:00,FoGas9Z18nAiSYRc9Rc6LiMCqsvJGHaMj1h4y4zGUXMP,solana,Pump.fun,26aXzeYjuJXhXx1cMS4XNfHmTvxe9o1V2cNo49L4pump,WEINER,So11111111111111111111111111111111111111112,SOL,2026-10-06T04:53:43Z,3.3788859963590005e-06,3378.885996,,2594.4841,120.06108758838644,,,0.0,0.0,0.0,0.0,0.0,0.0,0,0,0,0,0,0,0,0,0,0,0,0,0,0,0,0,0,0,0,0,0,0,0,0,0.0,0.0,0.0,0.0,0.0,0.0,snapshot,,,,,,,/home/runner/work/Solana-Memecoin-Analysis/Solana-Memecoin-Analysis/data/cache/2026-10-08/000619481186_multi_pools_8ec8dc9f1792.json,2
2026-10-08T00:05:26.425711+00:00,28ixEHvhsBxT1UU6PAjkX4N7wJuyYH2uB2S8zyMJxciY,solana,Meteora DAMM V2,57vMdUcy6aCf7iACbPuj5eR3nQjd1ZeuVgPHNyNnVzLY,GOMO,So11111111111111111111111111111111111111112,SOL,2026-10-06T04:53:41Z,8.174645905412375e-10,0.8174538316,,1.0345,120.32231369636662,100.0,,0.0,0.0,0.0,0.0,0.0,0.0,0,0,0,0,0,0,0,0,0,0,0,0,0,0,0,0,0,0,0,0,0,0,0,0,0.0,0.0,0.0,0.0,0.0,0.0,snapshot,,,,,,,/home/runner/work/Solana-Memecoin-Analysis/Solana-Memecoin-Analysis/data/cache/2026-10-08/000619481186_multi_pools_8ec8dc9f1792.json,2
2026-10-08T00:05:26.425711+00:00,34er2EXn87GrPmJ9kReu96s6UsHAXh2xFUf23g6Dfhsd,solana,Meteora DAMM V2,9k35dotvmB74m5zNT5u7EW26EdasqoiwLimfXaGmpump,UP,So11111111111111111111111111111111111111112,SOL,2026-10-06T04:53:37Z,1.0808364943165525,538241092.2,,4.03246981378184e-06,120.36342341613259,,,0.0,0.0,0.0,0.0,0.0,0.0,0,0,0,0,0,0,0,0,0,0,0,0,0,0,0,0,0,0,0,0,0,0,0,0,0.0,0.0,0.0,0.0,0.0,0.0,snapshot,,,,,,,/home/runner/work/Solana-Memecoin-Analysis/Solana-Memecoin-Analysis/data/cache/2026-10-08/000619481186_multi_pools_8ec8dc9f1792.json,2
2026-10-08T00:05:26.425711+00:00,BaiHzFqngF1EspbdcVUCH9iKyLcKQZDwWPh7ZmZsqJ5t,solana,PumpSwap,CBcjQNdtgb4SHwKDqKFxD3yPSk7pEMpKHQiMmZrgpump,phubber,So11111111111111111111111111111111111111112,SOL,2026-10-06T00:18:23Z,0.0005362608793185653,517211.719507923,517212.125806876,81189.2414,116.1860209504389,99.9734328422694,,62.7591565989,5118.1424988715,10009.3073997654,19758.7752930855,262926.449212899,845634.773521925,0,2,0,2,22,24,19,22,52,54,41,52,118,114,93,106,1318,1228,584,760,4971,4782,1778,2229,-0.228,14.858,4.667,-0.171,-17.499,21.043,snapshot,,,,,,,/home/runner/work/Solana-Memecoin-Analysis/Solana-Memecoin-Analysis/data/cache/2026-10-08/000619481186_multi_pools_8ec8dc9f1792.json,2
2026-10-08T00:05:26.425711+00:00,5RrPYfQK12EWzEuM3b5Wf7FGC69QkPpZfkxXz7obgN7E,solana,Pump.fun,BguDQVGTA6XJXXoHBvMFkZMFKwj61Z5aKZjK8Dh6WTxW,wer,So11111111111111111111111111111111111111112,SOL,2026-10-06T05:02:55Z,3.356788669936569e-06,3356.78867,,2577.49,120.06196180117571,,,0.0,0.0,0.0,0.0,0.0,0.0,0,0,0,0,0,0,0,0,0,0,0,0,0,0,0,0,0,0,0,0,0,0,0,0,0.0,0.0,0.0,0.0,0.0,0.0,snapshot,,,,,,,/home/runner/work/Solana-Memecoin-Analysis/Solana-Memecoin-Analysis/data/cache/2026-10-08/000619481186_multi_pools_8ec8dc9f1792.json,2
2026-10-08T00:05:26.425711+00:00,5UR6YoxactQKAa3NFbcktCjn1C19VDXcZu4ptZm1sGwV,solana,Meteora DBC,CnjWBbVbmLruRfGHSaGjrP3eerVk8nw44sJMShnmpump,CAESAR,So11111111111111111111111111111111111111112,SOL,2026-10-06T05:02:47Z,5.452963527497774e-12,0.005452963521,,0.0,119.96518015596558,,,0.0,0.0,0.0,0.0,0.0,0.0,0,0,0,0,0,0,0,0,0,0,0,0,0,0,0,0,0,0,0,0,0,0,0,0,0.0,0.0,0.0,0.0,0.0,0.0,snapshot,,,,,,,/home/runner/work/Solana-Memecoin-Analysis/Solana-Memecoin-Analysis/data/cache/2026-10-08/000619481186_multi_pools_8ec8dc9f1792.json,2
2026-10-08T00:05:26.425711+00:00,5yK2GHPz8iJ8yLyegYjgGnKxAs6NrtFjZEiWeUEWafLC,solana,Meteora DAMM V2,2Ga1XPQSNKTCj8jJBBBraDJxh6dxH6wXiZ9syJtXpump,darwin,So11111111111111111111111111111111111111112,SOL,2026-10-06T05:02:42Z,0.0001930502902403045,193050.2902,,0.00361954550609399,120.32325378215928,100.0,,0.0,0.0,0.0,0.0,0.0,0.0,0,0,0,0,0,0,0,0,0,0,0,0,0,0,0,0,0,0,0,0,0,0,0,0,0.0,0.0,0.0,0.0,0.0,0.0,snapshot,,,,,,,/home/runner/work/Solana-Memecoin-Analysis/Solana-Memecoin-Analysis/data/cache/2026-10-08/000619481186_multi_pools_8ec8dc9f1792.json,2
2026-10-08T00:05:26.425711+00:00,AcpVEdRm7i7sd6XzMEkfrjS8c71CZheEofMyubVRQRVk,solana,Pump.fun,8BQhYH1rsRUdQFKLJH98JfEhb4nYyJ6c7vMutwoipump,lptp,So11111111111111111111111111111111111111112,SOL,2026-10-06T05:02:39Z,6.952371260870336e-06,13904.742522,,5271.9626,119.95351229009387,100.0,,0.0,0.0,0.0,0.0,0.0,0.0,0,0,0,0,0,0,0,0,0,0,0,0,0,0,0,0,0,0,0,0,0,0,0,0,0.0,0.0,0.0,0.0,0.0,0.0,snapshot,,,,,,,/home/runner/work/Solana-Memecoin-Analysis/Solana-Memecoin-Analysis/data/cache/2026-10-08/000619481186_multi_pools_8ec8dc9f1792.json,2
2026-10-08T00:05:26.425711+00:00,3mhsSMCeYzZu9jsUAM2x6pN4WBYeQUJtWYVm8v24TEFW,solana,Meteora DAMM V2,CnnHi4gmZ6Tm45S9thVFik6B3uughVnQhX44qimv8fdc,Engram,So11111111111111111111111111111111111111112,SOL,2026-10-06T05:11:12Z,3.920178902338184e-10,0.3920178902,,0.6858,120.3228002172316,61.4316321041064,,0.0,0.0,0.0,0.0,0.0,0.0,0,0,0,0,0,0,0,0,0,0,0,0,0,0,0,0,0,0,0,0,0,0,0,0,0.0,0.0,0.0,0.0,0.0,0.0,snapshot,,,,,,,/home/runner/work/Solana-Memecoin-Analysis/Solana-Memecoin-Analysis/data/cache/2026-10-08/000619481186_multi_pools_8ec8dc9f1792.json,2
2026-10-08T00:05:26.425711+00:00,9z44na9ogKXbLoLLmMWAdep1BHJhnkU4GRsqKYGTeGoa,solana,Pump.fun,4ohKpeMBzFysxkt8X5uxsEUAkQkLXkwbFzAtTESypump,GLM-10,So11111111111111111111111111111111111111112,SOL,2026-10-06T05:10:46Z,3.4877411740158837e-06,3487.741174,,2676.4905,120.13156608181013,100.0,,0.0,0.0,0.0,0.0,0.0,0.0,0,0,0,0,0,0,0,0,0,0,0,0,0,0,0,0,0,0,0,0,0,0,0,0,0.0,0.0,0.0,0.0,0.0,0.0,snapshot,,,,,,,/home/runner/work/Solana-Memecoin-Analysis/Solana-Memecoin-Analysis/data/cache/2026-10-08/000619481186_multi_pools_8ec8dc9f1792.json,2
2026-10-08T00:05:26.425711+00:00,ZgSP5muhP4gYpTRFQ52hBvEsDdF1s3x8mNzTPuzt3h1,solana,Pump.fun,cNDZxogzrHzBqNGKQpa4VXt9cJpttR9dWubvJYwpump,GLM-10,So11111111111111111111111111111111111111112,SOL,2026-10-06T05:10:27Z,3.365321228083179e-06,3365.321228,,2584.2086,120.05436225245774,,,0.0,0.0,0.0,0.0,0.0,0.0,0,0,0,0,0,0,0,0,0,0,0,0,0,0,0,0,0,0,0,0,0,0,0,0,0.0,0.0,0.0,0.0,0.0,0.0,snapshot,,,,,,,/home/runner/work/Solana-Memecoin-Analysis/Solana-Memecoin-Analysis/data/cache/2026-10-08/000619481186_multi_pools_8ec8dc9f1792.json,2
2026-10-08T00:05:26.425711+00:00,75DWMVzwjwpLCQgQ9jJzkgiZfSSB1gYaf72rTkgegeTn,solana,Pump.fun,4P14jGxgep2a1xgBWkxSVnAY1RxHwUT6orULg34Wpump,1B,So11111111111111111111111111111111111111112,SOL,2026-10-06T05:20:14Z,3.464743154519567e-06,3464.743155,,2662.3675,119.97259844750806,,,0.0,0.0,0.0,0.0,0.0,0.0,0,0,0,0,0,0,0,0,0,0,0,0,0,0,0,0,0,0,0,0,0,0,0,0,0.0,0.0,0.0,0.0,0.0,0.0,snapshot,,,,,,,/home/runner/work/Solana-Memecoin-Analysis/Solana-Memecoin-Analysis/data/cache/2026-10-08/000619481186_multi_pools_8ec8dc9f1792.json,2
2026-10-08T00:05:26.425711+00:00,Gw2urt3F5oMrbhj8hxnsSGS2J93WsHneqT7vbVV99gk6,solana,Pump.fun,3CwwgtBd2ux4jYgFnwJ9TpjYqK1NN4kpCU7LFjpVpump,CASA,So11111111111111111111111111111111111111112,SOL,2026-10-06T05:20:03Z,6.234493306938935e-07,1246.8986614,,647.3453,119.99059374750178,100.0,,0.0,0.0,0.0,0.0,0.0,0.0,0,0,0,0,0,0,0,0,0,0,0,0,0,0,0,0,0,0,0,0,0,0,0,0,0.0,0.0,0.0,0.0,0.0,0.0,snapshot,,,,,,,/home/runner/work/Solana-Memecoin-Analysis/Solana-Memecoin-Analysis/data/cache/2026-10-08/000619481186_multi_pools_8ec8dc9f1792.json,2
2026-10-08T00:05:26.425711+00:00,BAf9XotqujuRnhpxbKjkSvfJmnYd68d9PnHdDqxn4MJM,solana,Pump.fun,EAHBERPZ5GZmPAyFm4MARBnYJVt461VHC5Aeof9zpump,CORPUS,So11111111111111111111111111111111111111112,SOL,2026-10-06T05:19:56Z,3.3556916425417405e-06,3355.691643,,2577.5248,120.02114167389226,100.0,,0.0,0.0,0.0,0.0,0.0,0.0,0,0,0,0,0,0,0,0,0,0,0,0,0,0,0,0,0,0,0,0,0,0,0,0,0.0,0.0,0.0,0.0,0.0,0.0,snapshot,,,,,,,/home/runner/work/Solana-Memecoin-Analysis/Solana-Memecoin-Analysis/data/cache/2026-10-08/000619481186_multi_pools_8ec8dc9f1792.json,2
2026-10-08T00:05:26.425711+00:00,7KhAgVsaJ58y7EXNMjwzDyuT2Dvmi5FzkSZZXXHcxXap,solana,Meteora DBC,8PN11XqiKLNqhDwN9Mfh5F9aU9Kv58azN3RCE1wux8JD,GHOST,So11111111111111111111111111111111111111112,SOL,2026-10-06T05:19:49Z,3.6781126844961396e-06,3678.112684,,3874.3542,119.97259844750806,,,0.0,0.0,0.0,0.0,0.0,0.0,0,0,0,0,0,0,0,0,0,0,0,0,0,0,0,0,0,0,0,0,0,0,0,0,0.0,0.0,0.0,0.0,0.0,0.0,snapshot,,,,,,,/home/runner/work/Solana-Memecoin-Analysis/Solana-Memecoin-Analysis/data/cache/2026-10-08/000619481186_multi_pools_8ec8dc9f1792.json,2
2026-10-08T00:05:26.425711+00:00,DGKYxNbMmaUJZWrRjiHJeKXxs1ebNNDa5E5jDTvgMv3u,solana,Pump.fun,2gUALr4PfJkoiJinDd4ku5MqDomaTpW3DwLLDUVwpump,ELON MASK,So11111111111111111111111111111111111111112,SOL,2026-10-06T05:19:42Z,9.064868701732428e-07,2379.54361,,617.193,119.96470784413277,100.0,,0.0,0.0,0.0,0.0,0.0,0.0,0,0,0,0,0,0,0,0,0,0,0,0,0,0,0,0,0,0,0,0,0,0,0,0,0.0,0.0,0.0,0.0,0.0,0.0,snapshot,,,,,,,/home/runner/work/Solana-Memecoin-Analysis/Solana-Memecoin-Analysis/data/cache/2026-10-08/000627318361_multi_pools_310ca46ff8b8.json,2
2026-10-08T00:05:26.425711+00:00,EkDkDAoHT7Knse6C3VV9mJ8r25bju6Rx7S7qCHcEuPAY,solana,Pump.fun,2TPzXvYoEUusC3R3csQUBJJG1L7vwmEzFVJyASGjpump,GOTUS,So11111111111111111111111111111111111111112,SOL,2026-10-06T05:19:36Z,3.365895618687407e-06,3365.895619,,2577.5946,120.3830252972112,100.0,,0.0,0.0,0.0,0.0,0.0,0.0,0,0,0,0,0,0,0,0,0,0,0,0,0,0,0,0,0,0,0,0,0,0,0,0,0.0,0.0,0.0,0.0,0.0,0.0,snapshot,,,,,,,/home/runner/work/Solana-Memecoin-Analysis/Solana-Memecoin-Analysis/data/cache/2026-10-08/000627318361_multi_pools_310ca46ff8b8.json,2
2026-10-08T00:05:26.425711+00:00,8hDRHQRjEpbBLKABqBk4MziEx5VhpPEAaBWR847zaFsA,solana,Pump.fun,HZJbcwtJiRqemcfis3ufqHiHZhxj5jSQWxxJFHTXpump,SUB,So11111111111111111111111111111111111111112,SOL,2026-10-06T05:27:11Z,3.3604126371667567e-06,3360.412637,,2581.9768,119.9826647609903,100.0,,0.0,0.0,0.0,0.0,0.0,0.0,0,0,0,0,0,0,0,0,0,0,0,0,0,0,0,0,0,0,0,0,0,0,0,0,0.0,0.0,0.0,0.0,0.0,0.0,snapshot,,,,,,,/home/runner/work/Solana-Memecoin-Analysis/Solana-Memecoin-Analysis/data/cache/2026-10-08/000627318361_multi_pools_310ca46ff8b8.json,2
2026-10-08T00:05:26.425711+00:00,6mhLQGkg7zAknWNfwuTfYCaTdxeG9MmJPcygwmjzjTT8,solana,Meteora DBC,BUokbRZPHw3AqGAo12hLXyUiJTLSKi9cEkcV8wDdFeZJ,CAESAR,So11111111111111111111111111111111111111112,SOL,2026-10-06T05:26:55Z,5.9873261159369454e-05,59873.26116,,0.0,119.96092382644542,,,0.0,0.0,0.0,0.0,0.0,0.0,0,0,0,0,0,0,0,0,0,0,0,0,0,0,0,0,0,0,0,0,0,0,0,0,0.0,0.0,0.0,0.0,0.0,0.0,snapshot,,,,,,,/home/runner/work/Solana-Memecoin-Analysis/Solana-Memecoin-Analysis/data/cache/2026-10-08/000627318361_multi_pools_310ca46ff8b8.json,2
2026-10-08T00:05:26.425711+00:00,D4fojdi3nMKv9Y6nqKcrYQmPXWTLRWJB4wiBGD3z5EYs,solana,Pump.fun,6L9Toq3CwNcc84hNSoKR85TCarpAwN2V8NCrY5NYpump,gooey,So11111111111111111111111111111111111111112,SOL,2026-10-06T05:26:53Z,3.386389382038027e-06,3386.389382,,2601.7606,119.99106406899183,,,0.0,0.0,0.0,0.0,0.0,0.0,0,0,0,0,0,0,0,0,0,0,0,0,0,0,0,0,0,0,0,0,0,0,0,0,0.0,0.0,0.0,0.0,0.0,0.0,snapshot,,,,,,,/home/runner/work/Solana-Memecoin-Analysis/Solana-Memecoin-Analysis/data/cache/2026-10-08/000627318361_multi_pools_310ca46ff8b8.json,2
2026-10-08T00:05:26.425711+00:00,9J5sAKM1nxYAmoQtF36pU6HFi4XmdD1H3kyyw5As5NLZ,solana,Pump.fun,7jXQgu9WYq5sHUKhiQdcwGbmLM4rRTaDDUADscsTpump,ACCUSED,So11111111111111111111111111111111111111112,SOL,2026-10-06T05:26:46Z,3.4799700123892834e-06,3479.884372773,,2581.6048,120.3106977521648,100.0,,0.0,0.0,0.0,0.0,0.0,0.0,0,0,0,0,0,0,0,0,0,0,0,0,0,0,0,0,0,0,0,0,0,0,0,0,0.0,0.0,0.0,0.0,0.0,0.0,snapshot,,,,,,,/home/runner/work/Solana-Memecoin-Analysis/Solana-Memecoin-Analysis/data/cache/2026-10-08/000627318361_multi_pools_310ca46ff8b8.json,2
2026-10-08T00:05:26.425711+00:00,BVSP9QfmsdXBWUofU6qkAof7YPjPhs6dVB6oPzQtTqqH,solana,Pump.fun,25teCffCWp4bkTjzvTxDpxhpE1b4dQiqDgEZbPEupump,CASA,So11111111111111111111111111111111111111112,SOL,2026-10-06T05:32:59Z,1.0449590587956584e-05,20899.18118,,6120.1569,119.9826647609903,100.0,,0.0,0.0,0.0,0.0,0.0,0.0,0,0,0,0,0,0,0,0,0,0,0,0,0,0,0,0,0,0,0,0,0,0,0,0,0.0,0.0,0.0,0.0,0.0,0.0,snapshot,,,,,,,/home/runner/work/Solana-Memecoin-Analysis/Solana-Memecoin-Analysis/data/cache/2026-10-08/000627318361_multi_pools_310ca46ff8b8.json,2
2026-10-08T00:05:26.425711+00:00,CHCpiWruzYuDShTJGHMdBeXKRkSo5jnxaXYNLKEC8Gp5,solana,Meteora DAMM V2,hLSDierxz8RBU91NcG4qB7pR4ygxbS9VyugfaaE9jSX,NVIDIA,So11111111111111111111111111111111111111112,SOL,2026-10-06T05:32:57Z,0.00010163319499567418,101633.195,,5.95564469244825e-07,120.51664720462978,,,0.0,0.0,0.0,0.0,0.0,0.0,0,0,0,0,0,0,0,0,0,0,0,0,0,0,0,0,0,0,0,0,0,0,0,0,0.0,0.0,0.0,0.0,0.0,0.0,snapshot,,,,,,,/home/runner/work/Solana-Memecoin-Analysis/Solana-Memecoin-Analysis/data/cache/2026-10-08/000627318361_multi_pools_310ca46ff8b8.json,2
2026-10-08T00:05:26.425711+00:00,DwbP6WNyBS5KGiHtUpy7n1VUAdcrwjKWDB5w5ZdeueUt,solana,Pump.fun,2K2D1UBBrsARDHhH7ZWcJRQm8XYV3ojGBwYVvoZhpump,PorkBelly,So11111111111111111111111111111111111111112,SOL,2026-10-06T05:32:53Z,3.310079082577936e-06,3310.079083,,2577.6411,118.38465657630547,100.0,,0.0,0.0,0.0,0.0,0.0,0.1751528223,0,0,0,0,0,0,0,0,0,0,0,0,0,0,0,0,0,0,0,0,0,1,0,1,0.0,0.0,0.0,0.0,0.0,0.0,snapshot,,,,,,,/home/runner/work/Solana-Memecoin-Analysis/Solana-Memecoin-Analysis/data/cache/2026-10-08/000627318361_multi_pools_310ca46ff8b8.json,2
2026-10-08T00:05:26.425711+00:00,BwBcGiZTkaBL1nSfe5Yjq2vwY8AcWRpHpbZ1BACQZG7v,solana,Pump.fun,2W2Eh3X7AXZhtVAx6oLchGdL5y7vBJzEJ3rJDdoApump,CASA,So11111111111111111111111111111111111111112,SOL,2026-10-06T05:32:45Z,9.461255971512137e-06,24550.44,,7473.4085,119.98931186498768,100.0,,0.0,0.0,0.0,0.0,0.0,0.0,0,0,0,0,0,0,0,0,0,0,0,0,0,0,0,0,0,0,0,0,0,0,0,0,0.0,0.0,0.0,0.0,0.0,0.0,snapshot,,,,,,,/home/runner/work/Solana-Memecoin-Analysis/Solana-Memecoin-Analysis/data/cache/2026-10-08/000627318361_multi_pools_310ca46ff8b8.json,2
2026-10-08T00:05:26.425711+00:00,7iX2i7m1MM5GZQCvsLUZQgeAeFiZdtUnVDTgHHPTtP66,solana,Pump.fun,Fg18wyeVNWNKn7my2HJzyGtziPJ31fHPGSKC3LMvpump,X,So11111111111111111111111111111111111111112,SOL,2026-10-06T05:32:45Z,3.3666587201055264e-06,3366.65872,,2577.5946,120.41019610476576,,,0.0,0.0,0.0,0.0,0.0,0.0,0,0,0,0,0,0,0,0,0,0,0,0,0,0,0,0,0,0,0,0,0,0,0,0,0.0,0.0,0.0,0.0,0.0,0.0,snapshot,,,,,,,/home/runner/work/Solana-Memecoin-Analysis/Solana-Memecoin-Analysis/data/cache/2026-10-08/000627318361_multi_pools_310ca46ff8b8.json,2
2026-10-08T00:05:26.425711+00:00,EjTv3v3YCobqtYv9bQrzs19RCffiozj25QVGpD9uopTY,solana,Pump.fun,5HxAf4PWgjbsL6oGZo12T45nyZncAdMQyCgF3tYpiXbg,MUSTAFA,So11111111111111111111111111111111111111112,SOL,2026-10-06T05:32:42Z,3.396766333107648e-06,3396.766333,,2609.9089,119.9826647609903,,,0.0,0.0,0.0,0.0,0.0,0.0,0,0,0,0,0,0,0,0,0,0,0,0,0,0,0,0,0,0,0,0,0,0,0,0,0.0,0.0,0.0,0.0,0.0,0.0,snapshot,,,,,,,/home/runner/work/Solana-Memecoin-Analysis/Solana-Memecoin-Analysis/data/cache/2026-10-08/000627318361_multi_pools_310ca46ff8b8.json,2
2026-10-08T00:05:26.425711+00:00,7jWiL4orCGuKv45vPK4LA9U7mGK3Ejz3stuZnkKNmPQ,solana,Pump.fun,DUbaaZoyokksvEES2k3q5LAHZRT4eoZUHQBWZAs7CriR,shitto,So11111111111111111111111111111111111111112,SOL,2026-10-06T05:46:29Z,3.4057223094599484e-06,3405.7223082942,,2586.7009,121.37836537137679,,,0.0,0.0,0.0,0.0,0.0,0.0,0,0,0,0,0,0,0,0,0,0,0,0,0,0,0,0,0,0,0,0,0,0,0,0,0.0,0.0,0.0,0.0,0.0,0.0,snapshot,,,,,,,/home/runner/work/Solana-Memecoin-Analysis/Solana-Memecoin-Analysis/data/cache/2026-10-08/000627318361_multi_pools_310ca46ff8b8.json,2
2026-10-08T00:05:26.425711+00:00,98zijjh82QaWgt6dQUqexZvvrHNNdcrxxFMunowq6iQj,solana,Pump.fun,2BTQ91g1a9sRtGJ8HLaALES7pkoFHujWaF17KLmYFeBL,GAT,So11111111111111111111111111111111111111112,SOL,2026-10-06T05:46:24Z,3.316898134120554e-06,3316.898134,,2577.6343,118.62852495545371,100.0,,0.0,0.0,0.0,0.0,0.0,0.1759437782,0,0,0,0,0,0,0,0,0,0,0,0,0,0,0,0,0,0,0,0,0,1,0,1,0.0,0.0,0.0,0.0,0.0,0.0,snapshot,,,,,,,/home/runner/work/Solana-Memecoin-Analysis/Solana-Memecoin-Analysis/data/cache/2026-10-08/000627318361_multi_pools_310ca46ff8b8.json,2
2026-10-08T00:05:26.425711+00:00,5kMAZeGwBBquiJLPZzZLwvqowJG7nPzuLqKuAyaAhQYi,solana,Pump.fun,44ThszUssU83N3HueFZ57o2uFrSAW3A1rpF1D1cgpump,CASA,So11111111111111111111111111111111111111112,SOL,2026-10-06T05:46:23Z,7.01689089560109e-07,1403.3781792,,722.0849,119.68963794554404,100.0,,0.0,0.0,0.0,0.0,0.0,0.0,0,0,0,0,0,0,0,0,0,0,0,0,0,0,0,0,0,0,0,0,0,0,0,0,0.0,0.0,0.0,0.0,0.0,0.0,snapshot,,,,,,,/home/runner/work/Solana-Memecoin-Analysis/Solana-Memecoin-Analysis/data/cache/2026-10-08/000627318361_multi_pools_310ca46ff8b8.json,2
2026-10-08T00:05:26.425711+00:00,2W6g2iSuSpWLiLRXimAW9S995fXVVJQeqCVcybygXbWf,solana,Pump.fun,5Z6HLcsfz4RsQRchz4Z5FLznzAgct1MCz3DePRXLpump,FYP,So11111111111111111111111111111111111111112,SOL,2026-10-06T05:46:09Z,3.3881838766728325e-06,3388.183877,,2597.5343,120.24706381483477,100.0,,0.0,0.0,0.0,0.0,0.0,0.0,0,0,0,0,0,0,0,0,0,0,0,0,0,0,0,0,0,0,0,0,0,0,0,0,0.0,0.0,0.0,0.0,0.0,0.0,snapshot,,,,,,,/home/runner/work/Solana-Memecoin-Analysis/Solana-Memecoin-Analysis/data/cache/2026-10-08/000627318361_multi_pools_310ca46ff8b8.json,2
2026-10-08T00:05:26.425711+00:00,HMLqAXHYxd1FPbzxmCPK3gUgfTPtncE9cc6Gf9fGPmnY,solana,Pump.fun,77WUZN1CzRTtcGQcFqx9urYc6iGm2pknbsZGQtQipump,HIEN,So11111111111111111111111111111111111111112,SOL,2026-10-06T05:45:55Z,3.3539171248030436e-06,3353.917125,,2577.5878,119.95436526158608,,,0.0,0.0,0.0,0.0,0.0,0.0,0,0,0,0,0,0,0,0,0,0,0,0,0,0,0,0,0,0,0,0,0,0,0,0,0.0,0.0,0.0,0.0,0.0,0.0,snapshot,,,,,,,/home/runner/work/Solana-Memecoin-Analysis/Solana-Memecoin-Analysis/data/cache/2026-10-08/000627318361_multi_pools_310ca46ff8b8.json,2
2026-10-08T00:05:26.425711+00:00,DKDovD4N2h3wHJpkUJn7YN61hH7C8n8gzKLWuH5Tfeu6,solana,Pump.fun,SMLmzACKYk9HMEeH3wqN1xNc1DYsv1UJYLpJxWxpump,HIEN,So11111111111111111111111111111111111111112,SOL,2026-10-06T05:45:55Z,3.353916527843166e-06,3353.916528,,2577.5878,119.95434391104564,100.0,,0.0,0.0,0.0,0.0,0.0,0.0,0,0,0,0,0,0,0,0,0,0,0,0,0,0,0,0,0,0,0,0,0,0,0,0,0.0,0.0,0.0,0.0,0.0,0.0,snapshot,,,,,,,/home/runner/work/Solana-Memecoin-Analysis/Solana-Memecoin-Analysis/data/cache/2026-10-08/000627318361_multi_pools_310ca46ff8b8.json,2
2026-10-08T00:05:26.425711+00:00,D43j26WZsQkmj3oazXhtwaQY6GANYyT1hXYFA7FJXy4z,solana,Pump.fun,37dGSuzVaZ1xMYBk6KkcfT8V1EcZrg4kHV8VMxBRpump,Lone,So11111111111111111111111111111111111111112,SOL,2026-10-06T05:45:54Z,2.346322656539256e-07,469.2645314,,180.8322,119.84131392533492,100.0,,0.0,0.0,0.0,0.0,0.0,0.0,0,0,0,0,0,0,0,0,0,0,0,0,0,0,0,0,0,0,0,0,0,0,0,0,0.0,0.0,0.0,0.0,0.0,0.0,snapshot,,,,,,,/home/runner/work/Solana-Memecoin-Analysis/Solana-Memecoin-Analysis/data/cache/2026-10-08/000627318361_multi_pools_310ca46ff8b8.json,2
2026-10-08T00:05:26.425711+00:00,FaCXB7FuschbPcWDQcArv5C437wyo3Bvkgnf8CrMej8d,solana,Meteora DAMM V2,EpRBszPnVySQgrRBHRKcbpCHkaZMvtUefHR2EgG5HneL,CYBERTRUCK,So11111111111111111111111111111111111111112,SOL,2026-10-06T05:55:24Z,7.964702996227162e-10,0.7964702996,,1.3251,120.42888591753812,100.0,,0.0,0.0,0.0,0.0,0.0,0.0,0,0,0,0,0,0,0,0,0,0,0,0,0,0,0,0,0,0,0,0,0,0,0,0,0.0,0.0,0.0,0.0,0.0,0.0,snapshot,,,,,,,/home/runner/work/Solana-Memecoin-Analysis/Solana-Memecoin-Analysis/data/cache/2026-10-08/000627318361_multi_pools_310ca46ff8b8.json,2
2026-10-08T00:05:26.425711+00:00,3zWrCNYVA4T14w376GEmZ9376GHJs4Jga6aKoRW7DqzL,solana,Pump.fun,E35azUo8ZrFXM9qs6eKt1rxxs3WqFXomcUrcxcqSpump,100001,So11111111111111111111111111111111111111112,SOL,2026-10-06T05:55:20Z,4.033349798887584e-08,80.66699598,,33.9997,119.81290788999065,,,0.0,0.0,0.0,0.0,0.0,0.0,0,0,0,0,0,0,0,0,0,0,0,0,0,0,0,0,0,0,0,0,0,0,0,0,0.0,0.0,0.0,0.0,0.0,0.0,snapshot,,,,,,,/home/runner/work/Solana-Memecoin-Analysis/Solana-Memecoin-Analysis/data/cache/2026-10-08/000627318361_multi_pools_310ca46ff8b8.json,2
2026-10-08T00:05:26.425711+00:00,Az7ayeYDGKh5bKhjtLV9Y46y7zLhGaNsWR6sordirUaM,solana,Pump.fun,FciS1D8m5qfv7Hd8cv6wcfADkmeapwovDFt48oNTEEnq,tanuki,So11111111111111111111111111111111111111112,SOL,2026-10-06T05:55:20Z,3.506361170023711e-06,3506.36117,,2704.7875,119.5091639736959,100.0,,0.0,0.0,0.0,0.0,0.0,0.0,0,0,0,0,0,0,0,0,0,0,0,0,0,0,0,0,0,0,0,0,0,0,0,0,0.0,0.0,0.0,0.0,0.0,0.0,snapshot,,,,,,,/home/runner/work/Solana-Memecoin-Analysis/Solana-Memecoin-Analysis/data/cache/2026-10-08/000627318361_multi_pools_310ca46ff8b8.json,2
2026-10-08T00:05:26.425711+00:00,2nbCC8ECRvHryUMmtRLdvEXSkJj8sVNTM1q3DGKMFJUg,solana,Meteora DAMM V2,Fszv2sZMdjbMJ8dQUtPe1zf8iBfdTZFWxn5NngZXpump,GoonCat,So11111111111111111111111111111111111111112,SOL,2026-10-06T05:55:00Z,0.0002879957425441764,224754.970523683,,0.00361929058522832,120.3173660869549,0.0,,0.0,0.0,0.0,0.0,0.0,0.0,0,0,0,0,0,0,0,0,0,0,0,0,0,0,0,0,0,0,0,0,0,0,0,0,0.0,0.0,0.0,0.0,0.0,0.0,snapshot,,,,,,,/home/runner/work/Solana-Memecoin-Analysis/Solana-Memecoin-Analysis/data/cache/2026-10-08/000627318361_multi_pools_310ca46ff8b8.json,2
2026-10-08T00:05:26.425711+00:00,HeuvodAyuaUYSu9oTkAb81pWGjPT2bzdPRj79hdbo9Ys,solana,Pump.fun,Bs5W327y4vhUofoUrRBydTvyo8oF3WKAapXKpd32pump,cashcow,So11111111111111111111111111111111111111112,SOL,2026-10-06T06:04:07Z,3.3449529108972284e-06,3344.952911,,2584.8294,119.29859371830652,,,0.0,0.0,0.0,0.0,0.0,0.0,0,0,0,0,0,0,0,0,0,0,0,0,0,0,0,0,0,0,0,0,0,0,0,0,0.0,0.0,0.0,0.0,0.0,0.0,snapshot,,,,,,,/home/runner/work/Solana-Memecoin-Analysis/Solana-Memecoin-Analysis/data/cache/2026-10-08/000627318361_multi_pools_310ca46ff8b8.json,2
2026-10-08T00:05:26.425711+00:00,6gHByQovtE9EpzDvqd9ghZVu7VfqJooCFCscQsdymrPE,solana,Pump.fun,A9LiexT2ZTgqovqEbR17aKATXf95gupbSfPAc79ppump,DOTSPAD,So11111111111111111111111111111111111111112,SOL,2026-10-06T06:04:01Z,3.3354906951885134e-06,3335.490695,,2588.8861,119.36337745136694,,,0.0,0.0,0.0,0.0,0.0,0.0,0,0,0,0,0,0,0,0,0,0,0,0,0,0,0,0,0,0,0,0,0,0,0,0,0.0,0.0,0.0,0.0,0.0,0.0,snapshot,,,,,,,/home/runner/work/Solana-Memecoin-Analysis/Solana-Memecoin-Analysis/data/cache/2026-10-08/000627318361_multi_pools_310ca46ff8b8.json,2
2026-10-08T00:05:26.425711+00:00,5VVYD89qJtHyG7hkbToNtAj9KUQuDeU1GFSqJvvWC21c,solana,Pump.fun,Cvx72Wiv4jhEV6KWTRXTkLqFbNVvcrJCiq9rQ5iwdqyB,HUSEYIN,So11111111111111111111111111111111111111112,SOL,2026-10-06T06:03:55Z,3.3792559428289078e-06,3379.255943,,2610.0299,119.35849989537603,,,0.0,0.0,0.0,0.0,0.0,0.0,0,0,0,0,0,0,0,0,0,0,0,0,0,0,0,0,0,0,0,0,0,0,0,0,0.0,0.0,0.0,0.0,0.0,0.0,snapshot,,,,,,,/home/runner/work/Solana-Memecoin-Analysis/Solana-Memecoin-Analysis/data/cache/2026-10-08/000627318361_multi_pools_310ca46ff8b8.json,2
2026-10-08T00:05:26.425711+00:00,ApUcjiS52Uu3AngXdyUiQ1drZYfEngPfxMR6ATsRb3tb,solana,PumpSwap,HSgi4oRiMDsnxL18waefX6PUh5WL1bhSQhXDxnuW6Wdv,CYBERTRUCK,So11111111111111111111111111111111111111112,SOL,2026-10-06T06:03:54Z,0.24681508152253137,246815081.5,,0.00241394733370932,120.36380153655429,100.0,,0.0,0.0,0.0,0.0,0.0,0.0,0,0,0,0,0,0,0,0,0,0,0,0,0,0,0,0,0,0,0,0,0,0,0,0,0.0,0.0,0.0,0.0,0.0,0.0,snapshot,,,,,,,/home/runner/work/Solana-Memecoin-Analysis/Solana-Memecoin-Analysis/data/cache/2026-10-08/000627318361_multi_pools_310ca46ff8b8.json,2
2026-10-08T00:05:26.425711+00:00,C4MgJN9J5G7vCAzWPVVuoaME3LriziyaDJmWuvww1jZr,solana,Pump.fun,875fxxGVr4fEoS7SRcYV136gJBLofUfjGUkcTKEhpump,P/Acc,So11111111111111111111111111111111111111112,SOL,2026-10-06T06:03:48Z,3.335940466937978e-06,3335.940467,,2578.3549,119.27610840680121,,,0.0,0.0,0.0,0.0,0.0,0.0,0,0,0,0,0,0,0,0,0,0,0,0,0,0,0,0,0,0,0,0,0,0,0,0,0.0,0.0,0.0,0.0,0.0,0.0,snapshot,,,,,,,/home/runner/work/Solana-Memecoin-Analysis/Solana-Memecoin-Analysis/data/cache/2026-10-08/000627318361_multi_pools_310ca46ff8b8.json,2
2026-10-08T00:05:26.425711+00:00,2233BeFv2zKVWUe5ZfYmsKNqEjPyTggKrZ8hqBpxWJjG,solana,Pump.fun,GCWdEvhhBNrERDe9iPXbhnq4EHW84EfT58zib4MXUF5S,MN,So11111111111111111111111111111111111111112,SOL,2026-10-06T06:12:40Z,3.3408604937202277e-06,3340.860494,,2581.4353,119.3092045803423,100.0,,0.0,0.0,0.0,0.0,0.0,0.0,0,0,0,0,0,0,0,0,0,0,0,0,0,0,0,0,0,0,0,0,0,0,0,0,0.0,0.0,0.0,0.0,0.0,0.0,snapshot,,,,,,,/home/runner/work/Solana-Memecoin-Analysis/Solana-Memecoin-Analysis/data/cache/2026-10-08/000627318361_multi_pools_310ca46ff8b8.json,2
2026-10-08T00:05:26.425711+00:00,4DNqvNyCRzps9MoK4n2iC8hPDfc6GWcnzbQYjMsVD1pf,solana,Pump.fun,DeAH7tUqsiq27hnDBdMn6VKzZyYcqb44yaxms9S7pump,🖕,So11111111111111111111111111111111111111112,SOL,2026-10-06T06:12:33Z,3.336755865304501e-06,3336.755865,,2577.5761,119.34144528250006,,,0.0,0.0,0.0,0.0,0.0,0.0,0,0,0,0,0,0,0,0,0,0,0,0,0,0,0,0,0,0,0,0,0,0,0,0,0.0,0.0,0.0,0.0,0.0,0.0,snapshot,,,,,,,/home/runner/work/Solana-Memecoin-Analysis/Solana-Memecoin-Analysis/data/cache/2026-10-08/000627318361_multi_pools_310ca46ff8b8.json,2
2026-10-08T00:05:26.425711+00:00,7gAbJxzVsSSD7xa9fFPokehkB5EVV8wPpRVtxE5LdugW,solana,Meteora DBC,6ovcoHRNqgzJwi3Pw9EhkrXWAJvatqsJu1igx2778rnV,CAESAR,So11111111111111111111111111111111111111112,SOL,2026-10-06T06:12:32Z,4.7020956560727404e-05,47020.165036829,,0.0,119.28973264260667,,,0.0,0.0,0.0,0.0,0.0,0.0,0,0,0,0,0,0,0,0,0,0,0,0,0,0,0,0,0,0,0,0,0,0,0,0,0.0,0.0,0.0,0.0,0.0,0.0,snapshot,,,,,,,/home/runner/work/Solana-Memecoin-Analysis/Solana-Memecoin-Analysis/data/cache/2026-10-08/000642080775_multi_pools_e780c37a499c.json,2
2026-10-08T00:05:26.425711+00:00,DMCSY2mPRZAEkzY31HNuMrQwa9bhX7XheweP5JisLYt7,solana,Pump.fun,DAAN4vChcfsm3hnTmMfxLC1Vtuns7fPS4kZrTmcTpump,100001,So11111111111111111111111111111111111111112,SOL,2026-10-06T06:12:10Z,9.300580107764845e-07,1860.1160216,,670.4981,119.21437295941293,100.0,,0.0,0.0,0.0,0.0,0.0,0.0,0,0,0,0,0,0,0,0,0,0,0,0,0,0,0,0,0,0,0,0,0,0,0,0,0.0,0.0,0.0,0.0,0.0,0.0,snapshot,,,,,,,/home/runner/work/Solana-Memecoin-Analysis/Solana-Memecoin-Analysis/data/cache/2026-10-08/000642080775_multi_pools_e780c37a499c.json,2
2026-10-08T00:05:26.425711+00:00,F2qtpGqp1569PjHixRq1UmAbMP5FiBYTxbV7AepEuVC7,solana,Pump.fun,gnR7zTNAFjEv8PLA3zpT52QtKKDdcPBJX3GqFzVpump,$LA BEAST,So11111111111111111111111111111111111111112,SOL,2026-10-06T06:22:12Z,3.3882765515407704e-06,3388.276552,,2581.412,121.0953130280504,100.0,,0.0,0.0,0.0,0.0,0.0,0.0,0,0,0,0,0,0,0,0,0,0,0,0,0,0,0,0,0,0,0,0,0,0,0,0,0.0,0.0,0.0,0.0,0.0,0.0,snapshot,,,,,,,/home/runner/work/Solana-Memecoin-Analysis/Solana-Memecoin-Analysis/data/cache/2026-10-08/000642080775_multi_pools_e780c37a499c.json,2
2026-10-08T00:05:26.425711+00:00,ASdmbjubAPTUrsuderS8whc7AEYDbUYKgyWNuv4MWaWJ,solana,PumpSwap,2Fktics7a34HunNUujDptPfuGEp5Pz1gm3nZ4rCkpump,BEAM,So11111111111111111111111111111111111111112,SOL,2026-10-06T06:27:38Z,0.12752709343161625,127527085.896759,,0.000606098762652943,120.48009504765886,100.0,,0.0,0.0,0.0,0.0,0.0,0.0,0,0,0,0,0,0,0,0,0,0,0,0,0,0,0,0,0,0,0,0,0,0,0,0,0.0,0.0,0.0,0.0,0.0,0.0,snapshot,,,,,,,/home/runner/work/Solana-Memecoin-Analysis/Solana-Memecoin-Analysis/data/cache/2026-10-08/000642080775_multi_pools_e780c37a499c.json,2
2026-10-08T00:05:26.425711+00:00,8gd2gHY1QKM5n17A73Sh7v8uYzVvwerSza9MQtLVuBer,solana,Meteora DAMM V2,2Fktics7a34HunNUujDptPfuGEp5Pz1gm3nZ4rCkpump,BEAM,So11111111111111111111111111111111111111112,SOL,2026-10-06T06:27:37Z,0.003706658790053014,1017560.56913035,,0.0349,119.40346411999184,,,0.0,0.0,0.0,0.0,0.0,0.0,0,0,0,0,0,0,0,0,0,0,0,0,0,0,0,0,0,0,0,0,0,0,0,0,0.0,0.0,0.0,0.0,0.0,0.0,snapshot,,,,,,,/home/runner/work/Solana-Memecoin-Analysis/Solana-Memecoin-Analysis/data/cache/2026-10-08/000642080775_multi_pools_e780c37a499c.json,2
2026-10-08T00:05:26.425711+00:00,EDrPhYdckdH5S6a8DqjrbfFPcyPVoUCrNTX8n6HeG1Hb,solana,Pump.fun,GbzH2DBUm22ZkZH3kaF6YcXdyQvyVQpS5NP6JjxMMAu4,Ducky,So11111111111111111111111111111111111111112,SOL,2026-10-06T06:27:35Z,6.072988185994307e-06,12145.976372,,4147.3068,119.40341527994684,100.0,,0.0,0.0,0.0,0.0,0.0,0.0,0,0,0,0,0,0,0,0,0,0,0,0,0,0,0,0,0,0,0,0,0,0,0,0,0.0,0.0,0.0,0.0,0.0,0.0,snapshot,,,,,,,/home/runner/work/Solana-Memecoin-Analysis/Solana-Memecoin-Analysis/data/cache/2026-10-08/000642080775_multi_pools_e780c37a499c.json,2
2026-10-08T00:05:26.425711+00:00,5yJMxf2RHsT5wNoQg5CUq8H52XkBEbjRz4hd1eTss2mm,solana,Pump.fun,EZMZBP8sW845Lajj7xL276SatDLL1b19NQLQoqhVpump,cat,So11111111111111111111111111111111111111112,SOL,2026-10-06T06:38:19Z,3.399599219364535e-06,3399.599219,,2617.2477,119.74604954068677,,,0.0,0.0,0.0,0.0,0.0,0.0,0,0,0,0,0,0,0,0,0,0,0,0,0,0,0,0,0,0,0,0,0,0,0,0,0.0,0.0,0.0,0.0,0.0,0.0,snapshot,,,,,,,/home/runner/work/Solana-Memecoin-Analysis/Solana-Memecoin-Analysis/data/cache/2026-10-08/000642080775_multi_pools_e780c37a499c.json,2
2026-10-08T00:05:26.425711+00:00,HXKuaf2zn95MNfwdNEo8MJZBsViintyaekv6Hp9EbxWg,solana,Meteora DAMM V2,APkoWL5V5AssE5wk8mEizpujrbK871TfnE4DdmMEX28e,BEAM,So11111111111111111111111111111111111111112,SOL,2026-10-06T06:38:09Z,6.391883835853914e-10,0.6391883836,,1.081,120.32231369636662,0.0,,0.0,0.0,0.0,0.0,0.0,0.0,0,0,0,0,0,0,0,0,0,0,0,0,0,0,0,0,0,0,0,0,0,0,0,0,0.0,0.0,0.0,0.0,0.0,0.0,snapshot,,,,,,,/home/runner/work/Solana-Memecoin-Analysis/Solana-Memecoin-Analysis/data/cache/2026-10-08/000642080775_multi_pools_e780c37a499c.json,2
2026-10-08T00:05:26.425711+00:00,4be9sncm374UbYjDJ1rVAwp6g6SJTpfMgKA5751mBXhA,solana,Meteora DAMM V2,Gt3Nfju2dNrhbWSYzFCpAWAYSvAr4iACoYBSp9pyFVyv,BEAM,So11111111111111111111111111111111111111112,SOL,2026-10-06T06:38:05Z,4.1684960608840033e-10,0.4168496061,,0.7439,120.44827821552607,0.0,,0.0,0.0,0.0,0.0,0.0,0.0,0,0,0,0,0,0,0,0,0,0,0,0,0,0,0,0,0,0,0,0,0,0,0,0,0.0,0.0,0.0,0.0,0.0,0.0,snapshot,,,,,,,/home/runner/work/Solana-Memecoin-Analysis/Solana-Memecoin-Analysis/data/cache/2026-10-08/000642080775_multi_pools_e780c37a499c.json,2
2026-10-08T00:05:26.425711+00:00,2DN76ZJ4AiiU43x2U62rcYNVKzPJDzhtCxUp55EmGW2f,solana,PumpSwap,DYhePHuQJFZXkCcwdLxJ82cVyDuRdmuE4GkfjkaUpump,CAESAR,So11111111111111111111111111111111111111112,SOL,2026-10-06T06:47:45Z,4.8124090952740824e-05,37547.8966640204,,5.98213797e-07,119.75067571319182,100.0,,0.0,0.0,0.0,0.0,0.0,0.0,0,0,0,0,0,0,0,0,0,0,0,0,0,0,0,0,0,0,0,0,0,0,0,0,0.0,0.0,0.0,0.0,0.0,0.0,snapshot,,,,,,,/home/runner/work/Solana-Memecoin-Analysis/Solana-Memecoin-Analysis/data/cache/2026-10-08/000642080775_multi_pools_e780c37a499c.json,2
2026-10-08T00:05:26.425711+00:00,CswD5oqwKiQwg9HayFZYWLFmwD4cfM9TdHx26CQ2rAW7,solana,Meteora DAMM V2,DYhePHuQJFZXkCcwdLxJ82cVyDuRdmuE4GkfjkaUpump,CAESAR,So11111111111111111111111111111111111111112,SOL,2026-10-06T06:47:44Z,0.000309249018571233,241285.600717254,,3.49592602222207e-07,120.28827190831801,,,0.0,0.0,0.0,0.0,0.0,0.0,0,0,0,0,0,0,0,0,0,0,0,0,0,0,0,0,0,0,0,0,0,0,0,0,0.0,0.0,0.0,0.0,0.0,0.0,snapshot,,,,,,,/home/runner/work/Solana-Memecoin-Analysis/Solana-Memecoin-Analysis/data/cache/2026-10-08/000642080775_multi_pools_e780c37a499c.json,2
2026-10-08T00:05:26.425711+00:00,9wNvkrbsaX2w5TDChQWN9ipXRR3hQpSWvzFsQ79mtG6N,solana,Pump.fun,nte35BZLkzbj81KqKhjLNM88sbhe9uaGXFHTdbZCRU1,LM,XsCPL9dNWBMvFtTmwcCA5v3xWPSMEBCszbQdiLLq6aN,GOOGLx,2026-10-06T06:47:35Z,3.2630112542011656e-06,3263.011254,,2511.9595,348.4409275139578,,,0.0,0.0,0.0,0.0,0.0,0.0,0,0,0,0,0,0,0,0,0,0,0,0,0,0,0,0,0,0,0,0,0,0,0,0,0.0,0.0,0.0,0.0,0.0,0.0,snapshot,,,,,,,/home/runner/work/Solana-Memecoin-Analysis/Solana-Memecoin-Analysis/data/cache/2026-10-08/000642080775_multi_pools_e780c37a499c.json,2
2026-10-08T00:05:26.425711+00:00,63kFFdfjWzovqNNLKHTd5iwq7VE9TdeDXKVhfDZXEcfU,solana,FluxBeam,CDiQ44UCSi9hq4vGCqFgWtKUjaf6HGtEZjeF5fmEmGkP,SI,So11111111111111111111111111111111111111112,SOL,2026-10-06T06:47:23Z,0.0015003917375261769,1491564.02163721,,1438441.1093,119.785604921831,0.0,,0.0,0.0,0.0,0.0,0.0,0.0,0,0,0,0,0,0,0,0,0,0,0,0,0,0,0,0,0,0,0,0,0,0,0,0,0.0,0.0,0.0,0.0,0.0,0.0,snapshot,,,,,,,/home/runner/work/Solana-Memecoin-Analysis/Solana-Memecoin-Analysis/data/cache/2026-10-08/000642080775_multi_pools_e780c37a499c.json,2
2026-10-08T00:05:26.425711+00:00,GxJMX4bQvGZEY5eSDFDoaYNQCK6heUs8cHDgN6DGCfv,solana,Pump.fun,3gRcfR5U43biaWhytWJFr8cD55ps7zYK969TXLBCpump,kfc,So11111111111111111111111111111111111111112,SOL,2026-10-06T06:47:21Z,5.985999961286952e-07,1197.1999922,,358.2585,119.79575312816405,100.0,,0.0,0.0,0.0,0.0,0.0,0.0,0,0,0,0,0,0,0,0,0,0,0,0,0,0,0,0,0,0,0,0,0,0,0,0,0.0,0.0,0.0,0.0,0.0,0.0,snapshot,,,,,,,/home/runner/work/Solana-Memecoin-Analysis/Solana-Memecoin-Analysis/data/cache/2026-10-08/000642080775_multi_pools_e780c37a499c.json,2
2026-10-08T00:05:26.425711+00:00,7h6ccPn9U7tjp3yByPXAGAJPP4SKsU7cotNefAsYTz9C,solana,Pump.fun,G7wxPLWDTMk85ApBQXCcoBYp3BNaC5skv7PhBcot5bSb,PLOMO,So11111111111111111111111111111111111111112,SOL,2026-10-06T06:47:21Z,3.3542393255506314e-06,3354.239326,,2580.8773,119.81335974893356,,,0.0,0.0,0.0,0.0,0.0,0.0,0,0,0,0,0,0,0,0,0,0,0,0,0,0,0,0,0,0,0,0,0,0,0,0,0.0,0.0,0.0,0.0,0.0,0.0,snapshot,,,,,,,/home/runner/work/Solana-Memecoin-Analysis/Solana-Memecoin-Analysis/data/cache/2026-10-08/000642080775_multi_pools_e780c37a499c.json,2
2026-10-08T00:05:26.425711+00:00,8JbV5gnizfLsEXwydX4shxqy1wHcBYVhGnNvqyRJoB1F,solana,Pump.fun,Aa6LfArtqBzUAJ1fbVb4hEe3UosnrEizjNNJJEC83PhQ,llpi,So11111111111111111111111111111111111111112,SOL,2026-10-06T06:55:36Z,1.9983080342633545e-06,5101.634526,,1563.9532,119.81289956936205,,,0.0,0.0,0.0,0.0,0.0,0.0,0,0,0,0,0,0,0,0,0,0,0,0,0,0,0,0,0,0,0,0,0,0,0,0,0.0,0.0,0.0,0.0,0.0,0.0,snapshot,,,,,,,/home/runner/work/Solana-Memecoin-Analysis/Solana-Memecoin-Analysis/data/cache/2026-10-08/000642080775_multi_pools_e780c37a499c.json,2
2026-10-08T00:05:26.425711+00:00,4QdxoYtiXmaqzNGrXmZUqvFUuSbaPsv3sYUBoLE9WTVw,solana,Pump.fun,4C2rTgcrSJp7ze1nnoJKtqqp4CoKBT3wJLGekBucSLgZ,ANGGUN,So11111111111111111111111111111111111111112,SOL,2026-10-06T06:55:24Z,3.2504254689191014e-06,3250.425469,,2586.7932,115.9578755684456,100.0,,0.0,0.0,0.0,0.0,0.0,3.2771292376,0,0,0,0,0,0,0,0,0,0,0,0,0,0,0,0,0,0,0,0,0,1,0,1,0.0,0.0,0.0,0.0,0.0,0.0,snapshot,,,,,,,/home/runner/work/Solana-Memecoin-Analysis/Solana-Memecoin-Analysis/data/cache/2026-10-08/000642080775_multi_pools_e780c37a499c.json,2
2026-10-08T00:05:26.425711+00:00,5yFDwYEPjcoU1hHSAwrBtkYvFAwQGGeQtq8WEz21SpcA,solana,Pump.fun,AEsMaCgeHg2zoyNjeTxQyKdapoNqekqi6Ue7Kdx1pump,RabiesInu,So11111111111111111111111111111111111111112,SOL,2026-10-06T07:04:14Z,4.880856618100514e-05,47472.0446090283,,0.0,119.67679638400342,,,0.0,0.0,0.0,0.0,0.0,0.0,0,0,0,0,0,0,0,0,0,0,0,0,0,0,0,0,0,0,0,0,0,0,0,0,0.0,0.0,0.0,0.0,0.0,0.0,snapshot,,,,,,,/home/runner/work/Solana-Memecoin-Analysis/Solana-Memecoin-Analysis/data/cache/2026-10-08/000642080775_multi_pools_e780c37a499c.json,2
2026-10-08T00:05:26.425711+00:00,F5XEmy9XdAKWbwyQ9CGsFeyLPzG7Nvaet546tcGH5qcJ,solana,Meteora DBC,CPwwYoUYa6JMfC2N1aLbYoUMFb1zZyREtA1XJ4rYRdy7,SHADOWS,So11111111111111111111111111111111111111112,SOL,2026-10-06T07:04:14Z,3.0086454774020967e-06,3008.645477,,2930.1499,119.78222215337202,,,0.0,0.0,0.0,0.0,0.0,0.0,0,0,0,0,0,0,0,0,0,0,0,0,0,0,0,0,0,0,0,0,0,0,0,0,0.0,0.0,0.0,0.0,0.0,0.0,snapshot,,,,,,,/home/runner/work/Solana-Memecoin-Analysis/Solana-Memecoin-Analysis/data/cache/2026-10-08/000642080775_multi_pools_e780c37a499c.json,2
2026-10-08T00:05:26.425711+00:00,9U3zqkUwRmb6iyG7yoGwQxHV38rp8DtFBVwR7UxcY8rW,solana,Pump.fun,BcNEyYfe3XXXSM8sMwGCgbCpWdkBZ8k4FeVX5h6Ppump,FAOS,So11111111111111111111111111111111111111112,SOL,2026-10-06T07:04:10Z,6.914541534727711e-07,1382.908307,,532.4766,119.78741250581483,,,0.0,0.0,0.0,0.0,0.0,0.0,0,0,0,0,0,0,0,0,0,0,0,0,0,0,0,0,0,0,0,0,0,0,0,0,0.0,0.0,0.0,0.0,0.0,0.0,snapshot,,,,,,,/home/runner/work/Solana-Memecoin-Analysis/Solana-Memecoin-Analysis/data/cache/2026-10-08/000642080775_multi_pools_e780c37a499c.json,2
2026-10-08T00:05:26.425711+00:00,2dxXXxWmqGSvq2MK7aMEUxMwFAFdYpBRPVs4kaWAMQdS,solana,Meteora DAMM V2,2naA7DQkJjLFKQzdympy8aC43ZLyEtA6GksgdWi67drT,FIN,So11111111111111111111111111111111111111112,SOL,2026-10-06T07:13:21Z,1.6566939915856257e-05,17065.2314,,0.0001207040831,119.73430502524624,,,0.0,0.0,0.0,0.0,0.0,0.0,0,0,0,0,0,0,0,0,0,0,0,0,0,0,0,0,0,0,0,0,0,0,0,0,0.0,0.0,0.0,0.0,0.0,0.0,snapshot,,,,,,,/home/runner/work/Solana-Memecoin-Analysis/Solana-Memecoin-Analysis/data/cache/2026-10-08/000642080775_multi_pools_e780c37a499c.json,2
2026-10-08T00:05:26.425711+00:00,FFpcorhktSwt1idKU39TtNtwVtvqk5VH9yRsFwLQg6EF,solana,Bags.fm,CEtDmPJJaZDsU4bF8bVUQMhn7aWFgntRD26xkEAQBAGS,WWW,So11111111111111111111111111111111111111112,SOL,2026-10-06T07:13:12Z,3.414020584401745e-06,3414.020584,,3374.3667,117.70077423463786,100.0,,0.0,0.0,0.0,0.0,0.0,685.1945302915,0,0,0,0,0,0,0,0,0,0,0,0,0,0,0,0,0,0,0,0,1,3,1,2,0.0,0.0,0.0,0.0,0.0,-7.489,snapshot,,,,,,,/home/runner/work/Solana-Memecoin-Analysis/Solana-Memecoin-Analysis/data/cache/2026-10-08/000642080775_multi_pools_e780c37a499c.json,2
2026-10-08T00:05:26.425711+00:00,8xHzGeEAkHnXiBMPd5Md9W1Hm9izsj1KUdpFg6SrZYJH,solana,Pump.fun,Em29oboWDEiW5ExgZTj4Cjj4L8XXZWzhAt3upYGEpump,MIND,So11111111111111111111111111111111111111112,SOL,2026-10-06T07:13:11Z,2.904546530537178e-05,58090.93062,,20924.6839,119.9432725142641,100.0,,0.0,0.0,0.0,0.0,0.0,0.0,0,0,0,0,0,0,0,0,0,0,0,0,0,0,0,0,0,0,0,0,0,0,0,0,0.0,0.0,0.0,0.0,0.0,0.0,snapshot,,,,,,,/home/runner/work/Solana-Memecoin-Analysis/Solana-Memecoin-Analysis/data/cache/2026-10-08/000642080775_multi_pools_e780c37a499c.json,2
2026-10-08T00:05:26.425711+00:00,Drs5TqbFDtNh3WUkmNCPCjadfK3hjMJDe4yewW69rhWt,solana,PumpSwap,B2wFTnXEJGKV1g5WKK1ej6FduEyTXKhYqZ7YkWyFpump,UP,So11111111111111111111111111111111111111112,SOL,2026-10-06T07:13:08Z,6.379343462284076e-05,63793.43462,,6.364788686e-07,119.76240453885964,,,0.0,0.0,0.0,0.0,0.0,0.0,0,0,0,0,0,0,0,0,0,0,0,0,0,0,0,0,0,0,0,0,0,0,0,0,0.0,0.0,0.0,0.0,0.0,0.0,snapshot,,,,,,,/home/runner/work/Solana-Memecoin-Analysis/Solana-Memecoin-Analysis/data/cache/2026-10-08/000642080775_multi_pools_e780c37a499c.json,2
2026-10-08T00:05:26.425711+00:00,vp2Gf1Cqox6Fj8pHSVxVzGGEAms6T6TZWa8S4Ety7Bg,solana,Meteora DAMM V2,B2wFTnXEJGKV1g5WKK1ej6FduEyTXKhYqZ7YkWyFpump,UP,So11111111111111111111111111111111111111112,SOL,2026-10-06T07:13:07Z,0.0002727751730981496,272775.1731,,0.00490119299812688,120.36381539219336,,,0.0,0.0,0.0,0.0,0.0,0.0,0,0,0,0,0,0,0,0,0,0,0,0,0,0,0,0,0,0,0,0,0,0,0,0,0.0,0.0,0.0,0.0,0.0,0.0,snapshot,,,,,,,/home/runner/work/Solana-Memecoin-Analysis/Solana-Memecoin-Analysis/data/cache/2026-10-08/000642080775_multi_pools_e780c37a499c.json,2
2026-10-08T00:05:26.425711+00:00,C6CHp4tsSyxwheWxAQsZCjeBZAp3nHdzRCR6tcfUaxex,solana,Meteora DBC,DddMR88GWMhhQWjLCEhNHuFa2CRyfGYeAkkWNUbc5z2c,CAESAR,So11111111111111111111111111111111111111112,SOL,2026-10-06T07:22:02Z,5.2029351681059465e-12,0.005202935168,,0.0,119.66749170117734,,,0.0,0.0,0.0,0.0,0.0,0.0,0,0,0,0,0,0,0,0,0,0,0,0,0,0,0,0,0,0,0,0,0,0,0,0,0.0,0.0,0.0,0.0,0.0,0.0,snapshot,,,,,,,/home/runner/work/Solana-Memecoin-Analysis/Solana-Memecoin-Analysis/data/cache/2026-10-08/000642080775_multi_pools_e780c37a499c.json,2
2026-10-08T00:05:26.425711+00:00,5Q5LbtmTUKiSqLBsvSxfEEW6CzkzsQ2YxT6g2CgzJ8EW,solana,Pump.fun,948GDZmh8dtJ7HfrLeweydkCdS25BUxYmg5XsUdfvQzT,TVL,So11111111111111111111111111111111111111112,SOL,2026-10-06T07:21:50Z,3.4113284932970623e-06,3411.328493,,2593.8373,121.24364289160478,,,0.0,0.0,0.0,0.0,0.0,0.0,0,0,0,0,0,0,0,0,0,0,0,0,0,0,0,0,0,0,0,0,0,0,0,0,0.0,0.0,0.0,0.0,0.0,0.0,snapshot,,,,,,,/home/runner/work/Solana-Memecoin-Analysis/Solana-Memecoin-Analysis/data/cache/2026-10-08/000642080775_multi_pools_e780c37a499c.json,2
2026-10-08T00:05:26.425711+00:00,HRrRwFg5cKZGch3V7aLHDdzsG7qu3D5W6ZsjwhteUrbH,solana,Pump.fun,XnecbFnTeqdgWZ3RS9N6ekHfPaK8HxUBQu8Er5fpump,MOTHER,So11111111111111111111111111111111111111112,SOL,2026-10-06T07:31:24Z,3.414655940212653e-06,3414.65594,,2628.0695,119.78074980097972,100.0,,0.0,0.0,0.0,0.0,0.0,0.0,0,0,0,0,0,0,0,0,0,0,0,0,0,0,0,0,0,0,0,0,0,0,0,0,0.0,0.0,0.0,0.0,0.0,0.0,snapshot,,,,,,,/home/runner/work/Solana-Memecoin-Analysis/Solana-Memecoin-Analysis/data/cache/2026-10-08/000642080775_multi_pools_e780c37a499c.json,2
2026-10-08T00:05:26.425711+00:00,Cc4muXx4bHNSza41exeFdQtFob8Wbixd9S6iYbeFyUpf,solana,Pump.fun,AF2gHCwFQ7ebVggzGY2oQuN4QyJ2Qk3qTdQjfruYpump,$FISH,So11111111111111111111111111111111111111112,SOL,2026-10-06T07:31:04Z,1.4150422416441615e-07,283.0084484,,102.1503,120.27210842603395,100.0,,0.0,0.0,0.0,0.0,0.0,0.0,0,0,0,0,0,0,0,0,0,0,0,0,0,0,0,0,0,0,0,0,0,0,0,0,0.0,0.0,0.0,0.0,0.0,0.0,snapshot,,,,,,,/home/runner/work/Solana-Memecoin-Analysis/Solana-Memecoin-Analysis/data/cache/2026-10-08/000642080775_multi_pools_e780c37a499c.json,2
2026-10-08T00:05:26.425711+00:00,Ah1zrWHXi6JGTcimN7czuKV6jXbbPHNhe9p32UDNMqqe,solana,Meteora DAMM V2,4uqCmVnAm8PB6fGfWCLbABpGAnaYRCz7ao7cMexyynwV,iPHONE18,So11111111111111111111111111111111111111112,SOL,2026-10-06T07:30:51Z,0.00016726076742146364,167260.7674,,3.55277752977352e-07,120.52614468085025,64.1906779090521,,0.0,0.0,0.0,0.0,0.0,0.0,0,0,0,0,0,0,0,0,0,0,0,0,0,0,0,0,0,0,0,0,0,0,0,0,0.0,0.0,0.0,0.0,0.0,0.0,snapshot,,,,,,,/home/runner/work/Solana-Memecoin-Analysis/Solana-Memecoin-Analysis/data/cache/2026-10-08/000642080775_multi_pools_e780c37a499c.json,2
2026-10-08T00:05:26.425711+00:00,DaXHLoGJUZwxKKLxzdDPWhhk2BXhZHckbsaCTfGfBnk9,solana,Pump.fun,Gb75N1KpsLNDirUUVcU99D7p2WVrERt85Fxkmjw5pump,baspis,So11111111111111111111111111111111111111112,SOL,2026-10-06T07:40:34Z,3.3599562836217035e-06,3359.956284,,2579.2377,120.09336073443744,,,0.0,0.0,0.0,0.0,0.0,0.0,0,0,0,0,0,0,0,0,0,0,0,0,0,0,0,0,0,0,0,0,0,0,0,0,0.0,0.0,0.0,0.0,0.0,0.0,snapshot,,,,,,,/home/runner/work/Solana-Memecoin-Analysis/Solana-Memecoin-Analysis/data/cache/2026-10-08/000657151051_multi_pools_152e9666e3be.json,2
2026-10-08T00:05:26.425711+00:00,Ep9vGr4aZjBF8nGtpAyPmzaCU1Xvy1zHSPFPaWzaafrg,solana,Pump.fun,8R4CLuzPdcdL1r7gZjbGj2pgTSPPLJDjn8N8rQnGpump,baspis,So11111111111111111111111111111111111111112,SOL,2026-10-06T07:40:34Z,3.3599562836217035e-06,3359.956284,,2579.2377,120.09336073443744,,,0.0,0.0,0.0,0.0,0.0,0.0,0,0,0,0,0,0,0,0,0,0,0,0,0,0,0,0,0,0,0,0,0,0,0,0,0.0,0.0,0.0,0.0,0.0,0.0,snapshot,,,,,,,/home/runner/work/Solana-Memecoin-Analysis/Solana-Memecoin-Analysis/data/cache/2026-10-08/000657151051_multi_pools_152e9666e3be.json,2
2026-10-08T00:05:26.425711+00:00,6QipBqFoYjemwdGM16b6mNgCb8pZq3NcE9ndijNeXAHc,solana,Pump.fun,8P8QjUYXLi4HzREGqjEzf74umnr9qvgYgqHbscVcpump,baspis,So11111111111111111111111111111111111111112,SOL,2026-10-06T07:40:33Z,3.3599672708384284e-06,3359.967271,,2579.2377,120.09375344543433,,,0.0,0.0,0.0,0.0,0.0,0.0,0,0,0,0,0,0,0,0,0,0,0,0,0,0,0,0,0,0,0,0,0,0,0,0,0.0,0.0,0.0,0.0,0.0,0.0,snapshot,,,,,,,/home/runner/work/Solana-Memecoin-Analysis/Solana-Memecoin-Analysis/data/cache/2026-10-08/000657151051_multi_pools_152e9666e3be.json,2
2026-10-08T00:05:26.425711+00:00,J2kGNmU9dEzq5AhgD5mMyfBXJ8meeSiLx6ekxTNaB1a6,solana,Pump.fun,CnFi7jcp9kubnyXc4XdLE8vUoW1ELHz7gFkiFqSDpump,pippo,So11111111111111111111111111111111111111112,SOL,2026-10-06T07:40:18Z,3.357073697387037e-06,3356.495773,,2578.0753,120.04453576854462,,,0.0,0.0,0.0,0.0,0.0,0.0,0,0,0,0,0,0,0,0,0,0,0,0,0,0,0,0,0,0,0,0,0,0,0,0,0.0,0.0,0.0,0.0,0.0,0.0,snapshot,,,,,,,/home/runner/work/Solana-Memecoin-Analysis/Solana-Memecoin-Analysis/data/cache/2026-10-08/000657151051_multi_pools_152e9666e3be.json,2
2026-10-08T00:05:26.425711+00:00,kS2qPjq2oiLwRH5FnihV7bFmzy4SFDsjHed5mw4vxR6,solana,Pump.fun,4rBnUqoJXBtbvkYmdfgA3VxAvF88ZyLGdnygAXwbpump,Tax,So11111111111111111111111111111111111111112,SOL,2026-10-06T07:40:16Z,3.3574425112469507e-06,3357.442511,,2579.2377,120.0035121331098,100.0,,0.0,0.0,0.0,0.0,0.0,0.0,0,0,0,0,0,0,0,0,0,0,0,0,0,0,0,0,0,0,0,0,0,0,0,0,0.0,0.0,0.0,0.0,0.0,0.0,snapshot,,,,,,,/home/runner/work/Solana-Memecoin-Analysis/Solana-Memecoin-Analysis/data/cache/2026-10-08/000657151051_multi_pools_152e9666e3be.json,2
2026-10-08T00:05:26.425711+00:00,AfQFKMaL1VLUK1R9fNHhAPUaMsszCDR23w77BNaxy86e,solana,PumpSwap,CFeKrWuTToeh93To5A9vDU7eiwjYgxf4HzFKRYhanCwU,MINEPAD,So11111111111111111111111111111111111111112,SOL,2026-10-06T07:49:23Z,0.12578090437070816,125780904.4,,0.000605956004340837,120.35354837434424,100.0,,0.0,0.0,0.0,0.0,0.0,0.0,0,0,0,0,0,0,0,0,0,0,0,0,0,0,0,0,0,0,0,0,0,0,0,0,0.0,0.0,0.0,0.0,0.0,0.0,snapshot,,,,,,,/home/runner/work/Solana-Memecoin-Analysis/Solana-Memecoin-Analysis/data/cache/2026-10-08/000657151051_multi_pools_152e9666e3be.json,2
2026-10-08T00:05:26.425711+00:00,DFXET1YeC2CMFKp7KE8FSHFpXT2oW33RePNneMD9ejfy,solana,Pump.fun,5F1c6YB8o5gDhXwXZS3KUgGRZsA5pzbiUepoiwUpump,e/dec,So11111111111111111111111111111111111111112,SOL,2026-10-06T07:49:19Z,3.3589120083009636e-06,3358.912008,,2578.4822,120.09154539116471,,,0.0,0.0,0.0,0.0,0.0,0.0,0,0,0,0,0,0,0,0,0,0,0,0,0,0,0,0,0,0,0,0,0,0,0,0,0.0,0.0,0.0,0.0,0.0,0.0,snapshot,,,,,,,/home/runner/work/Solana-Memecoin-Analysis/Solana-Memecoin-Analysis/data/cache/2026-10-08/000657151051_multi_pools_152e9666e3be.json,2
2026-10-08T00:05:26.425711+00:00,2JZCrkeSpW9Le6hBQxtmDJnEhajrfpAnEDyzyxnq4N9f,solana,Manifest,DEW9dSN6QpWyNthphCpMmAbZP1Q4cEKR9xQXAri98WDP,SI,So11111111111111111111111111111111111111112,SOL,2026-10-06T07:49:11Z,0.0313442047153619,31230752.5840529,31231162.3944778,,120.38,,,0.0,0.0,0.0,0.0,0.0,0.0,0,0,0,0,0,0,0,0,0,0,0,0,0,0,0,0,0,0,0,0,0,0,0,0,0.0,0.0,0.0,0.0,0.0,0.0,snapshot,,,,,,,/home/runner/work/Solana-Memecoin-Analysis/Solana-Memecoin-Analysis/data/cache/2026-10-08/000657151051_multi_pools_152e9666e3be.json,2
2026-10-08T00:05:26.425711+00:00,9RLdUwrevcg4pXBUtHWiZhMJfM8SWjK2N8TTuciTPfFC,solana,Pump.fun,AaxYEYTnQ4kGFrsia6j7BnZ3VCTD55y4UaFaif7ipump,FOMOCAT,So11111111111111111111111111111111111111112,SOL,2026-10-06T07:49:01Z,1.4096716951105306e-06,2819.34339,,1084.9695,120.09121450506991,100.0,,0.0,0.0,0.0,0.0,0.0,0.0,0,0,0,0,0,0,0,0,0,0,0,0,0,0,0,0,0,0,0,0,0,0,0,0,0.0,0.0,0.0,0.0,0.0,0.0,snapshot,,,,,,,/home/runner/work/Solana-Memecoin-Analysis/Solana-Memecoin-Analysis/data/cache/2026-10-08/000657151051_multi_pools_152e9666e3be.json,2
2026-10-08T00:05:26.425711+00:00,7m8qgj8ZsiU2WZuhMsiw1PkroxUEtcWCnX3xP5uKZPdY,solana,Pump.fun,5tEfZr8aSX5Cn45J9nrbsGQiW8YDNkPk4f5eynibpump,MIND,So11111111111111111111111111111111111111112,SOL,2026-10-06T07:49:01Z,5.180599459872146e-07,1036.119892,,399.4882,120.04307052048068,,,0.0,0.0,0.0,0.0,0.0,0.0,0,0,0,0,0,0,0,0,0,0,0,0,0,0,0,0,0,0,0,0,0,0,0,0,0.0,0.0,0.0,0.0,0.0,0.0,snapshot,,,,,,,/home/runner/work/Solana-Memecoin-Analysis/Solana-Memecoin-Analysis/data/cache/2026-10-08/000657151051_multi_pools_152e9666e3be.json,2
2026-10-08T00:05:26.425711+00:00,B4KJVvHcYDPRLyMQWgzugKsq8GF4ExNCoP2H8De4P56o,solana,Pump.fun,DULAsrjcCR4sXiJmPZaq5APLuT3yw1CNhhTnNY6Kpump,Tina,So11111111111111111111111111111111111111112,SOL,2026-10-06T07:49:00Z,3.4546237642078993e-06,3375.286716,,2591.0476,120.0916302335014,,,0.0,0.0,0.0,0.0,0.0,0.0,0,0,0,0,0,0,0,0,0,0,0,0,0,0,0,0,0,0,0,0,0,0,0,0,0.0,0.0,0.0,0.0,0.0,0.0,snapshot,,,,,,,/home/runner/work/Solana-Memecoin-Analysis/Solana-Memecoin-Analysis/data/cache/2026-10-08/000657151051_multi_pools_152e9666e3be.json,2
2026-10-08T00:05:26.425711+00:00,6mLvEA4NruSWHLPHGk6RgXLp6o3YMx6b5QDXnTKLAELc,solana,Pump.fun,Db7vvm1euKbiyV8JcJLCYq5g1ibqKTFMAEfVCQKApump,VANTA,So11111111111111111111111111111111111111112,SOL,2026-10-06T07:48:52Z,3.3208855143361933e-06,3320.885514,,2577.6336,118.77114632341525,100.0,,0.0,0.0,0.0,0.0,0.0,0.1757650249,0,0,0,0,0,0,0,0,0,0,0,0,0,0,0,0,0,0,0,0,0,1,0,1,0.0,0.0,0.0,0.0,0.0,0.0,snapshot,,,,,,,/home/runner/work/Solana-Memecoin-Analysis/Solana-Memecoin-Analysis/data/cache/2026-10-08/000657151051_multi_pools_152e9666e3be.json,2
2026-10-08T00:05:26.425711+00:00,J1kKQsv6N5LMsJJ8HZU78cSqBNG4KEXVotYT8bLPgkY3,solana,Pump.fun,DNUcxpwb7Sc7EXQgVZq6jnGk7TsWCEprGQ8mhGcupump,CHAROC,So11111111111111111111111111111111111111112,SOL,2026-10-06T07:48:43Z,4.8588709256045245e-06,8965.64909,,3723.7097,120.09137874861305,,,0.0,0.0,0.0,0.0,0.0,0.0,0,0,0,0,0,0,0,0,0,0,0,0,0,0,0,0,0,0,0,0,0,0,0,0,0.0,0.0,0.0,0.0,0.0,0.0,snapshot,,,,,,,/home/runner/work/Solana-Memecoin-Analysis/Solana-Memecoin-Analysis/data/cache/2026-10-08/000657151051_multi_pools_152e9666e3be.json,2
2026-10-08T00:05:26.425711+00:00,AuZ2tKXNiqt8YWsz7zQHEyGL3YQDWGqtYEkW8wY7Y6AC,solana,Meteora DAMM V2,YfzCqdeJeRQuEZRpZwhyBgdepUSGfkmnhVWDc53sc2v,pippo,So11111111111111111111111111111111111111112,SOL,2026-10-06T07:54:39Z,2.437491417854757e-10,0.2437469054,,0.3952,119.49317363866686,0.0,,0.0,0.0,0.0,0.0,0.0,0.0,0,0,0,0,0,0,0,0,0,0,0,0,0,0,0,0,0,0,0,0,0,0,0,0,0.0,0.0,0.0,0.0,0.0,0.0,snapshot,,,,,,,/home/runner/work/Solana-Memecoin-Analysis/Solana-Memecoin-Analysis/data/cache/2026-10-08/000657151051_multi_pools_152e9666e3be.json,2
2026-10-08T00:05:26.425711+00:00,7d2ScyGw1USUhtbmvefUfrUjzbGt3wJPNsmCy2jRLFSY,solana,Meteora DAMM V2,ApHJTKnBbmVeN4mCZ6pd5yQBZMk8XYNAj7DUwMp6c84m,MINEPAD,So11111111111111111111111111111111111111112,SOL,2026-10-06T07:54:21Z,6.355258200843185e-10,0.6355258201,,1.081,120.50719920125245,0.0,,0.0,0.0,0.0,0.0,0.0,0.0,0,0,0,0,0,0,0,0,0,0,0,0,0,0,0,0,0,0,0,0,0,0,0,0,0.0,0.0,0.0,0.0,0.0,0.0,snapshot,,,,,,,/home/runner/work/Solana-Memecoin-Analysis/Solana-Memecoin-Analysis/data/cache/2026-10-08/000657151051_multi_pools_152e9666e3be.json,2
2026-10-08T00:05:26.425711+00:00,Pt7Kuszs11GeKY5fkaCNBanVdayFhtio4EebsRj7wU6,solana,Pump.fun,HVT8eqXkbtc5mDwkwZjp2Srs3hAsM545bwkZ22yNpump,GNB,So11111111111111111111111111111111111111112,SOL,2026-10-06T07:54:18Z,1.0545318440300524e-06,2109.063688,,811.9137,120.16777762670402,100.0,,0.0,0.0,0.0,0.0,0.0,0.0,0,0,0,0,0,0,0,0,0,0,0,0,0,0,0,0,0,0,0,0,0,0,0,0,0.0,0.0,0.0,0.0,0.0,0.0,snapshot,,,,,,,/home/runner/work/Solana-Memecoin-Analysis/Solana-Memecoin-Analysis/data/cache/2026-10-08/000657151051_multi_pools_152e9666e3be.json,2
2026-10-08T00:05:26.425711+00:00,8vY2z1bYarKgGyvscSsKopUrQMoZfsWm5c42zQbeKhgG,solana,Pump.fun,HHT8FdhkF9JSNJqt6kHxWwp3MNUMd1xJ7JWziyykpump,$SLJK,So11111111111111111111111111111111111111112,SOL,2026-10-06T07:57:03Z,3.3779493426962106e-06,6755.898686,,2592.6861,120.11019179865393,,,0.0,0.0,0.0,0.0,0.0,0.0,0,0,0,0,0,0,0,0,0,0,0,0,0,0,0,0,0,0,0,0,0,0,0,0,0.0,0.0,0.0,0.0,0.0,0.0,snapshot,,,,,,,/home/runner/work/Solana-Memecoin-Analysis/Solana-Memecoin-Analysis/data/cache/2026-10-08/000657151051_multi_pools_152e9666e3be.json,2
2026-10-08T00:05:26.425711+00:00,ExmHFhnfJaqtEwGfeMzUH1ouwKURwJjaoFBr8w8Zt9Hh,solana,Meteora DAMM V2,5zz7qtgFw8rMDfTPge98GvrrDS1YcdSoWDEMBzxV7hQR,GTA 6 Coin,So11111111111111111111111111111111111111112,SOL,2026-10-06T07:56:56Z,0.00018296731026478893,182967.3103,,4.72334231662888e-07,120.60716447225668,64.1906779090521,,0.0,0.0,0.0,0.0,0.0,0.0,0,0,0,0,0,0,0,0,0,0,0,0,0,0,0,0,0,0,0,0,0,0,0,0,0.0,0.0,0.0,0.0,0.0,0.0,snapshot,,,,,,,/home/runner/work/Solana-Memecoin-Analysis/Solana-Memecoin-Analysis/data/cache/2026-10-08/000657151051_multi_pools_152e9666e3be.json,2
2026-10-08T00:05:26.425711+00:00,47cKDFax2pifrcJdXu3frxLDiT9TscPQDJ5jpLNDNuaC,solana,Meteora DBC,6kHL6ierFnLN5NxQBGMgHZ61LK1zJSSVtfVX4ZHpvTzF,MINEPAD,So11111111111111111111111111111111111111112,SOL,2026-10-06T07:56:48Z,4.702131960047926e-05,47021.3196,,0.0,120.10639146857005,,,0.0,0.0,0.0,0.0,0.0,0.0,0,0,0,0,0,0,0,0,0,0,0,0,0,0,0,0,0,0,0,0,0,0,0,0,0.0,0.0,0.0,0.0,0.0,0.0,snapshot,,,,,,,/home/runner/work/Solana-Memecoin-Analysis/Solana-Memecoin-Analysis/data/cache/2026-10-08/000657151051_multi_pools_152e9666e3be.json,2
2026-10-08T00:05:26.425711+00:00,BpR3TcLDQLHpExEB99tR9y1PWoSgrHQnMf8YuFCevUgr,solana,PumpSwap,7fMvhTxFz6pvzHyLU27Wa8YDH3LjEZfpb6jNZuoVtEb,CAESAR,So11111111111111111111111111111111111111112,SOL,2026-10-06T08:06:05Z,0.9086760752367437,908676075.2,,0.0024153492590542,120.37315437101265,100.0,,0.0,0.0,0.0,0.0,0.0,0.0,0,0,0,0,0,0,0,0,0,0,0,0,0,0,0,0,0,0,0,0,0,0,0,0,0.0,0.0,0.0,0.0,0.0,0.0,snapshot,,,,,,,/home/runner/work/Solana-Memecoin-Analysis/Solana-Memecoin-Analysis/data/cache/2026-10-08/000657151051_multi_pools_152e9666e3be.json,2
2026-10-08T00:05:26.425711+00:00,DaE7YxMZHNBNXdfi9YjAD1ruPmZkcYJ2j1igp8RvZzqc,solana,Raydium Launchlab,7R9crrsJjGeNuLqzQGgeY3kfXHiG5Fp7WkNTU6fuYsgM,AION2,XspzcW1PRtgf6Wj92HCiZdjzKCyFekVD8P5Ueh3dRMX,MSFTx,2026-10-06T08:06:03Z,3.3737606559465105e-06,3373.760656,,3269.1239,533.6493559194975,100.0,,0.0,0.0,0.0,0.0,0.0,0.0,0,0,0,0,0,0,0,0,0,0,0,0,0,0,0,0,0,0,0,0,0,0,0,0,0.0,0.0,0.0,0.0,0.0,0.0,snapshot,,,,,,,/home/runner/work/Solana-Memecoin-Analysis/Solana-Memecoin-Analysis/data/cache/2026-10-08/000657151051_multi_pools_152e9666e3be.json,2
2026-10-08T00:05:26.425711+00:00,9sbLTEPGJHzVVDEeshHdcDm4mk7hpS4EiSEEq6vychie,solana,Pump.fun,8kHxiqaoEmNWtn2RfYGWhSTTeSxGM1b3RzQdhP2tpump,DOOROC,So11111111111111111111111111111111111111112,SOL,2026-10-06T08:05:54Z,8.621150888052825e-06,17242.301776,,6168.6097,120.22577637737409,100.0,,0.0,0.0,0.0,0.0,0.0,0.0,0,0,0,0,0,0,0,0,0,0,0,0,0,0,0,0,0,0,0,0,0,0,0,0,0.0,0.0,0.0,0.0,0.0,0.0,snapshot,,,,,,,/home/runner/work/Solana-Memecoin-Analysis/Solana-Memecoin-Analysis/data/cache/2026-10-08/000657151051_multi_pools_152e9666e3be.json,2
2026-10-08T00:05:26.425711+00:00,Hy9djkHitmDKbKBmvQBAcuu8RaYjXB9krXbt6UsQy5D7,solana,PumpSwap,CBxHrGR1E2wsG2cVWbLjf1Lxhv7hE69vvpQMXoLLRtLE,WCD,So11111111111111111111111111111111111111112,SOL,2026-10-06T08:05:51Z,0.6161590618333902,616159061.8,,0.00241729802694255,120.50719443557882,100.0,,0.0,0.0,0.0,0.0,0.0,0.0,0,0,0,0,0,0,0,0,0,0,0,0,0,0,0,0,0,0,0,0,0,0,0,0,0.0,0.0,0.0,0.0,0.0,0.0,snapshot,,,,,,,/home/runner/work/Solana-Memecoin-Analysis/Solana-Memecoin-Analysis/data/cache/2026-10-08/000657151051_multi_pools_152e9666e3be.json,2
2026-10-08T00:05:26.425711+00:00,BMCKF1G3GfNV9MhqCDHbbYnYDX8QNyxRGfUt1Zcfb89G,solana,Pump.fun,FCoeqFUYXaqz49qQB63865NsaECPfY9hZsrFdSLUpump,USOR,So11111111111111111111111111111111111111112,SOL,2026-10-06T08:05:49Z,3.3782538234362578e-06,6756.507646,,2581.7481,120.63031001090583,100.0,,0.0,0.0,0.0,0.0,0.0,0.0,0,0,0,0,0,0,0,0,0,0,0,0,0,0,0,0,0,0,0,0,0,0,0,0,0.0,0.0,0.0,0.0,0.0,0.0,snapshot,,,,,,,/home/runner/work/Solana-Memecoin-Analysis/Solana-Memecoin-Analysis/data/cache/2026-10-08/000657151051_multi_pools_152e9666e3be.json,2
2026-10-08T00:05:26.425711+00:00,5mj9YTnuh51gr1YUDdKJsh84BuL6dZg2Lnv5DjoTRKYK,solana,Meteora DBC,5bj5V1FVtm5ECFQb3UrEHtkGRRPwDG8VgcWDsnLBtmF,APU,So11111111111111111111111111111111111111112,SOL,2026-10-06T08:05:46Z,5.9814040215752536e-12,0.005981404022,,0.0,120.2262028327785,,,0.0,0.0,0.0,0.0,0.0,0.0,0,0,0,0,0,0,0,0,0,0,0,0,0,0,0,0,0,0,0,0,0,0,0,0,0.0,0.0,0.0,0.0,0.0,0.0,snapshot,,,,,,,/home/runner/work/Solana-Memecoin-Analysis/Solana-Memecoin-Analysis/data/cache/2026-10-08/000657151051_multi_pools_152e9666e3be.json,2
2026-10-08T00:05:26.425711+00:00,FyTQaYffA2LikHpdc9pQfQfgCfBrb2TmAKpgibdkwE5u,solana,Pump.fun,W5EUstbGCTU9JKvL4eVE4j3Qgb6khQrBThWLkwQpump,FOUR,So11111111111111111111111111111111111111112,SOL,2026-10-06T08:25:03Z,3.435867905654676e-06,3435.867906,,2630.4287,120.4171014925412,100.0,,0.0,0.0,0.0,0.0,0.0,0.0,0,0,0,0,0,0,0,0,0,0,0,0,0,0,0,0,0,0,0,0,0,0,0,0,0.0,0.0,0.0,0.0,0.0,0.0,snapshot,,,,,,,/home/runner/work/Solana-Memecoin-Analysis/Solana-Memecoin-Analysis/data/cache/2026-10-08/000657151051_multi_pools_152e9666e3be.json,2
2026-10-08T00:05:26.425711+00:00,4DcvsfPYoojTWCWwpXYT6YUFgZLGscUygaRMRyG2uFmE,solana,Meteora DBC,DNgZquhmNKDpMFRRuSruBq1GaftUB8YycmmwcsQusKsn,ushi,So11111111111111111111111111111111111111112,SOL,2026-10-06T08:25:02Z,4.798357325262718e-05,47983.57325,,0.0,120.47534298468968,,,0.0,0.0,0.0,0.0,0.0,0.0,0,0,0,0,0,0,0,0,0,0,0,0,0,0,0,0,0,0,0,0,0,0,0,0,0.0,0.0,0.0,0.0,0.0,0.0,snapshot,,,,,,,/home/runner/work/Solana-Memecoin-Analysis/Solana-Memecoin-Analysis/data/cache/2026-10-08/000657151051_multi_pools_152e9666e3be.json,2
2026-10-08T00:05:26.425711+00:00,966JMXRvfabmigFZEit1nA9cXVvJeu1Bhx8QWH3U2GbL,solana,Pump.fun,iW6LdiKGVVSnbVNRFXDgtXGkud1wZuEarnnSyLjpump,ULTRA,So11111111111111111111111111111111111111112,SOL,2026-10-06T08:25:01Z,3.2101044261028735e-07,642.0208852,,259.8742,120.44096694279351,,,0.0,0.0,0.0,0.0,0.0,0.0,0,0,0,0,0,0,0,0,0,0,0,0,0,0,0,0,0,0,0,0,0,0,0,0,0.0,0.0,0.0,0.0,0.0,0.0,snapshot,,,,,,,/home/runner/work/Solana-Memecoin-Analysis/Solana-Memecoin-Analysis/data/cache/2026-10-08/000657151051_multi_pools_152e9666e3be.json,2
2026-10-08T00:05:26.425711+00:00,2mY1U8cwSdjtjBU2A6TAgsavywLi6VxhZEpuxGMZr7cF,solana,Pump.fun,EQFMwz4eBqCnA9K1Tc5okVf63kbGmtKN4xoZ8JWHpump,GitHB,So11111111111111111111111111111111111111112,SOL,2026-10-06T08:24:53Z,6.150099348964602e-07,1230.0198698,,463.4658,120.44104041575241,,,0.0,0.0,0.0,0.0,0.0,0.0,0,0,0,0,0,0,0,0,0,0,0,0,0,0,0,0,0,0,0,0,0,0,0,0,0.0,0.0,0.0,0.0,0.0,0.0,snapshot,,,,,,,/home/runner/work/Solana-Memecoin-Analysis/Solana-Memecoin-Analysis/data/cache/2026-10-08/000657151051_multi_pools_152e9666e3be.json,2
2026-10-08T00:05:26.425711+00:00,B9Qgh3DWLyNd9ath4GBgFo6V4eMNKgCBJa6JZVLcpSaE,solana,PumpSwap,9PVRDUmwsdRKE1g8qbHuC2sEVVXgHTbYWcB1BafNubPA,Haaland,So11111111111111111111111111111111111111112,SOL,2026-10-06T08:24:48Z,2.163846442933942e-06,2154.3294899787,,2087.7116,120.28622000829924,100.0,,0.0,0.0,0.0,0.0,0.0,0.0,0,0,0,0,0,0,0,0,0,0,0,0,0,0,0,0,0,0,0,0,0,0,0,0,0.0,0.0,0.0,0.0,0.0,0.0,snapshot,,,,,,,/home/runner/work/Solana-Memecoin-Analysis/Solana-Memecoin-Analysis/data/cache/2026-10-08/000657151051_multi_pools_152e9666e3be.json,2
2026-10-08T00:05:26.425711+00:00,FdTrbGrhttfPmDcpyz98yuvgagc2QrTniU8SgVD4mBmH,solana,Pump.fun,2wNfVFptdxVYotVjne7RXZsyhmWWgn6McQLJaKzupump,MAMA,EPjFWdd5AufqSSqeM2qN1xzybapC8G4wEGGkZwyTDt1v,USDC,2026-10-06T08:24:47Z,3.380923560588396e-07,676.1847122,,356.1777,0.9994988348630304,100.0,,0.0,0.0,0.0,0.0,0.0,0.0,0,0,0,0,0,0,0,0,0,0,0,0,0,0,0,0,0,0,0,0,0,0,0,0,0.0,0.0,0.0,0.0,0.0,0.0,snapshot,,,,,,,/home/runner/work/Solana-Memecoin-Analysis/Solana-Memecoin-Analysis/data/cache/2026-10-08/000705210514_multi_pools_0e81d68e8fae.json,2
2026-10-08T00:05:26.425711+00:00,Ak7KHURxdaAd8vx7Fis7hML24fmmcfHxsYtDVh9YX9CV,solana,Pump.fun,FWCcJEiMrtsoC7XzBHfneSruNhYJ7Ayg8vGct5LVpump,rambo,So11111111111111111111111111111111111111112,SOL,2026-10-06T08:24:41Z,3.368487763515135e-06,3368.487764,,2578.3307,120.44096694279351,100.0,,0.0,0.0,0.0,0.0,0.0,0.0,0,0,0,0,0,0,0,0,0,0,0,0,0,0,0,0,0,0,0,0,0,0,0,0,0.0,0.0,0.0,0.0,0.0,0.0,snapshot,,,,,,,/home/runner/work/Solana-Memecoin-Analysis/Solana-Memecoin-Analysis/data/cache/2026-10-08/000705210514_multi_pools_0e81d68e8fae.json,2
2026-10-08T00:05:26.425711+00:00,775WBkVv1sx5UgJfCghd3y3Bur2wj2W3ThExW5D5rCpC,solana,Pump.fun,F5wRd3dqT59sEg8WXQomjF3tGSfLAek6uCJZX6ETpump,kujira,So11111111111111111111111111111111111111112,SOL,2026-10-06T08:34:01Z,3.4462556444546826e-06,3446.255644,,2634.8342,120.57843764336799,100.0,,0.0,0.0,0.0,0.0,0.0,0.0,0,0,0,0,0,0,0,0,0,0,0,0,0,0,0,0,0,0,0,0,0,0,0,0,0.0,0.0,0.0,0.0,0.0,0.0,snapshot,,,,,,,/home/runner/work/Solana-Memecoin-Analysis/Solana-Memecoin-Analysis/data/cache/2026-10-08/000705210514_multi_pools_0e81d68e8fae.json,2
2026-10-08T00:05:26.425711+00:00,CJZQbAbXru7MzVeYBJSTKGgKR8NkSdMKbwJAiNHVHs9p,solana,Pump.fun,7FmAzkGC8rz53BLz7k5PouKGdpMKyxkSWtNc9Xsfpump,INUX,So11111111111111111111111111111111111111112,SOL,2026-10-06T08:33:58Z,4.271884259934859e-06,8543.76852,,2982.6195,120.51810440264964,100.0,,0.0,0.0,0.0,0.0,0.0,0.0,0,0,0,0,0,0,0,0,0,0,0,0,0,0,0,0,0,0,0,0,0,0,0,0,0.0,0.0,0.0,0.0,0.0,0.0,snapshot,,,,,,,/home/runner/work/Solana-Memecoin-Analysis/Solana-Memecoin-Analysis/data/cache/2026-10-08/000705210514_multi_pools_0e81d68e8fae.json,2
2026-10-08T00:05:26.425711+00:00,5uk8CmdhqExgQ14DpcS5mmKyvnSNxxbhdh3CsNVJN362,solana,PumpSwap,DPAGUiWrJUVXhA1tu4AnR8tPGL6d11WtbWXsMycWUmeu,phubber,So11111111111111111111111111111111111111112,SOL,2026-10-06T08:33:57Z,0.06283877267489126,62838772.67,,0.000603568162603417,120.36354562727554,,,0.0,0.0,0.0,0.0,0.0,0.0,0,0,0,0,0,0,0,0,0,0,0,0,0,0,0,0,0,0,0,0,0,0,0,0,0.0,0.0,0.0,0.0,0.0,0.0,snapshot,,,,,,,/home/runner/work/Solana-Memecoin-Analysis/Solana-Memecoin-Analysis/data/cache/2026-10-08/000705210514_multi_pools_0e81d68e8fae.json,2
2026-10-08T00:05:26.425711+00:00,Ax2AaGj2tHHAiBth4Mg4JxL8rUG3EqvV9a5WLsg4x462,solana,Pump.fun,HdDJDRr97PgFmdrNJ8s5zTR9uywn3pLwBc8gbESdpump,Apple,So11111111111111111111111111111111111111112,SOL,2026-10-06T08:33:45Z,1.2915209127613978e-05,12859.3400482022,,0.0,120.4989011603634,,,0.0,0.0,0.0,0.0,0.0,0.0,0,0,0,0,0,0,0,0,0,0,0,0,0,0,0,0,0,0,0,0,0,0,0,0,0.0,0.0,0.0,0.0,0.0,0.0,snapshot,,,,,,,/home/runner/work/Solana-Memecoin-Analysis/Solana-Memecoin-Analysis/data/cache/2026-10-08/000705210514_multi_pools_0e81d68e8fae.json,2
2026-10-08T00:05:26.425711+00:00,8iFUAGpHhuJkPvfNfmUms7Wi8ZXfGcLwHPBt1Q8KSH75,solana,Pump.fun,CDuNvbG57MTMaP2Zqx9sbWbxykQm1WQgBV2rWVc6pump,AION,So11111111111111111111111111111111111111112,SOL,2026-10-06T08:33:42Z,3.4818062297481163e-06,3481.80623,,2662.5454,120.55499245755861,,,0.0,0.0,0.0,0.0,0.0,0.0,0,0,0,0,0,0,0,0,0,0,0,0,0,0,0,0,0,0,0,0,0,0,0,0,0.0,0.0,0.0,0.0,0.0,0.0,snapshot,,,,,,,/home/runner/work/Solana-Memecoin-Analysis/Solana-Memecoin-Analysis/data/cache/2026-10-08/000705210514_multi_pools_0e81d68e8fae.json,2
2026-10-08T00:05:26.425711+00:00,pzPhAFn6gPgyJCAF3PSBY4cUaBD4NpCdHr3QyPxzRff,solana,PumpSwap,BQUj5j16AQ7NKAisXKsYpQb2GaphdkHWYDomfZGupump,BQUj5j16AQ7NKAisXKsYpQb2GaphdkHWYDomfZGupump,So11111111111111111111111111111111111111112,SOL,2026-10-06T08:33:37Z,2.1553079078058514e-06,2144.2953903214,,2099.4052,119.15309858740697,100.0,,0.0,0.0,0.0,0.0,0.0,0.0,0,0,0,0,0,0,0,0,0,0,0,0,0,0,0,0,0,0,0,0,0,0,0,0,0.0,0.0,0.0,0.0,0.0,0.0,snapshot,,,,,,,/home/runner/work/Solana-Memecoin-Analysis/Solana-Memecoin-Analysis/data/cache/2026-10-08/000705210514_multi_pools_0e81d68e8fae.json,2
2026-10-08T00:05:26.425711+00:00,FoUZbdEvtmFMfNCr5gy3a27S4nD9JUY7Zoq9fBTGt3mj,solana,Pump.fun,E5H7VULU2w5LAj1E1mSKfHPFY3JV5DV98DMAuqP2pump,MONKS,So11111111111111111111111111111111111111112,SOL,2026-10-06T08:43:40Z,2.2262673737728742e-06,4452.534748,,1703.7064,120.57867052089979,,,0.0,0.0,0.0,0.0,0.0,0.0,0,0,0,0,0,0,0,0,0,0,0,0,0,0,0,0,0,0,0,0,0,0,0,0,0.0,0.0,0.0,0.0,0.0,0.0,snapshot,,,,,,,/home/runner/work/Solana-Memecoin-Analysis/Solana-Memecoin-Analysis/data/cache/2026-10-08/000705210514_multi_pools_0e81d68e8fae.json,2
2026-10-08T00:05:26.425711+00:00,DwR3XtccpV4y5qxR4SbptkQNXkmqCQWXfsKQw4brMKfQ,solana,Pump.fun,J7P6VjKJGedWw6PGTsnQ3GZ3cB6DoG5U46n49quMKBdE,KITTYNINGA,So11111111111111111111111111111111111111112,SOL,2026-10-06T08:43:38Z,3.3687085767424276e-06,3368.708577,,2577.889,120.46969562292075,100.0,,0.0,0.0,0.0,0.0,0.0,0.0,0,0,0,0,0,0,0,0,0,0,0,0,0,0,0,0,0,0,0,0,0,0,0,0,0.0,0.0,0.0,0.0,0.0,0.0,snapshot,,,,,,,/home/runner/work/Solana-Memecoin-Analysis/Solana-Memecoin-Analysis/data/cache/2026-10-08/000705210514_multi_pools_0e81d68e8fae.json,2
2026-10-08T00:05:26.425711+00:00,5rFJLmnoE7Fmdh6YcnSwBQ89wFm37Qwh5phY6P3btE7Q,solana,Pump.fun,7V47QGwt76R9qsJCcdBMgJeq9wN21LJQkqVJXGNepump,nigā,So11111111111111111111111111111111111111112,SOL,2026-10-06T08:43:27Z,3.379220146144195e-06,3379.220146,,2585.212,120.50287991313635,100.0,,0.0,0.0,0.0,0.0,0.0,0.0,0,0,0,0,0,0,0,0,0,0,0,0,0,0,0,0,0,0,0,0,0,0,0,0,0.0,0.0,0.0,0.0,0.0,0.0,snapshot,,,,,,,/home/runner/work/Solana-Memecoin-Analysis/Solana-Memecoin-Analysis/data/cache/2026-10-08/000705210514_multi_pools_0e81d68e8fae.json,2
2026-10-08T00:05:26.425711+00:00,759eKK4D54Wp3r2NaVR2PTTQwmyHNA2VEjs6PeYJVM69,solana,Pump.fun,EVGCh6EjrMuNzT6gGh3VuKBur72YFXY7R3p5QcJJpump,CHOLE,So11111111111111111111111111111111111111112,SOL,2026-10-06T08:43:24Z,3.4098731166789673e-06,3409.873117,,2607.2043,120.5705053714623,100.0,,0.0,0.0,0.0,0.0,0.0,0.0,0,0,0,0,0,0,0,0,0,0,0,0,0,0,0,0,0,0,0,0,0,0,0,0,0.0,0.0,0.0,0.0,0.0,0.0,snapshot,,,,,,,/home/runner/work/Solana-Memecoin-Analysis/Solana-Memecoin-Analysis/data/cache/2026-10-08/000705210514_multi_pools_0e81d68e8fae.json,2
2026-10-08T00:05:26.425711+00:00,G1hj7J5vHu2guMatEwBKHGjXRBkBsxCTY5L4n7xwa5HX,solana,Meteora DAMM V2,BNdeRPvt3co3spwgZnC9NjwRjiWALLRGePFkSfFryL3E,WINNER,So11111111111111111111111111111111111111112,SOL,2026-10-06T08:43:20Z,4.103067058200026e-10,0.4103067058,,0.7323,120.36854989285219,0.0,,0.0,0.0,0.0,0.0,0.0,0.0,0,0,0,0,0,0,0,0,0,0,0,0,0,0,0,0,0,0,0,0,0,0,0,0,0.0,0.0,0.0,0.0,0.0,0.0,snapshot,,,,,,,/home/runner/work/Solana-Memecoin-Analysis/Solana-Memecoin-Analysis/data/cache/2026-10-08/000705210514_multi_pools_0e81d68e8fae.json,2
2026-10-08T00:05:26.425711+00:00,CWgxrod4FKXF9tZKVSvYBMAyT3QqUa9tLVWozdteWyBd,solana,Pump.fun,4XESLKgcRRB1n9FEcF2LWoQzdVcHd7zGKb1XKANVpump,R22,So11111111111111111111111111111111111111112,SOL,2026-10-06T08:43:19Z,8.594326075092611e-07,1718.865215,,658.3976,120.5782684976211,,,0.0,0.0,0.0,0.0,0.0,0.0,0,0,0,0,0,0,0,0,0,0,0,0,0,0,0,0,0,0,0,0,0,0,0,0,0.0,0.0,0.0,0.0,0.0,0.0,snapshot,,,,,,,/home/runner/work/Solana-Memecoin-Analysis/Solana-Memecoin-Analysis/data/cache/2026-10-08/000705210514_multi_pools_0e81d68e8fae.json,2
2026-10-08T00:05:26.425711+00:00,HnbGGE6iWEEyB5yYvtdZwihX7NHppT7tnLGmkNMmXHcF,solana,Pump.fun,7fujH8tTneis5Us9rfgmM1edangJuJJWTUZLtBWapump,PUMP,So11111111111111111111111111111111111111112,SOL,2026-10-06T08:43:17Z,5.33345400548183e-06,10666.90801,,3660.8938,120.57834718680178,100.0,,0.0,0.0,0.0,0.0,0.0,0.0,0,0,0,0,0,0,0,0,0,0,0,0,0,0,0,0,0,0,0,0,0,0,0,0,0.0,0.0,0.0,0.0,0.0,0.0,snapshot,,,,,,,/home/runner/work/Solana-Memecoin-Analysis/Solana-Memecoin-Analysis/data/cache/2026-10-08/000705210514_multi_pools_0e81d68e8fae.json,2
2026-10-08T00:05:26.425711+00:00,A3gfF9CfDCp1qiv4WUpike7wSNMiVW8HGx2UHJnppvkw,solana,Pump.fun,DbrFqdaBiCsUJydXbxSeMVm1kdpyK6hpWbBpKuvtnL9T,UPlive,So11111111111111111111111111111111111111112,SOL,2026-10-06T08:43:16Z,3.370754905663818e-06,3370.754906,,2577.5751,120.5572997486842,100.0,,0.0,0.0,0.0,0.0,0.0,0.0,0,0,0,0,0,0,0,0,0,0,0,0,0,0,0,0,0,0,0,0,0,0,0,0,0.0,0.0,0.0,0.0,0.0,0.0,snapshot,,,,,,,/home/runner/work/Solana-Memecoin-Analysis/Solana-Memecoin-Analysis/data/cache/2026-10-08/000705210514_multi_pools_0e81d68e8fae.json,2
2026-10-08T00:05:26.425711+00:00,HEp5qzettR5pmR3aun7fJaUTqFjMKLPhXqoQHKvYZx4G,solana,Pump.fun,BkfHLpS1fW1LmyLNW2hsvweQSvGpraj1EWnA77ijpump,Lone,So11111111111111111111111111111111111111112,SOL,2026-10-06T08:52:16Z,2.8437967713742323e-06,5687.593542,,2103.241,120.47012949956469,100.0,,0.0,0.0,0.0,0.0,0.0,0.0,0,0,0,0,0,0,0,0,0,0,0,0,0,0,0,0,0,0,0,0,0,0,0,0,0.0,0.0,0.0,0.0,0.0,0.0,snapshot,,,,,,,/home/runner/work/Solana-Memecoin-Analysis/Solana-Memecoin-Analysis/data/cache/2026-10-08/000705210514_multi_pools_0e81d68e8fae.json,2
2026-10-08T00:05:26.425711+00:00,6NwQbjSQ9AzmXhKJ839AYsBvKWvCoWzP3Ut4Jub9aTTc,solana,Pump.fun,9jzsVSXtxmByNmjZX6SmAxPvLAL5QSAMzVnUEh9aEF6S,Pad,So11111111111111111111111111111111111111112,SOL,2026-10-06T08:52:11Z,3.56402792110789e-06,3564.027921,,2703.5311,121.53119999492581,100.0,,0.0,0.0,0.0,0.0,0.0,0.0,0,0,0,0,0,0,0,0,0,0,0,0,0,0,0,0,0,0,0,0,0,0,0,0,0.0,0.0,0.0,0.0,0.0,0.0,snapshot,,,,,,,/home/runner/work/Solana-Memecoin-Analysis/Solana-Memecoin-Analysis/data/cache/2026-10-08/000705210514_multi_pools_0e81d68e8fae.json,2
2026-10-08T00:05:26.425711+00:00,2Gmb3aWRn2DKdFynadErDVnSKftQ64oVbh2L9YME9HkA,solana,Pump.fun,2PhxckHJAXFLzZMsrB2SrtVjDWQUCskeushkdG1rpump,$KASH,So11111111111111111111111111111111111111112,SOL,2026-10-06T08:52:06Z,3.2896760476962798e-06,3289.676048,,2578.2842,117.6249022331363,100.0,,0.0,0.0,0.0,0.0,0.0,42.0463503351,0,0,0,0,0,0,0,0,0,0,0,0,0,0,0,0,0,0,0,0,4,6,2,2,0.0,0.0,0.0,0.0,0.0,-1.124,snapshot,,,,,,,/home/runner/work/Solana-Memecoin-Analysis/Solana-Memecoin-Analysis/data/cache/2026-10-08/000705210514_multi_pools_0e81d68e8fae.json,2
2026-10-08T00:05:26.425711+00:00,8hjcWArE1KVR2JKh6d2smXuQYWktmDMGNB71p1wr6Y4t,solana,Pump.fun,GpNnxsJmKTKkZF9afVBE4uu6zWQofkrrv9M2o5tzpump,TOAD,So11111111111111111111111111111111111111112,SOL,2026-10-06T08:52:04Z,2.50330787337807e-08,50.06615746,,19.005,119.02674893653676,100.0,,0.0,0.0,0.0,0.0,0.0,0.0,0,0,0,0,0,0,0,0,0,0,0,0,0,0,0,0,0,0,0,0,0,0,0,0,0.0,0.0,0.0,0.0,0.0,0.0,snapshot,,,,,,,/home/runner/work/Solana-Memecoin-Analysis/Solana-Memecoin-Analysis/data/cache/2026-10-08/000705210514_multi_pools_0e81d68e8fae.json,2
2026-10-08T00:05:26.425711+00:00,BCkuASty5iq5B91JSy3afMCqHRUaaBuNfL4Qjf3JZFYB,solana,Pump.fun,3DmXjhupuj27gxjCbFmuUpQdGoQ25G7QRPKQFM73pump,HALH,So11111111111111111111111111111111111111112,SOL,2026-10-06T08:56:54Z,2.285732855273081e-06,4571.46571,,1769.4741,120.38062735256219,100.0,,0.0,0.0,0.0,0.0,0.0,0.0,0,0,0,0,0,0,0,0,0,0,0,0,0,0,0,0,0,0,0,0,0,0,0,0,0.0,0.0,0.0,0.0,0.0,0.0,snapshot,,,,,,,/home/runner/work/Solana-Memecoin-Analysis/Solana-Memecoin-Analysis/data/cache/2026-10-08/000705210514_multi_pools_0e81d68e8fae.json,2
2026-10-08T00:05:26.425711+00:00,5rC1V33b8pHy15gM71P2nXqVUS6spGEcBCx4i9YXBA16,solana,Pump.fun,7mLdor3dFockSy8FwL9vZerZsQmKFbuFut3ZuM6Tjgap,KOL,So11111111111111111111111111111111111111112,SOL,2026-10-06T08:56:50Z,3.3710236031064104e-06,3371.023603,,2577.4937,120.57063925844604,100.0,,0.0,0.0,0.0,0.0,0.0,0.0,0,0,0,0,0,0,0,0,0,0,0,0,0,0,0,0,0,0,0,0,0,0,0,0,0.0,0.0,0.0,0.0,0.0,0.0,snapshot,,,,,,,/home/runner/work/Solana-Memecoin-Analysis/Solana-Memecoin-Analysis/data/cache/2026-10-08/000705210514_multi_pools_0e81d68e8fae.json,2
2026-10-08T00:05:26.425711+00:00,6JmY94CojYndPcF2gWXm7tDyBhgK29XLZtKzzjg6WheQ,solana,Pump.fun,3AxgWWkjLDR4txog8Vp22y5gvfD8oQAifcVg2GJz6AU4,3AxgWWkjLDR4txog8Vp22y5gvfD8oQAifcVg2GJz6AU4,So11111111111111111111111111111111111111112,SOL,2026-10-06T08:56:46Z,3.548025161195682e-06,3548.025161,,2713.2718,120.55102062648335,100.0,,0.0,0.0,0.0,0.0,0.0,0.0,0,0,0,0,0,0,0,0,0,0,0,0,0,0,0,0,0,0,0,0,0,0,0,0,0.0,0.0,0.0,0.0,0.0,0.0,snapshot,,,,,,,/home/runner/work/Solana-Memecoin-Analysis/Solana-Memecoin-Analysis/data/cache/2026-10-08/000705210514_multi_pools_0e81d68e8fae.json,2
2026-10-08T00:05:26.425711+00:00,B9dqBHubv9mqTPWgKQuQt5RKeriHAXZrkJdcrMXFcCu1,solana,Pump.fun,7vZuSgd6nP3y5sgPT7sfHo5FC4CEGHpsyRGWxEwTpump,STENKS,So11111111111111111111111111111111111111112,SOL,2026-10-06T08:56:43Z,3.5462042618526243e-06,9409.11087,,4660.4279,120.38075286684473,100.0,,0.0,0.0,0.0,0.0,0.0,0.0,0,0,0,0,0,0,0,0,0,0,0,0,0,0,0,0,0,0,0,0,0,0,0,0,0.0,0.0,0.0,0.0,0.0,0.0,snapshot,,,,,,,/home/runner/work/Solana-Memecoin-Analysis/Solana-Memecoin-Analysis/data/cache/2026-10-08/000705210514_multi_pools_0e81d68e8fae.json,2
2026-10-08T00:05:26.425711+00:00,B7sxk5JLhw2tCR8G7C7jj2tsJMSq2F7SMYqb5Qrf3pyy,solana,Pump.fun,9uYeZSudpH37Bw5PhTNRyDWDoW34pecgRcs4GsDHpump,INTERN,So11111111111111111111111111111111111111112,SOL,2026-10-06T08:56:43Z,3.3914444334542184e-06,3391.444433,,2594.6389,120.4977904659163,100.0,,0.0,0.0,0.0,0.0,0.0,0.0,0,0,0,0,0,0,0,0,0,0,0,0,0,0,0,0,0,0,0,0,0,0,0,0,0.0,0.0,0.0,0.0,0.0,0.0,snapshot,,,,,,,/home/runner/work/Solana-Memecoin-Analysis/Solana-Memecoin-Analysis/data/cache/2026-10-08/000705210514_multi_pools_0e81d68e8fae.json,2
2026-10-08T00:05:26.425711+00:00,5iec2au1gK5rXUipSgar6Lh7StP7EMzhvdFiLs2KQHWb,solana,Pump.fun,FUrPKnqaVsvFEeP2DbjyiihQ2c7zh8LcGNyzabxMpump,CHAROC,So11111111111111111111111111111111111111112,SOL,2026-10-06T08:56:35Z,1.777530898693336e-06,3555.061798,,1369.0327,120.38039883455284,100.0,,0.0,0.0,0.0,0.0,0.0,0.0,0,0,0,0,0,0,0,0,0,0,0,0,0,0,0,0,0,0,0,0,0,0,0,0,0.0,0.0,0.0,0.0,0.0,0.0,snapshot,,,,,,,/home/runner/work/Solana-Memecoin-Analysis/Solana-Memecoin-Analysis/data/cache/2026-10-08/000705210514_multi_pools_0e81d68e8fae.json,2
2026-10-08T00:05:26.425711+00:00,BRSMn8GTzv8XoS8yxbDzL5dE1vwXMkt4WB5SyhAJPA1W,solana,Pump.fun,7zK5Kgagn2PPTAksijyaJYDri71eKuXGC6AtpzCnpump,DERP,So11111111111111111111111111111111111111112,SOL,2026-10-06T08:56:35Z,7.43112591509078e-08,148.6225183,,59.2235,120.49949211126881,100.0,,0.0,0.0,0.0,0.0,0.0,0.0,0,0,0,0,0,0,0,0,0,0,0,0,0,0,0,0,0,0,0,0,0,0,0,0,0.0,0.0,0.0,0.0,0.0,0.0,snapshot,,,,,,,/home/runner/work/Solana-Memecoin-Analysis/Solana-Memecoin-Analysis/data/cache/2026-10-08/000705210514_multi_pools_0e81d68e8fae.json,2
2026-10-08T00:05:26.425711+00:00,AqqLUvuKtLAS8sMjT5yJCi8bgcDoL3VERkz979V2UAkh,solana,Pump.fun,AnyFzs8ytDk8gpSp6pHCasY9SfCez4MQ36fuK4Lpump,BYTE,So11111111111111111111111111111111111111112,SOL,2026-10-06T08:56:31Z,4.325317538054705e-06,8650.635076,,3198.3463,120.41017161074961,100.0,,0.0,0.0,0.0,0.0,0.0,0.0,0,0,0,0,0,0,0,0,0,0,0,0,0,0,0,0,0,0,0,0,0,0,0,0,0.0,0.0,0.0,0.0,0.0,0.0,snapshot,,,,,,,/home/runner/work/Solana-Memecoin-Analysis/Solana-Memecoin-Analysis/data/cache/2026-10-08/000705210514_multi_pools_0e81d68e8fae.json,2
2026-10-08T00:05:26.425711+00:00,FUrLwvFoqWVLkzdadFWjMJTLTFXy9iX1oJna8Nj3YDwS,solana,Pump.fun,CnZ7dz5TMHQMrUrozrNBYf3hMPeydz6VPD4F6WfXpump,wind,So11111111111111111111111111111111111111112,SOL,2026-10-06T09:10:39Z,2.9821622577153462e-06,4686.16372,,2275.9946,120.12259150223166,,,0.0,0.0,0.0,0.0,0.0,0.0,0,0,0,0,0,0,0,0,0,0,0,0,0,0,0,0,0,0,0,0,0,0,0,0,0.0,0.0,0.0,0.0,0.0,0.0,snapshot,,,,,,,/home/runner/work/Solana-Memecoin-Analysis/Solana-Memecoin-Analysis/data/cache/2026-10-08/000705210514_multi_pools_0e81d68e8fae.json,2
2026-10-08T00:05:26.425711+00:00,Em7nB6fou5mmmNMFdSwbPXkXVjgrmM8P5EwvGUxtGvxM,solana,Pump.fun,GQNrzXkfHbdeCt4UaeWzpPnZUeehHuYum6xFq1pgpump,007,So11111111111111111111111111111111111111112,SOL,2026-10-06T09:10:16Z,1.4345759099487582e-06,2869.15182,,1102.8003,120.0764473691294,,,0.0,0.0,0.0,0.0,0.0,0.0,0,0,0,0,0,0,0,0,0,0,0,0,0,0,0,0,0,0,0,0,0,0,0,0,0.0,0.0,0.0,0.0,0.0,0.0,snapshot,,,,,,,/home/runner/work/Solana-Memecoin-Analysis/Solana-Memecoin-Analysis/data/cache/2026-10-08/000705210514_multi_pools_0e81d68e8fae.json,2
2026-10-08T00:05:26.425711+00:00,GJUHB2aWiVjShc8uLqZ8cPgTYTP8rhMJAGrULqCLhhu4,solana,Pump.fun,9KiXJ5m9kXhCHuyxgJhqgi4B5SjxniZufqGxjbofpump,$LA BEAST,So11111111111111111111111111111111111111112,SOL,2026-10-06T09:10:16Z,1.1880669773678956e-07,237.6133954,,138.6027,120.12313009234884,,,0.0,0.0,0.0,0.0,0.0,0.0,0,0,0,0,0,0,0,0,0,0,0,0,0,0,0,0,0,0,0,0,0,0,0,0,0.0,0.0,0.0,0.0,0.0,0.0,snapshot,,,,,,,/home/runner/work/Solana-Memecoin-Analysis/Solana-Memecoin-Analysis/data/cache/2026-10-08/000720119347_multi_pools_37e8a4abfb18.json,2
2026-10-08T00:05:26.425711+00:00,7wzPNen25Fpp3vEbNLoL1fQwCD9DsM8mk9ygkyqZLq77,solana,StonkFun,9Ej3nEfT1xrcGqFwwCLMVfQydnkmyWrCvcW6bPZXSTNK,SIF,Xsc9qvGR1efVDFGLrVsmkzv3qi45LTBjeUKSPmx9qEh,NVDAx,2026-10-06T09:10:13Z,3.503150443078209e-06,3821.192955,,4090.3194,240.91461040619788,100.0,,0.0,0.0,0.0,0.0,0.0,0.0,0,0,0,0,0,0,0,0,0,0,0,0,0,0,0,0,0,0,0,0,0,0,0,0,0.0,0.0,0.0,0.0,0.0,0.0,snapshot,,,,,,,/home/runner/work/Solana-Memecoin-Analysis/Solana-Memecoin-Analysis/data/cache/2026-10-08/000720119347_multi_pools_37e8a4abfb18.json,2
2026-10-08T00:05:26.425711+00:00,8G1S4XvXqSkHouUrMEix3CNTbr8vUYWUbtWU1dpiehqW,solana,Pump.fun,BeKH9SDNR4coojgmSUBzURJLwQWExH7izi2oimNGfVug,GT,Xsc9qvGR1efVDFGLrVsmkzv3qi45LTBjeUKSPmx9qEh,NVDAx,2026-10-06T09:18:52Z,3.149747861765677e-06,3149.747862,,2427.5565,240.93792883935254,,,0.0,0.0,0.0,0.0,0.0,0.0,0,0,0,0,0,0,0,0,0,0,0,0,0,0,0,0,0,0,0,0,0,0,0,0,0.0,0.0,0.0,0.0,0.0,0.0,snapshot,,,,,,,/home/runner/work/Solana-Memecoin-Analysis/Solana-Memecoin-Analysis/data/cache/2026-10-08/000720119347_multi_pools_37e8a4abfb18.json,2
2026-10-08T00:05:26.425711+00:00,eLfwZ94qeTyPGU5fVHYXpDwAFmyec5R4qSktQmj5UuK,solana,PumpSwap,24W7uNsVHvd13DUSDnjS6o8ScEVaJ4a1YecBSbmDcFtf,fonk,So11111111111111111111111111111111111111112,SOL,2026-10-06T09:18:52Z,0.23104593882326765,231045938.8,,0.00241425337980728,120.36490275306198,100.0,,0.0,0.0,0.0,0.0,0.0,0.0,0,0,0,0,0,0,0,0,0,0,0,0,0,0,0,0,0,0,0,0,0,0,0,0,0.0,0.0,0.0,0.0,0.0,0.0,snapshot,,,,,,,/home/runner/work/Solana-Memecoin-Analysis/Solana-Memecoin-Analysis/data/cache/2026-10-08/000720119347_multi_pools_37e8a4abfb18.json,2
2026-10-08T00:05:26.425711+00:00,2noyZCfUEq73rztuSVtxYpGAMWNrUt71KGFSoPFyXU7K,solana,Pump.fun,Bxg5c26LhLaRDbEe5Wa9swY8is1qw3kmAbpRsrCApump,ROMANTIKA,So11111111111111111111111111111111111111112,SOL,2026-10-06T09:18:48Z,3.3797597435406374e-06,3379.759744,,2607.3363,119.47990935380312,100.0,,0.0,0.0,0.0,0.0,0.0,0.0,0,0,0,0,0,0,0,0,0,0,0,0,0,0,0,0,0,0,0,0,0,0,0,0,0.0,0.0,0.0,0.0,0.0,0.0,snapshot,,,,,,,/home/runner/work/Solana-Memecoin-Analysis/Solana-Memecoin-Analysis/data/cache/2026-10-08/000720119347_multi_pools_37e8a4abfb18.json,2
2026-10-08T00:05:26.425711+00:00,6uTBgDuqZVKYTDjJ7ZtixLaKtuJ9dLQeQq9x9XKHBKrK,solana,Pump.fun,HMz8i878LosR62PpeR1VZv1cbmTXPPYxFyzX9KXhpump,CENTAPE,So11111111111111111111111111111111111111112,SOL,2026-10-06T09:18:33Z,1.1713243651445905e-06,2342.64873,,862.3481,120.37800002960746,,,0.0,0.0,0.0,0.0,0.0,0.0,0,0,0,0,0,0,0,0,0,0,0,0,0,0,0,0,0,0,0,0,0,0,0,0,0.0,0.0,0.0,0.0,0.0,0.0,snapshot,,,,,,,/home/runner/work/Solana-Memecoin-Analysis/Solana-Memecoin-Analysis/data/cache/2026-10-08/000720119347_multi_pools_37e8a4abfb18.json,2
2026-10-08T00:05:26.425711+00:00,9GBXHym9gxDZH3u6UnW71yXaixaBkG8K7EegywH2WQGg,solana,PumpSwap,CscZaq5twomhUkvCY8Jdd1tge32L4Yj9FbkFFEZQpump,PLAGUE,So11111111111111111111111111111111111111112,SOL,2026-10-03T11:35:44Z,0.0005262454547851191,526169.577208333,,78222.4382,116.16882637944698,100.0,,466.8609134372,2456.7680609717,6235.97281191,15624.1462781118,164762.985735661,1080965.79232308,8,4,7,4,28,16,17,13,50,50,33,29,91,115,62,77,1309,1141,616,675,7367,5978,2355,2801,-0.886,-7.456,-7.975,-0.558,-22.759,-60.69,snapshot,,,,,,,/home/runner/work/Solana-Memecoin-Analysis/Solana-Memecoin-Analysis/data/cache/2026-10-08/000720119347_multi_pools_37e8a4abfb18.json,2
2026-10-08T00:05:26.425711+00:00,ABArxh2gLWoYHbNvqmBy9QgDcCog18hABRCtFm4npgpe,solana,Raydium Launchlab,2tSpo6UuDSwuuuEPkgTQu8Gr9fg3AL4cuhE1YaqPFFZ8,ACCELERA,So11111111111111111111111111111111111111112,SOL,2026-10-06T09:27:42Z,9.009775506090404e-07,900.9775506,,877.0499,119.39960086673605,100.0,,0.0,0.0,0.0,0.0,0.0,0.0,0,0,0,0,0,0,0,0,0,0,0,0,0,0,0,0,0,0,0,0,0,0,0,0,0.0,0.0,0.0,0.0,0.0,0.0,snapshot,,,,,,,/home/runner/work/Solana-Memecoin-Analysis/Solana-Memecoin-Analysis/data/cache/2026-10-08/000720119347_multi_pools_37e8a4abfb18.json,2
2026-10-08T00:05:26.425711+00:00,ApHAX4fS8yJDHDBMpsEkPRgv9JmGKsSobzQF8ztn39QJ,solana,Raydium Launchlab,7SrbQyqv6RpNQBe8sSo2cms1drcaEri9sF7h5S2BDDHE,CHORUSX,So11111111111111111111111111111111111111112,SOL,2026-10-06T09:27:42Z,9.009775506090404e-07,900.9775506,,877.0499,119.39960086673605,100.0,,0.0,0.0,0.0,0.0,0.0,0.0,0,0,0,0,0,0,0,0,0,0,0,0,0,0,0,0,0,0,0,0,0,0,0,0,0.0,0.0,0.0,0.0,0.0,0.0,snapshot,,,,,,,/home/runner/work/Solana-Memecoin-Analysis/Solana-Memecoin-Analysis/data/cache/2026-10-08/000720119347_multi_pools_37e8a4abfb18.json,2
2026-10-08T00:05:26.425711+00:00,BHZdbSh56KoxQ2eDPxTQzLuu1jKWJSc3hx1jKiEXSRoj,solana,Pump.fun,4SxvnPe4NCtEFZEpMtsa3eUZKMkiQRmXaBgtUCzgpump,$UNKSNAGS,So11111111111111111111111111111111111111112,SOL,2026-10-06T09:27:00Z,2.978512543142404e-09,5.957025086,,3.8359,120.33882620645139,100.0,,0.0,0.0,0.0,0.0,0.0,0.0,0,0,0,0,0,0,0,0,0,0,0,0,0,0,0,0,0,0,0,0,0,0,0,0,0.0,0.0,0.0,0.0,0.0,0.0,snapshot,,,,,,,/home/runner/work/Solana-Memecoin-Analysis/Solana-Memecoin-Analysis/data/cache/2026-10-08/000720119347_multi_pools_37e8a4abfb18.json,2
2026-10-08T00:05:26.425711+00:00,8aZMrYEiVZTmFKbeYgFBsn42CUmrUJ3aPzC5R5xA5oNm,solana,Pump.fun,HVHZu9nYZj97M53V7iDfkscibsM572bSKrH2ZWttpump,CHAROC,So11111111111111111111111111111111111111112,SOL,2026-10-06T09:35:35Z,4.45264359194709e-07,890.5287184,,345.1601,119.26483919864702,,,0.0,0.0,0.0,0.0,0.0,0.0,0,0,0,0,0,0,0,0,0,0,0,0,0,0,0,0,0,0,0,0,0,0,0,0,0.0,0.0,0.0,0.0,0.0,0.0,snapshot,,,,,,,/home/runner/work/Solana-Memecoin-Analysis/Solana-Memecoin-Analysis/data/cache/2026-10-08/000720119347_multi_pools_37e8a4abfb18.json,2
2026-10-08T00:05:26.425711+00:00,2qFwDcB7SHzRPyUtU56UXSGQbpiWpTPN2qNwdtmgfxTE,solana,Pump.fun,7YUTEQ7myUHFG17hQfZrSoZHe9fED2KkpReB4HEwjcRi,Fox,So11111111111111111111111111111111111111112,SOL,2026-10-06T09:35:26Z,3.5015816785449063e-06,3501.581679,,2704.3446,119.34626208850557,,,0.0,0.0,0.0,0.0,0.0,0.0,0,0,0,0,0,0,0,0,0,0,0,0,0,0,0,0,0,0,0,0,0,0,0,0,0.0,0.0,0.0,0.0,0.0,0.0,snapshot,,,,,,,/home/runner/work/Solana-Memecoin-Analysis/Solana-Memecoin-Analysis/data/cache/2026-10-08/000720119347_multi_pools_37e8a4abfb18.json,2
2026-10-08T00:05:26.425711+00:00,ND6ZkNwuxzBPfUVnGgTHkzhmY1J87iEbJYyzJBjPW2p,solana,Pump.fun,8KNksM9dry1opRv1Lc2k1wZ65U5SrBb5ngAcSgRKpump,DODGE,So11111111111111111111111111111111111111112,SOL,2026-10-06T09:35:23Z,3.7450904619201166e-06,7490.180924,,2873.2928,119.25135557898255,,,0.0,0.0,0.0,0.0,0.0,0.0,0,0,0,0,0,0,0,0,0,0,0,0,0,0,0,0,0,0,0,0,0,0,0,0,0.0,0.0,0.0,0.0,0.0,0.0,snapshot,,,,,,,/home/runner/work/Solana-Memecoin-Analysis/Solana-Memecoin-Analysis/data/cache/2026-10-08/000720119347_multi_pools_37e8a4abfb18.json,2
2026-10-08T00:05:26.425711+00:00,9i2hivEQ5B5SjUBkyiisbKd86osRjbA2BVRrj4Ge4hcw,solana,Pump.fun,8LcqqK7FNzuPH2hjrj36LnqFsJYABzEYdxRFknK5pump,CHIIKAWA,So11111111111111111111111111111111111111112,SOL,2026-10-06T09:35:22Z,6.6896924484336514e-06,13379.384896,,5085.6109,119.16429723199336,100.0,,0.0,0.0,0.0,0.0,0.0,0.0,0,0,0,0,0,0,0,0,0,0,0,0,0,0,0,0,0,0,0,0,0,0,0,0,0.0,0.0,0.0,0.0,0.0,0.0,snapshot,,,,,,,/home/runner/work/Solana-Memecoin-Analysis/Solana-Memecoin-Analysis/data/cache/2026-10-08/000720119347_multi_pools_37e8a4abfb18.json,2
2026-10-08T00:05:26.425711+00:00,4KshTHpM1S132LrHBBjGTiwajrvb2Fr1o37SL6mhvtXo,solana,Pump.fun,6iH3bkewDnvzXkxJ8s8D6Ez8aRQWBNDxTFaVWpBfcTg6,CHIIKAWA,So11111111111111111111111111111111111111112,SOL,2026-10-06T09:35:21Z,3.3456244687572682e-06,3345.624469,,2584.29,119.3282431259759,,,0.0,0.0,0.0,0.0,0.0,0.0,0,0,0,0,0,0,0,0,0,0,0,0,0,0,0,0,0,0,0,0,0,0,0,0,0.0,0.0,0.0,0.0,0.0,0.0,snapshot,,,,,,,/home/runner/work/Solana-Memecoin-Analysis/Solana-Memecoin-Analysis/data/cache/2026-10-08/000720119347_multi_pools_37e8a4abfb18.json,2
2026-10-08T00:05:26.425711+00:00,4WRzyo3ncuZXk4aBQKQ1VcHbAJvmSivyMUVmFn61VTTD,solana,Pump.fun,DrtkjfkvtateZdZRcZJXu6S6enMuqAHJamv3JzKTuoXT,PLANT,XsCPL9dNWBMvFtTmwcCA5v3xWPSMEBCszbQdiLLq6aN,GOOGLx,2026-10-06T09:45:12Z,3.262936595949906e-06,3262.936596,,2518.626,350.2436996304673,,,0.0,0.0,0.0,0.0,0.0,0.0,0,0,0,0,0,0,0,0,0,0,0,0,0,0,0,0,0,0,0,0,0,0,0,0,0.0,0.0,0.0,0.0,0.0,0.0,snapshot,,,,,,,/home/runner/work/Solana-Memecoin-Analysis/Solana-Memecoin-Analysis/data/cache/2026-10-08/000720119347_multi_pools_37e8a4abfb18.json,2
2026-10-08T00:05:26.425711+00:00,Am9DccyQHQQRGpjBsrQbNyfGGVJgDn58RzAhSEtNdgZ6,solana,Pump.fun,GoMUooYzSBphSUuG48KmKXwbJrmkz6MZ5322zmUMpump,Poppy,So11111111111111111111111111111111111111112,SOL,2026-10-06T09:44:58Z,3.3553875433083538e-06,3355.387543,,2586.014,119.61593352164802,,,0.0,0.0,0.0,0.0,0.0,0.0,0,0,0,0,0,0,0,0,0,0,0,0,0,0,0,0,0,0,0,0,0,0,0,0,0.0,0.0,0.0,0.0,0.0,0.0,snapshot,,,,,,,/home/runner/work/Solana-Memecoin-Analysis/Solana-Memecoin-Analysis/data/cache/2026-10-08/000720119347_multi_pools_37e8a4abfb18.json,2
2026-10-08T00:05:26.425711+00:00,DZFsgWCTPuCgyTFAp6pXMAmnAXUyB9j82MKovbVgmQey,solana,Pump.fun,3DT6NbT9aVaFX3Np4jzeDVSFwmtqNb2wJvFU5DiSpump,CHILL,So11111111111111111111111111111111111111112,SOL,2026-10-06T09:44:58Z,3.952778512742424e-06,3952.778513,,3048.7028,119.50715992666781,,,0.0,0.0,0.0,0.0,0.0,0.0,0,0,0,0,0,0,0,0,0,0,0,0,0,0,0,0,0,0,0,0,0,0,0,0,0.0,0.0,0.0,0.0,0.0,0.0,snapshot,,,,,,,/home/runner/work/Solana-Memecoin-Analysis/Solana-Memecoin-Analysis/data/cache/2026-10-08/000720119347_multi_pools_37e8a4abfb18.json,2
2026-10-08T00:05:26.425711+00:00,7Ez2fPRgGfoJanj9qUJAKvehJAh5iT7tRDWmuXG7eMSf,solana,Pump.fun,EdPoGgmf3386ej6DVpnadBhYAzWopenwEJRSbNPUpump,DODGE,So11111111111111111111111111111111111111112,SOL,2026-10-06T09:44:43Z,2.951890526098643e-06,5903.781052,,2277.1569,119.45862818489182,,,0.0,0.0,0.0,0.0,0.0,0.0,0,0,0,0,0,0,0,0,0,0,0,0,0,0,0,0,0,0,0,0,0,0,0,0,0.0,0.0,0.0,0.0,0.0,0.0,snapshot,,,,,,,/home/runner/work/Solana-Memecoin-Analysis/Solana-Memecoin-Analysis/data/cache/2026-10-08/000720119347_multi_pools_37e8a4abfb18.json,2
2026-10-08T00:05:26.425711+00:00,6U9eteiRb3RXkWhdGpADCT8ZkYHo2mWUUoZyUKJ3zNQW,solana,Meteora DAMM V2,7DvfspwLcFVw6cEVf3KEQxNPtWAmmjaEhY8XMd55NRo9,Bid,So11111111111111111111111111111111111111112,SOL,2026-10-06T09:44:37Z,1.2622050868809074e-05,12509.3202766142,,1.455641966e-05,119.29828074599747,,,0.0,0.0,0.0,0.0,0.0,0.0,0,0,0,0,0,0,0,0,0,0,0,0,0,0,0,0,0,0,0,0,0,0,0,0,0.0,0.0,0.0,0.0,0.0,0.0,snapshot,,,,,,,/home/runner/work/Solana-Memecoin-Analysis/Solana-Memecoin-Analysis/data/cache/2026-10-08/000720119347_multi_pools_37e8a4abfb18.json,2
2026-10-08T00:05:26.425711+00:00,5j2vegSoeZTzftEZe8DvFnxcL1ho7JQkzX9HtcP6kmt7,solana,Pump.fun,3FcCZAy22PTL8tBLa33iSEPWhf1iQDPK4xWDkbMwpump,?,So11111111111111111111111111111111111111112,SOL,2026-10-06T09:44:37Z,3.379477027250649e-06,3379.477027,,2583.2011,120.60604543493992,,,0.0,0.0,0.0,0.0,0.0,7.9975072376,0,0,0,0,0,0,0,0,0,0,0,0,0,0,0,0,0,0,0,0,0,1,0,1,0.0,0.0,0.0,0.0,0.0,0.0,snapshot,,,,,,,/home/runner/work/Solana-Memecoin-Analysis/Solana-Memecoin-Analysis/data/cache/2026-10-08/000720119347_multi_pools_37e8a4abfb18.json,2
2026-10-08T00:05:26.425711+00:00,4Sk7mNkikgEisev2kyszdAAkGrhs1oeCwfyE1k4iWLAR,solana,Pump.fun,GpabRdMJSU2qogZ9rsX6ZGpmV7wrnTeXHGfP7SAB4tB5,LM,So11111111111111111111111111111111111111112,SOL,2026-10-06T09:44:35Z,3.4474480756295105e-06,3447.448076,,2663.4172,119.32618661775537,,,0.0,0.0,0.0,0.0,0.0,0.0,0,0,0,0,0,0,0,0,0,0,0,0,0,0,0,0,0,0,0,0,0,0,0,0,0.0,0.0,0.0,0.0,0.0,0.0,snapshot,,,,,,,/home/runner/work/Solana-Memecoin-Analysis/Solana-Memecoin-Analysis/data/cache/2026-10-08/000720119347_multi_pools_37e8a4abfb18.json,2
2026-10-08T00:05:26.425711+00:00,AuxMxxdbucfyc65cajLHjq4k8jDxHrNMWbi8gM5QuivE,solana,Pump.fun,Gu25eC9C2h7YoU7kmCETPLRFmnpNo1Lrqrm873URpump,DOOROC,So11111111111111111111111111111111111111112,SOL,2026-10-06T09:44:33Z,7.475708929960248e-07,1495.141786,,582.9589,119.42559338212791,,,0.0,0.0,0.0,0.0,0.0,0.0,0,0,0,0,0,0,0,0,0,0,0,0,0,0,0,0,0,0,0,0,0,0,0,0,0.0,0.0,0.0,0.0,0.0,0.0,snapshot,,,,,,,/home/runner/work/Solana-Memecoin-Analysis/Solana-Memecoin-Analysis/data/cache/2026-10-08/000720119347_multi_pools_37e8a4abfb18.json,2
2026-10-08T00:05:26.425711+00:00,57nWVzSVqZyr9Mn6AJQ652KFYry4wrwdV54mhKbb2rZC,solana,Meteora DAMM V2,HuHgf9Nnmqj1ZTejghE3UYN4sNaAoNfVXA57kFvqpump,BITCOIN,So11111111111111111111111111111111111111112,SOL,2026-10-06T09:44:33Z,0.0002878372113701092,287837.2114,,0.00362373354900636,120.24638168806882,,,0.0,0.0,0.0,0.0,0.0,0.0,0,0,0,0,0,0,0,0,0,0,0,0,0,0,0,0,0,0,0,0,0,0,0,0,0.0,0.0,0.0,0.0,0.0,0.0,snapshot,,,,,,,/home/runner/work/Solana-Memecoin-Analysis/Solana-Memecoin-Analysis/data/cache/2026-10-08/000720119347_multi_pools_37e8a4abfb18.json,2
2026-10-08T00:05:26.425711+00:00,HpBrxmNrjK9UtNJhnPQPE78j9RmMzkaNNhvbEQYS5i7k,solana,Meteora DBC,HuHgf9Nnmqj1ZTejghE3UYN4sNaAoNfVXA57kFvqpump,BITCOIN,So11111111111111111111111111111111111111112,SOL,2026-10-06T09:44:30Z,5.424028399193139e-12,0.005424028399,,0.0,119.32860742585339,,,0.0,0.0,0.0,0.0,0.0,0.0,0,0,0,0,0,0,0,0,0,0,0,0,0,0,0,0,0,0,0,0,0,0,0,0,0.0,0.0,0.0,0.0,0.0,0.0,snapshot,,,,,,,/home/runner/work/Solana-Memecoin-Analysis/Solana-Memecoin-Analysis/data/cache/2026-10-08/000720119347_multi_pools_37e8a4abfb18.json,2
2026-10-08T00:05:26.425711+00:00,9moVX56MBPuA1z27F4BVTLkRmrtcSKorB9HJRrVNw6Nk,solana,Meteora DBC,4fL5DA17GP8EKqjCvvd8c7ahQf9uJeW5wKj5HzzifM9m,臺北,So11111111111111111111111111111111111111112,SOL,2026-10-06T09:52:47Z,5.2003477836883046e-12,0.005200347784,,0.0,119.60798186810774,,,0.0,0.0,0.0,0.0,0.0,0.0,0,0,0,0,0,0,0,0,0,0,0,0,0,0,0,0,0,0,0,0,0,0,0,0,0.0,0.0,0.0,0.0,0.0,0.0,snapshot,,,,,,,/home/runner/work/Solana-Memecoin-Analysis/Solana-Memecoin-Analysis/data/cache/2026-10-08/000720119347_multi_pools_37e8a4abfb18.json,2
2026-10-08T00:05:26.425711+00:00,ETtEcH8qj1tUj5eAT9fXvU3uS7q2XJuHJrxJ5CNVkgDE,solana,PumpSwap,5KpHz3pBAhfgBo3rBX4S5Pm1HGGurwL49p7k8wx137SR,币安智能,So11111111111111111111111111111111111111112,SOL,2026-10-06T09:52:45Z,5.818476139441526e-09,5.8184761506,,0.003024684285,119.78478918714885,100.0,,0.0,0.0,0.0,0.0,0.0,0.0,0,0,0,0,0,0,0,0,0,0,0,0,0,0,0,0,0,0,0,0,0,0,0,0,0.0,0.0,0.0,0.0,0.0,0.0,snapshot,,,,,,,/home/runner/work/Solana-Memecoin-Analysis/Solana-Memecoin-Analysis/data/cache/2026-10-08/000720119347_multi_pools_37e8a4abfb18.json,2
2026-10-08T00:05:26.425711+00:00,3xBi6xGe2EhyQCCP7JG8p5tHduNnhvsAevUdrkYAsNq8,solana,Pump.fun,8pJUQKruFVj9AghGPxYfSiLBJcZDvhCBVBwe17jRpump,speedrun,EPjFWdd5AufqSSqeM2qN1xzybapC8G4wEGGkZwyTDt1v,USDC,2026-10-06T09:52:27Z,4.536365635821811e-08,90.72731272,,47.6267,0.9993327827267289,100.0,,0.0,0.0,0.0,0.0,0.0,0.0,0,0,0,0,0,0,0,0,0,0,0,0,0,0,0,0,0,0,0,0,0,0,0,0,0.0,0.0,0.0,0.0,0.0,0.0,snapshot,,,,,,,/home/runner/work/Solana-Memecoin-Analysis/Solana-Memecoin-Analysis/data/cache/2026-10-08/000720119347_multi_pools_37e8a4abfb18.json,2
2026-10-08T00:05:26.425711+00:00,7ZW2CvxYNFDZNsrYJ17dirtp1VLSV4XfERhfccohQfqY,solana,Meteora DBC,CySxF8Nk9ApovnsUQSBoQkmvg7g9dz6FStZySEMpump,Bid,So11111111111111111111111111111111111111112,SOL,2026-10-06T09:52:16Z,5.438009001404935e-12,0.005438009001,,0.0,119.63618062977625,,,0.0,0.0,0.0,0.0,0.0,0.0,0,0,0,0,0,0,0,0,0,0,0,0,0,0,0,0,0,0,0,0,0,0,0,0,0.0,0.0,0.0,0.0,0.0,0.0,snapshot,,,,,,,/home/runner/work/Solana-Memecoin-Analysis/Solana-Memecoin-Analysis/data/cache/2026-10-08/000720119347_multi_pools_37e8a4abfb18.json,2
2026-10-08T00:05:26.425711+00:00,7piu8xat6t1nje9e8byCxrfr3tnoiMHWaxYZGWiXMgHm,solana,Pump.fun,sB4rPAYPS9AyKyLM79Hx5ktAqtKEmFHqrcfDJDMpump,HALH,So11111111111111111111111111111111111111112,SOL,2026-10-06T09:52:15Z,2.3765909526958084e-06,4753.181906,,1832.3154,119.51630541944971,,,0.0,0.0,0.0,0.0,0.0,0.0,0,0,0,0,0,0,0,0,0,0,0,0,0,0,0,0,0,0,0,0,0,0,0,0,0.0,0.0,0.0,0.0,0.0,0.0,snapshot,,,,,,,/home/runner/work/Solana-Memecoin-Analysis/Solana-Memecoin-Analysis/data/cache/2026-10-08/000720119347_multi_pools_37e8a4abfb18.json,2
2026-10-08T00:05:26.425711+00:00,J8NKDZL65Nan7imt6bVdKHzb6AXCejRPi5X9AXBdjpyh,solana,StonkFun,4BZPpYpPjUzJ7hk9kSBcXB2NEiTtS9rNoAbX4MdqSTNK,PLANT,XsCPL9dNWBMvFtTmwcCA5v3xWPSMEBCszbQdiLLq6aN,GOOGLx,2026-10-06T09:52:11Z,3.6789438611179525e-06,3914.921347,,3363.1112,349.7338978912897,100.0,,0.0,0.0,0.0,0.0,0.0,0.0,0,0,0,0,0,0,0,0,0,0,0,0,0,0,0,0,0,0,0,0,0,0,0,0,0.0,0.0,0.0,0.0,0.0,0.0,snapshot,,,,,,,/home/runner/work/Solana-Memecoin-Analysis/Solana-Memecoin-Analysis/data/cache/2026-10-08/000726889649_multi_pools_8df111a96f0c.json,2
2026-10-08T00:05:26.425711+00:00,F6LPw9XguXLxce3nNgjWfeh6VZ61iknRTtsjZzKPbZHn,solana,PumpSwap,BvG7ecpftv24nVzWn3BDACgKncZ96MfHFG1MfMffbonk,TUWALL,So11111111111111111111111111111111111111112,SOL,2026-10-06T09:59:50Z,0.11669738310816455,81688.16817,,0.0465,120.38348589417349,100.0,,0.0,0.0,0.0,0.0,0.0,0.0,0,0,0,0,0,0,0,0,0,0,0,0,0,0,0,0,0,0,0,0,0,0,0,0,0.0,0.0,0.0,0.0,0.0,0.0,snapshot,,,,,,,/home/runner/work/Solana-Memecoin-Analysis/Solana-Memecoin-Analysis/data/cache/2026-10-08/000726889649_multi_pools_8df111a96f0c.json,2
2026-10-08T00:05:26.425711+00:00,A977emPV6DSs7CDHVetA3zESuN3az89QLd3gC7o4SVv5,solana,Pump.fun,ApG5XNxGGQKKSQx6dAw4qFuuK52vt1PvR5Txtz2jpump,INUX,So11111111111111111111111111111111111111112,SOL,2026-10-06T09:59:49Z,7.426554856032251e-06,14853.109712,,4558.1956,119.47883733600668,,,0.0,0.0,0.0,0.0,0.0,0.0,0,0,0,0,0,0,0,0,0,0,0,0,0,0,0,0,0,0,0,0,0,0,0,0,0.0,0.0,0.0,0.0,0.0,0.0,snapshot,,,,,,,/home/runner/work/Solana-Memecoin-Analysis/Solana-Memecoin-Analysis/data/cache/2026-10-08/000726889649_multi_pools_8df111a96f0c.json,2
2026-10-08T00:05:26.425711+00:00,1U4erijkbHn2GNVFhyTKeMAXXEDYNRfpmJdqCA7jkGu,solana,Pump.fun,rBp3rLNaDSsnpYQ1n9dZKnQQd5McW5bEoMxPTnxpump,PLAGWHALE,So11111111111111111111111111111111111111112,SOL,2026-10-06T09:59:45Z,3.391406670484218e-06,3391.40667,,2616.0295,119.49322552362469,100.0,,0.0,0.0,0.0,0.0,0.0,0.0,0,0,0,0,0,0,0,0,0,0,0,0,0,0,0,0,0,0,0,0,0,0,0,0,0.0,0.0,0.0,0.0,0.0,0.0,snapshot,,,,,,,/home/runner/work/Solana-Memecoin-Analysis/Solana-Memecoin-Analysis/data/cache/2026-10-08/000726889649_multi_pools_8df111a96f0c.json,2
2026-10-08T00:05:26.425711+00:00,AbdMyQend1z5PoWNQDw31i7Dd1BeJ5uxw8iuGVAgrytc,solana,Meteora DAMM V2,CS8UDxMRL8nMR4Qjs532pbqL4wW3ocnmWw11P3PmehbK,‮EMEM UI,So11111111111111111111111111111111111111112,SOL,2026-10-06T09:59:44Z,1.6324256271569558e-10,0.1632425627,,0.2557,120.60716447225668,100.0,,0.0,0.0,0.0,0.0,0.0,0.0,0,0,0,0,0,0,0,0,0,0,0,0,0,0,0,0,0,0,0,0,0,0,0,0,0.0,0.0,0.0,0.0,0.0,0.0,snapshot,,,,,,,/home/runner/work/Solana-Memecoin-Analysis/Solana-Memecoin-Analysis/data/cache/2026-10-08/000726889649_multi_pools_8df111a96f0c.json,2
2026-10-08T00:05:26.425711+00:00,Ha1L4pKkwaFU6HP8QdocksFAJgowyEbCJcaQAULr2Aea,solana,Pump.fun,8juuPvFw4sPKAC17SHN2pxuw9KJzXz7rZn7pd4a3pump,OI,So11111111111111111111111111111111111111112,SOL,2026-10-06T09:59:43Z,1.3276170662242504e-06,2655.234132,,1037.3397,119.47883733600668,100.0,,0.0,0.0,0.0,0.0,0.0,0.0,0,0,0,0,0,0,0,0,0,0,0,0,0,0,0,0,0,0,0,0,0,0,0,0,0.0,0.0,0.0,0.0,0.0,0.0,snapshot,,,,,,,/home/runner/work/Solana-Memecoin-Analysis/Solana-Memecoin-Analysis/data/cache/2026-10-08/000726889649_multi_pools_8df111a96f0c.json,2
2026-10-08T00:05:26.425711+00:00,2MU8a2YiAmfoyRkNNARGwEmWtLCadSqdr8hMsbSSSbHX,solana,Meteora DBC,HLFK4NpDSaythXiLrbjMR6opmBnJj9EgBzVpghQ1pump,BITCOIN,So11111111111111111111111111111111111111112,SOL,2026-10-06T09:59:41Z,5.4308411831471064e-12,0.005430841183,,0.0,119.47848865104038,,,0.0,0.0,0.0,0.0,0.0,0.0,0,0,0,0,0,0,0,0,0,0,0,0,0,0,0,0,0,0,0,0,0,0,0,0,0.0,0.0,0.0,0.0,0.0,0.0,snapshot,,,,,,,/home/runner/work/Solana-Memecoin-Analysis/Solana-Memecoin-Analysis/data/cache/2026-10-08/000726889649_multi_pools_8df111a96f0c.json,2
2026-10-08T00:05:26.425711+00:00,6mk8rTvWxm2UBy27RgVdDa4o4FKhke1MLaZMEZCKfPX5,solana,Meteora DAMM V2,DCAJyw6ssWyV7GyAkAaj6eDYVDKLWEkbWKTzk7ijEW91,GemSearch,So11111111111111111111111111111111111111112,SOL,2026-10-06T09:59:39Z,3.9786171084341184e-10,0.3978511635,,0.6741,120.29203423641931,,,0.0,0.0,0.0,0.0,0.0,0.0,0,0,0,0,0,0,0,0,0,0,0,0,0,0,0,0,0,0,0,0,0,0,0,0,0.0,0.0,0.0,0.0,0.0,0.0,snapshot,,,,,,,/home/runner/work/Solana-Memecoin-Analysis/Solana-Memecoin-Analysis/data/cache/2026-10-08/000726889649_multi_pools_8df111a96f0c.json,2
2026-10-08T00:05:26.425711+00:00,DPZvsvbJHdBngReFpm7ToaG7zDg1jdv5eUYiz49Dzkwk,solana,Pump.fun,9Ezp2QqwHipZbRviYeFHw3EgJjDrFntpnFx2uJ7cStu9,OI,So11111111111111111111111111111111111111112,SOL,2026-10-06T09:59:32Z,3.363289462388374e-06,3363.289462,,2578.2582,120.23888328443253,100.0,,0.0,0.0,0.0,0.0,0.0,0.0,0,0,0,0,0,0,0,0,0,0,0,0,0,0,0,0,0,0,0,0,0,0,0,0,0.0,0.0,0.0,0.0,0.0,0.0,snapshot,,,,,,,/home/runner/work/Solana-Memecoin-Analysis/Solana-Memecoin-Analysis/data/cache/2026-10-08/000726889649_multi_pools_8df111a96f0c.json,2
2026-10-08T00:05:26.425711+00:00,FCPEN4i3EEf4AtTR36Lqmr1EJywdgi84sxHUcBHN6STe,solana,Pump.fun,J3ZqmedjCxVMFpAAwciJ8SKmyky79WjMz19Jczxx7Mh1,oi,So11111111111111111111111111111111111111112,SOL,2026-10-06T09:59:17Z,3.3407845451995123e-06,3340.784545,,2577.1541,119.48551929266011,,,0.0,0.0,0.0,0.0,0.0,0.0,0,0,0,0,0,0,0,0,0,0,0,0,0,0,0,0,0,0,0,0,0,0,0,0,0.0,0.0,0.0,0.0,0.0,0.0,snapshot,,,,,,,/home/runner/work/Solana-Memecoin-Analysis/Solana-Memecoin-Analysis/data/cache/2026-10-08/000726889649_multi_pools_8df111a96f0c.json,2
2026-10-08T00:05:26.425711+00:00,4759SGgn3ypWtPHoBq65wCWa1t1tbdA5cwsKjoHuX39d,solana,Orca,F4K2SbLNgyz9gzNqT8bPeLpRkxy4oMA9twaffUDdZtB6,POD,So11111111111111111111111111111111111111112,SOL,2026-09-27T16:45:21Z,0.001191598396828623,1066453.21837672,1066453.30962782,200926.5311,116.10967736809083,22.9642223449004,,215.2401922141,216.2407227492,285.5817640952,2944.5291687041,53475.3055411999,256422.499800019,1,1,1,1,1,2,1,2,2,2,2,2,5,8,5,6,76,84,40,50,601,455,273,263,4.07,4.034,-0.083,3.358,10.047,5.351,snapshot,,,,,,,/home/runner/work/Solana-Memecoin-Analysis/Solana-Memecoin-Analysis/data/cache/2026-10-08/000726889649_multi_pools_8df111a96f0c.json,2
2026-10-08T00:05:26.425711+00:00,ChNrwE3mgUCnjLSpibQErb7dL69jkDKTu8wBeKBHsPPZ,solana,Pump.fun,BTgSR3TtmwTTTpksDnwVNQyxRgC279aKGq8zBEXQpump,wApe,So11111111111111111111111111111111111111112,SOL,2026-10-06T10:13:12Z,1.2051322041572701e-08,24.10264408,,11.0873,120.43063326503199,100.0,,0.0,0.0,0.0,0.0,0.0,0.0,0,0,0,0,0,0,0,0,0,0,0,0,0,0,0,0,0,0,0,0,0,0,0,0,0.0,0.0,0.0,0.0,0.0,0.0,snapshot,,,,,,,/home/runner/work/Solana-Memecoin-Analysis/Solana-Memecoin-Analysis/data/cache/2026-10-08/000726889649_multi_pools_8df111a96f0c.json,2
2026-10-08T00:05:26.425711+00:00,7ziqzu9nfj3ApFeQSsrGLBEwWedNQaY81i8pu44j6VA5,solana,Pump.fun,5VvSEgVaJAXVxCqGp8doDeJmi6kRSidUdkdx2XaKPEaN,BARRON,So11111111111111111111111111111111111111112,SOL,2026-10-06T10:13:10Z,1.2858939154641428e-05,12820.1446716552,,0.0,119.9739023125307,,,0.0,0.0,0.0,0.0,0.0,0.0,0,0,0,0,0,0,0,0,0,0,0,0,0,0,0,0,0,0,0,0,0,0,0,0,0.0,0.0,0.0,0.0,0.0,0.0,snapshot,,,,,,,/home/runner/work/Solana-Memecoin-Analysis/Solana-Memecoin-Analysis/data/cache/2026-10-08/000726889649_multi_pools_8df111a96f0c.json,2
2026-10-08T00:05:26.425711+00:00,AQDMrkpp2n17QsnskHQb5djwN674JoKY7Fc95pJGtdH4,solana,Meteora DBC,5oBArzrJqLGaHFVbEMVXccjJSbHSrb31F5ufA6VvkLvw,LIEGE,So11111111111111111111111111111111111111112,SOL,2026-10-06T10:13:09Z,5.671814387779485e-05,56717.0312447612,,0.0,119.95488927712796,,,0.0,0.0,0.0,0.0,0.0,0.0,0,0,0,0,0,0,0,0,0,0,0,0,0,0,0,0,0,0,0,0,0,0,0,0,0.0,0.0,0.0,0.0,0.0,0.0,snapshot,,,,,,,/home/runner/work/Solana-Memecoin-Analysis/Solana-Memecoin-Analysis/data/cache/2026-10-08/000726889649_multi_pools_8df111a96f0c.json,2
2026-10-08T00:05:26.425711+00:00,D9XGnhcpeAxp6S5Y6CVfoXmHS5Zkhxe2oJb6oitGYzdB,solana,Orca,9NTKeBYxJLTNbrmoHRoyF7aPQ3KhszqJn6DA9K52EGDJ,USAD,Es9vMFrzaCERmJfrF4H2FYD4KCoNkY11McCe8BenwNYB,USDT,2026-10-06T10:13:08Z,0.998030062233934,998030062.2,,1022.2777,0.9981807875328513,,,0.0,0.0,0.0,0.0,0.0,0.0,0,0,0,0,0,0,0,0,0,0,0,0,0,0,0,0,0,0,0,0,0,0,0,0,0.0,0.0,0.0,0.0,0.0,0.0,snapshot,,,,,,,/home/runner/work/Solana-Memecoin-Analysis/Solana-Memecoin-Analysis/data/cache/2026-10-08/000726889649_multi_pools_8df111a96f0c.json,2
2026-10-08T00:05:26.425711+00:00,F3VzRCHVaMMZFQW4mLvBoRs37DpAgFzQmE8GiQowv7D5,solana,Pump.fun,C4zrWU2aDfjKwnuJajP9Ahh3kBQMT9SGq5pAkDNopump,Fox,So11111111111111111111111111111111111111112,SOL,2026-10-06T10:22:16Z,5.5088417701329e-06,11017.68354,,4228.5856,119.88538804606912,,,0.0,0.0,0.0,0.0,0.0,0.0,0,0,0,0,0,0,0,0,0,0,0,0,0,0,0,0,0,0,0,0,0,0,0,0,0.0,0.0,0.0,0.0,0.0,0.0,snapshot,,,,,,,/home/runner/work/Solana-Memecoin-Analysis/Solana-Memecoin-Analysis/data/cache/2026-10-08/000726889649_multi_pools_8df111a96f0c.json,2
2026-10-08T00:05:26.425711+00:00,EDwfpL1HG9vQfdHVDncq1c7Zd9393RJsvryJqrNqGYD3,solana,Meteora DBC,49azR9E8jWytrwPYUNZiyp1wZedYgL33qksmhadkXgaK,Neila,So11111111111111111111111111111111111111112,SOL,2026-10-06T10:22:05Z,5.215554896377695e-12,0.004024500409,,0.0,119.95774540979319,,,0.0,0.0,0.0,0.0,0.0,0.0,0,0,0,0,0,0,0,0,0,0,0,0,0,0,0,0,0,0,0,0,0,0,0,0,0.0,0.0,0.0,0.0,0.0,0.0,snapshot,,,,,,,/home/runner/work/Solana-Memecoin-Analysis/Solana-Memecoin-Analysis/data/cache/2026-10-08/000726889649_multi_pools_8df111a96f0c.json,2
2026-10-08T00:05:26.425711+00:00,Hq7TN31VCuapAswF29yfbX1FkFPjqQpP2p9p34QHvbTa,solana,Pump.fun,2UN4xMB2U7Gz7XYoaHxQjeaEEKGGpEAQRni7qdRpkWHN,PTC,3NZ9JMVBmGAqocybic2c7LQCJScmgsAZ6vQqTDzcqmJh,WBTC,2026-10-06T10:22:03Z,3.298144718667482e-06,3148.625935,,2533.9554,85880.76984128696,,,0.0,0.0,0.0,0.0,0.0,0.0,0,0,0,0,0,0,0,0,0,0,0,0,0,0,0,0,0,0,0,0,0,0,0,0,0.0,0.0,0.0,0.0,0.0,0.0,snapshot,,,,,,,/home/runner/work/Solana-Memecoin-Analysis/Solana-Memecoin-Analysis/data/cache/2026-10-08/000726889649_multi_pools_8df111a96f0c.json,2
2026-10-08T00:05:26.425711+00:00,8f1yvquqPVNH9umYs2JF5UBykYfMnJUSPNQmdeA94WLj,solana,Pump.fun,923A6LyhbsMbqxkUbMFA4qcNnC8SX2tYKi4s9NxYU6qS,EGGSCAP,So11111111111111111111111111111111111111112,SOL,2026-10-06T10:30:40Z,3.386955508478793e-06,3386.955508,,2599.7704,120.08225950307543,100.0,,0.0,0.0,0.0,0.0,0.0,0.0,0,0,0,0,0,0,0,0,0,0,0,0,0,0,0,0,0,0,0,0,0,0,0,0,0.0,0.0,0.0,0.0,0.0,0.0,snapshot,,,,,,,/home/runner/work/Solana-Memecoin-Analysis/Solana-Memecoin-Analysis/data/cache/2026-10-08/000726889649_multi_pools_8df111a96f0c.json,2
2026-10-08T00:05:26.425711+00:00,Fe7WM8VzVey5ZtT8Y8uBmX6DqjyuLjXrCRyn9o4LrNL7,solana,PumpSwap,7Xffjfwfscy93coeHspY91fvbN4u9Wnh9SXhjZaqpump,ARAGON,So11111111111111111111111111111111111111112,SOL,2026-10-06T10:30:40Z,0.019325266063121783,15961.2998653966,,0.00106956335095037,120.36342341613259,100.0,,0.0,0.0,0.0,0.0,0.0,0.0,0,0,0,0,0,0,0,0,0,0,0,0,0,0,0,0,0,0,0,0,0,0,0,0,0.0,0.0,0.0,0.0,0.0,0.0,snapshot,,,,,,,/home/runner/work/Solana-Memecoin-Analysis/Solana-Memecoin-Analysis/data/cache/2026-10-08/000726889649_multi_pools_8df111a96f0c.json,2
2026-10-08T00:05:26.425711+00:00,HfH2rNUzjuv5Hfe9oLycbJuVZXmzGzADmp6hPRCuhcM1,solana,Meteora DAMM V2,3BDSgMfLuNPbXVCXdVK9NKZP5CKFX1WRBHEceFSLsnM5,.meowfart,So11111111111111111111111111111111111111112,SOL,2026-10-06T10:30:34Z,1.1058754031634276e-05,11055.4421717293,,2.403098803e-07,120.13371847895672,,,0.0,0.0,0.0,0.0,0.0,0.0,0,0,0,0,0,0,0,0,0,0,0,0,0,0,0,0,0,0,0,0,0,0,0,0,0.0,0.0,0.0,0.0,0.0,0.0,snapshot,,,,,,,/home/runner/work/Solana-Memecoin-Analysis/Solana-Memecoin-Analysis/data/cache/2026-10-08/000726889649_multi_pools_8df111a96f0c.json,2
2026-10-08T00:05:26.425711+00:00,5KJXXXowpkazSuyjijLeCxYY24TcqrUtZ2KmhzcBK5QF,solana,Pump.fun,4eufx9pJ8Jdossytw6YBpo2KSAjnBbzzYmWWtNxbNLTT,CAM,So11111111111111111111111111111111111111112,SOL,2026-10-06T10:30:34Z,3.4095648321557302e-06,3409.564832,,2619.0745,119.993322083406,,,0.0,0.0,0.0,0.0,0.0,0.0,0,0,0,0,0,0,0,0,0,0,0,0,0,0,0,0,0,0,0,0,0,0,0,0,0.0,0.0,0.0,0.0,0.0,0.0,snapshot,,,,,,,/home/runner/work/Solana-Memecoin-Analysis/Solana-Memecoin-Analysis/data/cache/2026-10-08/000726889649_multi_pools_8df111a96f0c.json,2
2026-10-08T00:05:26.425711+00:00,FmXKbdCMa3q9rT8V7n5BBQCZPEHZKWYHavCczAMJrUzZ,solana,Pump.fun,E7CsrTkWC4cVkuw9izL4DoqNqAKtww3Mr2Cwkx9Jpump,TOAD,So11111111111111111111111111111111111111112,SOL,2026-10-06T10:30:27Z,3.4329357136319705e-06,6865.871428,,2639.1572,120.17260260683906,100.0,,0.0,0.0,0.0,0.0,0.0,0.0,0,0,0,0,0,0,0,0,0,0,0,0,0,0,0,0,0,0,0,0,0,0,0,0,0.0,0.0,0.0,0.0,0.0,0.0,snapshot,,,,,,,/home/runner/work/Solana-Memecoin-Analysis/Solana-Memecoin-Analysis/data/cache/2026-10-08/000726889649_multi_pools_8df111a96f0c.json,2
2026-10-08T00:05:26.425711+00:00,ABbvNiyCepRbRhX4t2EGgRyrLHG4V6Q62RAPhTakBL4P,solana,Pump.fun,CR7xmPoV3qAcrGubdqkaJb3racSdktRC9GFhuENJNGJd,CAM,So11111111111111111111111111111111111111112,SOL,2026-10-06T10:30:25Z,3.4085830161637197e-06,3408.583016,,2665.5855,120.04729485032547,,,0.0,0.0,0.0,0.0,0.0,0.0,0,0,0,0,0,0,0,0,0,0,0,0,0,0,0,0,0,0,0,0,0,0,0,0,0.0,0.0,0.0,0.0,0.0,0.0,snapshot,,,,,,,/home/runner/work/Solana-Memecoin-Analysis/Solana-Memecoin-Analysis/data/cache/2026-10-08/000726889649_multi_pools_8df111a96f0c.json,2
2026-10-08T00:05:26.425711+00:00,BB5iuCEnU7ccxieVUG6hoStFmJBifWNAWdGu6DmCcmEG,solana,Pump.fun,Dke4Z5SmSfpLbonWh1DpWvGQXyW1TPiDAKs4NjkLVLJr,CAM,So11111111111111111111111111111111111111112,SOL,2026-10-06T10:30:20Z,3.4078181064210597e-06,3407.818106,,2590.8796,121.23616441411515,100.0,,0.0,0.0,0.0,0.0,0.0,0.0,0,0,0,0,0,0,0,0,0,0,0,0,0,0,0,0,0,0,0,0,0,0,0,0,0.0,0.0,0.0,0.0,0.0,0.0,snapshot,,,,,,,/home/runner/work/Solana-Memecoin-Analysis/Solana-Memecoin-Analysis/data/cache/2026-10-08/000726889649_multi_pools_8df111a96f0c.json,2
2026-10-08T00:05:26.425711+00:00,4SahwitRmNoWmQ8EvN4VJtGmk4MAmK28xpASpAfxWUCZ,solana,Pump.fun,72QjgJyPu6R5GLhS4DSN98AbpYTcqS1SUdokZpGjpump,$NOVBEAR,So11111111111111111111111111111111111111112,SOL,2026-10-06T10:30:11Z,3.3760509237649653e-06,3376.050924,,2595.0054,119.91592124762683,100.0,,0.0,0.0,0.0,0.0,0.0,0.0,0,0,0,0,0,0,0,0,0,0,0,0,0,0,0,0,0,0,0,0,0,0,0,0,0.0,0.0,0.0,0.0,0.0,0.0,snapshot,,,,,,,/home/runner/work/Solana-Memecoin-Analysis/Solana-Memecoin-Analysis/data/cache/2026-10-08/000726889649_multi_pools_8df111a96f0c.json,2
2026-10-08T00:05:26.425711+00:00,7miriqZo4KJ7rDTAWxRic7SVXNZvDxcarfgddedFprPm,solana,Pump.fun,E527DFWarWQWBvosfe5gs5KF5GLchxQYqTGbjwi6pump,$CCOW,So11111111111111111111111111111111111111112,SOL,2026-10-06T10:30:11Z,2.955255614575737e-06,5910.51123,,2129.1515,120.08954648425131,100.0,,0.0,0.0,0.0,0.0,0.0,0.0,0,0,0,0,0,0,0,0,0,0,0,0,0,0,0,0,0,0,0,0,0,0,0,0,0.0,0.0,0.0,0.0,0.0,0.0,snapshot,,,,,,,/home/runner/work/Solana-Memecoin-Analysis/Solana-Memecoin-Analysis/data/cache/2026-10-08/000726889649_multi_pools_8df111a96f0c.json,2
2026-10-08T00:05:26.425711+00:00,BZP9sb4GosdEsR1YgTYD9Yw92Qzb9JVBM3Aizt8VK7xr,solana,Pump.fun,Cw2bgywhmQva6JizVirSTKeKFgvt2jWy4bMUZT12pump,Fox,So11111111111111111111111111111111111111112,SOL,2026-10-06T10:39:59Z,3.349821982708273e-06,6699.643966,,2573.5416,119.96743822114483,,,0.0,0.0,0.0,0.0,0.0,0.0,0,0,0,0,0,0,0,0,0,0,0,0,0,0,0,0,0,0,0,0,0,0,0,0,0.0,0.0,0.0,0.0,0.0,0.0,snapshot,,,,,,,/home/runner/work/Solana-Memecoin-Analysis/Solana-Memecoin-Analysis/data/cache/2026-10-08/000726889649_multi_pools_8df111a96f0c.json,2
2026-10-08T00:05:26.425711+00:00,GvaBxhh7JVqu7uVMDcWipcMR4r6vxDJFUsGHBUjng25X,solana,Pump.fun,FMbGEu77Xz38bGP9dF9t1qTFgrAcWHnGecDQGKMNpump,wind,So11111111111111111111111111111111111111112,SOL,2026-10-06T10:39:54Z,1.602286627120002e-08,32.04573254,,17.3893,120.32962677946867,,,0.0,0.0,0.0,0.0,0.0,0.0,0,0,0,0,0,0,0,0,0,0,0,0,0,0,0,0,0,0,0,0,0,0,0,0,0.0,0.0,0.0,0.0,0.0,0.0,snapshot,,,,,,,/home/runner/work/Solana-Memecoin-Analysis/Solana-Memecoin-Analysis/data/cache/2026-10-08/000726889649_multi_pools_8df111a96f0c.json,2
2026-10-08T00:05:26.425711+00:00,6tmmm1FSs1ZKcSyaJym3gCBt8y3tkXUk72P4qSTcEUKv,solana,Pump.fun,JCQ3b5vBGPbH2J7LAomNCHZH34moFetSQbzJoa5ipump,チイカワ,So11111111111111111111111111111111111111112,SOL,2026-10-06T10:39:52Z,3.4519983705144907e-06,3451.998371,,2602.4036,119.96749268537714,,,0.0,0.0,0.0,0.0,0.0,0.0,0,0,0,0,0,0,0,0,0,0,0,0,0,0,0,0,0,0,0,0,0,0,0,0,0.0,0.0,0.0,0.0,0.0,0.0,snapshot,,,,,,,/home/runner/work/Solana-Memecoin-Analysis/Solana-Memecoin-Analysis/data/cache/2026-10-08/000726889649_multi_pools_8df111a96f0c.json,2
2026-10-08T00:05:26.425711+00:00,A7mRFt24DbhtiJyaRhrywwY6ussLXepVpsAoFPrXUu1m,solana,Pump.fun,EART38TTEKQuevey2uS8pz8QCghYm7dBt4K8onRnpump,Luna,So11111111111111111111111111111111111111112,SOL,2026-10-06T10:39:36Z,3.362670957901695e-06,3362.670958,,2584.5727,119.94253241454356,,,0.0,0.0,0.0,0.0,0.0,0.0,0,0,0,0,0,0,0,0,0,0,0,0,0,0,0,0,0,0,0,0,0,0,0,0,0.0,0.0,0.0,0.0,0.0,0.0,snapshot,,,,,,,/home/runner/work/Solana-Memecoin-Analysis/Solana-Memecoin-Analysis/data/cache/2026-10-08/000742025380_multi_pools_cc32ae261d85.json,2
2026-10-08T00:05:26.425711+00:00,9RZiLm2Ami4oEkrAmcmtTjtNteZTw1NSLnEdhFaXHoLv,solana,Pump.fun,A861F7H95JjZWWMZ2Qn9vKZxZ6cWpBZifwU7Fo7Lpump,sobaka,So11111111111111111111111111111111111111112,SOL,2026-10-06T10:39:35Z,3.4430177401909876e-06,3443.01774,,2652.3745,120.15483536634103,,,0.0,0.0,0.0,0.0,0.0,0.0,0,0,0,0,0,0,0,0,0,0,0,0,0,0,0,0,0,0,0,0,0,0,0,0,0.0,0.0,0.0,0.0,0.0,0.0,snapshot,,,,,,,/home/runner/work/Solana-Memecoin-Analysis/Solana-Memecoin-Analysis/data/cache/2026-10-08/000742025380_multi_pools_cc32ae261d85.json,2
2026-10-08T00:05:26.425711+00:00,8QjJHtZ9hMkMh2qicdVUEAnckoqdJuRmK2geCJEKLAb,solana,Pump.fun,26LiFmoVqGufzix9mtxFiZmKiHbMzgXyJe6ApatHpump,WOLF,XsCPL9dNWBMvFtTmwcCA5v3xWPSMEBCszbQdiLLq6aN,GOOGLx,2026-10-06T10:39:32Z,3.710492831230624e-06,3710.485008611,,2909.6471,351.1035243193617,100.0,,0.0,0.522024231,0.522024231,0.522024231,6.0511864692,560.7057916862,0,0,0,0,0,1,0,1,0,1,0,1,0,1,0,1,0,2,0,2,2,9,1,9,0.0,0.0,0.0,0.0,-0.266,-22.282,snapshot,,,,,,,/home/runner/work/Solana-Memecoin-Analysis/Solana-Memecoin-Analysis/data/cache/2026-10-08/000742025380_multi_pools_cc32ae261d85.json,2
2026-10-08T00:05:26.425711+00:00,EvU5FMTZyUmDFqQvrEFBD5kkX86jGVzDAnWi8qJJZCj4,solana,Pump.fun,AWLa3sHXHTBmF9ts1giEyiozB9AAA5j9ZZJvVBzDpump,Sparsity,So11111111111111111111111111111111111111112,SOL,2026-10-06T10:39:31Z,3.376258046328553e-06,3376.258046,,2586.2349,120.34954324736385,,,0.0,0.0,0.0,0.0,0.0,0.0,0,0,0,0,0,0,0,0,0,0,0,0,0,0,0,0,0,0,0,0,0,0,0,0,0.0,0.0,0.0,0.0,0.0,0.0,snapshot,,,,,,,/home/runner/work/Solana-Memecoin-Analysis/Solana-Memecoin-Analysis/data/cache/2026-10-08/000742025380_multi_pools_cc32ae261d85.json,2
2026-10-08T00:05:26.425711+00:00,9PuufU4KstNFJS3fTn1fRMqWi5H9YZaLUyVtjnmHMXSP,solana,Pump.fun,FG5nXPthBNtqAhfXCTncxqfRYjPojHoEwUcULvy5pump,JEVABLE,So11111111111111111111111111111111111111112,SOL,2026-10-06T10:49:27Z,1.2196174290523627e-06,2439.234858,,916.7969,120.2818898981648,,,0.0,0.0,0.0,0.0,0.0,0.0,0,0,0,0,0,0,0,0,0,0,0,0,0,0,0,0,0,0,0,0,0,0,0,0,0.0,0.0,0.0,0.0,0.0,0.0,snapshot,,,,,,,/home/runner/work/Solana-Memecoin-Analysis/Solana-Memecoin-Analysis/data/cache/2026-10-08/000742025380_multi_pools_cc32ae261d85.json,2
2026-10-08T00:05:26.425711+00:00,DYfzavh8UzgN6MavY1ktExHeoKmjueX2jVguquK9Z6WS,solana,Pump.fun,Cvsaupm7S54jtwrhn7MuLPg7WCcuZTUxbV5da59Jpump,JoggsPad,So11111111111111111111111111111111111111112,SOL,2026-10-06T10:49:26Z,3.6186385006700482e-06,3618.638501,,2813.0214,118.2625061135836,100.0,,0.0,0.0,0.0,0.0,0.0,35.8516465247,0,0,0,0,0,0,0,0,0,0,0,0,0,0,0,0,0,0,0,0,0,1,0,1,0.0,0.0,0.0,0.0,0.0,0.0,snapshot,,,,,,,/home/runner/work/Solana-Memecoin-Analysis/Solana-Memecoin-Analysis/data/cache/2026-10-08/000742025380_multi_pools_cc32ae261d85.json,2
2026-10-08T00:05:26.425711+00:00,7rJF39znvBVo72xmANLnFyrgeoxD9ZHpjwJNpshkiGCw,solana,Pump.fun,AbyZuMfpyjgYuq2UEX8aR38Bwg2T1B8g5HZpkYfipump,AGENT,So11111111111111111111111111111111111111112,SOL,2026-10-06T10:49:22Z,3.4020605282855047e-06,3402.060528,,2604.2332,120.41182876745556,,,0.0,0.0,0.0,0.0,0.0,0.0,0,0,0,0,0,0,0,0,0,0,0,0,0,0,0,0,0,0,0,0,0,0,0,0,0.0,0.0,0.0,0.0,0.0,0.0,snapshot,,,,,,,/home/runner/work/Solana-Memecoin-Analysis/Solana-Memecoin-Analysis/data/cache/2026-10-08/000742025380_multi_pools_cc32ae261d85.json,2
2026-10-08T00:05:26.425711+00:00,FbkoXvUbB893TJshbwTPpw3rJmBpHZNA5XdU38ReQsYW,solana,Pump.fun,AemnRwGuLRCoUWPr2WWLbghSpTe1QAmgLhP9HNtopump,smokecat,So11111111111111111111111111111111111111112,SOL,2026-10-06T10:49:09Z,3.381567360795198e-06,3508.334095,,2592.9367,120.20774326498976,,,0.0,0.0,0.0,0.0,0.0,0.0,0,0,0,0,0,0,0,0,0,0,0,0,0,0,0,0,0,0,0,0,0,0,0,0,0.0,0.0,0.0,0.0,0.0,0.0,snapshot,,,,,,,/home/runner/work/Solana-Memecoin-Analysis/Solana-Memecoin-Analysis/data/cache/2026-10-08/000742025380_multi_pools_cc32ae261d85.json,2
2026-10-08T00:05:26.425711+00:00,CamfDXztJV8YGowYK1pwHC54wpm9YMD5HXa7DLGRGZhd,solana,Pump.fun,9zZEz56hASV9HVrYtuM1hxzifKLLxF6XUQ4HyU32gH3D,MILO,So11111111111111111111111111111111111111112,SOL,2026-10-06T10:49:01Z,3.3670182502839564e-06,3367.01825,,2577.433,120.410599267652,,,0.0,0.0,0.0,0.0,0.0,0.0,0,0,0,0,0,0,0,0,0,0,0,0,0,0,0,0,0,0,0,0,0,0,0,0,0.0,0.0,0.0,0.0,0.0,0.0,snapshot,,,,,,,/home/runner/work/Solana-Memecoin-Analysis/Solana-Memecoin-Analysis/data/cache/2026-10-08/000742025380_multi_pools_cc32ae261d85.json,2
2026-10-08T00:05:26.425711+00:00,4bmwtR7v8F8pE9xUumPcWE5J9mN977ybRbETZbEtTitM,solana,Pump.fun,Ho56cbve5JXdAgRHQmyg3nNLTGoY9e6XhomciCtnpump,CATNEW,So11111111111111111111111111111111111111112,SOL,2026-10-06T10:49:00Z,2.0160786291861536e-06,4032.157258,,1759.1088,121.74833531591878,100.0,,0.0,0.0,0.0,0.0,0.0,0.0,0,0,0,0,0,0,0,0,0,0,0,0,0,0,0,0,0,0,0,0,0,0,0,0,0.0,0.0,0.0,0.0,0.0,0.0,snapshot,,,,,,,/home/runner/work/Solana-Memecoin-Analysis/Solana-Memecoin-Analysis/data/cache/2026-10-08/000742025380_multi_pools_cc32ae261d85.json,2
2026-10-08T00:05:26.425711+00:00,BJYYMYXRxqsTg8GuH5wzMcUPDnxEB2mne2dLRr1bRZuS,solana,Pump.fun,FmoF8AABEwyEMyTs4yNdUwEvAU1WqsM4ApcCJZmgpump,GoldenPig,So11111111111111111111111111111111111111112,SOL,2026-10-06T10:58:37Z,3.370409205512482e-06,3370.409206,,2619.6788,120.22688763258432,100.0,,0.0,0.0,0.0,0.0,0.0,0.0,0,0,0,0,0,0,0,0,0,0,0,0,0,0,0,0,0,0,0,0,0,0,0,0,0.0,0.0,0.0,0.0,0.0,0.0,snapshot,,,,,,,/home/runner/work/Solana-Memecoin-Analysis/Solana-Memecoin-Analysis/data/cache/2026-10-08/000742025380_multi_pools_cc32ae261d85.json,2
2026-10-08T00:05:26.425711+00:00,J1719121nUR8aVaFA4Ac6KwLwsX1FM1bJdKNySNBsgar,solana,Pump.fun,B4jS8FKVmKGmmy1HRGUYJkFWfdAqiJh6bnrccdfUpump,JKLANTERN,So11111111111111111111111111111111111111112,SOL,2026-10-06T10:58:34Z,5.902134499910811e-06,32310.0728453296,,0.0,120.14506310391978,,,0.0,0.0,0.0,0.0,0.0,0.0,0,0,0,0,0,0,0,0,0,0,0,0,0,0,0,0,0,0,0,0,0,0,0,0,0.0,0.0,0.0,0.0,0.0,0.0,snapshot,,,,,,,/home/runner/work/Solana-Memecoin-Analysis/Solana-Memecoin-Analysis/data/cache/2026-10-08/000742025380_multi_pools_cc32ae261d85.json,2
2026-10-08T00:05:26.425711+00:00,BFpx8SrjpEhpv4Pvaecxjt1371CaduBKW6QhTd1SxPQm,solana,Pump.fun,5FuQyTjeAZnRh5p7hE5dJauu6oeoYWS64irThEN5pump,WAKE,So11111111111111111111111111111111111111112,SOL,2026-10-06T10:58:25Z,3.3609092287267626e-06,3360.909229,,2578.0606,120.16314722019679,100.0,,0.0,0.0,0.0,0.0,0.0,0.0,0,0,0,0,0,0,0,0,0,0,0,0,0,0,0,0,0,0,0,0,0,0,0,0,0.0,0.0,0.0,0.0,0.0,0.0,snapshot,,,,,,,/home/runner/work/Solana-Memecoin-Analysis/Solana-Memecoin-Analysis/data/cache/2026-10-08/000742025380_multi_pools_cc32ae261d85.json,2
2026-10-08T00:05:26.425711+00:00,8mvZEnHKsyTNfc4gQsSZmLEjTsTx2TFLzRWPFoexJv6,solana,Pump.fun,6Xe7a2kuVguwntsysHjMsieA9ZcxBMq9Npa3PvhLpump,GNB,So11111111111111111111111111111111111111112,SOL,2026-10-06T10:58:15Z,4.913154722993797e-06,9826.309446,,3759.8495,120.2389651462114,100.0,,0.0,0.0,0.0,0.0,0.0,0.0,0,0,0,0,0,0,0,0,0,0,0,0,0,0,0,0,0,0,0,0,0,0,0,0,0.0,0.0,0.0,0.0,0.0,0.0,snapshot,,,,,,,/home/runner/work/Solana-Memecoin-Analysis/Solana-Memecoin-Analysis/data/cache/2026-10-08/000742025380_multi_pools_cc32ae261d85.json,2
2026-10-08T00:05:26.425711+00:00,FUJ2QqGMNDsSHWmga91ZrUZTTH15ZFByjnCmhk8ga2ny,solana,Pump.fun,Dy9UZS8rHWERWPvMH5S2a6JS5JuVddY73b7b9KkXpump,sol,So11111111111111111111111111111111111111112,SOL,2026-10-06T11:04:49Z,4.7200813105868465e-06,9440.162622,,2817.6005,120.30885211777017,,,0.0,0.0,0.0,0.0,0.0,0.0,0,0,0,0,0,0,0,0,0,0,0,0,0,0,0,0,0,0,0,0,0,0,0,0,0.0,0.0,0.0,0.0,0.0,0.0,snapshot,,,,,,,/home/runner/work/Solana-Memecoin-Analysis/Solana-Memecoin-Analysis/data/cache/2026-10-08/000742025380_multi_pools_cc32ae261d85.json,2
2026-10-08T00:05:26.425711+00:00,WdFdXJLHoxNAzw6Y9bbyKdSzDaZMevBUdqXGizsGSBT,solana,Pump.fun,7k9p8Wx6aeZGu81nrJMWYDF6nPYn5p76UejxuPyjpump,BUCKAZOIDS,So11111111111111111111111111111111111111112,SOL,2026-10-06T11:04:47Z,1.0145253590562343e-06,2029.050718,,763.8405,120.30874142968304,,,0.0,0.0,0.0,0.0,0.0,0.0,0,0,0,0,0,0,0,0,0,0,0,0,0,0,0,0,0,0,0,0,0,0,0,0,0.0,0.0,0.0,0.0,0.0,0.0,snapshot,,,,,,,/home/runner/work/Solana-Memecoin-Analysis/Solana-Memecoin-Analysis/data/cache/2026-10-08/000742025380_multi_pools_cc32ae261d85.json,2
2026-10-08T00:05:26.425711+00:00,Cb2rUbNvSFWUvsVdwX4z6jkM51XNR6LgZQ8VMs98DKP9,solana,Pump.fun,CWf2UMuEXSpV8jxQcWFzTeBLHpMfCuxLSbntvur9pump,PUMP,So11111111111111111111111111111111111111112,SOL,2026-10-06T11:04:29Z,8.50332101698618e-06,17006.642034,,5554.3239,120.30927621414389,,,0.0,0.0,0.0,0.0,0.0,0.0,0,0,0,0,0,0,0,0,0,0,0,0,0,0,0,0,0,0,0,0,0,0,0,0,0.0,0.0,0.0,0.0,0.0,0.0,snapshot,,,,,,,/home/runner/work/Solana-Memecoin-Analysis/Solana-Memecoin-Analysis/data/cache/2026-10-08/000742025380_multi_pools_cc32ae261d85.json,2
2026-10-08T00:05:26.425711+00:00,F2ddH8jMZFxTxYZuVqogbcHxdvmamLKkaU9tvmr4khUF,solana,Pump.fun,6q7w3i9BddooG7TmZVoZtQQBH3kyph1apUKWbgwvYLZs,DOTNAME,So11111111111111111111111111111111111111112,SOL,2026-10-06T11:04:19Z,3.374135544492707e-06,3389.353153,,2586.8236,120.22711771224448,100.0,,0.0,0.0,0.0,0.0,0.0,0.0,0,0,0,0,0,0,0,0,0,0,0,0,0,0,0,0,0,0,0,0,0,0,0,0,0.0,0.0,0.0,0.0,0.0,0.0,snapshot,,,,,,,/home/runner/work/Solana-Memecoin-Analysis/Solana-Memecoin-Analysis/data/cache/2026-10-08/000742025380_multi_pools_cc32ae261d85.json,2
2026-10-08T00:05:26.425711+00:00,53W7r4XUxCSnLGoAvj3nPiXnSzyWGZkYHVavYtLpyaXM,solana,PumpSwap,5VnbrKp28Qs9CAH6PyZdxBNvLxZcbeX3YBsozgWnpump,darwin,So11111111111111111111111111111111111111112,SOL,2026-10-04T01:45:59Z,0.0010312099703396764,972479.348164651,972479.598995056,111892.4141,116.12280571082576,100.0,,315.771662644,8330.0507653844,11221.5605154671,24506.9773155591,335917.467207439,1639409.36389041,4,10,4,9,34,53,26,36,78,92,46,56,156,211,103,127,1949,2302,933,1118,7682,8240,2824,3216,0.83,11.052,11.884,27.077,6.739,122.793,snapshot,,,,,,,/home/runner/work/Solana-Memecoin-Analysis/Solana-Memecoin-Analysis/data/cache/2026-10-08/000742025380_multi_pools_cc32ae261d85.json,2
2026-10-08T00:05:26.425711+00:00,EhKdPhBi31arcZZLQVW2Gho75zUU6Z5ipuqHm1sGfH58,solana,Pump.fun,7V5M7Jx2Zf3VsEfEjxtktth6iMJp2xWzfqj92yNDg8oJ,HANNING,So11111111111111111111111111111111111111112,SOL,2026-10-06T11:16:08Z,3.421544126466219e-06,3421.544126,,2660.1437,118.47675882240841,100.0,,0.0,0.0,0.0,0.0,0.0,234.028412663,0,0,0,0,0,0,0,0,0,0,0,0,0,0,0,0,0,0,0,0,1,1,1,1,0.0,0.0,0.0,0.0,0.0,0.0,snapshot,,,,,,,/home/runner/work/Solana-Memecoin-Analysis/Solana-Memecoin-Analysis/data/cache/2026-10-08/000742025380_multi_pools_cc32ae261d85.json,2
2026-10-08T00:05:26.425711+00:00,ZAYYZeFMRArcRxEuw9M126jeDRMV8wYv7LwT6KKTh24,solana,Pump.fun,cXqJKdukyEhDLb1fwS1ByZv8obprR3scRU7xEWppump,cap,So11111111111111111111111111111111111111112,SOL,2026-10-06T11:16:03Z,7.149349667763184e-06,14298.699336,,5189.6745,120.29248858322848,,,0.0,0.0,0.0,0.0,0.0,0.0,0,0,0,0,0,0,0,0,0,0,0,0,0,0,0,0,0,0,0,0,0,0,0,0,0.0,0.0,0.0,0.0,0.0,0.0,snapshot,,,,,,,/home/runner/work/Solana-Memecoin-Analysis/Solana-Memecoin-Analysis/data/cache/2026-10-08/000742025380_multi_pools_cc32ae261d85.json,2
2026-10-08T00:05:26.425711+00:00,Gq5GgQFqEb8RaGL4mgELZrQ6LcLgJnt4P7J99XyBcwpN,solana,PumpSwap,3sDxNrWDoYqyPgeFFwSFGYDppVdhMpv6N5nt66k4k2pD,臺北,So11111111111111111111111111111111111111112,SOL,2026-10-06T11:15:54Z,5.336164193587271e-05,42698.4145509909,,6.14652336916585e-07,120.30158115310682,,,0.0,0.0,0.0,0.0,0.0,0.0,0,0,0,0,0,0,0,0,0,0,0,0,0,0,0,0,0,0,0,0,0,0,0,0,0.0,0.0,0.0,0.0,0.0,0.0,snapshot,,,,,,,/home/runner/work/Solana-Memecoin-Analysis/Solana-Memecoin-Analysis/data/cache/2026-10-08/000742025380_multi_pools_cc32ae261d85.json,2
2026-10-08T00:05:26.425711+00:00,CL4d1ntHk2uxtcLrmM9FDDHUu4bai1XXvjdFMbGp9ud9,solana,Pump.fun,8wS7vBNCegB2539QHYqRB35k1oNuJ2GGA46Ltq5pump,BMO,So11111111111111111111111111111111111111112,SOL,2026-10-06T11:23:52Z,3.3634122125941505e-06,3363.412213,,2576.1965,120.25885305020664,,,0.0,0.0,0.0,0.0,0.0,0.0,0,0,0,0,0,0,0,0,0,0,0,0,0,0,0,0,0,0,0,0,0,0,0,0,0.0,0.0,0.0,0.0,0.0,0.0,snapshot,,,,,,,/home/runner/work/Solana-Memecoin-Analysis/Solana-Memecoin-Analysis/data/cache/2026-10-08/000742025380_multi_pools_cc32ae261d85.json,2
2026-10-08T00:05:26.425711+00:00,3XDGVKsqD4KAsG2E15d4urwZ1XzdDVRTZc7aqAGRFFoB,solana,Pump.fun,Nh9F9jdXbXj3J5sFcgQZgxX3TEFyYM4UBgLdPeDpump,DODGE,So11111111111111111111111111111111111111112,SOL,2026-10-06T11:23:50Z,1.3538898272227404e-06,2707.779654,,1040.2113,120.14560614540747,,,0.0,0.0,0.0,0.0,0.0,0.0,0,0,0,0,0,0,0,0,0,0,0,0,0,0,0,0,0,0,0,0,0,0,0,0,0.0,0.0,0.0,0.0,0.0,0.0,snapshot,,,,,,,/home/runner/work/Solana-Memecoin-Analysis/Solana-Memecoin-Analysis/data/cache/2026-10-08/000742025380_multi_pools_cc32ae261d85.json,2
2026-10-08T00:05:26.425711+00:00,7YEuJA9YZTD1hx28zQvozpKFr7ZUmyKqHo7dGvH7Yqju,solana,Meteora DBC,FWaWQ2pFcb2NdHpzk9WhZ2VsbSivRrKaoTgeASq5xymH,NVGOMO,So11111111111111111111111111111111111111112,SOL,2026-10-06T11:33:49Z,3.966632206755116e-06,3966.632207,,3828.8583,120.32119034682447,,,0.0,0.0,0.0,0.0,0.0,0.0,0,0,0,0,0,0,0,0,0,0,0,0,0,0,0,0,0,0,0,0,0,0,0,0,0.0,0.0,0.0,0.0,0.0,0.0,snapshot,,,,,,,/home/runner/work/Solana-Memecoin-Analysis/Solana-Memecoin-Analysis/data/cache/2026-10-08/000742025380_multi_pools_cc32ae261d85.json,2
2026-10-08T00:05:26.425711+00:00,Gd7EQeV1iPpjWciiiYtx4vW9B6J6wYbUEqKkwHfZnvXH,solana,Pump.fun,7vDY4y8Rh9vzyFPob34uxw72Tpc724WfcF4u1iAnpump,DOLPHIN,So11111111111111111111111111111111111111112,SOL,2026-10-06T11:33:47Z,4.113130360623288e-06,8226.260722,,3060.3912,120.24750055312066,,,0.0,0.0,0.0,0.0,0.0,0.0,0,0,0,0,0,0,0,0,0,0,0,0,0,0,0,0,0,0,0,0,0,0,0,0,0.0,0.0,0.0,0.0,0.0,0.0,snapshot,,,,,,,/home/runner/work/Solana-Memecoin-Analysis/Solana-Memecoin-Analysis/data/cache/2026-10-08/000742025380_multi_pools_cc32ae261d85.json,2
2026-10-08T00:05:26.425711+00:00,4Ca1smEXUwieYwo2ofVqZvLuFQ8A4fhCYQzNJscqJ42F,solana,Pump.fun,CGyKEQTmLGfrgyHS3CgM1rNoSwK7BVp6qP9ct2D6pump,pruple,So11111111111111111111111111111111111111112,SOL,2026-10-06T11:33:46Z,1.1406327604370761e-05,22812.6552,,8327.2302,120.24386251925503,,,0.0,0.0,0.0,0.0,0.0,0.0,0,0,0,0,0,0,0,0,0,0,0,0,0,0,0,0,0,0,0,0,0,0,0,0,0.0,0.0,0.0,0.0,0.0,0.0,snapshot,,,,,,,/home/runner/work/Solana-Memecoin-Analysis/Solana-Memecoin-Analysis/data/cache/2026-10-08/000742025380_multi_pools_cc32ae261d85.json,2
2026-10-08T00:05:26.425711+00:00,5RDCZHwb7HjQwZZiXuxbnHxrwTzNBsUbGxdXoqscLHSu,solana,Pump.fun,2ebwT4Rrz9XXLVvrGrEo7oKMFijbBzNbAtovLE8YDjXF,Commodities,So11111111111111111111111111111111111111112,SOL,2026-10-06T11:33:39Z,3.297158555536832e-06,3297.158556,,2579.0884,117.75775446591565,100.0,,0.0,0.0,0.0,0.0,0.0,0.05586062823,0,0,0,0,0,0,0,0,0,0,0,0,0,0,0,0,0,0,0,0,0,1,0,1,0.0,0.0,0.0,0.0,0.0,0.0,snapshot,,,,,,,/home/runner/work/Solana-Memecoin-Analysis/Solana-Memecoin-Analysis/data/cache/2026-10-08/000742025380_multi_pools_cc32ae261d85.json,2
2026-10-08T00:05:26.425711+00:00,AfPAT31cjspfkMF8zPRQ3t59isUo382W5XyCaYKeeyuZ,solana,Pump.fun,9fny5RsfznDQKjXfcczXKCiNDuHCVRbsjJjsCrwbQJLJ,FLOAT,So11111111111111111111111111111111111111112,SOL,2026-10-06T11:33:38Z,3.42889332148957e-06,3428.893321,,2626.2304,120.26448961506217,,,0.0,0.0,0.0,0.0,0.0,0.0,0,0,0,0,0,0,0,0,0,0,0,0,0,0,0,0,0,0,0,0,0,0,0,0,0.0,0.0,0.0,0.0,0.0,0.0,snapshot,,,,,,,/home/runner/work/Solana-Memecoin-Analysis/Solana-Memecoin-Analysis/data/cache/2026-10-08/000742025380_multi_pools_cc32ae261d85.json,2
2026-10-08T00:05:26.425711+00:00,6Jm7be5Ssou2hgTrW465mDha4LGoM5RoDT1rC7bxvAGf,solana,Pump.fun,jwY2JhxzVPLnL93p1Fm5JtdMcJoqKbjd5fVwGSVpump,SNAKE,So11111111111111111111111111111111111111112,SOL,2026-10-06T11:33:26Z,1.62898949156603e-06,3257.978984,,1245.2826,120.14394066012586,,,0.0,0.0,0.0,0.0,0.0,0.0,0,0,0,0,0,0,0,0,0,0,0,0,0,0,0,0,0,0,0,0,0,0,0,0,0.0,0.0,0.0,0.0,0.0,0.0,snapshot,,,,,,,/home/runner/work/Solana-Memecoin-Analysis/Solana-Memecoin-Analysis/data/cache/2026-10-08/000742025380_multi_pools_cc32ae261d85.json,2
2026-10-08T00:05:26.425711+00:00,8VBf2ckjYh4CJYS5nNi1VpLGiBbSWiREtpHktmJR8NoJ,solana,Meteora DAMM V2,4YyfwXF7S2CF4P8ik79yBXNkM46UZRBQmvK7v7vybonk,CPU,So11111111111111111111111111111111111111112,SOL,2026-10-06T11:42:50Z,2.210437310111461e-05,22150.43871,,1.70385944636482e-05,120.81376091577492,,,0.0,0.0,0.0,0.0,0.0,0.0,0,0,0,0,0,0,0,0,0,0,0,0,0,0,0,0,0,0,0,0,0,0,0,0,0.0,0.0,0.0,0.0,0.0,0.0,snapshot,,,,,,,/home/runner/work/Solana-Memecoin-Analysis/Solana-Memecoin-Analysis/data/cache/2026-10-08/000757023219_multi_pools_6adc8544081b.json,2
2026-10-08T00:05:26.425711+00:00,728zzoV49aZnjWnw1ghZy2farCyK2kRdqxPwJMpApSWb,solana,Pump.fun,FZXssnvVuLRK92x5DGfvtfKJHS6841X1NnVzXzKepump,FERSPE,So11111111111111111111111111111111111111112,SOL,2026-10-06T11:42:44Z,2.7358558824488446e-07,547.1711764,,329.1455,120.10449695430805,100.0,,0.0,0.0,0.0,0.0,0.0,0.0,0,0,0,0,0,0,0,0,0,0,0,0,0,0,0,0,0,0,0,0,0,0,0,0,0.0,0.0,0.0,0.0,0.0,0.0,snapshot,,,,,,,/home/runner/work/Solana-Memecoin-Analysis/Solana-Memecoin-Analysis/data/cache/2026-10-08/000757023219_multi_pools_6adc8544081b.json,2
2026-10-08T00:05:26.425711+00:00,5HQeS2fS5vArNTHqQPEb7v4pfya7JKfXMaVwaLHUNUiP,solana,Pump.fun,EhSj4hYa7EdZ1iRU6WJQfJEHMYgJzv4WoxomTG9rpump,SOLANA,So11111111111111111111111111111111111111112,SOL,2026-10-06T11:42:43Z,4.873287992148276e-06,9746.575984,,3720.8075,120.10596807316655,100.0,,0.0,0.0,0.0,0.0,0.0,0.0,0,0,0,0,0,0,0,0,0,0,0,0,0,0,0,0,0,0,0,0,0,0,0,0,0.0,0.0,0.0,0.0,0.0,0.0,snapshot,,,,,,,/home/runner/work/Solana-Memecoin-Analysis/Solana-Memecoin-Analysis/data/cache/2026-10-08/000757023219_multi_pools_6adc8544081b.json,2
2026-10-08T00:05:26.425711+00:00,mPhE9JZYaJgkvYsr3uBB3mmHp1kpFjUiooHH26Bfzsf,solana,Pump.fun,6iA16aUVg6czEa8A9h5ZVuoWJJPUyTJ9qpgVqLxppump,FALCONS,So11111111111111111111111111111111111111112,SOL,2026-10-06T11:42:40Z,3.472497579841621e-06,3472.49758,,2657.2402,120.36617612568716,100.0,,0.0,0.0,0.0,0.0,0.0,0.0,0,0,0,0,0,0,0,0,0,0,0,0,0,0,0,0,0,0,0,0,0,0,0,0,0.0,0.0,0.0,0.0,0.0,0.0,snapshot,,,,,,,/home/runner/work/Solana-Memecoin-Analysis/Solana-Memecoin-Analysis/data/cache/2026-10-08/000757023219_multi_pools_6adc8544081b.json,2
2026-10-08T00:05:26.425711+00:00,2AuvnGqJBKAnARaGjoQtoNeFqg8aZaztYT5hmQSVFaD7,solana,Bags.fm,EWdUVoTgkYoVhHFUv28gNifq3YKAe4uEJdG5ELZPBAGS,THRONOS,So11111111111111111111111111111111111111112,SOL,2026-10-06T11:42:13Z,3.610780668669021e-05,36107.80669,,34866.5965,120.26286406853383,,,0.0,0.0,0.0,0.0,0.0,0.0,0,0,0,0,0,0,0,0,0,0,0,0,0,0,0,0,0,0,0,0,0,0,0,0,0.0,0.0,0.0,0.0,0.0,0.0,snapshot,,,,,,,/home/runner/work/Solana-Memecoin-Analysis/Solana-Memecoin-Analysis/data/cache/2026-10-08/000757023219_multi_pools_6adc8544081b.json,2
2026-10-08T00:05:26.425711+00:00,GX5Yg4V1AqawxjWK5E1Vae32PUW8h87v7TjQoRj1eEA,solana,Pump.fun,GgtjZ2ctUMqp9yRbZbpf6X1s6MfQDDhRQcc8tGhhpump,UDR,So11111111111111111111111111111111111111112,SOL,2026-10-06T11:42:12Z,3.3844936087085008e-06,3384.493609,,2582.4943,120.70629676804664,,,0.0,0.0,0.0,0.0,0.0,0.0,0,0,0,0,0,0,0,0,0,0,0,0,0,0,0,0,0,0,0,0,0,0,0,0,0.0,0.0,0.0,0.0,0.0,0.0,snapshot,,,,,,,/home/runner/work/Solana-Memecoin-Analysis/Solana-Memecoin-Analysis/data/cache/2026-10-08/000757023219_multi_pools_6adc8544081b.json,2
2026-10-08T00:05:26.425711+00:00,5t5A62S8JhCwLsJCtuMD72ENSYuC7LxWaEH9CtgRpnNr,solana,Meteora DAMM V2,D4vqvXHaem6RaE6RM3aZs9E7xcpNaoXLqfFSn4SDWAkK,gifcat,So11111111111111111111111111111111111111112,SOL,2026-10-06T11:50:52Z,1.0224266865173649e-05,10221.8623801438,,2.404667485e-07,120.23245808803782,,,0.0,0.0,0.0,0.0,0.0,0.0,0,0,0,0,0,0,0,0,0,0,0,0,0,0,0,0,0,0,0,0,0,0,0,0,0.0,0.0,0.0,0.0,0.0,0.0,snapshot,,,,,,,/home/runner/work/Solana-Memecoin-Analysis/Solana-Memecoin-Analysis/data/cache/2026-10-08/000757023219_multi_pools_6adc8544081b.json,2
2026-10-08T00:05:26.425711+00:00,JmkWpdrnTYcFCyvoXF74i7V19D7SkFbzCN24SeqaKpc,solana,Meteora DBC,EogCi6WACGEaGxeV8QaNWFChGTHKWS6DVgPDafWqGVWV,GOMO,So11111111111111111111111111111111111111112,SOL,2026-10-06T11:50:39Z,5.9789216625745126e-05,59789.21663,,54844.8502,120.31566622714399,,,0.0,0.0,0.0,0.0,0.0,0.0,0,0,0,0,0,0,0,0,0,0,0,0,0,0,0,0,0,0,0,0,0,0,0,0,0.0,0.0,0.0,0.0,0.0,0.0,snapshot,,,,,,,/home/runner/work/Solana-Memecoin-Analysis/Solana-Memecoin-Analysis/data/cache/2026-10-08/000757023219_multi_pools_6adc8544081b.json,2
2026-10-08T00:05:26.425711+00:00,9xMRuUAheWqBtCVHJEYatXGmv3Cw1v75h3juPqcgkUde,solana,Pump.fun,DYRMMoGo8KHLsrQoU8gadN6gYhbPB6N4MnFWAm6rpump,loperma,So11111111111111111111111111111111111111112,SOL,2026-10-06T11:54:51Z,6.802239645931559e-07,1360.4479292,,531.9489,120.34497105688709,100.0,,0.0,0.0,0.0,0.0,0.0,0.0,0,0,0,0,0,0,0,0,0,0,0,0,0,0,0,0,0,0,0,0,0,0,0,0,0.0,0.0,0.0,0.0,0.0,0.0,snapshot,,,,,,,/home/runner/work/Solana-Memecoin-Analysis/Solana-Memecoin-Analysis/data/cache/2026-10-08/000757023219_multi_pools_6adc8544081b.json,2
2026-10-08T00:05:26.425711+00:00,68uL571TXBwjENNAfH4x9FNQUuRTP4yKh5kRECjL7ZJ7,solana,Pump.fun,GejY8AzPKEDrtCDQFLQe7BeNWgP16R6EA2BMg1yFahDX,.gif,So11111111111111111111111111111111111111112,SOL,2026-10-06T11:54:50Z,3.4687814308908744e-06,3468.781431,,2656.9109,120.20738607829601,100.0,,0.0,0.0,0.0,0.0,0.0,0.0,0,0,0,0,0,0,0,0,0,0,0,0,0,0,0,0,0,0,0,0,0,0,0,0,0.0,0.0,0.0,0.0,0.0,0.0,snapshot,,,,,,,/home/runner/work/Solana-Memecoin-Analysis/Solana-Memecoin-Analysis/data/cache/2026-10-08/000757023219_multi_pools_6adc8544081b.json,2
2026-10-08T00:05:26.425711+00:00,GRbPGpKAPgac13HjuAzt7ZpGaKdDtVzu62MKEphUoFKD,solana,PumpSwap,7HrpQepyHmuWsGge4bmLA6EGG7YNHjAQz5KyVg3ppump,SlopiNator,So11111111111111111111111111111111111111112,SOL,2026-10-06T11:54:49Z,3.347694771536263e-09,6.695389544,,12.3795,118.4574695428803,100.0,,0.0,0.0,0.0,0.0,0.0,0.3359644553,0,0,0,0,0,0,0,0,0,0,0,0,0,0,0,0,0,0,0,0,0,1,0,1,0.0,0.0,0.0,0.0,0.0,0.0,snapshot,,,,,,,/home/runner/work/Solana-Memecoin-Analysis/Solana-Memecoin-Analysis/data/cache/2026-10-08/000757023219_multi_pools_6adc8544081b.json,2
2026-10-08T00:05:26.425711+00:00,CohYXkEH384J3L1Q8icwjfFdrFBwpAWeJPsHw8pc5YNa,solana,Pump.fun,9MBwXiUDygarjgABqtMuGHfyueUy8nW1DP9eftRppump,BRNG,So11111111111111111111111111111111111111112,SOL,2026-10-06T11:54:47Z,3.472010603019889e-06,3472.010603,,2659.8955,120.2242460358106,,,0.0,0.0,0.0,0.0,0.0,0.0,0,0,0,0,0,0,0,0,0,0,0,0,0,0,0,0,0,0,0,0,0,0,0,0,0.0,0.0,0.0,0.0,0.0,0.0,snapshot,,,,,,,/home/runner/work/Solana-Memecoin-Analysis/Solana-Memecoin-Analysis/data/cache/2026-10-08/000757023219_multi_pools_6adc8544081b.json,2
2026-10-08T00:05:26.425711+00:00,5HMPfZEMJQSno8K7KfSQDQ2p3qaqPGorJN1xSQFjhWoJ,solana,Pump.fun,8xfdn6ULSKoPafPNQxMDh9LkEcgvFgVyp9E8qaNrpump,CHOMP,So11111111111111111111111111111111111111112,SOL,2026-10-06T11:54:46Z,4.162728374874532e-06,8325.45675,,2407.729,120.34549638405632,,,0.0,0.0,0.0,0.0,0.0,0.0,0,0,0,0,0,0,0,0,0,0,0,0,0,0,0,0,0,0,0,0,0,0,0,0,0.0,0.0,0.0,0.0,0.0,0.0,snapshot,,,,,,,/home/runner/work/Solana-Memecoin-Analysis/Solana-Memecoin-Analysis/data/cache/2026-10-08/000757023219_multi_pools_6adc8544081b.json,2
2026-10-08T00:05:26.425711+00:00,HYYjr3quaz7Hb2EtpVTQwo54TkkSAe96D8J4UyqJ3M3x,solana,Pump.fun,8QPexxbVSnaYQwTw62QRmzzigiHv23XPmMPwBv94pump,dabcat,So11111111111111111111111111111111111111112,SOL,2026-10-06T11:54:42Z,3.496240993836018e-06,3944.290018,,2603.363,120.34458248882649,100.0,,0.0,0.0,0.0,0.0,0.0,0.0,0,0,0,0,0,0,0,0,0,0,0,0,0,0,0,0,0,0,0,0,0,0,0,0,0.0,0.0,0.0,0.0,0.0,0.0,snapshot,,,,,,,/home/runner/work/Solana-Memecoin-Analysis/Solana-Memecoin-Analysis/data/cache/2026-10-08/000757023219_multi_pools_6adc8544081b.json,2
2026-10-08T00:05:26.425711+00:00,E629Wzdj4fvqqExy9WqQep6jsk5AxsUBEdra9CWtuRQi,solana,Pump.fun,76GuhRedVCxHXGzzXNpGtP27txjvRvjh3yeqw8PPpump,GROWNUPS3,So11111111111111111111111111111111111111112,SOL,2026-10-06T11:54:34Z,3.38054520876666e-06,3380.545209,,2576.1965,120.87157883078464,100.0,,0.0,0.0,0.0,0.0,0.0,0.0,0,0,0,0,0,0,0,0,0,0,0,0,0,0,0,0,0,0,0,0,0,0,0,0,0.0,0.0,0.0,0.0,0.0,0.0,snapshot,,,,,,,/home/runner/work/Solana-Memecoin-Analysis/Solana-Memecoin-Analysis/data/cache/2026-10-08/000757023219_multi_pools_6adc8544081b.json,2
2026-10-08T00:05:26.425711+00:00,ETdKRpACQuSq3uMyjnSssjk7dwZF49a8PsY7vJETy4nw,solana,Pump.fun,4wyqJdydzH19hTRCqTyUx5T4g1JCzCUzXE1H4mvKpump,Miki,So11111111111111111111111111111111111111112,SOL,2026-10-06T12:10:00Z,3.2707295050649463e-06,3270.729505,,2575.2361,116.97753299595414,100.0,,0.0,0.0,0.0,0.0,0.0,0.1690827185,0,0,0,0,0,0,0,0,0,0,0,0,0,0,0,0,0,0,0,0,0,1,0,1,0.0,0.0,0.0,0.0,0.0,0.0,snapshot,,,,,,,/home/runner/work/Solana-Memecoin-Analysis/Solana-Memecoin-Analysis/data/cache/2026-10-08/000757023219_multi_pools_6adc8544081b.json,2
2026-10-08T00:05:26.425711+00:00,DPz8BnMBuVNzsvD184t1pnesSDiCsZYhwQS4mKFi2tDg,solana,Pump.fun,DBcJSEW8DuJAyNdbawcVZWqQPFSmyngNDDVCCFUypump,CULTURE,So11111111111111111111111111111111111111112,SOL,2026-10-06T12:09:54Z,3.4418446201352774e-06,3441.84462,,2634.6022,120.3240382595392,,,0.0,0.0,0.0,0.0,0.0,0.0,0,0,0,0,0,0,0,0,0,0,0,0,0,0,0,0,0,0,0,0,0,0,0,0,0.0,0.0,0.0,0.0,0.0,0.0,snapshot,,,,,,,/home/runner/work/Solana-Memecoin-Analysis/Solana-Memecoin-Analysis/data/cache/2026-10-08/000757023219_multi_pools_6adc8544081b.json,2
2026-10-08T00:05:26.425711+00:00,CfqvKVs81C1jAjJQRLXH4sLTadJCm8BcH3NXPu9y3Zsn,solana,Pump.fun,26av1dbhvHDTRotPi5Z36sc2b6Uyfisbhnf5QoDDpump,THINK,So11111111111111111111111111111111111111112,SOL,2026-10-06T12:16:56Z,3.3716013411979594e-06,3371.601341,,2606.3592,120.25880825147264,100.0,,0.0,0.0,0.0,0.0,0.0,0.0,0,0,0,0,0,0,0,0,0,0,0,0,0,0,0,0,0,0,0,0,0,0,0,0,0.0,0.0,0.0,0.0,0.0,0.0,snapshot,,,,,,,/home/runner/work/Solana-Memecoin-Analysis/Solana-Memecoin-Analysis/data/cache/2026-10-08/000757023219_multi_pools_6adc8544081b.json,2
2026-10-08T00:05:26.425711+00:00,81AJ43TabA4hPVKCs2DVCLt1njXxnWCzX4YCqBkYU8DV,solana,PumpSwap,Afi552ZTLMVZZtPbHSw5DW3eQekhkocFvHbkCnUkTCyd,章鱼🐙,So11111111111111111111111111111111111111112,SOL,2026-10-06T12:16:49Z,0.38947648123591483,389476481.2,,0.00241332686025511,120.3225748208015,100.0,,0.0,0.0,0.0,0.0,0.0,0.0,0,0,0,0,0,0,0,0,0,0,0,0,0,0,0,0,0,0,0,0,0,0,0,0,0.0,0.0,0.0,0.0,0.0,0.0,snapshot,,,,,,,/home/runner/work/Solana-Memecoin-Analysis/Solana-Memecoin-Analysis/data/cache/2026-10-08/000757023219_multi_pools_6adc8544081b.json,2
2026-10-08T00:05:26.425711+00:00,CHtrRatGRJym6rcbSL1VNrJkVJE3PLFs3FTvCEidJqvc,solana,PumpSwap,rhQtY2xyQkoahVJ6hdbWEZaNUpkoxw264BB78DqqtcB,Haaland,So11111111111111111111111111111111111111112,SOL,2026-10-06T12:16:38Z,2.147662361031151e-06,2138.3273972149,,2099.181,120.58914225517888,100.0,,0.0,0.0,0.0,0.0,0.0,7.6578400601,0,0,0,0,0,0,0,0,0,0,0,0,0,0,0,0,0,0,0,0,1,1,1,1,0.0,0.0,0.0,0.0,0.0,-1.27,snapshot,,,,,,,/home/runner/work/Solana-Memecoin-Analysis/Solana-Memecoin-Analysis/data/cache/2026-10-08/000757023219_multi_pools_6adc8544081b.json,2
2026-10-08T00:05:26.425711+00:00,5jR4fQqNUAt1vaJxzL3TKwoawtkTgJH5mfa2jYHaRHx8,solana,Pump.fun,6UZyG2gTjZPJuMGCBApGB3XLGHXfsLmUTJ8M78nfpump,SELFMADE,So11111111111111111111111111111111111111112,SOL,2026-10-06T12:25:21Z,3.47068759740092e-06,3470.687597,,2744.4039,120.17843472997937,,,0.0,0.0,0.0,0.0,0.0,0.0,0,0,0,0,0,0,0,0,0,0,0,0,0,0,0,0,0,0,0,0,0,0,0,0,0.0,0.0,0.0,0.0,0.0,0.0,snapshot,,,,,,,/home/runner/work/Solana-Memecoin-Analysis/Solana-Memecoin-Analysis/data/cache/2026-10-08/000757023219_multi_pools_6adc8544081b.json,2
2026-10-08T00:05:26.425711+00:00,CH4SF49nHFjhG6jZupZHfK18SwqKB5VfzgLW4GzJpPDn,solana,Meteora DBC,DTchLPMBNSpi7e4JQ1ihBa7ouP7hCceaFrjhscDDBAGS,gifcat,So11111111111111111111111111111111111111112,SOL,2026-10-06T12:25:10Z,5.461648961026566e-12,0.005461648961,,0.0,120.1562596658064,,,0.0,0.0,0.0,0.0,0.0,0.0,0,0,0,0,0,0,0,0,0,0,0,0,0,0,0,0,0,0,0,0,0,0,0,0,0.0,0.0,0.0,0.0,0.0,0.0,snapshot,,,,,,,/home/runner/work/Solana-Memecoin-Analysis/Solana-Memecoin-Analysis/data/cache/2026-10-08/000757023219_multi_pools_6adc8544081b.json,2
2026-10-08T00:05:26.425711+00:00,FA3vRrVxGWXd1v2v65thZjUthviegToYF9gNTx7QUU1B,solana,Meteora DBC,GCeYyGyJPnjUKb8WLADk1kfUeESBrjKogsC1z1juJ2az,SLaTEPAD,So11111111111111111111111111111111111111112,SOL,2026-10-06T12:24:53Z,2.181541105219495e-06,2181.541105,,2139.6657,120.11979724764893,,,0.0,0.0,0.0,0.0,0.0,0.0,0,0,0,0,0,0,0,0,0,0,0,0,0,0,0,0,0,0,0,0,0,0,0,0,0.0,0.0,0.0,0.0,0.0,0.0,snapshot,,,,,,,/home/runner/work/Solana-Memecoin-Analysis/Solana-Memecoin-Analysis/data/cache/2026-10-08/000757023219_multi_pools_6adc8544081b.json,2
2026-10-08T00:05:26.425711+00:00,39r5tkhYzzsjrWETK72DpTZCXLYuBVPeaJ3uJ1FsHZSS,solana,Pump.fun,DeZKWedax6voHBDBo9Y8eke9iwiDJhqKAYkWvMBpump,SATYA,So11111111111111111111111111111111111111112,SOL,2026-10-06T12:35:08Z,3.3614528503900983e-06,3361.45285,,2575.991,120.18713714531759,,,0.0,0.0,0.0,0.0,0.0,0.0,0,0,0,0,0,0,0,0,0,0,0,0,0,0,0,0,0,0,0,0,0,0,0,0,0.0,0.0,0.0,0.0,0.0,0.0,snapshot,,,,,,,/home/runner/work/Solana-Memecoin-Analysis/Solana-Memecoin-Analysis/data/cache/2026-10-08/000757023219_multi_pools_6adc8544081b.json,2
2026-10-08T00:05:26.425711+00:00,E5iizMVkF72roer84zjsBLdrMRDFadJjShprQfXY3qAz,solana,Pump.fun,EqKy8VbnPy8XzxTHaCXH3eAdwk2yeFWnQEffAijkpump,BOOBS,So11111111111111111111111111111111111111112,SOL,2026-10-06T12:34:57Z,3.3649865051025313e-06,3364.986505,,2579.3704,120.15607332306996,,,0.0,0.0,0.0,0.0,0.0,0.0,0,0,0,0,0,0,0,0,0,0,0,0,0,0,0,0,0,0,0,0,0,0,0,0,0.0,0.0,0.0,0.0,0.0,0.0,snapshot,,,,,,,/home/runner/work/Solana-Memecoin-Analysis/Solana-Memecoin-Analysis/data/cache/2026-10-08/000757023219_multi_pools_6adc8544081b.json,2
2026-10-08T00:05:26.425711+00:00,5VfmCuMwKnCF7CorTiZ7oUV17uNC1VeBZW4r8pBpa3Na,solana,Pump.fun,DTTY9xoxXiLviGTNCdRbFzx65D1XCfuiSi8Pe8irpump,altrix,So11111111111111111111111111111111111111112,SOL,2026-10-06T12:34:54Z,3.3691319107929207e-06,3369.131911,,2579.3704,120.30409010397895,100.0,,0.0,0.0,0.0,0.0,0.0,0.0,0,0,0,0,0,0,0,0,0,0,0,0,0,0,0,0,0,0,0,0,0,0,0,0,0.0,0.0,0.0,0.0,0.0,0.0,snapshot,,,,,,,/home/runner/work/Solana-Memecoin-Analysis/Solana-Memecoin-Analysis/data/cache/2026-10-08/000757023219_multi_pools_6adc8544081b.json,2
2026-10-08T00:05:26.425711+00:00,Di2ZiTYZc37v2EK2M8JNw733UC8k1xSvhYC1PaPLZU2g,solana,Pump.fun,AJPZqftbFufBDhFMocRM9ETbGCDLy3gtY8KmW1cboD2n,CORKB,So11111111111111111111111111111111111111112,SOL,2026-10-06T12:34:50Z,3.357433408302571e-06,3357.433408,,2575.3987,120.07102035207012,,,0.0,0.0,0.0,0.0,0.0,0.0,0,0,0,0,0,0,0,0,0,0,0,0,0,0,0,0,0,0,0,0,0,0,0,0,0.0,0.0,0.0,0.0,0.0,0.0,snapshot,,,,,,,/home/runner/work/Solana-Memecoin-Analysis/Solana-Memecoin-Analysis/data/cache/2026-10-08/000757023219_multi_pools_6adc8544081b.json,2
2026-10-08T00:05:26.425711+00:00,8BnzMWXmnXnqqnasMRd3184SqzPVchRUuppwWNXQnD3J,solana,Pump.fun,6VNKXQhBfANh9sXn6GsH4osQcPJ3N6vmtiPQE59cpump,FLIP,So11111111111111111111111111111111111111112,SOL,2026-10-06T12:34:47Z,1.3375429082424627e-06,2675.085816,,1027.3979,120.08187019812965,,,0.0,0.0,0.0,0.0,0.0,0.0,0,0,0,0,0,0,0,0,0,0,0,0,0,0,0,0,0,0,0,0,0,0,0,0,0.0,0.0,0.0,0.0,0.0,0.0,snapshot,,,,,,,/home/runner/work/Solana-Memecoin-Analysis/Solana-Memecoin-Analysis/data/cache/2026-10-08/000757023219_multi_pools_6adc8544081b.json,2
2026-10-08T00:05:26.425711+00:00,YHCxas1Rct8PCMJTLPhoPzQScnqWiSXYYuCF1Uk2h81,solana,Pump.fun,5H9BoWDb5iRH7Y8PDUiTtr7CyWK6w6N92PVS6Dgjpump,GIF,So11111111111111111111111111111111111111112,SOL,2026-10-06T12:34:44Z,3.363758706021359e-06,3363.7578012332,,2575.8748,120.27483487243336,,,0.0,0.0,0.0,0.0,0.0,0.0,0,0,0,0,0,0,0,0,0,0,0,0,0,0,0,0,0,0,0,0,0,0,0,0,0.0,0.0,0.0,0.0,0.0,0.0,snapshot,,,,,,,/home/runner/work/Solana-Memecoin-Analysis/Solana-Memecoin-Analysis/data/cache/2026-10-08/000757023219_multi_pools_6adc8544081b.json,2
2026-10-08T00:05:26.425711+00:00,4U1q4Reau8eQzorB9h6NrB71Fw8vGpPfeJmmjWGnqmNC,solana,Pump.fun,BYoVKseNTWb3DRuTva8eXrKUwvzMe396217qsQFoeX31,WILT,So11111111111111111111111111111111111111112,SOL,2026-10-06T12:34:39Z,3.357579469018614e-06,3357.579469,,2575.5032,120.07143688415498,,,0.0,0.0,0.0,0.0,0.0,0.0,0,0,0,0,0,0,0,0,0,0,0,0,0,0,0,0,0,0,0,0,0,0,0,0,0.0,0.0,0.0,0.0,0.0,0.0,snapshot,,,,,,,/home/runner/work/Solana-Memecoin-Analysis/Solana-Memecoin-Analysis/data/cache/2026-10-08/000757023219_multi_pools_6adc8544081b.json,2
2026-10-08T00:05:26.425711+00:00,CU5hswVKfuSY7KkNsJnomKCFcNhKUPXKJQBkCxhpiENR,solana,Meteora DAMM V2,2P4DFMezRAHoetX5rTnsQqTYCtpRLgaC7EELtqCNnBuT,Memetard,So11111111111111111111111111111111111111112,SOL,2026-10-06T12:45:24Z,1.6643825888392268e-05,16640.4636051899,,9.739737502e-06,120.2341664141184,,,0.0,0.0,0.0,0.0,0.0,0.0,0,0,0,0,0,0,0,0,0,0,0,0,0,0,0,0,0,0,0,0,0,0,0,0,0.0,0.0,0.0,0.0,0.0,0.0,snapshot,,,,,,,/home/runner/work/Solana-Memecoin-Analysis/Solana-Memecoin-Analysis/data/cache/2026-10-08/000804549840_multi_pools_7c106e04e851.json,2
2026-10-08T00:05:26.425711+00:00,395J9sWyA38G5GsLvf1c4DhB4Ltr9huPF3Z7WhRJ8u7k,solana,Pump.fun,DPtqhY2vpFC8RfHJwpAvhyj1y8jYKeAyXpcTSMKVpump,DIESEL,So11111111111111111111111111111111111111112,SOL,2026-10-06T12:45:23Z,3.363183092770676e-06,3363.183093,,2575.2013,120.28576680334504,100.0,,0.0,0.0,0.0,0.0,0.0,0.0,0,0,0,0,0,0,0,0,0,0,0,0,0,0,0,0,0,0,0,0,0,0,0,0,0.0,0.0,0.0,0.0,0.0,0.0,snapshot,,,,,,,/home/runner/work/Solana-Memecoin-Analysis/Solana-Memecoin-Analysis/data/cache/2026-10-08/000804549840_multi_pools_7c106e04e851.json,2
2026-10-08T00:05:26.425711+00:00,876743ZzfDBKySmgVhAzvy7vqSBGZS3iYKUDsekibXtK,solana,Pump.fun,4AExiL34or7Y61Vcej5ifoAB3767LGopc43LKZE1YfXp,BITGIRAFFE,3NZ9JMVBmGAqocybic2c7LQCJScmgsAZ6vQqTDzcqmJh,WBTC,2026-10-06T12:45:23Z,3.1011955254740185e-06,3101.195525,,2375.0033,86119.67069973775,100.0,,0.0,0.0,0.0,0.0,0.0,0.0,0,0,0,0,0,0,0,0,0,0,0,0,0,0,0,0,0,0,0,0,0,0,0,0,0.0,0.0,0.0,0.0,0.0,0.0,snapshot,,,,,,,/home/runner/work/Solana-Memecoin-Analysis/Solana-Memecoin-Analysis/data/cache/2026-10-08/000804549840_multi_pools_7c106e04e851.json,2
2026-10-08T00:05:26.425711+00:00,AJXW16Rxt1FXBNEsgC7hW7kVAynfz8cXUtVq9XFkvBh4,solana,Pump.fun,NjhCjt8aGSP9fp62D8aANJBS1DY6ZuxsqjR3UdFnzKK,GECKUM,So11111111111111111111111111111111111111112,SOL,2026-10-06T12:45:15Z,3.3635180867207368e-06,3363.518087,,2575.4684,120.28565994494238,100.0,,0.0,0.0,0.0,0.0,0.0,0.0,0,0,0,0,0,0,0,0,0,0,0,0,0,0,0,0,0,0,0,0,0,0,0,0,0.0,0.0,0.0,0.0,0.0,0.0,snapshot,,,,,,,/home/runner/work/Solana-Memecoin-Analysis/Solana-Memecoin-Analysis/data/cache/2026-10-08/000804549840_multi_pools_7c106e04e851.json,2
2026-10-08T00:05:26.425711+00:00,jqXuY155hg3c26yKtLPSAZvrsqrxxcryeZtgt1zZFTW,solana,Pump.fun,C2nhEk4P6RsaNM6ydECA8gXVPNAzSQ4m8dNHqejJpump,PBOT,So11111111111111111111111111111111111111112,SOL,2026-10-06T12:45:15Z,3.393006892408401e-06,3393.006892,,2596.9526,120.3361938111324,100.0,,0.0,0.0,0.0,0.0,0.0,0.0,0,0,0,0,0,0,0,0,0,0,0,0,0,0,0,0,0,0,0,0,0,0,0,0,0.0,0.0,0.0,0.0,0.0,0.0,snapshot,,,,,,,/home/runner/work/Solana-Memecoin-Analysis/Solana-Memecoin-Analysis/data/cache/2026-10-08/000804549840_multi_pools_7c106e04e851.json,2
2026-10-08T00:05:26.425711+00:00,Dat9dc94w1Hpgr1iNrQyRuW59bq5RhXFT2XtCDts1jRK,solana,Pump.fun,7B8aJDtrEySGv3aezCiireJMSkEGTwZYTEWdS4stve8F,DUCKM,So11111111111111111111111111111111111111112,SOL,2026-10-06T12:45:06Z,3.363577063542784e-06,3363.577064,,2575.4684,120.28773844440389,100.0,,0.0,0.0,0.0,0.0,0.0,0.0,0,0,0,0,0,0,0,0,0,0,0,0,0,0,0,0,0,0,0,0,0,0,0,0,0.0,0.0,0.0,0.0,0.0,0.0,snapshot,,,,,,,/home/runner/work/Solana-Memecoin-Analysis/Solana-Memecoin-Analysis/data/cache/2026-10-08/000804549840_multi_pools_7c106e04e851.json,2
2026-10-08T00:05:26.425711+00:00,Bgf5ZJNYxzguCqJtuY3MyHbMVPFjiL53Nrf9HWqYs3xc,solana,Pump.fun,Hp4eB1Di29xcjNgzzNUuVac2pWEXRSfwM6jZChvHEwPK,A,So11111111111111111111111111111111111111112,SOL,2026-10-06T12:53:03Z,3.27476513522468e-06,3274.765135,,2603.6718,115.8260238840851,100.0,,0.0,0.0,0.0,0.0,86.1642561382,509.4758792367,0,0,0,0,0,0,0,0,0,0,0,0,0,0,0,0,0,4,0,4,5,13,5,13,0.0,0.0,0.0,0.0,-3.969,-8.682,snapshot,,,,,,,/home/runner/work/Solana-Memecoin-Analysis/Solana-Memecoin-Analysis/data/cache/2026-10-08/000804549840_multi_pools_7c106e04e851.json,2
2026-10-08T00:05:26.425711+00:00,8jWWuenz897Gj1Vtiz6Qvw3HeJvXfgfUAboL48P8xCFh,solana,Pump.fun,D7nnfJTf7XGrqKaq7FyZHfrj3sXqkT2jfpUUDCNPpump,BID,So11111111111111111111111111111111111111112,SOL,2026-10-06T12:53:02Z,4.030157545938734e-06,4030.157546,,3083.4627,120.36875697902025,100.0,,0.0,0.0,0.0,0.0,0.0,0.0,0,0,0,0,0,0,0,0,0,0,0,0,0,0,0,0,0,0,0,0,0,0,0,0,0.0,0.0,0.0,0.0,0.0,0.0,snapshot,,,,,,,/home/runner/work/Solana-Memecoin-Analysis/Solana-Memecoin-Analysis/data/cache/2026-10-08/000804549840_multi_pools_7c106e04e851.json,2
2026-10-08T00:05:26.425711+00:00,D4Hc5rYdc8SPgC6fwGWFQifATgQRhrpRFACegV7uBaG6,solana,Pump.fun,Hf8BVNeqhgdEQS5wL3AwnwcAgh4Ghz7GZNrMXXNLHNgL,Binky,So11111111111111111111111111111111111111112,SOL,2026-10-06T12:52:57Z,3.2609998945303147e-06,3260.999895,,2574.8743,116.63386501723754,100.0,,0.0,0.0,0.0,0.0,0.0,0.04303031499,0,0,0,0,0,0,0,0,0,0,0,0,0,0,0,0,0,0,0,0,0,1,0,1,0.0,0.0,0.0,0.0,0.0,0.0,snapshot,,,,,,,/home/runner/work/Solana-Memecoin-Analysis/Solana-Memecoin-Analysis/data/cache/2026-10-08/000804549840_multi_pools_7c106e04e851.json,2
2026-10-08T00:05:26.425711+00:00,G7VLvPsL5cZV6hYisszX4wkTwGNVaxrUKjtaRzbzhNUQ,solana,Pump.fun,BPt71MKTmWX8ELibaT2CE8VtFM7AfThhGrH3FXtnpump,DIESEL,So11111111111111111111111111111111111111112,SOL,2026-10-06T12:52:53Z,3.3660590653841967e-06,3366.059065,,2575.2013,120.38862726665624,100.0,,0.0,0.0,0.0,0.0,0.0,0.0,0,0,0,0,0,0,0,0,0,0,0,0,0,0,0,0,0,0,0,0,0,0,0,0,0.0,0.0,0.0,0.0,0.0,0.0,snapshot,,,,,,,/home/runner/work/Solana-Memecoin-Analysis/Solana-Memecoin-Analysis/data/cache/2026-10-08/000804549840_multi_pools_7c106e04e851.json,2
2026-10-08T00:05:26.425711+00:00,HJcZ24vnZ2zNzqKbiWLLWRwP8hM1bf1tNoN6byJAKZGX,solana,Pump.fun,p6L6RsnDog4nCdUeKjCrvzeHQ9RAXnQ28ypykqKpump,DIESEL,So11111111111111111111111111111111111111112,SOL,2026-10-06T12:52:53Z,3.3660590653841967e-06,3366.059065,,2574.9324,120.38862726665624,100.0,,0.0,0.0,0.0,0.0,0.0,0.0,0,0,0,0,0,0,0,0,0,0,0,0,0,0,0,0,0,0,0,0,0,0,0,0,0.0,0.0,0.0,0.0,0.0,0.0,snapshot,,,,,,,/home/runner/work/Solana-Memecoin-Analysis/Solana-Memecoin-Analysis/data/cache/2026-10-08/000804549840_multi_pools_7c106e04e851.json,2
2026-10-08T00:05:26.425711+00:00,EsscFcTT5Vi9tJXzrcyyXaJDVUyCYXe9MiSCKpybPikU,solana,Pump.fun,CgP5ETCpPuTTsVrKf8ov45XDV8ppfekNiQ16ioLepump,duluth,So11111111111111111111111111111111111111112,SOL,2026-10-06T12:52:52Z,1.9931804098745804e-06,3986.36082,,1517.4003,120.33188312437831,100.0,,0.0,0.0,0.0,0.0,0.0,0.0,0,0,0,0,0,0,0,0,0,0,0,0,0,0,0,0,0,0,0,0,0,0,0,0,0.0,0.0,0.0,0.0,0.0,0.0,snapshot,,,,,,,/home/runner/work/Solana-Memecoin-Analysis/Solana-Memecoin-Analysis/data/cache/2026-10-08/000804549840_multi_pools_7c106e04e851.json,2
2026-10-08T00:05:26.425711+00:00,HoSbHLKb7gqzHzy5HdTHapA4HLU5S5xYThaZtKJKx5Hh,solana,Pump.fun,mK24vfzvFR671vH2uFhEnVqqX2WH4UcfWh6s2KBpump,TrenchPAY,So11111111111111111111111111111111111111112,SOL,2026-10-06T12:58:42Z,3.4116196961382578e-06,3411.619696,,2731.205,120.29839645941848,100.0,,0.0,0.0,0.0,0.0,0.0,0.0,0,0,0,0,0,0,0,0,0,0,0,0,0,0,0,0,0,0,0,0,0,0,0,0,0.0,0.0,0.0,0.0,0.0,0.0,snapshot,,,,,,,/home/runner/work/Solana-Memecoin-Analysis/Solana-Memecoin-Analysis/data/cache/2026-10-08/000804549840_multi_pools_7c106e04e851.json,2
2026-10-08T00:05:26.425711+00:00,KrufnWYVkRTUP2szZsEP8kiW3Ytya49vJtzuJwBZtWD,solana,Meteora DAMM V2,EbYwJCXFb25HgHJuZvAuoGMGu4DkNnBFuNpXW452pump,Bambi,So11111111111111111111111111111111111111112,SOL,2026-10-06T12:58:24Z,5.36626519947467e-05,53662.65199,,1.04665920317807e-06,119.8441185019896,100.0,,0.0,0.0,0.0,0.0,0.0,0.0,0,0,0,0,0,0,0,0,0,0,0,0,0,0,0,0,0,0,0,0,0,0,0,0,0.0,0.0,0.0,0.0,0.0,0.0,snapshot,,,,,,,/home/runner/work/Solana-Memecoin-Analysis/Solana-Memecoin-Analysis/data/cache/2026-10-08/000804549840_multi_pools_7c106e04e851.json,2
2026-10-08T00:05:26.425711+00:00,6dixYjuhaCpmJfhdDutSUYCc7niQm2cMm2ukWmBS7rMp,solana,Meteora DBC,EbYwJCXFb25HgHJuZvAuoGMGu4DkNnBFuNpXW452pump,Bambi,So11111111111111111111111111111111111111112,SOL,2026-10-06T12:58:21Z,5.471219000345185e-12,0.005471219,,0.0,120.36680050019277,,,0.0,0.0,0.0,0.0,0.0,0.0,0,0,0,0,0,0,0,0,0,0,0,0,0,0,0,0,0,0,0,0,0,0,0,0,0.0,0.0,0.0,0.0,0.0,0.0,snapshot,,,,,,,/home/runner/work/Solana-Memecoin-Analysis/Solana-Memecoin-Analysis/data/cache/2026-10-08/000804549840_multi_pools_7c106e04e851.json,2
2026-10-08T00:05:26.425711+00:00,9ebYNt7c7aZtaKQS8UPbCT6gdzyXWAje3x8Ca28ysyGT,solana,PumpSwap,8cp1WhUDxTbfX8nDe1kAB1ogPUyQvUSKgzFz365LbQyZ,CAESAR,So11111111111111111111111111111111111111112,SOL,2026-10-06T04:51:02Z,2.7522221265762486e-05,27077.7378260053,,15484.8027,116.19518681080861,100.0,,4.4933716363,97.4767450378,510.1588417434,2236.9002496809,16453.1682239684,245682.202428805,0,1,0,1,1,4,1,4,4,11,2,11,19,26,17,25,204,239,130,168,2394,2176,917,1199,0.0,-1.575,-3.774,-4.24,-35.699,-74.11,snapshot,,,,,,,/home/runner/work/Solana-Memecoin-Analysis/Solana-Memecoin-Analysis/data/cache/2026-10-08/000804549840_multi_pools_7c106e04e851.json,2
2026-10-08T00:05:26.425711+00:00,5KfRYbF2eHn2pQG4eiZ1CC8J1sEtjjCgo16okHTebx7c,solana,Pump.fun,7hdPdjbQhYF1Lz2t9d8QkgJV3tLC3kwv5vqQjDHcpump,TAZER,So11111111111111111111111111111111111111112,SOL,2026-10-06T13:11:18Z,3.4226622607515505e-06,3422.662261,,2596.3139,121.4178955299194,100.0,,0.0,0.0,0.0,0.0,0.0,0.0,0,0,0,0,0,0,0,0,0,0,0,0,0,0,0,0,0,0,0,0,0,0,0,0,0.0,0.0,0.0,0.0,0.0,0.0,snapshot,,,,,,,/home/runner/work/Solana-Memecoin-Analysis/Solana-Memecoin-Analysis/data/cache/2026-10-08/000804549840_multi_pools_7c106e04e851.json,2
2026-10-08T00:05:26.425711+00:00,3M1Ka6bT2Tk6pv1WAy3CMwKXq33ckdnsgh9TH4QnjEoM,solana,Pump.fun,9M4wgPSTvhUANBxXPvd8LhJdR3NUaQRXQq6tZiGwD3BM,TEK,So11111111111111111111111111111111111111112,SOL,2026-10-06T13:11:17Z,3.369269672710663e-06,3369.269673,,2582.3201,120.17126357383759,,,0.0,0.0,0.0,0.0,0.0,0.0,0,0,0,0,0,0,0,0,0,0,0,0,0,0,0,0,0,0,0,0,0,0,0,0,0.0,0.0,0.0,0.0,0.0,0.0,snapshot,,,,,,,/home/runner/work/Solana-Memecoin-Analysis/Solana-Memecoin-Analysis/data/cache/2026-10-08/000804549840_multi_pools_7c106e04e851.json,2
2026-10-08T00:05:26.425711+00:00,EGfP28bsDvRphKsq2PRDBr7epqaegS2kaBPZACBWbgCV,solana,Meteora DAMM V2,GobeeSXfoSYKPXe5S8RbvqSnLyUqF5bL9DXD8xmfwzQG,小年,So11111111111111111111111111111111111111112,SOL,2026-10-06T13:11:14Z,6.614191179089147e-10,0.6614191179,,1.1032,120.97378650688843,,,0.0,0.0,0.0,0.0,0.0,0.0,0,0,0,0,0,0,0,0,0,0,0,0,0,0,0,0,0,0,0,0,0,0,0,0,0.0,0.0,0.0,0.0,0.0,0.0,snapshot,,,,,,,/home/runner/work/Solana-Memecoin-Analysis/Solana-Memecoin-Analysis/data/cache/2026-10-08/000804549840_multi_pools_7c106e04e851.json,2
2026-10-08T00:05:26.425711+00:00,H6CLFny7dRSjFSC4LAQRgbtJjvb3W9WBcEMXipyzD2P7,solana,Meteora DBC,7Ahvu7wVhCzoCVZkPUcVYa5aatK42PPR9tNhfQeN7R7X,phubber,So11111111111111111111111111111111111111112,SOL,2026-10-06T13:11:06Z,5.398153048440226e-05,53981.53048,,0.0,120.2236226365735,,,0.0,0.0,0.0,0.0,0.0,0.0,0,0,0,0,0,0,0,0,0,0,0,0,0,0,0,0,0,0,0,0,0,0,0,0,0.0,0.0,0.0,0.0,0.0,0.0,snapshot,,,,,,,/home/runner/work/Solana-Memecoin-Analysis/Solana-Memecoin-Analysis/data/cache/2026-10-08/000804549840_multi_pools_7c106e04e851.json,2
2026-10-08T00:05:26.425711+00:00,4Sc3JJTJC6j5ida4e14FUjjD7B2JbRjEpnLyX6D9DWaJ,solana,Meteora DAMM V2,6RE3mCWGxoauvFEUs7fZcX7mihcxuiYR3v2XkWeHa8yW,COCOON,So11111111111111111111111111111111111111112,SOL,2026-10-06T13:20:24Z,4.627936913403953e-05,46279.3691762794,,0.0002416123063,120.21370103527576,0.0,,0.0,0.0,0.0,0.0,0.0,0.0,0,0,0,0,0,0,0,0,0,0,0,0,0,0,0,0,0,0,0,0,0,0,0,0,0.0,0.0,0.0,0.0,0.0,0.0,snapshot,,,,,,,/home/runner/work/Solana-Memecoin-Analysis/Solana-Memecoin-Analysis/data/cache/2026-10-08/000804549840_multi_pools_7c106e04e851.json,2
2026-10-08T00:05:26.425711+00:00,Dm9LwcM8Myb4CxG9FtbHT2VzChgm68TM3w8v4eT3gRBw,solana,Pump.fun,Gw9PDHmdA3y4XeNKZN7fCKs5ndGJPsmbsoAbLjTpump,SC,So11111111111111111111111111111111111111112,SOL,2026-10-06T13:20:16Z,3.415414395736917e-06,3415.414396,,2616.2474,120.22504745467987,100.0,,0.0,0.0,0.0,0.0,0.0,0.0,0,0,0,0,0,0,0,0,0,0,0,0,0,0,0,0,0,0,0,0,0,0,0,0,0.0,0.0,0.0,0.0,0.0,0.0,snapshot,,,,,,,/home/runner/work/Solana-Memecoin-Analysis/Solana-Memecoin-Analysis/data/cache/2026-10-08/000804549840_multi_pools_7c106e04e851.json,2
2026-10-08T00:05:26.425711+00:00,877Prep73DtYf1cbb4jRcabr8E5sqzAYjtSaDaWWdk6K,solana,Pump.fun,Dk5xy5dYMSJ8BkpAPSEAvjQHUjaXPHXUtKMNcFrUpump,WOOT,So11111111111111111111111111111111111111112,SOL,2026-10-06T13:20:15Z,3.3720310273393765e-06,3372.031027,,2582.364,120.25539925038366,,,0.0,0.0,0.0,0.0,0.0,0.0,0,0,0,0,0,0,0,0,0,0,0,0,0,0,0,0,0,0,0,0,0,0,0,0,0.0,0.0,0.0,0.0,0.0,0.0,snapshot,,,,,,,/home/runner/work/Solana-Memecoin-Analysis/Solana-Memecoin-Analysis/data/cache/2026-10-08/000804549840_multi_pools_7c106e04e851.json,2
2026-10-08T00:05:26.425711+00:00,HsXeKKuBysJJ9FWCQLLaQRxpSHPU4RhCXyHRFwTZqCXq,solana,Pump.fun,7vkHoKJojxDmc5io82PgmCkRgw6DNn69m8BVWW3Dpump,40-LOVE,So11111111111111111111111111111111111111112,SOL,2026-10-06T13:20:15Z,3.3789567855486033e-06,3429.75724,,2575.5943,120.81912210116174,,,0.0,0.0,0.0,0.0,0.0,0.0,0,0,0,0,0,0,0,0,0,0,0,0,0,0,0,0,0,0,0,0,0,0,0,0,0.0,0.0,0.0,0.0,0.0,0.0,snapshot,,,,,,,/home/runner/work/Solana-Memecoin-Analysis/Solana-Memecoin-Analysis/data/cache/2026-10-08/000804549840_multi_pools_7c106e04e851.json,2
2026-10-08T00:05:26.425711+00:00,6jmeo7c4X2botzuq5wYX6GLYKJphRnnnfdWyhWDNjTPJ,solana,Pump.fun,6MxaT6LraiDuCxLACUcyzbNJAoE4YVQPJ75kyU7bpump,TSMC,Xsc9qvGR1efVDFGLrVsmkzv3qi45LTBjeUKSPmx9qEh,NVDAx,2026-10-06T13:20:12Z,3.165736781407978e-06,3165.736781,,2422.8028,241.75585100634177,,,0.0,0.0,0.0,0.0,0.0,0.0,0,0,0,0,0,0,0,0,0,0,0,0,0,0,0,0,0,0,0,0,0,0,0,0,0.0,0.0,0.0,0.0,0.0,0.0,snapshot,,,,,,,/home/runner/work/Solana-Memecoin-Analysis/Solana-Memecoin-Analysis/data/cache/2026-10-08/000804549840_multi_pools_7c106e04e851.json,2
2026-10-08T00:05:26.425711+00:00,G7EnqRVKicHX32YQMkeq5iLauVSs9w51UeERxrdoZyHD,solana,Pump.fun,8s3Lvgf4BPy5pCaSRncBh2tjdwkhZ3Uoawt519q2pump,MCPAD,So11111111111111111111111111111111111111112,SOL,2026-10-06T13:20:00Z,3.3745812589087705e-06,3374.581259,,2575.1432,120.69626009505444,,,0.0,0.0,0.0,0.0,0.0,0.0,0,0,0,0,0,0,0,0,0,0,0,0,0,0,0,0,0,0,0,0,0,0,0,0,0.0,0.0,0.0,0.0,0.0,0.0,snapshot,,,,,,,/home/runner/work/Solana-Memecoin-Analysis/Solana-Memecoin-Analysis/data/cache/2026-10-08/000804549840_multi_pools_7c106e04e851.json,2
2026-10-08T00:05:26.425711+00:00,6XCLpa44sUTG88EB4otVmRnEupgSwAWe3p1WQaiGLWb5,solana,Meteora DAMM V2,7JQqzCNGgbyFKgZ6q5KFhqETLXb1m8dETMVkyaqXRu5W,RALLY,So11111111111111111111111111111111111111112,SOL,2026-10-06T13:28:58Z,4.617739719218451e-10,0.4617739502,,0.8245,120.3633805179608,100.0,,0.0,0.0,0.0,0.0,0.0,0.0,0,0,0,0,0,0,0,0,0,0,0,0,0,0,0,0,0,0,0,0,0,0,0,0,0.0,0.0,0.0,0.0,0.0,0.0,snapshot,,,,,,,/home/runner/work/Solana-Memecoin-Analysis/Solana-Memecoin-Analysis/data/cache/2026-10-08/000804549840_multi_pools_7c106e04e851.json,2
2026-10-08T00:05:26.425711+00:00,ABqYnMi8VJC3wUdFizUU9ctZv3MaN2odX13Aa3WmcN1t,solana,Pump.fun,6rsMCUxZ696jWi5guHfx67snZok7Qc9fWkTVebjGpump,TSI,XsDoVfqeBukxuZHWhdvWHBhgEHjGNst4MLodqsJHzoB,TSLAx,2026-10-06T13:28:51Z,3.228668951977506e-06,3879.632452,,2473.4474,379.6882405427308,100.0,,0.0,0.0,0.0,0.0,0.0,0.0,0,0,0,0,0,0,0,0,0,0,0,0,0,0,0,0,0,0,0,0,0,0,0,0,0.0,0.0,0.0,0.0,0.0,0.0,snapshot,,,,,,,/home/runner/work/Solana-Memecoin-Analysis/Solana-Memecoin-Analysis/data/cache/2026-10-08/000804549840_multi_pools_7c106e04e851.json,2
2026-10-08T00:05:26.425711+00:00,8eFgdSxuyzCHG9CkRogzv7mW7CLw1gf92HHcFFLYJans,solana,letsbonk.fun,7uQjzxWC9cV3SgWt3hKGY2fQWAu4g7A9kdW5sHNfbonk,TSI,So11111111111111111111111111111111111111112,SOL,2026-10-06T13:28:48Z,3.3430229174308247e-06,3343.022917,,3199.2652,121.34924694066312,100.0,,0.0,0.0,0.0,0.0,0.0,0.0,0,0,0,0,0,0,0,0,0,0,0,0,0,0,0,0,0,0,0,0,0,0,0,0,0.0,0.0,0.0,0.0,0.0,0.0,snapshot,,,,,,,/home/runner/work/Solana-Memecoin-Analysis/Solana-Memecoin-Analysis/data/cache/2026-10-08/000804549840_multi_pools_7c106e04e851.json,2
2026-10-08T00:05:26.425711+00:00,Gos6UXw17kWKZN21Y5a1mS8dgZ9muRwhjfTM5pKw14Qc,solana,Pump.fun,26bJHkGemJmjbddend2uh3iC8BnE8A4m8RKDdwUQpump,tek,So11111111111111111111111111111111111111112,SOL,2026-10-06T13:28:45Z,3.3628510068008277e-06,3362.851007,,2575.9677,120.23840471486356,,,0.0,0.0,0.0,0.0,0.0,0.0,0,0,0,0,0,0,0,0,0,0,0,0,0,0,0,0,0,0,0,0,0,0,0,0,0.0,0.0,0.0,0.0,0.0,0.0,snapshot,,,,,,,/home/runner/work/Solana-Memecoin-Analysis/Solana-Memecoin-Analysis/data/cache/2026-10-08/000804549840_multi_pools_7c106e04e851.json,2
2026-10-08T00:05:26.425711+00:00,H4UXCTkdBkKgFtDgEwrPT5EKXZdiBHQ483YsGbf6GD4c,solana,Pump.fun,G5qt65D9WG25u3DP7oUcJRKVgYhM22KrmS5JHmHHpump,FRANKIE,So11111111111111111111111111111111111111112,SOL,2026-10-06T13:28:40Z,3.3654483342035757e-06,3365.448334,,2576.7574,120.29424255487334,,,0.0,0.0,0.0,0.0,0.0,0.0,0,0,0,0,0,0,0,0,0,0,0,0,0,0,0,0,0,0,0,0,0,0,0,0,0.0,0.0,0.0,0.0,0.0,0.0,snapshot,,,,,,,/home/runner/work/Solana-Memecoin-Analysis/Solana-Memecoin-Analysis/data/cache/2026-10-08/000819726923_multi_pools_cc868211978e.json,2
2026-10-08T00:05:26.425711+00:00,2Z83NSif7sUaWP4kGQLqrcxSpA2jSLwMpLCJnocAEqLm,solana,Pump.fun,AVj8QWXaD3kLDcJQjf5pFwVC9T19MYBDeRTQ3j62pump,sol,So11111111111111111111111111111111111111112,SOL,2026-10-06T13:38:42Z,1.495205676054982e-06,2990.411352,,1154.1199,120.62904912847358,,,0.0,0.0,0.0,0.0,0.0,0.0,0,0,0,0,0,0,0,0,0,0,0,0,0,0,0,0,0,0,0,0,0,0,0,0,0.0,0.0,0.0,0.0,0.0,0.0,snapshot,,,,,,,/home/runner/work/Solana-Memecoin-Analysis/Solana-Memecoin-Analysis/data/cache/2026-10-08/000819726923_multi_pools_cc868211978e.json,2
2026-10-08T00:05:26.425711+00:00,A4tocM4F4CWzbRjj1Gj83uvM2cLeyyonrSWjjrLududd,solana,PumpSwap,14YsB8pfbkG5e51Hm4ZiovJeQPMa2ZHS4E1N9YGHGLMP,CHONK,So11111111111111111111111111111111111111112,SOL,2026-10-06T13:38:35Z,0.06876079980968847,6876079524.72761,,0.002418137165,120.59077357971631,100.0,,0.0,0.0,0.0,0.0,0.0,0.0,0,0,0,0,0,0,0,0,0,0,0,0,0,0,0,0,0,0,0,0,0,0,0,0,0.0,0.0,0.0,0.0,0.0,0.0,snapshot,,,,,,,/home/runner/work/Solana-Memecoin-Analysis/Solana-Memecoin-Analysis/data/cache/2026-10-08/000819726923_multi_pools_cc868211978e.json,2
2026-10-08T00:05:26.425711+00:00,58DEWN6Xaj6TSjj1ve6ab7mD6spaai9tMtZKmymN3Rgz,solana,StonkFun,3T5T5CEbEEEmCHqQrwUwu1X1SDaggu296G4Ly3FDWuat,BULLDAQ,Xs8S1uUs1zvS2p7iwtsG3b6fkhpvmwz4GYU3gWAmWHZ,QQQx,2026-10-06T13:38:28Z,3.5977144216024242e-06,3597.714422,,3465.6112,761.3370420639907,100.0,,0.0,0.0,0.0,0.0,0.0,0.0,0,0,0,0,0,0,0,0,0,0,0,0,0,0,0,0,0,0,0,0,0,0,0,0,0.0,0.0,0.0,0.0,0.0,0.0,snapshot,,,,,,,/home/runner/work/Solana-Memecoin-Analysis/Solana-Memecoin-Analysis/data/cache/2026-10-08/000819726923_multi_pools_cc868211978e.json,2
2026-10-08T00:05:26.425711+00:00,2fhHbZL2qK6N2Rg7y1cj51U3SYupVSg8QY9DuTxBc9uc,solana,Pump.fun,6WENtL3929UCvn3CqryBoEJ2R8Gyy4oCSg562Afbpump,GrenCAT,So11111111111111111111111111111111111111112,SOL,2026-10-06T13:47:44Z,2.475352517008043e-06,4950.705034,,1888.659,120.80672743176535,,,0.0,0.0,0.0,0.0,0.0,0.0,0,0,0,0,0,0,0,0,0,0,0,0,0,0,0,0,0,0,0,0,0,0,0,0,0.0,0.0,0.0,0.0,0.0,0.0,snapshot,,,,,,,/home/runner/work/Solana-Memecoin-Analysis/Solana-Memecoin-Analysis/data/cache/2026-10-08/000819726923_multi_pools_cc868211978e.json,2
2026-10-08T00:05:26.425711+00:00,EQ4cvVRyKPCegP4EeKNrh8jrMcqV2XcfvWbJBqfTbyvR,solana,Meteora DAMM V2,Hi6AnnLVtqyfcC6hSyiBZ124rDxv4vMFVAmKSzpshxZp,pumpcat,So11111111111111111111111111111111111111112,SOL,2026-10-06T13:47:37Z,6.494404950498332e-10,0.6494349288,,1.0916,120.35635956301626,100.0,,0.0,0.0,0.0,0.0,0.0,0.0,0,0,0,0,0,0,0,0,0,0,0,0,0,0,0,0,0,0,0,0,0,0,0,0,0.0,0.0,0.0,0.0,0.0,0.0,snapshot,,,,,,,/home/runner/work/Solana-Memecoin-Analysis/Solana-Memecoin-Analysis/data/cache/2026-10-08/000819726923_multi_pools_cc868211978e.json,2
2026-10-08T00:05:26.425711+00:00,5xjJWWeNuGHiV3G2UBkXupJv64zv8RGMEbx8EDiSR6Go,solana,Pump.fun,GBhDGPbgaocD4MZaEv5M9LLdXyynJpeZLcawbbnBpump,TRENCH,So11111111111111111111111111111111111111112,SOL,2026-10-06T13:47:27Z,3.3964691616493747e-06,3396.469162,,2587.8363,120.88342507469858,,,0.0,0.0,0.0,0.0,0.0,0.0,0,0,0,0,0,0,0,0,0,0,0,0,0,0,0,0,0,0,0,0,0,0,0,0,0.0,0.0,0.0,0.0,0.0,0.0,snapshot,,,,,,,/home/runner/work/Solana-Memecoin-Analysis/Solana-Memecoin-Analysis/data/cache/2026-10-08/000819726923_multi_pools_cc868211978e.json,2
2026-10-08T00:05:26.425711+00:00,6EoWpWi4bBNF7SW3YcsSgYXut6Swo4u7FBSqqqJi9NZ1,solana,Pump.fun,EAkxwurQqYKVSNn2c1d2JABLN5Fs3CxfG4D8ioV7pump,LEGEND,So11111111111111111111111111111111111111112,SOL,2026-10-06T13:47:22Z,9.19125266807053e-08,183.82505336,,61.41,120.82863437880876,,,0.0,0.0,0.0,0.0,0.0,0.0,0,0,0,0,0,0,0,0,0,0,0,0,0,0,0,0,0,0,0,0,0,0,0,0,0.0,0.0,0.0,0.0,0.0,0.0,snapshot,,,,,,,/home/runner/work/Solana-Memecoin-Analysis/Solana-Memecoin-Analysis/data/cache/2026-10-08/000819726923_multi_pools_cc868211978e.json,2
2026-10-08T00:05:26.425711+00:00,82cnDujjo2qztBaQraWPAgzu4WS5C8isonnHvHLJxnD6,solana,Pump.fun,6kbWKpwdVq4E7nE31cZYLVHyecfZT7xcZsjrre3hjD9F,ruOS,So11111111111111111111111111111111111111112,SOL,2026-10-06T13:47:20Z,3.408040236779783e-06,3808.313393,,2848.9565,120.56762853018944,,,0.0,0.0,0.0,0.0,0.0,0.0,0,0,0,0,0,0,0,0,0,0,0,0,0,0,0,0,0,0,0,0,0,0,0,0,0.0,0.0,0.0,0.0,0.0,0.0,snapshot,,,,,,,/home/runner/work/Solana-Memecoin-Analysis/Solana-Memecoin-Analysis/data/cache/2026-10-08/000819726923_multi_pools_cc868211978e.json,2
2026-10-08T00:05:26.425711+00:00,ADXdNy7Ym2FsMSNLtgB6BAr52MSXeuUgghYDo3wRrDcE,solana,Meteora DBC,EEQiysaU1C6iGkHYZ2u9RxnDq2XTGcGABwWzSzfjgbF,CAESAR,So11111111111111111111111111111111111111112,SOL,2026-10-06T13:47:16Z,5.430876427652575e-05,54308.7620678143,,0.0,120.8222029562561,,,0.0,0.0,0.0,0.0,0.0,0.0,0,0,0,0,0,0,0,0,0,0,0,0,0,0,0,0,0,0,0,0,0,0,0,0,0.0,0.0,0.0,0.0,0.0,0.0,snapshot,,,,,,,/home/runner/work/Solana-Memecoin-Analysis/Solana-Memecoin-Analysis/data/cache/2026-10-08/000819726923_multi_pools_cc868211978e.json,2
2026-10-08T00:05:26.425711+00:00,6C2Zop7dEGwvRnnA94BZKAcHevuxNUyrjtJUmggJd4T4,solana,Pump.fun,H2MJHtGaj7KMLBgi7dwbtcpUrwHxiP9axaxbVN91pFGs,BULKTRADE,So11111111111111111111111111111111111111112,SOL,2026-10-06T13:55:10Z,3.4584849939044593e-06,3458.484994,,2760.9293,121.01391342551828,,,0.0,0.0,0.0,0.0,0.0,0.0,0,0,0,0,0,0,0,0,0,0,0,0,0,0,0,0,0,0,0,0,0,0,0,0,0.0,0.0,0.0,0.0,0.0,0.0,snapshot,,,,,,,/home/runner/work/Solana-Memecoin-Analysis/Solana-Memecoin-Analysis/data/cache/2026-10-08/000819726923_multi_pools_cc868211978e.json,2
2026-10-08T00:05:26.425711+00:00,J1SXUL7r2Atp8uXwzwNcVy3MvrnuiTC1BzBb6k19ruc6,solana,Pump.fun,H2D7ueeJPmjyeto1vaRBMehTkbLn1PJPaFYWK9kmpump,Usecontrol,So11111111111111111111111111111111111111112,SOL,2026-10-06T13:55:06Z,3.3721894885699702e-06,3372.189489,,2577.4891,120.57094542600233,,,0.0,0.0,0.0,0.0,0.0,1.0322979303,0,0,0,0,0,0,0,0,0,0,0,0,0,0,0,0,0,0,0,0,0,1,0,1,0.0,0.0,0.0,0.0,0.0,0.0,snapshot,,,,,,,/home/runner/work/Solana-Memecoin-Analysis/Solana-Memecoin-Analysis/data/cache/2026-10-08/000819726923_multi_pools_cc868211978e.json,2
2026-10-08T00:05:26.425711+00:00,8XSL3iPEdbGQ35wpqxGhvT3VcmNfQ8d7Mk5AThsZFr4u,solana,Pump.fun,J4qL4ycKjCtw4aAvmSrgwcThwmxfzqsovQAsqM81pump,NukeSD,So11111111111111111111111111111111111111112,SOL,2026-10-06T13:55:03Z,1.1729840121635625e-08,23.45968024,,11.9138,121.58803064497093,,,0.0,0.0,0.0,0.0,0.0,0.0,0,0,0,0,0,0,0,0,0,0,0,0,0,0,0,0,0,0,0,0,0,0,0,0,0.0,0.0,0.0,0.0,0.0,0.0,snapshot,,,,,,,/home/runner/work/Solana-Memecoin-Analysis/Solana-Memecoin-Analysis/data/cache/2026-10-08/000819726923_multi_pools_cc868211978e.json,2
2026-10-08T00:05:26.425711+00:00,BwV6igJ6kqif1JLccvdQadzuTrPLp9cUXnuXrQhyMxD5,solana,Pump.fun,8eYn96tagGif6JMfYUENQgVnzUxgsUqCEeAitjaXpump,MUNK,So11111111111111111111111111111111111111112,SOL,2026-10-06T13:55:01Z,3.3844123175961175e-06,3384.412318,,2576.8387,120.9681929958727,,,0.0,0.0,0.0,0.0,0.0,0.0,0,0,0,0,0,0,0,0,0,0,0,0,0,0,0,0,0,0,0,0,0,0,0,0,0.0,0.0,0.0,0.0,0.0,0.0,snapshot,,,,,,,/home/runner/work/Solana-Memecoin-Analysis/Solana-Memecoin-Analysis/data/cache/2026-10-08/000819726923_multi_pools_cc868211978e.json,2
2026-10-08T00:05:26.425711+00:00,3KYVoGEKJjvESMbyL5mvwjfCDsnJjrMsxxYhPqWWMzrK,solana,Pump.fun,G8KNggW7X5Ee3QeGRJCBcqhHSVChGrLQ3rwzFEUxpump,FIRM,So11111111111111111111111111111111111111112,SOL,2026-10-06T13:55:00Z,3.3763353636076985e-06,3376.335364,,2589.6098,120.43300466425276,100.0,,0.0,0.0,0.0,0.0,0.0,0.0,0,0,0,0,0,0,0,0,0,0,0,0,0,0,0,0,0,0,0,0,0,0,0,0,0.0,0.0,0.0,0.0,0.0,0.0,snapshot,,,,,,,/home/runner/work/Solana-Memecoin-Analysis/Solana-Memecoin-Analysis/data/cache/2026-10-08/000819726923_multi_pools_cc868211978e.json,2
2026-10-08T00:05:26.425711+00:00,GMZUN3WxJTGoddKshncwAmpqJWZgxQuHeTbpDCh1BmH1,solana,Pump.fun,2VNJ8zqcAAU32KgtAmjm51wK4r9sFcnR55AkhuFVpump,VIRUS,So11111111111111111111111111111111111111112,SOL,2026-10-06T14:04:48Z,3.364707662287457e-06,3364.707662,,2580.4945,120.08103534904131,100.0,,0.0,0.0,0.0,0.0,0.0,3.1760539246,0,0,0,0,0,0,0,0,0,0,0,0,0,0,0,0,0,0,0,0,0,1,0,1,0.0,0.0,0.0,0.0,0.0,0.0,snapshot,,,,,,,/home/runner/work/Solana-Memecoin-Analysis/Solana-Memecoin-Analysis/data/cache/2026-10-08/000819726923_multi_pools_cc868211978e.json,2
2026-10-08T00:05:26.425711+00:00,pJZm526CFehjLRseqh2VQT3AcNdMGLSjYLRhAKmjq3T,solana,Pump.fun,3vXVuVr677yoWRQM5Fkq5acZNAkmhk6faUrcsm21pump,FOMOCAT,So11111111111111111111111111111111111111112,SOL,2026-10-06T14:04:47Z,5.773258672596314e-07,1154.6517346,,441.1118,120.71694964648478,,,0.0,0.0,0.0,0.0,0.0,0.0,0,0,0,0,0,0,0,0,0,0,0,0,0,0,0,0,0,0,0,0,0,0,0,0,0.0,0.0,0.0,0.0,0.0,0.0,snapshot,,,,,,,/home/runner/work/Solana-Memecoin-Analysis/Solana-Memecoin-Analysis/data/cache/2026-10-08/000819726923_multi_pools_cc868211978e.json,2
2026-10-08T00:05:26.425711+00:00,6crmyFq1K1WtmBw51WjDrTEVrqSE12Fyh8d6wMyZQLgy,solana,Pump.fun,FoS6mwbXad8kNLoPxFtNBcNhFmccaEKbvsDk6uNepump,$Rage,So11111111111111111111111111111111111111112,SOL,2026-10-06T14:04:46Z,3.4071699931940163e-06,3407.169993,,2584.8489,121.39155515122549,,,0.0,0.0,0.0,0.0,0.0,0.0,0,0,0,0,0,0,0,0,0,0,0,0,0,0,0,0,0,0,0,0,0,0,0,0,0.0,0.0,0.0,0.0,0.0,0.0,snapshot,,,,,,,/home/runner/work/Solana-Memecoin-Analysis/Solana-Memecoin-Analysis/data/cache/2026-10-08/000819726923_multi_pools_cc868211978e.json,2
2026-10-08T00:05:26.425711+00:00,BDfm5YbdZcgoGWS2fHSnHrEG6kmGeWuBvrw2JFnh4Nid,solana,Meteora DAMM V2,JBwEZscNyv1ynFKAxVRfkWpRZyyFG6x4LnxHpDJqEhfH,FRANKIE,So11111111111111111111111111111111111111112,SOL,2026-10-06T14:04:41Z,2.1978814641296412e-05,21691.69158,,0.0001691841886,120.98350833701367,,,0.0,0.0,0.0,0.0,0.0,0.0,0,0,0,0,0,0,0,0,0,0,0,0,0,0,0,0,0,0,0,0,0,0,0,0,0.0,0.0,0.0,0.0,0.0,0.0,snapshot,,,,,,,/home/runner/work/Solana-Memecoin-Analysis/Solana-Memecoin-Analysis/data/cache/2026-10-08/000819726923_multi_pools_cc868211978e.json,2
2026-10-08T00:05:26.425711+00:00,2yBPtZ2m343Gq4AQg4YizEprqWZjNCdq9QcSGi1Q9jEu,solana,Meteora DBC,FmzsHQpCW4X8rMkdwEN1WXssoivKyWnP5SGqanKQfHMJ,PEOPLE,So11111111111111111111111111111111111111112,SOL,2026-10-06T14:04:34Z,1.205489746973379e-07,120.5489747,,117.3942,120.51388182916764,,,0.0,0.0,0.0,0.0,0.0,0.0,0,0,0,0,0,0,0,0,0,0,0,0,0,0,0,0,0,0,0,0,0,0,0,0,0.0,0.0,0.0,0.0,0.0,0.0,snapshot,,,,,,,/home/runner/work/Solana-Memecoin-Analysis/Solana-Memecoin-Analysis/data/cache/2026-10-08/000819726923_multi_pools_cc868211978e.json,2
2026-10-08T00:05:26.425711+00:00,6JAcPydRvtFsmmKBGz4kD6cjmbt9fancZkd96qE9eKqq,solana,Meteora DAMM V2,HT2RDdvVMvCwnBaP9keGmXQ5jBgTSbByiWqnuUzkTqvm,hyperfork,EPjFWdd5AufqSSqeM2qN1xzybapC8G4wEGGkZwyTDt1v,USDC,2026-10-06T14:04:33Z,6.837213982453834e-06,6815.4737013149,,0.151,0.9994769684750888,,,0.0,0.0,0.0,0.0,0.0,0.0,0,0,0,0,0,0,0,0,0,0,0,0,0,0,0,0,0,0,0,0,0,0,0,0,0.0,0.0,0.0,0.0,0.0,0.0,snapshot,,,,,,,/home/runner/work/Solana-Memecoin-Analysis/Solana-Memecoin-Analysis/data/cache/2026-10-08/000819726923_multi_pools_cc868211978e.json,2
2026-10-08T00:05:26.425711+00:00,A4NGTFPTsFxTTk1Ze3dm3JbTnYnSisPXqt2FjVcQEgb9,solana,Pump.fun,bEnJVrMNMKnpGq2bkMUabp2S7VmFopRf65tNRGppump,HANS,So11111111111111111111111111111111111111112,SOL,2026-10-06T14:04:33Z,1.1003536432433809e-05,22007.07286,,8366.6317,120.68615199250891,,,0.0,0.0,0.0,0.0,0.0,0.0,0,0,0,0,0,0,0,0,0,0,0,0,0,0,0,0,0,0,0,0,0,0,0,0,0.0,0.0,0.0,0.0,0.0,0.0,snapshot,,,,,,,/home/runner/work/Solana-Memecoin-Analysis/Solana-Memecoin-Analysis/data/cache/2026-10-08/000819726923_multi_pools_cc868211978e.json,2
2026-10-08T00:05:26.425711+00:00,HFbNCLJ93AFbb5L4xe3LJ5AXYfwPCkPJ1EwJ6VNj5tz9,solana,PumpSwap,J5QLt35a4HH5vcnroSmQ5iV8FgNWvazcg1miBdTnpump,QUACKDOC,So11111111111111111111111111111111111111112,SOL,2026-10-06T14:04:32Z,2.1924028930121157e-06,2170.7035448286,,2148.4748,120.81777144835144,100.0,,0.0,0.0,0.0,0.0,0.0,0.0,0,0,0,0,0,0,0,0,0,0,0,0,0,0,0,0,0,0,0,0,0,0,0,0,0.0,0.0,0.0,0.0,0.0,0.0,snapshot,,,,,,,/home/runner/work/Solana-Memecoin-Analysis/Solana-Memecoin-Analysis/data/cache/2026-10-08/000819726923_multi_pools_cc868211978e.json,2
2026-10-08T00:05:26.425711+00:00,FfihKBYe5fe1tfpSV6e9FKYdLPDxcBmkAz7yyrMBY1et,solana,Pump.fun,Egz6hW5VkJnExRHeMddeeGaAM9PGqBrvUR37YvPRusmR,MAPLE,So11111111111111111111111111111111111111112,SOL,2026-10-06T14:15:00Z,3.3696607160623775e-06,3369.660716,,2580.2158,120.27079293316011,100.0,,0.0,0.0,0.0,0.0,0.0,0.0,0,0,0,0,0,0,0,0,0,0,0,0,0,0,0,0,0,0,0,0,0,0,0,0,0.0,0.0,0.0,0.0,0.0,0.0,snapshot,,,,,,,/home/runner/work/Solana-Memecoin-Analysis/Solana-Memecoin-Analysis/data/cache/2026-10-08/000819726923_multi_pools_cc868211978e.json,2
2026-10-08T00:05:26.425711+00:00,3Fwnt797T3XZiDyYmxv6ybjBQ5n597x377pJ5GRRFYn9,solana,Pump.fun,J7BViqcTXE3yCqZHk16TYZ6rTqmEeSwSA9d3HHSHgTXw,MODEL,So11111111111111111111111111111111111111112,SOL,2026-10-06T14:14:58Z,3.3813400757603462e-06,3381.340076,,2576.349,120.86900185570384,100.0,,0.0,0.0,0.0,0.0,0.0,0.0,0,0,0,0,0,0,0,0,0,0,0,0,0,0,0,0,0,0,0,0,0,0,0,0,0.0,0.0,0.0,0.0,0.0,0.0,snapshot,,,,,,,/home/runner/work/Solana-Memecoin-Analysis/Solana-Memecoin-Analysis/data/cache/2026-10-08/000819726923_multi_pools_cc868211978e.json,2
2026-10-08T00:05:26.425711+00:00,D73xAfoNFGruHr8BF49A3TP8L8ERGQAViRyDcBFPgiv6,solana,Pump.fun,FNR3aXFebPhWCudJJiiq24E22qDmbXomvpysyvf9pump,だい,So11111111111111111111111111111111111111112,SOL,2026-10-06T14:14:44Z,3.3789399975914358e-06,6757.879996,,2311.1571,121.03704622547541,100.0,,0.0,0.0,0.0,0.0,0.0,0.0,0,0,0,0,0,0,0,0,0,0,0,0,0,0,0,0,0,0,0,0,0,0,0,0,0.0,0.0,0.0,0.0,0.0,0.0,snapshot,,,,,,,/home/runner/work/Solana-Memecoin-Analysis/Solana-Memecoin-Analysis/data/cache/2026-10-08/000819726923_multi_pools_cc868211978e.json,2
2026-10-08T00:05:26.425711+00:00,4tXupTdoYjXYazo5ekU6dJiukaUjbd5KGLw1sjVt3nW4,solana,Pump.fun,2cyphU6NmmQ2ejpVMJDtou2ztEUzCN568R3cwoPBB3XZ,Hooknite,So11111111111111111111111111111111111111112,SOL,2026-10-06T14:14:31Z,3.689515946047518e-06,3689.515946,,2910.2275,116.12419519339021,100.0,,0.0,0.0,5.640448974,5.640448974,5.640448974,97.278639068,0,0,0,0,0,0,0,0,0,1,0,1,0,1,0,1,0,1,0,1,1,5,1,5,0.0,0.0,0.0,0.0,0.0,-5.552,snapshot,,,,,,,/home/runner/work/Solana-Memecoin-Analysis/Solana-Memecoin-Analysis/data/cache/2026-10-08/000819726923_multi_pools_cc868211978e.json,2
2026-10-08T00:05:26.425711+00:00,2WUn8oYKdtTAy74opMJ7Q9AiAkHpKFuZjjxLeqjXmzX1,solana,Pump.fun,DUuwuVPScchKK6zafQ8h9t5CU3zpprHfX6yLpdtTpump,ALPHA,So11111111111111111111111111111111111111112,SOL,2026-10-06T14:14:25Z,3.380313693995923e-06,3380.313694,,2579.1475,120.7010450301492,,,0.0,0.0,0.0,0.0,0.0,0.0,0,0,0,0,0,0,0,0,0,0,0,0,0,0,0,0,0,0,0,0,0,0,0,0,0.0,0.0,0.0,0.0,0.0,0.0,snapshot,,,,,,,/home/runner/work/Solana-Memecoin-Analysis/Solana-Memecoin-Analysis/data/cache/2026-10-08/000819726923_multi_pools_cc868211978e.json,2
2026-10-08T00:05:26.425711+00:00,8EB46RNPr7YAVtHqNhpvLqFY8BENaxxuPsdyd9pFQf3Z,solana,Meteora DBC,8AF4ESuSu2T5X1su52w9XrVxykPfQ9uJRPfbVb3Yme3C,GOMO,So11111111111111111111111111111111111111112,SOL,2026-10-06T14:24:02Z,6.0075426225132455e-05,60075.42623,,0.0,120.71032906751162,,,0.0,0.0,0.0,0.0,0.0,0.0,0,0,0,0,0,0,0,0,0,0,0,0,0,0,0,0,0,0,0,0,0,0,0,0,0.0,0.0,0.0,0.0,0.0,0.0,snapshot,,,,,,,/home/runner/work/Solana-Memecoin-Analysis/Solana-Memecoin-Analysis/data/cache/2026-10-08/000819726923_multi_pools_cc868211978e.json,2
2026-10-08T00:05:26.425711+00:00,Be1EH8xjEAt7UnyC2KcsyPCv4mgeKVF97D8m4AQtw3fN,solana,Pump.fun,3mP9kbQV3nEcfRUpK82C6wKJ1fjkCaZqDVa1bqxXcoxP,MESSI,So11111111111111111111111111111111111111112,SOL,2026-10-06T14:23:49Z,3.536506015694708e-06,3536.506016,,2693.2225,120.92967854811744,,,0.0,0.0,0.0,0.0,0.0,0.0,0,0,0,0,0,0,0,0,0,0,0,0,0,0,0,0,0,0,0,0,0,0,0,0,0.0,0.0,0.0,0.0,0.0,0.0,snapshot,,,,,,,/home/runner/work/Solana-Memecoin-Analysis/Solana-Memecoin-Analysis/data/cache/2026-10-08/000819726923_multi_pools_cc868211978e.json,2
2026-10-08T00:05:26.425711+00:00,AidwXBRrbpkX8bdF38p3WuAcPyadUXEU2nRNMGYZERhx,solana,Meteora DBC,EPFnobjD2qNEVebCC9d4iGqBsTnfvdNqRjciRWn2g4XJ,null,So11111111111111111111111111111111111111112,SOL,2026-10-06T14:23:47Z,0.00018300833680401964,183008.3368,,0.0,120.79393420596081,,,0.0,0.0,0.0,0.0,0.0,0.0,0,0,0,0,0,0,0,0,0,0,0,0,0,0,0,0,0,0,0,0,0,0,0,0,0.0,0.0,0.0,0.0,0.0,0.0,snapshot,,,,,,,/home/runner/work/Solana-Memecoin-Analysis/Solana-Memecoin-Analysis/data/cache/2026-10-08/000827222064_multi_pools_b28ddd1379a4.json,2
2026-10-08T00:05:26.425711+00:00,B1fBRgBBxV8V28w1YdsBPFx7wihUaH4DbE8taYMtzQ6m,solana,Pump.fun,DYkDBWp5Qi3M1NomuzqunNKuvMMiyYhx63UqqJFuyz15,MESSI,So11111111111111111111111111111111111111112,SOL,2026-10-06T14:23:43Z,3.380026731627419e-06,3380.026732,,2577.1967,120.78231733385323,,,0.0,0.0,0.0,0.0,0.0,0.0,0,0,0,0,0,0,0,0,0,0,0,0,0,0,0,0,0,0,0,0,0,0,0,0,0.0,0.0,0.0,0.0,0.0,0.0,snapshot,,,,,,,/home/runner/work/Solana-Memecoin-Analysis/Solana-Memecoin-Analysis/data/cache/2026-10-08/000827222064_multi_pools_b28ddd1379a4.json,2
2026-10-08T00:05:26.425711+00:00,8ebbxji1ZbQcSyWNKgHwYt8v8mhuJ9uyg5SJwHUPTEb3,solana,Pump.fun,oyzZPefRBGj5oCDXYry8exNZWfZQYaYs33sXCg5pump,AP,So11111111111111111111111111111111111111112,SOL,2026-10-06T14:23:39Z,3.3778252731828454e-06,3377.825273,,2574.8511,120.81351000203095,,,0.0,0.0,0.0,0.0,0.0,0.0,0,0,0,0,0,0,0,0,0,0,0,0,0,0,0,0,0,0,0,0,0,0,0,0,0.0,0.0,0.0,0.0,0.0,0.0,snapshot,,,,,,,/home/runner/work/Solana-Memecoin-Analysis/Solana-Memecoin-Analysis/data/cache/2026-10-08/000827222064_multi_pools_b28ddd1379a4.json,2
2026-10-08T00:05:26.425711+00:00,G1f4UoXJRSnEWcyZSeJEVh8cMAymGVYRBYjvDSkaCHBp,solana,PumpSwap,GNU7i5qcWAKMEC7iPK5bNehJN2k96KfsVpqJd81Jpump,$Cat,So11111111111111111111111111111111111111112,SOL,2026-10-06T14:31:59Z,1.9234758164198573e-08,38.46951632,,35.9504,115.7081318361116,100.0,,0.0,0.0,0.0,0.0,5.9492305721,43.4835591034,0,0,0,0,0,0,0,0,0,0,0,0,0,0,0,0,1,2,1,2,8,20,6,19,0.0,0.0,0.0,0.0,-5.084,-69.351,snapshot,,,,,,,/home/runner/work/Solana-Memecoin-Analysis/Solana-Memecoin-Analysis/data/cache/2026-10-08/000827222064_multi_pools_b28ddd1379a4.json,2
2026-10-08T00:05:26.425711+00:00,H73rWV2aaTmycjZ2SqKDTWwFcWsE9Rnr4P6M4TuBg93Y,solana,Pump.fun,FZFNcUivo4BemDoc4oreDF1YxkcJ57M9fDt3vmiLpump,PFR,So11111111111111111111111111111111111111112,SOL,2026-10-06T14:31:59Z,5.032364119024632e-06,10056.93286,,3812.7818,120.88205396884557,100.0,,0.0,0.0,0.0,0.0,0.0,0.0,0,0,0,0,0,0,0,0,0,0,0,0,0,0,0,0,0,0,0,0,0,0,0,0,0.0,0.0,0.0,0.0,0.0,0.0,snapshot,,,,,,,/home/runner/work/Solana-Memecoin-Analysis/Solana-Memecoin-Analysis/data/cache/2026-10-08/000827222064_multi_pools_b28ddd1379a4.json,2
2026-10-08T00:05:26.425711+00:00,GkpkJnGr3QHqe4vSohbUD3sbmQsCLFWg6ABApKWKNn87,solana,Pump.fun,HVWdURR8aoyFTdAjG9pYgttRkZR9ug4EwwFwSnUgpump,Unagi,So11111111111111111111111111111111111111112,SOL,2026-10-06T14:31:54Z,3.394953831449113e-06,3394.953831,,2579.7867,121.19396308409779,100.0,,0.0,0.0,0.0,0.0,0.0,0.0,0,0,0,0,0,0,0,0,0,0,0,0,0,0,0,0,0,0,0,0,0,0,0,0,0.0,0.0,0.0,0.0,0.0,0.0,snapshot,,,,,,,/home/runner/work/Solana-Memecoin-Analysis/Solana-Memecoin-Analysis/data/cache/2026-10-08/000827222064_multi_pools_b28ddd1379a4.json,2
2026-10-08T00:05:26.425711+00:00,HqcqJBB1CJmYxvRSVHtaQJCXQtEjU2y8uDcM31kJu58S,solana,Pump.fun,7CvN7iBQZrNvJNWWTZHvTNcQaWVZf7uYgAWPQb9Dpump,GOAT,So11111111111111111111111111111111111111112,SOL,2026-10-06T14:31:49Z,3.3866238063164054e-06,3386.623806,,2575.5483,121.0953130280504,100.0,,0.0,0.0,0.0,0.0,0.0,0.0,0,0,0,0,0,0,0,0,0,0,0,0,0,0,0,0,0,0,0,0,0,0,0,0,0.0,0.0,0.0,0.0,0.0,0.0,snapshot,,,,,,,/home/runner/work/Solana-Memecoin-Analysis/Solana-Memecoin-Analysis/data/cache/2026-10-08/000827222064_multi_pools_b28ddd1379a4.json,2
2026-10-08T00:05:26.425711+00:00,FC5nLpK4bpAQeTwt2cmDmP2ur3jK78koyXMHqYLXtK4B,solana,Pump.fun,9te8QRxp18WWF1t1Wsjcv4kr35eoiheppo2FEGPTtUSu,GRAPEVINE,So11111111111111111111111111111111111111112,SOL,2026-10-06T14:31:38Z,3.38714416737043e-06,3382.721556,,2576.5348,120.90969061030977,,,0.0,0.0,0.0,0.0,0.0,0.0,0,0,0,0,0,0,0,0,0,0,0,0,0,0,0,0,0,0,0,0,0,0,0,0,0.0,0.0,0.0,0.0,0.0,0.0,snapshot,,,,,,,/home/runner/work/Solana-Memecoin-Analysis/Solana-Memecoin-Analysis/data/cache/2026-10-08/000827222064_multi_pools_b28ddd1379a4.json,2
2026-10-08T00:05:26.425711+00:00,5xbxSfxG9EuQJTBCtYHM5t5X95jVo3zWuLNKWgGpXXjo,solana,Pump.fun,FNF1uDcJ4muYaJEDuDGpY4KviV6W54bxjW7VbqX9pump,SI,So11111111111111111111111111111111111111112,SOL,2026-10-06T14:43:09Z,3.3911052674754025e-06,3391.105267,,2575.3736,121.26394403775456,100.0,,0.0,0.0,0.0,0.0,0.0,0.0,0,0,0,0,0,0,0,0,0,0,0,0,0,0,0,0,0,0,0,0,0,0,0,0,0.0,0.0,0.0,0.0,0.0,0.0,snapshot,,,,,,,/home/runner/work/Solana-Memecoin-Analysis/Solana-Memecoin-Analysis/data/cache/2026-10-08/000827222064_multi_pools_b28ddd1379a4.json,2
2026-10-08T00:05:26.425711+00:00,8FsVzkqQoGf7Gyo885SLZBVw7aNkSVJHgyaDeYjpEmMy,solana,Pump.fun,7dtYrj5YL6RotHbFXtZABiVmkY5nZVLcn9LTsA3Epump,SCHEMR,So11111111111111111111111111111111111111112,SOL,2026-10-06T14:43:06Z,3.4266063426218885e-06,3426.606343,,2600.2811,121.35967280726247,,,0.0,0.0,0.0,0.0,0.0,0.0,0,0,0,0,0,0,0,0,0,0,0,0,0,0,0,0,0,0,0,0,0,0,0,0,0.0,0.0,0.0,0.0,0.0,0.0,snapshot,,,,,,,/home/runner/work/Solana-Memecoin-Analysis/Solana-Memecoin-Analysis/data/cache/2026-10-08/000827222064_multi_pools_b28ddd1379a4.json,2
2026-10-08T00:05:26.425711+00:00,FdpZtkWoDf1ovDhtCKKuyXgqhHGWsnqi6XvkgpE1Zyd,solana,Pump.fun,8y65Y1thHb8PnA1ovK9GiPvm3M3qExEMHCfGnNxypump,coming,So11111111111111111111111111111111111111112,SOL,2026-10-06T14:43:00Z,1.2246171669088513e-08,24.49234334,,9.1037,120.98735071480068,,,0.0,0.0,0.0,0.0,0.0,0.0,0,0,0,0,0,0,0,0,0,0,0,0,0,0,0,0,0,0,0,0,0,0,0,0,0.0,0.0,0.0,0.0,0.0,0.0,snapshot,,,,,,,/home/runner/work/Solana-Memecoin-Analysis/Solana-Memecoin-Analysis/data/cache/2026-10-08/000827222064_multi_pools_b28ddd1379a4.json,2
2026-10-08T00:05:26.425711+00:00,9MnAcrFheuS5eUmREVyMfX5mXmrSJwcHDm2rTZM3ji6i,solana,Pump.fun,9MACuHoJV72jjZt7B7Fe6XqccWUKhj5dxgZssu4Epump,hyperfork,So11111111111111111111111111111111111111112,SOL,2026-10-06T14:42:57Z,3.5042722865587916e-06,3504.272287,,2657.9457,121.4178955299194,,,0.0,0.0,0.0,0.0,0.0,0.0,0,0,0,0,0,0,0,0,0,0,0,0,0,0,0,0,0,0,0,0,0,0,0,0,0.0,0.0,0.0,0.0,0.0,0.0,snapshot,,,,,,,/home/runner/work/Solana-Memecoin-Analysis/Solana-Memecoin-Analysis/data/cache/2026-10-08/000827222064_multi_pools_b28ddd1379a4.json,2
2026-10-08T00:05:26.425711+00:00,9597qN7DUrxcJKMYxzyPv5WZs5zKyMimzNmroApms8Wm,solana,Pump.fun,2xSqcfCQU5aTdsev6upr6o83oaLEcu6VeQj4nsB72ky1,Syrup,So11111111111111111111111111111111111111112,SOL,2026-10-06T14:42:51Z,3.417408367971337e-06,3417.408368,,2579.0546,121.43010199301382,,,0.0,0.0,0.0,0.0,0.0,0.0,0,0,0,0,0,0,0,0,0,0,0,0,0,0,0,0,0,0,0,0,0,0,0,0,0.0,0.0,0.0,0.0,0.0,0.0,snapshot,,,,,,,/home/runner/work/Solana-Memecoin-Analysis/Solana-Memecoin-Analysis/data/cache/2026-10-08/000827222064_multi_pools_b28ddd1379a4.json,2
2026-10-08T00:05:26.425711+00:00,7kbMGshPPpEZzpMog8q7bWSFrnPTvbTmHcXnqMTNbrDJ,solana,Pump.fun,FyyWhLsMMxazdXtseBftmZa1esQLXVNLoFBboPwApump,TDVW,So11111111111111111111111111111111111111112,SOL,2026-10-06T14:51:29Z,3.4662723187990514e-06,3466.272319,,2621.2062,121.7846235545865,,,0.0,0.0,0.0,0.0,0.0,0.0,0,0,0,0,0,0,0,0,0,0,0,0,0,0,0,0,0,0,0,0,0,0,0,0,0.0,0.0,0.0,0.0,0.0,0.0,snapshot,,,,,,,/home/runner/work/Solana-Memecoin-Analysis/Solana-Memecoin-Analysis/data/cache/2026-10-08/000827222064_multi_pools_b28ddd1379a4.json,2
2026-10-08T00:05:26.425711+00:00,46pD9dqg1M5G1YFk2RW4gDaRYvk9MhXhA6J2YQKkLq3e,solana,PumpSwap,D5o33ydDVzTGnHd16mXQJnNPtjRhz6iJaPpaRZ2dSxvM,OUTBREAK,So11111111111111111111111111111111111111112,SOL,2026-10-06T14:51:28Z,3.247906669374519e-05,32479.0667224791,,4.46253161546463e-07,120.32566602790983,100.0,,0.0,0.0,0.0,0.0,0.0,0.0,0,0,0,0,0,0,0,0,0,0,0,0,0,0,0,0,0,0,0,0,0,0,0,0,0.0,0.0,0.0,0.0,0.0,0.0,snapshot,,,,,,,/home/runner/work/Solana-Memecoin-Analysis/Solana-Memecoin-Analysis/data/cache/2026-10-08/000827222064_multi_pools_b28ddd1379a4.json,2
2026-10-08T00:05:26.425711+00:00,8hrUo3at8TbccVYDpvicXK6Y7EFv9xP7Bu8AsRg4BGV6,solana,Pump.fun,9oxKbfT5N6nNGDfkgwQYWadR3b3Xj9QN5k19dKYtpump,Pump Sign,So11111111111111111111111111111111111111112,SOL,2026-10-06T14:51:28Z,3.3132771991177766e-06,3313.277199,,2582.829,118.1385369077673,100.0,,0.0,0.0,0.0,0.0,0.0,2.5232361863,0,0,0,0,0,0,0,0,0,0,0,0,0,0,0,0,0,0,0,0,0,1,0,1,0.0,0.0,0.0,0.0,0.0,0.0,snapshot,,,,,,,/home/runner/work/Solana-Memecoin-Analysis/Solana-Memecoin-Analysis/data/cache/2026-10-08/000827222064_multi_pools_b28ddd1379a4.json,2
2026-10-08T00:05:26.425711+00:00,2ijDrgKbnWmLGijSPCCSJ91Qmaa9XEs6wdBUrgd1hkWA,solana,Pump.fun,FKm2oWiNNVykRNHGi6avYej7F9HoBvqoLu2dB76cJty2,Shill,So11111111111111111111111111111111111111112,SOL,2026-10-06T14:51:26Z,3.510440512457641e-06,3510.440512,,2659.6067,121.5555521962534,,,0.0,0.0,0.0,0.0,0.0,0.0,0,0,0,0,0,0,0,0,0,0,0,0,0,0,0,0,0,0,0,0,0,0,0,0,0.0,0.0,0.0,0.0,0.0,0.0,snapshot,,,,,,,/home/runner/work/Solana-Memecoin-Analysis/Solana-Memecoin-Analysis/data/cache/2026-10-08/000827222064_multi_pools_b28ddd1379a4.json,2
2026-10-08T00:05:26.425711+00:00,8rKjG6URiLpxVwzHaEZvRF9PDAZD73aM6PWcyeUGWxZt,solana,Pump.fun,BohWt8m4iYkuWAsDxGmgnemHWpLBsUGAnTD3qmNYG4F4,ANON,So11111111111111111111111111111111111111112,SOL,2026-10-06T14:51:23Z,3.4184557366445865e-06,3418.455737,,2588.8207,121.60710801275141,,,0.0,0.0,0.0,0.0,0.0,0.0,0,0,0,0,0,0,0,0,0,0,0,0,0,0,0,0,0,0,0,0,0,0,0,0,0.0,0.0,0.0,0.0,0.0,0.0,snapshot,,,,,,,/home/runner/work/Solana-Memecoin-Analysis/Solana-Memecoin-Analysis/data/cache/2026-10-08/000827222064_multi_pools_b28ddd1379a4.json,2
2026-10-08T00:05:26.425711+00:00,SvXxYPgLUuPM1MpsMtUmafx1XaFAR3ZqJbRFE46EiHb,solana,Pump.fun,Gqz4EuhPz1drVKvoGBobpkZH1Zt6xiV3dB7HH9rUpump,LOVE PEPE,So11111111111111111111111111111111111111112,SOL,2026-10-06T14:51:23Z,3.4056294595181583e-06,3405.62946,,2575.6993,121.76792539456467,,,0.0,0.0,0.0,0.0,0.0,0.0,0,0,0,0,0,0,0,0,0,0,0,0,0,0,0,0,0,0,0,0,0,0,0,0,0.0,0.0,0.0,0.0,0.0,0.0,snapshot,,,,,,,/home/runner/work/Solana-Memecoin-Analysis/Solana-Memecoin-Analysis/data/cache/2026-10-08/000827222064_multi_pools_b28ddd1379a4.json,2
2026-10-08T00:05:26.425711+00:00,4UVsMXoTDsjnrcXnASxiLXceogeDVRxpJ46MpuMk6p8p,solana,Pump.fun,5jE3vuAV9xcjUsMRaZdk69LULRTkmt1os6sNpBBjU658,Mongo,So11111111111111111111111111111111111111112,SOL,2026-10-06T14:51:17Z,4.7622317273246343e-05,47622.31727,,0.0,117.55725054071063,100.0,,0.0,0.0,0.0,0.0,0.0,93928.2114960841,0,0,0,0,0,0,0,0,0,0,0,0,0,0,0,0,0,0,0,0,754,585,394,287,0.0,0.0,0.0,0.0,0.0,846.364,snapshot,,,,,,,/home/runner/work/Solana-Memecoin-Analysis/Solana-Memecoin-Analysis/data/cache/2026-10-08/000827222064_multi_pools_b28ddd1379a4.json,2
2026-10-08T00:05:26.425711+00:00,BVwR7u8GEbfs87j7XKFjCwap9fXKb4UrhrWggkEr2sJg,solana,Pump.fun,AbcJNy44EsrsYgTNMMb2RrhPYTEVwWMpAi4viRgSpump,BRIOLETTE,XsCPL9dNWBMvFtTmwcCA5v3xWPSMEBCszbQdiLLq6aN,GOOGLx,2026-10-06T14:57:54Z,3.2317963961257426e-06,3231.796396,,2446.6217,349.04456185543364,100.0,,0.0,0.0,0.0,0.0,0.0,0.0,0,0,0,0,0,0,0,0,0,0,0,0,0,0,0,0,0,0,0,0,0,0,0,0,0.0,0.0,0.0,0.0,0.0,0.0,snapshot,,,,,,,/home/runner/work/Solana-Memecoin-Analysis/Solana-Memecoin-Analysis/data/cache/2026-10-08/000827222064_multi_pools_b28ddd1379a4.json,2
2026-10-08T00:05:26.425711+00:00,7hJU1YacXk8kFCKKrJa5XxyEhmY1tLSi2hsoaXiQkDN8,solana,Pump.fun,GkbQYQ4DACGTT4wx6xDzTAU1StGR5AWBnvqbwzJpump,LUNCHBOX,So11111111111111111111111111111111111111112,SOL,2026-10-06T14:57:35Z,3.4250218386058086e-06,3425.021839,,2590.2722,121.7724374032246,,,0.0,0.0,0.0,0.0,0.0,0.0,0,0,0,0,0,0,0,0,0,0,0,0,0,0,0,0,0,0,0,0,0,0,0,0,0.0,0.0,0.0,0.0,0.0,0.0,snapshot,,,,,,,/home/runner/work/Solana-Memecoin-Analysis/Solana-Memecoin-Analysis/data/cache/2026-10-08/000827222064_multi_pools_b28ddd1379a4.json,2
2026-10-08T00:05:26.425711+00:00,BUGmkJxDVPs7ks5zduuRU26gUgHVjoK2eaoUiwH7ahJA,solana,Pump.fun,LD1QR1Be67LE1ypyzHjv3n4EVqx4NNjpRpVCgFmyizn,IGOTPAID,So11111111111111111111111111111111111111112,SOL,2026-10-06T14:57:32Z,3.3083984648751213e-06,3308.398465,,2578.6719,118.1550658028858,,,0.0,0.0,0.0,0.0,0.0,2.9946458142,0,0,0,0,0,0,0,0,0,0,0,0,0,0,0,0,0,0,0,0,0,1,0,1,0.0,0.0,0.0,0.0,0.0,0.0,snapshot,,,,,,,/home/runner/work/Solana-Memecoin-Analysis/Solana-Memecoin-Analysis/data/cache/2026-10-08/000827222064_multi_pools_b28ddd1379a4.json,2
2026-10-08T00:05:26.425711+00:00,7iJoTT8Yk71hHyYBpu8Ri5VGEGsLjdSVxWN7qQY8KAsc,solana,PumpSwap,3hJ2hWLuYueakn712URUEqbHHhLUmjQCrk42VPZ4gVWw,GTA 7 VII,So11111111111111111111111111111111111111112,SOL,2026-10-06T15:06:50Z,2.862058571181199e-05,28620.58571,,4.345212625e-07,120.9115503922745,100.0,,0.0,0.0,0.0,0.0,0.0,0.0,0,0,0,0,0,0,0,0,0,0,0,0,0,0,0,0,0,0,0,0,0,0,0,0,0.0,0.0,0.0,0.0,0.0,0.0,snapshot,,,,,,,/home/runner/work/Solana-Memecoin-Analysis/Solana-Memecoin-Analysis/data/cache/2026-10-08/000827222064_multi_pools_b28ddd1379a4.json,2
2026-10-08T00:05:26.425711+00:00,9vzV97bpNcZ1kziwooJmAyrfjQjPUe2vF4eepDjNyPHi,solana,Meteora DAMM V2,5wmWPTFMZet8kmMg2Uo4x1qfoVZUfvEKaudmtAydRCki,iPAID,So11111111111111111111111111111111111111112,SOL,2026-10-06T15:06:38Z,0.0003238221351438363,323822.1351,,0.001651784965,121.72768443816028,,,0.0,0.0,0.0,0.0,0.0,0.0,0,0,0,0,0,0,0,0,0,0,0,0,0,0,0,0,0,0,0,0,0,0,0,0,0.0,0.0,0.0,0.0,0.0,0.0,snapshot,,,,,,,/home/runner/work/Solana-Memecoin-Analysis/Solana-Memecoin-Analysis/data/cache/2026-10-08/000827222064_multi_pools_b28ddd1379a4.json,2
2026-10-08T00:05:26.425711+00:00,Wk4GmW346L331EPPAa45kX7mt6o1RFfo5psrSbzNc7q,solana,Pump.fun,FM8hxc15EJotwdynAAAknEGi7DCPYwgAUJJm3kijVBwF,HeToo,So11111111111111111111111111111111111111112,SOL,2026-10-06T15:06:31Z,3.4293312322745998e-06,3429.331232,,2592.0135,121.84345796783658,,,0.0,0.0,0.0,0.0,0.0,0.0,0,0,0,0,0,0,0,0,0,0,0,0,0,0,0,0,0,0,0,0,0,0,0,0,0.0,0.0,0.0,0.0,0.0,0.0,snapshot,,,,,,,/home/runner/work/Solana-Memecoin-Analysis/Solana-Memecoin-Analysis/data/cache/2026-10-08/000827222064_multi_pools_b28ddd1379a4.json,2
2026-10-08T00:05:26.425711+00:00,6widgZnNcnad3u7gJSJvFgBYZtvM26JxDvH7WQemgjn3,solana,Pump.fun,12VFCwZ7NTt7ncDCpNLMN7D4X2twMd1x4BSzHJ2sHos8,TOKEN,So11111111111111111111111111111111111111112,SOL,2026-10-06T15:06:24Z,3.508378040634673e-06,3508.378041,,2687.6953,120.21452311164725,,,0.0,0.0,0.0,0.0,0.0,0.0,0,0,0,0,0,0,0,0,0,0,0,0,0,0,0,0,0,0,0,0,0,0,0,0,0.0,0.0,0.0,0.0,0.0,0.0,snapshot,,,,,,,/home/runner/work/Solana-Memecoin-Analysis/Solana-Memecoin-Analysis/data/cache/2026-10-08/000827222064_multi_pools_b28ddd1379a4.json,2
2026-10-08T00:05:26.425711+00:00,8SbSuwaAg1HynV9rZfL24o26gL5ntx13W475tyYG1B75,solana,Pump.fun,7K227SpYb5i6gg1tx3iZiHvxtTiNmRag3epiEyF6pump,.coin,So11111111111111111111111111111111111111112,SOL,2026-10-06T15:06:23Z,3.5385074044626886e-06,3538.507404,,2692.0729,121.04973771224064,100.0,,0.0,0.0,0.0,0.0,0.0,0.0,0,0,0,0,0,0,0,0,0,0,0,0,0,0,0,0,0,0,0,0,0,0,0,0,0.0,0.0,0.0,0.0,0.0,0.0,snapshot,,,,,,,/home/runner/work/Solana-Memecoin-Analysis/Solana-Memecoin-Analysis/data/cache/2026-10-08/000827222064_multi_pools_b28ddd1379a4.json,2
2026-10-08T00:05:26.425711+00:00,2vPWK1fxkn2RXbc8oBuLurrQTisqrzPZrLY3QRbDnLWx,solana,Meteora DBC,9xEU5DrZkseBpsLirJ9r9JvuvNXTuT5FEhxg1WHqpump,Matthew,So11111111111111111111111111111111111111112,SOL,2026-10-06T15:06:18Z,5.539183021078576e-12,0.004321966061,,0.0,121.86200873884873,,,0.0,0.0,0.0,0.0,0.0,0.0,0,0,0,0,0,0,0,0,0,0,0,0,0,0,0,0,0,0,0,0,0,0,0,0,0.0,0.0,0.0,0.0,0.0,0.0,snapshot,,,,,,,/home/runner/work/Solana-Memecoin-Analysis/Solana-Memecoin-Analysis/data/cache/2026-10-08/000827222064_multi_pools_b28ddd1379a4.json,2
2026-10-08T00:05:26.425711+00:00,4JMrFcft63o2zL5kYFL2xRw9M2NhhrUoBdZT6pJz1htD,solana,Pump.fun,99oizV1fj1aoUexMaog4SHXxXcT387RxrbV5FXuSpump,つばさ,So11111111111111111111111111111111111111112,SOL,2026-10-06T15:06:15Z,6.675690905794514e-06,13351.381812,,4997.459,121.7678079013262,,,0.0,0.0,0.0,0.0,0.0,0.0,0,0,0,0,0,0,0,0,0,0,0,0,0,0,0,0,0,0,0,0,0,0,0,0,0.0,0.0,0.0,0.0,0.0,0.0,snapshot,,,,,,,/home/runner/work/Solana-Memecoin-Analysis/Solana-Memecoin-Analysis/data/cache/2026-10-08/000827222064_multi_pools_b28ddd1379a4.json,2
2026-10-08T00:05:26.425711+00:00,2BCTTMBpYzdBqyh2LMWMJcvDNVnS5DwgJDqqGkrVVhbU,solana,Pump.fun,CExsuyBYGftC34ZPcNLjuy4r7Juv7NNqEEBXQ9qdpump,$SHIBTH,So11111111111111111111111111111111111111112,SOL,2026-10-06T15:19:14Z,7.9548660907458e-06,15909.732182,,5728.9615,121.66204306384603,,,0.0,0.0,0.0,0.0,0.0,0.0,0,0,0,0,0,0,0,0,0,0,0,0,0,0,0,0,0,0,0,0,0,0,0,0,0.0,0.0,0.0,0.0,0.0,0.0,snapshot,,,,,,,/home/runner/work/Solana-Memecoin-Analysis/Solana-Memecoin-Analysis/data/cache/2026-10-08/000841954867_multi_pools_297d8160882b.json,2
2026-10-08T00:05:26.425711+00:00,2XNVtUqpAkeso2WHdxRLRNuFrrn2Wf21xpiy8mgJCZNY,solana,Pump.fun,9kMwxyVnhJJPbvEkQ7XMMk7KbziixXUh1jofZxjtpump,wApe,So11111111111111111111111111111111111111112,SOL,2026-10-06T15:19:07Z,1.417307101218763e-06,2834.614202,,1074.2028,121.69885418818629,,,0.0,0.0,0.0,0.0,0.0,0.0,0,0,0,0,0,0,0,0,0,0,0,0,0,0,0,0,0,0,0,0,0,0,0,0,0.0,0.0,0.0,0.0,0.0,0.0,snapshot,,,,,,,/home/runner/work/Solana-Memecoin-Analysis/Solana-Memecoin-Analysis/data/cache/2026-10-08/000841954867_multi_pools_297d8160882b.json,2
2026-10-08T00:05:26.425711+00:00,9CAXTBZepeqaqUs8rEL33XcEFXpeQhv3yJ63KAeYnwcX,solana,Pump.fun,Hxwct89xk4iRQN9LGQHb1FC6oXCmTrXNZ1whL5uASWdQ,SpaceX,So11111111111111111111111111111111111111112,SOL,2026-10-06T15:19:00Z,1.304377696521235e-05,12957.6125911839,,0.0,121.69843908515345,,,0.0,0.0,0.0,0.0,0.0,0.0,0,0,0,0,0,0,0,0,0,0,0,0,0,0,0,0,0,0,0,0,0,0,0,0,0.0,0.0,0.0,0.0,0.0,0.0,snapshot,,,,,,,/home/runner/work/Solana-Memecoin-Analysis/Solana-Memecoin-Analysis/data/cache/2026-10-08/000841954867_multi_pools_297d8160882b.json,2
2026-10-08T00:05:26.425711+00:00,t1fjvxxvVXMKzVRB9uyDCkKn5D1BEvMshzU3dk1MUQD,solana,Pump.fun,BapUnzjWfnR6imEXZJyed7tFyCxSMRDbnC4jE3Q9pump,RICH,So11111111111111111111111111111111111111112,SOL,2026-10-06T15:18:56Z,3.409691570506357e-06,3409.691571,,2585.999,121.42739286856063,,,0.0,0.0,0.0,0.0,0.0,0.0,0,0,0,0,0,0,0,0,0,0,0,0,0,0,0,0,0,0,0,0,0,0,0,0,0.0,0.0,0.0,0.0,0.0,0.0,snapshot,,,,,,,/home/runner/work/Solana-Memecoin-Analysis/Solana-Memecoin-Analysis/data/cache/2026-10-08/000841954867_multi_pools_297d8160882b.json,2
2026-10-08T00:05:26.425711+00:00,9hqi5he4AR1C9NJjbJGAbiP7ePffn1mQ7wTMcbj2PEEV,solana,Pump.fun,4uE7nS3BeR1TzN7c1SCQGwoPKDFFX1Ts5YMwtfvopump,HESOLD,So11111111111111111111111111111111111111112,SOL,2026-10-06T15:27:23Z,3.39295743508551e-06,3392.957435,,2575.6064,121.31883127785227,100.0,,0.0,0.0,0.0,0.0,0.0,0.0,0,0,0,0,0,0,0,0,0,0,0,0,0,0,0,0,0,0,0,0,0,0,0,0,0.0,0.0,0.0,0.0,0.0,0.0,snapshot,,,,,,,/home/runner/work/Solana-Memecoin-Analysis/Solana-Memecoin-Analysis/data/cache/2026-10-08/000841954867_multi_pools_297d8160882b.json,2
2026-10-08T00:05:26.425711+00:00,5ZQTSNWs2RvS7KMwaTyb1akmFpE5svb526dUBMzPcgok,solana,Meteora DAMM V2,J8Xir3Rx9JxtE2CzeaX4UFYPXmPGNcFBkJySBpLEeks7,HeToo,So11111111111111111111111111111111111111112,SOL,2026-10-06T15:27:22Z,6.521494783902418e-10,0.6520702521,,1.0915,120.83425606373349,,,0.0,0.0,0.0,0.0,0.0,0.0,0,0,0,0,0,0,0,0,0,0,0,0,0,0,0,0,0,0,0,0,0,0,0,0,0.0,0.0,0.0,0.0,0.0,0.0,snapshot,,,,,,,/home/runner/work/Solana-Memecoin-Analysis/Solana-Memecoin-Analysis/data/cache/2026-10-08/000841954867_multi_pools_297d8160882b.json,2
2026-10-08T00:05:26.425711+00:00,EbWYxBLH76qW5R8pmdgHKyq2qPpsWH7chJAixHEvJ1TR,solana,Pump.fun,Fx8QaJRWmuuRct3QDzamGmM15nGV96ZrrfZKjVtnpump,$Aiden,So11111111111111111111111111111111111111112,SOL,2026-10-06T15:27:18Z,3.3797093000999057e-06,3379.7093,,2575.6877,120.84162035054177,,,0.0,0.0,0.0,0.0,0.0,0.0,0,0,0,0,0,0,0,0,0,0,0,0,0,0,0,0,0,0,0,0,0,0,0,0,0.0,0.0,0.0,0.0,0.0,0.0,snapshot,,,,,,,/home/runner/work/Solana-Memecoin-Analysis/Solana-Memecoin-Analysis/data/cache/2026-10-08/000841954867_multi_pools_297d8160882b.json,2
2026-10-08T00:05:26.425711+00:00,7sZFy2t1L2nMaEPd1MKmVRoXBjDELTwdjJ4VPKruFoky,solana,Pump.fun,13m8Jmsh3Ym54JCvgEC69UREBn8PUwoM4k35bDUMFkMz,MOTYN,So11111111111111111111111111111111111111112,SOL,2026-10-06T15:27:09Z,3.237065898688208e-06,3237.065899,,2574.9793,115.77339877397942,,,0.0,0.0,0.0,0.0,0.0,0.1697434841,0,0,0,0,0,0,0,0,0,0,0,0,0,0,0,0,0,0,0,0,0,1,0,1,0.0,0.0,0.0,0.0,0.0,0.0,snapshot,,,,,,,/home/runner/work/Solana-Memecoin-Analysis/Solana-Memecoin-Analysis/data/cache/2026-10-08/000841954867_multi_pools_297d8160882b.json,2
2026-10-08T00:05:26.425711+00:00,3jAeT2WPnjWegT2QTXw1r4PY5haGQWjV3SeNjkXDbkUn,solana,Pump.fun,6ojJbCwqan5fivA6zJGV49ESswEZp7BhsdjimZjLu6gm,Ainglish,So11111111111111111111111111111111111111112,SOL,2026-10-06T15:27:05Z,3.550451583602749e-06,3550.451584,,2931.6613,121.3159058783226,,,0.0,0.0,0.0,0.0,0.0,0.0,0,0,0,0,0,0,0,0,0,0,0,0,0,0,0,0,0,0,0,0,0,0,0,0,0.0,0.0,0.0,0.0,0.0,0.0,snapshot,,,,,,,/home/runner/work/Solana-Memecoin-Analysis/Solana-Memecoin-Analysis/data/cache/2026-10-08/000841954867_multi_pools_297d8160882b.json,2
2026-10-08T00:05:26.425711+00:00,8aLihQQ4A58p4dPikLAEBz42bCLXNr65eyMs8DZB1Ch7,solana,Raydium,2sStzDhxXzHUVxnipw9tYbdxaKN2UwoCPhbafjxjRLES,ROOLES,So11111111111111111111111111111111111111112,SOL,2026-10-06T15:37:20Z,1.264924803909878e-06,1264.924804,,2629.3996,120.11580969457748,100.0,,0.0,0.0,0.0,0.0,0.0,0.0,0,0,0,0,0,0,0,0,0,0,0,0,0,0,0,0,0,0,0,0,0,0,0,0,0.0,0.0,0.0,0.0,0.0,0.0,snapshot,,,,,,,/home/runner/work/Solana-Memecoin-Analysis/Solana-Memecoin-Analysis/data/cache/2026-10-08/000841954867_multi_pools_297d8160882b.json,2
2026-10-08T00:05:26.425711+00:00,Dm5berwQ1Uyxs1Z7ku7A6VtzWmh69saLTNzFJjSkMYKb,solana,Meteora,4FEYQw5d7a3A7JvD7gXnK37EiHVJcuTG3ssKGF9RfarS,Venice,So11111111111111111111111111111111111111112,SOL,2026-10-06T15:37:19Z,0.00013897714218110566,123602.6736,,177.6268,120.99281021306845,,,0.0,0.0,0.0,0.0,0.0,0.0,0,0,0,0,0,0,0,0,0,0,0,0,0,0,0,0,0,0,0,0,0,0,0,0,0.0,0.0,0.0,0.0,0.0,0.0,snapshot,,,,,,,/home/runner/work/Solana-Memecoin-Analysis/Solana-Memecoin-Analysis/data/cache/2026-10-08/000841954867_multi_pools_297d8160882b.json,2
2026-10-08T00:05:26.425711+00:00,5poRvSUmuadiKJVVNLww2DR41pJXckVqMwDn7ehj4Hmz,solana,Pump.fun,9xLbJYfy6nyxUR9qnjwEi5geaubqCy6R1ZMn81FBgXye,TEST,So11111111111111111111111111111111111111112,SOL,2026-10-06T15:37:17Z,3.469845563909835e-06,3420.127949,,2610.4885,120.65078753297928,,,0.0,0.0,0.0,0.0,0.0,0.0,0,0,0,0,0,0,0,0,0,0,0,0,0,0,0,0,0,0,0,0,0,0,0,0,0.0,0.0,0.0,0.0,0.0,0.0,snapshot,,,,,,,/home/runner/work/Solana-Memecoin-Analysis/Solana-Memecoin-Analysis/data/cache/2026-10-08/000841954867_multi_pools_297d8160882b.json,2
2026-10-08T00:05:26.425711+00:00,HSe387XHXyUV9u9ZsiW58sXTZrh7CBvyBBjGMEtNWvzb,solana,Meteora DBC,6JEbRbmkM2q2HVxCXGbf4fKKvS3edtuMhYVtnyvyA2jY,币安公主,So11111111111111111111111111111111111111112,SOL,2026-10-06T15:37:06Z,5.4516694671297256e-05,54516.69467,,0.0,121.18448257498981,,,0.0,0.0,0.0,0.0,0.0,0.0,0,0,0,0,0,0,0,0,0,0,0,0,0,0,0,0,0,0,0,0,0,0,0,0,0.0,0.0,0.0,0.0,0.0,0.0,snapshot,,,,,,,/home/runner/work/Solana-Memecoin-Analysis/Solana-Memecoin-Analysis/data/cache/2026-10-08/000841954867_multi_pools_297d8160882b.json,2
2026-10-08T00:05:26.425711+00:00,3HxfXSdU7kLFCFojV3cG8KShZh3rKvZCN9yxRi32z5UD,solana,Pump.fun,26bkYsRLXDXFUnbhMaBinfr2Ag3Zwgwb783aHYpSpump,CHUD,So11111111111111111111111111111111111111112,SOL,2026-10-06T15:48:29Z,3.3832637760691024e-06,3383.263776,,2575.6993,120.96826125851248,,,0.0,0.0,0.0,0.0,0.0,0.0,0,0,0,0,0,0,0,0,0,0,0,0,0,0,0,0,0,0,0,0,0,0,0,0,0.0,0.0,0.0,0.0,0.0,0.0,snapshot,,,,,,,/home/runner/work/Solana-Memecoin-Analysis/Solana-Memecoin-Analysis/data/cache/2026-10-08/000841954867_multi_pools_297d8160882b.json,2
2026-10-08T00:05:26.425711+00:00,2sU74gZqXhet1VMaF4cVE8AwCiFEgRPzErJ7GXhzPaf3,solana,Meteora DAMM V2,2bN5h85C7nMYto1wJXD7VWKGzHx45KQyH98ipKu7bz1a,BINDER,So11111111111111111111111111111111111111112,SOL,2026-10-06T15:48:27Z,9.90918122164191e-07,990.9181222,,0.0464,120.27966018032065,100.0,,0.0,0.0,0.0,0.0,0.0,0.0,0,0,0,0,0,0,0,0,0,0,0,0,0,0,0,0,0,0,0,0,0,0,0,0,0.0,0.0,0.0,0.0,0.0,0.0,snapshot,,,,,,,/home/runner/work/Solana-Memecoin-Analysis/Solana-Memecoin-Analysis/data/cache/2026-10-08/000841954867_multi_pools_297d8160882b.json,2
2026-10-08T00:05:26.425711+00:00,4ehZMaDyuhiCb8PdentksGEf6QoKU1CdmjYy8YAsQgM5,solana,Pump.fun,972BtDSt6haBwrakgGBwAGuzrPrX1k7CFZJQAh3Y9cgh,kinderswap,So11111111111111111111111111111111111111112,SOL,2026-10-06T15:48:15Z,3.4283119923197526e-06,3428.311992,,2608.3519,121.0445583944053,,,0.0,0.0,0.0,0.0,0.0,0.0,0,0,0,0,0,0,0,0,0,0,0,0,0,0,0,0,0,0,0,0,0,0,0,0,0.0,0.0,0.0,0.0,0.0,0.0,snapshot,,,,,,,/home/runner/work/Solana-Memecoin-Analysis/Solana-Memecoin-Analysis/data/cache/2026-10-08/000841954867_multi_pools_297d8160882b.json,2
2026-10-08T00:05:26.425711+00:00,CSqia5eBU2pJnVP9zcbqaroFJP1vHoJuc5AaHCckEtQM,solana,Pump.fun,4cDTELNqhr82WcKh3R8suJDzsCrNGYoFbFpw7MFWpump,BOTFOLIO,So11111111111111111111111111111111111111112,SOL,2026-10-06T15:48:11Z,3.251228172482318e-06,3251.228172,,2574.9793,116.27991381426992,,,0.0,0.0,0.0,0.0,0.0,0.1707871699,0,0,0,0,0,0,0,0,0,0,0,0,0,0,0,0,0,0,0,0,0,1,0,1,0.0,0.0,0.0,0.0,0.0,0.0,snapshot,,,,,,,/home/runner/work/Solana-Memecoin-Analysis/Solana-Memecoin-Analysis/data/cache/2026-10-08/000841954867_multi_pools_297d8160882b.json,2
2026-10-08T00:05:26.425711+00:00,GeMhrvYAUuCFFMcpPqpy54W7B8jX82YwZhHzzrWLzkMW,solana,Pump.fun,GLd58ojSiseufHH6jbLWeeXQfVBE89hXV4JkkBzZpump,CFO,So11111111111111111111111111111111111111112,SOL,2026-10-06T15:48:10Z,3.3843521300236944e-06,3384.35213,,2574.9329,121.04288701007461,100.0,,0.0,0.0,0.0,0.0,0.0,0.0,0,0,0,0,0,0,0,0,0,0,0,0,0,0,0,0,0,0,0,0,0,0,0,0,0.0,0.0,0.0,0.0,0.0,0.0,snapshot,,,,,,,/home/runner/work/Solana-Memecoin-Analysis/Solana-Memecoin-Analysis/data/cache/2026-10-08/000841954867_multi_pools_297d8160882b.json,2
2026-10-08T00:05:26.425711+00:00,2DPKr7irxiQKhrqdymu7hNwtTarWANeMqYWWZF8k6XyR,solana,Pump.fun,6aJmueyApPAiArrFNqgP1fD5UEdYBsPXMw28aWi3pump,CFO,So11111111111111111111111111111111111111112,SOL,2026-10-06T15:48:10Z,3.3728254281115797e-06,3372.825428,,2575.9896,120.5811295746176,100.0,,0.0,0.0,0.0,0.0,0.0,0.0,0,0,0,0,0,0,0,0,0,0,0,0,0,0,0,0,0,0,0,0,0,0,0,0,0.0,0.0,0.0,0.0,0.0,0.0,snapshot,,,,,,,/home/runner/work/Solana-Memecoin-Analysis/Solana-Memecoin-Analysis/data/cache/2026-10-08/000841954867_multi_pools_297d8160882b.json,2
2026-10-08T00:05:26.425711+00:00,7Q6QkUrbxsir6Jv33wd9ZfhgyHs2A3QQUPath8WrHe6E,solana,Pump.fun,ERF1p1YwAUkcJfVXqeXjHD7nVk4Y5pWoH66p2zyxpump,STOLE,So11111111111111111111111111111111111111112,SOL,2026-10-06T15:48:10Z,6.145058294047015e-07,1229.0116588,,473.0213,121.04386583974336,,,0.0,0.0,0.0,0.0,0.0,0.0,0,0,0,0,0,0,0,0,0,0,0,0,0,0,0,0,0,0,0,0,0,0,0,0,0.0,0.0,0.0,0.0,0.0,0.0,snapshot,,,,,,,/home/runner/work/Solana-Memecoin-Analysis/Solana-Memecoin-Analysis/data/cache/2026-10-08/000841954867_multi_pools_297d8160882b.json,2
2026-10-08T00:05:26.425711+00:00,8iEYWVKJpqFmSc4tFkmLH3h7ZK8iNW1fQDR9b2KVUmsk,solana,Pump.fun,5W6xq5qwbczd1JTFpdw3S2Wcv7CzA7KqYYVzYPerpump,CFO,So11111111111111111111111111111111111111112,SOL,2026-10-06T15:48:10Z,3.3843521300236944e-06,3384.35213,,2574.9329,121.04288701007461,100.0,,0.0,0.0,0.0,0.0,0.0,0.0,0,0,0,0,0,0,0,0,0,0,0,0,0,0,0,0,0,0,0,0,0,0,0,0,0.0,0.0,0.0,0.0,0.0,0.0,snapshot,,,,,,,/home/runner/work/Solana-Memecoin-Analysis/Solana-Memecoin-Analysis/data/cache/2026-10-08/000841954867_multi_pools_297d8160882b.json,2
2026-10-08T00:05:26.425711+00:00,CTJyubPeX4yMtETbWpAQe8DkDUjGmcMy3CK8d1HDyvwU,solana,Meteora DBC,DmemSowzgJYX6MbVrviM8oPuSigGUNrrqzcL7G37cNVA,CHONK,So11111111111111111111111111111111111111112,SOL,2026-10-06T15:56:35Z,6.005312401893148e-12,0.004801428785,,0.0,120.70676120521652,,,0.0,0.0,0.0,0.0,0.0,0.0,0,0,0,0,0,0,0,0,0,0,0,0,0,0,0,0,0,0,0,0,0,0,0,0,0.0,0.0,0.0,0.0,0.0,0.0,snapshot,,,,,,,/home/runner/work/Solana-Memecoin-Analysis/Solana-Memecoin-Analysis/data/cache/2026-10-08/000841954867_multi_pools_297d8160882b.json,2
2026-10-08T00:05:26.425711+00:00,GVhECoHUQtez7iSSnrjxzBEwhCDufeEEA6Qm87ua7xAe,solana,Pump.fun,EeZs6FwiBwNSUrzT1mVDLt5xerwnMpWRRArsN543n4iq,KOUSHI,So11111111111111111111111111111111111111112,SOL,2026-10-06T15:56:27Z,3.2562894114052547e-06,3256.289411,,2581.0524,116.18638446628047,100.0,,0.0,0.0,0.0,0.0,0.08333886697,0.08333886697,0,0,0,0,0,0,0,0,0,0,0,0,0,0,0,0,0,1,0,1,0,1,0,1,0.0,0.0,0.0,0.0,0.0,0.0,snapshot,,,,,,,/home/runner/work/Solana-Memecoin-Analysis/Solana-Memecoin-Analysis/data/cache/2026-10-08/000841954867_multi_pools_297d8160882b.json,2
2026-10-08T00:05:26.425711+00:00,Ds5eNh2bt9HVwPDdbp1jZvg5kMT31bG6XVmFfAQ8HzbL,solana,Pump.fun,C73JJ8SECDHZAy9XxFPvMzENTsM51HKBrd1pNmxppump,JKT,Xsc9qvGR1efVDFGLrVsmkzv3qi45LTBjeUKSPmx9qEh,NVDAx,2026-10-06T15:56:22Z,3.6165949553058812e-06,3616.594955,,2787.8134,240.39572149396898,,,0.0,0.0,0.0,0.0,0.0,251.6002399706,0,0,0,0,0,0,0,0,0,0,0,0,0,0,0,0,0,0,0,0,1,2,1,2,0.0,0.0,0.0,0.0,0.0,2.858,snapshot,,,,,,,/home/runner/work/Solana-Memecoin-Analysis/Solana-Memecoin-Analysis/data/cache/2026-10-08/000841954867_multi_pools_297d8160882b.json,2
2026-10-08T00:05:26.425711+00:00,8eUvFYXWEby17Mg1Jcck4L4qZFn4mTEq75pitTqLXpVP,solana,Pump.fun,8WWdrdDCWZ1Skw83uA2W9yFbFQL1jq57fKmyirYEpump,wApe,So11111111111111111111111111111111111111112,SOL,2026-10-06T15:56:17Z,6.057831246206806e-06,12115.662492,,4615.1158,120.68753707636576,,,0.0,0.0,0.0,0.0,0.0,0.0,0,0,0,0,0,0,0,0,0,0,0,0,0,0,0,0,0,0,0,0,0,0,0,0,0.0,0.0,0.0,0.0,0.0,0.0,snapshot,,,,,,,/home/runner/work/Solana-Memecoin-Analysis/Solana-Memecoin-Analysis/data/cache/2026-10-08/000841954867_multi_pools_297d8160882b.json,2
2026-10-08T00:05:26.425711+00:00,7B9XziLpb8bRUjJazAniHuug4Xyghu2P1dXdRmtG1pYb,solana,Pump.fun,2oqPnc2W5KB7uTqn8TsgofVrGkd9Yqwg3UHkNPguSLDC,Static,So11111111111111111111111111111111111111112,SOL,2026-10-06T15:56:15Z,3.368366469285483e-06,3368.366469,,2576.6631,120.39030539697231,,,0.0,0.0,0.0,0.0,0.0,0.0,0,0,0,0,0,0,0,0,0,0,0,0,0,0,0,0,0,0,0,0,0,0,0,0,0.0,0.0,0.0,0.0,0.0,0.0,snapshot,,,,,,,/home/runner/work/Solana-Memecoin-Analysis/Solana-Memecoin-Analysis/data/cache/2026-10-08/000841954867_multi_pools_297d8160882b.json,2
2026-10-08T00:05:26.425711+00:00,A3BP9TWDydNDh1wkJ5gay2j83CeLGyL3TiseJFTBtqrX,solana,Pump.fun,6nggR9aPEQTKA7H1wNqqhCYeCCgqaBXFvuwd3cpr3eRu,Tob,So11111111111111111111111111111111111111112,SOL,2026-10-06T15:56:12Z,3.2412324677496306e-06,3241.232468,,2575.6993,115.88992819710192,,,0.0,0.0,0.0,0.0,1.1445916273,1.1445916273,0,0,0,0,0,0,0,0,0,0,0,0,0,0,0,0,0,1,0,1,0,1,0,1,0.0,0.0,0.0,0.0,0.0,0.0,snapshot,,,,,,,/home/runner/work/Solana-Memecoin-Analysis/Solana-Memecoin-Analysis/data/cache/2026-10-08/000841954867_multi_pools_297d8160882b.json,2
2026-10-08T00:05:26.425711+00:00,9iBypM6xs2adAwLLxerATtin4FRZq24xXT3EWd1YJk9h,solana,Pump.fun,5ciWrhchzxKeRLAZRu1kSFBQ5CCBUShaXHozpP8Mpump,RIPCUFFEM,So11111111111111111111111111111111111111112,SOL,2026-10-06T15:56:08Z,3.380989102576891e-06,6761.978206,,2579.9492,120.68771785840806,,,0.0,0.0,0.0,0.0,0.0,0.0,0,0,0,0,0,0,0,0,0,0,0,0,0,0,0,0,0,0,0,0,0,0,0,0,0.0,0.0,0.0,0.0,0.0,0.0,snapshot,,,,,,,/home/runner/work/Solana-Memecoin-Analysis/Solana-Memecoin-Analysis/data/cache/2026-10-08/000841954867_multi_pools_297d8160882b.json,2
2026-10-08T00:05:26.425711+00:00,92cFVFqeQHHS4auf9EAmutoyCxCRDzwY6i9g3j9KzNLh,solana,Meteora DBC,Fy4apPmo4kC2C7PynbDL6WyWQEwgnY8SCAXC5MTWX6BQ,GROK,So11111111111111111111111111111111111111112,SOL,2026-10-06T15:56:06Z,4.5738250230773874e-05,45736.2599476884,,36585.0759,120.55428408244936,,,0.0,0.0,0.0,0.0,0.0,0.0,0,0,0,0,0,0,0,0,0,0,0,0,0,0,0,0,0,0,0,0,0,0,0,0,0.0,0.0,0.0,0.0,0.0,0.0,snapshot,,,,,,,/home/runner/work/Solana-Memecoin-Analysis/Solana-Memecoin-Analysis/data/cache/2026-10-08/000841954867_multi_pools_297d8160882b.json,2
2026-10-08T00:05:26.425711+00:00,364S8hLtYjh1z1TGziFBasCEbXyjKhojbeaUjQaZcmAo,solana,Pump.fun,3JogX7iYc5QwUrY3pusDJQtWByKNrfg9o1HRkJYEpump,MOFO,So11111111111111111111111111111111111111112,SOL,2026-10-06T15:55:58Z,3.556385429179293e-06,3558.864173,,2614.6107,120.62568327959352,,,0.0,0.0,0.0,0.0,0.0,0.0,0,0,0,0,0,0,0,0,0,0,0,0,0,0,0,0,0,0,0,0,0,0,0,0,0.0,0.0,0.0,0.0,0.0,0.0,snapshot,,,,,,,/home/runner/work/Solana-Memecoin-Analysis/Solana-Memecoin-Analysis/data/cache/2026-10-08/000841954867_multi_pools_297d8160882b.json,2
2026-10-08T00:05:26.425711+00:00,Bud1uW2NFQHY4qMxRbPL6SMR3GPSCxzaYhkyPAXHfL1e,solana,Meteora DAMM V2,F8YCjoD58oC3hJmUgpgj6yxhPPfpLu7nfkZwvV8tDmGT,STONK,So11111111111111111111111111111111111111112,SOL,2026-10-06T16:07:40Z,4.48820986824406e-10,0.4488209868,,0.778,120.55903059862244,,,0.0,0.0,0.0,0.0,0.0,0.0,0,0,0,0,0,0,0,0,0,0,0,0,0,0,0,0,0,0,0,0,0,0,0,0,0.0,0.0,0.0,0.0,0.0,0.0,snapshot,,,,,,,/home/runner/work/Solana-Memecoin-Analysis/Solana-Memecoin-Analysis/data/cache/2026-10-08/000856923720_multi_pools_8d4782e5f2ac.json,2
2026-10-08T00:05:26.425711+00:00,8zp4eaFpjWYKxLhUNTaTuUgwVVrt8LFu5tDETRdET3d3,solana,StonkFun,46QxkaqZpz9HuHYFfjiyQbYosakFdcGCnkHQyMunHfwB,ERAHS,XsoCS1TfEyfFhfvj8EtZ528L3CaKBDBRqRapnBbDF2W,SPYx,2026-10-06T16:15:18Z,3.4240666681649285e-06,3424.066668,,3285.7769,784.9335663439438,100.0,,0.0,0.0,0.0,0.0,0.0,0.0,0,0,0,0,0,0,0,0,0,0,0,0,0,0,0,0,0,0,0,0,0,0,0,0,0.0,0.0,0.0,0.0,0.0,0.0,snapshot,,,,,,,/home/runner/work/Solana-Memecoin-Analysis/Solana-Memecoin-Analysis/data/cache/2026-10-08/000856923720_multi_pools_8d4782e5f2ac.json,2
2026-10-08T00:05:26.425711+00:00,7h7Fa38b7kFKw2WfWW2CU33uP4TtGLLQSfaiQQWvigL6,solana,Pump.fun,CfvzCQsP9J1oBM1wWg17gswYwnZU8jSfkv8tGAbdpump,SOOTS,So11111111111111111111111111111111111111112,SOL,2026-10-06T16:15:16Z,9.839763896814533e-06,19679.527794,,7458.492,120.96108056084674,100.0,,0.0,0.0,0.0,0.0,0.0,0.0,0,0,0,0,0,0,0,0,0,0,0,0,0,0,0,0,0,0,0,0,0,0,0,0,0.0,0.0,0.0,0.0,0.0,0.0,snapshot,,,,,,,/home/runner/work/Solana-Memecoin-Analysis/Solana-Memecoin-Analysis/data/cache/2026-10-08/000856923720_multi_pools_8d4782e5f2ac.json,2
2026-10-08T00:05:26.425711+00:00,Bsjw3yizqdjPVjvpMwQMFYCUajpv3qWdsrfuifStrgtH,solana,Pump.fun,8PHWjXwmkhWe96naDWH1wp32bHkzeaGRtq9VCzkvMBgT,MELON,So11111111111111111111111111111111111111112,SOL,2026-10-06T16:15:10Z,3.3910187198610798e-06,3391.01872,,2580.9943,120.99650752987493,,,0.0,0.0,0.0,0.0,0.0,0.0,0,0,0,0,0,0,0,0,0,0,0,0,0,0,0,0,0,0,0,0,0,0,0,0,0.0,0.0,0.0,0.0,0.0,0.0,snapshot,,,,,,,/home/runner/work/Solana-Memecoin-Analysis/Solana-Memecoin-Analysis/data/cache/2026-10-08/000856923720_multi_pools_8d4782e5f2ac.json,2
2026-10-08T00:05:26.425711+00:00,517hSADiCS5CYVQ3X9X4GQ4F7SNFf3HEjKXXTFQtUHaq,solana,Pump.fun,C5F9n3WorvzFT9c3XszScufkCmnJAyFwkFZbmFxpump,CLAUDE,So11111111111111111111111111111111111111112,SOL,2026-10-06T16:24:37Z,3.39681230757528e-06,3396.812308,,2594.1041,120.59074067088707,100.0,,0.0,0.0,0.0,0.0,0.0,0.0,0,0,0,0,0,0,0,0,0,0,0,0,0,0,0,0,0,0,0,0,0,0,0,0,0.0,0.0,0.0,0.0,0.0,0.0,snapshot,,,,,,,/home/runner/work/Solana-Memecoin-Analysis/Solana-Memecoin-Analysis/data/cache/2026-10-08/000856923720_multi_pools_8d4782e5f2ac.json,2
2026-10-08T00:05:26.425711+00:00,J8HE8RLyyP1ntkn4EsVZGjQ7dg85Diz7xQ4n7wjGrzw6,solana,Pump.fun,2h1fe1Neno9ZsxGn1CFb66mvk97LQrhR3d3mAjLypump,HMU,So11111111111111111111111111111111111111112,SOL,2026-10-06T16:24:18Z,3.382893878945194e-06,3459.2980555407,,2581.7142,120.67302934429189,,,0.0,0.0,0.0,0.0,0.0,0.0,0,0,0,0,0,0,0,0,0,0,0,0,0,0,0,0,0,0,0,0,0,0,0,0,0.0,0.0,0.0,0.0,0.0,0.0,snapshot,,,,,,,/home/runner/work/Solana-Memecoin-Analysis/Solana-Memecoin-Analysis/data/cache/2026-10-08/000856923720_multi_pools_8d4782e5f2ac.json,2
2026-10-08T00:05:26.425711+00:00,H1SwP4iFvHvYmguij12ip9hy9Koon1hbJ86MnUtkb7zM,solana,Pump.fun,H6683zMej6EyYUNCXsnJ6P2MhuA8GEpKiTpzKvQDpump,win,So11111111111111111111111111111111111111112,SOL,2026-10-06T16:24:14Z,3.3993295767422384e-06,3399.329577,,2600.2584,120.39444454423705,,,0.0,0.0,0.0,0.0,0.0,0.0,0,0,0,0,0,0,0,0,0,0,0,0,0,0,0,0,0,0,0,0,0,0,0,0,0.0,0.0,0.0,0.0,0.0,0.0,snapshot,,,,,,,/home/runner/work/Solana-Memecoin-Analysis/Solana-Memecoin-Analysis/data/cache/2026-10-08/000856923720_multi_pools_8d4782e5f2ac.json,2
2026-10-08T00:05:26.425711+00:00,8dyAsw6fEzdHUcXhCRx341AFq4Kx3sw419vSaEeJQa4B,solana,Pump.fun,HaRKLsFUopWMy6YkTY8BCEjgHG2A9Mk3ksKHikbYrE4m,Jane,So11111111111111111111111111111111111111112,SOL,2026-10-06T16:24:13Z,3.5991826643218983e-06,3599.182664,,2744.385,120.77828682417646,,,0.0,0.0,0.0,0.0,0.0,0.0,0,0,0,0,0,0,0,0,0,0,0,0,0,0,0,0,0,0,0,0,0,0,0,0,0.0,0.0,0.0,0.0,0.0,0.0,snapshot,,,,,,,/home/runner/work/Solana-Memecoin-Analysis/Solana-Memecoin-Analysis/data/cache/2026-10-08/000856923720_multi_pools_8d4782e5f2ac.json,2
2026-10-08T00:05:26.425711+00:00,BYGxqQcDFkbaNYFPTxvBbY3nQ9TihKLkR9E7wL8UJMD1,solana,Meteora DBC,CndpiqJSyDm7SqHB2MwEAXHgSNXiBrUMk4jbqXEkMCvw,MUSKUITO,So11111111111111111111111111111111111111112,SOL,2026-10-06T16:24:08Z,5.42600414939631e-05,54260.04149,,0.0,120.77813959146012,,,0.0,0.0,0.0,0.0,0.0,0.0,0,0,0,0,0,0,0,0,0,0,0,0,0,0,0,0,0,0,0,0,0,0,0,0,0.0,0.0,0.0,0.0,0.0,0.0,snapshot,,,,,,,/home/runner/work/Solana-Memecoin-Analysis/Solana-Memecoin-Analysis/data/cache/2026-10-08/000856923720_multi_pools_8d4782e5f2ac.json,2
2026-10-08T00:05:26.425711+00:00,BqmLM8ZbzJ545mrb38kHkwcTGBvR8rYr9Kf1KNjAC1Bz,solana,PumpSwap,AgitEVbkJJ7yMzioya4BeewP8KgbDEeH3EnNvpQY7Fe9,RABBIT🐰,So11111111111111111111111111111111111111112,SOL,2026-10-06T16:33:14Z,1.949124834682061e-05,19491.24835,,3.94310719870474e-07,120.24667796833994,100.0,,0.0,0.0,0.0,0.0,0.0,0.0,0,0,0,0,0,0,0,0,0,0,0,0,0,0,0,0,0,0,0,0,0,0,0,0,0.0,0.0,0.0,0.0,0.0,0.0,snapshot,,,,,,,/home/runner/work/Solana-Memecoin-Analysis/Solana-Memecoin-Analysis/data/cache/2026-10-08/000856923720_multi_pools_8d4782e5f2ac.json,2
2026-10-08T00:05:26.425711+00:00,6JEc4jQXUG16jzLM1CfQcQvb5dqtUDE2wqMfqEZhNUVy,solana,Pump.fun,PU3yN1BZAmtUYSwN8mSjtGCyF7Kx9RqPxUU5kV7pump,Kezri,So11111111111111111111111111111111111111112,SOL,2026-10-06T16:33:06Z,3.3808168596013207e-06,3380.81686,,2583.3283,120.5237636257117,,,0.0,0.0,0.0,0.0,0.0,0.0,0,0,0,0,0,0,0,0,0,0,0,0,0,0,0,0,0,0,0,0,0,0,0,0,0.0,0.0,0.0,0.0,0.0,0.0,snapshot,,,,,,,/home/runner/work/Solana-Memecoin-Analysis/Solana-Memecoin-Analysis/data/cache/2026-10-08/000856923720_multi_pools_8d4782e5f2ac.json,2
2026-10-08T00:05:26.425711+00:00,GNfpHu9K6FvEWmjG6GikWEEviSyY61B9RUXzbAZHUzgS,solana,Pump.fun,EA83gPjwXefxDjSwUiFWhi2d1fU6dgquL7B2f9GAfZh1,SCOOT,So11111111111111111111111111111111111111112,SOL,2026-10-06T16:32:40Z,3.371808105852363e-06,3431.58135,,2574.9213,120.59483936518409,,,0.0,0.0,0.0,0.0,0.0,0.0,0,0,0,0,0,0,0,0,0,0,0,0,0,0,0,0,0,0,0,0,0,0,0,0,0.0,0.0,0.0,0.0,0.0,0.0,snapshot,,,,,,,/home/runner/work/Solana-Memecoin-Analysis/Solana-Memecoin-Analysis/data/cache/2026-10-08/000856923720_multi_pools_8d4782e5f2ac.json,2
2026-10-08T00:05:26.425711+00:00,DuFWLPfqyBx7hoNSnfxBZobb9T7FShoEL5bJQVaTLRw4,solana,Meteora DAMM V2,4FzK4hDaLgqfLwEsRPWzmPRNda6rgLHs6BnbCSUamU8L,EXTRACTOR,So11111111111111111111111111111111111111112,SOL,2026-10-06T16:32:37Z,6.325829184368243e-10,0.6325829184,,1.0683,120.52816345987735,,,0.0,0.0,0.0,0.0,0.0,0.0,0,0,0,0,0,0,0,0,0,0,0,0,0,0,0,0,0,0,0,0,0,0,0,0,0.0,0.0,0.0,0.0,0.0,0.0,snapshot,,,,,,,/home/runner/work/Solana-Memecoin-Analysis/Solana-Memecoin-Analysis/data/cache/2026-10-08/000856923720_multi_pools_8d4782e5f2ac.json,2
2026-10-08T00:05:26.425711+00:00,AEnHQVCKmnr6QZ8p2EMwsY7mhrgBKYRH2JHu5cPqWXZz,solana,Pump.fun,3jgXdneW4KNYzTFNuCW1DeEM2om7MRWgApecaahNH5LB,PICKLES,So11111111111111111111111111111111111111112,SOL,2026-10-06T16:32:31Z,3.363049156529599e-06,3363.049157,,2575.1071,120.27317931592574,,,0.0,0.0,0.0,0.0,0.0,0.0,0,0,0,0,0,0,0,0,0,0,0,0,0,0,0,0,0,0,0,0,0,0,0,0,0.0,0.0,0.0,0.0,0.0,0.0,snapshot,,,,,,,/home/runner/work/Solana-Memecoin-Analysis/Solana-Memecoin-Analysis/data/cache/2026-10-08/000856923720_multi_pools_8d4782e5f2ac.json,2
2026-10-08T00:05:26.425711+00:00,HW7fiPpXoGKCFuuyWvWPLFJVbYoXcFAL2dpvnzR6htYY,solana,Pump.fun,Giw7BYpztyg3PVy9m1BXZJshDkrVqd7aNmNqVJP4pump,Doge 2,So11111111111111111111111111111111111111112,SOL,2026-10-06T16:42:54Z,1.7505501536850836e-07,350.1100308,,135.9866,120.37984986159516,,,0.0,0.0,0.0,0.0,0.0,0.0,0,0,0,0,0,0,0,0,0,0,0,0,0,0,0,0,0,0,0,0,0,0,0,0,0.0,0.0,0.0,0.0,0.0,0.0,snapshot,,,,,,,/home/runner/work/Solana-Memecoin-Analysis/Solana-Memecoin-Analysis/data/cache/2026-10-08/000856923720_multi_pools_8d4782e5f2ac.json,2
2026-10-08T00:05:26.425711+00:00,BkaunEcqEY473VrpFgnnPSeBD3iQgWEuk5JGmu3y2iai,solana,PumpSwap,4iWpr9uEsRu7Bk5jcHweFcvhq4ZwjSrnC3LvWGvmCATC,RABBIT🐰,So11111111111111111111111111111111111111112,SOL,2026-10-06T16:42:51Z,1.8262767811536558e-05,18262.76781,,26356.3048,120.4151330280458,100.0,,0.0,0.0,0.0,0.0,0.0,0.0,0,0,0,0,0,0,0,0,0,0,0,0,0,0,0,0,0,0,0,0,0,0,0,0,0.0,0.0,0.0,0.0,0.0,0.0,snapshot,,,,,,,/home/runner/work/Solana-Memecoin-Analysis/Solana-Memecoin-Analysis/data/cache/2026-10-08/000856923720_multi_pools_8d4782e5f2ac.json,2
2026-10-08T00:05:26.425711+00:00,BRe3zx835MLoS4hbTfiVkQPCaEeK4HTcSjR5hgDwhrNd,solana,Pump.fun,A5ZmchE1XKvdLEQmg7njFHfPTnNveVL7z6eHWZaapump,TOKR,So11111111111111111111111111111111111111112,SOL,2026-10-06T16:42:49Z,3.5578315745537593e-06,3486.6437560701,,2815.2405,116.15685231952965,100.0,,0.0,0.0,0.0,12.2072123762,12.2072123762,127.1354122533,0,0,0,0,0,0,0,0,0,0,0,0,0,1,0,1,0,1,0,1,1,13,1,13,0.0,0.0,0.0,0.0,0.0,-9.253,snapshot,,,,,,,/home/runner/work/Solana-Memecoin-Analysis/Solana-Memecoin-Analysis/data/cache/2026-10-08/000856923720_multi_pools_8d4782e5f2ac.json,2
2026-10-08T00:05:26.425711+00:00,5enKrdVMczd2WpDkx5GyFxfZL5Y1Mrk8Q7J9Cgp3rKhD,solana,Pump.fun,E9gFcksbnybHGd3jE9mEixduvj9qZAb972f13shFpump,HOLD,So11111111111111111111111111111111111111112,SOL,2026-10-06T16:42:45Z,5.865801283249729e-09,11.731602566,,3.2281,120.87189655518189,,,0.0,0.0,0.0,0.0,0.0,0.0,0,0,0,0,0,0,0,0,0,0,0,0,0,0,0,0,0,0,0,0,0,0,0,0,0.0,0.0,0.0,0.0,0.0,0.0,snapshot,,,,,,,/home/runner/work/Solana-Memecoin-Analysis/Solana-Memecoin-Analysis/data/cache/2026-10-08/000856923720_multi_pools_8d4782e5f2ac.json,2
2026-10-08T00:05:26.425711+00:00,6ceKxAYvrnxanS8JiEK2THBXvh6QYzRcKLRSqFCeDit9,solana,Pump.fun,C1rfvBWgJ6PBb4WxUPDRGQj4mDHLNo6ewCBKXFmwpump,mrshllw,So11111111111111111111111111111111111111112,SOL,2026-10-06T16:42:41Z,4.303290981249063e-06,8606.581962,,3286.0556,120.45490373508369,,,0.0,0.0,0.0,0.0,0.0,0.0,0,0,0,0,0,0,0,0,0,0,0,0,0,0,0,0,0,0,0,0,0,0,0,0,0.0,0.0,0.0,0.0,0.0,0.0,snapshot,,,,,,,/home/runner/work/Solana-Memecoin-Analysis/Solana-Memecoin-Analysis/data/cache/2026-10-08/000856923720_multi_pools_8d4782e5f2ac.json,2
2026-10-08T00:05:26.425711+00:00,w1JRmXEv2zKnFcwmcYafckoytrJbhCVCKs8Q6z8rzbp,solana,Pump.fun,4iEmrjRnbb7hSv6AbeHrB3bLpMiHQCcX24Tdok6ypump,DOTSPAD,So11111111111111111111111111111111111111112,SOL,2026-10-06T16:42:38Z,3.36296124321193e-06,3362.961243,,2576.4657,120.20664344925015,,,0.0,0.0,0.0,0.0,0.0,0.0,0,0,0,0,0,0,0,0,0,0,0,0,0,0,0,0,0,0,0,0,0,0,0,0,0.0,0.0,0.0,0.0,0.0,0.0,snapshot,,,,,,,/home/runner/work/Solana-Memecoin-Analysis/Solana-Memecoin-Analysis/data/cache/2026-10-08/000856923720_multi_pools_8d4782e5f2ac.json,2
2026-10-08T00:05:26.425711+00:00,AjvGTH6qigYng76RjQT8k2nd7X5Jnt7U7vTTgmPguzYu,solana,Pump.fun,oTJVSJ9zmLzSXg2qwifaVSoB47ZnjmFiV6eqYDApump,TATECAT,So11111111111111111111111111111111111111112,SOL,2026-10-06T16:42:38Z,3.3977040385111502e-06,3397.704039,,2596.5078,120.51084846658512,,,0.0,0.0,0.0,0.0,0.0,0.0,0,0,0,0,0,0,0,0,0,0,0,0,0,0,0,0,0,0,0,0,0,0,0,0,0.0,0.0,0.0,0.0,0.0,0.0,snapshot,,,,,,,/home/runner/work/Solana-Memecoin-Analysis/Solana-Memecoin-Analysis/data/cache/2026-10-08/000856923720_multi_pools_8d4782e5f2ac.json,2
2026-10-08T00:05:26.425711+00:00,CjpjyXJWov2WCQkAcgbnC9PSaAkeZsDJaRnrJS9idwA9,solana,Pump.fun,CfkFWfFfFLjQ8r7bm3UEQo9NCTZfxj14MVkmPAA4pump,aixbt,So11111111111111111111111111111111111111112,SOL,2026-10-06T16:50:27Z,3.3654859300273094e-06,3365.48593,,2575.5599,120.33894954133315,,,0.0,0.0,0.0,0.0,0.0,0.0,0,0,0,0,0,0,0,0,0,0,0,0,0,0,0,0,0,0,0,0,0,0,0,0,0.0,0.0,0.0,0.0,0.0,0.0,snapshot,,,,,,,/home/runner/work/Solana-Memecoin-Analysis/Solana-Memecoin-Analysis/data/cache/2026-10-08/000856923720_multi_pools_8d4782e5f2ac.json,2
2026-10-08T00:05:26.425711+00:00,29ndQ1K153Wx5ReoEkeFVfustsWMJz4tB4eqoQpiDunG,solana,Pump.fun,BY5qioTsX4GdGmNXeALYK35rRqQxmL2vLFFBALVepump,PLAGUEINU,So11111111111111111111111111111111111111112,SOL,2026-10-06T16:50:21Z,3.367000658568914e-06,3367.000659,,2575.3974,120.4008597365919,,,0.0,0.0,0.0,0.0,0.0,0.0,0,0,0,0,0,0,0,0,0,0,0,0,0,0,0,0,0,0,0,0,0,0,0,0,0.0,0.0,0.0,0.0,0.0,0.0,snapshot,,,,,,,/home/runner/work/Solana-Memecoin-Analysis/Solana-Memecoin-Analysis/data/cache/2026-10-08/000856923720_multi_pools_8d4782e5f2ac.json,2
2026-10-08T00:05:26.425711+00:00,HuyozqXvjKvQrDkQEHjSXDr4Q6khQ79qphaUr7RPPcxA,solana,PumpSwap,4DsSGTURvFMZZptbeqPK6C9drYgnSdajY8oDMvzapump,4DsSGTURvFMZZptbeqPK6C9drYgnSdajY8oDMvzapump,So11111111111111111111111111111111111111112,SOL,2026-10-06T16:50:21Z,2.1371376282643903e-06,2127.2416005515,,2111.1431,120.19643808510652,100.0,,0.0,0.0,0.0,0.0,0.0,0.0,0,0,0,0,0,0,0,0,0,0,0,0,0,0,0,0,0,0,0,0,0,0,0,0,0.0,0.0,0.0,0.0,0.0,0.0,snapshot,,,,,,,/home/runner/work/Solana-Memecoin-Analysis/Solana-Memecoin-Analysis/data/cache/2026-10-08/000856923720_multi_pools_8d4782e5f2ac.json,2
2026-10-08T00:05:26.425711+00:00,4idX1iMUXvwE27jTD3wA2zUiUW71dNAdxLBwJRBz9MPh,solana,Pump.fun,4DsSGTURvFMZZptbeqPK6C9drYgnSdajY8oDMvzapump,4DsSGTURvFMZZptbeqPK6C9drYgnSdajY8oDMvzapump,So11111111111111111111111111111111111111112,SOL,2026-10-06T16:50:21Z,1.2898102200111684e-05,12838.3774673796,,0.0,120.33929352676735,,,0.0,0.0,0.0,0.0,0.0,0.0,0,0,0,0,0,0,0,0,0,0,0,0,0,0,0,0,0,0,0,0,0,0,0,0,0.0,0.0,0.0,0.0,0.0,0.0,snapshot,,,,,,,/home/runner/work/Solana-Memecoin-Analysis/Solana-Memecoin-Analysis/data/cache/2026-10-08/000856923720_multi_pools_8d4782e5f2ac.json,2
2026-10-08T00:05:26.425711+00:00,ApGFKkB2snbfMbD9JVtbzQ58GSuW1fzEXZtwjfGbFkNs,solana,Pump.fun,3WHSHxMJCNE9AZHFGnWXjAvD87id499MTHrETfv4pump,SCREECH,So11111111111111111111111111111111111111112,SOL,2026-10-06T16:50:18Z,3.7073286299342283e-06,3707.32863,,2837.6283,120.31928802429381,100.0,,0.0,0.0,0.0,0.0,0.0,0.0,0,0,0,0,0,0,0,0,0,0,0,0,0,0,0,0,0,0,0,0,0,0,0,0,0.0,0.0,0.0,0.0,0.0,0.0,snapshot,,,,,,,/home/runner/work/Solana-Memecoin-Analysis/Solana-Memecoin-Analysis/data/cache/2026-10-08/000856923720_multi_pools_8d4782e5f2ac.json,2
2026-10-08T00:05:26.425711+00:00,H3gp3s1quUcJuJixApJoyGsd7ADtGM62qua5Ca6Gvm4u,solana,Pump.fun,26c6QWVtYtyuPGtiE9Cmi4s9qRkyErAWu3eejvaNpump,BF,So11111111111111111111111111111111111111112,SOL,2026-10-06T16:50:14Z,6.4002580952651725e-09,12.80051619,,8.0006,120.64962140128625,,,0.0,0.0,0.0,0.0,0.0,0.0,0,0,0,0,0,0,0,0,0,0,0,0,0,0,0,0,0,0,0,0,0,0,0,0,0.0,0.0,0.0,0.0,0.0,0.0,snapshot,,,,,,,/home/runner/work/Solana-Memecoin-Analysis/Solana-Memecoin-Analysis/data/cache/2026-10-08/000856923720_multi_pools_8d4782e5f2ac.json,2
2026-10-08T00:05:26.425711+00:00,7SnjSRjBZjgVvMTUJPGAj2aFCihzwwVxrD26js9NLU3t,solana,Raydium Launchlab,3bZtY256NrxwgwUFKF2zSjoLAZK3chpMrMxDuCV1qray,YTD,So11111111111111111111111111111111111111112,SOL,2026-10-06T16:59:45Z,3.3974961393598833e-06,3397.496139,,3280.7584,120.23993304533609,100.0,,0.0,0.0,0.0,0.0,0.0,0.0,0,0,0,0,0,0,0,0,0,0,0,0,0,0,0,0,0,0,0,0,0,0,0,0,0.0,0.0,0.0,0.0,0.0,0.0,snapshot,,,,,,,/home/runner/work/Solana-Memecoin-Analysis/Solana-Memecoin-Analysis/data/cache/2026-10-08/000856923720_multi_pools_8d4782e5f2ac.json,2
2026-10-08T00:05:26.425711+00:00,FWEvTnvewbYhGsCyRop1yZroonh8p1VHDJFRdNkKKQtS,solana,Pump.fun,Eahv8rdkRdCzXKXm7Wfy2xzY4WdsUKQWq1k9wH6Gpump,PNUT,So11111111111111111111111111111111111111112,SOL,2026-10-06T16:59:45Z,1.2027552387316484e-07,240.5510478,,97.3453,120.31707032687758,,,0.0,0.0,0.0,0.0,0.0,0.0,0,0,0,0,0,0,0,0,0,0,0,0,0,0,0,0,0,0,0,0,0,0,0,0,0.0,0.0,0.0,0.0,0.0,0.0,snapshot,,,,,,,/home/runner/work/Solana-Memecoin-Analysis/Solana-Memecoin-Analysis/data/cache/2026-10-08/000856923720_multi_pools_8d4782e5f2ac.json,2
2026-10-08T00:05:26.425711+00:00,8dBfw2vuwRsJxoNF6RAGx3Bc5AYNVVvwQdLrgQ6BuYsk,solana,Pump.fun,qwnhhhXk2GSzYY71GYydCa99B7upVX6g4MMdz9Lx6sa,Hubert,So11111111111111111111111111111111111111112,SOL,2026-10-06T16:59:42Z,3.445537991513961e-06,3445.537992,,2633.3613,120.48653056288927,100.0,,0.0,0.0,0.0,0.0,0.0,0.0,0,0,0,0,0,0,0,0,0,0,0,0,0,0,0,0,0,0,0,0,0,0,0,0,0.0,0.0,0.0,0.0,0.0,0.0,snapshot,,,,,,,/home/runner/work/Solana-Memecoin-Analysis/Solana-Memecoin-Analysis/data/cache/2026-10-08/000856923720_multi_pools_8d4782e5f2ac.json,2
2026-10-08T00:05:26.425711+00:00,ASUEbb2J2jiTkiLRfdoCzcHj8355f9CcNUJJ2ZL6KWX3,solana,Pump.fun,CsiuRrTtZBZfB9e8zrpKWatHYGoBo7AvXjKjK4nipump,DERP,So11111111111111111111111111111111111111112,SOL,2026-10-06T16:59:35Z,3.4983108075866596e-06,6996.621616,,2659.2235,120.24068405623053,,,0.0,0.0,0.0,0.0,0.0,0.0,0,0,0,0,0,0,0,0,0,0,0,0,0,0,0,0,0,0,0,0,0,0,0,0,0.0,0.0,0.0,0.0,0.0,0.0,snapshot,,,,,,,/home/runner/work/Solana-Memecoin-Analysis/Solana-Memecoin-Analysis/data/cache/2026-10-08/000905026768_multi_pools_42103b2b8f40.json,2
2026-10-08T00:05:26.425711+00:00,FiwjQR8EfnDP8r2Y1BCgRYfTjiPs6mragFLXtJZoSkNY,solana,StonkFun,3AeEBUMEW39dfVeE8iBDJX252ZCgc2uBAUQcM2AweULc,OCULA,So11111111111111111111111111111111111111112,SOL,2026-10-06T16:59:35Z,3.3207195206077617e-06,3320.719521,,3208.3068,120.24112032551456,100.0,,0.0,0.0,0.0,0.0,0.0,0.0,0,0,0,0,0,0,0,0,0,0,0,0,0,0,0,0,0,0,0,0,0,0,0,0,0.0,0.0,0.0,0.0,0.0,0.0,snapshot,,,,,,,/home/runner/work/Solana-Memecoin-Analysis/Solana-Memecoin-Analysis/data/cache/2026-10-08/000905026768_multi_pools_42103b2b8f40.json,2
2026-10-08T00:05:26.425711+00:00,3ry2smNQ3ZtzLc4EXNgLCd2pVAXTZGxqXvU1MGaxDYpC,solana,Pump.fun,8RgYmYSswNjGpZp3HdzLxeEq6s1VWCCVeDtZSMbtpump,生井陽,So11111111111111111111111111111111111111112,SOL,2026-10-06T16:59:30Z,3.399870509602822e-06,3399.87051,,2587.8801,120.9899396461529,,,0.0,0.0,0.0,0.0,0.0,0.0,0,0,0,0,0,0,0,0,0,0,0,0,0,0,0,0,0,0,0,0,0,0,0,0,0.0,0.0,0.0,0.0,0.0,0.0,snapshot,,,,,,,/home/runner/work/Solana-Memecoin-Analysis/Solana-Memecoin-Analysis/data/cache/2026-10-08/000905026768_multi_pools_42103b2b8f40.json,2
2026-10-08T00:05:26.425711+00:00,4gbfqAgMx4BPXouxWZFMrXKMApssL8rwdrx6xBa5RmDY,solana,Pump.fun,3hQoXJqGWMvXDuq4gJNhEUA48kz3EWwDvZQk78WNpump,SHARAVARRA,So11111111111111111111111111111111111111112,SOL,2026-10-06T16:59:26Z,3.363070656374276e-06,3363.070656,,2575.5019,120.25532164611045,100.0,,0.0,0.0,0.0,0.0,0.0,0.0,0,0,0,0,0,0,0,0,0,0,0,0,0,0,0,0,0,0,0,0,0,0,0,0,0.0,0.0,0.0,0.0,0.0,0.0,snapshot,,,,,,,/home/runner/work/Solana-Memecoin-Analysis/Solana-Memecoin-Analysis/data/cache/2026-10-08/000905026768_multi_pools_42103b2b8f40.json,2
2026-10-08T00:05:26.425711+00:00,Cj1fYpv9mrPoPF4nADaY1RzpDQ6ErLk1vhFiKvoRr6tP,solana,Pump.fun,4WdRuVFssrexVhbpn5iowewu7BJYW14o7MHZvvWcpump,$LYM,So11111111111111111111111111111111111111112,SOL,2026-10-06T16:59:25Z,3.3758545437167886e-06,3375.854544,,2583.1212,120.34587497555779,100.0,,0.0,0.0,0.0,0.0,0.0,0.0,0,0,0,0,0,0,0,0,0,0,0,0,0,0,0,0,0,0,0,0,0,0,0,0,0.0,0.0,0.0,0.0,0.0,0.0,snapshot,,,,,,,/home/runner/work/Solana-Memecoin-Analysis/Solana-Memecoin-Analysis/data/cache/2026-10-08/000905026768_multi_pools_42103b2b8f40.json,2
2026-10-08T00:05:26.425711+00:00,4ztmAQ1Vsg3s4mFUMW1QK31FS5AU9dtDw4odeMqJ82xU,solana,Pump.fun,8XSzH3ZyKo1gLxPGPNLQuXHKQZwGdikHk2zYCsMwpump,FOMOCAT,So11111111111111111111111111111111111111112,SOL,2026-10-06T17:05:59Z,3.3682073345424385e-06,3368.207335,,2578.1212,120.30373515701758,100.0,,0.0,0.0,0.0,0.0,0.0,0.0,0,0,0,0,0,0,0,0,0,0,0,0,0,0,0,0,0,0,0,0,0,0,0,0,0.0,0.0,0.0,0.0,0.0,0.0,snapshot,,,,,,,/home/runner/work/Solana-Memecoin-Analysis/Solana-Memecoin-Analysis/data/cache/2026-10-08/000905026768_multi_pools_42103b2b8f40.json,2
2026-10-08T00:05:26.425711+00:00,79EpbmQ7g2Xpar4f1F3tdoyQf7TnTxyJN5ZZM8GdkB43,solana,Pump.fun,6eSWtwEk1dPaMoCVXxJxx7c1DrAhV7oqzp8fxcVzpump,HellNahCuh,So11111111111111111111111111111111111111112,SOL,2026-10-06T17:05:56Z,3.26629239656271e-06,3266.292397,,2575.2998,116.79178195380709,100.0,,0.0,0.0,0.0,0.0,0.0,0.978282536,0,0,0,0,0,0,0,0,0,0,0,0,0,0,0,0,0,0,0,0,1,0,1,0,0.0,0.0,0.0,0.0,0.0,0.0,snapshot,,,,,,,/home/runner/work/Solana-Memecoin-Analysis/Solana-Memecoin-Analysis/data/cache/2026-10-08/000905026768_multi_pools_42103b2b8f40.json,2
2026-10-08T00:05:26.425711+00:00,CXWnuwvvmtf3jbYL5QHyh12CGWVoGzazoE8tX7yW4T9b,solana,Pump.fun,CqWk6Ht1RJhoAyCCfBkKjSUvrWwFinXPcVqkeGdipump,sol,So11111111111111111111111111111111111111112,SOL,2026-10-06T17:05:55Z,1.1055486458766844e-05,22110.97292,,5530.0124,120.34256019279563,100.0,,0.0,0.0,0.0,0.0,0.0,0.0,0,0,0,0,0,0,0,0,0,0,0,0,0,0,0,0,0,0,0,0,0,0,0,0,0.0,0.0,0.0,0.0,0.0,0.0,snapshot,,,,,,,/home/runner/work/Solana-Memecoin-Analysis/Solana-Memecoin-Analysis/data/cache/2026-10-08/000905026768_multi_pools_42103b2b8f40.json,2
2026-10-08T00:05:26.425711+00:00,3FUxF2PtRFRWPUJetDQWE9ahhXQf7Vc2RArh3ZBU18eV,solana,Pump.fun,EJ6eiKb2r9pr3P6R2W8bKphFRejuj33eEbS27MohrtRa,fomoCAT,So11111111111111111111111111111111111111112,SOL,2026-10-06T17:05:52Z,3.3797444779216683e-06,3406.385972,,2588.1644,120.25097107942544,100.0,,0.0,0.0,0.0,0.0,0.0,0.0,0,0,0,0,0,0,0,0,0,0,0,0,0,0,0,0,0,0,0,0,0,0,0,0,0.0,0.0,0.0,0.0,0.0,0.0,snapshot,,,,,,,/home/runner/work/Solana-Memecoin-Analysis/Solana-Memecoin-Analysis/data/cache/2026-10-08/000905026768_multi_pools_42103b2b8f40.json,2
2026-10-08T00:05:26.425711+00:00,2zyoW2uVxS5BGsWCjA9Ct3YviZoUsFmYquzZh7w5NQ7W,solana,PumpSwap,4SVQ1f8oKWDn9zyy54cHZRQhBp4FaMdHwavWES9QNie6,ETH,So11111111111111111111111111111111111111112,SOL,2026-10-06T17:05:49Z,5.406029296582044e-05,54055.50317,,21088.4052,120.20813577122095,100.0,,0.0,0.0,0.0,0.0,0.0,0.0,0,0,0,0,0,0,0,0,0,0,0,0,0,0,0,0,0,0,0,0,0,0,0,0,0.0,0.0,0.0,0.0,0.0,0.0,snapshot,,,,,,,/home/runner/work/Solana-Memecoin-Analysis/Solana-Memecoin-Analysis/data/cache/2026-10-08/000905026768_multi_pools_42103b2b8f40.json,2
2026-10-08T00:05:26.425711+00:00,AsHAYLeWDjrm3sWaoUPrShdaowNKW7ETo16FLoGDEw7X,solana,Meteora DAMM V2,4SVQ1f8oKWDn9zyy54cHZRQhBp4FaMdHwavWES9QNie6,ETH,So11111111111111111111111111111111111111112,SOL,2026-10-06T17:05:49Z,0.0004549580391822017,454958.0392,,0.0116,120.67262400750359,,,0.0,0.0,0.0,0.0,0.0,0.0,0,0,0,0,0,0,0,0,0,0,0,0,0,0,0,0,0,0,0,0,0,0,0,0,0.0,0.0,0.0,0.0,0.0,0.0,snapshot,,,,,,,/home/runner/work/Solana-Memecoin-Analysis/Solana-Memecoin-Analysis/data/cache/2026-10-08/000905026768_multi_pools_42103b2b8f40.json,2
2026-10-08T00:05:26.425711+00:00,27Nz61dj5yYfu8GMaXFFqijxpUwem1W8nLrRyfWs44ZA,solana,Pump.fun,2CKTkToZJUjcAExguJfs9Dq2ieoiYDaNNUTYCNdApump,ASTRA,So11111111111111111111111111111111111111112,SOL,2026-10-06T17:20:16Z,3.373385672251683e-06,3373.385672,,2581.5347,120.32964609513475,,,0.0,0.0,0.0,0.0,0.0,0.0,0,0,0,0,0,0,0,0,0,0,0,0,0,0,0,0,0,0,0,0,0,0,0,0,0.0,0.0,0.0,0.0,0.0,0.0,snapshot,,,,,,,/home/runner/work/Solana-Memecoin-Analysis/Solana-Memecoin-Analysis/data/cache/2026-10-08/000905026768_multi_pools_42103b2b8f40.json,2
2026-10-08T00:05:26.425711+00:00,DNjhmGPB586qJW2hj3DKpKsYt9ex18p4GHQfdzx6f83v,solana,Meteora DBC,DSAQ79zz8mMJFnzaRL1Wfdh9n6eVfRBwqAZwBo677eoZ,STEAK,So11111111111111111111111111111111111111112,SOL,2026-10-06T17:29:34Z,5.037298726074766e-06,5037.298726,,5131.5001,120.83148117102056,,,0.0,0.0,0.0,0.0,0.0,0.0,0,0,0,0,0,0,0,0,0,0,0,0,0,0,0,0,0,0,0,0,0,0,0,0,0.0,0.0,0.0,0.0,0.0,0.0,snapshot,,,,,,,/home/runner/work/Solana-Memecoin-Analysis/Solana-Memecoin-Analysis/data/cache/2026-10-08/000905026768_multi_pools_42103b2b8f40.json,2
2026-10-08T00:05:26.425711+00:00,2TkacCKZuwzSUrWAkSbbQyqanpCa8V3NWpg4YvvGBetf,solana,Meteora DBC,EW6mqGsEqaqy9ad9Efh3KCTX1MjGin2uHY4rK4kWJ5bA,STEAK,So11111111111111111111111111111111111111112,SOL,2026-10-06T17:29:31Z,1.1932413913953726e-07,119.3241391,,116.9308,118.48407865052725,,,0.0,0.0,0.0,0.0,0.0,0.01161084729,0,0,0,0,0,0,0,0,0,0,0,0,0,0,0,0,0,0,0,0,0,1,0,1,0.0,0.0,0.0,0.0,0.0,0.0,snapshot,,,,,,,/home/runner/work/Solana-Memecoin-Analysis/Solana-Memecoin-Analysis/data/cache/2026-10-08/000905026768_multi_pools_42103b2b8f40.json,2
2026-10-08T00:05:26.425711+00:00,7PbeV4tU27LU6J6JURoZsDUztLaprv5K7AzPZPGWUDYn,solana,Pump.fun,4MeZMytnSm7F5WNBjVhwrciroks1vaRKQWNgHhzd2YfM,HELLCAT,So11111111111111111111111111111111111111112,SOL,2026-10-06T17:29:25Z,3.3615399133198754e-06,3361.539913,,2574.5451,120.23248559961738,,,0.0,0.0,0.0,0.0,0.0,0.0,0,0,0,0,0,0,0,0,0,0,0,0,0,0,0,0,0,0,0,0,0,0,0,0,0.0,0.0,0.0,0.0,0.0,0.0,snapshot,,,,,,,/home/runner/work/Solana-Memecoin-Analysis/Solana-Memecoin-Analysis/data/cache/2026-10-08/000905026768_multi_pools_42103b2b8f40.json,2
2026-10-08T00:05:26.425711+00:00,GwSNMd8KFAtYvCBx2hmqBJVfNuBP3tEEq2zMqGp9jnkv,solana,Meteora DBC,67otaHxekyxfDtvLG9pK6uSihTDZss1oPCX3rstQjsXF,EARN,So11111111111111111111111111111111111111112,SOL,2026-10-06T17:29:23Z,5.03400773973833e-06,5034.00774,,4842.5923,120.70188004042593,,,0.0,0.0,0.0,0.0,0.0,0.0,0,0,0,0,0,0,0,0,0,0,0,0,0,0,0,0,0,0,0,0,0,0,0,0,0.0,0.0,0.0,0.0,0.0,0.0,snapshot,,,,,,,/home/runner/work/Solana-Memecoin-Analysis/Solana-Memecoin-Analysis/data/cache/2026-10-08/000905026768_multi_pools_42103b2b8f40.json,2
2026-10-08T00:05:26.425711+00:00,6K3ezUGXEN63vcQSWLXLQkVhpX94ySR2eRVFPaojEFdq,solana,Meteora DAMM V2,96PmsoboVNYS8utEqqgg2wABTySndUmSGB5jXvqafvTm,CURVEYARD,Es9vMFrzaCERmJfrF4H2FYD4KCoNkY11McCe8BenwNYB,USDT,2026-10-06T17:29:19Z,9.038116581013976e-07,903.8116581,,0.0232,1.0016220626639358,,,0.0,0.0,0.0,0.0,0.0,0.0,0,0,0,0,0,0,0,0,0,0,0,0,0,0,0,0,0,0,0,0,0,0,0,0,0.0,0.0,0.0,0.0,0.0,0.0,snapshot,,,,,,,/home/runner/work/Solana-Memecoin-Analysis/Solana-Memecoin-Analysis/data/cache/2026-10-08/000905026768_multi_pools_42103b2b8f40.json,2
2026-10-08T00:05:26.425711+00:00,g24aTcof8SMgxmk6siCTKDPQFr5kt55zq89fg48r91V,solana,Pump.fun,2smrmT8L3ER4rQUnALWVp8AGTLNSCWMJ4mcdYFcQnzDp,HEAT,So11111111111111111111111111111111111111112,SOL,2026-10-06T17:39:05Z,3.3665408275253483e-06,3366.540828,,2574.3102,120.421945506102,,,0.0,0.0,0.0,0.0,0.0,0.0,0,0,0,0,0,0,0,0,0,0,0,0,0,0,0,0,0,0,0,0,0,0,0,0,0.0,0.0,0.0,0.0,0.0,0.0,snapshot,,,,,,,/home/runner/work/Solana-Memecoin-Analysis/Solana-Memecoin-Analysis/data/cache/2026-10-08/000905026768_multi_pools_42103b2b8f40.json,2
2026-10-08T00:05:26.425711+00:00,EHTHcfqYrNX9kY5JJsL4Lca65KAzTZro1quM4pVYzhMW,solana,Pump.fun,HJEmZYrbf96sLfAWePyNp5L33cdni9NM2trseDhzpump,HIGHASF,So11111111111111111111111111111111111111112,SOL,2026-10-06T17:38:58Z,6.6520285474182525e-06,10759.209374,,4837.3523,120.54712788449872,,,0.0,0.0,0.0,0.0,0.0,0.0,0,0,0,0,0,0,0,0,0,0,0,0,0,0,0,0,0,0,0,0,0,0,0,0,0.0,0.0,0.0,0.0,0.0,0.0,snapshot,,,,,,,/home/runner/work/Solana-Memecoin-Analysis/Solana-Memecoin-Analysis/data/cache/2026-10-08/000905026768_multi_pools_42103b2b8f40.json,2
2026-10-08T00:05:26.425711+00:00,DKioEzzQAFZtPR1EzfnZNFsataJmJF9rdwKEdvwXxriR,solana,Pump.fun,FfvReMvfYer76JikRwMPG3AkUC2kqrnsAspCwcHAWDMz,SHILLO,So11111111111111111111111111111111111111112,SOL,2026-10-06T17:38:58Z,3.2400067541885564e-06,3240.006754,,2580.1968,115.63128899791498,100.0,,0.0,0.0,0.0,0.0,1.4527419091,1.8487331504,0,0,0,0,0,0,0,0,0,0,0,0,0,0,0,0,0,1,0,1,0,2,0,2,0.0,0.0,0.0,0.0,0.0,-1.87,snapshot,,,,,,,/home/runner/work/Solana-Memecoin-Analysis/Solana-Memecoin-Analysis/data/cache/2026-10-08/000905026768_multi_pools_42103b2b8f40.json,2
2026-10-08T00:05:26.425711+00:00,FPNaSga5gkMtAXTvZdok1T7UhaMhTUutoj7gg1bEbB3b,solana,Pump.fun,HH1Kz3xQMx7gbiXGBUXSucXBajpKLoaj7uKWTahDExtS,LUCHO,So11111111111111111111111111111111111111112,SOL,2026-10-06T17:50:10Z,3.5900344704547904e-06,3590.03447,,2738.3133,120.72558189691664,,,0.0,0.0,0.0,0.0,0.0,0.0,0,0,0,0,0,0,0,0,0,0,0,0,0,0,0,0,0,0,0,0,0,0,0,0,0.0,0.0,0.0,0.0,0.0,0.0,snapshot,,,,,,,/home/runner/work/Solana-Memecoin-Analysis/Solana-Memecoin-Analysis/data/cache/2026-10-08/000905026768_multi_pools_42103b2b8f40.json,2
2026-10-08T00:05:26.425711+00:00,Ad43SxgdZBukaavzjgVFjTT9u2kPoUuwgr2AfG7dzDw6,solana,Pump.fun,sfTdUmSKo3pZLd8KNUN2V4ZGbCoT7bEpF1RUf2xpump,MILA,So11111111111111111111111111111111111111112,SOL,2026-10-06T17:50:05Z,3.3690465707842043e-06,3469.989141,,2652.5571,120.46124233703323,,,0.0,0.0,0.0,0.0,0.0,0.0,0,0,0,0,0,0,0,0,0,0,0,0,0,0,0,0,0,0,0,0,0,0,0,0,0.0,0.0,0.0,0.0,0.0,0.0,snapshot,,,,,,,/home/runner/work/Solana-Memecoin-Analysis/Solana-Memecoin-Analysis/data/cache/2026-10-08/000905026768_multi_pools_42103b2b8f40.json,2
2026-10-08T00:05:26.425711+00:00,7nASV79oUMPLb7AxvBetcas9yMhaMgxepwauGEyS5GK3,solana,Meteora DBC,BYQ9e3bRT1iJzxwjmiS15h5AHFv2nnbMk69Cpwaq9esg,CHONK,So11111111111111111111111111111111111111112,SOL,2026-10-06T17:50:04Z,4.659538408277774e-05,46595.38408,,0.0,120.49152908271589,,,0.0,0.0,0.0,0.0,0.0,0.0,0,0,0,0,0,0,0,0,0,0,0,0,0,0,0,0,0,0,0,0,0,0,0,0,0.0,0.0,0.0,0.0,0.0,0.0,snapshot,,,,,,,/home/runner/work/Solana-Memecoin-Analysis/Solana-Memecoin-Analysis/data/cache/2026-10-08/000905026768_multi_pools_42103b2b8f40.json,2
2026-10-08T00:05:26.425711+00:00,DZdt8uYrxkPicDgjTrK2PderXLGfCfuZqAWqUEEqzQGM,solana,Pump.fun,9X1CUaUNLBaQyNvqmnJxXWrcPwQh4gciXsCN2awcfynw,MILA,So11111111111111111111111111111111111111112,SOL,2026-10-06T17:50:01Z,3.3743297883331644e-06,3374.329788,,2574.5335,120.69078870589627,,,0.0,0.0,0.0,0.0,0.0,0.0,0,0,0,0,0,0,0,0,0,0,0,0,0,0,0,0,0,0,0,0,0,0,0,0,0.0,0.0,0.0,0.0,0.0,0.0,snapshot,,,,,,,/home/runner/work/Solana-Memecoin-Analysis/Solana-Memecoin-Analysis/data/cache/2026-10-08/000905026768_multi_pools_42103b2b8f40.json,2
2026-10-08T00:05:26.425711+00:00,5HkaT3ePyPmcnaTQ2EXK7AmjYVRLg37bWRsZ5aBk3Rxg,solana,Pump.fun,AVVRuAFVHUvy8K6qpk54VDQmftQJfEybAFFgnSFUpump,RELAUNCH,So11111111111111111111111111111111111111112,SOL,2026-10-06T17:50:01Z,3.302682442993644e-06,3302.682443,,2625.5855,115.81594282552378,100.0,,0.0,0.0,0.0,0.0,0.0,0.406245498,0,0,0,0,0,0,0,0,0,0,0,0,0,0,0,0,0,0,0,0,0,1,0,1,0.0,0.0,0.0,0.0,0.0,0.0,snapshot,,,,,,,/home/runner/work/Solana-Memecoin-Analysis/Solana-Memecoin-Analysis/data/cache/2026-10-08/000905026768_multi_pools_42103b2b8f40.json,2
2026-10-08T00:05:26.425711+00:00,4GyTSiwzpPoesvPiLGxg6G1EBFMnANjW4xfqQNQ2JakW,solana,Pump.fun,4vfDQUfFg4AKG6v9L5i3rznXihcEtLFs73LBcagASe26,MILA,So11111111111111111111111111111111111111112,SOL,2026-10-06T17:50:00Z,3.593052431613826e-06,3593.052432,,2738.9519,120.79912928859407,,,0.0,0.0,0.0,0.0,0.0,0.0,0,0,0,0,0,0,0,0,0,0,0,0,0,0,0,0,0,0,0,0,0,0,0,0,0.0,0.0,0.0,0.0,0.0,0.0,snapshot,,,,,,,/home/runner/work/Solana-Memecoin-Analysis/Solana-Memecoin-Analysis/data/cache/2026-10-08/000905026768_multi_pools_42103b2b8f40.json,2
2026-10-08T00:05:26.425711+00:00,6vSXd32gbXDaZPh2Rh5ASbgsKUBF6fW4Pr4z6ajs6ZNM,solana,Meteora DBC,HbxipWGXqtEgxZ7BmyS32ocJ9XiE6txyRwz6yjL71j4w,GROK,So11111111111111111111111111111111111111112,SOL,2026-10-06T17:58:03Z,5.4330597120289565e-11,0.05433059712,,0.0,120.7044556475393,,,0.0,0.0,0.0,0.0,0.0,0.0,0,0,0,0,0,0,0,0,0,0,0,0,0,0,0,0,0,0,0,0,0,0,0,0,0.0,0.0,0.0,0.0,0.0,0.0,snapshot,,,,,,,/home/runner/work/Solana-Memecoin-Analysis/Solana-Memecoin-Analysis/data/cache/2026-10-08/000905026768_multi_pools_42103b2b8f40.json,2
2026-10-08T00:05:26.425711+00:00,JBqe9AqLTyTMk9S1LpFua9KaQqhqh1nCLB58dMgybWFP,solana,Meteora DBC,BpH3jCYkzJEGKYxBvLcmq7Zz7ZvRBK2gmJe4wkg2HPBr,HTTPS,So11111111111111111111111111111111111111112,SOL,2026-10-06T17:57:51Z,3.986362798370155e-06,3986.362798,,3856.4205,120.97108504061876,,,0.0,0.0,0.0,0.0,0.0,0.0,0,0,0,0,0,0,0,0,0,0,0,0,0,0,0,0,0,0,0,0,0,0,0,0,0.0,0.0,0.0,0.0,0.0,0.0,snapshot,,,,,,,/home/runner/work/Solana-Memecoin-Analysis/Solana-Memecoin-Analysis/data/cache/2026-10-08/000905026768_multi_pools_42103b2b8f40.json,2
2026-10-08T00:05:26.425711+00:00,EL3PGsZJjhe1xyd4XeSdasP8BXQ3rgMvDk2N3Gmas97d,solana,Pump.fun,3sZgaa4h3msSKFPdH51qh2CNLV1Uh2bcQpTxrQ8Hpump,PAWS,So11111111111111111111111111111111111111112,SOL,2026-10-06T17:57:50Z,3.5482287900689157e-06,3548.22879,,2705.057,120.78079996372917,,,0.0,0.0,0.0,0.0,0.0,0.0,0,0,0,0,0,0,0,0,0,0,0,0,0,0,0,0,0,0,0,0,0,0,0,0,0.0,0.0,0.0,0.0,0.0,0.0,snapshot,,,,,,,/home/runner/work/Solana-Memecoin-Analysis/Solana-Memecoin-Analysis/data/cache/2026-10-08/000905026768_multi_pools_42103b2b8f40.json,2
2026-10-08T00:05:26.425711+00:00,9xzARHsgV3RsJjYhLnXGP2YTEEoADnvaFme1j7yjGv1P,solana,Pump.fun,6fJxFnrPXyxCzVMfxtL1t2ydAd9tWQyAdmwZj3AQpump,fomobot,So11111111111111111111111111111111111111112,SOL,2026-10-06T17:57:48Z,3.478579852954039e-06,3424.179828,,2650.0809,120.78057051888537,100.0,,0.0,0.0,0.0,0.0,0.0,0.0,0,0,0,0,0,0,0,0,0,0,0,0,0,0,0,0,0,0,0,0,0,0,0,0,0.0,0.0,0.0,0.0,0.0,0.0,snapshot,,,,,,,/home/runner/work/Solana-Memecoin-Analysis/Solana-Memecoin-Analysis/data/cache/2026-10-08/000905026768_multi_pools_42103b2b8f40.json,2
2026-10-08T00:05:26.425711+00:00,6ksi8quaDcGo37MS7wWUP6Pm9UY7oEMXCH8ieFsKbTD9,solana,Pump.fun,6rCswkET7X2JRhW6CXfrn7GH3FMnZAKh8D7qxTQTpump,$RAVZOKS,So11111111111111111111111111111111111111112,SOL,2026-10-06T17:57:44Z,3.321364274455142e-06,3321.364274,,2574.7862,118.78388220780866,100.0,,0.0,0.0,0.0,0.0,0.0,0.5812169647,0,0,0,0,0,0,0,0,0,0,0,0,0,0,0,0,0,0,0,0,1,1,1,1,0.0,0.0,0.0,0.0,0.0,-1.377,snapshot,,,,,,,/home/runner/work/Solana-Memecoin-Analysis/Solana-Memecoin-Analysis/data/cache/2026-10-08/000919570621_multi_pools_d4e4e37bf9b6.json,2
2026-10-08T00:05:26.425711+00:00,745ATaSSWxvry5qt1XVv9eXuG884hDvNJfvA2o82dNBi,solana,PumpSwap,HbPDWSqu8hpVMX6gMjwMDGe5rVgicWo3Qh3Jaojypump,Frank,So11111111111111111111111111111111111111112,SOL,2026-10-04T22:15:56Z,0.0005475633713297568,527204.627893161,527204.627893161,74367.8905,116.11321405468628,100.0,,1641.8056010008,10767.2199407432,24977.2593997592,62787.7870578548,579202.561937447,1395176.53004675,25,21,25,19,147,138,141,127,325,322,298,296,722,721,608,413,5057,5045,2355,1883,14480,13918,3448,3257,-1.971,-1.145,-7.236,-8.262,49.809,154.727,snapshot,,,,,,,/home/runner/work/Solana-Memecoin-Analysis/Solana-Memecoin-Analysis/data/cache/2026-10-08/000919570621_multi_pools_d4e4e37bf9b6.json,2
2026-10-08T00:05:26.425711+00:00,Gmq79EumQ2kvQASBKyv5QDiwuksuVQ6ychVF1cpJDXtc,solana,Meteora DBC,AfMtrYJc2RG7PXFKtQNqPE9Ly33cufc4v9qDq2SSfQXj,tst,So11111111111111111111111111111111111111112,SOL,2026-10-06T18:05:07Z,6.011304209978298e-06,6011.30421,,5790.6276,121.06431521685602,,,0.0,0.0,0.0,0.0,0.0,0.0,0,0,0,0,0,0,0,0,0,0,0,0,0,0,0,0,0,0,0,0,0,0,0,0,0.0,0.0,0.0,0.0,0.0,0.0,snapshot,,,,,,,/home/runner/work/Solana-Memecoin-Analysis/Solana-Memecoin-Analysis/data/cache/2026-10-08/000919570621_multi_pools_d4e4e37bf9b6.json,2
2026-10-08T00:05:26.425711+00:00,9v4CGMMbrVX2Vau3aYrwcTpMQdWxP51UG3NmWU42s1zv,solana,PumpSwap,8JLUnVxPx61gFxJs38SBo6wrKw3FfaCLzDSVwUcG4Zqz,Anthropic,So11111111111111111111111111111111111111112,SOL,2026-10-06T18:05:06Z,2.1897638793482065e-06,2172.6742933401,,2092.1923,119.96680466674499,100.0,,0.0,0.0,0.0,0.0,0.0,9.7783928764,0,0,0,0,0,0,0,0,0,0,0,0,0,0,0,0,0,0,0,0,1,0,1,0,0.0,0.0,0.0,0.0,0.0,0.0,snapshot,,,,,,,/home/runner/work/Solana-Memecoin-Analysis/Solana-Memecoin-Analysis/data/cache/2026-10-08/000919570621_multi_pools_d4e4e37bf9b6.json,2
2026-10-08T00:05:26.425711+00:00,FKG1jTaUByDokMyie55Ww9yPwXjBRzgA29LuRivnKBrv,solana,Pump.fun,4qTrTv7UTgToHrtinSbQkqJwVNJdsnTC6Atp5gzoseRr,POPCONNOR,So11111111111111111111111111111111111111112,SOL,2026-10-06T18:05:05Z,3.4497509597288406e-06,3449.75096,,2628.044,120.87511316173413,,,0.0,0.0,0.0,0.0,0.0,0.0,0,0,0,0,0,0,0,0,0,0,0,0,0,0,0,0,0,0,0,0,0,0,0,0,0.0,0.0,0.0,0.0,0.0,0.0,snapshot,,,,,,,/home/runner/work/Solana-Memecoin-Analysis/Solana-Memecoin-Analysis/data/cache/2026-10-08/000919570621_multi_pools_d4e4e37bf9b6.json,2
2026-10-08T00:05:26.425711+00:00,DouNrDn9RNtep1waJGNFCTCRU5nd7ZTgqMgUeVT4iQhx,solana,Pump.fun,7kdjA7EXYkqkM36iMwRF7YMu6cENykLWt4CU8JmncA4g,Buto,So11111111111111111111111111111111111111112,SOL,2026-10-06T18:04:56Z,3.4828589356574254e-06,3482.858936,,2646.7602,121.17213764338038,100.0,,0.0,0.0,0.0,0.0,0.0,0.0,0,0,0,0,0,0,0,0,0,0,0,0,0,0,0,0,0,0,0,0,0,0,0,0,0.0,0.0,0.0,0.0,0.0,0.0,snapshot,,,,,,,/home/runner/work/Solana-Memecoin-Analysis/Solana-Memecoin-Analysis/data/cache/2026-10-08/000919570621_multi_pools_d4e4e37bf9b6.json,2
2026-10-08T00:05:26.425711+00:00,46NyZTvtxfsdMRH1mNoWG4nj7kFBHG6K3Ww66rMEKUob,solana,Pump.fun,FyeG9YE6kLu5kTRPDem1w81f1nxTDCQVBUV8JCGFpump,DOOB,So11111111111111111111111111111111111111112,SOL,2026-10-06T18:04:55Z,7.852283697859069e-06,22272.3474,,5161.0669,121.08200155357719,,,0.0,0.0,0.0,0.0,0.0,0.0,0,0,0,0,0,0,0,0,0,0,0,0,0,0,0,0,0,0,0,0,0,0,0,0,0.0,0.0,0.0,0.0,0.0,0.0,snapshot,,,,,,,/home/runner/work/Solana-Memecoin-Analysis/Solana-Memecoin-Analysis/data/cache/2026-10-08/000919570621_multi_pools_d4e4e37bf9b6.json,2
2026-10-08T00:05:26.425711+00:00,EtFh4cg5G7Gqfe4p3bTvVsZ8H8uSDfggDdWjDgZjYJT7,solana,Pump.fun,9JFgtZfr2PGdyk9FNefaosxKXQwDToCqeo4U9fMJpump,DRUKE,So11111111111111111111111111111111111111112,SOL,2026-10-06T18:04:50Z,3.3761312393621545e-06,3376.131239,,2575.4132,120.75391848184675,,,0.0,0.0,0.0,0.0,0.0,0.0,0,0,0,0,0,0,0,0,0,0,0,0,0,0,0,0,0,0,0,0,0,0,0,0,0.0,0.0,0.0,0.0,0.0,0.0,snapshot,,,,,,,/home/runner/work/Solana-Memecoin-Analysis/Solana-Memecoin-Analysis/data/cache/2026-10-08/000919570621_multi_pools_d4e4e37bf9b6.json,2
2026-10-08T00:05:26.425711+00:00,9rptbcBf6SPPggBxK3b43Yq7E3tjvwvGrn4uLyPkgBAf,solana,Pump.fun,9uxyXWyCRudVmMHBJjnR3An727Vadjn3shZ2GvS3ex9w,POPAPE,So11111111111111111111111111111111111111112,SOL,2026-10-06T18:04:49Z,3.449204391751654e-06,3449.204392,,2628.044,120.85596358596605,,,0.0,0.0,0.0,0.0,0.0,0.0,0,0,0,0,0,0,0,0,0,0,0,0,0,0,0,0,0,0,0,0,0,0,0,0,0.0,0.0,0.0,0.0,0.0,0.0,snapshot,,,,,,,/home/runner/work/Solana-Memecoin-Analysis/Solana-Memecoin-Analysis/data/cache/2026-10-08/000919570621_multi_pools_d4e4e37bf9b6.json,2
2026-10-08T00:05:26.425711+00:00,4TbyJpAfpmLsCkSLrosgqReASiWeyrA6Uu5tLAmmq6tE,solana,Pump.fun,QTErhUm73oqjqd15XnJ7DL3zH3Zu31P77j8ToaBpump,TTOOR,So11111111111111111111111111111111111111112,SOL,2026-10-06T18:19:14Z,3.3834289333666377e-06,3383.428933,,2576.2615,121.0101053556949,,,0.0,0.0,0.0,0.0,0.0,0.0,0,0,0,0,0,0,0,0,0,0,0,0,0,0,0,0,0,0,0,0,0,0,0,0,0.0,0.0,0.0,0.0,0.0,0.0,snapshot,,,,,,,/home/runner/work/Solana-Memecoin-Analysis/Solana-Memecoin-Analysis/data/cache/2026-10-08/000919570621_multi_pools_d4e4e37bf9b6.json,2
2026-10-08T00:05:26.425711+00:00,J9CAHdvP98ji8NLJ3bgnzznQDJaZHq4kNwmzqErG9U7D,solana,Pump.fun,2imTYzneSK6TStn5XuCfHiG23RsHZydezT8wfrNb3zLZ,EXTRACTOR,So11111111111111111111111111111111111111112,SOL,2026-10-06T18:19:12Z,4.946583259983945e-05,49465.8326,,0.0,120.93850942728392,,,0.0,0.0,0.0,0.0,0.0,0.0,0,0,0,0,0,0,0,0,0,0,0,0,0,0,0,0,0,0,0,0,0,0,0,0,0.0,0.0,0.0,0.0,0.0,0.0,snapshot,,,,,,,/home/runner/work/Solana-Memecoin-Analysis/Solana-Memecoin-Analysis/data/cache/2026-10-08/000919570621_multi_pools_d4e4e37bf9b6.json,2
2026-10-08T00:05:26.425711+00:00,HesSkhpgK3brLXZC4eCPk8qJ3UCWQWzTFQU7KTShzbVe,solana,Pump.fun,7msJZBCL7jfhRtsiPmPvYfc84ykcXcGtB3WBAZiBpump,READ,So11111111111111111111111111111111111111112,SOL,2026-10-06T18:19:06Z,3.382127916575779e-06,3382.127917,,2576.2615,120.96345948410463,,,0.0,0.0,0.0,0.0,0.0,0.0,0,0,0,0,0,0,0,0,0,0,0,0,0,0,0,0,0,0,0,0,0,0,0,0,0.0,0.0,0.0,0.0,0.0,0.0,snapshot,,,,,,,/home/runner/work/Solana-Memecoin-Analysis/Solana-Memecoin-Analysis/data/cache/2026-10-08/000919570621_multi_pools_d4e4e37bf9b6.json,2
2026-10-08T00:05:26.425711+00:00,Ac9yoKtrf4bVM7bWwDAtDt9Hx6uw3PY1zzMJBjushZ8c,solana,Pump.fun,CW9mKGLHYVxhkAvvHv1FjAcRpJ9MPrF8f4yTVcHkH9jD,Maple,So11111111111111111111111111111111111111112,SOL,2026-10-06T18:19:04Z,3.4948149659079905e-06,3494.814966,,2746.6491,120.96569220707177,,,0.0,0.0,0.0,0.0,0.0,0.0,0,0,0,0,0,0,0,0,0,0,0,0,0,0,0,0,0,0,0,0,0,0,0,0,0.0,0.0,0.0,0.0,0.0,0.0,snapshot,,,,,,,/home/runner/work/Solana-Memecoin-Analysis/Solana-Memecoin-Analysis/data/cache/2026-10-08/000919570621_multi_pools_d4e4e37bf9b6.json,2
2026-10-08T00:05:26.425711+00:00,8a2uS4WVN7jJFHRwLnRCfreRpaVx6YipQYybidgWtnuA,solana,Pump.fun,XoLULHTWGxfwekJVS45Xu13qwm1QHip2wT8Smr1vSSB,xolum,So11111111111111111111111111111111111111112,SOL,2026-10-06T18:19:00Z,3.396460722335175e-06,3396.460722,,2599.3114,120.395890297427,100.0,,0.0,0.0,0.0,0.0,0.0,0.0,0,0,0,0,0,0,0,0,0,0,0,0,0,0,0,0,0,0,0,0,0,0,0,0,0.0,0.0,0.0,0.0,0.0,0.0,snapshot,,,,,,,/home/runner/work/Solana-Memecoin-Analysis/Solana-Memecoin-Analysis/data/cache/2026-10-08/000919570621_multi_pools_d4e4e37bf9b6.json,2
2026-10-08T00:05:26.425711+00:00,7NJoMKBsGvDc3gUppFE2b7rkWUj8zGYrC1tNCLryjgPm,solana,Pump.fun,FSmo7USezPT8nWfcAnERDkJdquptMUt5sKuZdeoPpump,FARQNT,So11111111111111111111111111111111111111112,SOL,2026-10-06T18:18:56Z,3.451067361517207e-06,3451.067362,,2628.7626,120.96408697532834,100.0,,0.0,0.0,0.0,0.0,0.0,0.0,0,0,0,0,0,0,0,0,0,0,0,0,0,0,0,0,0,0,0,0,0,0,0,0,0.0,0.0,0.0,0.0,0.0,0.0,snapshot,,,,,,,/home/runner/work/Solana-Memecoin-Analysis/Solana-Memecoin-Analysis/data/cache/2026-10-08/000919570621_multi_pools_d4e4e37bf9b6.json,2
2026-10-08T00:05:26.425711+00:00,9wDwtLmGkd16SMJaQ4udWaWzQLay83ZvtGwtQWPRJVRA,solana,Pump.fun,CUsq1ruA3SznySQxavpUsoBkwbUW3de8Grzgjjxupump,BIGPROBLM,So11111111111111111111111111111111111111112,SOL,2026-10-06T18:28:16Z,6.41932465903677e-07,1283.8649318,,489.3909,120.90021562963449,,,0.0,0.0,0.0,0.0,0.0,0.0,0,0,0,0,0,0,0,0,0,0,0,0,0,0,0,0,0,0,0,0,0,0,0,0,0.0,0.0,0.0,0.0,0.0,0.0,snapshot,,,,,,,/home/runner/work/Solana-Memecoin-Analysis/Solana-Memecoin-Analysis/data/cache/2026-10-08/000919570621_multi_pools_d4e4e37bf9b6.json,2
2026-10-08T00:05:26.425711+00:00,A68fDuzsKzDcg9WvU94BL1d1xYGQFS8BUtncrYZ8wAMd,solana,Meteora DAMM V2,D4bSRp7sbktXwHA69vxFCGYAb655LFcMGD7QQsMLfTiK,旺柴,So11111111111111111111111111111111111111112,SOL,2026-10-06T18:28:05Z,4.787946127022442e-10,0.4787945885,,0.883,121.0486715111019,,,0.0,0.0,0.0,0.0,0.0,0.0,0,0,0,0,0,0,0,0,0,0,0,0,0,0,0,0,0,0,0,0,0,0,0,0,0.0,0.0,0.0,0.0,0.0,0.0,snapshot,,,,,,,/home/runner/work/Solana-Memecoin-Analysis/Solana-Memecoin-Analysis/data/cache/2026-10-08/000919570621_multi_pools_d4e4e37bf9b6.json,2
2026-10-08T00:05:26.425711+00:00,4S6oocDTWH8MEjKubBcqBCv1SRRZ9CH6DhhvMkCBXN5p,solana,Meteora DAMM V2,4yQ2x87odqERvqmiA4snQMrANGzbXVdDGjZL7Nddpump,Buto,So11111111111111111111111111111111111111112,SOL,2026-10-06T18:28:04Z,0.0005022487920067757,502248.792,,0.000197436553246246,120.92150434019798,,,0.0,0.0,0.0,0.0,0.0,0.0,0,0,0,0,0,0,0,0,0,0,0,0,0,0,0,0,0,0,0,0,0,0,0,0,0.0,0.0,0.0,0.0,0.0,0.0,snapshot,,,,,,,/home/runner/work/Solana-Memecoin-Analysis/Solana-Memecoin-Analysis/data/cache/2026-10-08/000919570621_multi_pools_d4e4e37bf9b6.json,2
2026-10-08T00:05:26.425711+00:00,G38t4no6jYTEgpiPrL7GNG6DALkiFRy7UBLiEzzvBQj8,solana,Pump.fun,F6VYCDUK8343pbY2eZNpXg8Bvn8jFyq4ZKcP37frpump,Alicia,So11111111111111111111111111111111111111112,SOL,2026-10-06T18:28:03Z,3.3671297446094544e-06,3367.129745,,2576.1221,120.43371892019324,,,0.0,0.0,0.0,0.0,0.0,0.0,0,0,0,0,0,0,0,0,0,0,0,0,0,0,0,0,0,0,0,0,0,0,0,0,0.0,0.0,0.0,0.0,0.0,0.0,snapshot,,,,,,,/home/runner/work/Solana-Memecoin-Analysis/Solana-Memecoin-Analysis/data/cache/2026-10-08/000919570621_multi_pools_d4e4e37bf9b6.json,2
2026-10-08T00:05:26.425711+00:00,Hm1o6YhbnD2H1BofQE7pH3tj3akp7EpHL4Bk1ZZyq7t5,solana,Meteora DBC,5J73mDGJs2GGrMsXzScESPLFAeoYbj5Z7g5BmvyiD7XJ,PLAY,So11111111111111111111111111111111111111112,SOL,2026-10-06T18:27:44Z,3.593289297705486e-05,35932.7812872989,,0.0,120.99685648571874,,,0.0,0.0,0.0,0.0,0.0,0.0,0,0,0,0,0,0,0,0,0,0,0,0,0,0,0,0,0,0,0,0,0,0,0,0,0.0,0.0,0.0,0.0,0.0,0.0,snapshot,,,,,,,/home/runner/work/Solana-Memecoin-Analysis/Solana-Memecoin-Analysis/data/cache/2026-10-08/000919570621_multi_pools_d4e4e37bf9b6.json,2
2026-10-08T00:05:26.425711+00:00,82db8iugjrs4di9WVzTDMVLARBHMFWd79Eaj2CvJZcac,solana,Meteora DAMM V2,D9qtHRvDcSrxFv2ExKp6MVapsU2xgQDXm3ecZZ417ynd,phubber,So11111111111111111111111111111111111111112,SOL,2026-10-06T18:35:38Z,0.00041997827973163157,29380780.1071236,,58.8445,120.6518142318758,100.0,,0.0,0.0,0.0,0.0,0.0,0.0,0,0,0,0,0,0,0,0,0,0,0,0,0,0,0,0,0,0,0,0,0,0,0,0,0.0,0.0,0.0,0.0,0.0,0.0,snapshot,,,,,,,/home/runner/work/Solana-Memecoin-Analysis/Solana-Memecoin-Analysis/data/cache/2026-10-08/000919570621_multi_pools_d4e4e37bf9b6.json,2
2026-10-08T00:05:26.425711+00:00,EVcm8Yk6qntrLJkqbAB1f3azuHcyUwzNqt1wRzNsHe92,solana,Pump.fun,B2jPj3Nv265jjurDEZ8xyDasbLHveQjr7qvwoBh5pump,speedrun,EPjFWdd5AufqSSqeM2qN1xzybapC8G4wEGGkZwyTDt1v,USDC,2026-10-06T18:35:26Z,5.833379124306305e-07,1166.6758248,,464.3312,0.9996486196025638,,,0.0,0.0,0.0,0.0,0.0,0.0,0,0,0,0,0,0,0,0,0,0,0,0,0,0,0,0,0,0,0,0,0,0,0,0,0.0,0.0,0.0,0.0,0.0,0.0,snapshot,,,,,,,/home/runner/work/Solana-Memecoin-Analysis/Solana-Memecoin-Analysis/data/cache/2026-10-08/000919570621_multi_pools_d4e4e37bf9b6.json,2
2026-10-08T00:05:26.425711+00:00,28Z4CSucw4u6TLcYuRqt443zCc9xeFh5G9ZMimdFR5gX,solana,Pump.fun,9pTpSApdt566zVApgmW5w2d991o18ZXLJ2WD4Ewxpump,DSWH,So11111111111111111111111111111111111111112,SOL,2026-10-06T18:35:22Z,3.384135802037989e-06,3384.135802,,2577.0283,120.99932621331307,,,0.0,0.0,0.0,0.0,0.0,0.0,0,0,0,0,0,0,0,0,0,0,0,0,0,0,0,0,0,0,0,0,0,0,0,0,0.0,0.0,0.0,0.0,0.0,0.0,snapshot,,,,,,,/home/runner/work/Solana-Memecoin-Analysis/Solana-Memecoin-Analysis/data/cache/2026-10-08/000919570621_multi_pools_d4e4e37bf9b6.json,2
2026-10-08T00:05:26.425711+00:00,F5apw1WdWaKycgeFvotipESbTy6sSaqZbTzmUizmhNWk,solana,Meteora DBC,7fGF32dewEDMDvkzD7zHyrQ9aYHwaxTe6X2gRdmvpTa1,PREDICT,So11111111111111111111111111111111111111112,SOL,2026-10-06T18:35:20Z,3.5205976826614794e-05,35204.2190930936,,0.0,120.72705913505547,,,0.0,0.0,0.0,0.0,0.0,0.0,0,0,0,0,0,0,0,0,0,0,0,0,0,0,0,0,0,0,0,0,0,0,0,0,0.0,0.0,0.0,0.0,0.0,0.0,snapshot,,,,,,,/home/runner/work/Solana-Memecoin-Analysis/Solana-Memecoin-Analysis/data/cache/2026-10-08/000919570621_multi_pools_d4e4e37bf9b6.json,2
2026-10-08T00:05:26.425711+00:00,rpGkHWu5YtwRviLZHQNgB3bLQ86bx8ae14UiXwA6U2z,solana,Meteora DAMM V2,3JyEK55Zg3KkQvrDkg2Z4W2BfpZXzhgyRrK2thqcUqan,Nino,So11111111111111111111111111111111111111112,SOL,2026-10-06T18:43:36Z,1.0871568660145599e-05,10871.1433271936,,1.209887224e-07,120.96031117475322,,,0.0,0.0,0.0,0.0,0.0,0.0,0,0,0,0,0,0,0,0,0,0,0,0,0,0,0,0,0,0,0,0,0,0,0,0,0.0,0.0,0.0,0.0,0.0,0.0,snapshot,,,,,,,/home/runner/work/Solana-Memecoin-Analysis/Solana-Memecoin-Analysis/data/cache/2026-10-08/000919570621_multi_pools_d4e4e37bf9b6.json,2
2026-10-08T00:05:26.425711+00:00,59eeHzKp44BfmLyrnuXeuQKJWNW3fCEaaagmZw9n9tpC,solana,Meteora DBC,6Y4GwEwWSs2jL5MjQzRqFJtNJHJKgGFyaY2WaaYEExiY,AUTON,So11111111111111111111111111111111111111112,SOL,2026-10-06T18:43:10Z,1.2121267718819056e-07,121.2126772,,117.2243,120.91057692239616,,,0.0,0.0,0.0,0.0,0.0,0.0,0,0,0,0,0,0,0,0,0,0,0,0,0,0,0,0,0,0,0,0,0,0,0,0,0.0,0.0,0.0,0.0,0.0,0.0,snapshot,,,,,,,/home/runner/work/Solana-Memecoin-Analysis/Solana-Memecoin-Analysis/data/cache/2026-10-08/000919570621_multi_pools_d4e4e37bf9b6.json,2
2026-10-08T00:05:26.425711+00:00,D2q5QVc92kW27qBkVVDibhVrNhKqEiZqgzzXR7ui3XhP,solana,Pump.fun,HP55gt4Em9EV9JZD2oBuSkEWZjZG9PWJCgaub5nrpump,GrenCAT,So11111111111111111111111111111111111111112,SOL,2026-10-06T18:43:09Z,3.0962004365394088e-06,6192.400874,,2357.0789,120.95641040934838,,,0.0,0.0,0.0,0.0,0.0,0.0,0,0,0,0,0,0,0,0,0,0,0,0,0,0,0,0,0,0,0,0,0,0,0,0,0.0,0.0,0.0,0.0,0.0,0.0,snapshot,,,,,,,/home/runner/work/Solana-Memecoin-Analysis/Solana-Memecoin-Analysis/data/cache/2026-10-08/000919570621_multi_pools_d4e4e37bf9b6.json,2
2026-10-08T00:05:26.425711+00:00,D3v5ar9r3AY63gvmpfQgyYgy16ruYtVduWRVrDQZiGXD,solana,PumpSwap,HqarSh8wL2k1ctiVpnVMkeZ2GfWwnFUaL7EZsvZKyD3M,Buto,So11111111111111111111111111111111111111112,SOL,2026-10-06T18:54:42Z,6.190733026215679e-05,49498.6602951719,,21440.6601,120.80020295301087,100.0,,0.0,0.0,0.0,0.0,0.0,0.0,0,0,0,0,0,0,0,0,0,0,0,0,0,0,0,0,0,0,0,0,0,0,0,0,0.0,0.0,0.0,0.0,0.0,0.0,snapshot,,,,,,,/home/runner/work/Solana-Memecoin-Analysis/Solana-Memecoin-Analysis/data/cache/2026-10-08/000919570621_multi_pools_d4e4e37bf9b6.json,2
2026-10-08T00:05:26.425711+00:00,CMVDvhJFf9e5hMYJe7qVx8qmiS6asNNUETMvWEv6pV6L,solana,Meteora DAMM V2,HqarSh8wL2k1ctiVpnVMkeZ2GfWwnFUaL7EZsvZKyD3M,Buto,So11111111111111111111111111111111111111112,SOL,2026-10-06T18:54:42Z,0.0005290821114617916,425859.081368923,,0.000190778701509259,120.9065286284688,,,0.0,0.0,0.0,0.0,0.0,0.0,0,0,0,0,0,0,0,0,0,0,0,0,0,0,0,0,0,0,0,0,0,0,0,0,0.0,0.0,0.0,0.0,0.0,0.0,snapshot,,,,,,,/home/runner/work/Solana-Memecoin-Analysis/Solana-Memecoin-Analysis/data/cache/2026-10-08/000919570621_multi_pools_d4e4e37bf9b6.json,2
2026-10-08T00:05:26.425711+00:00,JDpKeritG5ULxvVegDrJDjvPgWKD5wxV384bjW5jPnN6,solana,Pump.fun,3bLDobWiW8Tbg6zjpiEwL1Rh4dzqRNqZVYywxmXfpump,GROK,So11111111111111111111111111111111111111112,SOL,2026-10-06T18:54:38Z,3.3776591314438126e-06,3377.659131,,2577.974,120.72610542218553,100.0,,0.0,0.0,0.0,0.0,0.0,0.0,0,0,0,0,0,0,0,0,0,0,0,0,0,0,0,0,0,0,0,0,0,0,0,0,0.0,0.0,0.0,0.0,0.0,0.0,snapshot,,,,,,,/home/runner/work/Solana-Memecoin-Analysis/Solana-Memecoin-Analysis/data/cache/2026-10-08/000919570621_multi_pools_d4e4e37bf9b6.json,2
2026-10-08T00:05:26.425711+00:00,9x3SY5j1h37TMhKY3sYutivjdJk3ncMYkDMQZ2P5GDs8,solana,Pump.fun,CBnXMiuwZgb6GecBm8ovDJMGwTiF71oUYp9V75Sxpump,CRP,So11111111111111111111111111111111111111112,SOL,2026-10-06T18:54:37Z,3.377418640169889e-06,3377.41864,,2576.2894,120.79654287044065,,,0.0,0.0,0.0,0.0,0.0,0.0,0,0,0,0,0,0,0,0,0,0,0,0,0,0,0,0,0,0,0,0,0,0,0,0,0.0,0.0,0.0,0.0,0.0,0.0,snapshot,,,,,,,/home/runner/work/Solana-Memecoin-Analysis/Solana-Memecoin-Analysis/data/cache/2026-10-08/000926987477_multi_pools_1f1dc998c61d.json,2
2026-10-08T00:05:26.425711+00:00,4sXgDETSJd2g2RLPkp6LyDWQSwTWyzzeiL3GsF651TmK,solana,Pump.fun,6zWmnWFd5w3oBz2dM9pEQKjBDHp3t4GakVo5facFpump,NITE,So11111111111111111111111111111111111111112,SOL,2026-10-06T18:54:34Z,3.4127456935526352e-06,3412.745694,,2605.4858,120.5898250194557,,,0.0,0.0,0.0,0.0,0.0,129.4017269454,0,0,0,0,0,0,0,0,0,0,0,0,0,0,0,0,0,0,0,0,1,2,1,1,0.0,0.0,0.0,0.0,0.0,0.152,snapshot,,,,,,,/home/runner/work/Solana-Memecoin-Analysis/Solana-Memecoin-Analysis/data/cache/2026-10-08/000926987477_multi_pools_1f1dc998c61d.json,2
2026-10-08T00:05:26.425711+00:00,8tGb5xKuh7kfVLhqCJDBEnxWydDvfev8SUF5npWLmbLo,solana,StonkFun,3uQSJC19dPnmpDcPLGyDfwEo2DxMwhLH81yzkMGQykN8,YinYang,Xsc9qvGR1efVDFGLrVsmkzv3qi45LTBjeUKSPmx9qEh,NVDAx,2026-10-06T19:04:31Z,3.740641855621588e-06,3740.641856,,3626.2971,240.2017006175955,,,0.0,0.0,0.0,0.0,0.0,0.0,0,0,0,0,0,0,0,0,0,0,0,0,0,0,0,0,0,0,0,0,0,0,0,0,0.0,0.0,0.0,0.0,0.0,0.0,snapshot,,,,,,,/home/runner/work/Solana-Memecoin-Analysis/Solana-Memecoin-Analysis/data/cache/2026-10-08/000926987477_multi_pools_1f1dc998c61d.json,2
2026-10-08T00:05:26.425711+00:00,4JjPKP1pYiAoYnrqYhTQWoyx83T3fB6os5cDxkmgd4oD,solana,Meteora DBC,HpVu6a9gPLJrRjHgaw1WJoQNVmeZxncKG3kT9hkWe4q5,ALIBABA,So11111111111111111111111111111111111111112,SOL,2026-10-06T19:04:27Z,5.435737392198964e-11,0.05435737392,,0.0,120.76394476498879,,,0.0,0.0,0.0,0.0,0.0,0.0,0,0,0,0,0,0,0,0,0,0,0,0,0,0,0,0,0,0,0,0,0,0,0,0,0.0,0.0,0.0,0.0,0.0,0.0,snapshot,,,,,,,/home/runner/work/Solana-Memecoin-Analysis/Solana-Memecoin-Analysis/data/cache/2026-10-08/000926987477_multi_pools_1f1dc998c61d.json,2
2026-10-08T00:05:26.425711+00:00,9E1zPEyZrnvyhQMSiubwzPzwqbt5VW22wNPcZwFAQtgQ,solana,Pump.fun,8aZiYawWUnQQezodH8gYt6pyKHToJf9dWu2CCaaRpump,greencat,So11111111111111111111111111111111111111112,SOL,2026-10-06T19:04:23Z,3.250422457652182e-06,3250.422458,,2576.3591,116.25155865582006,,,0.0,0.0,0.0,0.0,0.1566232837,0.1566232837,0,0,0,0,0,0,0,0,0,0,0,0,0,0,0,0,0,1,0,1,0,1,0,1,0.0,0.0,0.0,0.0,0.0,0.0,snapshot,,,,,,,/home/runner/work/Solana-Memecoin-Analysis/Solana-Memecoin-Analysis/data/cache/2026-10-08/000926987477_multi_pools_1f1dc998c61d.json,2
2026-10-08T00:05:26.425711+00:00,H6QwyGkCi5FtcedrrzoHALxnp4fbZTzke4Ap2N89ADFM,solana,Pump.fun,BtMdwc8ZydRUJCBHQajwuU15aHodAneHoVjvg2cqLwnR,Caldwell,So11111111111111111111111111111111111111112,SOL,2026-10-06T19:04:18Z,3.252137474569689e-06,3252.137475,,2577.3001,116.2701593783644,100.0,,0.0,0.0,0.0,0.0,0.8466074456,0.8466074456,0,0,0,0,0,0,0,0,0,0,0,0,0,0,0,0,0,1,0,1,0,1,0,1,0.0,0.0,0.0,0.0,0.0,0.0,snapshot,,,,,,,/home/runner/work/Solana-Memecoin-Analysis/Solana-Memecoin-Analysis/data/cache/2026-10-08/000926987477_multi_pools_1f1dc998c61d.json,2
2026-10-08T00:05:26.425711+00:00,Fd42fYFX9fjf4MsSGkgPqqTCLr9j7P8ZfFqJjSq2WiTi,solana,Pump.fun,FE8Z1bQC1KanhULaQsECaUDGhfdbZ7gZsFg39vcfpump,DR SINS,So11111111111111111111111111111111111111112,SOL,2026-10-06T19:04:17Z,3.379336971343537e-06,3379.336971,,2582.1681,120.59006733740769,,,0.0,0.0,0.0,0.0,0.0,0.0,0,0,0,0,0,0,0,0,0,0,0,0,0,0,0,0,0,0,0,0,0,0,0,0,0.0,0.0,0.0,0.0,0.0,0.0,snapshot,,,,,,,/home/runner/work/Solana-Memecoin-Analysis/Solana-Memecoin-Analysis/data/cache/2026-10-08/000926987477_multi_pools_1f1dc998c61d.json,2
2026-10-08T00:05:26.425711+00:00,KPhEu463opHzzyVtALZc7S8eE8Xhg3EDGA6StxM7CXj,solana,Moonshot,2LJwW4uWghLRbwnkTH8EsaiysR2m8aeeaHUdJ8m7moon,CMB,EPjFWdd5AufqSSqeM2qN1xzybapC8G4wEGGkZwyTDt1v,USDC,2026-10-06T19:04:13Z,5.121342416287653e-06,5121.342416,,4940.4273,0.9993324646162689,100.0,,0.0,0.0,0.0,0.0,0.0,0.0,0,0,0,0,0,0,0,0,0,0,0,0,0,0,0,0,0,0,0,0,0,0,0,0,0.0,0.0,0.0,0.0,0.0,0.0,snapshot,,,,,,,/home/runner/work/Solana-Memecoin-Analysis/Solana-Memecoin-Analysis/data/cache/2026-10-08/000926987477_multi_pools_1f1dc998c61d.json,2
2026-10-08T00:05:26.425711+00:00,B3h8y7X95eNLtY1N7qeCECp6bG4eVnJs7CWznA8V3jbt,solana,Meteora DAMM V2,2fUDsFMC9bXd5Wk2Dcx1qYDsZbyjVk3tZcM8LucZBSz3,Banana,So11111111111111111111111111111111111111112,SOL,2026-10-06T19:14:01Z,1.2552433862802504e-05,12551.2116204662,,2.651268305e-06,120.50763663703287,,,0.0,0.0,0.0,0.0,0.0,0.0,0,0,0,0,0,0,0,0,0,0,0,0,0,0,0,0,0,0,0,0,0,0,0,0,0.0,0.0,0.0,0.0,0.0,0.0,snapshot,,,,,,,/home/runner/work/Solana-Memecoin-Analysis/Solana-Memecoin-Analysis/data/cache/2026-10-08/000926987477_multi_pools_1f1dc998c61d.json,2
2026-10-08T00:05:26.425711+00:00,99FBRkQULrg32H2K6h4KaqxeqqeureyoirPd6HsDspdr,solana,Pump.fun,5r51qn6fxHWETQoqazSemcL99GeeTLuENYNbihpNpump,RAISE,So11111111111111111111111111111111111111112,SOL,2026-10-06T19:13:56Z,3.3866846453056364e-06,3386.684645,,2593.4377,120.32728719859334,100.0,,0.0,0.0,0.0,0.0,0.0,0.0,0,0,0,0,0,0,0,0,0,0,0,0,0,0,0,0,0,0,0,0,0,0,0,0,0.0,0.0,0.0,0.0,0.0,0.0,snapshot,,,,,,,/home/runner/work/Solana-Memecoin-Analysis/Solana-Memecoin-Analysis/data/cache/2026-10-08/000926987477_multi_pools_1f1dc998c61d.json,2
2026-10-08T00:05:26.425711+00:00,DvdgiXy5gCuReWaAuGKFxNxQcf2E7LtkxWsNRA8ubaeA,solana,Pump.fun,2XpkBJieGRubQyf4Mb3omYgPks9W2sXmD97HU1xEKvTm,Trencher,So11111111111111111111111111111111111111112,SOL,2026-10-06T19:13:44Z,3.2584091473012844e-06,3258.409147,,2583.388,116.21990462074241,,,0.0,0.0,0.0,0.0,0.1714107616,0.1714107616,0,0,0,0,0,0,0,0,0,0,0,0,0,0,0,0,0,1,0,1,0,1,0,1,0.0,0.0,0.0,0.0,0.0,0.0,snapshot,,,,,,,/home/runner/work/Solana-Memecoin-Analysis/Solana-Memecoin-Analysis/data/cache/2026-10-08/000926987477_multi_pools_1f1dc998c61d.json,2
2026-10-08T00:05:26.425711+00:00,5uWaENudDauRig5kJ2qjMVCVj7nUp9LCLANRczmA9sTy,solana,Pump.fun,2HP69QaNoh3o7HARCjtfmrYpE8b8wfua93naAmjKpump,ERS,So11111111111111111111111111111111111111112,SOL,2026-10-06T19:23:57Z,6.137496763275383e-09,12.274993526,,10.5725,120.89603879801385,,,0.0,0.0,0.0,0.0,0.0,0.0,0,0,0,0,0,0,0,0,0,0,0,0,0,0,0,0,0,0,0,0,0,0,0,0,0.0,0.0,0.0,0.0,0.0,0.0,snapshot,,,,,,,/home/runner/work/Solana-Memecoin-Analysis/Solana-Memecoin-Analysis/data/cache/2026-10-08/000926987477_multi_pools_1f1dc998c61d.json,2
2026-10-08T00:05:26.425711+00:00,GjZrdEJs6pBq6yyuYQCWarne573uNtsoxHvHduSSTsj6,solana,PumpSwap,FweUMJXTSgsSQmknxAVGhx22b2YWPYjgvFMVSXn8pump,DEVCAT,So11111111111111111111111111111111111111112,SOL,2026-10-06T19:23:50Z,2.2269899389188793e-06,2196.9262629128,,2162.3363,120.74042616187889,100.0,,0.0,0.0,0.0,0.0,0.0,0.0,0,0,0,0,0,0,0,0,0,0,0,0,0,0,0,0,0,0,0,0,0,0,0,0,0.0,0.0,0.0,0.0,0.0,0.0,snapshot,,,,,,,/home/runner/work/Solana-Memecoin-Analysis/Solana-Memecoin-Analysis/data/cache/2026-10-08/000926987477_multi_pools_1f1dc998c61d.json,2
2026-10-08T00:05:26.425711+00:00,6S7hdy63jnxmYdXSPuhEYSRDHLqA4953CoKwwT38gHSW,solana,Pump.fun,3ob4tHMgVyyrnZ5GrmoPYQZY2LzGdcx1pdyL8Ks7pump,CHONK,So11111111111111111111111111111111111111112,SOL,2026-10-06T19:23:50Z,3.918614601509398e-06,7837.229204,,2998.1908,120.344467638479,,,0.0,0.0,0.0,0.0,0.0,0.0,0,0,0,0,0,0,0,0,0,0,0,0,0,0,0,0,0,0,0,0,0,0,0,0,0.0,0.0,0.0,0.0,0.0,0.0,snapshot,,,,,,,/home/runner/work/Solana-Memecoin-Analysis/Solana-Memecoin-Analysis/data/cache/2026-10-08/000926987477_multi_pools_1f1dc998c61d.json,2
2026-10-08T00:05:26.425711+00:00,8KNPmXMkZanWVhMsxYkq6eiVqbvRmFkAMuBk2fr4nvDB,solana,Pump.fun,6QneY4d5yEEFYf3eagB4fTndVT6yqDq9UhLbH9CBpump,TopG,So11111111111111111111111111111111111111112,SOL,2026-10-06T19:23:49Z,3.5251581164369142e-06,3525.158116,,2699.2326,120.33822619921462,,,0.0,0.0,0.0,0.0,0.0,0.0,0,0,0,0,0,0,0,0,0,0,0,0,0,0,0,0,0,0,0,0,0,0,0,0,0.0,0.0,0.0,0.0,0.0,0.0,snapshot,,,,,,,/home/runner/work/Solana-Memecoin-Analysis/Solana-Memecoin-Analysis/data/cache/2026-10-08/000926987477_multi_pools_1f1dc998c61d.json,2
2026-10-08T00:05:26.425711+00:00,4UL9wUeEZvV5daChLTT3w6o4WS7tUkm6wACaUmm1U3jR,solana,Pump.fun,Da3pwxRq3kQvuwasdNmwqd6MmJSNdLG52fC5Kx65pump,TICKERZ,So11111111111111111111111111111111111111112,SOL,2026-10-06T19:23:49Z,3.412373276263547e-06,3380.124898,,2588.5465,120.32079628841768,100.0,,0.0,0.0,0.0,0.0,0.0,0.0,0,0,0,0,0,0,0,0,0,0,0,0,0,0,0,0,0,0,0,0,0,0,0,0,0.0,0.0,0.0,0.0,0.0,0.0,snapshot,,,,,,,/home/runner/work/Solana-Memecoin-Analysis/Solana-Memecoin-Analysis/data/cache/2026-10-08/000926987477_multi_pools_1f1dc998c61d.json,2
2026-10-08T00:05:26.425711+00:00,82Qxs4TGfZw5PD7zpUYJzsVbmwm3YwUgNKzh1BNGVzqz,solana,Meteora DBC,2NVnQCtdJZ4khwiHotHsdFs5bWxibQFD9RbcvWshoHjH,rot,So11111111111111111111111111111111111111112,SOL,2026-10-06T19:23:44Z,0.00018234885016138244,182348.8502,,0.0,120.35864263667162,,,0.0,0.0,0.0,0.0,0.0,0.0,0,0,0,0,0,0,0,0,0,0,0,0,0,0,0,0,0,0,0,0,0,0,0,0,0.0,0.0,0.0,0.0,0.0,0.0,snapshot,,,,,,,/home/runner/work/Solana-Memecoin-Analysis/Solana-Memecoin-Analysis/data/cache/2026-10-08/000926987477_multi_pools_1f1dc998c61d.json,2
2026-10-08T00:05:26.425711+00:00,H2CcK24Xj4hgTBRjANesZM8pj7niGZG7j1cpcb8V4wdj,solana,Pump.fun,DmFoerNFwCbD5iadXFzpyBFfHBFu1pfDNogu2giXpump,Mr Beast,So11111111111111111111111111111111111111112,SOL,2026-10-06T19:23:42Z,3.368485371767104e-06,3368.485372,,2576.6611,120.4596607245075,,,0.0,0.0,0.0,0.0,0.0,0.0,0,0,0,0,0,0,0,0,0,0,0,0,0,0,0,0,0,0,0,0,0,0,0,0,0.0,0.0,0.0,0.0,0.0,0.0,snapshot,,,,,,,/home/runner/work/Solana-Memecoin-Analysis/Solana-Memecoin-Analysis/data/cache/2026-10-08/000926987477_multi_pools_1f1dc998c61d.json,2
2026-10-08T00:05:26.425711+00:00,EDNKEYwgT2fqkC6LifqWfvcwFy1aarEi46UsHUFsj4Tk,solana,Pump.fun,BbWxVG41SBjoEYmY7u6L7gqxgtcdrPisvVGYqjiyybVT,Hive,So11111111111111111111111111111111111111112,SOL,2026-10-06T19:30:45Z,3.406710453204443e-06,3406.710453,,2604.5447,120.52256761571361,,,0.0,0.0,0.0,0.0,0.0,0.0,0,0,0,0,0,0,0,0,0,0,0,0,0,0,0,0,0,0,0,0,0,0,0,0,0.0,0.0,0.0,0.0,0.0,0.0,snapshot,,,,,,,/home/runner/work/Solana-Memecoin-Analysis/Solana-Memecoin-Analysis/data/cache/2026-10-08/000926987477_multi_pools_1f1dc998c61d.json,2
2026-10-08T00:05:26.425711+00:00,EJbACEr8UgrntteexJuKHgwMWeoVBTdzT2Kf3BmXMiiz,solana,Pump.fun,7vNEh1mzAT9LhTo2mCeJz6nUfAUzw1QzDvvGquGjpump,BEOK,So11111111111111111111111111111111111111112,SOL,2026-10-06T19:30:41Z,3.3719833759776687e-06,3371.983376,,2578.3342,120.50679375524307,,,0.0,0.0,0.0,0.0,0.0,0.0,0,0,0,0,0,0,0,0,0,0,0,0,0,0,0,0,0,0,0,0,0,0,0,0,0.0,0.0,0.0,0.0,0.0,0.0,snapshot,,,,,,,/home/runner/work/Solana-Memecoin-Analysis/Solana-Memecoin-Analysis/data/cache/2026-10-08/000926987477_multi_pools_1f1dc998c61d.json,2
2026-10-08T00:05:26.425711+00:00,EFDGNVR9MYLbuvi7pofmjLUc6pQ7SgFf1moS1PGYTZFY,solana,Pump.fun,DeiqVYcqVfGKhFQjczkKb1dPKFqcRfA3foDvQCLpump,bsty,So11111111111111111111111111111111111111112,SOL,2026-10-06T19:30:40Z,3.3703029446440388e-06,3370.302945,,2579.4843,120.39270271685096,100.0,,0.0,0.0,0.0,0.0,0.0,0.0,0,0,0,0,0,0,0,0,0,0,0,0,0,0,0,0,0,0,0,0,0,0,0,0,0.0,0.0,0.0,0.0,0.0,0.0,snapshot,,,,,,,/home/runner/work/Solana-Memecoin-Analysis/Solana-Memecoin-Analysis/data/cache/2026-10-08/000926987477_multi_pools_1f1dc998c61d.json,2
2026-10-08T00:05:26.425711+00:00,AHiMu4CgbhDN8y2zUo2LFK66yczrsh6EgaDwcgsNg5Wx,solana,Pump.fun,3CKZ3GEZqPHepU9GzJ2xxBLL1Gf7gvSui8LJ7Q7Xpump,TOKEN.si,So11111111111111111111111111111111111111112,SOL,2026-10-06T19:30:36Z,3.3779408580144704e-06,3377.940858,,2586.2113,120.63100155121172,100.0,,0.0,0.0,0.0,0.0,0.0,0.0,0,0,0,0,0,0,0,0,0,0,0,0,0,0,0,0,0,0,0,0,0,0,0,0,0.0,0.0,0.0,0.0,0.0,0.0,snapshot,,,,,,,/home/runner/work/Solana-Memecoin-Analysis/Solana-Memecoin-Analysis/data/cache/2026-10-08/000926987477_multi_pools_1f1dc998c61d.json,2
2026-10-08T00:05:26.425711+00:00,7wdex1bon7qwijKDvamyVSR5YF5WsKZPHnqVAJrWw6QA,solana,Pump.fun,DK766qWzSvKHpcb2Mh3ArzVRyYWFoWj3pBzf9BDgpump,GROKPAD,So11111111111111111111111111111111111111112,SOL,2026-10-06T19:44:03Z,3.384066621832421e-06,3383.5426915741,,2583.4578,120.69872836083316,100.0,,0.0,0.0,0.0,0.0,0.0,0.0,0,0,0,0,0,0,0,0,0,0,0,0,0,0,0,0,0,0,0,0,0,0,0,0,0.0,0.0,0.0,0.0,0.0,0.0,snapshot,,,,,,,/home/runner/work/Solana-Memecoin-Analysis/Solana-Memecoin-Analysis/data/cache/2026-10-08/000926987477_multi_pools_1f1dc998c61d.json,2
2026-10-08T00:05:26.425711+00:00,7FWyQeLS2mX3dX3vzoMwxRHB299qjDPcdxVTr8QCgQSS,solana,Meteora DBC,HfsKmwX9o3ateJF9UZWHBCnkbkcB1kxgt3fByC2D1Xhd,BORED,So11111111111111111111111111111111111111112,SOL,2026-10-06T19:43:36Z,5.9993651064787335e-05,59993.65106,,0.0,120.50901300350947,100.0,,0.0,0.0,0.0,0.0,0.0,0.0,0,0,0,0,0,0,0,0,0,0,0,0,0,0,0,0,0,0,0,0,0,0,0,0,0.0,0.0,0.0,0.0,0.0,0.0,snapshot,,,,,,,/home/runner/work/Solana-Memecoin-Analysis/Solana-Memecoin-Analysis/data/cache/2026-10-08/000926987477_multi_pools_1f1dc998c61d.json,2
2026-10-08T00:05:26.425711+00:00,5xuqQjXN2f53BSoARfRa59Spq67NezohRpcW8kgRNmD1,solana,Pump.fun,2cTX62yN99DHSHyV6WC34LmJMpRaHKfwKDuKAHp8pump,Hook Inu,So11111111111111111111111111111111111111112,SOL,2026-10-06T19:43:30Z,3.380756628218171e-06,3380.756628,,2576.3126,120.91489642822722,100.0,,0.0,0.0,0.0,0.0,0.0,0.0,0,0,0,0,0,0,0,0,0,0,0,0,0,0,0,0,0,0,0,0,0,0,0,0,0.0,0.0,0.0,0.0,0.0,0.0,snapshot,,,,,,,/home/runner/work/Solana-Memecoin-Analysis/Solana-Memecoin-Analysis/data/cache/2026-10-08/000926987477_multi_pools_1f1dc998c61d.json,2
2026-10-08T00:05:26.425711+00:00,7qNhuMbwv8zCWWee2uHBfXBPDaGv5YFHfMQUyqGrzi3W,solana,Pump.fun,G2HCzBmh2oKCBP6Xhap8t1u6JqERmeEJ7MGw2TLKpump,$SLJK,So11111111111111111111111111111111111111112,SOL,2026-10-06T19:50:12Z,1.5194162612827612e-08,30.38832522,,12.722,120.89228385896826,,,0.0,0.0,0.0,0.0,0.0,0.0,0,0,0,0,0,0,0,0,0,0,0,0,0,0,0,0,0,0,0,0,0,0,0,0,0.0,0.0,0.0,0.0,0.0,0.0,snapshot,,,,,,,/home/runner/work/Solana-Memecoin-Analysis/Solana-Memecoin-Analysis/data/cache/2026-10-08/000926987477_multi_pools_1f1dc998c61d.json,2
2026-10-08T00:05:26.425711+00:00,5o2CUwXSfb4tMkfGgdn1JyStVU4xmocibACxSK7xoDBg,solana,Pump.fun,HSe8gMsykG8S8raVRnH2bDBnKVXDAQp8cz3RmPjepump,$CASH,So11111111111111111111111111111111111111112,SOL,2026-10-06T19:50:07Z,1.902930516047e-07,380.5861032,,158.7874,120.7398222769697,100.0,,0.0,0.0,0.0,0.0,0.0,0.0,0,0,0,0,0,0,0,0,0,0,0,0,0,0,0,0,0,0,0,0,0,0,0,0,0.0,0.0,0.0,0.0,0.0,0.0,snapshot,,,,,,,/home/runner/work/Solana-Memecoin-Analysis/Solana-Memecoin-Analysis/data/cache/2026-10-08/000926987477_multi_pools_1f1dc998c61d.json,2
2026-10-08T00:05:26.425711+00:00,FB2RhSHoneJSb6W4tGHndQBkDPiEZpSCLBCwoTtpk3je,solana,Pump.fun,98XBAGikBKTyhoLwmtC1krxvBAvx9w6zK1dSDcRipump,cashrat,So11111111111111111111111111111111111111112,SOL,2026-10-06T19:50:05Z,3.542519580171551e-06,3542.51958,,2705.0899,120.67058760393627,100.0,,0.0,0.0,0.0,0.0,0.0,0.0,0,0,0,0,0,0,0,0,0,0,0,0,0,0,0,0,0,0,0,0,0,0,0,0,0.0,0.0,0.0,0.0,0.0,0.0,snapshot,,,,,,,/home/runner/work/Solana-Memecoin-Analysis/Solana-Memecoin-Analysis/data/cache/2026-10-08/000926987477_multi_pools_1f1dc998c61d.json,2
2026-10-08T00:05:26.425711+00:00,EJ9ch7j9HhWdyxriTsX1kcx1udb2YGpCNkbcUrDMqSyL,solana,Pump.fun,2hMNAiZab1Gp7QX4HsJhTrxA6XF9BoaCysefCqfQpump,Horse porn,So11111111111111111111111111111111111111112,SOL,2026-10-06T19:50:02Z,3.4000257905197934e-06,3400.025791,,2597.4812,120.61487458792233,100.0,,0.0,0.0,0.0,0.0,0.0,0.0,0,0,0,0,0,0,0,0,0,0,0,0,0,0,0,0,0,0,0,0,0,0,0,0,0.0,0.0,0.0,0.0,0.0,0.0,snapshot,,,,,,,/home/runner/work/Solana-Memecoin-Analysis/Solana-Memecoin-Analysis/data/cache/2026-10-08/000926987477_multi_pools_1f1dc998c61d.json,2
2026-10-08T00:05:26.425711+00:00,33jYrQ5W8YCpp4ZiCaxBb1vZYXwtkHqyTPjpziRjdkVT,solana,Pump.fun,FPPoPxiZR9xj8nHbfmSjnqP15PXWvjbWhkHNoeBApump,DEMOCRACY,So11111111111111111111111111111111111111112,SOL,2026-10-06T19:49:56Z,3.3824512976177945e-06,3382.451298,,2576.3591,120.97502536527136,100.0,,0.0,0.0,0.0,0.0,0.0,0.0,0,0,0,0,0,0,0,0,0,0,0,0,0,0,0,0,0,0,0,0,0,0,0,0,0.0,0.0,0.0,0.0,0.0,0.0,snapshot,,,,,,,/home/runner/work/Solana-Memecoin-Analysis/Solana-Memecoin-Analysis/data/cache/2026-10-08/000926987477_multi_pools_1f1dc998c61d.json,2
2026-10-08T00:05:26.425711+00:00,GYzd18yK9FCg6jwZXgV7aiSjRneyaPNJ6kqDNND5AoCh,solana,Pump.fun,3w6PnWcc9tRpkGoFNCqxCFkEwMmXaDxTZ64u2AoYpump,LUCE,So11111111111111111111111111111111111111112,SOL,2026-10-06T20:00:19Z,3.3800066066447495e-06,3380.006607,,2580.6346,120.68726802823208,100.0,,0.0,0.0,0.0,0.0,0.0,0.0,0,0,0,0,0,0,0,0,0,0,0,0,0,0,0,0,0,0,0,0,0,0,0,0,0.0,0.0,0.0,0.0,0.0,0.0,snapshot,,,,,,,/home/runner/work/Solana-Memecoin-Analysis/Solana-Memecoin-Analysis/data/cache/2026-10-08/000941972676_multi_pools_89d960b2f6f2.json,2
2026-10-08T00:05:26.425711+00:00,FknhFbjDhURe3MLgmJvCZ6FzRVYhz3nGQRzatGu2surX,solana,Pump.fun,3jH5VVPYfLhXj5BN7YktV2kqwukv72LUEdMNusXrpump,party,So11111111111111111111111111111111111111112,SOL,2026-10-06T20:00:10Z,4.848555421612004e-07,969.7110844,,371.1003,120.71477589641424,,,0.0,0.0,0.0,0.0,0.0,0.0,0,0,0,0,0,0,0,0,0,0,0,0,0,0,0,0,0,0,0,0,0,0,0,0,0.0,0.0,0.0,0.0,0.0,0.0,snapshot,,,,,,,/home/runner/work/Solana-Memecoin-Analysis/Solana-Memecoin-Analysis/data/cache/2026-10-08/000941972676_multi_pools_89d960b2f6f2.json,2
2026-10-08T00:05:26.425711+00:00,8pAacsfxeM44Deb9sjNBpZYAFoYYgzRDAptgf5nGT9ZU,solana,Meteora DAMM V2,4vvpXCdrvENqYTHwGV1431dZSyoeo8Joj9vsy5ynpump,Rari,So11111111111111111111111111111111111111112,SOL,2026-10-06T20:00:04Z,0.003789874556754854,3789874.3409232,,0.0116,120.62142630061732,100.0,,0.0,0.0,0.0,0.0,0.0,0.0,0,0,0,0,0,0,0,0,0,0,0,0,0,0,0,0,0,0,0,0,0,0,0,0,0.0,0.0,0.0,0.0,0.0,0.0,snapshot,,,,,,,/home/runner/work/Solana-Memecoin-Analysis/Solana-Memecoin-Analysis/data/cache/2026-10-08/000941972676_multi_pools_89d960b2f6f2.json,2
2026-10-08T00:05:26.425711+00:00,DF4F7h4uGw88uj3CPY3Tm1HBMXAaatZyEDaGyDtuyhVU,solana,Meteora DAMM V2,2dcgVDUR1qFAdXquwJEGYeS3ZbRUuGihLdem7R2jpump,C@T,So11111111111111111111111111111111111111112,SOL,2026-10-06T20:10:51Z,2.710512070722931e-05,27105.12071,,2.11890168908887e-05,121.13835495123989,,,0.0,0.0,0.0,0.0,0.0,0.0,0,0,0,0,0,0,0,0,0,0,0,0,0,0,0,0,0,0,0,0,0,0,0,0,0.0,0.0,0.0,0.0,0.0,0.0,snapshot,,,,,,,/home/runner/work/Solana-Memecoin-Analysis/Solana-Memecoin-Analysis/data/cache/2026-10-08/000941972676_multi_pools_89d960b2f6f2.json,2
2026-10-08T00:05:26.425711+00:00,HC9jTXSoCRQ8vLjeicibiWbhSMqPfzk3SMyKjJTwDLVQ,solana,Pump.fun,aThrfQ9fxv9Pc8KkxR3D5RY6EBwNZ22p6z3HBXfpump,proximalcoast,So11111111111111111111111111111111111111112,SOL,2026-10-06T20:10:47Z,3.4247805471238913e-06,3424.780547,,2608.7461,120.96441130000376,,,0.0,0.0,0.0,0.0,0.0,0.0,0,0,0,0,0,0,0,0,0,0,0,0,0,0,0,0,0,0,0,0,0,0,0,0,0.0,0.0,0.0,0.0,0.0,0.0,snapshot,,,,,,,/home/runner/work/Solana-Memecoin-Analysis/Solana-Memecoin-Analysis/data/cache/2026-10-08/000941972676_multi_pools_89d960b2f6f2.json,2
2026-10-08T00:05:26.425711+00:00,Ldx3fiiHNwpTxGMKNLDhJD9R1YJeovAmtLRwph7t4dv,solana,Pump.fun,6hnVkT9sTuvdsSYQjx5ZhVKLaTqMF2kFC3GK2L5Wpump,HOLDOWEEN,So11111111111111111111111111111111111111112,SOL,2026-10-06T20:10:46Z,1.2949195699621182e-05,12853.7926148463,,0.0,120.81599587718988,,,0.0,0.0,0.0,0.0,0.0,0.0,0,0,0,0,0,0,0,0,0,0,0,0,0,0,0,0,0,0,0,0,0,0,0,0,0.0,0.0,0.0,0.0,0.0,0.0,snapshot,,,,,,,/home/runner/work/Solana-Memecoin-Analysis/Solana-Memecoin-Analysis/data/cache/2026-10-08/000941972676_multi_pools_89d960b2f6f2.json,2
2026-10-08T00:05:26.425711+00:00,3kRLWzaBo1xkZB39K4v3qoBATnyS2dGoKF9wV7ziMS4F,solana,Pump.fun,8YMii5HCXsR8TLXc35dVbYCDgYTQ1djLM2h1tr4gpump,LAMBO,EPjFWdd5AufqSSqeM2qN1xzybapC8G4wEGGkZwyTDt1v,USDC,2026-10-06T20:10:43Z,4.1818667275658695e-06,4181.866728,,3189.457,0.999468131152547,,,0.0,0.0,0.0,0.0,0.0,0.0,0,0,0,0,0,0,0,0,0,0,0,0,0,0,0,0,0,0,0,0,0,0,0,0,0.0,0.0,0.0,0.0,0.0,0.0,snapshot,,,,,,,/home/runner/work/Solana-Memecoin-Analysis/Solana-Memecoin-Analysis/data/cache/2026-10-08/000941972676_multi_pools_89d960b2f6f2.json,2
2026-10-08T00:05:26.425711+00:00,E3RvJkKsR8P1eLbuEm1errKbuZLkz5UbCBHA6vqcy51S,solana,Pump.fun,7d7QYHXX6PwLA98f93Nb9L6X3qBZSKQMVQMx1PVEpump,RARIPOP,So11111111111111111111111111111111111111112,SOL,2026-10-06T20:10:38Z,3.999420483783732e-09,7.998840968,,5.0307,120.76675088134726,100.0,,0.0,0.0,0.0,0.0,0.0,0.0,0,0,0,0,0,0,0,0,0,0,0,0,0,0,0,0,0,0,0,0,0,0,0,0,0.0,0.0,0.0,0.0,0.0,0.0,snapshot,,,,,,,/home/runner/work/Solana-Memecoin-Analysis/Solana-Memecoin-Analysis/data/cache/2026-10-08/000941972676_multi_pools_89d960b2f6f2.json,2
2026-10-08T00:05:26.425711+00:00,4KvchKB3JZvPTUSpDDCVWKXdz6j78dXxJBa1KjJ6YKea,solana,Pump.fun,AcBUsFTSsbsUTRt83hxMzskmPbY7GwGeLdsGmBsBSXKa,fairpay,So11111111111111111111111111111111111111112,SOL,2026-10-06T20:19:58Z,3.393536211422226e-06,3393.536211,,2644.2681,120.97223770285377,100.0,,0.0,0.0,0.0,0.0,0.0,0.0,0,0,0,0,0,0,0,0,0,0,0,0,0,0,0,0,0,0,0,0,0,0,0,0,0.0,0.0,0.0,0.0,0.0,0.0,snapshot,,,,,,,/home/runner/work/Solana-Memecoin-Analysis/Solana-Memecoin-Analysis/data/cache/2026-10-08/000941972676_multi_pools_89d960b2f6f2.json,2
2026-10-08T00:05:26.425711+00:00,7YiT7hhQZDxz3JxYGTuTdW1y4FGXyjHdf9xN6KyYzW32,solana,Pump.fun,Fx4Gep9YK6KKLFoNsZ7Wd1eJwPqDhuZivXANc26KiXsh,JEANPURR,So11111111111111111111111111111111111111112,SOL,2026-10-06T20:19:45Z,3.3853291407067214e-06,3384.6530975893,,2578.0438,120.97424026339716,100.0,,0.0,0.0,0.0,0.0,0.0,0.0,0,0,0,0,0,0,0,0,0,0,0,0,0,0,0,0,0,0,0,0,0,0,0,0,0.0,0.0,0.0,0.0,0.0,0.0,snapshot,,,,,,,/home/runner/work/Solana-Memecoin-Analysis/Solana-Memecoin-Analysis/data/cache/2026-10-08/000941972676_multi_pools_89d960b2f6f2.json,2
2026-10-08T00:05:26.425711+00:00,86M8B5uz2YYkXzp8XoRiJS3PXtdWpomqXXz9RHD8u394,solana,Pump.fun,GHYP4qn24n3yu6U2VFhpPYpoCLCf6kp4863L4QCJpump,FURRARI,So11111111111111111111111111111111111111112,SOL,2026-10-06T20:19:44Z,1.2303089205010477e-09,2.460617842,,2.1145,120.89228385896826,100.0,,0.0,0.0,0.0,0.0,0.0,0.0,0,0,0,0,0,0,0,0,0,0,0,0,0,0,0,0,0,0,0,0,0,0,0,0,0.0,0.0,0.0,0.0,0.0,0.0,snapshot,,,,,,,/home/runner/work/Solana-Memecoin-Analysis/Solana-Memecoin-Analysis/data/cache/2026-10-08/000941972676_multi_pools_89d960b2f6f2.json,2
2026-10-08T00:05:26.425711+00:00,BzPvLaGLzGFxL6KZTtQasVjcRPngWWpRgh8Dr58px9g,solana,Pump.fun,8MaMyjcfJaPqBiGXC1RNN7ucL19RFe3RPTfFVPHapump,ZPad,So11111111111111111111111111111111111111112,SOL,2026-10-06T20:26:26Z,3.384901581256229e-06,3384.901581,,2576.3126,121.06465372098553,100.0,,0.0,0.0,0.0,0.0,0.0,0.0,0,0,0,0,0,0,0,0,0,0,0,0,0,0,0,0,0,0,0,0,0,0,0,0,0.0,0.0,0.0,0.0,0.0,0.0,snapshot,,,,,,,/home/runner/work/Solana-Memecoin-Analysis/Solana-Memecoin-Analysis/data/cache/2026-10-08/000941972676_multi_pools_89d960b2f6f2.json,2
2026-10-08T00:05:26.425711+00:00,EcpcoadTox3EWs3MPomKzQeq5JCj286moGHehL5hMv4g,solana,Meteora DBC,vGh7vBumnMkbiRBVgLSFVN7X8R6Y9Qan71N3HtbMsMj,GULP,So11111111111111111111111111111111111111112,SOL,2026-10-06T20:26:25Z,5.918122667051914e-05,59181.22667,,53948.2159,121.11163992683801,,,0.0,0.0,0.0,0.0,0.0,0.0,0,0,0,0,0,0,0,0,0,0,0,0,0,0,0,0,0,0,0,0,0,0,0,0,0.0,0.0,0.0,0.0,0.0,0.0,snapshot,,,,,,,/home/runner/work/Solana-Memecoin-Analysis/Solana-Memecoin-Analysis/data/cache/2026-10-08/000941972676_multi_pools_89d960b2f6f2.json,2
2026-10-08T00:05:26.425711+00:00,EJXVrorW79PvWJN1pF7bDE52e3xv8L3uWPD3W2Yv6yAY,solana,Pump.fun,Ab6ry7G39EEFmSHiaUqVFxS2BCNtPAaXwbY1weFpump,VRFY,So11111111111111111111111111111111111111112,SOL,2026-10-06T20:26:23Z,3.38060880325678e-06,3380.608803,,2576.2545,120.91382276950269,100.0,,0.0,0.0,0.0,0.0,0.0,0.0,0,0,0,0,0,0,0,0,0,0,0,0,0,0,0,0,0,0,0,0,0,0,0,0,0.0,0.0,0.0,0.0,0.0,0.0,snapshot,,,,,,,/home/runner/work/Solana-Memecoin-Analysis/Solana-Memecoin-Analysis/data/cache/2026-10-08/000941972676_multi_pools_89d960b2f6f2.json,2
2026-10-08T00:05:26.425711+00:00,CgF5WeN38XrcApm1maqSmy8SepcLK4vs7LR4NCwPzKCZ,solana,Meteora DAMM V2,GpRVu3VP1zwT5LwjHbwTYh6R3QfL4wirSSuBkgkdW6nJ,RARI,So11111111111111111111111111111111111111112,SOL,2026-10-06T20:26:16Z,1.4015147168986323e-05,13953.4434994246,,22596.3017,120.99433438304656,,,0.0,0.0,0.0,0.0,0.0,0.0,0,0,0,0,0,0,0,0,0,0,0,0,0,0,0,0,0,0,0,0,0,0,0,0,0.0,0.0,0.0,0.0,0.0,0.0,snapshot,,,,,,,/home/runner/work/Solana-Memecoin-Analysis/Solana-Memecoin-Analysis/data/cache/2026-10-08/000941972676_multi_pools_89d960b2f6f2.json,2
2026-10-08T00:05:26.425711+00:00,CbcvMsbLjZMLVwkPrt47xgBSw43FSHR7yUgyM3B3YFBU,solana,Pump.fun,2skTY5zZR593dJm6qqXrFhbr9hDttaqQxDunLhLtpump,DARUMA,So11111111111111111111111111111111111111112,SOL,2026-10-06T20:26:04Z,6.342357071505183e-09,12.684714144,,7.0291,121.16341942515548,,,0.0,0.0,0.0,0.0,0.0,0.0,0,0,0,0,0,0,0,0,0,0,0,0,0,0,0,0,0,0,0,0,0,0,0,0,0.0,0.0,0.0,0.0,0.0,0.0,snapshot,,,,,,,/home/runner/work/Solana-Memecoin-Analysis/Solana-Memecoin-Analysis/data/cache/2026-10-08/000941972676_multi_pools_89d960b2f6f2.json,2
2026-10-08T00:05:26.425711+00:00,7FYuCazxSTXhacBKpjiztkX72a3JbjUeYxQcqUaZSGU4,solana,Pump.fun,Bcxw6ciaTBuMKPX5xWd2oeY32SysSxYrzoVYVJhPXZ66,RCAT,So11111111111111111111111111111111111111112,SOL,2026-10-06T20:26:03Z,3.4656264064147147e-06,3465.626406,,2737.4585,120.67832602481091,,,0.0,0.0,0.0,0.0,0.0,0.0,0,0,0,0,0,0,0,0,0,0,0,0,0,0,0,0,0,0,0,0,0,0,0,0,0.0,0.0,0.0,0.0,0.0,0.0,snapshot,,,,,,,/home/runner/work/Solana-Memecoin-Analysis/Solana-Memecoin-Analysis/data/cache/2026-10-08/000941972676_multi_pools_89d960b2f6f2.json,2
2026-10-08T00:05:26.425711+00:00,Cesyt2kQLJpzuva4CL7n6b57WXGbnz427r1tuGNMbWFn,solana,Pump.fun,5BGn5ks67chJeiHVxgs5MnepjQbFJjBazecm8gb8pump,BYN,So11111111111111111111111111111111111111112,SOL,2026-10-06T20:25:58Z,3.3870572696945607e-06,3387.05727,,2581.3782,120.90400519508617,,,0.0,0.0,0.0,0.0,0.0,0.0,0,0,0,0,0,0,0,0,0,0,0,0,0,0,0,0,0,0,0,0,0,0,0,0,0.0,0.0,0.0,0.0,0.0,0.0,snapshot,,,,,,,/home/runner/work/Solana-Memecoin-Analysis/Solana-Memecoin-Analysis/data/cache/2026-10-08/000941972676_multi_pools_89d960b2f6f2.json,2
2026-10-08T00:05:26.425711+00:00,Een5e9cKJmtfAC1mxmMXerY1A4JhpdRWh8QnRnMoERUA,solana,Pump.fun,Gdob5vhGMGrFj6oSbh7P7ZkUhJo3CwoGaFrXpwPMpump,HORSE,So11111111111111111111111111111111111111112,SOL,2026-10-06T20:25:53Z,3.42526924493458e-06,3425.269245,,2608.3327,121.00482251464061,,,0.0,0.0,0.0,0.0,0.0,0.0,0,0,0,0,0,0,0,0,0,0,0,0,0,0,0,0,0,0,0,0,0,0,0,0,0.0,0.0,0.0,0.0,0.0,0.0,snapshot,,,,,,,/home/runner/work/Solana-Memecoin-Analysis/Solana-Memecoin-Analysis/data/cache/2026-10-08/000941972676_multi_pools_89d960b2f6f2.json,2
2026-10-08T00:05:26.425711+00:00,4VCwon33UPgPG63SzguGgW57mjoUKrzsGNHHGUPMWCgx,solana,Pump.fun,GpXNqLYzfUJebbWNiAxDwSLN6RUk5Z4bgkV2Jbthpump,Pyramid,So11111111111111111111111111111111111111112,SOL,2026-10-06T20:25:48Z,3.42538630790669e-06,3425.386308,,2605.5094,121.14024074230878,100.0,,0.0,0.0,0.0,0.0,0.0,0.0,0,0,0,0,0,0,0,0,0,0,0,0,0,0,0,0,0,0,0,0,0,0,0,0,0.0,0.0,0.0,0.0,0.0,0.0,snapshot,,,,,,,/home/runner/work/Solana-Memecoin-Analysis/Solana-Memecoin-Analysis/data/cache/2026-10-08/000941972676_multi_pools_89d960b2f6f2.json,2
2026-10-08T00:05:26.425711+00:00,Fsr3r9tX49XYnNxcGTcWPPYr6EaTr6BVmKESgA9KMQsG,solana,Pump.fun,E7TmwsZwHj9fi5Bs5DMXCyhtLxehmN6GhJupkFo6pump,money,EPjFWdd5AufqSSqeM2qN1xzybapC8G4wEGGkZwyTDt1v,USDC,2026-10-06T20:39:09Z,4.000600082529772e-06,4000.600083,,3043.2331,0.9994536993824553,,,0.0,0.0,0.0,0.0,0.0,0.0,0,0,0,0,0,0,0,0,0,0,0,0,0,0,0,0,0,0,0,0,0,0,0,0,0.0,0.0,0.0,0.0,0.0,0.0,snapshot,,,,,,,/home/runner/work/Solana-Memecoin-Analysis/Solana-Memecoin-Analysis/data/cache/2026-10-08/000941972676_multi_pools_89d960b2f6f2.json,2
2026-10-08T00:05:26.425711+00:00,8MJwNBus9Nh14MjPt9SN3eJpe7ABBJ1TMG6w8kLGNFMg,solana,Pump.fun,CMcptmw5Go8UAEx1fuQbSTwkJaKVcaHeKismr6R2pump,Auralized,So11111111111111111111111111111111111111112,SOL,2026-10-06T20:39:03Z,3.4074646438367302e-06,3407.464644,,2593.287,121.07402095895883,,,0.0,0.0,0.0,0.0,0.0,0.0,0,0,0,0,0,0,0,0,0,0,0,0,0,0,0,0,0,0,0,0,0,0,0,0,0.0,0.0,0.0,0.0,0.0,0.0,snapshot,,,,,,,/home/runner/work/Solana-Memecoin-Analysis/Solana-Memecoin-Analysis/data/cache/2026-10-08/000941972676_multi_pools_89d960b2f6f2.json,2
2026-10-08T00:05:26.425711+00:00,DZv4X2Yw3JiUcVoc48ddDfmp2w9mfx8TVfc5V81CdozT,solana,Meteora DAMM V2,Gj5f5q6XCHJ8gPSRQe81kfnELaARGnUTGLt6KEGHWc9s,RARI,So11111111111111111111111111111111111111112,SOL,2026-10-06T20:38:57Z,8.86692783112156e-05,88669.27831,,0.0003423173311,121.01092593808193,,,0.0,0.0,0.0,0.0,0.0,0.0,0,0,0,0,0,0,0,0,0,0,0,0,0,0,0,0,0,0,0,0,0,0,0,0,0.0,0.0,0.0,0.0,0.0,0.0,snapshot,,,,,,,/home/runner/work/Solana-Memecoin-Analysis/Solana-Memecoin-Analysis/data/cache/2026-10-08/000941972676_multi_pools_89d960b2f6f2.json,2
2026-10-08T00:05:26.425711+00:00,Fx7bRTCjonFjqVK5fhWFDi3LHJvCvPM4ZptECdBgF2HR,solana,Pump.fun,E96gqcyTUPd5kQsMTdx8DiJu36f57uP4KTEHfn9tmChR,GTAV,So11111111111111111111111111111111111111112,SOL,2026-10-06T20:38:55Z,3.4225264128323453e-06,3422.526413,,2606.5038,120.98872170566183,,,0.0,0.0,0.0,0.0,0.0,0.0,0,0,0,0,0,0,0,0,0,0,0,0,0,0,0,0,0,0,0,0,0,0,0,0,0.0,0.0,0.0,0.0,0.0,0.0,snapshot,,,,,,,/home/runner/work/Solana-Memecoin-Analysis/Solana-Memecoin-Analysis/data/cache/2026-10-08/000941972676_multi_pools_89d960b2f6f2.json,2
2026-10-08T00:05:26.425711+00:00,7z3vdZNNLgQ4qvpB3TukQtFy6G8sHMhmg5pW6QvCNdJZ,solana,Pump.fun,8tVh1euezuDx3k1kHv9ayNUbUkGqTj14zUhuU1jcpump,🚀,So11111111111111111111111111111111111111112,SOL,2026-10-06T20:38:53Z,4.975211048321996e-06,9950.422096,,3851.6429,118.77849028939949,,,0.0,0.0,0.0,0.0,0.0,1.1731206293,0,0,0,0,0,0,0,0,0,0,0,0,0,0,0,0,0,0,0,0,0,1,0,1,0.0,0.0,0.0,0.0,0.0,0.0,snapshot,,,,,,,/home/runner/work/Solana-Memecoin-Analysis/Solana-Memecoin-Analysis/data/cache/2026-10-08/000941972676_multi_pools_89d960b2f6f2.json,2
2026-10-08T00:05:26.425711+00:00,EjMndUbAMKnLEW5nwiAdV3y5AWrfJsNyCsmCrY4S592y,solana,Pump.fun,Fy2pyiWLq129or1bsPb1o3X6e662kTAbuzpqd5Gppump,RARI,So11111111111111111111111111111111111111112,SOL,2026-10-06T20:50:18Z,1.6710000511309154e-08,33.42000102,,13.8602,121.05223609517209,,,0.0,0.0,0.0,0.0,0.0,0.0,0,0,0,0,0,0,0,0,0,0,0,0,0,0,0,0,0,0,0,0,0,0,0,0,0.0,0.0,0.0,0.0,0.0,0.0,snapshot,,,,,,,/home/runner/work/Solana-Memecoin-Analysis/Solana-Memecoin-Analysis/data/cache/2026-10-08/000941972676_multi_pools_89d960b2f6f2.json,2
2026-10-08T00:05:26.425711+00:00,HUeH5wDdF1bXoFzARAjqCCdE4pqfXexRTGjPr1B1UACD,solana,PumpSwap,HNpXP6T3AKy3wep4SWbvjfUGmTjEoRa2pSiU5hbhy7LW,RARI,So11111111111111111111111111111111111111112,SOL,2026-10-06T20:56:02Z,0.004124602055411656,4124602.055,,6.510527593e-07,120.56988906906247,100.0,,0.0,0.0,0.0,0.0,0.0,1.663864469e-05,0,0,0,0,0,0,0,0,0,0,0,0,0,0,0,0,0,0,0,0,1,0,1,0,0.0,0.0,0.0,0.0,0.0,0.0,snapshot,,,,,,,/home/runner/work/Solana-Memecoin-Analysis/Solana-Memecoin-Analysis/data/cache/2026-10-08/000941972676_multi_pools_89d960b2f6f2.json,2
2026-10-08T00:05:26.425711+00:00,C1zhD4dievEBcZqyDV3EZGFX9eJ3BRmBcnHqS9xhEvGK,solana,Bags.fm,EZm8CDKhnvKp1rfA2zeLAF4qKB6MDstYdAzCGWHABAGS,HORSE,So11111111111111111111111111111111111111112,SOL,2026-10-06T20:56:01Z,3.635452430940894e-05,36354.52431,,34921.2165,120.94779901569055,,,0.0,0.0,0.0,0.0,0.0,0.0,0,0,0,0,0,0,0,0,0,0,0,0,0,0,0,0,0,0,0,0,0,0,0,0,0.0,0.0,0.0,0.0,0.0,0.0,snapshot,,,,,,,/home/runner/work/Solana-Memecoin-Analysis/Solana-Memecoin-Analysis/data/cache/2026-10-08/000941972676_multi_pools_89d960b2f6f2.json,2
2026-10-08T00:05:26.425711+00:00,CGBjpGcyVkmHZaQ1TWMvAzqr3HNQCepcXH75VeT78qEs,solana,Pump.fun,9ghGa73aRWUd2oL4k3YA2A6aY23wZzVw2qd9PHnSpump,ASPHIAL,So11111111111111111111111111111111111111112,SOL,2026-10-06T20:56:00Z,3.3790763001864857e-06,3379.0763,,2576.3204,120.8519911943457,,,0.0,0.0,0.0,0.0,0.0,0.0,0,0,0,0,0,0,0,0,0,0,0,0,0,0,0,0,0,0,0,0,0,0,0,0,0.0,0.0,0.0,0.0,0.0,0.0,snapshot,,,,,,,/home/runner/work/Solana-Memecoin-Analysis/Solana-Memecoin-Analysis/data/cache/2026-10-08/000941972676_multi_pools_89d960b2f6f2.json,2
2026-10-08T00:05:26.425711+00:00,Gqu89moJdF6K2t5mP7BRM6UCTtVx8hJNc2yXLHEP1F3K,solana,Pump.fun,C1A61Mh1vpZtA34LRSLAXD9Fr829VCTQ8H12331ppump,MACRON,So11111111111111111111111111111111111111112,SOL,2026-10-06T20:55:38Z,5.487836457795752e-08,109.75672916,,41.9726,120.96097894068858,,,0.0,0.0,0.0,0.0,0.0,0.0,0,0,0,0,0,0,0,0,0,0,0,0,0,0,0,0,0,0,0,0,0,0,0,0,0.0,0.0,0.0,0.0,0.0,0.0,snapshot,,,,,,,/home/runner/work/Solana-Memecoin-Analysis/Solana-Memecoin-Analysis/data/cache/2026-10-08/000941972676_multi_pools_89d960b2f6f2.json,2
2026-10-08T00:05:26.425711+00:00,CHQ5CAEGDj5aREtyivnjk3CmNJZiWJhaXTKDGNpvKE7p,solana,Meteora DAMM V2,BQxzR4pLkDw46gzbrkRjFuUSsgvN5BhTWHh6EXUwf3F,BINDER,So11111111111111111111111111111111111111112,SOL,2026-10-06T15:00:28Z,3.269200786620974e-05,31057.2888239014,0.0,25364.8579,116.10043102391067,100.0,,0.0,1.8416758274,46.9983390817,355.432079082,4359.2535504556,58496.2894141069,0,0,0,0,1,0,1,0,2,1,2,1,6,5,5,5,57,52,28,49,550,563,251,398,0.0,0.0,-0.755,2.667,-35.561,-73.603,snapshot,,,,,,,/home/runner/work/Solana-Memecoin-Analysis/Solana-Memecoin-Analysis/data/cache/2026-10-08/000956957042_multi_pools_0488cad1de13.json,2
2026-10-08T00:05:26.425711+00:00,3iXNLv6GVt2U6r346YHJaXnVNsrPaPXF8jshvm91bZBq,solana,Pump.fun,4tJh4vi5n1ghrnbDE5qT2ZtWcvFLgFk6KpGz48L4pump,BetOnBlak,So11111111111111111111111111111111111111112,SOL,2026-10-06T21:06:41Z,3.738411420165576e-07,747.682284,,293.4454,120.9288143156966,,,0.0,0.0,0.0,0.0,0.0,0.0,0,0,0,0,0,0,0,0,0,0,0,0,0,0,0,0,0,0,0,0,0,0,0,0,0.0,0.0,0.0,0.0,0.0,0.0,snapshot,,,,,,,/home/runner/work/Solana-Memecoin-Analysis/Solana-Memecoin-Analysis/data/cache/2026-10-08/000956957042_multi_pools_0488cad1de13.json,2
2026-10-08T00:05:26.425711+00:00,3CaUXxWDnuTbodFDuV9WqUwQvdKJy3nXoWoqRhGD8gSx,solana,Pump.fun,DBvjJorTAFaQqfBwHDhKQ66dJMprwX7aAXvdVk8zpump,Mayhem,EPjFWdd5AufqSSqeM2qN1xzybapC8G4wEGGkZwyTDt1v,USDC,2026-10-06T21:06:40Z,6.966067832495038e-06,13932.135664,,4916.0535,0.9996431466651282,,,0.0,0.0,0.0,0.0,0.0,0.0,0,0,0,0,0,0,0,0,0,0,0,0,0,0,0,0,0,0,0,0,0,0,0,0,0.0,0.0,0.0,0.0,0.0,0.0,snapshot,,,,,,,/home/runner/work/Solana-Memecoin-Analysis/Solana-Memecoin-Analysis/data/cache/2026-10-08/000956957042_multi_pools_0488cad1de13.json,2
2026-10-08T00:05:26.425711+00:00,5BQRQmxWUYW16mFgES8J2UeYP73U6QYHr4qBc53V1AJo,solana,PumpSwap,HXrY7SKQgVfZXcVbxpbfdm9x1G2xtCNUWkePRmTLpump,gomoyin,So11111111111111111111111111111111111111112,SOL,2026-10-06T21:06:36Z,2.6724263917802814e-06,2406.1383118615,,2728.248,115.61185828381264,100.0,,0.0,0.0,0.0,0.0,0.5710369115,32.1589106444,0,0,0,0,0,0,0,0,0,0,0,0,0,0,0,0,1,0,1,0,3,14,3,9,0.0,0.0,0.0,0.0,0.0,-2.719,snapshot,,,,,,,/home/runner/work/Solana-Memecoin-Analysis/Solana-Memecoin-Analysis/data/cache/2026-10-08/000956957042_multi_pools_0488cad1de13.json,2
2026-10-08T00:05:26.425711+00:00,2thRt62tuDb2Hm6zze9S9oZD2cueF23w7nYmJ9j8wD2S,solana,Pump.fun,CNgKJv75rL3qB53A9ygghEnFTBbSbyXdcowa8g4Pfees,SWITCH,So11111111111111111111111111111111111111112,SOL,2026-10-06T21:06:33Z,4.963670476621685e-05,38656.9549686513,,0.0,120.94949222879855,,,0.0,0.0,0.0,0.0,0.0,0.0,0,0,0,0,0,0,0,0,0,0,0,0,0,0,0,0,0,0,0,0,0,0,0,0,0.0,0.0,0.0,0.0,0.0,0.0,snapshot,,,,,,,/home/runner/work/Solana-Memecoin-Analysis/Solana-Memecoin-Analysis/data/cache/2026-10-08/000956957042_multi_pools_0488cad1de13.json,2
2026-10-08T00:05:26.425711+00:00,H3QWhfbQTCwAfhc9692ZXFnMYoWFp5GdKMm2XN1dKMiP,solana,Meteora DAMM V2,4AmtMNnXJTyai4tr4QvT73QvRRWmYbKtEytW6TGeMR3H,CHONK,So11111111111111111111111111111111111111112,SOL,2026-10-06T21:06:19Z,0.014027116546679663,14027116.55,,0.0116,120.51385246095785,,,0.0,0.0,0.0,0.0,0.0,0.008949479198,0,0,0,0,0,0,0,0,0,0,0,0,0,0,0,0,0,0,0,0,1,1,1,1,0.0,0.0,0.0,0.0,0.0,23.312,snapshot,,,,,,,/home/runner/work/Solana-Memecoin-Analysis/Solana-Memecoin-Analysis/data/cache/2026-10-08/000956957042_multi_pools_0488cad1de13.json,2
2026-10-08T00:05:26.425711+00:00,9GAN3Hi7S1yiXoHhnSvr9Jn5xFHQnswvCxZDsyLYFdCZ,solana,Pump.fun,GDUarq42ZGoJpvS3wmn3ajVxeP2onWVyP9isw2VDGRjB,CHRISTA,So11111111111111111111111111111111111111112,SOL,2026-10-06T21:17:32Z,3.378254283982665e-06,3378.254284,,2575.2712,120.79657764584267,,,0.0,0.0,0.0,0.0,0.0,0.0,0,0,0,0,0,0,0,0,0,0,0,0,0,0,0,0,0,0,0,0,0,0,0,0,0.0,0.0,0.0,0.0,0.0,0.0,snapshot,,,,,,,/home/runner/work/Solana-Memecoin-Analysis/Solana-Memecoin-Analysis/data/cache/2026-10-08/000956957042_multi_pools_0488cad1de13.json,2
2026-10-08T00:05:26.425711+00:00,4Xi5VCVyEVPg3gd2o8gwt7uTUAHumer61eeCzBMzBStJ,solana,PumpSwap,73t2UWhD2ZckKtQXVvhydST8AtkgZFeSBn9zkTKGpump,Ai Army,So11111111111111111111111111111111111111112,SOL,2026-10-06T21:17:30Z,5.350966834670294e-10,1.8154064502,,2.3584,120.96042610869628,100.0,,0.0,0.0,0.0,0.0,0.0,0.0,0,0,0,0,0,0,0,0,0,0,0,0,0,0,0,0,0,0,0,0,0,0,0,0,0.0,0.0,0.0,0.0,0.0,0.0,snapshot,,,,,,,/home/runner/work/Solana-Memecoin-Analysis/Solana-Memecoin-Analysis/data/cache/2026-10-08/000956957042_multi_pools_0488cad1de13.json,2
2026-10-08T00:05:26.425711+00:00,21tMfNH5w2qD9Av5yAvvz9rY1h1GbVepLsnw18zLz58m,solana,Bags.fm,4FGBzD3UJETjXKbUFUpL9GTwJ65Rub5v6ii8xrg9BAGS,CELEB,So11111111111111111111111111111111111111112,SOL,2026-10-06T21:17:28Z,3.546728236940112e-05,35467.28237,,34860.0341,118.12950674981052,,,0.0,0.0,0.0,0.0,0.0,1.1345156647,0,0,0,0,0,0,0,0,0,0,0,0,0,0,0,0,0,0,0,0,0,1,0,1,0.0,0.0,0.0,0.0,0.0,0.0,snapshot,,,,,,,/home/runner/work/Solana-Memecoin-Analysis/Solana-Memecoin-Analysis/data/cache/2026-10-08/000956957042_multi_pools_0488cad1de13.json,2
2026-10-08T00:05:26.425711+00:00,CNQu344By5gD7HkfUrdjtoCaG1S6USzzi2KYaJzxJPH8,solana,Pump.fun,4Lc9Mhzopa4PVGMzrczwdAMQhgEkGvxHxvnGYvxfpump,COH,So11111111111111111111111111111111111111112,SOL,2026-10-06T21:17:27Z,3.377225638682594e-06,3377.225639,,2575.3525,120.75621322588756,,,0.0,0.0,0.0,0.0,0.0,0.0,0,0,0,0,0,0,0,0,0,0,0,0,0,0,0,0,0,0,0,0,0,0,0,0,0.0,0.0,0.0,0.0,0.0,0.0,snapshot,,,,,,,/home/runner/work/Solana-Memecoin-Analysis/Solana-Memecoin-Analysis/data/cache/2026-10-08/000956957042_multi_pools_0488cad1de13.json,2
2026-10-08T00:05:26.425711+00:00,CNj9zYPh2s8tX3XkzV3cMXdVRSNVTSyZpQUZpyB1CpHf,solana,Pump.fun,5YGqfQ2FmD2HmpedqgFWzsce9bx5m1MRhXG6VbEtpump,GOAT,So11111111111111111111111111111111111111112,SOL,2026-10-06T21:17:27Z,3.3895480251052747e-06,3389.548025,,2586.4755,120.67525404134751,100.0,,0.0,0.0,0.0,0.0,0.0,0.0,0,0,0,0,0,0,0,0,0,0,0,0,0,0,0,0,0,0,0,0,0,0,0,0,0.0,0.0,0.0,0.0,0.0,0.0,snapshot,,,,,,,/home/runner/work/Solana-Memecoin-Analysis/Solana-Memecoin-Analysis/data/cache/2026-10-08/000956957042_multi_pools_0488cad1de13.json,2
2026-10-08T00:05:26.425711+00:00,5WkvYrc4GGkSZkyzWV1aChTkHrdDr1qSxXkxMgzbA4G8,solana,Meteora DBC,CM5BQ8KC86ESsATc8pNLaJFVvFWaAecDFS3fCKqwSmUg,Signs,So11111111111111111111111111111111111111112,SOL,2026-10-06T21:17:22Z,5.4892201588149584e-12,0.005489220159,,0.0,120.76282592892574,,,0.0,0.0,0.0,0.0,0.0,0.0,0,0,0,0,0,0,0,0,0,0,0,0,0,0,0,0,0,0,0,0,0,0,0,0,0.0,0.0,0.0,0.0,0.0,0.0,snapshot,,,,,,,/home/runner/work/Solana-Memecoin-Analysis/Solana-Memecoin-Analysis/data/cache/2026-10-08/000956957042_multi_pools_0488cad1de13.json,2
2026-10-08T00:05:26.425711+00:00,3sbyRmSqE3vRopW1mCY2XcZyVeMhpkhk2qpqYah9Dcrh,solana,Pump.fun,4vukNLfHYCBvUm3ZehuxPvXQxWXritfDnqmTLtx57g8T,OLD,So11111111111111111111111111111111111111112,SOL,2026-10-06T21:24:54Z,3.391181784618659e-06,3391.181785,,2584.8849,120.80803735784598,,,0.0,0.0,0.0,0.0,0.0,0.0,0,0,0,0,0,0,0,0,0,0,0,0,0,0,0,0,0,0,0,0,0,0,0,0,0.0,0.0,0.0,0.0,0.0,0.0,snapshot,,,,,,,/home/runner/work/Solana-Memecoin-Analysis/Solana-Memecoin-Analysis/data/cache/2026-10-08/000956957042_multi_pools_0488cad1de13.json,2
2026-10-08T00:05:26.425711+00:00,FV3tordRiEuFzRnvs6VywMmHZgY1TjDeZrSWCkk8GPvS,solana,PumpSwap,66GNfKtAkyMCW3EGkhfRcbcef3R153TPMVz9z682pump,KOLVIEW,So11111111111111111111111111111111111111112,SOL,2026-10-06T21:24:54Z,2.289610055196313e-06,2199.283502138,,2342.6863,116.3180229936068,100.0,,0.0,0.0,0.0,0.0,0.0,11.1338449276,0,0,0,0,0,0,0,0,0,0,0,0,0,0,0,0,0,0,0,0,1,3,1,3,0.0,0.0,0.0,0.0,0.0,-3.856,snapshot,,,,,,,/home/runner/work/Solana-Memecoin-Analysis/Solana-Memecoin-Analysis/data/cache/2026-10-08/000956957042_multi_pools_0488cad1de13.json,2
2026-10-08T00:05:26.425711+00:00,5cCmF7eeY4B1GkgsJvzBDfHt3S4eE3Ztbqg2Q5sSV3HB,solana,Pump.fun,8XKLFjwYZHCGLPDhyMzyd3meeCe6fhL5zT2tYmtUpump,4,So11111111111111111111111111111111111111112,SOL,2026-10-06T21:24:52Z,1.8583547888384308e-07,371.6709578,,118.7424,120.8377239049256,,,0.0,0.0,0.0,0.0,0.0,0.0,0,0,0,0,0,0,0,0,0,0,0,0,0,0,0,0,0,0,0,0,0,0,0,0,0.0,0.0,0.0,0.0,0.0,0.0,snapshot,,,,,,,/home/runner/work/Solana-Memecoin-Analysis/Solana-Memecoin-Analysis/data/cache/2026-10-08/000956957042_multi_pools_0488cad1de13.json,2
2026-10-08T00:05:26.425711+00:00,D5QPvNS2kYNskHPeyPYimgyWG5NWNqn8zRbAq82xvkz6,solana,Pump.fun,AuyKRWMR4FFHChhQi5UEp7VDAJtNu7kxVJsZyrZKpump,wif,So11111111111111111111111111111111111111112,SOL,2026-10-06T21:24:52Z,3.5009358771842507e-06,3500.935877,,2663.4543,121.03852102978131,,,0.0,0.0,0.0,0.0,0.0,0.0,0,0,0,0,0,0,0,0,0,0,0,0,0,0,0,0,0,0,0,0,0,0,0,0,0.0,0.0,0.0,0.0,0.0,0.0,snapshot,,,,,,,/home/runner/work/Solana-Memecoin-Analysis/Solana-Memecoin-Analysis/data/cache/2026-10-08/000956957042_multi_pools_0488cad1de13.json,2
2026-10-08T00:05:26.425711+00:00,Hm13cnHsqB9hGTsK1imNqkTP9AuyDdcRn84FoMema9GM,solana,Pump.fun,AfbEAg1uXyUwDs7bcuZAi1yKeatLFcZdfaa5A463pump,LONG,So11111111111111111111111111111111111111112,SOL,2026-10-06T21:24:52Z,3.4144825516239296e-06,3414.482552,,2599.4979,121.04897397161935,,,0.0,0.0,0.0,0.0,0.0,0.0,0,0,0,0,0,0,0,0,0,0,0,0,0,0,0,0,0,0,0,0,0,0,0,0,0.0,0.0,0.0,0.0,0.0,0.0,snapshot,,,,,,,/home/runner/work/Solana-Memecoin-Analysis/Solana-Memecoin-Analysis/data/cache/2026-10-08/000956957042_multi_pools_0488cad1de13.json,2
2026-10-08T00:05:26.425711+00:00,2PqScNaVHNfxbnUqFia4sXXRjHwVSajWfJgTpVdLF1eA,solana,Meteora DAMM V2,FeYKzereyCZMv8QTL5rm4bCSs8HagbGymQB9Ne4Hkdth,Signs,So11111111111111111111111111111111111111112,SOL,2026-10-06T21:24:48Z,1.1445549910918657e-05,11445.4758828101,,8.573420904e-06,120.74543088910978,,,0.0,0.0,0.0,0.0,0.0,0.0,0,0,0,0,0,0,0,0,0,0,0,0,0,0,0,0,0,0,0,0,0,0,0,0,0.0,0.0,0.0,0.0,0.0,0.0,snapshot,,,,,,,/home/runner/work/Solana-Memecoin-Analysis/Solana-Memecoin-Analysis/data/cache/2026-10-08/000956957042_multi_pools_0488cad1de13.json,2
2026-10-08T00:05:26.425711+00:00,GPAgNcM55QJrnYdcMKn17sbCkkJgvVeMbj6Xv9sjMbcN,solana,Pump.fun,FHkhEbmP9qwuVXo1vFChLrmaVqvhxNjqN92KQXQrXiSe,ZKAI,So11111111111111111111111111111111111111112,SOL,2026-10-06T21:24:45Z,3.466043775797863e-06,3466.043776,,2709.2817,120.78807961776705,,,0.0,0.0,0.0,0.0,0.0,0.0,0,0,0,0,0,0,0,0,0,0,0,0,0,0,0,0,0,0,0,0,0,0,0,0,0.0,0.0,0.0,0.0,0.0,0.0,snapshot,,,,,,,/home/runner/work/Solana-Memecoin-Analysis/Solana-Memecoin-Analysis/data/cache/2026-10-08/000956957042_multi_pools_0488cad1de13.json,2
2026-10-08T00:05:26.425711+00:00,exRepSMJRHJSsynJKNUDhGdT1rqpmiG2CTe1DoF53Uk,solana,Pump.fun,Gd4fVB6uLZm5c3sSBs2pMTkHwwRsZhVnv6T31Ut1pump,Chara,So11111111111111111111111111111111111111112,SOL,2026-10-06T21:24:45Z,3.3770844295616802e-06,3377.08443,,2574.6675,120.78295441085052,,,0.0,0.0,0.0,0.0,0.0,0.0,0,0,0,0,0,0,0,0,0,0,0,0,0,0,0,0,0,0,0,0,0,0,0,0,0.0,0.0,0.0,0.0,0.0,0.0,snapshot,,,,,,,/home/runner/work/Solana-Memecoin-Analysis/Solana-Memecoin-Analysis/data/cache/2026-10-08/000956957042_multi_pools_0488cad1de13.json,2
2026-10-08T00:05:26.425711+00:00,BVKVJGPcenMxKfY921k236UE8qGQdHZgNwnAHuGwEJTK,solana,Pump.fun,BP3xDQWPw8TZvYJFVZn6GUg9jnEWdPWd3DQvY92Bpump,Chara,So11111111111111111111111111111111111111112,SOL,2026-10-06T21:24:45Z,3.375060672945914e-06,3375.060673,,2574.6675,120.71057383874488,,,0.0,0.0,0.0,0.0,0.0,0.0,0,0,0,0,0,0,0,0,0,0,0,0,0,0,0,0,0,0,0,0,0,0,0,0,0.0,0.0,0.0,0.0,0.0,0.0,snapshot,,,,,,,/home/runner/work/Solana-Memecoin-Analysis/Solana-Memecoin-Analysis/data/cache/2026-10-08/000956957042_multi_pools_0488cad1de13.json,2
2026-10-08T00:05:26.425711+00:00,9SE7T7AfFkpnAT5ju8Re6P19UuBjUNFiMxHeEqHHUMb3,solana,Pump.fun,8xYqtstK3UkiJhJBMT6ZbTCacwaX7VeoXgCFpuMcCu2F,KOLVIEW,So11111111111111111111111111111111111111112,SOL,2026-10-06T21:24:36Z,3.3771908879176663e-06,3377.190888,,0.1161,120.78688423893706,100.0,,0.0,0.0,0.0,0.0,0.0,0.0,0,0,0,0,0,0,0,0,0,0,0,0,0,0,0,0,0,0,0,0,0,0,0,0,0.0,0.0,0.0,0.0,0.0,0.0,snapshot,,,,,,,/home/runner/work/Solana-Memecoin-Analysis/Solana-Memecoin-Analysis/data/cache/2026-10-08/000956957042_multi_pools_0488cad1de13.json,2
2026-10-08T00:05:26.425711+00:00,HvG1h6RTd3vTcmqUJyZJ1FAzNZtaozHFmV9fFrPuHZCE,solana,Pump.fun,B1ztBNFR8xYUde1ucdGRLdEnbGy9GZnmwkNAUAxkbxH2,FAMILY,So11111111111111111111111111111111111111112,SOL,2026-10-06T21:24:32Z,3.389791905836801e-06,3389.791906,,2583.1665,120.83876250283075,100.0,,0.0,0.0,0.0,0.0,0.0,0.0,0,0,0,0,0,0,0,0,0,0,0,0,0,0,0,0,0,0,0,0,0,0,0,0,0.0,0.0,0.0,0.0,0.0,0.0,snapshot,,,,,,,/home/runner/work/Solana-Memecoin-Analysis/Solana-Memecoin-Analysis/data/cache/2026-10-08/000956957042_multi_pools_0488cad1de13.json,2
2026-10-08T00:05:26.425711+00:00,5znw6HCHE3y7eg57iuv12SjedHyDMoudLtZechksEWDs,solana,Meteora DBC,2PMvqoy2G1fWnJ3TXnJS7VTMAd2z9my5biDAJrZtZjTa,RARI,So11111111111111111111111111111111111111112,SOL,2026-10-06T21:36:22Z,6.026578368182233e-12,0.004818378765,,0.0,121.13420706362773,,,0.0,0.0,0.0,0.0,0.0,0.0,0,0,0,0,0,0,0,0,0,0,0,0,0,0,0,0,0,0,0,0,0,0,0,0,0.0,0.0,0.0,0.0,0.0,0.0,snapshot,,,,,,,/home/runner/work/Solana-Memecoin-Analysis/Solana-Memecoin-Analysis/data/cache/2026-10-08/000956957042_multi_pools_0488cad1de13.json,2
2026-10-08T00:05:26.425711+00:00,2e6E8Z7XksWTVCWAgg66MiYs5yBTEWSruhZ8dVrxHR1X,solana,Pump.fun,9WyRqRrbMGxfZtwUCFLkg4c1J4cHv78deeEsBZFKhXFF,hooker,So11111111111111111111111111111111111111112,SOL,2026-10-06T21:36:20Z,3.4948875830402817e-06,3494.887583,,2662.4888,120.96820569684431,,,0.0,0.0,0.0,0.0,0.0,0.0,0,0,0,0,0,0,0,0,0,0,0,0,0,0,0,0,0,0,0,0,0,0,0,0,0.0,0.0,0.0,0.0,0.0,0.0,snapshot,,,,,,,/home/runner/work/Solana-Memecoin-Analysis/Solana-Memecoin-Analysis/data/cache/2026-10-08/000956957042_multi_pools_0488cad1de13.json,2
2026-10-08T00:05:26.425711+00:00,CyaRCszwgdoPmTPhBQXRW8jPHhFi8D19fH6QvZeGPn3V,solana,Pump.fun,9NjSYq68XocHe2euuzrVjKZqfcuENLcjcUWLBHrHXJpy,VALVE,So11111111111111111111111111111111111111112,SOL,2026-10-06T21:45:54Z,3.3947052190555296e-06,3394.705219,,2582.9691,121.02284640163506,,,0.0,0.0,0.0,0.0,0.0,0.0,0,0,0,0,0,0,0,0,0,0,0,0,0,0,0,0,0,0,0,0,0,0,0,0,0.0,0.0,0.0,0.0,0.0,0.0,snapshot,,,,,,,/home/runner/work/Solana-Memecoin-Analysis/Solana-Memecoin-Analysis/data/cache/2026-10-08/000956957042_multi_pools_0488cad1de13.json,2
2026-10-08T00:05:26.425711+00:00,7M6nVQ9nLyiCYhQAhM4yWv2rjKfNxWq1hAwdQEHQvqiP,solana,Meteora DAMM V2,3eHth1w6fW3aMG8qWAwChvdzdtfoozdAiPfnT7JjCped,‮LEKOOH,So11111111111111111111111111111111111111112,SOL,2026-10-06T21:45:52Z,2.6072344972129113e-10,0.2607234497,,0.5805,120.79238840271256,100.0,,0.0,0.0,0.0,0.0,0.0,0.0,0,0,0,0,0,0,0,0,0,0,0,0,0,0,0,0,0,0,0,0,0,0,0,0,0.0,0.0,0.0,0.0,0.0,0.0,snapshot,,,,,,,/home/runner/work/Solana-Memecoin-Analysis/Solana-Memecoin-Analysis/data/cache/2026-10-08/000956957042_multi_pools_0488cad1de13.json,2
2026-10-08T00:05:26.425711+00:00,C7FSpDKbvdzFoVpYeyEuGFVtSu15BgmSVNxDhGysGbxi,solana,StonkFun,GXeCSHRsish9dFwyMDQRDLPc6K4816dfFSSh7T717pLX,KI6900,XsoCS1TfEyfFhfvj8EtZ528L3CaKBDBRqRapnBbDF2W,SPYx,2026-10-06T21:53:35Z,3.3883848812796155e-06,3388.384881,,3262.2866,786.670824447665,,,0.0,0.0,0.0,0.0,0.0,0.0,0,0,0,0,0,0,0,0,0,0,0,0,0,0,0,0,0,0,0,0,0,0,0,0,0.0,0.0,0.0,0.0,0.0,0.0,snapshot,,,,,,,/home/runner/work/Solana-Memecoin-Analysis/Solana-Memecoin-Analysis/data/cache/2026-10-08/000956957042_multi_pools_0488cad1de13.json,2
2026-10-08T00:05:26.425711+00:00,9GSTtjFfnMLMuBrL3FZDwyjLFzRv1XowxkKjGf1pd2Pk,solana,Pump.fun,FrC6DreqcoaK8GcLf5hXeGgn28F8Je8YVVGY2zhxpump,SLOP,So11111111111111111111111111111111111111112,SOL,2026-10-06T21:52:53Z,3.3934629813497667e-06,3393.462981,,2585.1939,120.96962841857098,,,0.0,0.0,0.0,0.0,0.0,0.0,0,0,0,0,0,0,0,0,0,0,0,0,0,0,0,0,0,0,0,0,0,0,0,0,0.0,0.0,0.0,0.0,0.0,0.0,snapshot,,,,,,,/home/runner/work/Solana-Memecoin-Analysis/Solana-Memecoin-Analysis/data/cache/2026-10-08/000956957042_multi_pools_0488cad1de13.json,2
2026-10-08T00:05:26.425711+00:00,Gj3fucGQjtQUaa8k8vLixCVMArf15TJ2jsFdbtgid43o,solana,PumpSwap,Bi8g3Dbpkdx4ueGDnaSuFbAFVRTjHmafgvxy2Qf8TNAC,AUTON,So11111111111111111111111111111111111111112,SOL,2026-10-06T21:52:48Z,7.000562284041155e-05,55974.9903616923,,6.535107089e-07,120.91665885886596,100.0,,0.0,0.0,0.0,0.0,0.0,0.0,0,0,0,0,0,0,0,0,0,0,0,0,0,0,0,0,0,0,0,0,0,0,0,0,0.0,0.0,0.0,0.0,0.0,0.0,snapshot,,,,,,,/home/runner/work/Solana-Memecoin-Analysis/Solana-Memecoin-Analysis/data/cache/2026-10-08/000956957042_multi_pools_0488cad1de13.json,2
2026-10-08T00:05:26.425711+00:00,7VMJh2rDtjuDnkTvUpMvPqs9ahKreZgXvibyJJyGqP4H,solana,Pump.fun,7DHxUJNN8qXgkLaK7RXw7TvEmQGhX9xYBbP2CwS1mnsm,DB,So11111111111111111111111111111111111111112,SOL,2026-10-06T21:52:42Z,3.394943398709518e-06,3394.943399,,2597.4412,120.45171759478716,,,0.0,0.0,0.0,0.0,0.0,29.2227535043,0,0,0,0,0,0,0,0,0,0,0,0,0,0,0,0,0,0,0,0,0,1,0,1,0.0,0.0,0.0,0.0,0.0,0.0,snapshot,,,,,,,/home/runner/work/Solana-Memecoin-Analysis/Solana-Memecoin-Analysis/data/cache/2026-10-08/001004474054_multi_pools_c4a380a6ff5b.json,2
2026-10-08T00:05:26.425711+00:00,6fDTvdAJg1nVRLe6B31Gj9QL2uHMSxqNoXVC65PEhWPM,solana,Pump.fun,9mQsj8c3N6t1X2FiCVraXvPBLMNMNw4m4nCwLqqspump,BURVE,So11111111111111111111111111111111111111112,SOL,2026-10-06T21:52:40Z,3.388210859121805e-06,3388.210859,,2583.5439,120.85952732710797,,,0.0,0.0,0.0,0.0,0.0,0.0,0,0,0,0,0,0,0,0,0,0,0,0,0,0,0,0,0,0,0,0,0,0,0,0,0.0,0.0,0.0,0.0,0.0,0.0,snapshot,,,,,,,/home/runner/work/Solana-Memecoin-Analysis/Solana-Memecoin-Analysis/data/cache/2026-10-08/001004474054_multi_pools_c4a380a6ff5b.json,2
2026-10-08T00:05:26.425711+00:00,745dvnsahhEVK5LMX3DRJVEnkcS5rHMrDWDoGiAA1ezt,solana,Pump.fun,9YnWPK2nEPZQBgELExiQU5eNv5sQx9wfcsYTEWgySrRM,QUANTCAP,So11111111111111111111111111111111111111112,SOL,2026-10-06T22:02:16Z,3.392872604577736e-06,3392.872605,,2752.3795,121.26633899471115,,,0.0,0.0,0.0,0.0,0.0,0.0,0,0,0,0,0,0,0,0,0,0,0,0,0,0,0,0,0,0,0,0,0,0,0,0,0.0,0.0,0.0,0.0,0.0,0.0,snapshot,,,,,,,/home/runner/work/Solana-Memecoin-Analysis/Solana-Memecoin-Analysis/data/cache/2026-10-08/001004474054_multi_pools_c4a380a6ff5b.json,2
2026-10-08T00:05:26.425711+00:00,DXiSbqc9odmGrnpUZQ6y5TbtcGpNQaR11D4Vi3rsfaE8,solana,Pump.fun,H1d7eXqafs3918FUxo6GU2QiWQp9VpnXtZP1npyxpump,DCAT,So11111111111111111111111111111111111111112,SOL,2026-10-06T22:02:13Z,3.3887869391378027e-06,3388.786939,,2579.814,121.05481748697271,100.0,,0.0,0.0,0.0,0.0,0.0,0.0,0,0,0,0,0,0,0,0,0,0,0,0,0,0,0,0,0,0,0,0,0,0,0,0,0.0,0.0,0.0,0.0,0.0,0.0,snapshot,,,,,,,/home/runner/work/Solana-Memecoin-Analysis/Solana-Memecoin-Analysis/data/cache/2026-10-08/001004474054_multi_pools_c4a380a6ff5b.json,2
2026-10-08T00:05:26.425711+00:00,Ae2EHWgfPCBqfGAC5UE2ja3WYZ2ADQ179ir7LBBuKLE3,solana,Pump.fun,CvDLb8ENdgNuCwoexe1y52AAPDsWyb789dYnqUzmpump,$EXIT,So11111111111111111111111111111111111111112,SOL,2026-10-06T22:02:10Z,4.8491057506250656e-09,9.698211502,,3.7881,115.67872240152215,100.0,,0.0,0.0,0.0,0.0,0.03321066713,0.03321066713,0,0,0,0,0,0,0,0,0,0,0,0,0,0,0,0,0,1,0,1,0,1,0,1,0.0,0.0,0.0,0.0,0.0,0.0,snapshot,,,,,,,/home/runner/work/Solana-Memecoin-Analysis/Solana-Memecoin-Analysis/data/cache/2026-10-08/001004474054_multi_pools_c4a380a6ff5b.json,2
2026-10-08T00:05:26.425711+00:00,97cYHuSeo8QK7TKD3Nmrp4TWPUve3xeREA1TRF6ZEdbt,solana,Pump.fun,6Vzvk3QxEmeRA7AyQYFRYqUq5uLSg5GwaQKhigcHpump,JAR,So11111111111111111111111111111111111111112,SOL,2026-10-06T22:02:06Z,4.513735668488095e-06,4135.986286,,3142.8276,121.27880150382276,100.0,,0.0,0.0,0.0,0.0,0.0,0.0,0,0,0,0,0,0,0,0,0,0,0,0,0,0,0,0,0,0,0,0,0,0,0,0,0.0,0.0,0.0,0.0,0.0,0.0,snapshot,,,,,,,/home/runner/work/Solana-Memecoin-Analysis/Solana-Memecoin-Analysis/data/cache/2026-10-08/001004474054_multi_pools_c4a380a6ff5b.json,2
2026-10-08T00:05:26.425711+00:00,2Mtpzkmi1L5KAy3GesqSAmcpAs9VUxHGfUJWrxftXFX7,solana,Pump.fun,6kbbpH2fGf5rjrYpbtsmQyd4mVGLbM54wAkLTcagpump,TIMELESS,So11111111111111111111111111111111111111112,SOL,2026-10-06T22:12:06Z,3.4156601518019726e-06,3415.660152,,2595.7982,121.16707712789203,100.0,,0.0,0.0,0.0,0.0,0.0,0.0,0,0,0,0,0,0,0,0,0,0,0,0,0,0,0,0,0,0,0,0,0,0,0,0,0.0,0.0,0.0,0.0,0.0,0.0,snapshot,,,,,,,/home/runner/work/Solana-Memecoin-Analysis/Solana-Memecoin-Analysis/data/cache/2026-10-08/001004474054_multi_pools_c4a380a6ff5b.json,2
2026-10-08T00:05:26.425711+00:00,4sYNrXu1pjEm1JELxwp8TEsWd9wMX4tPtc4Qe2EYRjBK,solana,Bags.fm,EvgbgdipCnbZzgLFXBDHbkcLdTcqkEk2L79QniHzBAGS,H4SH,So11111111111111111111111111111111111111112,SOL,2026-10-06T22:12:06Z,3.645604098410397e-05,36456.04098,,35224.5115,120.72367382900127,,,0.0,0.0,0.0,0.0,0.0,0.0,0,0,0,0,0,0,0,0,0,0,0,0,0,0,0,0,0,0,0,0,0,0,0,0,0.0,0.0,0.0,0.0,0.0,0.0,snapshot,,,,,,,/home/runner/work/Solana-Memecoin-Analysis/Solana-Memecoin-Analysis/data/cache/2026-10-08/001004474054_multi_pools_c4a380a6ff5b.json,2
2026-10-08T00:05:26.425711+00:00,FqykNTb3jD9thhQeoNxk9hf2yn3nXcnYpXg72J3NVF5n,solana,Pump.fun,qYUN4119LJdhpgCeGopq4deiGBB3iv4VSbeZWtapump,KKK,So11111111111111111111111111111111111111112,SOL,2026-10-06T22:12:02Z,3.391648386387462e-06,3391.648386,,2577.4883,121.17037869112227,100.0,,0.0,0.0,0.0,0.0,0.0,0.0,0,0,0,0,0,0,0,0,0,0,0,0,0,0,0,0,0,0,0,0,0,0,0,0,0.0,0.0,0.0,0.0,0.0,0.0,snapshot,,,,,,,/home/runner/work/Solana-Memecoin-Analysis/Solana-Memecoin-Analysis/data/cache/2026-10-08/001004474054_multi_pools_c4a380a6ff5b.json,2
2026-10-08T00:05:26.425711+00:00,Acbjvhu15f7q3Nfdht13v5jr1C6g8a728Be9cEqNN5wY,solana,Pump.fun,9nLAHJJ4PPybkphZnJXoxCpZM7z7YwDAunzMu7yzAUGq,KOOL,So11111111111111111111111111111111111111112,SOL,2026-10-06T22:11:55Z,3.3967388262050138e-06,3396.738826,,2578.8468,121.28788131149123,100.0,,0.0,0.0,0.0,0.0,0.0,0.0,0,0,0,0,0,0,0,0,0,0,0,0,0,0,0,0,0,0,0,0,0,0,0,0,0.0,0.0,0.0,0.0,0.0,0.0,snapshot,,,,,,,/home/runner/work/Solana-Memecoin-Analysis/Solana-Memecoin-Analysis/data/cache/2026-10-08/001004474054_multi_pools_c4a380a6ff5b.json,2
2026-10-08T00:05:26.425711+00:00,3wEBD9gGF765aQf2emg3RxRVfmLfkEZzrKQ62T26p5Qv,solana,Pump.fun,2bH1D1Xr2JykhhiEPER2hqHkg1pkPBBGpoVo34bzpump,THE,So11111111111111111111111111111111111111112,SOL,2026-10-06T22:11:47Z,3.4002283291716934e-06,3400.228329,,2582.1906,121.25555888578671,,,0.0,0.0,0.0,0.0,0.0,0.0,0,0,0,0,0,0,0,0,0,0,0,0,0,0,0,0,0,0,0,0,0,0,0,0,0.0,0.0,0.0,0.0,0.0,0.0,snapshot,,,,,,,/home/runner/work/Solana-Memecoin-Analysis/Solana-Memecoin-Analysis/data/cache/2026-10-08/001004474054_multi_pools_c4a380a6ff5b.json,2
2026-10-08T00:05:26.425711+00:00,4716Eq9pPEaT1PaUhg53ujwkcfW2WgdYQH1AkQJuzYbb,solana,Meteora DBC,4zbtFqug3NRiowq9t3Pnp8sDVqKwAdg7A1oEBZWLidos,LCRAFT,So11111111111111111111111111111111111111112,SOL,2026-10-06T22:19:52Z,2.4083852785937204e-06,2408.385279,,2398.4535,117.12622068733275,,,0.0,0.0,0.0,0.0,0.0,11.4385518659,0,0,0,0,0,0,0,0,0,0,0,0,0,0,0,0,0,0,0,0,1,0,1,0,0.0,0.0,0.0,0.0,0.0,0.0,snapshot,,,,,,,/home/runner/work/Solana-Memecoin-Analysis/Solana-Memecoin-Analysis/data/cache/2026-10-08/001004474054_multi_pools_c4a380a6ff5b.json,2
2026-10-08T00:05:26.425711+00:00,afDxaMiB9yKnrby81vsXsWfKhYyQNgWyBkpgXMMyokL,solana,Moonshot,8R5K2dKM66TM3bfAMwVqpXmTBBY5exYAGURpoYbimoon,PLAGUE,EPjFWdd5AufqSSqeM2qN1xzybapC8G4wEGGkZwyTDt1v,USDC,2026-10-06T22:19:52Z,5.039457223144282e-06,5039.457223,,5046.0339,0.9995776695060363,,,0.0,0.0,0.0,0.0,20.3621294597,20.3621294597,0,0,0,0,0,0,0,0,0,0,0,0,0,0,0,0,2,0,1,0,2,0,1,0,0.0,0.0,0.0,0.0,0.405,0.405,snapshot,,,,,,,/home/runner/work/Solana-Memecoin-Analysis/Solana-Memecoin-Analysis/data/cache/2026-10-08/001004474054_multi_pools_c4a380a6ff5b.json,2
2026-10-08T00:05:26.425711+00:00,2zCHHPwXiK1hJKNwujhVvpwfpxCREL8NtKGrPpaY2a6x,solana,Pump.fun,7zhP2bB8VXdVTENm2So38xao6Kzus7kbg5MTxwM5pump,SOL,So11111111111111111111111111111111111111112,SOL,2026-10-06T22:19:50Z,2.8587551324725435e-06,5717.510264,,2173.5798,121.2241020968449,,,0.0,0.0,0.0,0.0,0.0,0.0,0,0,0,0,0,0,0,0,0,0,0,0,0,0,0,0,0,0,0,0,0,0,0,0,0.0,0.0,0.0,0.0,0.0,0.0,snapshot,,,,,,,/home/runner/work/Solana-Memecoin-Analysis/Solana-Memecoin-Analysis/data/cache/2026-10-08/001004474054_multi_pools_c4a380a6ff5b.json,2
2026-10-08T00:05:26.425711+00:00,GBkgWyMzBKjLfa54SKwoExK31zVPh14weUJUpenAWcdo,solana,Pump.fun,6JNCChKtP4Mi8G6KMYVUQXnkqDr88vJ8CtiQG68apump,MZK,So11111111111111111111111111111111111111112,SOL,2026-10-06T22:19:48Z,3.060973191018147e-08,61.21946382,,0.0,121.00970356716752,,,0.0,0.0,0.0,0.0,0.0,0.0,0,0,0,0,0,0,0,0,0,0,0,0,0,0,0,0,0,0,0,0,0,0,0,0,0.0,0.0,0.0,0.0,0.0,0.0,snapshot,,,,,,,/home/runner/work/Solana-Memecoin-Analysis/Solana-Memecoin-Analysis/data/cache/2026-10-08/001004474054_multi_pools_c4a380a6ff5b.json,2
2026-10-08T00:05:26.425711+00:00,9jjDaxqM5P56cP463rAXQkxoYUdefFTAtQ28MwjdeyYq,solana,Pump.fun,5UB4y8qL1UGMc56Kr41kf9mnm36ZaK7iLYUkMNM2zAbu,KKK,So11111111111111111111111111111111111111112,SOL,2026-10-06T22:28:59Z,3.388496099993764e-06,3388.4961,,2815.1915,121.14040246936042,100.0,,0.0,0.0,0.0,0.0,0.0,0.0,0,0,0,0,0,0,0,0,0,0,0,0,0,0,0,0,0,0,0,0,0,0,0,0,0.0,0.0,0.0,0.0,0.0,0.0,snapshot,,,,,,,/home/runner/work/Solana-Memecoin-Analysis/Solana-Memecoin-Analysis/data/cache/2026-10-08/001004474054_multi_pools_c4a380a6ff5b.json,2
2026-10-08T00:05:26.425711+00:00,Gby1AYuNRY72XvJAsepABjDQTknaP6kma6MsYLry9j2K,solana,Pump.fun,8bEmsZQXx3yFePaHvfcv6eaGQfgWHD667LQQBkhypump,Gh0st,So11111111111111111111111111111111111111112,SOL,2026-10-06T22:28:53Z,3.017895286637916e-08,61.20998038,,25.0788,120.37300165444385,,,0.0,0.0,0.0,0.0,0.0,0.0,0,0,0,0,0,0,0,0,0,0,0,0,0,0,0,0,0,0,0,0,0,0,0,0,0.0,0.0,0.0,0.0,0.0,0.0,snapshot,,,,,,,/home/runner/work/Solana-Memecoin-Analysis/Solana-Memecoin-Analysis/data/cache/2026-10-08/001004474054_multi_pools_c4a380a6ff5b.json,2
2026-10-08T00:05:26.425711+00:00,Bn11SUsBJyiPnqd2hrGrqHF6Gbxc3n7vKmArJeubcMQs,solana,Pump.fun,ELsxhfyu8e2QqthjHmb6rwahefaShmrkAXzhoAfupump,Shitcoin,So11111111111111111111111111111111111111112,SOL,2026-10-06T22:28:52Z,3.5348462389984086e-06,3734.890466,,2833.0137,121.0419990854916,,,0.0,0.0,0.0,0.0,0.0,0.0,0,0,0,0,0,0,0,0,0,0,0,0,0,0,0,0,0,0,0,0,0,0,0,0,0.0,0.0,0.0,0.0,0.0,0.0,snapshot,,,,,,,/home/runner/work/Solana-Memecoin-Analysis/Solana-Memecoin-Analysis/data/cache/2026-10-08/001004474054_multi_pools_c4a380a6ff5b.json,2
2026-10-08T00:05:26.425711+00:00,3qSbE3GyqoYsxoT9vDVYYtJPr4onoLCBZ2rKkhKsbT2h,solana,Pump.fun,4sJGzjrvAesJoB76UoSjUSLvMxH9rzk3RubK6xgXpump,MYG,So11111111111111111111111111111111111111112,SOL,2026-10-06T22:28:51Z,3.4993154288783047e-06,3499.315429,,2659.3196,121.16972186445676,,,0.0,0.0,0.0,0.0,0.0,0.0,0,0,0,0,0,0,0,0,0,0,0,0,0,0,0,0,0,0,0,0,0,0,0,0,0.0,0.0,0.0,0.0,0.0,0.0,snapshot,,,,,,,/home/runner/work/Solana-Memecoin-Analysis/Solana-Memecoin-Analysis/data/cache/2026-10-08/001004474054_multi_pools_c4a380a6ff5b.json,2
2026-10-08T00:05:26.425711+00:00,3Kf2ZxNJFEiQ9XMSqfGzzC8JaqYijpuqnhDuV7956iZK,solana,Pump.fun,6PbdiFdmucbMXMHpnovJK7kyEPKXPu3YUDshJSALpump,XMR20,So11111111111111111111111111111111111111112,SOL,2026-10-06T22:28:51Z,3.4759600279267237e-06,3475.960028,,2669.7691,119.88963724325332,100.0,,0.0,0.0,0.0,0.0,0.0,133.0159949152,0,0,0,0,0,0,0,0,0,0,0,0,0,0,0,0,0,0,0,0,0,1,0,1,0.0,0.0,0.0,0.0,0.0,0.0,snapshot,,,,,,,/home/runner/work/Solana-Memecoin-Analysis/Solana-Memecoin-Analysis/data/cache/2026-10-08/001004474054_multi_pools_c4a380a6ff5b.json,2
2026-10-08T00:05:26.425711+00:00,9KS9ncobTLReuWohm2spJ14cv5ewThazCmWoZ2qBmFqW,solana,Pump.fun,EF2mrb9xWHH1DTBXynsbnExN44qGmpiFtwcoS37opump,brrrrr,So11111111111111111111111111111111111111112,SOL,2026-10-06T22:28:49Z,1.6601267619425137e-07,332.0253524,,292.0755,121.1404024717031,,,0.0,0.0,0.0,0.0,0.0,0.0,0,0,0,0,0,0,0,0,0,0,0,0,0,0,0,0,0,0,0,0,0,0,0,0,0.0,0.0,0.0,0.0,0.0,0.0,snapshot,,,,,,,/home/runner/work/Solana-Memecoin-Analysis/Solana-Memecoin-Analysis/data/cache/2026-10-08/001004474054_multi_pools_c4a380a6ff5b.json,2
2026-10-08T00:05:26.425711+00:00,EmYSd3vbCh3tzbBYgEnUkyh9RKsvs5TeSBJsMtuUXj6z,solana,Pump.fun,HSJqbPPPrg1mnNKFdHSz1t211JfMhQoatNBvfYeGpump,TESTENET,So11111111111111111111111111111111111111112,SOL,2026-10-06T22:28:48Z,3.3864446921162004e-06,3386.444692,,2574.6321,121.11851959970349,,,0.0,0.0,0.0,0.0,0.0,0.0,0,0,0,0,0,0,0,0,0,0,0,0,0,0,0,0,0,0,0,0,0,0,0,0,0.0,0.0,0.0,0.0,0.0,0.0,snapshot,,,,,,,/home/runner/work/Solana-Memecoin-Analysis/Solana-Memecoin-Analysis/data/cache/2026-10-08/001004474054_multi_pools_c4a380a6ff5b.json,2
2026-10-08T00:05:26.425711+00:00,2z4CsoTYbe5A1pqb9DiPeUbanT9R3Gm1oh7ugsqnSQBh,solana,Pump.fun,Eo8SGs4YJfckZQYdYFtCAkq3f4rqrpEHQmiR6QYbpump,APPLE,So11111111111111111111111111111111111111112,SOL,2026-10-06T22:28:48Z,6.135767846889827e-07,1227.1535694,,478.1,121.07025730727509,,,0.0,0.0,0.0,0.0,0.0,0.0,0,0,0,0,0,0,0,0,0,0,0,0,0,0,0,0,0,0,0,0,0,0,0,0,0.0,0.0,0.0,0.0,0.0,0.0,snapshot,,,,,,,/home/runner/work/Solana-Memecoin-Analysis/Solana-Memecoin-Analysis/data/cache/2026-10-08/001004474054_multi_pools_c4a380a6ff5b.json,2
2026-10-08T00:05:26.425711+00:00,GGifeGcxV2QDi79WzmTzxeDQHehAWV9LKU7hkfWxAVrV,solana,PumpSwap,fFGhHuQDnu8SjmBAm7XxCc38WTCwECz943zUn8fpT5s,AUTON,So11111111111111111111111111111111111111112,SOL,2026-10-06T22:39:15Z,7.05956949163558e-05,70129.17052,,6.555216904e-07,120.96846482976206,2.45903898214198e-09,,0.0,0.0,0.0,0.0,0.0,0.0,0,0,0,0,0,0,0,0,0,0,0,0,0,0,0,0,0,0,0,0,0,0,0,0,0.0,0.0,0.0,0.0,0.0,0.0,snapshot,,,,,,,/home/runner/work/Solana-Memecoin-Analysis/Solana-Memecoin-Analysis/data/cache/2026-10-08/001004474054_multi_pools_c4a380a6ff5b.json,2
2026-10-08T00:05:26.425711+00:00,HDFmtxZXMY51156W7NUF5dP88Y5U1C3FXKpcG22uiKCQ,solana,Pump.fun,BgyfZsq6msH7xqv9ns9HoSvtQnGL4c3ed4xtcnrNpump,PLUGGED,So11111111111111111111111111111111111111112,SOL,2026-10-06T22:39:05Z,4.8812384534987314e-05,49525.17867,,0.0,120.77864473224811,,,0.0,0.0,0.0,0.0,0.0,0.0,0,0,0,0,0,0,0,0,0,0,0,0,0,0,0,0,0,0,0,0,0,0,0,0,0.0,0.0,0.0,0.0,0.0,0.0,snapshot,,,,,,,/home/runner/work/Solana-Memecoin-Analysis/Solana-Memecoin-Analysis/data/cache/2026-10-08/001004474054_multi_pools_c4a380a6ff5b.json,2
2026-10-08T00:05:26.425711+00:00,GYDaLwQqmwYG4qq4fsFpeDZs8DNmtGqsATrdnk4q7V82,solana,Pump.fun,FEJAmRFkeFRA92NjqydUriFYspJ6XFhv8GAM9esmpump,JUSTINKARL,So11111111111111111111111111111111111111112,SOL,2026-10-06T22:39:02Z,3.3975233153982093e-06,3397.523315,,2586.2311,120.96977893222316,100.0,,0.0,0.0,0.0,0.0,0.0,0.0,0,0,0,0,0,0,0,0,0,0,0,0,0,0,0,0,0,0,0,0,0,0,0,0,0.0,0.0,0.0,0.0,0.0,0.0,snapshot,,,,,,,/home/runner/work/Solana-Memecoin-Analysis/Solana-Memecoin-Analysis/data/cache/2026-10-08/001004474054_multi_pools_c4a380a6ff5b.json,2
2026-10-08T00:05:26.425711+00:00,3hS3ry9RNB1yqpX85cB3rVYDRrGmebL9NpqAr4y561Q9,solana,Pump.fun,GAgLTzhtwhLL6aSB81zUZzfMeSeY8EqAcSb1LQy7pump,CROWNNIGGER,So11111111111111111111111111111111111111112,SOL,2026-10-06T22:39:01Z,3.3866817126016922e-06,3386.681713,,2577.5554,120.9886274164048,,,0.0,0.0,0.0,0.0,0.0,0.0,0,0,0,0,0,0,0,0,0,0,0,0,0,0,0,0,0,0,0,0,0,0,0,0,0.0,0.0,0.0,0.0,0.0,0.0,snapshot,,,,,,,/home/runner/work/Solana-Memecoin-Analysis/Solana-Memecoin-Analysis/data/cache/2026-10-08/001004474054_multi_pools_c4a380a6ff5b.json,2
2026-10-08T00:05:26.425711+00:00,AGgUN7cwvT38roajnb9mLDAoEjoTiYh8vd8MaAw1EA13,solana,Pump.fun,DjHqqgf5WC2RS5E9TjmmsCF9zW4ecsrDPZ3gMhtfpump,CLAUDE,So11111111111111111111111111111111111111112,SOL,2026-10-06T22:38:54Z,6.109906396260446e-07,1221.9812792,,483.9375,120.98545725476723,100.0,,0.0,0.0,0.0,0.0,0.0,0.0,0,0,0,0,0,0,0,0,0,0,0,0,0,0,0,0,0,0,0,0,0,0,0,0,0.0,0.0,0.0,0.0,0.0,0.0,snapshot,,,,,,,/home/runner/work/Solana-Memecoin-Analysis/Solana-Memecoin-Analysis/data/cache/2026-10-08/001004474054_multi_pools_c4a380a6ff5b.json,2
2026-10-08T00:05:26.425711+00:00,dQ992pHk5v34oTMvKckFBkxtKpcpsEqLwiofTYNdtcw,solana,Meteora DBC,EjvoPvxfFuzH3PcuZHmUC2fXob3WqUrVpqaQ177zcxaY,Wig,So11111111111111111111111111111111111111112,SOL,2026-10-06T22:38:54Z,4.5653331607548724e-05,45651.6850134802,,0.0,120.9833399230496,,,0.0,0.0,0.0,0.0,0.0,0.0,0,0,0,0,0,0,0,0,0,0,0,0,0,0,0,0,0,0,0,0,0,0,0,0,0.0,0.0,0.0,0.0,0.0,0.0,snapshot,,,,,,,/home/runner/work/Solana-Memecoin-Analysis/Solana-Memecoin-Analysis/data/cache/2026-10-08/001004474054_multi_pools_c4a380a6ff5b.json,2
2026-10-08T00:05:26.425711+00:00,D5tWxcvT9XgHE7f43dz67dnqrLksV9qo9MDzKcDYg46x,solana,Pump.fun,5k8zNxiNGufRTL5AKANzztpyRYntsD9Y2qhHMocspump,FORGE,So11111111111111111111111111111111111111112,SOL,2026-10-06T22:38:48Z,3.2360992192240983e-06,3236.099219,,2576.5336,115.65493548698146,100.0,,0.0,0.0,0.0,0.0,0.1698151009,0.1698151009,0,0,0,0,0,0,0,0,0,0,0,0,0,0,0,0,0,1,0,1,0,1,0,1,0.0,0.0,0.0,0.0,0.0,0.0,snapshot,,,,,,,/home/runner/work/Solana-Memecoin-Analysis/Solana-Memecoin-Analysis/data/cache/2026-10-08/001004474054_multi_pools_c4a380a6ff5b.json,2
2026-10-08T00:05:26.425711+00:00,9DHWPbe3THmuGYgoT7qsrtWZ2wznnYz2y54RmSeAJRw3,solana,Pump.fun,AuqT1kaZzV2scQMaXBowy44K8q39NvxUAjc9dktrpump,SUPERPLAG,So11111111111111111111111111111111111111112,SOL,2026-10-06T22:38:42Z,3.3850096035903375e-06,3385.009604,,2576.7775,120.9656519754804,100.0,,0.0,0.0,0.0,0.0,0.0,0.0,0,0,0,0,0,0,0,0,0,0,0,0,0,0,0,0,0,0,0,0,0,0,0,0,0.0,0.0,0.0,0.0,0.0,0.0,snapshot,,,,,,,/home/runner/work/Solana-Memecoin-Analysis/Solana-Memecoin-Analysis/data/cache/2026-10-08/001019397339_multi_pools_1029db6c7901.json,2
2026-10-08T00:05:26.425711+00:00,2BPNyiRJweVi2tsKHRiGHjNqTgdFYEsRVZVeqsxk7KZr,solana,Meteora DBC,3oTHvEnzRPvWtckEuAd75Y7ivaB4vzgDsuVrqHbkw6t6,AUTON,So11111111111111111111111111111111111111112,SOL,2026-10-06T22:38:40Z,4.7427822420016425e-05,47427.82242,,0.0,121.07877569635416,,,0.0,0.0,0.0,0.0,0.0,0.0,0,0,0,0,0,0,0,0,0,0,0,0,0,0,0,0,0,0,0,0,0,0,0,0,0.0,0.0,0.0,0.0,0.0,0.0,snapshot,,,,,,,/home/runner/work/Solana-Memecoin-Analysis/Solana-Memecoin-Analysis/data/cache/2026-10-08/001019397339_multi_pools_1029db6c7901.json,2
2026-10-08T00:05:26.425711+00:00,12jc1DzJpzbCDaKuM4brAKh9jcFry2TLG1FfGsL4ftCG,solana,PumpSwap,HMYd9tosnUXuNHmq7pXmoePRVBLBBjA3JBfydq6upump,SI276,So11111111111111111111111111111111111111112,SOL,2026-10-06T19:25:31Z,0.0004686471223181776,466901.2273,,62725.2584,116.11244157436997,100.0,,2362.6281661375,10271.4760952723,14366.1324813592,23754.2750173572,147685.806094121,703335.211022215,19,13,19,13,73,50,65,44,116,88,96,76,199,141,161,120,1231,966,789,576,8398,5539,4234,2698,-0.56,-6.348,-7.358,8.877,123.376,128.393,snapshot,,,,,,,/home/runner/work/Solana-Memecoin-Analysis/Solana-Memecoin-Analysis/data/cache/2026-10-08/001019397339_multi_pools_1029db6c7901.json,2
2026-10-08T00:05:26.425711+00:00,5oXfScznwAjXDSi3CyW2akLsmq6ZJFxVw3VdbQWZNmmp,solana,Meteora DBC,7uL3xoAjykw88r37Ud27sg1mDzqNwbhtdk9NAZSL3uhS,PLAGUEPUP2,So11111111111111111111111111111111111111112,SOL,2026-10-06T22:48:23Z,4.823577805402724e-06,4647.667453,,0.0,121.04127116357549,,,0.0,0.0,0.0,0.0,0.0,0.0,0,0,0,0,0,0,0,0,0,0,0,0,0,0,0,0,0,0,0,0,0,0,0,0,0.0,0.0,0.0,0.0,0.0,0.0,snapshot,,,,,,,/home/runner/work/Solana-Memecoin-Analysis/Solana-Memecoin-Analysis/data/cache/2026-10-08/001019397339_multi_pools_1029db6c7901.json,2
2026-10-08T00:05:26.425711+00:00,CgH9s3G2Xpdj3fnqrjeaGCQX4dtDajJX3cYd43k8xo8S,solana,Pump.fun,HnT1rs8j3GLpwt8nJ6V89pC89CXyq79h1VFLuGpHpump,$GP,So11111111111111111111111111111111111111112,SOL,2026-10-06T22:48:06Z,2.0167644918496473e-06,4033.528984,,1537.7766,121.04223263657539,100.0,,0.0,0.0,0.0,0.0,0.0,0.0,0,0,0,0,0,0,0,0,0,0,0,0,0,0,0,0,0,0,0,0,0,0,0,0,0.0,0.0,0.0,0.0,0.0,0.0,snapshot,,,,,,,/home/runner/work/Solana-Memecoin-Analysis/Solana-Memecoin-Analysis/data/cache/2026-10-08/001019397339_multi_pools_1029db6c7901.json,2
2026-10-08T00:05:26.425711+00:00,ApLX9xBJuyAfQb5ATbs8CpbqUezmwnDCAFaiDALhszWC,solana,Pump.fun,4dNNzVEs5GKFptnLpCsiNM6SQBwhfRwmxxkzfmZmpump,pruple,So11111111111111111111111111111111111111112,SOL,2026-10-06T22:48:02Z,4.01342851697123e-06,8026.857034,,3045.0988,121.06133888729701,,,0.0,0.0,0.0,0.0,0.0,0.0,0,0,0,0,0,0,0,0,0,0,0,0,0,0,0,0,0,0,0,0,0,0,0,0,0.0,0.0,0.0,0.0,0.0,0.0,snapshot,,,,,,,/home/runner/work/Solana-Memecoin-Analysis/Solana-Memecoin-Analysis/data/cache/2026-10-08/001019397339_multi_pools_1029db6c7901.json,2
2026-10-08T00:05:26.425711+00:00,BpnwYYh6m5im4Q98kBLkk3W9HyaWWB6dDfEzZJ6geews,solana,Pump.fun,7byz2CdCpk6NGdGKWYYTC44sqHnSquzgyf3kouSUWnau,SISTERS,So11111111111111111111111111111111111111112,SOL,2026-10-06T22:47:54Z,3.861270968040127e-06,3417.090637,,2599.1393,121.06139610362207,,,0.0,0.0,0.0,0.0,0.0,0.0,0,0,0,0,0,0,0,0,0,0,0,0,0,0,0,0,0,0,0,0,0,0,0,0,0.0,0.0,0.0,0.0,0.0,0.0,snapshot,,,,,,,/home/runner/work/Solana-Memecoin-Analysis/Solana-Memecoin-Analysis/data/cache/2026-10-08/001019397339_multi_pools_1029db6c7901.json,2
2026-10-08T00:05:26.425711+00:00,7wAcyeuFD2FVra3U5Ht7efhPuiHprEkvTz2N4XFmdnoM,solana,Pump.fun,E2Q4HWFZqewNQDEMg3gQeaR862xFwZNcSNosrV7mpump,NARWHAL,So11111111111111111111111111111111111111112,SOL,2026-10-06T22:56:18Z,3.4314403456292074e-06,3431.440346,,2616.9266,120.74363351184954,,,0.0,0.0,0.0,0.0,0.0,0.0,0,0,0,0,0,0,0,0,0,0,0,0,0,0,0,0,0,0,0,0,0,0,0,0,0.0,0.0,0.0,0.0,0.0,0.0,snapshot,,,,,,,/home/runner/work/Solana-Memecoin-Analysis/Solana-Memecoin-Analysis/data/cache/2026-10-08/001019397339_multi_pools_1029db6c7901.json,2
2026-10-08T00:05:26.425711+00:00,HxjbkaZ6eyScTn3Rf7LjNSZrzzUYNLyiHsRqyofRzGzy,solana,Pump.fun,5b2p4txU447b4ooLKurpHPJARY13EDEJWV7Nu4ZWpump,RISKTEST,So11111111111111111111111111111111111111112,SOL,2026-10-06T22:56:18Z,2.219072348840149e-06,4438.144698,,1690.1761,120.86814769890886,,,0.0,0.0,0.0,0.0,0.0,0.0,0,0,0,0,0,0,0,0,0,0,0,0,0,0,0,0,0,0,0,0,0,0,0,0,0.0,0.0,0.0,0.0,0.0,0.0,snapshot,,,,,,,/home/runner/work/Solana-Memecoin-Analysis/Solana-Memecoin-Analysis/data/cache/2026-10-08/001019397339_multi_pools_1029db6c7901.json,2
2026-10-08T00:05:26.425711+00:00,H1kHsWeVFPPG3CRu67xwUd97Zsc7R11UYzTa6Gc2kMSU,solana,Pump.fun,5EQdYSftRdswjDpxg1g7CfxSK9599xKdDPaJiWdkpump,lambo,So11111111111111111111111111111111111111112,SOL,2026-10-06T22:56:13Z,3.240900804741974e-06,3240.900805,,2575.1752,115.88787331822338,,,0.0,0.0,0.0,0.0,0.8507367023,0.8507367023,0,0,0,0,0,0,0,0,0,0,0,0,0,0,0,0,0,1,0,1,0,1,0,1,0.0,0.0,0.0,0.0,0.0,0.0,snapshot,,,,,,,/home/runner/work/Solana-Memecoin-Analysis/Solana-Memecoin-Analysis/data/cache/2026-10-08/001019397339_multi_pools_1029db6c7901.json,2
2026-10-08T00:05:26.425711+00:00,CnZsrHVPAr4wMRiZJAKmHx86qV9CVfq3gV8fQ8vN3hZu,solana,Pump.fun,Aej8TBomN2jqEi4YMv3wUkegkKiPzXjEkaZiiChfpump,$SHYLO,So11111111111111111111111111111111111111112,SOL,2026-10-06T22:56:11Z,3.285481697612811e-06,3285.481698,,2603.6093,116.19399769716998,,,0.0,0.0,0.0,0.0,4.909067745,208.2410891424,0,0,0,0,0,0,0,0,0,0,0,0,0,0,0,0,1,1,1,1,6,6,5,4,0.0,0.0,0.0,0.0,-0.075,-8.2,snapshot,,,,,,,/home/runner/work/Solana-Memecoin-Analysis/Solana-Memecoin-Analysis/data/cache/2026-10-08/001019397339_multi_pools_1029db6c7901.json,2
2026-10-08T00:05:26.425711+00:00,JBmom7PMQodeStUXndMzGJMirAaCsuaCXKj6SkRaY9P4,solana,Meteora DBC,CmG22J8H8A9mSTfw7Ld2hdrdBW4gpkRoY83Dz9DMpump,BACKERS,So11111111111111111111111111111111111111112,SOL,2026-10-06T22:56:04Z,5.490800759864788e-12,0.00549080076,,0.0,120.7975991469642,,,0.0,0.0,0.0,0.0,0.0,0.0,0,0,0,0,0,0,0,0,0,0,0,0,0,0,0,0,0,0,0,0,0,0,0,0,0.0,0.0,0.0,0.0,0.0,0.0,snapshot,,,,,,,/home/runner/work/Solana-Memecoin-Analysis/Solana-Memecoin-Analysis/data/cache/2026-10-08/001019397339_multi_pools_1029db6c7901.json,2
2026-10-08T00:05:26.425711+00:00,7NBw3DKyvSXMQPnFD1zDopL5PiuTdD1gdx1ksj42t3n9,solana,Pump.fun,3XxPPgby2W8JCihpRBtYCj3DV5fqjdC4kXYdvFDUpump,EVIL,So11111111111111111111111111111111111111112,SOL,2026-10-06T22:56:03Z,6.952928803208126e-07,1390.5857606,,531.9817,120.86813620345015,,,0.0,0.0,0.0,0.0,0.0,0.0,0,0,0,0,0,0,0,0,0,0,0,0,0,0,0,0,0,0,0,0,0,0,0,0,0.0,0.0,0.0,0.0,0.0,0.0,snapshot,,,,,,,/home/runner/work/Solana-Memecoin-Analysis/Solana-Memecoin-Analysis/data/cache/2026-10-08/001019397339_multi_pools_1029db6c7901.json,2
2026-10-08T00:05:26.425711+00:00,Bw4z7gRxGT2ezFxVsEeAzeeP5Sj2gzhPdYpA6GeLYFzo,solana,Pump.fun,Rim3Ez3yoFAWYUxjLzFxYhbbMc9sd9XmoaViVXopump,BI,So11111111111111111111111111111111111111112,SOL,2026-10-06T22:56:02Z,1.5356654495956358e-07,307.13309,,119.1934,120.76612380509246,,,0.0,0.0,0.0,0.0,0.0,0.0,0,0,0,0,0,0,0,0,0,0,0,0,0,0,0,0,0,0,0,0,0,0,0,0,0.0,0.0,0.0,0.0,0.0,0.0,snapshot,,,,,,,/home/runner/work/Solana-Memecoin-Analysis/Solana-Memecoin-Analysis/data/cache/2026-10-08/001019397339_multi_pools_1029db6c7901.json,2
2026-10-08T00:05:26.425711+00:00,9nohtr1FC1G3Se6qqZhJWuqFDx1S9dB2hrnb46nU8NBR,solana,Pump.fun,Cux3qCMmRXwxskjXCbuzBpECxNGL2HpPfpxk2vakpump,Lane,So11111111111111111111111111111111111111112,SOL,2026-10-06T22:56:02Z,3.3790537094274726e-06,3379.053709,,2575.3261,120.8207462626997,,,0.0,0.0,0.0,0.0,0.0,0.0,0,0,0,0,0,0,0,0,0,0,0,0,0,0,0,0,0,0,0,0,0,0,0,0,0.0,0.0,0.0,0.0,0.0,0.0,snapshot,,,,,,,/home/runner/work/Solana-Memecoin-Analysis/Solana-Memecoin-Analysis/data/cache/2026-10-08/001019397339_multi_pools_1029db6c7901.json,2
2026-10-08T00:05:26.425711+00:00,8x2QZEBNbW8SDCt1dYahKJtVwVNP5qsBZSwqwTTRUWYR,solana,Pump.fun,CXfe5V6mz1fmqdBvctA1CRZfj5rKWU1cJoPf7DMXpump,ChatGPT,So11111111111111111111111111111111111111112,SOL,2026-10-06T23:05:00Z,1.2943099176018905e-05,12890.0646320802,,0.0,120.75911531198076,,,0.0,0.0,0.0,0.0,0.0,0.0,0,0,0,0,0,0,0,0,0,0,0,0,0,0,0,0,0,0,0,0,0,0,0,0,0.0,0.0,0.0,0.0,0.0,0.0,snapshot,,,,,,,/home/runner/work/Solana-Memecoin-Analysis/Solana-Memecoin-Analysis/data/cache/2026-10-08/001019397339_multi_pools_1029db6c7901.json,2
2026-10-08T00:05:26.425711+00:00,89BCKWvxnkS2tqAnNikzrFCZUfRmuwTt7ZD8vfDaehHa,solana,Pump.fun,2N54oCxHsaNxbFuChhgmAL6WXkvqyakX8oR6cpQcpump,DOGCRAFT,So11111111111111111111111111111111111111112,SOL,2026-10-06T23:04:33Z,3.3683165012364065e-06,3368.316501,,2575.4016,120.43370921384027,,,0.0,0.0,0.0,0.0,0.0,1.1924725653,0,0,0,0,0,0,0,0,0,0,0,0,0,0,0,0,0,0,0,0,0,1,0,1,0.0,0.0,0.0,0.0,0.0,0.0,snapshot,,,,,,,/home/runner/work/Solana-Memecoin-Analysis/Solana-Memecoin-Analysis/data/cache/2026-10-08/001019397339_multi_pools_1029db6c7901.json,2
2026-10-08T00:05:26.425711+00:00,CZUv68ydzjCdiYmdhyBXxLFuyzYiRcqK3upgjeaFZSCJ,solana,Pump.fun,58aMqhM7dUjLixcQPchanmkUnJyUBAsXmbfnNTRPpump,RARI,So11111111111111111111111111111111111111112,SOL,2026-10-06T23:04:31Z,2.1211210943500016e-06,4242.242188,,2082.1398,120.79345494256144,,,0.0,0.0,0.0,0.0,0.0,0.0,0,0,0,0,0,0,0,0,0,0,0,0,0,0,0,0,0,0,0,0,0,0,0,0,0.0,0.0,0.0,0.0,0.0,0.0,snapshot,,,,,,,/home/runner/work/Solana-Memecoin-Analysis/Solana-Memecoin-Analysis/data/cache/2026-10-08/001019397339_multi_pools_1029db6c7901.json,2
2026-10-08T00:05:26.425711+00:00,FieSg5cBhpEVqPGD65YB8ZpwoWmYpPsMhVxGc45nPJae,solana,Pump.fun,DpY2FfR1pmPZMMUSBG7So8j5B7HzeLvDNRYtfzLHpump,CHATMAN,So11111111111111111111111111111111111111112,SOL,2026-10-06T23:04:29Z,3.3811797880904367e-06,3381.179788,,2577.1547,120.81114347709433,,,0.0,0.0,0.0,0.0,0.0,0.0,0,0,0,0,0,0,0,0,0,0,0,0,0,0,0,0,0,0,0,0,0,0,0,0,0.0,0.0,0.0,0.0,0.0,0.0,snapshot,,,,,,,/home/runner/work/Solana-Memecoin-Analysis/Solana-Memecoin-Analysis/data/cache/2026-10-08/001019397339_multi_pools_1029db6c7901.json,2
2026-10-08T00:05:26.425711+00:00,9ZZkL61jLJZKGk3Pfwx25QumW4497gNvdaDZYk9vvfuW,solana,Pump.fun,Ai2cLQV3kuG6Xpc1a9ygbmeUZuzwTS2T9yp2CMxTAoiJ,FATINU,So11111111111111111111111111111111111111112,SOL,2026-10-06T23:04:19Z,3.3697655719832105e-06,3369.766258,,2574.972,120.50555967442472,,,0.0,0.0,0.0,0.0,0.0,1.1842260902,0,0,0,0,0,0,0,0,0,0,0,0,0,0,0,0,0,0,0,0,1,1,1,1,0.0,0.0,0.0,0.0,0.0,0.0,snapshot,,,,,,,/home/runner/work/Solana-Memecoin-Analysis/Solana-Memecoin-Analysis/data/cache/2026-10-08/001019397339_multi_pools_1029db6c7901.json,2
2026-10-08T00:05:26.425711+00:00,93dFTp8vSMnteetd48LWpgwFzKzJTCZiqdgX4F5NuHz1,solana,Pump.fun,8an9TXa91wcbKMek2RoZNXhuimZ2wnZMjiiyoBzEpump,$SLJK,So11111111111111111111111111111111111111112,SOL,2026-10-06T23:12:36Z,6.68168411079114e-06,14339.57817,,5423.9752,120.71804193524123,,,0.0,0.0,0.0,0.0,0.0,0.0,0,0,0,0,0,0,0,0,0,0,0,0,0,0,0,0,0,0,0,0,0,0,0,0,0.0,0.0,0.0,0.0,0.0,0.0,snapshot,,,,,,,/home/runner/work/Solana-Memecoin-Analysis/Solana-Memecoin-Analysis/data/cache/2026-10-08/001019397339_multi_pools_1029db6c7901.json,2
2026-10-08T00:05:26.425711+00:00,Bu6Zzq9cgUrxKBHVZDbv7pc9iBo2EJK4umrXLY4Q9oef,solana,Pump.fun,GeenFKNYpMANReaiwX9iecegBqDrwhaTXG2AtqJYpump,GOLD,So11111111111111111111111111111111111111112,SOL,2026-10-06T23:12:34Z,3.396979325449913e-06,3396.979325,,2595.2149,120.5307496728298,,,0.0,0.0,0.0,0.0,0.0,0.0,0,0,0,0,0,0,0,0,0,0,0,0,0,0,0,0,0,0,0,0,0,0,0,0,0.0,0.0,0.0,0.0,0.0,0.0,snapshot,,,,,,,/home/runner/work/Solana-Memecoin-Analysis/Solana-Memecoin-Analysis/data/cache/2026-10-08/001019397339_multi_pools_1029db6c7901.json,2
2026-10-08T00:05:26.425711+00:00,5j7n3bYoBoXKr2ntf4kpri2T56aLskpPxNqUBfCEwusw,solana,Pump.fun,FadWizgNjDmXYWMatqSmvaEpiThYF16sgv6Qtyshpump,SR,So11111111111111111111111111111111111111112,SOL,2026-10-06T23:12:31Z,3.429193462942804e-06,3477.409409,,2588.8059,120.79339858532319,,,0.0,0.0,0.0,0.0,0.0,0.0,0,0,0,0,0,0,0,0,0,0,0,0,0,0,0,0,0,0,0,0,0,0,0,0,0.0,0.0,0.0,0.0,0.0,0.0,snapshot,,,,,,,/home/runner/work/Solana-Memecoin-Analysis/Solana-Memecoin-Analysis/data/cache/2026-10-08/001019397339_multi_pools_1029db6c7901.json,2
2026-10-08T00:05:26.425711+00:00,6iexxCLkNSrUrftaJpjBeVXsbBxpcEoqRPKV8dZbvrt1,solana,Pump.fun,3vSaAs5LWvRBChGe3t7bH28hfxwPRrtJVbxWCuxTpump,3SUM,So11111111111111111111111111111111111111112,SOL,2026-10-06T23:12:30Z,3.4004055499557816e-06,3400.40555,,2593.8101,120.71804472280496,,,0.0,0.0,0.0,0.0,0.0,0.0,0,0,0,0,0,0,0,0,0,0,0,0,0,0,0,0,0,0,0,0,0,0,0,0,0.0,0.0,0.0,0.0,0.0,0.0,snapshot,,,,,,,/home/runner/work/Solana-Memecoin-Analysis/Solana-Memecoin-Analysis/data/cache/2026-10-08/001019397339_multi_pools_1029db6c7901.json,2
2026-10-08T00:05:26.425711+00:00,2NMdX3SfSd3TtG7WCMSKv7D1vNqcTEADrCbrFQqVENtc,solana,Meteora DBC,3bz5h7ziVypqDawGQ6g3SxcqRUkuiTJx9vpKz8T78uar,CONDO,So11111111111111111111111111111111111111112,SOL,2026-10-06T23:12:28Z,3.514232464936378e-05,35140.0001981975,,0.0,120.79366313554999,,,0.0,0.0,0.0,0.0,0.0,0.0,0,0,0,0,0,0,0,0,0,0,0,0,0,0,0,0,0,0,0,0,0,0,0,0,0.0,0.0,0.0,0.0,0.0,0.0,snapshot,,,,,,,/home/runner/work/Solana-Memecoin-Analysis/Solana-Memecoin-Analysis/data/cache/2026-10-08/001019397339_multi_pools_1029db6c7901.json,2
2026-10-08T00:05:26.425711+00:00,Egw5Ljxryz9np5msjczx93PYsfyZLCbjC7nXHHSE9WdW,solana,Pump.fun,8gjvp9bjnZpX9drfvF748sbqM7fRQKoer6LZ4cYJAyu1,MAKENOMISTAKE,So11111111111111111111111111111111111111112,SOL,2026-10-06T23:12:24Z,3.378783635801531e-06,3378.783636,,2581.3172,120.5307496728298,,,0.0,0.0,0.0,0.0,0.0,0.0,0,0,0,0,0,0,0,0,0,0,0,0,0,0,0,0,0,0,0,0,0,0,0,0,0.0,0.0,0.0,0.0,0.0,0.0,snapshot,,,,,,,/home/runner/work/Solana-Memecoin-Analysis/Solana-Memecoin-Analysis/data/cache/2026-10-08/001019397339_multi_pools_1029db6c7901.json,2
2026-10-08T00:05:26.425711+00:00,HERR8uNwLRpKb2jV8oGKos4HnwMyy299PcfEAu5n4Gkv,solana,Pump.fun,AAW2DpYbxRndXAy65DgAtaYUsa3JyeMbjpYWitzDpump,HUG,So11111111111111111111111111111111111111112,SOL,2026-10-06T23:21:06Z,3.3811881098412205e-06,3381.18811,,2585.2647,120.4323743366679,100.0,,0.0,0.0,0.0,0.0,0.0,0.0,0,0,0,0,0,0,0,0,0,0,0,0,0,0,0,0,0,0,0,0,0,0,0,0,0.0,0.0,0.0,0.0,0.0,0.0,snapshot,,,,,,,/home/runner/work/Solana-Memecoin-Analysis/Solana-Memecoin-Analysis/data/cache/2026-10-08/001019397339_multi_pools_1029db6c7901.json,2
2026-10-08T00:05:26.425711+00:00,DSP21Nbw7VbYrZXMfgvjUUQmZ9JyyCwCxRWpPGLZBrpp,solana,Pump.fun,2zT8dyKt2kBc8wRhMPiU9Azpe7Edmf2AQ7EDohJWpump,BF,So11111111111111111111111111111111111111112,SOL,2026-10-06T23:20:40Z,1.4716148799371173e-06,2943.22976,,1049.6013,120.60064872849482,100.0,,0.0,0.0,0.0,0.0,0.0,0.0,0,0,0,0,0,0,0,0,0,0,0,0,0,0,0,0,0,0,0,0,0,0,0,0,0.0,0.0,0.0,0.0,0.0,0.0,snapshot,,,,,,,/home/runner/work/Solana-Memecoin-Analysis/Solana-Memecoin-Analysis/data/cache/2026-10-08/001019397339_multi_pools_1029db6c7901.json,2
2026-10-08T00:05:26.425711+00:00,7jAPLt5jRXZf52WAGqSkG2fZn82qMSGrXLBVvos49dWi,solana,Pump.fun,2cgmUYnkcQws7gPMhME8F2Q3mAR5J662J4Q52b1rpump,SCRVAN,So11111111111111111111111111111111111111112,SOL,2026-10-06T23:32:10Z,3.670647263974204e-06,7341.294528,,2086.5401,120.43144742790125,,,0.0,0.0,0.0,0.0,0.0,0.0,0,0,0,0,0,0,0,0,0,0,0,0,0,0,0,0,0,0,0,0,0,0,0,0,0.0,0.0,0.0,0.0,0.0,0.0,snapshot,,,,,,,/home/runner/work/Solana-Memecoin-Analysis/Solana-Memecoin-Analysis/data/cache/2026-10-08/001019397339_multi_pools_1029db6c7901.json,2
2026-10-08T00:05:26.425711+00:00,4NLM8Z1FtDXxsS59J9TK4jmWmTCCAx4Hohy8WfNyNwzt,solana,Pump.fun,4k3ngq1ySYCEeECsQtNZVQ8yp3PYosapitsvJL8WD98d,RUGF,So11111111111111111111111111111111111111112,SOL,2026-10-06T23:32:04Z,3.37374547689319e-06,3373.745477,,2578.7918,120.4692482830243,,,0.0,0.0,0.0,0.0,0.0,0.0,0,0,0,0,0,0,0,0,0,0,0,0,0,0,0,0,0,0,0,0,0,0,0,0,0.0,0.0,0.0,0.0,0.0,0.0,snapshot,,,,,,,/home/runner/work/Solana-Memecoin-Analysis/Solana-Memecoin-Analysis/data/cache/2026-10-08/001019397339_multi_pools_1029db6c7901.json,2
2026-10-08T00:05:26.425711+00:00,TXRzZ3VkHmsmGM3KFJZb95xi2xJNeWhLBpupUw6cBMr,solana,PumpSwap,CBdMeL9oEwvCtNjd8WfKnwz3FDwsayv15ZfMwpGArEk3,AAPL,So11111111111111111111111111111111111111112,SOL,2026-10-06T23:32:00Z,6.022438149017942e-05,60259.50075,,6.319723787e-07,120.64589661129432,100.0,,0.0,0.0,0.0,0.0,0.0,0.0,0,0,0,0,0,0,0,0,0,0,0,0,0,0,0,0,0,0,0,0,0,0,0,0,0.0,0.0,0.0,0.0,0.0,0.0,snapshot,,,,,,,/home/runner/work/Solana-Memecoin-Analysis/Solana-Memecoin-Analysis/data/cache/2026-10-08/001026969388_multi_pools_3fa2d82e884c.json,2
2026-10-08T00:05:26.425711+00:00,HSBPcCvCuqXoMtzSKwBbCpzFiCnKhzav8iChzDySPbjX,solana,Meteora DAMM V2,CBdMeL9oEwvCtNjd8WfKnwz3FDwsayv15ZfMwpGArEk3,AAPL,So11111111111111111111111111111111111111112,SOL,2026-10-06T23:31:59Z,0.00042704046342224736,427029.0805,,0.0116,120.56446878708907,,,0.0,0.0,0.0,0.0,0.0,0.0,0,0,0,0,0,0,0,0,0,0,0,0,0,0,0,0,0,0,0,0,0,0,0,0,0.0,0.0,0.0,0.0,0.0,0.0,snapshot,,,,,,,/home/runner/work/Solana-Memecoin-Analysis/Solana-Memecoin-Analysis/data/cache/2026-10-08/001026969388_multi_pools_3fa2d82e884c.json,2
2026-10-08T00:05:26.425711+00:00,GuRggCc2HTHTqHoACJcwFSk7otHiAMcUPHkXLiLigFJx,solana,Pump.fun,F58QFRguYt2jEDg7neo3F2KALtVu9eg24CkJ1xQEpump,PEPE,So11111111111111111111111111111111111111112,SOL,2026-10-06T23:41:46Z,3.3739783778103298e-06,3373.978378,,2574.554,120.6758330907121,100.0,,0.0,0.0,0.0,0.0,0.0,0.0,0,0,0,0,0,0,0,0,0,0,0,0,0,0,0,0,0,0,0,0,0,0,0,0,0.0,0.0,0.0,0.0,0.0,0.0,snapshot,,,,,,,/home/runner/work/Solana-Memecoin-Analysis/Solana-Memecoin-Analysis/data/cache/2026-10-08/001026969388_multi_pools_3fa2d82e884c.json,2
2026-10-08T00:05:26.425711+00:00,6pMBeAE22UFLqCh7otE2mdawJR9vfr9ZgeCtkuL6339o,solana,Bags.fm,BrG9UtrnX1anvQpJq6Z3it7gkzUpT9xmFE93neaWBAGS,PAYBACK,So11111111111111111111111111111111111111112,SOL,2026-10-06T23:41:46Z,3.532189128854467e-05,35321.89129,,34934.416,117.39501245820865,,,0.0,0.0,0.0,0.0,0.0,13.3627187557,0,0,0,0,0,0,0,0,0,0,0,0,0,0,0,0,0,0,0,0,0,2,0,2,0.0,0.0,0.0,0.0,0.0,-2.984,snapshot,,,,,,,/home/runner/work/Solana-Memecoin-Analysis/Solana-Memecoin-Analysis/data/cache/2026-10-08/001026969388_multi_pools_3fa2d82e884c.json,2
2026-10-08T00:05:26.425711+00:00,9gReeWCPQ1HKyd5M8C1FC6z2omUToixkocmTKPkXUpgs,solana,Pump.fun,64u3k97sQmmArCCnXyYAzcaHU1kxdMt5vFY55DdHpump,WORMHOOK,So11111111111111111111111111111111111111112,SOL,2026-10-06T23:41:44Z,3.4297531911996934e-06,3429.753191,,2614.1227,120.81387426807599,,,0.0,0.0,0.0,0.0,0.0,0.0,0,0,0,0,0,0,0,0,0,0,0,0,0,0,0,0,0,0,0,0,0,0,0,0,0.0,0.0,0.0,0.0,0.0,0.0,snapshot,,,,,,,/home/runner/work/Solana-Memecoin-Analysis/Solana-Memecoin-Analysis/data/cache/2026-10-08/001026969388_multi_pools_3fa2d82e884c.json,2
2026-10-08T00:05:26.425711+00:00,5UABTZmN7dDgBDPwVSvJh5BD5f3huGiL5EZEH9LKQcs7,solana,Pump.fun,4YtCE8SEtvPx1dFoux5adqbSNntLzpEFwxeaUnxVpump,Beat,So11111111111111111111111111111111111111112,SOL,2026-10-06T23:41:23Z,3.3729360466448445e-06,3372.9301524601,,2572.4525,120.73713737961721,100.0,,0.0,0.0,0.0,0.0,0.0,0.0,0,0,0,0,0,0,0,0,0,0,0,0,0,0,0,0,0,0,0,0,0,0,0,0,0.0,0.0,0.0,0.0,0.0,0.0,snapshot,,,,,,,/home/runner/work/Solana-Memecoin-Analysis/Solana-Memecoin-Analysis/data/cache/2026-10-08/001026969388_multi_pools_3fa2d82e884c.json,2
2026-10-08T00:05:26.425711+00:00,2T4DjLWwdegQbzgXf74u5z1LyQ4nLZmDBiVk8rTeZuuv,solana,Pump.fun,CxTCnRLGurJv2MbEGvxqsj6Wp5zUsQ54hLC1BHs4pump,$AURA,So11111111111111111111111111111111111111112,SOL,2026-10-06T23:41:19Z,5.538102781553509e-06,11076.205564,,3865.9817,120.61453484217803,100.0,,0.0,0.0,0.0,0.0,0.0,0.0,0,0,0,0,0,0,0,0,0,0,0,0,0,0,0,0,0,0,0,0,0,0,0,0,0.0,0.0,0.0,0.0,0.0,0.0,snapshot,,,,,,,/home/runner/work/Solana-Memecoin-Analysis/Solana-Memecoin-Analysis/data/cache/2026-10-08/001026969388_multi_pools_3fa2d82e884c.json,2
2026-10-08T00:05:26.425711+00:00,6Ri3bSncKVPUozdt3hCBHNc7uoonSBGeT5wDVpT89Vh8,solana,PumpSwap,546KkLu9bXk3E32CaGmRixxfvdMRjpPqH8HD8kJYpump,BABYBATON,So11111111111111111111111111111111111111112,SOL,2026-10-06T23:41:16Z,2.983757352753052e-06,2971.3574552144,,3264.1499,115.67880421360219,100.0,,0.0,0.0,0.0,0.0,15.727581615,1182990.70882945,0,0,0,0,0,0,0,0,0,0,0,0,0,0,0,0,3,4,2,4,30722,30555,1663,1265,0.0,0.0,0.0,0.0,-1.78,-99.576,snapshot,,,,,,,/home/runner/work/Solana-Memecoin-Analysis/Solana-Memecoin-Analysis/data/cache/2026-10-08/001026969388_multi_pools_3fa2d82e884c.json,2
2026-10-08T00:05:26.425711+00:00,6CBcoAF35urFgGKMM91528cgS84vEmytqVHmAyzhV4JQ,solana,Pump.fun,7s7t5exVbzwk9Fwx1LLCkDVcp7XirJkCo9YYJBqUpump,Fox,So11111111111111111111111111111111111111112,SOL,2026-10-06T23:50:06Z,1.2401161598405781e-05,24802.3232,,9031.1418,120.9036711687068,100.0,,0.0,0.0,0.0,0.0,0.0,0.0,0,0,0,0,0,0,0,0,0,0,0,0,0,0,0,0,0,0,0,0,0,0,0,0,0.0,0.0,0.0,0.0,0.0,0.0,snapshot,,,,,,,/home/runner/work/Solana-Memecoin-Analysis/Solana-Memecoin-Analysis/data/cache/2026-10-08/001026969388_multi_pools_3fa2d82e884c.json,2
2026-10-08T00:05:26.425711+00:00,AVx9FSsRsdKWpkXgVJMhsffN83NUe8aNiTwq6uxA2MuY,solana,Pump.fun,3zW2wwLD3H4GtktQV8HM4WcRH4uX1LxpdKduNxczy9iB,MAZE,So11111111111111111111111111111111111111112,SOL,2026-10-06T23:50:05Z,3.480311422316955e-06,3480.311422,,2652.4807,120.89700506247954,100.0,,0.0,0.0,0.0,0.0,0.0,0.0,0,0,0,0,0,0,0,0,0,0,0,0,0,0,0,0,0,0,0,0,0,0,0,0,0.0,0.0,0.0,0.0,0.0,0.0,snapshot,,,,,,,/home/runner/work/Solana-Memecoin-Analysis/Solana-Memecoin-Analysis/data/cache/2026-10-08/001026969388_multi_pools_3fa2d82e884c.json,2
2026-10-08T00:05:26.425711+00:00,7eN19Ar3zshxFBRS5dHPZ7nR181kg19MjJHTk2fLnRUW,solana,Pump.fun,4mM3FYmXV9SqeJTwkynX2fVuGGb6hHeWscHwWqz2pump,PRELIST,So11111111111111111111111111111111111111112,SOL,2026-10-06T23:50:02Z,3.4040369616355433e-06,3404.036962,,2597.7844,120.73692003713009,100.0,,0.0,0.0,0.0,0.0,0.0,0.0,0,0,0,0,0,0,0,0,0,0,0,0,0,0,0,0,0,0,0,0,0,0,0,0,0.0,0.0,0.0,0.0,0.0,0.0,snapshot,,,,,,,/home/runner/work/Solana-Memecoin-Analysis/Solana-Memecoin-Analysis/data/cache/2026-10-08/001026969388_multi_pools_3fa2d82e884c.json,2
2026-10-08T00:05:26.425711+00:00,831LoxJhQMgNFZjyzRfjxcGYUb6uVL5RuposW6Gyu89y,solana,Pump.fun,EwjmhAyy9JmSXLRs9NNpvXhxyhcGAgAyyjU9YgnDpump,MAZE,So11111111111111111111111111111111111111112,SOL,2026-10-06T23:49:54Z,3.3786647281235723e-06,3378.664728,,2576.826,120.81169330386734,100.0,,0.0,0.0,0.0,0.0,0.0,0.0,0,0,0,0,0,0,0,0,0,0,0,0,0,0,0,0,0,0,0,0,0,0,0,0,0.0,0.0,0.0,0.0,0.0,0.0,snapshot,,,,,,,/home/runner/work/Solana-Memecoin-Analysis/Solana-Memecoin-Analysis/data/cache/2026-10-08/001026969388_multi_pools_3fa2d82e884c.json,2
2026-10-08T00:05:26.425711+00:00,6RMMjF2Fa73Tr7F7sLF4eqgykRbA5wLGeSuHWLxqxAiq,solana,Pump.fun,9f6w9sXk7P5FxAmQ1McjFgSoVQKGorYfp1mfYimKpump,WDCH,So11111111111111111111111111111111111111112,SOL,2026-10-06T23:49:53Z,3.389613602740127e-06,3389.613603,,2584.8422,120.82737648519797,100.0,,0.0,0.0,0.0,0.0,0.0,0.0,0,0,0,0,0,0,0,0,0,0,0,0,0,0,0,0,0,0,0,0,0,0,0,0,0.0,0.0,0.0,0.0,0.0,0.0,snapshot,,,,,,,/home/runner/work/Solana-Memecoin-Analysis/Solana-Memecoin-Analysis/data/cache/2026-10-08/001026969388_multi_pools_3fa2d82e884c.json,2
2026-10-08T00:05:26.425711+00:00,6RC1wRM6RD6FNLnCJv68UPW9VHQuTYE5yW9vbXHPzmy9,solana,Pump.fun,Bgz96kyzrTqC74GpuxvR6rFgLHJkp796B7XVXpUpZh9Z,BRAINROTLG,So11111111111111111111111111111111111111112,SOL,2026-10-07T00:00:04Z,3.368461855863763e-06,3368.461856,,2575.866,120.4173209638962,100.0,,0.0,0.0,0.0,0.0,0.0,134.4222293309,0,0,0,0,0,0,0,0,0,0,0,0,0,0,0,0,0,0,0,0,1,2,1,2,0.0,0.0,0.0,0.0,0.0,-6.838,snapshot,,,,,,,/home/runner/work/Solana-Memecoin-Analysis/Solana-Memecoin-Analysis/data/cache/2026-10-08/001026969388_multi_pools_3fa2d82e884c.json,2
2026-10-08T00:05:26.425711+00:00,8jVw6gEY2E12UomMsRr59o4jVpxrdSZpcovtZjPGofUv,solana,Pump.fun,2CgFPA13NPo4LPHH8TUfJTZUuSy7HGgehdqLx4LFpump,SKOLTROON,So11111111111111111111111111111111111111112,SOL,2026-10-07T00:00:01Z,1.2440394503073747e-09,2.4880789,,1.997,120.43683053827016,100.0,,0.0,0.0,0.0,0.0,0.0,1.0143817553,0,0,0,0,0,0,0,0,0,0,0,0,0,0,0,0,0,0,0,0,0,17,0,10,0.0,0.0,0.0,0.0,0.0,-48.834,snapshot,,,,,,,/home/runner/work/Solana-Memecoin-Analysis/Solana-Memecoin-Analysis/data/cache/2026-10-08/001026969388_multi_pools_3fa2d82e884c.json,2
2026-10-08T00:05:26.425711+00:00,5j6LYUPrcqSWFg5bd11CyLeNfKjWAKn3Wo9WnjubtS6M,solana,Pump.fun,3B9cj6jEmRdWYTQQygovsKhHM19LJugKaaMTsUqLpump,BITLONG,3NZ9JMVBmGAqocybic2c7LQCJScmgsAZ6vQqTDzcqmJh,WBTC,2026-10-06T23:59:55Z,3.683236345504567e-06,3125.262064,,2642.5801,83344.10357805442,100.0,,0.0,0.0,0.0,0.0,773.6130662016,1797.2202702088,0,0,0,0,0,0,0,0,0,0,0,0,0,0,0,0,0,15,0,15,6,22,6,22,0.0,0.0,0.0,0.0,-26.467,-41.484,snapshot,,,,,,,/home/runner/work/Solana-Memecoin-Analysis/Solana-Memecoin-Analysis/data/cache/2026-10-08/001026969388_multi_pools_3fa2d82e884c.json,2
2026-10-08T00:05:26.425711+00:00,HAbcqFnfN6QoEmiZKhYoBXedwFo75e18oS8zFMEhqXec,solana,Pump.fun,3nhJJHm98aJ6MwkboYxrTHSeQyaUm9j5tXayD4WxViui,KARL,So11111111111111111111111111111111111111112,SOL,2026-10-06T23:59:45Z,3.820328866374037e-06,3976.433051,,2916.8208,120.60651499621456,100.0,,0.0,0.0,0.0,0.0,0.0,0.0,0,0,0,0,0,0,0,0,0,0,0,0,0,0,0,0,0,0,0,0,0,0,0,0,0.0,0.0,0.0,0.0,0.0,0.0,snapshot,,,,,,,/home/runner/work/Solana-Memecoin-Analysis/Solana-Memecoin-Analysis/data/cache/2026-10-08/001026969388_multi_pools_3fa2d82e884c.json,2
2026-10-08T00:05:26.425711+00:00,2h9TG4Y7FADxVYv58qoMJn7PMgntyqitu3xT9qTZYz1s,solana,Pump.fun,5vZtqnD61JDhsuSkMyJf7nXYpKpANn9shHfU3T9vpump,PEPE,So11111111111111111111111111111111111111112,SOL,2026-10-06T23:59:43Z,6.359155334690761e-07,1271.831067,,487.3637,120.62615600664053,100.0,,0.0,0.0,0.0,0.0,0.0,0.0,0,0,0,0,0,0,0,0,0,0,0,0,0,0,0,0,0,0,0,0,0,0,0,0,0.0,0.0,0.0,0.0,0.0,0.0,snapshot,,,,,,,/home/runner/work/Solana-Memecoin-Analysis/Solana-Memecoin-Analysis/data/cache/2026-10-08/001026969388_multi_pools_3fa2d82e884c.json,2
2026-10-08T00:05:26.425711+00:00,GGpxmBefVBnJ1F3Nxk6K4i6UdS6gAUPvV4gX6SbG2QKq,solana,Meteora DAMM V2,2BgVYH6fnM2FUtFZ8Ruqx963fHLmuMgtq4515P78XUUb,NIGGER,So11111111111111111111111111111111111111112,SOL,2026-10-06T23:59:42Z,7.846694716822876e-07,784.6657493378,,0.0697,118.30996050443916,,,0.0,0.0,0.0,0.0,0.0,61.6744015693,0,0,0,0,0,0,0,0,0,0,0,0,0,0,0,0,0,0,0,0,538,498,32,38,0.0,0.0,0.0,0.0,0.0,-98.829,snapshot,,,,,,,/home/runner/work/Solana-Memecoin-Analysis/Solana-Memecoin-Analysis/data/cache/2026-10-08/001026969388_multi_pools_3fa2d82e884c.json,2
2026-10-08T00:05:26.425711+00:00,FEDiXguDEXbAEp6E9ckXWahS4qARoaxjt9tzyQSozQQk,solana,Meteora DBC,2BgVYH6fnM2FUtFZ8Ruqx963fHLmuMgtq4515P78XUUb,NIGGER,So11111111111111111111111111111111111111112,SOL,2026-10-06T23:59:42Z,2.9171203266279563e-10,0.2917106489,,0.0,120.66060360879786,,,0.0,0.0,0.0,0.0,0.0,0.0,0,0,0,0,0,0,0,0,0,0,0,0,0,0,0,0,0,0,0,0,0,0,0,0,0.0,0.0,0.0,0.0,0.0,0.0,snapshot,,,,,,,/home/runner/work/Solana-Memecoin-Analysis/Solana-Memecoin-Analysis/data/cache/2026-10-08/001026969388_multi_pools_3fa2d82e884c.json,2
2026-10-08T00:05:26.425711+00:00,6cErqEzhSXNZcJuXTr1zqyHZfAEvSBq9qSm2V5KQVoJF,solana,Pump.fun,3UeghnvXPXnLaB6bU8Jb6H59vuXN5wEoi56soZhn17Mv,JIHAD,So11111111111111111111111111111111111111112,SOL,2026-10-07T00:09:06Z,3.6538141163022044e-06,3653.814116,,2785.9801,120.58824568094744,,,0.0,0.0,0.0,0.0,0.0,6960.4718622704,0,0,0,0,0,0,0,0,0,0,0,0,0,0,0,0,0,0,0,0,46,34,31,27,0.0,0.0,0.0,0.0,0.0,-29.182,snapshot,,,,,,,/home/runner/work/Solana-Memecoin-Analysis/Solana-Memecoin-Analysis/data/cache/2026-10-08/001026969388_multi_pools_3fa2d82e884c.json,2
2026-10-08T00:05:26.425711+00:00,EjWETbAdH2eMW6ebiprTT682byQiGuScjkC5iXL5F3JA,solana,Pump.fun,Cfjzc46ef3rRS1f6uuZAwnkY3ZrR6rb5XURBNhB5pump,$MC,So11111111111111111111111111111111111111112,SOL,2026-10-07T00:09:05Z,7.4592107787704e-07,1491.8421558,,554.9329,120.53276774525723,100.0,,0.0,0.0,0.0,0.0,0.0,25666.1558428682,0,0,0,0,0,0,0,0,0,0,0,0,0,0,0,0,0,0,0,0,52,66,13,13,0.0,0.0,0.0,0.0,0.0,-78.891,snapshot,,,,,,,/home/runner/work/Solana-Memecoin-Analysis/Solana-Memecoin-Analysis/data/cache/2026-10-08/001026969388_multi_pools_3fa2d82e884c.json,2
2026-10-08T00:05:26.425711+00:00,Hbko2BLFVZRnArPr1wXEuwXrqYtQ8jXzKp6Z3VKR6Fcg,solana,Meteora DAMM V2,AaCTyPKN7dngP96JDCuUBswrNjzvFdqu1XwoAYh9uirr,YouTube,So11111111111111111111111111111111111111112,SOL,2026-10-07T00:09:01Z,0.00015264324117355917,152643.2412,,0.0581,120.34237063659198,,,0.0,0.0,0.0,0.0,0.0,0.3190367025,0,0,0,0,0,0,0,0,0,0,0,0,0,0,0,0,0,0,0,0,8,1,7,1,0.0,0.0,0.0,0.0,0.0,5708.881,snapshot,,,,,,,/home/runner/work/Solana-Memecoin-Analysis/Solana-Memecoin-Analysis/data/cache/2026-10-08/001026969388_multi_pools_3fa2d82e884c.json,2
2026-10-08T00:05:26.425711+00:00,AMbMnmBxcHaSFS6Y9uSGGbMEzZrTgY9cJ8znm18Qq3bt,solana,Pump.fun,CWfxt3cg95PvBqFrz4wKhSqYCFS1LoYoXENkjcwFpump,SPOUT,So11111111111111111111111111111111111111112,SOL,2026-10-07T00:08:55Z,3.6389000263448986e-06,3786.301389,,2638.8763,120.45096298670465,100.0,,0.0,0.0,0.0,0.0,0.0,3583.7396361865,0,0,0,0,0,0,0,0,0,0,0,0,0,0,0,0,0,0,0,0,36,33,34,33,0.0,0.0,0.0,0.0,0.0,-7.078,snapshot,,,,,,,/home/runner/work/Solana-Memecoin-Analysis/Solana-Memecoin-Analysis/data/cache/2026-10-08/001026969388_multi_pools_3fa2d82e884c.json,2
2026-10-08T00:05:26.425711+00:00,6ywFhqcyT2A4cnnViPbLZWMJ29sTj43Fp5KPw198nf3A,solana,Meteora DAMM V2,3p8YvDrDdxN7TTpaQypHh85D1YjyqJ1M2rSAr5j5n7xp,CLANKTREAS,So11111111111111111111111111111111111111112,SOL,2026-10-07T00:08:45Z,1.4437410288207784e-07,144.3741029,,278.756,120.41669422575733,100.0,,0.0,0.0,0.0,0.0,0.0,1048.8942830399,0,0,0,0,0,0,0,0,0,0,0,0,0,0,0,0,0,0,0,0,2,71,2,42,0.0,0.0,0.0,0.0,0.0,-98.561,snapshot,,,,,,,/home/runner/work/Solana-Memecoin-Analysis/Solana-Memecoin-Analysis/data/cache/2026-10-08/001026969388_multi_pools_3fa2d82e884c.json,2
2026-10-08T00:05:26.425711+00:00,ByxWnY9gPpGUXxhVweki4B6oswExPZCTFTN88TeBqMcy,solana,Pump.fun,J4ZBnsWdDf37yiUrqpeLSE5b1gHrRWYsjLVo9XZZpump,MILVUS,So11111111111111111111111111111111111111112,SOL,2026-10-07T00:08:43Z,3.381889088884248e-06,3381.889089,,2584.0406,120.58956965866372,,,0.0,0.0,0.0,0.0,0.0,2244.3391660509,0,0,0,0,0,0,0,0,0,0,0,0,0,0,0,0,0,0,0,0,9,10,9,9,0.0,0.0,0.0,0.0,0.0,-29.091,snapshot,,,,,,,/home/runner/work/Solana-Memecoin-Analysis/Solana-Memecoin-Analysis/data/cache/2026-10-08/001026969388_multi_pools_3fa2d82e884c.json,2
2026-10-08T00:05:26.425711+00:00,DdB2n9twn91whSxhmASBMkY3DGHLZHyfi3FLDekRKon,solana,Pump.fun,5UDGU4UFKZgwuwrreNTd4JFUBnFWX3QPs7ziwiJXpump,MDGA,So11111111111111111111111111111111111111112,SOL,2026-10-07T00:16:40Z,4.07428502187178e-06,10445.714642,,3038.1547,120.45171759478716,,,0.0,0.0,0.0,0.0,0.0,947.110346864,0,0,0,0,0,0,0,0,0,0,0,0,0,0,0,0,0,0,0,0,39,28,9,9,0.0,0.0,0.0,0.0,0.0,53.682,snapshot,,,,,,,/home/runner/work/Solana-Memecoin-Analysis/Solana-Memecoin-Analysis/data/cache/2026-10-08/001026969388_multi_pools_3fa2d82e884c.json,2
2026-10-08T00:05:26.425711+00:00,Asie5ubF3hmwwWh5guGJMY52VwUDZ9ZRJcm6VzFTKsKs,solana,Pump.fun,6MJuXoLYBksK4gxectGLuA57ep8oWWNhy4QF5Jpmpump,trench,So11111111111111111111111111111111111111112,SOL,2026-10-07T00:16:31Z,5.7458282923612585e-06,11491.656584,,4375.4842,120.57002314474914,,,0.0,0.0,0.0,0.0,0.0,76.9169464256,0,0,0,0,0,0,0,0,0,0,0,0,0,0,0,0,0,0,0,0,42,6,2,2,0.0,0.0,0.0,0.0,0.0,69.867,snapshot,,,,,,,/home/runner/work/Solana-Memecoin-Analysis/Solana-Memecoin-Analysis/data/cache/2026-10-08/001026969388_multi_pools_3fa2d82e884c.json,2
2026-10-08T00:05:26.425711+00:00,8CXMifrGejTutiVp6AwzVYZo8GMwAjJcYoCRJcg674oM,solana,Pump.fun,47yxaDhvCRVBAWmBDVoSw4UR1UhVbNnRyeRMUJBBpump,biscot,So11111111111111111111111111111111111111112,SOL,2026-10-07T00:16:24Z,3.542377163219313e-06,7084.754326,,1911.42,120.58937027262311,,,0.0,0.0,0.0,0.0,0.0,24.0217207907,0,0,0,0,0,0,0,0,0,0,0,0,0,0,0,0,0,0,0,0,5,5,2,2,0.0,0.0,0.0,0.0,0.0,4.859,snapshot,,,,,,,/home/runner/work/Solana-Memecoin-Analysis/Solana-Memecoin-Analysis/data/cache/2026-10-08/001026969388_multi_pools_3fa2d82e884c.json,2
2026-10-08T00:05:26.425711+00:00,5z5Hc9paArz88XDgXrjSv3tKKSRF1EexZjbLv7bxTCdF,solana,Pump.fun,EcfDE2TinczhpVUatqneYwhkvK14noZD5uoLmrWr1Nc8,S&amp;P2,XsoCS1TfEyfFhfvj8EtZ528L3CaKBDBRqRapnBbDF2W,SPYx,2026-10-07T00:16:21Z,3.102515767436563e-06,3102.515767,,2372.3654,785.6830031911055,,,0.0,0.0,0.0,0.0,0.0,23.3297918624,0,0,0,0,0,0,0,0,0,0,0,0,0,0,0,0,0,0,0,0,1,1,1,1,0.0,0.0,0.0,0.0,0.0,0.009,snapshot,,,,,,,/home/runner/work/Solana-Memecoin-Analysis/Solana-Memecoin-Analysis/data/cache/2026-10-08/001026969388_multi_pools_3fa2d82e884c.json,2
2026-10-08T00:05:26.425711+00:00,FBsNaAihUCtU3YKjhwFFoses1uhnLYn8QqeJEfHVG9yy,solana,Pump.fun,BzJHwiGZT7iArzq32gUw9iW5ZSe2NLUUt1Ez9tnipump,$GRAMPS,So11111111111111111111111111111111111111112,SOL,2026-10-07T00:16:18Z,3.7391503078110992e-06,5583.17822,,2817.8708,120.56988906906247,,,0.0,0.0,0.0,0.0,0.0,184.9725581412,0,0,0,0,0,0,0,0,0,0,0,0,0,0,0,0,0,0,0,0,19,12,3,3,0.0,0.0,0.0,0.0,0.0,-17.784,snapshot,,,,,,,/home/runner/work/Solana-Memecoin-Analysis/Solana-Memecoin-Analysis/data/cache/2026-10-08/001041852755_multi_pools_197fae74456f.json,2
2026-10-08T00:05:26.425711+00:00,8H7gr9R6CfL2qpMUSPqxyr7ZfBpCQpDmLeM2r2BzYxGk,solana,Pump.fun,CbkCKVDCeJLpbLEeg12y4is72qyJx5yoa3G7Et6Cpump,matthew,So11111111111111111111111111111111111111112,SOL,2026-10-07T00:16:14Z,1.676075649691383e-06,3352.1513,,837.8597,120.45311709086438,100.0,,0.0,0.0,0.0,0.0,0.0,28800.4006430902,0,0,0,0,0,0,0,0,0,0,0,0,0,0,0,0,0,0,0,0,59,119,14,14,0.0,0.0,0.0,0.0,0.0,-51.891,snapshot,,,,,,,/home/runner/work/Solana-Memecoin-Analysis/Solana-Memecoin-Analysis/data/cache/2026-10-08/001041852755_multi_pools_197fae74456f.json,2
2026-10-08T00:05:26.425711+00:00,DDEjKyNMXA6nTRsZe15XMYEpfHAxcAN8F5Cv2w9fEd2B,solana,Pump.fun,DshPME2SBUV2GoxeqPVxqUf9BBDL3bM8f93mWEDppump,GOOPER,So11111111111111111111111111111111111111112,SOL,2026-10-07T00:25:31Z,3.6886953017417677e-06,8832.508106,,2816.4186,120.38624986793441,100.0,,0.0,0.0,0.0,0.0,0.0,98.7021545124,0,0,0,0,0,0,0,0,0,0,0,0,0,0,0,0,0,0,0,0,4,5,2,2,0.0,0.0,0.0,0.0,0.0,30.125,snapshot,,,,,,,/home/runner/work/Solana-Memecoin-Analysis/Solana-Memecoin-Analysis/data/cache/2026-10-08/001041852755_multi_pools_197fae74456f.json,2
2026-10-08T00:05:26.425711+00:00,Fed882QBoo6JoULxDa5Vos4Tijmp93s7W3ctcb2wmD5K,solana,Pump.fun,4WeJfCL8mC4o4P9NrjvLiDqjZTLyEspfEBbpws97pump,sow,So11111111111111111111111111111111111111112,SOL,2026-10-07T00:25:23Z,3.392864601033808e-06,3392.864601,,2596.3786,120.40594804844815,100.0,,0.0,0.0,0.0,0.0,0.0,1118.6349468201,0,0,0,0,0,0,0,0,0,0,0,0,0,0,0,0,0,0,0,0,6,3,5,3,0.0,0.0,0.0,0.0,0.0,-4.59,snapshot,,,,,,,/home/runner/work/Solana-Memecoin-Analysis/Solana-Memecoin-Analysis/data/cache/2026-10-08/001041852755_multi_pools_197fae74456f.json,2
2026-10-08T00:05:26.425711+00:00,D8sMatdBUorQCL9XQjGhhxkkFyMrn2NxRVF5Hd4hWmGf,solana,Pump.fun,A8Bzs4ELQbG88ty5utecnn5m2J4EbxMkasGeeEWqpump,TOLY,So11111111111111111111111111111111111111112,SOL,2026-10-07T00:25:20Z,3.3750601987044175e-06,3375.060199,,2585.7832,120.26489683414708,,,0.0,0.0,0.0,0.0,0.0,301.3849117075,0,0,0,0,0,0,0,0,0,0,0,0,0,0,0,0,0,0,0,0,31,25,30,20,0.0,0.0,0.0,0.0,0.0,-0.548,snapshot,,,,,,,/home/runner/work/Solana-Memecoin-Analysis/Solana-Memecoin-Analysis/data/cache/2026-10-08/001041852755_multi_pools_197fae74456f.json,2
2026-10-08T00:05:26.425711+00:00,HgUSbpgpWX5EeDbFvhP8KeG21nG2wjjxhuQXWA1FVjxD,solana,Pump.fun,2RmepgbVgWEyr3exTzYipTZ6U3STLoAdLEZYMEsipump,EVOLVE,So11111111111111111111111111111111111111112,SOL,2026-10-07T00:25:18Z,3.4013977566268942e-06,3401.397757,,2604.3484,120.33953311330329,,,0.0,0.0,0.0,0.0,0.0,5012.2528269598,0,0,0,0,0,0,0,0,0,0,0,0,0,0,0,0,0,0,0,0,25,31,23,24,0.0,0.0,0.0,0.0,0.0,-27.714,snapshot,,,,,,,/home/runner/work/Solana-Memecoin-Analysis/Solana-Memecoin-Analysis/data/cache/2026-10-08/001041852755_multi_pools_197fae74456f.json,2
2026-10-08T00:05:26.425711+00:00,6jZ8QMTXK8ZacpqQZKvWkSWsayMXfntfX7oKaHnDSx6r,solana,PumpSwap,HLe1EHonmHGcDe6SSrsKbmydD1BuabQPT7t2HYBawcr5,RARI,So11111111111111111111111111111111111111112,SOL,2026-10-07T00:33:09Z,0.00011775391159580119,117753.899249217,,9.10542948103207e-07,120.03905457199632,100.0,,0.0,0.0,0.0,0.0,0.0,9652527.44719121,0,0,0,0,0,0,0,0,0,0,0,0,0,0,0,0,0,0,0,0,6069,4489,1618,41,0.0,0.0,0.0,0.0,0.0,83.958,snapshot,,,,,,,/home/runner/work/Solana-Memecoin-Analysis/Solana-Memecoin-Analysis/data/cache/2026-10-08/001041852755_multi_pools_197fae74456f.json,2
2026-10-08T00:05:26.425711+00:00,5LizaKRvK8cQJry2ZE8mmLvt4BLZb2CCP3qwFhBRSTvS,solana,PumpSwap,5CV4PndVqtFXeAafwh1AAYeeNtU9oU42646WDs3XFvEW,TWEETCRAFT,So11111111111111111111111111111111111111112,SOL,2026-10-07T00:32:58Z,7.536582152599165e-05,75365.82153,,7.24980409066928e-07,119.8273246202978,100.0,,0.0,0.0,0.0,0.0,0.0,2588486.27151966,0,0,0,0,0,0,0,0,0,0,0,0,0,0,0,0,0,0,0,0,6095,4214,2102,106,0.0,0.0,0.0,0.0,0.0,634.565,snapshot,,,,,,,/home/runner/work/Solana-Memecoin-Analysis/Solana-Memecoin-Analysis/data/cache/2026-10-08/001041852755_multi_pools_197fae74456f.json,2
2026-10-08T00:05:26.425711+00:00,6FhRWStdxD55TBRjUNvtcPz1FwV31ytcv6bZ5TE6itLe,solana,Pump.fun,H96SEBq3SziadZBGT3TioMLgT6tuNbiVz6iAHXENpump,brrrrr,So11111111111111111111111111111111111111112,SOL,2026-10-07T00:44:30Z,2.2445189154490486e-06,6267.159178,,1745.7046,120.49903400593355,100.0,,0.0,0.0,0.0,0.0,0.0,114.5558140952,0,0,0,0,0,0,0,0,0,0,0,0,0,0,0,0,0,0,0,0,10,8,2,2,0.0,0.0,0.0,0.0,0.0,-7.447,snapshot,,,,,,,/home/runner/work/Solana-Memecoin-Analysis/Solana-Memecoin-Analysis/data/cache/2026-10-08/001041852755_multi_pools_197fae74456f.json,2
2026-10-08T00:05:26.425711+00:00,BR9x2Q3cqttskQ1r8Then1Tn7NeNjoZ6WF86vXihhvRM,solana,Pump.fun,31R7VZntseo97JQy1f86ASak7T5PweLcKCcyksJNpump,PokeCraft,So11111111111111111111111111111111111111112,SOL,2026-10-07T00:44:25Z,3.81540843104562e-06,3566.518472,,2812.9681,116.81037617126617,100.0,,0.0,0.0,0.0,0.0,0.0,18533.2332850037,0,0,0,0,0,0,0,0,0,0,0,0,0,0,0,0,0,0,0,0,157,126,99,102,0.0,0.0,0.0,0.0,0.0,-46.625,snapshot,,,,,,,/home/runner/work/Solana-Memecoin-Analysis/Solana-Memecoin-Analysis/data/cache/2026-10-08/001041852755_multi_pools_197fae74456f.json,2
2026-10-08T00:05:26.425711+00:00,6NjXhq5LqCezWPzmfkn9RJrchfG2rJqPWuSDxzb6jTdk,solana,Pump.fun,FcZGXqXwE57v1UEy6y5NgaoMQ9kn4LTSjtRMStovpump,$INU,So11111111111111111111111111111111111111112,SOL,2026-10-07T00:44:24Z,5.5504472174567345e-06,11100.894434,,4386.1028,120.49886930103618,100.0,,0.0,0.0,0.0,0.0,0.0,845.1943068531,0,0,0,0,0,0,0,0,0,0,0,0,0,0,0,0,0,0,0,0,4,3,2,2,0.0,0.0,0.0,0.0,0.0,56.0,snapshot,,,,,,,/home/runner/work/Solana-Memecoin-Analysis/Solana-Memecoin-Analysis/data/cache/2026-10-08/001041852755_multi_pools_197fae74456f.json,2
2026-10-08T00:05:26.425711+00:00,4YjUiSsDzWUXgikSW4oUiHRWNCZJLEKPAMJUvghQMwkF,solana,Pump.fun,4wW3ttb1LYRJrwuJVg78U421KoojFuiFqEJKZfGHpump,$DUD3,So11111111111111111111111111111111111111112,SOL,2026-10-07T00:44:09Z,3.469913893912095e-06,3469.913894,,2665.2021,119.96047185866999,100.0,,0.0,0.0,0.0,0.0,0.0,610.5471065474,0,0,0,0,0,0,0,0,0,0,0,0,0,0,0,0,0,0,0,0,5,4,3,3,0.0,0.0,0.0,0.0,0.0,-1.862,snapshot,,,,,,,/home/runner/work/Solana-Memecoin-Analysis/Solana-Memecoin-Analysis/data/cache/2026-10-08/001041852755_multi_pools_197fae74456f.json,2
2026-10-08T00:05:26.425711+00:00,F6XKws9yzLvQ4XUgRNmKw7kei7iwWMnyu2cEbwaNpxNb,solana,Pump.fun,3MmvwgRYvSuqsoNxzub3aaGH1yfATEh3AAkCyDsWpump,MAYHEMUS,So11111111111111111111111111111111111111112,SOL,2026-10-07T00:44:09Z,1.5303036634083216e-06,3060.607326,,2322.0025,120.4993402954869,,,0.0,0.0,0.0,0.0,0.0,22.0774466081,0,0,0,0,0,0,0,0,0,0,0,0,0,0,0,0,0,0,0,0,5,5,2,2,0.0,0.0,0.0,0.0,0.0,-54.667,snapshot,,,,,,,/home/runner/work/Solana-Memecoin-Analysis/Solana-Memecoin-Analysis/data/cache/2026-10-08/001041852755_multi_pools_197fae74456f.json,2
2026-10-08T00:05:26.425711+00:00,CtRfAoAQbNL6hdzBWkXYKvSxWjwu3cJsMqKAN4Yhg1ae,solana,Pump.fun,4tpq78JrEYkWgepz6igRjvfJrtfkrjZqJxFJFwV7HwDd,BISCOTTI,So11111111111111111111111111111111111111112,SOL,2026-10-07T00:44:08Z,3.421571467247306e-06,3421.571467,,2619.6838,120.34235021462388,100.0,,0.0,0.0,0.0,0.0,0.0,13463.8212303449,0,0,0,0,0,0,0,0,0,0,0,0,0,0,0,0,0,0,0,0,96,101,72,71,0.0,0.0,0.0,0.0,0.0,-17.282,snapshot,,,,,,,/home/runner/work/Solana-Memecoin-Analysis/Solana-Memecoin-Analysis/data/cache/2026-10-08/001041852755_multi_pools_197fae74456f.json,2
2026-10-08T00:05:26.425711+00:00,4esnhT4fjUjM7VfDeu4VmCRZ9fpNzfxL64gTRc5RKDoa,solana,Pump.fun,CiU9PsBf9BBgXykhKy2MVjSNQYEGin2BqZ4BjA2kpump,SPILLAGE,So11111111111111111111111111111111111111112,SOL,2026-10-07T00:53:40Z,3.415052099560522e-06,3508.201969,,2610.4668,120.55844521165017,100.0,,0.0,0.0,0.0,0.0,0.0,1786.8704557374,0,0,0,0,0,0,0,0,0,0,0,0,0,0,0,0,0,0,0,0,7,9,7,6,0.0,0.0,0.0,0.0,0.0,-11.12,snapshot,,,,,,,/home/runner/work/Solana-Memecoin-Analysis/Solana-Memecoin-Analysis/data/cache/2026-10-08/001041852755_multi_pools_197fae74456f.json,2
2026-10-08T00:05:26.425711+00:00,C5eP7P6z9QZXSJz6XdUFq88mWkF3DyXCKxFhwyrVJhSG,solana,Meteora DBC,FtkS2oZDnT1DYccPDz8V4dWffrS11BbjWH5bioCYvdwY,CANNRUSH,So11111111111111111111111111111111111111112,SOL,2026-10-07T00:53:15Z,1.004554131656476e-05,10045.54132,,0.0,120.60128445953328,,,0.0,0.0,0.0,0.0,0.0,1353.8548761242,0,0,0,0,0,0,0,0,0,0,0,0,0,0,0,0,0,0,0,0,90,1,89,1,0.0,0.0,0.0,0.0,0.0,5080.827,snapshot,,,,,,,/home/runner/work/Solana-Memecoin-Analysis/Solana-Memecoin-Analysis/data/cache/2026-10-08/001041852755_multi_pools_197fae74456f.json,2
2026-10-08T00:05:26.425711+00:00,GBaRXarmYnfafKPKTaaVBRU4EbXEfvXJFeG5Px6vkcS9,solana,Pump.fun,J3oR6J4AY93sKK1SzQHcVf4BZxtFWBEfym2HhVuBpump,SoggyCat,So11111111111111111111111111111111111111112,SOL,2026-10-07T00:53:15Z,3.404617198446157e-06,3404.617198,,2655.5045,120.55721247672612,100.0,,0.0,0.0,0.0,0.0,0.0,197.6887909728,0,0,0,0,0,0,0,0,0,0,0,0,0,0,0,0,0,0,0,0,2,3,1,1,0.0,0.0,0.0,0.0,0.0,-1.392,snapshot,,,,,,,/home/runner/work/Solana-Memecoin-Analysis/Solana-Memecoin-Analysis/data/cache/2026-10-08/001041852755_multi_pools_197fae74456f.json,2
2026-10-08T00:05:26.425711+00:00,7WGSYAUQ51ALvYPmejcAkKjrD8iwdkACKUeFhnbFFUVC,solana,Meteora DBC,FY7RiK1bzSAoLvSezkrCQayp9KNZepWymvh4SyxYfvEG,DEXPAD,So11111111111111111111111111111111111111112,SOL,2026-10-07T01:02:24Z,3.0101545961958067e-10,0.301001843,,0.0,120.3464352547955,,,0.0,0.0,0.0,0.0,0.0,0.05990273901,0,0,0,0,0,0,0,0,0,0,0,0,0,0,0,0,0,0,0,0,1,0,1,0,0.0,0.0,0.0,0.0,0.0,0.0,snapshot,,,,,,,/home/runner/work/Solana-Memecoin-Analysis/Solana-Memecoin-Analysis/data/cache/2026-10-08/001041852755_multi_pools_197fae74456f.json,2
2026-10-08T00:05:26.425711+00:00,3d1TuVYb3iA2ZaUDCszR8CiGMDoyx61sc8A9mtP4v9GH,solana,PumpSwap,KXYPwiNgCAiFZhCQpz8KUpYLTGCax8Q17p5gfMTpump,THREADS,So11111111111111111111111111111111111111112,SOL,2026-10-07T01:02:15Z,8.216908735748903e-10,1.6433817472,,2.4862,115.56233387886941,,,0.0,0.0,0.0,0.0,0.4525149248,109.3407782947,0,0,0,0,0,0,0,0,0,0,0,0,0,0,0,0,0,5,0,5,115,129,26,25,0.0,0.0,0.0,0.0,-30.383,-71.873,snapshot,,,,,,,/home/runner/work/Solana-Memecoin-Analysis/Solana-Memecoin-Analysis/data/cache/2026-10-08/001041852755_multi_pools_197fae74456f.json,2
2026-10-08T00:05:26.425711+00:00,FBuXiGxCE8sQXU9Zo44Z4QwHrkDMwjvDiokmVv8DKitA,solana,Pump.fun,F88k6fFq6EuZWNhyoN3xxfHLmrFqBVfTtrNzhHNUpump,CHARGE,So11111111111111111111111111111111111111112,SOL,2026-10-07T01:02:13Z,3.114181636649714e-06,6228.363274,,2302.0121,120.43550013245537,,,0.0,0.0,0.0,0.0,0.0,603.7980052165,0,0,0,0,0,0,0,0,0,0,0,0,0,0,0,0,0,0,0,0,38,29,5,5,0.0,0.0,0.0,0.0,0.0,-7.814,snapshot,,,,,,,/home/runner/work/Solana-Memecoin-Analysis/Solana-Memecoin-Analysis/data/cache/2026-10-08/001041852755_multi_pools_197fae74456f.json,2
2026-10-08T00:05:26.425711+00:00,BJReAis3JePngauH4fYbkwBkMtL9AvPz4jERouqEJtW1,solana,Meteora DBC,L8cYyMZZ18PLsydaHgM9Y62QuTX2cdVuRTBjutd41qc,DUNKRIG,So11111111111111111111111111111111111111112,SOL,2026-10-07T01:02:05Z,1.892817125079251e-07,189.2817125,,188.3119,119.86947985027994,,,0.0,0.0,0.0,0.0,0.0,2355.7718971764,0,0,0,0,0,0,0,0,0,0,0,0,0,0,0,0,0,0,0,0,139,155,126,134,0.0,0.0,0.0,0.0,0.0,-4.496,snapshot,,,,,,,/home/runner/work/Solana-Memecoin-Analysis/Solana-Memecoin-Analysis/data/cache/2026-10-08/001041852755_multi_pools_197fae74456f.json,2
2026-10-08T00:05:26.425711+00:00,Gj4XvWoSxtzZhKuQRQEbuX8kps2AAz5V8AyGpGPNWgdm,solana,Meteora DBC,2L3TsMvJqPm7CCzCaqroVjaoHdnv2c6NKpSEJHsjSX3Y,BISBAE,So11111111111111111111111111111111111111112,SOL,2026-10-07T01:11:12Z,1.9762275460201173e-07,197.6227546,,191.4487,120.0080409507726,,,0.0,0.0,0.0,0.0,0.0,23.6734341613,0,0,0,0,0,0,0,0,0,0,0,0,0,0,0,0,0,0,0,0,1,1,1,1,0.0,0.0,0.0,0.0,0.0,-0.257,snapshot,,,,,,,/home/runner/work/Solana-Memecoin-Analysis/Solana-Memecoin-Analysis/data/cache/2026-10-08/001041852755_multi_pools_197fae74456f.json,2
2026-10-08T00:05:26.425711+00:00,3ZGYdXmreDXHyuPWnJZWNV1MdqGbi1XFkX2V4s3kwB84,solana,Meteora DBC,FTRZQ8rVyoGBFK1gx8ShyvNwSBHUw68D2n4MbfFCJgUH,DEXPAD,So11111111111111111111111111111111111111112,SOL,2026-10-07T01:11:11Z,8.106798440274556e-05,81067.9844,,0.0,120.28760606359425,,,0.0,0.0,0.0,0.0,0.0,2050.1324027471,0,0,0,0,0,0,0,0,0,0,0,0,0,0,0,0,0,0,0,0,31,24,29,19,0.0,0.0,0.0,0.0,0.0,454.107,snapshot,,,,,,,/home/runner/work/Solana-Memecoin-Analysis/Solana-Memecoin-Analysis/data/cache/2026-10-08/001041852755_multi_pools_197fae74456f.json,2
2026-10-08T00:05:26.425711+00:00,12pSmpFBjqqVqd919LuP3y8v3EfrCud9n5SusWHFfDx,solana,Pump.fun,9XKBnJ4XX27Acr7aAN8DnKKvTGeGw9Ps83aXJfQipump,Rosie,So11111111111111111111111111111111111111112,SOL,2026-10-07T01:11:05Z,3.3638815145755946e-06,3363.881515,,2577.4206,120.27523206261402,,,0.0,0.0,0.0,0.0,0.0,2.3763095888,0,0,0,0,0,0,0,0,0,0,0,0,0,0,0,0,0,0,0,0,1,1,1,1,0.0,0.0,0.0,0.0,0.0,-0.042,snapshot,,,,,,,/home/runner/work/Solana-Memecoin-Analysis/Solana-Memecoin-Analysis/data/cache/2026-10-08/001041852755_multi_pools_197fae74456f.json,2
2026-10-08T00:05:26.425711+00:00,BHgoJdhHjNXP7CvDCcVkvWfeim9Sq5x1m7fTN7i4gae1,solana,Pump.fun,Cgh5cGw4XpcGbsSiaP8uh6PncanmKvppPxu4whb6pump,SPENCER,So11111111111111111111111111111111111111112,SOL,2026-10-07T01:11:05Z,3.584151785445372e-06,3584.151785,,2744.418,120.35308619609846,,,0.0,0.0,0.0,0.0,0.0,577.7514904871,0,0,0,0,0,0,0,0,0,0,0,0,0,0,0,0,0,0,0,0,2,3,2,3,0.0,0.0,0.0,0.0,0.0,0.022,snapshot,,,,,,,/home/runner/work/Solana-Memecoin-Analysis/Solana-Memecoin-Analysis/data/cache/2026-10-08/001041852755_multi_pools_197fae74456f.json,2
2026-10-08T00:05:26.425711+00:00,29Mcrga2PQuEZnShwTBuPBtHR3ahdier57ZRkMjAfJ99,solana,Pump.fun,HEuzBpKGpJwuTdvcKNFYewh4TU44GKbq1BW6bV9Rpump,LIKEMIKE,So11111111111111111111111111111111111111112,SOL,2026-10-07T01:10:47Z,3.3648032025797707e-06,3364.803203,,2576.8759,120.33368649827892,,,0.0,0.0,0.0,0.0,0.0,930.1971269161,0,0,0,0,0,0,0,0,0,0,0,0,0,0,0,0,0,0,0,0,6,6,6,6,0.0,0.0,0.0,0.0,0.0,-10.822,snapshot,,,,,,,/home/runner/work/Solana-Memecoin-Analysis/Solana-Memecoin-Analysis/data/cache/2026-10-08/001041852755_multi_pools_197fae74456f.json,2
2026-10-08T00:05:26.425711+00:00,JrKZCALtNBHyA1JUL59tVcFPLjTAQRKPGEoYLa3JRVb,solana,Meteora DAMM V2,EasZgY8ogQjyzmvhKitW94Ln9NhZuECEMhrNuRNwhSL6,cashrat,So11111111111111111111111111111111111111112,SOL,2026-10-07T01:10:32Z,9.20674277666157e-06,9124.0953564116,,2.008889945e-05,120.2878493786599,,,0.0,0.0,0.0,0.0,0.0,31110.6205309837,0,0,0,0,0,0,0,0,0,0,0,0,0,0,0,0,0,0,0,0,355,170,188,51,0.0,0.0,0.0,0.0,0.0,46.069,snapshot,,,,,,,/home/runner/work/Solana-Memecoin-Analysis/Solana-Memecoin-Analysis/data/cache/2026-10-08/001041852755_multi_pools_197fae74456f.json,2
2026-10-08T00:05:26.425711+00:00,9hCQeuSKmgTq6h9J4vJoQKAMwa6UHWgcw6hHxbKLugis,solana,Pump.fun,DNCLoEy2bw1dx61jp4SZrDqB4jCrCniEepzMbcQNSchy,TWEETCRAFT,So11111111111111111111111111111111111111112,SOL,2026-10-07T01:10:18Z,3.347429175175463e-06,3347.429175,,2637.099,116.95857485326617,,,0.0,0.0,0.0,0.0,0.0,5987.3276442749,0,0,0,0,0,0,0,0,0,0,0,0,0,0,0,0,0,0,0,0,39,63,31,31,0.0,0.0,0.0,0.0,0.0,-28.142,snapshot,,,,,,,/home/runner/work/Solana-Memecoin-Analysis/Solana-Memecoin-Analysis/data/cache/2026-10-08/001041852755_multi_pools_197fae74456f.json,2
2026-10-08T00:05:26.425711+00:00,C3Enih9TtyWEaTyT5PGwSJRYo1knHZpkfZ7kjekYF8Wt,solana,Pump.fun,2NRFWR5hEuBdS3A5PwRMVSSMEyBtts6DTFMuXbGzpump,INM,So11111111111111111111111111111111111111112,SOL,2026-10-07T01:31:08Z,3.3546678742028678e-06,3354.667874,,2577.0139,119.96472124244946,,,0.0,0.0,0.0,0.0,0.0,1.4359196763,0,0,0,0,0,0,0,0,0,0,0,0,0,0,0,0,0,0,0,0,2,2,2,2,0.0,0.0,0.0,0.0,0.0,0.028,snapshot,,,,,,,/home/runner/work/Solana-Memecoin-Analysis/Solana-Memecoin-Analysis/data/cache/2026-10-08/001041852755_multi_pools_197fae74456f.json,2
2026-10-08T00:05:26.425711+00:00,G9iT8EsM5V5EvkLASzaVXqqaJ46RKQWktPUJXQKRbgYR,solana,Pump.fun,4P6U5ifSpqtxpvp588QNLcyusVqx4sGEDK4vhdaLpump,cool elon,So11111111111111111111111111111111111111112,SOL,2026-10-07T01:30:52Z,3.3754538943752173e-06,3375.453894,,2594.0715,119.91444470407818,,,0.0,0.0,0.0,0.0,0.0,143.2721743718,0,0,0,0,0,0,0,0,0,0,0,0,0,0,0,0,0,0,0,0,8,5,2,2,0.0,0.0,0.0,0.0,0.0,0.554,snapshot,,,,,,,/home/runner/work/Solana-Memecoin-Analysis/Solana-Memecoin-Analysis/data/cache/2026-10-08/001041852755_multi_pools_197fae74456f.json,2
2026-10-08T00:05:26.425711+00:00,D8fjP5sRdScAaCvPSGJJSNyxsX6Qt3DJTp6qUh7XCHhq,solana,Pump.fun,Cp4XM54ryupY4oNdQETw7R4A6DZjNUXBCaJJwPopump,HANKO,So11111111111111111111111111111111111111112,SOL,2026-10-07T01:30:48Z,1.6704279438136547e-06,3340.855888,,1307.4412,119.94666089078267,100.0,,0.0,0.0,0.0,0.0,0.0,140.6028533525,0,0,0,0,0,0,0,0,0,0,0,0,0,0,0,0,0,0,0,0,13,13,6,6,0.0,0.0,0.0,0.0,0.0,-50.271,snapshot,,,,,,,/home/runner/work/Solana-Memecoin-Analysis/Solana-Memecoin-Analysis/data/cache/2026-10-08/001056734851_multi_pools_59cd3c3b4215.json,2
2026-10-08T00:05:26.425711+00:00,9t9ywG4rHd66Ye5RRHiistJfzArudKFSebd9NTQKZphP,solana,Meteora DAMM V2,hS93UNoDAr4LQGeBtqmQM2PWKdXy9JDq9nSFiepCLny,CLAUDIA,So11111111111111111111111111111111111111112,SOL,2026-10-07T01:42:55Z,1.2240228246411585e-05,12320.5778476782,,2.541682651e-05,119.96329608264044,,,0.0,0.0,0.0,0.0,0.0,19921.2985359502,0,0,0,0,0,0,0,0,0,0,0,0,0,0,0,0,0,0,0,0,407,107,355,43,0.0,0.0,0.0,0.0,0.0,15.427,snapshot,,,,,,,/home/runner/work/Solana-Memecoin-Analysis/Solana-Memecoin-Analysis/data/cache/2026-10-08/001056734851_multi_pools_59cd3c3b4215.json,2
2026-10-08T00:05:26.425711+00:00,7pYc998Hmu18fex8p5GFbYvJJwjrP8qtUZ6tTdEtTr3J,solana,Pump.fun,72utM9i7yvHsjTJiYpFR6KMmrQhNtSg6WVjnuN1bpump,Rento,So11111111111111111111111111111111111111112,SOL,2026-10-07T01:42:54Z,3.4131152211916484e-06,3413.115221,,2661.8605,118.1218513659069,100.0,,0.0,0.0,0.0,0.0,0.0,26036.9216346953,0,0,0,0,0,0,0,0,0,0,0,0,0,0,0,0,0,0,0,0,251,203,155,154,0.0,0.0,0.0,0.0,0.0,-69.198,snapshot,,,,,,,/home/runner/work/Solana-Memecoin-Analysis/Solana-Memecoin-Analysis/data/cache/2026-10-08/001056734851_multi_pools_59cd3c3b4215.json,2
2026-10-08T00:05:26.425711+00:00,AecURQPZNgspiabf4fEsyQChdPJ3CF2JdYuyZihQzzLQ,solana,Pump.fun,2RJnwpt9Mt5yc8PQeKgRM5Smhjz1ukApoD2URHJjpump,FEE,So11111111111111111111111111111111111111112,SOL,2026-10-07T01:42:46Z,3.4727548531993154e-06,3472.754853,,2722.8752,117.41243215381868,100.0,,0.0,0.0,0.0,0.0,0.0,50223.9496426041,0,0,0,0,0,0,0,0,0,0,0,0,0,0,0,0,0,0,0,0,296,252,200,196,0.0,0.0,0.0,0.0,0.0,-58.663,snapshot,,,,,,,/home/runner/work/Solana-Memecoin-Analysis/Solana-Memecoin-Analysis/data/cache/2026-10-08/001056734851_multi_pools_59cd3c3b4215.json,2
2026-10-08T00:05:26.425711+00:00,79EepGe2TTjDE9kkRSdcYmqZH2SXtsQWT6cbqFNvewJ7,solana,PumpSwap,V5ZALTiZubex6BWP1UKM4ugnANFsThQKgj9ayriBAGS,DRGNSPL,So11111111111111111111111111111111111111112,SOL,2026-10-07T01:42:44Z,0.0821398391632409,82139.83916,,0.000479375614704097,119.9361650966351,,,0.0,0.0,0.0,0.0,0.0,19233.6967697053,0,0,0,0,0,0,0,0,0,0,0,0,0,0,0,0,0,0,0,0,154,47,154,47,0.0,0.0,0.0,0.0,0.0,35.102,snapshot,,,,,,,/home/runner/work/Solana-Memecoin-Analysis/Solana-Memecoin-Analysis/data/cache/2026-10-08/001056734851_multi_pools_59cd3c3b4215.json,2
2026-10-08T00:05:26.425711+00:00,G99kLksZQvvUvgfhhQFys7uPso3iXLc8jBZQz5e9BbXT,solana,Pump.fun,61xksLFH8HYR9wiPWmXk7YprqEyWv3sp3PqdPDxXpump,Slngwhore,So11111111111111111111111111111111111111112,SOL,2026-10-07T01:42:42Z,3.2516437196249174e-06,3251.64372,,2584.1949,115.95730760463998,,,0.0,0.0,0.0,0.0,0.0,266.9671621856,0,0,0,0,0,0,0,0,0,0,0,0,0,0,0,0,0,0,0,0,5,6,4,4,0.0,0.0,0.0,0.0,0.0,-3.688,snapshot,,,,,,,/home/runner/work/Solana-Memecoin-Analysis/Solana-Memecoin-Analysis/data/cache/2026-10-08/001056734851_multi_pools_59cd3c3b4215.json,2
2026-10-08T00:05:26.425711+00:00,Fgp7JPad6brayHZJUFR89qhgbrvW3rwebw1kWAv2bw4d,solana,Pump.fun,8D6Cb8VYGep1G1vyMmBVaWnQLkU8BYEo4jdpsQWqpump,Rento,So11111111111111111111111111111111111111112,SOL,2026-10-07T01:42:35Z,3.360495531273345e-06,3360.495531,,2663.4872,116.22790789114825,,,0.0,0.0,0.0,0.0,7.549850188,7602.3834635597,0,0,0,0,0,0,0,0,0,0,0,0,0,0,0,0,1,1,1,1,38,35,35,31,0.0,0.0,0.0,0.0,-0.063,-69.282,snapshot,,,,,,,/home/runner/work/Solana-Memecoin-Analysis/Solana-Memecoin-Analysis/data/cache/2026-10-08/001056734851_multi_pools_59cd3c3b4215.json,2
2026-10-08T00:05:26.425711+00:00,6gq2S7zSRQ5Y5xViSekShJDGzz1mPU6nkqpXeBfa5Kyu,solana,PumpSwap,QfjNsauYKkjfkLFQZduE6geYLzf2kCFBudjnYG4bonk,CRIVIN,So11111111111111111111111111111111111111112,SOL,2026-10-07T01:52:54Z,0.3828451640084133,87530.7836,,0.00233347058120738,117.74785864242759,1.6464190685564e-06,,0.0,0.0,0.0,0.0,0.0,27029.8928302279,0,0,0,0,0,0,0,0,0,0,0,0,0,0,0,0,0,0,0,0,216,55,216,55,0.0,0.0,0.0,0.0,0.0,47.93,snapshot,,,,,,,/home/runner/work/Solana-Memecoin-Analysis/Solana-Memecoin-Analysis/data/cache/2026-10-08/001056734851_multi_pools_59cd3c3b4215.json,2
2026-10-08T00:05:26.425711+00:00,FiqMfUnCsjENb9LQpJtWeMdDViHkdfWQb2fGatFcZuwo,solana,Meteora DBC,CeKCDZxU2aLZ1miBjtqTkbRaTaU971Mx3y4rcwc3xujS,VEXCAT,So11111111111111111111111111111111111111112,SOL,2026-10-07T01:52:45Z,1.935100324482964e-07,193.5100324,,191.5417,117.51055664216558,,,0.0,0.0,0.0,0.0,0.0,23.3781857454,0,0,0,0,0,0,0,0,0,0,0,0,0,0,0,0,0,0,0,0,1,1,1,1,0.0,0.0,0.0,0.0,0.0,-1.917,snapshot,,,,,,,/home/runner/work/Solana-Memecoin-Analysis/Solana-Memecoin-Analysis/data/cache/2026-10-08/001056734851_multi_pools_59cd3c3b4215.json,2
2026-10-08T00:05:26.425711+00:00,FAkEzPnoXbHVc3WLpjAKpLmwmsxqCRsdgmH7Ubm9GLUJ,solana,Pump.fun,6rGcq68LvyGMXBuxcXBGUjSCy4aHDXDYhJtScVV5pump,30to30,So11111111111111111111111111111111111111112,SOL,2026-10-07T01:52:32Z,4.419197203507022e-06,8838.394408,,3358.6434,119.7571239677964,,,0.0,0.0,0.0,0.0,0.0,338.6375110969,0,0,0,0,0,0,0,0,0,0,0,0,0,0,0,0,0,0,0,0,3,3,2,2,0.0,0.0,0.0,0.0,0.0,28.506,snapshot,,,,,,,/home/runner/work/Solana-Memecoin-Analysis/Solana-Memecoin-Analysis/data/cache/2026-10-08/001056734851_multi_pools_59cd3c3b4215.json,2
2026-10-08T00:05:26.425711+00:00,4KXx15mVf7ip1C4aexi3yqkoYsECKw5GEunta8cYnDT4,solana,Meteora DAMM V2,EHzST2BvTE3CigHfJ3vn268hDz4upoSPkb1BWBQRRhTk,CLAUDIA,So11111111111111111111111111111111111111112,SOL,2026-10-07T01:52:24Z,6.137126124386546e-10,0.613674741,,1.069,118.7295045810373,,,0.0,0.0,0.0,0.0,0.0,152.5416938793,0,0,0,0,0,0,0,0,0,0,0,0,0,0,0,0,0,0,0,0,18,22,14,20,0.0,0.0,0.0,0.0,0.0,-59.726,snapshot,,,,,,,/home/runner/work/Solana-Memecoin-Analysis/Solana-Memecoin-Analysis/data/cache/2026-10-08/001056734851_multi_pools_59cd3c3b4215.json,2
2026-10-08T00:05:26.425711+00:00,5mofu5rnDsSL1AnjBa4ojvmEmTEGLuLr8Mztqqdhaoo,solana,Meteora DAMM V2,8NU4LeRpQM46nryCBmo4uyRc4TS6uhvDJziznhMjpdHK,CLAUDIA,So11111111111111111111111111111111111111112,SOL,2026-10-07T01:52:20Z,5.348454679505773e-05,56061.3199685426,,0.000305742950868603,117.89459096847581,,,0.0,0.0,0.0,0.0,0.0,1967332.09144201,0,0,0,0,0,0,0,0,0,0,0,0,0,0,0,0,0,0,0,0,5154,4730,2099,106,0.0,0.0,0.0,0.0,0.0,450.418,snapshot,,,,,,,/home/runner/work/Solana-Memecoin-Analysis/Solana-Memecoin-Analysis/data/cache/2026-10-08/001056734851_multi_pools_59cd3c3b4215.json,2
2026-10-08T00:05:26.425711+00:00,2ycayCdQ63CSZhGmW9Sp1cyrALryJEhkC44wtTUFH4rV,solana,Pump.fun,GcwwqDUWnsAvjstyxNUFPjU1Z22RbxRnqY8GH8BVpump,$SIH,So11111111111111111111111111111111111111112,SOL,2026-10-07T02:00:44Z,2.864468109557616e-07,572.893622,,254.8767,118.05518393437441,,,0.0,0.0,0.0,0.0,0.0,439.3772226149,0,0,0,0,0,0,0,0,0,0,0,0,0,0,0,0,0,0,0,0,8,11,4,4,0.0,0.0,0.0,0.0,0.0,-92.15,snapshot,,,,,,,/home/runner/work/Solana-Memecoin-Analysis/Solana-Memecoin-Analysis/data/cache/2026-10-08/001056734851_multi_pools_59cd3c3b4215.json,2
2026-10-08T00:05:26.425711+00:00,58jHjE4yftsEwTBrwrq2Qsa1tBc4HpCTg8uPuht4Uuhn,solana,Bags.fm,3mhDgf84ezBtTqQy1GFyJc9ekMEZ5kGMDfAkyemhiKWS,‮MG,So11111111111111111111111111111111111111112,SOL,2026-10-07T02:00:37Z,0.005856092688448009,5856092.688,,0.0,117.42168390614333,,,0.0,0.0,0.0,0.0,0.0,1905.6416384078,0,0,0,0,0,0,0,0,0,0,0,0,0,0,0,0,0,0,0,0,147,31,4,3,0.0,0.0,0.0,0.0,0.0,16.103,snapshot,,,,,,,/home/runner/work/Solana-Memecoin-Analysis/Solana-Memecoin-Analysis/data/cache/2026-10-08/001056734851_multi_pools_59cd3c3b4215.json,2
2026-10-08T00:05:26.425711+00:00,BKSNZ59pNRnGtJsGCzsW3AS4TTD7XKjyHxbcRm1ZVSkc,solana,Meteora DAMM V2,Hsc8xYYG4o15BfmDQUVGtfRWEvkX5DfyEL33h1ghzjzc,CLAUDIA,So11111111111111111111111111111111111111112,SOL,2026-10-07T02:00:24Z,1.4582033602409418e-05,11442.819923288,,2.348886237e-06,117.9331599881314,,,0.0,0.0,0.0,0.0,0.0,7302.1536671961,0,0,0,0,0,0,0,0,0,0,0,0,0,0,0,0,0,0,0,0,37,34,37,21,0.0,0.0,0.0,0.0,0.0,85.533,snapshot,,,,,,,/home/runner/work/Solana-Memecoin-Analysis/Solana-Memecoin-Analysis/data/cache/2026-10-08/001056734851_multi_pools_59cd3c3b4215.json,2
2026-10-08T00:05:26.425711+00:00,3ppFvggNdcP5QzH5Ts24UsWFroBhTyjaB2ZFhgSTVk8J,solana,Pump.fun,2VaEL71ZbbLT32c5PKhbQKhJ1rZpP1ZGJSNnHs6Epump,brrrrr,So11111111111111111111111111111111111111112,SOL,2026-10-07T02:00:21Z,3.438277279464756e-07,687.6554558,,239.2483,117.44229416508617,,,0.0,0.0,0.0,0.0,0.0,47.1224219628,0,0,0,0,0,0,0,0,0,0,0,0,0,0,0,0,0,0,0,0,17,25,3,3,0.0,0.0,0.0,0.0,0.0,-89.729,snapshot,,,,,,,/home/runner/work/Solana-Memecoin-Analysis/Solana-Memecoin-Analysis/data/cache/2026-10-08/001056734851_multi_pools_59cd3c3b4215.json,2
2026-10-08T00:05:26.425711+00:00,7qGsDzm54jo9zWVN7JUnYqs5zNMhrKR7Lm2Wvuhma78i,solana,Pump.fun,9UUNaY3NSVTTauzTaq7w14pBS1gc5L56HZ14dVHmboFz,DIEGO,So11111111111111111111111111111111111111112,SOL,2026-10-07T02:00:16Z,3.323966186215199e-06,3323.966186,,2602.9954,117.68009260629304,,,0.0,0.0,0.0,0.0,0.0,3501.2100430098,0,0,0,0,0,0,0,0,0,0,0,0,0,0,0,0,0,0,0,0,17,32,15,15,0.0,0.0,0.0,0.0,0.0,-6.285,snapshot,,,,,,,/home/runner/work/Solana-Memecoin-Analysis/Solana-Memecoin-Analysis/data/cache/2026-10-08/001056734851_multi_pools_59cd3c3b4215.json,2
2026-10-08T00:05:26.425711+00:00,5tC61PmsckPM52z1UzvPEBD71sbUCLTyNtzB7mJbHRzh,solana,Pump.fun,3dq6LzxcaDmKosT6Mqg7qfe6Aixm6VturxGyQBfxpump,$SIH,So11111111111111111111111111111111111111112,SOL,2026-10-07T02:00:10Z,2.5809230056476004e-06,5161.846012,,2016.4828,119.01218233985736,,,0.0,0.0,0.0,0.0,0.0,837.6630086345,0,0,0,0,0,0,0,0,0,0,0,0,0,0,0,0,0,0,0,0,4,6,3,3,0.0,0.0,0.0,0.0,0.0,-27.07,snapshot,,,,,,,/home/runner/work/Solana-Memecoin-Analysis/Solana-Memecoin-Analysis/data/cache/2026-10-08/001056734851_multi_pools_59cd3c3b4215.json,2
2026-10-08T00:05:26.425711+00:00,CUtmC7zGsXd8D9RH2nKLoaHKou2XSagoi49ppL4iaq2e,solana,Pump.fun,A5NT9MU8wr4uG1WEKi282kbDA5C5tcq6JXjwPBum8n7R,BLOXPAD,So11111111111111111111111111111111111111112,SOL,2026-10-07T02:00:06Z,3.310794275126488e-06,3310.794275,,2578.2688,118.33815712164683,,,0.0,0.0,0.0,0.0,0.0,4.6857027594,0,0,0,0,0,0,0,0,0,0,0,0,0,0,0,0,0,0,0,0,1,1,1,1,0.0,0.0,0.0,0.0,0.0,-0.452,snapshot,,,,,,,/home/runner/work/Solana-Memecoin-Analysis/Solana-Memecoin-Analysis/data/cache/2026-10-08/001056734851_multi_pools_59cd3c3b4215.json,2
2026-10-08T00:05:26.425711+00:00,GgmjqEzBn37AnEP4M4hL7QZnikpdn2LQUsRJ7Rn65nRB,solana,Pump.fun,Us4W82278gKsW1gkqCAFFTtbP7j9wkCVWBrrQcxpump,float,So11111111111111111111111111111111111111112,SOL,2026-10-07T02:11:32Z,3.3311400912463934e-06,3331.140091,,2609.9323,117.61569326091677,100.0,,0.0,0.0,0.0,0.0,0.0,11046.4298176118,0,0,0,0,0,0,0,0,0,0,0,0,0,0,0,0,0,0,0,0,25,12,24,11,0.0,0.0,0.0,0.0,0.0,-64.719,snapshot,,,,,,,/home/runner/work/Solana-Memecoin-Analysis/Solana-Memecoin-Analysis/data/cache/2026-10-08/001056734851_multi_pools_59cd3c3b4215.json,2
2026-10-08T00:05:26.425711+00:00,3KJczNak4cMBeZ9tEAz5P8ePHJZ33mr98SMk6dvy8VQm,solana,Pump.fun,6PU51wweZx3RqMzsj63ds2x575ZYLBEVN4q4J9V2pump,$LA BEAST,So11111111111111111111111111111111111111112,SOL,2026-10-07T02:11:22Z,1.126394689972097e-06,2429.068402,,893.0966,117.94991048959518,,,0.0,0.0,0.0,0.0,0.0,144.0419494273,0,0,0,0,0,0,0,0,0,0,0,0,0,0,0,0,0,0,0,0,3,6,2,2,0.0,0.0,0.0,0.0,0.0,-63.662,snapshot,,,,,,,/home/runner/work/Solana-Memecoin-Analysis/Solana-Memecoin-Analysis/data/cache/2026-10-08/001056734851_multi_pools_59cd3c3b4215.json,2
2026-10-08T00:05:26.425711+00:00,923Vy31TWtzirry6qXvUhzHMx7PpPQbC21vgvWHNCHh1,solana,Pump.fun,EBjSubdcVG8mu5TyBXB4uaGTGSK19ZmdWYW9gRr9pump,Celery,So11111111111111111111111111111111111111112,SOL,2026-10-07T02:10:37Z,3.302419886966654e-06,3302.419887,,2580.8252,117.92195442692109,,,0.0,0.0,0.0,0.0,0.0,11.6739026051,0,0,0,0,0,0,0,0,0,0,0,0,0,0,0,0,0,0,0,0,1,1,1,1,0.0,0.0,0.0,0.0,0.0,0.034,snapshot,,,,,,,/home/runner/work/Solana-Memecoin-Analysis/Solana-Memecoin-Analysis/data/cache/2026-10-08/001056734851_multi_pools_59cd3c3b4215.json,2
2026-10-08T00:05:26.425711+00:00,Bs174icgUYU1uuQZjovubZq7VAxCK64yRu9JApujN4zD,solana,Pump.fun,2QkByeTphK9dFTBdpgPY8Mzme4V1mx6FAn37Ld1adHtP,SLOPCORE,So11111111111111111111111111111111111111112,SOL,2026-10-07T02:20:18Z,3.6857677936368306e-06,3531.346302,,2886.2007,117.68532846060675,100.0,,0.0,0.0,0.0,0.0,0.0,1201.3166385178,0,0,0,0,0,0,0,0,0,0,0,0,0,0,0,0,0,0,0,0,10,7,7,7,0.0,0.0,0.0,0.0,0.0,-7.453,snapshot,,,,,,,/home/runner/work/Solana-Memecoin-Analysis/Solana-Memecoin-Analysis/data/cache/2026-10-08/001056734851_multi_pools_59cd3c3b4215.json,2
2026-10-08T00:05:26.425711+00:00,jcXBSpqfNdo4QEym7KwgD3uJyvd6zfagpvrffoM4cF7,solana,Pump.fun,AVvcytqZs4jk8FyiXEXeEGakHHgoMF3hBUMmy3cxpump,PEPE,So11111111111111111111111111111111111111112,SOL,2026-10-07T02:19:59Z,1.90777499672239e-08,38.15549994,,15.5703,118.21556876288358,100.0,,0.0,0.0,0.0,0.0,0.0,617.2882608594,0,0,0,0,0,0,0,0,0,0,0,0,0,0,0,0,0,0,0,0,100,102,15,15,0.0,0.0,0.0,0.0,0.0,-99.425,snapshot,,,,,,,/home/runner/work/Solana-Memecoin-Analysis/Solana-Memecoin-Analysis/data/cache/2026-10-08/001056734851_multi_pools_59cd3c3b4215.json,2
2026-10-08T00:05:26.425711+00:00,5Psmtq1WFNKNFLMth2U5jNAz6SYmFXwSxg3r2ytSyhpC,solana,Meteora DBC,13JKJKDN8FfChyJMb57imC9nF82AHEzJ28JzPKRDjPuz,CRAYONCAT,So11111111111111111111111111111111111111112,SOL,2026-10-07T02:19:46Z,9.602849720435733e-06,9602.84972,,0.0,117.94621286576725,,,0.0,0.0,0.0,0.0,0.0,909.2776638508,0,0,0,0,0,0,0,0,0,0,0,0,0,0,0,0,0,0,0,0,34,0,34,0,0.0,0.0,0.0,0.0,0.0,533.476,snapshot,,,,,,,/home/runner/work/Solana-Memecoin-Analysis/Solana-Memecoin-Analysis/data/cache/2026-10-08/001056734851_multi_pools_59cd3c3b4215.json,2
2026-10-08T00:05:26.425711+00:00,HKqEnjEABh4HJp33f8S1iMaD4sT6hRz4k8KjRKVnLJpB,solana,PumpSwap,GTu6i4SYARRrF194DL7JKGPA2LBJ2JuSjsRFHfUdpV53,CLAUDIA,So11111111111111111111111111111111111111112,SOL,2026-10-07T02:19:45Z,0.001497377704997871,1497377.70495991,,3.037302201e-06,118.287864018071,2.29591589633115e-09,,0.0,0.0,0.0,0.0,0.0,5110.0660639475,0,0,0,0,0,0,0,0,0,0,0,0,0,0,0,0,0,0,0,0,1199,632,215,195,0.0,0.0,0.0,0.0,0.0,3291.639,snapshot,,,,,,,/home/runner/work/Solana-Memecoin-Analysis/Solana-Memecoin-Analysis/data/cache/2026-10-08/001056734851_multi_pools_59cd3c3b4215.json,2
2026-10-08T00:05:26.425711+00:00,28zaZACrWdqhSJSQRnZwn2y3QDVRxchy7g6ZxLtVE3rn,solana,Pump.fun,3EP3Nev9FnUHe1qy9ng6anMbXYqmgzsoN2qTzq7Fpump,PUMPCAT,So11111111111111111111111111111111111111112,SOL,2026-10-07T02:19:43Z,1.031698314962356e-09,2.06339663,,1.8127,118.15755735534245,,,0.0,0.0,0.0,0.0,0.0,443.4419887313,0,0,0,0,0,0,0,0,0,0,0,0,0,0,0,0,0,0,0,0,135,147,28,28,0.0,0.0,0.0,0.0,0.0,-99.969,snapshot,,,,,,,/home/runner/work/Solana-Memecoin-Analysis/Solana-Memecoin-Analysis/data/cache/2026-10-08/001056734851_multi_pools_59cd3c3b4215.json,2
2026-10-08T00:05:26.425711+00:00,EqDEGLffmXpBZc9se4yceGVepi5rw3A8JFfPoYVRGyef,solana,Pump.fun,6QDxmqbRQNmRgLdFoKSoDMrc8ieqn9LvczKUUc8hpump,LKING,So11111111111111111111111111111111111111112,SOL,2026-10-07T02:29:30Z,4.109532565778339e-07,1039.9569344,,319.017,117.87633823297764,100.0,,0.0,0.0,0.0,0.0,0.0,353.049145458,0,0,0,0,0,0,0,0,0,0,0,0,0,0,0,0,0,0,0,0,40,41,5,4,0.0,0.0,0.0,0.0,0.0,-84.243,snapshot,,,,,,,/home/runner/work/Solana-Memecoin-Analysis/Solana-Memecoin-Analysis/data/cache/2026-10-08/001056734851_multi_pools_59cd3c3b4215.json,2
2026-10-08T00:05:26.425711+00:00,GfBPiYA6GxrSiVgSZWNGW15d2bTfpBwtyDUut8WYFJFU,solana,Meteora DAMM V2,2vHEzcD9iz6DePHUhQX2xidQMhzHJBhZcNh5XM42mB5F,AP,So11111111111111111111111111111111111111112,SOL,2026-10-07T02:29:23Z,4.0937315216030953e-10,0.4093694553,,0.732,118.952290641888,,,0.0,0.0,0.0,0.0,0.0,142.6640149033,0,0,0,0,0,0,0,0,0,0,0,0,0,0,0,0,0,0,0,0,21,14,15,13,0.0,0.0,0.0,0.0,0.0,-87.289,snapshot,,,,,,,/home/runner/work/Solana-Memecoin-Analysis/Solana-Memecoin-Analysis/data/cache/2026-10-08/001056734851_multi_pools_59cd3c3b4215.json,2
2026-10-08T00:05:26.425711+00:00,9hxfnUcW9EueWwhVDpWtFKenRorNWm7HKhAf18Ax6enu,solana,Pump.fun,2ctdsJpbAMsAEZqpAS2JrxKnsbMdunFtjimsT1JCh9s7,8K,So11111111111111111111111111111111111111112,SOL,2026-10-07T02:28:58Z,3.3086851503528493e-06,3308.68515,,2576.5011,118.34160651631811,,,0.0,0.0,0.0,0.0,0.0,4118.9854879355,0,0,0,0,0,0,0,0,0,0,0,0,0,0,0,0,0,0,0,0,17,21,17,17,0.0,0.0,0.0,0.0,0.0,-13.82,snapshot,,,,,,,/home/runner/work/Solana-Memecoin-Analysis/Solana-Memecoin-Analysis/data/cache/2026-10-08/001056734851_multi_pools_59cd3c3b4215.json,2
2026-10-08T00:05:26.425711+00:00,EVZnsvGAcfw68cLDd8SsvZXP44FYX1V7h9EsyCXj3T5o,solana,Pump.fun,3fyUTVZp32KG5Wym1Kgvy3V359jYksUjZbt6tPjcpump,ULTRA,So11111111111111111111111111111111111111112,SOL,2026-10-07T02:28:57Z,1.6725612695235467e-07,334.512254,,83.7876,117.7264625487564,,,0.0,0.0,0.0,0.0,0.0,1002.2478154121,0,0,0,0,0,0,0,0,0,0,0,0,0,0,0,0,0,0,0,0,105,97,19,19,0.0,0.0,0.0,0.0,0.0,-94.948,snapshot,,,,,,,/home/runner/work/Solana-Memecoin-Analysis/Solana-Memecoin-Analysis/data/cache/2026-10-08/001104477451_multi_pools_8a96b6e14977.json,2
2026-10-08T00:05:26.425711+00:00,G26n7iBhA8YL8dTcFySwWxf5ChyX54GJHwVFJiiwC336,solana,Meteora DAMM V2,4iYiUqZ7Q91z23xuSCLJvVF2AxGQVMQZ8yEW59weiwu5,TEHC,So11111111111111111111111111111111111111112,SOL,2026-10-07T02:28:55Z,1.3478382736222375e-05,13475.026875948,,21780.6779,117.71618407029514,,,0.0,0.0,0.0,0.0,0.0,4918.7329872182,0,0,0,0,0,0,0,0,0,0,0,0,0,0,0,0,0,0,0,0,56,12,54,8,0.0,0.0,0.0,0.0,0.0,34.706,snapshot,,,,,,,/home/runner/work/Solana-Memecoin-Analysis/Solana-Memecoin-Analysis/data/cache/2026-10-08/001104477451_multi_pools_8a96b6e14977.json,2
2026-10-08T00:05:26.425711+00:00,BUYk2rzUoiXKb8pusBGJ9wUS9u7VThHynaeJHvqQkvbH,solana,Pump.fun,DH8eU5Hs217diQtcftA3Lcwu1mSri4cP8oEdpT2mpump,TRADE,So11111111111111111111111111111111111111112,SOL,2026-10-07T02:28:43Z,5.519908700277002e-06,11039.8174,,3100.1882,117.77859897681999,,,0.0,0.0,0.0,0.0,0.0,30.7207743119,0,0,0,0,0,0,0,0,0,0,0,0,0,0,0,0,0,0,0,0,4,3,2,2,0.0,0.0,0.0,0.0,0.0,67.399,snapshot,,,,,,,/home/runner/work/Solana-Memecoin-Analysis/Solana-Memecoin-Analysis/data/cache/2026-10-08/001104477451_multi_pools_8a96b6e14977.json,2
2026-10-08T00:05:26.425711+00:00,E6HpkvmGG6P6mvwcECUcLenQpVdxVi4cN4WoebC7Q6Z9,solana,Meteora DAMM V2,3jpNTTyWyaCycz9gxszd15fFHrGm8owkm56jWiJbAim5,CLAUDIA,So11111111111111111111111111111111111111112,SOL,2026-10-07T02:37:15Z,6.51717549313948e-10,0.6517175493,,1.1038,118.87716588520198,,,0.0,0.0,0.0,0.0,0.0,8833.3234932378,0,0,0,0,0,0,0,0,0,0,0,0,0,0,0,0,0,0,0,0,268,280,131,118,0.0,0.0,0.0,0.0,0.0,-99.999,snapshot,,,,,,,/home/runner/work/Solana-Memecoin-Analysis/Solana-Memecoin-Analysis/data/cache/2026-10-08/001104477451_multi_pools_8a96b6e14977.json,2
2026-10-08T00:05:26.425711+00:00,32gCvcqx2CaBpVBqQo33QSEVwu9AezzuLma82CTB4VgP,solana,Pump.fun,GDHKBq66FF9qHwbFryMkLsvwrsLZrStT1m4SEUghpump,WILLY,So11111111111111111111111111111111111111112,SOL,2026-10-07T02:37:13Z,3.3406738052584634e-09,6.68134761,,5.8794,118.20370196673099,,,0.0,0.0,0.0,0.0,0.0,620.0652310917,0,0,0,0,0,0,0,0,0,0,0,0,0,0,0,0,0,0,0,0,118,117,21,20,0.0,0.0,0.0,0.0,0.0,-99.9,snapshot,,,,,,,/home/runner/work/Solana-Memecoin-Analysis/Solana-Memecoin-Analysis/data/cache/2026-10-08/001104477451_multi_pools_8a96b6e14977.json,2
2026-10-08T00:05:26.425711+00:00,F8STMXZmSUt1rhidjMoEhrcjnsZLTtPm5YLcsTbcCVvN,solana,Pump.fun,88XApQTGFDF743p75CqUoBUqFHbP495ijDW8YppQpump,MGTS3,So11111111111111111111111111111111111111112,SOL,2026-10-07T02:37:04Z,2.2947393737284364e-08,45.89478748,,20.485,118.2780494231446,,,0.0,0.0,0.0,0.0,0.0,796.4444394527,0,0,0,0,0,0,0,0,0,0,0,0,0,0,0,0,0,0,0,0,80,70,12,12,0.0,0.0,0.0,0.0,0.0,-99.313,snapshot,,,,,,,/home/runner/work/Solana-Memecoin-Analysis/Solana-Memecoin-Analysis/data/cache/2026-10-08/001104477451_multi_pools_8a96b6e14977.json,2
2026-10-08T00:05:26.425711+00:00,Gf7FvmZ8NdvoK2MVM9STHr8ZZREEF8ASLDeY925mJmPF,solana,Pump.fun,9QKkQ27VkwRvHQ6NFhmNKVnwYjK15jsggrg5dx69pump,TIMBALLS,So11111111111111111111111111111111111111112,SOL,2026-10-07T02:45:52Z,8.945377027598287e-07,1789.0754056,,701.1505,118.3566863463257,,,0.0,0.0,0.0,0.0,0.0,135.4481656773,0,0,0,0,0,0,0,0,0,0,0,0,0,0,0,0,0,0,0,0,18,18,5,5,0.0,0.0,0.0,0.0,0.0,-73.014,snapshot,,,,,,,/home/runner/work/Solana-Memecoin-Analysis/Solana-Memecoin-Analysis/data/cache/2026-10-08/001104477451_multi_pools_8a96b6e14977.json,2
2026-10-08T00:05:26.425711+00:00,2SjQFGb9A1FgVuuzakgVZn6MYgX2rpjCfUCZVksezNHA,solana,PumpSwap,2cxuXj412wXSxthDaaSacseMzTFgFyvGuDmBTyvCmoon,Raindrop,So11111111111111111111111111111111111111112,SOL,2026-10-07T02:45:46Z,5.013701412784988e-05,39104.7172593832,,0.002958398588,118.32171684021888,100.0,,0.0,0.0,0.0,0.0,0.0,968.7152693634,0,0,0,0,0,0,0,0,0,0,0,0,0,0,0,0,0,0,0,0,779,227,213,138,0.0,0.0,0.0,0.0,0.0,8.253,snapshot,,,,,,,/home/runner/work/Solana-Memecoin-Analysis/Solana-Memecoin-Analysis/data/cache/2026-10-08/001104477451_multi_pools_8a96b6e14977.json,2
2026-10-08T00:05:26.425711+00:00,G8pTb7Zpz2ou5AesLeQbuXaBG9L2Z7pqNrWx49TUAhff,solana,Pump.fun,HgFdUJKSWtMtMNoTWpg571sz6xyzWtxij6KroxSCpump,hard,So11111111111111111111111111111111111111112,SOL,2026-10-07T02:45:45Z,4.793696973964432e-07,958.7393948,,389.5177,118.36344298657114,,,0.0,0.0,0.0,0.0,0.0,343.1996247453,0,0,0,0,0,0,0,0,0,0,0,0,0,0,0,0,0,0,0,0,16,17,4,4,0.0,0.0,0.0,0.0,0.0,-85.72,snapshot,,,,,,,/home/runner/work/Solana-Memecoin-Analysis/Solana-Memecoin-Analysis/data/cache/2026-10-08/001104477451_multi_pools_8a96b6e14977.json,2
2026-10-08T00:05:26.425711+00:00,FzTRkDYSWMxcF8d8BYVDZ31CGYR7XTgNYUN9HWZR3DDu,solana,Pump.fun,2ypysvLH5CXMr6vA3NQexHSX7V7uwmqNbxRozgCrig7i,PUNK,So11111111111111111111111111111111111111112,SOL,2026-10-07T02:45:43Z,3.326096646111971e-06,3326.096646,,2589.3057,118.3762313790238,,,0.0,0.0,0.0,0.0,0.0,271.3313691426,0,0,0,0,0,0,0,0,0,0,0,0,0,0,0,0,0,0,0,0,2,2,2,2,0.0,0.0,0.0,0.0,0.0,-2.641,snapshot,,,,,,,/home/runner/work/Solana-Memecoin-Analysis/Solana-Memecoin-Analysis/data/cache/2026-10-08/001104477451_multi_pools_8a96b6e14977.json,2
2026-10-08T00:05:26.425711+00:00,5KrkQr3SzZQhp9qmjaLKP6UxVEhw4EfAaTiqiCzoWkJC,solana,PumpSwap,8bFDMZBqh5mTKRHiSpAAxgwWBr6dBJwm8iM5VfYapump,CLDSHLD,So11111111111111111111111111111111111111112,SOL,2026-10-07T02:45:39Z,0.09981905365519882,99819.05366,,0.00508589530895779,118.31352791643405,100.0,,0.0,0.0,0.0,0.0,0.0,52854.3328034697,0,0,0,0,0,0,0,0,0,0,0,0,0,0,0,0,0,0,0,0,236,61,236,61,0.0,0.0,0.0,0.0,0.0,79.04,snapshot,,,,,,,/home/runner/work/Solana-Memecoin-Analysis/Solana-Memecoin-Analysis/data/cache/2026-10-08/001104477451_multi_pools_8a96b6e14977.json,2
2026-10-08T00:05:26.425711+00:00,4Ee7ezhQYvx32tK6UG7bKyWJQhsYByeE2RhvTjnCraHP,solana,Pump.fun,HvC8GbbBPqDarVaPdiAsgdd6p4UCmARWdb8RvAH2pump,DICE,So11111111111111111111111111111111111111112,SOL,2026-10-07T02:56:38Z,5.099667815963701e-07,1019.9335632,,295.354,118.19514959711009,,,0.0,0.0,0.0,0.0,0.0,2905.605487699,0,0,0,0,0,0,0,0,0,0,0,0,0,0,0,0,0,0,0,0,83,79,7,7,0.0,0.0,0.0,0.0,0.0,-84.703,snapshot,,,,,,,/home/runner/work/Solana-Memecoin-Analysis/Solana-Memecoin-Analysis/data/cache/2026-10-08/001104477451_multi_pools_8a96b6e14977.json,2
2026-10-08T00:05:26.425711+00:00,AMcySPGKPibkk3WLF6ec437mJrb5cqGfgrFtfVFRHJ4k,solana,Meteora DBC,DurkNXrJeLsX73ai6Z8SpNUxrGH2N7b6Ff7GPaW6ZDQm,AUTON,So11111111111111111111111111111111111111112,SOL,2026-10-07T02:56:35Z,5.859376746030629e-05,58592.9430218786,,0.0,118.19497048167825,,,0.0,0.0,0.0,0.0,0.0,6046.4326275879,0,0,0,0,0,0,0,0,0,0,0,0,0,0,0,0,0,0,0,0,233,223,143,129,0.0,0.0,0.0,0.0,0.0,34.56,snapshot,,,,,,,/home/runner/work/Solana-Memecoin-Analysis/Solana-Memecoin-Analysis/data/cache/2026-10-08/001104477451_multi_pools_8a96b6e14977.json,2
2026-10-08T00:05:26.425711+00:00,531P7zQ7LALWdbH8QAJcz91Lq6sk9BziKp1YSKKLaYp1,solana,Pump.fun,eLK9Aa1tnVGBPNydb5cyii53R7n9SmpKjfDKCJupump,trade,So11111111111111111111111111111111111111112,SOL,2026-10-07T02:56:35Z,3.5035830768346625e-05,70071.66154,,27074.612,118.27033742106954,100.0,,0.0,0.0,0.0,0.0,0.0,425.3030715318,0,0,0,0,0,0,0,0,0,0,0,0,0,0,0,0,0,0,0,0,36,38,7,7,0.0,0.0,0.0,0.0,0.0,957.626,snapshot,,,,,,,/home/runner/work/Solana-Memecoin-Analysis/Solana-Memecoin-Analysis/data/cache/2026-10-08/001104477451_multi_pools_8a96b6e14977.json,2
2026-10-08T00:05:26.425711+00:00,BHUvWcuQ7udg9g9QFF5Bnr9YszVoJo3upBNuvpGFcnaE,solana,Meteora DAMM V2,BzhmF5NVVYi3Hxt8KoWfgXwkMHRT5uHzLwYJDhKPozCq,AUTON,So11111111111111111111111111111111111111112,SOL,2026-10-07T02:56:29Z,4.155188379504174e-10,0.4155076129,,0.7436,118.87854943955823,100.0,,0.0,0.0,0.0,0.0,0.0,143.4757905049,0,0,0,0,0,0,0,0,0,0,0,0,0,0,0,0,0,0,0,0,23,18,17,17,0.0,0.0,0.0,0.0,0.0,-69.152,snapshot,,,,,,,/home/runner/work/Solana-Memecoin-Analysis/Solana-Memecoin-Analysis/data/cache/2026-10-08/001104477451_multi_pools_8a96b6e14977.json,2
2026-10-08T00:05:26.425711+00:00,7jCYZV3oiQT3b6SC448q1FVwK2NEWmzGbdWHdTQnHEvB,solana,Pump.fun,4ErAMxSrhUevvopYaumxKVCCDLj8iRiXFRP9Jo72HT1d,DD,So11111111111111111111111111111111111111112,SOL,2026-10-07T02:56:16Z,3.3118544790606104e-06,3311.854479,,2580.7305,118.26060619764081,,,0.0,0.0,0.0,0.0,0.0,35.0292852016,0,0,0,0,0,0,0,0,0,0,0,0,0,0,0,0,0,0,0,0,2,2,2,2,0.0,0.0,0.0,0.0,0.0,-0.099,snapshot,,,,,,,/home/runner/work/Solana-Memecoin-Analysis/Solana-Memecoin-Analysis/data/cache/2026-10-08/001104477451_multi_pools_8a96b6e14977.json,2
2026-10-08T00:05:26.425711+00:00,CFAbF1aWWEBV7eppB2gVmVr1KxesPziiAZjZWfv78oE6,solana,Meteora DBC,EJZtoYg5nCMBbmxmVQ4GCyJmc72GzfAAVMBTAt8XCnrM,Unccat,So11111111111111111111111111111111111111112,SOL,2026-10-07T03:05:57Z,4.98280493114383e-05,49826.7723376799,,0.0,118.39767101855702,,,0.0,0.0,0.0,0.0,0.0,6873.1366975729,0,0,0,0,0,0,0,0,0,0,0,0,0,0,0,0,0,0,0,0,127,185,93,127,0.0,0.0,0.0,0.0,0.0,142.21,snapshot,,,,,,,/home/runner/work/Solana-Memecoin-Analysis/Solana-Memecoin-Analysis/data/cache/2026-10-08/001104477451_multi_pools_8a96b6e14977.json,2
2026-10-08T00:05:26.425711+00:00,4AMDtDU2SvEurphnFdreeXFgPPKgAhhUJMwjkB1fJbcf,solana,Pump.fun,FaumdjYBNrD2JyQFwb5RYdwYAxGhvWQFfgt5Rz8Lpump,LMAO,So11111111111111111111111111111111111111112,SOL,2026-10-07T03:05:50Z,1.0011295989342365e-06,2002.259198,,945.8205,118.39747203624975,,,0.0,0.0,0.0,0.0,0.0,95.419982034,0,0,0,0,0,0,0,0,0,0,0,0,0,0,0,0,0,0,0,0,20,21,2,3,0.0,0.0,0.0,0.0,0.0,-69.855,snapshot,,,,,,,/home/runner/work/Solana-Memecoin-Analysis/Solana-Memecoin-Analysis/data/cache/2026-10-08/001104477451_multi_pools_8a96b6e14977.json,2
2026-10-08T00:05:26.425711+00:00,HDzVU7PFzM6Cc5iGCZLBk9WuPV3vWJNffhPTjFaEqbqg,solana,Meteora DAMM V2,Ey8UvYwHCKVaWjXpLGiikETUBRgBzybMQDEWezoabbcH,compute,So11111111111111111111111111111111111111112,SOL,2026-10-07T03:05:43Z,6.440174092698363e-10,0.6439929087,,1.0922,118.87750139454121,,,0.0,0.0,0.0,0.0,0.0,1.4183307557,0,0,0,0,0,0,0,0,0,0,0,0,0,0,0,0,0,0,0,0,22,8,14,8,0.0,0.0,0.0,0.0,0.0,-71.963,snapshot,,,,,,,/home/runner/work/Solana-Memecoin-Analysis/Solana-Memecoin-Analysis/data/cache/2026-10-08/001104477451_multi_pools_8a96b6e14977.json,2
2026-10-08T00:05:26.425711+00:00,2Q5P7Yee5PykhjnRfNVsBZRprDTJLRn9ED9zd76psDkU,solana,Pump.fun,8MsVPrZXX34FS3WhYQVingLqDcm5ecDzdoRZVTKHpump,ducke,So11111111111111111111111111111111111111112,SOL,2026-10-07T03:05:41Z,8.054478655494641e-06,16108.95731,,6213.8897,118.32218999641715,,,0.0,0.0,0.0,0.0,0.0,169.7162510053,0,0,0,0,0,0,0,0,0,0,0,0,0,0,0,0,0,0,0,0,10,5,4,4,0.0,0.0,0.0,0.0,0.0,141.412,snapshot,,,,,,,/home/runner/work/Solana-Memecoin-Analysis/Solana-Memecoin-Analysis/data/cache/2026-10-08/001104477451_multi_pools_8a96b6e14977.json,2
2026-10-08T00:05:26.425711+00:00,9W6ZsotaFk1sH4ZdWwiDd1YV4uALcdMsP4ArH36f7a2M,solana,Pump.fun,En8biprpct8kxZiR6f3zJSpmwjpyq8dikmWkX51ypump,Scribble,So11111111111111111111111111111111111111112,SOL,2026-10-07T03:05:31Z,3.340701031823504e-06,3340.701032,,2600.2163,118.39705524896516,,,0.0,0.0,0.0,0.0,0.0,444.211949093,0,0,0,0,0,0,0,0,0,0,0,0,0,0,0,0,0,0,0,0,3,3,3,3,0.0,0.0,0.0,0.0,0.0,-2.545,snapshot,,,,,,,/home/runner/work/Solana-Memecoin-Analysis/Solana-Memecoin-Analysis/data/cache/2026-10-08/001104477451_multi_pools_8a96b6e14977.json,2
2026-10-08T00:05:26.425711+00:00,5qWU1nD4YQW3Ap3ChwiQ8SgEK3kJLP7DVNwPd6iyTih2,solana,Pump.fun,5mhvEhDnvzCzrFiXrYm6XRwfggsWvkiGeZry4scFpump,DWERK,So11111111111111111111111111111111111111112,SOL,2026-10-07T03:14:55Z,3.321179360069682e-06,3321.17936,,2590.5791,118.12364043562494,100.0,,0.0,0.0,0.0,0.0,0.0,19.9162192677,0,0,0,0,0,0,0,0,0,0,0,0,0,0,0,0,0,0,0,0,1,0,1,0,0.0,0.0,0.0,0.0,0.0,0.0,snapshot,,,,,,,/home/runner/work/Solana-Memecoin-Analysis/Solana-Memecoin-Analysis/data/cache/2026-10-08/001104477451_multi_pools_8a96b6e14977.json,2
2026-10-08T00:05:26.425711+00:00,J3KGcjPWWswNBYK7gBxPBdCXcagRd4i84d36owzh8RCm,solana,Meteora DAMM V2,8NdJtFueznS76VHKXUbnm3mdqvqjz5YHbh5WwnGCSJLm,KWIF,So11111111111111111111111111111111111111112,SOL,2026-10-07T03:14:53Z,7.726713536388268e-10,0.7726713536,,1.3244,116.32491916876428,100.0,,0.0,0.0,0.0,0.0,0.0,8516.3700055322,0,0,0,0,0,0,0,0,0,0,0,0,0,0,0,0,0,0,0,0,227,284,152,138,0.0,0.0,0.0,0.0,0.0,-99.999,snapshot,,,,,,,/home/runner/work/Solana-Memecoin-Analysis/Solana-Memecoin-Analysis/data/cache/2026-10-08/001104477451_multi_pools_8a96b6e14977.json,2
2026-10-08T00:05:26.425711+00:00,EAgtTGndeVGYiWQQuoVbZNCzk8WjGVUi7a6hi7aB4aeA,solana,Pump.fun,5kgvYeWqjfwVvx36wtksBpjtiNsmfnkRCJDXGN5uos8V,JEWCAT,So11111111111111111111111111111111111111112,SOL,2026-10-07T03:14:48Z,3.2946235018931363e-06,3294.623502,,2610.6115,116.19140138586428,100.0,,0.0,0.4380304289,2.6458952782,13.8573405671,104.5453020315,70479.9355847432,0,0,0,0,0,1,0,1,0,2,0,2,0,3,0,3,1,4,1,4,791,731,473,472,0.0,0.0,-0.057,-0.336,-1.883,-46.693,snapshot,,,,,,,/home/runner/work/Solana-Memecoin-Analysis/Solana-Memecoin-Analysis/data/cache/2026-10-08/001104477451_multi_pools_8a96b6e14977.json,2
2026-10-08T00:05:26.425711+00:00,GNqfmTyPL1zpEzDKLHFu951EFn59mEbwon5V2wru4qa4,solana,Pump.fun,GgA6RavrdFB5iCJ7vkcANe84dVEkRWC7qPofLwSTpump,CASA,So11111111111111111111111111111111111111112,SOL,2026-10-07T03:14:45Z,5.05070977243523e-07,1010.1419544,,446.7169,118.13721067788836,100.0,,0.0,0.0,0.0,0.0,0.0,2243.7515187122,0,0,0,0,0,0,0,0,0,0,0,0,0,0,0,0,0,0,0,0,28,32,6,6,0.0,0.0,0.0,0.0,0.0,-86.368,snapshot,,,,,,,/home/runner/work/Solana-Memecoin-Analysis/Solana-Memecoin-Analysis/data/cache/2026-10-08/001104477451_multi_pools_8a96b6e14977.json,2
2026-10-08T00:05:26.425711+00:00,NaVjvHKBQL2kNgbDTzndAKKei3PA8s4GS7NjKcu4cXt,solana,Pump.fun,54yKauR6szD1De23Xus5HGme9bMeNzBzbqp1jPtypump,Dog Think,So11111111111111111111111111111111111111112,SOL,2026-10-07T03:14:43Z,6.999279346584375e-07,1399.8558694,,549.7294,118.0448806745019,100.0,,0.0,0.0,0.0,0.0,0.0,261.1600196368,0,0,0,0,0,0,0,0,0,0,0,0,0,0,0,0,0,0,0,0,33,30,6,5,0.0,0.0,0.0,0.0,0.0,-78.872,snapshot,,,,,,,/home/runner/work/Solana-Memecoin-Analysis/Solana-Memecoin-Analysis/data/cache/2026-10-08/001104477451_multi_pools_8a96b6e14977.json,2
2026-10-08T00:05:26.425711+00:00,5WSdjnqCanK1X5BnajXER72fWS19ZgWW9V9iAnRz8CiY,solana,Pump.fun,92pR1miL4DuJezq3aSqQjLtcjLXE5jBA87XKDZSDpump,BIGSHRIM,So11111111111111111111111111111111111111112,SOL,2026-10-07T03:14:35Z,3.4127556192174687e-06,3412.755619,,2660.9115,118.17244187800164,100.0,,0.0,0.0,0.0,0.0,0.0,1020.0596620643,0,0,0,0,0,0,0,0,0,0,0,0,0,0,0,0,0,0,0,0,4,4,4,4,0.0,0.0,0.0,0.0,0.0,0.462,snapshot,,,,,,,/home/runner/work/Solana-Memecoin-Analysis/Solana-Memecoin-Analysis/data/cache/2026-10-08/001104477451_multi_pools_8a96b6e14977.json,2
2026-10-08T00:05:26.425711+00:00,DwikXgMTUyuaHYh1d8vYyNcr9sGLZ3QcXe8kDuPa47QD,solana,Meteora DAMM V2,GsHjRQ2u61e8SuSJpSGVZogj1x8HnDQCMbixgJghpump,compute,So11111111111111111111111111111111111111112,SOL,2026-10-07T03:14:32Z,0.0004910666855878513,491066.6856,,0.000178921828169069,118.10448723334125,,,0.0,0.0,0.0,0.0,0.0,0.108978049,0,0,0,0,0,0,0,0,0,0,0,0,0,0,0,0,0,0,0,0,9,4,6,3,0.0,0.0,0.0,0.0,0.0,-98.728,snapshot,,,,,,,/home/runner/work/Solana-Memecoin-Analysis/Solana-Memecoin-Analysis/data/cache/2026-10-08/001104477451_multi_pools_8a96b6e14977.json,2
2026-10-08T00:05:26.425711+00:00,3NBq9zynLPDQQDvYf8xiMbWywQfKZD7m7fyprY524efq,solana,PumpSwap,HzYCHqAN2uoHGRnL9v2ChCfFQX3bvJuJd5zu2Hd5MZQy,TWEETCRAFT,So11111111111111111111111111111111111111112,SOL,2026-10-06T20:27:40Z,0.0009964114976046055,989034.53446677,,120736.4992,116.18452224010606,99.991814431355,,13598.3867877755,26769.0705475161,62592.6115008266,103932.424253027,1192192.27301248,9520243.67456544,49,44,37,35,136,108,87,79,290,362,165,241,542,591,315,395,5860,5358,2627,2728,41453,36757,12631,12094,-4.325,-12.812,-2.295,-4.134,-20.34,-21.997,snapshot,,,,,,,/home/runner/work/Solana-Memecoin-Analysis/Solana-Memecoin-Analysis/data/cache/2026-10-08/001104477451_multi_pools_8a96b6e14977.json,2
2026-10-08T00:05:26.425711+00:00,49dqbYht9JhJv4mdzD7px6UVMjgr4EXFBxeZYmXqdqzt,solana,Meteora DBC,8tHJJp7ZU7b6VASKNJyskvUGNvo78Hv3Rv3DDntNNB37,BALL,So11111111111111111111111111111111111111112,SOL,2026-10-07T03:22:32Z,3.214904418456087e-06,3214.904418,,3163.8456,118.17048205115181,,,0.0,0.0,0.0,0.0,0.0,160.4107085588,0,0,0,0,0,0,0,0,0,0,0,0,0,0,0,0,0,0,0,0,1,1,1,1,0.0,0.0,0.0,0.0,0.0,0.12,snapshot,,,,,,,/home/runner/work/Solana-Memecoin-Analysis/Solana-Memecoin-Analysis/data/cache/2026-10-08/001104477451_multi_pools_8a96b6e14977.json,2
2026-10-08T00:05:26.425711+00:00,EKa9kNdKcS3PGFGotektZjpGMrQCsru4GEvQiSyrpKYv,solana,Pump.fun,BBL2TjRrsdRjBATJANn7zmT3deux3oibwHD9Tr4cpump,UNCAT,So11111111111111111111111111111111111111112,SOL,2026-10-07T03:22:02Z,3.32192512567407e-06,3321.925126,,2577.3725,118.77499174104528,,,0.0,0.0,0.0,0.0,0.0,2.8119183899,0,0,0,0,0,0,0,0,0,0,0,0,0,0,0,0,0,0,0,0,2,2,2,2,0.0,0.0,0.0,0.0,0.0,0.577,snapshot,,,,,,,/home/runner/work/Solana-Memecoin-Analysis/Solana-Memecoin-Analysis/data/cache/2026-10-08/001119467799_multi_pools_d3eee046be5f.json,2
2026-10-08T00:05:26.425711+00:00,3EUxjmB4YS3mV6aGrD2csyD7E8S8SZ3afnSSfnRGfUBf,solana,Bags.fm,BzA7sznBkBFeGCCM38yP4J8wP7ti2RTukKsZaiT6BAGS,CUBES,So11111111111111111111111111111111111111112,SOL,2026-10-07T03:21:57Z,3.5456839626311275e-05,35456.83963,,34880.5453,118.09471345848023,,,0.0,0.0,0.0,0.0,0.0,1.1573281919,0,0,0,0,0,0,0,0,0,0,0,0,0,0,0,0,0,0,0,0,1,0,1,0,0.0,0.0,0.0,0.0,0.0,0.0,snapshot,,,,,,,/home/runner/work/Solana-Memecoin-Analysis/Solana-Memecoin-Analysis/data/cache/2026-10-08/001119467799_multi_pools_d3eee046be5f.json,2
2026-10-08T00:05:26.425711+00:00,EQ8G2N6C4t2SoCYw3VZKejDCCdUUdC6WQAsAb6euqT8q,solana,PumpSwap,6cX4Hqpp8X6bBvaYijxmSVmeNnk2XZsKC4ogCK2vBAGS,MINE,So11111111111111111111111111111111111111112,SOL,2026-10-07T03:21:52Z,4.84715985841443e-05,37810.5552251281,,0.002955798497,118.14464014301214,100.0,,0.0,0.0,0.0,0.0,0.0,339.1131831264,0,0,0,0,0,0,0,0,0,0,0,0,0,0,0,0,0,0,0,0,695,79,211,68,0.0,0.0,0.0,0.0,0.0,4.876,snapshot,,,,,,,/home/runner/work/Solana-Memecoin-Analysis/Solana-Memecoin-Analysis/data/cache/2026-10-08/001119467799_multi_pools_d3eee046be5f.json,2
2026-10-08T00:05:26.425711+00:00,Dp6sgvozpg16xovbizsweX9me3sxQ3hTv6axSKx9udNq,solana,Pump.fun,52zoqyBJxkkK86hMiwQRpWLTo9nkwrE7UDk57MqEXFMf,JAT,So11111111111111111111111111111111111111112,SOL,2026-10-07T03:21:48Z,3.4679756356356524e-06,3467.975636,,2705.3488,118.13136054085868,100.0,,0.0,0.0,0.0,0.0,0.0,356.6473847087,0,0,0,0,0,0,0,0,0,0,0,0,0,0,0,0,0,0,0,0,2,2,2,2,0.0,0.0,0.0,0.0,0.0,0.044,snapshot,,,,,,,/home/runner/work/Solana-Memecoin-Analysis/Solana-Memecoin-Analysis/data/cache/2026-10-08/001119467799_multi_pools_d3eee046be5f.json,2
2026-10-08T00:05:26.425711+00:00,8EnVQ8s1pD8z9urwhvX4sb5FmWmyvJpN9ZhMwXiBbkB2,solana,Pump.fun,333g3yvbUZTMdNdu21BNL7ecZB4RVPKNJEDhsK3Jpump,$CCOW,So11111111111111111111111111111111111111112,SOL,2026-10-07T03:21:48Z,3.3126951274192727e-06,6647.474904,,2585.0297,118.09430426395319,100.0,,0.0,0.0,0.0,0.0,0.0,23.6188129439,0,0,0,0,0,0,0,0,0,0,0,0,0,0,0,0,0,0,0,0,2,2,2,2,0.0,0.0,0.0,0.0,0.0,0.333,snapshot,,,,,,,/home/runner/work/Solana-Memecoin-Analysis/Solana-Memecoin-Analysis/data/cache/2026-10-08/001119467799_multi_pools_d3eee046be5f.json,2
2026-10-08T00:05:26.425711+00:00,4ZGp3VbqDNKCfCfEwmCzBDtyJhUsMeA6quT26oeTKe3h,solana,Pump.fun,8Hux2ZPUzdngokH3EJbsw2She2XEywaQhuY8NQ1p5EpE,BOBO,So11111111111111111111111111111111111111112,SOL,2026-10-07T03:32:19Z,3.3187307597470237e-06,3318.73076,,2585.2737,118.2978742352022,100.0,,0.0,0.0,0.0,0.0,0.0,23.7576516703,0,0,0,0,0,0,0,0,0,0,0,0,0,0,0,0,0,0,0,0,2,1,2,1,0.0,0.0,0.0,0.0,0.0,0.166,snapshot,,,,,,,/home/runner/work/Solana-Memecoin-Analysis/Solana-Memecoin-Analysis/data/cache/2026-10-08/001119467799_multi_pools_d3eee046be5f.json,2
2026-10-08T00:05:26.425711+00:00,D93Tj9Un1p4SJrwGLaAPZDTGXzwpMq5ELAiH6apH4mya,solana,Pump.fun,AfLneJfskvCd15ea8v4QpcV3P78uYqm3Am7ZEJ3ipump,trench,So11111111111111111111111111111111111111112,SOL,2026-10-07T03:32:16Z,2.8896585501760294e-06,5779.3171,,2250.0231,118.22533052062172,,,0.0,0.0,0.0,0.0,0.0,138.3137060031,0,0,0,0,0,0,0,0,0,0,0,0,0,0,0,0,0,0,0,0,12,8,6,5,0.0,0.0,0.0,0.0,0.0,-13.89,snapshot,,,,,,,/home/runner/work/Solana-Memecoin-Analysis/Solana-Memecoin-Analysis/data/cache/2026-10-08/001119467799_multi_pools_d3eee046be5f.json,2
2026-10-08T00:05:26.425711+00:00,2yJEbwrVzZWBLJu2Vh6XHEXMjfaQZFRq4SFWG7EiNsV7,solana,Pump.fun,3vipqMjoZL5So43kK8XDwgsA9rXxkRnRzDG52nBApump,LEMON,So11111111111111111111111111111111111111112,SOL,2026-10-07T03:32:15Z,4.567376181926765e-07,913.4752364,,652.5348,118.22365520685814,,,0.0,0.0,0.0,0.0,0.0,67.7006846767,0,0,0,0,0,0,0,0,0,0,0,0,0,0,0,0,0,0,0,0,20,18,5,3,0.0,0.0,0.0,0.0,0.0,-86.193,snapshot,,,,,,,/home/runner/work/Solana-Memecoin-Analysis/Solana-Memecoin-Analysis/data/cache/2026-10-08/001119467799_multi_pools_d3eee046be5f.json,2
2026-10-08T00:05:26.425711+00:00,8LQPQSrYmtap9c8fdhpUEtpB2RcyDXaz2dbvQHSJiGmu,solana,Pump.fun,8VY8usTKs3c8W7zRmcqCEfzCyJmPpo8SUquQRxgDpump,$LOL,So11111111111111111111111111111111111111112,SOL,2026-10-07T03:32:09Z,4.102725470714158e-07,820.5450942,,322.6247,118.27274837303521,,,0.0,0.0,0.0,0.0,0.0,39.7791412868,0,0,0,0,0,0,0,0,0,0,0,0,0,0,0,0,0,0,0,0,11,18,4,3,0.0,0.0,0.0,0.0,0.0,-87.607,snapshot,,,,,,,/home/runner/work/Solana-Memecoin-Analysis/Solana-Memecoin-Analysis/data/cache/2026-10-08/001119467799_multi_pools_d3eee046be5f.json,2
2026-10-08T00:05:26.425711+00:00,2XMoxk1owwgQEuaBUni8UnySEPLAzcqVvK4S3YeCcX4K,solana,Pump.fun,98pKHSvsazBmqNjh2rmiRweJNCvJTqZbXzkAw1tYoDAU,spacechip,So11111111111111111111111111111111111111112,SOL,2026-10-07T03:32:07Z,3.3173355117786487e-06,3317.335512,,2633.2387,116.07662352870565,100.0,,0.0,0.0,0.0,0.0,0.0,91195.4069261589,0,0,0,0,0,0,0,0,0,0,0,0,0,0,0,0,0,0,0,0,1196,905,590,570,0.0,0.0,0.0,0.0,0.0,-37.334,snapshot,,,,,,,/home/runner/work/Solana-Memecoin-Analysis/Solana-Memecoin-Analysis/data/cache/2026-10-08/001119467799_multi_pools_d3eee046be5f.json,2
2026-10-08T00:05:26.425711+00:00,9KjZdArn78ZRGm655Y3qYmtoXPzzA7zJm7ori43W2AHH,solana,Orca,66FVhEM5gezJRKr7LLF6FeJwj4AEe8JaYPsR3P6JEc2x,RARI,EPjFWdd5AufqSSqeM2qN1xzybapC8G4wEGGkZwyTDt1v,USDC,2026-10-07T03:32:01Z,0.0017063460723969691,1706346071.98468,,6722289.8887,0.9979834897670588,0.0,,0.0,0.0,0.0,0.0,0.0,1.9957789944,0,0,0,0,0,0,0,0,0,0,0,0,0,0,0,0,0,0,0,0,1,1,1,1,0.0,0.0,0.0,0.0,0.0,-0.021,snapshot,,,,,,,/home/runner/work/Solana-Memecoin-Analysis/Solana-Memecoin-Analysis/data/cache/2026-10-08/001119467799_multi_pools_d3eee046be5f.json,2
2026-10-08T00:05:26.425711+00:00,V8BPWRPfMDfyzc9kydXvQZXmjjhUTa3Nd7EzKwQq5Wp,solana,Pump.fun,25FgNbFzpJ5SpyLQo4DAUhbDsvDE4ua9LE2ir58zYwG6,Mandem,So11111111111111111111111111111111111111112,SOL,2026-10-07T03:31:59Z,3.4122677853343526e-06,3412.267785,,2660.6489,118.18652311303433,100.0,,0.0,0.0,0.0,0.0,0.0,703.405918773,0,0,0,0,0,0,0,0,0,0,0,0,0,0,0,0,0,0,0,0,4,2,3,2,0.0,0.0,0.0,0.0,0.0,-3.096,snapshot,,,,,,,/home/runner/work/Solana-Memecoin-Analysis/Solana-Memecoin-Analysis/data/cache/2026-10-08/001119467799_multi_pools_d3eee046be5f.json,2
2026-10-08T00:05:26.425711+00:00,3aexTz6hgnpZVEbCBfwvaMRhhY7eNq785pbu8wBLDK15,solana,Pump.fun,HpuhonPfabd8nuGqZgqzvXbCeyUT1qkttH4e18GFpump,LEMON,So11111111111111111111111111111111111111112,SOL,2026-10-07T03:31:56Z,5.198242925572149e-06,10396.485852,,4278.7905,118.06673199924872,,,0.0,0.0,0.0,0.0,0.0,52.2257440095,0,0,0,0,0,0,0,0,0,0,0,0,0,0,0,0,0,0,0,0,12,10,3,3,0.0,0.0,0.0,0.0,0.0,56.438,snapshot,,,,,,,/home/runner/work/Solana-Memecoin-Analysis/Solana-Memecoin-Analysis/data/cache/2026-10-08/001119467799_multi_pools_d3eee046be5f.json,2
2026-10-08T00:05:26.425711+00:00,3fNwQ8rnrZ7HVjfzSqUBC3zLxH4atNwHX1fMSGeAYy1s,solana,Pump.fun,dAAys1Tka6RX2SEHDeRRLdX3QQahmN3kcdmobuGpump,PDOG,So11111111111111111111111111111111111111112,SOL,2026-10-07T03:31:55Z,3.3047249974960282e-06,3304.724997,,2577.7766,118.12218338239803,,,0.0,0.0,0.0,0.0,0.0,6237.2898885803,0,0,0,0,0,0,0,0,0,0,0,0,0,0,0,0,0,0,0,0,30,48,30,30,0.0,0.0,0.0,0.0,0.0,-28.11,snapshot,,,,,,,/home/runner/work/Solana-Memecoin-Analysis/Solana-Memecoin-Analysis/data/cache/2026-10-08/001119467799_multi_pools_d3eee046be5f.json,2
2026-10-08T00:05:26.425711+00:00,CMt9GPPAwy5PFTwuxL9p7LgRzp1fYbavKix5EUDEbmD4,solana,Pump.fun,2jGcBPAxRiMrzbSnm3rJHSUGzztexgzMYLQA247Mpump,$OYVEY,So11111111111111111111111111111111111111112,SOL,2026-10-07T03:31:55Z,3.3079101852812858e-06,3307.910185,,2580.5446,118.12833102417953,,,0.0,0.0,0.0,0.0,0.0,202.9263096827,0,0,0,0,0,0,0,0,0,0,0,0,0,0,0,0,0,0,0,0,3,2,2,2,0.0,0.0,0.0,0.0,0.0,-2.364,snapshot,,,,,,,/home/runner/work/Solana-Memecoin-Analysis/Solana-Memecoin-Analysis/data/cache/2026-10-08/001119467799_multi_pools_d3eee046be5f.json,2
2026-10-08T00:05:26.425711+00:00,5bkQcERcA4LsLG6hQfg4ToKMAqUCqasUgMxA6Hs5jSyX,solana,Pump.fun,7A4PtdgbbnSRSpWzrnqRXvDWc1AbCPBu2JHzVQL2pump,$BWIZ,So11111111111111111111111111111111111111112,SOL,2026-10-07T03:42:11Z,6.596949631946291e-07,1319.3899264,,535.405,118.298743365371,,,0.0,0.0,0.0,0.0,0.0,580.7415010723,0,0,0,0,0,0,0,0,0,0,0,0,0,0,0,0,0,0,0,0,15,21,5,5,0.0,0.0,0.0,0.0,0.0,-80.681,snapshot,,,,,,,/home/runner/work/Solana-Memecoin-Analysis/Solana-Memecoin-Analysis/data/cache/2026-10-08/001119467799_multi_pools_d3eee046be5f.json,2
2026-10-08T00:05:26.425711+00:00,33oiQieKCnKNhsrw6UMhRAo6MyYFLs5USt8LAqBJjYRD,solana,Pump.fun,DYkxdKZNN8QoKPF83qFJhH9W4hmth42m46CNzV8PPgeW,EQTY,So11111111111111111111111111111111111111112,SOL,2026-10-07T03:42:11Z,3.3049053192101974e-06,3304.905319,,2576.9401,118.16687197164576,,,0.0,0.0,0.0,0.0,0.0,924.0275535491,0,0,0,0,0,0,0,0,0,0,0,0,0,0,0,0,0,0,0,0,5,5,5,5,0.0,0.0,0.0,0.0,0.0,-19.784,snapshot,,,,,,,/home/runner/work/Solana-Memecoin-Analysis/Solana-Memecoin-Analysis/data/cache/2026-10-08/001119467799_multi_pools_d3eee046be5f.json,2
2026-10-08T00:05:26.425711+00:00,551dAoNduwnY7kDYb2KmE7vWcXB9LHPtTu9ai2GpVLda,solana,Pump.fun,6tsFvFcv9uPNH7hk9VEDydh1Kd38Npf8YNHPpDqZpump,LOLSKW,So11111111111111111111111111111111111111112,SOL,2026-10-07T03:42:10Z,2.153661049727433e-06,4307.3221,,1679.3008,118.20551035790156,,,0.0,0.0,0.0,0.0,0.0,22.3443967944,0,0,0,0,0,0,0,0,0,0,0,0,0,0,0,0,0,0,0,0,8,5,2,2,0.0,0.0,0.0,0.0,0.0,-35.004,snapshot,,,,,,,/home/runner/work/Solana-Memecoin-Analysis/Solana-Memecoin-Analysis/data/cache/2026-10-08/001119467799_multi_pools_d3eee046be5f.json,2
2026-10-08T00:05:26.425711+00:00,8vxfEwK4aCCn4H4VTHkqGo2tWBWYiogqikvtdyCNB6DY,solana,Pump.fun,JCyktYBnGDhnt9H3uVK87Z8E3Ar2RJt5nt1eq6aApump,10/12,So11111111111111111111111111111111111111112,SOL,2026-10-07T03:42:06Z,3.318643662215856e-06,3318.643662,,2584.7587,118.29894951195479,,,0.0,0.0,0.0,0.0,0.0,6.9362587164,0,0,0,0,0,0,0,0,0,0,0,0,0,0,0,0,0,0,0,0,2,0,1,0,0.0,0.0,0.0,0.0,0.0,0.212,snapshot,,,,,,,/home/runner/work/Solana-Memecoin-Analysis/Solana-Memecoin-Analysis/data/cache/2026-10-08/001119467799_multi_pools_d3eee046be5f.json,2
2026-10-08T00:05:26.425711+00:00,DfPpy6W7AhXHWvZZZZA3EtZHM9FyfTSEfKRBGaWUwBUU,solana,Meteora DBC,6kV32i34D1q4kbFf5sszx5EbkdyNTSnHd1GfcKUDDwPj,BLKMINE,So11111111111111111111111111111111111111112,SOL,2026-10-07T03:42:02Z,9.588511327629547e-06,9588.511328,,0.0,118.27917334438055,,,0.0,0.0,0.0,0.0,0.0,1182.7916821604,0,0,0,0,0,0,0,0,0,0,0,0,0,0,0,0,0,0,0,0,32,0,32,0,0.0,0.0,0.0,0.0,0.0,4822.868,snapshot,,,,,,,/home/runner/work/Solana-Memecoin-Analysis/Solana-Memecoin-Analysis/data/cache/2026-10-08/001119467799_multi_pools_d3eee046be5f.json,2
2026-10-08T00:05:26.425711+00:00,ESPyJVDq9eh6xVrUbV6fPGcwNqZWStnBEF3Pw1HPyyyz,solana,Pump.fun,GrsXFs5Mk1L5fBQ3QkWB2ur3fEEkqLeS7BQwWkDzpump,FHC,So11111111111111111111111111111111111111112,SOL,2026-10-07T03:41:55Z,3.5359867335769164e-06,7071.973468,,2741.0259,118.27917334438055,100.0,,0.0,0.0,0.0,0.0,0.0,327.3902589066,0,0,0,0,0,0,0,0,0,0,0,0,0,0,0,0,0,0,0,0,4,4,3,3,0.0,0.0,0.0,0.0,0.0,3.552,snapshot,,,,,,,/home/runner/work/Solana-Memecoin-Analysis/Solana-Memecoin-Analysis/data/cache/2026-10-08/001119467799_multi_pools_d3eee046be5f.json,2
2026-10-08T00:05:26.425711+00:00,7YGhbDZr6kWaKrBHzAavN5tKoU5hgxnUPqCtcZmHkxv2,solana,Pump.fun,FRemPRaWWe8wmU7DdwNf2NpzZ2wYq4Lncwr3DUFrpump,34%,So11111111111111111111111111111111111111112,SOL,2026-10-07T03:41:51Z,1.6148922243135137e-06,3229.784448,,1469.3606,118.27937806553655,,,0.0,0.0,0.0,0.0,0.0,43.3345576429,0,0,0,0,0,0,0,0,0,0,0,0,0,0,0,0,0,0,0,0,3,4,2,2,0.0,0.0,0.0,0.0,0.0,-51.436,snapshot,,,,,,,/home/runner/work/Solana-Memecoin-Analysis/Solana-Memecoin-Analysis/data/cache/2026-10-08/001119467799_multi_pools_d3eee046be5f.json,2
2026-10-08T00:05:26.425711+00:00,87LXL4pmRLrtj2hM4ZuPXneKcX1SEijpX4ALgZj3MmFK,solana,Pump.fun,AvJZw5kYpNvbSwRDcHYAkFrzkaUrN2bRT7j1VceMpump,FAFEKUN,So11111111111111111111111111111111111111112,SOL,2026-10-07T03:41:44Z,3.688340637142642e-06,3688.340637,,2873.2101,118.27822787799953,,,0.0,0.0,0.0,0.0,0.0,818.4816952703,0,0,0,0,0,0,0,0,0,0,0,0,0,0,0,0,0,0,0,0,1,1,1,1,0.0,0.0,0.0,0.0,0.0,0.001,snapshot,,,,,,,/home/runner/work/Solana-Memecoin-Analysis/Solana-Memecoin-Analysis/data/cache/2026-10-08/001119467799_multi_pools_d3eee046be5f.json,2
2026-10-08T00:05:26.425711+00:00,53xkVsSpiLg1qb2mpzgitjF7ANwBDA6SiLxuZBNkwNSG,solana,Pump.fun,4hc8ZN63ihdzmu51DEKjuf9FBPwZXQYXd8Vv97shpump,PERFECT,So11111111111111111111111111111111111111112,SOL,2026-10-07T03:51:05Z,3.309283647934743e-06,3309.283648,,2580.3557,118.16687197164576,,,0.0,0.0,0.0,0.0,0.0,620.8840891316,0,0,0,0,0,0,0,0,0,0,0,0,0,0,0,0,0,0,0,0,6,8,6,6,0.0,0.0,0.0,0.0,0.0,-0.073,snapshot,,,,,,,/home/runner/work/Solana-Memecoin-Analysis/Solana-Memecoin-Analysis/data/cache/2026-10-08/001119467799_multi_pools_d3eee046be5f.json,2
2026-10-08T00:05:26.425711+00:00,QzMpJML4DFfbWoK6bYzVokiAjP24pvVtTVBHeyts5tG,solana,Pump.fun,DJLgzh7y29UeRxX7NCKv7tfXKmAvb7CVQvpxKUmTpump,claudia,So11111111111111111111111111111111111111112,SOL,2026-10-07T03:50:46Z,2.2742197863932097e-07,454.8439572,,177.4111,117.99683370302985,,,0.0,0.0,0.0,0.0,0.0,365.4865810044,0,0,0,0,0,0,0,0,0,0,0,0,0,0,0,0,0,0,0,0,70,74,5,4,0.0,0.0,0.0,0.0,0.0,-93.132,snapshot,,,,,,,/home/runner/work/Solana-Memecoin-Analysis/Solana-Memecoin-Analysis/data/cache/2026-10-08/001119467799_multi_pools_d3eee046be5f.json,2
2026-10-08T00:05:26.425711+00:00,92Kjsrmd9FNCMbb8muj1M1JkRdq8kY51YX27vXhSaAA2,solana,Pump.fun,6B3FM3xrKRLHEh18nLpj1ja9mb7bf9oYvCRDXTVoiVre,PENANA,So11111111111111111111111111111111111111112,SOL,2026-10-07T03:50:46Z,3.3863581262498318e-06,3386.358107192,,2634.1215,118.45117235903929,,,0.0,0.0,0.0,0.0,0.0,1022.216959718,0,0,0,0,0,0,0,0,0,0,0,0,0,0,0,0,0,0,0,0,10,10,10,10,0.0,0.0,0.0,0.0,0.0,1.63,snapshot,,,,,,,/home/runner/work/Solana-Memecoin-Analysis/Solana-Memecoin-Analysis/data/cache/2026-10-08/001119467799_multi_pools_d3eee046be5f.json,2
2026-10-08T00:05:26.425711+00:00,ALs8UGixp1PU1bcaHg2xPcbEY1jveEL6dd6NcB3nRHhk,solana,Pump.fun,66rW85MGxGiSQpZFvnSeUEJ7Cg21DosL4EToCC54pump,BOOK,So11111111111111111111111111111111111111112,SOL,2026-10-07T03:50:41Z,3.3354064676261997e-06,3335.406468,,2601.1859,118.1449679522077,100.0,,0.0,0.0,0.0,0.0,0.0,2879.4852884525,0,0,0,0,0,0,0,0,0,0,0,0,0,0,0,0,0,0,0,0,34,61,33,33,0.0,0.0,0.0,0.0,0.0,-17.375,snapshot,,,,,,,/home/runner/work/Solana-Memecoin-Analysis/Solana-Memecoin-Analysis/data/cache/2026-10-08/001119467799_multi_pools_d3eee046be5f.json,2
2026-10-08T00:05:26.425711+00:00,EpxhcT7khLVxsZ9w7DX1DZSRzqd5ySm2fvdGxCL2bzv1,solana,Pump.fun,3LTUiiqZeais6jpo4hWvATqstwXv7iVJKzZ89r62pump,trap,So11111111111111111111111111111111111111112,SOL,2026-10-07T03:50:27Z,3.424797517273457e-06,3424.797517,,2668.4629,118.25396747999922,,,0.0,0.0,0.0,0.0,0.0,744.708844713,0,0,0,0,0,0,0,0,0,0,0,0,0,0,0,0,0,0,0,0,4,3,3,3,0.0,0.0,0.0,0.0,0.0,3.275,snapshot,,,,,,,/home/runner/work/Solana-Memecoin-Analysis/Solana-Memecoin-Analysis/data/cache/2026-10-08/001119467799_multi_pools_d3eee046be5f.json,2
2026-10-08T00:05:26.425711+00:00,7jBqVn2SToYVwa35Gth5FAZcpSuAphJ8haAexAnAyN8x,solana,Pump.fun,2jrfjSVCQvDSKb2CtgtG1TnyfDTxtQTkM487NDM8pump,PATTY,So11111111111111111111111111111111111111112,SOL,2026-10-07T03:57:29Z,3.304196516532455e-06,3304.196517,,2576.9517,118.14110729623256,,,0.0,0.0,0.0,0.0,0.0,2.3414708545,0,0,0,0,0,0,0,0,0,0,0,0,0,0,0,0,0,0,0,0,1,1,1,1,0.0,0.0,0.0,0.0,0.0,-0.164,snapshot,,,,,,,/home/runner/work/Solana-Memecoin-Analysis/Solana-Memecoin-Analysis/data/cache/2026-10-08/001119467799_multi_pools_d3eee046be5f.json,2
2026-10-08T00:05:26.425711+00:00,4ofEw5hEkYrfeLgcLdg5w9fxor3LvreUY8jjVHFaUbCk,solana,Pump.fun,6jT3yG16CcGXGu4t91ALUbisRmibLoNBECi6itskpump,MEMEFUN,So11111111111111111111111111111111111111112,SOL,2026-10-07T03:57:14Z,3.332847589271959e-06,3662.457572,,2597.6541,118.21576015618909,,,0.0,0.0,0.0,0.0,0.0,2207.4515217264,0,0,0,0,0,0,0,0,0,0,0,0,0,0,0,0,0,0,0,0,15,15,15,15,0.0,0.0,0.0,0.0,0.0,9.282,snapshot,,,,,,,/home/runner/work/Solana-Memecoin-Analysis/Solana-Memecoin-Analysis/data/cache/2026-10-08/001119467799_multi_pools_d3eee046be5f.json,2
2026-10-08T00:05:26.425711+00:00,9ud9cXz1HQrbHh5iesTxmxF7VZjDnKfgvVJ3LfETqen,solana,Meteora DAMM V2,6oDPwfttKsiXXNdnQUGPm6iZAJ3U9b3hbDqKoZGVji5g,CLAUDIA,So11111111111111111111111111111111111111112,SOL,2026-10-07T03:57:14Z,9.20670517467196e-10,0.9206610242,,1.58,118.74835434045134,,,0.0,0.0,0.0,0.0,0.0,184.408327667,0,0,0,0,0,0,0,0,0,0,0,0,0,0,0,0,0,0,0,0,15,7,11,7,0.0,0.0,0.0,0.0,0.0,-58.973,snapshot,,,,,,,/home/runner/work/Solana-Memecoin-Analysis/Solana-Memecoin-Analysis/data/cache/2026-10-08/001126829498_multi_pools_1013d4a5badb.json,2
2026-10-08T00:05:26.425711+00:00,EMsJ9gvUhJY7kzDxvWh4PSTFPezYza9EnHLy9HNq3JnQ,solana,Pump.fun,AtdUcAXiqxThUbnxfkvbrvKxDiW8SfyaxSbEryRCpump,DELULU,So11111111111111111111111111111111111111112,SOL,2026-10-07T03:57:13Z,3.4117690938990803e-06,3411.769094,,2657.5192,118.28908871142103,,,0.0,0.0,0.0,0.0,0.0,224.3923182259,0,0,0,0,0,0,0,0,0,0,0,0,0,0,0,0,0,0,0,0,1,1,1,1,0.0,0.0,0.0,0.0,0.0,-0.072,snapshot,,,,,,,/home/runner/work/Solana-Memecoin-Analysis/Solana-Memecoin-Analysis/data/cache/2026-10-08/001126829498_multi_pools_1013d4a5badb.json,2
2026-10-08T00:05:26.425711+00:00,9Rrhgd5CcvBabJfD22x5kHBospQgFfUvnQsYNEi3gXTY,solana,Pump.fun,y8p7UMSUnjqS4TBJiF1azhZoi37jhc6SURZPS9xDBYN,DEAR,So11111111111111111111111111111111111111112,SOL,2026-10-07T03:57:11Z,3.3626366964279125e-06,3362.636696,,2700.6435,118.33494804731907,,,0.0,0.0,0.0,0.0,0.0,836.9483035843,0,0,0,0,0,0,0,0,0,0,0,0,0,0,0,0,0,0,0,0,4,4,4,4,0.0,0.0,0.0,0.0,0.0,-1.967,snapshot,,,,,,,/home/runner/work/Solana-Memecoin-Analysis/Solana-Memecoin-Analysis/data/cache/2026-10-08/001126829498_multi_pools_1013d4a5badb.json,2
2026-10-08T00:05:26.425711+00:00,4WuFUrrAffimKDtShhx2zCER6yoQwAbH9xcXjEnvHDN1,solana,PumpSwap,9ivUUHyE7Kk1kYbJoRtaxh8biWufcvWSM7tFGjF2pump,CLAUSAG,So11111111111111111111111111111111111111112,SOL,2026-10-07T03:57:04Z,6.106757283540898e-05,61383.51242,,6.19466242166745e-07,118.05570459319976,2.34751595708782e-09,,0.0,0.0,0.0,0.0,0.0,2601.660509014,0,0,0,0,0,0,0,0,0,0,0,0,0,0,0,0,0,0,0,0,1830,223,216,139,0.0,0.0,0.0,0.0,0.0,32.553,snapshot,,,,,,,/home/runner/work/Solana-Memecoin-Analysis/Solana-Memecoin-Analysis/data/cache/2026-10-08/001126829498_multi_pools_1013d4a5badb.json,2
2026-10-08T00:05:26.425711+00:00,HUY9VmWnUh1AnT95txVUbMRTSe11g6TWMHTmTGFECHfs,solana,Meteora DAMM V2,9ivUUHyE7Kk1kYbJoRtaxh8biWufcvWSM7tFGjF2pump,CLAUSAG,So11111111111111111111111111111111111111112,SOL,2026-10-07T03:57:04Z,0.00031269140873840806,312691.4087,,0.000202566084135373,118.31721723813533,,,0.0,0.0,0.0,0.0,0.0,0.1211256387,0,0,0,0,0,0,0,0,0,0,0,0,0,0,0,0,0,0,0,0,10,6,6,4,0.0,0.0,0.0,0.0,0.0,-61.588,snapshot,,,,,,,/home/runner/work/Solana-Memecoin-Analysis/Solana-Memecoin-Analysis/data/cache/2026-10-08/001126829498_multi_pools_1013d4a5badb.json,2
2026-10-08T00:05:26.425711+00:00,9t4TmN1hqaWSHCaFzLqRv13hXHWYVBA39A9UuLhxdvyV,solana,PumpSwap,B323buzSQ2WA64sceJzhirkJUpCSQuLrYSXTC97MotDi,FOMO,So11111111111111111111111111111111111111112,SOL,2026-10-07T04:10:26Z,2.0948843517667725e-06,2085.895432442,,2105.0158,118.1558211201795,100.0,,0.0,0.0,0.0,0.0,0.0,116496.418325234,0,0,0,0,0,0,0,0,0,0,0,0,0,0,0,0,0,0,0,0,11028,10500,371,922,0.0,0.0,0.0,0.0,0.0,-95.733,snapshot,,,,,,,/home/runner/work/Solana-Memecoin-Analysis/Solana-Memecoin-Analysis/data/cache/2026-10-08/001126829498_multi_pools_1013d4a5badb.json,2
2026-10-08T00:05:26.425711+00:00,HiHYrhNqwxCNcCWq56mWYN3x7Xy2y9pihHXux2AfETky,solana,Pump.fun,2ChKLvBf4jLgqourAnVj72ozEdKmwWMiMNfhnBLapump,JUMPER,So11111111111111111111111111111111111111112,SOL,2026-10-07T04:10:21Z,3.309339214571485e-06,3309.339215,,2579.8677,118.1914664798109,100.0,,0.0,0.0,0.0,0.0,0.0,79.2952836834,0,0,0,0,0,0,0,0,0,0,0,0,0,0,0,0,0,0,0,0,3,2,3,2,0.0,0.0,0.0,0.0,0.0,0.205,snapshot,,,,,,,/home/runner/work/Solana-Memecoin-Analysis/Solana-Memecoin-Analysis/data/cache/2026-10-08/001126829498_multi_pools_1013d4a5badb.json,2
2026-10-08T00:05:26.425711+00:00,BaduhS2265qFWq1hZr1fbU2qLoDb6wN5kVsZaJjnrzzj,solana,Pump.fun,YptJg8pscLq1DcNBhKpLnLeCErXE6zpPMToL7rvmhRs,WIF,So11111111111111111111111111111111111111112,SOL,2026-10-07T04:10:21Z,3.4657474664603875e-06,3465.747466,,2699.2493,118.30290886552932,100.0,,0.0,0.0,0.0,0.0,0.0,4862.2313732497,0,0,0,0,0,0,0,0,0,0,0,0,0,0,0,0,0,0,0,0,46,47,43,43,0.0,0.0,0.0,0.0,0.0,-29.621,snapshot,,,,,,,/home/runner/work/Solana-Memecoin-Analysis/Solana-Memecoin-Analysis/data/cache/2026-10-08/001126829498_multi_pools_1013d4a5badb.json,2
2026-10-08T00:05:26.425711+00:00,H6j91uZGbACC8WkHXyMoLfTKaF7b5YZ6HSc2jvLX64Gq,solana,Pump.fun,A25YVqC8gwSqTPPEHRW3DebyBzLFHi6WoKSv4Y1epump,ASS,So11111111111111111111111111111111111111112,SOL,2026-10-07T04:10:15Z,3.3145081041023368e-06,3314.508104,,2603.2305,118.2175375758075,100.0,,0.0,0.0,0.0,0.0,0.0,264.1199389796,0,0,0,0,0,0,0,0,0,0,0,0,0,0,0,0,0,0,0,0,32,6,4,4,0.0,0.0,0.0,0.0,0.0,-0.284,snapshot,,,,,,,/home/runner/work/Solana-Memecoin-Analysis/Solana-Memecoin-Analysis/data/cache/2026-10-08/001126829498_multi_pools_1013d4a5badb.json,2
2026-10-08T00:05:26.425711+00:00,DRMhpTDBBnyJrUBqzi1WZ3FZ74kDvNn39i6GxRB9qcmW,solana,Pump.fun,GGLAzmTorwWFY2HjakKw21XTRLALmSeYQXH1ngjWpump,StockFount,So11111111111111111111111111111111111111112,SOL,2026-10-07T04:10:13Z,3.3034563810414956e-06,3303.456381,,2576.9169,118.11608332418294,,,0.0,0.0,0.0,0.0,0.0,436.2762322381,0,0,0,0,0,0,0,0,0,0,0,0,0,0,0,0,0,0,0,0,3,3,3,3,0.0,0.0,0.0,0.0,0.0,-6.904,snapshot,,,,,,,/home/runner/work/Solana-Memecoin-Analysis/Solana-Memecoin-Analysis/data/cache/2026-10-08/001126829498_multi_pools_1013d4a5badb.json,2
2026-10-08T00:05:26.425711+00:00,GEfkTCm7ib9t6KmrXBjfFX4soodw6j2H6PaTYyy6DxZh,solana,Pump.fun,CbC9fRzJNcAr59v6yrYB5rFJqKqsXo2ngMqMhqLDpump,LAMBULL,So11111111111111111111111111111111111111112,SOL,2026-10-07T04:10:12Z,1.8750457455347814e-07,375.0091492,,152.9214,118.58295185071742,,,0.0,0.0,0.0,0.0,0.0,191.2500803148,0,0,0,0,0,0,0,0,0,0,0,0,0,0,0,0,0,0,0,0,22,30,5,5,0.0,0.0,0.0,0.0,0.0,-94.333,snapshot,,,,,,,/home/runner/work/Solana-Memecoin-Analysis/Solana-Memecoin-Analysis/data/cache/2026-10-08/001126829498_multi_pools_1013d4a5badb.json,2
2026-10-08T00:05:26.425711+00:00,8hM8NHXTXqXXN2CrT1SYngDjGpKwYqDVgYqs4wFYi61k,solana,Meteora,HzYCHqAN2uoHGRnL9v2ChCfFQX3bvJuJd5zu2Hd5MZQy,TWEETCRAFT,So11111111111111111111111111111111111111112,SOL,2026-10-07T04:09:51Z,0.0009259498852153663,919094.586778824,,13.0116,118.72538779628519,,,0.0,0.0,0.0,0.0,0.0,1856.5578667025,0,0,0,0,0,0,0,0,0,0,0,0,0,0,0,0,0,0,0,0,413,467,192,219,0.0,0.0,0.0,0.0,0.0,-16.397,snapshot,,,,,,,/home/runner/work/Solana-Memecoin-Analysis/Solana-Memecoin-Analysis/data/cache/2026-10-08/001126829498_multi_pools_1013d4a5badb.json,2
2026-10-08T00:05:26.425711+00:00,GLSttXVXWwCuNCK86ozRHEHBEAWmb2V56Dapv8RN7So8,solana,PumpSwap,5TFFkf6bz9YojMxLVWgsHaoVguKKyQZZSjpDQ6Wu5fFs,GROKIN,So11111111111111111111111111111111111111112,SOL,2026-10-07T04:19:10Z,1.4878853816853718e-05,14970.4420266432,,3.648798277e-07,117.97581025134097,1.082895897371e-09,,0.0,0.0,0.0,0.0,0.0,90598.6370617424,0,0,0,0,0,0,0,0,0,0,0,0,0,0,0,0,0,0,0,0,265,219,144,57,0.0,0.0,0.0,0.0,0.0,30.427,snapshot,,,,,,,/home/runner/work/Solana-Memecoin-Analysis/Solana-Memecoin-Analysis/data/cache/2026-10-08/001126829498_multi_pools_1013d4a5badb.json,2
2026-10-08T00:05:26.425711+00:00,8FP68ZCqqXh1KeQnRKG8NVCRm9Y5K23EumogsLiWvEXF,solana,Pump.fun,HDHQgZiWCXa4ouaV8zpr3wdk8HNHscR6r3HAAnUPpump,RC,So11111111111111111111111111111111111111112,SOL,2026-10-07T04:19:06Z,4.565913550914658e-09,9.131827102,,0.0,118.5537576315695,,,0.0,0.0,0.0,0.0,0.0,2023.4067904542,0,0,0,0,0,0,0,0,0,0,0,0,0,0,0,0,0,0,0,0,378,347,40,38,0.0,0.0,0.0,0.0,0.0,-99.862,snapshot,,,,,,,/home/runner/work/Solana-Memecoin-Analysis/Solana-Memecoin-Analysis/data/cache/2026-10-08/001126829498_multi_pools_1013d4a5badb.json,2
2026-10-08T00:05:26.425711+00:00,HYLgwj8rN7QvwXVqpYuYK5oHzkbjaXphGqVdZJkpMt5i,solana,Pump.fun,EZYp3ZiaFWmKExR5hycqU24uV6RTxXpGd8VzMhqzpump,TOKEN2049,So11111111111111111111111111111111111111112,SOL,2026-10-07T04:18:59Z,3.4629025580003537e-06,3462.902558,,2703.5827,118.01623532337729,,,0.0,0.0,0.0,0.0,0.0,350.3865392879,0,0,0,0,0,0,0,0,0,0,0,0,0,0,0,0,0,0,0,0,1,1,1,1,0.0,0.0,0.0,0.0,0.0,0.016,snapshot,,,,,,,/home/runner/work/Solana-Memecoin-Analysis/Solana-Memecoin-Analysis/data/cache/2026-10-08/001126829498_multi_pools_1013d4a5badb.json,2
2026-10-08T00:05:26.425711+00:00,EMNVTvy5QomgGQ6xVbwwFWJ8LKwpznCc3kKCrzf15xvC,solana,Meteora DAMM V2,AW8hkKfm7vHntjw1D8U24v22zB6b7nP7Dgd8iviah7ez,DeepSeek,So11111111111111111111111111111111111111112,SOL,2026-10-07T04:18:56Z,0.00011566123494947402,115661.2349,,0.0581,118.14792353444057,,,0.0,0.0,0.0,0.0,0.0,0.3032039441,0,0,0,0,0,0,0,0,0,0,0,0,0,0,0,0,0,0,0,0,7,1,7,1,0.0,0.0,0.0,0.0,0.0,4392.225,snapshot,,,,,,,/home/runner/work/Solana-Memecoin-Analysis/Solana-Memecoin-Analysis/data/cache/2026-10-08/001126829498_multi_pools_1013d4a5badb.json,2
2026-10-08T00:05:26.425711+00:00,757vQW462QddnMWqt9FNW8u3FcqS3oyqMvBs42qY1jhH,solana,Pump.fun,Evb6KSVDEPXP2HLku3vYCWZyvLWweaobGfwRLiYDpump,AIMANTIS,So11111111111111111111111111111111111111112,SOL,2026-10-07T04:18:48Z,2.0652879236755037e-08,41.30575848,,15.0215,118.58271916914397,100.0,,0.0,0.0,0.0,0.0,0.0,1551.5730364388,0,0,0,0,0,0,0,0,0,0,0,0,0,0,0,0,0,0,0,0,171,156,26,26,0.0,0.0,0.0,0.0,0.0,-99.376,snapshot,,,,,,,/home/runner/work/Solana-Memecoin-Analysis/Solana-Memecoin-Analysis/data/cache/2026-10-08/001126829498_multi_pools_1013d4a5badb.json,2
2026-10-08T00:05:26.425711+00:00,4bA1N1EFx296HiVgqtB5Zc4hLjkZzbFFHZoUT3ufsB7a,solana,Meteora DAMM V2,BzfNisth82GuX7fDPw4tqyD7YKXsrsGzXRS1JLimpump,RSE2,So11111111111111111111111111111111111111112,SOL,2026-10-07T04:28:20Z,0.0003958589687590258,402396.539089695,,0.000185221233498527,118.2366624577696,,,0.0,0.0,0.0,0.0,0.0,0.1185377636,0,0,0,0,0,0,0,0,0,0,0,0,0,0,0,0,0,0,0,0,8,6,6,4,0.0,0.0,0.0,0.0,0.0,-18.826,snapshot,,,,,,,/home/runner/work/Solana-Memecoin-Analysis/Solana-Memecoin-Analysis/data/cache/2026-10-08/001126829498_multi_pools_1013d4a5badb.json,2
2026-10-08T00:05:26.425711+00:00,ESCmgasxAHvDX1E8pPobsJGRiLirF7zW63pfpsR6rdn8,solana,PumpSwap,75zk7BA3qaFrxabE2S7u1U8Gmcu9ohcGXAifiDtvaohW,CLAUDIA,So11111111111111111111111111111111111111112,SOL,2026-10-07T04:28:20Z,5.4424115383404924e-05,54424.11538,,6.020292093e-07,118.0198702993873,100.0,,0.0,0.0,0.0,0.0,0.0,5431.4451152864,0,0,0,0,0,0,0,0,0,0,0,0,0,0,0,0,0,0,0,0,1497,718,214,202,0.0,0.0,0.0,0.0,0.0,22.93,snapshot,,,,,,,/home/runner/work/Solana-Memecoin-Analysis/Solana-Memecoin-Analysis/data/cache/2026-10-08/001126829498_multi_pools_1013d4a5badb.json,2
2026-10-08T00:05:26.425711+00:00,BLzE38Ac53VFEsgTyhCeFQDHwyoEpAAZYYHgdMg8Bwy,solana,Pump.fun,DhmTAt5sjY89QpTNfav1n4f3rJ5n3SM6GY1JHr4Spump,ANY,So11111111111111111111111111111111111111112,SOL,2026-10-07T04:28:11Z,1.2112027310707662e-06,2422.405462,,945.364,118.26690268597484,100.0,,0.0,0.0,0.0,0.0,0.0,338.6973382674,0,0,0,0,0,0,0,0,0,0,0,0,0,0,0,0,0,0,0,0,23,18,7,7,0.0,0.0,0.0,0.0,0.0,-63.41,snapshot,,,,,,,/home/runner/work/Solana-Memecoin-Analysis/Solana-Memecoin-Analysis/data/cache/2026-10-08/001126829498_multi_pools_1013d4a5badb.json,2
2026-10-08T00:05:26.425711+00:00,4cMiDfm5nmznweSD4XjADyaHpRTGCS4jZhopC31rKjPy,solana,Pump.fun,GfmFjranChu1udZWeYNpGsWV9cJ8b9S1PPgTg4bJpump,SCRVAN,So11111111111111111111111111111111111111112,SOL,2026-10-07T04:27:58Z,4.6082373559710185e-06,9216.474712,,2908.6668,118.16038940711906,100.0,,0.0,0.0,0.0,0.0,0.0,118.9480840084,0,0,0,0,0,0,0,0,0,0,0,0,0,0,0,0,0,0,0,0,4,4,2,2,0.0,0.0,0.0,0.0,0.0,38.276,snapshot,,,,,,,/home/runner/work/Solana-Memecoin-Analysis/Solana-Memecoin-Analysis/data/cache/2026-10-08/001126829498_multi_pools_1013d4a5badb.json,2
2026-10-08T00:05:26.425711+00:00,5dED2f8GWKBbJFTom2h2gdPLshaZaNNZmd7yxCAKYuDo,solana,PumpSwap,6J3H5H2qcBcT1JMrggnmcDomfiYQk5whhk4u9y6dpump,ONEMILL,So11111111111111111111111111111111111111112,SOL,2026-10-07T04:36:11Z,5.328047998713411e-10,1.0656095998,,2.277,116.20894126997091,,,0.0,0.0,0.0,0.0,0.2358808504,182.0215848219,0,0,0,0,0,0,0,0,0,0,0,0,0,0,0,0,1,3,1,3,144,147,33,32,0.0,0.0,0.0,0.0,-21.097,-99.078,snapshot,,,,,,,/home/runner/work/Solana-Memecoin-Analysis/Solana-Memecoin-Analysis/data/cache/2026-10-08/001126829498_multi_pools_1013d4a5badb.json,2
2026-10-08T00:05:26.425711+00:00,GYyUbSAUg2AA8wmR1DgCo6jU8CRYXN7X6a2HLLNrzzYQ,solana,Pump.fun,F1Yv3XUXiBAhE4HriC9vR2ic94c8Jy6bgAVcLGMYpump,duluth,So11111111111111111111111111111111111111112,SOL,2026-10-07T04:36:05Z,5.899007303492305e-06,11798.014606,,4567.9274,118.04824383130514,,,0.0,0.0,0.0,0.0,0.0,208.2286002895,0,0,0,0,0,0,0,0,0,0,0,0,0,0,0,0,0,0,0,0,19,14,3,3,0.0,0.0,0.0,0.0,0.0,78.126,snapshot,,,,,,,/home/runner/work/Solana-Memecoin-Analysis/Solana-Memecoin-Analysis/data/cache/2026-10-08/001126829498_multi_pools_1013d4a5badb.json,2
2026-10-08T00:05:26.425711+00:00,8ygAEf7qNEZh7j5xhZtLBPSwURJHNG6GavvsgQzW8bTu,solana,Pump.fun,ygrHZtsJSYFe6aPr8QSn8PN9M4oiEUn5ETmdxSApump,BCA,So11111111111111111111111111111111111111112,SOL,2026-10-07T04:35:56Z,3.333280156429924e-06,3333.280156,,2591.5782,118.50839867762986,100.0,,0.0,0.0,0.0,0.0,0.0,696.2773592296,0,0,0,0,0,0,0,0,0,0,0,0,0,0,0,0,0,0,0,0,8,8,8,8,0.0,0.0,0.0,0.0,0.0,-0.813,snapshot,,,,,,,/home/runner/work/Solana-Memecoin-Analysis/Solana-Memecoin-Analysis/data/cache/2026-10-08/001126829498_multi_pools_1013d4a5badb.json,2
2026-10-08T00:05:26.425711+00:00,AECVu5BJndph7k61MmGWeidDh2PVeaHJysXzb2avXwBW,solana,Meteora,39ahtL8ynzE4amH26J29C93PA5172V3ft9UuUcqQS8fz,AUTON,So11111111111111111111111111111111111111112,SOL,2026-10-06T20:52:50Z,0.0026193641632826395,2612718.75852873,,301901.8547,116.19486620992066,,,938.1088760554,9978.7010601232,36303.8311051622,84955.5491575915,1275076.41625978,6664031.95511131,13,0,11,0,35,1,26,1,54,48,37,42,150,107,96,76,1643,1385,712,726,8439,7051,3189,3124,0.087,2.033,-4.859,-5.675,-17.241,-12.079,snapshot,,,,,,,/home/runner/work/Solana-Memecoin-Analysis/Solana-Memecoin-Analysis/data/cache/2026-10-08/001126829498_multi_pools_1013d4a5badb.json,2
2026-10-08T00:05:26.425711+00:00,7Pz4YpNMTg4xmbtzC5k6Jku68gmurMJe6XejfFSKCETN,solana,Pump.fun,Av9k8JodH82ywWTro2jsARBhDeEW8RfsBSrHemy1pump,Unc,So11111111111111111111111111111111111111112,SOL,2026-10-07T04:45:02Z,3.302947603979177e-06,3302.947604,,2576.3128,118.12596103396679,100.0,,0.0,0.0,0.0,0.0,0.0,17214.3011459857,0,0,0,0,0,0,0,0,0,0,0,0,0,0,0,0,0,0,0,0,151,110,136,80,0.0,0.0,0.0,0.0,0.0,-25.137,snapshot,,,,,,,/home/runner/work/Solana-Memecoin-Analysis/Solana-Memecoin-Analysis/data/cache/2026-10-08/001126829498_multi_pools_1013d4a5badb.json,2
2026-10-08T00:05:26.425711+00:00,A8WFkm5qszszBSUmgps1idRDh9nSHa5Zy2fED4VnAS5t,solana,Pump.fun,Ht8aJwfCj5kbY7hcSrJSwcFschGWMCwvKLXudc5dzWVe,cat,So11111111111111111111111111111111111111112,SOL,2026-10-07T04:44:52Z,3.3013321749055855e-06,3301.332175,,2576.9517,118.03878695847581,,,0.0,0.0,0.0,0.0,0.0,2.3319865007,0,0,0,0,0,0,0,0,0,0,0,0,0,0,0,0,0,0,0,0,1,1,1,1,0.0,0.0,0.0,0.0,0.0,-0.031,snapshot,,,,,,,/home/runner/work/Solana-Memecoin-Analysis/Solana-Memecoin-Analysis/data/cache/2026-10-08/001126829498_multi_pools_1013d4a5badb.json,2
2026-10-08T00:05:26.425711+00:00,CFYFhsuYMohjTkRuoqLGRu5g9etGEVoRptNkuy3ZRH2,solana,Pump.fun,A7PgVAePVqajm2SGy39os3KzeSre6ABdiLBT6vEj4wMS,Unc,So11111111111111111111111111111111111111112,SOL,2026-10-07T04:44:50Z,3.305707157418499e-06,3305.707157,,2578.8221,118.1094096943528,,,0.0,0.0,0.0,0.0,0.0,1193.6650254393,0,0,0,0,0,0,0,0,0,0,0,0,0,0,0,0,0,0,0,0,9,11,9,9,0.0,0.0,0.0,0.0,0.0,-5.523,snapshot,,,,,,,/home/runner/work/Solana-Memecoin-Analysis/Solana-Memecoin-Analysis/data/cache/2026-10-08/001126829498_multi_pools_1013d4a5badb.json,2
2026-10-08T00:05:26.425711+00:00,9wtiLQZ4XxYw3RRwADzN7BkRTAi3vyEPx6Cao6KsKtXV,solana,Pump.fun,31aCgzMGGbWhVuFcNVuudG8DdgMnQspBDZ9wh9Hppump,Si,So11111111111111111111111111111111111111112,SOL,2026-10-07T04:44:44Z,1.0981612657370432e-09,2.196322532,,1.9285,118.87909391969092,100.0,,0.0,0.0,0.0,0.0,0.0,1437.3494354571,0,0,0,0,0,0,0,0,0,0,0,0,0,0,0,0,0,0,0,0,211,208,27,27,0.0,0.0,0.0,0.0,0.0,-99.96,snapshot,,,,,,,/home/runner/work/Solana-Memecoin-Analysis/Solana-Memecoin-Analysis/data/cache/2026-10-08/001126829498_multi_pools_1013d4a5badb.json,2
2026-10-08T00:05:26.425711+00:00,8WkR5rgnw9WbPHf79MqmmiUU6VxCM33BfqAXvP5oiwbx,solana,Meteora DBC,B4jQ7fR1vrsWHHwzCrASkKSa9tiV9ofjUg8p8c6wmoon,CLAUDIA,So11111111111111111111111111111111111111112,SOL,2026-10-07T04:44:38Z,5.360928015718616e-12,0.004182392156,,0.0,117.94039919132933,,,0.0,0.0,0.0,0.0,0.0,0.001179403992,0,0,0,0,0,0,0,0,0,0,0,0,0,0,0,0,0,0,0,0,1,0,1,0,0.0,0.0,0.0,0.0,0.0,0.0,snapshot,,,,,,,/home/runner/work/Solana-Memecoin-Analysis/Solana-Memecoin-Analysis/data/cache/2026-10-08/001126829498_multi_pools_1013d4a5badb.json,2
2026-10-08T00:05:26.425711+00:00,2ZsKQwfxFHZW8uyK8surFzKAdksgJAAqDRph1PR7CUEa,solana,Meteora DBC,3VDQYbejYTxyjfUiTF28sBWCQEudKy2kSQtAPz46oSij,GILDR,So11111111111111111111111111111111111111112,SOL,2026-10-07T04:44:31Z,4.527740454579361e-05,45277.40455,,0.0,118.03878695847581,100.0,,0.0,0.0,0.0,0.0,0.0,15163.8356864597,0,0,0,0,0,0,0,0,0,0,0,0,0,0,0,0,0,0,0,0,563,645,188,168,0.0,0.0,0.0,0.0,0.0,188.298,snapshot,,,,,,,/home/runner/work/Solana-Memecoin-Analysis/Solana-Memecoin-Analysis/data/cache/2026-10-08/001141862588_multi_pools_af814ec57ee0.json,2
2026-10-08T00:05:26.425711+00:00,6yJpwTmeAP4Zp2VFP7eSMaBbCegmBV5x8yngpyarxwN7,solana,Meteora DBC,9mgsut5E1eJsxAmPG4tfdVhYZrsvXjWRyVuFx6CfQGiu,AxeCat,So11111111111111111111111111111111111111112,SOL,2026-10-07T04:44:26Z,4.5982185099066873e-05,45982.1851,,0.0,118.12021278036984,,,0.0,0.0,0.0,0.0,0.0,11592.0532506322,0,0,0,0,0,0,0,0,0,0,0,0,0,0,0,0,0,0,0,0,314,363,141,142,0.0,0.0,0.0,0.0,0.0,67.615,snapshot,,,,,,,/home/runner/work/Solana-Memecoin-Analysis/Solana-Memecoin-Analysis/data/cache/2026-10-08/001141862588_multi_pools_af814ec57ee0.json,2
2026-10-08T00:05:26.425711+00:00,FCZNjG2AwuXbRw9uAVhBqFkYuBoKhManqNYLJfLiJpce,solana,Pump.fun,dUdciuqSao271KtFfrkUzbo27twfBBBR7qsXRgLpump,BLOXPAD,So11111111111111111111111111111111111111112,SOL,2026-10-07T04:54:03Z,3.3057302373919313e-06,3305.730237,,2588.9061,118.0520313239748,100.0,,0.0,0.0,0.0,0.0,0.0,6889.9252325956,0,0,0,0,0,0,0,0,0,0,0,0,0,0,0,0,0,0,0,0,34,34,34,34,0.0,0.0,0.0,0.0,0.0,-9.897,snapshot,,,,,,,/home/runner/work/Solana-Memecoin-Analysis/Solana-Memecoin-Analysis/data/cache/2026-10-08/001141862588_multi_pools_af814ec57ee0.json,2
2026-10-08T00:05:26.425711+00:00,59mtxCMy7JYbjv7H6odAHEdAgBd7vVobmWnb6KQ2P6bH,solana,Pump.fun,5EW9GJSdThVkG1TQwgRYzVmqzGgSXqgRbHCa6bgspump,trap,So11111111111111111111111111111111111111112,SOL,2026-10-07T04:53:59Z,3.315550615165144e-06,3315.550615,,2584.5844,118.19706752909629,100.0,,0.0,0.0,0.0,0.0,0.0,23.347584684,0,0,0,0,0,0,0,0,0,0,0,0,0,0,0,0,0,0,0,0,1,1,1,1,0.0,0.0,0.0,0.0,0.0,0.0,snapshot,,,,,,,/home/runner/work/Solana-Memecoin-Analysis/Solana-Memecoin-Analysis/data/cache/2026-10-08/001141862588_multi_pools_af814ec57ee0.json,2
2026-10-08T00:05:26.425711+00:00,A5BKUkqcYiTVV7TU4m2EtDtbjVGFgqkP24nx33s2bf4Z,solana,Meteora DBC,5JjmvzFknP4DGFJARtyiQYTWHBdpcDd8zUTUTnuQuY44,RSE2,So11111111111111111111111111111111111111112,SOL,2026-10-07T04:53:51Z,7.948959805596693e-05,79487.4782997803,,0.0,118.19929853581499,,,0.0,0.0,0.0,0.0,0.0,1513.5841922123,0,0,0,0,0,0,0,0,0,0,0,0,0,0,0,0,0,0,0,0,65,61,64,53,0.0,0.0,0.0,0.0,0.0,23.236,snapshot,,,,,,,/home/runner/work/Solana-Memecoin-Analysis/Solana-Memecoin-Analysis/data/cache/2026-10-08/001141862588_multi_pools_af814ec57ee0.json,2
2026-10-08T00:05:26.425711+00:00,BA6PVwNiFTCZvzmciwd8rNRmYAxYG8VPmzpJdveRE2Rp,solana,Pump.fun,41f5j9i7kvHsdVo6JzXWZQp3g6NrpzxeWuG7Te3tpump,KERUMM,So11111111111111111111111111111111111111112,SOL,2026-10-07T05:01:35Z,3.310073217334396e-06,3310.073217,,2577.1144,118.34397059758369,100.0,,0.0,0.0,0.0,0.0,0.0,3208.6212568263,0,0,0,0,0,0,0,0,0,0,0,0,0,0,0,0,0,0,0,0,29,35,25,28,0.0,0.0,0.0,0.0,0.0,-5.083,snapshot,,,,,,,/home/runner/work/Solana-Memecoin-Analysis/Solana-Memecoin-Analysis/data/cache/2026-10-08/001141862588_multi_pools_af814ec57ee0.json,2
2026-10-08T00:05:26.425711+00:00,A5EYaZpPNwGZY8VnVAMToP97ukCbggwzaSAcaEPQLeYx,solana,PumpSwap,ELyHicqYPzW3d6aFufZcfjmj9mJ9bUaEGq755xewf9w3,TITS,So11111111111111111111111111111111111111112,SOL,2026-10-07T05:01:35Z,5.6072089483376175e-05,56072.08948,,6.127986119e-07,118.36971817606448,100.0,,0.0,0.0,0.0,0.0,0.0,5544.2840557041,0,0,0,0,0,0,0,0,0,0,0,0,0,0,0,0,0,0,0,0,1610,761,212,199,0.0,0.0,0.0,0.0,0.0,26.751,snapshot,,,,,,,/home/runner/work/Solana-Memecoin-Analysis/Solana-Memecoin-Analysis/data/cache/2026-10-08/001141862588_multi_pools_af814ec57ee0.json,2
2026-10-08T00:05:26.425711+00:00,9N9hBTkhedfY4eEECoCmQtGGCYe14VgF26MjPM4ygFzd,solana,Meteora DBC,84c5ijE9UUf1amq1Ne6SpHjpZ8aeC89ZcX2zu5MnCnGR,TITS,So11111111111111111111111111111111111111112,SOL,2026-10-07T05:01:28Z,4.7302125158489755e-05,47301.8757460779,,0.0,118.21499938941861,,,0.0,0.0,0.0,0.0,0.0,17384.4855010802,0,0,0,0,0,0,0,0,0,0,0,0,0,0,0,0,0,0,0,0,402,440,187,189,0.0,0.0,0.0,0.0,0.0,25.39,snapshot,,,,,,,/home/runner/work/Solana-Memecoin-Analysis/Solana-Memecoin-Analysis/data/cache/2026-10-08/001141862588_multi_pools_af814ec57ee0.json,2
2026-10-08T00:05:26.425711+00:00,85G4MUTS2fXrPQNyDjUZJNKi1BDQdUANk4xgKXVWjBTD,solana,Pump.fun,HGht1tBF5BE8reuB5qyYwvk42PaZL5jDVwrPCbCxpump,WCS,So11111111111111111111111111111111111111112,SOL,2026-10-07T05:01:25Z,1.203408286373997e-07,240.6816572,,97.471,118.2569011836951,,,0.0,0.0,0.0,0.0,0.0,216.9983960038,0,0,0,0,0,0,0,0,0,0,0,0,0,0,0,0,0,0,0,0,38,31,7,7,0.0,0.0,0.0,0.0,0.0,-96.38,snapshot,,,,,,,/home/runner/work/Solana-Memecoin-Analysis/Solana-Memecoin-Analysis/data/cache/2026-10-08/001141862588_multi_pools_af814ec57ee0.json,2
2026-10-08T00:05:26.425711+00:00,CwZiH4CYR2yThbPhKMb9uwZc9vftfVPazQNw3U23QLMP,solana,Pump.fun,XvW9VF76h6iRuCEVJniSauG3UeGP73txzEP1L6NXz18,BUTTS,So11111111111111111111111111111111111111112,SOL,2026-10-07T05:01:24Z,3.3237441628177984e-06,3323.744163,,2584.5844,118.48916178568388,,,0.0,0.0,0.0,0.0,0.0,35.0389458903,0,0,0,0,0,0,0,0,0,0,0,0,0,0,0,0,0,0,0,0,2,2,2,2,0.0,0.0,0.0,0.0,0.0,0.327,snapshot,,,,,,,/home/runner/work/Solana-Memecoin-Analysis/Solana-Memecoin-Analysis/data/cache/2026-10-08/001141862588_multi_pools_af814ec57ee0.json,2
2026-10-08T00:05:26.425711+00:00,GJh1BXT3nGPotXLFWwfyvTxKRZsaAEYeovFYaJ2gzW2Y,solana,Meteora DBC,8fgZkcNxobrWHxBvthxZxgC5TzWeCUM6YTBphCUFFDdr,GLITCH,So11111111111111111111111111111111111111112,SOL,2026-10-07T05:01:24Z,3.6590708538405945e-06,3894.011551,,3606.9903,118.24123119689,,,0.0,0.0,0.0,0.0,0.0,361.3993724297,0,0,0,0,0,0,0,0,0,0,0,0,0,0,0,0,0,0,0,0,2,3,2,3,0.0,0.0,0.0,0.0,0.0,6.526,snapshot,,,,,,,/home/runner/work/Solana-Memecoin-Analysis/Solana-Memecoin-Analysis/data/cache/2026-10-08/001141862588_multi_pools_af814ec57ee0.json,2
2026-10-08T00:05:26.425711+00:00,8SrA3G9sUtvnWyLRgPHzqbK331aZo5ewmvJvTgbEsxL8,solana,Meteora DBC,7LGkXHcRxapTB1atH5PhLQzhokF1e8uoBBXHF6rVHd4Y,FORKEDCAT,So11111111111111111111111111111111111111112,SOL,2026-10-07T05:01:18Z,9.797856864934376e-06,8755.518027,,0.0,118.15756967576498,,,0.0,0.0,0.0,0.0,0.0,1181.4128606297,0,0,0,0,0,0,0,0,0,0,0,0,0,0,0,0,0,0,0,0,56,0,56,0,0.0,0.0,0.0,0.0,0.0,4506.501,snapshot,,,,,,,/home/runner/work/Solana-Memecoin-Analysis/Solana-Memecoin-Analysis/data/cache/2026-10-08/001141862588_multi_pools_af814ec57ee0.json,2
2026-10-08T00:05:26.425711+00:00,3HYh59swUW54np8ouhikJxbz1xK1GdZXjoZQHQb7oEdb,solana,Pump.fun,9ePiaEz6Tdq7CQDWQdjtzyNkgY4vZZXMxZTvSnKjpump,WCS,So11111111111111111111111111111111111111112,SOL,2026-10-07T05:12:52Z,4.875887945612377e-07,975.1775892,,788.8193,118.38984644809017,,,0.0,0.0,0.0,0.0,0.0,66.3225800485,0,0,0,0,0,0,0,0,0,0,0,0,0,0,0,0,0,0,0,0,15,19,2,2,0.0,0.0,0.0,0.0,0.0,-85.296,snapshot,,,,,,,/home/runner/work/Solana-Memecoin-Analysis/Solana-Memecoin-Analysis/data/cache/2026-10-08/001141862588_multi_pools_af814ec57ee0.json,2
2026-10-08T00:05:26.425711+00:00,47jthe53LcQm7xJa5PJ9Lfdo4wMm4qQP1hqTSoi9fUjA,solana,Pump.fun,Fd3qKNqCXTdV1o1gEyMyC1xL8b8STKou9HPtmhDJbmZL,BABY,So11111111111111111111111111111111111111112,SOL,2026-10-07T05:12:44Z,3.4807337417912616e-06,3724.3851,,2708.9197,118.3906495406203,,,0.0,0.0,0.0,0.0,0.0,497.0741789711,0,0,0,0,0,0,0,0,0,0,0,0,0,0,0,0,0,0,0,0,2,2,2,2,0.0,0.0,0.0,0.0,0.0,10.746,snapshot,,,,,,,/home/runner/work/Solana-Memecoin-Analysis/Solana-Memecoin-Analysis/data/cache/2026-10-08/001141862588_multi_pools_af814ec57ee0.json,2
2026-10-08T00:05:26.425711+00:00,4Z8eBDeTqQu4TB17Fx9k1Pwz5bM9njnWczDGXwLUsFT2,solana,Pump.fun,FMyqM2bGokm7Sr1KQr4vHpDed1WWUiQEP2D9zbHKpump,JAGUAR,So11111111111111111111111111111111111111112,SOL,2026-10-07T05:12:43Z,5.444200645979018e-07,1088.8401292,,425.4227,118.63582928517805,100.0,,0.0,0.0,0.0,0.0,0.0,1102.9802766314,0,0,0,0,0,0,0,0,0,0,0,0,0,0,0,0,0,0,0,0,65,62,8,8,0.0,0.0,0.0,0.0,0.0,-83.58,snapshot,,,,,,,/home/runner/work/Solana-Memecoin-Analysis/Solana-Memecoin-Analysis/data/cache/2026-10-08/001141862588_multi_pools_af814ec57ee0.json,2
2026-10-08T00:05:26.425711+00:00,ESPsi4wp3DFYfqQr5ic4FhJW3ePmGPQSoJj84vRvc7BX,solana,PumpSwap,93NpFiFnksGHufrs6axQDNSChh2yRsNGyu2YsxoDMxer,TITS,So11111111111111111111111111111111111111112,SOL,2026-10-07T05:12:34Z,6.841904606533995e-05,68443.05892,,6.39909978103317e-07,118.31601884470238,100.0,,0.0,0.0,0.0,0.0,0.0,3596.0626320379,0,0,0,0,0,0,0,0,0,0,0,0,0,0,0,0,0,0,0,0,1706,191,113,87,0.0,0.0,0.0,0.0,0.0,34.623,snapshot,,,,,,,/home/runner/work/Solana-Memecoin-Analysis/Solana-Memecoin-Analysis/data/cache/2026-10-08/001141862588_multi_pools_af814ec57ee0.json,2
2026-10-08T00:05:26.425711+00:00,FVj6rzrD4Rv9Z5baKNjjFUiiXfGKjnVdLit441s7Z5WR,solana,Pump.fun,9q8YcDyUq3DipaewL4ET8SgBo6dtxd6jBEbXWuzEpump,$CLAD,So11111111111111111111111111111111111111112,SOL,2026-10-07T05:12:04Z,7.522388439114433e-06,15044.776878,,7206.6964,118.38035738289597,,,0.0,0.0,0.0,0.0,0.0,39.3913786906,0,0,0,0,0,0,0,0,0,0,0,0,0,0,0,0,0,0,0,0,6,1,2,1,0.0,0.0,0.0,0.0,0.0,126.827,snapshot,,,,,,,/home/runner/work/Solana-Memecoin-Analysis/Solana-Memecoin-Analysis/data/cache/2026-10-08/001141862588_multi_pools_af814ec57ee0.json,2
2026-10-08T00:05:26.425711+00:00,7vvZKVAdcziXLst9GR5ZAyY6Kdp1yVx7YAJjk2U6N5Pa,solana,Pump.fun,Ajye7RcQKh13PLnUZ4zsVctJ7x5JtzDXQv42cWWfpump,KOALAMAN,So11111111111111111111111111111111111111112,SOL,2026-10-07T05:19:57Z,3.322003753178519e-06,3322.003753,,2576.0847,118.81789152916602,,,0.0,0.0,0.0,0.0,0.0,1176.4607077433,0,0,0,0,0,0,0,0,0,0,0,0,0,0,0,0,0,0,0,0,8,9,8,9,0.0,0.0,0.0,0.0,0.0,-14.403,snapshot,,,,,,,/home/runner/work/Solana-Memecoin-Analysis/Solana-Memecoin-Analysis/data/cache/2026-10-08/001141862588_multi_pools_af814ec57ee0.json,2
2026-10-08T00:05:26.425711+00:00,FM6zjh4gdsnMAvfc2Zg3f2bvv7nj3sTAVtMfVMcKNF4C,solana,Pump.fun,E1nrACpPrqemZ8fSfqVrdT8fKfPoQaohVMVGp4bDpump,ELONPAD,So11111111111111111111111111111111111111112,SOL,2026-10-07T05:19:42Z,3.3227017319933566e-06,3322.701732,,2578.5825,118.72802411469344,100.0,,0.0,0.0,0.0,0.0,0.0,16752.1883880995,0,0,0,0,0,0,0,0,0,0,0,0,0,0,0,0,0,0,0,0,158,135,141,94,0.0,0.0,0.0,0.0,0.0,-16.046,snapshot,,,,,,,/home/runner/work/Solana-Memecoin-Analysis/Solana-Memecoin-Analysis/data/cache/2026-10-08/001141862588_multi_pools_af814ec57ee0.json,2
2026-10-08T00:05:26.425711+00:00,9HWRdShsCLcKDHm76wuzxL3Ernhe2BVnSTrfMEwv2wp3,solana,Pump.fun,2VEJRE8qKTzs96BU76qQGVyqER2CdJc9bRewAQMvpump,7ELV,So11111111111111111111111111111111111111112,SOL,2026-10-07T05:19:38Z,5.789015606531085e-07,1157.8031214,,449.9357,118.43383479221856,,,0.0,0.0,0.0,0.0,0.0,188.8337116967,0,0,0,0,0,0,0,0,0,0,0,0,0,0,0,0,0,0,0,0,51,76,6,5,0.0,0.0,0.0,0.0,0.0,-82.551,snapshot,,,,,,,/home/runner/work/Solana-Memecoin-Analysis/Solana-Memecoin-Analysis/data/cache/2026-10-08/001141862588_multi_pools_af814ec57ee0.json,2
2026-10-08T00:05:26.425711+00:00,EZTuvA6SqyqmwAa9Kt1yERo73xXVE2LPEiKXkEUu8ah,solana,PumpSwap,Bgn5dAudi8nDp1wHzZgByc6XroUCKRsP8Hxzztv7EW38,Lizard,So11111111111111111111111111111111111111112,SOL,2026-10-07T05:30:08Z,2.5991905075992833e-05,25989.5245309847,,4.15346768840718e-07,118.62783972236458,100.0,,0.0,0.0,0.0,0.0,0.0,12937.6196607151,0,0,0,0,0,0,0,0,0,0,0,0,0,0,0,0,0,0,0,0,306,127,271,69,0.0,0.0,0.0,0.0,0.0,12.755,snapshot,,,,,,,/home/runner/work/Solana-Memecoin-Analysis/Solana-Memecoin-Analysis/data/cache/2026-10-08/001141862588_multi_pools_af814ec57ee0.json,2
2026-10-08T00:05:26.425711+00:00,8onVmpvxFgwHKstS7DiuQ4M7Hq9r749MEo1oQRWh3SkP,solana,Meteora DBC,BichnmoVEE9RpCoTFf8D9WBDe4hwztnqtVoL4DMdWor6,dotcoin,So11111111111111111111111111111111111111112,SOL,2026-10-07T05:30:04Z,5.156402475762386e-12,0.005156402476,,0.0,118.59723993079375,,,0.0,0.0,0.0,0.0,0.0,0.001185972399,0,0,0,0,0,0,0,0,0,0,0,0,0,0,0,0,0,0,0,0,1,0,1,0,0.0,0.0,0.0,0.0,0.0,0.0,snapshot,,,,,,,/home/runner/work/Solana-Memecoin-Analysis/Solana-Memecoin-Analysis/data/cache/2026-10-08/001141862588_multi_pools_af814ec57ee0.json,2
2026-10-08T00:05:26.425711+00:00,9kMehuokKTnN3uFC6hi4NDAtvX12ZVUBZEQATfB4E5xN,solana,Pump.fun,CDxGLqnEZW1ix3GzVoyJQa1kw15nAr8rCYkPyQYcpump,shApe,So11111111111111111111111111111111111111112,SOL,2026-10-07T05:29:53Z,3.368117752721684e-06,3368.117753,,2618.6049,118.5109350550607,100.0,,0.0,0.0,0.0,0.0,0.0,117.3672936157,0,0,0,0,0,0,0,0,0,0,0,0,0,0,0,0,0,0,0,0,1,1,1,1,0.0,0.0,0.0,0.0,0.0,-0.073,snapshot,,,,,,,/home/runner/work/Solana-Memecoin-Analysis/Solana-Memecoin-Analysis/data/cache/2026-10-08/001141862588_multi_pools_af814ec57ee0.json,2
2026-10-08T00:05:26.425711+00:00,2MSg9SwrumonN9T25r9w9sYqMiKFYkXkiTL22KAxGHZz,solana,Pump.fun,EGuqXsrE1pty5qxwJ9RgVZw1rSuLYB7BT6FFaynnpump,STENKS,So11111111111111111111111111111111111111112,SOL,2026-10-07T05:29:47Z,4.600975766973525e-06,9201.951534,,3256.9538,118.5067185399567,100.0,,0.0,0.0,0.0,0.0,0.0,1096.0496432893,0,0,0,0,0,0,0,0,0,0,0,0,0,0,0,0,0,0,0,0,28,22,7,7,0.0,0.0,0.0,0.0,0.0,30.177,snapshot,,,,,,,/home/runner/work/Solana-Memecoin-Analysis/Solana-Memecoin-Analysis/data/cache/2026-10-08/001141862588_multi_pools_af814ec57ee0.json,2
2026-10-08T00:05:26.425711+00:00,22sVFPtsyuEEC9Y3ExUkYvTHkUeTaRa5T9xAqbXR1ZmS,solana,PumpSwap,2BCCz8cZL84PHUjmac3SmHN1qcPLBnu7UPqgqkympump,Jose,So11111111111111111111111111111111111111112,SOL,2026-10-07T05:29:35Z,2.309295735717307e-06,2309.295736,,2334.6258,117.43715169993268,,,0.0,0.0,0.0,0.0,0.0,206476.302225206,0,0,0,0,0,0,0,0,0,0,0,0,0,0,0,0,0,0,0,0,1202,1314,710,729,0.0,0.0,0.0,0.0,0.0,-96.723,snapshot,,,,,,,/home/runner/work/Solana-Memecoin-Analysis/Solana-Memecoin-Analysis/data/cache/2026-10-08/001141862588_multi_pools_af814ec57ee0.json,2
2026-10-08T00:05:26.425711+00:00,EnStGpC2UdfsyMLtsEiJmXnYP4Tk1Wgo1Y9igxd5RNKM,solana,Meteora DAMM V2,6A7hVHPCWBeTMX23uBy5X65YFRxee4mfSiSKaqdogSCL,.pump,So11111111111111111111111111111111111111112,SOL,2026-10-07T05:40:01Z,1.2573819547451104e-05,12573.4509841651,,1.75555526169591e-05,118.54778921850293,,,0.0,0.0,0.0,0.0,0.0,27344.799884719,0,0,0,0,0,0,0,0,0,0,0,0,0,0,0,0,0,0,0,0,295,176,248,75,0.0,0.0,0.0,0.0,0.0,24.81,snapshot,,,,,,,/home/runner/work/Solana-Memecoin-Analysis/Solana-Memecoin-Analysis/data/cache/2026-10-08/001141862588_multi_pools_af814ec57ee0.json,2
2026-10-08T00:05:26.425711+00:00,FHcJLRpwHudYv5a7j67jdtF4dxqBHc3dBEZWoJyS3JJf,solana,Pump.fun,3YhH7SVGQJjx26d4Bu2FcUrvZzVgh1xLsj9sp75Ppump,dotsol,So11111111111111111111111111111111111111112,SOL,2026-10-07T05:46:55Z,3.272974109467561e-06,3272.974109,,2579.2679,116.91990490573491,100.0,,0.0,0.0,0.0,0.0,0.0,27643.5306195226,0,0,0,0,0,0,0,0,0,0,0,0,0,0,0,0,0,0,0,0,219,214,157,157,0.0,0.0,0.0,0.0,0.0,-43.514,snapshot,,,,,,,/home/runner/work/Solana-Memecoin-Analysis/Solana-Memecoin-Analysis/data/cache/2026-10-08/001141862588_multi_pools_af814ec57ee0.json,2
2026-10-08T00:05:26.425711+00:00,GM1vfL6ry8TfD5QS5NKAzJjLLp9qS3VdKSVzbM1oXG68,solana,Meteora DAMM V2,HHRM5tBsipQrq5RV57s4fygyuUB1riKrtnGKwk1cC3tb,AXEJEET,So11111111111111111111111111111111111111112,SOL,2026-10-07T05:46:54Z,1.4213078910313565e-07,142.1307891,,278.8906,118.48434014363603,,,0.0,0.0,0.0,0.0,0.0,1034.3632231585,0,0,0,0,0,0,0,0,0,0,0,0,0,0,0,0,0,0,0,0,1,114,1,84,0.0,0.0,0.0,0.0,0.0,-98.564,snapshot,,,,,,,/home/runner/work/Solana-Memecoin-Analysis/Solana-Memecoin-Analysis/data/cache/2026-10-08/001141862588_multi_pools_af814ec57ee0.json,2
2026-10-08T00:05:26.425711+00:00,GxqGPdRdVC6pp3TYrgvVrQWeZGJcnq2wvPaMwP7aD6pS,solana,Pump.fun,4zawxPLaP3L2jjXh5oHtEGAM3goZPKVwozim6mDQpump,ISNT,So11111111111111111111111111111111111111112,SOL,2026-10-07T05:46:44Z,3.318303558050222e-06,3318.303558,,2576.2358,118.67865547079062,,,0.0,0.0,0.0,0.0,0.0,2355.4922339311,0,0,0,0,0,0,0,0,0,0,0,0,0,0,0,0,0,0,0,0,20,20,18,19,0.0,0.0,0.0,0.0,0.0,-8.951,snapshot,,,,,,,/home/runner/work/Solana-Memecoin-Analysis/Solana-Memecoin-Analysis/data/cache/2026-10-08/001141862588_multi_pools_af814ec57ee0.json,2
2026-10-08T00:05:26.425711+00:00,96qKBorsf7SPBK5RraLaTaTD7PLhiwojwCpGx7knnCy3,solana,Pump.fun,JAUtwdi8Ex7T88mRtGCYxEqfqRhi3NykD8ZDMupjpump,FERSPE,So11111111111111111111111111111111111111112,SOL,2026-10-07T05:46:39Z,2.465689049959632e-06,4931.3781,,1913.5713,118.63515211758106,,,0.0,0.0,0.0,0.0,0.0,127.176322373,0,0,0,0,0,0,0,0,0,0,0,0,0,0,0,0,0,0,0,0,9,8,2,2,0.0,0.0,0.0,0.0,0.0,-26.217,snapshot,,,,,,,/home/runner/work/Solana-Memecoin-Analysis/Solana-Memecoin-Analysis/data/cache/2026-10-08/001141862588_multi_pools_af814ec57ee0.json,2
2026-10-08T00:05:26.425711+00:00,Aqmrqimz5wAjiYA5sbtVQhBRLQ7cvMnaVBY2fP6spMvc,solana,PumpSwap,92QPy1K3yiQfEf6chrq8k1LbXWgsw4sAUQWxuqxupump,BRUN,So11111111111111111111111111111111111111112,SOL,2026-10-07T05:55:44Z,2.669179004655936e-06,2669.179005,,2663.5621,116.13119718715589,100.0,,0.0,0.233963368,0.233963368,0.233963368,106.2398280698,127088.64236145,0,0,0,0,0,1,0,1,0,1,0,1,0,1,0,1,1,10,1,10,1515,1448,729,854,0.0,0.0,0.0,0.0,-5.918,-94.695,snapshot,,,,,,,/home/runner/work/Solana-Memecoin-Analysis/Solana-Memecoin-Analysis/data/cache/2026-10-08/001156985388_multi_pools_f8d460bc5174.json,2
2026-10-08T00:05:26.425711+00:00,5wiVxsKs9KvMCxrbB31fBdNhrNTm6Qsr3vXBzySQ4TSf,solana,Pump.fun,WYDrALKfC96UWBfc3NMsbvBc4QzW1eQVCvmM4Lbpump,Knight,So11111111111111111111111111111111111111112,SOL,2026-10-07T05:55:43Z,3.4288512104319743e-06,3428.85121,,2660.916,118.7297789887512,100.0,,0.0,0.0,0.0,0.0,0.0,293.1606543675,0,0,0,0,0,0,0,0,0,0,0,0,0,0,0,0,0,0,0,0,1,2,1,2,0.0,0.0,0.0,0.0,0.0,0.0,snapshot,,,,,,,/home/runner/work/Solana-Memecoin-Analysis/Solana-Memecoin-Analysis/data/cache/2026-10-08/001156985388_multi_pools_f8d460bc5174.json,2
2026-10-08T00:05:26.425711+00:00,BtmErzUCcWczs9wGR55gNtdkLYkqnTuKC1MbGJySQvHu,solana,Pump.fun,AiW1oUNivqs5dqRManME5MwB167bTbTL34QNKdeZpump,MAGABOB,So11111111111111111111111111111111111111112,SOL,2026-10-07T05:55:36Z,1.214547603009495e-08,24.49943034,,18.8088,118.72893956189924,,,0.0,0.0,0.0,0.0,0.0,1046.0097036082,0,0,0,0,0,0,0,0,0,0,0,0,0,0,0,0,0,0,0,0,70,63,12,12,0.0,0.0,0.0,0.0,0.0,-99.655,snapshot,,,,,,,/home/runner/work/Solana-Memecoin-Analysis/Solana-Memecoin-Analysis/data/cache/2026-10-08/001156985388_multi_pools_f8d460bc5174.json,2
2026-10-08T00:05:26.425711+00:00,AsiAZUxHLNNQsEA8tRfAPg7DPBvxftjFFc4Tzj3TSNVV,solana,Pump.fun,E3aHve712CBnkgbzcCmktq2RUt8XyiZnC7yYjm95pump,DOGE,So11111111111111111111111111111111111111112,SOL,2026-10-07T05:55:29Z,3.322302869225455e-06,3322.302869,,2576.956,118.78849753030131,,,0.0,0.0,0.0,0.0,0.0,2.3519830727,0,0,0,0,0,0,0,0,0,0,0,0,0,0,0,0,0,0,0,0,1,1,1,1,0.0,0.0,0.0,0.0,0.0,0.033,snapshot,,,,,,,/home/runner/work/Solana-Memecoin-Analysis/Solana-Memecoin-Analysis/data/cache/2026-10-08/001156985388_multi_pools_f8d460bc5174.json,2
2026-10-08T00:05:26.425711+00:00,6wpS8VPvE8LFjTAkhzay78ZyjtYdbYyBNdHGzKBH1E9z,solana,Pump.fun,3cg52fZ2KRWX3siwLGxGQfcCGGhKsfsBhFcHpKDzpump,s,So11111111111111111111111111111111111111112,SOL,2026-10-07T05:55:23Z,3.3202026125793516e-06,3320.202613,,2576.1893,118.74867069261605,,,0.0,0.0,0.0,0.0,0.0,0.234565089,0,0,0,0,0,0,0,0,0,0,0,0,0,0,0,0,0,0,0,0,1,1,1,1,0.0,0.0,0.0,0.0,0.0,0.0,snapshot,,,,,,,/home/runner/work/Solana-Memecoin-Analysis/Solana-Memecoin-Analysis/data/cache/2026-10-08/001156985388_multi_pools_f8d460bc5174.json,2
2026-10-08T00:05:26.425711+00:00,4KJrL1a3ghFhU2zL1Rpf4u61QS5DpFAgm4853rnHoV7g,solana,Pump.fun,3nz3tAVVF78imFmzB39qhpRph3zroeefuWJ7gFPWpump,duluth,So11111111111111111111111111111111111111112,SOL,2026-10-07T05:55:23Z,2.099403984068549e-07,419.8807968,,166.9673,118.7297789887512,,,0.0,0.0,0.0,0.0,0.0,80.45892732,0,0,0,0,0,0,0,0,0,0,0,0,0,0,0,0,0,0,0,0,15,23,3,3,0.0,0.0,0.0,0.0,0.0,-93.697,snapshot,,,,,,,/home/runner/work/Solana-Memecoin-Analysis/Solana-Memecoin-Analysis/data/cache/2026-10-08/001156985388_multi_pools_f8d460bc5174.json,2
2026-10-08T00:05:26.425711+00:00,Cz4WdUpvCYLjnwyMEq7UMc5BLVNkh2p96UQjwgh7Jr4V,solana,Pump.fun,DZfzhehv8x1tX494CLF6cvRq6Lp7tUyhqwWBs3pwpump,#Future,So11111111111111111111111111111111111111112,SOL,2026-10-07T06:03:01Z,9.76062653784219e-07,1952.1253076,,751.5386,118.56303558193044,,,0.0,0.0,0.0,0.0,0.0,299.2403855423,0,0,0,0,0,0,0,0,0,0,0,0,0,0,0,0,0,0,0,0,39,33,6,6,0.0,0.0,0.0,0.0,0.0,-70.664,snapshot,,,,,,,/home/runner/work/Solana-Memecoin-Analysis/Solana-Memecoin-Analysis/data/cache/2026-10-08/001156985388_multi_pools_f8d460bc5174.json,2
2026-10-08T00:05:26.425711+00:00,GpjMQgcY5SN4krVNz8bchNAbnh4hQ1zj2yuPHQS9KKrC,solana,Pump.fun,GECDSN5quuTgBXtQZyQjsmeyXoto5RAgtonxsVmopump,BRAINROT,So11111111111111111111111111111111111111112,SOL,2026-10-07T06:02:43Z,5.239372717150253e-06,15361.822956,,4044.7159,118.54136315754499,100.0,,0.0,0.0,0.0,0.0,0.0,149.9022360687,0,0,0,0,0,0,0,0,0,0,0,0,0,0,0,0,0,0,0,0,5,4,2,2,0.0,0.0,0.0,0.0,0.0,129.735,snapshot,,,,,,,/home/runner/work/Solana-Memecoin-Analysis/Solana-Memecoin-Analysis/data/cache/2026-10-08/001156985388_multi_pools_f8d460bc5174.json,2
2026-10-08T00:05:26.425711+00:00,2sUuKVQrb2ygvRkowCQWX6dAJ9xXpUa8cN8MUT4KFkPF,solana,Meteora DBC,DmQCAbw94ExFyUWkqdptZVKmDRheBKgNhHy4Wz12FtW5,TITS,So11111111111111111111111111111111111111112,SOL,2026-10-07T06:02:40Z,5.897558725748385e-12,0.005897558726,,0.0,118.54091263898874,,,0.0,0.0,0.0,0.0,0.0,0.001182445604,0,0,0,0,0,0,0,0,0,0,0,0,0,0,0,0,0,0,0,0,1,0,1,0,0.0,0.0,0.0,0.0,0.0,0.0,snapshot,,,,,,,/home/runner/work/Solana-Memecoin-Analysis/Solana-Memecoin-Analysis/data/cache/2026-10-08/001156985388_multi_pools_f8d460bc5174.json,2
2026-10-08T00:05:26.425711+00:00,DwqzZubQn2rUvnMon64soAg7enaV186Dog74GJq3qJfo,solana,Pump.fun,D34TUxR1RHC2EWDRg6kHcrnK9Aykyrgo3xDdeaxCpump,^-.-^,So11111111111111111111111111111111111111112,SOL,2026-10-07T06:02:40Z,3.4221035790361655e-06,3422.103579,,2661.1019,118.48783187154397,100.0,,0.0,0.0,0.0,0.0,0.0,254.480227701,0,0,0,0,0,0,0,0,0,0,0,0,0,0,0,0,0,0,0,0,3,3,3,3,0.0,0.0,0.0,0.0,0.0,-0.045,snapshot,,,,,,,/home/runner/work/Solana-Memecoin-Analysis/Solana-Memecoin-Analysis/data/cache/2026-10-08/001156985388_multi_pools_f8d460bc5174.json,2
2026-10-08T00:05:26.425711+00:00,7k4w3XbyUZ2gzBW4CYKX6EAtiXNAwzCSVmxdR8s8cn2p,solana,Pump.fun,H6egFcVAbXwf5aYaMVeAdbJiLzbwU5eG5nRX6CKapump,Shekels,So11111111111111111111111111111111111111112,SOL,2026-10-07T06:14:10Z,3.3192096945751368e-06,3319.209695,,2580.7434,118.50376893013556,,,0.0,0.0,0.0,0.0,0.0,1621.2405910071,0,0,0,0,0,0,0,0,0,0,0,0,0,0,0,0,0,0,0,0,11,11,11,11,0.0,0.0,0.0,0.0,0.0,0.173,snapshot,,,,,,,/home/runner/work/Solana-Memecoin-Analysis/Solana-Memecoin-Analysis/data/cache/2026-10-08/001156985388_multi_pools_f8d460bc5174.json,2
2026-10-08T00:05:26.425711+00:00,J3A4uifvcP8iyaD58C1Ve88MgWzna6QaDVY8bcmuPZpX,solana,PumpSwap,AKdaC6sGasd25E55b8DZsoyQfGgA8bXVFzHZd4BSNCmr,GoonCat,So11111111111111111111111111111111111111112,SOL,2026-10-07T06:13:58Z,1.2046588518477225e-05,12045.477882021,,3.63442738606741e-07,118.47596148924634,100.0,,0.0,0.0,0.0,0.0,0.0,63171.359818916,0,0,0,0,0,0,0,0,0,0,0,0,0,0,0,0,0,0,0,0,193,143,132,65,0.0,0.0,0.0,0.0,0.0,13.838,snapshot,,,,,,,/home/runner/work/Solana-Memecoin-Analysis/Solana-Memecoin-Analysis/data/cache/2026-10-08/001156985388_multi_pools_f8d460bc5174.json,2
2026-10-08T00:05:26.425711+00:00,Gzg7bzNdf5Ep9xa6GxrumjP2yFGCUgyr4Eu5xjsn5bH8,solana,Pump.fun,7GEGyfXuZsrg8hDhrBCCQXzxGp8TNnMzksLEd5c7pump,.baton,So11111111111111111111111111111111111111112,SOL,2026-10-07T06:13:55Z,3.4208211893513637e-06,3420.821189,,2661.8686,118.40944303147288,,,0.0,0.0,0.0,0.0,0.0,652.5171539057,0,0,0,0,0,0,0,0,0,0,0,0,0,0,0,0,0,0,0,0,6,6,5,5,0.0,0.0,0.0,0.0,0.0,-0.05,snapshot,,,,,,,/home/runner/work/Solana-Memecoin-Analysis/Solana-Memecoin-Analysis/data/cache/2026-10-08/001156985388_multi_pools_f8d460bc5174.json,2
2026-10-08T00:05:26.425711+00:00,CHuaVuZyLb47twAGoGCyzBmwQKA4fhYbGTtbm2L25hFA,solana,Meteora DBC,8veiJeNqjRHpcRyMfhcy7A7NnAYBGB3VkfBg6tEvG2fb,SPIDERMAN,So11111111111111111111111111111111111111112,SOL,2026-10-07T06:13:54Z,5.3339463917388833e-11,0.05333946392,,0.0,118.50248843069718,,,0.0,0.0,0.0,0.0,0.0,0.01066522396,0,0,0,0,0,0,0,0,0,0,0,0,0,0,0,0,0,0,0,0,1,0,1,0,0.0,0.0,0.0,0.0,0.0,0.0,snapshot,,,,,,,/home/runner/work/Solana-Memecoin-Analysis/Solana-Memecoin-Analysis/data/cache/2026-10-08/001156985388_multi_pools_f8d460bc5174.json,2
2026-10-08T00:05:26.425711+00:00,GFS6dggpC26hnykjcDd6RrNczwTmvKpLCdF6gqSzXQiq,solana,Pump.fun,6dgrgz5A7MAth4nMGur8RsFAcK6HnSK4biekJjzwpump,TDF,So11111111111111111111111111111111111111112,SOL,2026-10-07T06:23:12Z,3.832541781355443e-06,3832.541781,,2950.2857,118.93138879546935,100.0,,0.0,0.0,0.0,0.0,0.0,2221.2683048939,0,0,0,0,0,0,0,0,0,0,0,0,0,0,0,0,0,0,0,0,20,14,16,13,0.0,0.0,0.0,0.0,0.0,15.012,snapshot,,,,,,,/home/runner/work/Solana-Memecoin-Analysis/Solana-Memecoin-Analysis/data/cache/2026-10-08/001156985388_multi_pools_f8d460bc5174.json,2
2026-10-08T00:05:26.425711+00:00,HBFN6AhwK3MsPcLPGy4eDG4Cj8FrnZXT6PUsQjKnJD69,solana,Pump.fun,DkNuKq4xXSmLiqu6om6NSA6QGxMhR9wLoHo2huY9hf6R,BUBBLE,So11111111111111111111111111111111111111112,SOL,2026-10-07T06:23:03Z,3.385283464678227e-06,3558.732775,,3277.6911,118.50917289997618,,,0.0,0.0,0.0,0.0,0.0,1405.3281702905,0,0,0,0,0,0,0,0,0,0,0,0,0,0,0,0,0,0,0,0,4,4,4,4,0.0,0.0,0.0,0.0,0.0,-2.274,snapshot,,,,,,,/home/runner/work/Solana-Memecoin-Analysis/Solana-Memecoin-Analysis/data/cache/2026-10-08/001156985388_multi_pools_f8d460bc5174.json,2
2026-10-08T00:05:26.425711+00:00,8AHDbnjvbn59jBN5UpNuvWsLAH7rk9PXBadyJzBjzDS5,solana,Pump.fun,7CyPvyHY3GkCCczBa8M8Rqky4povJwdoFbXAbwjJpump,toast,So11111111111111111111111111111111111111112,SOL,2026-10-07T06:22:45Z,3.3448003514074574e-06,3344.800351,,2623.5772,118.54519225254113,100.0,,0.0,0.0,0.0,0.0,0.0,337.3394758095,0,0,0,0,0,0,0,0,0,0,0,0,0,0,0,0,0,0,0,0,5,5,5,5,0.0,0.0,0.0,0.0,0.0,-2.595,snapshot,,,,,,,/home/runner/work/Solana-Memecoin-Analysis/Solana-Memecoin-Analysis/data/cache/2026-10-08/001156985388_multi_pools_f8d460bc5174.json,2
2026-10-08T00:05:26.425711+00:00,3VgKyETuzFzL8p1t3ctTYvTxX8W9aYX4JK97gDy9m7MS,solana,Pump.fun,BmTso4p3FefvRiA52aWL1P7FeyDNkTjSiDakR2cQpump,SNL,So11111111111111111111111111111111111111112,SOL,2026-10-07T06:22:42Z,3.3126038158250455e-06,3312.603816,,2577.8274,118.40186052267043,100.0,,0.0,0.0,0.0,0.0,0.0,560.4421198448,0,0,0,0,0,0,0,0,0,0,0,0,0,0,0,0,0,0,0,0,3,3,3,3,0.0,0.0,0.0,0.0,0.0,-4.483,snapshot,,,,,,,/home/runner/work/Solana-Memecoin-Analysis/Solana-Memecoin-Analysis/data/cache/2026-10-08/001156985388_multi_pools_f8d460bc5174.json,2
2026-10-08T00:05:26.425711+00:00,TRhWTUqvSA3WyGEJSYxDhpMHkJ6kshKiqoq2t17bu6G,solana,Pump.fun,8Ye61oedegeFUrxyBoSitHFn7oGZKtWNoFPerTS9pump,Trade,So11111111111111111111111111111111111111112,SOL,2026-10-07T06:22:42Z,1.664935797768485e-06,3329.871596,,1296.4477,118.51147426189094,100.0,,0.0,0.0,0.0,0.0,0.0,15.1871607665,0,0,0,0,0,0,0,0,0,0,0,0,0,0,0,0,0,0,0,0,2,5,2,2,0.0,0.0,0.0,0.0,0.0,-49.855,snapshot,,,,,,,/home/runner/work/Solana-Memecoin-Analysis/Solana-Memecoin-Analysis/data/cache/2026-10-08/001156985388_multi_pools_f8d460bc5174.json,2
2026-10-08T00:05:26.425711+00:00,8hYkeYDbQnqCbmy9zrZnKzNZxX549RoLiqFGEHEVmxPB,solana,Pump.fun,5i4qdPbGD76vwUmTRr6FAKCHcfBWp8k6HjDenT5Gpump,KEY,So11111111111111111111111111111111111111112,SOL,2026-10-07T06:31:55Z,3.3193134802549467e-06,3319.31348,,2576.6424,118.69596726719315,,,0.0,0.0,0.0,0.0,0.0,6236.5718715688,0,0,0,0,0,0,0,0,0,0,0,0,0,0,0,0,0,0,0,0,60,139,30,30,0.0,0.0,0.0,0.0,0.0,-32.928,snapshot,,,,,,,/home/runner/work/Solana-Memecoin-Analysis/Solana-Memecoin-Analysis/data/cache/2026-10-08/001156985388_multi_pools_f8d460bc5174.json,2
2026-10-08T00:05:26.425711+00:00,6oA6kwzi2aKutY1nfJ3qa9TmrpAzkZBEVTKAgtsSEA6Y,solana,Pump.fun,FVUBtuqbmt9yGdZ4y62DzcvwQdxXgNR6yHmyQUhxpump,SINS,So11111111111111111111111111111111111111112,SOL,2026-10-07T06:31:43Z,3.3746382046083775e-06,3630.388938,,2600.7023,118.79098938369498,100.0,,0.0,0.0,0.0,0.0,0.0,343.7806697196,0,0,0,0,0,0,0,0,0,0,0,0,0,0,0,0,0,0,0,0,6,6,4,6,0.0,0.0,0.0,0.0,0.0,6.049,snapshot,,,,,,,/home/runner/work/Solana-Memecoin-Analysis/Solana-Memecoin-Analysis/data/cache/2026-10-08/001156985388_multi_pools_f8d460bc5174.json,2
2026-10-08T00:05:26.425711+00:00,PTkKTLG99U296AbJQJzgXZFTM3kky8owpZDPdKGuGDq,solana,Pump.fun,D14eZyChTMq5mrzR9LqjkdRELC4F52cn9faGFuYepump,EVERYTHING,So11111111111111111111111111111111111111112,SOL,2026-10-07T06:31:29Z,3.4227032916001627e-06,3422.703292,,2653.4459,118.84894972655388,100.0,,0.0,0.0,0.0,0.0,0.0,12436.3549325946,0,0,0,0,0,0,0,0,0,0,0,0,0,0,0,0,0,0,0,0,95,78,52,50,0.0,0.0,0.0,0.0,0.0,-37.525,snapshot,,,,,,,/home/runner/work/Solana-Memecoin-Analysis/Solana-Memecoin-Analysis/data/cache/2026-10-08/001156985388_multi_pools_f8d460bc5174.json,2
2026-10-08T00:05:26.425711+00:00,AjkgJYgxd4XFM9GZjyt9pJK7yYMogYxtUirUi3ZXH47j,solana,Pump.fun,6LrxRnXT7Tp8rCA3L5gdh6mTBxqXTLtWCoSKZABWpump,SHAKA,So11111111111111111111111111111111111111112,SOL,2026-10-07T06:41:00Z,1.956514675825022e-08,39.13029352,,15.4532,118.85240355363914,100.0,,0.0,0.0,0.0,0.0,0.0,783.3514679694,0,0,0,0,0,0,0,0,0,0,0,0,0,0,0,0,0,0,0,0,113,113,22,21,0.0,0.0,0.0,0.0,0.0,-99.413,snapshot,,,,,,,/home/runner/work/Solana-Memecoin-Analysis/Solana-Memecoin-Analysis/data/cache/2026-10-08/001156985388_multi_pools_f8d460bc5174.json,2
2026-10-08T00:05:26.425711+00:00,GLCXWym9KnkAFH2B3jRJviwdQhNvUDnS9bYAKzhUKrxG,solana,Meteora DAMM V2,ErDAL17gjxCU4UtCSp2vvGW2hooE1WXFs6LS71LVuwkG,DRIFT,So11111111111111111111111111111111111111112,SOL,2026-10-07T06:41:00Z,2.6790342971092943e-10,0.2679018239,,0.4412,118.35599719555844,100.0,,0.0,0.0,0.0,0.0,0.0,11022.8927091929,0,0,0,0,0,0,0,0,0,0,0,0,0,0,0,0,0,0,0,0,251,313,150,162,0.0,0.0,0.0,0.0,0.0,-100.0,snapshot,,,,,,,/home/runner/work/Solana-Memecoin-Analysis/Solana-Memecoin-Analysis/data/cache/2026-10-08/001156985388_multi_pools_f8d460bc5174.json,2
2026-10-08T00:05:26.425711+00:00,2Nb8chesej7kZSHmGyusbnnaUTawwrnjiXEoUYqrVAwa,solana,Pump.fun,H92aUgXb9JxnR7wAYsT1PME4hh7QUXSDX5MxYg9ZfzHN,PS5,So11111111111111111111111111111111111111112,SOL,2026-10-07T06:40:56Z,3.4313417286038945e-06,3431.341729,,2659.4626,118.80634137413294,,,0.0,0.0,0.0,0.0,0.0,2348.570625502,0,0,0,0,0,0,0,0,0,0,0,0,0,0,0,0,0,0,0,0,27,26,25,24,0.0,0.0,0.0,0.0,0.0,3.186,snapshot,,,,,,,/home/runner/work/Solana-Memecoin-Analysis/Solana-Memecoin-Analysis/data/cache/2026-10-08/001156985388_multi_pools_f8d460bc5174.json,2
2026-10-08T00:05:26.425711+00:00,9d52ehM26QxdXPgT5cUvvSN6ZQEttTpRSXGNLguXUvs,solana,Pump.fun,66zfvUyAUWRWntu6DTvgsSNLmVDJUrvG89hw4zKWpump,HOODCAT,So11111111111111111111111111111111111111112,SOL,2026-10-07T06:40:56Z,3.0709402713629255e-07,614.1880542,,223.9613,118.88387030118321,,,0.0,0.0,0.0,0.0,0.0,1363.4395931845,0,0,0,0,0,0,0,0,0,0,0,0,0,0,0,0,0,0,0,0,65,47,5,5,0.0,0.0,0.0,0.0,0.0,-91.057,snapshot,,,,,,,/home/runner/work/Solana-Memecoin-Analysis/Solana-Memecoin-Analysis/data/cache/2026-10-08/001156985388_multi_pools_f8d460bc5174.json,2
2026-10-08T00:05:26.425711+00:00,6NGCCB94hVwBG1CjKeZLyk1y2MjdEHhV9EPfWuovyzTg,solana,Pump.fun,3iowaJHYVF7si49C44ncUDRPjAfZc11hGf6SGuzppump,MASSIVE,So11111111111111111111111111111111111111112,SOL,2026-10-07T06:40:46Z,3.324340704781172e-06,3324.340705,,2575.3528,118.93539641934672,100.0,,0.0,0.0,0.0,0.0,0.0,1637.4152404161,0,0,0,0,0,0,0,0,0,0,0,0,0,0,0,0,0,0,0,0,21,19,19,19,0.0,0.0,0.0,0.0,0.0,-18.765,snapshot,,,,,,,/home/runner/work/Solana-Memecoin-Analysis/Solana-Memecoin-Analysis/data/cache/2026-10-08/001156985388_multi_pools_f8d460bc5174.json,2
2026-10-08T00:05:26.425711+00:00,PBcBH41JTPkQZRCoY1FXKP746MAiBk91Y78oAPxGW9K,solana,Pump.fun,5ELBPCw2egD4bvDjZiWVFVUCpH3Feb4cDy1JBa41pump,TURBULENCE,So11111111111111111111111111111111111111112,SOL,2026-10-07T06:40:46Z,3.400942492873408e-06,3400.942493,,2632.701,118.95055844931774,100.0,,0.0,0.0,0.0,0.0,0.0,231.5687927177,0,0,0,0,0,0,0,0,0,0,0,0,0,0,0,0,0,0,0,0,2,2,2,2,0.0,0.0,0.0,0.0,0.0,-1.845,snapshot,,,,,,,/home/runner/work/Solana-Memecoin-Analysis/Solana-Memecoin-Analysis/data/cache/2026-10-08/001156985388_multi_pools_f8d460bc5174.json,2
2026-10-08T00:05:26.425711+00:00,C4Xx3R1SsJZj6T8gURwFBSiM63uy6Qprgpw4YUT7kLy9,solana,Pump.fun,26dTB8ELue7dD5x3WEZaYfUkKrsNvQme4fNE4APepump,mentcat,So11111111111111111111111111111111111111112,SOL,2026-10-07T06:50:07Z,3.3296750244015517e-06,3329.675024,,2583.3341,118.75815511437187,,,0.0,0.0,0.0,0.0,0.0,68.6022677657,0,0,0,0,0,0,0,0,0,0,0,0,0,0,0,0,0,0,0,0,2,4,2,2,0.0,0.0,0.0,0.0,0.0,-0.082,snapshot,,,,,,,/home/runner/work/Solana-Memecoin-Analysis/Solana-Memecoin-Analysis/data/cache/2026-10-08/001156985388_multi_pools_f8d460bc5174.json,2
2026-10-08T00:05:26.425711+00:00,2Z2ziyJngDtprPUsW7f22oSLvQbxMTP8hzhit8Q87Fyu,solana,Pump.fun,4wpnbxfqWE6LZ8SZYHuaAzXN7mrwbksuQLf8AxUzpump,DORACK,So11111111111111111111111111111111111111112,SOL,2026-10-07T06:50:06Z,1.0498908278741428e-06,2099.781656,,816.864,118.79727839331237,,,0.0,0.0,0.0,0.0,0.0,77.6570298276,0,0,0,0,0,0,0,0,0,0,0,0,0,0,0,0,0,0,0,0,10,14,3,3,0.0,0.0,0.0,0.0,0.0,-68.493,snapshot,,,,,,,/home/runner/work/Solana-Memecoin-Analysis/Solana-Memecoin-Analysis/data/cache/2026-10-08/001156985388_multi_pools_f8d460bc5174.json,2
2026-10-08T00:05:26.425711+00:00,7ZzaznaEPpysRbZZaiJUFhcwpunqUSrGJUqCqz56sbX6,solana,Pump.fun,9g9y7uWCmfcRd4x8SuPFR4p2XPHm7sA5kaa7vYDSpump,Racctober,So11111111111111111111111111111111111111112,SOL,2026-10-07T06:50:02Z,3.3226522267656467e-06,3322.652227,,2577.7693,118.76350198796762,,,0.0,0.0,0.0,0.0,0.0,910.8501847618,0,0,0,0,0,0,0,0,0,0,0,0,0,0,0,0,0,0,0,0,18,18,18,18,0.0,0.0,0.0,0.0,0.0,-12.809,snapshot,,,,,,,/home/runner/work/Solana-Memecoin-Analysis/Solana-Memecoin-Analysis/data/cache/2026-10-08/001204356448_multi_pools_03f845db62de.json,2
2026-10-08T00:05:26.425711+00:00,7TQ8sp7ZN6SiDpsSE4rRg3g2i5wa73EV2a3Z33CBacBg,solana,Pump.fun,FaV4E1Bk4Te7ZcYhnomSjrPwhSLKfnGhhQXY9Umkpump,UNPAY,So11111111111111111111111111111111111111112,SOL,2026-10-07T06:49:48Z,3.292741479449642e-06,3292.741479,,2577.351,117.71322673399155,100.0,,0.0,0.0,0.0,0.0,0.0,10596.6724806114,0,0,0,0,0,0,0,0,0,0,0,0,0,0,0,0,0,0,0,0,60,68,59,60,0.0,0.0,0.0,0.0,0.0,-2.251,snapshot,,,,,,,/home/runner/work/Solana-Memecoin-Analysis/Solana-Memecoin-Analysis/data/cache/2026-10-08/001204356448_multi_pools_03f845db62de.json,2
2026-10-08T00:05:26.425711+00:00,4yxxZpV42jaKccn9FGvswt6kfA5FAA2pMgNA6mjvc8uY,solana,Pump.fun,B6W8LFz7yC4URy2iJkXpHQv4WnWPW6R7i6wYnzvGpump,INUX,So11111111111111111111111111111111111111112,SOL,2026-10-07T06:49:44Z,7.033484771008647e-06,14066.969542,,5213.4287,118.79447518150202,,,0.0,0.0,0.0,0.0,0.0,607.154998433,0,0,0,0,0,0,0,0,0,0,0,0,0,0,0,0,0,0,0,0,9,5,3,3,0.0,0.0,0.0,0.0,0.0,105.08,snapshot,,,,,,,/home/runner/work/Solana-Memecoin-Analysis/Solana-Memecoin-Analysis/data/cache/2026-10-08/001204356448_multi_pools_03f845db62de.json,2
2026-10-08T00:05:26.425711+00:00,BNYQb552m5cpomJorUFoVnL9dwna58gkEpQ54nGySSiE,solana,Pump.fun,F7HWZgKgCRKUoypWDfVrnb7EEgh55Za6wFxcUFyspump,$CACTO,So11111111111111111111111111111111111111112,SOL,2026-10-07T06:59:27Z,6.497107094410499e-07,1299.4214188,,504.3522,118.82205178082066,100.0,,0.0,0.0,0.0,0.0,0.0,47.8062305739,0,0,0,0,0,0,0,0,0,0,0,0,0,0,0,0,0,0,0,0,23,25,3,3,0.0,0.0,0.0,0.0,0.0,-80.463,snapshot,,,,,,,/home/runner/work/Solana-Memecoin-Analysis/Solana-Memecoin-Analysis/data/cache/2026-10-08/001204356448_multi_pools_03f845db62de.json,2
2026-10-08T00:05:26.425711+00:00,HyfZ2tqGrbDaKqooobEkcd8fkP3ogvuS3Wyo16ZLGKqV,solana,Pump.fun,3hv7m2xAWaRUwY8EXhFvUGbZaMLJmXShGobQe1Eapump,WallCat,So11111111111111111111111111111111111111112,SOL,2026-10-07T06:59:22Z,3.4465416957486366e-06,3446.541696,,2673.3484,118.71249350759756,100.0,,0.0,0.0,0.0,0.0,0.0,387.7761324687,0,0,0,0,0,0,0,0,0,0,0,0,0,0,0,0,0,0,0,0,5,5,5,5,0.0,0.0,0.0,0.0,0.0,-6.56,snapshot,,,,,,,/home/runner/work/Solana-Memecoin-Analysis/Solana-Memecoin-Analysis/data/cache/2026-10-08/001204356448_multi_pools_03f845db62de.json,2
2026-10-08T00:05:26.425711+00:00,EmKGSiLyJnKpCvgFJMxpQDMEE1mT4MVKT6ACTz5BnWjY,solana,Pump.fun,BW5gGYyYVq8fJoeRgGT5mJhgdnmosuUWMqDZG7JMpump,VIRAL,So11111111111111111111111111111111111111112,SOL,2026-10-07T06:59:05Z,3.3270045602931125e-06,3327.00456,,2580.0254,118.74041302827642,,,0.0,0.0,0.0,0.0,0.0,247.3994625721,0,0,0,0,0,0,0,0,0,0,0,0,0,0,0,0,0,0,0,0,6,2,2,2,0.0,0.0,0.0,0.0,0.0,0.097,snapshot,,,,,,,/home/runner/work/Solana-Memecoin-Analysis/Solana-Memecoin-Analysis/data/cache/2026-10-08/001204356448_multi_pools_03f845db62de.json,2
2026-10-08T00:05:26.425711+00:00,DtMMGG9cXoCeZTPkYFjxBV13dPyCFQPpS25Xrq58Hcp4,solana,Pump.fun,3g69PBnZ1HaGzwha7ZNHLH8ZnQ1aMJtqx3X41Soqpump,NEWSPRINT,So11111111111111111111111111111111111111112,SOL,2026-10-07T06:59:03Z,3.320147034992085e-06,3320.147035,,2575.3813,118.70932238001515,,,0.0,0.0,0.0,0.0,0.0,354.0078797774,0,0,0,0,0,0,0,0,0,0,0,0,0,0,0,0,0,0,0,0,3,5,3,3,0.0,0.0,0.0,0.0,0.0,-8.2,snapshot,,,,,,,/home/runner/work/Solana-Memecoin-Analysis/Solana-Memecoin-Analysis/data/cache/2026-10-08/001204356448_multi_pools_03f845db62de.json,2
2026-10-08T00:05:26.425711+00:00,GwkUXpxufMGxp3zuWkS8G2w2VM95wsyBrMBsHFgXx5HW,solana,Pump.fun,D1XWp9nCHeDJim7jqgXRAT9zyqQmBWoKcAdzDMWUEhZk,Jose,So11111111111111111111111111111111111111112,SOL,2026-10-07T07:08:50Z,3.3234294488387696e-06,3323.429449,,2576.2358,118.86199239121686,,,0.0,0.0,0.0,0.0,0.0,10755.545230713,0,0,0,0,0,0,0,0,0,0,0,0,0,0,0,0,0,0,0,0,76,91,66,65,0.0,0.0,0.0,0.0,0.0,-35.314,snapshot,,,,,,,/home/runner/work/Solana-Memecoin-Analysis/Solana-Memecoin-Analysis/data/cache/2026-10-08/001204356448_multi_pools_03f845db62de.json,2
2026-10-08T00:05:26.425711+00:00,Buo895XYw5cpVXYpeBoKCgozirShd7cpECpWvi63aVWt,solana,Meteora DAMM V2,EhFTBz94brYrzgDnzX6GSHBZmAsZ72BUJbnUxwfkLRKC,RUFUS,So11111111111111111111111111111111111111112,SOL,2026-10-07T07:08:45Z,8.051621158725684e-10,0.8051621159,,1.4987,117.23141078335131,100.0,,0.0,0.0,0.0,0.0,0.0,18660.10960964,0,0,0,0,0,0,0,0,0,0,0,0,0,0,0,0,0,0,0,0,373,423,124,121,0.0,0.0,0.0,0.0,0.0,-99.999,snapshot,,,,,,,/home/runner/work/Solana-Memecoin-Analysis/Solana-Memecoin-Analysis/data/cache/2026-10-08/001204356448_multi_pools_03f845db62de.json,2
2026-10-08T00:05:26.425711+00:00,4TCSFyKQfAWndXXhp8LFGgPFfHvczjXzkDX6AF7ek3GC,solana,Pump.fun,4LAHxUY9G56xuC7nSfm2shTF5WYV6rTGfSfcHKLypump,SXSN,So11111111111111111111111111111111111111112,SOL,2026-10-07T07:08:41Z,1.0312186741099369e-08,20.62437348,,11.3271,118.48482413882826,,,0.0,0.0,0.0,0.0,0.0,334.8883230392,0,0,0,0,0,0,0,0,0,0,0,0,0,0,0,0,0,0,0,0,57,63,14,14,0.0,0.0,0.0,0.0,0.0,-99.692,snapshot,,,,,,,/home/runner/work/Solana-Memecoin-Analysis/Solana-Memecoin-Analysis/data/cache/2026-10-08/001204356448_multi_pools_03f845db62de.json,2
2026-10-08T00:05:26.425711+00:00,3rHymynEtyDcDguvHrR6Z8Ng5gCcTMkLToiWHfZWANuS,solana,Pump.fun,5BQkgfUCgF9Hy65ysNC9Qw1gWcqi8wyKznTfL8Vxpump,JUMP,So11111111111111111111111111111111111111112,SOL,2026-10-07T07:08:10Z,1.1474625555665755e-06,2294.925112,,605.6688,118.74157711506253,,,0.0,0.0,0.0,0.0,0.0,1212.0124452008,0,0,0,0,0,0,0,0,0,0,0,0,0,0,0,0,0,0,0,0,80,66,11,11,0.0,0.0,0.0,0.0,0.0,-66.009,snapshot,,,,,,,/home/runner/work/Solana-Memecoin-Analysis/Solana-Memecoin-Analysis/data/cache/2026-10-08/001204356448_multi_pools_03f845db62de.json,2
2026-10-08T00:05:26.425711+00:00,Fe7bpDYCs74GqiCUF14HwgUMToPKV1d9mDYVX5BTohFr,solana,PumpSwap,2j5SaS7xy776qCBpyPQbZjyQSAtKiFgrwjfErthnW2ZM,CLAUDIA,So11111111111111111111111111111111111111112,SOL,2026-10-07T01:44:30Z,0.0004362241867179771,394598.1075,,67992.2208,116.06646705359576,100.0,,2636.0600898656,12325.0703119842,18384.7278888478,110922.41823699,333468.588003938,6675661.74024662,8,8,8,8,76,60,61,41,141,131,103,97,549,523,308,303,2138,2196,961,1134,41304,36144,11127,10220,-4.986,9.457,-4.322,-9.073,-6.523,680.832,snapshot,,,,,,,/home/runner/work/Solana-Memecoin-Analysis/Solana-Memecoin-Analysis/data/cache/2026-10-08/001204356448_multi_pools_03f845db62de.json,2
2026-10-08T00:05:26.425711+00:00,37wXif6xSgNr5QeEsCnTzxvKGm9HmJQQMhPJn5S6ZaSx,solana,Pump.fun,Y732CNtrDMqmRTxfLBCw5s272y5U6JjN23VB2fepump,SID,So11111111111111111111111111111111111111112,SOL,2026-10-07T07:16:53Z,1.2734229338839735e-05,12726.4111892908,,0.0,118.81035973110356,,,0.0,0.0,0.0,0.0,0.0,10099.5172886338,0,0,0,0,0,0,0,0,0,0,0,0,0,0,0,0,0,0,0,0,1,0,1,0,0.0,0.0,0.0,0.0,0.0,0.0,snapshot,,,,,,,/home/runner/work/Solana-Memecoin-Analysis/Solana-Memecoin-Analysis/data/cache/2026-10-08/001204356448_multi_pools_03f845db62de.json,2
2026-10-08T00:05:26.425711+00:00,DvxQudpAmigLByHZWsLTxAn3oUtUszsBgMa4C4hoVJKP,solana,PumpSwap,Y732CNtrDMqmRTxfLBCw5s272y5U6JjN23VB2fepump,SID,So11111111111111111111111111111111111111112,SOL,2026-10-07T07:16:53Z,0.0035214342826455627,3553579.32989325,,167996.154,116.14171381971302,100.0,,224.5353953072,1431.1772088687,3598.9455773421,7889.3124234961,49462.7589063361,211386.281264314,6,2,6,2,30,19,10,9,72,48,10,10,156,104,10,11,998,661,15,14,5845,1933,2175,37,0.164,-0.044,1.387,2.253,6.718,7100.533,snapshot,,,,,,,/home/runner/work/Solana-Memecoin-Analysis/Solana-Memecoin-Analysis/data/cache/2026-10-08/001204356448_multi_pools_03f845db62de.json,2
2026-10-08T00:05:26.425711+00:00,9MHNQcQZPNXXhJENScuYbQXTqpSmFHZSD6KFAzx5p24T,solana,Meteora DAMM V2,FZ8YeUM5D8cTH8zzW6AQtaznNGYwzgxXJwNoB28hie9G,Google AI,So11111111111111111111111111111111111111112,SOL,2026-10-07T07:16:42Z,4.1059125473927384e-10,0.4105912547,,0.7784,117.26434724634802,100.0,,0.0,0.0,0.0,0.0,0.0,27682.0019112414,0,0,0,0,0,0,0,0,0,0,0,0,0,0,0,0,0,0,0,0,781,944,211,210,0.0,0.0,0.0,0.0,0.0,-99.999,snapshot,,,,,,,/home/runner/work/Solana-Memecoin-Analysis/Solana-Memecoin-Analysis/data/cache/2026-10-08/001204356448_multi_pools_03f845db62de.json,2
2026-10-08T00:05:26.425711+00:00,CNqbVvWRLsQnSVdax3i5J9ZdvKSUSiziufX9Ju8BcYAK,solana,Pump.fun,3B1QxQmtgibw2ttnam4wy5k6dMbwRYKnmR1NDqwHpump,FGTeeV,So11111111111111111111111111111111111111112,SOL,2026-10-07T07:16:36Z,3.322085337496026e-06,3322.085337,,2576.9793,118.77959857316145,100.0,,0.0,0.0,0.0,0.0,0.0,6084.7966389627,0,0,0,0,0,0,0,0,0,0,0,0,0,0,0,0,0,0,0,0,33,33,32,32,0.0,0.0,0.0,0.0,0.0,-18.192,snapshot,,,,,,,/home/runner/work/Solana-Memecoin-Analysis/Solana-Memecoin-Analysis/data/cache/2026-10-08/001204356448_multi_pools_03f845db62de.json,2
2026-10-08T00:05:26.425711+00:00,CtMqaKhsFXm5M4yrAmLfcpc3bbP1wqem3298FQ3X5R7R,solana,Pump.fun,4ihSN1DsT1EvtpYi1bD73JUk9LdJWMC3uCsSQSLspump,HOT DOG,So11111111111111111111111111111111111111112,SOL,2026-10-07T07:16:29Z,3.3219577254405774e-06,3321.957725,,2576.2822,118.80700619027809,100.0,,0.0,0.0,0.0,0.0,0.0,0.5033111496,0,0,0,0,0,0,0,0,0,0,0,0,0,0,0,0,0,0,0,0,1,1,1,1,0.0,0.0,0.0,0.0,0.0,-0.093,snapshot,,,,,,,/home/runner/work/Solana-Memecoin-Analysis/Solana-Memecoin-Analysis/data/cache/2026-10-08/001204356448_multi_pools_03f845db62de.json,2
2026-10-08T00:05:26.425711+00:00,C9wEBZhp6z9WNKxorqsU6Jt3f8TgrJw4BQbKnnX3ThrC,solana,Meteora DBC,6VnXhdRgkYgFKL4r3M7neH7gVepqaSDy9HZhmGUJnwsk,him,So11111111111111111111111111111111111111112,SOL,2026-10-07T07:16:24Z,3.755545359490824e-05,37553.6690690135,,0.0,118.74476970067963,,,0.0,0.0,0.0,0.0,0.0,10341.868500827,0,0,0,0,0,0,0,0,0,0,0,0,0,0,0,0,0,0,0,0,294,318,171,166,0.0,0.0,0.0,0.0,0.0,64.383,snapshot,,,,,,,/home/runner/work/Solana-Memecoin-Analysis/Solana-Memecoin-Analysis/data/cache/2026-10-08/001204356448_multi_pools_03f845db62de.json,2
2026-10-08T00:05:26.425711+00:00,GJcT2fts7wXhyrJyqo8ozznigqVMXyMUmqYgkBRBtbef,solana,Pump.fun,EgZdzrc245n5S3K95YV91xUdrv5uPBW78MT2rH2Ppump,. si,So11111111111111111111111111111111111111112,SOL,2026-10-07T07:16:22Z,3.3213238440006352e-06,3321.323844,,2576.956,118.75349299465745,100.0,,0.0,0.0,0.0,0.0,0.0,2.3532985048,0,0,0,0,0,0,0,0,0,0,0,0,0,0,0,0,0,0,0,0,1,1,1,1,0.0,0.0,0.0,0.0,0.0,-0.138,snapshot,,,,,,,/home/runner/work/Solana-Memecoin-Analysis/Solana-Memecoin-Analysis/data/cache/2026-10-08/001204356448_multi_pools_03f845db62de.json,2
2026-10-08T00:05:26.425711+00:00,HNjEUoWt4jwCvbHUvcf2WRGKtUziexoZP9Pat4GBNXNS,solana,Meteora DAMM V2,8WzdVVfB1ihHvhgkoDUsgextwCTtN6aXagxbaprr5TEs,NNU,So11111111111111111111111111111111111111112,SOL,2026-10-07T07:26:39Z,6.426105941073056e-10,0.6425934393,,1.103,117.2828586574398,100.0,,0.0,0.0,0.0,0.0,0.0,10211.3685946324,0,0,0,0,0,0,0,0,0,0,0,0,0,0,0,0,0,0,0,0,180,237,114,121,0.0,0.0,0.0,0.0,0.0,-99.999,snapshot,,,,,,,/home/runner/work/Solana-Memecoin-Analysis/Solana-Memecoin-Analysis/data/cache/2026-10-08/001204356448_multi_pools_03f845db62de.json,2
2026-10-08T00:05:26.425711+00:00,4Lkc1YCh5ewEA5KmZdxQmMNJifakQwuzpzM3v44PG7WG,solana,Pump.fun,94kmyr4xCZxnvJS3hZcvNnvdtmCDMcBydErAboPeZboe,ZCAT,So11111111111111111111111111111111111111112,SOL,2026-10-07T07:26:16Z,3.333524613333279e-06,3333.524613,,2585.8318,118.78002144834771,100.0,,0.0,0.0,0.0,0.0,0.0,31.9582770824,0,0,0,0,0,0,0,0,0,0,0,0,0,0,0,0,0,0,0,0,3,2,3,2,0.0,0.0,0.0,0.0,0.0,0.192,snapshot,,,,,,,/home/runner/work/Solana-Memecoin-Analysis/Solana-Memecoin-Analysis/data/cache/2026-10-08/001204356448_multi_pools_03f845db62de.json,2
2026-10-08T00:05:26.425711+00:00,3uM4FRyDKYadqc4qArpwyBjydjp7RHeU1MfrXsSS7sGz,solana,Pump.fun,H5PYgrHNxHt5U5a9f8J2hGMwrCfWQKoWGAgdsHyqpump,$GOAT,So11111111111111111111111111111111111111112,SOL,2026-10-07T07:25:59Z,6.804618429239676e-06,13609.236858,,2594.6194,118.74139721231155,100.0,,0.0,0.0,0.0,0.0,0.0,47.9059861691,0,0,0,0,0,0,0,0,0,0,0,0,0,0,0,0,0,0,0,0,4,1,2,1,0.0,0.0,0.0,0.0,0.0,104.405,snapshot,,,,,,,/home/runner/work/Solana-Memecoin-Analysis/Solana-Memecoin-Analysis/data/cache/2026-10-08/001204356448_multi_pools_03f845db62de.json,2
2026-10-08T00:05:26.425711+00:00,RJB3pjoRDnzXH7XLioSC5znZCaMckBrwWJqS4NEhnEv,solana,Pump.fun,2FUFcw1SPd8VGRCWrxDpCuENBXisioxvsigVwEhAGprn,Halo,So11111111111111111111111111111111111111112,SOL,2026-10-07T07:25:55Z,3.3301519293762786e-06,3330.1508762318,,2581.6044,118.78002144834771,,,0.0,0.0,0.0,0.0,0.0,6529.7069392056,0,0,0,0,0,0,0,0,0,0,0,0,0,0,0,0,0,0,0,0,44,48,44,41,0.0,0.0,0.0,0.0,0.0,-36.018,snapshot,,,,,,,/home/runner/work/Solana-Memecoin-Analysis/Solana-Memecoin-Analysis/data/cache/2026-10-08/001204356448_multi_pools_03f845db62de.json,2
2026-10-08T00:05:26.425711+00:00,2NmuqauKx3SSYKAoWCuQe51RV2XhSVp1bfA5ZfGyGXwm,solana,Meteora DAMM V2,4wdv3ryErX7BSL6m1JZPhVofsNQzpvvKB3UeyuiYwynE,AUTON,So11111111111111111111111111111111111111112,SOL,2026-10-07T07:35:03Z,0.00043604742843886897,436047.4284,,0.0116,117.34031938815677,,,0.0,0.0,0.0,0.0,0.0,0.2197749433,0,0,0,0,0,0,0,0,0,0,0,0,0,0,0,0,0,0,0,0,19,12,9,8,0.0,0.0,0.0,0.0,0.0,-94.453,snapshot,,,,,,,/home/runner/work/Solana-Memecoin-Analysis/Solana-Memecoin-Analysis/data/cache/2026-10-08/001204356448_multi_pools_03f845db62de.json,2
2026-10-08T00:05:26.425711+00:00,HkBpCdrX2moXVnXEnMPYbLqxp7rWKk97pGq1n2yMbeFv,solana,Pump.fun,8zZuJ8dFnqLS4N1yK7AEW5Q7ydoYnpEhGCLFaRPdpump,TOAD,So11111111111111111111111111111111111111112,SOL,2026-10-07T07:35:02Z,3.5660886871381483e-06,7132.177374,,4399.1511,118.70840547743809,,,0.0,0.0,0.0,0.0,0.0,99.852196937,0,0,0,0,0,0,0,0,0,0,0,0,0,0,0,0,0,0,0,0,5,5,2,2,0.0,0.0,0.0,0.0,0.0,6.767,snapshot,,,,,,,/home/runner/work/Solana-Memecoin-Analysis/Solana-Memecoin-Analysis/data/cache/2026-10-08/001204356448_multi_pools_03f845db62de.json,2
2026-10-08T00:05:26.425711+00:00,98YgsKdUc3tHk4jjCJDAAikWvMQdQK3dbxJ1TpQpLtXj,solana,Meteora DBC,BCpWiBk424aQhuPUwkXDZ83edEy4cNM5sstARG7Azr6E,SICDEPLOY,So11111111111111111111111111111111111111112,SOL,2026-10-07T07:35:01Z,1.8921426212402708e-07,189.2142621,,189.8969,118.39459304564225,,,0.0,0.0,0.0,0.0,0.0,2068.1642255021,0,0,0,0,0,0,0,0,0,0,0,0,0,0,0,0,0,0,0,0,165,185,164,180,0.0,0.0,0.0,0.0,0.0,-0.248,snapshot,,,,,,,/home/runner/work/Solana-Memecoin-Analysis/Solana-Memecoin-Analysis/data/cache/2026-10-08/001204356448_multi_pools_03f845db62de.json,2
2026-10-08T00:05:26.425711+00:00,2xQkV4pWAWeTYfcQpiZ1RMGTVojNTbcrLeSBGUn8vWVE,solana,Pump.fun,29mtjkMzLManih1hDoPDpW3FMk3P6bnAXg8MBecb2mPF,HCAT,So11111111111111111111111111111111111111112,SOL,2026-10-07T07:34:59Z,4.3985189043709245e-06,4398.518904,,3499.5092,115.8880669801614,100.0,,0.0,0.0,0.0,0.0,1223.4261046924,162574.540946092,0,0,0,0,0,0,0,0,0,0,0,0,0,0,0,0,6,21,5,20,1856,1420,655,620,0.0,0.0,0.0,0.0,-21.063,22.591,snapshot,,,,,,,/home/runner/work/Solana-Memecoin-Analysis/Solana-Memecoin-Analysis/data/cache/2026-10-08/001204356448_multi_pools_03f845db62de.json,2
2026-10-08T00:05:26.425711+00:00,2SuzsLCNYdqjtWzDGUAvMFjfHHj1gnNjexAwc2WABohm,solana,Pump.fun,J2WRoWtPb5PFc9GsC6yKDGqF2hVUd5hdeuZ9ws4Apump,CORP,So11111111111111111111111111111111111111112,SOL,2026-10-07T07:34:48Z,5.482275014703112e-06,10964.55003,,4224.8235,118.76071933591776,100.0,,0.0,0.0,0.0,0.0,0.0,178.5167715736,0,0,0,0,0,0,0,0,0,0,0,0,0,0,0,0,0,0,0,0,20,15,5,5,0.0,0.0,0.0,0.0,0.0,64.566,snapshot,,,,,,,/home/runner/work/Solana-Memecoin-Analysis/Solana-Memecoin-Analysis/data/cache/2026-10-08/001204356448_multi_pools_03f845db62de.json,2
2026-10-08T00:05:26.425711+00:00,A7RGAQ33kq1xEVR1gzMR7krSHDJ4yK9JXiW4v8zxu41k,solana,Pump.fun,JCQM7DWHgbDhmMTCyL92RtmARrfoXncAWpd9U8zjpump,$CCOW,So11111111111111111111111111111111111111112,SOL,2026-10-07T07:34:39Z,4.041169382281543e-06,8082.338764,,3122.6411,118.68920350828907,100.0,,0.0,0.0,0.0,0.0,0.0,79.2322094824,0,0,0,0,0,0,0,0,0,0,0,0,0,0,0,0,0,0,0,0,3,3,1,2,0.0,0.0,0.0,0.0,0.0,-3.156,snapshot,,,,,,,/home/runner/work/Solana-Memecoin-Analysis/Solana-Memecoin-Analysis/data/cache/2026-10-08/001204356448_multi_pools_03f845db62de.json,2
2026-10-08T00:05:26.425711+00:00,Etd8MtZysZo7h3oor6i632YB8rrtiGMFET2EQ9fM8Bsd,solana,Meteora DAMM V2,EZ6EUZHc24mvuLfpE8XNAnv6C1RgAmpW63wVATDd3Pv3,HASHERS,So11111111111111111111111111111111111111112,SOL,2026-10-07T07:43:03Z,8.143418909730398e-10,0.7805059309,,1.3584,117.72599910116773,,,0.0,0.0,0.0,0.0,0.0,143.8519871078,0,0,0,0,0,0,0,0,0,0,0,0,0,0,0,0,0,0,0,0,17,13,13,12,0.0,0.0,0.0,0.0,0.0,-67.044,snapshot,,,,,,,/home/runner/work/Solana-Memecoin-Analysis/Solana-Memecoin-Analysis/data/cache/2026-10-08/001204356448_multi_pools_03f845db62de.json,2
2026-10-08T00:05:26.425711+00:00,8KGMqhhodV1EFVhH9SmFWJ6Cetfv5vtdh3f6k2QQ9bPU,solana,Pump.fun,427acwByVq9aAQJ3mBFrbPSh63purtEf7DayDixPpump,HCAT,So11111111111111111111111111111111111111112,SOL,2026-10-07T07:42:51Z,6.876401697957132e-06,13752.803396,,4911.1506,118.87851703726919,,,0.0,0.0,0.0,0.0,0.0,936.7029679412,0,0,0,0,0,0,0,0,0,0,0,0,0,0,0,0,0,0,0,0,38,23,6,6,0.0,0.0,0.0,0.0,0.0,103.565,snapshot,,,,,,,/home/runner/work/Solana-Memecoin-Analysis/Solana-Memecoin-Analysis/data/cache/2026-10-08/001219410999_multi_pools_7bf1abfd5640.json,2
2026-10-08T00:05:26.425711+00:00,D6D194eVegeq5msJqNwoHd117MG4fsuJKNKH8cJ95iMt,solana,Pump.fun,Azdt3dGqFb5gSZ6NEBGzeyECpKLpLRLCGbsYG6Uapump,cwh,So11111111111111111111111111111111111111112,SOL,2026-10-07T07:42:46Z,3.333701776966022e-06,3333.701777,,2582.5448,118.86336252216027,,,0.0,0.0,0.0,0.0,0.0,128.6133439785,0,0,0,0,0,0,0,0,0,0,0,0,0,0,0,0,0,0,0,0,3,2,3,2,0.0,0.0,0.0,0.0,0.0,-0.755,snapshot,,,,,,,/home/runner/work/Solana-Memecoin-Analysis/Solana-Memecoin-Analysis/data/cache/2026-10-08/001219410999_multi_pools_7bf1abfd5640.json,2
2026-10-08T00:05:26.425711+00:00,GrqAXZ9JWFAcVnGX6T5AcB2r5mnhjFbyzhueZgHz36Vb,solana,Pump.fun,26dWPUV5RQuQngpn9VjaZhny8rhwR3gh1t3ppJ24pump,ZOOM,So11111111111111111111111111111111111111112,SOL,2026-10-07T07:42:42Z,3.3338791292704004e-06,3333.879129,,2582.9628,118.85052840838098,,,0.0,0.0,0.0,0.0,0.0,23.4685741333,0,0,0,0,0,0,0,0,0,0,0,0,0,0,0,0,0,0,0,0,1,1,1,1,0.0,0.0,0.0,0.0,0.0,0.038,snapshot,,,,,,,/home/runner/work/Solana-Memecoin-Analysis/Solana-Memecoin-Analysis/data/cache/2026-10-08/001219410999_multi_pools_7bf1abfd5640.json,2
2026-10-08T00:05:26.425711+00:00,GBaMoSQJLnD8AGNH3pYPSi567iqr6zWx2omXWvb3EY3x,solana,Pump.fun,29DfycyjiHt7cuykGRZwZzMK7YQ57V82PxqWVfydpump,MGOAT,So11111111111111111111111111111111111111112,SOL,2026-10-07T07:53:09Z,4.594100831309585e-07,918.8201662,,355.5285,118.49433226104392,,,0.0,0.0,0.0,0.0,0.0,790.5711343182,0,0,0,0,0,0,0,0,0,0,0,0,0,0,0,0,0,0,0,0,50,50,8,8,0.0,0.0,0.0,0.0,0.0,-86.367,snapshot,,,,,,,/home/runner/work/Solana-Memecoin-Analysis/Solana-Memecoin-Analysis/data/cache/2026-10-08/001219410999_multi_pools_7bf1abfd5640.json,2
2026-10-08T00:05:26.425711+00:00,Gz2DraRBCkfDqZrCGCxQAs91C4EmTpEGcKcEHguHuwVt,solana,Meteora DAMM V2,HVg8Uu9ntxFd6nfDcUz4mA8UfGVJhWwos1HL4cgzkrrS,AUTON,So11111111111111111111111111111111111111112,SOL,2026-10-07T07:53:08Z,0.00034189585647219123,407904.8974,,0.000176270327681963,118.593428755789,,,0.0,0.0,0.0,0.0,0.0,0.1216825504,0,0,0,0,0,0,0,0,0,0,0,0,0,0,0,0,0,0,0,0,13,5,8,3,0.0,0.0,0.0,0.0,0.0,-48.967,snapshot,,,,,,,/home/runner/work/Solana-Memecoin-Analysis/Solana-Memecoin-Analysis/data/cache/2026-10-08/001219410999_multi_pools_7bf1abfd5640.json,2
2026-10-08T00:05:26.425711+00:00,BUfDH4Hf5oWw3t2HCFHdJWM96JPvNVu99HvMgcoaYofD,solana,PumpSwap,HVg8Uu9ntxFd6nfDcUz4mA8UfGVJhWwos1HL4cgzkrrS,AUTON,So11111111111111111111111111111111111111112,SOL,2026-10-07T07:53:08Z,5.3527770455377154e-05,53527.77046,,6.072587566e-07,118.48314570344662,100.0,,0.0,0.0,0.0,0.0,0.0,3998.9228198009,0,0,0,0,0,0,0,0,0,0,0,0,0,0,0,0,0,0,0,0,1061,537,209,191,0.0,0.0,0.0,0.0,0.0,20.551,snapshot,,,,,,,/home/runner/work/Solana-Memecoin-Analysis/Solana-Memecoin-Analysis/data/cache/2026-10-08/001219410999_multi_pools_7bf1abfd5640.json,2
2026-10-08T00:05:26.425711+00:00,Bbgm1vJAWAdedn3kVG2YuJkokzTP6jioR2Ka6ChjqJRj,solana,Meteora DBC,CJSr76vui6iWEwGNtAX877ueFZK257C6VwzMrWeL8xHS,OpenHuman,So11111111111111111111111111111111111111112,SOL,2026-10-07T07:53:00Z,0.0001031055399078508,103105.5399,,0.0,118.55233133007484,,,0.0,0.0,0.0,0.0,0.0,8298.5833535377,0,0,0,0,0,0,0,0,0,0,0,0,0,0,0,0,0,0,0,0,186,246,123,144,0.0,0.0,0.0,0.0,0.0,7.456,snapshot,,,,,,,/home/runner/work/Solana-Memecoin-Analysis/Solana-Memecoin-Analysis/data/cache/2026-10-08/001219410999_multi_pools_7bf1abfd5640.json,2
2026-10-08T00:05:26.425711+00:00,A1yKgkuwm1C316xMy7iDoei1zPdKoNKqxKyeijx1DQbe,solana,Pump.fun,4hjn49LKi7qbYrC3TmDA7W4f4Ez6pqebhpwCXe6gpump,CHAROC,So11111111111111111111111111111111111111112,SOL,2026-10-07T07:52:55Z,4.005364169427345e-06,8010.728338,,3072.1366,118.62739427072884,,,0.0,0.0,0.0,0.0,0.0,304.4060811498,0,0,0,0,0,0,0,0,0,0,0,0,0,0,0,0,0,0,0,0,3,3,2,2,0.0,0.0,0.0,0.0,0.0,17.551,snapshot,,,,,,,/home/runner/work/Solana-Memecoin-Analysis/Solana-Memecoin-Analysis/data/cache/2026-10-08/001219410999_multi_pools_7bf1abfd5640.json,2
2026-10-08T00:05:26.425711+00:00,25z2dCciL52Prmk5w6ZtQ95krA5rX3MP5efRMJ9jHs8N,solana,Pump.fun,GNZqh8uDYpPgLD38jY51SGbabPLkWPYeW9TdNjeypump,LKIT,So11111111111111111111111111111111111111112,SOL,2026-10-07T08:01:53Z,1.1693679583592781e-06,2338.735916,,869.5482,118.45189071656846,100.0,,0.0,0.0,0.0,0.0,0.0,384.1104536969,0,0,0,0,0,0,0,0,0,0,0,0,0,0,0,0,0,0,0,0,41,41,9,8,0.0,0.0,0.0,0.0,0.0,-64.893,snapshot,,,,,,,/home/runner/work/Solana-Memecoin-Analysis/Solana-Memecoin-Analysis/data/cache/2026-10-08/001219410999_multi_pools_7bf1abfd5640.json,2
2026-10-08T00:05:26.425711+00:00,9Hhke9US2v5jTbiRBaNUBgPUJ4BA5fRKBrug6YZ3LVKZ,solana,Pump.fun,Af1tuVMQrf6H9ch9HGUVefjLqhTakR8mZtQTWkgCpump,Join,So11111111111111111111111111111111111111112,SOL,2026-10-07T08:01:51Z,3.5701127904052895e-06,3570.11279,,2830.6606,115.88267103243575,100.0,,0.0,0.0,0.0,1.8743887616,60.9848002532,12138.2550733652,0,0,0,0,0,0,0,0,0,0,0,0,1,0,1,0,2,1,2,1,118,235,85,83,0.0,0.0,0.0,0.0,-0.832,-13.714,snapshot,,,,,,,/home/runner/work/Solana-Memecoin-Analysis/Solana-Memecoin-Analysis/data/cache/2026-10-08/001219410999_multi_pools_7bf1abfd5640.json,2
2026-10-08T00:05:26.425711+00:00,54mrk11rY8ZyYhxwT1bCphjZ2apWFDFXWkSST6oaer1T,solana,Pump.fun,DSpx62dwFu34q9QA1Y7xu13sQfUgDjqqSsuAX26eYahz,Mochimochi,So11111111111111111111111111111111111111112,SOL,2026-10-07T08:01:40Z,3.3178825303360607e-06,3317.88253,,2579.9789,118.41686176282138,100.0,,0.0,0.0,0.0,0.0,0.0,2638.131487224,0,0,0,0,0,0,0,0,0,0,0,0,0,0,0,0,0,0,0,0,30,17,15,15,0.0,0.0,0.0,0.0,0.0,-19.638,snapshot,,,,,,,/home/runner/work/Solana-Memecoin-Analysis/Solana-Memecoin-Analysis/data/cache/2026-10-08/001219410999_multi_pools_7bf1abfd5640.json,2
2026-10-08T00:05:26.425711+00:00,AcHJn7GR2CpEkBfYA5LRYNcv6ok8R2dFtG2NBfypUkMn,solana,PumpSwap,CQdQdaLPBepXx2qLjRxCXjofgUc76oioTAyvqVJgp3Hz,AUTON,So11111111111111111111111111111111111111112,SOL,2026-10-07T08:01:31Z,5.74191342588717e-05,57762.89032,,6.10609657732867e-07,118.52027272529214,2.29591589633115e-09,,0.0,0.0,0.0,0.0,0.0,3811.7569343006,0,0,0,0,0,0,0,0,0,0,0,0,0,0,0,0,0,0,0,0,1124,451,211,190,0.0,0.0,0.0,0.0,0.0,30.211,snapshot,,,,,,,/home/runner/work/Solana-Memecoin-Analysis/Solana-Memecoin-Analysis/data/cache/2026-10-08/001219410999_multi_pools_7bf1abfd5640.json,2
2026-10-08T00:05:26.425711+00:00,6a4wQam5zNTGFrNLuPCFCeyEFkR5B17go4q7iHuN6ueQ,solana,Pump.fun,5y7SkrBevPyaZo9HqQctMEsBB4mccV3fwg2oxKtnpump,Mochimochi,So11111111111111111111111111111111111111112,SOL,2026-10-07T08:10:37Z,3.4156796811197917e-06,3415.679681,,2707.188,116.17749298089143,100.0,,0.0,0.0,0.0,0.0,184.2966885738,5607.5352024476,0,0,0,0,0,0,0,0,0,0,0,0,0,0,0,0,4,5,1,1,44,52,26,26,0.0,0.0,0.0,0.0,-5.071,-6.751,snapshot,,,,,,,/home/runner/work/Solana-Memecoin-Analysis/Solana-Memecoin-Analysis/data/cache/2026-10-08/001219410999_multi_pools_7bf1abfd5640.json,2
2026-10-08T00:05:26.425711+00:00,6HbsX5r6mhSt8LzqivoHfuVo6nkGQgUuAFffoXwzGD2e,solana,Meteora DBC,6LtJ49AGkuMxaZ9tQxX5vRFegaL1u5dR8NcPpL5nuupS,SICNAMEHOG,So11111111111111111111111111111111111111112,SOL,2026-10-07T08:10:26Z,1.8678312085130628e-07,186.7831209,,188.3617,118.10848223993054,,,0.0,0.0,0.0,0.0,0.0,2372.8974563167,0,0,0,0,0,0,0,0,0,0,0,0,0,0,0,0,0,0,0,0,252,255,245,245,0.0,0.0,0.0,0.0,0.0,-3.169,snapshot,,,,,,,/home/runner/work/Solana-Memecoin-Analysis/Solana-Memecoin-Analysis/data/cache/2026-10-08/001219410999_multi_pools_7bf1abfd5640.json,2
2026-10-08T00:05:26.425711+00:00,BLewXU3sLoCV4U5eQhRpUvXVbBvyXt7PJbgqQ34u9vYG,solana,Pump.fun,2Ecz5aAxEbAkxuegTsApj11n2fSg4wx1eGQ14TTjpump,Nitro,So11111111111111111111111111111111111111112,SOL,2026-10-07T08:10:24Z,3.268237670485948e-06,3268.23767,,2574.636,116.88517684120187,100.0,,0.0,0.0,0.0,0.0,0.2652053363,1212.0670682751,0,0,0,0,0,0,0,0,0,0,0,0,0,0,0,0,0,1,0,1,16,18,16,16,0.0,0.0,0.0,0.0,0.0,-5.967,snapshot,,,,,,,/home/runner/work/Solana-Memecoin-Analysis/Solana-Memecoin-Analysis/data/cache/2026-10-08/001219410999_multi_pools_7bf1abfd5640.json,2
2026-10-08T00:05:26.425711+00:00,AJmBJ8qSbgV8Z5Xrbub6crM6J9YXYaNDB6grnr5atFSw,solana,Pump.fun,Cxa4rTo5qBkCQTntZf1fuGfoM46xQk9GECqHx7eapump,EVW,So11111111111111111111111111111111111111112,SOL,2026-10-07T08:09:59Z,3.2918101810562137e-06,3291.810181,,2574.427,117.73816478251635,100.0,,0.0,0.0,0.0,0.0,0.0,608.5159255675,0,0,0,0,0,0,0,0,0,0,0,0,0,0,0,0,0,0,0,0,4,4,4,4,0.0,0.0,0.0,0.0,0.0,-5.898,snapshot,,,,,,,/home/runner/work/Solana-Memecoin-Analysis/Solana-Memecoin-Analysis/data/cache/2026-10-08/001219410999_multi_pools_7bf1abfd5640.json,2
2026-10-08T00:05:26.425711+00:00,BcKapWJF4WtC71RLHtM7YpDMNBYP5SVmT9qjsH7nfCVx,solana,Meteora DAMM V2,HbX6txy7kLGSRtDZG3XbNKod8HKc9Ai4gkXCx32EWH3p,AUTON,So11111111111111111111111111111111111111112,SOL,2026-10-07T08:09:52Z,0.0004802053711293681,480205.3711,,0.000181283204068275,118.48447827497587,,,0.0,0.0,0.0,0.0,0.0,0.1354228859,0,0,0,0,0,0,0,0,0,0,0,0,0,0,0,0,0,0,0,0,12,8,8,3,0.0,0.0,0.0,0.0,0.0,-32.55,snapshot,,,,,,,/home/runner/work/Solana-Memecoin-Analysis/Solana-Memecoin-Analysis/data/cache/2026-10-08/001219410999_multi_pools_7bf1abfd5640.json,2
2026-10-08T00:05:26.425711+00:00,4JCbkJRYQ6mPtUxW7rGBKNGfSYt2513Xy4KgdtSL23KW,solana,Meteora DBC,FroHyi1T21c8E8JD8Van9YZQESuA8wjuLrmK1FgXDoqU,HOODCATS,So11111111111111111111111111111111111111112,SOL,2026-10-07T08:19:36Z,5.7394817806430567e-05,57393.6732617801,,0.0,118.52459670455725,,,0.0,0.0,0.0,0.0,0.0,9188.3983223751,0,0,0,0,0,0,0,0,0,0,0,0,0,0,0,0,0,0,0,0,374,363,180,166,0.0,0.0,0.0,0.0,0.0,8.651,snapshot,,,,,,,/home/runner/work/Solana-Memecoin-Analysis/Solana-Memecoin-Analysis/data/cache/2026-10-08/001219410999_multi_pools_7bf1abfd5640.json,2
2026-10-08T00:05:26.425711+00:00,H7K7ky7D3n5EyaDhMVjmAxXjPxX8i3SiqsS5AG3y1y2C,solana,Pump.fun,2HXR4pQ5H1xm6YKEMRghnygvZWuy2339GZoc96N1tp2J,SLAB,So11111111111111111111111111111111111111112,SOL,2026-10-07T08:19:25Z,3.315622058592073e-06,3315.622059,,2577.9471,118.42930519624277,,,0.0,0.0,0.0,0.0,0.0,110.9396339768,0,0,0,0,0,0,0,0,0,0,0,0,0,0,0,0,0,0,0,0,6,6,6,6,0.0,0.0,0.0,0.0,0.0,-2.255,snapshot,,,,,,,/home/runner/work/Solana-Memecoin-Analysis/Solana-Memecoin-Analysis/data/cache/2026-10-08/001219410999_multi_pools_7bf1abfd5640.json,2
2026-10-08T00:05:26.425711+00:00,J4cNniB68dfQaD8MVhgEtvxu5XPWcd5HHLUULx3j9y87,solana,Meteora DAMM V2,EQZ24G6whLm2Qo5bsHo7LzBEFRG8vN5xHyeEJmRj2sXe,OpenHuman,So11111111111111111111111111111111111111112,SOL,2026-10-07T08:19:04Z,1.1185065957269132e-05,11634.0401875724,,4.97098671788511e-06,118.34466449454428,,,0.0,0.0,0.0,0.0,0.0,7477.2496736185,0,0,0,0,0,0,0,0,0,0,0,0,0,0,0,0,0,0,0,0,89,71,89,33,0.0,0.0,0.0,0.0,0.0,15.664,snapshot,,,,,,,/home/runner/work/Solana-Memecoin-Analysis/Solana-Memecoin-Analysis/data/cache/2026-10-08/001219410999_multi_pools_7bf1abfd5640.json,2
2026-10-08T00:05:26.425711+00:00,FBdtG7JmmnLtyq7Koy1yS9uG5aTrc4njNqT6DWekXuL5,solana,Meteora DBC,C6xuT4kodRFwSo5JTaRy4zW8TSjt61Z36xZBaB5iyzYJ,PVE,So11111111111111111111111111111111111111112,SOL,2026-10-07T08:18:55Z,3.489747640588571e-05,34896.3594387392,,0.0,118.5044901091763,,,0.0,0.0,0.0,0.0,0.0,14558.2807730308,0,0,0,0,0,0,0,0,0,0,0,0,0,0,0,0,0,0,0,0,530,552,213,197,0.0,0.0,0.0,0.0,0.0,17.148,snapshot,,,,,,,/home/runner/work/Solana-Memecoin-Analysis/Solana-Memecoin-Analysis/data/cache/2026-10-08/001219410999_multi_pools_7bf1abfd5640.json,2
2026-10-08T00:05:26.425711+00:00,5FzQpTL6w8QXFhn4bR5RDRfK2CM2DNSrLhBC1JBTydrz,solana,PumpSwap,81qCsgYnVdfmCDg4eV4Aq1XquXmXDGLpbXPEVfoRU9M,POKEMON,So11111111111111111111111111111111111111112,SOL,2026-10-07T08:25:15Z,2.1021142455404892e-06,2091.8869266333,,2125.1792,117.58923566383501,100.0,,0.0,0.0,0.0,0.0,0.0,171991.438142692,0,0,0,0,0,0,0,0,0,0,0,0,0,0,0,0,0,0,0,0,35960,16426,170,275,0.0,0.0,0.0,0.0,0.0,-95.73,snapshot,,,,,,,/home/runner/work/Solana-Memecoin-Analysis/Solana-Memecoin-Analysis/data/cache/2026-10-08/001219410999_multi_pools_7bf1abfd5640.json,2
2026-10-08T00:05:26.425711+00:00,6jUMANejcZ6mousFHhxXQFtWn1Xo8CtrAUuHL2pfXm8J,solana,Pump.fun,GnmJ22Gcro3axCy9A6ePEAXcbeHcfPvGXCqgVEwpump,HULKED,So11111111111111111111111111111111111111112,SOL,2026-10-07T08:24:49Z,3.3141218991230282e-06,3314.121899,,2574.5686,118.53107098827628,,,0.0,0.0,0.0,0.0,0.0,0.1170676864,0,0,0,0,0,0,0,0,0,0,0,0,0,0,0,0,0,0,0,0,1,0,1,0,0.0,0.0,0.0,0.0,0.0,0.0,snapshot,,,,,,,/home/runner/work/Solana-Memecoin-Analysis/Solana-Memecoin-Analysis/data/cache/2026-10-08/001219410999_multi_pools_7bf1abfd5640.json,2
2026-10-08T00:05:26.425711+00:00,r5HRDtAvNh2dKrRoBARrBF12bfEnX72JRchsTQPZ5UB,solana,Meteora DBC,HmyKghUcWtpYGyDXJsjEJHCD6CDBPxxG28oLfYi3Fc9j,JARVGRAD,So11111111111111111111111111111111111111112,SOL,2026-10-07T08:38:01Z,1.7982263756637323e-07,179.8226376,,183.3255,116.00416436050128,,,0.0,0.0,0.0,0.0,0.06486813666,1678.9023780416,0,0,0,0,0,0,0,0,0,0,0,0,0,0,0,0,0,1,0,1,151,159,148,148,0.0,0.0,0.0,0.0,0.0,-3.759,snapshot,,,,,,,/home/runner/work/Solana-Memecoin-Analysis/Solana-Memecoin-Analysis/data/cache/2026-10-08/001219410999_multi_pools_7bf1abfd5640.json,2
2026-10-08T00:05:26.425711+00:00,6F442HEMWM1q9NAQXrGKzfVvCyKWZJhHiZ8cueh74Bjf,solana,Pump.fun,EgRuxRkGzwqVSjSn1XGY6qowdx3sRvwTVbJzVsiwpump,Plague,Xsv9hRk1z5ystj9MhnA7Lq4vjSsLwzL2nxrwmwtD3re,GLDx,2026-10-07T08:37:54Z,3.058044611828115e-06,3058.044612,,2377.9725,379.65636674540724,,,0.0,0.0,0.0,0.0,0.0,0.1138209788,0,0,0,0,0,0,0,0,0,0,0,0,0,0,0,0,0,0,0,0,1,0,1,0,0.0,0.0,0.0,0.0,0.0,0.0,snapshot,,,,,,,/home/runner/work/Solana-Memecoin-Analysis/Solana-Memecoin-Analysis/data/cache/2026-10-08/001219410999_multi_pools_7bf1abfd5640.json,2
2026-10-08T00:05:26.425711+00:00,4W1bxmRGDFkExEike2ZzHDZmM2tB2RVpiri7ghv94i6j,solana,PumpSwap,GeBrbSjfrekjLZ5FJ3M2pZsqms6aVn24X7s1XdjNyz1n,Plague,So11111111111111111111111111111111111111112,SOL,2026-10-07T08:37:51Z,0.003454804248851734,2666756.93736881,,5.969550004e-07,118.03500271796321,100.0,,0.0,0.0,0.0,0.0,0.0,906.4433756508,0,0,0,0,0,0,0,0,0,0,0,0,0,0,0,0,0,0,0,0,805,146,209,103,0.0,0.0,0.0,0.0,0.0,7693.056,snapshot,,,,,,,/home/runner/work/Solana-Memecoin-Analysis/Solana-Memecoin-Analysis/data/cache/2026-10-08/001219410999_multi_pools_7bf1abfd5640.json,2
2026-10-08T00:05:26.425711+00:00,29xZ3UtMQwsGCX6pvV7oM3xqmCYJPzBnw3jo38kdASyS,solana,Meteora DAMM V2,GeBrbSjfrekjLZ5FJ3M2pZsqms6aVn24X7s1XdjNyz1n,Plague,So11111111111111111111111111111111111111112,SOL,2026-10-07T08:37:50Z,0.01404283936004114,10839641.4339468,,0.0116,116.82433454476185,,,0.0,0.0,0.0,0.0,0.0,0.2422925877,0,0,0,0,0,0,0,0,0,0,0,0,0,0,0,0,0,0,0,0,21,17,9,5,0.0,0.0,0.0,0.0,0.0,1874.802,snapshot,,,,,,,/home/runner/work/Solana-Memecoin-Analysis/Solana-Memecoin-Analysis/data/cache/2026-10-08/001219410999_multi_pools_7bf1abfd5640.json,2
2026-10-08T00:05:26.425711+00:00,9kZ7wuqkwsBEhqnErxnPrV6NVH5WzYpiQuBjrj22t6Ts,solana,Meteora DBC,84DpdvsUNDJienWKECnb2FyKxUXJ52B8bz7PJWaxwfVL,JARVSCOUT,So11111111111111111111111111111111111111112,SOL,2026-10-07T08:37:50Z,1.8682878388279335e-07,186.8287839,,186.1584,118.10799387061911,,,0.0,0.0,0.0,0.0,0.0,1244.808437784,0,0,0,0,0,0,0,0,0,0,0,0,0,0,0,0,0,0,0,0,116,120,115,115,0.0,0.0,0.0,0.0,0.0,-1.877,snapshot,,,,,,,/home/runner/work/Solana-Memecoin-Analysis/Solana-Memecoin-Analysis/data/cache/2026-10-08/001219410999_multi_pools_7bf1abfd5640.json,2
2026-10-08T00:05:26.425711+00:00,CTxtBU1qH49P1gDE4XNxfMD35KiCo67qUnmXmwa9mK9N,solana,PumpSwap,4esASPBrJts7DLvuqCnQjiskMYER78ppupRTd5pipump,Plague,So11111111111111111111111111111111111111112,SOL,2026-10-07T08:37:43Z,6.366233960928473e-05,63662.33961,,23202.2381,118.38156664313291,100.0,,0.0,0.0,0.0,0.0,0.0,3379.7326251021,0,0,0,0,0,0,0,0,0,0,0,0,0,0,0,0,0,0,0,0,2447,302,214,161,0.0,0.0,0.0,0.0,0.0,37.313,snapshot,,,,,,,/home/runner/work/Solana-Memecoin-Analysis/Solana-Memecoin-Analysis/data/cache/2026-10-08/001219410999_multi_pools_7bf1abfd5640.json,2
2026-10-08T00:05:26.425711+00:00,GJod3iyBCQvR8aQ3WLgNwSyQVAneCgfyypV2N8t6hHCL,solana,Pump.fun,EnXMGCvziVZyjdy2X7CSS3ctJbgGm46jpuuuUG34pump,RANDY,So11111111111111111111111111111111111111112,SOL,2026-10-07T08:47:29Z,3.44734209212996e-06,3447.342092,,2700.3654,117.55235669660073,100.0,,0.0,0.0,0.0,0.0,0.0,1664.4219229004,0,0,0,0,0,0,0,0,0,0,0,0,0,0,0,0,0,0,0,0,7,8,7,8,0.0,0.0,0.0,0.0,0.0,-2.279,snapshot,,,,,,,/home/runner/work/Solana-Memecoin-Analysis/Solana-Memecoin-Analysis/data/cache/2026-10-08/001219410999_multi_pools_7bf1abfd5640.json,2
2026-10-08T00:05:26.425711+00:00,4b5LcreJQgVp2GEJcJoptHmjweHMavqf3Cx9HKuhd66i,solana,PumpSwap,9a1U75uWfZywoFcbVyPPLZeReGCHZQAfiu2cXhmHbonk,PORGEAR,So11111111111111111111111111111111111111112,SOL,2026-10-07T08:47:23Z,0.022530722232227008,90122.88892,,0.00178192139399361,118.28605343030188,1.26394532517658e-06,,0.0,0.0,0.0,0.0,0.0,38241.5158445756,0,0,0,0,0,0,0,0,0,0,0,0,0,0,0,0,0,0,0,0,197,62,197,62,0.0,0.0,0.0,0.0,0.0,63.037,snapshot,,,,,,,/home/runner/work/Solana-Memecoin-Analysis/Solana-Memecoin-Analysis/data/cache/2026-10-08/001227086192_multi_pools_b82d409c7e8f.json,2
2026-10-08T00:05:26.425711+00:00,5eZFX9GC4vx3DuGUo9TpfC7nAqZN3MDK4w7GJVSCUXYw,solana,Pump.fun,3hg68RgJpePk4o2R2d6cYXYewWpEDbvPxCZ1YsrZcKom,YENNI READ,So11111111111111111111111111111111111111112,SOL,2026-10-07T08:47:19Z,3.3298033385571024e-06,3329.803355,,2591.6472,118.30725166012691,100.0,,0.0,0.0,0.0,0.0,0.0,47.3229005457,0,0,0,0,0,0,0,0,0,0,0,0,0,0,0,0,0,0,0,0,1,1,1,1,0.0,0.0,0.0,0.0,0.0,0.0,snapshot,,,,,,,/home/runner/work/Solana-Memecoin-Analysis/Solana-Memecoin-Analysis/data/cache/2026-10-08/001227086192_multi_pools_b82d409c7e8f.json,2
2026-10-08T00:05:26.425711+00:00,DQzPTUfn16nQRtDhTgJdmP8nEHGCjmnLsBd41iMDS1Mg,solana,Pump.fun,E3bh9ZThasSrtXhQDcxqoth7JBd6Ndd4w2NP8Qcjpump,Mongo,So11111111111111111111111111111111111111112,SOL,2026-10-07T08:47:08Z,3.309477340381469e-06,3309.47734,,2574.5105,118.36759131074116,100.0,,0.0,0.0,0.0,0.0,0.0,6593.2457580393,0,0,0,0,0,0,0,0,0,0,0,0,0,0,0,0,0,0,0,0,29,34,28,29,0.0,0.0,0.0,0.0,0.0,-18.783,snapshot,,,,,,,/home/runner/work/Solana-Memecoin-Analysis/Solana-Memecoin-Analysis/data/cache/2026-10-08/001227086192_multi_pools_b82d409c7e8f.json,2
2026-10-08T00:05:26.425711+00:00,AKVYWo52RoPwHzww5zj8uZ1F9rmZbPNWnAKAK51cXen5,solana,PumpSwap,DXyC2SzSFg9dwR5HNYatvrzQdkDZE8LRbiVQigX2T5ek,AUTON,So11111111111111111111111111111111111111112,SOL,2026-10-07T08:47:01Z,5.5749606265503015e-05,55749.60627,,6.100596362e-07,118.28605343030188,2.29591589633115e-09,,0.0,0.0,0.0,0.0,0.0,4396.4914632274,0,0,0,0,0,0,0,0,0,0,0,0,0,0,0,0,0,0,0,0,1170,525,211,189,0.0,0.0,0.0,0.0,0.0,25.791,snapshot,,,,,,,/home/runner/work/Solana-Memecoin-Analysis/Solana-Memecoin-Analysis/data/cache/2026-10-08/001227086192_multi_pools_b82d409c7e8f.json,2
2026-10-08T00:05:26.425711+00:00,87MMZaEd1foipVL35rNrk4JpYAHnp7ce9JmFtdXBaCVE,solana,Meteora DBC,7dzoWD4kGtfPQyxUKRLSXVEzEeBjRhgVddpRdrACtaiw,JARVMEM,So11111111111111111111111111111111111111112,SOL,2026-10-07T08:47:00Z,1.830179535557319e-07,183.0179536,,183.7551,117.98902928111947,,,0.0,0.0,0.0,0.0,0.0,1845.7940779699,0,0,0,0,0,0,0,0,0,0,0,0,0,0,0,0,0,0,0,0,158,167,156,157,0.0,0.0,0.0,0.0,0.0,-1.598,snapshot,,,,,,,/home/runner/work/Solana-Memecoin-Analysis/Solana-Memecoin-Analysis/data/cache/2026-10-08/001227086192_multi_pools_b82d409c7e8f.json,2
2026-10-08T00:05:26.425711+00:00,5LB86s1J1bGTG6MVAyiy79tg1fXjn4eFhvNJpJMHXBDJ,solana,PumpSwap,EjQY4ESCtnG8tBnjk1EN4nD6b7EDjEfrDTY2Qmaqpump,HORN,So11111111111111111111111111111111111111112,SOL,2026-10-07T08:55:50Z,1.4900771256196563e-09,2.980154252,,4.6905,116.10107286975516,100.0,,0.0,0.0,0.0,0.0,0.9169217188,143.0844959477,0,0,0,0,0,0,0,0,0,0,0,0,0,0,0,0,1,3,1,3,98,105,29,25,0.0,0.0,0.0,0.0,-35.531,-81.876,snapshot,,,,,,,/home/runner/work/Solana-Memecoin-Analysis/Solana-Memecoin-Analysis/data/cache/2026-10-08/001227086192_multi_pools_b82d409c7e8f.json,2
2026-10-08T00:05:26.425711+00:00,9Sn84zbmmzipfDrku9rnsVVJYehfh7rNAzX9JHT3bTEy,solana,Pump.fun,EnqEpDZH1Ph21YFXf838JX9Kk4sreESJXfaEeYGhpump,Onlygent,So11111111111111111111111111111111111111112,SOL,2026-10-07T08:55:39Z,3.3366145983622702e-06,3336.614598,,2599.0867,118.2081194669535,,,0.0,0.0,0.0,0.0,0.0,275.8339578946,0,0,0,0,0,0,0,0,0,0,0,0,0,0,0,0,0,0,0,0,4,4,4,4,0.0,0.0,0.0,0.0,0.0,-0.421,snapshot,,,,,,,/home/runner/work/Solana-Memecoin-Analysis/Solana-Memecoin-Analysis/data/cache/2026-10-08/001227086192_multi_pools_b82d409c7e8f.json,2
2026-10-08T00:05:26.425711+00:00,5gx1f4WuVnrVBGXqLD3ZMFk5Vg25g7ZrVBTgfHW974oL,solana,Bags.fm,C6xAM7mKkXeLvtT5zPjRxAbHFavohqHPZQoJK1LSLa6G,‮RTRF,So11111111111111111111111111111111111111112,SOL,2026-10-07T08:55:32Z,5.897408135856765e-05,58926.62125,,0.0,118.19161624342098,,,0.0,0.0,0.0,0.0,0.0,2090.5356552216,0,0,0,0,0,0,0,0,0,0,0,0,0,0,0,0,0,0,0,0,158,22,4,2,0.0,0.0,0.0,0.0,0.0,17.136,snapshot,,,,,,,/home/runner/work/Solana-Memecoin-Analysis/Solana-Memecoin-Analysis/data/cache/2026-10-08/001227086192_multi_pools_b82d409c7e8f.json,2
2026-10-08T00:05:26.425711+00:00,J4ikNec2PtNEdAq6eJdLkri1hhrR7ER9aMYh88MmhpPh,solana,Meteora DAMM V2,C3JAjcwZrGcPZ2yzzTx6iAcMi1ZkosfDE7cLLQEjy1V8,WILLY,So11111111111111111111111111111111111111112,SOL,2026-10-07T08:55:25Z,1.171628048480527e-05,12169.0238793847,,3.26240851636255e-05,118.19282234892114,,,0.0,0.0,0.0,0.0,0.0,66916.4526131628,0,0,0,0,0,0,0,0,0,0,0,0,0,0,0,0,0,0,0,0,543,484,417,108,0.0,0.0,0.0,0.0,0.0,22.48,snapshot,,,,,,,/home/runner/work/Solana-Memecoin-Analysis/Solana-Memecoin-Analysis/data/cache/2026-10-08/001227086192_multi_pools_b82d409c7e8f.json,2
2026-10-08T00:05:26.425711+00:00,S3DmnEBaNvVsYk9j1kZb5QXsPG3brYw9q1PtvsVGUdU,solana,PumpSwap,5ZBd34xru4fSBMNvw32xZkHJqLwcaEBHc5Ket44cBaty,OpenHuman,So11111111111111111111111111111111111111112,SOL,2026-10-07T09:03:00Z,1.8809992789792215e-05,18809.5130585743,,0.0116,118.24638627403819,1.09556325877729e-09,,0.0,0.0,0.0,0.0,0.0,37400.0863085962,0,0,0,0,0,0,0,0,0,0,0,0,0,0,0,0,0,0,0,0,523,96,473,47,0.0,0.0,0.0,0.0,0.0,86.649,snapshot,,,,,,,/home/runner/work/Solana-Memecoin-Analysis/Solana-Memecoin-Analysis/data/cache/2026-10-08/001227086192_multi_pools_b82d409c7e8f.json,2
2026-10-08T00:05:26.425711+00:00,3C7wBpcAexzqmkJPMdiQ8Ds1xf15K24kKHgQ6fRM5xm4,solana,Pump.fun,4LiAYNDtxq5FGGQE8xGaUKf8KaQi6coDsZHGaSCaKXp6,FROGMAN,So11111111111111111111111111111111111111112,SOL,2026-10-07T09:02:55Z,3.292561353704958e-06,3292.561354,,2575.2745,117.72599910116773,,,0.0,0.0,0.0,0.0,0.0,614.3053440543,0,0,0,0,0,0,0,0,0,0,0,0,0,0,0,0,0,0,0,0,5,5,5,5,0.0,0.0,0.0,0.0,0.0,-5.95,snapshot,,,,,,,/home/runner/work/Solana-Memecoin-Analysis/Solana-Memecoin-Analysis/data/cache/2026-10-08/001227086192_multi_pools_b82d409c7e8f.json,2
2026-10-08T00:05:26.425711+00:00,8iFGAYKcYdZxPvxUzpKR1AFXzViMG5BsTTwMSupvLvxk,solana,Pump.fun,9899Sq1bEH9k9qtJVjTy35Fy66qurYi4kj2qVX5epump,Pia,So11111111111111111111111111111111111111112,SOL,2026-10-07T09:02:48Z,3.3076383139146726e-06,3307.638314,,2580.232,118.26426229583525,100.0,,0.0,0.0,0.0,0.0,0.0,113.6502492089,0,0,0,0,0,0,0,0,0,0,0,0,0,0,0,0,0,0,0,0,6,5,5,5,0.0,0.0,0.0,0.0,0.0,-0.615,snapshot,,,,,,,/home/runner/work/Solana-Memecoin-Analysis/Solana-Memecoin-Analysis/data/cache/2026-10-08/001227086192_multi_pools_b82d409c7e8f.json,2
2026-10-08T00:05:26.425711+00:00,148Q3uXEhHLLD7MMbPu9tLuDwJMg7cwoao1mBivZH1ZK,solana,Pump.fun,26a1DqNSxDRnbwnGx3F5uwiDFKYRXRUpn6Bm2nwmodZt,BREAD,So11111111111111111111111111111111111111112,SOL,2026-10-07T09:02:37Z,3.3506460428065173e-06,3350.646043,,2585.1547,118.20815809959112,100.0,,0.0,0.0,0.0,0.0,0.0,374.0043277713,0,0,0,0,0,0,0,0,0,0,0,0,0,0,0,0,0,0,0,0,7,4,4,4,0.0,0.0,0.0,0.0,0.0,-3.754,snapshot,,,,,,,/home/runner/work/Solana-Memecoin-Analysis/Solana-Memecoin-Analysis/data/cache/2026-10-08/001227086192_multi_pools_b82d409c7e8f.json,2
2026-10-08T00:05:26.425711+00:00,Hpg8jy74ZrawUCNwSZXqqBq6P3KRaSfFLVzBQfb3oe6Z,solana,Pump.fun,HotyFFd8dfESNRLbgckQXdpBsLwHn7guf8c6t51vpump,IGGY,So11111111111111111111111111111111111111112,SOL,2026-10-07T09:13:43Z,3.264571166004904e-06,3264.571166,,2578.8504,116.56318857733731,100.0,,0.0,0.0,0.0,0.0,0.0,31615.2150362701,0,0,0,0,0,0,0,0,0,0,0,0,0,0,0,0,0,0,0,0,364,283,208,206,0.0,0.0,0.0,0.0,0.0,-10.22,snapshot,,,,,,,/home/runner/work/Solana-Memecoin-Analysis/Solana-Memecoin-Analysis/data/cache/2026-10-08/001227086192_multi_pools_b82d409c7e8f.json,2
2026-10-08T00:05:26.425711+00:00,6MY1pdu8xDA6JqSfYTLoV32pWdNZrutftVcEM2h93jmc,solana,Pump.fun,BD3fuWjxdWUc4f49p1vNQUS4Rhtq154usyp6Rttbpump,TRUGGA,So11111111111111111111111111111111111111112,SOL,2026-10-07T09:13:19Z,1.8320641094305876e-06,3664.128218,,1585.2844,118.16845292749662,100.0,,0.0,0.0,0.0,0.0,0.0,168.6659316106,0,0,0,0,0,0,0,0,0,0,0,0,0,0,0,0,0,0,0,0,22,19,3,3,0.0,0.0,0.0,0.0,0.0,-44.846,snapshot,,,,,,,/home/runner/work/Solana-Memecoin-Analysis/Solana-Memecoin-Analysis/data/cache/2026-10-08/001227086192_multi_pools_b82d409c7e8f.json,2
2026-10-08T00:05:26.425711+00:00,AQmM4LN6C5X1b3X5nvYCT6Nzrcd7dpwduptZ2PNZdmnm,solana,Pump.fun,3NtMTQe28qQbdvLLpJzJHu3HGrQBm2XNPFZRV6bZMdyW,CALLCAT,So11111111111111111111111111111111111111112,SOL,2026-10-07T09:13:19Z,3.3053941067224104e-06,3305.394107,,2574.4502,118.22292474733597,100.0,,0.0,0.0,0.0,0.0,0.0,0.0001165678038,0,0,0,0,0,0,0,0,0,0,0,0,0,0,0,0,0,0,0,0,1,0,1,0,0.0,0.0,0.0,0.0,0.0,0.0,snapshot,,,,,,,/home/runner/work/Solana-Memecoin-Analysis/Solana-Memecoin-Analysis/data/cache/2026-10-08/001227086192_multi_pools_b82d409c7e8f.json,2
2026-10-08T00:05:26.425711+00:00,EqUp39xwx2JTMdbAyhzmSHh7msXdew3HFKhZCMUWu3u3,solana,Pump.fun,4nbaaq843NC7hkUv2kkrnPoN3w6Htycc4Eu7URvNf6X8,CALLCAT,So11111111111111111111111111111111111111112,SOL,2026-10-07T09:13:19Z,3.3053936551471933e-06,3305.393655,,2574.4502,118.22290859599632,100.0,,0.0,0.0,0.0,0.0,0.0,0.0001165677879,0,0,0,0,0,0,0,0,0,0,0,0,0,0,0,0,0,0,0,0,1,0,1,0,0.0,0.0,0.0,0.0,0.0,0.0,snapshot,,,,,,,/home/runner/work/Solana-Memecoin-Analysis/Solana-Memecoin-Analysis/data/cache/2026-10-08/001227086192_multi_pools_b82d409c7e8f.json,2
2026-10-08T00:05:26.425711+00:00,4yQRhibYVGbZDn71TaGRM7wDf3opPzkRcFmEcSnp6uK9,solana,Meteora DBC,EHcDcoJVtaQVCeeRcmBrnPeWwK75H47AkCxDPyaqGKAr,cashrat,So11111111111111111111111111111111111111112,SOL,2026-10-07T09:13:16Z,3.1095382534126005e-05,31095.3797109382,,0.0,118.16845292749662,,,0.0,0.0,0.0,0.0,0.0,10997.4604713886,0,0,0,0,0,0,0,0,0,0,0,0,0,0,0,0,0,0,0,0,330,364,178,199,0.0,0.0,0.0,0.0,0.0,64.353,snapshot,,,,,,,/home/runner/work/Solana-Memecoin-Analysis/Solana-Memecoin-Analysis/data/cache/2026-10-08/001227086192_multi_pools_b82d409c7e8f.json,2
2026-10-08T00:05:26.425711+00:00,5VyLbmXogHiGY8pJDtYZkvTM3F6GzQacGgA1Dr2F5sVB,solana,Pump.fun,7tdzVyUaqJC7vdREmfC4uWph7ybGrGJPCV34Ynq9pump,TOYOTA,So11111111111111111111111111111111111111112,SOL,2026-10-07T09:13:14Z,4.751494819688082e-06,9504.012456,,3666.7365,118.13691679561515,,,0.0,0.0,0.0,0.0,0.0,363.3300220044,0,0,0,0,0,0,0,0,0,0,0,0,0,0,0,0,0,0,0,0,32,33,5,5,0.0,0.0,0.0,0.0,0.0,43.085,snapshot,,,,,,,/home/runner/work/Solana-Memecoin-Analysis/Solana-Memecoin-Analysis/data/cache/2026-10-08/001227086192_multi_pools_b82d409c7e8f.json,2
2026-10-08T00:05:26.425711+00:00,2uGWc3fpHWsax1vCvEqxWXoPqSEiC8k9ijeekTWnXoGH,solana,Pump.fun,8E3Jd9nxgdGK3Tr1Dg3KGfsHjs2fQLEcB1MtivHCAEBf,UDR,So11111111111111111111111111111111111111112,SOL,2026-10-07T09:13:10Z,3.535486802988506e-06,3535.486803,,2778.7176,117.08355136701006,,,0.0,0.0,0.0,0.0,0.0,850.4610377305,0,0,0,0,0,0,0,0,0,0,0,0,0,0,0,0,0,0,0,0,6,9,6,4,0.0,0.0,0.0,0.0,0.0,6.768,snapshot,,,,,,,/home/runner/work/Solana-Memecoin-Analysis/Solana-Memecoin-Analysis/data/cache/2026-10-08/001227086192_multi_pools_b82d409c7e8f.json,2
2026-10-08T00:05:26.425711+00:00,ByPRzCum6X52gUcY8UAC2L36VTLth4wFLDgxQCiSTMFa,solana,Pump.fun,8wja8qQKuoRwisCzNgG5yqkxeKZU17gS9sxycgnGRgep,Nirvana,So11111111111111111111111111111111111111112,SOL,2026-10-07T09:22:36Z,3.2562330221471038e-06,3256.233022,,2576.3542,116.37818804993682,100.0,,0.0,0.0,0.0,0.0,0.0,30115.4677326148,0,0,0,0,0,0,0,0,0,0,0,0,0,0,0,0,0,0,0,0,303,275,189,193,0.0,0.0,0.0,0.0,0.0,-37.307,snapshot,,,,,,,/home/runner/work/Solana-Memecoin-Analysis/Solana-Memecoin-Analysis/data/cache/2026-10-08/001227086192_multi_pools_b82d409c7e8f.json,2
2026-10-08T00:05:26.425711+00:00,GsRiNZ5goNzrJn6EdEia5d1XdNJqiipig3ipSgdD2hMZ,solana,Pump.fun,Cy4mbMavqVRNXTEHe63hurhwNd3TRgfwYwioosdNpump,BUY,So11111111111111111111111111111111111111112,SOL,2026-10-07T09:22:30Z,1.5880964208829366e-06,3176.192842,,1228.8787,118.06033918420215,,,0.0,0.0,0.0,0.0,0.0,130.9291330495,0,0,0,0,0,0,0,0,0,0,0,0,0,0,0,0,0,0,0,0,22,24,4,4,0.0,0.0,0.0,0.0,0.0,-52.138,snapshot,,,,,,,/home/runner/work/Solana-Memecoin-Analysis/Solana-Memecoin-Analysis/data/cache/2026-10-08/001227086192_multi_pools_b82d409c7e8f.json,2
2026-10-08T00:05:26.425711+00:00,CEW7Q9oJ7N942YHzHchWngMU2ssBKRdKa6g3AMXohbai,solana,Meteora DAMM V2,HSDomaNFWMfbdGfSVAC7DdRy815Udk6kMmHDZxyBqjzQ,Cayetana,So11111111111111111111111111111111111111112,SOL,2026-10-07T09:22:25Z,2.1369968939863733e-05,21369.96894,,0.00016612933,117.90375949894369,0.0,,0.0,0.0,0.0,0.0,0.0,475569.745611923,0,0,0,0,0,0,0,0,0,0,0,0,0,0,0,0,0,0,0,0,2820,839,2034,45,0.0,0.0,0.0,0.0,0.0,108.078,snapshot,,,,,,,/home/runner/work/Solana-Memecoin-Analysis/Solana-Memecoin-Analysis/data/cache/2026-10-08/001227086192_multi_pools_b82d409c7e8f.json,2
2026-10-08T00:05:26.425711+00:00,CxxrgtyXfgLGJ5QxpF3RHFa8JWhAe1kT4xd1aXv4p1pr,solana,Pump.fun,EFXHC4f3cwsRDRk7Ardr3YEPboT6QzgPVH7Tyin7drUD,EARBIT,So11111111111111111111111111111111111111112,SOL,2026-10-07T09:22:20Z,3.3063032873836345e-06,3306.303287,,2578.6879,118.06110831381966,100.0,,0.0,0.0,0.0,0.0,0.0,11.6594467446,0,0,0,0,0,0,0,0,0,0,0,0,0,0,0,0,0,0,0,0,1,1,1,1,0.0,0.0,0.0,0.0,0.0,0.016,snapshot,,,,,,,/home/runner/work/Solana-Memecoin-Analysis/Solana-Memecoin-Analysis/data/cache/2026-10-08/001227086192_multi_pools_b82d409c7e8f.json,2
2026-10-08T00:05:26.425711+00:00,28E3hsqRN23rJJDbdDmgCVz15yQYXTjSL2CasdcyRdUg,solana,Pump.fun,43UYhHiDytHyC122n8DzUvr6Wia4vwcPdvg7N5rcG23s,Vampinu,So11111111111111111111111111111111111111112,SOL,2026-10-07T09:22:11Z,3.294241608788256e-06,3294.241609,,2575.0423,117.79694556661114,100.0,,0.0,0.0,0.0,0.0,0.0,13617.496472834,0,0,0,0,0,0,0,0,0,0,0,0,0,0,0,0,0,0,0,0,72,86,68,72,0.0,0.0,0.0,0.0,0.0,-56.35,snapshot,,,,,,,/home/runner/work/Solana-Memecoin-Analysis/Solana-Memecoin-Analysis/data/cache/2026-10-08/001227086192_multi_pools_b82d409c7e8f.json,2
2026-10-08T00:05:26.425711+00:00,7Rwremwz8qSYwVZ3sUz3QEbn313yShjd9fq8NaAmQMYg,solana,Pump.fun,HWL6wmZfu1cNGfsvixfnFNjLw2uc1pAhaLMB4Jinpump,WG,So11111111111111111111111111111111111111112,SOL,2026-10-07T09:22:00Z,8.541404521498387e-08,170.82809042,,70.8678,118.1088453145695,100.0,,0.0,0.0,0.0,0.0,0.0,2103.9559448235,0,0,0,0,0,0,0,0,0,0,0,0,0,0,0,0,0,0,0,0,100,99,10,10,0.0,0.0,0.0,0.0,0.0,-97.495,snapshot,,,,,,,/home/runner/work/Solana-Memecoin-Analysis/Solana-Memecoin-Analysis/data/cache/2026-10-08/001227086192_multi_pools_b82d409c7e8f.json,2
2026-10-08T00:05:26.425711+00:00,8cpuXMtFq6qUAPFnDDg4vTMShBH18Z5ArszgvfXw27Vz,solana,Pump.fun,EVVapAYaEWX6NJRVSWQ2jMh8PE9wn2JXnMbfRAjapump,INUX,So11111111111111111111111111111111111111112,SOL,2026-10-07T09:29:52Z,1.6224999719035573e-06,3244.999944,,1257.8226,118.10907235410254,,,0.0,0.0,0.0,0.0,0.0,120.8402551442,0,0,0,0,0,0,0,0,0,0,0,0,0,0,0,0,0,0,0,0,30,30,5,5,0.0,0.0,0.0,0.0,0.0,-51.16,snapshot,,,,,,,/home/runner/work/Solana-Memecoin-Analysis/Solana-Memecoin-Analysis/data/cache/2026-10-08/001227086192_multi_pools_b82d409c7e8f.json,2
2026-10-08T00:05:26.425711+00:00,Dvu5sgZ6GgvtbP3SsX2bTCEHdQGEVkrLrQwN1r7WFnF8,solana,PumpSwap,2rzXWZZuuMPh84mZeacWrrWxbenwbHoXDnhfNnevBpMq,Lucky-Cat,So11111111111111111111111111111111111111112,SOL,2026-10-07T09:29:47Z,0.00047661593082317397,1188485.00429238,,0.004866471364,117.89681286506118,7.34686333531322e-10,,0.0,0.0,0.0,0.0,0.0,18355.0755462458,0,0,0,0,0,0,0,0,0,0,0,0,0,0,0,0,0,0,0,0,451,135,398,75,0.0,0.0,0.0,0.0,0.0,4689.158,snapshot,,,,,,,/home/runner/work/Solana-Memecoin-Analysis/Solana-Memecoin-Analysis/data/cache/2026-10-08/001227086192_multi_pools_b82d409c7e8f.json,2
2026-10-08T00:05:26.425711+00:00,HmiyvnxiDGJ3oJCjUCjUa95WkYjMAiJSb1RaG7Nvt29n,solana,Pump.fun,9rHu1tD24EYfWd2ix8HEG8DVgZpctrShoLHneZYdpump,Nirvana,So11111111111111111111111111111111111111112,SOL,2026-10-07T09:29:32Z,3.2997868505296087e-06,3299.786851,,2574.1832,118.0342903200301,100.0,,0.0,0.0,0.0,0.0,0.0,0.002331177234,0,0,0,0,0,0,0,0,0,0,0,0,0,0,0,0,0,0,0,0,1,1,1,1,0.0,0.0,0.0,0.0,0.0,-0.02,snapshot,,,,,,,/home/runner/work/Solana-Memecoin-Analysis/Solana-Memecoin-Analysis/data/cache/2026-10-08/001227086192_multi_pools_b82d409c7e8f.json,2
2026-10-08T00:05:26.425711+00:00,35FhXkCYPkk2xu3VU8T4kmfWthPdRLoEiDTBHH6WPKeT,solana,PumpSwap,HxwDaMuQxAge9fnBzbvBZNgpma13bEmG89fjVxvqpump,greg,So11111111111111111111111111111111111111112,SOL,2026-10-07T09:29:32Z,6.284125836122599e-05,62888.97523,,6.271527332e-07,117.91764298840349,2.34751595708782e-09,,0.0,0.0,0.0,0.0,0.0,2620.3492788959,0,0,0,0,0,0,0,0,0,0,0,0,0,0,0,0,0,0,0,0,1840,212,212,127,0.0,0.0,0.0,0.0,0.0,36.129,snapshot,,,,,,,/home/runner/work/Solana-Memecoin-Analysis/Solana-Memecoin-Analysis/data/cache/2026-10-08/001227086192_multi_pools_b82d409c7e8f.json,2
2026-10-08T00:05:26.425711+00:00,F9ZCQ3KJMYbmjNJrALhtqRMEUCdu6rzCa8thtPtasdrQ,solana,Meteora DAMM V2,HxwDaMuQxAge9fnBzbvBZNgpma13bEmG89fjVxvqpump,greg,So11111111111111111111111111111111111111112,SOL,2026-10-07T09:29:31Z,0.00048786762845186364,44780.00204,,0.000190639624822245,118.0342903200301,100.0,,0.0,0.0,0.0,0.0,0.0,0.1230533447,0,0,0,0,0,0,0,0,0,0,0,0,0,0,0,0,0,0,0,0,11,6,8,3,0.0,0.0,0.0,0.0,0.0,-93.682,snapshot,,,,,,,/home/runner/work/Solana-Memecoin-Analysis/Solana-Memecoin-Analysis/data/cache/2026-10-08/001242081460_multi_pools_57511f05e953.json,2
2026-10-08T00:05:26.425711+00:00,A4Etybi6vA6WAUoguxkh6etMnm12RmDAjNwqmUUr7mH4,solana,Pump.fun,HbZ39gr1ALKjepQ1KDqW726hLWiF5nfgYXHm1R5xpump,USDF,So11111111111111111111111111111111111111112,SOL,2026-10-07T09:29:30Z,3.299542979752316e-06,3299.54298,,2577.3643,117.87998377516365,100.0,,0.0,0.0,0.0,0.0,0.0,1546.3475310669,0,0,0,0,0,0,0,0,0,0,0,0,0,0,0,0,0,0,0,0,10,6,4,4,0.0,0.0,0.0,0.0,0.0,-14.203,snapshot,,,,,,,/home/runner/work/Solana-Memecoin-Analysis/Solana-Memecoin-Analysis/data/cache/2026-10-08/001242081460_multi_pools_57511f05e953.json,2
2026-10-08T00:05:26.425711+00:00,93rJrMFmZYB1bQgSvBqDXVW8V3mgx6Pk3CS2nRMnEvxA,solana,Meteora DAMM V2,8BN2rgXMqw4cUZX6Q6ojMwPMxcPXmdodSYspkmY3LmEr,CALLCAT,So11111111111111111111111111111111111111112,SOL,2026-10-07T09:29:30Z,0.0004059913800314056,312827.36346812,,0.000163547870855126,118.0342903200301,100.0,,0.0,0.0,0.0,0.0,0.0,0.1065318019,0,0,0,0,0,0,0,0,0,0,0,0,0,0,0,0,0,0,0,0,9,6,7,3,0.0,0.0,0.0,0.0,0.0,-42.69,snapshot,,,,,,,/home/runner/work/Solana-Memecoin-Analysis/Solana-Memecoin-Analysis/data/cache/2026-10-08/001242081460_multi_pools_57511f05e953.json,2
2026-10-08T00:05:26.425711+00:00,2UuoqjCkrgGCGs4mvhGcSf4RYz7dcwjvvnpur9iQbcn2,solana,PumpSwap,41u7bk35CysePwm8r5WBKyfYxDqLW2BhfGLw1gQ4pump,AI,So11111111111111111111111111111111111111112,SOL,2026-10-07T09:35:45Z,1.8199217241712262e-09,2.044212106,,3.4482,116.18687424871989,100.0,,0.0,0.0,0.0,0.0,0.5795064346,29.1708180588,0,0,0,0,0,0,0,0,0,0,0,0,0,0,0,0,0,3,0,3,25,22,15,14,0.0,0.0,0.0,0.0,0.0,-94.135,snapshot,,,,,,,/home/runner/work/Solana-Memecoin-Analysis/Solana-Memecoin-Analysis/data/cache/2026-10-08/001242081460_multi_pools_57511f05e953.json,2
2026-10-08T00:05:26.425711+00:00,M1QdBoQvrmRBf8huRP2XwoUsqeehkCXtBYJnYUuctaE,solana,Pump.fun,3jevdMxeDnYMKYqQ4Fo5PdPturoUBb9v1kuCGjAnpump,2049,So11111111111111111111111111111111111111112,SOL,2026-10-07T09:35:44Z,3.261583974802468e-06,3261.583975,,2581.6228,116.32490401643034,,,0.0,0.0,0.0,0.006545951324,0.006545951324,833.9805991777,0,0,0,0,0,0,0,0,0,0,0,0,1,0,1,0,1,0,1,0,9,7,7,7,0.0,0.0,0.0,0.0,0.0,-7.559,snapshot,,,,,,,/home/runner/work/Solana-Memecoin-Analysis/Solana-Memecoin-Analysis/data/cache/2026-10-08/001242081460_multi_pools_57511f05e953.json,2
2026-10-08T00:05:26.425711+00:00,DZNsach8xbjespQZTrXh39GpuQDbNZtcg7EBvNPTx8HS,solana,Pump.fun,78hLb1BT9TxGidEwpsMZLWu4YApEpg3JwEu6V93fpump,sol,So11111111111111111111111111111111111111112,SOL,2026-10-07T09:35:39Z,7.73644036285396e-06,15472.880726,,5978.5207,117.79668242035588,,,0.0,0.0,0.0,0.0,0.0,439.091371582,0,0,0,0,0,0,0,0,0,0,0,0,0,0,0,0,0,0,0,0,25,24,4,4,0.0,0.0,0.0,0.0,0.0,134.049,snapshot,,,,,,,/home/runner/work/Solana-Memecoin-Analysis/Solana-Memecoin-Analysis/data/cache/2026-10-08/001242081460_multi_pools_57511f05e953.json,2
2026-10-08T00:05:26.425711+00:00,H1UdDSoAErZQnPvZwpBEBuHD3c9PWirtFZkiVjm9MNo,solana,Meteora DAMM V2,DfsoCiqwGGJPACptcFXjoUmQk1CqeRm93egdNbZJwpVf,大福,So11111111111111111111111111111111111111112,SOL,2026-10-07T09:35:19Z,1.1976005139804029e-05,11973.0779672818,,1.061090625e-06,117.75936354698489,,,0.0,0.0,0.0,0.0,0.0,1318.5299487807,0,0,0,0,0,0,0,0,0,0,0,0,0,0,0,0,0,0,0,0,38,5,28,5,0.0,0.0,0.0,0.0,0.0,19.51,snapshot,,,,,,,/home/runner/work/Solana-Memecoin-Analysis/Solana-Memecoin-Analysis/data/cache/2026-10-08/001242081460_multi_pools_57511f05e953.json,2
2026-10-08T00:05:26.425711+00:00,BKTMkwhwPxutBziHPtxF7C6DcFZhtB1MT1kmKitumCgA,solana,Meteora DBC,3VjvNexzDpo6v2Gky2EPEKjZP3bVjrfYGcWysb5ci7cj,JARVCOPING,So11111111111111111111111111111111111111112,SOL,2026-10-07T09:35:13Z,2.3683659702844456e-06,2320.534762,,1098.0217,117.79939306449678,,,0.0,0.0,0.0,0.0,0.0,487.3406611447,0,0,0,0,0,0,0,0,0,0,0,0,0,0,0,0,0,0,0,0,74,0,74,0,0.0,0.0,0.0,0.0,0.0,396.431,snapshot,,,,,,,/home/runner/work/Solana-Memecoin-Analysis/Solana-Memecoin-Analysis/data/cache/2026-10-08/001242081460_multi_pools_57511f05e953.json,2
2026-10-08T00:05:26.425711+00:00,4Kii7JrqcBTtUCG7WssDWYibTDEDEmG4bSEj41dv9wAG,solana,Pump.fun,GrtizuH2dpuJ8tcf77HgkkmWUwdtQJv1TXZbTwsjpump,ALONH,So11111111111111111111111111111111111111112,SOL,2026-10-07T09:35:09Z,3.296581745538818e-06,3296.581746,,2574.5315,117.90385882750782,,,0.0,0.0,0.0,0.0,0.0,0.1164480999,0,0,0,0,0,0,0,0,0,0,0,0,0,0,0,0,0,0,0,0,1,0,1,0,0.0,0.0,0.0,0.0,0.0,0.0,snapshot,,,,,,,/home/runner/work/Solana-Memecoin-Analysis/Solana-Memecoin-Analysis/data/cache/2026-10-08/001242081460_multi_pools_57511f05e953.json,2
2026-10-08T00:05:26.425711+00:00,8ggaYEevQLWFRbkMf8NWpiHxsSJ3Qj6Caimn147vSnNp,solana,Pump.fun,CFUeqrf6MegugX5GdZ8rSzk3aPLkoRjFz3CFHePFpump,Athena,So11111111111111111111111111111111111111112,SOL,2026-10-07T09:49:58Z,2.5086535180045015e-06,5017.307036,,1961.1486,117.73910371832778,100.0,,0.0,0.0,0.0,0.0,0.0,41.4228929838,0,0,0,0,0,0,0,0,0,0,0,0,0,0,0,0,0,0,0,0,14,9,3,2,0.0,0.0,0.0,0.0,0.0,-23.97,snapshot,,,,,,,/home/runner/work/Solana-Memecoin-Analysis/Solana-Memecoin-Analysis/data/cache/2026-10-08/001242081460_multi_pools_57511f05e953.json,2
2026-10-08T00:05:26.425711+00:00,7PfMk67KFfL8LZHfTG9AuNVKQQdTuFuhh9KztsEr6WpT,solana,Pump.fun,BJ9tLfxZsCwyev83Nj2sngcvicpWot9jQ6rfdpUnpump,ODYSSEY,So11111111111111111111111111111111111111112,SOL,2026-10-07T09:49:51Z,1.0858542132022445e-06,2171.708426,,849.4038,117.75770236224066,100.0,,0.0,0.0,0.0,0.0,0.0,32.1836945388,0,0,0,0,0,0,0,0,0,0,0,0,0,0,0,0,0,0,0,0,15,14,3,3,0.0,0.0,0.0,0.0,0.0,-68.887,snapshot,,,,,,,/home/runner/work/Solana-Memecoin-Analysis/Solana-Memecoin-Analysis/data/cache/2026-10-08/001242081460_multi_pools_57511f05e953.json,2
2026-10-08T00:05:26.425711+00:00,47c8iJt7tkUtez78cBMB4j5xTffvDM6ZZuWzZpTfifGn,solana,Pump.fun,34CWuGe6DFveWEWsF1bHLKNqLWhshrowtgYpCgCbpump,THIRST,So11111111111111111111111111111111111111112,SOL,2026-10-07T09:49:49Z,3.3765716537311444e-06,3376.571654,,2679.2426,115.98208213980816,100.0,,0.0,0.0,0.0,0.0,0.0,8137.1629990857,0,0,0,0,0,0,0,0,0,0,0,0,0,0,0,0,0,0,0,0,83,66,57,56,0.0,0.0,0.0,0.0,0.0,-17.283,snapshot,,,,,,,/home/runner/work/Solana-Memecoin-Analysis/Solana-Memecoin-Analysis/data/cache/2026-10-08/001242081460_multi_pools_57511f05e953.json,2
2026-10-08T00:05:26.425711+00:00,Pf4Sir78MjGEbaaPxeoZ8si5VVSQN2HTGeK39wFPxb5,solana,PumpSwap,2pKPbPXgfZasS21ZkHGuGNsx52Mk2Y3r9RPzuwqYdia2,FROGMAN,So11111111111111111111111111111111111111112,SOL,2026-10-07T09:49:41Z,4.027101112909302e-07,402.710110927,,0.003598337708,117.70800758210665,2.45312847731135e-09,,0.0,0.0,0.0,0.0,0.0,606182.803484888,0,0,0,0,0,0,0,0,0,0,0,0,0,0,0,0,0,0,0,0,2251,1584,1059,132,0.0,0.0,0.0,0.0,0.0,-99.253,snapshot,,,,,,,/home/runner/work/Solana-Memecoin-Analysis/Solana-Memecoin-Analysis/data/cache/2026-10-08/001242081460_multi_pools_57511f05e953.json,2
2026-10-08T00:05:26.425711+00:00,7e2jprFZyGr5gqE8z89NdtqJkQe1bt6SHPT47u43rv2f,solana,Meteora DBC,2pKPbPXgfZasS21ZkHGuGNsx52Mk2Y3r9RPzuwqYdia2,FROGMAN,So11111111111111111111111111111111111111112,SOL,2026-10-07T09:49:31Z,2.9449171968554827e-10,0.2944917194,,0.0,117.73823417906881,,,0.0,0.0,0.0,0.0,0.0,0.05860450041,0,0,0,0,0,0,0,0,0,0,0,0,0,0,0,0,0,0,0,0,1,0,1,0,0.0,0.0,0.0,0.0,0.0,0.0,snapshot,,,,,,,/home/runner/work/Solana-Memecoin-Analysis/Solana-Memecoin-Analysis/data/cache/2026-10-08/001242081460_multi_pools_57511f05e953.json,2
2026-10-08T00:05:26.425711+00:00,4ELU5BUzTMwhnSa2bQE2bHscG2jhZbJWKdDvLLhx9eww,solana,Orca,AM7asgxwhY6HUfa37b1uYYFdcFTrWznSdn22oHq7gaqE,ZEC,Es9vMFrzaCERmJfrF4H2FYD4KCoNkY11McCe8BenwNYB,USDT,2026-10-07T09:49:28Z,1312.2906777289884,131229067772.9,,15018230.2231,1.0016206391740876,0.0,,0.0,0.0,0.0,0.0,0.0,2002.263830149,0,0,0,0,0,0,0,0,0,0,0,0,0,0,0,0,0,0,0,0,3,0,2,0,0.0,0.0,0.0,0.0,0.0,-0.313,snapshot,,,,,,,/home/runner/work/Solana-Memecoin-Analysis/Solana-Memecoin-Analysis/data/cache/2026-10-08/001242081460_multi_pools_57511f05e953.json,2
2026-10-08T00:05:26.425711+00:00,FCRnkE7oa7pF66M1sKG6ZMc1Eed9vrqxyDV6HuSt68YZ,solana,Meteora DBC,FJyZ9MkQH8LpGPrZzubkgjhamXgrTbTr88u2a5zJhbsA,ANY,So11111111111111111111111111111111111111112,SOL,2026-10-07T09:59:58Z,1.2693234417357142e-07,126.9323442,,163.3071,117.74041163348072,,,0.0,0.0,0.0,0.0,0.0,15031.7154532776,0,0,0,0,0,0,0,0,0,0,0,0,0,0,0,0,0,0,0,0,112,37,49,31,0.0,0.0,0.0,0.0,0.0,-96.662,snapshot,,,,,,,/home/runner/work/Solana-Memecoin-Analysis/Solana-Memecoin-Analysis/data/cache/2026-10-08/001242081460_multi_pools_57511f05e953.json,2
2026-10-08T00:05:26.425711+00:00,4Hho9q7VE5JjoTDcjPdrS33HGckd6tB7cRnaJq1Zo8oM,solana,Pump.fun,A4WA8xLkWx8CMdGeqmJthnB4ivr9ySJUAmq8vTJspump,Princess,So11111111111111111111111111111111111111112,SOL,2026-10-07T09:59:56Z,3.3394238256566636e-06,3339.423826,,2615.2712,117.57541238860821,,,0.0,0.0,0.0,0.0,0.0,952.6895458585,0,0,0,0,0,0,0,0,0,0,0,0,0,0,0,0,0,0,0,0,6,11,6,11,0.0,0.0,0.0,0.0,0.0,-15.431,snapshot,,,,,,,/home/runner/work/Solana-Memecoin-Analysis/Solana-Memecoin-Analysis/data/cache/2026-10-08/001242081460_multi_pools_57511f05e953.json,2
2026-10-08T00:05:26.425711+00:00,3ZDwRnQ1sr137BEc5V2uV1EVm7o5qaMaQxGbi8uc87Bg,solana,Pump.fun,ALJzkwu2KGaGTPoMCeBoegGMpueTYaSmsM4BQJZ7nSc1,FROGMAN,So11111111111111111111111111111111111111112,SOL,2026-10-07T09:59:54Z,3.2908994909992615e-06,3290.899491,,2574.5315,117.70077428913373,,,0.0,0.0,0.0,0.0,0.0,0.2513196183,0,0,0,0,0,0,0,0,0,0,0,0,0,0,0,0,0,0,0,0,2,2,2,2,0.0,0.0,0.0,0.0,0.0,0.05,snapshot,,,,,,,/home/runner/work/Solana-Memecoin-Analysis/Solana-Memecoin-Analysis/data/cache/2026-10-08/001242081460_multi_pools_57511f05e953.json,2
2026-10-08T00:05:26.425711+00:00,46GJ7EYS7nQX1VJCbmEBe3jyKbPkjBeaD3uqfrFQqM6Y,solana,Pump.fun,9AedsqHe4mdqG1yrX3D5K8AGFrVanX5wqaxzyWdnpump,FERSPE,So11111111111111111111111111111111111111112,SOL,2026-10-07T09:59:39Z,2.314544289720552e-06,4629.08858,,1793.4993,117.64471548603595,,,0.0,0.0,0.0,0.0,0.0,306.7714506487,0,0,0,0,0,0,0,0,0,0,0,0,0,0,0,0,0,0,0,0,12,12,6,5,0.0,0.0,0.0,0.0,0.0,-30.798,snapshot,,,,,,,/home/runner/work/Solana-Memecoin-Analysis/Solana-Memecoin-Analysis/data/cache/2026-10-08/001242081460_multi_pools_57511f05e953.json,2
2026-10-08T00:05:26.425711+00:00,9t557WGmRRE9agz1EF2fwEnimBjptzFkvvczdAUEJB2g,solana,Meteora DBC,7fTNBqT4gLJz2Lc5hHwdVWuFE8nZa8b81wcA1SQng1r6,PLAGUELOVE,So11111111111111111111111111111111111111112,SOL,2026-10-07T10:09:03Z,7.65636975300257e-07,765.6369753,,766.7115,117.61103728359112,,,0.0,0.0,0.0,0.0,0.0,5347.4666768496,0,0,0,0,0,0,0,0,0,0,0,0,0,0,0,0,0,0,0,0,226,211,226,208,0.0,0.0,0.0,0.0,0.0,-24.924,snapshot,,,,,,,/home/runner/work/Solana-Memecoin-Analysis/Solana-Memecoin-Analysis/data/cache/2026-10-08/001242081460_multi_pools_57511f05e953.json,2
2026-10-08T00:05:26.425711+00:00,GJCQfrQ2UvZxeULaRf9xFk1snNjUyvkJcU47y2WtkDUh,solana,Pump.fun,9sVnQxhM65vBMFpZXePY7wipxthR3BYM7rxcTRVVpump,WIZARDS,So11111111111111111111111111111111111111112,SOL,2026-10-07T10:08:56Z,3.2806031172904457e-06,3280.603117,,2576.1409,117.33237537140883,100.0,,0.0,0.0,0.0,0.0,0.0,0.1158836725,0,0,0,0,0,0,0,0,0,0,0,0,0,0,0,0,0,0,0,0,1,0,1,0,0.0,0.0,0.0,0.0,0.0,0.0,snapshot,,,,,,,/home/runner/work/Solana-Memecoin-Analysis/Solana-Memecoin-Analysis/data/cache/2026-10-08/001242081460_multi_pools_57511f05e953.json,2
2026-10-08T00:05:26.425711+00:00,22rMwd1aScbqbB2TB426RTGYiBVqtDFNzHZeheAo6AmV,solana,Pump.fun,8RXAJqQpWaaTJkc6QvePsvT9RN1QKDhi4P7DyPGVxQJj,TRUTH,So11111111111111111111111111111111111111112,SOL,2026-10-07T10:08:44Z,3.2933284827652727e-06,3293.328483,,2574.6011,117.78432969475686,100.0,,0.0,0.0,0.0,0.0,0.0,2071.2747235879,0,0,0,0,0,0,0,0,0,0,0,0,0,0,0,0,0,0,0,0,13,15,13,13,0.0,0.0,0.0,0.0,0.0,-19.886,snapshot,,,,,,,/home/runner/work/Solana-Memecoin-Analysis/Solana-Memecoin-Analysis/data/cache/2026-10-08/001242081460_multi_pools_57511f05e953.json,2
2026-10-08T00:05:26.425711+00:00,jj3WnaXd1vn7uZKs2gqsN8T7wDDe2zTsBZQjhvVBkTs,solana,Pump.fun,BiSW12dbWXwmWpduz2nM72BPetLuC8VxjQGLHBU6pump,beer,So11111111111111111111111111111111111111112,SOL,2026-10-07T10:08:39Z,4.754381139367775e-06,9508.762278,,3687.9249,117.33237537140883,,,0.0,0.0,0.0,0.0,0.0,174.6121634291,0,0,0,0,0,0,0,0,0,0,0,0,0,0,0,0,0,0,0,0,20,19,5,5,0.0,0.0,0.0,0.0,0.0,44.798,snapshot,,,,,,,/home/runner/work/Solana-Memecoin-Analysis/Solana-Memecoin-Analysis/data/cache/2026-10-08/001242081460_multi_pools_57511f05e953.json,2
2026-10-08T00:05:26.425711+00:00,Evic4wVdxBbAXZGQxVxKpTXGxiqBANVHfcSDqZb5AFLg,solana,Pump.fun,C3LAreBS4C3wiTSQ8Lzqmtx2ozifaY8ZGqpH1yP3pump,龙虾,So11111111111111111111111111111111111111112,SOL,2026-10-07T10:08:37Z,5.891293226082684e-07,1178.2586452,,461.976,117.55571091439788,,,0.0,0.0,0.0,0.0,0.0,90.2448860123,0,0,0,0,0,0,0,0,0,0,0,0,0,0,0,0,0,0,0,0,34,42,4,4,0.0,0.0,0.0,0.0,0.0,-82.055,snapshot,,,,,,,/home/runner/work/Solana-Memecoin-Analysis/Solana-Memecoin-Analysis/data/cache/2026-10-08/001242081460_multi_pools_57511f05e953.json,2
2026-10-08T00:05:26.425711+00:00,5NDn4ejDs85K7EjFMjAMNPSu7SHm8TuZC6uL5QSNqoPh,solana,StonkFun,2dXmhQLKY7DeRY5Q2yyZHtdyoBt9NybWoAzhF1DTHbps,LALALA,Xs3eBt7uRfJX8QUs4suhyU8p2M6DoUDrJyWBa8LLZsg,AMZNx,2026-10-07T10:18:00Z,3.276934827485617e-06,3276.934827,,3290.3731,257.307627604869,100.0,,0.0,0.0,0.0,0.0,0.0,6403.1982716977,0,0,0,0,0,0,0,0,0,0,0,0,0,0,0,0,0,0,0,0,17,21,17,18,0.0,0.0,0.0,0.0,0.0,-37.907,snapshot,,,,,,,/home/runner/work/Solana-Memecoin-Analysis/Solana-Memecoin-Analysis/data/cache/2026-10-08/001242081460_multi_pools_57511f05e953.json,2
2026-10-08T00:05:26.425711+00:00,3MLJeLMkaYY2Yq9ru2BpY5DzMbeddMSvNeqWnTJiFBuw,solana,Meteora DBC,7FK4TkHtVD2Hz7687WMsemuunHjfwXdqSQSMVBz5PHuy,FROGMAN,So11111111111111111111111111111111111111112,SOL,2026-10-07T10:17:52Z,2.938974158498106e-10,0.2938901516,,0.0,117.50063060821013,,,0.0,0.0,0.0,0.0,0.0,0.05848623264,0,0,0,0,0,0,0,0,0,0,0,0,0,0,0,0,0,0,0,0,1,0,1,0,0.0,0.0,0.0,0.0,0.0,0.0,snapshot,,,,,,,/home/runner/work/Solana-Memecoin-Analysis/Solana-Memecoin-Analysis/data/cache/2026-10-08/001242081460_multi_pools_57511f05e953.json,2
2026-10-08T00:05:26.425711+00:00,bCYxtsY4Y1ffg8hiaS6mg2opxJ1YgnrAjbwMMpN4pgg,solana,Pump.fun,G8Sr8c9YCqwRqW6mizE9e4LQCWPXUce51J47AyTRpump,mayhem,So11111111111111111111111111111111111111112,SOL,2026-10-07T10:17:49Z,3.815505906663584e-07,763.1011814,,302.6627,116.39918007355415,100.0,,0.0,0.0,0.0,0.0,0.0,103.9933583202,0,0,0,0,0,0,0,0,0,0,0,0,0,0,0,0,0,0,0,0,37,40,4,4,0.0,0.0,0.0,0.0,0.0,-88.416,snapshot,,,,,,,/home/runner/work/Solana-Memecoin-Analysis/Solana-Memecoin-Analysis/data/cache/2026-10-08/001242081460_multi_pools_57511f05e953.json,2
2026-10-08T00:05:26.425711+00:00,CVxtp5kKKmx6ucqJQtJS4PmXXnw2D6fxo3WZmEp5gekS,solana,Pump.fun,98RBh77etv86mexxm8DjBVWTdMe6PXYZN1dKNLNgpump,Ɔ┴q,So11111111111111111111111111111111111111112,SOL,2026-10-07T10:24:55Z,3.2590470588004854e-06,3259.047059,,2586.2344,116.0338678710472,100.0,,0.0,0.0,0.0,0.0,0.0,31640.5396492659,0,0,0,0,0,0,0,0,0,0,0,0,0,0,0,0,0,0,0,0,364,335,225,241,0.0,0.0,0.0,0.0,0.0,-55.851,snapshot,,,,,,,/home/runner/work/Solana-Memecoin-Analysis/Solana-Memecoin-Analysis/data/cache/2026-10-08/001242081460_multi_pools_57511f05e953.json,2
2026-10-08T00:05:26.425711+00:00,9mEoaZJ8SJuJCZkvQH1sJJLUHBVcWxoP673awX3T22hC,solana,Pump.fun,Hc9BknYuEm3RygCQ9MCrDf9VME8wTyLHQLsYkca8pump,Obimach,So11111111111111111111111111111111111111112,SOL,2026-10-07T10:24:45Z,8.40293406517759e-06,16805.86813,,6478.2526,117.78409317191678,,,0.0,0.0,0.0,0.0,0.0,210.7901819391,0,0,0,0,0,0,0,0,0,0,0,0,0,0,0,0,0,0,0,0,23,13,3,3,0.0,0.0,0.0,0.0,0.0,150.869,snapshot,,,,,,,/home/runner/work/Solana-Memecoin-Analysis/Solana-Memecoin-Analysis/data/cache/2026-10-08/001242081460_multi_pools_57511f05e953.json,2
2026-10-08T00:05:26.425711+00:00,HdN3LoaQ3xgDU3fnxQoMamEBaayad8FnHJfrAKbEVQ3u,solana,Meteora DBC,3uBGn1VpoS3Cxmu7FxrXcGSjnR1V9QjkeghqmhQGZAAe,FROGMAN,So11111111111111111111111111111111111111112,SOL,2026-10-07T10:24:41Z,4.6996422191222624e-05,46996.42219,,0.0,117.80610206396487,,,0.0,0.0,0.0,0.0,0.0,11215.3701185392,0,0,0,0,0,0,0,0,0,0,0,0,0,0,0,0,0,0,0,0,146,147,112,107,0.0,0.0,0.0,0.0,0.0,24.995,snapshot,,,,,,,/home/runner/work/Solana-Memecoin-Analysis/Solana-Memecoin-Analysis/data/cache/2026-10-08/001242081460_multi_pools_57511f05e953.json,2
