request_timestamp_utc,pool_address,network,dex,base_token_address,base_token_symbol,quote_token_address,quote_token_symbol,pool_created_at,price_usd,fdv_usd,market_cap_usd,reserve_usd,volume_usd_m5,volume_usd_h1,volume_usd_h24,buys_m5,sells_m5,buyers_m5,sellers_m5,buys_h1,sells_h1,buyers_h1,sellers_h1,buys_h24,sells_h24,buyers_h24,sellers_h24,source,ohlcv_timeframe,ohlcv_open,ohlcv_high,ohlcv_low,ohlcv_close,ohlcv_volume,raw_cache_path
2026-09-26T01:46:22.972447+00:00,9PYormkWiWYAALGWkNNBjSEqKk79HPoRaLgQhMfY4fuv,solana,PumpSwap,HSUMi4rMgjrx7zRUabw3ogGu1pa5hmF2eVcXj9Apump,goon,HiMSSzzwkZkrXJ4PGVJRdtfLaANeAztjjcgk5Dxe7Lwx,HIMS,2026-09-23T22:34:24Z,0.0009980210714915154,975234.025523276,975234.113364104,116931.498,7.8913075215,43736.5919998515,1268413.80140835,0,1,0,1,101,201,63,153,5358,4412,1889,2211,snapshot,,,,,,,/home/runner/work/Solana-Memecoin-Analysis/Solana-Memecoin-Analysis/data/cache/2026-09-26/014631343042_multi_pools_e324bdde1531.json
2026-09-26T01:46:22.972447+00:00,ENiVH49XwRM3Cu9n4Tp6CGynCFXf3Mz6CE3GRmVk1LH4,solana,PumpSwap,2PENPmfgJfq6CG3k4byj4oWwHf8SerqakmYHMkUupump,familiars,So11111111111111111111111111111111111111112,SOL,2026-09-23T23:22:54Z,0.0004170266708385412,399187.23844681,399187.241832066,72762.3462,1118.8628855343,63931.6390207414,1445829.11422674,6,21,4,16,333,282,204,175,7477,8279,3231,3669,snapshot,,,,,,,/home/runner/work/Solana-Memecoin-Analysis/Solana-Memecoin-Analysis/data/cache/2026-09-26/014631343042_multi_pools_e324bdde1531.json
2026-09-26T01:46:22.972447+00:00,72tZoSAHAutvD7dP2fNC56aASLxbPXro9jBPohZ8aAvY,solana,PumpSwap,2jcvq8QcJ8TzEYJKYMCjR61kXVSzib4mEkz89tQxpump,GIGACAT,So11111111111111111111111111111111111111112,SOL,2026-09-23T08:32:21Z,2.2837786857090232e-05,22157.8483385626,22157.8483385626,13897.3628,0.818749422,299.3314402723,85665.5335756519,0,1,0,1,10,9,8,9,1186,1027,453,608,snapshot,,,,,,,/home/runner/work/Solana-Memecoin-Analysis/Solana-Memecoin-Analysis/data/cache/2026-09-26/014631343042_multi_pools_e324bdde1531.json
2026-09-26T01:46:22.972447+00:00,EFJbuTaAjRHW5pXTnhEMwDYATKAphWdTCwutEYtSKZz7,solana,PumpSwap,VE3wnqYJuMCipXQZ3drSx9ewsP7F3C85te1PatfuK2m,Charm,So11111111111111111111111111111111111111112,SOL,2026-09-24T06:14:04Z,0.04805902976427668,48059029.76,,49214.8813,0.0,0.0,0.0,0,0,0,0,0,0,0,0,0,0,0,0,snapshot,,,,,,,/home/runner/work/Solana-Memecoin-Analysis/Solana-Memecoin-Analysis/data/cache/2026-09-26/014631343042_multi_pools_e324bdde1531.json
2026-09-26T01:46:22.972447+00:00,5SHG5FRKiMHy91jRAsKWCA9omPKfrJ3XeWZ1YcND8MSi,solana,Pump.fun,C2oGedZFVU5LktAsmzCsiKZLVG9pzh7WMBx6AQiepump,BABYARCHI,So11111111111111111111111111111111111111112,SOL,2026-09-24T06:13:57Z,3.2548719058145577e-06,3254.871906,,2719.9927,0.0,0.0,0.0,0,0,0,0,0,0,0,0,0,0,0,0,snapshot,,,,,,,/home/runner/work/Solana-Memecoin-Analysis/Solana-Memecoin-Analysis/data/cache/2026-09-26/014631343042_multi_pools_e324bdde1531.json
2026-09-26T01:46:22.972447+00:00,GcRCV4vcTRXJBYhftFQKXU2YRoBzyKpqV8ixvB59giT4,solana,Meteora DBC,VE3wnqYJuMCipXQZ3drSx9ewsP7F3C85te1PatfuK2m,Charm,So11111111111111111111111111111111111111112,SOL,2026-09-24T06:13:54Z,5.181354422532327e-11,0.05181354423,,0.0,0.0,0.0,0.0,0,0,0,0,0,0,0,0,0,0,0,0,snapshot,,,,,,,/home/runner/work/Solana-Memecoin-Analysis/Solana-Memecoin-Analysis/data/cache/2026-09-26/014631343042_multi_pools_e324bdde1531.json
2026-09-26T01:46:22.972447+00:00,NvcJxLom5u4vqxAcScU8G7ewbXuC8EDZrpnMonZYRXr,solana,PumpSwap,64RaNxuCEM8STGZCkkpuwfVSEgenzixfUkq7eVh7777,SPCXx,So11111111111111111111111111111111111111112,SOL,2026-09-24T06:13:19Z,6.215267765838451e-05,62152.67766,,6.064995642e-07,0.0,0.0,0.0,0,0,0,0,0,0,0,0,0,0,0,0,snapshot,,,,,,,/home/runner/work/Solana-Memecoin-Analysis/Solana-Memecoin-Analysis/data/cache/2026-09-26/014631343042_multi_pools_e324bdde1531.json
2026-09-26T01:46:22.972447+00:00,5SgLkVZSUE4ByHcG8Tt23wH9kXwFTfguUL7hrt37sanQ,solana,Meteora DAMM V2,64RaNxuCEM8STGZCkkpuwfVSEgenzixfUkq7eVh7777,SPCXx,So11111111111111111111111111111111111111112,SOL,2026-09-24T06:13:16Z,2.7251347165420364e-05,27251.34717,,0.000225751857732422,0.0,0.0,0.0,0,0,0,0,0,0,0,0,0,0,0,0,snapshot,,,,,,,/home/runner/work/Solana-Memecoin-Analysis/Solana-Memecoin-Analysis/data/cache/2026-09-26/014631343042_multi_pools_e324bdde1531.json
2026-09-26T01:46:22.972447+00:00,3odkxoFB7KvujaRFoLbCQbbZv93R9njJr9KQTH5cKDKT,solana,PumpSwap,82ezhRLKdKwkSC9jkM3js1yf93VbmvLXNMPkBmompump,SI,So11111111111111111111111111111111111111112,SOL,2026-09-24T04:07:42Z,0.00016904337398635243,165030.745059454,165030.745059454,41897.3253,1260.1943276168,5971.337846929,569584.814673992,24,5,24,5,82,71,60,54,6649,8102,2797,3070,snapshot,,,,,,,/home/runner/work/Solana-Memecoin-Analysis/Solana-Memecoin-Analysis/data/cache/2026-09-26/014631343042_multi_pools_e324bdde1531.json
2026-09-26T01:46:22.972447+00:00,Hhe2TY1dGPr7SdMJC2hTACq7dTxfr5f6BF3n2nWwkoce,solana,PumpSwap,BDKC1AV3saXrN8jKnWB2TTQmDD6z8CFdY55ku7eAfunk,FUNKOS,So11111111111111111111111111111111111111112,SOL,2026-09-24T04:52:35Z,1.1839583956888146e-05,11756.4842154461,,9314.9159,0.0,326.9294122889,91458.5871223516,0,0,0,0,10,16,7,14,1126,1354,528,755,snapshot,,,,,,,/home/runner/work/Solana-Memecoin-Analysis/Solana-Memecoin-Analysis/data/cache/2026-09-26/014631343042_multi_pools_e324bdde1531.json
2026-09-26T01:46:22.972447+00:00,B1zosT5SqjsEGRSU1cGbSVJrkVYL9zzFXDa9cmZWRhZt,solana,PumpSwap,3tzkdxJ1qVCaPAuWmd8FjRFKUbwMYpLUAq5gg4Vopump,UNTXD,So11111111111111111111111111111111111111112,SOL,2026-09-23T23:52:03Z,1.3276312195139552e-05,13276.3122,,9744.8298,102.4540059964,706.4883008675,17973.0355190528,2,1,2,1,8,10,5,9,246,319,124,212,snapshot,,,,,,,/home/runner/work/Solana-Memecoin-Analysis/Solana-Memecoin-Analysis/data/cache/2026-09-26/014631343042_multi_pools_e324bdde1531.json
2026-09-26T01:46:22.972447+00:00,82BHvVSeHgcGNtiH8fGTaYRsKbbjF53beAZp8LCATXsc,solana,Raydium,UpBBfyC75u3kxDGWmmmW2yauk9YY3CqZhdt1KUDkids,SHARTCOIN,So11111111111111111111111111111111111111112,SOL,2026-09-24T01:34:30Z,0.0006631548468879327,658430.35596986,,374882.9392,23.8423169588,13757.9257421797,786235.341188561,1,0,1,0,49,32,30,29,1766,1406,645,793,snapshot,,,,,,,/home/runner/work/Solana-Memecoin-Analysis/Solana-Memecoin-Analysis/data/cache/2026-09-26/014631343042_multi_pools_e324bdde1531.json
2026-09-26T01:46:22.972447+00:00,b4YtUe3AeeHxnHNsau4T5kubj8UAPnAJnhozDwX1oVn,solana,PumpSwap,68Ep5Fa2rQrfN2f15FvCWWz1E7WZfGFPVVvnPXNjZyu5,玉兔,So11111111111111111111111111111111111111112,SOL,2026-09-24T11:51:51Z,90.58122408046101,90581219707.2917,,0.365,0.0,0.0,0.0,0,0,0,0,0,0,0,0,0,0,0,0,snapshot,,,,,,,/home/runner/work/Solana-Memecoin-Analysis/Solana-Memecoin-Analysis/data/cache/2026-09-26/014631343042_multi_pools_e324bdde1531.json
2026-09-26T01:46:22.972447+00:00,2RkYFJNAkxaUSMUidjtHfipuQKvTFKGtkrsHjvRU2xc5,solana,Pump.fun,Fr74RcJPaXdbjj9KueiJwf6NnEAxVGHGAdR2LJCepump,Barf,So11111111111111111111111111111111111111112,SOL,2026-09-24T11:51:43Z,3.216095379231427e-06,3216.095379,,2698.6169,0.0,0.0,0.0,0,0,0,0,0,0,0,0,0,0,0,0,snapshot,,,,,,,/home/runner/work/Solana-Memecoin-Analysis/Solana-Memecoin-Analysis/data/cache/2026-09-26/014631343042_multi_pools_e324bdde1531.json
2026-09-26T01:46:22.972447+00:00,2YMGhUx61U3gH6NsiZx2kSnYFQ9dLfMZ6E2T8o4X2LAP,solana,Manifest,B4cqDdBWDf6hgy1rma8u4JpoTnoycDQyg33aR48mfFvE,RUNE,So11111111111111111111111111111111111111112,SOL,2026-09-24T11:51:31Z,3.62348719833085e-05,36234.87198,,,0.0,0.0,6609.9681299446,0,0,0,0,0,0,0,0,129,124,2,2,snapshot,,,,,,,/home/runner/work/Solana-Memecoin-Analysis/Solana-Memecoin-Analysis/data/cache/2026-09-26/014631343042_multi_pools_e324bdde1531.json
2026-09-26T01:46:22.972447+00:00,5yT5mB7etG86mka6QmpdjjCTNPe2bMmh9WvqbaihDMM1,solana,Pump.fun,5dfs9xVJH64eoCBgVUYX93WetMabyEQ2mwuq78yypump,META MUSE,So11111111111111111111111111111111111111112,SOL,2026-09-24T11:51:16Z,3.1712146899158875e-06,3171.209215,,2698.6291,0.0,0.0,0.0,0,0,0,0,0,0,0,0,0,0,0,0,snapshot,,,,,,,/home/runner/work/Solana-Memecoin-Analysis/Solana-Memecoin-Analysis/data/cache/2026-09-26/014631343042_multi_pools_e324bdde1531.json
2026-09-26T01:46:22.972447+00:00,6e4ewHhGZrBMiSkKat7QCx28dytJdnYrobNXWrPL5WFN,solana,Meteora,5dvXTZ5qwgafnHtwu3Ls3QrWx1U4LQsFeCuJgkk4QEC6,EMBER,EPjFWdd5AufqSSqeM2qN1xzybapC8G4wEGGkZwyTDt1v,USDC,2026-09-10T05:53:50Z,0.014544365696705768,14243344.5788396,14244596.2335421,220211.1566,3932.102241241,57145.871784151,619502.767219686,10,1,9,1,45,128,38,72,1659,1747,780,827,snapshot,,,,,,,/home/runner/work/Solana-Memecoin-Analysis/Solana-Memecoin-Analysis/data/cache/2026-09-26/014631343042_multi_pools_e324bdde1531.json
2026-09-26T01:46:22.972447+00:00,3RZoQfjBqgLvVxQU7dJAGiq5Jrq2kdFWZ6sMr6Vog1vx,solana,Pump.fun,8AheVKhsi8BY1NM6z188FQ2BVQYkvWLfthsxwvcTpump,duluth,So11111111111111111111111111111111111111112,SOL,2026-09-24T16:12:52Z,1.3165843908820756e-05,26331.68782,,14499.1698,0.0,0.0,0.0,0,0,0,0,0,0,0,0,0,0,0,0,snapshot,,,,,,,/home/runner/work/Solana-Memecoin-Analysis/Solana-Memecoin-Analysis/data/cache/2026-09-26/014631343042_multi_pools_e324bdde1531.json
2026-09-26T01:46:22.972447+00:00,F4witMwAS94Q1rDGPr7Tra4UdgQcoBPAtoYZydH789LG,solana,StonkFun,BFWJfq1T1QLpvWztkppVsvjfURYLY6N7uqkyNoVzPZ76,BOTCOIN,Xsv9hRk1z5ystj9MhnA7Lq4vjSsLwzL2nxrwmwtD3re,GLDx,2026-09-24T16:12:45Z,3.300791753006648e-06,3300.791753,,3413.1424,0.0,0.0,15.6863660176,0,0,0,0,0,0,0,0,0,3,0,3,snapshot,,,,,,,/home/runner/work/Solana-Memecoin-Analysis/Solana-Memecoin-Analysis/data/cache/2026-09-26/014631343042_multi_pools_e324bdde1531.json
2026-09-26T01:46:22.972447+00:00,79EV4sH2iY59Pu5xujtGuyrjTMSMaNv7bs7SKbMFuHeS,solana,Pump.fun,8R3rMdvzTdV7JKZwM6A3GX5TXrbQmvQZJBZ47QZjpump,CASH CAT,So11111111111111111111111111111111111111112,SOL,2026-09-24T16:12:45Z,4.325543976898273e-09,8.651087954,,4.5379,0.0,0.0,1.0125732357,0,0,0,0,0,0,0,0,1,1,1,1,snapshot,,,,,,,/home/runner/work/Solana-Memecoin-Analysis/Solana-Memecoin-Analysis/data/cache/2026-09-26/014631343042_multi_pools_e324bdde1531.json
2026-09-26T01:46:22.972447+00:00,3pYsXR1YBBKySrjF9nhoxvcQup7jY1HnqvfRhVSSAHjF,solana,Pump.fun,HWGdZG35ncJKBgpRztVW1zdmV3iMG3eyqedKstWXpump,PEARL,So11111111111111111111111111111111111111112,SOL,2026-09-24T16:12:38Z,3.245955919237618e-06,3245.9559189926,,2699.4929,0.0,0.0,0.0,0,0,0,0,0,0,0,0,0,0,0,0,snapshot,,,,,,,/home/runner/work/Solana-Memecoin-Analysis/Solana-Memecoin-Analysis/data/cache/2026-09-26/014631343042_multi_pools_e324bdde1531.json
2026-09-26T01:46:22.972447+00:00,3mtpQkumfka5SEwPLAo4Yho5jdjetvzgFnvpqnJP9em9,solana,StonkFun,GmXMutyTX7QvwFCYU9gvsQPZHHMUGdvGqQfqAMo82NCp,SPY,XsoCS1TfEyfFhfvj8EtZ528L3CaKBDBRqRapnBbDF2W,SPYx,2026-09-24T16:12:37Z,4.506779003861702e-06,4506.779004,,4722.3575,0.0,0.0,0.0,0,0,0,0,0,0,0,0,0,0,0,0,snapshot,,,,,,,/home/runner/work/Solana-Memecoin-Analysis/Solana-Memecoin-Analysis/data/cache/2026-09-26/014631343042_multi_pools_e324bdde1531.json
2026-09-26T01:46:22.972447+00:00,Apy5FShcDSLdyYSH4HWgY8zSFj4At8FbKeHZF3D72e9k,solana,PumpSwap,BxftAowY2dVa2h9KMqDTPk4oMxzU9k6uVbZuoorXpump,Holdoween,So11111111111111111111111111111111111111112,SOL,2026-09-16T00:57:16Z,0.0012446211233906501,1209632.18172193,1209632.18172193,112302.4047,60.6931810555,41444.3941248247,2394755.45488749,38,26,2,3,2889,3329,308,264,37057,41650,11519,8586,snapshot,,,,,,,/home/runner/work/Solana-Memecoin-Analysis/Solana-Memecoin-Analysis/data/cache/2026-09-26/014631343042_multi_pools_e324bdde1531.json
2026-09-26T01:46:22.972447+00:00,BRjMA8UALNp3diTKHfdeAn5riQrYPoaYez7KhYWD4oEs,solana,PumpSwap,7GUnr7krtQhJwd6ASY2VUprd9t4c64zcgCsjdmZepump,NPC,So11111111111111111111111111111111111111112,SOL,2026-09-24T02:29:15Z,0.0020973561707758504,1976042.7049469,1977198.44821555,167805.1901,915.5646460338,157377.405645779,5589749.10220097,12,4,12,4,836,505,499,354,26878,21099,9515,7280,snapshot,,,,,,,/home/runner/work/Solana-Memecoin-Analysis/Solana-Memecoin-Analysis/data/cache/2026-09-26/014631343042_multi_pools_e324bdde1531.json
2026-09-26T01:46:22.972447+00:00,DerNBFQgu9kmJu7c1mYJAe2gBDUmQFtmSHNXupfL4A3u,solana,Pump.fun,8sdeNmug3x8HTb5kHpNRBrDBoA9vbyszSbkJgpnMpump,TICKER,So11111111111111111111111111111111111111112,SOL,2026-09-24T19:59:03Z,3.4579782664197746e-06,3457.978266,,2734.9205,0.0,0.0,108.7807438542,0,0,0,0,0,0,0,0,0,18,0,17,snapshot,,,,,,,/home/runner/work/Solana-Memecoin-Analysis/Solana-Memecoin-Analysis/data/cache/2026-09-26/014631343042_multi_pools_e324bdde1531.json
2026-09-26T01:46:22.972447+00:00,BpAaqnyhGJxMeGc3kwGtdQwn9uqtxs19dGnrcSdJsUTk,solana,StonkFun,9R7BQW1VLR72RaS7yffoUhRuMPTtjFd1e7mpjXgUF4tB,GOLDIE,Xsa62P5mvPszXL1krVUnU5ar38bBSVcWAB6fmPCo5Zu,METAx,2026-09-24T19:58:53Z,3.3461534004494897e-06,3346.1534,,3646.2808,0.0,0.0,0.0,0,0,0,0,0,0,0,0,0,0,0,0,snapshot,,,,,,,/home/runner/work/Solana-Memecoin-Analysis/Solana-Memecoin-Analysis/data/cache/2026-09-26/014631343042_multi_pools_e324bdde1531.json
2026-09-26T01:46:22.972447+00:00,XPJw2iR2xY2Loof217pHqsyRr2CgK2dAefNm1dDMzZX,solana,PumpSwap,3VvNdW1VajhrSt4VgmkB2MpwrifTacKFtnHBmccfkmAQ,ATTENTION,So11111111111111111111111111111111111111112,SOL,2026-09-24T19:58:47Z,7.969160099334383e-06,7969.160099,,23077.4417,0.0,0.0,0.0,0,0,0,0,0,0,0,0,0,0,0,0,snapshot,,,,,,,/home/runner/work/Solana-Memecoin-Analysis/Solana-Memecoin-Analysis/data/cache/2026-09-26/014631343042_multi_pools_e324bdde1531.json
2026-09-26T01:46:22.972447+00:00,rgggQ9jRtanqBkEadEo4YcBj5qSNuktHdbZccLZdV2E,solana,Pump.fun,DA5pkcq14cyabtSQsPMtdfb8HsJPM9wir6cJFD8jpump,ASD,So11111111111111111111111111111111111111112,SOL,2026-09-24T19:58:39Z,4.571934020982836e-06,9143.868042,,3889.4319,0.0,0.0,0.0,0,0,0,0,0,0,0,0,0,0,0,0,snapshot,,,,,,,/home/runner/work/Solana-Memecoin-Analysis/Solana-Memecoin-Analysis/data/cache/2026-09-26/014631343042_multi_pools_e324bdde1531.json
2026-09-26T01:46:22.972447+00:00,B6j4hy5GNkw1eD2p5zThEB55uvD6HWc3F6rARfxVsANJ,solana,Pump.fun,FC6TZpPnay1TuqJ4kzYKYUR1RL4AG1tbq2frEghf5bVh,IREN,XsoCS1TfEyfFhfvj8EtZ528L3CaKBDBRqRapnBbDF2W,SPYx,2026-09-24T19:58:37Z,4.176785422056363e-06,4176.785422,,3439.4819,0.0,0.0,0.0,0,0,0,0,0,0,0,0,0,0,0,0,snapshot,,,,,,,/home/runner/work/Solana-Memecoin-Analysis/Solana-Memecoin-Analysis/data/cache/2026-09-26/014631343042_multi_pools_e324bdde1531.json
2026-09-26T01:46:22.972447+00:00,CheJUxVQrmpeb4UFWHZ72afQPTKM7AEb8giyzNR7cPvH,solana,Raydium,D1YZZg9dBZ7AbfknZVbaeVLto36eySwoFYEVhZrD4F4n,GO,So11111111111111111111111111111111111111112,SOL,2026-09-23T13:49:47Z,0.004487398158137779,4177783.51919341,4178787.7272052,201879.4329,1987.5481734982,73806.350369761,2781077.46270723,17,8,15,5,316,190,234,148,9908,8861,3709,3401,snapshot,,,,,,,/home/runner/work/Solana-Memecoin-Analysis/Solana-Memecoin-Analysis/data/cache/2026-09-26/014631343042_multi_pools_e324bdde1531.json
2026-09-26T01:46:22.972447+00:00,B4zkA1DSZgt1T7zsXhg2Cjt6uQJRtMT1b3HwmwmNUm79,solana,Pump.fun,2qjrtPBhtktFuWbJ3UCm5SCLRUjM67P8KhHvKoa5pump,Grock,So11111111111111111111111111111111111111112,SOL,2026-09-24T23:04:58Z,3.2834464886367704e-06,3283.446489,,2711.1358,0.0,0.0,108.4311900436,0,0,0,0,0,0,0,0,3,3,2,2,snapshot,,,,,,,/home/runner/work/Solana-Memecoin-Analysis/Solana-Memecoin-Analysis/data/cache/2026-09-26/014638512266_multi_pools_41a607f79b06.json
2026-09-26T01:46:22.972447+00:00,CkrBXoxcrivNw3dkXBk51iPth9tDWEKtYcm2gVp4YPbU,solana,Meteora DAMM V2,GmurtwcxQMRJXUYoofPuUDeEggvQ9RYKJAPkM6XpeU2b,SEVEN,So11111111111111111111111111111111111111112,SOL,2026-09-24T23:04:57Z,6.584255036665462e-10,0.6584255037,,1.1801,0.0,0.0,0.0,0,0,0,0,0,0,0,0,0,0,0,0,snapshot,,,,,,,/home/runner/work/Solana-Memecoin-Analysis/Solana-Memecoin-Analysis/data/cache/2026-09-26/014638512266_multi_pools_41a607f79b06.json
2026-09-26T01:46:22.972447+00:00,526QP4Dvzbx5KkexVe96nrWypkbr8RvsaLAPLPosaWNz,solana,StonkFun,BRq1LcAhzr5s9hrRoVVtJejT67XbgUy3dxBEjKXcLDEj,Jacob,Pren1FvFX6J3E4kXhJuCiAD5aDmGEb7qJRncwA8Lkhw,ANTHRP,2026-09-24T23:04:57Z,3.276456930433639e-06,3276.45693,,3558.3323,0.0,0.0,0.0,0,0,0,0,0,0,0,0,0,0,0,0,snapshot,,,,,,,/home/runner/work/Solana-Memecoin-Analysis/Solana-Memecoin-Analysis/data/cache/2026-09-26/014638512266_multi_pools_41a607f79b06.json
2026-09-26T01:46:22.972447+00:00,D4oZ7YMz5qLe7Uq3szQUTHZEG8tmKJPw8wpyKCXaQfUe,solana,Pump.fun,22hWRPapBLKE5pTnrjsJg4fPbgEWMUejwjCzQN6xpump,Lone,So11111111111111111111111111111111111111112,SOL,2026-09-24T23:04:48Z,5.0534239499271836e-06,10106.8479,,4174.3856,0.0,0.0,0.0,0,0,0,0,0,0,0,0,0,0,0,0,snapshot,,,,,,,/home/runner/work/Solana-Memecoin-Analysis/Solana-Memecoin-Analysis/data/cache/2026-09-26/014638512266_multi_pools_41a607f79b06.json
2026-09-26T01:46:22.972447+00:00,Aw7qFWEHQ6xsRpJkP6hCmvG9xpzXom8pc45j1MSA1u4H,solana,Pump.fun,4MgnjN9rzV9Trm5qdSd5m9ZFav1r85rZhpKtRVikZutn,st4y,So11111111111111111111111111111111111111112,SOL,2026-09-25T01:28:00Z,3.2727909252615916e-06,3272.790925,,2706.1112,0.0,0.0,4669.8518972838,0,0,0,0,0,0,0,0,40,40,36,39,snapshot,,,,,,,/home/runner/work/Solana-Memecoin-Analysis/Solana-Memecoin-Analysis/data/cache/2026-09-26/014638512266_multi_pools_41a607f79b06.json
2026-09-26T01:46:22.972447+00:00,Er1oWDTMMeKQJ6g3GneTepbf18YpzL84wVwn2xBbZPec,solana,Pump.fun,7bxZRn59Vgh9pwFiehbZFKWE7THU3noyESytYcGQpump,モニタリ,So11111111111111111111111111111111111111112,SOL,2026-09-25T01:27:51Z,3.3432948326559628e-06,3343.294833,,2739.7869,0.0,0.0,266.6965803908,0,0,0,0,0,0,0,0,3,8,3,7,snapshot,,,,,,,/home/runner/work/Solana-Memecoin-Analysis/Solana-Memecoin-Analysis/data/cache/2026-09-26/014638512266_multi_pools_41a607f79b06.json
2026-09-26T01:46:22.972447+00:00,GhnQDAEiNeEekERMWZXVdhvZfTZBxAc4v7McS1w5FUxB,solana,Pump.fun,DDJ4ahXFKY88xwSB8VtyVYb1yW5yFV1qHr74NB9Dpump,SINMEMES,So11111111111111111111111111111111111111112,SOL,2026-09-25T01:27:48Z,3.3835434238102814e-06,3383.543424,,3012.8665,0.0,0.0,287.6769192364,0,0,0,0,0,0,0,0,0,2,0,2,snapshot,,,,,,,/home/runner/work/Solana-Memecoin-Analysis/Solana-Memecoin-Analysis/data/cache/2026-09-26/014638512266_multi_pools_41a607f79b06.json
2026-09-26T01:46:22.972447+00:00,5yRsvBGUqSqoEDfUspWxZdgTWsfmAMxULe5GfCzdMNmM,solana,Meteora DAMM V2,4jNoCbZcrxbQSr9Cz64isXoEASUTNzkGz7mRSNfv7777,CARDS,So11111111111111111111111111111111111111112,SOL,2026-09-25T01:27:41Z,0.001191610829609347,1191610.83,,12.2999,0.0,0.0,0.0607437,0,0,0,0,0,0,0,0,4,6,3,5,snapshot,,,,,,,/home/runner/work/Solana-Memecoin-Analysis/Solana-Memecoin-Analysis/data/cache/2026-09-26/014638512266_multi_pools_41a607f79b06.json
2026-09-26T01:46:22.972447+00:00,Dc6wZRJA8dJo7LB7FuUy8HcLv5Mg97pEvyB2jU8E89NM,solana,Meteora DBC,4jNoCbZcrxbQSr9Cz64isXoEASUTNzkGz7mRSNfv7777,CARDS,So11111111111111111111111111111111111111112,SOL,2026-09-25T01:27:41Z,5.3418107374562926e-12,0.005341810737,,0.0,0.0,0.0,0.0,0,0,0,0,0,0,0,0,0,0,0,0,snapshot,,,,,,,/home/runner/work/Solana-Memecoin-Analysis/Solana-Memecoin-Analysis/data/cache/2026-09-26/014638512266_multi_pools_41a607f79b06.json
2026-09-26T01:46:22.972447+00:00,GgqM7bfhEarztZ4fNs9hcScM46L98UVLaP2ze65QV2w,solana,Pump.fun,PJh1t6ta58f487WhdG2GrNsMoy2tUP87nRrvM2Hpump,LP,So11111111111111111111111111111111111111112,SOL,2026-09-25T01:27:40Z,3.851637924956363e-07,770.327585,,324.1893,0.0,0.0,5.7766338265,0,0,0,0,0,0,0,0,0,1,0,1,snapshot,,,,,,,/home/runner/work/Solana-Memecoin-Analysis/Solana-Memecoin-Analysis/data/cache/2026-09-26/014638512266_multi_pools_41a607f79b06.json
2026-09-26T01:46:22.972447+00:00,8Gj2nCcXq53wUZ8daFMPxsxxEwxXKyhtsUim8DabxT94,solana,Pump.fun,4TkNtg7VTAjBB3LLrrvyBM927sA2F8Amoxp8MACTpump,GLOB,So11111111111111111111111111111111111111112,SOL,2026-09-25T01:27:39Z,3.2800708794507055e-06,3280.070879,,2701.4881,0.0,0.0,48.5155662325,0,0,0,0,0,0,0,0,1,10,1,3,snapshot,,,,,,,/home/runner/work/Solana-Memecoin-Analysis/Solana-Memecoin-Analysis/data/cache/2026-09-26/014638512266_multi_pools_41a607f79b06.json
2026-09-26T01:46:22.972447+00:00,hr9F9AybZ6uCatftMtW5KVGtgjHQXbHefTd7iGHw7Yu,solana,Pump.fun,GrVAUPhcomCx2bnmg9jPV5CwXacCthNL1UuuiEDupump,Weenie,So11111111111111111111111111111111111111112,SOL,2026-09-25T01:27:32Z,3.6042441375033117e-06,7208.488276,,2955.7346,0.0,0.0,0.0,0,0,0,0,0,0,0,0,0,0,0,0,snapshot,,,,,,,/home/runner/work/Solana-Memecoin-Analysis/Solana-Memecoin-Analysis/data/cache/2026-09-26/014638512266_multi_pools_41a607f79b06.json
2026-09-26T01:46:22.972447+00:00,359UV3H3g2ZVff14AnZTWGeKaykLGdd7Ze3Kar68n6xR,solana,PumpSwap,5iqjhP5ig6JWdXQf6hYAwojZeMf11pTCvH87gCQtpump,TTP,So11111111111111111111111111111111111111112,SOL,2026-09-25T00:38:26Z,0.00020736839209113426,207368.3921,,46788.1168,66.5215989279,23272.0260338361,3720506.04669182,1,3,1,3,196,244,151,170,22635,20493,6973,6778,snapshot,,,,,,,/home/runner/work/Solana-Memecoin-Analysis/Solana-Memecoin-Analysis/data/cache/2026-09-26/014638512266_multi_pools_41a607f79b06.json
2026-09-26T01:46:22.972447+00:00,5kTNVZ4NPqAEmC8C4zWaxFaJrLoLxvDRGXzKqxnJ5P9L,solana,Pump.fun,FBHRYJfTfhkuPi2YedHgFfR7xvsGeL2LKBZcYa6Wpump,$EAT,So11111111111111111111111111111111111111112,SOL,2026-09-25T06:24:53Z,2.5566549338208193e-06,5113.309868,,2702.8575,0.0,0.0,300.0648439049,0,0,0,0,0,0,0,0,2,3,2,2,snapshot,,,,,,,/home/runner/work/Solana-Memecoin-Analysis/Solana-Memecoin-Analysis/data/cache/2026-09-26/014638512266_multi_pools_41a607f79b06.json
2026-09-26T01:46:22.972447+00:00,HSZdETUaxMT7sMkfnNM1cUHPF1uvjwy2icUcpXEsMf48,solana,PumpSwap,5a4AZTMPJENWxhJ5uRGEV3Zcwqo7XNSTYofjgvUiUpFS,company,So11111111111111111111111111111111111111112,SOL,2026-09-25T06:24:51Z,8.363436158944544e-05,83634.36159,,0.0009420731957,0.0,0.0,3176.0899164953,0,0,0,0,0,0,0,0,1522,47,1352,43,snapshot,,,,,,,/home/runner/work/Solana-Memecoin-Analysis/Solana-Memecoin-Analysis/data/cache/2026-09-26/014638512266_multi_pools_41a607f79b06.json
2026-09-26T01:46:22.972447+00:00,5b6ujR85FEzgEKWsaY6PAS5viojsZAPmWLt6j4SEGPZv,solana,Meteora DBC,5a4AZTMPJENWxhJ5uRGEV3Zcwqo7XNSTYofjgvUiUpFS,company,So11111111111111111111111111111111111111112,SOL,2026-09-25T06:24:44Z,5.2444878092563514e-11,0.05244487809,,0.0,0.0,0.0,0.01048635155,0,0,0,0,0,0,0,0,1,0,1,0,snapshot,,,,,,,/home/runner/work/Solana-Memecoin-Analysis/Solana-Memecoin-Analysis/data/cache/2026-09-26/014638512266_multi_pools_41a607f79b06.json
2026-09-26T01:46:22.972447+00:00,4UDkTaVJkrZw4DqdfSbSH2BiE63ZDXtBRK4dPME4v27N,solana,Pump.fun,F1UspgvGcDBosjaoTnNTQWWqyVVfRzKzfHjmNERxpump,$BULL,So11111111111111111111111111111111111111112,SOL,2026-09-25T06:24:34Z,3.251090461385008e-06,3282.443543,,2726.6001,0.0,0.0,494.8497517479,0,0,0,0,0,0,0,0,3,8,3,7,snapshot,,,,,,,/home/runner/work/Solana-Memecoin-Analysis/Solana-Memecoin-Analysis/data/cache/2026-09-26/014638512266_multi_pools_41a607f79b06.json
2026-09-26T01:46:22.972447+00:00,Cxi78eJGewXUSLBgcAtMWK8gc69qGmAhNE4kCLR4xVGA,solana,Pump.fun,44ajbPg1vimZPnum8PrTDq3MzT47qxPYnLrk6fmcpump,mori,So11111111111111111111111111111111111111112,SOL,2026-09-25T06:24:26Z,1.627484491959212e-07,325.4968984,,136.456,0.0,0.0,83.9386853504,0,0,0,0,0,0,0,0,35,36,9,8,snapshot,,,,,,,/home/runner/work/Solana-Memecoin-Analysis/Solana-Memecoin-Analysis/data/cache/2026-09-26/014638512266_multi_pools_41a607f79b06.json
2026-09-26T01:46:22.972447+00:00,39e3inYn9tDu4GAeBJ4L1MZrRW8hMhu2yqJ59vhPeCai,solana,PumpSwap,BQJfL1yiHbJQ8AciHLcKxaCbQrWP2ws8oZHHYgbBpump,CACKLE,So11111111111111111111111111111111111111112,SOL,2026-08-18T03:38:14Z,0.0001209715216649771,120971.5217,,47004.9557,0.0,358.4523133283,68129.0930259614,0,0,0,0,0,5,0,5,3850,935,3748,912,snapshot,,,,,,,/home/runner/work/Solana-Memecoin-Analysis/Solana-Memecoin-Analysis/data/cache/2026-09-26/014638512266_multi_pools_41a607f79b06.json
2026-09-26T01:46:22.972447+00:00,99C6TUp7WgTvnwQVVhAbD8HbxPdo5LJCXr7VFCvTmJf1,solana,PumpSwap,nDZknLvfFRp5rgUHdzTrQsmSY5NKzoavqdLjSHVpump,COLLECT,CARDSccUMFKoPRZxt5vt3ksUbxEFEcnZ3H2pd3dKxYjp,CARDS,2026-09-25T00:58:47Z,0.0022190111604620116,2207482.47605783,,176157.1577,887.1610874263,187689.743135311,2829476.51635117,1,2,1,2,532,247,236,114,12782,8431,5231,4190,snapshot,,,,,,,/home/runner/work/Solana-Memecoin-Analysis/Solana-Memecoin-Analysis/data/cache/2026-09-26/014638512266_multi_pools_41a607f79b06.json
2026-09-26T01:46:22.972447+00:00,5GHJdhuDttJyZU6D666QDjfa1Q3GXFec3VN1z65fgnGo,solana,PumpSwap,Fj3hX1NrpFAiz31HGi8YTWUNhVTJeDG9KUzEv3N21bTy,AXIS,So11111111111111111111111111111111111111112,SOL,2026-09-25T04:50:48Z,2.844911734502921e-05,2829192.69,,6.09557026165357e-07,0.0,0.0,44139622.305345,0,0,0,0,0,0,0,0,33212,17609,5124,507,snapshot,,,,,,,/home/runner/work/Solana-Memecoin-Analysis/Solana-Memecoin-Analysis/data/cache/2026-09-26/014638512266_multi_pools_41a607f79b06.json
2026-09-26T01:46:22.972447+00:00,HnFhnuZP8WT3U2MFG5gWS8Hbkvd45rKcwoHn1i9BjYtk,solana,PumpSwap,3znS89gifim2Hhhu8wjb2PfSgaCDdma187D5NMkDpump,BRAIN,So11111111111111111111111111111111111111112,SOL,2026-09-25T00:04:11Z,0.0001036137215106627,103584.7741,,32435.7538,763.213279391,10244.8259033414,2286502.0517109,9,8,6,8,151,153,113,133,18840,18913,6696,6907,snapshot,,,,,,,/home/runner/work/Solana-Memecoin-Analysis/Solana-Memecoin-Analysis/data/cache/2026-09-26/014638512266_multi_pools_41a607f79b06.json
2026-09-26T01:46:22.972447+00:00,HJHA6AFiUQVR4nUScs7ZAR775427PJtVFqj3kmLgP9WL,solana,PumpSwap,8Vte25yt28L8BfLXm8DrzjSYEyaKX8yry6hRKRmX7FGd,UPTOBER,So11111111111111111111111111111111111111112,SOL,2026-09-22T15:41:30Z,0.00029158859848432087,279776.043648019,279776.04364802,52833.8654,90.8882809107,15277.2315299818,533159.478483067,2,2,2,2,299,242,289,234,34075,9870,31315,6009,snapshot,,,,,,,/home/runner/work/Solana-Memecoin-Analysis/Solana-Memecoin-Analysis/data/cache/2026-09-26/014638512266_multi_pools_41a607f79b06.json
2026-09-26T01:46:22.972447+00:00,P49aoDCvLpBmVvMHtuNGRdTMbMPBrDyyHeeHdcsuyZp,solana,FluxBeam,DEXG9s7dxFEBySXBEF3cKcrkM69PnK5AYaAJ73ufX7TS,LaunchLab,So11111111111111111111111111111111111111112,SOL,2026-09-25T11:24:51Z,0.0015111213582791327,1502971.62727381,,1505753.3888,0.0,0.0,10718.5890436046,0,0,0,0,0,0,0,0,300,0,20,0,snapshot,,,,,,,/home/runner/work/Solana-Memecoin-Analysis/Solana-Memecoin-Analysis/data/cache/2026-09-26/014638512266_multi_pools_41a607f79b06.json
2026-09-26T01:46:22.972447+00:00,9dpt3dmjg1eggKHGEb45PNXNSz9RUX1jfM3svQbvqRFr,solana,Pump.fun,F5JdxfRPM6HnGPCT6ixoVWq5Bcn8Q3D2kVYyujFtpump,TAOTAO,So11111111111111111111111111111111111111112,SOL,2026-09-25T11:23:52Z,3.405694507275825e-06,3409.331229,,2795.0998,0.0,0.0,577.161309456,0,0,0,0,0,0,0,0,49,28,25,27,snapshot,,,,,,,/home/runner/work/Solana-Memecoin-Analysis/Solana-Memecoin-Analysis/data/cache/2026-09-26/014638512266_multi_pools_41a607f79b06.json
2026-09-26T01:46:22.972447+00:00,7sY6BrhDBkJdcYFrDd1M49hinSXrqk2bzS3rT6Juanch,solana,Raydium,8erE7RkkoiGYJtCyQdfwMpnNA8cAkY14Xe6RYjjHAdKP,CAT,XsoCS1TfEyfFhfvj8EtZ528L3CaKBDBRqRapnBbDF2W,SPYx,2026-09-21T15:53:21Z,0.00023477284723819942,242815.766959812,242816.120330386,42821.4323,43.6852812892,175.2609407756,21436.1450918193,1,0,1,0,8,8,6,8,399,374,159,127,snapshot,,,,,,,/home/runner/work/Solana-Memecoin-Analysis/Solana-Memecoin-Analysis/data/cache/2026-09-26/014638512266_multi_pools_41a607f79b06.json
2026-09-26T01:46:22.972447+00:00,Ftjga524YrS7RPzGCcezMuQnFDYa8PcvWDY5mFmZk5dy,solana,PumpSwap,5g9PWcRUHpmqm5uKycpShKXJB18sGLeCEzgB3qrRpump,SWARM,So11111111111111111111111111111111111111112,SOL,2026-09-25T08:47:14Z,0.0004911753530780104,468425.494055924,,74984.823,4521.5276187493,37999.4166540725,4672987.84705894,20,4,20,4,1843,323,1224,225,59904,28574,13398,8531,snapshot,,,,,,,/home/runner/work/Solana-Memecoin-Analysis/Solana-Memecoin-Analysis/data/cache/2026-09-26/014638512266_multi_pools_41a607f79b06.json
2026-09-26T01:46:22.972447+00:00,GCQW4cgDHGV3cgEzxesC9MazExYC8P2NBQU27BmH1XE,solana,PumpSwap,6sEf597zqUxoJeW1znjtx8MUPsXFFF7zjjH2KSG8zF9y,company,So11111111111111111111111111111111111111112,SOL,2026-09-25T05:16:30Z,9.380552570890992e-06,9380.552571,,7607.0887,30.9967115021,173.385548738,1753512.65200232,2,3,2,3,14,17,5,13,18117,14754,5476,5116,snapshot,,,,,,,/home/runner/work/Solana-Memecoin-Analysis/Solana-Memecoin-Analysis/data/cache/2026-09-26/014638512266_multi_pools_41a607f79b06.json
2026-09-26T01:46:22.972447+00:00,87mffNX4rzZTF688ZuJKD68pDKqNYry3rtiXsPiJ7KV6,solana,Raydium,CADHPAKri3EwnMLKWqFqeKJYGAaunnFK6akgryZaRcgr,AMERICA,DJTu7vi8norVzdVAffgvb39VP7wjKeTsgaMBJrzfxvoF,DJT,2026-09-25T17:02:06Z,4.605955132195559e-06,4605.955132,,6057.2318,0.0,219.3914812752,32409.7533604059,0,0,0,0,0,2,0,2,152,387,115,166,snapshot,,,,,,,/home/runner/work/Solana-Memecoin-Analysis/Solana-Memecoin-Analysis/data/cache/2026-09-26/014638512266_multi_pools_41a607f79b06.json
2026-09-26T01:46:22.972447+00:00,LcqA48bdyW8EJYJ2DqqX7iRMAKYLAfZyuKaZdevWBXr,solana,Pump.fun,GyTc2qLrY4hN7b7VFW9UQeEicfddvdRUhLLtTLwKpump,PUTO,So11111111111111111111111111111111111111112,SOL,2026-09-25T17:01:55Z,3.421402927128639e-06,3421.402927,,2698.1094,0.0,0.0,182.8706278748,0,0,0,0,0,0,0,0,23,23,23,23,snapshot,,,,,,,/home/runner/work/Solana-Memecoin-Analysis/Solana-Memecoin-Analysis/data/cache/2026-09-26/014638512266_multi_pools_41a607f79b06.json
2026-09-26T01:46:22.972447+00:00,2cYvH2Kcyr5ebNQxxh7BiNePnpYPjzv1Ke3bWGnXZN4F,solana,Pump.fun,F9r4mhKfgerTDAVY3hhzc4pTDs7gkxDjNqQLJisWpump,A,So11111111111111111111111111111111111111112,SOL,2026-09-25T17:01:45Z,2.842109042322218e-07,568.4218084,,241.2309,0.0,0.0,796.4898738178,0,0,0,0,0,0,0,0,33,31,10,9,snapshot,,,,,,,/home/runner/work/Solana-Memecoin-Analysis/Solana-Memecoin-Analysis/data/cache/2026-09-26/014645863052_multi_pools_4a4083b44db5.json
2026-09-26T01:46:22.972447+00:00,5Zm9nCiDiQFN2K6yXW3zghfo5fkRZwgbFosZTdHTcx2E,solana,Meteora DAMM V2,F3LXwr9nMkkZVa5pLojAx7QowCFuHTgbMGngpWV3zS5o,SOLRISING,So11111111111111111111111111111111111111112,SOL,2026-09-25T17:01:34Z,0.00011804305726701556,118043.0573,,0.803,0.0,0.0,0.5226156175,0,0,0,0,0,0,0,0,22,4,13,4,snapshot,,,,,,,/home/runner/work/Solana-Memecoin-Analysis/Solana-Memecoin-Analysis/data/cache/2026-09-26/014645863052_multi_pools_4a4083b44db5.json
2026-09-26T01:46:22.972447+00:00,GyqG6jQStJy1WEzmPfhbVyjwq14C26t9bSa25f4dmKdA,solana,PumpSwap,AX5paLzKuPZAFCd6sneVj7z5VGAJyCGyXLmjfDAdBZQf,MUSESTREAM,So11111111111111111111111111111111111111112,SOL,2026-09-25T20:24:24Z,2.609778589065158e-06,2609.778589,,2632.7047,0.0,0.1690239829,176129.821554101,0,0,0,0,0,2,0,2,2207,1997,999,1089,snapshot,,,,,,,/home/runner/work/Solana-Memecoin-Analysis/Solana-Memecoin-Analysis/data/cache/2026-09-26/014645863052_multi_pools_4a4083b44db5.json
2026-09-26T01:46:22.972447+00:00,4AbNLT88rY1UQWYBmksCPrNyXhgSHNdLcQ4zM5PGbvMG,solana,PumpSwap,3JwLsyCxRDVPx5PP2qU2d8HuBH4nNGFwgZypWLrSpump,dog,So11111111111111111111111111111111111111112,SOL,2026-09-25T20:24:17Z,0.0037765540251578304,3776554.025,,6.46436832923228e-07,0.0,0.0,3289.7447135474,0,0,0,0,0,0,0,0,2342,258,214,146,snapshot,,,,,,,/home/runner/work/Solana-Memecoin-Analysis/Solana-Memecoin-Analysis/data/cache/2026-09-26/014645863052_multi_pools_4a4083b44db5.json
2026-09-26T01:46:22.972447+00:00,6hKaWWvY2JtmHYE1V58y4UVsjedNq4zT6zFLXuZCsxQN,solana,Pump.fun,HbffogXDjF9Dx71MG3pbLm3Czmibo5cfPYNEKHrNpump,Find,So11111111111111111111111111111111111111112,SOL,2026-09-25T20:24:15Z,1.6543423121978183e-09,3.308684624,,2.4257,0.0,0.0,588.4666021563,0,0,0,0,0,0,0,0,150,145,21,18,snapshot,,,,,,,/home/runner/work/Solana-Memecoin-Analysis/Solana-Memecoin-Analysis/data/cache/2026-09-26/014645863052_multi_pools_4a4083b44db5.json
2026-09-26T01:46:22.972447+00:00,5PEoQSF627rLCcR7q6RDTXt5CdxpVLyvEpBKEpbqG8Jr,solana,Pump.fun,FHYP5mKMy5TzhfEwX4oonDBxhhG3zWKbR5gsQJebpump,ch,So11111111111111111111111111111111111111112,SOL,2026-09-25T20:24:04Z,4.859660376920779e-06,9719.320754,,3331.4031,0.0,0.0,478.7997943566,0,0,0,0,0,0,0,0,54,43,13,13,snapshot,,,,,,,/home/runner/work/Solana-Memecoin-Analysis/Solana-Memecoin-Analysis/data/cache/2026-09-26/014645863052_multi_pools_4a4083b44db5.json
2026-09-26T01:46:22.972447+00:00,AN3Vgx1Ap1kYKXWcPo57AMnNNFM3heSyqKcPskaS7weh,solana,Pump.fun,EwXTL9o6mPaorsW1UZbZZkkbxbUdheGz8jGwyAmApump,USTAYREADY,So11111111111111111111111111111111111111112,SOL,2026-09-25T20:24:01Z,3.5241513021264064e-06,3524.151302,,2792.1996,0.0,0.0,330.7594960137,0,0,0,0,0,0,0,0,2,1,2,1,snapshot,,,,,,,/home/runner/work/Solana-Memecoin-Analysis/Solana-Memecoin-Analysis/data/cache/2026-09-26/014645863052_multi_pools_4a4083b44db5.json
2026-09-26T01:46:22.972447+00:00,CznwRW4393ppcasxY1T7QP9gck3t8J66BVmXjdATgMSd,solana,Pump.fun,Du4K1ETWbvWtKJMnFkCN8o66zqHStVHzMTArxWqkpump,Memes.gov,So11111111111111111111111111111111111111112,SOL,2026-09-25T20:23:59Z,3.7579270898551246e-06,3757.92709,,2978.4232,0.0,1.0899008304,51984.3772724681,0,0,0,0,0,1,0,1,764,645,381,364,snapshot,,,,,,,/home/runner/work/Solana-Memecoin-Analysis/Solana-Memecoin-Analysis/data/cache/2026-09-26/014645863052_multi_pools_4a4083b44db5.json
2026-09-26T01:46:22.972447+00:00,E46yzJBRonezRdBM56TZMPiYpUz9WPAqt8j9yJHLkruF,solana,Pump.fun,593gnQM1kRciQDf312GpwGZJhTxM6Yak5MMFn7X4pump,Dog Think,So11111111111111111111111111111111111111112,SOL,2026-09-25T23:23:34Z,1.1685677996490147e-06,2337.1356,,924.7887,0.0,0.0,49.1541365369,0,0,0,0,0,0,0,0,22,30,3,3,snapshot,,,,,,,/home/runner/work/Solana-Memecoin-Analysis/Solana-Memecoin-Analysis/data/cache/2026-09-26/014645863052_multi_pools_4a4083b44db5.json
2026-09-26T01:46:22.972447+00:00,9BerALcrD4KZD1zLp7wvf6vX2b8QAKkvBipzf7GvBihH,solana,Pump.fun,BHD5kbtnajDq5MYEmbJwVLa2ucdcZgzscey1gJMrWa81,TANKCLUB,So11111111111111111111111111111111111111112,SOL,2026-09-25T23:23:29Z,3.4138717506994996e-06,3413.871751,,2700.9901,0.0,0.0,116.1179954394,0,0,0,0,0,0,0,0,5,5,5,5,snapshot,,,,,,,/home/runner/work/Solana-Memecoin-Analysis/Solana-Memecoin-Analysis/data/cache/2026-09-26/014645863052_multi_pools_4a4083b44db5.json
2026-09-26T01:46:22.972447+00:00,BtT1ocd3feVAR5zaHqkFGGgpUyfym9mbfWPz17wA24jL,solana,PumpSwap,7g9v4sr3kDsQEhqH6PMYdVdzHR9RGWo83LYRgKrpNRBY,Holdoween,So11111111111111111111111111111111111111112,SOL,2026-09-25T23:23:23Z,2.653137871841255e-05,122.0336711,,0.002455027275,0.0,0.0,78790.8782745094,0,0,0,0,0,0,0,0,1175,239,973,23,snapshot,,,,,,,/home/runner/work/Solana-Memecoin-Analysis/Solana-Memecoin-Analysis/data/cache/2026-09-26/014645863052_multi_pools_4a4083b44db5.json
2026-09-26T01:46:22.972447+00:00,4fJn9c96VponFoiLr3MokFTzpERyMKwMuBeRvuSft4YA,solana,Pump.fun,DmKeZE5UgJ9pWwcUMAia4kT1mtcPhrdE2o94Ut3Apump,company,So11111111111111111111111111111111111111112,SOL,2026-09-25T23:23:08Z,3.4317646509268258e-06,3431.764651,,2712.9113,0.0,0.0,1963.2064370196,0,0,0,0,0,0,0,0,21,18,14,15,snapshot,,,,,,,/home/runner/work/Solana-Memecoin-Analysis/Solana-Memecoin-Analysis/data/cache/2026-09-26/014645863052_multi_pools_4a4083b44db5.json
2026-09-26T01:46:22.972447+00:00,FnntXC9pGme3Ad9QMZSFuzRp35YEvFi73E2DPt5YGig2,solana,Pump.fun,DQjwMS85NDTo2Qr1Rf51PAdvj3QK5poxtkihk3YApump,COOKED,So11111111111111111111111111111111111111112,SOL,2026-09-25T23:23:04Z,9.216449611742197e-07,2257.656752,,870.1947,0.0,0.0,591.6227809936,0,0,0,0,0,0,0,0,69,61,11,11,snapshot,,,,,,,/home/runner/work/Solana-Memecoin-Analysis/Solana-Memecoin-Analysis/data/cache/2026-09-26/014645863052_multi_pools_4a4083b44db5.json
2026-09-26T01:46:22.972447+00:00,EauPrgojCQfxzQbafthunGLB4QV4jp8VjKQULACB2TaM,solana,Pump.fun,4RrmztLGqSnJbxDBjuqsYf7XXojMqDLQViae9XTypump,$Shlawg,So11111111111111111111111111111111111111112,SOL,2026-09-25T23:22:59Z,3.04286650518135e-06,6085.73301,,2386.8315,0.0,0.0,134.6312118018,0,0,0,0,0,0,0,0,17,14,4,4,snapshot,,,,,,,/home/runner/work/Solana-Memecoin-Analysis/Solana-Memecoin-Analysis/data/cache/2026-09-26/014645863052_multi_pools_4a4083b44db5.json
2026-09-26T01:46:22.972447+00:00,3dcwhqJp6JBTJPq8ga335HWgSQVS7uQmdmeX7iGjMNpj,solana,PumpSwap,CTPoyCwkjMvoJwU4xvZZqoD8tiYk6yDchySiN5gGpump,fone,So11111111111111111111111111111111111111112,SOL,2026-08-27T00:03:44Z,0.004905952848532362,4857472.3711933,4857472.3743854,535748.6423,893.4474554966,157299.037348688,783563.06128708,1,7,1,6,195,486,81,190,2165,2156,925,931,snapshot,,,,,,,/home/runner/work/Solana-Memecoin-Analysis/Solana-Memecoin-Analysis/data/cache/2026-09-26/014645863052_multi_pools_4a4083b44db5.json
2026-09-26T01:46:22.972447+00:00,364hvUrAhVcGA4a4CjRNCeTzPr3XkotZePBPtWUZTvLr,solana,PumpSwap,8DMRzhGGVhDMsbZRiH3Hnv7vPE8Know6hyJdzG8b5pmG,DDOS,So11111111111111111111111111111111111111112,SOL,2026-09-26T01:44:57Z,5.444277510517368e-05,53727.67072,,21008.4027,177.4322041385,182.800348379,182.800348379,387,6,373,6,398,6,384,6,398,6,384,6,snapshot,,,,,,,/home/runner/work/Solana-Memecoin-Analysis/Solana-Memecoin-Analysis/data/cache/2026-09-26/014645863052_multi_pools_4a4083b44db5.json
2026-09-26T01:46:22.972447+00:00,ERXreoRwqXj4ec8NZKRfXmzKQqk4eSufzQHbHvCYBqe3,solana,Meteora DAMM V2,8DMRzhGGVhDMsbZRiH3Hnv7vPE8Know6hyJdzG8b5pmG,DDOS,So11111111111111111111111111111111111111112,SOL,2026-09-26T01:44:50Z,5.750555878110489e-05,57505.55878,,0.3415,0.02288072974,0.2196266492,0.2196266492,1,1,1,1,6,2,6,2,6,2,6,2,snapshot,,,,,,,/home/runner/work/Solana-Memecoin-Analysis/Solana-Memecoin-Analysis/data/cache/2026-09-26/014645863052_multi_pools_4a4083b44db5.json
2026-09-26T01:46:22.972447+00:00,7qjiQZ5QYxW1XZLP1U1ASdjH8KVabf6guWaupbU8ZQuH,solana,Pump.fun,4ZvcJsA7cWtaUqKRBpkQSx7GqBZWvftW3bwsjX8mJETs,PLANET,So11111111111111111111111111111111111111112,SOL,2026-09-26T01:44:49Z,3.5379532564706095e-06,3786.767423,,3211.5487,399.0796823444,1707.8975681491,1707.8975681491,0,3,0,3,4,5,4,4,4,5,4,4,snapshot,,,,,,,/home/runner/work/Solana-Memecoin-Analysis/Solana-Memecoin-Analysis/data/cache/2026-09-26/014645863052_multi_pools_4a4083b44db5.json
2026-09-26T01:46:22.972447+00:00,jyjX1ZnB5zZ3n3am5yFCnfTnvntgX8EfKwgPBfuPJCV,solana,Pump.fun,HtjFoRFa4612Tq981Xc5Nfuwi1RVyz6CvXFc7aSapump,TIPS,So11111111111111111111111111111111111111112,SOL,2026-09-26T01:44:49Z,3.4103998044319674e-06,3410.399804,,2704.788084895,0.1204685968,0.1204685968,0.1204685968,1,0,1,0,1,0,1,0,1,0,1,0,snapshot,,,,,,,/home/runner/work/Solana-Memecoin-Analysis/Solana-Memecoin-Analysis/data/cache/2026-09-26/014645863052_multi_pools_4a4083b44db5.json
2026-09-26T01:46:22.972447+00:00,99f6oPH3aE9L4iEj22ijwVjiAJUidJHBbqBsxLdkLc8G,solana,Pump.fun,76rXydoewfk5vRKaEmEmdphTyS7UYTgJKJWtAfd3pump,PLANET,So11111111111111111111111111111111111111112,SOL,2026-09-26T01:44:45Z,3.433621022063167e-06,3433.621022,,2826.7984,73.9890239342,159.1824105243,159.1824105243,4,1,4,1,7,1,6,1,7,1,6,1,snapshot,,,,,,,/home/runner/work/Solana-Memecoin-Analysis/Solana-Memecoin-Analysis/data/cache/2026-09-26/014645863052_multi_pools_4a4083b44db5.json
2026-09-26T01:45:00+00:00,3dcwhqJp6JBTJPq8ga335HWgSQVS7uQmdmeX7iGjMNpj,solana,PumpSwap,,,,,2026-08-27T00:03:44Z,0.004905952848532362,,,,,,,,,,,,,,,,,,,ohlcv_backfill,minute,0.004944976896169223,0.004967689178587336,0.004905952848532362,0.004905952848532362,893.4474554966193,/home/runner/work/Solana-Memecoin-Analysis/Solana-Memecoin-Analysis/data/cache/2026-09-26/014654158151_ohlcv_b02c79a92f79.json
2026-09-26T01:40:00+00:00,3dcwhqJp6JBTJPq8ga335HWgSQVS7uQmdmeX7iGjMNpj,solana,PumpSwap,,,,,2026-08-27T00:03:44Z,0.004944976896169223,,,,,,,,,,,,,,,,,,,ohlcv_backfill,minute,0.004991723776166576,0.005026226572340845,0.004899052140135523,0.004944976896169223,8012.19136580624,/home/runner/work/Solana-Memecoin-Analysis/Solana-Memecoin-Analysis/data/cache/2026-09-26/014654158151_ohlcv_b02c79a92f79.json
2026-09-26T01:35:00+00:00,3dcwhqJp6JBTJPq8ga335HWgSQVS7uQmdmeX7iGjMNpj,solana,PumpSwap,,,,,2026-08-27T00:03:44Z,0.004991723776166576,,,,,,,,,,,,,,,,,,,ohlcv_backfill,minute,0.004576949537162457,0.005441722903370932,0.004566274687472171,0.004991723776166576,101666.56606617679,/home/runner/work/Solana-Memecoin-Analysis/Solana-Memecoin-Analysis/data/cache/2026-09-26/014654158151_ohlcv_b02c79a92f79.json
2026-09-26T01:30:00+00:00,3dcwhqJp6JBTJPq8ga335HWgSQVS7uQmdmeX7iGjMNpj,solana,PumpSwap,,,,,2026-08-27T00:03:44Z,0.004576949537162457,,,,,,,,,,,,,,,,,,,ohlcv_backfill,minute,0.004643882987294948,0.0047181834347315476,0.004576949537162457,0.004576949537162457,5408.727385453867,/home/runner/work/Solana-Memecoin-Analysis/Solana-Memecoin-Analysis/data/cache/2026-09-26/014654158151_ohlcv_b02c79a92f79.json
2026-09-26T01:25:00+00:00,3dcwhqJp6JBTJPq8ga335HWgSQVS7uQmdmeX7iGjMNpj,solana,PumpSwap,,,,,2026-08-27T00:03:44Z,0.004643882987294948,,,,,,,,,,,,,,,,,,,ohlcv_backfill,minute,0.004490148297091398,0.004722860561108522,0.004485484028455001,0.004643882987294948,22339.544591172427,/home/runner/work/Solana-Memecoin-Analysis/Solana-Memecoin-Analysis/data/cache/2026-09-26/014654158151_ohlcv_b02c79a92f79.json
2026-09-26T01:20:00+00:00,3dcwhqJp6JBTJPq8ga335HWgSQVS7uQmdmeX7iGjMNpj,solana,PumpSwap,,,,,2026-08-27T00:03:44Z,0.004490148297091398,,,,,,,,,,,,,,,,,,,ohlcv_backfill,minute,0.004483077461966854,0.004554602389529032,0.004483077461966854,0.004490148297091398,3236.8571370862505,/home/runner/work/Solana-Memecoin-Analysis/Solana-Memecoin-Analysis/data/cache/2026-09-26/014654158151_ohlcv_b02c79a92f79.json
2026-09-26T01:15:00+00:00,3dcwhqJp6JBTJPq8ga335HWgSQVS7uQmdmeX7iGjMNpj,solana,PumpSwap,,,,,2026-08-27T00:03:44Z,0.004483077461966854,,,,,,,,,,,,,,,,,,,ohlcv_backfill,minute,0.004380567299233365,0.004519802639120399,0.00429638515414372,0.004483077461966854,9306.74993445365,/home/runner/work/Solana-Memecoin-Analysis/Solana-Memecoin-Analysis/data/cache/2026-09-26/014654158151_ohlcv_b02c79a92f79.json
2026-09-26T01:10:00+00:00,3dcwhqJp6JBTJPq8ga335HWgSQVS7uQmdmeX7iGjMNpj,solana,PumpSwap,,,,,2026-08-27T00:03:44Z,0.004380567299233365,,,,,,,,,,,,,,,,,,,ohlcv_backfill,minute,0.004294026802721431,0.004383310381165507,0.0042271835657060434,0.004380567299233365,4758.717144696633,/home/runner/work/Solana-Memecoin-Analysis/Solana-Memecoin-Analysis/data/cache/2026-09-26/014654158151_ohlcv_b02c79a92f79.json
2026-09-26T01:05:00+00:00,3dcwhqJp6JBTJPq8ga335HWgSQVS7uQmdmeX7iGjMNpj,solana,PumpSwap,,,,,2026-08-27T00:03:44Z,0.004294026802721431,,,,,,,,,,,,,,,,,,,ohlcv_backfill,minute,0.004262741345327906,0.004294026802721431,0.004262741345327906,0.004294026802721431,3.880087505541587,/home/runner/work/Solana-Memecoin-Analysis/Solana-Memecoin-Analysis/data/cache/2026-09-26/014654158151_ohlcv_b02c79a92f79.json
2026-09-26T01:00:00+00:00,3dcwhqJp6JBTJPq8ga335HWgSQVS7uQmdmeX7iGjMNpj,solana,PumpSwap,,,,,2026-08-27T00:03:44Z,0.004262741345327906,,,,,,,,,,,,,,,,,,,ohlcv_backfill,minute,0.004248767017126307,0.004262741345327906,0.004248767017126307,0.004262741345327906,79.87439187646982,/home/runner/work/Solana-Memecoin-Analysis/Solana-Memecoin-Analysis/data/cache/2026-09-26/014654158151_ohlcv_b02c79a92f79.json
2026-09-26T00:55:00+00:00,3dcwhqJp6JBTJPq8ga335HWgSQVS7uQmdmeX7iGjMNpj,solana,PumpSwap,,,,,2026-08-27T00:03:44Z,0.004248767017126307,,,,,,,,,,,,,,,,,,,ohlcv_backfill,minute,0.004241596046041883,0.004265549783844466,0.004241596046041883,0.004248767017126307,1592.4817889634583,/home/runner/work/Solana-Memecoin-Analysis/Solana-Memecoin-Analysis/data/cache/2026-09-26/014654158151_ohlcv_b02c79a92f79.json
2026-09-26T00:45:00+00:00,3dcwhqJp6JBTJPq8ga335HWgSQVS7uQmdmeX7iGjMNpj,solana,PumpSwap,,,,,2026-08-27T00:03:44Z,0.004241596046041883,,,,,,,,,,,,,,,,,,,ohlcv_backfill,minute,0.004256364989945418,0.004256364989945418,0.004209340647618605,0.004241596046041883,609.1417246349797,/home/runner/work/Solana-Memecoin-Analysis/Solana-Memecoin-Analysis/data/cache/2026-09-26/014654158151_ohlcv_b02c79a92f79.json
2026-09-26T00:40:00+00:00,3dcwhqJp6JBTJPq8ga335HWgSQVS7uQmdmeX7iGjMNpj,solana,PumpSwap,,,,,2026-08-27T00:03:44Z,0.004256364989945418,,,,,,,,,,,,,,,,,,,ohlcv_backfill,minute,0.004237751808662341,0.0042796762692802505,0.0042264516031115945,0.004256364989945418,1034.1759188699366,/home/runner/work/Solana-Memecoin-Analysis/Solana-Memecoin-Analysis/data/cache/2026-09-26/014654158151_ohlcv_b02c79a92f79.json
2026-09-26T00:35:00+00:00,3dcwhqJp6JBTJPq8ga335HWgSQVS7uQmdmeX7iGjMNpj,solana,PumpSwap,,,,,2026-08-27T00:03:44Z,0.004237751808662341,,,,,,,,,,,,,,,,,,,ohlcv_backfill,minute,0.00425196467333524,0.00425196467333524,0.004237751808662341,0.004237751808662341,287.6041980258814,/home/runner/work/Solana-Memecoin-Analysis/Solana-Memecoin-Analysis/data/cache/2026-09-26/014654158151_ohlcv_b02c79a92f79.json
2026-09-26T00:30:00+00:00,3dcwhqJp6JBTJPq8ga335HWgSQVS7uQmdmeX7iGjMNpj,solana,PumpSwap,,,,,2026-08-27T00:03:44Z,0.00425196467333524,,,,,,,,,,,,,,,,,,,ohlcv_backfill,minute,0.0043067609994127815,0.004318395938830905,0.00424400759945581,0.00425196467333524,1886.574009805025,/home/runner/work/Solana-Memecoin-Analysis/Solana-Memecoin-Analysis/data/cache/2026-09-26/014654158151_ohlcv_b02c79a92f79.json
2026-09-26T00:25:00+00:00,3dcwhqJp6JBTJPq8ga335HWgSQVS7uQmdmeX7iGjMNpj,solana,PumpSwap,,,,,2026-08-27T00:03:44Z,0.0043067609994127815,,,,,,,,,,,,,,,,,,,ohlcv_backfill,minute,0.004331759642521022,0.0043498751545888465,0.0043067609994127815,0.0043067609994127815,497.32798381347214,/home/runner/work/Solana-Memecoin-Analysis/Solana-Memecoin-Analysis/data/cache/2026-09-26/014654158151_ohlcv_b02c79a92f79.json
2026-09-26T00:20:00+00:00,3dcwhqJp6JBTJPq8ga335HWgSQVS7uQmdmeX7iGjMNpj,solana,PumpSwap,,,,,2026-08-27T00:03:44Z,0.004331759642521022,,,,,,,,,,,,,,,,,,,ohlcv_backfill,minute,0.004407068770453343,0.004407068770453343,0.004323834465815316,0.004331759642521022,2843.8306189144027,/home/runner/work/Solana-Memecoin-Analysis/Solana-Memecoin-Analysis/data/cache/2026-09-26/014654158151_ohlcv_b02c79a92f79.json
2026-09-26T00:15:00+00:00,3dcwhqJp6JBTJPq8ga335HWgSQVS7uQmdmeX7iGjMNpj,solana,PumpSwap,,,,,2026-08-27T00:03:44Z,0.004407068770453343,,,,,,,,,,,,,,,,,,,ohlcv_backfill,minute,0.00439961655102964,0.004427578814207933,0.004344999638487564,0.004407068770453343,4981.934501055453,/home/runner/work/Solana-Memecoin-Analysis/Solana-Memecoin-Analysis/data/cache/2026-09-26/014654158151_ohlcv_b02c79a92f79.json
2026-09-26T00:10:00+00:00,3dcwhqJp6JBTJPq8ga335HWgSQVS7uQmdmeX7iGjMNpj,solana,PumpSwap,,,,,2026-08-27T00:03:44Z,0.00439961655102964,,,,,,,,,,,,,,,,,,,ohlcv_backfill,minute,0.0041832057715189865,0.00443876734549417,0.0041832057715189865,0.00439961655102964,16249.127253886405,/home/runner/work/Solana-Memecoin-Analysis/Solana-Memecoin-Analysis/data/cache/2026-09-26/014654158151_ohlcv_b02c79a92f79.json
2026-09-26T00:05:00+00:00,3dcwhqJp6JBTJPq8ga335HWgSQVS7uQmdmeX7iGjMNpj,solana,PumpSwap,,,,,2026-08-27T00:03:44Z,0.0041832057715189865,,,,,,,,,,,,,,,,,,,ohlcv_backfill,minute,0.004174942772754975,0.00422991919165461,0.004174942772754975,0.0041832057715189865,3394.1775604203485,/home/runner/work/Solana-Memecoin-Analysis/Solana-Memecoin-Analysis/data/cache/2026-09-26/014654158151_ohlcv_b02c79a92f79.json
2026-09-26T00:00:00+00:00,3dcwhqJp6JBTJPq8ga335HWgSQVS7uQmdmeX7iGjMNpj,solana,PumpSwap,,,,,2026-08-27T00:03:44Z,0.004174942772754975,,,,,,,,,,,,,,,,,,,ohlcv_backfill,minute,0.004139276756779329,0.004174942772754975,0.004139276756779329,0.004174942772754975,1159.3224368106153,/home/runner/work/Solana-Memecoin-Analysis/Solana-Memecoin-Analysis/data/cache/2026-09-26/014654158151_ohlcv_b02c79a92f79.json
2026-09-25T23:55:00+00:00,3dcwhqJp6JBTJPq8ga335HWgSQVS7uQmdmeX7iGjMNpj,solana,PumpSwap,,,,,2026-08-27T00:03:44Z,0.004139276756779329,,,,,,,,,,,,,,,,,,,ohlcv_backfill,minute,0.004107622161228283,0.004147810759751388,0.004100895384144975,0.004139276756779329,402.4225193303082,/home/runner/work/Solana-Memecoin-Analysis/Solana-Memecoin-Analysis/data/cache/2026-09-26/014654158151_ohlcv_b02c79a92f79.json
2026-09-25T23:50:00+00:00,3dcwhqJp6JBTJPq8ga335HWgSQVS7uQmdmeX7iGjMNpj,solana,PumpSwap,,,,,2026-08-27T00:03:44Z,0.004107622161228283,,,,,,,,,,,,,,,,,,,ohlcv_backfill,minute,0.0041465624271273096,0.0041465624271273096,0.004107622161228283,0.004107622161228283,1083.6889641714586,/home/runner/work/Solana-Memecoin-Analysis/Solana-Memecoin-Analysis/data/cache/2026-09-26/014654158151_ohlcv_b02c79a92f79.json
2026-09-25T23:45:00+00:00,3dcwhqJp6JBTJPq8ga335HWgSQVS7uQmdmeX7iGjMNpj,solana,PumpSwap,,,,,2026-08-27T00:03:44Z,0.0041465624271273096,,,,,,,,,,,,,,,,,,,ohlcv_backfill,minute,0.004236270311638667,0.004236270311638667,0.0041465624271273096,0.0041465624271273096,2688.4613571697864,/home/runner/work/Solana-Memecoin-Analysis/Solana-Memecoin-Analysis/data/cache/2026-09-26/014654158151_ohlcv_b02c79a92f79.json
2026-09-25T23:40:00+00:00,3dcwhqJp6JBTJPq8ga335HWgSQVS7uQmdmeX7iGjMNpj,solana,PumpSwap,,,,,2026-08-27T00:03:44Z,0.004236270311638667,,,,,,,,,,,,,,,,,,,ohlcv_backfill,minute,0.0042854284661887725,0.0042854284661887725,0.004236270311638667,0.004236270311638667,919.6809597281658,/home/runner/work/Solana-Memecoin-Analysis/Solana-Memecoin-Analysis/data/cache/2026-09-26/014654158151_ohlcv_b02c79a92f79.json
2026-09-25T23:35:00+00:00,3dcwhqJp6JBTJPq8ga335HWgSQVS7uQmdmeX7iGjMNpj,solana,PumpSwap,,,,,2026-08-27T00:03:44Z,0.0042854284661887725,,,,,,,,,,,,,,,,,,,ohlcv_backfill,minute,0.003988377598217014,0.004348165771605383,0.003988377598217014,0.0042854284661887725,15200.674418361685,/home/runner/work/Solana-Memecoin-Analysis/Solana-Memecoin-Analysis/data/cache/2026-09-26/014654158151_ohlcv_b02c79a92f79.json
2026-09-25T23:30:00+00:00,3dcwhqJp6JBTJPq8ga335HWgSQVS7uQmdmeX7iGjMNpj,solana,PumpSwap,,,,,2026-08-27T00:03:44Z,0.003988377598217014,,,,,,,,,,,,,,,,,,,ohlcv_backfill,minute,0.0039254677812565735,0.004025612298667231,0.0039254677812565735,0.003988377598217014,2514.613065304412,/home/runner/work/Solana-Memecoin-Analysis/Solana-Memecoin-Analysis/data/cache/2026-09-26/014654158151_ohlcv_b02c79a92f79.json
2026-09-25T23:25:00+00:00,3dcwhqJp6JBTJPq8ga335HWgSQVS7uQmdmeX7iGjMNpj,solana,PumpSwap,,,,,2026-08-27T00:03:44Z,0.0039254677812565735,,,,,,,,,,,,,,,,,,,ohlcv_backfill,minute,0.003993807420426553,0.003993807420426553,0.003890573941137324,0.0039254677812565735,7614.632535821693,/home/runner/work/Solana-Memecoin-Analysis/Solana-Memecoin-Analysis/data/cache/2026-09-26/014654158151_ohlcv_b02c79a92f79.json
2026-09-25T23:20:00+00:00,3dcwhqJp6JBTJPq8ga335HWgSQVS7uQmdmeX7iGjMNpj,solana,PumpSwap,,,,,2026-08-27T00:03:44Z,0.003993807420426553,,,,,,,,,,,,,,,,,,,ohlcv_backfill,minute,0.004036171159821701,0.004036171159821701,0.003993807420426553,0.003993807420426553,81.89609182040743,/home/runner/work/Solana-Memecoin-Analysis/Solana-Memecoin-Analysis/data/cache/2026-09-26/014654158151_ohlcv_b02c79a92f79.json
2026-09-25T23:15:00+00:00,3dcwhqJp6JBTJPq8ga335HWgSQVS7uQmdmeX7iGjMNpj,solana,PumpSwap,,,,,2026-08-27T00:03:44Z,0.004036171159821701,,,,,,,,,,,,,,,,,,,ohlcv_backfill,minute,0.004029716933448488,0.004036171159821701,0.004028700460698783,0.004036171159821701,161.18111072191664,/home/runner/work/Solana-Memecoin-Analysis/Solana-Memecoin-Analysis/data/cache/2026-09-26/014654158151_ohlcv_b02c79a92f79.json
2026-09-25T23:10:00+00:00,3dcwhqJp6JBTJPq8ga335HWgSQVS7uQmdmeX7iGjMNpj,solana,PumpSwap,,,,,2026-08-27T00:03:44Z,0.004029716933448488,,,,,,,,,,,,,,,,,,,ohlcv_backfill,minute,0.00408382400179512,0.00408382400179512,0.004017767802941761,0.004029716933448488,3248.581638157803,/home/runner/work/Solana-Memecoin-Analysis/Solana-Memecoin-Analysis/data/cache/2026-09-26/014654158151_ohlcv_b02c79a92f79.json
2026-09-25T23:05:00+00:00,3dcwhqJp6JBTJPq8ga335HWgSQVS7uQmdmeX7iGjMNpj,solana,PumpSwap,,,,,2026-08-27T00:03:44Z,0.00408382400179512,,,,,,,,,,,,,,,,,,,ohlcv_backfill,minute,0.004085899181699219,0.004128183326877479,0.00408382400179512,0.00408382400179512,37.24480340587356,/home/runner/work/Solana-Memecoin-Analysis/Solana-Memecoin-Analysis/data/cache/2026-09-26/014654158151_ohlcv_b02c79a92f79.json
2026-09-25T23:00:00+00:00,3dcwhqJp6JBTJPq8ga335HWgSQVS7uQmdmeX7iGjMNpj,solana,PumpSwap,,,,,2026-08-27T00:03:44Z,0.004085899181699219,,,,,,,,,,,,,,,,,,,ohlcv_backfill,minute,0.004124505008357231,0.004124951135738124,0.004085899181699219,0.004085899181699219,56.67522492792986,/home/runner/work/Solana-Memecoin-Analysis/Solana-Memecoin-Analysis/data/cache/2026-09-26/014654158151_ohlcv_b02c79a92f79.json
2026-09-25T22:55:00+00:00,3dcwhqJp6JBTJPq8ga335HWgSQVS7uQmdmeX7iGjMNpj,solana,PumpSwap,,,,,2026-08-27T00:03:44Z,0.004124505008357231,,,,,,,,,,,,,,,,,,,ohlcv_backfill,minute,0.004211277189105907,0.004253017797437665,0.004102375446792238,0.004124505008357231,5595.871098935136,/home/runner/work/Solana-Memecoin-Analysis/Solana-Memecoin-Analysis/data/cache/2026-09-26/014654158151_ohlcv_b02c79a92f79.json
2026-09-25T22:50:00+00:00,3dcwhqJp6JBTJPq8ga335HWgSQVS7uQmdmeX7iGjMNpj,solana,PumpSwap,,,,,2026-08-27T00:03:44Z,0.004211277189105907,,,,,,,,,,,,,,,,,,,ohlcv_backfill,minute,0.0042281770935406185,0.004244766192237402,0.004183761469712891,0.004211277189105907,935.5202174634497,/home/runner/work/Solana-Memecoin-Analysis/Solana-Memecoin-Analysis/data/cache/2026-09-26/014654158151_ohlcv_b02c79a92f79.json
2026-09-25T22:45:00+00:00,3dcwhqJp6JBTJPq8ga335HWgSQVS7uQmdmeX7iGjMNpj,solana,PumpSwap,,,,,2026-08-27T00:03:44Z,0.0042281770935406185,,,,,,,,,,,,,,,,,,,ohlcv_backfill,minute,0.004179200173360955,0.0042281770935406185,0.004179200173360955,0.0042281770935406185,583.0989807748222,/home/runner/work/Solana-Memecoin-Analysis/Solana-Memecoin-Analysis/data/cache/2026-09-26/014654158151_ohlcv_b02c79a92f79.json
2026-09-25T22:40:00+00:00,3dcwhqJp6JBTJPq8ga335HWgSQVS7uQmdmeX7iGjMNpj,solana,PumpSwap,,,,,2026-08-27T00:03:44Z,0.004179200173360955,,,,,,,,,,,,,,,,,,,ohlcv_backfill,minute,0.004177070444586341,0.004221901026106571,0.004177070444586341,0.004179200173360955,152.99281749211207,/home/runner/work/Solana-Memecoin-Analysis/Solana-Memecoin-Analysis/data/cache/2026-09-26/014654158151_ohlcv_b02c79a92f79.json
2026-09-25T22:35:00+00:00,3dcwhqJp6JBTJPq8ga335HWgSQVS7uQmdmeX7iGjMNpj,solana,PumpSwap,,,,,2026-08-27T00:03:44Z,0.004177070444586341,,,,,,,,,,,,,,,,,,,ohlcv_backfill,minute,0.004202316936218742,0.0043255585946842335,0.004157978134186489,0.004177070444586341,10076.459706609214,/home/runner/work/Solana-Memecoin-Analysis/Solana-Memecoin-Analysis/data/cache/2026-09-26/014654158151_ohlcv_b02c79a92f79.json
2026-09-25T22:30:00+00:00,3dcwhqJp6JBTJPq8ga335HWgSQVS7uQmdmeX7iGjMNpj,solana,PumpSwap,,,,,2026-08-27T00:03:44Z,0.004202316936218742,,,,,,,,,,,,,,,,,,,ohlcv_backfill,minute,0.00418838841706656,0.004241062064192197,0.00418838841706656,0.004202316936218742,419.87119048549516,/home/runner/work/Solana-Memecoin-Analysis/Solana-Memecoin-Analysis/data/cache/2026-09-26/014654158151_ohlcv_b02c79a92f79.json
2026-09-25T22:25:00+00:00,3dcwhqJp6JBTJPq8ga335HWgSQVS7uQmdmeX7iGjMNpj,solana,PumpSwap,,,,,2026-08-27T00:03:44Z,0.00418838841706656,,,,,,,,,,,,,,,,,,,ohlcv_backfill,minute,0.00414558551584866,0.00418838841706656,0.004101333791526555,0.00418838841706656,2662.7488779121672,/home/runner/work/Solana-Memecoin-Analysis/Solana-Memecoin-Analysis/data/cache/2026-09-26/014654158151_ohlcv_b02c79a92f79.json
2026-09-25T22:15:00+00:00,3dcwhqJp6JBTJPq8ga335HWgSQVS7uQmdmeX7iGjMNpj,solana,PumpSwap,,,,,2026-08-27T00:03:44Z,0.00414558551584866,,,,,,,,,,,,,,,,,,,ohlcv_backfill,minute,0.00420726593899975,0.004212620643967345,0.004119269598635964,0.00414558551584866,4066.0924503864812,/home/runner/work/Solana-Memecoin-Analysis/Solana-Memecoin-Analysis/data/cache/2026-09-26/014654158151_ohlcv_b02c79a92f79.json
2026-09-25T22:10:00+00:00,3dcwhqJp6JBTJPq8ga335HWgSQVS7uQmdmeX7iGjMNpj,solana,PumpSwap,,,,,2026-08-27T00:03:44Z,0.00420726593899975,,,,,,,,,,,,,,,,,,,ohlcv_backfill,minute,0.004018063017021483,0.004293689251271563,0.003998967025264307,0.00420726593899975,14853.417796166346,/home/runner/work/Solana-Memecoin-Analysis/Solana-Memecoin-Analysis/data/cache/2026-09-26/014654158151_ohlcv_b02c79a92f79.json
2026-09-25T22:05:00+00:00,3dcwhqJp6JBTJPq8ga335HWgSQVS7uQmdmeX7iGjMNpj,solana,PumpSwap,,,,,2026-08-27T00:03:44Z,0.004018063017021483,,,,,,,,,,,,,,,,,,,ohlcv_backfill,minute,0.00395013976100541,0.004018063017021483,0.003946910788409319,0.004018063017021483,1892.0598899367828,/home/runner/work/Solana-Memecoin-Analysis/Solana-Memecoin-Analysis/data/cache/2026-09-26/014654158151_ohlcv_b02c79a92f79.json
2026-09-25T22:00:00+00:00,3dcwhqJp6JBTJPq8ga335HWgSQVS7uQmdmeX7iGjMNpj,solana,PumpSwap,,,,,2026-08-27T00:03:44Z,0.00395013976100541,,,,,,,,,,,,,,,,,,,ohlcv_backfill,minute,0.0039829945307589334,0.0039829945307589334,0.0039416092646871225,0.00395013976100541,131.55945915331552,/home/runner/work/Solana-Memecoin-Analysis/Solana-Memecoin-Analysis/data/cache/2026-09-26/014654158151_ohlcv_b02c79a92f79.json
2026-09-25T21:55:00+00:00,3dcwhqJp6JBTJPq8ga335HWgSQVS7uQmdmeX7iGjMNpj,solana,PumpSwap,,,,,2026-08-27T00:03:44Z,0.0039829945307589334,,,,,,,,,,,,,,,,,,,ohlcv_backfill,minute,0.004042410110508875,0.004043589824947901,0.0039793347355525045,0.0039829945307589334,3086.372942979589,/home/runner/work/Solana-Memecoin-Analysis/Solana-Memecoin-Analysis/data/cache/2026-09-26/014654158151_ohlcv_b02c79a92f79.json
2026-09-25T21:50:00+00:00,3dcwhqJp6JBTJPq8ga335HWgSQVS7uQmdmeX7iGjMNpj,solana,PumpSwap,,,,,2026-08-27T00:03:44Z,0.004042410110508875,,,,,,,,,,,,,,,,,,,ohlcv_backfill,minute,0.004005538969360442,0.004077335358901345,0.003998143772583676,0.004042410110508875,3050.330526158416,/home/runner/work/Solana-Memecoin-Analysis/Solana-Memecoin-Analysis/data/cache/2026-09-26/014654158151_ohlcv_b02c79a92f79.json
2026-09-25T21:45:00+00:00,3dcwhqJp6JBTJPq8ga335HWgSQVS7uQmdmeX7iGjMNpj,solana,PumpSwap,,,,,2026-08-27T00:03:44Z,0.004005538969360442,,,,,,,,,,,,,,,,,,,ohlcv_backfill,minute,0.004042902640441339,0.004074519559976105,0.003717395373048916,0.004005538969360442,30921.089324794495,/home/runner/work/Solana-Memecoin-Analysis/Solana-Memecoin-Analysis/data/cache/2026-09-26/014654158151_ohlcv_b02c79a92f79.json
2026-09-25T21:40:00+00:00,3dcwhqJp6JBTJPq8ga335HWgSQVS7uQmdmeX7iGjMNpj,solana,PumpSwap,,,,,2026-08-27T00:03:44Z,0.004042902640441339,,,,,,,,,,,,,,,,,,,ohlcv_backfill,minute,0.004222610542191559,0.00422988218068242,0.0037518676243640933,0.004042902640441339,34472.49158829882,/home/runner/work/Solana-Memecoin-Analysis/Solana-Memecoin-Analysis/data/cache/2026-09-26/014654158151_ohlcv_b02c79a92f79.json
2026-09-25T21:35:00+00:00,3dcwhqJp6JBTJPq8ga335HWgSQVS7uQmdmeX7iGjMNpj,solana,PumpSwap,,,,,2026-08-27T00:03:44Z,0.004222610542191559,,,,,,,,,,,,,,,,,,,ohlcv_backfill,minute,0.00419896967021678,0.004225541012065862,0.004182193981833268,0.004222610542191559,413.10248655417985,/home/runner/work/Solana-Memecoin-Analysis/Solana-Memecoin-Analysis/data/cache/2026-09-26/014654158151_ohlcv_b02c79a92f79.json
2026-09-25T21:25:00+00:00,3dcwhqJp6JBTJPq8ga335HWgSQVS7uQmdmeX7iGjMNpj,solana,PumpSwap,,,,,2026-08-27T00:03:44Z,0.00419896967021678,,,,,,,,,,,,,,,,,,,ohlcv_backfill,minute,0.004244613908099781,0.004244613908099781,0.00419896967021678,0.00419896967021678,325.84574981991364,/home/runner/work/Solana-Memecoin-Analysis/Solana-Memecoin-Analysis/data/cache/2026-09-26/014654158151_ohlcv_b02c79a92f79.json
2026-09-25T21:20:00+00:00,3dcwhqJp6JBTJPq8ga335HWgSQVS7uQmdmeX7iGjMNpj,solana,PumpSwap,,,,,2026-08-27T00:03:44Z,0.004244613908099781,,,,,,,,,,,,,,,,,,,ohlcv_backfill,minute,0.004249454761129228,0.004249454761129228,0.004214727902953657,0.004244613908099781,157.53335675584157,/home/runner/work/Solana-Memecoin-Analysis/Solana-Memecoin-Analysis/data/cache/2026-09-26/014654158151_ohlcv_b02c79a92f79.json
2026-09-25T21:15:00+00:00,3dcwhqJp6JBTJPq8ga335HWgSQVS7uQmdmeX7iGjMNpj,solana,PumpSwap,,,,,2026-08-27T00:03:44Z,0.004249454761129228,,,,,,,,,,,,,,,,,,,ohlcv_backfill,minute,0.004214218714312092,0.004249454761129228,0.004206694473902364,0.004249454761129228,81.60430154952711,/home/runner/work/Solana-Memecoin-Analysis/Solana-Memecoin-Analysis/data/cache/2026-09-26/014654158151_ohlcv_b02c79a92f79.json
2026-09-25T21:10:00+00:00,3dcwhqJp6JBTJPq8ga335HWgSQVS7uQmdmeX7iGjMNpj,solana,PumpSwap,,,,,2026-08-27T00:03:44Z,0.004214218714312092,,,,,,,,,,,,,,,,,,,ohlcv_backfill,minute,0.004242234437461041,0.004242234437461041,0.0042118667893069565,0.004214218714312092,649.1265126441236,/home/runner/work/Solana-Memecoin-Analysis/Solana-Memecoin-Analysis/data/cache/2026-09-26/014654158151_ohlcv_b02c79a92f79.json
2026-09-25T21:05:00+00:00,3dcwhqJp6JBTJPq8ga335HWgSQVS7uQmdmeX7iGjMNpj,solana,PumpSwap,,,,,2026-08-27T00:03:44Z,0.004242234437461041,,,,,,,,,,,,,,,,,,,ohlcv_backfill,minute,0.004402720644979016,0.004402720644979016,0.004242234437461041,0.004242234437461041,5359.219483760343,/home/runner/work/Solana-Memecoin-Analysis/Solana-Memecoin-Analysis/data/cache/2026-09-26/014654158151_ohlcv_b02c79a92f79.json
2026-09-25T21:00:00+00:00,3dcwhqJp6JBTJPq8ga335HWgSQVS7uQmdmeX7iGjMNpj,solana,PumpSwap,,,,,2026-08-27T00:03:44Z,0.004402720644979016,,,,,,,,,,,,,,,,,,,ohlcv_backfill,minute,0.004400636042624901,0.004402720644979016,0.004359363616793789,0.004402720644979016,81.03839081201242,/home/runner/work/Solana-Memecoin-Analysis/Solana-Memecoin-Analysis/data/cache/2026-09-26/014654158151_ohlcv_b02c79a92f79.json
2026-09-25T20:55:00+00:00,3dcwhqJp6JBTJPq8ga335HWgSQVS7uQmdmeX7iGjMNpj,solana,PumpSwap,,,,,2026-08-27T00:03:44Z,0.004400636042624901,,,,,,,,,,,,,,,,,,,ohlcv_backfill,minute,0.004363750112634617,0.004400698519403647,0.004329116930472268,0.004400636042624901,2914.1995571195794,/home/runner/work/Solana-Memecoin-Analysis/Solana-Memecoin-Analysis/data/cache/2026-09-26/014654158151_ohlcv_b02c79a92f79.json
2026-09-25T20:50:00+00:00,3dcwhqJp6JBTJPq8ga335HWgSQVS7uQmdmeX7iGjMNpj,solana,PumpSwap,,,,,2026-08-27T00:03:44Z,0.004363750112634617,,,,,,,,,,,,,,,,,,,ohlcv_backfill,minute,0.00439846662998002,0.00439846662998002,0.004363661026214056,0.004363750112634617,721.7685124354739,/home/runner/work/Solana-Memecoin-Analysis/Solana-Memecoin-Analysis/data/cache/2026-09-26/014654158151_ohlcv_b02c79a92f79.json
2026-09-25T20:45:00+00:00,3dcwhqJp6JBTJPq8ga335HWgSQVS7uQmdmeX7iGjMNpj,solana,PumpSwap,,,,,2026-08-27T00:03:44Z,0.00439846662998002,,,,,,,,,,,,,,,,,,,ohlcv_backfill,minute,0.0044572069451473215,0.0044572069451473215,0.004398272834938336,0.00439846662998002,1334.249386620717,/home/runner/work/Solana-Memecoin-Analysis/Solana-Memecoin-Analysis/data/cache/2026-09-26/014654158151_ohlcv_b02c79a92f79.json
2026-09-25T20:40:00+00:00,3dcwhqJp6JBTJPq8ga335HWgSQVS7uQmdmeX7iGjMNpj,solana,PumpSwap,,,,,2026-08-27T00:03:44Z,0.0044572069451473215,,,,,,,,,,,,,,,,,,,ohlcv_backfill,minute,0.004523029796834828,0.004566349018139631,0.0044572069451473215,0.0044572069451473215,3844.599659858821,/home/runner/work/Solana-Memecoin-Analysis/Solana-Memecoin-Analysis/data/cache/2026-09-26/014654158151_ohlcv_b02c79a92f79.json
2026-09-25T20:35:00+00:00,3dcwhqJp6JBTJPq8ga335HWgSQVS7uQmdmeX7iGjMNpj,solana,PumpSwap,,,,,2026-08-27T00:03:44Z,0.004523029796834828,,,,,,,,,,,,,,,,,,,ohlcv_backfill,minute,0.004523064289693639,0.004613088815094687,0.00438870029937197,0.004523029796834828,18389.530649233686,/home/runner/work/Solana-Memecoin-Analysis/Solana-Memecoin-Analysis/data/cache/2026-09-26/014654158151_ohlcv_b02c79a92f79.json
2026-09-25T20:30:00+00:00,3dcwhqJp6JBTJPq8ga335HWgSQVS7uQmdmeX7iGjMNpj,solana,PumpSwap,,,,,2026-08-27T00:03:44Z,0.004523064289693639,,,,,,,,,,,,,,,,,,,ohlcv_backfill,minute,0.004335360797056805,0.004535189553687567,0.004261242913351813,0.004523064289693639,18588.55300009298,/home/runner/work/Solana-Memecoin-Analysis/Solana-Memecoin-Analysis/data/cache/2026-09-26/014654158151_ohlcv_b02c79a92f79.json
2026-09-25T20:25:00+00:00,3dcwhqJp6JBTJPq8ga335HWgSQVS7uQmdmeX7iGjMNpj,solana,PumpSwap,,,,,2026-08-27T00:03:44Z,0.004335360797056805,,,,,,,,,,,,,,,,,,,ohlcv_backfill,minute,0.0043214019179663105,0.00436771516576382,0.004303693895009263,0.004335360797056805,2759.2096888998967,/home/runner/work/Solana-Memecoin-Analysis/Solana-Memecoin-Analysis/data/cache/2026-09-26/014654158151_ohlcv_b02c79a92f79.json
2026-09-25T20:20:00+00:00,3dcwhqJp6JBTJPq8ga335HWgSQVS7uQmdmeX7iGjMNpj,solana,PumpSwap,,,,,2026-08-27T00:03:44Z,0.0043214019179663105,,,,,,,,,,,,,,,,,,,ohlcv_backfill,minute,0.0039471531439010665,0.004622771983669557,0.0039471531439010665,0.0043214019179663105,44810.03581258971,/home/runner/work/Solana-Memecoin-Analysis/Solana-Memecoin-Analysis/data/cache/2026-09-26/014654158151_ohlcv_b02c79a92f79.json
2026-09-25T20:15:00+00:00,3dcwhqJp6JBTJPq8ga335HWgSQVS7uQmdmeX7iGjMNpj,solana,PumpSwap,,,,,2026-08-27T00:03:44Z,0.0039471531439010665,,,,,,,,,,,,,,,,,,,ohlcv_backfill,minute,0.003985000369305103,0.003985000369305103,0.0039471531439010665,0.0039471531439010665,1.3773887484730003,/home/runner/work/Solana-Memecoin-Analysis/Solana-Memecoin-Analysis/data/cache/2026-09-26/014654158151_ohlcv_b02c79a92f79.json
2026-09-25T20:10:00+00:00,3dcwhqJp6JBTJPq8ga335HWgSQVS7uQmdmeX7iGjMNpj,solana,PumpSwap,,,,,2026-08-27T00:03:44Z,0.003985000369305103,,,,,,,,,,,,,,,,,,,ohlcv_backfill,minute,0.003990775911026281,0.003990775911026281,0.0039847964114504714,0.003985000369305103,20.22189876560487,/home/runner/work/Solana-Memecoin-Analysis/Solana-Memecoin-Analysis/data/cache/2026-09-26/014654158151_ohlcv_b02c79a92f79.json
2026-09-25T20:05:00+00:00,3dcwhqJp6JBTJPq8ga335HWgSQVS7uQmdmeX7iGjMNpj,solana,PumpSwap,,,,,2026-08-27T00:03:44Z,0.003990775911026281,,,,,,,,,,,,,,,,,,,ohlcv_backfill,minute,0.004029263002646176,0.004029263002646176,0.003968424481658116,0.003990775911026281,1423.691062942355,/home/runner/work/Solana-Memecoin-Analysis/Solana-Memecoin-Analysis/data/cache/2026-09-26/014654158151_ohlcv_b02c79a92f79.json
2026-09-25T20:00:00+00:00,3dcwhqJp6JBTJPq8ga335HWgSQVS7uQmdmeX7iGjMNpj,solana,PumpSwap,,,,,2026-08-27T00:03:44Z,0.004029263002646176,,,,,,,,,,,,,,,,,,,ohlcv_backfill,minute,0.004057132666112159,0.004057132666112159,0.003997192038189094,0.004029263002646176,1655.8756633595956,/home/runner/work/Solana-Memecoin-Analysis/Solana-Memecoin-Analysis/data/cache/2026-09-26/014654158151_ohlcv_b02c79a92f79.json
2026-09-25T19:55:00+00:00,3dcwhqJp6JBTJPq8ga335HWgSQVS7uQmdmeX7iGjMNpj,solana,PumpSwap,,,,,2026-08-27T00:03:44Z,0.004057132666112159,,,,,,,,,,,,,,,,,,,ohlcv_backfill,minute,0.0040485059225829866,0.004086373543554777,0.00401727503995344,0.004057132666112159,1472.501509431536,/home/runner/work/Solana-Memecoin-Analysis/Solana-Memecoin-Analysis/data/cache/2026-09-26/014654158151_ohlcv_b02c79a92f79.json
2026-09-25T19:50:00+00:00,3dcwhqJp6JBTJPq8ga335HWgSQVS7uQmdmeX7iGjMNpj,solana,PumpSwap,,,,,2026-08-27T00:03:44Z,0.0040485059225829866,,,,,,,,,,,,,,,,,,,ohlcv_backfill,minute,0.003943104683512772,0.004106387633731851,0.003943104683512772,0.0040485059225829866,8048.094532669975,/home/runner/work/Solana-Memecoin-Analysis/Solana-Memecoin-Analysis/data/cache/2026-09-26/014654158151_ohlcv_b02c79a92f79.json
2026-09-25T19:45:00+00:00,3dcwhqJp6JBTJPq8ga335HWgSQVS7uQmdmeX7iGjMNpj,solana,PumpSwap,,,,,2026-08-27T00:03:44Z,0.003943104683512772,,,,,,,,,,,,,,,,,,,ohlcv_backfill,minute,0.0038912552745532093,0.003943104683512772,0.0038912552745532093,0.003943104683512772,459.33027829559506,/home/runner/work/Solana-Memecoin-Analysis/Solana-Memecoin-Analysis/data/cache/2026-09-26/014654158151_ohlcv_b02c79a92f79.json
2026-09-25T19:40:00+00:00,3dcwhqJp6JBTJPq8ga335HWgSQVS7uQmdmeX7iGjMNpj,solana,PumpSwap,,,,,2026-08-27T00:03:44Z,0.0038912552745532093,,,,,,,,,,,,,,,,,,,ohlcv_backfill,minute,0.003888138738960048,0.003926764298517007,0.0038858389718368215,0.0038912552745532093,154.74140949075252,/home/runner/work/Solana-Memecoin-Analysis/Solana-Memecoin-Analysis/data/cache/2026-09-26/014654158151_ohlcv_b02c79a92f79.json
2026-09-25T19:35:00+00:00,3dcwhqJp6JBTJPq8ga335HWgSQVS7uQmdmeX7iGjMNpj,solana,PumpSwap,,,,,2026-08-27T00:03:44Z,0.003888138738960048,,,,,,,,,,,,,,,,,,,ohlcv_backfill,minute,0.0039762965706367165,0.003977383402460553,0.003888138738960048,0.003888138738960048,2883.002121779879,/home/runner/work/Solana-Memecoin-Analysis/Solana-Memecoin-Analysis/data/cache/2026-09-26/014654158151_ohlcv_b02c79a92f79.json
2026-09-25T19:30:00+00:00,3dcwhqJp6JBTJPq8ga335HWgSQVS7uQmdmeX7iGjMNpj,solana,PumpSwap,,,,,2026-08-27T00:03:44Z,0.0039762965706367165,,,,,,,,,,,,,,,,,,,ohlcv_backfill,minute,0.004097009742514241,0.00409802721824131,0.003946189339516137,0.0039762965706367165,4901.358045773853,/home/runner/work/Solana-Memecoin-Analysis/Solana-Memecoin-Analysis/data/cache/2026-09-26/014654158151_ohlcv_b02c79a92f79.json
2026-09-25T19:25:00+00:00,3dcwhqJp6JBTJPq8ga335HWgSQVS7uQmdmeX7iGjMNpj,solana,PumpSwap,,,,,2026-08-27T00:03:44Z,0.004097009742514241,,,,,,,,,,,,,,,,,,,ohlcv_backfill,minute,0.004056459661859519,0.004098218219407883,0.00405279174884833,0.004097009742514241,353.0920797632879,/home/runner/work/Solana-Memecoin-Analysis/Solana-Memecoin-Analysis/data/cache/2026-09-26/014654158151_ohlcv_b02c79a92f79.json
2026-09-25T19:20:00+00:00,3dcwhqJp6JBTJPq8ga335HWgSQVS7uQmdmeX7iGjMNpj,solana,PumpSwap,,,,,2026-08-27T00:03:44Z,0.004056459661859519,,,,,,,,,,,,,,,,,,,ohlcv_backfill,minute,0.003913610984493086,0.004092516792594757,0.003913610984493086,0.004056459661859519,9458.276028313468,/home/runner/work/Solana-Memecoin-Analysis/Solana-Memecoin-Analysis/data/cache/2026-09-26/014654158151_ohlcv_b02c79a92f79.json
2026-09-25T19:15:00+00:00,3dcwhqJp6JBTJPq8ga335HWgSQVS7uQmdmeX7iGjMNpj,solana,PumpSwap,,,,,2026-08-27T00:03:44Z,0.003913610984493086,,,,,,,,,,,,,,,,,,,ohlcv_backfill,minute,0.0037742991042266747,0.0039189079255369606,0.0037343305426970276,0.003913610984493086,5132.099311989144,/home/runner/work/Solana-Memecoin-Analysis/Solana-Memecoin-Analysis/data/cache/2026-09-26/014654158151_ohlcv_b02c79a92f79.json
2026-09-25T19:10:00+00:00,3dcwhqJp6JBTJPq8ga335HWgSQVS7uQmdmeX7iGjMNpj,solana,PumpSwap,,,,,2026-08-27T00:03:44Z,0.0037742991042266747,,,,,,,,,,,,,,,,,,,ohlcv_backfill,minute,0.0037662971037686435,0.0037777969687459085,0.0037356645953830507,0.0037742991042266747,112.60216777981847,/home/runner/work/Solana-Memecoin-Analysis/Solana-Memecoin-Analysis/data/cache/2026-09-26/014654158151_ohlcv_b02c79a92f79.json
2026-09-25T19:00:00+00:00,3dcwhqJp6JBTJPq8ga335HWgSQVS7uQmdmeX7iGjMNpj,solana,PumpSwap,,,,,2026-08-27T00:03:44Z,0.0037662971037686435,,,,,,,,,,,,,,,,,,,ohlcv_backfill,minute,0.003804915547798181,0.0038087661146834987,0.0037062951663394943,0.0037662971037686435,6302.200689000112,/home/runner/work/Solana-Memecoin-Analysis/Solana-Memecoin-Analysis/data/cache/2026-09-26/014654158151_ohlcv_b02c79a92f79.json
2026-09-25T18:55:00+00:00,3dcwhqJp6JBTJPq8ga335HWgSQVS7uQmdmeX7iGjMNpj,solana,PumpSwap,,,,,2026-08-27T00:03:44Z,0.003804915547798181,,,,,,,,,,,,,,,,,,,ohlcv_backfill,minute,0.003846681936935216,0.0038816879862379476,0.003765164295093432,0.003804915547798181,4045.838006666425,/home/runner/work/Solana-Memecoin-Analysis/Solana-Memecoin-Analysis/data/cache/2026-09-26/014654158151_ohlcv_b02c79a92f79.json
2026-09-25T18:50:00+00:00,3dcwhqJp6JBTJPq8ga335HWgSQVS7uQmdmeX7iGjMNpj,solana,PumpSwap,,,,,2026-08-27T00:03:44Z,0.003846681936935216,,,,,,,,,,,,,,,,,,,ohlcv_backfill,minute,0.0038493352701382193,0.0038493352701382193,0.0038446001710353947,0.003846681936935216,58.44952474450265,/home/runner/work/Solana-Memecoin-Analysis/Solana-Memecoin-Analysis/data/cache/2026-09-26/014654158151_ohlcv_b02c79a92f79.json
2026-09-25T18:45:00+00:00,3dcwhqJp6JBTJPq8ga335HWgSQVS7uQmdmeX7iGjMNpj,solana,PumpSwap,,,,,2026-08-27T00:03:44Z,0.0038493352701382193,,,,,,,,,,,,,,,,,,,ohlcv_backfill,minute,0.0038515745075133547,0.0038515745075133547,0.0038493352701382193,0.0038493352701382193,48.94721519778861,/home/runner/work/Solana-Memecoin-Analysis/Solana-Memecoin-Analysis/data/cache/2026-09-26/014654158151_ohlcv_b02c79a92f79.json
2026-09-25T18:40:00+00:00,3dcwhqJp6JBTJPq8ga335HWgSQVS7uQmdmeX7iGjMNpj,solana,PumpSwap,,,,,2026-08-27T00:03:44Z,0.0038515745075133547,,,,,,,,,,,,,,,,,,,ohlcv_backfill,minute,0.003874391669778086,0.0038833865025413735,0.0038366326565641806,0.0038515745075133547,610.0411749121594,/home/runner/work/Solana-Memecoin-Analysis/Solana-Memecoin-Analysis/data/cache/2026-09-26/014654158151_ohlcv_b02c79a92f79.json
2026-09-25T18:35:00+00:00,3dcwhqJp6JBTJPq8ga335HWgSQVS7uQmdmeX7iGjMNpj,solana,PumpSwap,,,,,2026-08-27T00:03:44Z,0.003874391669778086,,,,,,,,,,,,,,,,,,,ohlcv_backfill,minute,0.0038349679800063906,0.003874391669778086,0.003807202140500664,0.003874391669778086,1190.1830131998388,/home/runner/work/Solana-Memecoin-Analysis/Solana-Memecoin-Analysis/data/cache/2026-09-26/014654158151_ohlcv_b02c79a92f79.json
2026-09-25T18:30:00+00:00,3dcwhqJp6JBTJPq8ga335HWgSQVS7uQmdmeX7iGjMNpj,solana,PumpSwap,,,,,2026-08-27T00:03:44Z,0.0038349679800063906,,,,,,,,,,,,,,,,,,,ohlcv_backfill,minute,0.003868346272860255,0.003871020859659873,0.0037989267778866615,0.0038349679800063906,1812.1204864952558,/home/runner/work/Solana-Memecoin-Analysis/Solana-Memecoin-Analysis/data/cache/2026-09-26/014654158151_ohlcv_b02c79a92f79.json
2026-09-25T18:25:00+00:00,3dcwhqJp6JBTJPq8ga335HWgSQVS7uQmdmeX7iGjMNpj,solana,PumpSwap,,,,,2026-08-27T00:03:44Z,0.003868346272860255,,,,,,,,,,,,,,,,,,,ohlcv_backfill,minute,0.003919414432141775,0.003924310812721944,0.0038285749695696576,0.003868346272860255,3434.8955494942384,/home/runner/work/Solana-Memecoin-Analysis/Solana-Memecoin-Analysis/data/cache/2026-09-26/014654158151_ohlcv_b02c79a92f79.json
2026-09-25T18:20:00+00:00,3dcwhqJp6JBTJPq8ga335HWgSQVS7uQmdmeX7iGjMNpj,solana,PumpSwap,,,,,2026-08-27T00:03:44Z,0.003919414432141775,,,,,,,,,,,,,,,,,,,ohlcv_backfill,minute,0.0039212754480879445,0.0039252892597035636,0.003859303162428048,0.003919414432141775,3774.070301949705,/home/runner/work/Solana-Memecoin-Analysis/Solana-Memecoin-Analysis/data/cache/2026-09-26/014654158151_ohlcv_b02c79a92f79.json
2026-09-25T18:15:00+00:00,3dcwhqJp6JBTJPq8ga335HWgSQVS7uQmdmeX7iGjMNpj,solana,PumpSwap,,,,,2026-08-27T00:03:44Z,0.0039212754480879445,,,,,,,,,,,,,,,,,,,ohlcv_backfill,minute,0.003998755835065586,0.003998755835065586,0.0038885409071343744,0.0039212754480879445,3808.678643825345,/home/runner/work/Solana-Memecoin-Analysis/Solana-Memecoin-Analysis/data/cache/2026-09-26/014654158151_ohlcv_b02c79a92f79.json
2026-09-25T18:10:00+00:00,3dcwhqJp6JBTJPq8ga335HWgSQVS7uQmdmeX7iGjMNpj,solana,PumpSwap,,,,,2026-08-27T00:03:44Z,0.003998755835065586,,,,,,,,,,,,,,,,,,,ohlcv_backfill,minute,0.003938750495491941,0.003998755835065586,0.003938750495491941,0.003998755835065586,1164.8766014187718,/home/runner/work/Solana-Memecoin-Analysis/Solana-Memecoin-Analysis/data/cache/2026-09-26/014654158151_ohlcv_b02c79a92f79.json
2026-09-25T18:05:00+00:00,3dcwhqJp6JBTJPq8ga335HWgSQVS7uQmdmeX7iGjMNpj,solana,PumpSwap,,,,,2026-08-27T00:03:44Z,0.003938750495491941,,,,,,,,,,,,,,,,,,,ohlcv_backfill,minute,0.003880447600745928,0.003938750495491941,0.003880447600745928,0.003938750495491941,961.7438550174281,/home/runner/work/Solana-Memecoin-Analysis/Solana-Memecoin-Analysis/data/cache/2026-09-26/014654158151_ohlcv_b02c79a92f79.json
2026-09-25T18:00:00+00:00,3dcwhqJp6JBTJPq8ga335HWgSQVS7uQmdmeX7iGjMNpj,solana,PumpSwap,,,,,2026-08-27T00:03:44Z,0.003880447600745928,,,,,,,,,,,,,,,,,,,ohlcv_backfill,minute,0.003908113084821096,0.003908113084821096,0.003880447600745928,0.003880447600745928,38.80447600745928,/home/runner/work/Solana-Memecoin-Analysis/Solana-Memecoin-Analysis/data/cache/2026-09-26/014654158151_ohlcv_b02c79a92f79.json
2026-09-25T17:55:00+00:00,3dcwhqJp6JBTJPq8ga335HWgSQVS7uQmdmeX7iGjMNpj,solana,PumpSwap,,,,,2026-08-27T00:03:44Z,0.003908113084821096,,,,,,,,,,,,,,,,,,,ohlcv_backfill,minute,0.0038689245532156653,0.003908113084821096,0.0038689245532156653,0.003908113084821096,26.5736372449567,/home/runner/work/Solana-Memecoin-Analysis/Solana-Memecoin-Analysis/data/cache/2026-09-26/014654158151_ohlcv_b02c79a92f79.json
2026-09-25T17:50:00+00:00,3dcwhqJp6JBTJPq8ga335HWgSQVS7uQmdmeX7iGjMNpj,solana,PumpSwap,,,,,2026-08-27T00:03:44Z,0.0038689245532156653,,,,,,,,,,,,,,,,,,,ohlcv_backfill,minute,0.003868557368492921,0.0039121563416408605,0.003868459924235809,0.0038689245532156653,288.16790657547494,/home/runner/work/Solana-Memecoin-Analysis/Solana-Memecoin-Analysis/data/cache/2026-09-26/014654158151_ohlcv_b02c79a92f79.json
2026-09-25T17:45:00+00:00,3dcwhqJp6JBTJPq8ga335HWgSQVS7uQmdmeX7iGjMNpj,solana,PumpSwap,,,,,2026-08-27T00:03:44Z,0.003868557368492921,,,,,,,,,,,,,,,,,,,ohlcv_backfill,minute,0.003918711459321843,0.003920150038072591,0.0038655153084258386,0.003868557368492921,388.84185215196845,/home/runner/work/Solana-Memecoin-Analysis/Solana-Memecoin-Analysis/data/cache/2026-09-26/014654158151_ohlcv_b02c79a92f79.json
2026-09-25T17:40:00+00:00,3dcwhqJp6JBTJPq8ga335HWgSQVS7uQmdmeX7iGjMNpj,solana,PumpSwap,,,,,2026-08-27T00:03:44Z,0.003918711459321843,,,,,,,,,,,,,,,,,,,ohlcv_backfill,minute,0.0038928326205906467,0.0039201935018289506,0.0038761799805795524,0.003918711459321843,330.6473166998662,/home/runner/work/Solana-Memecoin-Analysis/Solana-Memecoin-Analysis/data/cache/2026-09-26/014654158151_ohlcv_b02c79a92f79.json
2026-09-25T17:35:00+00:00,3dcwhqJp6JBTJPq8ga335HWgSQVS7uQmdmeX7iGjMNpj,solana,PumpSwap,,,,,2026-08-27T00:03:44Z,0.0038928326205906467,,,,,,,,,,,,,,,,,,,ohlcv_backfill,minute,0.003916868234609928,0.003916868234609928,0.0038685015678639467,0.0038928326205906467,755.1512177920704,/home/runner/work/Solana-Memecoin-Analysis/Solana-Memecoin-Analysis/data/cache/2026-09-26/014654158151_ohlcv_b02c79a92f79.json
2026-09-25T17:30:00+00:00,3dcwhqJp6JBTJPq8ga335HWgSQVS7uQmdmeX7iGjMNpj,solana,PumpSwap,,,,,2026-08-27T00:03:44Z,0.003916868234609928,,,,,,,,,,,,,,,,,,,ohlcv_backfill,minute,0.0038976105553458636,0.003916868234609928,0.003876481377054922,0.003916868234609928,1443.735568390867,/home/runner/work/Solana-Memecoin-Analysis/Solana-Memecoin-Analysis/data/cache/2026-09-26/014654158151_ohlcv_b02c79a92f79.json
2026-09-25T17:25:00+00:00,3dcwhqJp6JBTJPq8ga335HWgSQVS7uQmdmeX7iGjMNpj,solana,PumpSwap,,,,,2026-08-27T00:03:44Z,0.0038976105553458636,,,,,,,,,,,,,,,,,,,ohlcv_backfill,minute,0.00387215672811533,0.0038976105553458636,0.003857749555286482,0.0038976105553458636,204.2889727188362,/home/runner/work/Solana-Memecoin-Analysis/Solana-Memecoin-Analysis/data/cache/2026-09-26/014654158151_ohlcv_b02c79a92f79.json
2026-09-25T17:20:00+00:00,3dcwhqJp6JBTJPq8ga335HWgSQVS7uQmdmeX7iGjMNpj,solana,PumpSwap,,,,,2026-08-27T00:03:44Z,0.00387215672811533,,,,,,,,,,,,,,,,,,,ohlcv_backfill,minute,0.0038606635303210547,0.003931584460991298,0.0038606635303210547,0.00387215672811533,2891.9692577992264,/home/runner/work/Solana-Memecoin-Analysis/Solana-Memecoin-Analysis/data/cache/2026-09-26/014654158151_ohlcv_b02c79a92f79.json
2026-09-25T17:15:00+00:00,3dcwhqJp6JBTJPq8ga335HWgSQVS7uQmdmeX7iGjMNpj,solana,PumpSwap,,,,,2026-08-27T00:03:44Z,0.0038606635303210547,,,,,,,,,,,,,,,,,,,ohlcv_backfill,minute,0.0038046226284705266,0.003869103273146736,0.0038046226284705266,0.0038606635303210547,1781.8001699936574,/home/runner/work/Solana-Memecoin-Analysis/Solana-Memecoin-Analysis/data/cache/2026-09-26/014654158151_ohlcv_b02c79a92f79.json
2026-09-25T17:10:00+00:00,3dcwhqJp6JBTJPq8ga335HWgSQVS7uQmdmeX7iGjMNpj,solana,PumpSwap,,,,,2026-08-27T00:03:44Z,0.0038046226284705266,,,,,,,,,,,,,,,,,,,ohlcv_backfill,minute,0.003918276172085481,0.003928865546276964,0.003719567189220932,0.0038046226284705266,9571.028538791052,/home/runner/work/Solana-Memecoin-Analysis/Solana-Memecoin-Analysis/data/cache/2026-09-26/014654158151_ohlcv_b02c79a92f79.json
2026-09-25T17:05:00+00:00,3dcwhqJp6JBTJPq8ga335HWgSQVS7uQmdmeX7iGjMNpj,solana,PumpSwap,,,,,2026-08-27T00:03:44Z,0.003918276172085481,,,,,,,,,,,,,,,,,,,ohlcv_backfill,minute,0.003906568552766678,0.003918520930202303,0.0038920695443060063,0.003918276172085481,501.416438580735,/home/runner/work/Solana-Memecoin-Analysis/Solana-Memecoin-Analysis/data/cache/2026-09-26/014654158151_ohlcv_b02c79a92f79.json
2026-09-25T17:00:00+00:00,3dcwhqJp6JBTJPq8ga335HWgSQVS7uQmdmeX7iGjMNpj,solana,PumpSwap,,,,,2026-08-27T00:03:44Z,0.003906568552766678,,,,,,,,,,,,,,,,,,,ohlcv_backfill,minute,0.003930925975738172,0.003948314546576952,0.003901740605243982,0.003906568552766678,451.7242976761197,/home/runner/work/Solana-Memecoin-Analysis/Solana-Memecoin-Analysis/data/cache/2026-09-26/014654158151_ohlcv_b02c79a92f79.json
2026-09-25T16:55:00+00:00,3dcwhqJp6JBTJPq8ga335HWgSQVS7uQmdmeX7iGjMNpj,solana,PumpSwap,,,,,2026-08-27T00:03:44Z,0.003930925975738172,,,,,,,,,,,,,,,,,,,ohlcv_backfill,minute,0.0039068202513008795,0.003944493171708839,0.003893771202313452,0.003930925975738172,451.66951727488623,/home/runner/work/Solana-Memecoin-Analysis/Solana-Memecoin-Analysis/data/cache/2026-09-26/014654158151_ohlcv_b02c79a92f79.json
2026-09-25T16:50:00+00:00,3dcwhqJp6JBTJPq8ga335HWgSQVS7uQmdmeX7iGjMNpj,solana,PumpSwap,,,,,2026-08-27T00:03:44Z,0.0039068202513008795,,,,,,,,,,,,,,,,,,,ohlcv_backfill,minute,0.003940449142832974,0.003942671597407428,0.0039046683769542703,0.0039068202513008795,337.2321568550233,/home/runner/work/Solana-Memecoin-Analysis/Solana-Memecoin-Analysis/data/cache/2026-09-26/014654158151_ohlcv_b02c79a92f79.json
2026-09-25T16:45:00+00:00,3dcwhqJp6JBTJPq8ga335HWgSQVS7uQmdmeX7iGjMNpj,solana,PumpSwap,,,,,2026-08-27T00:03:44Z,0.003940449142832974,,,,,,,,,,,,,,,,,,,ohlcv_backfill,minute,0.004022689431504718,0.004022689431504718,0.00391721888136528,0.003940449142832974,4008.896582040001,/home/runner/work/Solana-Memecoin-Analysis/Solana-Memecoin-Analysis/data/cache/2026-09-26/014654158151_ohlcv_b02c79a92f79.json
2026-09-25T16:40:00+00:00,3dcwhqJp6JBTJPq8ga335HWgSQVS7uQmdmeX7iGjMNpj,solana,PumpSwap,,,,,2026-08-27T00:03:44Z,0.004022689431504718,,,,,,,,,,,,,,,,,,,ohlcv_backfill,minute,0.003941524124323962,0.004022689431504718,0.003940435488804355,0.004022689431504718,2242.6599401787053,/home/runner/work/Solana-Memecoin-Analysis/Solana-Memecoin-Analysis/data/cache/2026-09-26/014654158151_ohlcv_b02c79a92f79.json
2026-09-25T16:35:00+00:00,3dcwhqJp6JBTJPq8ga335HWgSQVS7uQmdmeX7iGjMNpj,solana,PumpSwap,,,,,2026-08-27T00:03:44Z,0.003941524124323962,,,,,,,,,,,,,,,,,,,ohlcv_backfill,minute,0.003985999575960739,0.003985999575960739,0.003941524124323962,0.003941524124323962,54.33503830902976,/home/runner/work/Solana-Memecoin-Analysis/Solana-Memecoin-Analysis/data/cache/2026-09-26/014654158151_ohlcv_b02c79a92f79.json
2026-09-25T16:30:00+00:00,3dcwhqJp6JBTJPq8ga335HWgSQVS7uQmdmeX7iGjMNpj,solana,PumpSwap,,,,,2026-08-27T00:03:44Z,0.003985999575960739,,,,,,,,,,,,,,,,,,,ohlcv_backfill,minute,0.003979859582745282,0.004008240378518687,0.003948558502447539,0.003985999575960739,1580.3468005848229,/home/runner/work/Solana-Memecoin-Analysis/Solana-Memecoin-Analysis/data/cache/2026-09-26/014654158151_ohlcv_b02c79a92f79.json
2026-09-25T16:25:00+00:00,3dcwhqJp6JBTJPq8ga335HWgSQVS7uQmdmeX7iGjMNpj,solana,PumpSwap,,,,,2026-08-27T00:03:44Z,0.003979859582745282,,,,,,,,,,,,,,,,,,,ohlcv_backfill,minute,0.004000622903531192,0.004017626284381311,0.003979859582745282,0.003979859582745282,248.77080684781959,/home/runner/work/Solana-Memecoin-Analysis/Solana-Memecoin-Analysis/data/cache/2026-09-26/014654158151_ohlcv_b02c79a92f79.json
2026-09-25T16:20:00+00:00,3dcwhqJp6JBTJPq8ga335HWgSQVS7uQmdmeX7iGjMNpj,solana,PumpSwap,,,,,2026-08-27T00:03:44Z,0.004000622903531192,,,,,,,,,,,,,,,,,,,ohlcv_backfill,minute,0.004006450816760878,0.004010826364061821,0.003999445631468807,0.004000622903531192,275.90705579117054,/home/runner/work/Solana-Memecoin-Analysis/Solana-Memecoin-Analysis/data/cache/2026-09-26/014654158151_ohlcv_b02c79a92f79.json
2026-09-25T16:15:00+00:00,3dcwhqJp6JBTJPq8ga335HWgSQVS7uQmdmeX7iGjMNpj,solana,PumpSwap,,,,,2026-08-27T00:03:44Z,0.004006450816760878,,,,,,,,,,,,,,,,,,,ohlcv_backfill,minute,0.003988021904392836,0.004035421167301144,0.003980500853283812,0.004006450816760878,1443.0025180638995,/home/runner/work/Solana-Memecoin-Analysis/Solana-Memecoin-Analysis/data/cache/2026-09-26/014654158151_ohlcv_b02c79a92f79.json
2026-09-25T16:10:00+00:00,3dcwhqJp6JBTJPq8ga335HWgSQVS7uQmdmeX7iGjMNpj,solana,PumpSwap,,,,,2026-08-27T00:03:44Z,0.003988021904392836,,,,,,,,,,,,,,,,,,,ohlcv_backfill,minute,0.0039234228151363935,0.004033106545103478,0.0039234228151363935,0.003988021904392836,2642.862715747422,/home/runner/work/Solana-Memecoin-Analysis/Solana-Memecoin-Analysis/data/cache/2026-09-26/014654158151_ohlcv_b02c79a92f79.json
2026-09-25T16:05:00+00:00,3dcwhqJp6JBTJPq8ga335HWgSQVS7uQmdmeX7iGjMNpj,solana,PumpSwap,,,,,2026-08-27T00:03:44Z,0.0039234228151363935,,,,,,,,,,,,,,,,,,,ohlcv_backfill,minute,0.003950509240291989,0.003955738689348005,0.0039234228151363935,0.0039234228151363935,1168.452347617561,/home/runner/work/Solana-Memecoin-Analysis/Solana-Memecoin-Analysis/data/cache/2026-09-26/014654158151_ohlcv_b02c79a92f79.json
2026-09-25T16:00:00+00:00,3dcwhqJp6JBTJPq8ga335HWgSQVS7uQmdmeX7iGjMNpj,solana,PumpSwap,,,,,2026-08-27T00:03:44Z,0.003950509240291989,,,,,,,,,,,,,,,,,,,ohlcv_backfill,minute,0.003961205632669174,0.003993064445696007,0.003950509240291989,0.003950509240291989,222.64614753670116,/home/runner/work/Solana-Memecoin-Analysis/Solana-Memecoin-Analysis/data/cache/2026-09-26/014654158151_ohlcv_b02c79a92f79.json
2026-09-25T15:55:00+00:00,3dcwhqJp6JBTJPq8ga335HWgSQVS7uQmdmeX7iGjMNpj,solana,PumpSwap,,,,,2026-08-27T00:03:44Z,0.003961205632669174,,,,,,,,,,,,,,,,,,,ohlcv_backfill,minute,0.003969065254955094,0.003969065254955094,0.003916590608089996,0.003961205632669174,2140.0868366157865,/home/runner/work/Solana-Memecoin-Analysis/Solana-Memecoin-Analysis/data/cache/2026-09-26/014654158151_ohlcv_b02c79a92f79.json
2026-09-25T15:50:00+00:00,3dcwhqJp6JBTJPq8ga335HWgSQVS7uQmdmeX7iGjMNpj,solana,PumpSwap,,,,,2026-08-27T00:03:44Z,0.003969065254955094,,,,,,,,,,,,,,,,,,,ohlcv_backfill,minute,0.0039653133637649225,0.003969065254955094,0.0039653133637649225,0.003969065254955094,2.3484239408581797,/home/runner/work/Solana-Memecoin-Analysis/Solana-Memecoin-Analysis/data/cache/2026-09-26/014654158151_ohlcv_b02c79a92f79.json
2026-09-25T15:45:00+00:00,3dcwhqJp6JBTJPq8ga335HWgSQVS7uQmdmeX7iGjMNpj,solana,PumpSwap,,,,,2026-08-27T00:03:44Z,0.0039653133637649225,,,,,,,,,,,,,,,,,,,ohlcv_backfill,minute,0.003946178717723948,0.003969745944864468,0.003906573029773937,0.0039653133637649225,1213.8308105808453,/home/runner/work/Solana-Memecoin-Analysis/Solana-Memecoin-Analysis/data/cache/2026-09-26/014654158151_ohlcv_b02c79a92f79.json
2026-09-25T15:40:00+00:00,3dcwhqJp6JBTJPq8ga335HWgSQVS7uQmdmeX7iGjMNpj,solana,PumpSwap,,,,,2026-08-27T00:03:44Z,0.003946178717723948,,,,,,,,,,,,,,,,,,,ohlcv_backfill,minute,0.003849972315231226,0.00395135219784167,0.003849972315231226,0.003946178717723948,3633.574380132685,/home/runner/work/Solana-Memecoin-Analysis/Solana-Memecoin-Analysis/data/cache/2026-09-26/014654158151_ohlcv_b02c79a92f79.json
2026-09-25T15:35:00+00:00,3dcwhqJp6JBTJPq8ga335HWgSQVS7uQmdmeX7iGjMNpj,solana,PumpSwap,,,,,2026-08-27T00:03:44Z,0.003849972315231226,,,,,,,,,,,,,,,,,,,ohlcv_backfill,minute,0.0038668864406063153,0.0038668864406063153,0.0037904218969511882,0.003849972315231226,4028.442510371381,/home/runner/work/Solana-Memecoin-Analysis/Solana-Memecoin-Analysis/data/cache/2026-09-26/014654158151_ohlcv_b02c79a92f79.json
2026-09-25T15:30:00+00:00,3dcwhqJp6JBTJPq8ga335HWgSQVS7uQmdmeX7iGjMNpj,solana,PumpSwap,,,,,2026-08-27T00:03:44Z,0.0038668864406063153,,,,,,,,,,,,,,,,,,,ohlcv_backfill,minute,0.003875402113700517,0.003911226434098835,0.0038035453138127034,0.0038668864406063153,5300.499993713416,/home/runner/work/Solana-Memecoin-Analysis/Solana-Memecoin-Analysis/data/cache/2026-09-26/014654158151_ohlcv_b02c79a92f79.json
2026-09-25T15:25:00+00:00,3dcwhqJp6JBTJPq8ga335HWgSQVS7uQmdmeX7iGjMNpj,solana,PumpSwap,,,,,2026-08-27T00:03:44Z,0.003875402113700517,,,,,,,,,,,,,,,,,,,ohlcv_backfill,minute,0.003953054298064881,0.003954206074604027,0.003875402113700517,0.003875402113700517,1434.023257475072,/home/runner/work/Solana-Memecoin-Analysis/Solana-Memecoin-Analysis/data/cache/2026-09-26/014654158151_ohlcv_b02c79a92f79.json
2026-09-25T15:20:00+00:00,3dcwhqJp6JBTJPq8ga335HWgSQVS7uQmdmeX7iGjMNpj,solana,PumpSwap,,,,,2026-08-27T00:03:44Z,0.003953054298064881,,,,,,,,,,,,,,,,,,,ohlcv_backfill,minute,0.0039427511924726875,0.0039531735004829,0.0038545038299916926,0.003953054298064881,4215.707693754778,/home/runner/work/Solana-Memecoin-Analysis/Solana-Memecoin-Analysis/data/cache/2026-09-26/014654158151_ohlcv_b02c79a92f79.json
2026-09-25T15:15:00+00:00,3dcwhqJp6JBTJPq8ga335HWgSQVS7uQmdmeX7iGjMNpj,solana,PumpSwap,,,,,2026-08-27T00:03:44Z,0.0039427511924726875,,,,,,,,,,,,,,,,,,,ohlcv_backfill,minute,0.003993446756285891,0.003993446756285891,0.0039427511924726875,0.0039427511924726875,478.14420169625345,/home/runner/work/Solana-Memecoin-Analysis/Solana-Memecoin-Analysis/data/cache/2026-09-26/014654158151_ohlcv_b02c79a92f79.json
2026-09-25T15:10:00+00:00,3dcwhqJp6JBTJPq8ga335HWgSQVS7uQmdmeX7iGjMNpj,solana,PumpSwap,,,,,2026-08-27T00:03:44Z,0.003993446756285891,,,,,,,,,,,,,,,,,,,ohlcv_backfill,minute,0.003990899145809503,0.003993446756285891,0.0039546077029462235,0.003993446756285891,829.916842098901,/home/runner/work/Solana-Memecoin-Analysis/Solana-Memecoin-Analysis/data/cache/2026-09-26/014654158151_ohlcv_b02c79a92f79.json
2026-09-25T15:05:00+00:00,3dcwhqJp6JBTJPq8ga335HWgSQVS7uQmdmeX7iGjMNpj,solana,PumpSwap,,,,,2026-08-27T00:03:44Z,0.003990899145809503,,,,,,,,,,,,,,,,,,,ohlcv_backfill,minute,0.0039929560395617295,0.0039929560395617295,0.003962705607339613,0.003990899145809503,1303.297784252282,/home/runner/work/Solana-Memecoin-Analysis/Solana-Memecoin-Analysis/data/cache/2026-09-26/014654158151_ohlcv_b02c79a92f79.json
2026-09-25T15:00:00+00:00,3dcwhqJp6JBTJPq8ga335HWgSQVS7uQmdmeX7iGjMNpj,solana,PumpSwap,,,,,2026-08-27T00:03:44Z,0.0039929560395617295,,,,,,,,,,,,,,,,,,,ohlcv_backfill,minute,0.004006660995928488,0.004032323334916116,0.003991419753794643,0.0039929560395617295,336.54216102304804,/home/runner/work/Solana-Memecoin-Analysis/Solana-Memecoin-Analysis/data/cache/2026-09-26/014654158151_ohlcv_b02c79a92f79.json
2026-09-25T14:50:00+00:00,3dcwhqJp6JBTJPq8ga335HWgSQVS7uQmdmeX7iGjMNpj,solana,PumpSwap,,,,,2026-08-27T00:03:44Z,0.004006660995928488,,,,,,,,,,,,,,,,,,,ohlcv_backfill,minute,0.004023928072393325,0.004023928072393325,0.003956929766441519,0.004006660995928488,1019.471850087396,/home/runner/work/Solana-Memecoin-Analysis/Solana-Memecoin-Analysis/data/cache/2026-09-26/014654158151_ohlcv_b02c79a92f79.json
2026-09-25T14:45:00+00:00,3dcwhqJp6JBTJPq8ga335HWgSQVS7uQmdmeX7iGjMNpj,solana,PumpSwap,,,,,2026-08-27T00:03:44Z,0.004023928072393325,,,,,,,,,,,,,,,,,,,ohlcv_backfill,minute,0.003960827197994954,0.004023928072393325,0.003960827197994954,0.004023928072393325,321.8210398640978,/home/runner/work/Solana-Memecoin-Analysis/Solana-Memecoin-Analysis/data/cache/2026-09-26/014654158151_ohlcv_b02c79a92f79.json
2026-09-25T14:40:00+00:00,3dcwhqJp6JBTJPq8ga335HWgSQVS7uQmdmeX7iGjMNpj,solana,PumpSwap,,,,,2026-08-27T00:03:44Z,0.003960827197994954,,,,,,,,,,,,,,,,,,,ohlcv_backfill,minute,0.004006822679266604,0.004030235926790355,0.003960827197994954,0.003960827197994954,1016.8737908922192,/home/runner/work/Solana-Memecoin-Analysis/Solana-Memecoin-Analysis/data/cache/2026-09-26/014654158151_ohlcv_b02c79a92f79.json
2026-09-25T14:35:00+00:00,3dcwhqJp6JBTJPq8ga335HWgSQVS7uQmdmeX7iGjMNpj,solana,PumpSwap,,,,,2026-08-27T00:03:44Z,0.004006822679266604,,,,,,,,,,,,,,,,,,,ohlcv_backfill,minute,0.0039980823625910536,0.004045628720729002,0.0039980823625910536,0.004006822679266604,139.74511781174368,/home/runner/work/Solana-Memecoin-Analysis/Solana-Memecoin-Analysis/data/cache/2026-09-26/014654158151_ohlcv_b02c79a92f79.json
2026-09-25T14:30:00+00:00,3dcwhqJp6JBTJPq8ga335HWgSQVS7uQmdmeX7iGjMNpj,solana,PumpSwap,,,,,2026-08-27T00:03:44Z,0.0039980823625910536,,,,,,,,,,,,,,,,,,,ohlcv_backfill,minute,0.004026627403377414,0.004028868314195934,0.00399665888278709,0.0039980823625910536,8.050980361878842,/home/runner/work/Solana-Memecoin-Analysis/Solana-Memecoin-Analysis/data/cache/2026-09-26/014654158151_ohlcv_b02c79a92f79.json
2026-09-25T14:25:00+00:00,3dcwhqJp6JBTJPq8ga335HWgSQVS7uQmdmeX7iGjMNpj,solana,PumpSwap,,,,,2026-08-27T00:03:44Z,0.004026627403377414,,,,,,,,,,,,,,,,,,,ohlcv_backfill,minute,0.004026877373418505,0.004035018076571696,0.003964728422310247,0.004026627403377414,1860.5271388627943,/home/runner/work/Solana-Memecoin-Analysis/Solana-Memecoin-Analysis/data/cache/2026-09-26/014654158151_ohlcv_b02c79a92f79.json
2026-09-25T14:20:00+00:00,3dcwhqJp6JBTJPq8ga335HWgSQVS7uQmdmeX7iGjMNpj,solana,PumpSwap,,,,,2026-08-27T00:03:44Z,0.004026877373418505,,,,,,,,,,,,,,,,,,,ohlcv_backfill,minute,0.003986308414417159,0.004026877373418505,0.003986308414417159,0.004026877373418505,143.4289944672602,/home/runner/work/Solana-Memecoin-Analysis/Solana-Memecoin-Analysis/data/cache/2026-09-26/014654158151_ohlcv_b02c79a92f79.json
2026-09-25T14:15:00+00:00,3dcwhqJp6JBTJPq8ga335HWgSQVS7uQmdmeX7iGjMNpj,solana,PumpSwap,,,,,2026-08-27T00:03:44Z,0.003986308414417159,,,,,,,,,,,,,,,,,,,ohlcv_backfill,minute,0.003979175433658507,0.003986308414417159,0.003979175433658507,0.003986308414417159,646.6347006999628,/home/runner/work/Solana-Memecoin-Analysis/Solana-Memecoin-Analysis/data/cache/2026-09-26/014654158151_ohlcv_b02c79a92f79.json
2026-09-25T14:10:00+00:00,3dcwhqJp6JBTJPq8ga335HWgSQVS7uQmdmeX7iGjMNpj,solana,PumpSwap,,,,,2026-08-27T00:03:44Z,0.003979175433658507,,,,,,,,,,,,,,,,,,,ohlcv_backfill,minute,0.004024532716171598,0.004024532716171598,0.003952853344209933,0.003979175433658507,4662.8778683747505,/home/runner/work/Solana-Memecoin-Analysis/Solana-Memecoin-Analysis/data/cache/2026-09-26/014654158151_ohlcv_b02c79a92f79.json
2026-09-25T14:05:00+00:00,3dcwhqJp6JBTJPq8ga335HWgSQVS7uQmdmeX7iGjMNpj,solana,PumpSwap,,,,,2026-08-27T00:03:44Z,0.004024532716171598,,,,,,,,,,,,,,,,,,,ohlcv_backfill,minute,0.004037353293802925,0.004057689216321598,0.003999666443393962,0.004024532716171598,44.522319284811324,/home/runner/work/Solana-Memecoin-Analysis/Solana-Memecoin-Analysis/data/cache/2026-09-26/014654158151_ohlcv_b02c79a92f79.json
2026-09-25T14:00:00+00:00,3dcwhqJp6JBTJPq8ga335HWgSQVS7uQmdmeX7iGjMNpj,solana,PumpSwap,,,,,2026-08-27T00:03:44Z,0.004037353293802925,,,,,,,,,,,,,,,,,,,ohlcv_backfill,minute,0.004025908743588503,0.004065971701071698,0.004025908743588503,0.004037353293802925,211.9110265181255,/home/runner/work/Solana-Memecoin-Analysis/Solana-Memecoin-Analysis/data/cache/2026-09-26/014654158151_ohlcv_b02c79a92f79.json
2026-09-25T13:55:00+00:00,3dcwhqJp6JBTJPq8ga335HWgSQVS7uQmdmeX7iGjMNpj,solana,PumpSwap,,,,,2026-08-27T00:03:44Z,0.004025908743588503,,,,,,,,,,,,,,,,,,,ohlcv_backfill,minute,0.004048307832282954,0.004073319996544884,0.004025908743588503,0.004025908743588503,360.3828787664374,/home/runner/work/Solana-Memecoin-Analysis/Solana-Memecoin-Analysis/data/cache/2026-09-26/014654158151_ohlcv_b02c79a92f79.json
2026-09-25T13:50:00+00:00,3dcwhqJp6JBTJPq8ga335HWgSQVS7uQmdmeX7iGjMNpj,solana,PumpSwap,,,,,2026-08-27T00:03:44Z,0.004048307832282954,,,,,,,,,,,,,,,,,,,ohlcv_backfill,minute,0.004076936042259324,0.004076936042259324,0.004009605285939763,0.004048307832282954,1232.3560632086067,/home/runner/work/Solana-Memecoin-Analysis/Solana-Memecoin-Analysis/data/cache/2026-09-26/014654158151_ohlcv_b02c79a92f79.json
2026-09-25T13:45:00+00:00,3dcwhqJp6JBTJPq8ga335HWgSQVS7uQmdmeX7iGjMNpj,solana,PumpSwap,,,,,2026-08-27T00:03:44Z,0.004076936042259324,,,,,,,,,,,,,,,,,,,ohlcv_backfill,minute,0.0041045362355593105,0.0041045362355593105,0.0040315059773753615,0.004076936042259324,755.3825870317978,/home/runner/work/Solana-Memecoin-Analysis/Solana-Memecoin-Analysis/data/cache/2026-09-26/014654158151_ohlcv_b02c79a92f79.json
2026-09-25T13:40:00+00:00,3dcwhqJp6JBTJPq8ga335HWgSQVS7uQmdmeX7iGjMNpj,solana,PumpSwap,,,,,2026-08-27T00:03:44Z,0.0041045362355593105,,,,,,,,,,,,,,,,,,,ohlcv_backfill,minute,0.004085487853293797,0.0041193220507579125,0.004085487853293797,0.0041045362355593105,838.718121650001,/home/runner/work/Solana-Memecoin-Analysis/Solana-Memecoin-Analysis/data/cache/2026-09-26/014654158151_ohlcv_b02c79a92f79.json
2026-09-25T13:35:00+00:00,3dcwhqJp6JBTJPq8ga335HWgSQVS7uQmdmeX7iGjMNpj,solana,PumpSwap,,,,,2026-08-27T00:03:44Z,0.004085487853293797,,,,,,,,,,,,,,,,,,,ohlcv_backfill,minute,0.004077075892942249,0.004142456754629543,0.004069137232596039,0.004085487853293797,2094.5649666737795,/home/runner/work/Solana-Memecoin-Analysis/Solana-Memecoin-Analysis/data/cache/2026-09-26/014654158151_ohlcv_b02c79a92f79.json
2026-09-25T13:30:00+00:00,3dcwhqJp6JBTJPq8ga335HWgSQVS7uQmdmeX7iGjMNpj,solana,PumpSwap,,,,,2026-08-27T00:03:44Z,0.004077075892942249,,,,,,,,,,,,,,,,,,,ohlcv_backfill,minute,0.004112365804047389,0.004145113097610905,0.004077075892942249,0.004077075892942249,1674.5623795712404,/home/runner/work/Solana-Memecoin-Analysis/Solana-Memecoin-Analysis/data/cache/2026-09-26/014654158151_ohlcv_b02c79a92f79.json
2026-09-25T13:25:00+00:00,3dcwhqJp6JBTJPq8ga335HWgSQVS7uQmdmeX7iGjMNpj,solana,PumpSwap,,,,,2026-08-27T00:03:44Z,0.004112365804047389,,,,,,,,,,,,,,,,,,,ohlcv_backfill,minute,0.004149931291488777,0.0041819715462628314,0.004112365804047389,0.004112365804047389,1579.544011108652,/home/runner/work/Solana-Memecoin-Analysis/Solana-Memecoin-Analysis/data/cache/2026-09-26/014654158151_ohlcv_b02c79a92f79.json
2026-09-25T13:20:00+00:00,3dcwhqJp6JBTJPq8ga335HWgSQVS7uQmdmeX7iGjMNpj,solana,PumpSwap,,,,,2026-08-27T00:03:44Z,0.004149931291488777,,,,,,,,,,,,,,,,,,,ohlcv_backfill,minute,0.0041581589937181775,0.004161302121931317,0.0040409587601771746,0.004149931291488777,10012.989533233012,/home/runner/work/Solana-Memecoin-Analysis/Solana-Memecoin-Analysis/data/cache/2026-09-26/014654158151_ohlcv_b02c79a92f79.json
2026-09-25T13:15:00+00:00,3dcwhqJp6JBTJPq8ga335HWgSQVS7uQmdmeX7iGjMNpj,solana,PumpSwap,,,,,2026-08-27T00:03:44Z,0.0041581589937181775,,,,,,,,,,,,,,,,,,,ohlcv_backfill,minute,0.00421212536887767,0.00421212536887767,0.0041581589937181775,0.0041581589937181775,89.24943472884614,/home/runner/work/Solana-Memecoin-Analysis/Solana-Memecoin-Analysis/data/cache/2026-09-26/014654158151_ohlcv_b02c79a92f79.json
2026-09-25T13:10:00+00:00,3dcwhqJp6JBTJPq8ga335HWgSQVS7uQmdmeX7iGjMNpj,solana,PumpSwap,,,,,2026-08-27T00:03:44Z,0.00421212536887767,,,,,,,,,,,,,,,,,,,ohlcv_backfill,minute,0.004198422496336188,0.00421212536887767,0.004198422496336188,0.00421212536887767,268.72834759054746,/home/runner/work/Solana-Memecoin-Analysis/Solana-Memecoin-Analysis/data/cache/2026-09-26/014654158151_ohlcv_b02c79a92f79.json
2026-09-25T13:05:00+00:00,3dcwhqJp6JBTJPq8ga335HWgSQVS7uQmdmeX7iGjMNpj,solana,PumpSwap,,,,,2026-08-27T00:03:44Z,0.004198422496336188,,,,,,,,,,,,,,,,,,,ohlcv_backfill,minute,0.004319623417177477,0.00432752907138606,0.004198422496336188,0.004198422496336188,3656.696829440729,/home/runner/work/Solana-Memecoin-Analysis/Solana-Memecoin-Analysis/data/cache/2026-09-26/014654158151_ohlcv_b02c79a92f79.json
2026-09-25T13:00:00+00:00,3dcwhqJp6JBTJPq8ga335HWgSQVS7uQmdmeX7iGjMNpj,solana,PumpSwap,,,,,2026-08-27T00:03:44Z,0.004319623417177477,,,,,,,,,,,,,,,,,,,ohlcv_backfill,minute,0.004389219461901399,0.004423275816515118,0.004297114280039508,0.004319623417177477,4610.784210187142,/home/runner/work/Solana-Memecoin-Analysis/Solana-Memecoin-Analysis/data/cache/2026-09-26/014654158151_ohlcv_b02c79a92f79.json
2026-09-25T12:55:00+00:00,3dcwhqJp6JBTJPq8ga335HWgSQVS7uQmdmeX7iGjMNpj,solana,PumpSwap,,,,,2026-08-27T00:03:44Z,0.004389219461901399,,,,,,,,,,,,,,,,,,,ohlcv_backfill,minute,0.004406852990012257,0.004423740821130678,0.0043717610188869155,0.004389219461901399,644.1927354125885,/home/runner/work/Solana-Memecoin-Analysis/Solana-Memecoin-Analysis/data/cache/2026-09-26/014654158151_ohlcv_b02c79a92f79.json
2026-09-25T12:50:00+00:00,3dcwhqJp6JBTJPq8ga335HWgSQVS7uQmdmeX7iGjMNpj,solana,PumpSwap,,,,,2026-08-27T00:03:44Z,0.004406852990012257,,,,,,,,,,,,,,,,,,,ohlcv_backfill,minute,0.004384727875676105,0.004406852990012257,0.004359479328793365,0.004406852990012257,619.0846660338069,/home/runner/work/Solana-Memecoin-Analysis/Solana-Memecoin-Analysis/data/cache/2026-09-26/014654158151_ohlcv_b02c79a92f79.json
2026-09-25T12:45:00+00:00,3dcwhqJp6JBTJPq8ga335HWgSQVS7uQmdmeX7iGjMNpj,solana,PumpSwap,,,,,2026-08-27T00:03:44Z,0.004384727875676105,,,,,,,,,,,,,,,,,,,ohlcv_backfill,minute,0.004372559630538591,0.004408790735048791,0.004355412659815916,0.004384727875676105,634.9187592886175,/home/runner/work/Solana-Memecoin-Analysis/Solana-Memecoin-Analysis/data/cache/2026-09-26/014654158151_ohlcv_b02c79a92f79.json
2026-09-25T12:40:00+00:00,3dcwhqJp6JBTJPq8ga335HWgSQVS7uQmdmeX7iGjMNpj,solana,PumpSwap,,,,,2026-08-27T00:03:44Z,0.004372559630538591,,,,,,,,,,,,,,,,,,,ohlcv_backfill,minute,0.004398765849044078,0.004416553567193968,0.004372559630538591,0.004372559630538591,9.948979540835118,/home/runner/work/Solana-Memecoin-Analysis/Solana-Memecoin-Analysis/data/cache/2026-09-26/014654158151_ohlcv_b02c79a92f79.json
2026-09-25T12:35:00+00:00,3dcwhqJp6JBTJPq8ga335HWgSQVS7uQmdmeX7iGjMNpj,solana,PumpSwap,,,,,2026-08-27T00:03:44Z,0.004398765849044078,,,,,,,,,,,,,,,,,,,ohlcv_backfill,minute,0.004382221646279718,0.004432956178640411,0.004350240017967601,0.004398765849044078,2953.185596282251,/home/runner/work/Solana-Memecoin-Analysis/Solana-Memecoin-Analysis/data/cache/2026-09-26/014654158151_ohlcv_b02c79a92f79.json
2026-09-25T12:30:00+00:00,3dcwhqJp6JBTJPq8ga335HWgSQVS7uQmdmeX7iGjMNpj,solana,PumpSwap,,,,,2026-08-27T00:03:44Z,0.004382221646279718,,,,,,,,,,,,,,,,,,,ohlcv_backfill,minute,0.004386343592803607,0.004447073799026509,0.004374079051659959,0.004382221646279718,2701.2155778383276,/home/runner/work/Solana-Memecoin-Analysis/Solana-Memecoin-Analysis/data/cache/2026-09-26/014654158151_ohlcv_b02c79a92f79.json
2026-09-25T12:20:00+00:00,3dcwhqJp6JBTJPq8ga335HWgSQVS7uQmdmeX7iGjMNpj,solana,PumpSwap,,,,,2026-08-27T00:03:44Z,0.004386343592803607,,,,,,,,,,,,,,,,,,,ohlcv_backfill,minute,0.004373458759720617,0.0044452600009390044,0.004333768797902815,0.004386343592803607,7036.886583792002,/home/runner/work/Solana-Memecoin-Analysis/Solana-Memecoin-Analysis/data/cache/2026-09-26/014654158151_ohlcv_b02c79a92f79.json
2026-09-25T12:15:00+00:00,3dcwhqJp6JBTJPq8ga335HWgSQVS7uQmdmeX7iGjMNpj,solana,PumpSwap,,,,,2026-08-27T00:03:44Z,0.004373458759720617,,,,,,,,,,,,,,,,,,,ohlcv_backfill,minute,0.00431437517126651,0.004395438195568405,0.004268323410835429,0.004373458759720617,6691.421475072411,/home/runner/work/Solana-Memecoin-Analysis/Solana-Memecoin-Analysis/data/cache/2026-09-26/014654158151_ohlcv_b02c79a92f79.json
2026-09-25T12:10:00+00:00,3dcwhqJp6JBTJPq8ga335HWgSQVS7uQmdmeX7iGjMNpj,solana,PumpSwap,,,,,2026-08-27T00:03:44Z,0.00431437517126651,,,,,,,,,,,,,,,,,,,ohlcv_backfill,minute,0.004346217380629898,0.004346217380629898,0.004281512581575628,0.00431437517126651,825.1852082601786,/home/runner/work/Solana-Memecoin-Analysis/Solana-Memecoin-Analysis/data/cache/2026-09-26/014654158151_ohlcv_b02c79a92f79.json
2026-09-25T12:05:00+00:00,3dcwhqJp6JBTJPq8ga335HWgSQVS7uQmdmeX7iGjMNpj,solana,PumpSwap,,,,,2026-08-27T00:03:44Z,0.004346217380629898,,,,,,,,,,,,,,,,,,,ohlcv_backfill,minute,0.004352684539872855,0.004352684539872855,0.0043074997909026335,0.004346217380629898,167.07935800483114,/home/runner/work/Solana-Memecoin-Analysis/Solana-Memecoin-Analysis/data/cache/2026-09-26/014654158151_ohlcv_b02c79a92f79.json
2026-09-25T12:00:00+00:00,3dcwhqJp6JBTJPq8ga335HWgSQVS7uQmdmeX7iGjMNpj,solana,PumpSwap,,,,,2026-08-27T00:03:44Z,0.004352684539872855,,,,,,,,,,,,,,,,,,,ohlcv_backfill,minute,0.004312848996776032,0.004352684539872855,0.004312364579223922,0.004352684539872855,447.93945508597244,/home/runner/work/Solana-Memecoin-Analysis/Solana-Memecoin-Analysis/data/cache/2026-09-26/014654158151_ohlcv_b02c79a92f79.json
2026-09-25T11:55:00+00:00,3dcwhqJp6JBTJPq8ga335HWgSQVS7uQmdmeX7iGjMNpj,solana,PumpSwap,,,,,2026-08-27T00:03:44Z,0.004312848996776032,,,,,,,,,,,,,,,,,,,ohlcv_backfill,minute,0.0043724098876743115,0.004378859829795709,0.004312848996776032,0.004312848996776032,934.0153369779966,/home/runner/work/Solana-Memecoin-Analysis/Solana-Memecoin-Analysis/data/cache/2026-09-26/014654158151_ohlcv_b02c79a92f79.json
2026-09-25T11:50:00+00:00,3dcwhqJp6JBTJPq8ga335HWgSQVS7uQmdmeX7iGjMNpj,solana,PumpSwap,,,,,2026-08-27T00:03:44Z,0.0043724098876743115,,,,,,,,,,,,,,,,,,,ohlcv_backfill,minute,0.0043604454974987255,0.004381713951936524,0.004336002941854206,0.0043724098876743115,680.8237953863782,/home/runner/work/Solana-Memecoin-Analysis/Solana-Memecoin-Analysis/data/cache/2026-09-26/014654158151_ohlcv_b02c79a92f79.json
2026-09-25T11:45:00+00:00,3dcwhqJp6JBTJPq8ga335HWgSQVS7uQmdmeX7iGjMNpj,solana,PumpSwap,,,,,2026-08-27T00:03:44Z,0.0043604454974987255,,,,,,,,,,,,,,,,,,,ohlcv_backfill,minute,0.004338206894360749,0.0044139272110412546,0.004338206894360749,0.0043604454974987255,1106.0162934333307,/home/runner/work/Solana-Memecoin-Analysis/Solana-Memecoin-Analysis/data/cache/2026-09-26/014654158151_ohlcv_b02c79a92f79.json
2026-09-25T11:40:00+00:00,3dcwhqJp6JBTJPq8ga335HWgSQVS7uQmdmeX7iGjMNpj,solana,PumpSwap,,,,,2026-08-27T00:03:44Z,0.004338206894360749,,,,,,,,,,,,,,,,,,,ohlcv_backfill,minute,0.004407988215205886,0.004428685633422067,0.004338206894360749,0.004338206894360749,4716.082886994372,/home/runner/work/Solana-Memecoin-Analysis/Solana-Memecoin-Analysis/data/cache/2026-09-26/014654158151_ohlcv_b02c79a92f79.json
2026-09-25T11:35:00+00:00,3dcwhqJp6JBTJPq8ga335HWgSQVS7uQmdmeX7iGjMNpj,solana,PumpSwap,,,,,2026-08-27T00:03:44Z,0.004407988215205886,,,,,,,,,,,,,,,,,,,ohlcv_backfill,minute,0.004319237539463326,0.004431606665785503,0.004160158573474161,0.004407988215205886,16212.87397221178,/home/runner/work/Solana-Memecoin-Analysis/Solana-Memecoin-Analysis/data/cache/2026-09-26/014654158151_ohlcv_b02c79a92f79.json
2026-09-25T11:30:00+00:00,3dcwhqJp6JBTJPq8ga335HWgSQVS7uQmdmeX7iGjMNpj,solana,PumpSwap,,,,,2026-08-27T00:03:44Z,0.004319237539463326,,,,,,,,,,,,,,,,,,,ohlcv_backfill,minute,0.00431504859351632,0.004348268888704514,0.0042959795071843354,0.004319237539463326,1190.3628068841415,/home/runner/work/Solana-Memecoin-Analysis/Solana-Memecoin-Analysis/data/cache/2026-09-26/014654158151_ohlcv_b02c79a92f79.json
2026-09-25T11:25:00+00:00,3dcwhqJp6JBTJPq8ga335HWgSQVS7uQmdmeX7iGjMNpj,solana,PumpSwap,,,,,2026-08-27T00:03:44Z,0.00431504859351632,,,,,,,,,,,,,,,,,,,ohlcv_backfill,minute,0.0043442415649788705,0.004359863501719797,0.00431504859351632,0.00431504859351632,898.2001758334615,/home/runner/work/Solana-Memecoin-Analysis/Solana-Memecoin-Analysis/data/cache/2026-09-26/014654158151_ohlcv_b02c79a92f79.json
2026-09-25T11:20:00+00:00,3dcwhqJp6JBTJPq8ga335HWgSQVS7uQmdmeX7iGjMNpj,solana,PumpSwap,,,,,2026-08-27T00:03:44Z,0.0043442415649788705,,,,,,,,,,,,,,,,,,,ohlcv_backfill,minute,0.004363904014374942,0.004365482632678493,0.00429663872494986,0.0043442415649788705,610.8009530843592,/home/runner/work/Solana-Memecoin-Analysis/Solana-Memecoin-Analysis/data/cache/2026-09-26/014654158151_ohlcv_b02c79a92f79.json
2026-09-25T11:15:00+00:00,3dcwhqJp6JBTJPq8ga335HWgSQVS7uQmdmeX7iGjMNpj,solana,PumpSwap,,,,,2026-08-27T00:03:44Z,0.004363904014374942,,,,,,,,,,,,,,,,,,,ohlcv_backfill,minute,0.004355323598951008,0.00436739733957673,0.004355323598951008,0.004363904014374942,519.9007556009087,/home/runner/work/Solana-Memecoin-Analysis/Solana-Memecoin-Analysis/data/cache/2026-09-26/014654158151_ohlcv_b02c79a92f79.json
2026-09-25T11:10:00+00:00,3dcwhqJp6JBTJPq8ga335HWgSQVS7uQmdmeX7iGjMNpj,solana,PumpSwap,,,,,2026-08-27T00:03:44Z,0.004355323598951008,,,,,,,,,,,,,,,,,,,ohlcv_backfill,minute,0.004371699762310397,0.004374470418195963,0.004327019613554265,0.004355323598951008,3517.2972906142445,/home/runner/work/Solana-Memecoin-Analysis/Solana-Memecoin-Analysis/data/cache/2026-09-26/014654158151_ohlcv_b02c79a92f79.json
2026-09-25T11:05:00+00:00,3dcwhqJp6JBTJPq8ga335HWgSQVS7uQmdmeX7iGjMNpj,solana,PumpSwap,,,,,2026-08-27T00:03:44Z,0.004371699762310397,,,,,,,,,,,,,,,,,,,ohlcv_backfill,minute,0.004289142894065156,0.004371699762310397,0.004251270476515225,0.004371699762310397,463.99251624021355,/home/runner/work/Solana-Memecoin-Analysis/Solana-Memecoin-Analysis/data/cache/2026-09-26/014654158151_ohlcv_b02c79a92f79.json
2026-09-25T11:00:00+00:00,3dcwhqJp6JBTJPq8ga335HWgSQVS7uQmdmeX7iGjMNpj,solana,PumpSwap,,,,,2026-08-27T00:03:44Z,0.004289142894065156,,,,,,,,,,,,,,,,,,,ohlcv_backfill,minute,0.004255006513028332,0.004471488829151605,0.004236586033027145,0.004289142894065156,19339.083443282616,/home/runner/work/Solana-Memecoin-Analysis/Solana-Memecoin-Analysis/data/cache/2026-09-26/014654158151_ohlcv_b02c79a92f79.json
2026-09-25T10:55:00+00:00,3dcwhqJp6JBTJPq8ga335HWgSQVS7uQmdmeX7iGjMNpj,solana,PumpSwap,,,,,2026-08-27T00:03:44Z,0.004255006513028332,,,,,,,,,,,,,,,,,,,ohlcv_backfill,minute,0.004123920424286567,0.004255006513028332,0.004123920424286567,0.004255006513028332,5282.366829594886,/home/runner/work/Solana-Memecoin-Analysis/Solana-Memecoin-Analysis/data/cache/2026-09-26/014654158151_ohlcv_b02c79a92f79.json
2026-09-25T10:50:00+00:00,3dcwhqJp6JBTJPq8ga335HWgSQVS7uQmdmeX7iGjMNpj,solana,PumpSwap,,,,,2026-08-27T00:03:44Z,0.004123920424286567,,,,,,,,,,,,,,,,,,,ohlcv_backfill,minute,0.004169664142084788,0.004169664142084788,0.004099878062836871,0.004123920424286567,2828.6142470480786,/home/runner/work/Solana-Memecoin-Analysis/Solana-Memecoin-Analysis/data/cache/2026-09-26/014654158151_ohlcv_b02c79a92f79.json
2026-09-25T10:45:00+00:00,3dcwhqJp6JBTJPq8ga335HWgSQVS7uQmdmeX7iGjMNpj,solana,PumpSwap,,,,,2026-08-27T00:03:44Z,0.004169664142084788,,,,,,,,,,,,,,,,,,,ohlcv_backfill,minute,0.0041548474838798725,0.004206132040005614,0.004148078646688481,0.004169664142084788,2307.09880456731,/home/runner/work/Solana-Memecoin-Analysis/Solana-Memecoin-Analysis/data/cache/2026-09-26/014654158151_ohlcv_b02c79a92f79.json
2026-09-25T10:40:00+00:00,3dcwhqJp6JBTJPq8ga335HWgSQVS7uQmdmeX7iGjMNpj,solana,PumpSwap,,,,,2026-08-27T00:03:44Z,0.0041548474838798725,,,,,,,,,,,,,,,,,,,ohlcv_backfill,minute,0.0041576575928750055,0.004202650428297113,0.0041548474838798725,0.0041548474838798725,703.0510714217232,/home/runner/work/Solana-Memecoin-Analysis/Solana-Memecoin-Analysis/data/cache/2026-09-26/014654158151_ohlcv_b02c79a92f79.json
2026-09-25T10:35:00+00:00,3dcwhqJp6JBTJPq8ga335HWgSQVS7uQmdmeX7iGjMNpj,solana,PumpSwap,,,,,2026-08-27T00:03:44Z,0.0041576575928750055,,,,,,,,,,,,,,,,,,,ohlcv_backfill,minute,0.004183550363487533,0.004189057852310327,0.0041576575928750055,0.0041576575928750055,127.96458635325847,/home/runner/work/Solana-Memecoin-Analysis/Solana-Memecoin-Analysis/data/cache/2026-09-26/014654158151_ohlcv_b02c79a92f79.json
2026-09-25T10:30:00+00:00,3dcwhqJp6JBTJPq8ga335HWgSQVS7uQmdmeX7iGjMNpj,solana,PumpSwap,,,,,2026-08-27T00:03:44Z,0.004183550363487533,,,,,,,,,,,,,,,,,,,ohlcv_backfill,minute,0.004169715142252689,0.004183550363487533,0.004169715142252689,0.004183550363487533,599.7918864872414,/home/runner/work/Solana-Memecoin-Analysis/Solana-Memecoin-Analysis/data/cache/2026-09-26/014654158151_ohlcv_b02c79a92f79.json
2026-09-25T10:25:00+00:00,3dcwhqJp6JBTJPq8ga335HWgSQVS7uQmdmeX7iGjMNpj,solana,PumpSwap,,,,,2026-08-27T00:03:44Z,0.004169715142252689,,,,,,,,,,,,,,,,,,,ohlcv_backfill,minute,0.00417984792527575,0.004211373891717897,0.00413216590168521,0.004169715142252689,1770.0982328884918,/home/runner/work/Solana-Memecoin-Analysis/Solana-Memecoin-Analysis/data/cache/2026-09-26/014654158151_ohlcv_b02c79a92f79.json
2026-09-25T10:20:00+00:00,3dcwhqJp6JBTJPq8ga335HWgSQVS7uQmdmeX7iGjMNpj,solana,PumpSwap,,,,,2026-08-27T00:03:44Z,0.00417984792527575,,,,,,,,,,,,,,,,,,,ohlcv_backfill,minute,0.0042109255433591475,0.004214681188852252,0.0041593290214567875,0.00417984792527575,1789.1743051174244,/home/runner/work/Solana-Memecoin-Analysis/Solana-Memecoin-Analysis/data/cache/2026-09-26/014654158151_ohlcv_b02c79a92f79.json
2026-09-25T10:15:00+00:00,3dcwhqJp6JBTJPq8ga335HWgSQVS7uQmdmeX7iGjMNpj,solana,PumpSwap,,,,,2026-08-27T00:03:44Z,0.0042109255433591475,,,,,,,,,,,,,,,,,,,ohlcv_backfill,minute,0.004193730104652992,0.004215128709099097,0.004190658993760525,0.0042109255433591475,677.5193611864222,/home/runner/work/Solana-Memecoin-Analysis/Solana-Memecoin-Analysis/data/cache/2026-09-26/014654158151_ohlcv_b02c79a92f79.json
2026-09-25T10:10:00+00:00,3dcwhqJp6JBTJPq8ga335HWgSQVS7uQmdmeX7iGjMNpj,solana,PumpSwap,,,,,2026-08-27T00:03:44Z,0.004193730104652992,,,,,,,,,,,,,,,,,,,ohlcv_backfill,minute,0.004231632889394843,0.004233495063733029,0.004191672477081946,0.004193730104652992,2378.9144880257563,/home/runner/work/Solana-Memecoin-Analysis/Solana-Memecoin-Analysis/data/cache/2026-09-26/014654158151_ohlcv_b02c79a92f79.json
2026-09-25T10:05:00+00:00,3dcwhqJp6JBTJPq8ga335HWgSQVS7uQmdmeX7iGjMNpj,solana,PumpSwap,,,,,2026-08-27T00:03:44Z,0.004231632889394843,,,,,,,,,,,,,,,,,,,ohlcv_backfill,minute,0.004278002954865257,0.004278002954865257,0.004230952154930334,0.004231632889394843,162.831133526634,/home/runner/work/Solana-Memecoin-Analysis/Solana-Memecoin-Analysis/data/cache/2026-09-26/014654158151_ohlcv_b02c79a92f79.json
2026-09-25T09:55:00+00:00,3dcwhqJp6JBTJPq8ga335HWgSQVS7uQmdmeX7iGjMNpj,solana,PumpSwap,,,,,2026-08-27T00:03:44Z,0.004278002954865257,,,,,,,,,,,,,,,,,,,ohlcv_backfill,minute,0.004239392256257495,0.004278002954865257,0.004224576950859547,0.004278002954865257,348.035031364221,/home/runner/work/Solana-Memecoin-Analysis/Solana-Memecoin-Analysis/data/cache/2026-09-26/014654158151_ohlcv_b02c79a92f79.json
2026-09-25T09:50:00+00:00,3dcwhqJp6JBTJPq8ga335HWgSQVS7uQmdmeX7iGjMNpj,solana,PumpSwap,,,,,2026-08-27T00:03:44Z,0.004239392256257495,,,,,,,,,,,,,,,,,,,ohlcv_backfill,minute,0.004207655361337713,0.004263765108825336,0.004198339171869751,0.004239392256257495,2318.285685231686,/home/runner/work/Solana-Memecoin-Analysis/Solana-Memecoin-Analysis/data/cache/2026-09-26/014654158151_ohlcv_b02c79a92f79.json
2026-09-25T09:45:00+00:00,3dcwhqJp6JBTJPq8ga335HWgSQVS7uQmdmeX7iGjMNpj,solana,PumpSwap,,,,,2026-08-27T00:03:44Z,0.004207655361337713,,,,,,,,,,,,,,,,,,,ohlcv_backfill,minute,0.0041893225345574,0.004244578621247808,0.0041893225345574,0.004207655361337713,2180.3907876082462,/home/runner/work/Solana-Memecoin-Analysis/Solana-Memecoin-Analysis/data/cache/2026-09-26/014654158151_ohlcv_b02c79a92f79.json
2026-09-25T09:40:00+00:00,3dcwhqJp6JBTJPq8ga335HWgSQVS7uQmdmeX7iGjMNpj,solana,PumpSwap,,,,,2026-08-27T00:03:44Z,0.0041893225345574,,,,,,,,,,,,,,,,,,,ohlcv_backfill,minute,0.0041977090587691866,0.0041977090587691866,0.0041893225345574,0.0041893225345574,444.0534379204304,/home/runner/work/Solana-Memecoin-Analysis/Solana-Memecoin-Analysis/data/cache/2026-09-26/014654158151_ohlcv_b02c79a92f79.json
2026-09-25T09:35:00+00:00,3dcwhqJp6JBTJPq8ga335HWgSQVS7uQmdmeX7iGjMNpj,solana,PumpSwap,,,,,2026-08-27T00:03:44Z,0.0041977090587691866,,,,,,,,,,,,,,,,,,,ohlcv_backfill,minute,0.004209012621865763,0.004209012621865763,0.0041977090587691866,0.0041977090587691866,193.97991047108235,/home/runner/work/Solana-Memecoin-Analysis/Solana-Memecoin-Analysis/data/cache/2026-09-26/014654158151_ohlcv_b02c79a92f79.json
2026-09-25T09:30:00+00:00,3dcwhqJp6JBTJPq8ga335HWgSQVS7uQmdmeX7iGjMNpj,solana,PumpSwap,,,,,2026-08-27T00:03:44Z,0.004209012621865763,,,,,,,,,,,,,,,,,,,ohlcv_backfill,minute,0.004233743029665066,0.004233743029665066,0.004209012621865763,0.004209012621865763,505.7416929012083,/home/runner/work/Solana-Memecoin-Analysis/Solana-Memecoin-Analysis/data/cache/2026-09-26/014654158151_ohlcv_b02c79a92f79.json
2026-09-25T09:25:00+00:00,3dcwhqJp6JBTJPq8ga335HWgSQVS7uQmdmeX7iGjMNpj,solana,PumpSwap,,,,,2026-08-27T00:03:44Z,0.004233743029665066,,,,,,,,,,,,,,,,,,,ohlcv_backfill,minute,0.004183065233015976,0.004233743029665066,0.004183065233015976,0.004233743029665066,4.276668532416977,/home/runner/work/Solana-Memecoin-Analysis/Solana-Memecoin-Analysis/data/cache/2026-09-26/014654158151_ohlcv_b02c79a92f79.json
2026-09-25T09:20:00+00:00,3dcwhqJp6JBTJPq8ga335HWgSQVS7uQmdmeX7iGjMNpj,solana,PumpSwap,,,,,2026-08-27T00:03:44Z,0.004183065233015976,,,,,,,,,,,,,,,,,,,ohlcv_backfill,minute,0.004228668031456351,0.004228668031456351,0.004183065233015976,0.004183065233015976,243.17884657933897,/home/runner/work/Solana-Memecoin-Analysis/Solana-Memecoin-Analysis/data/cache/2026-09-26/014654158151_ohlcv_b02c79a92f79.json
2026-09-25T09:15:00+00:00,3dcwhqJp6JBTJPq8ga335HWgSQVS7uQmdmeX7iGjMNpj,solana,PumpSwap,,,,,2026-08-27T00:03:44Z,0.004228668031456351,,,,,,,,,,,,,,,,,,,ohlcv_backfill,minute,0.004217958813319748,0.004228668031456351,0.004217958813319748,0.004228668031456351,229.64602141388423,/home/runner/work/Solana-Memecoin-Analysis/Solana-Memecoin-Analysis/data/cache/2026-09-26/014654158151_ohlcv_b02c79a92f79.json
2026-09-25T09:10:00+00:00,3dcwhqJp6JBTJPq8ga335HWgSQVS7uQmdmeX7iGjMNpj,solana,PumpSwap,,,,,2026-08-27T00:03:44Z,0.004217958813319748,,,,,,,,,,,,,,,,,,,ohlcv_backfill,minute,0.00419932838339302,0.004229820907052129,0.0041820218393656475,0.004217958813319748,423.2035233459883,/home/runner/work/Solana-Memecoin-Analysis/Solana-Memecoin-Analysis/data/cache/2026-09-26/014654158151_ohlcv_b02c79a92f79.json
2026-09-25T09:05:00+00:00,3dcwhqJp6JBTJPq8ga335HWgSQVS7uQmdmeX7iGjMNpj,solana,PumpSwap,,,,,2026-08-27T00:03:44Z,0.00419932838339302,,,,,,,,,,,,,,,,,,,ohlcv_backfill,minute,0.004362263155565522,0.004362263155565522,0.00419932838339302,0.00419932838339302,6382.354128023663,/home/runner/work/Solana-Memecoin-Analysis/Solana-Memecoin-Analysis/data/cache/2026-09-26/014654158151_ohlcv_b02c79a92f79.json
2026-09-25T09:00:00+00:00,3dcwhqJp6JBTJPq8ga335HWgSQVS7uQmdmeX7iGjMNpj,solana,PumpSwap,,,,,2026-08-27T00:03:44Z,0.004362263155565522,,,,,,,,,,,,,,,,,,,ohlcv_backfill,minute,0.00429482400168791,0.004377500083304532,0.00425358677095079,0.004362263155565522,4202.148278223374,/home/runner/work/Solana-Memecoin-Analysis/Solana-Memecoin-Analysis/data/cache/2026-09-26/014654158151_ohlcv_b02c79a92f79.json
2026-09-25T08:55:00+00:00,3dcwhqJp6JBTJPq8ga335HWgSQVS7uQmdmeX7iGjMNpj,solana,PumpSwap,,,,,2026-08-27T00:03:44Z,0.00429482400168791,,,,,,,,,,,,,,,,,,,ohlcv_backfill,minute,0.0042861243891524565,0.004297337344773492,0.004253292064624387,0.00429482400168791,146.60219060088235,/home/runner/work/Solana-Memecoin-Analysis/Solana-Memecoin-Analysis/data/cache/2026-09-26/014654158151_ohlcv_b02c79a92f79.json
2026-09-25T08:50:00+00:00,3dcwhqJp6JBTJPq8ga335HWgSQVS7uQmdmeX7iGjMNpj,solana,PumpSwap,,,,,2026-08-27T00:03:44Z,0.0042861243891524565,,,,,,,,,,,,,,,,,,,ohlcv_backfill,minute,0.004270256160118362,0.0042861243891524565,0.004270256160118362,0.0042861243891524565,449.913548143526,/home/runner/work/Solana-Memecoin-Analysis/Solana-Memecoin-Analysis/data/cache/2026-09-26/014654158151_ohlcv_b02c79a92f79.json
2026-09-25T08:45:00+00:00,3dcwhqJp6JBTJPq8ga335HWgSQVS7uQmdmeX7iGjMNpj,solana,PumpSwap,,,,,2026-08-27T00:03:44Z,0.004270256160118362,,,,,,,,,,,,,,,,,,,ohlcv_backfill,minute,0.004293128616767646,0.004298059345335808,0.004235349020032205,0.004270256160118362,2577.112306838929,/home/runner/work/Solana-Memecoin-Analysis/Solana-Memecoin-Analysis/data/cache/2026-09-26/014654158151_ohlcv_b02c79a92f79.json
2026-09-25T08:40:00+00:00,3dcwhqJp6JBTJPq8ga335HWgSQVS7uQmdmeX7iGjMNpj,solana,PumpSwap,,,,,2026-08-27T00:03:44Z,0.004293128616767646,,,,,,,,,,,,,,,,,,,ohlcv_backfill,minute,0.004213668464226689,0.004375368500372235,0.004169628337935882,0.004293128616767646,11302.32435704464,/home/runner/work/Solana-Memecoin-Analysis/Solana-Memecoin-Analysis/data/cache/2026-09-26/014654158151_ohlcv_b02c79a92f79.json
2026-09-25T08:35:00+00:00,3dcwhqJp6JBTJPq8ga335HWgSQVS7uQmdmeX7iGjMNpj,solana,PumpSwap,,,,,2026-08-27T00:03:44Z,0.004213668464226689,,,,,,,,,,,,,,,,,,,ohlcv_backfill,minute,0.0041866077869173865,0.00424889889375063,0.004186059500532936,0.004213668464226689,1125.238708021993,/home/runner/work/Solana-Memecoin-Analysis/Solana-Memecoin-Analysis/data/cache/2026-09-26/014654158151_ohlcv_b02c79a92f79.json
2026-09-25T08:30:00+00:00,3dcwhqJp6JBTJPq8ga335HWgSQVS7uQmdmeX7iGjMNpj,solana,PumpSwap,,,,,2026-08-27T00:03:44Z,0.0041866077869173865,,,,,,,,,,,,,,,,,,,ohlcv_backfill,minute,0.004141636818649401,0.0041866077869173865,0.004105384304911604,0.0041866077869173865,2551.438614831143,/home/runner/work/Solana-Memecoin-Analysis/Solana-Memecoin-Analysis/data/cache/2026-09-26/014654158151_ohlcv_b02c79a92f79.json
2026-09-25T08:25:00+00:00,3dcwhqJp6JBTJPq8ga335HWgSQVS7uQmdmeX7iGjMNpj,solana,PumpSwap,,,,,2026-08-27T00:03:44Z,0.004141636818649401,,,,,,,,,,,,,,,,,,,ohlcv_backfill,minute,0.004112909596632743,0.004141636818649401,0.004106298895854834,0.004141636818649401,605.6673247016154,/home/runner/work/Solana-Memecoin-Analysis/Solana-Memecoin-Analysis/data/cache/2026-09-26/014654158151_ohlcv_b02c79a92f79.json
2026-09-25T08:20:00+00:00,3dcwhqJp6JBTJPq8ga335HWgSQVS7uQmdmeX7iGjMNpj,solana,PumpSwap,,,,,2026-08-27T00:03:44Z,0.004112909596632743,,,,,,,,,,,,,,,,,,,ohlcv_backfill,minute,0.004057691261152436,0.00411996202196387,0.004057691261152436,0.004112909596632743,2387.3133155339638,/home/runner/work/Solana-Memecoin-Analysis/Solana-Memecoin-Analysis/data/cache/2026-09-26/014654158151_ohlcv_b02c79a92f79.json
2026-09-25T07:55:00+00:00,3dcwhqJp6JBTJPq8ga335HWgSQVS7uQmdmeX7iGjMNpj,solana,PumpSwap,,,,,2026-08-27T00:03:44Z,0.004057691261152436,,,,,,,,,,,,,,,,,,,ohlcv_backfill,minute,0.004020944437524557,0.004057691261152436,0.004020944437524557,0.004057691261152436,11.643826499112022,/home/runner/work/Solana-Memecoin-Analysis/Solana-Memecoin-Analysis/data/cache/2026-09-26/014654158151_ohlcv_b02c79a92f79.json
2026-09-25T07:50:00+00:00,3dcwhqJp6JBTJPq8ga335HWgSQVS7uQmdmeX7iGjMNpj,solana,PumpSwap,,,,,2026-08-27T00:03:44Z,0.004020944437524557,,,,,,,,,,,,,,,,,,,ohlcv_backfill,minute,0.00404843165018837,0.00404843165018837,0.004020944437524557,0.004020944437524557,809.2210745872206,/home/runner/work/Solana-Memecoin-Analysis/Solana-Memecoin-Analysis/data/cache/2026-09-26/014654158151_ohlcv_b02c79a92f79.json
2026-09-25T07:45:00+00:00,3dcwhqJp6JBTJPq8ga335HWgSQVS7uQmdmeX7iGjMNpj,solana,PumpSwap,,,,,2026-08-27T00:03:44Z,0.00404843165018837,,,,,,,,,,,,,,,,,,,ohlcv_backfill,minute,0.004048030702985399,0.00405722030757462,0.004047642283784941,0.00404843165018837,247.55477295225947,/home/runner/work/Solana-Memecoin-Analysis/Solana-Memecoin-Analysis/data/cache/2026-09-26/014654158151_ohlcv_b02c79a92f79.json
2026-09-25T07:40:00+00:00,3dcwhqJp6JBTJPq8ga335HWgSQVS7uQmdmeX7iGjMNpj,solana,PumpSwap,,,,,2026-08-27T00:03:44Z,0.004048030702985399,,,,,,,,,,,,,,,,,,,ohlcv_backfill,minute,0.004069002440844285,0.004069002440844285,0.004047788202468468,0.004048030702985399,0.8260205687859702,/home/runner/work/Solana-Memecoin-Analysis/Solana-Memecoin-Analysis/data/cache/2026-09-26/014654158151_ohlcv_b02c79a92f79.json
2026-09-25T07:30:00+00:00,3dcwhqJp6JBTJPq8ga335HWgSQVS7uQmdmeX7iGjMNpj,solana,PumpSwap,,,,,2026-08-27T00:03:44Z,0.004069002440844285,,,,,,,,,,,,,,,,,,,ohlcv_backfill,minute,0.00409938750839523,0.00409938750839523,0.004069002440844285,0.004069002440844285,1.3155681325627353,/home/runner/work/Solana-Memecoin-Analysis/Solana-Memecoin-Analysis/data/cache/2026-09-26/014654158151_ohlcv_b02c79a92f79.json
2026-09-25T07:25:00+00:00,3dcwhqJp6JBTJPq8ga335HWgSQVS7uQmdmeX7iGjMNpj,solana,PumpSwap,,,,,2026-08-27T00:03:44Z,0.00409938750839523,,,,,,,,,,,,,,,,,,,ohlcv_backfill,minute,0.004093919039466688,0.00409938750839523,0.004093919039466688,0.00409938750839523,105.31962004656403,/home/runner/work/Solana-Memecoin-Analysis/Solana-Memecoin-Analysis/data/cache/2026-09-26/014654158151_ohlcv_b02c79a92f79.json
2026-09-25T07:20:00+00:00,3dcwhqJp6JBTJPq8ga335HWgSQVS7uQmdmeX7iGjMNpj,solana,PumpSwap,,,,,2026-08-27T00:03:44Z,0.004093919039466688,,,,,,,,,,,,,,,,,,,ohlcv_backfill,minute,0.004083892553824682,0.004093919039466688,0.004052079625705252,0.004093919039466688,48.591684289011646,/home/runner/work/Solana-Memecoin-Analysis/Solana-Memecoin-Analysis/data/cache/2026-09-26/014654158151_ohlcv_b02c79a92f79.json
2026-09-25T07:15:00+00:00,3dcwhqJp6JBTJPq8ga335HWgSQVS7uQmdmeX7iGjMNpj,solana,PumpSwap,,,,,2026-08-27T00:03:44Z,0.004083892553824682,,,,,,,,,,,,,,,,,,,ohlcv_backfill,minute,0.0040795418150595475,0.004083892553824682,0.0040795418150595475,0.004083892553824682,45.992022038844404,/home/runner/work/Solana-Memecoin-Analysis/Solana-Memecoin-Analysis/data/cache/2026-09-26/014654158151_ohlcv_b02c79a92f79.json
2026-09-25T07:10:00+00:00,3dcwhqJp6JBTJPq8ga335HWgSQVS7uQmdmeX7iGjMNpj,solana,PumpSwap,,,,,2026-08-27T00:03:44Z,0.0040795418150595475,,,,,,,,,,,,,,,,,,,ohlcv_backfill,minute,0.004124779932845346,0.004124779932845346,0.00407307118329828,0.0040795418150595475,2295.8854762766327,/home/runner/work/Solana-Memecoin-Analysis/Solana-Memecoin-Analysis/data/cache/2026-09-26/014654158151_ohlcv_b02c79a92f79.json
2026-09-25T07:05:00+00:00,3dcwhqJp6JBTJPq8ga335HWgSQVS7uQmdmeX7iGjMNpj,solana,PumpSwap,,,,,2026-08-27T00:03:44Z,0.004124779932845346,,,,,,,,,,,,,,,,,,,ohlcv_backfill,minute,0.004133795144175722,0.004168203138054511,0.004124779932845346,0.004124779932845346,730.989329251985,/home/runner/work/Solana-Memecoin-Analysis/Solana-Memecoin-Analysis/data/cache/2026-09-26/014654158151_ohlcv_b02c79a92f79.json
2026-09-25T07:00:00+00:00,3dcwhqJp6JBTJPq8ga335HWgSQVS7uQmdmeX7iGjMNpj,solana,PumpSwap,,,,,2026-08-27T00:03:44Z,0.004133795144175722,,,,,,,,,,,,,,,,,,,ohlcv_backfill,minute,0.004132092019940171,0.004168678601845072,0.004132092019940171,0.004133795144175722,4.535275066001533,/home/runner/work/Solana-Memecoin-Analysis/Solana-Memecoin-Analysis/data/cache/2026-09-26/014654158151_ohlcv_b02c79a92f79.json
2026-09-25T06:55:00+00:00,3dcwhqJp6JBTJPq8ga335HWgSQVS7uQmdmeX7iGjMNpj,solana,PumpSwap,,,,,2026-08-27T00:03:44Z,0.004132092019940171,,,,,,,,,,,,,,,,,,,ohlcv_backfill,minute,0.004163382993800906,0.004171789444959407,0.004132092019940171,0.004132092019940171,350.38356230544343,/home/runner/work/Solana-Memecoin-Analysis/Solana-Memecoin-Analysis/data/cache/2026-09-26/014654158151_ohlcv_b02c79a92f79.json
2026-09-25T06:50:00+00:00,3dcwhqJp6JBTJPq8ga335HWgSQVS7uQmdmeX7iGjMNpj,solana,PumpSwap,,,,,2026-08-27T00:03:44Z,0.004163382993800906,,,,,,,,,,,,,,,,,,,ohlcv_backfill,minute,0.00405184188016022,0.004179334812764471,0.00405184188016022,0.004163382993800906,4503.8137810160715,/home/runner/work/Solana-Memecoin-Analysis/Solana-Memecoin-Analysis/data/cache/2026-09-26/014654158151_ohlcv_b02c79a92f79.json
2026-09-25T06:45:00+00:00,3dcwhqJp6JBTJPq8ga335HWgSQVS7uQmdmeX7iGjMNpj,solana,PumpSwap,,,,,2026-08-27T00:03:44Z,0.00405184188016022,,,,,,,,,,,,,,,,,,,ohlcv_backfill,minute,0.004101040067774926,0.004101040067774926,0.00405184188016022,0.00405184188016022,360.59433002340785,/home/runner/work/Solana-Memecoin-Analysis/Solana-Memecoin-Analysis/data/cache/2026-09-26/014654158151_ohlcv_b02c79a92f79.json
2026-09-25T06:35:00+00:00,3dcwhqJp6JBTJPq8ga335HWgSQVS7uQmdmeX7iGjMNpj,solana,PumpSwap,,,,,2026-08-27T00:03:44Z,0.004101040067774926,,,,,,,,,,,,,,,,,,,ohlcv_backfill,minute,0.004099927396549707,0.004101040067774926,0.004054985698393893,0.004101040067774926,1496.0364382412185,/home/runner/work/Solana-Memecoin-Analysis/Solana-Memecoin-Analysis/data/cache/2026-09-26/014654158151_ohlcv_b02c79a92f79.json
2026-09-25T06:30:00+00:00,3dcwhqJp6JBTJPq8ga335HWgSQVS7uQmdmeX7iGjMNpj,solana,PumpSwap,,,,,2026-08-27T00:03:44Z,0.004099927396549707,,,,,,,,,,,,,,,,,,,ohlcv_backfill,minute,0.0040950432928001925,0.004099927396549707,0.004055065169256006,0.004099927396549707,544.2092585315238,/home/runner/work/Solana-Memecoin-Analysis/Solana-Memecoin-Analysis/data/cache/2026-09-26/014654158151_ohlcv_b02c79a92f79.json
2026-09-25T06:25:00+00:00,3dcwhqJp6JBTJPq8ga335HWgSQVS7uQmdmeX7iGjMNpj,solana,PumpSwap,,,,,2026-08-27T00:03:44Z,0.0040950432928001925,,,,,,,,,,,,,,,,,,,ohlcv_backfill,minute,0.004097692827891756,0.004097692827891756,0.0040950432928001925,0.0040950432928001925,2.3150113976419098,/home/runner/work/Solana-Memecoin-Analysis/Solana-Memecoin-Analysis/data/cache/2026-09-26/014654158151_ohlcv_b02c79a92f79.json
2026-09-25T06:20:00+00:00,3dcwhqJp6JBTJPq8ga335HWgSQVS7uQmdmeX7iGjMNpj,solana,PumpSwap,,,,,2026-08-27T00:03:44Z,0.004097692827891756,,,,,,,,,,,,,,,,,,,ohlcv_backfill,minute,0.004057614522228992,0.004101232787634551,0.004057614522228992,0.004097692827891756,204.5556538507395,/home/runner/work/Solana-Memecoin-Analysis/Solana-Memecoin-Analysis/data/cache/2026-09-26/014654158151_ohlcv_b02c79a92f79.json
2026-09-25T06:15:00+00:00,3dcwhqJp6JBTJPq8ga335HWgSQVS7uQmdmeX7iGjMNpj,solana,PumpSwap,,,,,2026-08-27T00:03:44Z,0.004057614522228992,,,,,,,,,,,,,,,,,,,ohlcv_backfill,minute,0.004049708828552316,0.0040822881945500235,0.004042217599669639,0.004057614522228992,1558.7774834028594,/home/runner/work/Solana-Memecoin-Analysis/Solana-Memecoin-Analysis/data/cache/2026-09-26/014654158151_ohlcv_b02c79a92f79.json
2026-09-25T06:10:00+00:00,3dcwhqJp6JBTJPq8ga335HWgSQVS7uQmdmeX7iGjMNpj,solana,PumpSwap,,,,,2026-08-27T00:03:44Z,0.004049708828552316,,,,,,,,,,,,,,,,,,,ohlcv_backfill,minute,0.00408039802338698,0.00408039802338698,0.004011306795988652,0.004049708828552316,2631.527315954895,/home/runner/work/Solana-Memecoin-Analysis/Solana-Memecoin-Analysis/data/cache/2026-09-26/014654158151_ohlcv_b02c79a92f79.json
2026-09-25T06:05:00+00:00,3dcwhqJp6JBTJPq8ga335HWgSQVS7uQmdmeX7iGjMNpj,solana,PumpSwap,,,,,2026-08-27T00:03:44Z,0.00408039802338698,,,,,,,,,,,,,,,,,,,ohlcv_backfill,minute,0.004065618453126168,0.004122449485072509,0.004065618453126168,0.00408039802338698,688.5573890226792,/home/runner/work/Solana-Memecoin-Analysis/Solana-Memecoin-Analysis/data/cache/2026-09-26/014654158151_ohlcv_b02c79a92f79.json
2026-09-25T06:00:00+00:00,3dcwhqJp6JBTJPq8ga335HWgSQVS7uQmdmeX7iGjMNpj,solana,PumpSwap,,,,,2026-08-27T00:03:44Z,0.004065618453126168,,,,,,,,,,,,,,,,,,,ohlcv_backfill,minute,0.0040782625194862665,0.0040782625194862665,0.004065618453126168,0.004065618453126168,353.854982089082,/home/runner/work/Solana-Memecoin-Analysis/Solana-Memecoin-Analysis/data/cache/2026-09-26/014654158151_ohlcv_b02c79a92f79.json
2026-09-25T05:55:00+00:00,3dcwhqJp6JBTJPq8ga335HWgSQVS7uQmdmeX7iGjMNpj,solana,PumpSwap,,,,,2026-08-27T00:03:44Z,0.0040782625194862665,,,,,,,,,,,,,,,,,,,ohlcv_backfill,minute,0.004081032276338408,0.004081032276338408,0.0040782625194862665,0.0040782625194862665,114.45855659251164,/home/runner/work/Solana-Memecoin-Analysis/Solana-Memecoin-Analysis/data/cache/2026-09-26/014654158151_ohlcv_b02c79a92f79.json
2026-09-25T05:50:00+00:00,3dcwhqJp6JBTJPq8ga335HWgSQVS7uQmdmeX7iGjMNpj,solana,PumpSwap,,,,,2026-08-27T00:03:44Z,0.004081032276338408,,,,,,,,,,,,,,,,,,,ohlcv_backfill,minute,0.004075304613969498,0.004114061027277051,0.004075304613969498,0.004081032276338408,250.68922499587939,/home/runner/work/Solana-Memecoin-Analysis/Solana-Memecoin-Analysis/data/cache/2026-09-26/014654158151_ohlcv_b02c79a92f79.json
2026-09-25T05:45:00+00:00,3dcwhqJp6JBTJPq8ga335HWgSQVS7uQmdmeX7iGjMNpj,solana,PumpSwap,,,,,2026-08-27T00:03:44Z,0.004075304613969498,,,,,,,,,,,,,,,,,,,ohlcv_backfill,minute,0.00407713915346443,0.00407713915346443,0.004075304613969498,0.004075304613969498,78.00812791947229,/home/runner/work/Solana-Memecoin-Analysis/Solana-Memecoin-Analysis/data/cache/2026-09-26/014654158151_ohlcv_b02c79a92f79.json
2026-09-25T05:40:00+00:00,3dcwhqJp6JBTJPq8ga335HWgSQVS7uQmdmeX7iGjMNpj,solana,PumpSwap,,,,,2026-08-27T00:03:44Z,0.00407713915346443,,,,,,,,,,,,,,,,,,,ohlcv_backfill,minute,0.004105818159909976,0.004117186251385353,0.00407713915346443,0.00407713915346443,246.86161619505597,/home/runner/work/Solana-Memecoin-Analysis/Solana-Memecoin-Analysis/data/cache/2026-09-26/014654158151_ohlcv_b02c79a92f79.json
2026-09-25T05:35:00+00:00,3dcwhqJp6JBTJPq8ga335HWgSQVS7uQmdmeX7iGjMNpj,solana,PumpSwap,,,,,2026-08-27T00:03:44Z,0.004105818159909976,,,,,,,,,,,,,,,,,,,ohlcv_backfill,minute,0.004033716786093324,0.004106694806490646,0.004033716786093324,0.004105818159909976,1135.4627689453453,/home/runner/work/Solana-Memecoin-Analysis/Solana-Memecoin-Analysis/data/cache/2026-09-26/014654158151_ohlcv_b02c79a92f79.json
2026-09-25T05:30:00+00:00,3dcwhqJp6JBTJPq8ga335HWgSQVS7uQmdmeX7iGjMNpj,solana,PumpSwap,,,,,2026-08-27T00:03:44Z,0.004033716786093324,,,,,,,,,,,,,,,,,,,ohlcv_backfill,minute,0.004039477963684788,0.004041339533608714,0.004033716786093324,0.004033716786093324,219.17630090503346,/home/runner/work/Solana-Memecoin-Analysis/Solana-Memecoin-Analysis/data/cache/2026-09-26/014654158151_ohlcv_b02c79a92f79.json
2026-09-25T05:20:00+00:00,3dcwhqJp6JBTJPq8ga335HWgSQVS7uQmdmeX7iGjMNpj,solana,PumpSwap,,,,,2026-08-27T00:03:44Z,0.004039477963684788,,,,,,,,,,,,,,,,,,,ohlcv_backfill,minute,0.004058127980918107,0.004078308234757291,0.00403913496827281,0.004039477963684788,1037.393893259411,/home/runner/work/Solana-Memecoin-Analysis/Solana-Memecoin-Analysis/data/cache/2026-09-26/014654158151_ohlcv_b02c79a92f79.json
2026-09-25T05:15:00+00:00,3dcwhqJp6JBTJPq8ga335HWgSQVS7uQmdmeX7iGjMNpj,solana,PumpSwap,,,,,2026-08-27T00:03:44Z,0.004058127980918107,,,,,,,,,,,,,,,,,,,ohlcv_backfill,minute,0.004077433810827311,0.004077433810827311,0.004025442387601115,0.004058127980918107,1337.5649118074084,/home/runner/work/Solana-Memecoin-Analysis/Solana-Memecoin-Analysis/data/cache/2026-09-26/014654158151_ohlcv_b02c79a92f79.json
2026-09-25T05:10:00+00:00,3dcwhqJp6JBTJPq8ga335HWgSQVS7uQmdmeX7iGjMNpj,solana,PumpSwap,,,,,2026-08-27T00:03:44Z,0.004077433810827311,,,,,,,,,,,,,,,,,,,ohlcv_backfill,minute,0.004067395086824076,0.004077433810827311,0.004067395086824076,0.004077433810827311,112.33694595571659,/home/runner/work/Solana-Memecoin-Analysis/Solana-Memecoin-Analysis/data/cache/2026-09-26/014654158151_ohlcv_b02c79a92f79.json
2026-09-25T05:05:00+00:00,3dcwhqJp6JBTJPq8ga335HWgSQVS7uQmdmeX7iGjMNpj,solana,PumpSwap,,,,,2026-08-27T00:03:44Z,0.004067395086824076,,,,,,,,,,,,,,,,,,,ohlcv_backfill,minute,0.0040518614624657934,0.004067395086824076,0.0040144453311313395,0.004067395086824076,3717.8052582692176,/home/runner/work/Solana-Memecoin-Analysis/Solana-Memecoin-Analysis/data/cache/2026-09-26/014654158151_ohlcv_b02c79a92f79.json
2026-09-25T05:00:00+00:00,3dcwhqJp6JBTJPq8ga335HWgSQVS7uQmdmeX7iGjMNpj,solana,PumpSwap,,,,,2026-08-27T00:03:44Z,0.0040518614624657934,,,,,,,,,,,,,,,,,,,ohlcv_backfill,minute,0.0040504608320048275,0.0040518614624657934,0.0040504608320048275,0.0040518614624657934,11.891078437578438,/home/runner/work/Solana-Memecoin-Analysis/Solana-Memecoin-Analysis/data/cache/2026-09-26/014654158151_ohlcv_b02c79a92f79.json
2026-09-25T04:55:00+00:00,3dcwhqJp6JBTJPq8ga335HWgSQVS7uQmdmeX7iGjMNpj,solana,PumpSwap,,,,,2026-08-27T00:03:44Z,0.0040504608320048275,,,,,,,,,,,,,,,,,,,ohlcv_backfill,minute,0.004108987886793585,0.004108987886793585,0.0040504608320048275,0.0040504608320048275,251.02301031321625,/home/runner/work/Solana-Memecoin-Analysis/Solana-Memecoin-Analysis/data/cache/2026-09-26/014654158151_ohlcv_b02c79a92f79.json
2026-09-25T04:50:00+00:00,3dcwhqJp6JBTJPq8ga335HWgSQVS7uQmdmeX7iGjMNpj,solana,PumpSwap,,,,,2026-08-27T00:03:44Z,0.004108987886793585,,,,,,,,,,,,,,,,,,,ohlcv_backfill,minute,0.004109601823153305,0.004109601823153305,0.004103932188863758,0.004108987886793585,220.00975917476782,/home/runner/work/Solana-Memecoin-Analysis/Solana-Memecoin-Analysis/data/cache/2026-09-26/014654158151_ohlcv_b02c79a92f79.json
2026-09-25T04:45:00+00:00,3dcwhqJp6JBTJPq8ga335HWgSQVS7uQmdmeX7iGjMNpj,solana,PumpSwap,,,,,2026-08-27T00:03:44Z,0.004109601823153305,,,,,,,,,,,,,,,,,,,ohlcv_backfill,minute,0.00406844039062897,0.004109601823153305,0.00406844039062897,0.004109601823153305,273.75001385250494,/home/runner/work/Solana-Memecoin-Analysis/Solana-Memecoin-Analysis/data/cache/2026-09-26/014654158151_ohlcv_b02c79a92f79.json
2026-09-25T04:40:00+00:00,3dcwhqJp6JBTJPq8ga335HWgSQVS7uQmdmeX7iGjMNpj,solana,PumpSwap,,,,,2026-08-27T00:03:44Z,0.00406844039062897,,,,,,,,,,,,,,,,,,,ohlcv_backfill,minute,0.004068361758556869,0.00406844039062897,0.004068361758556869,0.00406844039062897,135.36942053941723,/home/runner/work/Solana-Memecoin-Analysis/Solana-Memecoin-Analysis/data/cache/2026-09-26/014654158151_ohlcv_b02c79a92f79.json
2026-09-25T04:35:00+00:00,3dcwhqJp6JBTJPq8ga335HWgSQVS7uQmdmeX7iGjMNpj,solana,PumpSwap,,,,,2026-08-27T00:03:44Z,0.004068361758556869,,,,,,,,,,,,,,,,,,,ohlcv_backfill,minute,0.004078006435007786,0.004078006435007786,0.004065505672148201,0.004068361758556869,819.4545998131243,/home/runner/work/Solana-Memecoin-Analysis/Solana-Memecoin-Analysis/data/cache/2026-09-26/014654158151_ohlcv_b02c79a92f79.json
2026-09-25T04:25:00+00:00,3dcwhqJp6JBTJPq8ga335HWgSQVS7uQmdmeX7iGjMNpj,solana,PumpSwap,,,,,2026-08-27T00:03:44Z,0.004078006435007786,,,,,,,,,,,,,,,,,,,ohlcv_backfill,minute,0.004072274369200197,0.004113335653856182,0.004072274369200197,0.004078006435007786,179.0991680972909,/home/runner/work/Solana-Memecoin-Analysis/Solana-Memecoin-Analysis/data/cache/2026-09-26/014654158151_ohlcv_b02c79a92f79.json
2026-09-25T04:20:00+00:00,3dcwhqJp6JBTJPq8ga335HWgSQVS7uQmdmeX7iGjMNpj,solana,PumpSwap,,,,,2026-08-27T00:03:44Z,0.004072274369200197,,,,,,,,,,,,,,,,,,,ohlcv_backfill,minute,0.0040862453514574765,0.0040862453514574765,0.004072274369200197,0.004072274369200197,284.2758528856755,/home/runner/work/Solana-Memecoin-Analysis/Solana-Memecoin-Analysis/data/cache/2026-09-26/014654158151_ohlcv_b02c79a92f79.json
2026-09-25T04:15:00+00:00,3dcwhqJp6JBTJPq8ga335HWgSQVS7uQmdmeX7iGjMNpj,solana,PumpSwap,,,,,2026-08-27T00:03:44Z,0.0040862453514574765,,,,,,,,,,,,,,,,,,,ohlcv_backfill,minute,0.004127827207729785,0.004127827207729785,0.004083387396321619,0.0040862453514574765,74.20606649985031,/home/runner/work/Solana-Memecoin-Analysis/Solana-Memecoin-Analysis/data/cache/2026-09-26/014654158151_ohlcv_b02c79a92f79.json
2026-09-25T04:10:00+00:00,3dcwhqJp6JBTJPq8ga335HWgSQVS7uQmdmeX7iGjMNpj,solana,PumpSwap,,,,,2026-08-27T00:03:44Z,0.004127827207729785,,,,,,,,,,,,,,,,,,,ohlcv_backfill,minute,0.0040942178323339845,0.004127827207729785,0.0040942178323339845,0.004127827207729785,292.4328867519114,/home/runner/work/Solana-Memecoin-Analysis/Solana-Memecoin-Analysis/data/cache/2026-09-26/014654158151_ohlcv_b02c79a92f79.json
2026-09-25T04:05:00+00:00,3dcwhqJp6JBTJPq8ga335HWgSQVS7uQmdmeX7iGjMNpj,solana,PumpSwap,,,,,2026-08-27T00:03:44Z,0.0040942178323339845,,,,,,,,,,,,,,,,,,,ohlcv_backfill,minute,0.004097731919289271,0.004132171987420252,0.0040942178323339845,0.0040942178323339845,360.0992898609631,/home/runner/work/Solana-Memecoin-Analysis/Solana-Memecoin-Analysis/data/cache/2026-09-26/014654158151_ohlcv_b02c79a92f79.json
2026-09-25T04:00:00+00:00,3dcwhqJp6JBTJPq8ga335HWgSQVS7uQmdmeX7iGjMNpj,solana,PumpSwap,,,,,2026-08-27T00:03:44Z,0.004097731919289271,,,,,,,,,,,,,,,,,,,ohlcv_backfill,minute,0.004097318623493795,0.004141451949841841,0.004097318623493795,0.004097731919289271,686.2882725771482,/home/runner/work/Solana-Memecoin-Analysis/Solana-Memecoin-Analysis/data/cache/2026-09-26/014654158151_ohlcv_b02c79a92f79.json
2026-09-25T03:55:00+00:00,3dcwhqJp6JBTJPq8ga335HWgSQVS7uQmdmeX7iGjMNpj,solana,PumpSwap,,,,,2026-08-27T00:03:44Z,0.004097318623493795,,,,,,,,,,,,,,,,,,,ohlcv_backfill,minute,0.004056508936122309,0.004123944154803139,0.004056508936122309,0.004097318623493795,2245.145840049838,/home/runner/work/Solana-Memecoin-Analysis/Solana-Memecoin-Analysis/data/cache/2026-09-26/014654158151_ohlcv_b02c79a92f79.json
2026-09-25T03:50:00+00:00,3dcwhqJp6JBTJPq8ga335HWgSQVS7uQmdmeX7iGjMNpj,solana,PumpSwap,,,,,2026-08-27T00:03:44Z,0.004056508936122309,,,,,,,,,,,,,,,,,,,ohlcv_backfill,minute,0.004077957413981013,0.004077957413981013,0.004056508936122309,0.004056508936122309,652.7243534184535,/home/runner/work/Solana-Memecoin-Analysis/Solana-Memecoin-Analysis/data/cache/2026-09-26/014654158151_ohlcv_b02c79a92f79.json
2026-09-25T03:45:00+00:00,3dcwhqJp6JBTJPq8ga335HWgSQVS7uQmdmeX7iGjMNpj,solana,PumpSwap,,,,,2026-08-27T00:03:44Z,0.004077957413981013,,,,,,,,,,,,,,,,,,,ohlcv_backfill,minute,0.004121274026726335,0.004121448480635684,0.004077957413981013,0.004077957413981013,970.1446902697196,/home/runner/work/Solana-Memecoin-Analysis/Solana-Memecoin-Analysis/data/cache/2026-09-26/014654158151_ohlcv_b02c79a92f79.json
2026-09-25T03:40:00+00:00,3dcwhqJp6JBTJPq8ga335HWgSQVS7uQmdmeX7iGjMNpj,solana,PumpSwap,,,,,2026-08-27T00:03:44Z,0.004121274026726335,,,,,,,,,,,,,,,,,,,ohlcv_backfill,minute,0.0041319111690470605,0.004164973459148667,0.004121274026726335,0.004121274026726335,925.1336105049089,/home/runner/work/Solana-Memecoin-Analysis/Solana-Memecoin-Analysis/data/cache/2026-09-26/014654158151_ohlcv_b02c79a92f79.json
2026-09-25T03:35:00+00:00,3dcwhqJp6JBTJPq8ga335HWgSQVS7uQmdmeX7iGjMNpj,solana,PumpSwap,,,,,2026-08-27T00:03:44Z,0.0041319111690470605,,,,,,,,,,,,,,,,,,,ohlcv_backfill,minute,0.004153888372170816,0.004170642895035315,0.004121812315591834,0.0041319111690470605,651.9357909999762,/home/runner/work/Solana-Memecoin-Analysis/Solana-Memecoin-Analysis/data/cache/2026-09-26/014654158151_ohlcv_b02c79a92f79.json
2026-09-25T03:30:00+00:00,3dcwhqJp6JBTJPq8ga335HWgSQVS7uQmdmeX7iGjMNpj,solana,PumpSwap,,,,,2026-08-27T00:03:44Z,0.004153888372170816,,,,,,,,,,,,,,,,,,,ohlcv_backfill,minute,0.004027904819440219,0.004153888372170816,0.004027904819440219,0.004153888372170816,10755.383572501758,/home/runner/work/Solana-Memecoin-Analysis/Solana-Memecoin-Analysis/data/cache/2026-09-26/014654158151_ohlcv_b02c79a92f79.json
2026-09-25T03:25:00+00:00,3dcwhqJp6JBTJPq8ga335HWgSQVS7uQmdmeX7iGjMNpj,solana,PumpSwap,,,,,2026-08-27T00:03:44Z,0.004027904819440219,,,,,,,,,,,,,,,,,,,ohlcv_backfill,minute,0.003989725460797139,0.004030838006267535,0.003989508575139302,0.004027904819440219,184.35747963907815,/home/runner/work/Solana-Memecoin-Analysis/Solana-Memecoin-Analysis/data/cache/2026-09-26/014654158151_ohlcv_b02c79a92f79.json
2026-09-25T03:20:00+00:00,3dcwhqJp6JBTJPq8ga335HWgSQVS7uQmdmeX7iGjMNpj,solana,PumpSwap,,,,,2026-08-27T00:03:44Z,0.003989725460797139,,,,,,,,,,,,,,,,,,,ohlcv_backfill,minute,0.0039951358750905715,0.0039951358750905715,0.003989725460797139,0.003989725460797139,46.70035185475137,/home/runner/work/Solana-Memecoin-Analysis/Solana-Memecoin-Analysis/data/cache/2026-09-26/014654158151_ohlcv_b02c79a92f79.json
2026-09-25T03:15:00+00:00,3dcwhqJp6JBTJPq8ga335HWgSQVS7uQmdmeX7iGjMNpj,solana,PumpSwap,,,,,2026-08-27T00:03:44Z,0.0039951358750905715,,,,,,,,,,,,,,,,,,,ohlcv_backfill,minute,0.003924320235300319,0.0040170232601451205,0.003924320235300319,0.0039951358750905715,3760.945368992487,/home/runner/work/Solana-Memecoin-Analysis/Solana-Memecoin-Analysis/data/cache/2026-09-26/014654158151_ohlcv_b02c79a92f79.json
2026-09-25T03:10:00+00:00,3dcwhqJp6JBTJPq8ga335HWgSQVS7uQmdmeX7iGjMNpj,solana,PumpSwap,,,,,2026-08-27T00:03:44Z,0.003924320235300319,,,,,,,,,,,,,,,,,,,ohlcv_backfill,minute,0.003972491014575225,0.003972491014575225,0.003924320235300319,0.003924320235300319,108.6102926828478,/home/runner/work/Solana-Memecoin-Analysis/Solana-Memecoin-Analysis/data/cache/2026-09-26/014654158151_ohlcv_b02c79a92f79.json
2026-09-25T03:05:00+00:00,3dcwhqJp6JBTJPq8ga335HWgSQVS7uQmdmeX7iGjMNpj,solana,PumpSwap,,,,,2026-08-27T00:03:44Z,0.003972491014575225,,,,,,,,,,,,,,,,,,,ohlcv_backfill,minute,0.003925659115232944,0.003972491014575225,0.003925659115232944,0.003972491014575225,11.522676367540981,/home/runner/work/Solana-Memecoin-Analysis/Solana-Memecoin-Analysis/data/cache/2026-09-26/014654158151_ohlcv_b02c79a92f79.json
2026-09-25T03:00:00+00:00,3dcwhqJp6JBTJPq8ga335HWgSQVS7uQmdmeX7iGjMNpj,solana,PumpSwap,,,,,2026-08-27T00:03:44Z,0.003925659115232944,,,,,,,,,,,,,,,,,,,ohlcv_backfill,minute,0.0039626473262963004,0.003963158827041048,0.003925659115232944,0.003925659115232944,6.412970377871276,/home/runner/work/Solana-Memecoin-Analysis/Solana-Memecoin-Analysis/data/cache/2026-09-26/014654158151_ohlcv_b02c79a92f79.json
2026-09-25T02:55:00+00:00,3dcwhqJp6JBTJPq8ga335HWgSQVS7uQmdmeX7iGjMNpj,solana,PumpSwap,,,,,2026-08-27T00:03:44Z,0.0039626473262963004,,,,,,,,,,,,,,,,,,,ohlcv_backfill,minute,0.003965013985446856,0.003965013985446856,0.003924010479773068,0.0039626473262963004,310.25770976648505,/home/runner/work/Solana-Memecoin-Analysis/Solana-Memecoin-Analysis/data/cache/2026-09-26/014654158151_ohlcv_b02c79a92f79.json
2026-09-25T02:50:00+00:00,3dcwhqJp6JBTJPq8ga335HWgSQVS7uQmdmeX7iGjMNpj,solana,PumpSwap,,,,,2026-08-27T00:03:44Z,0.003965013985446856,,,,,,,,,,,,,,,,,,,ohlcv_backfill,minute,0.0040188583898281205,0.0040188583898281205,0.0039326458649422595,0.003965013985446856,1682.2326809840765,/home/runner/work/Solana-Memecoin-Analysis/Solana-Memecoin-Analysis/data/cache/2026-09-26/014654158151_ohlcv_b02c79a92f79.json
2026-09-25T02:45:00+00:00,3dcwhqJp6JBTJPq8ga335HWgSQVS7uQmdmeX7iGjMNpj,solana,PumpSwap,,,,,2026-08-27T00:03:44Z,0.0040188583898281205,,,,,,,,,,,,,,,,,,,ohlcv_backfill,minute,0.004038575238568134,0.004038575238568134,0.003982636560171092,0.0040188583898281205,230.18447506006606,/home/runner/work/Solana-Memecoin-Analysis/Solana-Memecoin-Analysis/data/cache/2026-09-26/014654158151_ohlcv_b02c79a92f79.json
2026-09-25T02:40:00+00:00,3dcwhqJp6JBTJPq8ga335HWgSQVS7uQmdmeX7iGjMNpj,solana,PumpSwap,,,,,2026-08-27T00:03:44Z,0.004038575238568134,,,,,,,,,,,,,,,,,,,ohlcv_backfill,minute,0.004000070603182361,0.004038575238568134,0.004000070603182361,0.004038575238568134,52.125258298372664,/home/runner/work/Solana-Memecoin-Analysis/Solana-Memecoin-Analysis/data/cache/2026-09-26/014654158151_ohlcv_b02c79a92f79.json
2026-09-25T02:35:00+00:00,3dcwhqJp6JBTJPq8ga335HWgSQVS7uQmdmeX7iGjMNpj,solana,PumpSwap,,,,,2026-08-27T00:03:44Z,0.004000070603182361,,,,,,,,,,,,,,,,,,,ohlcv_backfill,minute,0.004054529413041118,0.004054529413041118,0.004000070603182361,0.004000070603182361,26.98133976286045,/home/runner/work/Solana-Memecoin-Analysis/Solana-Memecoin-Analysis/data/cache/2026-09-26/014654158151_ohlcv_b02c79a92f79.json
2026-09-25T02:30:00+00:00,3dcwhqJp6JBTJPq8ga335HWgSQVS7uQmdmeX7iGjMNpj,solana,PumpSwap,,,,,2026-08-27T00:03:44Z,0.004054529413041118,,,,,,,,,,,,,,,,,,,ohlcv_backfill,minute,0.004040055286507062,0.004054529413041118,0.004040055286507062,0.004054529413041118,374.69545024219263,/home/runner/work/Solana-Memecoin-Analysis/Solana-Memecoin-Analysis/data/cache/2026-09-26/014654158151_ohlcv_b02c79a92f79.json
2026-09-25T02:25:00+00:00,3dcwhqJp6JBTJPq8ga335HWgSQVS7uQmdmeX7iGjMNpj,solana,PumpSwap,,,,,2026-08-27T00:03:44Z,0.004040055286507062,,,,,,,,,,,,,,,,,,,ohlcv_backfill,minute,0.0040159428672644415,0.004040055286507062,0.004009146614905034,0.004040055286507062,24.847869884166723,/home/runner/work/Solana-Memecoin-Analysis/Solana-Memecoin-Analysis/data/cache/2026-09-26/014654158151_ohlcv_b02c79a92f79.json
2026-09-25T02:20:00+00:00,3dcwhqJp6JBTJPq8ga335HWgSQVS7uQmdmeX7iGjMNpj,solana,PumpSwap,,,,,2026-08-27T00:03:44Z,0.0040159428672644415,,,,,,,,,,,,,,,,,,,ohlcv_backfill,minute,0.004019462840598069,0.004057360989052588,0.0040159428672644415,0.0040159428672644415,313.8547754415332,/home/runner/work/Solana-Memecoin-Analysis/Solana-Memecoin-Analysis/data/cache/2026-09-26/014654158151_ohlcv_b02c79a92f79.json
2026-09-25T02:15:00+00:00,3dcwhqJp6JBTJPq8ga335HWgSQVS7uQmdmeX7iGjMNpj,solana,PumpSwap,,,,,2026-08-27T00:03:44Z,0.004019462840598069,,,,,,,,,,,,,,,,,,,ohlcv_backfill,minute,0.003999167031356471,0.004053141266130447,0.003988963781733369,0.004019462840598069,1421.7955209094519,/home/runner/work/Solana-Memecoin-Analysis/Solana-Memecoin-Analysis/data/cache/2026-09-26/014654158151_ohlcv_b02c79a92f79.json
2026-09-25T02:10:00+00:00,3dcwhqJp6JBTJPq8ga335HWgSQVS7uQmdmeX7iGjMNpj,solana,PumpSwap,,,,,2026-08-27T00:03:44Z,0.003999167031356471,,,,,,,,,,,,,,,,,,,ohlcv_backfill,minute,0.004009584805721454,0.004031725733432639,0.003999167031356471,0.003999167031356471,648.3918619330697,/home/runner/work/Solana-Memecoin-Analysis/Solana-Memecoin-Analysis/data/cache/2026-09-26/014654158151_ohlcv_b02c79a92f79.json
2026-09-25T02:05:00+00:00,3dcwhqJp6JBTJPq8ga335HWgSQVS7uQmdmeX7iGjMNpj,solana,PumpSwap,,,,,2026-08-27T00:03:44Z,0.004009584805721454,,,,,,,,,,,,,,,,,,,ohlcv_backfill,minute,0.003957292303085056,0.004009584805721454,0.003951285657438448,0.004009584805721454,689.1518402879339,/home/runner/work/Solana-Memecoin-Analysis/Solana-Memecoin-Analysis/data/cache/2026-09-26/014654158151_ohlcv_b02c79a92f79.json
2026-09-25T02:00:00+00:00,3dcwhqJp6JBTJPq8ga335HWgSQVS7uQmdmeX7iGjMNpj,solana,PumpSwap,,,,,2026-08-27T00:03:44Z,0.003957292303085056,,,,,,,,,,,,,,,,,,,ohlcv_backfill,minute,0.00396142419483932,0.00396142419483932,0.0039488836149634944,0.003957292303085056,806.5214389240517,/home/runner/work/Solana-Memecoin-Analysis/Solana-Memecoin-Analysis/data/cache/2026-09-26/014654158151_ohlcv_b02c79a92f79.json
2026-09-25T01:55:00+00:00,3dcwhqJp6JBTJPq8ga335HWgSQVS7uQmdmeX7iGjMNpj,solana,PumpSwap,,,,,2026-08-27T00:03:44Z,0.00396142419483932,,,,,,,,,,,,,,,,,,,ohlcv_backfill,minute,0.003980222392092138,0.003980222392092138,0.00396142419483932,0.00396142419483932,502.90372051953983,/home/runner/work/Solana-Memecoin-Analysis/Solana-Memecoin-Analysis/data/cache/2026-09-26/014654158151_ohlcv_b02c79a92f79.json
2026-09-25T01:50:00+00:00,3dcwhqJp6JBTJPq8ga335HWgSQVS7uQmdmeX7iGjMNpj,solana,PumpSwap,,,,,2026-08-27T00:03:44Z,0.003980222392092138,,,,,,,,,,,,,,,,,,,ohlcv_backfill,minute,0.003983184842359156,0.0040124615057015025,0.003980222392092138,0.003980222392092138,770.0269190036827,/home/runner/work/Solana-Memecoin-Analysis/Solana-Memecoin-Analysis/data/cache/2026-09-26/014654158151_ohlcv_b02c79a92f79.json
2026-09-25T01:45:00+00:00,3dcwhqJp6JBTJPq8ga335HWgSQVS7uQmdmeX7iGjMNpj,solana,PumpSwap,,,,,2026-08-27T00:03:44Z,0.003983184842359156,,,,,,,,,,,,,,,,,,,ohlcv_backfill,minute,0.003976861089922003,0.003983184842359156,0.003976861089922003,0.003983184842359156,233.3981017841419,/home/runner/work/Solana-Memecoin-Analysis/Solana-Memecoin-Analysis/data/cache/2026-09-26/014654158151_ohlcv_b02c79a92f79.json
2026-09-25T01:40:00+00:00,3dcwhqJp6JBTJPq8ga335HWgSQVS7uQmdmeX7iGjMNpj,solana,PumpSwap,,,,,2026-08-27T00:03:44Z,0.003976861089922003,,,,,,,,,,,,,,,,,,,ohlcv_backfill,minute,0.003959400458298688,0.003976861089922003,0.003959400458298688,0.003976861089922003,250.7361065348095,/home/runner/work/Solana-Memecoin-Analysis/Solana-Memecoin-Analysis/data/cache/2026-09-26/014654158151_ohlcv_b02c79a92f79.json
2026-09-25T01:35:00+00:00,3dcwhqJp6JBTJPq8ga335HWgSQVS7uQmdmeX7iGjMNpj,solana,PumpSwap,,,,,2026-08-27T00:03:44Z,0.003959400458298688,,,,,,,,,,,,,,,,,,,ohlcv_backfill,minute,0.003944441879610815,0.003959400458298688,0.003944441879610815,0.003959400458298688,542.2918391635998,/home/runner/work/Solana-Memecoin-Analysis/Solana-Memecoin-Analysis/data/cache/2026-09-26/014654158151_ohlcv_b02c79a92f79.json
2026-09-25T01:30:00+00:00,3dcwhqJp6JBTJPq8ga335HWgSQVS7uQmdmeX7iGjMNpj,solana,PumpSwap,,,,,2026-08-27T00:03:44Z,0.003944441879610815,,,,,,,,,,,,,,,,,,,ohlcv_backfill,minute,0.003924339607080537,0.003944441879610815,0.003888073568901698,0.003944441879610815,1553.3879912605719,/home/runner/work/Solana-Memecoin-Analysis/Solana-Memecoin-Analysis/data/cache/2026-09-26/014654158151_ohlcv_b02c79a92f79.json
2026-09-25T01:25:00+00:00,3dcwhqJp6JBTJPq8ga335HWgSQVS7uQmdmeX7iGjMNpj,solana,PumpSwap,,,,,2026-08-27T00:03:44Z,0.003924339607080537,,,,,,,,,,,,,,,,,,,ohlcv_backfill,minute,0.0038579957313781364,0.003948702781152281,0.003847196568293916,0.003924339607080537,2419.2969803650844,/home/runner/work/Solana-Memecoin-Analysis/Solana-Memecoin-Analysis/data/cache/2026-09-26/014654158151_ohlcv_b02c79a92f79.json
2026-09-25T01:20:00+00:00,3dcwhqJp6JBTJPq8ga335HWgSQVS7uQmdmeX7iGjMNpj,solana,PumpSwap,,,,,2026-08-27T00:03:44Z,0.0038579957313781364,,,,,,,,,,,,,,,,,,,ohlcv_backfill,minute,0.0038307597399568102,0.0038579957313781364,0.0038307597399568102,0.0038579957313781364,1982.7715496115586,/home/runner/work/Solana-Memecoin-Analysis/Solana-Memecoin-Analysis/data/cache/2026-09-26/014654158151_ohlcv_b02c79a92f79.json
2026-09-25T01:15:00+00:00,3dcwhqJp6JBTJPq8ga335HWgSQVS7uQmdmeX7iGjMNpj,solana,PumpSwap,,,,,2026-08-27T00:03:44Z,0.0038307597399568102,,,,,,,,,,,,,,,,,,,ohlcv_backfill,minute,0.0038187434050562553,0.0038317313789075704,0.003789236465881624,0.0038307597399568102,227.20607093504046,/home/runner/work/Solana-Memecoin-Analysis/Solana-Memecoin-Analysis/data/cache/2026-09-26/014654158151_ohlcv_b02c79a92f79.json
2026-09-25T01:10:00+00:00,3dcwhqJp6JBTJPq8ga335HWgSQVS7uQmdmeX7iGjMNpj,solana,PumpSwap,,,,,2026-08-27T00:03:44Z,0.0038187434050562553,,,,,,,,,,,,,,,,,,,ohlcv_backfill,minute,0.003760614152194609,0.003822206893131338,0.003760614152194609,0.0038187434050562553,845.5641567241236,/home/runner/work/Solana-Memecoin-Analysis/Solana-Memecoin-Analysis/data/cache/2026-09-26/014654158151_ohlcv_b02c79a92f79.json
2026-09-25T01:05:00+00:00,3dcwhqJp6JBTJPq8ga335HWgSQVS7uQmdmeX7iGjMNpj,solana,PumpSwap,,,,,2026-08-27T00:03:44Z,0.003760614152194609,,,,,,,,,,,,,,,,,,,ohlcv_backfill,minute,0.0038947454272207434,0.0038947454272207434,0.0036943687417500095,0.003760614152194609,10792.751833088865,/home/runner/work/Solana-Memecoin-Analysis/Solana-Memecoin-Analysis/data/cache/2026-09-26/014654158151_ohlcv_b02c79a92f79.json
2026-09-25T01:00:00+00:00,3dcwhqJp6JBTJPq8ga335HWgSQVS7uQmdmeX7iGjMNpj,solana,PumpSwap,,,,,2026-08-27T00:03:44Z,0.0038947454272207434,,,,,,,,,,,,,,,,,,,ohlcv_backfill,minute,0.003893805587792516,0.003925881605009015,0.003886836619398127,0.0038947454272207434,331.908474262981,/home/runner/work/Solana-Memecoin-Analysis/Solana-Memecoin-Analysis/data/cache/2026-09-26/014654158151_ohlcv_b02c79a92f79.json
2026-09-25T00:55:00+00:00,3dcwhqJp6JBTJPq8ga335HWgSQVS7uQmdmeX7iGjMNpj,solana,PumpSwap,,,,,2026-08-27T00:03:44Z,0.003893805587792516,,,,,,,,,,,,,,,,,,,ohlcv_backfill,minute,0.003901822800590193,0.003901822800590193,0.003893805587792516,0.003893805587792516,183.23771432117468,/home/runner/work/Solana-Memecoin-Analysis/Solana-Memecoin-Analysis/data/cache/2026-09-26/014654158151_ohlcv_b02c79a92f79.json
2026-09-25T00:50:00+00:00,3dcwhqJp6JBTJPq8ga335HWgSQVS7uQmdmeX7iGjMNpj,solana,PumpSwap,,,,,2026-08-27T00:03:44Z,0.003901822800590193,,,,,,,,,,,,,,,,,,,ohlcv_backfill,minute,0.003909236199711949,0.003946258598613894,0.003901822800590193,0.003901822800590193,366.91347869755595,/home/runner/work/Solana-Memecoin-Analysis/Solana-Memecoin-Analysis/data/cache/2026-09-26/014654158151_ohlcv_b02c79a92f79.json
2026-09-25T00:45:00+00:00,3dcwhqJp6JBTJPq8ga335HWgSQVS7uQmdmeX7iGjMNpj,solana,PumpSwap,,,,,2026-08-27T00:03:44Z,0.003909236199711949,,,,,,,,,,,,,,,,,,,ohlcv_backfill,minute,0.0039054916271115798,0.003909266011686833,0.0039054916271115798,0.003909236199711949,43.745453423144035,/home/runner/work/Solana-Memecoin-Analysis/Solana-Memecoin-Analysis/data/cache/2026-09-26/014654158151_ohlcv_b02c79a92f79.json
2026-09-25T00:40:00+00:00,3dcwhqJp6JBTJPq8ga335HWgSQVS7uQmdmeX7iGjMNpj,solana,PumpSwap,,,,,2026-08-27T00:03:44Z,0.0039054916271115798,,,,,,,,,,,,,,,,,,,ohlcv_backfill,minute,0.003906792993653342,0.003943533626310958,0.003904825119429363,0.0039054916271115798,292.1407672587427,/home/runner/work/Solana-Memecoin-Analysis/Solana-Memecoin-Analysis/data/cache/2026-09-26/014654158151_ohlcv_b02c79a92f79.json
2026-09-25T00:35:00+00:00,3dcwhqJp6JBTJPq8ga335HWgSQVS7uQmdmeX7iGjMNpj,solana,PumpSwap,,,,,2026-08-27T00:03:44Z,0.003906792993653342,,,,,,,,,,,,,,,,,,,ohlcv_backfill,minute,0.003939110436777354,0.003944365591095495,0.003906792993653342,0.003906792993653342,149.81367080531692,/home/runner/work/Solana-Memecoin-Analysis/Solana-Memecoin-Analysis/data/cache/2026-09-26/014654158151_ohlcv_b02c79a92f79.json
2026-09-25T00:30:00+00:00,3dcwhqJp6JBTJPq8ga335HWgSQVS7uQmdmeX7iGjMNpj,solana,PumpSwap,,,,,2026-08-27T00:03:44Z,0.003939110436777354,,,,,,,,,,,,,,,,,,,ohlcv_backfill,minute,0.003952829762656819,0.003952829762656819,0.003907349199719351,0.003939110436777354,245.09735130937653,/home/runner/work/Solana-Memecoin-Analysis/Solana-Memecoin-Analysis/data/cache/2026-09-26/014654158151_ohlcv_b02c79a92f79.json
2026-09-25T00:25:00+00:00,3dcwhqJp6JBTJPq8ga335HWgSQVS7uQmdmeX7iGjMNpj,solana,PumpSwap,,,,,2026-08-27T00:03:44Z,0.003952829762656819,,,,,,,,,,,,,,,,,,,ohlcv_backfill,minute,0.003910638669255974,0.003952829762656819,0.003907466927052981,0.003952829762656819,292.7041001795831,/home/runner/work/Solana-Memecoin-Analysis/Solana-Memecoin-Analysis/data/cache/2026-09-26/014654158151_ohlcv_b02c79a92f79.json
2026-09-25T00:20:00+00:00,3dcwhqJp6JBTJPq8ga335HWgSQVS7uQmdmeX7iGjMNpj,solana,PumpSwap,,,,,2026-08-27T00:03:44Z,0.003910638669255974,,,,,,,,,,,,,,,,,,,ohlcv_backfill,minute,0.0038911420630778804,0.003946380393621322,0.0038911420630778804,0.003910638669255974,1112.533097174721,/home/runner/work/Solana-Memecoin-Analysis/Solana-Memecoin-Analysis/data/cache/2026-09-26/014654158151_ohlcv_b02c79a92f79.json
2026-09-25T00:15:00+00:00,3dcwhqJp6JBTJPq8ga335HWgSQVS7uQmdmeX7iGjMNpj,solana,PumpSwap,,,,,2026-08-27T00:03:44Z,0.0038911420630778804,,,,,,,,,,,,,,,,,,,ohlcv_backfill,minute,0.0038357209603184328,0.003989035281802111,0.0038357209603184328,0.0038911420630778804,8722.271498444643,/home/runner/work/Solana-Memecoin-Analysis/Solana-Memecoin-Analysis/data/cache/2026-09-26/014654158151_ohlcv_b02c79a92f79.json
2026-09-25T00:10:00+00:00,3dcwhqJp6JBTJPq8ga335HWgSQVS7uQmdmeX7iGjMNpj,solana,PumpSwap,,,,,2026-08-27T00:03:44Z,0.0038357209603184328,,,,,,,,,,,,,,,,,,,ohlcv_backfill,minute,0.003882206113177856,0.003922821729374207,0.0037153653366870307,0.0038357209603184328,16992.36507528872,/home/runner/work/Solana-Memecoin-Analysis/Solana-Memecoin-Analysis/data/cache/2026-09-26/014654158151_ohlcv_b02c79a92f79.json
2026-09-25T00:05:00+00:00,3dcwhqJp6JBTJPq8ga335HWgSQVS7uQmdmeX7iGjMNpj,solana,PumpSwap,,,,,2026-08-27T00:03:44Z,0.003882206113177856,,,,,,,,,,,,,,,,,,,ohlcv_backfill,minute,0.0041317990922516545,0.004167865457081374,0.003752985473112681,0.003882206113177856,35163.03849096927,/home/runner/work/Solana-Memecoin-Analysis/Solana-Memecoin-Analysis/data/cache/2026-09-26/014654158151_ohlcv_b02c79a92f79.json
2026-09-25T00:00:00+00:00,3dcwhqJp6JBTJPq8ga335HWgSQVS7uQmdmeX7iGjMNpj,solana,PumpSwap,,,,,2026-08-27T00:03:44Z,0.0041317990922516545,,,,,,,,,,,,,,,,,,,ohlcv_backfill,minute,0.004090673006350777,0.0042745473506910405,0.004031828862004933,0.0041317990922516545,19769.381606577794,/home/runner/work/Solana-Memecoin-Analysis/Solana-Memecoin-Analysis/data/cache/2026-09-26/014654158151_ohlcv_b02c79a92f79.json
2026-09-24T23:55:00+00:00,3dcwhqJp6JBTJPq8ga335HWgSQVS7uQmdmeX7iGjMNpj,solana,PumpSwap,,,,,2026-08-27T00:03:44Z,0.004090673006350777,,,,,,,,,,,,,,,,,,,ohlcv_backfill,minute,0.003859292906398127,0.004116352478682332,0.003852797800592854,0.004090673006350777,17328.175348589546,/home/runner/work/Solana-Memecoin-Analysis/Solana-Memecoin-Analysis/data/cache/2026-09-26/014654158151_ohlcv_b02c79a92f79.json
2026-09-24T23:50:00+00:00,3dcwhqJp6JBTJPq8ga335HWgSQVS7uQmdmeX7iGjMNpj,solana,PumpSwap,,,,,2026-08-27T00:03:44Z,0.003859292906398127,,,,,,,,,,,,,,,,,,,ohlcv_backfill,minute,0.0038960696381445253,0.0038960696381445253,0.0038558270400348453,0.003859292906398127,136.5476930858416,/home/runner/work/Solana-Memecoin-Analysis/Solana-Memecoin-Analysis/data/cache/2026-09-26/014654158151_ohlcv_b02c79a92f79.json
2026-09-24T23:45:00+00:00,3dcwhqJp6JBTJPq8ga335HWgSQVS7uQmdmeX7iGjMNpj,solana,PumpSwap,,,,,2026-08-27T00:03:44Z,0.0038960696381445253,,,,,,,,,,,,,,,,,,,ohlcv_backfill,minute,0.003864420589669296,0.003898051088307502,0.0038548471289319955,0.0038960696381445253,310.0380247488718,/home/runner/work/Solana-Memecoin-Analysis/Solana-Memecoin-Analysis/data/cache/2026-09-26/014654158151_ohlcv_b02c79a92f79.json
2026-09-24T23:40:00+00:00,3dcwhqJp6JBTJPq8ga335HWgSQVS7uQmdmeX7iGjMNpj,solana,PumpSwap,,,,,2026-08-27T00:03:44Z,0.003864420589669296,,,,,,,,,,,,,,,,,,,ohlcv_backfill,minute,0.0038699020129929085,0.003904198140778725,0.003864420589669296,0.003864420589669296,173.59370885940618,/home/runner/work/Solana-Memecoin-Analysis/Solana-Memecoin-Analysis/data/cache/2026-09-26/014654158151_ohlcv_b02c79a92f79.json
2026-09-24T23:35:00+00:00,3dcwhqJp6JBTJPq8ga335HWgSQVS7uQmdmeX7iGjMNpj,solana,PumpSwap,,,,,2026-08-27T00:03:44Z,0.0038699020129929085,,,,,,,,,,,,,,,,,,,ohlcv_backfill,minute,0.003903962641069156,0.003913530085196423,0.0038687455447102654,0.0038699020129929085,323.6772141487421,/home/runner/work/Solana-Memecoin-Analysis/Solana-Memecoin-Analysis/data/cache/2026-09-26/014654158151_ohlcv_b02c79a92f79.json
2026-09-24T23:30:00+00:00,3dcwhqJp6JBTJPq8ga335HWgSQVS7uQmdmeX7iGjMNpj,solana,PumpSwap,,,,,2026-08-27T00:03:44Z,0.003903962641069156,,,,,,,,,,,,,,,,,,,ohlcv_backfill,minute,0.003931614431171996,0.003993150111927284,0.0038237882624693954,0.003903962641069156,9308.430277187766,/home/runner/work/Solana-Memecoin-Analysis/Solana-Memecoin-Analysis/data/cache/2026-09-26/014654158151_ohlcv_b02c79a92f79.json
2026-09-24T23:25:00+00:00,3dcwhqJp6JBTJPq8ga335HWgSQVS7uQmdmeX7iGjMNpj,solana,PumpSwap,,,,,2026-08-27T00:03:44Z,0.003931614431171996,,,,,,,,,,,,,,,,,,,ohlcv_backfill,minute,0.003964696891075724,0.003966816606982169,0.003930347556803117,0.003931614431171996,47.64755610050297,/home/runner/work/Solana-Memecoin-Analysis/Solana-Memecoin-Analysis/data/cache/2026-09-26/014654158151_ohlcv_b02c79a92f79.json
2026-09-24T23:20:00+00:00,3dcwhqJp6JBTJPq8ga335HWgSQVS7uQmdmeX7iGjMNpj,solana,PumpSwap,,,,,2026-08-27T00:03:44Z,0.003964696891075724,,,,,,,,,,,,,,,,,,,ohlcv_backfill,minute,0.003953636018507854,0.003964696891075724,0.003920320401577406,0.003964696891075724,140.04111631009718,/home/runner/work/Solana-Memecoin-Analysis/Solana-Memecoin-Analysis/data/cache/2026-09-26/014654158151_ohlcv_b02c79a92f79.json
2026-09-24T23:15:00+00:00,3dcwhqJp6JBTJPq8ga335HWgSQVS7uQmdmeX7iGjMNpj,solana,PumpSwap,,,,,2026-08-27T00:03:44Z,0.003953636018507854,,,,,,,,,,,,,,,,,,,ohlcv_backfill,minute,0.003952808221561333,0.003953636018507854,0.003950451201426213,0.003953636018507854,97.21633194986543,/home/runner/work/Solana-Memecoin-Analysis/Solana-Memecoin-Analysis/data/cache/2026-09-26/014654158151_ohlcv_b02c79a92f79.json
2026-09-24T23:10:00+00:00,3dcwhqJp6JBTJPq8ga335HWgSQVS7uQmdmeX7iGjMNpj,solana,PumpSwap,,,,,2026-08-27T00:03:44Z,0.003952808221561333,,,,,,,,,,,,,,,,,,,ohlcv_backfill,minute,0.0039533212113121,0.003957882535855469,0.0039130134602328994,0.003952808221561333,71.12069884186897,/home/runner/work/Solana-Memecoin-Analysis/Solana-Memecoin-Analysis/data/cache/2026-09-26/014654158151_ohlcv_b02c79a92f79.json
2026-09-24T23:05:00+00:00,3dcwhqJp6JBTJPq8ga335HWgSQVS7uQmdmeX7iGjMNpj,solana,PumpSwap,,,,,2026-08-27T00:03:44Z,0.0039533212113121,,,,,,,,,,,,,,,,,,,ohlcv_backfill,minute,0.004014150438633911,0.004014150438633911,0.00394672285792819,0.0039533212113121,2205.0082701303318,/home/runner/work/Solana-Memecoin-Analysis/Solana-Memecoin-Analysis/data/cache/2026-09-26/014654158151_ohlcv_b02c79a92f79.json
2026-09-24T23:00:00+00:00,3dcwhqJp6JBTJPq8ga335HWgSQVS7uQmdmeX7iGjMNpj,solana,PumpSwap,,,,,2026-08-27T00:03:44Z,0.004014150438633911,,,,,,,,,,,,,,,,,,,ohlcv_backfill,minute,0.004005882899309994,0.004014150438633911,0.003971161626649503,0.004014150438633911,260.6330111392841,/home/runner/work/Solana-Memecoin-Analysis/Solana-Memecoin-Analysis/data/cache/2026-09-26/014654158151_ohlcv_b02c79a92f79.json
2026-09-24T22:55:00+00:00,3dcwhqJp6JBTJPq8ga335HWgSQVS7uQmdmeX7iGjMNpj,solana,PumpSwap,,,,,2026-08-27T00:03:44Z,0.004005882899309994,,,,,,,,,,,,,,,,,,,ohlcv_backfill,minute,0.003986187289645931,0.004005882899309994,0.003961128272716394,0.004005882899309994,485.7794464578579,/home/runner/work/Solana-Memecoin-Analysis/Solana-Memecoin-Analysis/data/cache/2026-09-26/014654158151_ohlcv_b02c79a92f79.json
2026-09-24T22:50:00+00:00,3dcwhqJp6JBTJPq8ga335HWgSQVS7uQmdmeX7iGjMNpj,solana,PumpSwap,,,,,2026-08-27T00:03:44Z,0.003986187289645931,,,,,,,,,,,,,,,,,,,ohlcv_backfill,minute,0.003786601532233929,0.004039702460082588,0.003784707537633431,0.003986187289645931,14230.607870369453,/home/runner/work/Solana-Memecoin-Analysis/Solana-Memecoin-Analysis/data/cache/2026-09-26/014654158151_ohlcv_b02c79a92f79.json
2026-09-24T22:45:00+00:00,3dcwhqJp6JBTJPq8ga335HWgSQVS7uQmdmeX7iGjMNpj,solana,PumpSwap,,,,,2026-08-27T00:03:44Z,0.003786601532233929,,,,,,,,,,,,,,,,,,,ohlcv_backfill,minute,0.00380745155454818,0.003810323632109819,0.003786601532233929,0.003786601532233929,878.1597581649961,/home/runner/work/Solana-Memecoin-Analysis/Solana-Memecoin-Analysis/data/cache/2026-09-26/014654158151_ohlcv_b02c79a92f79.json
2026-09-24T22:40:00+00:00,3dcwhqJp6JBTJPq8ga335HWgSQVS7uQmdmeX7iGjMNpj,solana,PumpSwap,,,,,2026-08-27T00:03:44Z,0.00380745155454818,,,,,,,,,,,,,,,,,,,ohlcv_backfill,minute,0.0038163853031189235,0.003847375706506681,0.0038064966237215552,0.00380745155454818,28.674982047665477,/home/runner/work/Solana-Memecoin-Analysis/Solana-Memecoin-Analysis/data/cache/2026-09-26/014654158151_ohlcv_b02c79a92f79.json
2026-09-24T22:35:00+00:00,3dcwhqJp6JBTJPq8ga335HWgSQVS7uQmdmeX7iGjMNpj,solana,PumpSwap,,,,,2026-08-27T00:03:44Z,0.0038163853031189235,,,,,,,,,,,,,,,,,,,ohlcv_backfill,minute,0.0038516500774179343,0.0038516500774179343,0.0038163853031189235,0.0038163853031189235,2.20811811344558,/home/runner/work/Solana-Memecoin-Analysis/Solana-Memecoin-Analysis/data/cache/2026-09-26/014654158151_ohlcv_b02c79a92f79.json
2026-09-24T22:30:00+00:00,3dcwhqJp6JBTJPq8ga335HWgSQVS7uQmdmeX7iGjMNpj,solana,PumpSwap,,,,,2026-08-27T00:03:44Z,0.0038516500774179343,,,,,,,,,,,,,,,,,,,ohlcv_backfill,minute,0.0037963687678486315,0.0038516500774179343,0.0037963687678486315,0.0038516500774179343,473.68159771730456,/home/runner/work/Solana-Memecoin-Analysis/Solana-Memecoin-Analysis/data/cache/2026-09-26/014654158151_ohlcv_b02c79a92f79.json
2026-09-24T22:25:00+00:00,3dcwhqJp6JBTJPq8ga335HWgSQVS7uQmdmeX7iGjMNpj,solana,PumpSwap,,,,,2026-08-27T00:03:44Z,0.0037963687678486315,,,,,,,,,,,,,,,,,,,ohlcv_backfill,minute,0.0037837655944179833,0.0038326162878966202,0.0037837655944179833,0.0037963687678486315,188.10585973571952,/home/runner/work/Solana-Memecoin-Analysis/Solana-Memecoin-Analysis/data/cache/2026-09-26/014654158151_ohlcv_b02c79a92f79.json
2026-09-24T22:20:00+00:00,3dcwhqJp6JBTJPq8ga335HWgSQVS7uQmdmeX7iGjMNpj,solana,PumpSwap,,,,,2026-08-27T00:03:44Z,0.0037837655944179833,,,,,,,,,,,,,,,,,,,ohlcv_backfill,minute,0.0037870556480602254,0.0038228841559140524,0.0037837655944179833,0.0037837655944179833,198.64456195996485,/home/runner/work/Solana-Memecoin-Analysis/Solana-Memecoin-Analysis/data/cache/2026-09-26/014654158151_ohlcv_b02c79a92f79.json
2026-09-24T22:15:00+00:00,3dcwhqJp6JBTJPq8ga335HWgSQVS7uQmdmeX7iGjMNpj,solana,PumpSwap,,,,,2026-08-27T00:03:44Z,0.0037870556480602254,,,,,,,,,,,,,,,,,,,ohlcv_backfill,minute,0.0038632053987846197,0.0038940432590613195,0.003784150513023316,0.0037870556480602254,3263.4546198319485,/home/runner/work/Solana-Memecoin-Analysis/Solana-Memecoin-Analysis/data/cache/2026-09-26/014654158151_ohlcv_b02c79a92f79.json
2026-09-24T22:10:00+00:00,3dcwhqJp6JBTJPq8ga335HWgSQVS7uQmdmeX7iGjMNpj,solana,PumpSwap,,,,,2026-08-27T00:03:44Z,0.0038632053987846197,,,,,,,,,,,,,,,,,,,ohlcv_backfill,minute,0.003906320948186419,0.003906320948186419,0.0038596572409428684,0.0038632053987846197,184.76383574012868,/home/runner/work/Solana-Memecoin-Analysis/Solana-Memecoin-Analysis/data/cache/2026-09-26/014654158151_ohlcv_b02c79a92f79.json
2026-09-24T22:05:00+00:00,3dcwhqJp6JBTJPq8ga335HWgSQVS7uQmdmeX7iGjMNpj,solana,PumpSwap,,,,,2026-08-27T00:03:44Z,0.003906320948186419,,,,,,,,,,,,,,,,,,,ohlcv_backfill,minute,0.0038638225536637293,0.003906596670304733,0.0038211227792556,0.003906320948186419,1926.1544728775646,/home/runner/work/Solana-Memecoin-Analysis/Solana-Memecoin-Analysis/data/cache/2026-09-26/014654158151_ohlcv_b02c79a92f79.json
2026-09-24T22:00:00+00:00,3dcwhqJp6JBTJPq8ga335HWgSQVS7uQmdmeX7iGjMNpj,solana,PumpSwap,,,,,2026-08-27T00:03:44Z,0.0038638225536637293,,,,,,,,,,,,,,,,,,,ohlcv_backfill,minute,0.0039134467285143375,0.003947025831105613,0.003814822443880647,0.0038638225536637293,6552.451199503503,/home/runner/work/Solana-Memecoin-Analysis/Solana-Memecoin-Analysis/data/cache/2026-09-26/014654158151_ohlcv_b02c79a92f79.json
2026-09-24T21:55:00+00:00,3dcwhqJp6JBTJPq8ga335HWgSQVS7uQmdmeX7iGjMNpj,solana,PumpSwap,,,,,2026-08-27T00:03:44Z,0.0039134467285143375,,,,,,,,,,,,,,,,,,,ohlcv_backfill,minute,0.003974271279595169,0.003974271279595169,0.0039134467285143375,0.0039134467285143375,1797.707458377221,/home/runner/work/Solana-Memecoin-Analysis/Solana-Memecoin-Analysis/data/cache/2026-09-26/014654158151_ohlcv_b02c79a92f79.json
2026-09-24T21:50:00+00:00,3dcwhqJp6JBTJPq8ga335HWgSQVS7uQmdmeX7iGjMNpj,solana,PumpSwap,,,,,2026-08-27T00:03:44Z,0.003974271279595169,,,,,,,,,,,,,,,,,,,ohlcv_backfill,minute,0.004002818891584387,0.004002818891584387,0.003974271279595169,0.003974271279595169,717.049204367265,/home/runner/work/Solana-Memecoin-Analysis/Solana-Memecoin-Analysis/data/cache/2026-09-26/014654158151_ohlcv_b02c79a92f79.json
2026-09-24T21:45:00+00:00,3dcwhqJp6JBTJPq8ga335HWgSQVS7uQmdmeX7iGjMNpj,solana,PumpSwap,,,,,2026-08-27T00:03:44Z,0.004002818891584387,,,,,,,,,,,,,,,,,,,ohlcv_backfill,minute,0.004033821527861525,0.004033821527861525,0.004002818891584387,0.004002818891584387,988.5807998394123,/home/runner/work/Solana-Memecoin-Analysis/Solana-Memecoin-Analysis/data/cache/2026-09-26/014654158151_ohlcv_b02c79a92f79.json
2026-09-24T21:40:00+00:00,3dcwhqJp6JBTJPq8ga335HWgSQVS7uQmdmeX7iGjMNpj,solana,PumpSwap,,,,,2026-08-27T00:03:44Z,0.004033821527861525,,,,,,,,,,,,,,,,,,,ohlcv_backfill,minute,0.004074213673533938,0.004074213673533938,0.004033821527861525,0.004033821527861525,168.55178750056373,/home/runner/work/Solana-Memecoin-Analysis/Solana-Memecoin-Analysis/data/cache/2026-09-26/014654158151_ohlcv_b02c79a92f79.json
2026-09-24T21:35:00+00:00,3dcwhqJp6JBTJPq8ga335HWgSQVS7uQmdmeX7iGjMNpj,solana,PumpSwap,,,,,2026-08-27T00:03:44Z,0.004074213673533938,,,,,,,,,,,,,,,,,,,ohlcv_backfill,minute,0.0040299980885980845,0.004074213673533938,0.0040299980885980845,0.004074213673533938,267.34100288843825,/home/runner/work/Solana-Memecoin-Analysis/Solana-Memecoin-Analysis/data/cache/2026-09-26/014654158151_ohlcv_b02c79a92f79.json
2026-09-24T21:30:00+00:00,3dcwhqJp6JBTJPq8ga335HWgSQVS7uQmdmeX7iGjMNpj,solana,PumpSwap,,,,,2026-08-27T00:03:44Z,0.0040299980885980845,,,,,,,,,,,,,,,,,,,ohlcv_backfill,minute,0.004119062091087726,0.00412260449018455,0.0040299980885980845,0.0040299980885980845,1639.325199584274,/home/runner/work/Solana-Memecoin-Analysis/Solana-Memecoin-Analysis/data/cache/2026-09-26/014654158151_ohlcv_b02c79a92f79.json
2026-09-24T21:25:00+00:00,3dcwhqJp6JBTJPq8ga335HWgSQVS7uQmdmeX7iGjMNpj,solana,PumpSwap,,,,,2026-08-27T00:03:44Z,0.004119062091087726,,,,,,,,,,,,,,,,,,,ohlcv_backfill,minute,0.0041202147788940045,0.004124064417736772,0.004084265449326422,0.004119062091087726,63.37973935409313,/home/runner/work/Solana-Memecoin-Analysis/Solana-Memecoin-Analysis/data/cache/2026-09-26/014654158151_ohlcv_b02c79a92f79.json
2026-09-24T21:20:00+00:00,3dcwhqJp6JBTJPq8ga335HWgSQVS7uQmdmeX7iGjMNpj,solana,PumpSwap,,,,,2026-08-27T00:03:44Z,0.0041202147788940045,,,,,,,,,,,,,,,,,,,ohlcv_backfill,minute,0.0040773154405151545,0.0041202147788940045,0.0040773154405151545,0.0041202147788940045,184.03630676176374,/home/runner/work/Solana-Memecoin-Analysis/Solana-Memecoin-Analysis/data/cache/2026-09-26/014654158151_ohlcv_b02c79a92f79.json
2026-09-24T21:15:00+00:00,3dcwhqJp6JBTJPq8ga335HWgSQVS7uQmdmeX7iGjMNpj,solana,PumpSwap,,,,,2026-08-27T00:03:44Z,0.0040773154405151545,,,,,,,,,,,,,,,,,,,ohlcv_backfill,minute,0.00405431670831358,0.004109522612430086,0.00405431670831358,0.0040773154405151545,3926.7050403569947,/home/runner/work/Solana-Memecoin-Analysis/Solana-Memecoin-Analysis/data/cache/2026-09-26/014654158151_ohlcv_b02c79a92f79.json
2026-09-24T21:10:00+00:00,3dcwhqJp6JBTJPq8ga335HWgSQVS7uQmdmeX7iGjMNpj,solana,PumpSwap,,,,,2026-08-27T00:03:44Z,0.00405431670831358,,,,,,,,,,,,,,,,,,,ohlcv_backfill,minute,0.0040533541195582525,0.00405431670831358,0.004050541992964017,0.00405431670831358,29.268707335880634,/home/runner/work/Solana-Memecoin-Analysis/Solana-Memecoin-Analysis/data/cache/2026-09-26/014654158151_ohlcv_b02c79a92f79.json
2026-09-24T21:05:00+00:00,3dcwhqJp6JBTJPq8ga335HWgSQVS7uQmdmeX7iGjMNpj,solana,PumpSwap,,,,,2026-08-27T00:03:44Z,0.0040533541195582525,,,,,,,,,,,,,,,,,,,ohlcv_backfill,minute,0.004021230567810388,0.004054628896414622,0.004014476115369781,0.0040533541195582525,135.1996518319572,/home/runner/work/Solana-Memecoin-Analysis/Solana-Memecoin-Analysis/data/cache/2026-09-26/014654158151_ohlcv_b02c79a92f79.json
2026-09-24T21:00:00+00:00,3dcwhqJp6JBTJPq8ga335HWgSQVS7uQmdmeX7iGjMNpj,solana,PumpSwap,,,,,2026-08-27T00:03:44Z,0.004021230567810388,,,,,,,,,,,,,,,,,,,ohlcv_backfill,minute,0.004012177286134596,0.004051025478086785,0.004003003328875146,0.004021230567810388,1413.3385878175263,/home/runner/work/Solana-Memecoin-Analysis/Solana-Memecoin-Analysis/data/cache/2026-09-26/014654158151_ohlcv_b02c79a92f79.json
2026-09-24T20:55:00+00:00,3dcwhqJp6JBTJPq8ga335HWgSQVS7uQmdmeX7iGjMNpj,solana,PumpSwap,,,,,2026-08-27T00:03:44Z,0.004012177286134596,,,,,,,,,,,,,,,,,,,ohlcv_backfill,minute,0.004059623664717167,0.004059623664717167,0.004012177286134596,0.004012177286134596,1293.8189149183258,/home/runner/work/Solana-Memecoin-Analysis/Solana-Memecoin-Analysis/data/cache/2026-09-26/014654158151_ohlcv_b02c79a92f79.json
2026-09-24T20:50:00+00:00,3dcwhqJp6JBTJPq8ga335HWgSQVS7uQmdmeX7iGjMNpj,solana,PumpSwap,,,,,2026-08-27T00:03:44Z,0.004059623664717167,,,,,,,,,,,,,,,,,,,ohlcv_backfill,minute,0.0040959001379763495,0.004099092058149548,0.0040580804268508875,0.004059623664717167,1012.7399100643084,/home/runner/work/Solana-Memecoin-Analysis/Solana-Memecoin-Analysis/data/cache/2026-09-26/014654158151_ohlcv_b02c79a92f79.json
2026-09-24T20:45:00+00:00,3dcwhqJp6JBTJPq8ga335HWgSQVS7uQmdmeX7iGjMNpj,solana,PumpSwap,,,,,2026-08-27T00:03:44Z,0.0040959001379763495,,,,,,,,,,,,,,,,,,,ohlcv_backfill,minute,0.004096487771292024,0.0041329780524139775,0.004091273263379415,0.0040959001379763495,820.579531954195,/home/runner/work/Solana-Memecoin-Analysis/Solana-Memecoin-Analysis/data/cache/2026-09-26/014654158151_ohlcv_b02c79a92f79.json
2026-09-24T20:40:00+00:00,3dcwhqJp6JBTJPq8ga335HWgSQVS7uQmdmeX7iGjMNpj,solana,PumpSwap,,,,,2026-08-27T00:03:44Z,0.004096487771292024,,,,,,,,,,,,,,,,,,,ohlcv_backfill,minute,0.004125299597423461,0.004125299597423461,0.004096487771292024,0.004096487771292024,710.5572117345192,/home/runner/work/Solana-Memecoin-Analysis/Solana-Memecoin-Analysis/data/cache/2026-09-26/014654158151_ohlcv_b02c79a92f79.json
2026-09-24T20:35:00+00:00,3dcwhqJp6JBTJPq8ga335HWgSQVS7uQmdmeX7iGjMNpj,solana,PumpSwap,,,,,2026-08-27T00:03:44Z,0.004125299597423461,,,,,,,,,,,,,,,,,,,ohlcv_backfill,minute,0.00413144853997539,0.004166645899183715,0.004124717538131494,0.004125299597423461,432.87139058265143,/home/runner/work/Solana-Memecoin-Analysis/Solana-Memecoin-Analysis/data/cache/2026-09-26/014654158151_ohlcv_b02c79a92f79.json
2026-09-24T20:30:00+00:00,3dcwhqJp6JBTJPq8ga335HWgSQVS7uQmdmeX7iGjMNpj,solana,PumpSwap,,,,,2026-08-27T00:03:44Z,0.00413144853997539,,,,,,,,,,,,,,,,,,,ohlcv_backfill,minute,0.004146311471705908,0.004146311471705908,0.00413144853997539,0.00413144853997539,434.4902831369922,/home/runner/work/Solana-Memecoin-Analysis/Solana-Memecoin-Analysis/data/cache/2026-09-26/014654158151_ohlcv_b02c79a92f79.json
2026-09-24T20:25:00+00:00,3dcwhqJp6JBTJPq8ga335HWgSQVS7uQmdmeX7iGjMNpj,solana,PumpSwap,,,,,2026-08-27T00:03:44Z,0.004146311471705908,,,,,,,,,,,,,,,,,,,ohlcv_backfill,minute,0.00415181879534311,0.00418444166291435,0.004146311471705908,0.004146311471705908,297.0223292878922,/home/runner/work/Solana-Memecoin-Analysis/Solana-Memecoin-Analysis/data/cache/2026-09-26/014654158151_ohlcv_b02c79a92f79.json
2026-09-24T20:20:00+00:00,3dcwhqJp6JBTJPq8ga335HWgSQVS7uQmdmeX7iGjMNpj,solana,PumpSwap,,,,,2026-08-27T00:03:44Z,0.00415181879534311,,,,,,,,,,,,,,,,,,,ohlcv_backfill,minute,0.004158932116184382,0.004192158687577071,0.004151301918707649,0.00415181879534311,588.0377014071721,/home/runner/work/Solana-Memecoin-Analysis/Solana-Memecoin-Analysis/data/cache/2026-09-26/014654158151_ohlcv_b02c79a92f79.json
2026-09-24T20:15:00+00:00,3dcwhqJp6JBTJPq8ga335HWgSQVS7uQmdmeX7iGjMNpj,solana,PumpSwap,,,,,2026-08-27T00:03:44Z,0.004158932116184382,,,,,,,,,,,,,,,,,,,ohlcv_backfill,minute,0.0041289470870991725,0.004202644687958292,0.0041289470870991725,0.004158932116184382,1610.5539688303725,/home/runner/work/Solana-Memecoin-Analysis/Solana-Memecoin-Analysis/data/cache/2026-09-26/014654158151_ohlcv_b02c79a92f79.json
2026-09-24T20:10:00+00:00,3dcwhqJp6JBTJPq8ga335HWgSQVS7uQmdmeX7iGjMNpj,solana,PumpSwap,,,,,2026-08-27T00:03:44Z,0.0041289470870991725,,,,,,,,,,,,,,,,,,,ohlcv_backfill,minute,0.004144067505951138,0.004173563255373268,0.004126015741737625,0.0041289470870991725,798.1686138718928,/home/runner/work/Solana-Memecoin-Analysis/Solana-Memecoin-Analysis/data/cache/2026-09-26/014654158151_ohlcv_b02c79a92f79.json
2026-09-24T20:00:00+00:00,3dcwhqJp6JBTJPq8ga335HWgSQVS7uQmdmeX7iGjMNpj,solana,PumpSwap,,,,,2026-08-27T00:03:44Z,0.004144067505951138,,,,,,,,,,,,,,,,,,,ohlcv_backfill,minute,0.004087103051329887,0.0041585419669336035,0.004087103051329887,0.004144067505951138,2397.5190166266425,/home/runner/work/Solana-Memecoin-Analysis/Solana-Memecoin-Analysis/data/cache/2026-09-26/014654158151_ohlcv_b02c79a92f79.json
2026-09-24T19:55:00+00:00,3dcwhqJp6JBTJPq8ga335HWgSQVS7uQmdmeX7iGjMNpj,solana,PumpSwap,,,,,2026-08-27T00:03:44Z,0.004087103051329887,,,,,,,,,,,,,,,,,,,ohlcv_backfill,minute,0.004126805300032162,0.004126805300032162,0.004087103051329887,0.004087103051329887,617.0469755625061,/home/runner/work/Solana-Memecoin-Analysis/Solana-Memecoin-Analysis/data/cache/2026-09-26/014654158151_ohlcv_b02c79a92f79.json
2026-09-24T19:50:00+00:00,3dcwhqJp6JBTJPq8ga335HWgSQVS7uQmdmeX7iGjMNpj,solana,PumpSwap,,,,,2026-08-27T00:03:44Z,0.004126805300032162,,,,,,,,,,,,,,,,,,,ohlcv_backfill,minute,0.004319444813720675,0.004319444813720675,0.004126805300032162,0.004126805300032162,8817.886574246631,/home/runner/work/Solana-Memecoin-Analysis/Solana-Memecoin-Analysis/data/cache/2026-09-26/014654158151_ohlcv_b02c79a92f79.json
2026-09-24T19:45:00+00:00,3dcwhqJp6JBTJPq8ga335HWgSQVS7uQmdmeX7iGjMNpj,solana,PumpSwap,,,,,2026-08-27T00:03:44Z,0.004319444813720675,,,,,,,,,,,,,,,,,,,ohlcv_backfill,minute,0.0042541999327642055,0.004319444813720675,0.0041198511167041965,0.004319444813720675,12685.859300692324,/home/runner/work/Solana-Memecoin-Analysis/Solana-Memecoin-Analysis/data/cache/2026-09-26/014654158151_ohlcv_b02c79a92f79.json
2026-09-24T19:40:00+00:00,3dcwhqJp6JBTJPq8ga335HWgSQVS7uQmdmeX7iGjMNpj,solana,PumpSwap,,,,,2026-08-27T00:03:44Z,0.0042541999327642055,,,,,,,,,,,,,,,,,,,ohlcv_backfill,minute,0.004269687711665527,0.0043046575265709855,0.0042541999327642055,0.0042541999327642055,591.2124959804647,/home/runner/work/Solana-Memecoin-Analysis/Solana-Memecoin-Analysis/data/cache/2026-09-26/014654158151_ohlcv_b02c79a92f79.json
2026-09-24T19:35:00+00:00,3dcwhqJp6JBTJPq8ga335HWgSQVS7uQmdmeX7iGjMNpj,solana,PumpSwap,,,,,2026-08-27T00:03:44Z,0.004269687711665527,,,,,,,,,,,,,,,,,,,ohlcv_backfill,minute,0.004287544173409484,0.0043332880903295965,0.004238597408845904,0.004269687711665527,3873.7562443511706,/home/runner/work/Solana-Memecoin-Analysis/Solana-Memecoin-Analysis/data/cache/2026-09-26/014654158151_ohlcv_b02c79a92f79.json
2026-09-24T19:30:00+00:00,3dcwhqJp6JBTJPq8ga335HWgSQVS7uQmdmeX7iGjMNpj,solana,PumpSwap,,,,,2026-08-27T00:03:44Z,0.004287544173409484,,,,,,,,,,,,,,,,,,,ohlcv_backfill,minute,0.0041217038990802694,0.004389381439912859,0.004097412535684824,0.004287544173409484,36549.105231526024,/home/runner/work/Solana-Memecoin-Analysis/Solana-Memecoin-Analysis/data/cache/2026-09-26/014654158151_ohlcv_b02c79a92f79.json
2026-09-24T19:25:00+00:00,3dcwhqJp6JBTJPq8ga335HWgSQVS7uQmdmeX7iGjMNpj,solana,PumpSwap,,,,,2026-08-27T00:03:44Z,0.0041217038990802694,,,,,,,,,,,,,,,,,,,ohlcv_backfill,minute,0.004013878153957055,0.004180876149443871,0.003970155545871589,0.0041217038990802694,25363.537247980395,/home/runner/work/Solana-Memecoin-Analysis/Solana-Memecoin-Analysis/data/cache/2026-09-26/014654158151_ohlcv_b02c79a92f79.json
2026-09-24T19:20:00+00:00,3dcwhqJp6JBTJPq8ga335HWgSQVS7uQmdmeX7iGjMNpj,solana,PumpSwap,,,,,2026-08-27T00:03:44Z,0.004013878153957055,,,,,,,,,,,,,,,,,,,ohlcv_backfill,minute,0.004040823974512805,0.004040823974512805,0.0039667844574095106,0.004013878153957055,1639.3601261916604,/home/runner/work/Solana-Memecoin-Analysis/Solana-Memecoin-Analysis/data/cache/2026-09-26/014654158151_ohlcv_b02c79a92f79.json
2026-09-24T19:15:00+00:00,3dcwhqJp6JBTJPq8ga335HWgSQVS7uQmdmeX7iGjMNpj,solana,PumpSwap,,,,,2026-08-27T00:03:44Z,0.004040823974512805,,,,,,,,,,,,,,,,,,,ohlcv_backfill,minute,0.004009670537816684,0.004040823974512805,0.003992396881805606,0.004040823974512805,1352.7982096312433,/home/runner/work/Solana-Memecoin-Analysis/Solana-Memecoin-Analysis/data/cache/2026-09-26/014654158151_ohlcv_b02c79a92f79.json
2026-09-24T19:10:00+00:00,3dcwhqJp6JBTJPq8ga335HWgSQVS7uQmdmeX7iGjMNpj,solana,PumpSwap,,,,,2026-08-27T00:03:44Z,0.004009670537816684,,,,,,,,,,,,,,,,,,,ohlcv_backfill,minute,0.004063286439400119,0.004063286439400119,0.004007222505060517,0.004009670537816684,681.0129681458625,/home/runner/work/Solana-Memecoin-Analysis/Solana-Memecoin-Analysis/data/cache/2026-09-26/014654158151_ohlcv_b02c79a92f79.json
2026-09-24T19:05:00+00:00,3dcwhqJp6JBTJPq8ga335HWgSQVS7uQmdmeX7iGjMNpj,solana,PumpSwap,,,,,2026-08-27T00:03:44Z,0.004063286439400119,,,,,,,,,,,,,,,,,,,ohlcv_backfill,minute,0.004032057924408338,0.0040742457699660855,0.004020609521480137,0.004063286439400119,593.5088709416788,/home/runner/work/Solana-Memecoin-Analysis/Solana-Memecoin-Analysis/data/cache/2026-09-26/014654158151_ohlcv_b02c79a92f79.json
2026-09-24T19:00:00+00:00,3dcwhqJp6JBTJPq8ga335HWgSQVS7uQmdmeX7iGjMNpj,solana,PumpSwap,,,,,2026-08-27T00:03:44Z,0.004032057924408338,,,,,,,,,,,,,,,,,,,ohlcv_backfill,minute,0.004065151499992518,0.0041017780201368535,0.004032057924408338,0.004032057924408338,786.1600001133548,/home/runner/work/Solana-Memecoin-Analysis/Solana-Memecoin-Analysis/data/cache/2026-09-26/014654158151_ohlcv_b02c79a92f79.json
2026-09-24T18:55:00+00:00,3dcwhqJp6JBTJPq8ga335HWgSQVS7uQmdmeX7iGjMNpj,solana,PumpSwap,,,,,2026-08-27T00:03:44Z,0.004065151499992518,,,,,,,,,,,,,,,,,,,ohlcv_backfill,minute,0.004010337204155799,0.00410644618855104,0.004010337204155799,0.004065151499992518,1874.605808017828,/home/runner/work/Solana-Memecoin-Analysis/Solana-Memecoin-Analysis/data/cache/2026-09-26/014654158151_ohlcv_b02c79a92f79.json
2026-09-24T18:50:00+00:00,3dcwhqJp6JBTJPq8ga335HWgSQVS7uQmdmeX7iGjMNpj,solana,PumpSwap,,,,,2026-08-27T00:03:44Z,0.004010337204155799,,,,,,,,,,,,,,,,,,,ohlcv_backfill,minute,0.003963637711594848,0.004057927728127123,0.003910577494349012,0.004010337204155799,10585.255454918304,/home/runner/work/Solana-Memecoin-Analysis/Solana-Memecoin-Analysis/data/cache/2026-09-26/014654158151_ohlcv_b02c79a92f79.json
2026-09-24T18:45:00+00:00,3dcwhqJp6JBTJPq8ga335HWgSQVS7uQmdmeX7iGjMNpj,solana,PumpSwap,,,,,2026-08-27T00:03:44Z,0.003963637711594848,,,,,,,,,,,,,,,,,,,ohlcv_backfill,minute,0.0039484348897303,0.004001756460455157,0.003945750802348154,0.003963637711594848,1272.7354641025647,/home/runner/work/Solana-Memecoin-Analysis/Solana-Memecoin-Analysis/data/cache/2026-09-26/014654158151_ohlcv_b02c79a92f79.json
2026-09-24T18:40:00+00:00,3dcwhqJp6JBTJPq8ga335HWgSQVS7uQmdmeX7iGjMNpj,solana,PumpSwap,,,,,2026-08-27T00:03:44Z,0.0039484348897303,,,,,,,,,,,,,,,,,,,ohlcv_backfill,minute,0.003827335833299312,0.003991996514572629,0.003827335833299312,0.0039484348897303,5133.23309526065,/home/runner/work/Solana-Memecoin-Analysis/Solana-Memecoin-Analysis/data/cache/2026-09-26/014654158151_ohlcv_b02c79a92f79.json
2026-09-24T18:35:00+00:00,3dcwhqJp6JBTJPq8ga335HWgSQVS7uQmdmeX7iGjMNpj,solana,PumpSwap,,,,,2026-08-27T00:03:44Z,0.003827335833299312,,,,,,,,,,,,,,,,,,,ohlcv_backfill,minute,0.0038636300407270925,0.003864398733348814,0.0038193190083890168,0.003827335833299312,47.11640813382916,/home/runner/work/Solana-Memecoin-Analysis/Solana-Memecoin-Analysis/data/cache/2026-09-26/014654158151_ohlcv_b02c79a92f79.json
2026-09-24T18:30:00+00:00,3dcwhqJp6JBTJPq8ga335HWgSQVS7uQmdmeX7iGjMNpj,solana,PumpSwap,,,,,2026-08-27T00:03:44Z,0.0038636300407270925,,,,,,,,,,,,,,,,,,,ohlcv_backfill,minute,0.003838461268521599,0.0038791753949083264,0.0038252573030526536,0.0038636300407270925,272.7324718334165,/home/runner/work/Solana-Memecoin-Analysis/Solana-Memecoin-Analysis/data/cache/2026-09-26/014654158151_ohlcv_b02c79a92f79.json
2026-09-24T18:25:00+00:00,3dcwhqJp6JBTJPq8ga335HWgSQVS7uQmdmeX7iGjMNpj,solana,PumpSwap,,,,,2026-08-27T00:03:44Z,0.003838461268521599,,,,,,,,,,,,,,,,,,,ohlcv_backfill,minute,0.003834845686318887,0.003873842493184699,0.003834845686318887,0.003838461268521599,162.91059490383154,/home/runner/work/Solana-Memecoin-Analysis/Solana-Memecoin-Analysis/data/cache/2026-09-26/014654158151_ohlcv_b02c79a92f79.json
2026-09-24T18:15:00+00:00,3dcwhqJp6JBTJPq8ga335HWgSQVS7uQmdmeX7iGjMNpj,solana,PumpSwap,,,,,2026-08-27T00:03:44Z,0.003834845686318887,,,,,,,,,,,,,,,,,,,ohlcv_backfill,minute,0.003851030353937266,0.003905325075779465,0.003831105663835651,0.003834845686318887,3812.518574192936,/home/runner/work/Solana-Memecoin-Analysis/Solana-Memecoin-Analysis/data/cache/2026-09-26/014654158151_ohlcv_b02c79a92f79.json
2026-09-24T18:10:00+00:00,3dcwhqJp6JBTJPq8ga335HWgSQVS7uQmdmeX7iGjMNpj,solana,PumpSwap,,,,,2026-08-27T00:03:44Z,0.003851030353937266,,,,,,,,,,,,,,,,,,,ohlcv_backfill,minute,0.0038096092147738713,0.003851030353937266,0.0038096092147738713,0.003851030353937266,361.62546810129163,/home/runner/work/Solana-Memecoin-Analysis/Solana-Memecoin-Analysis/data/cache/2026-09-26/014654158151_ohlcv_b02c79a92f79.json
2026-09-24T18:05:00+00:00,3dcwhqJp6JBTJPq8ga335HWgSQVS7uQmdmeX7iGjMNpj,solana,PumpSwap,,,,,2026-08-27T00:03:44Z,0.0038096092147738713,,,,,,,,,,,,,,,,,,,ohlcv_backfill,minute,0.003757971907674183,0.003843083025460794,0.0037575572832470048,0.0038096092147738713,8476.787929112632,/home/runner/work/Solana-Memecoin-Analysis/Solana-Memecoin-Analysis/data/cache/2026-09-26/014654158151_ohlcv_b02c79a92f79.json
2026-09-24T18:00:00+00:00,3dcwhqJp6JBTJPq8ga335HWgSQVS7uQmdmeX7iGjMNpj,solana,PumpSwap,,,,,2026-08-27T00:03:44Z,0.003757971907674183,,,,,,,,,,,,,,,,,,,ohlcv_backfill,minute,0.0037403336401724946,0.003761709825123657,0.003717396206862693,0.003757971907674183,371.86154434529857,/home/runner/work/Solana-Memecoin-Analysis/Solana-Memecoin-Analysis/data/cache/2026-09-26/014654158151_ohlcv_b02c79a92f79.json
2026-09-24T17:55:00+00:00,3dcwhqJp6JBTJPq8ga335HWgSQVS7uQmdmeX7iGjMNpj,solana,PumpSwap,,,,,2026-08-27T00:03:44Z,0.0037403336401724946,,,,,,,,,,,,,,,,,,,ohlcv_backfill,minute,0.0037843526549938738,0.0037843526549938738,0.0037403336401724946,0.0037403336401724946,364.54847917383955,/home/runner/work/Solana-Memecoin-Analysis/Solana-Memecoin-Analysis/data/cache/2026-09-26/014654158151_ohlcv_b02c79a92f79.json
2026-09-24T17:50:00+00:00,3dcwhqJp6JBTJPq8ga335HWgSQVS7uQmdmeX7iGjMNpj,solana,PumpSwap,,,,,2026-08-27T00:03:44Z,0.0037843526549938738,,,,,,,,,,,,,,,,,,,ohlcv_backfill,minute,0.003728826485164178,0.0037843526549938738,0.003717118835340353,0.0037843526549938738,1899.4056215476608,/home/runner/work/Solana-Memecoin-Analysis/Solana-Memecoin-Analysis/data/cache/2026-09-26/014654158151_ohlcv_b02c79a92f79.json
2026-09-24T17:45:00+00:00,3dcwhqJp6JBTJPq8ga335HWgSQVS7uQmdmeX7iGjMNpj,solana,PumpSwap,,,,,2026-08-27T00:03:44Z,0.003728826485164178,,,,,,,,,,,,,,,,,,,ohlcv_backfill,minute,0.003759047511831476,0.0037821501708619094,0.003726029630793544,0.003728826485164178,1104.1353805694957,/home/runner/work/Solana-Memecoin-Analysis/Solana-Memecoin-Analysis/data/cache/2026-09-26/014654158151_ohlcv_b02c79a92f79.json
2026-09-24T17:40:00+00:00,3dcwhqJp6JBTJPq8ga335HWgSQVS7uQmdmeX7iGjMNpj,solana,PumpSwap,,,,,2026-08-27T00:03:44Z,0.003759047511831476,,,,,,,,,,,,,,,,,,,ohlcv_backfill,minute,0.0038280134894301847,0.0038280134894301847,0.003759047511831476,0.003759047511831476,1710.5240797987494,/home/runner/work/Solana-Memecoin-Analysis/Solana-Memecoin-Analysis/data/cache/2026-09-26/014654158151_ohlcv_b02c79a92f79.json
2026-09-24T17:35:00+00:00,3dcwhqJp6JBTJPq8ga335HWgSQVS7uQmdmeX7iGjMNpj,solana,PumpSwap,,,,,2026-08-27T00:03:44Z,0.0038280134894301847,,,,,,,,,,,,,,,,,,,ohlcv_backfill,minute,0.003910061475040294,0.003910061475040294,0.003803921280755329,0.0038280134894301847,2950.429059207928,/home/runner/work/Solana-Memecoin-Analysis/Solana-Memecoin-Analysis/data/cache/2026-09-26/014654158151_ohlcv_b02c79a92f79.json
2026-09-24T17:30:00+00:00,3dcwhqJp6JBTJPq8ga335HWgSQVS7uQmdmeX7iGjMNpj,solana,PumpSwap,,,,,2026-08-27T00:03:44Z,0.003910061475040294,,,,,,,,,,,,,,,,,,,ohlcv_backfill,minute,0.0038917803688185136,0.0039396344204350375,0.003888700832760653,0.003910061475040294,1140.968875796758,/home/runner/work/Solana-Memecoin-Analysis/Solana-Memecoin-Analysis/data/cache/2026-09-26/014654158151_ohlcv_b02c79a92f79.json
2026-09-24T17:25:00+00:00,3dcwhqJp6JBTJPq8ga335HWgSQVS7uQmdmeX7iGjMNpj,solana,PumpSwap,,,,,2026-08-27T00:03:44Z,0.0038917803688185136,,,,,,,,,,,,,,,,,,,ohlcv_backfill,minute,0.003925091196449223,0.003951450265574146,0.0038917803688185136,0.0038917803688185136,2521.215182832418,/home/runner/work/Solana-Memecoin-Analysis/Solana-Memecoin-Analysis/data/cache/2026-09-26/014654158151_ohlcv_b02c79a92f79.json
2026-09-24T17:20:00+00:00,3dcwhqJp6JBTJPq8ga335HWgSQVS7uQmdmeX7iGjMNpj,solana,PumpSwap,,,,,2026-08-27T00:03:44Z,0.003925091196449223,,,,,,,,,,,,,,,,,,,ohlcv_backfill,minute,0.003892044748414439,0.003943287315961283,0.0038676808186332927,0.003925091196449223,4104.445631821383,/home/runner/work/Solana-Memecoin-Analysis/Solana-Memecoin-Analysis/data/cache/2026-09-26/014654158151_ohlcv_b02c79a92f79.json
2026-09-24T17:15:00+00:00,3dcwhqJp6JBTJPq8ga335HWgSQVS7uQmdmeX7iGjMNpj,solana,PumpSwap,,,,,2026-08-27T00:03:44Z,0.003892044748414439,,,,,,,,,,,,,,,,,,,ohlcv_backfill,minute,0.00389742970699198,0.0038987591633765973,0.003892044748414439,0.003892044748414439,13.96303655459463,/home/runner/work/Solana-Memecoin-Analysis/Solana-Memecoin-Analysis/data/cache/2026-09-26/014654158151_ohlcv_b02c79a92f79.json
2026-09-24T17:10:00+00:00,3dcwhqJp6JBTJPq8ga335HWgSQVS7uQmdmeX7iGjMNpj,solana,PumpSwap,,,,,2026-08-27T00:03:44Z,0.00389742970699198,,,,,,,,,,,,,,,,,,,ohlcv_backfill,minute,0.0038276931932073066,0.00389742970699198,0.0038188866016901327,0.00389742970699198,2571.0577763506526,/home/runner/work/Solana-Memecoin-Analysis/Solana-Memecoin-Analysis/data/cache/2026-09-26/014654158151_ohlcv_b02c79a92f79.json
2026-09-24T17:05:00+00:00,3dcwhqJp6JBTJPq8ga335HWgSQVS7uQmdmeX7iGjMNpj,solana,PumpSwap,,,,,2026-08-27T00:03:44Z,0.0038276931932073066,,,,,,,,,,,,,,,,,,,ohlcv_backfill,minute,0.0038441155634769144,0.0038635864646092573,0.0038137315311759477,0.0038276931932073066,774.1705435671649,/home/runner/work/Solana-Memecoin-Analysis/Solana-Memecoin-Analysis/data/cache/2026-09-26/014654158151_ohlcv_b02c79a92f79.json
2026-09-24T17:00:00+00:00,3dcwhqJp6JBTJPq8ga335HWgSQVS7uQmdmeX7iGjMNpj,solana,PumpSwap,,,,,2026-08-27T00:03:44Z,0.0038441155634769144,,,,,,,,,,,,,,,,,,,ohlcv_backfill,minute,0.00385213890200977,0.00385213890200977,0.003794470692692223,0.0038441155634769144,1938.70382688987,/home/runner/work/Solana-Memecoin-Analysis/Solana-Memecoin-Analysis/data/cache/2026-09-26/014654158151_ohlcv_b02c79a92f79.json
2026-09-24T16:55:00+00:00,3dcwhqJp6JBTJPq8ga335HWgSQVS7uQmdmeX7iGjMNpj,solana,PumpSwap,,,,,2026-08-27T00:03:44Z,0.00385213890200977,,,,,,,,,,,,,,,,,,,ohlcv_backfill,minute,0.0037479025902449935,0.003899603090566429,0.0037479025902449935,0.00385213890200977,8744.422839131214,/home/runner/work/Solana-Memecoin-Analysis/Solana-Memecoin-Analysis/data/cache/2026-09-26/014654158151_ohlcv_b02c79a92f79.json
2026-09-24T16:50:00+00:00,3dcwhqJp6JBTJPq8ga335HWgSQVS7uQmdmeX7iGjMNpj,solana,PumpSwap,,,,,2026-08-27T00:03:44Z,0.0037479025902449935,,,,,,,,,,,,,,,,,,,ohlcv_backfill,minute,0.0036998418036361647,0.003806941329485754,0.0036666915337788594,0.0037479025902449935,6260.551687988851,/home/runner/work/Solana-Memecoin-Analysis/Solana-Memecoin-Analysis/data/cache/2026-09-26/014654158151_ohlcv_b02c79a92f79.json
2026-09-24T16:45:00+00:00,3dcwhqJp6JBTJPq8ga335HWgSQVS7uQmdmeX7iGjMNpj,solana,PumpSwap,,,,,2026-08-27T00:03:44Z,0.0036998418036361647,,,,,,,,,,,,,,,,,,,ohlcv_backfill,minute,0.003705863433985055,0.0037434061767787907,0.003698898709776122,0.0036998418036361647,1608.8299403581948,/home/runner/work/Solana-Memecoin-Analysis/Solana-Memecoin-Analysis/data/cache/2026-09-26/014654158151_ohlcv_b02c79a92f79.json
2026-09-24T16:40:00+00:00,3dcwhqJp6JBTJPq8ga335HWgSQVS7uQmdmeX7iGjMNpj,solana,PumpSwap,,,,,2026-08-27T00:03:44Z,0.003705863433985055,,,,,,,,,,,,,,,,,,,ohlcv_backfill,minute,0.0037078712034439186,0.003725226640126028,0.0036730109000074986,0.003705863433985055,2455.776125674807,/home/runner/work/Solana-Memecoin-Analysis/Solana-Memecoin-Analysis/data/cache/2026-09-26/014654158151_ohlcv_b02c79a92f79.json
2026-09-24T16:35:00+00:00,3dcwhqJp6JBTJPq8ga335HWgSQVS7uQmdmeX7iGjMNpj,solana,PumpSwap,,,,,2026-08-27T00:03:44Z,0.0037078712034439186,,,,,,,,,,,,,,,,,,,ohlcv_backfill,minute,0.0036950959739247696,0.0037078712034439186,0.0036950959739247696,0.0037078712034439186,13.769551799202981,/home/runner/work/Solana-Memecoin-Analysis/Solana-Memecoin-Analysis/data/cache/2026-09-26/014654158151_ohlcv_b02c79a92f79.json
2026-09-24T16:30:00+00:00,3dcwhqJp6JBTJPq8ga335HWgSQVS7uQmdmeX7iGjMNpj,solana,PumpSwap,,,,,2026-08-27T00:03:44Z,0.0036950959739247696,,,,,,,,,,,,,,,,,,,ohlcv_backfill,minute,0.0037645792460948182,0.003819003813616056,0.003650109302720234,0.0036950959739247696,7965.766358600858,/home/runner/work/Solana-Memecoin-Analysis/Solana-Memecoin-Analysis/data/cache/2026-09-26/014654158151_ohlcv_b02c79a92f79.json
2026-09-24T16:25:00+00:00,3dcwhqJp6JBTJPq8ga335HWgSQVS7uQmdmeX7iGjMNpj,solana,PumpSwap,,,,,2026-08-27T00:03:44Z,0.0037645792460948182,,,,,,,,,,,,,,,,,,,ohlcv_backfill,minute,0.0035901677807135242,0.003800901072494449,0.0035765733165696234,0.0037645792460948182,15977.165091095725,/home/runner/work/Solana-Memecoin-Analysis/Solana-Memecoin-Analysis/data/cache/2026-09-26/014654158151_ohlcv_b02c79a92f79.json
2026-09-24T16:20:00+00:00,3dcwhqJp6JBTJPq8ga335HWgSQVS7uQmdmeX7iGjMNpj,solana,PumpSwap,,,,,2026-08-27T00:03:44Z,0.0035901677807135242,,,,,,,,,,,,,,,,,,,ohlcv_backfill,minute,0.003559021710315951,0.0036456749545317898,0.003559021710315951,0.0035901677807135242,8160.590528703098,/home/runner/work/Solana-Memecoin-Analysis/Solana-Memecoin-Analysis/data/cache/2026-09-26/014654158151_ohlcv_b02c79a92f79.json
2026-09-24T16:15:00+00:00,3dcwhqJp6JBTJPq8ga335HWgSQVS7uQmdmeX7iGjMNpj,solana,PumpSwap,,,,,2026-08-27T00:03:44Z,0.003559021710315951,,,,,,,,,,,,,,,,,,,ohlcv_backfill,minute,0.0034895335497923392,0.003559021710315951,0.0034895335497923392,0.003559021710315951,115.55209713976059,/home/runner/work/Solana-Memecoin-Analysis/Solana-Memecoin-Analysis/data/cache/2026-09-26/014654158151_ohlcv_b02c79a92f79.json
2026-09-24T16:10:00+00:00,3dcwhqJp6JBTJPq8ga335HWgSQVS7uQmdmeX7iGjMNpj,solana,PumpSwap,,,,,2026-08-27T00:03:44Z,0.0034895335497923392,,,,,,,,,,,,,,,,,,,ohlcv_backfill,minute,0.0035015990949055636,0.0035211985421935376,0.0034710320197102254,0.0034895335497923392,665.8782133857575,/home/runner/work/Solana-Memecoin-Analysis/Solana-Memecoin-Analysis/data/cache/2026-09-26/014654158151_ohlcv_b02c79a92f79.json
2026-09-24T16:05:00+00:00,3dcwhqJp6JBTJPq8ga335HWgSQVS7uQmdmeX7iGjMNpj,solana,PumpSwap,,,,,2026-08-27T00:03:44Z,0.0035015990949055636,,,,,,,,,,,,,,,,,,,ohlcv_backfill,minute,0.0034598106023850076,0.0035015990949055636,0.0034598106023850076,0.0035015990949055636,316.30607701145385,/home/runner/work/Solana-Memecoin-Analysis/Solana-Memecoin-Analysis/data/cache/2026-09-26/014654158151_ohlcv_b02c79a92f79.json
2026-09-24T16:00:00+00:00,3dcwhqJp6JBTJPq8ga335HWgSQVS7uQmdmeX7iGjMNpj,solana,PumpSwap,,,,,2026-08-27T00:03:44Z,0.0034598106023850076,,,,,,,,,,,,,,,,,,,ohlcv_backfill,minute,0.003438439071829463,0.003481857681476606,0.003432620051387247,0.0034598106023850076,1856.6315451458192,/home/runner/work/Solana-Memecoin-Analysis/Solana-Memecoin-Analysis/data/cache/2026-09-26/014654158151_ohlcv_b02c79a92f79.json
2026-09-24T15:55:00+00:00,3dcwhqJp6JBTJPq8ga335HWgSQVS7uQmdmeX7iGjMNpj,solana,PumpSwap,,,,,2026-08-27T00:03:44Z,0.003438439071829463,,,,,,,,,,,,,,,,,,,ohlcv_backfill,minute,0.003422047796205996,0.0034598559008610355,0.0034034675168604575,0.003438439071829463,859.166121599189,/home/runner/work/Solana-Memecoin-Analysis/Solana-Memecoin-Analysis/data/cache/2026-09-26/014654158151_ohlcv_b02c79a92f79.json
2026-09-24T15:50:00+00:00,3dcwhqJp6JBTJPq8ga335HWgSQVS7uQmdmeX7iGjMNpj,solana,PumpSwap,,,,,2026-08-27T00:03:44Z,0.003422047796205996,,,,,,,,,,,,,,,,,,,ohlcv_backfill,minute,0.003526505235927811,0.003526505235927811,0.003390078943505862,0.003422047796205996,6133.671004869226,/home/runner/work/Solana-Memecoin-Analysis/Solana-Memecoin-Analysis/data/cache/2026-09-26/014654158151_ohlcv_b02c79a92f79.json
2026-09-24T15:45:00+00:00,3dcwhqJp6JBTJPq8ga335HWgSQVS7uQmdmeX7iGjMNpj,solana,PumpSwap,,,,,2026-08-27T00:03:44Z,0.003526505235927811,,,,,,,,,,,,,,,,,,,ohlcv_backfill,minute,0.0034110377562438913,0.003583582964189683,0.0034110377562438913,0.003526505235927811,11428.876928258444,/home/runner/work/Solana-Memecoin-Analysis/Solana-Memecoin-Analysis/data/cache/2026-09-26/014654158151_ohlcv_b02c79a92f79.json
2026-09-24T15:40:00+00:00,3dcwhqJp6JBTJPq8ga335HWgSQVS7uQmdmeX7iGjMNpj,solana,PumpSwap,,,,,2026-08-27T00:03:44Z,0.0034110377562438913,,,,,,,,,,,,,,,,,,,ohlcv_backfill,minute,0.0034267827447443605,0.0034653212649941247,0.0034110377562438913,0.0034110377562438913,844.8162215049568,/home/runner/work/Solana-Memecoin-Analysis/Solana-Memecoin-Analysis/data/cache/2026-09-26/014654158151_ohlcv_b02c79a92f79.json
2026-09-24T15:35:00+00:00,3dcwhqJp6JBTJPq8ga335HWgSQVS7uQmdmeX7iGjMNpj,solana,PumpSwap,,,,,2026-08-27T00:03:44Z,0.0034267827447443605,,,,,,,,,,,,,,,,,,,ohlcv_backfill,minute,0.003432407265437441,0.003432407265437441,0.00342556032408252,0.0034267827447443605,174.61346114905095,/home/runner/work/Solana-Memecoin-Analysis/Solana-Memecoin-Analysis/data/cache/2026-09-26/014654158151_ohlcv_b02c79a92f79.json
2026-09-24T15:30:00+00:00,3dcwhqJp6JBTJPq8ga335HWgSQVS7uQmdmeX7iGjMNpj,solana,PumpSwap,,,,,2026-08-27T00:03:44Z,0.003432407265437441,,,,,,,,,,,,,,,,,,,ohlcv_backfill,minute,0.0034513806886679777,0.003490692100439317,0.0034315425024145007,0.003432407265437441,1487.842788166366,/home/runner/work/Solana-Memecoin-Analysis/Solana-Memecoin-Analysis/data/cache/2026-09-26/014654158151_ohlcv_b02c79a92f79.json
2026-09-24T15:25:00+00:00,3dcwhqJp6JBTJPq8ga335HWgSQVS7uQmdmeX7iGjMNpj,solana,PumpSwap,,,,,2026-08-27T00:03:44Z,0.0034513806886679777,,,,,,,,,,,,,,,,,,,ohlcv_backfill,minute,0.0034712438230248164,0.003489402002964429,0.0034332736142370494,0.0034513806886679777,1367.6175905939303,/home/runner/work/Solana-Memecoin-Analysis/Solana-Memecoin-Analysis/data/cache/2026-09-26/014654158151_ohlcv_b02c79a92f79.json
2026-09-24T15:20:00+00:00,3dcwhqJp6JBTJPq8ga335HWgSQVS7uQmdmeX7iGjMNpj,solana,PumpSwap,,,,,2026-08-27T00:03:44Z,0.0034712438230248164,,,,,,,,,,,,,,,,,,,ohlcv_backfill,minute,0.00343035805270868,0.0034712438230248164,0.00343035805270868,0.0034712438230248164,831.5443154428068,/home/runner/work/Solana-Memecoin-Analysis/Solana-Memecoin-Analysis/data/cache/2026-09-26/014654158151_ohlcv_b02c79a92f79.json
2026-09-24T15:15:00+00:00,3dcwhqJp6JBTJPq8ga335HWgSQVS7uQmdmeX7iGjMNpj,solana,PumpSwap,,,,,2026-08-27T00:03:44Z,0.00343035805270868,,,,,,,,,,,,,,,,,,,ohlcv_backfill,minute,0.0034841893433753593,0.0034841893433753593,0.003401910098392583,0.00343035805270868,3606.0335602775694,/home/runner/work/Solana-Memecoin-Analysis/Solana-Memecoin-Analysis/data/cache/2026-09-26/014654158151_ohlcv_b02c79a92f79.json
2026-09-24T15:10:00+00:00,3dcwhqJp6JBTJPq8ga335HWgSQVS7uQmdmeX7iGjMNpj,solana,PumpSwap,,,,,2026-08-27T00:03:44Z,0.0034841893433753593,,,,,,,,,,,,,,,,,,,ohlcv_backfill,minute,0.003462345255381614,0.0034912656288545204,0.003428942148845464,0.0034841893433753593,2946.259929242982,/home/runner/work/Solana-Memecoin-Analysis/Solana-Memecoin-Analysis/data/cache/2026-09-26/014654158151_ohlcv_b02c79a92f79.json
2026-09-24T15:05:00+00:00,3dcwhqJp6JBTJPq8ga335HWgSQVS7uQmdmeX7iGjMNpj,solana,PumpSwap,,,,,2026-08-27T00:03:44Z,0.003462345255381614,,,,,,,,,,,,,,,,,,,ohlcv_backfill,minute,0.0034913328677744116,0.0034913328677744116,0.003462345255381614,0.003462345255381614,46.97284386969596,/home/runner/work/Solana-Memecoin-Analysis/Solana-Memecoin-Analysis/data/cache/2026-09-26/014654158151_ohlcv_b02c79a92f79.json
2026-09-24T15:00:00+00:00,3dcwhqJp6JBTJPq8ga335HWgSQVS7uQmdmeX7iGjMNpj,solana,PumpSwap,,,,,2026-08-27T00:03:44Z,0.0034913328677744116,,,,,,,,,,,,,,,,,,,ohlcv_backfill,minute,0.0034506605484109533,0.0034913328677744116,0.0034426435112661206,0.0034913328677744116,896.6471137061499,/home/runner/work/Solana-Memecoin-Analysis/Solana-Memecoin-Analysis/data/cache/2026-09-26/014654158151_ohlcv_b02c79a92f79.json
2026-09-24T14:55:00+00:00,3dcwhqJp6JBTJPq8ga335HWgSQVS7uQmdmeX7iGjMNpj,solana,PumpSwap,,,,,2026-08-27T00:03:44Z,0.0034506605484109533,,,,,,,,,,,,,,,,,,,ohlcv_backfill,minute,0.003495836270420686,0.0035010652175844607,0.0034491677351992716,0.0034506605484109533,1085.151463094155,/home/runner/work/Solana-Memecoin-Analysis/Solana-Memecoin-Analysis/data/cache/2026-09-26/014654158151_ohlcv_b02c79a92f79.json
2026-09-24T14:50:00+00:00,3dcwhqJp6JBTJPq8ga335HWgSQVS7uQmdmeX7iGjMNpj,solana,PumpSwap,,,,,2026-08-27T00:03:44Z,0.003495836270420686,,,,,,,,,,,,,,,,,,,ohlcv_backfill,minute,0.003530853800319294,0.003530853800319294,0.0033226217146361766,0.003495836270420686,15602.497442512382,/home/runner/work/Solana-Memecoin-Analysis/Solana-Memecoin-Analysis/data/cache/2026-09-26/014654158151_ohlcv_b02c79a92f79.json
2026-09-24T14:40:00+00:00,3dcwhqJp6JBTJPq8ga335HWgSQVS7uQmdmeX7iGjMNpj,solana,PumpSwap,,,,,2026-08-27T00:03:44Z,0.003530853800319294,,,,,,,,,,,,,,,,,,,ohlcv_backfill,minute,0.0035814671069095464,0.003588686702769611,0.003530853800319294,0.003530853800319294,1165.2711026566349,/home/runner/work/Solana-Memecoin-Analysis/Solana-Memecoin-Analysis/data/cache/2026-09-26/014654158151_ohlcv_b02c79a92f79.json
2026-09-24T14:35:00+00:00,3dcwhqJp6JBTJPq8ga335HWgSQVS7uQmdmeX7iGjMNpj,solana,PumpSwap,,,,,2026-08-27T00:03:44Z,0.0035814671069095464,,,,,,,,,,,,,,,,,,,ohlcv_backfill,minute,0.003627419632562154,0.003627419632562154,0.0035143349887328834,0.0035814671069095464,8380.510501368633,/home/runner/work/Solana-Memecoin-Analysis/Solana-Memecoin-Analysis/data/cache/2026-09-26/014654158151_ohlcv_b02c79a92f79.json
2026-09-24T14:30:00+00:00,3dcwhqJp6JBTJPq8ga335HWgSQVS7uQmdmeX7iGjMNpj,solana,PumpSwap,,,,,2026-08-27T00:03:44Z,0.003627419632562154,,,,,,,,,,,,,,,,,,,ohlcv_backfill,minute,0.0035989841820563257,0.0036394488885969057,0.0035834530019735796,0.003627419632562154,3095.5230434064174,/home/runner/work/Solana-Memecoin-Analysis/Solana-Memecoin-Analysis/data/cache/2026-09-26/014654158151_ohlcv_b02c79a92f79.json
2026-09-24T14:25:00+00:00,3dcwhqJp6JBTJPq8ga335HWgSQVS7uQmdmeX7iGjMNpj,solana,PumpSwap,,,,,2026-08-27T00:03:44Z,0.0035989841820563257,,,,,,,,,,,,,,,,,,,ohlcv_backfill,minute,0.0035893108424232194,0.003639117924727657,0.0035865791665509374,0.0035989841820563257,914.939303619879,/home/runner/work/Solana-Memecoin-Analysis/Solana-Memecoin-Analysis/data/cache/2026-09-26/014654158151_ohlcv_b02c79a92f79.json
2026-09-24T14:20:00+00:00,3dcwhqJp6JBTJPq8ga335HWgSQVS7uQmdmeX7iGjMNpj,solana,PumpSwap,,,,,2026-08-27T00:03:44Z,0.0035893108424232194,,,,,,,,,,,,,,,,,,,ohlcv_backfill,minute,0.0036542965570311343,0.003671775523986138,0.003585744459843209,0.0035893108424232194,1997.1689022328192,/home/runner/work/Solana-Memecoin-Analysis/Solana-Memecoin-Analysis/data/cache/2026-09-26/014654158151_ohlcv_b02c79a92f79.json
2026-09-24T14:15:00+00:00,3dcwhqJp6JBTJPq8ga335HWgSQVS7uQmdmeX7iGjMNpj,solana,PumpSwap,,,,,2026-08-27T00:03:44Z,0.0036542965570311343,,,,,,,,,,,,,,,,,,,ohlcv_backfill,minute,0.0036694285990631114,0.003671013262614045,0.003617027320802781,0.0036542965570311343,1130.5476255265328,/home/runner/work/Solana-Memecoin-Analysis/Solana-Memecoin-Analysis/data/cache/2026-09-26/014654158151_ohlcv_b02c79a92f79.json
2026-09-24T14:10:00+00:00,3dcwhqJp6JBTJPq8ga335HWgSQVS7uQmdmeX7iGjMNpj,solana,PumpSwap,,,,,2026-08-27T00:03:44Z,0.0036694285990631114,,,,,,,,,,,,,,,,,,,ohlcv_backfill,minute,0.003616059338070043,0.0036694285990631114,0.003616059338070043,0.0036694285990631114,851.8759802154244,/home/runner/work/Solana-Memecoin-Analysis/Solana-Memecoin-Analysis/data/cache/2026-09-26/014654158151_ohlcv_b02c79a92f79.json
2026-09-24T14:05:00+00:00,3dcwhqJp6JBTJPq8ga335HWgSQVS7uQmdmeX7iGjMNpj,solana,PumpSwap,,,,,2026-08-27T00:03:44Z,0.003616059338070043,,,,,,,,,,,,,,,,,,,ohlcv_backfill,minute,0.0036596884583371186,0.0036596884583371186,0.003616059338070043,0.003616059338070043,1262.455363806846,/home/runner/work/Solana-Memecoin-Analysis/Solana-Memecoin-Analysis/data/cache/2026-09-26/014654158151_ohlcv_b02c79a92f79.json
2026-09-24T14:00:00+00:00,3dcwhqJp6JBTJPq8ga335HWgSQVS7uQmdmeX7iGjMNpj,solana,PumpSwap,,,,,2026-08-27T00:03:44Z,0.0036596884583371186,,,,,,,,,,,,,,,,,,,ohlcv_backfill,minute,0.003486018211733807,0.003713608114274631,0.003486018211733807,0.0036596884583371186,17635.414204804998,/home/runner/work/Solana-Memecoin-Analysis/Solana-Memecoin-Analysis/data/cache/2026-09-26/014654158151_ohlcv_b02c79a92f79.json
2026-09-24T13:55:00+00:00,3dcwhqJp6JBTJPq8ga335HWgSQVS7uQmdmeX7iGjMNpj,solana,PumpSwap,,,,,2026-08-27T00:03:44Z,0.003486018211733807,,,,,,,,,,,,,,,,,,,ohlcv_backfill,minute,0.0034445463169818697,0.0034985637724141054,0.0034445463169818697,0.003486018211733807,1651.3448020788953,/home/runner/work/Solana-Memecoin-Analysis/Solana-Memecoin-Analysis/data/cache/2026-09-26/014654158151_ohlcv_b02c79a92f79.json
2026-09-24T13:50:00+00:00,3dcwhqJp6JBTJPq8ga335HWgSQVS7uQmdmeX7iGjMNpj,solana,PumpSwap,,,,,2026-08-27T00:03:44Z,0.0034445463169818697,,,,,,,,,,,,,,,,,,,ohlcv_backfill,minute,0.003429075644240509,0.0034766057410144146,0.003429075644240509,0.0034445463169818697,2227.8861790399237,/home/runner/work/Solana-Memecoin-Analysis/Solana-Memecoin-Analysis/data/cache/2026-09-26/014654158151_ohlcv_b02c79a92f79.json
2026-09-24T13:45:00+00:00,3dcwhqJp6JBTJPq8ga335HWgSQVS7uQmdmeX7iGjMNpj,solana,PumpSwap,,,,,2026-08-27T00:03:44Z,0.003429075644240509,,,,,,,,,,,,,,,,,,,ohlcv_backfill,minute,0.0034358396197391866,0.0034895174575319036,0.0034190226371076625,0.003429075644240509,3310.954477005649,/home/runner/work/Solana-Memecoin-Analysis/Solana-Memecoin-Analysis/data/cache/2026-09-26/014654158151_ohlcv_b02c79a92f79.json
2026-09-24T13:40:00+00:00,3dcwhqJp6JBTJPq8ga335HWgSQVS7uQmdmeX7iGjMNpj,solana,PumpSwap,,,,,2026-08-27T00:03:44Z,0.0034358396197391866,,,,,,,,,,,,,,,,,,,ohlcv_backfill,minute,0.003431962368032271,0.0034798344670932332,0.003431962368032271,0.0034358396197391866,1750.640712099529,/home/runner/work/Solana-Memecoin-Analysis/Solana-Memecoin-Analysis/data/cache/2026-09-26/014654158151_ohlcv_b02c79a92f79.json
2026-09-24T13:35:00+00:00,3dcwhqJp6JBTJPq8ga335HWgSQVS7uQmdmeX7iGjMNpj,solana,PumpSwap,,,,,2026-08-27T00:03:44Z,0.003431962368032271,,,,,,,,,,,,,,,,,,,ohlcv_backfill,minute,0.003460699120708454,0.0034757245020200058,0.003431962368032271,0.003431962368032271,964.8719667197562,/home/runner/work/Solana-Memecoin-Analysis/Solana-Memecoin-Analysis/data/cache/2026-09-26/014654158151_ohlcv_b02c79a92f79.json
2026-09-24T13:30:00+00:00,3dcwhqJp6JBTJPq8ga335HWgSQVS7uQmdmeX7iGjMNpj,solana,PumpSwap,,,,,2026-08-27T00:03:44Z,0.003460699120708454,,,,,,,,,,,,,,,,,,,ohlcv_backfill,minute,0.003509834173677994,0.003509834173677994,0.003460699120708454,0.003460699120708454,1504.5716044246578,/home/runner/work/Solana-Memecoin-Analysis/Solana-Memecoin-Analysis/data/cache/2026-09-26/014654158151_ohlcv_b02c79a92f79.json
2026-09-24T13:25:00+00:00,3dcwhqJp6JBTJPq8ga335HWgSQVS7uQmdmeX7iGjMNpj,solana,PumpSwap,,,,,2026-08-27T00:03:44Z,0.003509834173677994,,,,,,,,,,,,,,,,,,,ohlcv_backfill,minute,0.003460665730064703,0.0035103492434291044,0.003460665730064703,0.003509834173677994,2572.4001191344537,/home/runner/work/Solana-Memecoin-Analysis/Solana-Memecoin-Analysis/data/cache/2026-09-26/014654158151_ohlcv_b02c79a92f79.json
2026-09-24T13:20:00+00:00,3dcwhqJp6JBTJPq8ga335HWgSQVS7uQmdmeX7iGjMNpj,solana,PumpSwap,,,,,2026-08-27T00:03:44Z,0.003460665730064703,,,,,,,,,,,,,,,,,,,ohlcv_backfill,minute,0.003411191610098001,0.003460665730064703,0.003411191610098001,0.003460665730064703,1725.6236147679165,/home/runner/work/Solana-Memecoin-Analysis/Solana-Memecoin-Analysis/data/cache/2026-09-26/014654158151_ohlcv_b02c79a92f79.json
2026-09-24T13:15:00+00:00,3dcwhqJp6JBTJPq8ga335HWgSQVS7uQmdmeX7iGjMNpj,solana,PumpSwap,,,,,2026-08-27T00:03:44Z,0.003411191610098001,,,,,,,,,,,,,,,,,,,ohlcv_backfill,minute,0.0035173476643359136,0.0035289019347220342,0.003390581041163036,0.003411191610098001,6522.328532105914,/home/runner/work/Solana-Memecoin-Analysis/Solana-Memecoin-Analysis/data/cache/2026-09-26/014654158151_ohlcv_b02c79a92f79.json
2026-09-24T13:10:00+00:00,3dcwhqJp6JBTJPq8ga335HWgSQVS7uQmdmeX7iGjMNpj,solana,PumpSwap,,,,,2026-08-27T00:03:44Z,0.0035173476643359136,,,,,,,,,,,,,,,,,,,ohlcv_backfill,minute,0.0035117452176196893,0.0035173476643359136,0.0034829564765210728,0.0035173476643359136,1158.778114738232,/home/runner/work/Solana-Memecoin-Analysis/Solana-Memecoin-Analysis/data/cache/2026-09-26/014654158151_ohlcv_b02c79a92f79.json
2026-09-24T13:05:00+00:00,3dcwhqJp6JBTJPq8ga335HWgSQVS7uQmdmeX7iGjMNpj,solana,PumpSwap,,,,,2026-08-27T00:03:44Z,0.0035117452176196893,,,,,,,,,,,,,,,,,,,ohlcv_backfill,minute,0.0033504669219557226,0.003559870901409649,0.0033504669219557226,0.0035117452176196893,14009.88182354406,/home/runner/work/Solana-Memecoin-Analysis/Solana-Memecoin-Analysis/data/cache/2026-09-26/014654158151_ohlcv_b02c79a92f79.json
2026-09-24T13:00:00+00:00,3dcwhqJp6JBTJPq8ga335HWgSQVS7uQmdmeX7iGjMNpj,solana,PumpSwap,,,,,2026-08-27T00:03:44Z,0.0033504669219557226,,,,,,,,,,,,,,,,,,,ohlcv_backfill,minute,0.003387888408442991,0.003406971567740002,0.0033462293610163965,0.0033504669219557226,4067.252639705454,/home/runner/work/Solana-Memecoin-Analysis/Solana-Memecoin-Analysis/data/cache/2026-09-26/014654158151_ohlcv_b02c79a92f79.json
2026-09-24T12:55:00+00:00,3dcwhqJp6JBTJPq8ga335HWgSQVS7uQmdmeX7iGjMNpj,solana,PumpSwap,,,,,2026-08-27T00:03:44Z,0.003387888408442991,,,,,,,,,,,,,,,,,,,ohlcv_backfill,minute,0.0033945877706953167,0.003414600611509266,0.003346454578520817,0.003387888408442991,5497.101213103216,/home/runner/work/Solana-Memecoin-Analysis/Solana-Memecoin-Analysis/data/cache/2026-09-26/014654158151_ohlcv_b02c79a92f79.json
2026-09-24T12:50:00+00:00,3dcwhqJp6JBTJPq8ga335HWgSQVS7uQmdmeX7iGjMNpj,solana,PumpSwap,,,,,2026-08-27T00:03:44Z,0.0033945877706953167,,,,,,,,,,,,,,,,,,,ohlcv_backfill,minute,0.0034907041696298387,0.003514612933440821,0.003277261337933322,0.0033945877706953167,21039.57457932229,/home/runner/work/Solana-Memecoin-Analysis/Solana-Memecoin-Analysis/data/cache/2026-09-26/014654158151_ohlcv_b02c79a92f79.json
2026-09-24T12:45:00+00:00,3dcwhqJp6JBTJPq8ga335HWgSQVS7uQmdmeX7iGjMNpj,solana,PumpSwap,,,,,2026-08-27T00:03:44Z,0.0034907041696298387,,,,,,,,,,,,,,,,,,,ohlcv_backfill,minute,0.0035067597182669662,0.0035345374361490604,0.0034907041696298387,0.0034907041696298387,571.7700406284387,/home/runner/work/Solana-Memecoin-Analysis/Solana-Memecoin-Analysis/data/cache/2026-09-26/014654158151_ohlcv_b02c79a92f79.json
2026-09-24T12:40:00+00:00,3dcwhqJp6JBTJPq8ga335HWgSQVS7uQmdmeX7iGjMNpj,solana,PumpSwap,,,,,2026-08-27T00:03:44Z,0.0035067597182669662,,,,,,,,,,,,,,,,,,,ohlcv_backfill,minute,0.0035095802339428113,0.0035095802339428113,0.00350325391644829,0.0035067597182669662,323.1120028996621,/home/runner/work/Solana-Memecoin-Analysis/Solana-Memecoin-Analysis/data/cache/2026-09-26/014654158151_ohlcv_b02c79a92f79.json
2026-09-24T12:35:00+00:00,3dcwhqJp6JBTJPq8ga335HWgSQVS7uQmdmeX7iGjMNpj,solana,PumpSwap,,,,,2026-08-27T00:03:44Z,0.0035095802339428113,,,,,,,,,,,,,,,,,,,ohlcv_backfill,minute,0.0035557886281799176,0.0035557886281799176,0.0035095802339428113,0.0035095802339428113,589.3395754101114,/home/runner/work/Solana-Memecoin-Analysis/Solana-Memecoin-Analysis/data/cache/2026-09-26/014654158151_ohlcv_b02c79a92f79.json
2026-09-24T12:30:00+00:00,3dcwhqJp6JBTJPq8ga335HWgSQVS7uQmdmeX7iGjMNpj,solana,PumpSwap,,,,,2026-08-27T00:03:44Z,0.0035557886281799176,,,,,,,,,,,,,,,,,,,ohlcv_backfill,minute,0.0035125995965206336,0.0035709388444367554,0.0034995702830597068,0.0035557886281799176,5645.3151716616485,/home/runner/work/Solana-Memecoin-Analysis/Solana-Memecoin-Analysis/data/cache/2026-09-26/014654158151_ohlcv_b02c79a92f79.json
2026-09-24T12:25:00+00:00,3dcwhqJp6JBTJPq8ga335HWgSQVS7uQmdmeX7iGjMNpj,solana,PumpSwap,,,,,2026-08-27T00:03:44Z,0.0035125995965206336,,,,,,,,,,,,,,,,,,,ohlcv_backfill,minute,0.003570516226535125,0.003570516226535125,0.0035125995965206336,0.0035125995965206336,798.4001003588974,/home/runner/work/Solana-Memecoin-Analysis/Solana-Memecoin-Analysis/data/cache/2026-09-26/014654158151_ohlcv_b02c79a92f79.json
2026-09-24T12:20:00+00:00,3dcwhqJp6JBTJPq8ga335HWgSQVS7uQmdmeX7iGjMNpj,solana,PumpSwap,,,,,2026-08-27T00:03:44Z,0.003570516226535125,,,,,,,,,,,,,,,,,,,ohlcv_backfill,minute,0.003552418554437188,0.003570516226535125,0.003552418554437188,0.003570516226535125,69.11413894556516,/home/runner/work/Solana-Memecoin-Analysis/Solana-Memecoin-Analysis/data/cache/2026-09-26/014654158151_ohlcv_b02c79a92f79.json
2026-09-24T12:15:00+00:00,3dcwhqJp6JBTJPq8ga335HWgSQVS7uQmdmeX7iGjMNpj,solana,PumpSwap,,,,,2026-08-27T00:03:44Z,0.003552418554437188,,,,,,,,,,,,,,,,,,,ohlcv_backfill,minute,0.0035314807486582023,0.003552418554437188,0.0035301495465316956,0.003552418554437188,1111.7474146566096,/home/runner/work/Solana-Memecoin-Analysis/Solana-Memecoin-Analysis/data/cache/2026-09-26/014654158151_ohlcv_b02c79a92f79.json
2026-09-24T12:10:00+00:00,3dcwhqJp6JBTJPq8ga335HWgSQVS7uQmdmeX7iGjMNpj,solana,PumpSwap,,,,,2026-08-27T00:03:44Z,0.0035314807486582023,,,,,,,,,,,,,,,,,,,ohlcv_backfill,minute,0.0035361148216749017,0.0035402338821271155,0.003500287430248064,0.0035314807486582023,370.81486538642775,/home/runner/work/Solana-Memecoin-Analysis/Solana-Memecoin-Analysis/data/cache/2026-09-26/014654158151_ohlcv_b02c79a92f79.json
2026-09-24T12:05:00+00:00,3dcwhqJp6JBTJPq8ga335HWgSQVS7uQmdmeX7iGjMNpj,solana,PumpSwap,,,,,2026-08-27T00:03:44Z,0.0035361148216749017,,,,,,,,,,,,,,,,,,,ohlcv_backfill,minute,0.003491789743181466,0.003555370561807668,0.003491718662713409,0.0035361148216749017,2487.0784240048606,/home/runner/work/Solana-Memecoin-Analysis/Solana-Memecoin-Analysis/data/cache/2026-09-26/014654158151_ohlcv_b02c79a92f79.json
2026-09-24T12:00:00+00:00,3dcwhqJp6JBTJPq8ga335HWgSQVS7uQmdmeX7iGjMNpj,solana,PumpSwap,,,,,2026-08-27T00:03:44Z,0.003491789743181466,,,,,,,,,,,,,,,,,,,ohlcv_backfill,minute,0.003521410304065399,0.003521410304065399,0.003487336760284165,0.003491789743181466,264.5356165823369,/home/runner/work/Solana-Memecoin-Analysis/Solana-Memecoin-Analysis/data/cache/2026-09-26/014654158151_ohlcv_b02c79a92f79.json
2026-09-24T11:55:00+00:00,3dcwhqJp6JBTJPq8ga335HWgSQVS7uQmdmeX7iGjMNpj,solana,PumpSwap,,,,,2026-08-27T00:03:44Z,0.003521410304065399,,,,,,,,,,,,,,,,,,,ohlcv_backfill,minute,0.0035447107940646256,0.0035828435168549157,0.003474386121806699,0.003521410304065399,5027.871817035982,/home/runner/work/Solana-Memecoin-Analysis/Solana-Memecoin-Analysis/data/cache/2026-09-26/014654158151_ohlcv_b02c79a92f79.json
2026-09-24T11:50:00+00:00,3dcwhqJp6JBTJPq8ga335HWgSQVS7uQmdmeX7iGjMNpj,solana,PumpSwap,,,,,2026-08-27T00:03:44Z,0.0035447107940646256,,,,,,,,,,,,,,,,,,,ohlcv_backfill,minute,0.0035536796423895054,0.0035814994841465967,0.003520575513966642,0.0035447107940646256,4045.94181705294,/home/runner/work/Solana-Memecoin-Analysis/Solana-Memecoin-Analysis/data/cache/2026-09-26/014654158151_ohlcv_b02c79a92f79.json
2026-09-24T11:45:00+00:00,3dcwhqJp6JBTJPq8ga335HWgSQVS7uQmdmeX7iGjMNpj,solana,PumpSwap,,,,,2026-08-27T00:03:44Z,0.0035536796423895054,,,,,,,,,,,,,,,,,,,ohlcv_backfill,minute,0.003518960748096533,0.0035546521898012938,0.003517933080561246,0.0035536796423895054,466.37880339783374,/home/runner/work/Solana-Memecoin-Analysis/Solana-Memecoin-Analysis/data/cache/2026-09-26/014654158151_ohlcv_b02c79a92f79.json
2026-09-24T11:40:00+00:00,3dcwhqJp6JBTJPq8ga335HWgSQVS7uQmdmeX7iGjMNpj,solana,PumpSwap,,,,,2026-08-27T00:03:44Z,0.003518960748096533,,,,,,,,,,,,,,,,,,,ohlcv_backfill,minute,0.003551534409031585,0.003551534409031585,0.0035165680712129057,0.003518960748096533,94.90198210979206,/home/runner/work/Solana-Memecoin-Analysis/Solana-Memecoin-Analysis/data/cache/2026-09-26/014654158151_ohlcv_b02c79a92f79.json
2026-09-24T11:35:00+00:00,3dcwhqJp6JBTJPq8ga335HWgSQVS7uQmdmeX7iGjMNpj,solana,PumpSwap,,,,,2026-08-27T00:03:44Z,0.003551534409031585,,,,,,,,,,,,,,,,,,,ohlcv_backfill,minute,0.003536178292774747,0.003551534409031585,0.003534311280836002,0.003551534409031585,601.6896775472969,/home/runner/work/Solana-Memecoin-Analysis/Solana-Memecoin-Analysis/data/cache/2026-09-26/014654158151_ohlcv_b02c79a92f79.json
2026-09-24T11:30:00+00:00,3dcwhqJp6JBTJPq8ga335HWgSQVS7uQmdmeX7iGjMNpj,solana,PumpSwap,,,,,2026-08-27T00:03:44Z,0.003536178292774747,,,,,,,,,,,,,,,,,,,ohlcv_backfill,minute,0.0035046549793544823,0.003536178292774747,0.0034997949691381223,0.003536178292774747,244.02629047583028,/home/runner/work/Solana-Memecoin-Analysis/Solana-Memecoin-Analysis/data/cache/2026-09-26/014654158151_ohlcv_b02c79a92f79.json
2026-09-24T11:25:00+00:00,3dcwhqJp6JBTJPq8ga335HWgSQVS7uQmdmeX7iGjMNpj,solana,PumpSwap,,,,,2026-08-27T00:03:44Z,0.0035046549793544823,,,,,,,,,,,,,,,,,,,ohlcv_backfill,minute,0.0035104487959487264,0.003540750371658861,0.0035046549793544823,0.0035046549793544823,268.51190980810026,/home/runner/work/Solana-Memecoin-Analysis/Solana-Memecoin-Analysis/data/cache/2026-09-26/014654158151_ohlcv_b02c79a92f79.json
2026-09-24T11:20:00+00:00,3dcwhqJp6JBTJPq8ga335HWgSQVS7uQmdmeX7iGjMNpj,solana,PumpSwap,,,,,2026-08-27T00:03:44Z,0.0035104487959487264,,,,,,,,,,,,,,,,,,,ohlcv_backfill,minute,0.0035309630575020524,0.0035614164145227668,0.003447024074757644,0.0035104487959487264,7611.273789632308,/home/runner/work/Solana-Memecoin-Analysis/Solana-Memecoin-Analysis/data/cache/2026-09-26/014654158151_ohlcv_b02c79a92f79.json
2026-09-24T11:15:00+00:00,3dcwhqJp6JBTJPq8ga335HWgSQVS7uQmdmeX7iGjMNpj,solana,PumpSwap,,,,,2026-08-27T00:03:44Z,0.0035309630575020524,,,,,,,,,,,,,,,,,,,ohlcv_backfill,minute,0.003491069222623815,0.0035309630575020524,0.003491069222623815,0.0035309630575020524,259.15675078477574,/home/runner/work/Solana-Memecoin-Analysis/Solana-Memecoin-Analysis/data/cache/2026-09-26/014654158151_ohlcv_b02c79a92f79.json
2026-09-24T11:10:00+00:00,3dcwhqJp6JBTJPq8ga335HWgSQVS7uQmdmeX7iGjMNpj,solana,PumpSwap,,,,,2026-08-27T00:03:44Z,0.003491069222623815,,,,,,,,,,,,,,,,,,,ohlcv_backfill,minute,0.003501317718941325,0.003501317718941325,0.003491069222623815,0.003491069222623815,187.50427681061967,/home/runner/work/Solana-Memecoin-Analysis/Solana-Memecoin-Analysis/data/cache/2026-09-26/014654158151_ohlcv_b02c79a92f79.json
2026-09-24T11:05:00+00:00,3dcwhqJp6JBTJPq8ga335HWgSQVS7uQmdmeX7iGjMNpj,solana,PumpSwap,,,,,2026-08-27T00:03:44Z,0.003501317718941325,,,,,,,,,,,,,,,,,,,ohlcv_backfill,minute,0.0035169675029324745,0.0035324375380374386,0.003501317718941325,0.003501317718941325,790.6037276901419,/home/runner/work/Solana-Memecoin-Analysis/Solana-Memecoin-Analysis/data/cache/2026-09-26/014654158151_ohlcv_b02c79a92f79.json
2026-09-24T11:00:00+00:00,3dcwhqJp6JBTJPq8ga335HWgSQVS7uQmdmeX7iGjMNpj,solana,PumpSwap,,,,,2026-08-27T00:03:44Z,0.0035169675029324745,,,,,,,,,,,,,,,,,,,ohlcv_backfill,minute,0.0034779619599855003,0.0035240182738640363,0.0034779619599855003,0.0035169675029324745,510.8470388033681,/home/runner/work/Solana-Memecoin-Analysis/Solana-Memecoin-Analysis/data/cache/2026-09-26/014654158151_ohlcv_b02c79a92f79.json
2026-09-24T10:55:00+00:00,3dcwhqJp6JBTJPq8ga335HWgSQVS7uQmdmeX7iGjMNpj,solana,PumpSwap,,,,,2026-08-27T00:03:44Z,0.0034779619599855003,,,,,,,,,,,,,,,,,,,ohlcv_backfill,minute,0.0034745515716635336,0.0034940833703950612,0.0034446510826117434,0.0034779619599855003,1285.3224687256695,/home/runner/work/Solana-Memecoin-Analysis/Solana-Memecoin-Analysis/data/cache/2026-09-26/014654158151_ohlcv_b02c79a92f79.json
2026-09-24T10:50:00+00:00,3dcwhqJp6JBTJPq8ga335HWgSQVS7uQmdmeX7iGjMNpj,solana,PumpSwap,,,,,2026-08-27T00:03:44Z,0.0034745515716635336,,,,,,,,,,,,,,,,,,,ohlcv_backfill,minute,0.0035526086358905803,0.0035526086358905803,0.003408657161794789,0.0034745515716635336,8484.351574528582,/home/runner/work/Solana-Memecoin-Analysis/Solana-Memecoin-Analysis/data/cache/2026-09-26/014654158151_ohlcv_b02c79a92f79.json
2026-09-24T10:45:00+00:00,3dcwhqJp6JBTJPq8ga335HWgSQVS7uQmdmeX7iGjMNpj,solana,PumpSwap,,,,,2026-08-27T00:03:44Z,0.0035526086358905803,,,,,,,,,,,,,,,,,,,ohlcv_backfill,minute,0.0035542615997916425,0.0035542615997916425,0.0035166469168878014,0.0035526086358905803,216.27511354853053,/home/runner/work/Solana-Memecoin-Analysis/Solana-Memecoin-Analysis/data/cache/2026-09-26/014654158151_ohlcv_b02c79a92f79.json
2026-09-24T10:40:00+00:00,3dcwhqJp6JBTJPq8ga335HWgSQVS7uQmdmeX7iGjMNpj,solana,PumpSwap,,,,,2026-08-27T00:03:44Z,0.0035542615997916425,,,,,,,,,,,,,,,,,,,ohlcv_backfill,minute,0.003539454006343902,0.003556395130121537,0.0034887440952693573,0.0035542615997916425,1784.1405213263274,/home/runner/work/Solana-Memecoin-Analysis/Solana-Memecoin-Analysis/data/cache/2026-09-26/014654158151_ohlcv_b02c79a92f79.json
2026-09-24T10:35:00+00:00,3dcwhqJp6JBTJPq8ga335HWgSQVS7uQmdmeX7iGjMNpj,solana,PumpSwap,,,,,2026-08-27T00:03:44Z,0.003539454006343902,,,,,,,,,,,,,,,,,,,ohlcv_backfill,minute,0.0035175783513150803,0.0035573287674460366,0.0035000228136891727,0.003539454006343902,1744.4464312694317,/home/runner/work/Solana-Memecoin-Analysis/Solana-Memecoin-Analysis/data/cache/2026-09-26/014654158151_ohlcv_b02c79a92f79.json
2026-09-24T10:30:00+00:00,3dcwhqJp6JBTJPq8ga335HWgSQVS7uQmdmeX7iGjMNpj,solana,PumpSwap,,,,,2026-08-27T00:03:44Z,0.0035175783513150803,,,,,,,,,,,,,,,,,,,ohlcv_backfill,minute,0.0035744585389262725,0.0035744585389262725,0.0035175783513150803,0.0035175783513150803,564.1492123877827,/home/runner/work/Solana-Memecoin-Analysis/Solana-Memecoin-Analysis/data/cache/2026-09-26/014654158151_ohlcv_b02c79a92f79.json
2026-09-24T10:25:00+00:00,3dcwhqJp6JBTJPq8ga335HWgSQVS7uQmdmeX7iGjMNpj,solana,PumpSwap,,,,,2026-08-27T00:03:44Z,0.0035744585389262725,,,,,,,,,,,,,,,,,,,ohlcv_backfill,minute,0.003526494885488661,0.0035744585389262725,0.003526494885488661,0.0035744585389262725,733.0233267736004,/home/runner/work/Solana-Memecoin-Analysis/Solana-Memecoin-Analysis/data/cache/2026-09-26/014654158151_ohlcv_b02c79a92f79.json
2026-09-24T10:20:00+00:00,3dcwhqJp6JBTJPq8ga335HWgSQVS7uQmdmeX7iGjMNpj,solana,PumpSwap,,,,,2026-08-27T00:03:44Z,0.003526494885488661,,,,,,,,,,,,,,,,,,,ohlcv_backfill,minute,0.003517678733051259,0.003550881524308539,0.0035068740845512064,0.003526494885488661,716.4940153072894,/home/runner/work/Solana-Memecoin-Analysis/Solana-Memecoin-Analysis/data/cache/2026-09-26/014654158151_ohlcv_b02c79a92f79.json
2026-09-24T10:15:00+00:00,3dcwhqJp6JBTJPq8ga335HWgSQVS7uQmdmeX7iGjMNpj,solana,PumpSwap,,,,,2026-08-27T00:03:44Z,0.003517678733051259,,,,,,,,,,,,,,,,,,,ohlcv_backfill,minute,0.003513284699104938,0.003554278499580802,0.003513284699104938,0.003517678733051259,219.6120974814465,/home/runner/work/Solana-Memecoin-Analysis/Solana-Memecoin-Analysis/data/cache/2026-09-26/014654158151_ohlcv_b02c79a92f79.json
2026-09-24T10:10:00+00:00,3dcwhqJp6JBTJPq8ga335HWgSQVS7uQmdmeX7iGjMNpj,solana,PumpSwap,,,,,2026-08-27T00:03:44Z,0.003513284699104938,,,,,,,,,,,,,,,,,,,ohlcv_backfill,minute,0.00355474902577358,0.003559881914499792,0.003513284699104938,0.003513284699104938,129.94416270389908,/home/runner/work/Solana-Memecoin-Analysis/Solana-Memecoin-Analysis/data/cache/2026-09-26/014654158151_ohlcv_b02c79a92f79.json
2026-09-24T10:05:00+00:00,3dcwhqJp6JBTJPq8ga335HWgSQVS7uQmdmeX7iGjMNpj,solana,PumpSwap,,,,,2026-08-27T00:03:44Z,0.00355474902577358,,,,,,,,,,,,,,,,,,,ohlcv_backfill,minute,0.003573045129779757,0.003573045129779757,0.003505172256563903,0.00355474902577358,1407.9962615929344,/home/runner/work/Solana-Memecoin-Analysis/Solana-Memecoin-Analysis/data/cache/2026-09-26/014654158151_ohlcv_b02c79a92f79.json
2026-09-24T10:00:00+00:00,3dcwhqJp6JBTJPq8ga335HWgSQVS7uQmdmeX7iGjMNpj,solana,PumpSwap,,,,,2026-08-27T00:03:44Z,0.003573045129779757,,,,,,,,,,,,,,,,,,,ohlcv_backfill,minute,0.003545491404564238,0.003573045129779757,0.0035312036099916636,0.003573045129779757,284.3480308234031,/home/runner/work/Solana-Memecoin-Analysis/Solana-Memecoin-Analysis/data/cache/2026-09-26/014654158151_ohlcv_b02c79a92f79.json
2026-09-24T09:55:00+00:00,3dcwhqJp6JBTJPq8ga335HWgSQVS7uQmdmeX7iGjMNpj,solana,PumpSwap,,,,,2026-08-27T00:03:44Z,0.003545491404564238,,,,,,,,,,,,,,,,,,,ohlcv_backfill,minute,0.0035678717704464864,0.0036041804579975624,0.003545491404564238,0.003545491404564238,1551.1255907457203,/home/runner/work/Solana-Memecoin-Analysis/Solana-Memecoin-Analysis/data/cache/2026-09-26/014654158151_ohlcv_b02c79a92f79.json
2026-09-24T09:50:00+00:00,3dcwhqJp6JBTJPq8ga335HWgSQVS7uQmdmeX7iGjMNpj,solana,PumpSwap,,,,,2026-08-27T00:03:44Z,0.0035678717704464864,,,,,,,,,,,,,,,,,,,ohlcv_backfill,minute,0.0035529457076038194,0.0036021024283727945,0.0035529457076038194,0.0035678717704464864,539.1100076719911,/home/runner/work/Solana-Memecoin-Analysis/Solana-Memecoin-Analysis/data/cache/2026-09-26/014654158151_ohlcv_b02c79a92f79.json
2026-09-24T09:45:00+00:00,3dcwhqJp6JBTJPq8ga335HWgSQVS7uQmdmeX7iGjMNpj,solana,PumpSwap,,,,,2026-08-27T00:03:44Z,0.0035529457076038194,,,,,,,,,,,,,,,,,,,ohlcv_backfill,minute,0.0035583174274834,0.003560476461163772,0.0035529457076038194,0.0035529457076038194,151.5182208505031,/home/runner/work/Solana-Memecoin-Analysis/Solana-Memecoin-Analysis/data/cache/2026-09-26/014654158151_ohlcv_b02c79a92f79.json
2026-09-24T09:40:00+00:00,3dcwhqJp6JBTJPq8ga335HWgSQVS7uQmdmeX7iGjMNpj,solana,PumpSwap,,,,,2026-08-27T00:03:44Z,0.0035583174274834,,,,,,,,,,,,,,,,,,,ohlcv_backfill,minute,0.0035081378427181055,0.0035628478690645084,0.0034956967003296293,0.0035583174274834,2747.0365920843306,/home/runner/work/Solana-Memecoin-Analysis/Solana-Memecoin-Analysis/data/cache/2026-09-26/014654158151_ohlcv_b02c79a92f79.json
2026-09-24T09:35:00+00:00,3dcwhqJp6JBTJPq8ga335HWgSQVS7uQmdmeX7iGjMNpj,solana,PumpSwap,,,,,2026-08-27T00:03:44Z,0.0035081378427181055,,,,,,,,,,,,,,,,,,,ohlcv_backfill,minute,0.003469014100543835,0.003536992472351498,0.0034602899793776225,0.0035081378427181055,1122.9338314508464,/home/runner/work/Solana-Memecoin-Analysis/Solana-Memecoin-Analysis/data/cache/2026-09-26/014654158151_ohlcv_b02c79a92f79.json
2026-09-24T09:30:00+00:00,3dcwhqJp6JBTJPq8ga335HWgSQVS7uQmdmeX7iGjMNpj,solana,PumpSwap,,,,,2026-08-27T00:03:44Z,0.003469014100543835,,,,,,,,,,,,,,,,,,,ohlcv_backfill,minute,0.0036032167395225424,0.0036032167395225424,0.003274110016398552,0.003469014100543835,21258.46036587972,/home/runner/work/Solana-Memecoin-Analysis/Solana-Memecoin-Analysis/data/cache/2026-09-26/014654158151_ohlcv_b02c79a92f79.json
2026-09-24T09:25:00+00:00,3dcwhqJp6JBTJPq8ga335HWgSQVS7uQmdmeX7iGjMNpj,solana,PumpSwap,,,,,2026-08-27T00:03:44Z,0.0036032167395225424,,,,,,,,,,,,,,,,,,,ohlcv_backfill,minute,0.0036174961093637845,0.003653025062380639,0.0036032167395225424,0.0036032167395225424,695.1537351036161,/home/runner/work/Solana-Memecoin-Analysis/Solana-Memecoin-Analysis/data/cache/2026-09-26/014654158151_ohlcv_b02c79a92f79.json
2026-09-24T09:20:00+00:00,3dcwhqJp6JBTJPq8ga335HWgSQVS7uQmdmeX7iGjMNpj,solana,PumpSwap,,,,,2026-08-27T00:03:44Z,0.0036174961093637845,,,,,,,,,,,,,,,,,,,ohlcv_backfill,minute,0.0035903576633047195,0.0036555378294909225,0.0035903576633047195,0.0036174961093637845,2847.270133078398,/home/runner/work/Solana-Memecoin-Analysis/Solana-Memecoin-Analysis/data/cache/2026-09-26/014654158151_ohlcv_b02c79a92f79.json
2026-09-24T09:15:00+00:00,3dcwhqJp6JBTJPq8ga335HWgSQVS7uQmdmeX7iGjMNpj,solana,PumpSwap,,,,,2026-08-27T00:03:44Z,0.0035903576633047195,,,,,,,,,,,,,,,,,,,ohlcv_backfill,minute,0.0035924480859767668,0.0035938457876487427,0.0035563315833432928,0.0035903576633047195,642.4231984218902,/home/runner/work/Solana-Memecoin-Analysis/Solana-Memecoin-Analysis/data/cache/2026-09-26/014654158151_ohlcv_b02c79a92f79.json
2026-09-24T09:10:00+00:00,3dcwhqJp6JBTJPq8ga335HWgSQVS7uQmdmeX7iGjMNpj,solana,PumpSwap,,,,,2026-08-27T00:03:44Z,0.0035924480859767668,,,,,,,,,,,,,,,,,,,ohlcv_backfill,minute,0.0036058372585732867,0.0036058372585732867,0.0035639471928723544,0.0035924480859767668,336.5369255403155,/home/runner/work/Solana-Memecoin-Analysis/Solana-Memecoin-Analysis/data/cache/2026-09-26/014654158151_ohlcv_b02c79a92f79.json
2026-09-24T09:05:00+00:00,3dcwhqJp6JBTJPq8ga335HWgSQVS7uQmdmeX7iGjMNpj,solana,PumpSwap,,,,,2026-08-27T00:03:44Z,0.0036058372585732867,,,,,,,,,,,,,,,,,,,ohlcv_backfill,minute,0.0037965847970954174,0.0037965847970954174,0.003444875624892294,0.0036058372585732867,24164.892907972273,/home/runner/work/Solana-Memecoin-Analysis/Solana-Memecoin-Analysis/data/cache/2026-09-26/014654158151_ohlcv_b02c79a92f79.json
2026-09-24T09:00:00+00:00,3dcwhqJp6JBTJPq8ga335HWgSQVS7uQmdmeX7iGjMNpj,solana,PumpSwap,,,,,2026-08-27T00:03:44Z,0.0037965847970954174,,,,,,,,,,,,,,,,,,,ohlcv_backfill,minute,0.003874808603560432,0.003901433192107242,0.0037624152490333376,0.0037965847970954174,5197.091789625753,/home/runner/work/Solana-Memecoin-Analysis/Solana-Memecoin-Analysis/data/cache/2026-09-26/014654158151_ohlcv_b02c79a92f79.json
2026-09-24T08:55:00+00:00,3dcwhqJp6JBTJPq8ga335HWgSQVS7uQmdmeX7iGjMNpj,solana,PumpSwap,,,,,2026-08-27T00:03:44Z,0.003874808603560432,,,,,,,,,,,,,,,,,,,ohlcv_backfill,minute,0.003850336677066288,0.003910501446585274,0.0038098656933019575,0.003874808603560432,3574.6119223774444,/home/runner/work/Solana-Memecoin-Analysis/Solana-Memecoin-Analysis/data/cache/2026-09-26/014654158151_ohlcv_b02c79a92f79.json
2026-09-24T08:50:00+00:00,3dcwhqJp6JBTJPq8ga335HWgSQVS7uQmdmeX7iGjMNpj,solana,PumpSwap,,,,,2026-08-27T00:03:44Z,0.003850336677066288,,,,,,,,,,,,,,,,,,,ohlcv_backfill,minute,0.0037535635054008476,0.003850336677066288,0.0036861833676024983,0.003850336677066288,10173.05242809892,/home/runner/work/Solana-Memecoin-Analysis/Solana-Memecoin-Analysis/data/cache/2026-09-26/014654158151_ohlcv_b02c79a92f79.json
2026-09-24T08:45:00+00:00,3dcwhqJp6JBTJPq8ga335HWgSQVS7uQmdmeX7iGjMNpj,solana,PumpSwap,,,,,2026-08-27T00:03:44Z,0.0037535635054008476,,,,,,,,,,,,,,,,,,,ohlcv_backfill,minute,0.0036699314376979555,0.0038996897715732723,0.003631168831116995,0.0037535635054008476,25560.00357624028,/home/runner/work/Solana-Memecoin-Analysis/Solana-Memecoin-Analysis/data/cache/2026-09-26/014654158151_ohlcv_b02c79a92f79.json
2026-09-24T08:40:00+00:00,3dcwhqJp6JBTJPq8ga335HWgSQVS7uQmdmeX7iGjMNpj,solana,PumpSwap,,,,,2026-08-27T00:03:44Z,0.0036699314376979555,,,,,,,,,,,,,,,,,,,ohlcv_backfill,minute,0.0036524287544859465,0.0036797938532549214,0.003635598492423665,0.0036699314376979555,1209.3231091503828,/home/runner/work/Solana-Memecoin-Analysis/Solana-Memecoin-Analysis/data/cache/2026-09-26/014654158151_ohlcv_b02c79a92f79.json
2026-09-24T08:35:00+00:00,3dcwhqJp6JBTJPq8ga335HWgSQVS7uQmdmeX7iGjMNpj,solana,PumpSwap,,,,,2026-08-27T00:03:44Z,0.0036524287544859465,,,,,,,,,,,,,,,,,,,ohlcv_backfill,minute,0.003614525586789722,0.0036524287544859465,0.0035983491232491637,0.0036524287544859465,1150.3606685236743,/home/runner/work/Solana-Memecoin-Analysis/Solana-Memecoin-Analysis/data/cache/2026-09-26/014654158151_ohlcv_b02c79a92f79.json
2026-09-24T08:30:00+00:00,3dcwhqJp6JBTJPq8ga335HWgSQVS7uQmdmeX7iGjMNpj,solana,PumpSwap,,,,,2026-08-27T00:03:44Z,0.003614525586789722,,,,,,,,,,,,,,,,,,,ohlcv_backfill,minute,0.0036440460912629717,0.003657973805237899,0.003614525586789722,0.003614525586789722,955.4459755097681,/home/runner/work/Solana-Memecoin-Analysis/Solana-Memecoin-Analysis/data/cache/2026-09-26/014654158151_ohlcv_b02c79a92f79.json
2026-09-24T08:25:00+00:00,3dcwhqJp6JBTJPq8ga335HWgSQVS7uQmdmeX7iGjMNpj,solana,PumpSwap,,,,,2026-08-27T00:03:44Z,0.0036440460912629717,,,,,,,,,,,,,,,,,,,ohlcv_backfill,minute,0.00362010329038649,0.003649171808484023,0.00362010329038649,0.0036440460912629717,217.3225285824625,/home/runner/work/Solana-Memecoin-Analysis/Solana-Memecoin-Analysis/data/cache/2026-09-26/014654158151_ohlcv_b02c79a92f79.json
2026-09-24T08:20:00+00:00,3dcwhqJp6JBTJPq8ga335HWgSQVS7uQmdmeX7iGjMNpj,solana,PumpSwap,,,,,2026-08-27T00:03:44Z,0.00362010329038649,,,,,,,,,,,,,,,,,,,ohlcv_backfill,minute,0.0036347480425076295,0.0036347480425076295,0.00362010329038649,0.00362010329038649,3.3633442100429702,/home/runner/work/Solana-Memecoin-Analysis/Solana-Memecoin-Analysis/data/cache/2026-09-26/014654158151_ohlcv_b02c79a92f79.json
2026-09-24T08:15:00+00:00,3dcwhqJp6JBTJPq8ga335HWgSQVS7uQmdmeX7iGjMNpj,solana,PumpSwap,,,,,2026-08-27T00:03:44Z,0.0036347480425076295,,,,,,,,,,,,,,,,,,,ohlcv_backfill,minute,0.003672209099242899,0.003672209099242899,0.0036323462049486412,0.0036347480425076295,153.45917942102662,/home/runner/work/Solana-Memecoin-Analysis/Solana-Memecoin-Analysis/data/cache/2026-09-26/014654158151_ohlcv_b02c79a92f79.json
2026-09-24T08:10:00+00:00,3dcwhqJp6JBTJPq8ga335HWgSQVS7uQmdmeX7iGjMNpj,solana,PumpSwap,,,,,2026-08-27T00:03:44Z,0.003672209099242899,,,,,,,,,,,,,,,,,,,ohlcv_backfill,minute,0.0036374506525168383,0.003672209099242899,0.00362874628125649,0.003672209099242899,409.0813107989742,/home/runner/work/Solana-Memecoin-Analysis/Solana-Memecoin-Analysis/data/cache/2026-09-26/014654158151_ohlcv_b02c79a92f79.json
2026-09-24T08:05:00+00:00,3dcwhqJp6JBTJPq8ga335HWgSQVS7uQmdmeX7iGjMNpj,solana,PumpSwap,,,,,2026-08-27T00:03:44Z,0.0036374506525168383,,,,,,,,,,,,,,,,,,,ohlcv_backfill,minute,0.0036386037062706065,0.0036394183120955336,0.0036374506525168383,0.0036374506525168383,50.05013159996533,/home/runner/work/Solana-Memecoin-Analysis/Solana-Memecoin-Analysis/data/cache/2026-09-26/014654158151_ohlcv_b02c79a92f79.json
2026-09-24T08:00:00+00:00,3dcwhqJp6JBTJPq8ga335HWgSQVS7uQmdmeX7iGjMNpj,solana,PumpSwap,,,,,2026-08-27T00:03:44Z,0.0036386037062706065,,,,,,,,,,,,,,,,,,,ohlcv_backfill,minute,0.003772090040223651,0.003772090040223651,0.0035050615656496173,0.0036386037062706065,16835.124531118516,/home/runner/work/Solana-Memecoin-Analysis/Solana-Memecoin-Analysis/data/cache/2026-09-26/014654158151_ohlcv_b02c79a92f79.json
2026-09-24T07:55:00+00:00,3dcwhqJp6JBTJPq8ga335HWgSQVS7uQmdmeX7iGjMNpj,solana,PumpSwap,,,,,2026-08-27T00:03:44Z,0.003772090040223651,,,,,,,,,,,,,,,,,,,ohlcv_backfill,minute,0.003770689217047259,0.0038054232923948397,0.003770689217047259,0.003772090040223651,294.66323167944876,/home/runner/work/Solana-Memecoin-Analysis/Solana-Memecoin-Analysis/data/cache/2026-09-26/014654158151_ohlcv_b02c79a92f79.json
2026-09-24T07:50:00+00:00,3dcwhqJp6JBTJPq8ga335HWgSQVS7uQmdmeX7iGjMNpj,solana,PumpSwap,,,,,2026-08-27T00:03:44Z,0.003770689217047259,,,,,,,,,,,,,,,,,,,ohlcv_backfill,minute,0.003787644209254946,0.00381083382006106,0.0037688545955108636,0.003770689217047259,214.9528206658162,/home/runner/work/Solana-Memecoin-Analysis/Solana-Memecoin-Analysis/data/cache/2026-09-26/014654158151_ohlcv_b02c79a92f79.json
2026-09-24T07:45:00+00:00,3dcwhqJp6JBTJPq8ga335HWgSQVS7uQmdmeX7iGjMNpj,solana,PumpSwap,,,,,2026-08-27T00:03:44Z,0.003787644209254946,,,,,,,,,,,,,,,,,,,ohlcv_backfill,minute,0.0038069795751531675,0.003844734152385275,0.003787644209254946,0.003787644209254946,1078.061716685178,/home/runner/work/Solana-Memecoin-Analysis/Solana-Memecoin-Analysis/data/cache/2026-09-26/014654158151_ohlcv_b02c79a92f79.json
2026-09-24T07:40:00+00:00,3dcwhqJp6JBTJPq8ga335HWgSQVS7uQmdmeX7iGjMNpj,solana,PumpSwap,,,,,2026-08-27T00:03:44Z,0.0038069795751531675,,,,,,,,,,,,,,,,,,,ohlcv_backfill,minute,0.00381582142118182,0.00383038737029872,0.0038046230394028244,0.0038069795751531675,1022.7099793852403,/home/runner/work/Solana-Memecoin-Analysis/Solana-Memecoin-Analysis/data/cache/2026-09-26/014654158151_ohlcv_b02c79a92f79.json
2026-09-24T07:35:00+00:00,3dcwhqJp6JBTJPq8ga335HWgSQVS7uQmdmeX7iGjMNpj,solana,PumpSwap,,,,,2026-08-27T00:03:44Z,0.00381582142118182,,,,,,,,,,,,,,,,,,,ohlcv_backfill,minute,0.003802714567271656,0.00381582142118182,0.003802714567271656,0.00381582142118182,306.3126920842124,/home/runner/work/Solana-Memecoin-Analysis/Solana-Memecoin-Analysis/data/cache/2026-09-26/014654158151_ohlcv_b02c79a92f79.json
2026-09-24T07:30:00+00:00,3dcwhqJp6JBTJPq8ga335HWgSQVS7uQmdmeX7iGjMNpj,solana,PumpSwap,,,,,2026-08-27T00:03:44Z,0.003802714567271656,,,,,,,,,,,,,,,,,,,ohlcv_backfill,minute,0.0037980399653084135,0.003802714567271656,0.003745113930220845,0.003802714567271656,2547.4979401439696,/home/runner/work/Solana-Memecoin-Analysis/Solana-Memecoin-Analysis/data/cache/2026-09-26/014654158151_ohlcv_b02c79a92f79.json
2026-09-24T07:25:00+00:00,3dcwhqJp6JBTJPq8ga335HWgSQVS7uQmdmeX7iGjMNpj,solana,PumpSwap,,,,,2026-08-27T00:03:44Z,0.0037980399653084135,,,,,,,,,,,,,,,,,,,ohlcv_backfill,minute,0.003781727137897186,0.003829676884076926,0.003781727137897186,0.0037980399653084135,1133.13016692118,/home/runner/work/Solana-Memecoin-Analysis/Solana-Memecoin-Analysis/data/cache/2026-09-26/014654158151_ohlcv_b02c79a92f79.json
2026-09-24T07:20:00+00:00,3dcwhqJp6JBTJPq8ga335HWgSQVS7uQmdmeX7iGjMNpj,solana,PumpSwap,,,,,2026-08-27T00:03:44Z,0.003781727137897186,,,,,,,,,,,,,,,,,,,ohlcv_backfill,minute,0.0037160643438288394,0.003820769302206895,0.0037160643438288394,0.003781727137897186,4633.329774268732,/home/runner/work/Solana-Memecoin-Analysis/Solana-Memecoin-Analysis/data/cache/2026-09-26/014654158151_ohlcv_b02c79a92f79.json
2026-09-24T07:15:00+00:00,3dcwhqJp6JBTJPq8ga335HWgSQVS7uQmdmeX7iGjMNpj,solana,PumpSwap,,,,,2026-08-27T00:03:44Z,0.0037160643438288394,,,,,,,,,,,,,,,,,,,ohlcv_backfill,minute,0.0036960160103878884,0.0037188944256094673,0.0036736507657533454,0.0037160643438288394,547.9203037018798,/home/runner/work/Solana-Memecoin-Analysis/Solana-Memecoin-Analysis/data/cache/2026-09-26/014654158151_ohlcv_b02c79a92f79.json
2026-09-24T07:10:00+00:00,3dcwhqJp6JBTJPq8ga335HWgSQVS7uQmdmeX7iGjMNpj,solana,PumpSwap,,,,,2026-08-27T00:03:44Z,0.0036960160103878884,,,,,,,,,,,,,,,,,,,ohlcv_backfill,minute,0.003666240681925362,0.0036960160103878884,0.0036570554933715855,0.0036960160103878884,931.9594493195948,/home/runner/work/Solana-Memecoin-Analysis/Solana-Memecoin-Analysis/data/cache/2026-09-26/014654158151_ohlcv_b02c79a92f79.json
2026-09-24T07:05:00+00:00,3dcwhqJp6JBTJPq8ga335HWgSQVS7uQmdmeX7iGjMNpj,solana,PumpSwap,,,,,2026-08-27T00:03:44Z,0.003666240681925362,,,,,,,,,,,,,,,,,,,ohlcv_backfill,minute,0.003670806433186958,0.0037044481735375983,0.0036629853106993158,0.003666240681925362,210.46366022607472,/home/runner/work/Solana-Memecoin-Analysis/Solana-Memecoin-Analysis/data/cache/2026-09-26/014654158151_ohlcv_b02c79a92f79.json
2026-09-24T07:00:00+00:00,3dcwhqJp6JBTJPq8ga335HWgSQVS7uQmdmeX7iGjMNpj,solana,PumpSwap,,,,,2026-08-27T00:03:44Z,0.003670806433186958,,,,,,,,,,,,,,,,,,,ohlcv_backfill,minute,0.0037059830004444595,0.0037059830004444595,0.003670806433186958,0.003670806433186958,75.99615708335993,/home/runner/work/Solana-Memecoin-Analysis/Solana-Memecoin-Analysis/data/cache/2026-09-26/014654158151_ohlcv_b02c79a92f79.json
2026-09-24T06:55:00+00:00,3dcwhqJp6JBTJPq8ga335HWgSQVS7uQmdmeX7iGjMNpj,solana,PumpSwap,,,,,2026-08-27T00:03:44Z,0.0037059830004444595,,,,,,,,,,,,,,,,,,,ohlcv_backfill,minute,0.0036685684074563877,0.0037059830004444595,0.0036685684074563877,0.0037059830004444595,125.37200008135142,/home/runner/work/Solana-Memecoin-Analysis/Solana-Memecoin-Analysis/data/cache/2026-09-26/014654158151_ohlcv_b02c79a92f79.json
2026-09-24T06:50:00+00:00,3dcwhqJp6JBTJPq8ga335HWgSQVS7uQmdmeX7iGjMNpj,solana,PumpSwap,,,,,2026-08-27T00:03:44Z,0.0036685684074563877,,,,,,,,,,,,,,,,,,,ohlcv_backfill,minute,0.003695446277015204,0.003695446277015204,0.0036685684074563877,0.0036685684074563877,492.295250053178,/home/runner/work/Solana-Memecoin-Analysis/Solana-Memecoin-Analysis/data/cache/2026-09-26/014654158151_ohlcv_b02c79a92f79.json
2026-09-24T06:45:00+00:00,3dcwhqJp6JBTJPq8ga335HWgSQVS7uQmdmeX7iGjMNpj,solana,PumpSwap,,,,,2026-08-27T00:03:44Z,0.003695446277015204,,,,,,,,,,,,,,,,,,,ohlcv_backfill,minute,0.0037180706907663326,0.0037180706907663326,0.003695446277015204,0.003695446277015204,855.1946370178991,/home/runner/work/Solana-Memecoin-Analysis/Solana-Memecoin-Analysis/data/cache/2026-09-26/014654158151_ohlcv_b02c79a92f79.json
2026-09-24T06:40:00+00:00,3dcwhqJp6JBTJPq8ga335HWgSQVS7uQmdmeX7iGjMNpj,solana,PumpSwap,,,,,2026-08-27T00:03:44Z,0.0037180706907663326,,,,,,,,,,,,,,,,,,,ohlcv_backfill,minute,0.0037490216037998317,0.0037564069375257566,0.0037180706907663326,0.0037180706907663326,337.95753515212164,/home/runner/work/Solana-Memecoin-Analysis/Solana-Memecoin-Analysis/data/cache/2026-09-26/014654158151_ohlcv_b02c79a92f79.json
2026-09-26T01:45:00+00:00,364hvUrAhVcGA4a4CjRNCeTzPr3XkotZePBPtWUZTvLr,solana,PumpSwap,,,,,2026-09-26T01:44:57Z,5.545514744289027e-05,,,,,,,,,,,,,,,,,,,ohlcv_backfill,minute,5.2054909845496124e-05,5.562923789405826e-05,5.1802838285265655e-05,5.545514744289027e-05,412.9111104217425,/home/runner/work/Solana-Memecoin-Analysis/Solana-Memecoin-Analysis/data/cache/2026-09-26/014708409207_ohlcv_b17234827988.json
2026-09-26T01:40:00+00:00,364hvUrAhVcGA4a4CjRNCeTzPr3XkotZePBPtWUZTvLr,solana,PumpSwap,,,,,2026-09-26T01:44:57Z,5.2054909845496124e-05,,,,,,,,,,,,,,,,,,,ohlcv_backfill,minute,5.200218960421015e-05,5.20553812679428e-05,5.200218960421015e-05,5.2054909845496124e-05,5.370583732844251,/home/runner/work/Solana-Memecoin-Analysis/Solana-Memecoin-Analysis/data/cache/2026-09-26/014708409207_ohlcv_b17234827988.json
2026-09-26T01:45:00+00:00,ERXreoRwqXj4ec8NZKRfXmzKQqk4eSufzQHbHvCYBqe3,solana,Meteora DAMM V2,,,,,2026-09-26T01:44:50Z,5.750555878110489e-05,,,,,,,,,,,,,,,,,,,ohlcv_backfill,minute,5.960594976813777e-05,6.11454677263665e-05,5.750555878110489e-05,5.750555878110489e-05,0.022897572677782904,/home/runner/work/Solana-Memecoin-Analysis/Solana-Memecoin-Analysis/data/cache/2026-09-26/014715727228_ohlcv_11221abe1d12.json
2026-09-26T01:40:00+00:00,ERXreoRwqXj4ec8NZKRfXmzKQqk4eSufzQHbHvCYBqe3,solana,Meteora DAMM V2,,,,,2026-09-26T01:44:50Z,5.960594976813777e-05,,,,,,,,,,,,,,,,,,,ohlcv_backfill,minute,5.624358139948696e-05,6.231352817769639e-05,2.661490616306746e-06,5.960594976813777e-05,0.19675994653159823,/home/runner/work/Solana-Memecoin-Analysis/Solana-Memecoin-Analysis/data/cache/2026-09-26/014715727228_ohlcv_11221abe1d12.json
2026-09-26T01:45:00+00:00,7qjiQZ5QYxW1XZLP1U1ASdjH8KVabf6guWaupbU8ZQuH,solana,Pump.fun,,,,,2026-09-26T01:44:49Z,4.050520695503893e-06,,,,,,,,,,,,,,,,,,,ohlcv_backfill,minute,4.912057111746489e-06,4.912057111746489e-06,3.5379532564706095e-06,4.050520695503893e-06,399.079682344365,/home/runner/work/Solana-Memecoin-Analysis/Solana-Memecoin-Analysis/data/cache/2026-09-26/014730834966_ohlcv_3172ae6902f6.json
2026-09-26T01:40:00+00:00,7qjiQZ5QYxW1XZLP1U1ASdjH8KVabf6guWaupbU8ZQuH,solana,Pump.fun,,,,,2026-09-26T01:44:49Z,4.912057111746489e-06,,,,,,,,,,,,,,,,,,,ohlcv_backfill,minute,4.2940067074207905e-06,5.000959312743278e-06,3.751316284875423e-06,4.912057111746489e-06,1308.8178858047756,/home/runner/work/Solana-Memecoin-Analysis/Solana-Memecoin-Analysis/data/cache/2026-09-26/014730834966_ohlcv_3172ae6902f6.json
2026-09-26T01:40:00+00:00,jyjX1ZnB5zZ3n3am5yFCnfTnvntgX8EfKwgPBfuPJCV,solana,Pump.fun,,,,,2026-09-26T01:44:49Z,3.4103998044319674e-06,,,,,,,,,,,,,,,,,,,ohlcv_backfill,minute,3.4103998044319674e-06,3.4103998044319674e-06,3.4103998044319674e-06,3.4103998044319674e-06,0.120468596783139,/home/runner/work/Solana-Memecoin-Analysis/Solana-Memecoin-Analysis/data/cache/2026-09-26/014738443400_ohlcv_95aa8a0254cc.json
2026-09-26T01:45:00+00:00,99f6oPH3aE9L4iEj22ijwVjiAJUidJHBbqBsxLdkLc8G,solana,Pump.fun,,,,,2026-09-26T01:44:45Z,3.4387961704505926e-06,,,,,,,,,,,,,,,,,,,ohlcv_backfill,minute,3.5651829741556068e-06,3.5651829741556068e-06,3.4310585910328355e-06,3.4387961704505926e-06,74.4830114428199,/home/runner/work/Solana-Memecoin-Analysis/Solana-Memecoin-Analysis/data/cache/2026-09-26/014753351118_ohlcv_81ff54a7148e.json
2026-09-26T01:40:00+00:00,99f6oPH3aE9L4iEj22ijwVjiAJUidJHBbqBsxLdkLc8G,solana,Pump.fun,,,,,2026-09-26T01:44:45Z,3.5651829741556068e-06,,,,,,,,,,,,,,,,,,,ohlcv_backfill,minute,3.4784658844742416e-06,3.5651829741556068e-06,3.4784658844742416e-06,3.5651829741556068e-06,85.19338659008001,/home/runner/work/Solana-Memecoin-Analysis/Solana-Memecoin-Analysis/data/cache/2026-09-26/014753351118_ohlcv_81ff54a7148e.json
2026-09-26T06:41:06.733174+00:00,3odkxoFB7KvujaRFoLbCQbbZv93R9njJr9KQTH5cKDKT,solana,PumpSwap,82ezhRLKdKwkSC9jkM3js1yf93VbmvLXNMPkBmompump,SI,So11111111111111111111111111111111111111112,SOL,2026-09-24T04:07:42Z,0.00018273271729241978,175923.290318963,175923.290318963,43102.078,121.4740461151,11979.1834605229,501867.091462077,2,7,2,6,43,104,31,74,5308,6805,2462,2724,snapshot,,,,,,,/home/runner/work/Solana-Memecoin-Analysis/Solana-Memecoin-Analysis/data/cache/2026-09-26/064114739412_multi_pools_7368931d3099.json
2026-09-26T06:41:06.733174+00:00,Hhe2TY1dGPr7SdMJC2hTACq7dTxfr5f6BF3n2nWwkoce,solana,PumpSwap,BDKC1AV3saXrN8jKnWB2TTQmDD6z8CFdY55ku7eAfunk,FUNKOS,So11111111111111111111111111111111111111112,SOL,2026-09-24T04:52:35Z,9.394739159872371e-06,9328.7993071315,,8001.5553,19.5410738074,175.0916133481,48926.493302949,1,0,1,0,5,11,5,11,693,835,327,510,snapshot,,,,,,,/home/runner/work/Solana-Memecoin-Analysis/Solana-Memecoin-Analysis/data/cache/2026-09-26/064114739412_multi_pools_7368931d3099.json
2026-09-26T06:41:06.733174+00:00,B1zosT5SqjsEGRSU1cGbSVJrkVYL9zzFXDa9cmZWRhZt,solana,PumpSwap,3tzkdxJ1qVCaPAuWmd8FjRFKUbwMYpLUAq5gg4Vopump,UNTXD,So11111111111111111111111111111111111111112,SOL,2026-09-23T23:52:03Z,1.185094419572346e-05,11850.9442,,8933.9748,8.7471406504,47.6904908743,12299.3527895097,0,1,0,1,0,3,0,3,160,238,88,175,snapshot,,,,,,,/home/runner/work/Solana-Memecoin-Analysis/Solana-Memecoin-Analysis/data/cache/2026-09-26/064114739412_multi_pools_7368931d3099.json
2026-09-26T06:41:06.733174+00:00,82BHvVSeHgcGNtiH8fGTaYRsKbbjF53beAZp8LCATXsc,solana,Raydium,UpBBfyC75u3kxDGWmmmW2yauk9YY3CqZhdt1KUDkids,SHARTCOIN,So11111111111111111111111111111111111111112,SOL,2026-09-24T01:34:30Z,0.00044362092215504876,440460.449147362,,304674.074,687.3850300403,10721.9516009373,758390.650909437,3,4,3,4,27,42,21,33,1685,1330,603,768,snapshot,,,,,,,/home/runner/work/Solana-Memecoin-Analysis/Solana-Memecoin-Analysis/data/cache/2026-09-26/064114739412_multi_pools_7368931d3099.json
2026-09-26T06:41:06.733174+00:00,b4YtUe3AeeHxnHNsau4T5kubj8UAPnAJnhozDwX1oVn,solana,PumpSwap,68Ep5Fa2rQrfN2f15FvCWWz1E7WZfGFPVVvnPXNjZyu5,玉兔,So11111111111111111111111111111111111111112,SOL,2026-09-24T11:51:51Z,90.58122408046101,90581219707.2917,,0.3607,0.0,0.0,0.0,0,0,0,0,0,0,0,0,0,0,0,0,snapshot,,,,,,,/home/runner/work/Solana-Memecoin-Analysis/Solana-Memecoin-Analysis/data/cache/2026-09-26/064114739412_multi_pools_7368931d3099.json
2026-09-26T06:41:06.733174+00:00,2RkYFJNAkxaUSMUidjtHfipuQKvTFKGtkrsHjvRU2xc5,solana,Pump.fun,Fr74RcJPaXdbjj9KueiJwf6NnEAxVGHGAdR2LJCepump,Barf,So11111111111111111111111111111111111111112,SOL,2026-09-24T11:51:43Z,3.216095379231427e-06,3216.095379,,2667.2366,0.0,0.0,0.0,0,0,0,0,0,0,0,0,0,0,0,0,snapshot,,,,,,,/home/runner/work/Solana-Memecoin-Analysis/Solana-Memecoin-Analysis/data/cache/2026-09-26/064114739412_multi_pools_7368931d3099.json
2026-09-26T06:41:06.733174+00:00,2YMGhUx61U3gH6NsiZx2kSnYFQ9dLfMZ6E2T8o4X2LAP,solana,Manifest,B4cqDdBWDf6hgy1rma8u4JpoTnoycDQyg33aR48mfFvE,RUNE,So11111111111111111111111111111111111111112,SOL,2026-09-24T11:51:31Z,1.92367998399345e-05,35671.01318,,,1.9214490121,1.9214490121,3412.8115732308,0,2,0,2,0,2,0,2,75,74,2,3,snapshot,,,,,,,/home/runner/work/Solana-Memecoin-Analysis/Solana-Memecoin-Analysis/data/cache/2026-09-26/064114739412_multi_pools_7368931d3099.json
2026-09-26T06:41:06.733174+00:00,5yT5mB7etG86mka6QmpdjjCTNPe2bMmh9WvqbaihDMM1,solana,Pump.fun,5dfs9xVJH64eoCBgVUYX93WetMabyEQ2mwuq78yypump,META MUSE,So11111111111111111111111111111111111111112,SOL,2026-09-24T11:51:16Z,3.1712146899158875e-06,3171.209215,,2667.2487,0.0,0.0,0.0,0,0,0,0,0,0,0,0,0,0,0,0,snapshot,,,,,,,/home/runner/work/Solana-Memecoin-Analysis/Solana-Memecoin-Analysis/data/cache/2026-09-26/064114739412_multi_pools_7368931d3099.json
2026-09-26T06:41:06.733174+00:00,6e4ewHhGZrBMiSkKat7QCx28dytJdnYrobNXWrPL5WFN,solana,Meteora,5dvXTZ5qwgafnHtwu3Ls3QrWx1U4LQsFeCuJgkk4QEC6,EMBER,EPjFWdd5AufqSSqeM2qN1xzybapC8G4wEGGkZwyTDt1v,USDC,2026-09-10T05:53:50Z,0.01308979426892455,12826183.8954988,12826274.0668869,209469.1527,502.3985656849,4364.7972973497,653605.798175149,1,4,1,4,23,35,16,34,1600,1784,782,842,snapshot,,,,,,,/home/runner/work/Solana-Memecoin-Analysis/Solana-Memecoin-Analysis/data/cache/2026-09-26/064114739412_multi_pools_7368931d3099.json
2026-09-26T06:41:06.733174+00:00,3RZoQfjBqgLvVxQU7dJAGiq5Jrq2kdFWZ6sMr6Vog1vx,solana,Pump.fun,8AheVKhsi8BY1NM6z188FQ2BVQYkvWLfthsxwvcTpump,duluth,So11111111111111111111111111111111111111112,SOL,2026-09-24T16:12:52Z,1.3165843908820756e-05,26331.68782,,14332.0605,0.0,0.0,0.0,0,0,0,0,0,0,0,0,0,0,0,0,snapshot,,,,,,,/home/runner/work/Solana-Memecoin-Analysis/Solana-Memecoin-Analysis/data/cache/2026-09-26/064114739412_multi_pools_7368931d3099.json
2026-09-26T06:41:06.733174+00:00,F4witMwAS94Q1rDGPr7Tra4UdgQcoBPAtoYZydH789LG,solana,StonkFun,BFWJfq1T1QLpvWztkppVsvjfURYLY6N7uqkyNoVzPZ76,BOTCOIN,Xsv9hRk1z5ystj9MhnA7Lq4vjSsLwzL2nxrwmwtD3re,GLDx,2026-09-24T16:12:45Z,3.300791753006648e-06,3300.791753,,3373.8044,0.0,0.0,15.6863660176,0,0,0,0,0,0,0,0,0,3,0,3,snapshot,,,,,,,/home/runner/work/Solana-Memecoin-Analysis/Solana-Memecoin-Analysis/data/cache/2026-09-26/064114739412_multi_pools_7368931d3099.json
2026-09-26T06:41:06.733174+00:00,79EV4sH2iY59Pu5xujtGuyrjTMSMaNv7bs7SKbMFuHeS,solana,Pump.fun,8R3rMdvzTdV7JKZwM6A3GX5TXrbQmvQZJBZ47QZjpump,CASH CAT,So11111111111111111111111111111111111111112,SOL,2026-09-24T16:12:45Z,4.325543976898273e-09,8.651087954,,4.4856,0.0,0.0,0.4429439996,0,0,0,0,0,0,0,0,0,1,0,1,snapshot,,,,,,,/home/runner/work/Solana-Memecoin-Analysis/Solana-Memecoin-Analysis/data/cache/2026-09-26/064114739412_multi_pools_7368931d3099.json
2026-09-26T06:41:06.733174+00:00,3pYsXR1YBBKySrjF9nhoxvcQup7jY1HnqvfRhVSSAHjF,solana,Pump.fun,HWGdZG35ncJKBgpRztVW1zdmV3iMG3eyqedKstWXpump,PEARL,So11111111111111111111111111111111111111112,SOL,2026-09-24T16:12:38Z,3.245955919237618e-06,3245.9559189926,,2668.38,0.0,0.0,0.0,0,0,0,0,0,0,0,0,0,0,0,0,snapshot,,,,,,,/home/runner/work/Solana-Memecoin-Analysis/Solana-Memecoin-Analysis/data/cache/2026-09-26/064114739412_multi_pools_7368931d3099.json
2026-09-26T06:41:06.733174+00:00,3mtpQkumfka5SEwPLAo4Yho5jdjetvzgFnvpqnJP9em9,solana,StonkFun,GmXMutyTX7QvwFCYU9gvsQPZHHMUGdvGqQfqAMo82NCp,SPY,XsoCS1TfEyfFhfvj8EtZ528L3CaKBDBRqRapnBbDF2W,SPYx,2026-09-24T16:12:37Z,4.506779003861702e-06,4506.779004,,4667.9303,0.0,0.0,0.0,0,0,0,0,0,0,0,0,0,0,0,0,snapshot,,,,,,,/home/runner/work/Solana-Memecoin-Analysis/Solana-Memecoin-Analysis/data/cache/2026-09-26/064114739412_multi_pools_7368931d3099.json
2026-09-26T06:41:06.733174+00:00,Apy5FShcDSLdyYSH4HWgY8zSFj4At8FbKeHZF3D72e9k,solana,PumpSwap,BxftAowY2dVa2h9KMqDTPk4oMxzU9k6uVbZuoorXpump,Holdoween,So11111111111111111111111111111111111111112,SOL,2026-09-16T00:57:16Z,0.0010748982828729303,1059733.5418599,1059733.54294915,105131.0595,2001.8504583716,16818.5258675968,2389570.63233527,905,599,37,19,9336,5827,202,163,55300,60611,11291,8438,snapshot,,,,,,,/home/runner/work/Solana-Memecoin-Analysis/Solana-Memecoin-Analysis/data/cache/2026-09-26/064114739412_multi_pools_7368931d3099.json
2026-09-26T06:41:06.733174+00:00,BRjMA8UALNp3diTKHfdeAn5riQrYPoaYez7KhYWD4oEs,solana,PumpSwap,7GUnr7krtQhJwd6ASY2VUprd9t4c64zcgCsjdmZepump,NPC,So11111111111111111111111111111111111111112,SOL,2026-09-24T02:29:15Z,0.00139488481840013,1287182.1764541,1287281.25884384,136677.751,4306.9310616032,97751.8129129424,5521034.91383381,29,29,24,25,483,441,318,298,26794,20959,9356,7214,snapshot,,,,,,,/home/runner/work/Solana-Memecoin-Analysis/Solana-Memecoin-Analysis/data/cache/2026-09-26/064114739412_multi_pools_7368931d3099.json
2026-09-26T06:41:06.733174+00:00,DerNBFQgu9kmJu7c1mYJAe2gBDUmQFtmSHNXupfL4A3u,solana,Pump.fun,8sdeNmug3x8HTb5kHpNRBrDBoA9vbyszSbkJgpnMpump,TICKER,So11111111111111111111111111111111111111112,SOL,2026-09-24T19:59:03Z,3.419948552500261e-06,3419.948553,,2703.0385,0.0,0.0,95.9256816823,0,0,0,0,0,0,0,0,0,14,0,13,snapshot,,,,,,,/home/runner/work/Solana-Memecoin-Analysis/Solana-Memecoin-Analysis/data/cache/2026-09-26/064114739412_multi_pools_7368931d3099.json
2026-09-26T06:41:06.733174+00:00,BpAaqnyhGJxMeGc3kwGtdQwn9uqtxs19dGnrcSdJsUTk,solana,StonkFun,9R7BQW1VLR72RaS7yffoUhRuMPTtjFd1e7mpjXgUF4tB,GOLDIE,Xsa62P5mvPszXL1krVUnU5ar38bBSVcWAB6fmPCo5Zu,METAx,2026-09-24T19:58:53Z,3.3461534004494897e-06,3346.1534,,3604.2558,0.0,0.0,0.0,0,0,0,0,0,0,0,0,0,0,0,0,snapshot,,,,,,,/home/runner/work/Solana-Memecoin-Analysis/Solana-Memecoin-Analysis/data/cache/2026-09-26/064114739412_multi_pools_7368931d3099.json
2026-09-26T06:41:06.733174+00:00,XPJw2iR2xY2Loof217pHqsyRr2CgK2dAefNm1dDMzZX,solana,PumpSwap,3VvNdW1VajhrSt4VgmkB2MpwrifTacKFtnHBmccfkmAQ,ATTENTION,So11111111111111111111111111111111111111112,SOL,2026-09-24T19:58:47Z,7.969160099334383e-06,7969.160099,,22811.4641,0.0,0.0,0.0,0,0,0,0,0,0,0,0,0,0,0,0,snapshot,,,,,,,/home/runner/work/Solana-Memecoin-Analysis/Solana-Memecoin-Analysis/data/cache/2026-09-26/064114739412_multi_pools_7368931d3099.json
2026-09-26T06:41:06.733174+00:00,rgggQ9jRtanqBkEadEo4YcBj5qSNuktHdbZccLZdV2E,solana,Pump.fun,DA5pkcq14cyabtSQsPMtdfb8HsJPM9wir6cJFD8jpump,ASD,So11111111111111111111111111111111111111112,SOL,2026-09-24T19:58:39Z,4.571934020982836e-06,9143.868042,,3844.6045,0.0,0.0,0.0,0,0,0,0,0,0,0,0,0,0,0,0,snapshot,,,,,,,/home/runner/work/Solana-Memecoin-Analysis/Solana-Memecoin-Analysis/data/cache/2026-09-26/064114739412_multi_pools_7368931d3099.json
2026-09-26T06:41:06.733174+00:00,B6j4hy5GNkw1eD2p5zThEB55uvD6HWc3F6rARfxVsANJ,solana,Pump.fun,FC6TZpPnay1TuqJ4kzYKYUR1RL4AG1tbq2frEghf5bVh,IREN,XsoCS1TfEyfFhfvj8EtZ528L3CaKBDBRqRapnBbDF2W,SPYx,2026-09-24T19:58:37Z,4.176785422056363e-06,4176.785422,,3399.8404,0.0,0.0,0.0,0,0,0,0,0,0,0,0,0,0,0,0,snapshot,,,,,,,/home/runner/work/Solana-Memecoin-Analysis/Solana-Memecoin-Analysis/data/cache/2026-09-26/064114739412_multi_pools_7368931d3099.json
2026-09-26T06:41:06.733174+00:00,CheJUxVQrmpeb4UFWHZ72afQPTKM7AEb8giyzNR7cPvH,solana,Raydium,D1YZZg9dBZ7AbfknZVbaeVLto36eySwoFYEVhZrD4F4n,GO,So11111111111111111111111111111111111111112,SOL,2026-09-23T13:49:47Z,0.004723723402014114,4398233.09973568,4399122.60569233,206554.8297,246.8560562738,27455.4955786299,2659026.44459706,2,2,2,2,70,40,52,32,9139,8370,3604,3289,snapshot,,,,,,,/home/runner/work/Solana-Memecoin-Analysis/Solana-Memecoin-Analysis/data/cache/2026-09-26/064114739412_multi_pools_7368931d3099.json
2026-09-26T06:41:06.733174+00:00,B4zkA1DSZgt1T7zsXhg2Cjt6uQJRtMT1b3HwmwmNUm79,solana,Pump.fun,2qjrtPBhtktFuWbJ3UCm5SCLRUjM67P8KhHvKoa5pump,Grock,So11111111111111111111111111111111111111112,SOL,2026-09-24T23:04:58Z,3.2834464886367704e-06,3283.446489,,2679.8888,0.0,0.0,0.0,0,0,0,0,0,0,0,0,0,0,0,0,snapshot,,,,,,,/home/runner/work/Solana-Memecoin-Analysis/Solana-Memecoin-Analysis/data/cache/2026-09-26/064114739412_multi_pools_7368931d3099.json
2026-09-26T06:41:06.733174+00:00,CkrBXoxcrivNw3dkXBk51iPth9tDWEKtYcm2gVp4YPbU,solana,Meteora DAMM V2,GmurtwcxQMRJXUYoofPuUDeEggvQ9RYKJAPkM6XpeU2b,SEVEN,So11111111111111111111111111111111111111112,SOL,2026-09-24T23:04:57Z,6.584255036665462e-10,0.6584255037,,1.1665,0.0,0.0,0.0,0,0,0,0,0,0,0,0,0,0,0,0,snapshot,,,,,,,/home/runner/work/Solana-Memecoin-Analysis/Solana-Memecoin-Analysis/data/cache/2026-09-26/064114739412_multi_pools_7368931d3099.json
2026-09-26T06:41:06.733174+00:00,526QP4Dvzbx5KkexVe96nrWypkbr8RvsaLAPLPosaWNz,solana,StonkFun,BRq1LcAhzr5s9hrRoVVtJejT67XbgUy3dxBEjKXcLDEj,Jacob,Pren1FvFX6J3E4kXhJuCiAD5aDmGEb7qJRncwA8Lkhw,ANTHRP,2026-09-24T23:04:57Z,3.276456930433639e-06,3276.45693,,3517.3209,0.0,0.0,0.0,0,0,0,0,0,0,0,0,0,0,0,0,snapshot,,,,,,,/home/runner/work/Solana-Memecoin-Analysis/Solana-Memecoin-Analysis/data/cache/2026-09-26/064114739412_multi_pools_7368931d3099.json
2026-09-26T06:41:06.733174+00:00,D4oZ7YMz5qLe7Uq3szQUTHZEG8tmKJPw8wpyKCXaQfUe,solana,Pump.fun,22hWRPapBLKE5pTnrjsJg4fPbgEWMUejwjCzQN6xpump,Lone,So11111111111111111111111111111111111111112,SOL,2026-09-24T23:04:48Z,5.0534239499271836e-06,10106.8479,,4126.2739,0.0,0.0,0.0,0,0,0,0,0,0,0,0,0,0,0,0,snapshot,,,,,,,/home/runner/work/Solana-Memecoin-Analysis/Solana-Memecoin-Analysis/data/cache/2026-09-26/064114739412_multi_pools_7368931d3099.json
2026-09-26T06:41:06.733174+00:00,Aw7qFWEHQ6xsRpJkP6hCmvG9xpzXom8pc45j1MSA1u4H,solana,Pump.fun,4MgnjN9rzV9Trm5qdSd5m9ZFav1r85rZhpKtRVikZutn,st4y,So11111111111111111111111111111111111111112,SOL,2026-09-25T01:28:00Z,3.2727909252615916e-06,3272.790925,,2674.9221,0.0,0.0,0.0,0,0,0,0,0,0,0,0,0,0,0,0,snapshot,,,,,,,/home/runner/work/Solana-Memecoin-Analysis/Solana-Memecoin-Analysis/data/cache/2026-09-26/064114739412_multi_pools_7368931d3099.json
2026-09-26T06:41:06.733174+00:00,Er1oWDTMMeKQJ6g3GneTepbf18YpzL84wVwn2xBbZPec,solana,Pump.fun,7bxZRn59Vgh9pwFiehbZFKWE7THU3noyESytYcGQpump,モニタリ,So11111111111111111111111111111111111111112,SOL,2026-09-25T01:27:51Z,3.3432948326559628e-06,3343.294833,,2708.2096,0.0,0.0,0.0,0,0,0,0,0,0,0,0,0,0,0,0,snapshot,,,,,,,/home/runner/work/Solana-Memecoin-Analysis/Solana-Memecoin-Analysis/data/cache/2026-09-26/064114739412_multi_pools_7368931d3099.json
2026-09-26T06:41:06.733174+00:00,GhnQDAEiNeEekERMWZXVdhvZfTZBxAc4v7McS1w5FUxB,solana,Pump.fun,DDJ4ahXFKY88xwSB8VtyVYb1yW5yFV1qHr74NB9Dpump,SINMEMES,So11111111111111111111111111111111111111112,SOL,2026-09-25T01:27:48Z,3.3835434238102814e-06,3383.543424,,2978.1419,0.0,0.0,0.0,0,0,0,0,0,0,0,0,0,0,0,0,snapshot,,,,,,,/home/runner/work/Solana-Memecoin-Analysis/Solana-Memecoin-Analysis/data/cache/2026-09-26/064114739412_multi_pools_7368931d3099.json
2026-09-26T06:41:06.733174+00:00,5yRsvBGUqSqoEDfUspWxZdgTWsfmAMxULe5GfCzdMNmM,solana,Meteora DAMM V2,4jNoCbZcrxbQSr9Cz64isXoEASUTNzkGz7mRSNfv7777,CARDS,So11111111111111111111111111111111111111112,SOL,2026-09-25T01:27:41Z,0.001191610829609347,1191610.83,,12.1581,0.0,0.0,0.0607437,0,0,0,0,0,0,0,0,4,6,3,5,snapshot,,,,,,,/home/runner/work/Solana-Memecoin-Analysis/Solana-Memecoin-Analysis/data/cache/2026-09-26/064114739412_multi_pools_7368931d3099.json
2026-09-26T06:41:06.733174+00:00,Dc6wZRJA8dJo7LB7FuUy8HcLv5Mg97pEvyB2jU8E89NM,solana,Meteora DBC,4jNoCbZcrxbQSr9Cz64isXoEASUTNzkGz7mRSNfv7777,CARDS,So11111111111111111111111111111111111111112,SOL,2026-09-25T01:27:41Z,5.3418107374562926e-12,0.005341810737,,0.0,0.0,0.0,0.0,0,0,0,0,0,0,0,0,0,0,0,0,snapshot,,,,,,,/home/runner/work/Solana-Memecoin-Analysis/Solana-Memecoin-Analysis/data/cache/2026-09-26/064122162172_multi_pools_6bf597e0a8f2.json
2026-09-26T06:41:06.733174+00:00,GgqM7bfhEarztZ4fNs9hcScM46L98UVLaP2ze65QV2w,solana,Pump.fun,PJh1t6ta58f487WhdG2GrNsMoy2tUP87nRrvM2Hpump,LP,So11111111111111111111111111111111111111112,SOL,2026-09-25T01:27:40Z,3.851637924956363e-07,770.327585,,320.4529,0.0,0.0,0.0,0,0,0,0,0,0,0,0,0,0,0,0,snapshot,,,,,,,/home/runner/work/Solana-Memecoin-Analysis/Solana-Memecoin-Analysis/data/cache/2026-09-26/064122162172_multi_pools_6bf597e0a8f2.json
2026-09-26T06:41:06.733174+00:00,8Gj2nCcXq53wUZ8daFMPxsxxEwxXKyhtsUim8DabxT94,solana,Pump.fun,4TkNtg7VTAjBB3LLrrvyBM927sA2F8Amoxp8MACTpump,GLOB,So11111111111111111111111111111111111111112,SOL,2026-09-25T01:27:39Z,3.2800708794507055e-06,3280.070879,,2670.3523,0.0,0.0,0.0,0,0,0,0,0,0,0,0,0,0,0,0,snapshot,,,,,,,/home/runner/work/Solana-Memecoin-Analysis/Solana-Memecoin-Analysis/data/cache/2026-09-26/064122162172_multi_pools_6bf597e0a8f2.json
2026-09-26T06:41:06.733174+00:00,hr9F9AybZ6uCatftMtW5KVGtgjHQXbHefTd7iGHw7Yu,solana,Pump.fun,GrVAUPhcomCx2bnmg9jPV5CwXacCthNL1UuuiEDupump,Weenie,So11111111111111111111111111111111111111112,SOL,2026-09-25T01:27:32Z,3.6042441375033117e-06,7208.488276,,2921.6685,0.0,0.0,0.0,0,0,0,0,0,0,0,0,0,0,0,0,snapshot,,,,,,,/home/runner/work/Solana-Memecoin-Analysis/Solana-Memecoin-Analysis/data/cache/2026-09-26/064122162172_multi_pools_6bf597e0a8f2.json
2026-09-26T06:41:06.733174+00:00,359UV3H3g2ZVff14AnZTWGeKaykLGdd7Ze3Kar68n6xR,solana,PumpSwap,5iqjhP5ig6JWdXQf6hYAwojZeMf11pTCvH87gCQtpump,TTP,So11111111111111111111111111111111111111112,SOL,2026-09-25T00:38:26Z,0.00017507799419621883,174506.4561,,42325.1861,928.7746614605,10964.8362038766,1102590.74432613,4,7,4,7,73,76,55,64,8822,9434,3420,3855,snapshot,,,,,,,/home/runner/work/Solana-Memecoin-Analysis/Solana-Memecoin-Analysis/data/cache/2026-09-26/064122162172_multi_pools_6bf597e0a8f2.json
2026-09-26T06:41:06.733174+00:00,5kTNVZ4NPqAEmC8C4zWaxFaJrLoLxvDRGXzKqxnJ5P9L,solana,Pump.fun,FBHRYJfTfhkuPi2YedHgFfR7xvsGeL2LKBZcYa6Wpump,$EAT,So11111111111111111111111111111111111111112,SOL,2026-09-25T06:24:53Z,2.5566549338208193e-06,5113.309868,,2670.9656,0.0,0.0,0.0,0,0,0,0,0,0,0,0,0,0,0,0,snapshot,,,,,,,/home/runner/work/Solana-Memecoin-Analysis/Solana-Memecoin-Analysis/data/cache/2026-09-26/064122162172_multi_pools_6bf597e0a8f2.json
2026-09-26T06:41:06.733174+00:00,HSZdETUaxMT7sMkfnNM1cUHPF1uvjwy2icUcpXEsMf48,solana,PumpSwap,5a4AZTMPJENWxhJ5uRGEV3Zcwqo7XNSTYofjgvUiUpFS,company,So11111111111111111111111111111111111111112,SOL,2026-09-25T06:24:51Z,8.363436158944544e-05,83634.36159,,0.0009420731957,0.0,0.0,0.000795924718,0,0,0,0,0,0,0,0,0,1,0,1,snapshot,,,,,,,/home/runner/work/Solana-Memecoin-Analysis/Solana-Memecoin-Analysis/data/cache/2026-09-26/064122162172_multi_pools_6bf597e0a8f2.json
2026-09-26T06:41:06.733174+00:00,5b6ujR85FEzgEKWsaY6PAS5viojsZAPmWLt6j4SEGPZv,solana,Meteora DBC,5a4AZTMPJENWxhJ5uRGEV3Zcwqo7XNSTYofjgvUiUpFS,company,So11111111111111111111111111111111111111112,SOL,2026-09-25T06:24:44Z,5.2444878092563514e-11,0.05244487809,,0.0,0.0,0.0,0.0,0,0,0,0,0,0,0,0,0,0,0,0,snapshot,,,,,,,/home/runner/work/Solana-Memecoin-Analysis/Solana-Memecoin-Analysis/data/cache/2026-09-26/064122162172_multi_pools_6bf597e0a8f2.json
2026-09-26T06:41:06.733174+00:00,4UDkTaVJkrZw4DqdfSbSH2BiE63ZDXtBRK4dPME4v27N,solana,Pump.fun,F1UspgvGcDBosjaoTnNTQWWqyVVfRzKzfHjmNERxpump,$BULL,So11111111111111111111111111111111111111112,SOL,2026-09-25T06:24:34Z,3.251090461385008e-06,3282.443543,,2694.428,0.0,0.0,32.9649389162,0,0,0,0,0,0,0,0,0,1,0,1,snapshot,,,,,,,/home/runner/work/Solana-Memecoin-Analysis/Solana-Memecoin-Analysis/data/cache/2026-09-26/064122162172_multi_pools_6bf597e0a8f2.json
2026-09-26T06:41:06.733174+00:00,Cxi78eJGewXUSLBgcAtMWK8gc69qGmAhNE4kCLR4xVGA,solana,Pump.fun,44ajbPg1vimZPnum8PrTDq3MzT47qxPYnLrk6fmcpump,mori,So11111111111111111111111111111111111111112,SOL,2026-09-25T06:24:26Z,1.627484491959212e-07,325.4968984,,134.8459,0.0,0.0,1.2608502457,0,0,0,0,0,0,0,0,0,1,0,1,snapshot,,,,,,,/home/runner/work/Solana-Memecoin-Analysis/Solana-Memecoin-Analysis/data/cache/2026-09-26/064122162172_multi_pools_6bf597e0a8f2.json
2026-09-26T06:41:06.733174+00:00,39e3inYn9tDu4GAeBJ4L1MZrRW8hMhu2yqJ59vhPeCai,solana,PumpSwap,BQJfL1yiHbJQ8AciHLcKxaCbQrWP2ws8oZHHYgbBpump,CACKLE,So11111111111111111111111111111111111111112,SOL,2026-08-18T03:38:14Z,0.00012113488888203747,121134.8889,,46302.6268,0.0,1.1940623572,24079.3323930529,0,0,0,0,1,0,1,0,1670,599,1578,576,snapshot,,,,,,,/home/runner/work/Solana-Memecoin-Analysis/Solana-Memecoin-Analysis/data/cache/2026-09-26/064122162172_multi_pools_6bf597e0a8f2.json
2026-09-26T06:41:06.733174+00:00,99C6TUp7WgTvnwQVVhAbD8HbxPdo5LJCXr7VFCvTmJf1,solana,PumpSwap,nDZknLvfFRp5rgUHdzTrQsmSY5NKzoavqdLjSHVpump,COLLECT,CARDSccUMFKoPRZxt5vt3ksUbxEFEcnZ3H2pd3dKxYjp,CARDS,2026-09-25T00:58:47Z,0.00259106402448669,2575649.75858303,,188933.5924,512.848192796,32029.8345749355,1601312.39318411,2,3,2,3,116,92,101,55,6328,4287,3001,2160,snapshot,,,,,,,/home/runner/work/Solana-Memecoin-Analysis/Solana-Memecoin-Analysis/data/cache/2026-09-26/064122162172_multi_pools_6bf597e0a8f2.json
2026-09-26T06:41:06.733174+00:00,5GHJdhuDttJyZU6D666QDjfa1Q3GXFec3VN1z65fgnGo,solana,PumpSwap,Fj3hX1NrpFAiz31HGi8YTWUNhVTJeDG9KUzEv3N21bTy,AXIS,So11111111111111111111111111111111111111112,SOL,2026-09-25T04:50:48Z,2.844911734502921e-05,2829192.69,,6.09557026165357e-07,0.0,0.0,32877328.6777802,0,0,0,0,0,0,0,0,24573,13069,5105,477,snapshot,,,,,,,/home/runner/work/Solana-Memecoin-Analysis/Solana-Memecoin-Analysis/data/cache/2026-09-26/064122162172_multi_pools_6bf597e0a8f2.json
2026-09-26T06:41:06.733174+00:00,HnFhnuZP8WT3U2MFG5gWS8Hbkvd45rKcwoHn1i9BjYtk,solana,PumpSwap,3znS89gifim2Hhhu8wjb2PfSgaCDdma187D5NMkDpump,BRAIN,So11111111111111111111111111111111111111112,SOL,2026-09-25T00:04:11Z,6.0644501854957186e-05,61497.31579,,24750.5121,21.2164307246,10769.442942258,877983.311907832,3,1,3,1,94,103,78,83,8962,10392,3582,4334,snapshot,,,,,,,/home/runner/work/Solana-Memecoin-Analysis/Solana-Memecoin-Analysis/data/cache/2026-09-26/064122162172_multi_pools_6bf597e0a8f2.json
2026-09-26T06:41:06.733174+00:00,HJHA6AFiUQVR4nUScs7ZAR775427PJtVFqj3kmLgP9WL,solana,PumpSwap,8Vte25yt28L8BfLXm8DrzjSYEyaKX8yry6hRKRmX7FGd,UPTOBER,So11111111111111111111111111111111111111112,SOL,2026-09-22T15:41:30Z,0.00021298098832262403,207890.093915577,207890.093915577,44543.7869,2061.4385847076,44759.1276394145,553450.092873836,29,25,28,24,389,295,306,264,13455,8547,11324,5786,snapshot,,,,,,,/home/runner/work/Solana-Memecoin-Analysis/Solana-Memecoin-Analysis/data/cache/2026-09-26/064122162172_multi_pools_6bf597e0a8f2.json
2026-09-26T06:41:06.733174+00:00,P49aoDCvLpBmVvMHtuNGRdTMbMPBrDyyHeeHdcsuyZp,solana,FluxBeam,DEXG9s7dxFEBySXBEF3cKcrkM69PnK5AYaAJ73ufX7TS,LaunchLab,So11111111111111111111111111111111111111112,SOL,2026-09-25T11:24:51Z,0.0015111213582791327,1502971.62727381,,1489471.1285,0.0,0.0,10718.5890436046,0,0,0,0,0,0,0,0,300,0,20,0,snapshot,,,,,,,/home/runner/work/Solana-Memecoin-Analysis/Solana-Memecoin-Analysis/data/cache/2026-09-26/064122162172_multi_pools_6bf597e0a8f2.json
2026-09-26T06:41:06.733174+00:00,9dpt3dmjg1eggKHGEb45PNXNSz9RUX1jfM3svQbvqRFr,solana,Pump.fun,F5JdxfRPM6HnGPCT6ixoVWq5Bcn8Q3D2kVYyujFtpump,TAOTAO,So11111111111111111111111111111111111111112,SOL,2026-09-25T11:23:52Z,3.405694507275825e-06,3409.331229,,2763.2731,0.0,0.0,577.161309456,0,0,0,0,0,0,0,0,49,28,25,27,snapshot,,,,,,,/home/runner/work/Solana-Memecoin-Analysis/Solana-Memecoin-Analysis/data/cache/2026-09-26/064122162172_multi_pools_6bf597e0a8f2.json
2026-09-26T06:41:06.733174+00:00,7sY6BrhDBkJdcYFrDd1M49hinSXrqk2bzS3rT6Juanch,solana,Raydium,8erE7RkkoiGYJtCyQdfwMpnNA8cAkY14Xe6RYjjHAdKP,CAT,XsoCS1TfEyfFhfvj8EtZ528L3CaKBDBRqRapnBbDF2W,SPYx,2026-09-21T15:53:21Z,0.00025143471098254045,251434.027957026,251434.027957026,44414.1748,0.0,43.0014476132,21814.1259638173,0,0,0,0,1,4,1,4,408,399,160,153,snapshot,,,,,,,/home/runner/work/Solana-Memecoin-Analysis/Solana-Memecoin-Analysis/data/cache/2026-09-26/064122162172_multi_pools_6bf597e0a8f2.json
2026-09-26T06:41:06.733174+00:00,Ftjga524YrS7RPzGCcezMuQnFDYa8PcvWDY5mFmZk5dy,solana,PumpSwap,5g9PWcRUHpmqm5uKycpShKXJB18sGLeCEzgB3qrRpump,SWARM,So11111111111111111111111111111111111111112,SOL,2026-09-25T08:47:14Z,0.0002803913946478901,289957.054017866,,55426.5554,2419.3444763637,36065.5441014127,4883186.19485637,148,19,147,13,2280,402,1784,257,70300,30185,14105,8926,snapshot,,,,,,,/home/runner/work/Solana-Memecoin-Analysis/Solana-Memecoin-Analysis/data/cache/2026-09-26/064122162172_multi_pools_6bf597e0a8f2.json
2026-09-26T06:41:06.733174+00:00,GCQW4cgDHGV3cgEzxesC9MazExYC8P2NBQU27BmH1XE,solana,PumpSwap,6sEf597zqUxoJeW1znjtx8MUPsXFFF7zjjH2KSG8zF9y,company,So11111111111111111111111111111111111111112,SOL,2026-09-25T05:16:30Z,7.54080618092293e-06,7540.806181,,6675.9255,0.979991122,81.8767446249,295151.132023899,0,1,0,1,10,7,2,7,4041,3499,1520,2125,snapshot,,,,,,,/home/runner/work/Solana-Memecoin-Analysis/Solana-Memecoin-Analysis/data/cache/2026-09-26/064122162172_multi_pools_6bf597e0a8f2.json
2026-09-26T06:41:06.733174+00:00,87mffNX4rzZTF688ZuJKD68pDKqNYry3rtiXsPiJ7KV6,solana,Raydium,CADHPAKri3EwnMLKWqFqeKJYGAaunnFK6akgryZaRcgr,AMERICA,DJTu7vi8norVzdVAffgvb39VP7wjKeTsgaMBJrzfxvoF,DJT,2026-09-25T17:02:06Z,4.134082519550655e-06,4134.08252,,5936.2511,0.0,0.02518219034,32475.1415525747,0,0,0,0,0,2,0,2,152,392,115,167,snapshot,,,,,,,/home/runner/work/Solana-Memecoin-Analysis/Solana-Memecoin-Analysis/data/cache/2026-09-26/064122162172_multi_pools_6bf597e0a8f2.json
2026-09-26T06:41:06.733174+00:00,LcqA48bdyW8EJYJ2DqqX7iRMAKYLAfZyuKaZdevWBXr,solana,Pump.fun,GyTc2qLrY4hN7b7VFW9UQeEicfddvdRUhLLtTLwKpump,PUTO,So11111111111111111111111111111111111111112,SOL,2026-09-25T17:01:55Z,3.421402927128639e-06,3421.402927,,2668.6155,0.0,0.0,182.8706278748,0,0,0,0,0,0,0,0,23,23,23,23,snapshot,,,,,,,/home/runner/work/Solana-Memecoin-Analysis/Solana-Memecoin-Analysis/data/cache/2026-09-26/064122162172_multi_pools_6bf597e0a8f2.json
2026-09-26T06:41:06.733174+00:00,2cYvH2Kcyr5ebNQxxh7BiNePnpYPjzv1Ke3bWGnXZN4F,solana,Pump.fun,F9r4mhKfgerTDAVY3hhzc4pTDs7gkxDjNqQLJisWpump,A,So11111111111111111111111111111111111111112,SOL,2026-09-25T17:01:45Z,2.842109042322218e-07,568.4218084,,238.594,0.0,0.0,796.4898738178,0,0,0,0,0,0,0,0,33,31,10,9,snapshot,,,,,,,/home/runner/work/Solana-Memecoin-Analysis/Solana-Memecoin-Analysis/data/cache/2026-09-26/064122162172_multi_pools_6bf597e0a8f2.json
2026-09-26T06:41:06.733174+00:00,5Zm9nCiDiQFN2K6yXW3zghfo5fkRZwgbFosZTdHTcx2E,solana,Meteora DAMM V2,F3LXwr9nMkkZVa5pLojAx7QowCFuHTgbMGngpWV3zS5o,SOLRISING,So11111111111111111111111111111111111111112,SOL,2026-09-25T17:01:34Z,0.00011804305726701556,118043.0573,,0.7943,0.0,0.0,0.5226156175,0,0,0,0,0,0,0,0,22,4,13,4,snapshot,,,,,,,/home/runner/work/Solana-Memecoin-Analysis/Solana-Memecoin-Analysis/data/cache/2026-09-26/064122162172_multi_pools_6bf597e0a8f2.json
2026-09-26T06:41:06.733174+00:00,GyqG6jQStJy1WEzmPfhbVyjwq14C26t9bSa25f4dmKdA,solana,PumpSwap,AX5paLzKuPZAFCd6sneVj7z5VGAJyCGyXLmjfDAdBZQf,MUSESTREAM,So11111111111111111111111111111111111111112,SOL,2026-09-25T20:24:24Z,2.5683018996743986e-06,2568.3019,,2581.5535,0.0,0.1362402367,176135.608518366,0,0,0,0,0,1,0,1,2207,2003,999,1093,snapshot,,,,,,,/home/runner/work/Solana-Memecoin-Analysis/Solana-Memecoin-Analysis/data/cache/2026-09-26/064122162172_multi_pools_6bf597e0a8f2.json
2026-09-26T06:41:06.733174+00:00,4AbNLT88rY1UQWYBmksCPrNyXhgSHNdLcQ4zM5PGbvMG,solana,PumpSwap,3JwLsyCxRDVPx5PP2qU2d8HuBH4nNGFwgZypWLrSpump,dog,So11111111111111111111111111111111111111112,SOL,2026-09-25T20:24:17Z,0.0037765540251578304,3776554.025,,6.46436832923228e-07,0.0,0.0,3289.7447135474,0,0,0,0,0,0,0,0,2342,258,214,146,snapshot,,,,,,,/home/runner/work/Solana-Memecoin-Analysis/Solana-Memecoin-Analysis/data/cache/2026-09-26/064122162172_multi_pools_6bf597e0a8f2.json
2026-09-26T06:41:06.733174+00:00,6hKaWWvY2JtmHYE1V58y4UVsjedNq4zT6zFLXuZCsxQN,solana,Pump.fun,HbffogXDjF9Dx71MG3pbLm3Czmibo5cfPYNEKHrNpump,Find,So11111111111111111111111111111111111111112,SOL,2026-09-25T20:24:15Z,6.151938424963021e-10,1.230387685,,1.0951,0.0,0.0,589.1290198259,0,0,0,0,0,0,0,0,151,147,21,18,snapshot,,,,,,,/home/runner/work/Solana-Memecoin-Analysis/Solana-Memecoin-Analysis/data/cache/2026-09-26/064122162172_multi_pools_6bf597e0a8f2.json
2026-09-26T06:41:06.733174+00:00,5PEoQSF627rLCcR7q6RDTXt5CdxpVLyvEpBKEpbqG8Jr,solana,Pump.fun,FHYP5mKMy5TzhfEwX4oonDBxhhG3zWKbR5gsQJebpump,ch,So11111111111111111111111111111111111111112,SOL,2026-09-25T20:24:04Z,4.859660376920779e-06,9719.320754,,3295.0191,0.0,0.0,478.7997943566,0,0,0,0,0,0,0,0,54,43,13,13,snapshot,,,,,,,/home/runner/work/Solana-Memecoin-Analysis/Solana-Memecoin-Analysis/data/cache/2026-09-26/064122162172_multi_pools_6bf597e0a8f2.json
2026-09-26T06:41:06.733174+00:00,AN3Vgx1Ap1kYKXWcPo57AMnNNFM3heSyqKcPskaS7weh,solana,Pump.fun,EwXTL9o6mPaorsW1UZbZZkkbxbUdheGz8jGwyAmApump,USTAYREADY,So11111111111111111111111111111111111111112,SOL,2026-09-25T20:24:01Z,3.5241513021264064e-06,3524.151302,,2761.7045,0.0,0.0,330.7594960137,0,0,0,0,0,0,0,0,2,1,2,1,snapshot,,,,,,,/home/runner/work/Solana-Memecoin-Analysis/Solana-Memecoin-Analysis/data/cache/2026-09-26/064122162172_multi_pools_6bf597e0a8f2.json
2026-09-26T06:41:06.733174+00:00,CznwRW4393ppcasxY1T7QP9gck3t8J66BVmXjdATgMSd,solana,Pump.fun,Du4K1ETWbvWtKJMnFkCN8o66zqHStVHzMTArxWqkpump,Memes.gov,So11111111111111111111111111111111111111112,SOL,2026-09-25T20:23:59Z,3.7579270898551246e-06,3757.92709,,2936.6119,0.0,0.0,51984.3772724681,0,0,0,0,0,0,0,0,764,645,381,364,snapshot,,,,,,,/home/runner/work/Solana-Memecoin-Analysis/Solana-Memecoin-Analysis/data/cache/2026-09-26/064122162172_multi_pools_6bf597e0a8f2.json
2026-09-26T06:41:06.733174+00:00,E46yzJBRonezRdBM56TZMPiYpUz9WPAqt8j9yJHLkruF,solana,Pump.fun,593gnQM1kRciQDf312GpwGZJhTxM6Yak5MMFn7X4pump,Dog Think,So11111111111111111111111111111111111111112,SOL,2026-09-25T23:23:34Z,1.1685677996490147e-06,2337.1356,,914.0182,0.0,0.0,49.1541365369,0,0,0,0,0,0,0,0,22,30,3,3,snapshot,,,,,,,/home/runner/work/Solana-Memecoin-Analysis/Solana-Memecoin-Analysis/data/cache/2026-09-26/064129591547_multi_pools_7dfcd7c474e0.json
2026-09-26T06:41:06.733174+00:00,9BerALcrD4KZD1zLp7wvf6vX2b8QAKkvBipzf7GvBihH,solana,Pump.fun,BHD5kbtnajDq5MYEmbJwVLa2ucdcZgzscey1gJMrWa81,TANKCLUB,So11111111111111111111111111111111111111112,SOL,2026-09-25T23:23:29Z,3.4138717506994996e-06,3413.871751,,2669.5332,0.0,0.0,116.1179954394,0,0,0,0,0,0,0,0,5,5,5,5,snapshot,,,,,,,/home/runner/work/Solana-Memecoin-Analysis/Solana-Memecoin-Analysis/data/cache/2026-09-26/064129591547_multi_pools_7dfcd7c474e0.json
2026-09-26T06:41:06.733174+00:00,BtT1ocd3feVAR5zaHqkFGGgpUyfym9mbfWPz17wA24jL,solana,PumpSwap,7g9v4sr3kDsQEhqH6PMYdVdzHR9RGWo83LYRgKrpNRBY,Holdoween,So11111111111111111111111111111111111111112,SOL,2026-09-25T23:23:23Z,2.653137871841255e-05,122.0336711,,0.002455027275,0.0,0.0,78790.8782745094,0,0,0,0,0,0,0,0,1175,239,973,23,snapshot,,,,,,,/home/runner/work/Solana-Memecoin-Analysis/Solana-Memecoin-Analysis/data/cache/2026-09-26/064129591547_multi_pools_7dfcd7c474e0.json
2026-09-26T06:41:06.733174+00:00,4fJn9c96VponFoiLr3MokFTzpERyMKwMuBeRvuSft4YA,solana,Pump.fun,DmKeZE5UgJ9pWwcUMAia4kT1mtcPhrdE2o94Ut3Apump,company,So11111111111111111111111111111111111111112,SOL,2026-09-25T23:23:08Z,3.4317646509268258e-06,3431.764651,,2681.3155,0.0,0.0,1963.2064370196,0,0,0,0,0,0,0,0,21,18,14,15,snapshot,,,,,,,/home/runner/work/Solana-Memecoin-Analysis/Solana-Memecoin-Analysis/data/cache/2026-09-26/064129591547_multi_pools_7dfcd7c474e0.json
2026-09-26T06:41:06.733174+00:00,FnntXC9pGme3Ad9QMZSFuzRp35YEvFi73E2DPt5YGig2,solana,Pump.fun,DQjwMS85NDTo2Qr1Rf51PAdvj3QK5poxtkihk3YApump,COOKED,So11111111111111111111111111111111111111112,SOL,2026-09-25T23:23:04Z,9.216449611742197e-07,2257.656752,,860.06,0.0,0.0,591.6227809936,0,0,0,0,0,0,0,0,69,61,11,11,snapshot,,,,,,,/home/runner/work/Solana-Memecoin-Analysis/Solana-Memecoin-Analysis/data/cache/2026-09-26/064129591547_multi_pools_7dfcd7c474e0.json
2026-09-26T06:41:06.733174+00:00,EauPrgojCQfxzQbafthunGLB4QV4jp8VjKQULACB2TaM,solana,Pump.fun,4RrmztLGqSnJbxDBjuqsYf7XXojMqDLQViae9XTypump,$Shlawg,So11111111111111111111111111111111111111112,SOL,2026-09-25T23:22:59Z,3.04286650518135e-06,6085.73301,,2359.0335,0.0,0.0,134.6312118018,0,0,0,0,0,0,0,0,17,14,4,4,snapshot,,,,,,,/home/runner/work/Solana-Memecoin-Analysis/Solana-Memecoin-Analysis/data/cache/2026-09-26/064129591547_multi_pools_7dfcd7c474e0.json
2026-09-26T06:41:06.733174+00:00,3dcwhqJp6JBTJPq8ga335HWgSQVS7uQmdmeX7iGjMNpj,solana,PumpSwap,CTPoyCwkjMvoJwU4xvZZqoD8tiYk6yDchySiN5gGpump,fone,So11111111111111111111111111111111111111112,SOL,2026-08-27T00:03:44Z,0.004263150900691418,4221022.55697317,4221022.57261936,494452.1256,2436.7214618072,31837.6436178456,953587.505851687,8,0,7,0,105,50,83,29,2590,2282,1018,979,snapshot,,,,,,,/home/runner/work/Solana-Memecoin-Analysis/Solana-Memecoin-Analysis/data/cache/2026-09-26/064129591547_multi_pools_7dfcd7c474e0.json
2026-09-26T06:41:06.733174+00:00,364hvUrAhVcGA4a4CjRNCeTzPr3XkotZePBPtWUZTvLr,solana,PumpSwap,8DMRzhGGVhDMsbZRiH3Hnv7vPE8Know6hyJdzG8b5pmG,DDOS,So11111111111111111111111111111111111111112,SOL,2026-09-26T01:44:57Z,0.00011181597376477626,110848.5407,,8.556844509e-07,0.0,0.0,5237.6722227552,0,0,0,0,0,0,0,0,1281,52,940,44,snapshot,,,,,,,/home/runner/work/Solana-Memecoin-Analysis/Solana-Memecoin-Analysis/data/cache/2026-09-26/064129591547_multi_pools_7dfcd7c474e0.json
2026-09-26T06:41:06.733174+00:00,ERXreoRwqXj4ec8NZKRfXmzKQqk4eSufzQHbHvCYBqe3,solana,Meteora DAMM V2,8DMRzhGGVhDMsbZRiH3Hnv7vPE8Know6hyJdzG8b5pmG,DDOS,So11111111111111111111111111111111111111112,SOL,2026-09-26T01:44:50Z,3.464691687316323e-06,3464.691687,,0.0721,0.0,0.0,0.5696901502,0,0,0,0,0,0,0,0,20,4,13,4,snapshot,,,,,,,/home/runner/work/Solana-Memecoin-Analysis/Solana-Memecoin-Analysis/data/cache/2026-09-26/064129591547_multi_pools_7dfcd7c474e0.json
2026-09-26T06:41:06.733174+00:00,7qjiQZ5QYxW1XZLP1U1ASdjH8KVabf6guWaupbU8ZQuH,solana,Pump.fun,4ZvcJsA7cWtaUqKRBpkQSx7GqBZWvftW3bwsjX8mJETs,PLANET,So11111111111111111111111111111111111111112,SOL,2026-09-26T01:44:49Z,3.5379532564706095e-06,3786.767423,,3164.3709,0.0,0.0,1707.8975681491,0,0,0,0,0,0,0,0,4,5,4,4,snapshot,,,,,,,/home/runner/work/Solana-Memecoin-Analysis/Solana-Memecoin-Analysis/data/cache/2026-09-26/064129591547_multi_pools_7dfcd7c474e0.json
2026-09-26T06:41:06.733174+00:00,jyjX1ZnB5zZ3n3am5yFCnfTnvntgX8EfKwgPBfuPJCV,solana,Pump.fun,HtjFoRFa4612Tq981Xc5Nfuwi1RVyz6CvXFc7aSapump,TIPS,So11111111111111111111111111111111111111112,SOL,2026-09-26T01:44:49Z,3.410587861572369e-06,3410.587862,,2665.9799,0.0,0.0,0.2409438365,0,0,0,0,0,0,0,0,1,1,1,1,snapshot,,,,,,,/home/runner/work/Solana-Memecoin-Analysis/Solana-Memecoin-Analysis/data/cache/2026-09-26/064129591547_multi_pools_7dfcd7c474e0.json
2026-09-26T06:41:06.733174+00:00,99f6oPH3aE9L4iEj22ijwVjiAJUidJHBbqBsxLdkLc8G,solana,Pump.fun,76rXydoewfk5vRKaEmEmdphTyS7UYTgJKJWtAfd3pump,PLANET,So11111111111111111111111111111111111111112,SOL,2026-09-26T01:44:45Z,3.412359607689158e-06,3412.359608,,2666.1001,0.0,0.0,174.6987691132,0,0,0,0,0,0,0,0,25,24,24,24,snapshot,,,,,,,/home/runner/work/Solana-Memecoin-Analysis/Solana-Memecoin-Analysis/data/cache/2026-09-26/064129591547_multi_pools_7dfcd7c474e0.json
2026-09-26T06:41:06.733174+00:00,4JAnKFddd5fFTk5PxDj3PpTWJuTEfSWQEjZJcgKQ9KwW,solana,PumpSwap,CbcyNo7m1amFWqEQm2m4PLv1UNvpcL3C1Ujm6AkzpKoU,e/acc,So11111111111111111111111111111111111111112,SOL,2026-09-25T21:15:15Z,0.018873354185910733,18343193.1683468,,568649.6436,53700.9130874853,2447082.22473326,39826128.3737099,91,83,72,51,5246,3887,1981,1394,121637,100912,25513,20548,snapshot,,,,,,,/home/runner/work/Solana-Memecoin-Analysis/Solana-Memecoin-Analysis/data/cache/2026-09-26/064129591547_multi_pools_7dfcd7c474e0.json
2026-09-26T06:41:06.733174+00:00,3yXXas5wQqC6LzV9x22GEqVr9Dgg1VC6yynkVGhRWJWM,solana,PumpSwap,5NhN6zzDkzwXFGPFqtpTopV4ttBeZ6CWy1oRL9Rkpump,Bagwork,So11111111111111111111111111111111111111112,SOL,2026-09-25T14:14:54Z,0.0003523285908167634,348708.005660544,,63126.5289,3042.8386564533,66104.9117531951,6114581.40030388,7,20,7,14,408,467,299,262,44329,34413,11575,10468,snapshot,,,,,,,/home/runner/work/Solana-Memecoin-Analysis/Solana-Memecoin-Analysis/data/cache/2026-09-26/064129591547_multi_pools_7dfcd7c474e0.json
2026-09-26T06:41:06.733174+00:00,DTre5JvnzVP9NaBgr7pWrG77nsZefgMLBLQTwTCrzqbE,solana,Pump.fun,Fzok3s8QpvDbx2zmNBeTFn4AohDKKEit7rLfBTCMpump,$WYD,So11111111111111111111111111111111111111112,SOL,2026-09-26T06:40:13Z,3.489357931285029e-08,111.5303314,,801.6929,377.0915341723,377.0915341723,377.0915341723,45,39,13,5,45,39,13,5,45,39,13,5,snapshot,,,,,,,/home/runner/work/Solana-Memecoin-Analysis/Solana-Memecoin-Analysis/data/cache/2026-09-26/064129591547_multi_pools_7dfcd7c474e0.json
2026-09-26T06:41:06.733174+00:00,GYermLV9vZD1Na4dvf3WAxxj6LY4ksi9e2uvobxLeSN6,solana,PumpSwap,uL7tn5so4AzesQwoUd1T8VpweJ7FprDXyquEJkXpump,WOAR,So11111111111111111111111111111111111111112,SOL,2026-09-26T06:40:04Z,0.0021825995515547445,2173158.89847818,,133392.516,57319.9094475327,57319.9094475327,57319.9094475327,24,0,23,0,24,0,23,0,24,0,23,0,snapshot,,,,,,,/home/runner/work/Solana-Memecoin-Analysis/Solana-Memecoin-Analysis/data/cache/2026-09-26/064129591547_multi_pools_7dfcd7c474e0.json
2026-09-26T06:41:06.733174+00:00,EoiNWADPghznjVcuz2i3tfEXASNXkvVeU1Lv8bvJQrsg,solana,Pump.fun,26K73Eb7aco7Ks6snVJKEMPWSHYFzeihNb1FG9Vzpump,BalloonHorn,So11111111111111111111111111111111111111112,SOL,2026-09-26T06:39:55Z,3.65444074255057e-06,3642.918244,,2874.0933,13.0592917423,80.1110110605,80.1110110605,5,2,5,2,7,3,7,3,7,3,7,3,snapshot,,,,,,,/home/runner/work/Solana-Memecoin-Analysis/Solana-Memecoin-Analysis/data/cache/2026-09-26/064129591547_multi_pools_7dfcd7c474e0.json
2026-09-26T06:40:00+00:00,4JAnKFddd5fFTk5PxDj3PpTWJuTEfSWQEjZJcgKQ9KwW,solana,PumpSwap,,,,,2026-09-25T21:15:15Z,0.018738882149621574,,,,,,,,,,,,,,,,,,,ohlcv_backfill,minute,0.01839840705843115,0.019423346525364957,0.018002225885700746,0.018738882149621574,60785.92353144112,/home/runner/work/Solana-Memecoin-Analysis/Solana-Memecoin-Analysis/data/cache/2026-09-26/064136832812_ohlcv_b6e27af4c9df.json
2026-09-26T06:35:00+00:00,4JAnKFddd5fFTk5PxDj3PpTWJuTEfSWQEjZJcgKQ9KwW,solana,PumpSwap,,,,,2026-09-25T21:15:15Z,0.01839840705843115,,,,,,,,,,,,,,,,,,,ohlcv_backfill,minute,0.01805012389277692,0.018779103055821218,0.01739173315788792,0.01839840705843115,82011.9748567141,/home/runner/work/Solana-Memecoin-Analysis/Solana-Memecoin-Analysis/data/cache/2026-09-26/064136832812_ohlcv_b6e27af4c9df.json
2026-09-26T06:30:00+00:00,4JAnKFddd5fFTk5PxDj3PpTWJuTEfSWQEjZJcgKQ9KwW,solana,PumpSwap,,,,,2026-09-25T21:15:15Z,0.01805012389277692,,,,,,,,,,,,,,,,,,,ohlcv_backfill,minute,0.016945959300107775,0.01838468741470998,0.0166182398533414,0.01805012389277692,177513.55779632225,/home/runner/work/Solana-Memecoin-Analysis/Solana-Memecoin-Analysis/data/cache/2026-09-26/064136832812_ohlcv_b6e27af4c9df.json
2026-09-26T06:25:00+00:00,4JAnKFddd5fFTk5PxDj3PpTWJuTEfSWQEjZJcgKQ9KwW,solana,PumpSwap,,,,,2026-09-25T21:15:15Z,0.016945959300107775,,,,,,,,,,,,,,,,,,,ohlcv_backfill,minute,0.01585831032738561,0.017358097999171512,0.014970167236803996,0.016945959300107775,181234.76168818338,/home/runner/work/Solana-Memecoin-Analysis/Solana-Memecoin-Analysis/data/cache/2026-09-26/064136832812_ohlcv_b6e27af4c9df.json
2026-09-26T06:20:00+00:00,4JAnKFddd5fFTk5PxDj3PpTWJuTEfSWQEjZJcgKQ9KwW,solana,PumpSwap,,,,,2026-09-25T21:15:15Z,0.01585831032738561,,,,,,,,,,,,,,,,,,,ohlcv_backfill,minute,0.015660660345290935,0.016407129019892497,0.015106984325846213,0.01585831032738561,194198.71402823747,/home/runner/work/Solana-Memecoin-Analysis/Solana-Memecoin-Analysis/data/cache/2026-09-26/064136832812_ohlcv_b6e27af4c9df.json
2026-09-26T06:15:00+00:00,4JAnKFddd5fFTk5PxDj3PpTWJuTEfSWQEjZJcgKQ9KwW,solana,PumpSwap,,,,,2026-09-25T21:15:15Z,0.015660660345290935,,,,,,,,,,,,,,,,,,,ohlcv_backfill,minute,0.01643519325743831,0.01720708302326866,0.014648553185578686,0.015660660345290935,294323.7129718211,/home/runner/work/Solana-Memecoin-Analysis/Solana-Memecoin-Analysis/data/cache/2026-09-26/064136832812_ohlcv_b6e27af4c9df.json
2026-09-26T06:10:00+00:00,4JAnKFddd5fFTk5PxDj3PpTWJuTEfSWQEjZJcgKQ9KwW,solana,PumpSwap,,,,,2026-09-25T21:15:15Z,0.01643519325743831,,,,,,,,,,,,,,,,,,,ohlcv_backfill,minute,0.015933447897098045,0.018095846090319268,0.015332973442481154,0.01643519325743831,278825.98589856125,/home/runner/work/Solana-Memecoin-Analysis/Solana-Memecoin-Analysis/data/cache/2026-09-26/064136832812_ohlcv_b6e27af4c9df.json
2026-09-26T06:05:00+00:00,4JAnKFddd5fFTk5PxDj3PpTWJuTEfSWQEjZJcgKQ9KwW,solana,PumpSwap,,,,,2026-09-25T21:15:15Z,0.015933447897098045,,,,,,,,,,,,,,,,,,,ohlcv_backfill,minute,0.017015473415816728,0.01734030067475355,0.015207515950503443,0.015933447897098045,276263.7551550192,/home/runner/work/Solana-Memecoin-Analysis/Solana-Memecoin-Analysis/data/cache/2026-09-26/064136832812_ohlcv_b6e27af4c9df.json
2026-09-26T06:00:00+00:00,4JAnKFddd5fFTk5PxDj3PpTWJuTEfSWQEjZJcgKQ9KwW,solana,PumpSwap,,,,,2026-09-25T21:15:15Z,0.017015473415816728,,,,,,,,,,,,,,,,,,,ohlcv_backfill,minute,0.018003128466986536,0.018352046460609367,0.016221866951241965,0.017015473415816728,200235.28613638677,/home/runner/work/Solana-Memecoin-Analysis/Solana-Memecoin-Analysis/data/cache/2026-09-26/064136832812_ohlcv_b6e27af4c9df.json
2026-09-26T05:55:00+00:00,4JAnKFddd5fFTk5PxDj3PpTWJuTEfSWQEjZJcgKQ9KwW,solana,PumpSwap,,,,,2026-09-25T21:15:15Z,0.018003128466986536,,,,,,,,,,,,,,,,,,,ohlcv_backfill,minute,0.01960764185624633,0.019696182032684795,0.017449393198406108,0.018003128466986536,162878.8824845023,/home/runner/work/Solana-Memecoin-Analysis/Solana-Memecoin-Analysis/data/cache/2026-09-26/064136832812_ohlcv_b6e27af4c9df.json
2026-09-26T05:50:00+00:00,4JAnKFddd5fFTk5PxDj3PpTWJuTEfSWQEjZJcgKQ9KwW,solana,PumpSwap,,,,,2026-09-25T21:15:15Z,0.01960764185624633,,,,,,,,,,,,,,,,,,,ohlcv_backfill,minute,0.019627527513916918,0.02015042349403944,0.018535331422223304,0.01960764185624633,265068.3969897278,/home/runner/work/Solana-Memecoin-Analysis/Solana-Memecoin-Analysis/data/cache/2026-09-26/064136832812_ohlcv_b6e27af4c9df.json
2026-09-26T05:45:00+00:00,4JAnKFddd5fFTk5PxDj3PpTWJuTEfSWQEjZJcgKQ9KwW,solana,PumpSwap,,,,,2026-09-25T21:15:15Z,0.019627527513916918,,,,,,,,,,,,,,,,,,,ohlcv_backfill,minute,0.017822116933678193,0.020676455400256588,0.017822116933678193,0.019627527513916918,283745.0788375129,/home/runner/work/Solana-Memecoin-Analysis/Solana-Memecoin-Analysis/data/cache/2026-09-26/064136832812_ohlcv_b6e27af4c9df.json
2026-09-26T05:40:00+00:00,4JAnKFddd5fFTk5PxDj3PpTWJuTEfSWQEjZJcgKQ9KwW,solana,PumpSwap,,,,,2026-09-25T21:15:15Z,0.017822116933678193,,,,,,,,,,,,,,,,,,,ohlcv_backfill,minute,0.01771511564077791,0.018071241439300945,0.01699423127600406,0.017822116933678193,98699.70894741877,/home/runner/work/Solana-Memecoin-Analysis/Solana-Memecoin-Analysis/data/cache/2026-09-26/064136832812_ohlcv_b6e27af4c9df.json
2026-09-26T05:35:00+00:00,4JAnKFddd5fFTk5PxDj3PpTWJuTEfSWQEjZJcgKQ9KwW,solana,PumpSwap,,,,,2026-09-25T21:15:15Z,0.01771511564077791,,,,,,,,,,,,,,,,,,,ohlcv_backfill,minute,0.017301985674116515,0.01781985498341673,0.016774759366404737,0.01771511564077791,91574.90876814953,/home/runner/work/Solana-Memecoin-Analysis/Solana-Memecoin-Analysis/data/cache/2026-09-26/064136832812_ohlcv_b6e27af4c9df.json
2026-09-26T05:30:00+00:00,4JAnKFddd5fFTk5PxDj3PpTWJuTEfSWQEjZJcgKQ9KwW,solana,PumpSwap,,,,,2026-09-25T21:15:15Z,0.017301985674116515,,,,,,,,,,,,,,,,,,,ohlcv_backfill,minute,0.016947417103533875,0.017794011472618033,0.016846048072680614,0.017301985674116515,76141.92430211422,/home/runner/work/Solana-Memecoin-Analysis/Solana-Memecoin-Analysis/data/cache/2026-09-26/064136832812_ohlcv_b6e27af4c9df.json
2026-09-26T05:25:00+00:00,4JAnKFddd5fFTk5PxDj3PpTWJuTEfSWQEjZJcgKQ9KwW,solana,PumpSwap,,,,,2026-09-25T21:15:15Z,0.016947417103533875,,,,,,,,,,,,,,,,,,,ohlcv_backfill,minute,0.01740870722141315,0.017807609267334698,0.016432297846588076,0.016947417103533875,118860.04231689766,/home/runner/work/Solana-Memecoin-Analysis/Solana-Memecoin-Analysis/data/cache/2026-09-26/064136832812_ohlcv_b6e27af4c9df.json
2026-09-26T05:20:00+00:00,4JAnKFddd5fFTk5PxDj3PpTWJuTEfSWQEjZJcgKQ9KwW,solana,PumpSwap,,,,,2026-09-25T21:15:15Z,0.01740870722141315,,,,,,,,,,,,,,,,,,,ohlcv_backfill,minute,0.016988292404367954,0.018034898114287382,0.01644144324668813,0.01740870722141315,156587.22084352697,/home/runner/work/Solana-Memecoin-Analysis/Solana-Memecoin-Analysis/data/cache/2026-09-26/064136832812_ohlcv_b6e27af4c9df.json
2026-09-26T05:15:00+00:00,4JAnKFddd5fFTk5PxDj3PpTWJuTEfSWQEjZJcgKQ9KwW,solana,PumpSwap,,,,,2026-09-25T21:15:15Z,0.016988292404367954,,,,,,,,,,,,,,,,,,,ohlcv_backfill,minute,0.0175248884257139,0.017877948584934494,0.01608089783692826,0.016988292404367954,168192.324406587,/home/runner/work/Solana-Memecoin-Analysis/Solana-Memecoin-Analysis/data/cache/2026-09-26/064136832812_ohlcv_b6e27af4c9df.json
2026-09-26T05:10:00+00:00,4JAnKFddd5fFTk5PxDj3PpTWJuTEfSWQEjZJcgKQ9KwW,solana,PumpSwap,,,,,2026-09-25T21:15:15Z,0.0175248884257139,,,,,,,,,,,,,,,,,,,ohlcv_backfill,minute,0.017768831512986832,0.018094607300450566,0.016470780285496187,0.0175248884257139,261517.7132990395,/home/runner/work/Solana-Memecoin-Analysis/Solana-Memecoin-Analysis/data/cache/2026-09-26/064136832812_ohlcv_b6e27af4c9df.json
2026-09-26T05:05:00+00:00,4JAnKFddd5fFTk5PxDj3PpTWJuTEfSWQEjZJcgKQ9KwW,solana,PumpSwap,,,,,2026-09-25T21:15:15Z,0.017768831512986832,,,,,,,,,,,,,,,,,,,ohlcv_backfill,minute,0.01623360983830277,0.01889669035596664,0.015988566599855425,0.017768831512986832,338505.0583675024,/home/runner/work/Solana-Memecoin-Analysis/Solana-Memecoin-Analysis/data/cache/2026-09-26/064136832812_ohlcv_b6e27af4c9df.json
2026-09-26T05:00:00+00:00,4JAnKFddd5fFTk5PxDj3PpTWJuTEfSWQEjZJcgKQ9KwW,solana,PumpSwap,,,,,2026-09-25T21:15:15Z,0.01623360983830277,,,,,,,,,,,,,,,,,,,ohlcv_backfill,minute,0.01549620173825905,0.01634413538586374,0.014865840745344439,0.01623360983830277,140704.64149815147,/home/runner/work/Solana-Memecoin-Analysis/Solana-Memecoin-Analysis/data/cache/2026-09-26/064136832812_ohlcv_b6e27af4c9df.json
2026-09-26T04:55:00+00:00,4JAnKFddd5fFTk5PxDj3PpTWJuTEfSWQEjZJcgKQ9KwW,solana,PumpSwap,,,,,2026-09-25T21:15:15Z,0.01549620173825905,,,,,,,,,,,,,,,,,,,ohlcv_backfill,minute,0.016622246310049042,0.01716340607218313,0.01490540413084368,0.01549620173825905,241412.68301257712,/home/runner/work/Solana-Memecoin-Analysis/Solana-Memecoin-Analysis/data/cache/2026-09-26/064136832812_ohlcv_b6e27af4c9df.json
2026-09-26T04:50:00+00:00,4JAnKFddd5fFTk5PxDj3PpTWJuTEfSWQEjZJcgKQ9KwW,solana,PumpSwap,,,,,2026-09-25T21:15:15Z,0.016622246310049042,,,,,,,,,,,,,,,,,,,ohlcv_backfill,minute,0.01643092012214151,0.016911501966392663,0.01574188741325524,0.016622246310049042,95545.64087447811,/home/runner/work/Solana-Memecoin-Analysis/Solana-Memecoin-Analysis/data/cache/2026-09-26/064136832812_ohlcv_b6e27af4c9df.json
2026-09-26T04:45:00+00:00,4JAnKFddd5fFTk5PxDj3PpTWJuTEfSWQEjZJcgKQ9KwW,solana,PumpSwap,,,,,2026-09-25T21:15:15Z,0.01643092012214151,,,,,,,,,,,,,,,,,,,ohlcv_backfill,minute,0.01597619722323106,0.016615138558560078,0.01525193882757907,0.01643092012214151,199722.02483578285,/home/runner/work/Solana-Memecoin-Analysis/Solana-Memecoin-Analysis/data/cache/2026-09-26/064136832812_ohlcv_b6e27af4c9df.json
2026-09-26T04:40:00+00:00,4JAnKFddd5fFTk5PxDj3PpTWJuTEfSWQEjZJcgKQ9KwW,solana,PumpSwap,,,,,2026-09-25T21:15:15Z,0.01597619722323106,,,,,,,,,,,,,,,,,,,ohlcv_backfill,minute,0.015610626886328496,0.016234919051962615,0.01441254758177683,0.01597619722323106,432390.92839414696,/home/runner/work/Solana-Memecoin-Analysis/Solana-Memecoin-Analysis/data/cache/2026-09-26/064136832812_ohlcv_b6e27af4c9df.json
2026-09-26T04:35:00+00:00,4JAnKFddd5fFTk5PxDj3PpTWJuTEfSWQEjZJcgKQ9KwW,solana,PumpSwap,,,,,2026-09-25T21:15:15Z,0.015610626886328496,,,,,,,,,,,,,,,,,,,ohlcv_backfill,minute,0.01723477203768273,0.017447115712081532,0.01517539968760226,0.015610626886328496,341447.15399228607,/home/runner/work/Solana-Memecoin-Analysis/Solana-Memecoin-Analysis/data/cache/2026-09-26/064136832812_ohlcv_b6e27af4c9df.json
2026-09-26T04:30:00+00:00,4JAnKFddd5fFTk5PxDj3PpTWJuTEfSWQEjZJcgKQ9KwW,solana,PumpSwap,,,,,2026-09-25T21:15:15Z,0.01723477203768273,,,,,,,,,,,,,,,,,,,ohlcv_backfill,minute,0.017350998910954207,0.017684696766528084,0.01615385443723217,0.01723477203768273,168841.66746753626,/home/runner/work/Solana-Memecoin-Analysis/Solana-Memecoin-Analysis/data/cache/2026-09-26/064136832812_ohlcv_b6e27af4c9df.json
2026-09-26T04:25:00+00:00,4JAnKFddd5fFTk5PxDj3PpTWJuTEfSWQEjZJcgKQ9KwW,solana,PumpSwap,,,,,2026-09-25T21:15:15Z,0.017350998910954207,,,,,,,,,,,,,,,,,,,ohlcv_backfill,minute,0.0175943682378419,0.018649015642070655,0.016977142447267318,0.017350998910954207,213540.92330453888,/home/runner/work/Solana-Memecoin-Analysis/Solana-Memecoin-Analysis/data/cache/2026-09-26/064136832812_ohlcv_b6e27af4c9df.json
2026-09-26T04:20:00+00:00,4JAnKFddd5fFTk5PxDj3PpTWJuTEfSWQEjZJcgKQ9KwW,solana,PumpSwap,,,,,2026-09-25T21:15:15Z,0.0175943682378419,,,,,,,,,,,,,,,,,,,ohlcv_backfill,minute,0.018950510071458353,0.019199482778821483,0.01731215448080149,0.0175943682378419,278007.8903367196,/home/runner/work/Solana-Memecoin-Analysis/Solana-Memecoin-Analysis/data/cache/2026-09-26/064136832812_ohlcv_b6e27af4c9df.json
2026-09-26T04:15:00+00:00,4JAnKFddd5fFTk5PxDj3PpTWJuTEfSWQEjZJcgKQ9KwW,solana,PumpSwap,,,,,2026-09-25T21:15:15Z,0.018950510071458353,,,,,,,,,,,,,,,,,,,ohlcv_backfill,minute,0.019479592643777993,0.020150655626128094,0.01739754566361157,0.018950510071458353,332582.55344971677,/home/runner/work/Solana-Memecoin-Analysis/Solana-Memecoin-Analysis/data/cache/2026-09-26/064136832812_ohlcv_b6e27af4c9df.json
2026-09-26T04:10:00+00:00,4JAnKFddd5fFTk5PxDj3PpTWJuTEfSWQEjZJcgKQ9KwW,solana,PumpSwap,,,,,2026-09-25T21:15:15Z,0.019479592643777993,,,,,,,,,,,,,,,,,,,ohlcv_backfill,minute,0.020661096002321685,0.021216023521197145,0.01944361919116081,0.019479592643777993,232769.70243076203,/home/runner/work/Solana-Memecoin-Analysis/Solana-Memecoin-Analysis/data/cache/2026-09-26/064136832812_ohlcv_b6e27af4c9df.json
2026-09-26T04:05:00+00:00,4JAnKFddd5fFTk5PxDj3PpTWJuTEfSWQEjZJcgKQ9KwW,solana,PumpSwap,,,,,2026-09-25T21:15:15Z,0.020661096002321685,,,,,,,,,,,,,,,,,,,ohlcv_backfill,minute,0.021882951451691772,0.022205444522720816,0.020459298771832113,0.020661096002321685,136555.5114650667,/home/runner/work/Solana-Memecoin-Analysis/Solana-Memecoin-Analysis/data/cache/2026-09-26/064136832812_ohlcv_b6e27af4c9df.json
2026-09-26T04:00:00+00:00,4JAnKFddd5fFTk5PxDj3PpTWJuTEfSWQEjZJcgKQ9KwW,solana,PumpSwap,,,,,2026-09-25T21:15:15Z,0.021882951451691772,,,,,,,,,,,,,,,,,,,ohlcv_backfill,minute,0.020875956928594834,0.021993502803550172,0.020132174383006143,0.021882951451691772,163788.17870032607,/home/runner/work/Solana-Memecoin-Analysis/Solana-Memecoin-Analysis/data/cache/2026-09-26/064136832812_ohlcv_b6e27af4c9df.json
2026-09-26T03:55:00+00:00,4JAnKFddd5fFTk5PxDj3PpTWJuTEfSWQEjZJcgKQ9KwW,solana,PumpSwap,,,,,2026-09-25T21:15:15Z,0.020875956928594834,,,,,,,,,,,,,,,,,,,ohlcv_backfill,minute,0.022481059510597683,0.02258326552039696,0.01961488114218623,0.020875956928594834,384342.95430264267,/home/runner/work/Solana-Memecoin-Analysis/Solana-Memecoin-Analysis/data/cache/2026-09-26/064136832812_ohlcv_b6e27af4c9df.json
2026-09-26T03:50:00+00:00,4JAnKFddd5fFTk5PxDj3PpTWJuTEfSWQEjZJcgKQ9KwW,solana,PumpSwap,,,,,2026-09-25T21:15:15Z,0.022481059510597683,,,,,,,,,,,,,,,,,,,ohlcv_backfill,minute,0.025244034871327842,0.025244034871327842,0.021139951930715602,0.022481059510597683,460663.79113395687,/home/runner/work/Solana-Memecoin-Analysis/Solana-Memecoin-Analysis/data/cache/2026-09-26/064136832812_ohlcv_b6e27af4c9df.json
2026-09-26T03:45:00+00:00,4JAnKFddd5fFTk5PxDj3PpTWJuTEfSWQEjZJcgKQ9KwW,solana,PumpSwap,,,,,2026-09-25T21:15:15Z,0.025244034871327842,,,,,,,,,,,,,,,,,,,ohlcv_backfill,minute,0.02422837940902252,0.02625403788159197,0.021986085723473502,0.025244034871327842,663172.8158697726,/home/runner/work/Solana-Memecoin-Analysis/Solana-Memecoin-Analysis/data/cache/2026-09-26/064136832812_ohlcv_b6e27af4c9df.json
2026-09-26T03:40:00+00:00,4JAnKFddd5fFTk5PxDj3PpTWJuTEfSWQEjZJcgKQ9KwW,solana,PumpSwap,,,,,2026-09-25T21:15:15Z,0.02422837940902252,,,,,,,,,,,,,,,,,,,ohlcv_backfill,minute,0.020449792303949856,0.02640341186523087,0.020051382129848843,0.02422837940902252,600498.0626849164,/home/runner/work/Solana-Memecoin-Analysis/Solana-Memecoin-Analysis/data/cache/2026-09-26/064136832812_ohlcv_b6e27af4c9df.json
2026-09-26T03:35:00+00:00,4JAnKFddd5fFTk5PxDj3PpTWJuTEfSWQEjZJcgKQ9KwW,solana,PumpSwap,,,,,2026-09-25T21:15:15Z,0.020449792303949856,,,,,,,,,,,,,,,,,,,ohlcv_backfill,minute,0.02024750952515998,0.023647908805105596,0.018785110012678997,0.020449792303949856,888392.653081891,/home/runner/work/Solana-Memecoin-Analysis/Solana-Memecoin-Analysis/data/cache/2026-09-26/064136832812_ohlcv_b6e27af4c9df.json
2026-09-26T03:30:00+00:00,4JAnKFddd5fFTk5PxDj3PpTWJuTEfSWQEjZJcgKQ9KwW,solana,PumpSwap,,,,,2026-09-25T21:15:15Z,0.02024750952515998,,,,,,,,,,,,,,,,,,,ohlcv_backfill,minute,0.020176924593867405,0.022453159776740828,0.018984682585840053,0.02024750952515998,718171.4784253197,/home/runner/work/Solana-Memecoin-Analysis/Solana-Memecoin-Analysis/data/cache/2026-09-26/064136832812_ohlcv_b6e27af4c9df.json
2026-09-26T03:25:00+00:00,4JAnKFddd5fFTk5PxDj3PpTWJuTEfSWQEjZJcgKQ9KwW,solana,PumpSwap,,,,,2026-09-25T21:15:15Z,0.020176924593867405,,,,,,,,,,,,,,,,,,,ohlcv_backfill,minute,0.015618217784986236,0.021745036239211073,0.014684937247592803,0.020176924593867405,854162.7845068312,/home/runner/work/Solana-Memecoin-Analysis/Solana-Memecoin-Analysis/data/cache/2026-09-26/064136832812_ohlcv_b6e27af4c9df.json
2026-09-26T03:20:00+00:00,4JAnKFddd5fFTk5PxDj3PpTWJuTEfSWQEjZJcgKQ9KwW,solana,PumpSwap,,,,,2026-09-25T21:15:15Z,0.015618217784986236,,,,,,,,,,,,,,,,,,,ohlcv_backfill,minute,0.017541895622576794,0.01760050742540495,0.015374890064293972,0.015618217784986236,290415.34161626076,/home/runner/work/Solana-Memecoin-Analysis/Solana-Memecoin-Analysis/data/cache/2026-09-26/064136832812_ohlcv_b6e27af4c9df.json
2026-09-26T03:15:00+00:00,4JAnKFddd5fFTk5PxDj3PpTWJuTEfSWQEjZJcgKQ9KwW,solana,PumpSwap,,,,,2026-09-25T21:15:15Z,0.017541895622576794,,,,,,,,,,,,,,,,,,,ohlcv_backfill,minute,0.01665783152123785,0.01930520045313995,0.016124274266860493,0.017541895622576794,448876.80209064623,/home/runner/work/Solana-Memecoin-Analysis/Solana-Memecoin-Analysis/data/cache/2026-09-26/064136832812_ohlcv_b6e27af4c9df.json
2026-09-26T03:10:00+00:00,4JAnKFddd5fFTk5PxDj3PpTWJuTEfSWQEjZJcgKQ9KwW,solana,PumpSwap,,,,,2026-09-25T21:15:15Z,0.01665783152123785,,,,,,,,,,,,,,,,,,,ohlcv_backfill,minute,0.017994944793061154,0.018548968017806925,0.016327187063561156,0.01665783152123785,336117.13113209396,/home/runner/work/Solana-Memecoin-Analysis/Solana-Memecoin-Analysis/data/cache/2026-09-26/064136832812_ohlcv_b6e27af4c9df.json
2026-09-26T03:05:00+00:00,4JAnKFddd5fFTk5PxDj3PpTWJuTEfSWQEjZJcgKQ9KwW,solana,PumpSwap,,,,,2026-09-25T21:15:15Z,0.017994944793061154,,,,,,,,,,,,,,,,,,,ohlcv_backfill,minute,0.016520852544333376,0.019671354849549738,0.01632637199681217,0.017994944793061154,681506.2887110082,/home/runner/work/Solana-Memecoin-Analysis/Solana-Memecoin-Analysis/data/cache/2026-09-26/064136832812_ohlcv_b6e27af4c9df.json
2026-09-26T03:00:00+00:00,4JAnKFddd5fFTk5PxDj3PpTWJuTEfSWQEjZJcgKQ9KwW,solana,PumpSwap,,,,,2026-09-25T21:15:15Z,0.016520852544333376,,,,,,,,,,,,,,,,,,,ohlcv_backfill,minute,0.01756616450030638,0.017783442969271514,0.015494066479944456,0.016520852544333376,466843.14126561646,/home/runner/work/Solana-Memecoin-Analysis/Solana-Memecoin-Analysis/data/cache/2026-09-26/064136832812_ohlcv_b6e27af4c9df.json
2026-09-26T02:55:00+00:00,4JAnKFddd5fFTk5PxDj3PpTWJuTEfSWQEjZJcgKQ9KwW,solana,PumpSwap,,,,,2026-09-25T21:15:15Z,0.01756616450030638,,,,,,,,,,,,,,,,,,,ohlcv_backfill,minute,0.01691718284601173,0.017903416807171398,0.016696731293626785,0.01756616450030638,286936.46483133733,/home/runner/work/Solana-Memecoin-Analysis/Solana-Memecoin-Analysis/data/cache/2026-09-26/064136832812_ohlcv_b6e27af4c9df.json
2026-09-26T02:50:00+00:00,4JAnKFddd5fFTk5PxDj3PpTWJuTEfSWQEjZJcgKQ9KwW,solana,PumpSwap,,,,,2026-09-25T21:15:15Z,0.01691718284601173,,,,,,,,,,,,,,,,,,,ohlcv_backfill,minute,0.017897142179888435,0.01835394958092977,0.016530628291696912,0.01691718284601173,603456.2014366734,/home/runner/work/Solana-Memecoin-Analysis/Solana-Memecoin-Analysis/data/cache/2026-09-26/064136832812_ohlcv_b6e27af4c9df.json
2026-09-26T02:45:00+00:00,4JAnKFddd5fFTk5PxDj3PpTWJuTEfSWQEjZJcgKQ9KwW,solana,PumpSwap,,,,,2026-09-25T21:15:15Z,0.017897142179888435,,,,,,,,,,,,,,,,,,,ohlcv_backfill,minute,0.020642987058952157,0.02116566403146823,0.017743049805763043,0.017897142179888435,775111.0646417364,/home/runner/work/Solana-Memecoin-Analysis/Solana-Memecoin-Analysis/data/cache/2026-09-26/064136832812_ohlcv_b6e27af4c9df.json
2026-09-26T02:40:00+00:00,4JAnKFddd5fFTk5PxDj3PpTWJuTEfSWQEjZJcgKQ9KwW,solana,PumpSwap,,,,,2026-09-25T21:15:15Z,0.020642987058952157,,,,,,,,,,,,,,,,,,,ohlcv_backfill,minute,0.017095362179451526,0.02344513493360964,0.0152412240564511,0.020642987058952157,1524590.576730485,/home/runner/work/Solana-Memecoin-Analysis/Solana-Memecoin-Analysis/data/cache/2026-09-26/064136832812_ohlcv_b6e27af4c9df.json
2026-09-26T02:35:00+00:00,4JAnKFddd5fFTk5PxDj3PpTWJuTEfSWQEjZJcgKQ9KwW,solana,PumpSwap,,,,,2026-09-25T21:15:15Z,0.017095362179451526,,,,,,,,,,,,,,,,,,,ohlcv_backfill,minute,0.01451343469404495,0.018919507591076818,0.01426669925424345,0.017095362179451526,893168.2764955865,/home/runner/work/Solana-Memecoin-Analysis/Solana-Memecoin-Analysis/data/cache/2026-09-26/064136832812_ohlcv_b6e27af4c9df.json
2026-09-26T02:30:00+00:00,4JAnKFddd5fFTk5PxDj3PpTWJuTEfSWQEjZJcgKQ9KwW,solana,PumpSwap,,,,,2026-09-25T21:15:15Z,0.01451343469404495,,,,,,,,,,,,,,,,,,,ohlcv_backfill,minute,0.013768696653405616,0.01597357560663671,0.013449203651326028,0.01451343469404495,494501.04289803247,/home/runner/work/Solana-Memecoin-Analysis/Solana-Memecoin-Analysis/data/cache/2026-09-26/064136832812_ohlcv_b6e27af4c9df.json
2026-09-26T02:25:00+00:00,4JAnKFddd5fFTk5PxDj3PpTWJuTEfSWQEjZJcgKQ9KwW,solana,PumpSwap,,,,,2026-09-25T21:15:15Z,0.013768696653405616,,,,,,,,,,,,,,,,,,,ohlcv_backfill,minute,0.012118615101213245,0.01442948169332239,0.011139687980372112,0.013768696653405616,316195.2232007955,/home/runner/work/Solana-Memecoin-Analysis/Solana-Memecoin-Analysis/data/cache/2026-09-26/064136832812_ohlcv_b6e27af4c9df.json
2026-09-26T02:20:00+00:00,4JAnKFddd5fFTk5PxDj3PpTWJuTEfSWQEjZJcgKQ9KwW,solana,PumpSwap,,,,,2026-09-25T21:15:15Z,0.012118615101213245,,,,,,,,,,,,,,,,,,,ohlcv_backfill,minute,0.01202482117968956,0.012970880433941654,0.011412194743264463,0.012118615101213245,419768.01470113616,/home/runner/work/Solana-Memecoin-Analysis/Solana-Memecoin-Analysis/data/cache/2026-09-26/064136832812_ohlcv_b6e27af4c9df.json
2026-09-26T02:15:00+00:00,4JAnKFddd5fFTk5PxDj3PpTWJuTEfSWQEjZJcgKQ9KwW,solana,PumpSwap,,,,,2026-09-25T21:15:15Z,0.01202482117968956,,,,,,,,,,,,,,,,,,,ohlcv_backfill,minute,0.012951911395185306,0.013801901576838633,0.011209542923789907,0.01202482117968956,463808.2763484781,/home/runner/work/Solana-Memecoin-Analysis/Solana-Memecoin-Analysis/data/cache/2026-09-26/064136832812_ohlcv_b6e27af4c9df.json
2026-09-26T02:10:00+00:00,4JAnKFddd5fFTk5PxDj3PpTWJuTEfSWQEjZJcgKQ9KwW,solana,PumpSwap,,,,,2026-09-25T21:15:15Z,0.012951911395185306,,,,,,,,,,,,,,,,,,,ohlcv_backfill,minute,0.013661101902258587,0.015176242457341999,0.01237562507535013,0.012951911395185306,645423.1543904897,/home/runner/work/Solana-Memecoin-Analysis/Solana-Memecoin-Analysis/data/cache/2026-09-26/064136832812_ohlcv_b6e27af4c9df.json
2026-09-26T02:05:00+00:00,4JAnKFddd5fFTk5PxDj3PpTWJuTEfSWQEjZJcgKQ9KwW,solana,PumpSwap,,,,,2026-09-25T21:15:15Z,0.013661101902258587,,,,,,,,,,,,,,,,,,,ohlcv_backfill,minute,0.01181758455795784,0.01604094885445225,0.011766852547619083,0.013661101902258587,1307981.4244239442,/home/runner/work/Solana-Memecoin-Analysis/Solana-Memecoin-Analysis/data/cache/2026-09-26/064136832812_ohlcv_b6e27af4c9df.json
2026-09-26T02:00:00+00:00,4JAnKFddd5fFTk5PxDj3PpTWJuTEfSWQEjZJcgKQ9KwW,solana,PumpSwap,,,,,2026-09-25T21:15:15Z,0.01181758455795784,,,,,,,,,,,,,,,,,,,ohlcv_backfill,minute,0.011002297130183988,0.013607995230902866,0.01069955489720658,0.01181758455795784,684896.8407969722,/home/runner/work/Solana-Memecoin-Analysis/Solana-Memecoin-Analysis/data/cache/2026-09-26/064136832812_ohlcv_b6e27af4c9df.json
2026-09-26T01:55:00+00:00,4JAnKFddd5fFTk5PxDj3PpTWJuTEfSWQEjZJcgKQ9KwW,solana,PumpSwap,,,,,2026-09-25T21:15:15Z,0.011002297130183988,,,,,,,,,,,,,,,,,,,ohlcv_backfill,minute,0.00878339341986856,0.01226065045806125,0.00869408316861374,0.011002297130183988,843572.2148568631,/home/runner/work/Solana-Memecoin-Analysis/Solana-Memecoin-Analysis/data/cache/2026-09-26/064136832812_ohlcv_b6e27af4c9df.json
2026-09-26T01:50:00+00:00,4JAnKFddd5fFTk5PxDj3PpTWJuTEfSWQEjZJcgKQ9KwW,solana,PumpSwap,,,,,2026-09-25T21:15:15Z,0.00878339341986856,,,,,,,,,,,,,,,,,,,ohlcv_backfill,minute,0.009102022951239347,0.010328116840825182,0.00844291032346731,0.00878339341986856,683178.8700828655,/home/runner/work/Solana-Memecoin-Analysis/Solana-Memecoin-Analysis/data/cache/2026-09-26/064136832812_ohlcv_b6e27af4c9df.json
2026-09-26T01:45:00+00:00,4JAnKFddd5fFTk5PxDj3PpTWJuTEfSWQEjZJcgKQ9KwW,solana,PumpSwap,,,,,2026-09-25T21:15:15Z,0.009102022951239347,,,,,,,,,,,,,,,,,,,ohlcv_backfill,minute,0.006498213516055611,0.009804418280903142,0.006298690172069523,0.009102022951239347,752314.5546728976,/home/runner/work/Solana-Memecoin-Analysis/Solana-Memecoin-Analysis/data/cache/2026-09-26/064136832812_ohlcv_b6e27af4c9df.json
2026-09-26T01:40:00+00:00,4JAnKFddd5fFTk5PxDj3PpTWJuTEfSWQEjZJcgKQ9KwW,solana,PumpSwap,,,,,2026-09-25T21:15:15Z,0.006498213516055611,,,,,,,,,,,,,,,,,,,ohlcv_backfill,minute,0.00612826860648908,0.006953228318736956,0.005609434253012522,0.006498213516055611,271933.2558814619,/home/runner/work/Solana-Memecoin-Analysis/Solana-Memecoin-Analysis/data/cache/2026-09-26/064136832812_ohlcv_b6e27af4c9df.json
2026-09-26T01:35:00+00:00,4JAnKFddd5fFTk5PxDj3PpTWJuTEfSWQEjZJcgKQ9KwW,solana,PumpSwap,,,,,2026-09-25T21:15:15Z,0.00612826860648908,,,,,,,,,,,,,,,,,,,ohlcv_backfill,minute,0.006639802600816867,0.006954800341440896,0.005554117117407434,0.00612826860648908,236298.83728357436,/home/runner/work/Solana-Memecoin-Analysis/Solana-Memecoin-Analysis/data/cache/2026-09-26/064136832812_ohlcv_b6e27af4c9df.json
2026-09-26T01:30:00+00:00,4JAnKFddd5fFTk5PxDj3PpTWJuTEfSWQEjZJcgKQ9KwW,solana,PumpSwap,,,,,2026-09-25T21:15:15Z,0.006639802600816867,,,,,,,,,,,,,,,,,,,ohlcv_backfill,minute,0.006048703086546062,0.007012235733680735,0.0058293536074889305,0.006639802600816867,237330.1986103568,/home/runner/work/Solana-Memecoin-Analysis/Solana-Memecoin-Analysis/data/cache/2026-09-26/064136832812_ohlcv_b6e27af4c9df.json
2026-09-26T01:25:00+00:00,4JAnKFddd5fFTk5PxDj3PpTWJuTEfSWQEjZJcgKQ9KwW,solana,PumpSwap,,,,,2026-09-25T21:15:15Z,0.006048703086546062,,,,,,,,,,,,,,,,,,,ohlcv_backfill,minute,0.007338869662141031,0.007403087027652887,0.005644577322492788,0.006048703086546062,424512.0103379452,/home/runner/work/Solana-Memecoin-Analysis/Solana-Memecoin-Analysis/data/cache/2026-09-26/064136832812_ohlcv_b6e27af4c9df.json
2026-09-26T01:20:00+00:00,4JAnKFddd5fFTk5PxDj3PpTWJuTEfSWQEjZJcgKQ9KwW,solana,PumpSwap,,,,,2026-09-25T21:15:15Z,0.007338869662141031,,,,,,,,,,,,,,,,,,,ohlcv_backfill,minute,0.008168180560784916,0.008168180560784916,0.006659739532355916,0.007338869662141031,365845.0848962137,/home/runner/work/Solana-Memecoin-Analysis/Solana-Memecoin-Analysis/data/cache/2026-09-26/064136832812_ohlcv_b6e27af4c9df.json
2026-09-26T01:15:00+00:00,4JAnKFddd5fFTk5PxDj3PpTWJuTEfSWQEjZJcgKQ9KwW,solana,PumpSwap,,,,,2026-09-25T21:15:15Z,0.008168180560784916,,,,,,,,,,,,,,,,,,,ohlcv_backfill,minute,0.007924776931700215,0.008216354335440055,0.0069768996358975915,0.008168180560784916,540067.6195959,/home/runner/work/Solana-Memecoin-Analysis/Solana-Memecoin-Analysis/data/cache/2026-09-26/064136832812_ohlcv_b6e27af4c9df.json
2026-09-26T01:10:00+00:00,4JAnKFddd5fFTk5PxDj3PpTWJuTEfSWQEjZJcgKQ9KwW,solana,PumpSwap,,,,,2026-09-25T21:15:15Z,0.007924776931700215,,,,,,,,,,,,,,,,,,,ohlcv_backfill,minute,0.006175829543578848,0.00921091368717981,0.0059748580625570485,0.007924776931700215,1365828.4575433787,/home/runner/work/Solana-Memecoin-Analysis/Solana-Memecoin-Analysis/data/cache/2026-09-26/064136832812_ohlcv_b6e27af4c9df.json
2026-09-26T01:05:00+00:00,4JAnKFddd5fFTk5PxDj3PpTWJuTEfSWQEjZJcgKQ9KwW,solana,PumpSwap,,,,,2026-09-25T21:15:15Z,0.006175829543578848,,,,,,,,,,,,,,,,,,,ohlcv_backfill,minute,0.005669301613474188,0.006861489833417405,0.004842890309820229,0.006175829543578848,832178.2218930834,/home/runner/work/Solana-Memecoin-Analysis/Solana-Memecoin-Analysis/data/cache/2026-09-26/064136832812_ohlcv_b6e27af4c9df.json
2026-09-26T01:00:00+00:00,4JAnKFddd5fFTk5PxDj3PpTWJuTEfSWQEjZJcgKQ9KwW,solana,PumpSwap,,,,,2026-09-25T21:15:15Z,0.005669301613474188,,,,,,,,,,,,,,,,,,,ohlcv_backfill,minute,0.004973518714673777,0.006743008201045129,0.0046553955489361185,0.005669301613474188,1162807.0976209128,/home/runner/work/Solana-Memecoin-Analysis/Solana-Memecoin-Analysis/data/cache/2026-09-26/064136832812_ohlcv_b6e27af4c9df.json
2026-09-26T00:55:00+00:00,4JAnKFddd5fFTk5PxDj3PpTWJuTEfSWQEjZJcgKQ9KwW,solana,PumpSwap,,,,,2026-09-25T21:15:15Z,0.004973518714673777,,,,,,,,,,,,,,,,,,,ohlcv_backfill,minute,0.0018378309733718295,0.006188829175715135,0.0017188316910110425,0.004973518714673777,1766659.349349038,/home/runner/work/Solana-Memecoin-Analysis/Solana-Memecoin-Analysis/data/cache/2026-09-26/064136832812_ohlcv_b6e27af4c9df.json
2026-09-26T00:50:00+00:00,4JAnKFddd5fFTk5PxDj3PpTWJuTEfSWQEjZJcgKQ9KwW,solana,PumpSwap,,,,,2026-09-25T21:15:15Z,0.0018378309733718295,,,,,,,,,,,,,,,,,,,ohlcv_backfill,minute,0.0022900070338958654,0.002311114926363544,0.0017072751226901825,0.0018378309733718295,158102.34860072078,/home/runner/work/Solana-Memecoin-Analysis/Solana-Memecoin-Analysis/data/cache/2026-09-26/064136832812_ohlcv_b6e27af4c9df.json
2026-09-26T00:45:00+00:00,4JAnKFddd5fFTk5PxDj3PpTWJuTEfSWQEjZJcgKQ9KwW,solana,PumpSwap,,,,,2026-09-25T21:15:15Z,0.0022900070338958654,,,,,,,,,,,,,,,,,,,ohlcv_backfill,minute,0.0018686132819373867,0.0024105701289550774,0.0018686132819373867,0.0022900070338958654,101877.61942453535,/home/runner/work/Solana-Memecoin-Analysis/Solana-Memecoin-Analysis/data/cache/2026-09-26/064136832812_ohlcv_b6e27af4c9df.json
2026-09-26T00:40:00+00:00,4JAnKFddd5fFTk5PxDj3PpTWJuTEfSWQEjZJcgKQ9KwW,solana,PumpSwap,,,,,2026-09-25T21:15:15Z,0.0018686132819373867,,,,,,,,,,,,,,,,,,,ohlcv_backfill,minute,0.002152458165828727,0.0024752859127869036,0.001847945867117935,0.0018686132819373867,164741.14252587894,/home/runner/work/Solana-Memecoin-Analysis/Solana-Memecoin-Analysis/data/cache/2026-09-26/064136832812_ohlcv_b6e27af4c9df.json
2026-09-26T00:35:00+00:00,4JAnKFddd5fFTk5PxDj3PpTWJuTEfSWQEjZJcgKQ9KwW,solana,PumpSwap,,,,,2026-09-25T21:15:15Z,0.002152458165828727,,,,,,,,,,,,,,,,,,,ohlcv_backfill,minute,0.0020461093317216375,0.0028396204816785032,0.001988018187760306,0.002152458165828727,389323.49341964844,/home/runner/work/Solana-Memecoin-Analysis/Solana-Memecoin-Analysis/data/cache/2026-09-26/064136832812_ohlcv_b6e27af4c9df.json
2026-09-26T00:30:00+00:00,4JAnKFddd5fFTk5PxDj3PpTWJuTEfSWQEjZJcgKQ9KwW,solana,PumpSwap,,,,,2026-09-25T21:15:15Z,0.0020461093317216375,,,,,,,,,,,,,,,,,,,ohlcv_backfill,minute,0.002295393889926952,0.002378686046757885,0.001825346242839033,0.0020461093317216375,174392.9690862822,/home/runner/work/Solana-Memecoin-Analysis/Solana-Memecoin-Analysis/data/cache/2026-09-26/064136832812_ohlcv_b6e27af4c9df.json
2026-09-26T00:25:00+00:00,4JAnKFddd5fFTk5PxDj3PpTWJuTEfSWQEjZJcgKQ9KwW,solana,PumpSwap,,,,,2026-09-25T21:15:15Z,0.002295393889926952,,,,,,,,,,,,,,,,,,,ohlcv_backfill,minute,0.0015532929815938836,0.002420548290300666,0.0013751443245778592,0.002295393889926952,327070.17473488126,/home/runner/work/Solana-Memecoin-Analysis/Solana-Memecoin-Analysis/data/cache/2026-09-26/064136832812_ohlcv_b6e27af4c9df.json
2026-09-26T00:20:00+00:00,4JAnKFddd5fFTk5PxDj3PpTWJuTEfSWQEjZJcgKQ9KwW,solana,PumpSwap,,,,,2026-09-25T21:15:15Z,0.0015532929815938836,,,,,,,,,,,,,,,,,,,ohlcv_backfill,minute,0.001655007270461023,0.0017289684952074892,0.0014547140951093184,0.0015532929815938836,78051.51902810708,/home/runner/work/Solana-Memecoin-Analysis/Solana-Memecoin-Analysis/data/cache/2026-09-26/064136832812_ohlcv_b6e27af4c9df.json
2026-09-26T00:15:00+00:00,4JAnKFddd5fFTk5PxDj3PpTWJuTEfSWQEjZJcgKQ9KwW,solana,PumpSwap,,,,,2026-09-25T21:15:15Z,0.001655007270461023,,,,,,,,,,,,,,,,,,,ohlcv_backfill,minute,0.0015951305205609031,0.002153108008302615,0.0015240196105935561,0.001655007270461023,206887.63535811534,/home/runner/work/Solana-Memecoin-Analysis/Solana-Memecoin-Analysis/data/cache/2026-09-26/064136832812_ohlcv_b6e27af4c9df.json
2026-09-26T00:10:00+00:00,4JAnKFddd5fFTk5PxDj3PpTWJuTEfSWQEjZJcgKQ9KwW,solana,PumpSwap,,,,,2026-09-25T21:15:15Z,0.0015951305205609031,,,,,,,,,,,,,,,,,,,ohlcv_backfill,minute,0.0013447665196871098,0.0018839753599612231,0.001316699147649292,0.0015951305205609031,272168.77136304637,/home/runner/work/Solana-Memecoin-Analysis/Solana-Memecoin-Analysis/data/cache/2026-09-26/064136832812_ohlcv_b6e27af4c9df.json
2026-09-26T00:05:00+00:00,4JAnKFddd5fFTk5PxDj3PpTWJuTEfSWQEjZJcgKQ9KwW,solana,PumpSwap,,,,,2026-09-25T21:15:15Z,0.0013447665196871098,,,,,,,,,,,,,,,,,,,ohlcv_backfill,minute,0.0010740371961656338,0.0014699915979102815,0.0010488598882635203,0.0013447665196871098,226526.23893370948,/home/runner/work/Solana-Memecoin-Analysis/Solana-Memecoin-Analysis/data/cache/2026-09-26/064136832812_ohlcv_b6e27af4c9df.json
2026-09-26T00:00:00+00:00,4JAnKFddd5fFTk5PxDj3PpTWJuTEfSWQEjZJcgKQ9KwW,solana,PumpSwap,,,,,2026-09-25T21:15:15Z,0.0010740371961656338,,,,,,,,,,,,,,,,,,,ohlcv_backfill,minute,0.0010964524628132336,0.001123536402852494,0.000706003034824775,0.0010740371961656338,231407.4532155014,/home/runner/work/Solana-Memecoin-Analysis/Solana-Memecoin-Analysis/data/cache/2026-09-26/064136832812_ohlcv_b6e27af4c9df.json
2026-09-25T23:55:00+00:00,4JAnKFddd5fFTk5PxDj3PpTWJuTEfSWQEjZJcgKQ9KwW,solana,PumpSwap,,,,,2026-09-25T21:15:15Z,0.0010964524628132336,,,,,,,,,,,,,,,,,,,ohlcv_backfill,minute,0.0011307739862251199,0.001366826610100277,0.0009599244557995806,0.0010964524628132336,196119.37542810038,/home/runner/work/Solana-Memecoin-Analysis/Solana-Memecoin-Analysis/data/cache/2026-09-26/064136832812_ohlcv_b6e27af4c9df.json
2026-09-25T23:50:00+00:00,4JAnKFddd5fFTk5PxDj3PpTWJuTEfSWQEjZJcgKQ9KwW,solana,PumpSwap,,,,,2026-09-25T21:15:15Z,0.0011307739862251199,,,,,,,,,,,,,,,,,,,ohlcv_backfill,minute,0.0007199584671834122,0.0014149594285882943,0.000698829368787219,0.0011307739862251199,221196.88672288434,/home/runner/work/Solana-Memecoin-Analysis/Solana-Memecoin-Analysis/data/cache/2026-09-26/064136832812_ohlcv_b6e27af4c9df.json
2026-09-25T23:45:00+00:00,4JAnKFddd5fFTk5PxDj3PpTWJuTEfSWQEjZJcgKQ9KwW,solana,PumpSwap,,,,,2026-09-25T21:15:15Z,0.0007199584671834122,,,,,,,,,,,,,,,,,,,ohlcv_backfill,minute,0.000782220969777125,0.0008493008032491847,0.0006937543732383742,0.0007199584671834122,27531.13418216277,/home/runner/work/Solana-Memecoin-Analysis/Solana-Memecoin-Analysis/data/cache/2026-09-26/064136832812_ohlcv_b6e27af4c9df.json
2026-09-25T23:40:00+00:00,4JAnKFddd5fFTk5PxDj3PpTWJuTEfSWQEjZJcgKQ9KwW,solana,PumpSwap,,,,,2026-09-25T21:15:15Z,0.000782220969777125,,,,,,,,,,,,,,,,,,,ohlcv_backfill,minute,0.0007132486211995703,0.0008159386511608041,0.0006931528113799179,0.000782220969777125,48461.091129925866,/home/runner/work/Solana-Memecoin-Analysis/Solana-Memecoin-Analysis/data/cache/2026-09-26/064136832812_ohlcv_b6e27af4c9df.json
2026-09-25T23:35:00+00:00,4JAnKFddd5fFTk5PxDj3PpTWJuTEfSWQEjZJcgKQ9KwW,solana,PumpSwap,,,,,2026-09-25T21:15:15Z,0.0007132486211995703,,,,,,,,,,,,,,,,,,,ohlcv_backfill,minute,0.0007562990286545015,0.0008682580697723838,0.0006713476022349818,0.0007132486211995703,89630.23509591681,/home/runner/work/Solana-Memecoin-Analysis/Solana-Memecoin-Analysis/data/cache/2026-09-26/064136832812_ohlcv_b6e27af4c9df.json
2026-09-25T23:30:00+00:00,4JAnKFddd5fFTk5PxDj3PpTWJuTEfSWQEjZJcgKQ9KwW,solana,PumpSwap,,,,,2026-09-25T21:15:15Z,0.0007562990286545015,,,,,,,,,,,,,,,,,,,ohlcv_backfill,minute,0.0009963757985116109,0.0010229072580364882,0.0007348438291678483,0.0007562990286545015,100759.48201742691,/home/runner/work/Solana-Memecoin-Analysis/Solana-Memecoin-Analysis/data/cache/2026-09-26/064136832812_ohlcv_b6e27af4c9df.json
2026-09-25T23:25:00+00:00,4JAnKFddd5fFTk5PxDj3PpTWJuTEfSWQEjZJcgKQ9KwW,solana,PumpSwap,,,,,2026-09-25T21:15:15Z,0.0009963757985116109,,,,,,,,,,,,,,,,,,,ohlcv_backfill,minute,0.0009991331764089757,0.0011022228209878514,0.0008476475821654956,0.0009963757985116109,188317.15437872082,/home/runner/work/Solana-Memecoin-Analysis/Solana-Memecoin-Analysis/data/cache/2026-09-26/064136832812_ohlcv_b6e27af4c9df.json
2026-09-25T23:20:00+00:00,4JAnKFddd5fFTk5PxDj3PpTWJuTEfSWQEjZJcgKQ9KwW,solana,PumpSwap,,,,,2026-09-25T21:15:15Z,0.0009991331764089757,,,,,,,,,,,,,,,,,,,ohlcv_backfill,minute,0.0005488749720564355,0.0011826422830713474,0.000535817183232748,0.0009991331764089757,422353.852142778,/home/runner/work/Solana-Memecoin-Analysis/Solana-Memecoin-Analysis/data/cache/2026-09-26/064136832812_ohlcv_b6e27af4c9df.json
2026-09-25T23:15:00+00:00,4JAnKFddd5fFTk5PxDj3PpTWJuTEfSWQEjZJcgKQ9KwW,solana,PumpSwap,,,,,2026-09-25T21:15:15Z,0.0005488749720564355,,,,,,,,,,,,,,,,,,,ohlcv_backfill,minute,0.0005078418056449717,0.0005754409219484532,0.0004519749793409411,0.0005488749720564355,44019.745454095406,/home/runner/work/Solana-Memecoin-Analysis/Solana-Memecoin-Analysis/data/cache/2026-09-26/064136832812_ohlcv_b6e27af4c9df.json
2026-09-25T23:10:00+00:00,4JAnKFddd5fFTk5PxDj3PpTWJuTEfSWQEjZJcgKQ9KwW,solana,PumpSwap,,,,,2026-09-25T21:15:15Z,0.0005078418056449717,,,,,,,,,,,,,,,,,,,ohlcv_backfill,minute,0.000509651800527028,0.0005491772746925668,0.0004587477314397663,0.0005078418056449717,57601.928517877626,/home/runner/work/Solana-Memecoin-Analysis/Solana-Memecoin-Analysis/data/cache/2026-09-26/064136832812_ohlcv_b6e27af4c9df.json
2026-09-25T23:05:00+00:00,4JAnKFddd5fFTk5PxDj3PpTWJuTEfSWQEjZJcgKQ9KwW,solana,PumpSwap,,,,,2026-09-25T21:15:15Z,0.000509651800527028,,,,,,,,,,,,,,,,,,,ohlcv_backfill,minute,0.000570430206260478,0.0006704341215719593,0.000467076618670664,0.000509651800527028,148820.74523698539,/home/runner/work/Solana-Memecoin-Analysis/Solana-Memecoin-Analysis/data/cache/2026-09-26/064136832812_ohlcv_b6e27af4c9df.json
2026-09-25T23:00:00+00:00,4JAnKFddd5fFTk5PxDj3PpTWJuTEfSWQEjZJcgKQ9KwW,solana,PumpSwap,,,,,2026-09-25T21:15:15Z,0.000570430206260478,,,,,,,,,,,,,,,,,,,ohlcv_backfill,minute,0.0004422784553286163,0.0006711064632786377,0.0004029578384410912,0.000570430206260478,105082.23712706368,/home/runner/work/Solana-Memecoin-Analysis/Solana-Memecoin-Analysis/data/cache/2026-09-26/064136832812_ohlcv_b6e27af4c9df.json
2026-09-25T22:55:00+00:00,4JAnKFddd5fFTk5PxDj3PpTWJuTEfSWQEjZJcgKQ9KwW,solana,PumpSwap,,,,,2026-09-25T21:15:15Z,0.0004422784553286163,,,,,,,,,,,,,,,,,,,ohlcv_backfill,minute,0.0004839921318655109,0.0005200430108042702,0.00043593541771596206,0.0004422784553286163,24426.516264609567,/home/runner/work/Solana-Memecoin-Analysis/Solana-Memecoin-Analysis/data/cache/2026-09-26/064136832812_ohlcv_b6e27af4c9df.json
2026-09-25T22:50:00+00:00,4JAnKFddd5fFTk5PxDj3PpTWJuTEfSWQEjZJcgKQ9KwW,solana,PumpSwap,,,,,2026-09-25T21:15:15Z,0.0004839921318655109,,,,,,,,,,,,,,,,,,,ohlcv_backfill,minute,0.0004045699828792926,0.0004946416614619392,0.00037390566791411714,0.0004839921318655109,55488.62320322075,/home/runner/work/Solana-Memecoin-Analysis/Solana-Memecoin-Analysis/data/cache/2026-09-26/064136832812_ohlcv_b6e27af4c9df.json
2026-09-25T22:45:00+00:00,4JAnKFddd5fFTk5PxDj3PpTWJuTEfSWQEjZJcgKQ9KwW,solana,PumpSwap,,,,,2026-09-25T21:15:15Z,0.0004045699828792926,,,,,,,,,,,,,,,,,,,ohlcv_backfill,minute,0.0005820803655136346,0.0005840043715333057,0.00036925448186595443,0.0004045699828792926,81391.63725509579,/home/runner/work/Solana-Memecoin-Analysis/Solana-Memecoin-Analysis/data/cache/2026-09-26/064136832812_ohlcv_b6e27af4c9df.json
2026-09-25T22:40:00+00:00,4JAnKFddd5fFTk5PxDj3PpTWJuTEfSWQEjZJcgKQ9KwW,solana,PumpSwap,,,,,2026-09-25T21:15:15Z,0.0005820803655136346,,,,,,,,,,,,,,,,,,,ohlcv_backfill,minute,0.0005008641777027497,0.000632578835570314,0.00044725068507263534,0.0005820803655136346,115312.86548401888,/home/runner/work/Solana-Memecoin-Analysis/Solana-Memecoin-Analysis/data/cache/2026-09-26/064136832812_ohlcv_b6e27af4c9df.json
2026-09-25T22:35:00+00:00,4JAnKFddd5fFTk5PxDj3PpTWJuTEfSWQEjZJcgKQ9KwW,solana,PumpSwap,,,,,2026-09-25T21:15:15Z,0.0005008641777027497,,,,,,,,,,,,,,,,,,,ohlcv_backfill,minute,0.0006579548229157561,0.0007632150322533899,0.0004778293710824718,0.0005008641777027497,80774.72285648235,/home/runner/work/Solana-Memecoin-Analysis/Solana-Memecoin-Analysis/data/cache/2026-09-26/064136832812_ohlcv_b6e27af4c9df.json
2026-09-25T22:30:00+00:00,4JAnKFddd5fFTk5PxDj3PpTWJuTEfSWQEjZJcgKQ9KwW,solana,PumpSwap,,,,,2026-09-25T21:15:15Z,0.0006579548229157561,,,,,,,,,,,,,,,,,,,ohlcv_backfill,minute,0.0006163791941353609,0.0007458147988129998,0.0006118796744404118,0.0006579548229157561,70816.28764499686,/home/runner/work/Solana-Memecoin-Analysis/Solana-Memecoin-Analysis/data/cache/2026-09-26/064136832812_ohlcv_b6e27af4c9df.json
2026-09-25T22:25:00+00:00,4JAnKFddd5fFTk5PxDj3PpTWJuTEfSWQEjZJcgKQ9KwW,solana,PumpSwap,,,,,2026-09-25T21:15:15Z,0.0006163791941353609,,,,,,,,,,,,,,,,,,,ohlcv_backfill,minute,0.0006450362733220391,0.0007226118441727266,0.0005490454881516991,0.0006163791941353609,87710.51108157165,/home/runner/work/Solana-Memecoin-Analysis/Solana-Memecoin-Analysis/data/cache/2026-09-26/064136832812_ohlcv_b6e27af4c9df.json
2026-09-25T22:20:00+00:00,4JAnKFddd5fFTk5PxDj3PpTWJuTEfSWQEjZJcgKQ9KwW,solana,PumpSwap,,,,,2026-09-25T21:15:15Z,0.0006450362733220391,,,,,,,,,,,,,,,,,,,ohlcv_backfill,minute,0.0007465269189216073,0.0007570741828915997,0.000578455721101079,0.0006450362733220391,126539.95553866705,/home/runner/work/Solana-Memecoin-Analysis/Solana-Memecoin-Analysis/data/cache/2026-09-26/064136832812_ohlcv_b6e27af4c9df.json
2026-09-25T22:15:00+00:00,4JAnKFddd5fFTk5PxDj3PpTWJuTEfSWQEjZJcgKQ9KwW,solana,PumpSwap,,,,,2026-09-25T21:15:15Z,0.0007465269189216073,,,,,,,,,,,,,,,,,,,ohlcv_backfill,minute,0.0008668885984447177,0.0008668885984447177,0.0006784751955532604,0.0007465269189216073,120299.71450980898,/home/runner/work/Solana-Memecoin-Analysis/Solana-Memecoin-Analysis/data/cache/2026-09-26/064136832812_ohlcv_b6e27af4c9df.json
2026-09-25T22:10:00+00:00,4JAnKFddd5fFTk5PxDj3PpTWJuTEfSWQEjZJcgKQ9KwW,solana,PumpSwap,,,,,2026-09-25T21:15:15Z,0.0008668885984447177,,,,,,,,,,,,,,,,,,,ohlcv_backfill,minute,0.0010856559484619553,0.0011482866098954886,0.000799920473273847,0.0008668885984447177,189170.0725569738,/home/runner/work/Solana-Memecoin-Analysis/Solana-Memecoin-Analysis/data/cache/2026-09-26/064136832812_ohlcv_b6e27af4c9df.json
2026-09-25T22:05:00+00:00,4JAnKFddd5fFTk5PxDj3PpTWJuTEfSWQEjZJcgKQ9KwW,solana,PumpSwap,,,,,2026-09-25T21:15:15Z,0.0010856559484619553,,,,,,,,,,,,,,,,,,,ohlcv_backfill,minute,0.000978295023520683,0.0011857584177498237,0.0008486441273395097,0.0010856559484619553,311614.21348101605,/home/runner/work/Solana-Memecoin-Analysis/Solana-Memecoin-Analysis/data/cache/2026-09-26/064136832812_ohlcv_b6e27af4c9df.json
2026-09-25T22:00:00+00:00,4JAnKFddd5fFTk5PxDj3PpTWJuTEfSWQEjZJcgKQ9KwW,solana,PumpSwap,,,,,2026-09-25T21:15:15Z,0.000978295023520683,,,,,,,,,,,,,,,,,,,ohlcv_backfill,minute,0.0007954615979020058,0.0010237253562506024,0.0007163281764575584,0.000978295023520683,317664.5171520875,/home/runner/work/Solana-Memecoin-Analysis/Solana-Memecoin-Analysis/data/cache/2026-09-26/064136832812_ohlcv_b6e27af4c9df.json
2026-09-25T21:55:00+00:00,4JAnKFddd5fFTk5PxDj3PpTWJuTEfSWQEjZJcgKQ9KwW,solana,PumpSwap,,,,,2026-09-25T21:15:15Z,0.0007954615979020058,,,,,,,,,,,,,,,,,,,ohlcv_backfill,minute,0.00043382235039904127,0.0009283755568397339,0.00034137184988045744,0.0007954615979020058,517047.0176795479,/home/runner/work/Solana-Memecoin-Analysis/Solana-Memecoin-Analysis/data/cache/2026-09-26/064136832812_ohlcv_b6e27af4c9df.json
2026-09-25T21:50:00+00:00,4JAnKFddd5fFTk5PxDj3PpTWJuTEfSWQEjZJcgKQ9KwW,solana,PumpSwap,,,,,2026-09-25T21:15:15Z,0.00043382235039904127,,,,,,,,,,,,,,,,,,,ohlcv_backfill,minute,0.00043632340297582764,0.0005610331249777934,0.00038280262338636397,0.00043382235039904127,116979.42995041037,/home/runner/work/Solana-Memecoin-Analysis/Solana-Memecoin-Analysis/data/cache/2026-09-26/064136832812_ohlcv_b6e27af4c9df.json
2026-09-25T21:45:00+00:00,4JAnKFddd5fFTk5PxDj3PpTWJuTEfSWQEjZJcgKQ9KwW,solana,PumpSwap,,,,,2026-09-25T21:15:15Z,0.00043632340297582764,,,,,,,,,,,,,,,,,,,ohlcv_backfill,minute,0.00033728168807430666,0.0004661439062601839,0.00028833345601311257,0.00043632340297582764,85138.88418394943,/home/runner/work/Solana-Memecoin-Analysis/Solana-Memecoin-Analysis/data/cache/2026-09-26/064136832812_ohlcv_b6e27af4c9df.json
2026-09-25T21:40:00+00:00,4JAnKFddd5fFTk5PxDj3PpTWJuTEfSWQEjZJcgKQ9KwW,solana,PumpSwap,,,,,2026-09-25T21:15:15Z,0.00033728168807430666,,,,,,,,,,,,,,,,,,,ohlcv_backfill,minute,0.0003540258466225257,0.0004221947149192068,0.00026639277477592273,0.00033728168807430666,120212.43746820342,/home/runner/work/Solana-Memecoin-Analysis/Solana-Memecoin-Analysis/data/cache/2026-09-26/064136832812_ohlcv_b6e27af4c9df.json
2026-09-25T21:35:00+00:00,4JAnKFddd5fFTk5PxDj3PpTWJuTEfSWQEjZJcgKQ9KwW,solana,PumpSwap,,,,,2026-09-25T21:15:15Z,0.0003540258466225257,,,,,,,,,,,,,,,,,,,ohlcv_backfill,minute,0.0004436874643500629,0.0005576703295890771,0.0003311560782063694,0.0003540258466225257,198859.15495205816,/home/runner/work/Solana-Memecoin-Analysis/Solana-Memecoin-Analysis/data/cache/2026-09-26/064136832812_ohlcv_b6e27af4c9df.json
2026-09-25T21:30:00+00:00,4JAnKFddd5fFTk5PxDj3PpTWJuTEfSWQEjZJcgKQ9KwW,solana,PumpSwap,,,,,2026-09-25T21:15:15Z,0.0004436874643500629,,,,,,,,,,,,,,,,,,,ohlcv_backfill,minute,0.00037145335768447725,0.0005509411345447764,0.0003341115374300222,0.0004436874643500629,278367.19463819714,/home/runner/work/Solana-Memecoin-Analysis/Solana-Memecoin-Analysis/data/cache/2026-09-26/064136832812_ohlcv_b6e27af4c9df.json
2026-09-25T21:25:00+00:00,4JAnKFddd5fFTk5PxDj3PpTWJuTEfSWQEjZJcgKQ9KwW,solana,PumpSwap,,,,,2026-09-25T21:15:15Z,0.00037145335768447725,,,,,,,,,,,,,,,,,,,ohlcv_backfill,minute,0.0005197714742889794,0.0005964260961979614,0.00031558204496622103,0.00037145335768447725,402317.7696971504,/home/runner/work/Solana-Memecoin-Analysis/Solana-Memecoin-Analysis/data/cache/2026-09-26/064136832812_ohlcv_b6e27af4c9df.json
2026-09-25T21:20:00+00:00,4JAnKFddd5fFTk5PxDj3PpTWJuTEfSWQEjZJcgKQ9KwW,solana,PumpSwap,,,,,2026-09-25T21:15:15Z,0.0005197714742889794,,,,,,,,,,,,,,,,,,,ohlcv_backfill,minute,0.00018673968736237617,0.0007453086850433145,0.00015700604614430502,0.0005197714742889794,759045.9325255147,/home/runner/work/Solana-Memecoin-Analysis/Solana-Memecoin-Analysis/data/cache/2026-09-26/064136832812_ohlcv_b6e27af4c9df.json
2026-09-25T21:15:00+00:00,4JAnKFddd5fFTk5PxDj3PpTWJuTEfSWQEjZJcgKQ9KwW,solana,PumpSwap,,,,,2026-09-25T21:15:15Z,0.00018673968736237617,,,,,,,,,,,,,,,,,,,ohlcv_backfill,minute,4.786732301393082e-05,0.0002486152331710558,3.5378892505214386e-05,0.00018673968736237617,381794.1887643689,/home/runner/work/Solana-Memecoin-Analysis/Solana-Memecoin-Analysis/data/cache/2026-09-26/064136832812_ohlcv_b6e27af4c9df.json
2026-09-26T06:40:00+00:00,3yXXas5wQqC6LzV9x22GEqVr9Dgg1VC6yynkVGhRWJWM,solana,PumpSwap,,,,,2026-09-25T14:14:54Z,0.0003855582269733438,,,,,,,,,,,,,,,,,,,ohlcv_backfill,minute,0.00035300184495822945,0.0003963480385192581,0.00033884320772239925,0.0003855582269733438,3848.5203686032883,/home/runner/work/Solana-Memecoin-Analysis/Solana-Memecoin-Analysis/data/cache/2026-09-26/064206989363_ohlcv_7fce52049331.json
2026-09-26T06:35:00+00:00,3yXXas5wQqC6LzV9x22GEqVr9Dgg1VC6yynkVGhRWJWM,solana,PumpSwap,,,,,2026-09-25T14:14:54Z,0.00035300184495822945,,,,,,,,,,,,,,,,,,,ohlcv_backfill,minute,0.0003700152910247392,0.0003785565954991691,0.00035300184495822945,0.00035300184495822945,3030.1140511179365,/home/runner/work/Solana-Memecoin-Analysis/Solana-Memecoin-Analysis/data/cache/2026-09-26/064206989363_ohlcv_7fce52049331.json
2026-09-26T06:30:00+00:00,3yXXas5wQqC6LzV9x22GEqVr9Dgg1VC6yynkVGhRWJWM,solana,PumpSwap,,,,,2026-09-25T14:14:54Z,0.0003700152910247392,,,,,,,,,,,,,,,,,,,ohlcv_backfill,minute,0.0003798863722902971,0.0003896040594815125,0.0003569144272594159,0.0003700152910247392,2939.8331917052733,/home/runner/work/Solana-Memecoin-Analysis/Solana-Memecoin-Analysis/data/cache/2026-09-26/064206989363_ohlcv_7fce52049331.json
2026-09-26T06:25:00+00:00,3yXXas5wQqC6LzV9x22GEqVr9Dgg1VC6yynkVGhRWJWM,solana,PumpSwap,,,,,2026-09-25T14:14:54Z,0.0003798863722902971,,,,,,,,,,,,,,,,,,,ohlcv_backfill,minute,0.000333595769969392,0.00038483831431189235,0.0003262352256781873,0.0003798863722902971,4677.535014145715,/home/runner/work/Solana-Memecoin-Analysis/Solana-Memecoin-Analysis/data/cache/2026-09-26/064206989363_ohlcv_7fce52049331.json
2026-09-26T06:20:00+00:00,3yXXas5wQqC6LzV9x22GEqVr9Dgg1VC6yynkVGhRWJWM,solana,PumpSwap,,,,,2026-09-25T14:14:54Z,0.000333595769969392,,,,,,,,,,,,,,,,,,,ohlcv_backfill,minute,0.0003428642290796623,0.00034334005871604985,0.0003210404789904575,0.000333595769969392,3656.6968248844046,/home/runner/work/Solana-Memecoin-Analysis/Solana-Memecoin-Analysis/data/cache/2026-09-26/064206989363_ohlcv_7fce52049331.json
2026-09-26T06:15:00+00:00,3yXXas5wQqC6LzV9x22GEqVr9Dgg1VC6yynkVGhRWJWM,solana,PumpSwap,,,,,2026-09-25T14:14:54Z,0.0003428642290796623,,,,,,,,,,,,,,,,,,,ohlcv_backfill,minute,0.0003331482533433614,0.00035453037970239836,0.0003295018797733779,0.0003428642290796623,3533.798832713724,/home/runner/work/Solana-Memecoin-Analysis/Solana-Memecoin-Analysis/data/cache/2026-09-26/064206989363_ohlcv_7fce52049331.json
2026-09-26T06:10:00+00:00,3yXXas5wQqC6LzV9x22GEqVr9Dgg1VC6yynkVGhRWJWM,solana,PumpSwap,,,,,2026-09-25T14:14:54Z,0.0003331482533433614,,,,,,,,,,,,,,,,,,,ohlcv_backfill,minute,0.00039430822380673845,0.00040189919971484904,0.0003043734274200946,0.0003331482533433614,14654.89034417207,/home/runner/work/Solana-Memecoin-Analysis/Solana-Memecoin-Analysis/data/cache/2026-09-26/064206989363_ohlcv_7fce52049331.json
2026-09-26T06:05:00+00:00,3yXXas5wQqC6LzV9x22GEqVr9Dgg1VC6yynkVGhRWJWM,solana,PumpSwap,,,,,2026-09-25T14:14:54Z,0.00039430822380673845,,,,,,,,,,,,,,,,,,,ohlcv_backfill,minute,0.0004065116120385966,0.000448254151926414,0.00038778368242631364,0.00039430822380673845,5728.749712845682,/home/runner/work/Solana-Memecoin-Analysis/Solana-Memecoin-Analysis/data/cache/2026-09-26/064206989363_ohlcv_7fce52049331.json
2026-09-26T06:00:00+00:00,3yXXas5wQqC6LzV9x22GEqVr9Dgg1VC6yynkVGhRWJWM,solana,PumpSwap,,,,,2026-09-25T14:14:54Z,0.0004065116120385966,,,,,,,,,,,,,,,,,,,ohlcv_backfill,minute,0.00039858732887576944,0.0004119347658661545,0.0003912350494843027,0.0004065116120385966,2718.806561034126,/home/runner/work/Solana-Memecoin-Analysis/Solana-Memecoin-Analysis/data/cache/2026-09-26/064206989363_ohlcv_7fce52049331.json
2026-09-26T05:55:00+00:00,3yXXas5wQqC6LzV9x22GEqVr9Dgg1VC6yynkVGhRWJWM,solana,PumpSwap,,,,,2026-09-25T14:14:54Z,0.00039858732887576944,,,,,,,,,,,,,,,,,,,ohlcv_backfill,minute,0.000393146963946912,0.00039858732887576944,0.0003725461392667405,0.00039858732887576944,4496.522661787932,/home/runner/work/Solana-Memecoin-Analysis/Solana-Memecoin-Analysis/data/cache/2026-09-26/064206989363_ohlcv_7fce52049331.json
2026-09-26T05:50:00+00:00,3yXXas5wQqC6LzV9x22GEqVr9Dgg1VC6yynkVGhRWJWM,solana,PumpSwap,,,,,2026-09-25T14:14:54Z,0.000393146963946912,,,,,,,,,,,,,,,,,,,ohlcv_backfill,minute,0.0003494688894487133,0.0003966302240192446,0.00033881125732850725,0.000393146963946912,6755.811486813684,/home/runner/work/Solana-Memecoin-Analysis/Solana-Memecoin-Analysis/data/cache/2026-09-26/064206989363_ohlcv_7fce52049331.json
2026-09-26T05:45:00+00:00,3yXXas5wQqC6LzV9x22GEqVr9Dgg1VC6yynkVGhRWJWM,solana,PumpSwap,,,,,2026-09-25T14:14:54Z,0.0003494688894487133,,,,,,,,,,,,,,,,,,,ohlcv_backfill,minute,0.00028362142687005955,0.00035356203507485846,0.00027263559748820065,0.0003494688894487133,7544.951416818816,/home/runner/work/Solana-Memecoin-Analysis/Solana-Memecoin-Analysis/data/cache/2026-09-26/064206989363_ohlcv_7fce52049331.json
2026-09-26T05:40:00+00:00,3yXXas5wQqC6LzV9x22GEqVr9Dgg1VC6yynkVGhRWJWM,solana,PumpSwap,,,,,2026-09-25T14:14:54Z,0.00028362142687005955,,,,,,,,,,,,,,,,,,,ohlcv_backfill,minute,0.00030940665641480286,0.0003127201478698422,0.00026811258036849684,0.00028362142687005955,6359.224625805678,/home/runner/work/Solana-Memecoin-Analysis/Solana-Memecoin-Analysis/data/cache/2026-09-26/064206989363_ohlcv_7fce52049331.json
2026-09-26T05:35:00+00:00,3yXXas5wQqC6LzV9x22GEqVr9Dgg1VC6yynkVGhRWJWM,solana,PumpSwap,,,,,2026-09-25T14:14:54Z,0.00030940665641480286,,,,,,,,,,,,,,,,,,,ohlcv_backfill,minute,0.0003291768123240921,0.0003307784575252125,0.0002970313403950051,0.00030940665641480286,3426.210516297486,/home/runner/work/Solana-Memecoin-Analysis/Solana-Memecoin-Analysis/data/cache/2026-09-26/064206989363_ohlcv_7fce52049331.json
2026-09-26T05:30:00+00:00,3yXXas5wQqC6LzV9x22GEqVr9Dgg1VC6yynkVGhRWJWM,solana,PumpSwap,,,,,2026-09-25T14:14:54Z,0.0003291768123240921,,,,,,,,,,,,,,,,,,,ohlcv_backfill,minute,0.00033362370326370493,0.00033798076199949187,0.00032592694279723474,0.0003291768123240921,1225.100539645246,/home/runner/work/Solana-Memecoin-Analysis/Solana-Memecoin-Analysis/data/cache/2026-09-26/064206989363_ohlcv_7fce52049331.json
2026-09-26T05:25:00+00:00,3yXXas5wQqC6LzV9x22GEqVr9Dgg1VC6yynkVGhRWJWM,solana,PumpSwap,,,,,2026-09-25T14:14:54Z,0.00033362370326370493,,,,,,,,,,,,,,,,,,,ohlcv_backfill,minute,0.00029834969056699405,0.000339104306248489,0.00029834969056699405,0.00033362370326370493,4371.952279794186,/home/runner/work/Solana-Memecoin-Analysis/Solana-Memecoin-Analysis/data/cache/2026-09-26/064206989363_ohlcv_7fce52049331.json
2026-09-26T05:20:00+00:00,3yXXas5wQqC6LzV9x22GEqVr9Dgg1VC6yynkVGhRWJWM,solana,PumpSwap,,,,,2026-09-25T14:14:54Z,0.00029834969056699405,,,,,,,,,,,,,,,,,,,ohlcv_backfill,minute,0.00031544195158483563,0.0003223118216442619,0.00029834969056699405,0.00029834969056699405,2469.1816006121726,/home/runner/work/Solana-Memecoin-Analysis/Solana-Memecoin-Analysis/data/cache/2026-09-26/064206989363_ohlcv_7fce52049331.json
2026-09-26T05:15:00+00:00,3yXXas5wQqC6LzV9x22GEqVr9Dgg1VC6yynkVGhRWJWM,solana,PumpSwap,,,,,2026-09-25T14:14:54Z,0.00031544195158483563,,,,,,,,,,,,,,,,,,,ohlcv_backfill,minute,0.00032001138616024124,0.0003356731232292565,0.00030859516403550935,0.00031544195158483563,5183.7859190663485,/home/runner/work/Solana-Memecoin-Analysis/Solana-Memecoin-Analysis/data/cache/2026-09-26/064206989363_ohlcv_7fce52049331.json
2026-09-26T05:10:00+00:00,3yXXas5wQqC6LzV9x22GEqVr9Dgg1VC6yynkVGhRWJWM,solana,PumpSwap,,,,,2026-09-25T14:14:54Z,0.00032001138616024124,,,,,,,,,,,,,,,,,,,ohlcv_backfill,minute,0.000367999873029329,0.00037678434535354043,0.00030411698633477666,0.00032001138616024124,9794.407756947543,/home/runner/work/Solana-Memecoin-Analysis/Solana-Memecoin-Analysis/data/cache/2026-09-26/064206989363_ohlcv_7fce52049331.json
2026-09-26T05:05:00+00:00,3yXXas5wQqC6LzV9x22GEqVr9Dgg1VC6yynkVGhRWJWM,solana,PumpSwap,,,,,2026-09-25T14:14:54Z,0.000367999873029329,,,,,,,,,,,,,,,,,,,ohlcv_backfill,minute,0.0004185334178579351,0.00042906187775461644,0.00036577307591304626,0.000367999873029329,6623.372573510443,/home/runner/work/Solana-Memecoin-Analysis/Solana-Memecoin-Analysis/data/cache/2026-09-26/064206989363_ohlcv_7fce52049331.json
2026-09-26T05:00:00+00:00,3yXXas5wQqC6LzV9x22GEqVr9Dgg1VC6yynkVGhRWJWM,solana,PumpSwap,,,,,2026-09-25T14:14:54Z,0.0004185334178579351,,,,,,,,,,,,,,,,,,,ohlcv_backfill,minute,0.00036835313116042516,0.000419267498897749,0.00036835313116042516,0.0004185334178579351,4054.459743631828,/home/runner/work/Solana-Memecoin-Analysis/Solana-Memecoin-Analysis/data/cache/2026-09-26/064206989363_ohlcv_7fce52049331.json
2026-09-26T04:55:00+00:00,3yXXas5wQqC6LzV9x22GEqVr9Dgg1VC6yynkVGhRWJWM,solana,PumpSwap,,,,,2026-09-25T14:14:54Z,0.00036835313116042516,,,,,,,,,,,,,,,,,,,ohlcv_backfill,minute,0.00033798003308935383,0.00037706798063940803,0.0003377398990107749,0.00036835313116042516,3118.3015213028366,/home/runner/work/Solana-Memecoin-Analysis/Solana-Memecoin-Analysis/data/cache/2026-09-26/064206989363_ohlcv_7fce52049331.json
2026-09-26T04:50:00+00:00,3yXXas5wQqC6LzV9x22GEqVr9Dgg1VC6yynkVGhRWJWM,solana,PumpSwap,,,,,2026-09-25T14:14:54Z,0.00033798003308935383,,,,,,,,,,,,,,,,,,,ohlcv_backfill,minute,0.0003602765821154597,0.00036845615530160347,0.00033798003308935383,0.00033798003308935383,2789.604223121909,/home/runner/work/Solana-Memecoin-Analysis/Solana-Memecoin-Analysis/data/cache/2026-09-26/064206989363_ohlcv_7fce52049331.json
2026-09-26T04:45:00+00:00,3yXXas5wQqC6LzV9x22GEqVr9Dgg1VC6yynkVGhRWJWM,solana,PumpSwap,,,,,2026-09-25T14:14:54Z,0.0003602765821154597,,,,,,,,,,,,,,,,,,,ohlcv_backfill,minute,0.00039390243379072465,0.0003984499348319449,0.0003602765821154597,0.0003602765821154597,3104.77049260747,/home/runner/work/Solana-Memecoin-Analysis/Solana-Memecoin-Analysis/data/cache/2026-09-26/064206989363_ohlcv_7fce52049331.json
2026-09-26T04:40:00+00:00,3yXXas5wQqC6LzV9x22GEqVr9Dgg1VC6yynkVGhRWJWM,solana,PumpSwap,,,,,2026-09-25T14:14:54Z,0.00039390243379072465,,,,,,,,,,,,,,,,,,,ohlcv_backfill,minute,0.00037060671680284635,0.00041601175704095866,0.00035599879732925996,0.00039390243379072465,7984.0588625056935,/home/runner/work/Solana-Memecoin-Analysis/Solana-Memecoin-Analysis/data/cache/2026-09-26/064206989363_ohlcv_7fce52049331.json
2026-09-26T04:35:00+00:00,3yXXas5wQqC6LzV9x22GEqVr9Dgg1VC6yynkVGhRWJWM,solana,PumpSwap,,,,,2026-09-25T14:14:54Z,0.00037060671680284635,,,,,,,,,,,,,,,,,,,ohlcv_backfill,minute,0.00034827671788533116,0.0003768612765986509,0.00034827671788533116,0.00037060671680284635,11049.219755977889,/home/runner/work/Solana-Memecoin-Analysis/Solana-Memecoin-Analysis/data/cache/2026-09-26/064206989363_ohlcv_7fce52049331.json
2026-09-26T04:30:00+00:00,3yXXas5wQqC6LzV9x22GEqVr9Dgg1VC6yynkVGhRWJWM,solana,PumpSwap,,,,,2026-09-25T14:14:54Z,0.00034827671788533116,,,,,,,,,,,,,,,,,,,ohlcv_backfill,minute,0.00030879378948790514,0.00035173407719015865,0.000306887081330868,0.00034827671788533116,4050.609282941689,/home/runner/work/Solana-Memecoin-Analysis/Solana-Memecoin-Analysis/data/cache/2026-09-26/064206989363_ohlcv_7fce52049331.json
2026-09-26T04:25:00+00:00,3yXXas5wQqC6LzV9x22GEqVr9Dgg1VC6yynkVGhRWJWM,solana,PumpSwap,,,,,2026-09-25T14:14:54Z,0.00030879378948790514,,,,,,,,,,,,,,,,,,,ohlcv_backfill,minute,0.000324929496628856,0.0003267173080043273,0.0003057520148989602,0.00030879378948790514,1824.9220889590576,/home/runner/work/Solana-Memecoin-Analysis/Solana-Memecoin-Analysis/data/cache/2026-09-26/064206989363_ohlcv_7fce52049331.json
2026-09-26T04:20:00+00:00,3yXXas5wQqC6LzV9x22GEqVr9Dgg1VC6yynkVGhRWJWM,solana,PumpSwap,,,,,2026-09-25T14:14:54Z,0.000324929496628856,,,,,,,,,,,,,,,,,,,ohlcv_backfill,minute,0.0003140214430738978,0.00033178981546055637,0.0003139153228638401,0.000324929496628856,2350.9649571487575,/home/runner/work/Solana-Memecoin-Analysis/Solana-Memecoin-Analysis/data/cache/2026-09-26/064206989363_ohlcv_7fce52049331.json
2026-09-26T04:15:00+00:00,3yXXas5wQqC6LzV9x22GEqVr9Dgg1VC6yynkVGhRWJWM,solana,PumpSwap,,,,,2026-09-25T14:14:54Z,0.0003140214430738978,,,,,,,,,,,,,,,,,,,ohlcv_backfill,minute,0.0003096064972676715,0.00031738092344178775,0.0002951064954643119,0.0003140214430738978,2100.8103478368876,/home/runner/work/Solana-Memecoin-Analysis/Solana-Memecoin-Analysis/data/cache/2026-09-26/064206989363_ohlcv_7fce52049331.json
2026-09-26T04:10:00+00:00,3yXXas5wQqC6LzV9x22GEqVr9Dgg1VC6yynkVGhRWJWM,solana,PumpSwap,,,,,2026-09-25T14:14:54Z,0.0003096064972676715,,,,,,,,,,,,,,,,,,,ohlcv_backfill,minute,0.00029177703893671085,0.00031181235015401544,0.0002898362023145223,0.0003096064972676715,2542.9462700497675,/home/runner/work/Solana-Memecoin-Analysis/Solana-Memecoin-Analysis/data/cache/2026-09-26/064206989363_ohlcv_7fce52049331.json
2026-09-26T04:05:00+00:00,3yXXas5wQqC6LzV9x22GEqVr9Dgg1VC6yynkVGhRWJWM,solana,PumpSwap,,,,,2026-09-25T14:14:54Z,0.00029177703893671085,,,,,,,,,,,,,,,,,,,ohlcv_backfill,minute,0.0003087725093740697,0.00032590549718011487,0.00029172902660658907,0.00029177703893671085,2227.5402224157756,/home/runner/work/Solana-Memecoin-Analysis/Solana-Memecoin-Analysis/data/cache/2026-09-26/064206989363_ohlcv_7fce52049331.json
2026-09-26T04:00:00+00:00,3yXXas5wQqC6LzV9x22GEqVr9Dgg1VC6yynkVGhRWJWM,solana,PumpSwap,,,,,2026-09-25T14:14:54Z,0.0003087725093740697,,,,,,,,,,,,,,,,,,,ohlcv_backfill,minute,0.00028557295650676956,0.00031555843114747267,0.0002803378538732375,0.0003087725093740697,3211.524919429551,/home/runner/work/Solana-Memecoin-Analysis/Solana-Memecoin-Analysis/data/cache/2026-09-26/064206989363_ohlcv_7fce52049331.json
2026-09-26T03:55:00+00:00,3yXXas5wQqC6LzV9x22GEqVr9Dgg1VC6yynkVGhRWJWM,solana,PumpSwap,,,,,2026-09-25T14:14:54Z,0.00028557295650676956,,,,,,,,,,,,,,,,,,,ohlcv_backfill,minute,0.0002856700859135194,0.0002937319440838074,0.00027443222102776805,0.00028557295650676956,2238.1209685549634,/home/runner/work/Solana-Memecoin-Analysis/Solana-Memecoin-Analysis/data/cache/2026-09-26/064206989363_ohlcv_7fce52049331.json
2026-09-26T03:50:00+00:00,3yXXas5wQqC6LzV9x22GEqVr9Dgg1VC6yynkVGhRWJWM,solana,PumpSwap,,,,,2026-09-25T14:14:54Z,0.0002856700859135194,,,,,,,,,,,,,,,,,,,ohlcv_backfill,minute,0.00030082025937356796,0.0003050481014360783,0.0002856700859135194,0.0002856700859135194,2116.7002007230953,/home/runner/work/Solana-Memecoin-Analysis/Solana-Memecoin-Analysis/data/cache/2026-09-26/064206989363_ohlcv_7fce52049331.json
2026-09-26T03:45:00+00:00,3yXXas5wQqC6LzV9x22GEqVr9Dgg1VC6yynkVGhRWJWM,solana,PumpSwap,,,,,2026-09-25T14:14:54Z,0.00030082025937356796,,,,,,,,,,,,,,,,,,,ohlcv_backfill,minute,0.00029567039992078306,0.0003020287420288912,0.0002940654145048007,0.00030082025937356796,1143.592947775052,/home/runner/work/Solana-Memecoin-Analysis/Solana-Memecoin-Analysis/data/cache/2026-09-26/064206989363_ohlcv_7fce52049331.json
2026-09-26T03:40:00+00:00,3yXXas5wQqC6LzV9x22GEqVr9Dgg1VC6yynkVGhRWJWM,solana,PumpSwap,,,,,2026-09-25T14:14:54Z,0.00029567039992078306,,,,,,,,,,,,,,,,,,,ohlcv_backfill,minute,0.00028827359626070636,0.00030046626203581817,0.00028237587373391857,0.00029567039992078306,1797.1059734959356,/home/runner/work/Solana-Memecoin-Analysis/Solana-Memecoin-Analysis/data/cache/2026-09-26/064206989363_ohlcv_7fce52049331.json
2026-09-26T03:35:00+00:00,3yXXas5wQqC6LzV9x22GEqVr9Dgg1VC6yynkVGhRWJWM,solana,PumpSwap,,,,,2026-09-25T14:14:54Z,0.00028827359626070636,,,,,,,,,,,,,,,,,,,ohlcv_backfill,minute,0.0002913671939879203,0.00029271450985580245,0.0002646591500355382,0.00028827359626070636,7291.839762375685,/home/runner/work/Solana-Memecoin-Analysis/Solana-Memecoin-Analysis/data/cache/2026-09-26/064206989363_ohlcv_7fce52049331.json
2026-09-26T03:30:00+00:00,3yXXas5wQqC6LzV9x22GEqVr9Dgg1VC6yynkVGhRWJWM,solana,PumpSwap,,,,,2026-09-25T14:14:54Z,0.0002913671939879203,,,,,,,,,,,,,,,,,,,ohlcv_backfill,minute,0.0003151258897996339,0.0003232138797408357,0.0002708033590143041,0.0002913671939879203,4987.597680030891,/home/runner/work/Solana-Memecoin-Analysis/Solana-Memecoin-Analysis/data/cache/2026-09-26/064206989363_ohlcv_7fce52049331.json
2026-09-26T03:25:00+00:00,3yXXas5wQqC6LzV9x22GEqVr9Dgg1VC6yynkVGhRWJWM,solana,PumpSwap,,,,,2026-09-25T14:14:54Z,0.0003151258897996339,,,,,,,,,,,,,,,,,,,ohlcv_backfill,minute,0.0003206854236198198,0.0003385752012692086,0.0003151258897996339,0.0003151258897996339,2691.613534578175,/home/runner/work/Solana-Memecoin-Analysis/Solana-Memecoin-Analysis/data/cache/2026-09-26/064206989363_ohlcv_7fce52049331.json
2026-09-26T03:20:00+00:00,3yXXas5wQqC6LzV9x22GEqVr9Dgg1VC6yynkVGhRWJWM,solana,PumpSwap,,,,,2026-09-25T14:14:54Z,0.0003206854236198198,,,,,,,,,,,,,,,,,,,ohlcv_backfill,minute,0.00030939177784604783,0.00034231138120443486,0.00030939177784604783,0.0003206854236198198,3398.436032056999,/home/runner/work/Solana-Memecoin-Analysis/Solana-Memecoin-Analysis/data/cache/2026-09-26/064206989363_ohlcv_7fce52049331.json
2026-09-26T03:15:00+00:00,3yXXas5wQqC6LzV9x22GEqVr9Dgg1VC6yynkVGhRWJWM,solana,PumpSwap,,,,,2026-09-25T14:14:54Z,0.00030939177784604783,,,,,,,,,,,,,,,,,,,ohlcv_backfill,minute,0.0003089768854837841,0.0003161858565981438,0.00030653595364034104,0.00030939177784604783,1342.566607995626,/home/runner/work/Solana-Memecoin-Analysis/Solana-Memecoin-Analysis/data/cache/2026-09-26/064206989363_ohlcv_7fce52049331.json
2026-09-26T03:10:00+00:00,3yXXas5wQqC6LzV9x22GEqVr9Dgg1VC6yynkVGhRWJWM,solana,PumpSwap,,,,,2026-09-25T14:14:54Z,0.0003089768854837841,,,,,,,,,,,,,,,,,,,ohlcv_backfill,minute,0.00029905425816932537,0.0003225621822283817,0.0002530409168383434,0.0003089768854837841,17858.420643230493,/home/runner/work/Solana-Memecoin-Analysis/Solana-Memecoin-Analysis/data/cache/2026-09-26/064206989363_ohlcv_7fce52049331.json
2026-09-26T03:05:00+00:00,3yXXas5wQqC6LzV9x22GEqVr9Dgg1VC6yynkVGhRWJWM,solana,PumpSwap,,,,,2026-09-25T14:14:54Z,0.00029905425816932537,,,,,,,,,,,,,,,,,,,ohlcv_backfill,minute,0.00031263587146424513,0.0003269339691454503,0.0002872704473829379,0.00029905425816932537,8049.442002311515,/home/runner/work/Solana-Memecoin-Analysis/Solana-Memecoin-Analysis/data/cache/2026-09-26/064206989363_ohlcv_7fce52049331.json
2026-09-26T03:00:00+00:00,3yXXas5wQqC6LzV9x22GEqVr9Dgg1VC6yynkVGhRWJWM,solana,PumpSwap,,,,,2026-09-25T14:14:54Z,0.00031263587146424513,,,,,,,,,,,,,,,,,,,ohlcv_backfill,minute,0.000331736944639019,0.0003341705302843981,0.00031263587146424513,0.00031263587146424513,1881.561141963198,/home/runner/work/Solana-Memecoin-Analysis/Solana-Memecoin-Analysis/data/cache/2026-09-26/064206989363_ohlcv_7fce52049331.json
2026-09-26T02:55:00+00:00,3yXXas5wQqC6LzV9x22GEqVr9Dgg1VC6yynkVGhRWJWM,solana,PumpSwap,,,,,2026-09-25T14:14:54Z,0.000331736944639019,,,,,,,,,,,,,,,,,,,ohlcv_backfill,minute,0.00032547367157627024,0.0003405602437337288,0.00032337452323936527,0.000331736944639019,3164.077348811157,/home/runner/work/Solana-Memecoin-Analysis/Solana-Memecoin-Analysis/data/cache/2026-09-26/064206989363_ohlcv_7fce52049331.json
2026-09-26T02:50:00+00:00,3yXXas5wQqC6LzV9x22GEqVr9Dgg1VC6yynkVGhRWJWM,solana,PumpSwap,,,,,2026-09-25T14:14:54Z,0.00032547367157627024,,,,,,,,,,,,,,,,,,,ohlcv_backfill,minute,0.00029630740984732746,0.0003427829060724429,0.00029630740984732746,0.00032547367157627024,7820.380736961239,/home/runner/work/Solana-Memecoin-Analysis/Solana-Memecoin-Analysis/data/cache/2026-09-26/064206989363_ohlcv_7fce52049331.json
2026-09-26T02:45:00+00:00,3yXXas5wQqC6LzV9x22GEqVr9Dgg1VC6yynkVGhRWJWM,solana,PumpSwap,,,,,2026-09-25T14:14:54Z,0.00029630740984732746,,,,,,,,,,,,,,,,,,,ohlcv_backfill,minute,0.00034136941261709046,0.00034592953258906907,0.0002775363122361346,0.00029630740984732746,11737.029032526852,/home/runner/work/Solana-Memecoin-Analysis/Solana-Memecoin-Analysis/data/cache/2026-09-26/064206989363_ohlcv_7fce52049331.json
2026-09-26T02:40:00+00:00,3yXXas5wQqC6LzV9x22GEqVr9Dgg1VC6yynkVGhRWJWM,solana,PumpSwap,,,,,2026-09-25T14:14:54Z,0.00034136941261709046,,,,,,,,,,,,,,,,,,,ohlcv_backfill,minute,0.0003652259092924329,0.00036661922011557013,0.0003182910706024493,0.00034136941261709046,7991.311281776022,/home/runner/work/Solana-Memecoin-Analysis/Solana-Memecoin-Analysis/data/cache/2026-09-26/064206989363_ohlcv_7fce52049331.json
2026-09-26T02:35:00+00:00,3yXXas5wQqC6LzV9x22GEqVr9Dgg1VC6yynkVGhRWJWM,solana,PumpSwap,,,,,2026-09-25T14:14:54Z,0.0003652259092924329,,,,,,,,,,,,,,,,,,,ohlcv_backfill,minute,0.0004024385114469663,0.00040525587635021335,0.0003551467958098871,0.0003652259092924329,8110.041190432372,/home/runner/work/Solana-Memecoin-Analysis/Solana-Memecoin-Analysis/data/cache/2026-09-26/064206989363_ohlcv_7fce52049331.json
2026-09-26T02:30:00+00:00,3yXXas5wQqC6LzV9x22GEqVr9Dgg1VC6yynkVGhRWJWM,solana,PumpSwap,,,,,2026-09-25T14:14:54Z,0.0004024385114469663,,,,,,,,,,,,,,,,,,,ohlcv_backfill,minute,0.0004004141132384167,0.00040685024031241943,0.00039324646020778506,0.0004024385114469663,1175.7509237429947,/home/runner/work/Solana-Memecoin-Analysis/Solana-Memecoin-Analysis/data/cache/2026-09-26/064206989363_ohlcv_7fce52049331.json
2026-09-26T02:25:00+00:00,3yXXas5wQqC6LzV9x22GEqVr9Dgg1VC6yynkVGhRWJWM,solana,PumpSwap,,,,,2026-09-25T14:14:54Z,0.0004004141132384167,,,,,,,,,,,,,,,,,,,ohlcv_backfill,minute,0.0004234936490861468,0.0004367939938179714,0.00040040150224915724,0.0004004141132384167,3049.0629195434785,/home/runner/work/Solana-Memecoin-Analysis/Solana-Memecoin-Analysis/data/cache/2026-09-26/064206989363_ohlcv_7fce52049331.json
2026-09-26T02:20:00+00:00,3yXXas5wQqC6LzV9x22GEqVr9Dgg1VC6yynkVGhRWJWM,solana,PumpSwap,,,,,2026-09-25T14:14:54Z,0.0004234936490861468,,,,,,,,,,,,,,,,,,,ohlcv_backfill,minute,0.0004227046695773422,0.00043413767554887527,0.00042142441742523706,0.0004234936490861468,2622.7890705346226,/home/runner/work/Solana-Memecoin-Analysis/Solana-Memecoin-Analysis/data/cache/2026-09-26/064206989363_ohlcv_7fce52049331.json
2026-09-26T02:15:00+00:00,3yXXas5wQqC6LzV9x22GEqVr9Dgg1VC6yynkVGhRWJWM,solana,PumpSwap,,,,,2026-09-25T14:14:54Z,0.0004227046695773422,,,,,,,,,,,,,,,,,,,ohlcv_backfill,minute,0.0004109539722113032,0.00042563283779605644,0.00039186210151375794,0.0004227046695773422,4161.7848819439205,/home/runner/work/Solana-Memecoin-Analysis/Solana-Memecoin-Analysis/data/cache/2026-09-26/064206989363_ohlcv_7fce52049331.json
2026-09-26T02:10:00+00:00,3yXXas5wQqC6LzV9x22GEqVr9Dgg1VC6yynkVGhRWJWM,solana,PumpSwap,,,,,2026-09-25T14:14:54Z,0.0004109539722113032,,,,,,,,,,,,,,,,,,,ohlcv_backfill,minute,0.0003890890756481142,0.0004234620451530081,0.0003790484537682744,0.0004109539722113032,5137.199220726193,/home/runner/work/Solana-Memecoin-Analysis/Solana-Memecoin-Analysis/data/cache/2026-09-26/064206989363_ohlcv_7fce52049331.json
2026-09-26T02:05:00+00:00,3yXXas5wQqC6LzV9x22GEqVr9Dgg1VC6yynkVGhRWJWM,solana,PumpSwap,,,,,2026-09-25T14:14:54Z,0.0003890890756481142,,,,,,,,,,,,,,,,,,,ohlcv_backfill,minute,0.0004237353305962173,0.00043126424533253445,0.000388425205782683,0.0003890890756481142,10918.729841158374,/home/runner/work/Solana-Memecoin-Analysis/Solana-Memecoin-Analysis/data/cache/2026-09-26/064206989363_ohlcv_7fce52049331.json
2026-09-26T02:00:00+00:00,3yXXas5wQqC6LzV9x22GEqVr9Dgg1VC6yynkVGhRWJWM,solana,PumpSwap,,,,,2026-09-25T14:14:54Z,0.0004237353305962173,,,,,,,,,,,,,,,,,,,ohlcv_backfill,minute,0.000487828968657499,0.0004999432057172339,0.00041688832475723334,0.0004237353305962173,7667.217041107472,/home/runner/work/Solana-Memecoin-Analysis/Solana-Memecoin-Analysis/data/cache/2026-09-26/064206989363_ohlcv_7fce52049331.json
2026-09-26T01:55:00+00:00,3yXXas5wQqC6LzV9x22GEqVr9Dgg1VC6yynkVGhRWJWM,solana,PumpSwap,,,,,2026-09-25T14:14:54Z,0.000487828968657499,,,,,,,,,,,,,,,,,,,ohlcv_backfill,minute,0.000483089297363918,0.0005151905200784899,0.0004820517693788407,0.000487828968657499,4091.4382993151344,/home/runner/work/Solana-Memecoin-Analysis/Solana-Memecoin-Analysis/data/cache/2026-09-26/064206989363_ohlcv_7fce52049331.json
2026-09-26T01:50:00+00:00,3yXXas5wQqC6LzV9x22GEqVr9Dgg1VC6yynkVGhRWJWM,solana,PumpSwap,,,,,2026-09-25T14:14:54Z,0.000483089297363918,,,,,,,,,,,,,,,,,,,ohlcv_backfill,minute,0.0004708624062246653,0.0004892654511722482,0.000450084001723268,0.000483089297363918,5884.050797397814,/home/runner/work/Solana-Memecoin-Analysis/Solana-Memecoin-Analysis/data/cache/2026-09-26/064206989363_ohlcv_7fce52049331.json
2026-09-26T01:45:00+00:00,3yXXas5wQqC6LzV9x22GEqVr9Dgg1VC6yynkVGhRWJWM,solana,PumpSwap,,,,,2026-09-25T14:14:54Z,0.0004708624062246653,,,,,,,,,,,,,,,,,,,ohlcv_backfill,minute,0.000482225993512534,0.0004977923722664747,0.00043072410310978645,0.0004708624062246653,9671.992653142961,/home/runner/work/Solana-Memecoin-Analysis/Solana-Memecoin-Analysis/data/cache/2026-09-26/064206989363_ohlcv_7fce52049331.json
2026-09-26T01:40:00+00:00,3yXXas5wQqC6LzV9x22GEqVr9Dgg1VC6yynkVGhRWJWM,solana,PumpSwap,,,,,2026-09-25T14:14:54Z,0.000482225993512534,,,,,,,,,,,,,,,,,,,ohlcv_backfill,minute,0.0004499683737138612,0.0005377242167011246,0.0004499683737138612,0.000482225993512534,15414.13578960802,/home/runner/work/Solana-Memecoin-Analysis/Solana-Memecoin-Analysis/data/cache/2026-09-26/064206989363_ohlcv_7fce52049331.json
2026-09-26T01:35:00+00:00,3yXXas5wQqC6LzV9x22GEqVr9Dgg1VC6yynkVGhRWJWM,solana,PumpSwap,,,,,2026-09-25T14:14:54Z,0.0004499683737138612,,,,,,,,,,,,,,,,,,,ohlcv_backfill,minute,0.0004222042329181529,0.0004624451319961315,0.0004140404428217131,0.0004499683737138612,5205.661404690586,/home/runner/work/Solana-Memecoin-Analysis/Solana-Memecoin-Analysis/data/cache/2026-09-26/064206989363_ohlcv_7fce52049331.json
2026-09-26T01:30:00+00:00,3yXXas5wQqC6LzV9x22GEqVr9Dgg1VC6yynkVGhRWJWM,solana,PumpSwap,,,,,2026-09-25T14:14:54Z,0.0004222042329181529,,,,,,,,,,,,,,,,,,,ohlcv_backfill,minute,0.00038760682655818195,0.00042734105601886075,0.0003821771063848498,0.0004222042329181529,6106.972911193058,/home/runner/work/Solana-Memecoin-Analysis/Solana-Memecoin-Analysis/data/cache/2026-09-26/064206989363_ohlcv_7fce52049331.json
2026-09-26T01:25:00+00:00,3yXXas5wQqC6LzV9x22GEqVr9Dgg1VC6yynkVGhRWJWM,solana,PumpSwap,,,,,2026-09-25T14:14:54Z,0.00038760682655818195,,,,,,,,,,,,,,,,,,,ohlcv_backfill,minute,0.00034789956560314487,0.00039256986400124165,0.0003352177210167828,0.00038760682655818195,8592.630771854292,/home/runner/work/Solana-Memecoin-Analysis/Solana-Memecoin-Analysis/data/cache/2026-09-26/064206989363_ohlcv_7fce52049331.json
2026-09-26T01:20:00+00:00,3yXXas5wQqC6LzV9x22GEqVr9Dgg1VC6yynkVGhRWJWM,solana,PumpSwap,,,,,2026-09-25T14:14:54Z,0.00034789956560314487,,,,,,,,,,,,,,,,,,,ohlcv_backfill,minute,0.0004188906092001148,0.0004200169630012745,0.0003331690107698175,0.00034789956560314487,8298.719270453652,/home/runner/work/Solana-Memecoin-Analysis/Solana-Memecoin-Analysis/data/cache/2026-09-26/064206989363_ohlcv_7fce52049331.json
2026-09-26T01:15:00+00:00,3yXXas5wQqC6LzV9x22GEqVr9Dgg1VC6yynkVGhRWJWM,solana,PumpSwap,,,,,2026-09-25T14:14:54Z,0.0004188906092001148,,,,,,,,,,,,,,,,,,,ohlcv_backfill,minute,0.00041514551090572605,0.0004336978305822232,0.00041178578774619647,0.0004188906092001148,4342.216383658433,/home/runner/work/Solana-Memecoin-Analysis/Solana-Memecoin-Analysis/data/cache/2026-09-26/064206989363_ohlcv_7fce52049331.json
2026-09-26T01:10:00+00:00,3yXXas5wQqC6LzV9x22GEqVr9Dgg1VC6yynkVGhRWJWM,solana,PumpSwap,,,,,2026-09-25T14:14:54Z,0.00041514551090572605,,,,,,,,,,,,,,,,,,,ohlcv_backfill,minute,0.00037171945399943387,0.0004248972406373714,0.00037171945399943387,0.00041514551090572605,5131.341870327403,/home/runner/work/Solana-Memecoin-Analysis/Solana-Memecoin-Analysis/data/cache/2026-09-26/064206989363_ohlcv_7fce52049331.json
2026-09-26T01:05:00+00:00,3yXXas5wQqC6LzV9x22GEqVr9Dgg1VC6yynkVGhRWJWM,solana,PumpSwap,,,,,2026-09-25T14:14:54Z,0.00037171945399943387,,,,,,,,,,,,,,,,,,,ohlcv_backfill,minute,0.0003824474485049739,0.0003885342499517397,0.0003594318658026845,0.00037171945399943387,2165.092307537485,/home/runner/work/Solana-Memecoin-Analysis/Solana-Memecoin-Analysis/data/cache/2026-09-26/064206989363_ohlcv_7fce52049331.json
2026-09-26T01:00:00+00:00,3yXXas5wQqC6LzV9x22GEqVr9Dgg1VC6yynkVGhRWJWM,solana,PumpSwap,,,,,2026-09-25T14:14:54Z,0.0003824474485049739,,,,,,,,,,,,,,,,,,,ohlcv_backfill,minute,0.0004019475854977941,0.0004019475854977941,0.0003561581021161691,0.0003824474485049739,6503.553896330934,/home/runner/work/Solana-Memecoin-Analysis/Solana-Memecoin-Analysis/data/cache/2026-09-26/064206989363_ohlcv_7fce52049331.json
2026-09-26T00:55:00+00:00,3yXXas5wQqC6LzV9x22GEqVr9Dgg1VC6yynkVGhRWJWM,solana,PumpSwap,,,,,2026-09-25T14:14:54Z,0.0004019475854977941,,,,,,,,,,,,,,,,,,,ohlcv_backfill,minute,0.0004067819006388192,0.0004128336430204349,0.00037422159552642857,0.0004019475854977941,3895.598307592797,/home/runner/work/Solana-Memecoin-Analysis/Solana-Memecoin-Analysis/data/cache/2026-09-26/064206989363_ohlcv_7fce52049331.json
2026-09-26T00:50:00+00:00,3yXXas5wQqC6LzV9x22GEqVr9Dgg1VC6yynkVGhRWJWM,solana,PumpSwap,,,,,2026-09-25T14:14:54Z,0.0004067819006388192,,,,,,,,,,,,,,,,,,,ohlcv_backfill,minute,0.00036584192719625293,0.0004122165462921531,0.00036584192719625293,0.0004067819006388192,4244.667242734406,/home/runner/work/Solana-Memecoin-Analysis/Solana-Memecoin-Analysis/data/cache/2026-09-26/064206989363_ohlcv_7fce52049331.json
2026-09-26T00:45:00+00:00,3yXXas5wQqC6LzV9x22GEqVr9Dgg1VC6yynkVGhRWJWM,solana,PumpSwap,,,,,2026-09-25T14:14:54Z,0.00036584192719625293,,,,,,,,,,,,,,,,,,,ohlcv_backfill,minute,0.00040991141052177516,0.00041590517812577086,0.00035435152669948837,0.00036584192719625293,4652.851062619171,/home/runner/work/Solana-Memecoin-Analysis/Solana-Memecoin-Analysis/data/cache/2026-09-26/064206989363_ohlcv_7fce52049331.json
2026-09-26T00:40:00+00:00,3yXXas5wQqC6LzV9x22GEqVr9Dgg1VC6yynkVGhRWJWM,solana,PumpSwap,,,,,2026-09-25T14:14:54Z,0.00040991141052177516,,,,,,,,,,,,,,,,,,,ohlcv_backfill,minute,0.0004075840680597565,0.000422906576311324,0.0003864447495618265,0.00040991141052177516,5025.460639577107,/home/runner/work/Solana-Memecoin-Analysis/Solana-Memecoin-Analysis/data/cache/2026-09-26/064206989363_ohlcv_7fce52049331.json
2026-09-26T00:35:00+00:00,3yXXas5wQqC6LzV9x22GEqVr9Dgg1VC6yynkVGhRWJWM,solana,PumpSwap,,,,,2026-09-25T14:14:54Z,0.0004075840680597565,,,,,,,,,,,,,,,,,,,ohlcv_backfill,minute,0.00037415806818882983,0.0004159821798136068,0.00037415806818882983,0.0004075840680597565,5465.432016553615,/home/runner/work/Solana-Memecoin-Analysis/Solana-Memecoin-Analysis/data/cache/2026-09-26/064206989363_ohlcv_7fce52049331.json
2026-09-26T00:30:00+00:00,3yXXas5wQqC6LzV9x22GEqVr9Dgg1VC6yynkVGhRWJWM,solana,PumpSwap,,,,,2026-09-25T14:14:54Z,0.00037415806818882983,,,,,,,,,,,,,,,,,,,ohlcv_backfill,minute,0.0003526292044486369,0.00038222913159314647,0.000348338210175411,0.00037415806818882983,5980.582956346218,/home/runner/work/Solana-Memecoin-Analysis/Solana-Memecoin-Analysis/data/cache/2026-09-26/064206989363_ohlcv_7fce52049331.json
2026-09-26T00:25:00+00:00,3yXXas5wQqC6LzV9x22GEqVr9Dgg1VC6yynkVGhRWJWM,solana,PumpSwap,,,,,2026-09-25T14:14:54Z,0.0003526292044486369,,,,,,,,,,,,,,,,,,,ohlcv_backfill,minute,0.00034353590334128996,0.0003615760228596601,0.0003307358152027577,0.0003526292044486369,7134.29016523409,/home/runner/work/Solana-Memecoin-Analysis/Solana-Memecoin-Analysis/data/cache/2026-09-26/064206989363_ohlcv_7fce52049331.json
2026-09-26T00:20:00+00:00,3yXXas5wQqC6LzV9x22GEqVr9Dgg1VC6yynkVGhRWJWM,solana,PumpSwap,,,,,2026-09-25T14:14:54Z,0.00034353590334128996,,,,,,,,,,,,,,,,,,,ohlcv_backfill,minute,0.0003550460924311852,0.000373962161503769,0.00032996431008262654,0.00034353590334128996,9620.082356845263,/home/runner/work/Solana-Memecoin-Analysis/Solana-Memecoin-Analysis/data/cache/2026-09-26/064206989363_ohlcv_7fce52049331.json
2026-09-26T00:15:00+00:00,3yXXas5wQqC6LzV9x22GEqVr9Dgg1VC6yynkVGhRWJWM,solana,PumpSwap,,,,,2026-09-25T14:14:54Z,0.0003550460924311852,,,,,,,,,,,,,,,,,,,ohlcv_backfill,minute,0.00036245491975544337,0.00037601795121135906,0.0003051397759839613,0.0003550460924311852,31871.20330387991,/home/runner/work/Solana-Memecoin-Analysis/Solana-Memecoin-Analysis/data/cache/2026-09-26/064206989363_ohlcv_7fce52049331.json
2026-09-26T00:10:00+00:00,3yXXas5wQqC6LzV9x22GEqVr9Dgg1VC6yynkVGhRWJWM,solana,PumpSwap,,,,,2026-09-25T14:14:54Z,0.00036245491975544337,,,,,,,,,,,,,,,,,,,ohlcv_backfill,minute,0.0004136834676671382,0.00041755963716244663,0.00034670994242597033,0.00036245491975544337,9944.541893265,/home/runner/work/Solana-Memecoin-Analysis/Solana-Memecoin-Analysis/data/cache/2026-09-26/064206989363_ohlcv_7fce52049331.json
2026-09-26T00:05:00+00:00,3yXXas5wQqC6LzV9x22GEqVr9Dgg1VC6yynkVGhRWJWM,solana,PumpSwap,,,,,2026-09-25T14:14:54Z,0.0004136834676671382,,,,,,,,,,,,,,,,,,,ohlcv_backfill,minute,0.00039514356959079687,0.00041931451983706955,0.00035374349394051485,0.0004136834676671382,13623.737836225027,/home/runner/work/Solana-Memecoin-Analysis/Solana-Memecoin-Analysis/data/cache/2026-09-26/064206989363_ohlcv_7fce52049331.json
2026-09-26T00:00:00+00:00,3yXXas5wQqC6LzV9x22GEqVr9Dgg1VC6yynkVGhRWJWM,solana,PumpSwap,,,,,2026-09-25T14:14:54Z,0.00039514356959079687,,,,,,,,,,,,,,,,,,,ohlcv_backfill,minute,0.0004183568226910487,0.00042833797310692093,0.0003777740530291862,0.00039514356959079687,13682.874852075287,/home/runner/work/Solana-Memecoin-Analysis/Solana-Memecoin-Analysis/data/cache/2026-09-26/064206989363_ohlcv_7fce52049331.json
2026-09-25T23:55:00+00:00,3yXXas5wQqC6LzV9x22GEqVr9Dgg1VC6yynkVGhRWJWM,solana,PumpSwap,,,,,2026-09-25T14:14:54Z,0.0004183568226910487,,,,,,,,,,,,,,,,,,,ohlcv_backfill,minute,0.0004600024565776766,0.000470096889754837,0.0004120905035122686,0.0004183568226910487,6631.847977349969,/home/runner/work/Solana-Memecoin-Analysis/Solana-Memecoin-Analysis/data/cache/2026-09-26/064206989363_ohlcv_7fce52049331.json
2026-09-25T23:50:00+00:00,3yXXas5wQqC6LzV9x22GEqVr9Dgg1VC6yynkVGhRWJWM,solana,PumpSwap,,,,,2026-09-25T14:14:54Z,0.0004600024565776766,,,,,,,,,,,,,,,,,,,ohlcv_backfill,minute,0.0005239052066274765,0.0005292536829484732,0.000441745713529382,0.0004600024565776766,9219.176780466702,/home/runner/work/Solana-Memecoin-Analysis/Solana-Memecoin-Analysis/data/cache/2026-09-26/064206989363_ohlcv_7fce52049331.json
2026-09-25T23:45:00+00:00,3yXXas5wQqC6LzV9x22GEqVr9Dgg1VC6yynkVGhRWJWM,solana,PumpSwap,,,,,2026-09-25T14:14:54Z,0.0005239052066274765,,,,,,,,,,,,,,,,,,,ohlcv_backfill,minute,0.0004787212145320345,0.0005274049655265353,0.00046539500874703105,0.0005239052066274765,4039.695194708202,/home/runner/work/Solana-Memecoin-Analysis/Solana-Memecoin-Analysis/data/cache/2026-09-26/064206989363_ohlcv_7fce52049331.json
2026-09-25T23:40:00+00:00,3yXXas5wQqC6LzV9x22GEqVr9Dgg1VC6yynkVGhRWJWM,solana,PumpSwap,,,,,2026-09-25T14:14:54Z,0.0004787212145320345,,,,,,,,,,,,,,,,,,,ohlcv_backfill,minute,0.0004327805646419948,0.0005049878524086467,0.00042657698714329014,0.0004787212145320345,9691.341762920163,/home/runner/work/Solana-Memecoin-Analysis/Solana-Memecoin-Analysis/data/cache/2026-09-26/064206989363_ohlcv_7fce52049331.json
2026-09-25T23:35:00+00:00,3yXXas5wQqC6LzV9x22GEqVr9Dgg1VC6yynkVGhRWJWM,solana,PumpSwap,,,,,2026-09-25T14:14:54Z,0.0004327805646419948,,,,,,,,,,,,,,,,,,,ohlcv_backfill,minute,0.0005125571697626024,0.0005125571697626024,0.00042793885708500447,0.0004327805646419948,14627.021790808503,/home/runner/work/Solana-Memecoin-Analysis/Solana-Memecoin-Analysis/data/cache/2026-09-26/064206989363_ohlcv_7fce52049331.json
2026-09-25T23:30:00+00:00,3yXXas5wQqC6LzV9x22GEqVr9Dgg1VC6yynkVGhRWJWM,solana,PumpSwap,,,,,2026-09-25T14:14:54Z,0.0005125571697626024,,,,,,,,,,,,,,,,,,,ohlcv_backfill,minute,0.0005623888039959498,0.0005738866489141264,0.00051077787064486,0.0005125571697626024,6158.629626811793,/home/runner/work/Solana-Memecoin-Analysis/Solana-Memecoin-Analysis/data/cache/2026-09-26/064206989363_ohlcv_7fce52049331.json
2026-09-25T23:25:00+00:00,3yXXas5wQqC6LzV9x22GEqVr9Dgg1VC6yynkVGhRWJWM,solana,PumpSwap,,,,,2026-09-25T14:14:54Z,0.0005623888039959498,,,,,,,,,,,,,,,,,,,ohlcv_backfill,minute,0.0005741927901404962,0.0005741927901404962,0.0005254815522270762,0.0005623888039959498,11936.594975736103,/home/runner/work/Solana-Memecoin-Analysis/Solana-Memecoin-Analysis/data/cache/2026-09-26/064206989363_ohlcv_7fce52049331.json
2026-09-25T23:20:00+00:00,3yXXas5wQqC6LzV9x22GEqVr9Dgg1VC6yynkVGhRWJWM,solana,PumpSwap,,,,,2026-09-25T14:14:54Z,0.0005741927901404962,,,,,,,,,,,,,,,,,,,ohlcv_backfill,minute,0.0005887900318978924,0.0006159643931498442,0.0005594607637732228,0.0005741927901404962,8102.772044323332,/home/runner/work/Solana-Memecoin-Analysis/Solana-Memecoin-Analysis/data/cache/2026-09-26/064206989363_ohlcv_7fce52049331.json
2026-09-25T23:15:00+00:00,3yXXas5wQqC6LzV9x22GEqVr9Dgg1VC6yynkVGhRWJWM,solana,PumpSwap,,,,,2026-09-25T14:14:54Z,0.0005887900318978924,,,,,,,,,,,,,,,,,,,ohlcv_backfill,minute,0.000572995053216558,0.0006337698656845804,0.0005538414530692497,0.0005887900318978924,12396.153430431132,/home/runner/work/Solana-Memecoin-Analysis/Solana-Memecoin-Analysis/data/cache/2026-09-26/064206989363_ohlcv_7fce52049331.json
2026-09-25T23:10:00+00:00,3yXXas5wQqC6LzV9x22GEqVr9Dgg1VC6yynkVGhRWJWM,solana,PumpSwap,,,,,2026-09-25T14:14:54Z,0.000572995053216558,,,,,,,,,,,,,,,,,,,ohlcv_backfill,minute,0.0005466816499712478,0.0005973043420972935,0.0005038857397596547,0.000572995053216558,13992.190326597776,/home/runner/work/Solana-Memecoin-Analysis/Solana-Memecoin-Analysis/data/cache/2026-09-26/064206989363_ohlcv_7fce52049331.json
2026-09-25T23:05:00+00:00,3yXXas5wQqC6LzV9x22GEqVr9Dgg1VC6yynkVGhRWJWM,solana,PumpSwap,,,,,2026-09-25T14:14:54Z,0.0005466816499712478,,,,,,,,,,,,,,,,,,,ohlcv_backfill,minute,0.0004749464319150312,0.0005466816499712478,0.0004749464319150312,0.0005466816499712478,4824.668242507339,/home/runner/work/Solana-Memecoin-Analysis/Solana-Memecoin-Analysis/data/cache/2026-09-26/064206989363_ohlcv_7fce52049331.json
2026-09-25T23:00:00+00:00,3yXXas5wQqC6LzV9x22GEqVr9Dgg1VC6yynkVGhRWJWM,solana,PumpSwap,,,,,2026-09-25T14:14:54Z,0.0004749464319150312,,,,,,,,,,,,,,,,,,,ohlcv_backfill,minute,0.000482353274710936,0.0004935755828217214,0.0004631272197148137,0.0004749464319150312,3741.9639036334884,/home/runner/work/Solana-Memecoin-Analysis/Solana-Memecoin-Analysis/data/cache/2026-09-26/064206989363_ohlcv_7fce52049331.json
2026-09-25T22:55:00+00:00,3yXXas5wQqC6LzV9x22GEqVr9Dgg1VC6yynkVGhRWJWM,solana,PumpSwap,,,,,2026-09-25T14:14:54Z,0.000482353274710936,,,,,,,,,,,,,,,,,,,ohlcv_backfill,minute,0.0004917504974837916,0.0005135713883885896,0.0004768200030613823,0.000482353274710936,6015.636217691419,/home/runner/work/Solana-Memecoin-Analysis/Solana-Memecoin-Analysis/data/cache/2026-09-26/064206989363_ohlcv_7fce52049331.json
2026-09-25T22:50:00+00:00,3yXXas5wQqC6LzV9x22GEqVr9Dgg1VC6yynkVGhRWJWM,solana,PumpSwap,,,,,2026-09-25T14:14:54Z,0.0004917504974837916,,,,,,,,,,,,,,,,,,,ohlcv_backfill,minute,0.0004174476945363758,0.0004986088303218181,0.000417297448125407,0.0004917504974837916,9279.65407772418,/home/runner/work/Solana-Memecoin-Analysis/Solana-Memecoin-Analysis/data/cache/2026-09-26/064206989363_ohlcv_7fce52049331.json
2026-09-25T22:45:00+00:00,3yXXas5wQqC6LzV9x22GEqVr9Dgg1VC6yynkVGhRWJWM,solana,PumpSwap,,,,,2026-09-25T14:14:54Z,0.0004174476945363758,,,,,,,,,,,,,,,,,,,ohlcv_backfill,minute,0.00041082703991718984,0.00044577560980599377,0.0004017795350199029,0.0004174476945363758,6416.367324586191,/home/runner/work/Solana-Memecoin-Analysis/Solana-Memecoin-Analysis/data/cache/2026-09-26/064206989363_ohlcv_7fce52049331.json
2026-09-25T22:40:00+00:00,3yXXas5wQqC6LzV9x22GEqVr9Dgg1VC6yynkVGhRWJWM,solana,PumpSwap,,,,,2026-09-25T14:14:54Z,0.00041082703991718984,,,,,,,,,,,,,,,,,,,ohlcv_backfill,minute,0.00047295129425683997,0.0005093023346036766,0.00041082703991718984,0.00041082703991718984,10829.98306564148,/home/runner/work/Solana-Memecoin-Analysis/Solana-Memecoin-Analysis/data/cache/2026-09-26/064206989363_ohlcv_7fce52049331.json
2026-09-25T22:35:00+00:00,3yXXas5wQqC6LzV9x22GEqVr9Dgg1VC6yynkVGhRWJWM,solana,PumpSwap,,,,,2026-09-25T14:14:54Z,0.00047295129425683997,,,,,,,,,,,,,,,,,,,ohlcv_backfill,minute,0.000475584666072687,0.0005155251946400685,0.0004651863333886032,0.00047295129425683997,6504.289254918436,/home/runner/work/Solana-Memecoin-Analysis/Solana-Memecoin-Analysis/data/cache/2026-09-26/064206989363_ohlcv_7fce52049331.json
2026-09-25T22:30:00+00:00,3yXXas5wQqC6LzV9x22GEqVr9Dgg1VC6yynkVGhRWJWM,solana,PumpSwap,,,,,2026-09-25T14:14:54Z,0.000475584666072687,,,,,,,,,,,,,,,,,,,ohlcv_backfill,minute,0.0004443996209876101,0.00048143406452272444,0.00043088963103783543,0.000475584666072687,7429.226102582288,/home/runner/work/Solana-Memecoin-Analysis/Solana-Memecoin-Analysis/data/cache/2026-09-26/064206989363_ohlcv_7fce52049331.json
2026-09-25T22:25:00+00:00,3yXXas5wQqC6LzV9x22GEqVr9Dgg1VC6yynkVGhRWJWM,solana,PumpSwap,,,,,2026-09-25T14:14:54Z,0.0004443996209876101,,,,,,,,,,,,,,,,,,,ohlcv_backfill,minute,0.0004880234347408782,0.0004957592983410446,0.0004149846264866742,0.0004443996209876101,7505.695136704691,/home/runner/work/Solana-Memecoin-Analysis/Solana-Memecoin-Analysis/data/cache/2026-09-26/064206989363_ohlcv_7fce52049331.json
2026-09-25T22:20:00+00:00,3yXXas5wQqC6LzV9x22GEqVr9Dgg1VC6yynkVGhRWJWM,solana,PumpSwap,,,,,2026-09-25T14:14:54Z,0.0004880234347408782,,,,,,,,,,,,,,,,,,,ohlcv_backfill,minute,0.00048483448884893086,0.0005106321612475521,0.0004547075904675107,0.0004880234347408782,8031.734688708983,/home/runner/work/Solana-Memecoin-Analysis/Solana-Memecoin-Analysis/data/cache/2026-09-26/064206989363_ohlcv_7fce52049331.json
2026-09-25T22:15:00+00:00,3yXXas5wQqC6LzV9x22GEqVr9Dgg1VC6yynkVGhRWJWM,solana,PumpSwap,,,,,2026-09-25T14:14:54Z,0.00048483448884893086,,,,,,,,,,,,,,,,,,,ohlcv_backfill,minute,0.00048642621014623405,0.0005004489218709715,0.000457980934639572,0.00048483448884893086,11966.894926308096,/home/runner/work/Solana-Memecoin-Analysis/Solana-Memecoin-Analysis/data/cache/2026-09-26/064206989363_ohlcv_7fce52049331.json
2026-09-25T22:10:00+00:00,3yXXas5wQqC6LzV9x22GEqVr9Dgg1VC6yynkVGhRWJWM,solana,PumpSwap,,,,,2026-09-25T14:14:54Z,0.00048642621014623405,,,,,,,,,,,,,,,,,,,ohlcv_backfill,minute,0.00044878686480889193,0.0004890986619083889,0.00044160892384726693,0.00048642621014623405,8069.638668946729,/home/runner/work/Solana-Memecoin-Analysis/Solana-Memecoin-Analysis/data/cache/2026-09-26/064206989363_ohlcv_7fce52049331.json
2026-09-25T22:05:00+00:00,3yXXas5wQqC6LzV9x22GEqVr9Dgg1VC6yynkVGhRWJWM,solana,PumpSwap,,,,,2026-09-25T14:14:54Z,0.00044878686480889193,,,,,,,,,,,,,,,,,,,ohlcv_backfill,minute,0.0004271528206536835,0.00046406740954501734,0.0004045809884701801,0.00044878686480889193,19148.562712204355,/home/runner/work/Solana-Memecoin-Analysis/Solana-Memecoin-Analysis/data/cache/2026-09-26/064206989363_ohlcv_7fce52049331.json
2026-09-25T22:00:00+00:00,3yXXas5wQqC6LzV9x22GEqVr9Dgg1VC6yynkVGhRWJWM,solana,PumpSwap,,,,,2026-09-25T14:14:54Z,0.0004271528206536835,,,,,,,,,,,,,,,,,,,ohlcv_backfill,minute,0.0005486021510452158,0.0005540253262449119,0.000423247407404772,0.0004271528206536835,29806.183826644443,/home/runner/work/Solana-Memecoin-Analysis/Solana-Memecoin-Analysis/data/cache/2026-09-26/064206989363_ohlcv_7fce52049331.json
2026-09-25T21:55:00+00:00,3yXXas5wQqC6LzV9x22GEqVr9Dgg1VC6yynkVGhRWJWM,solana,PumpSwap,,,,,2026-09-25T14:14:54Z,0.0005486021510452158,,,,,,,,,,,,,,,,,,,ohlcv_backfill,minute,0.000546923505436092,0.0005639464397764977,0.000538777463232454,0.0005486021510452158,3294.6243244259495,/home/runner/work/Solana-Memecoin-Analysis/Solana-Memecoin-Analysis/data/cache/2026-09-26/064206989363_ohlcv_7fce52049331.json
2026-09-25T21:50:00+00:00,3yXXas5wQqC6LzV9x22GEqVr9Dgg1VC6yynkVGhRWJWM,solana,PumpSwap,,,,,2026-09-25T14:14:54Z,0.000546923505436092,,,,,,,,,,,,,,,,,,,ohlcv_backfill,minute,0.0005294032970066268,0.0005767477577483433,0.0005293821896534505,0.000546923505436092,6937.844298326022,/home/runner/work/Solana-Memecoin-Analysis/Solana-Memecoin-Analysis/data/cache/2026-09-26/064206989363_ohlcv_7fce52049331.json
2026-09-25T21:45:00+00:00,3yXXas5wQqC6LzV9x22GEqVr9Dgg1VC6yynkVGhRWJWM,solana,PumpSwap,,,,,2026-09-25T14:14:54Z,0.0005294032970066268,,,,,,,,,,,,,,,,,,,ohlcv_backfill,minute,0.0005647845281177029,0.0005796813963728598,0.0005141765414010922,0.0005294032970066268,11633.174194832658,/home/runner/work/Solana-Memecoin-Analysis/Solana-Memecoin-Analysis/data/cache/2026-09-26/064206989363_ohlcv_7fce52049331.json
2026-09-25T21:40:00+00:00,3yXXas5wQqC6LzV9x22GEqVr9Dgg1VC6yynkVGhRWJWM,solana,PumpSwap,,,,,2026-09-25T14:14:54Z,0.0005647845281177029,,,,,,,,,,,,,,,,,,,ohlcv_backfill,minute,0.0006107668882109711,0.000613984098987119,0.0005579062413539527,0.0005647845281177029,6657.580960886689,/home/runner/work/Solana-Memecoin-Analysis/Solana-Memecoin-Analysis/data/cache/2026-09-26/064206989363_ohlcv_7fce52049331.json
2026-09-25T21:35:00+00:00,3yXXas5wQqC6LzV9x22GEqVr9Dgg1VC6yynkVGhRWJWM,solana,PumpSwap,,,,,2026-09-25T14:14:54Z,0.0006107668882109711,,,,,,,,,,,,,,,,,,,ohlcv_backfill,minute,0.0006158782258346519,0.0006588924153442626,0.0005546412131839542,0.0006107668882109711,16629.509982076917,/home/runner/work/Solana-Memecoin-Analysis/Solana-Memecoin-Analysis/data/cache/2026-09-26/064206989363_ohlcv_7fce52049331.json
2026-09-25T21:30:00+00:00,3yXXas5wQqC6LzV9x22GEqVr9Dgg1VC6yynkVGhRWJWM,solana,PumpSwap,,,,,2026-09-25T14:14:54Z,0.0006158782258346519,,,,,,,,,,,,,,,,,,,ohlcv_backfill,minute,0.0005920631093572045,0.000631240187481995,0.0005786279206748178,0.0006158782258346519,10109.33952104676,/home/runner/work/Solana-Memecoin-Analysis/Solana-Memecoin-Analysis/data/cache/2026-09-26/064206989363_ohlcv_7fce52049331.json
2026-09-25T21:25:00+00:00,3yXXas5wQqC6LzV9x22GEqVr9Dgg1VC6yynkVGhRWJWM,solana,PumpSwap,,,,,2026-09-25T14:14:54Z,0.0005920631093572045,,,,,,,,,,,,,,,,,,,ohlcv_backfill,minute,0.0006593043837498424,0.0006767752634981406,0.0005920631093572045,0.0005920631093572045,9997.21734898372,/home/runner/work/Solana-Memecoin-Analysis/Solana-Memecoin-Analysis/data/cache/2026-09-26/064206989363_ohlcv_7fce52049331.json
2026-09-25T21:20:00+00:00,3yXXas5wQqC6LzV9x22GEqVr9Dgg1VC6yynkVGhRWJWM,solana,PumpSwap,,,,,2026-09-25T14:14:54Z,0.0006593043837498424,,,,,,,,,,,,,,,,,,,ohlcv_backfill,minute,0.0006938649641746645,0.0007344085601424029,0.0006574729895566569,0.0006593043837498424,20135.816568163773,/home/runner/work/Solana-Memecoin-Analysis/Solana-Memecoin-Analysis/data/cache/2026-09-26/064206989363_ohlcv_7fce52049331.json
2026-09-25T21:15:00+00:00,3yXXas5wQqC6LzV9x22GEqVr9Dgg1VC6yynkVGhRWJWM,solana,PumpSwap,,,,,2026-09-25T14:14:54Z,0.0006938649641746645,,,,,,,,,,,,,,,,,,,ohlcv_backfill,minute,0.0006137772159977445,0.0007112411419867713,0.0005943098093457457,0.0006938649641746645,15243.768133222284,/home/runner/work/Solana-Memecoin-Analysis/Solana-Memecoin-Analysis/data/cache/2026-09-26/064206989363_ohlcv_7fce52049331.json
2026-09-25T21:10:00+00:00,3yXXas5wQqC6LzV9x22GEqVr9Dgg1VC6yynkVGhRWJWM,solana,PumpSwap,,,,,2026-09-25T14:14:54Z,0.0006137772159977445,,,,,,,,,,,,,,,,,,,ohlcv_backfill,minute,0.0006268079652459909,0.000650819963684904,0.0005814007913214767,0.0006137772159977445,18598.563194235878,/home/runner/work/Solana-Memecoin-Analysis/Solana-Memecoin-Analysis/data/cache/2026-09-26/064206989363_ohlcv_7fce52049331.json
2026-09-25T21:05:00+00:00,3yXXas5wQqC6LzV9x22GEqVr9Dgg1VC6yynkVGhRWJWM,solana,PumpSwap,,,,,2026-09-25T14:14:54Z,0.0006268079652459909,,,,,,,,,,,,,,,,,,,ohlcv_backfill,minute,0.0005820684672458494,0.0006268079652459909,0.0005050930218212119,0.0006268079652459909,19162.872549687407,/home/runner/work/Solana-Memecoin-Analysis/Solana-Memecoin-Analysis/data/cache/2026-09-26/064206989363_ohlcv_7fce52049331.json
2026-09-25T21:00:00+00:00,3yXXas5wQqC6LzV9x22GEqVr9Dgg1VC6yynkVGhRWJWM,solana,PumpSwap,,,,,2026-09-25T14:14:54Z,0.0005820684672458494,,,,,,,,,,,,,,,,,,,ohlcv_backfill,minute,0.0005542195133491309,0.0006313472605895053,0.0005253131513039285,0.0005820684672458494,33640.66070768447,/home/runner/work/Solana-Memecoin-Analysis/Solana-Memecoin-Analysis/data/cache/2026-09-26/064206989363_ohlcv_7fce52049331.json
2026-09-25T20:55:00+00:00,3yXXas5wQqC6LzV9x22GEqVr9Dgg1VC6yynkVGhRWJWM,solana,PumpSwap,,,,,2026-09-25T14:14:54Z,0.0005542195133491309,,,,,,,,,,,,,,,,,,,ohlcv_backfill,minute,0.00044667192648308306,0.0005870831434216427,0.0004145072898362902,0.0005542195133491309,46896.85333546531,/home/runner/work/Solana-Memecoin-Analysis/Solana-Memecoin-Analysis/data/cache/2026-09-26/064206989363_ohlcv_7fce52049331.json
2026-09-25T20:50:00+00:00,3yXXas5wQqC6LzV9x22GEqVr9Dgg1VC6yynkVGhRWJWM,solana,PumpSwap,,,,,2026-09-25T14:14:54Z,0.00044667192648308306,,,,,,,,,,,,,,,,,,,ohlcv_backfill,minute,0.0005525736796469235,0.0005697310099918785,0.00041304822536103187,0.00044667192648308306,36800.905406524274,/home/runner/work/Solana-Memecoin-Analysis/Solana-Memecoin-Analysis/data/cache/2026-09-26/064206989363_ohlcv_7fce52049331.json
2026-09-25T20:45:00+00:00,3yXXas5wQqC6LzV9x22GEqVr9Dgg1VC6yynkVGhRWJWM,solana,PumpSwap,,,,,2026-09-25T14:14:54Z,0.0005525736796469235,,,,,,,,,,,,,,,,,,,ohlcv_backfill,minute,0.0005482682915960315,0.0006165646974763434,0.0005363967094175909,0.0005525736796469235,25670.69401891659,/home/runner/work/Solana-Memecoin-Analysis/Solana-Memecoin-Analysis/data/cache/2026-09-26/064206989363_ohlcv_7fce52049331.json
2026-09-25T20:40:00+00:00,3yXXas5wQqC6LzV9x22GEqVr9Dgg1VC6yynkVGhRWJWM,solana,PumpSwap,,,,,2026-09-25T14:14:54Z,0.0005482682915960315,,,,,,,,,,,,,,,,,,,ohlcv_backfill,minute,0.0005474868564527846,0.0005641656452909709,0.00048457737726996086,0.0005482682915960315,34826.544431730596,/home/runner/work/Solana-Memecoin-Analysis/Solana-Memecoin-Analysis/data/cache/2026-09-26/064206989363_ohlcv_7fce52049331.json
2026-09-25T20:35:00+00:00,3yXXas5wQqC6LzV9x22GEqVr9Dgg1VC6yynkVGhRWJWM,solana,PumpSwap,,,,,2026-09-25T14:14:54Z,0.0005474868564527846,,,,,,,,,,,,,,,,,,,ohlcv_backfill,minute,0.0005989774295004101,0.0006757129087895262,0.0005203993370990033,0.0005474868564527846,58726.86220715216,/home/runner/work/Solana-Memecoin-Analysis/Solana-Memecoin-Analysis/data/cache/2026-09-26/064206989363_ohlcv_7fce52049331.json
2026-09-25T20:30:00+00:00,3yXXas5wQqC6LzV9x22GEqVr9Dgg1VC6yynkVGhRWJWM,solana,PumpSwap,,,,,2026-09-25T14:14:54Z,0.0005989774295004101,,,,,,,,,,,,,,,,,,,ohlcv_backfill,minute,0.0006282261396625735,0.0006701602763281789,0.0005490946620430524,0.0005989774295004101,24970.75381240351,/home/runner/work/Solana-Memecoin-Analysis/Solana-Memecoin-Analysis/data/cache/2026-09-26/064206989363_ohlcv_7fce52049331.json
2026-09-25T20:25:00+00:00,3yXXas5wQqC6LzV9x22GEqVr9Dgg1VC6yynkVGhRWJWM,solana,PumpSwap,,,,,2026-09-25T14:14:54Z,0.0006282261396625735,,,,,,,,,,,,,,,,,,,ohlcv_backfill,minute,0.0007215369308423075,0.0007279131167629674,0.000580268675948991,0.0006282261396625735,29181.66500831042,/home/runner/work/Solana-Memecoin-Analysis/Solana-Memecoin-Analysis/data/cache/2026-09-26/064206989363_ohlcv_7fce52049331.json
2026-09-25T20:20:00+00:00,3yXXas5wQqC6LzV9x22GEqVr9Dgg1VC6yynkVGhRWJWM,solana,PumpSwap,,,,,2026-09-25T14:14:54Z,0.0007215369308423075,,,,,,,,,,,,,,,,,,,ohlcv_backfill,minute,0.0006893757000238094,0.0007425492186528409,0.000678591165055264,0.0007215369308423075,16550.873299517058,/home/runner/work/Solana-Memecoin-Analysis/Solana-Memecoin-Analysis/data/cache/2026-09-26/064206989363_ohlcv_7fce52049331.json
2026-09-25T20:15:00+00:00,3yXXas5wQqC6LzV9x22GEqVr9Dgg1VC6yynkVGhRWJWM,solana,PumpSwap,,,,,2026-09-25T14:14:54Z,0.0006893757000238094,,,,,,,,,,,,,,,,,,,ohlcv_backfill,minute,0.0009439822802080565,0.0009445549546994366,0.0006091972766589463,0.0006893757000238094,53297.64541527036,/home/runner/work/Solana-Memecoin-Analysis/Solana-Memecoin-Analysis/data/cache/2026-09-26/064206989363_ohlcv_7fce52049331.json
2026-09-25T20:10:00+00:00,3yXXas5wQqC6LzV9x22GEqVr9Dgg1VC6yynkVGhRWJWM,solana,PumpSwap,,,,,2026-09-25T14:14:54Z,0.0009439822802080565,,,,,,,,,,,,,,,,,,,ohlcv_backfill,minute,0.000940683947623989,0.0009992409322799086,0.0008626026348933998,0.0009439822802080565,14968.750710688457,/home/runner/work/Solana-Memecoin-Analysis/Solana-Memecoin-Analysis/data/cache/2026-09-26/064206989363_ohlcv_7fce52049331.json
2026-09-25T20:05:00+00:00,3yXXas5wQqC6LzV9x22GEqVr9Dgg1VC6yynkVGhRWJWM,solana,PumpSwap,,,,,2026-09-25T14:14:54Z,0.000940683947623989,,,,,,,,,,,,,,,,,,,ohlcv_backfill,minute,0.0009924959104725625,0.0010068980398361092,0.00089414764473793,0.000940683947623989,14422.55022651276,/home/runner/work/Solana-Memecoin-Analysis/Solana-Memecoin-Analysis/data/cache/2026-09-26/064206989363_ohlcv_7fce52049331.json
2026-09-25T20:00:00+00:00,3yXXas5wQqC6LzV9x22GEqVr9Dgg1VC6yynkVGhRWJWM,solana,PumpSwap,,,,,2026-09-25T14:14:54Z,0.0009924959104725625,,,,,,,,,,,,,,,,,,,ohlcv_backfill,minute,0.0010830482967310949,0.0011201536817517347,0.0009924959104725625,0.0009924959104725625,7675.056965690674,/home/runner/work/Solana-Memecoin-Analysis/Solana-Memecoin-Analysis/data/cache/2026-09-26/064206989363_ohlcv_7fce52049331.json
2026-09-25T19:55:00+00:00,3yXXas5wQqC6LzV9x22GEqVr9Dgg1VC6yynkVGhRWJWM,solana,PumpSwap,,,,,2026-09-25T14:14:54Z,0.0010830482967310949,,,,,,,,,,,,,,,,,,,ohlcv_backfill,minute,0.0008646062283984943,0.0012046014425156535,0.0008444847594518434,0.0010830482967310949,35557.822558758875,/home/runner/work/Solana-Memecoin-Analysis/Solana-Memecoin-Analysis/data/cache/2026-09-26/064206989363_ohlcv_7fce52049331.json
2026-09-25T19:50:00+00:00,3yXXas5wQqC6LzV9x22GEqVr9Dgg1VC6yynkVGhRWJWM,solana,PumpSwap,,,,,2026-09-25T14:14:54Z,0.0008646062283984943,,,,,,,,,,,,,,,,,,,ohlcv_backfill,minute,0.0008270492991169959,0.0010003964332120077,0.0007966282364085266,0.0008646062283984943,33709.789123482005,/home/runner/work/Solana-Memecoin-Analysis/Solana-Memecoin-Analysis/data/cache/2026-09-26/064206989363_ohlcv_7fce52049331.json
2026-09-25T19:45:00+00:00,3yXXas5wQqC6LzV9x22GEqVr9Dgg1VC6yynkVGhRWJWM,solana,PumpSwap,,,,,2026-09-25T14:14:54Z,0.0008270492991169959,,,,,,,,,,,,,,,,,,,ohlcv_backfill,minute,0.0009322705831356976,0.0009881867503150562,0.0007792394166105946,0.0008270492991169959,29152.15286326851,/home/runner/work/Solana-Memecoin-Analysis/Solana-Memecoin-Analysis/data/cache/2026-09-26/064206989363_ohlcv_7fce52049331.json
2026-09-25T19:40:00+00:00,3yXXas5wQqC6LzV9x22GEqVr9Dgg1VC6yynkVGhRWJWM,solana,PumpSwap,,,,,2026-09-25T14:14:54Z,0.0009322705831356976,,,,,,,,,,,,,,,,,,,ohlcv_backfill,minute,0.0009113349657451488,0.0009535433937198535,0.0008626646634678791,0.0009322705831356976,19711.374235187366,/home/runner/work/Solana-Memecoin-Analysis/Solana-Memecoin-Analysis/data/cache/2026-09-26/064206989363_ohlcv_7fce52049331.json
2026-09-25T19:35:00+00:00,3yXXas5wQqC6LzV9x22GEqVr9Dgg1VC6yynkVGhRWJWM,solana,PumpSwap,,,,,2026-09-25T14:14:54Z,0.0009113349657451488,,,,,,,,,,,,,,,,,,,ohlcv_backfill,minute,0.0009834094771523393,0.0010128675964027243,0.0009100578179381732,0.0009113349657451488,18815.991662404576,/home/runner/work/Solana-Memecoin-Analysis/Solana-Memecoin-Analysis/data/cache/2026-09-26/064206989363_ohlcv_7fce52049331.json
2026-09-25T19:30:00+00:00,3yXXas5wQqC6LzV9x22GEqVr9Dgg1VC6yynkVGhRWJWM,solana,PumpSwap,,,,,2026-09-25T14:14:54Z,0.0009834094771523393,,,,,,,,,,,,,,,,,,,ohlcv_backfill,minute,0.0010737980785972198,0.001222680598034769,0.0009272265470381088,0.0009834094771523393,44479.543017386066,/home/runner/work/Solana-Memecoin-Analysis/Solana-Memecoin-Analysis/data/cache/2026-09-26/064206989363_ohlcv_7fce52049331.json
2026-09-25T19:25:00+00:00,3yXXas5wQqC6LzV9x22GEqVr9Dgg1VC6yynkVGhRWJWM,solana,PumpSwap,,,,,2026-09-25T14:14:54Z,0.0010737980785972198,,,,,,,,,,,,,,,,,,,ohlcv_backfill,minute,0.0011924237106031076,0.0012832005199072856,0.0009953850750645523,0.0010737980785972198,39727.402468518376,/home/runner/work/Solana-Memecoin-Analysis/Solana-Memecoin-Analysis/data/cache/2026-09-26/064206989363_ohlcv_7fce52049331.json
2026-09-25T19:20:00+00:00,3yXXas5wQqC6LzV9x22GEqVr9Dgg1VC6yynkVGhRWJWM,solana,PumpSwap,,,,,2026-09-25T14:14:54Z,0.0011924237106031076,,,,,,,,,,,,,,,,,,,ohlcv_backfill,minute,0.0010063668451985566,0.00124087243933894,0.0009666925467046214,0.0011924237106031076,33536.140095810755,/home/runner/work/Solana-Memecoin-Analysis/Solana-Memecoin-Analysis/data/cache/2026-09-26/064206989363_ohlcv_7fce52049331.json
2026-09-25T19:15:00+00:00,3yXXas5wQqC6LzV9x22GEqVr9Dgg1VC6yynkVGhRWJWM,solana,PumpSwap,,,,,2026-09-25T14:14:54Z,0.0010063668451985566,,,,,,,,,,,,,,,,,,,ohlcv_backfill,minute,0.001030987303911975,0.0010473768245982495,0.000931875196912683,0.0010063668451985566,18377.60145139601,/home/runner/work/Solana-Memecoin-Analysis/Solana-Memecoin-Analysis/data/cache/2026-09-26/064206989363_ohlcv_7fce52049331.json
2026-09-25T19:10:00+00:00,3yXXas5wQqC6LzV9x22GEqVr9Dgg1VC6yynkVGhRWJWM,solana,PumpSwap,,,,,2026-09-25T14:14:54Z,0.001030987303911975,,,,,,,,,,,,,,,,,,,ohlcv_backfill,minute,0.0009859280171216566,0.0010331765132743668,0.0008735616843436352,0.001030987303911975,28383.619765390176,/home/runner/work/Solana-Memecoin-Analysis/Solana-Memecoin-Analysis/data/cache/2026-09-26/064206989363_ohlcv_7fce52049331.json
2026-09-25T19:05:00+00:00,3yXXas5wQqC6LzV9x22GEqVr9Dgg1VC6yynkVGhRWJWM,solana,PumpSwap,,,,,2026-09-25T14:14:54Z,0.0009859280171216566,,,,,,,,,,,,,,,,,,,ohlcv_backfill,minute,0.0010885071672677338,0.0011386580271801978,0.0009274438801997751,0.0009859280171216566,47959.16743733359,/home/runner/work/Solana-Memecoin-Analysis/Solana-Memecoin-Analysis/data/cache/2026-09-26/064206989363_ohlcv_7fce52049331.json
2026-09-25T19:00:00+00:00,3yXXas5wQqC6LzV9x22GEqVr9Dgg1VC6yynkVGhRWJWM,solana,PumpSwap,,,,,2026-09-25T14:14:54Z,0.0010885071672677338,,,,,,,,,,,,,,,,,,,ohlcv_backfill,minute,0.001247859708274396,0.001386820049298817,0.0010780431390849205,0.0010885071672677338,62663.86371754462,/home/runner/work/Solana-Memecoin-Analysis/Solana-Memecoin-Analysis/data/cache/2026-09-26/064206989363_ohlcv_7fce52049331.json
2026-09-25T18:55:00+00:00,3yXXas5wQqC6LzV9x22GEqVr9Dgg1VC6yynkVGhRWJWM,solana,PumpSwap,,,,,2026-09-25T14:14:54Z,0.001247859708274396,,,,,,,,,,,,,,,,,,,ohlcv_backfill,minute,0.0009766241442833547,0.0013100258545666811,0.0009683243487470098,0.001247859708274396,38381.30138304356,/home/runner/work/Solana-Memecoin-Analysis/Solana-Memecoin-Analysis/data/cache/2026-09-26/064206989363_ohlcv_7fce52049331.json
2026-09-25T18:50:00+00:00,3yXXas5wQqC6LzV9x22GEqVr9Dgg1VC6yynkVGhRWJWM,solana,PumpSwap,,,,,2026-09-25T14:14:54Z,0.0009766241442833547,,,,,,,,,,,,,,,,,,,ohlcv_backfill,minute,0.0009909896924591801,0.0011823585225302015,0.0009652556173246021,0.0009766241442833547,41614.772934138375,/home/runner/work/Solana-Memecoin-Analysis/Solana-Memecoin-Analysis/data/cache/2026-09-26/064206989363_ohlcv_7fce52049331.json
2026-09-25T18:45:00+00:00,3yXXas5wQqC6LzV9x22GEqVr9Dgg1VC6yynkVGhRWJWM,solana,PumpSwap,,,,,2026-09-25T14:14:54Z,0.0009909896924591801,,,,,,,,,,,,,,,,,,,ohlcv_backfill,minute,0.0008431572719169009,0.0010096010946979556,0.0008161586589068482,0.0009909896924591801,22531.75702702562,/home/runner/work/Solana-Memecoin-Analysis/Solana-Memecoin-Analysis/data/cache/2026-09-26/064206989363_ohlcv_7fce52049331.json
2026-09-25T18:40:00+00:00,3yXXas5wQqC6LzV9x22GEqVr9Dgg1VC6yynkVGhRWJWM,solana,PumpSwap,,,,,2026-09-25T14:14:54Z,0.0008431572719169009,,,,,,,,,,,,,,,,,,,ohlcv_backfill,minute,0.0007974159014998714,0.0008750232510103237,0.0007725811470835342,0.0008431572719169009,15285.23158101412,/home/runner/work/Solana-Memecoin-Analysis/Solana-Memecoin-Analysis/data/cache/2026-09-26/064206989363_ohlcv_7fce52049331.json
2026-09-25T18:35:00+00:00,3yXXas5wQqC6LzV9x22GEqVr9Dgg1VC6yynkVGhRWJWM,solana,PumpSwap,,,,,2026-09-25T14:14:54Z,0.0007974159014998714,,,,,,,,,,,,,,,,,,,ohlcv_backfill,minute,0.0008032598670280501,0.0008697449471495486,0.000783328410723449,0.0007974159014998714,10845.773264018797,/home/runner/work/Solana-Memecoin-Analysis/Solana-Memecoin-Analysis/data/cache/2026-09-26/064206989363_ohlcv_7fce52049331.json
2026-09-25T18:30:00+00:00,3yXXas5wQqC6LzV9x22GEqVr9Dgg1VC6yynkVGhRWJWM,solana,PumpSwap,,,,,2026-09-25T14:14:54Z,0.0008032598670280501,,,,,,,,,,,,,,,,,,,ohlcv_backfill,minute,0.0009382687377321595,0.0009912006814617141,0.0006758102641172291,0.0008032598670280501,43240.24915822145,/home/runner/work/Solana-Memecoin-Analysis/Solana-Memecoin-Analysis/data/cache/2026-09-26/064206989363_ohlcv_7fce52049331.json
2026-09-25T18:25:00+00:00,3yXXas5wQqC6LzV9x22GEqVr9Dgg1VC6yynkVGhRWJWM,solana,PumpSwap,,,,,2026-09-25T14:14:54Z,0.0009382687377321595,,,,,,,,,,,,,,,,,,,ohlcv_backfill,minute,0.0006781312533131934,0.000985937431180854,0.0006674521401200178,0.0009382687377321595,70005.57660086245,/home/runner/work/Solana-Memecoin-Analysis/Solana-Memecoin-Analysis/data/cache/2026-09-26/064206989363_ohlcv_7fce52049331.json
2026-09-25T18:20:00+00:00,3yXXas5wQqC6LzV9x22GEqVr9Dgg1VC6yynkVGhRWJWM,solana,PumpSwap,,,,,2026-09-25T14:14:54Z,0.0006781312533131934,,,,,,,,,,,,,,,,,,,ohlcv_backfill,minute,0.0008193889156518962,0.0008193889156518962,0.000621981137614681,0.0006781312533131934,69917.75531841794,/home/runner/work/Solana-Memecoin-Analysis/Solana-Memecoin-Analysis/data/cache/2026-09-26/064206989363_ohlcv_7fce52049331.json
2026-09-25T18:15:00+00:00,3yXXas5wQqC6LzV9x22GEqVr9Dgg1VC6yynkVGhRWJWM,solana,PumpSwap,,,,,2026-09-25T14:14:54Z,0.0008193889156518962,,,,,,,,,,,,,,,,,,,ohlcv_backfill,minute,0.0008537929357463141,0.0008846119430320731,0.0007764230185404007,0.0008193889156518962,25485.023496125632,/home/runner/work/Solana-Memecoin-Analysis/Solana-Memecoin-Analysis/data/cache/2026-09-26/064206989363_ohlcv_7fce52049331.json
2026-09-25T18:10:00+00:00,3yXXas5wQqC6LzV9x22GEqVr9Dgg1VC6yynkVGhRWJWM,solana,PumpSwap,,,,,2026-09-25T14:14:54Z,0.0008537929357463141,,,,,,,,,,,,,,,,,,,ohlcv_backfill,minute,0.0010762175927385583,0.00109383979803225,0.0007737789694124942,0.0008537929357463141,44715.23715856208,/home/runner/work/Solana-Memecoin-Analysis/Solana-Memecoin-Analysis/data/cache/2026-09-26/064206989363_ohlcv_7fce52049331.json
2026-09-25T18:05:00+00:00,3yXXas5wQqC6LzV9x22GEqVr9Dgg1VC6yynkVGhRWJWM,solana,PumpSwap,,,,,2026-09-25T14:14:54Z,0.0010762175927385583,,,,,,,,,,,,,,,,,,,ohlcv_backfill,minute,0.0010857864970575575,0.001152926747571146,0.0010146089747092358,0.0010762175927385583,17218.38455039585,/home/runner/work/Solana-Memecoin-Analysis/Solana-Memecoin-Analysis/data/cache/2026-09-26/064206989363_ohlcv_7fce52049331.json
2026-09-25T18:00:00+00:00,3yXXas5wQqC6LzV9x22GEqVr9Dgg1VC6yynkVGhRWJWM,solana,PumpSwap,,,,,2026-09-25T14:14:54Z,0.0010857864970575575,,,,,,,,,,,,,,,,,,,ohlcv_backfill,minute,0.0010060743812037706,0.00110092984136556,0.0008661355013128104,0.0010857864970575575,25967.572947835033,/home/runner/work/Solana-Memecoin-Analysis/Solana-Memecoin-Analysis/data/cache/2026-09-26/064206989363_ohlcv_7fce52049331.json
2026-09-25T17:55:00+00:00,3yXXas5wQqC6LzV9x22GEqVr9Dgg1VC6yynkVGhRWJWM,solana,PumpSwap,,,,,2026-09-25T14:14:54Z,0.0010060743812037706,,,,,,,,,,,,,,,,,,,ohlcv_backfill,minute,0.0008014089639783191,0.0010596606963733548,0.0007414706426274025,0.0010060743812037706,53150.49262949937,/home/runner/work/Solana-Memecoin-Analysis/Solana-Memecoin-Analysis/data/cache/2026-09-26/064206989363_ohlcv_7fce52049331.json
2026-09-25T17:50:00+00:00,3yXXas5wQqC6LzV9x22GEqVr9Dgg1VC6yynkVGhRWJWM,solana,PumpSwap,,,,,2026-09-25T14:14:54Z,0.0008014089639783191,,,,,,,,,,,,,,,,,,,ohlcv_backfill,minute,0.0009149598146569082,0.0009454759006531107,0.0007550341600930779,0.0008014089639783191,30794.341965072126,/home/runner/work/Solana-Memecoin-Analysis/Solana-Memecoin-Analysis/data/cache/2026-09-26/064206989363_ohlcv_7fce52049331.json
2026-09-25T17:45:00+00:00,3yXXas5wQqC6LzV9x22GEqVr9Dgg1VC6yynkVGhRWJWM,solana,PumpSwap,,,,,2026-09-25T14:14:54Z,0.0009149598146569082,,,,,,,,,,,,,,,,,,,ohlcv_backfill,minute,0.0009118240917115348,0.0009478903358233018,0.0008077426017858607,0.0009149598146569082,35341.084164407475,/home/runner/work/Solana-Memecoin-Analysis/Solana-Memecoin-Analysis/data/cache/2026-09-26/064206989363_ohlcv_7fce52049331.json
2026-09-25T17:40:00+00:00,3yXXas5wQqC6LzV9x22GEqVr9Dgg1VC6yynkVGhRWJWM,solana,PumpSwap,,,,,2026-09-25T14:14:54Z,0.0009118240917115348,,,,,,,,,,,,,,,,,,,ohlcv_backfill,minute,0.0011457752324060659,0.001183365941509101,0.0009029400874655823,0.0009118240917115348,53437.07857009411,/home/runner/work/Solana-Memecoin-Analysis/Solana-Memecoin-Analysis/data/cache/2026-09-26/064206989363_ohlcv_7fce52049331.json
2026-09-25T17:35:00+00:00,3yXXas5wQqC6LzV9x22GEqVr9Dgg1VC6yynkVGhRWJWM,solana,PumpSwap,,,,,2026-09-25T14:14:54Z,0.0011457752324060659,,,,,,,,,,,,,,,,,,,ohlcv_backfill,minute,0.0009221073562329071,0.0011466967389840166,0.0008753053816671828,0.0011457752324060659,63358.598890103574,/home/runner/work/Solana-Memecoin-Analysis/Solana-Memecoin-Analysis/data/cache/2026-09-26/064206989363_ohlcv_7fce52049331.json
2026-09-25T17:30:00+00:00,3yXXas5wQqC6LzV9x22GEqVr9Dgg1VC6yynkVGhRWJWM,solana,PumpSwap,,,,,2026-09-25T14:14:54Z,0.0009221073562329071,,,,,,,,,,,,,,,,,,,ohlcv_backfill,minute,0.0008432081663740409,0.0009772306841485166,0.0007041238810624278,0.0009221073562329071,84118.06306573573,/home/runner/work/Solana-Memecoin-Analysis/Solana-Memecoin-Analysis/data/cache/2026-09-26/064206989363_ohlcv_7fce52049331.json
2026-09-25T17:25:00+00:00,3yXXas5wQqC6LzV9x22GEqVr9Dgg1VC6yynkVGhRWJWM,solana,PumpSwap,,,,,2026-09-25T14:14:54Z,0.0008432081663740409,,,,,,,,,,,,,,,,,,,ohlcv_backfill,minute,0.0010245523474403243,0.0010661649146710716,0.0007115978226220973,0.0008432081663740409,118552.44539499485,/home/runner/work/Solana-Memecoin-Analysis/Solana-Memecoin-Analysis/data/cache/2026-09-26/064206989363_ohlcv_7fce52049331.json
2026-09-25T17:20:00+00:00,3yXXas5wQqC6LzV9x22GEqVr9Dgg1VC6yynkVGhRWJWM,solana,PumpSwap,,,,,2026-09-25T14:14:54Z,0.0010245523474403243,,,,,,,,,,,,,,,,,,,ohlcv_backfill,minute,0.001083287064219652,0.0010952038501334618,0.0008706645670329136,0.0010245523474403243,123396.76669551904,/home/runner/work/Solana-Memecoin-Analysis/Solana-Memecoin-Analysis/data/cache/2026-09-26/064206989363_ohlcv_7fce52049331.json
2026-09-25T17:15:00+00:00,3yXXas5wQqC6LzV9x22GEqVr9Dgg1VC6yynkVGhRWJWM,solana,PumpSwap,,,,,2026-09-25T14:14:54Z,0.001083287064219652,,,,,,,,,,,,,,,,,,,ohlcv_backfill,minute,0.0012770805183409237,0.0012898483906146824,0.001035114923871829,0.001083287064219652,78227.45118596005,/home/runner/work/Solana-Memecoin-Analysis/Solana-Memecoin-Analysis/data/cache/2026-09-26/064206989363_ohlcv_7fce52049331.json
2026-09-25T17:10:00+00:00,3yXXas5wQqC6LzV9x22GEqVr9Dgg1VC6yynkVGhRWJWM,solana,PumpSwap,,,,,2026-09-25T14:14:54Z,0.0012770805183409237,,,,,,,,,,,,,,,,,,,ohlcv_backfill,minute,0.0013038153293327256,0.0013347273513497192,0.0010913502006900419,0.0012770805183409237,75847.26818330058,/home/runner/work/Solana-Memecoin-Analysis/Solana-Memecoin-Analysis/data/cache/2026-09-26/064206989363_ohlcv_7fce52049331.json
2026-09-25T17:05:00+00:00,3yXXas5wQqC6LzV9x22GEqVr9Dgg1VC6yynkVGhRWJWM,solana,PumpSwap,,,,,2026-09-25T14:14:54Z,0.0013038153293327256,,,,,,,,,,,,,,,,,,,ohlcv_backfill,minute,0.0013777546008138064,0.0015772186390026063,0.0012123304427854302,0.0013038153293327256,93134.14552278256,/home/runner/work/Solana-Memecoin-Analysis/Solana-Memecoin-Analysis/data/cache/2026-09-26/064206989363_ohlcv_7fce52049331.json
2026-09-25T17:00:00+00:00,3yXXas5wQqC6LzV9x22GEqVr9Dgg1VC6yynkVGhRWJWM,solana,PumpSwap,,,,,2026-09-25T14:14:54Z,0.0013777546008138064,,,,,,,,,,,,,,,,,,,ohlcv_backfill,minute,0.0016955940640497019,0.0019295815855789368,0.0013267552524661808,0.0013777546008138064,128220.67326525363,/home/runner/work/Solana-Memecoin-Analysis/Solana-Memecoin-Analysis/data/cache/2026-09-26/064206989363_ohlcv_7fce52049331.json
2026-09-25T16:55:00+00:00,3yXXas5wQqC6LzV9x22GEqVr9Dgg1VC6yynkVGhRWJWM,solana,PumpSwap,,,,,2026-09-25T14:14:54Z,0.0016955940640497019,,,,,,,,,,,,,,,,,,,ohlcv_backfill,minute,0.0015513593096155695,0.0017901666853640031,0.0014354974798135292,0.0016955940640497019,89617.57429748586,/home/runner/work/Solana-Memecoin-Analysis/Solana-Memecoin-Analysis/data/cache/2026-09-26/064206989363_ohlcv_7fce52049331.json
2026-09-25T16:50:00+00:00,3yXXas5wQqC6LzV9x22GEqVr9Dgg1VC6yynkVGhRWJWM,solana,PumpSwap,,,,,2026-09-25T14:14:54Z,0.0015513593096155695,,,,,,,,,,,,,,,,,,,ohlcv_backfill,minute,0.0016484019208547315,0.001800816023519071,0.0014497552401805313,0.0015513593096155695,132505.15582522706,/home/runner/work/Solana-Memecoin-Analysis/Solana-Memecoin-Analysis/data/cache/2026-09-26/064206989363_ohlcv_7fce52049331.json
2026-09-25T16:45:00+00:00,3yXXas5wQqC6LzV9x22GEqVr9Dgg1VC6yynkVGhRWJWM,solana,PumpSwap,,,,,2026-09-25T14:14:54Z,0.0016484019208547315,,,,,,,,,,,,,,,,,,,ohlcv_backfill,minute,0.0012250184811241599,0.0023085458667892298,0.0011610759390159044,0.0016484019208547315,333241.23537146027,/home/runner/work/Solana-Memecoin-Analysis/Solana-Memecoin-Analysis/data/cache/2026-09-26/064206989363_ohlcv_7fce52049331.json
2026-09-25T16:40:00+00:00,3yXXas5wQqC6LzV9x22GEqVr9Dgg1VC6yynkVGhRWJWM,solana,PumpSwap,,,,,2026-09-25T14:14:54Z,0.0012250184811241599,,,,,,,,,,,,,,,,,,,ohlcv_backfill,minute,0.001045669300686284,0.0013408920820785724,0.0009972150776815603,0.0012250184811241599,95495.99760911052,/home/runner/work/Solana-Memecoin-Analysis/Solana-Memecoin-Analysis/data/cache/2026-09-26/064206989363_ohlcv_7fce52049331.json
2026-09-25T16:35:00+00:00,3yXXas5wQqC6LzV9x22GEqVr9Dgg1VC6yynkVGhRWJWM,solana,PumpSwap,,,,,2026-09-25T14:14:54Z,0.001045669300686284,,,,,,,,,,,,,,,,,,,ohlcv_backfill,minute,0.0008495485593831041,0.0011124338777219812,0.0008235769468760381,0.001045669300686284,57945.326372775555,/home/runner/work/Solana-Memecoin-Analysis/Solana-Memecoin-Analysis/data/cache/2026-09-26/064206989363_ohlcv_7fce52049331.json
2026-09-25T16:30:00+00:00,3yXXas5wQqC6LzV9x22GEqVr9Dgg1VC6yynkVGhRWJWM,solana,PumpSwap,,,,,2026-09-25T14:14:54Z,0.0008495485593831041,,,,,,,,,,,,,,,,,,,ohlcv_backfill,minute,0.0009939530050871962,0.001012231356037587,0.0008313404212889144,0.0008495485593831041,68842.75918156301,/home/runner/work/Solana-Memecoin-Analysis/Solana-Memecoin-Analysis/data/cache/2026-09-26/064206989363_ohlcv_7fce52049331.json
2026-09-25T16:25:00+00:00,3yXXas5wQqC6LzV9x22GEqVr9Dgg1VC6yynkVGhRWJWM,solana,PumpSwap,,,,,2026-09-25T14:14:54Z,0.0009939530050871962,,,,,,,,,,,,,,,,,,,ohlcv_backfill,minute,0.0008834339296388247,0.0013354266050755277,0.0008645221918297652,0.0009939530050871962,239877.95198525564,/home/runner/work/Solana-Memecoin-Analysis/Solana-Memecoin-Analysis/data/cache/2026-09-26/064206989363_ohlcv_7fce52049331.json
2026-09-25T16:20:00+00:00,3yXXas5wQqC6LzV9x22GEqVr9Dgg1VC6yynkVGhRWJWM,solana,PumpSwap,,,,,2026-09-25T14:14:54Z,0.0008834339296388247,,,,,,,,,,,,,,,,,,,ohlcv_backfill,minute,0.0007070265592292079,0.0009587437115922938,0.000690820199047866,0.0008834339296388247,155762.19684773686,/home/runner/work/Solana-Memecoin-Analysis/Solana-Memecoin-Analysis/data/cache/2026-09-26/064206989363_ohlcv_7fce52049331.json
2026-09-25T16:15:00+00:00,3yXXas5wQqC6LzV9x22GEqVr9Dgg1VC6yynkVGhRWJWM,solana,PumpSwap,,,,,2026-09-25T14:14:54Z,0.0007070265592292079,,,,,,,,,,,,,,,,,,,ohlcv_backfill,minute,0.0005249680381944154,0.0007097852044898787,0.0004931292860495724,0.0007070265592292079,64846.80262804745,/home/runner/work/Solana-Memecoin-Analysis/Solana-Memecoin-Analysis/data/cache/2026-09-26/064206989363_ohlcv_7fce52049331.json
2026-09-25T16:10:00+00:00,3yXXas5wQqC6LzV9x22GEqVr9Dgg1VC6yynkVGhRWJWM,solana,PumpSwap,,,,,2026-09-25T14:14:54Z,0.0005249680381944154,,,,,,,,,,,,,,,,,,,ohlcv_backfill,minute,0.0007446415232455324,0.0007669031600897764,0.0004104913400272944,0.0005249680381944154,162900.16838029856,/home/runner/work/Solana-Memecoin-Analysis/Solana-Memecoin-Analysis/data/cache/2026-09-26/064206989363_ohlcv_7fce52049331.json
2026-09-25T16:05:00+00:00,3yXXas5wQqC6LzV9x22GEqVr9Dgg1VC6yynkVGhRWJWM,solana,PumpSwap,,,,,2026-09-25T14:14:54Z,0.0007446415232455324,,,,,,,,,,,,,,,,,,,ohlcv_backfill,minute,0.0007370809635364999,0.0007941147117500999,0.0006746848545457524,0.0007446415232455324,62087.48702369277,/home/runner/work/Solana-Memecoin-Analysis/Solana-Memecoin-Analysis/data/cache/2026-09-26/064206989363_ohlcv_7fce52049331.json
2026-09-25T16:00:00+00:00,3yXXas5wQqC6LzV9x22GEqVr9Dgg1VC6yynkVGhRWJWM,solana,PumpSwap,,,,,2026-09-25T14:14:54Z,0.0007370809635364999,,,,,,,,,,,,,,,,,,,ohlcv_backfill,minute,0.0006799750024122036,0.0007536176111543916,0.0005187888648408176,0.0007370809635364999,97023.70335487598,/home/runner/work/Solana-Memecoin-Analysis/Solana-Memecoin-Analysis/data/cache/2026-09-26/064206989363_ohlcv_7fce52049331.json
2026-09-25T15:55:00+00:00,3yXXas5wQqC6LzV9x22GEqVr9Dgg1VC6yynkVGhRWJWM,solana,PumpSwap,,,,,2026-09-25T14:14:54Z,0.0006799750024122036,,,,,,,,,,,,,,,,,,,ohlcv_backfill,minute,0.0006593537979293268,0.0007857601211190723,0.0006151242815131502,0.0006799750024122036,83182.74274849035,/home/runner/work/Solana-Memecoin-Analysis/Solana-Memecoin-Analysis/data/cache/2026-09-26/064206989363_ohlcv_7fce52049331.json
2026-09-25T15:50:00+00:00,3yXXas5wQqC6LzV9x22GEqVr9Dgg1VC6yynkVGhRWJWM,solana,PumpSwap,,,,,2026-09-25T14:14:54Z,0.0006593537979293268,,,,,,,,,,,,,,,,,,,ohlcv_backfill,minute,0.0005926964124658349,0.0007292578553217539,0.000563247156485125,0.0006593537979293268,72886.8746160127,/home/runner/work/Solana-Memecoin-Analysis/Solana-Memecoin-Analysis/data/cache/2026-09-26/064206989363_ohlcv_7fce52049331.json
2026-09-25T15:45:00+00:00,3yXXas5wQqC6LzV9x22GEqVr9Dgg1VC6yynkVGhRWJWM,solana,PumpSwap,,,,,2026-09-25T14:14:54Z,0.0005926964124658349,,,,,,,,,,,,,,,,,,,ohlcv_backfill,minute,0.0005164375594198436,0.0006982497941469093,0.0004749081534728275,0.0005926964124658349,131174.83616543407,/home/runner/work/Solana-Memecoin-Analysis/Solana-Memecoin-Analysis/data/cache/2026-09-26/064206989363_ohlcv_7fce52049331.json
2026-09-25T15:40:00+00:00,3yXXas5wQqC6LzV9x22GEqVr9Dgg1VC6yynkVGhRWJWM,solana,PumpSwap,,,,,2026-09-25T14:14:54Z,0.0005164375594198436,,,,,,,,,,,,,,,,,,,ohlcv_backfill,minute,0.00043868105073743103,0.0005794008074831808,0.00034785959392480545,0.0005164375594198436,103880.6570654003,/home/runner/work/Solana-Memecoin-Analysis/Solana-Memecoin-Analysis/data/cache/2026-09-26/064206989363_ohlcv_7fce52049331.json
2026-09-25T15:35:00+00:00,3yXXas5wQqC6LzV9x22GEqVr9Dgg1VC6yynkVGhRWJWM,solana,PumpSwap,,,,,2026-09-25T14:14:54Z,0.00043868105073743103,,,,,,,,,,,,,,,,,,,ohlcv_backfill,minute,0.0003311314922371464,0.0004963992842108719,0.0003161344839233768,0.00043868105073743103,86002.3942389443,/home/runner/work/Solana-Memecoin-Analysis/Solana-Memecoin-Analysis/data/cache/2026-09-26/064206989363_ohlcv_7fce52049331.json
2026-09-25T15:30:00+00:00,3yXXas5wQqC6LzV9x22GEqVr9Dgg1VC6yynkVGhRWJWM,solana,PumpSwap,,,,,2026-09-25T14:14:54Z,0.0003311314922371464,,,,,,,,,,,,,,,,,,,ohlcv_backfill,minute,0.0002747953120045432,0.0003509638447814383,0.0002693298665780122,0.0003311314922371464,47034.05759591149,/home/runner/work/Solana-Memecoin-Analysis/Solana-Memecoin-Analysis/data/cache/2026-09-26/064206989363_ohlcv_7fce52049331.json
2026-09-25T15:25:00+00:00,3yXXas5wQqC6LzV9x22GEqVr9Dgg1VC6yynkVGhRWJWM,solana,PumpSwap,,,,,2026-09-25T14:14:54Z,0.0002747953120045432,,,,,,,,,,,,,,,,,,,ohlcv_backfill,minute,0.00023682929659523476,0.0002936219488998034,0.00020823311298267348,0.0002747953120045432,33740.96573470507,/home/runner/work/Solana-Memecoin-Analysis/Solana-Memecoin-Analysis/data/cache/2026-09-26/064206989363_ohlcv_7fce52049331.json
2026-09-25T15:20:00+00:00,3yXXas5wQqC6LzV9x22GEqVr9Dgg1VC6yynkVGhRWJWM,solana,PumpSwap,,,,,2026-09-25T14:14:54Z,0.00023682929659523476,,,,,,,,,,,,,,,,,,,ohlcv_backfill,minute,0.00020741597862044696,0.0003042350196691913,0.00018894869247334175,0.00023682929659523476,55498.29600345674,/home/runner/work/Solana-Memecoin-Analysis/Solana-Memecoin-Analysis/data/cache/2026-09-26/064206989363_ohlcv_7fce52049331.json
2026-09-25T15:15:00+00:00,3yXXas5wQqC6LzV9x22GEqVr9Dgg1VC6yynkVGhRWJWM,solana,PumpSwap,,,,,2026-09-25T14:14:54Z,0.00020741597862044696,,,,,,,,,,,,,,,,,,,ohlcv_backfill,minute,0.0001405912629273976,0.00023514496686336496,0.00013374561068265226,0.00020741597862044696,56773.53580896826,/home/runner/work/Solana-Memecoin-Analysis/Solana-Memecoin-Analysis/data/cache/2026-09-26/064206989363_ohlcv_7fce52049331.json
2026-09-25T15:10:00+00:00,3yXXas5wQqC6LzV9x22GEqVr9Dgg1VC6yynkVGhRWJWM,solana,PumpSwap,,,,,2026-09-25T14:14:54Z,0.0001405912629273976,,,,,,,,,,,,,,,,,,,ohlcv_backfill,minute,0.00014441762223175466,0.00015730848792917758,0.00012593002581298322,0.0001405912629273976,11435.60929255198,/home/runner/work/Solana-Memecoin-Analysis/Solana-Memecoin-Analysis/data/cache/2026-09-26/064206989363_ohlcv_7fce52049331.json
2026-09-25T15:05:00+00:00,3yXXas5wQqC6LzV9x22GEqVr9Dgg1VC6yynkVGhRWJWM,solana,PumpSwap,,,,,2026-09-25T14:14:54Z,0.00014441762223175466,,,,,,,,,,,,,,,,,,,ohlcv_backfill,minute,0.00013457251717652704,0.00015581264876427583,0.00010650887522734721,0.00014441762223175466,29735.959295531233,/home/runner/work/Solana-Memecoin-Analysis/Solana-Memecoin-Analysis/data/cache/2026-09-26/064206989363_ohlcv_7fce52049331.json
2026-09-25T15:00:00+00:00,3yXXas5wQqC6LzV9x22GEqVr9Dgg1VC6yynkVGhRWJWM,solana,PumpSwap,,,,,2026-09-25T14:14:54Z,0.00013457251717652704,,,,,,,,,,,,,,,,,,,ohlcv_backfill,minute,0.00018126468520202445,0.0001980041585903824,0.00012562565497668295,0.00013457251717652704,32986.101175049545,/home/runner/work/Solana-Memecoin-Analysis/Solana-Memecoin-Analysis/data/cache/2026-09-26/064206989363_ohlcv_7fce52049331.json
2026-09-25T14:55:00+00:00,3yXXas5wQqC6LzV9x22GEqVr9Dgg1VC6yynkVGhRWJWM,solana,PumpSwap,,,,,2026-09-25T14:14:54Z,0.00018126468520202445,,,,,,,,,,,,,,,,,,,ohlcv_backfill,minute,0.00016955005467726776,0.00018857678308948476,0.0001328419024387112,0.00018126468520202445,23485.904405138772,/home/runner/work/Solana-Memecoin-Analysis/Solana-Memecoin-Analysis/data/cache/2026-09-26/064206989363_ohlcv_7fce52049331.json
2026-09-25T14:50:00+00:00,3yXXas5wQqC6LzV9x22GEqVr9Dgg1VC6yynkVGhRWJWM,solana,PumpSwap,,,,,2026-09-25T14:14:54Z,0.00016955005467726776,,,,,,,,,,,,,,,,,,,ohlcv_backfill,minute,0.00013880313021443405,0.00018672782748763796,0.00011969413627506706,0.00016955005467726776,28981.468850277037,/home/runner/work/Solana-Memecoin-Analysis/Solana-Memecoin-Analysis/data/cache/2026-09-26/064206989363_ohlcv_7fce52049331.json
2026-09-25T14:45:00+00:00,3yXXas5wQqC6LzV9x22GEqVr9Dgg1VC6yynkVGhRWJWM,solana,PumpSwap,,,,,2026-09-25T14:14:54Z,0.00013880313021443405,,,,,,,,,,,,,,,,,,,ohlcv_backfill,minute,0.00014777482881581945,0.00016554266317719314,0.00010768394296028138,0.00013880313021443405,45982.25339684204,/home/runner/work/Solana-Memecoin-Analysis/Solana-Memecoin-Analysis/data/cache/2026-09-26/064206989363_ohlcv_7fce52049331.json
2026-09-25T14:40:00+00:00,3yXXas5wQqC6LzV9x22GEqVr9Dgg1VC6yynkVGhRWJWM,solana,PumpSwap,,,,,2026-09-25T14:14:54Z,0.00014777482881581945,,,,,,,,,,,,,,,,,,,ohlcv_backfill,minute,7.447098560894047e-05,0.00016489865493541183,7.28546316570926e-05,0.00014777482881581945,58805.56232640364,/home/runner/work/Solana-Memecoin-Analysis/Solana-Memecoin-Analysis/data/cache/2026-09-26/064206989363_ohlcv_7fce52049331.json
2026-09-25T14:35:00+00:00,3yXXas5wQqC6LzV9x22GEqVr9Dgg1VC6yynkVGhRWJWM,solana,PumpSwap,,,,,2026-09-25T14:14:54Z,7.447098560894047e-05,,,,,,,,,,,,,,,,,,,ohlcv_backfill,minute,0.00013438508748821122,0.00016315472966362224,6.949454073397826e-05,7.447098560894047e-05,88014.18895966289,/home/runner/work/Solana-Memecoin-Analysis/Solana-Memecoin-Analysis/data/cache/2026-09-26/064206989363_ohlcv_7fce52049331.json
2026-09-25T14:30:00+00:00,3yXXas5wQqC6LzV9x22GEqVr9Dgg1VC6yynkVGhRWJWM,solana,PumpSwap,,,,,2026-09-25T14:14:54Z,0.00013438508748821122,,,,,,,,,,,,,,,,,,,ohlcv_backfill,minute,0.0001299297523347683,0.0001657577065312823,9.875811641951494e-05,0.00013438508748821122,77506.60262551767,/home/runner/work/Solana-Memecoin-Analysis/Solana-Memecoin-Analysis/data/cache/2026-09-26/064206989363_ohlcv_7fce52049331.json
2026-09-25T14:25:00+00:00,3yXXas5wQqC6LzV9x22GEqVr9Dgg1VC6yynkVGhRWJWM,solana,PumpSwap,,,,,2026-09-25T14:14:54Z,0.0001299297523347683,,,,,,,,,,,,,,,,,,,ohlcv_backfill,minute,8.86192921792251e-05,0.00018354722337044586,7.454924343268951e-05,0.0001299297523347683,123233.5060208262,/home/runner/work/Solana-Memecoin-Analysis/Solana-Memecoin-Analysis/data/cache/2026-09-26/064206989363_ohlcv_7fce52049331.json
2026-09-25T14:20:00+00:00,3yXXas5wQqC6LzV9x22GEqVr9Dgg1VC6yynkVGhRWJWM,solana,PumpSwap,,,,,2026-09-25T14:14:54Z,8.86192921792251e-05,,,,,,,,,,,,,,,,,,,ohlcv_backfill,minute,6.598478923035363e-05,0.00010046820628620803,4.428078852944895e-05,8.86192921792251e-05,101525.68340440658,/home/runner/work/Solana-Memecoin-Analysis/Solana-Memecoin-Analysis/data/cache/2026-09-26/064206989363_ohlcv_7fce52049331.json
2026-09-25T14:15:00+00:00,3yXXas5wQqC6LzV9x22GEqVr9Dgg1VC6yynkVGhRWJWM,solana,PumpSwap,,,,,2026-09-25T14:14:54Z,6.598478923035363e-05,,,,,,,,,,,,,,,,,,,ohlcv_backfill,minute,5.623828052472179e-05,0.00011394641762980208,4.765294195186656e-05,6.598478923035363e-05,236450.93965735036,/home/runner/work/Solana-Memecoin-Analysis/Solana-Memecoin-Analysis/data/cache/2026-09-26/064206989363_ohlcv_7fce52049331.json
2026-09-25T14:10:00+00:00,3yXXas5wQqC6LzV9x22GEqVr9Dgg1VC6yynkVGhRWJWM,solana,PumpSwap,,,,,2026-09-25T14:14:54Z,5.623828052472179e-05,,,,,,,,,,,,,,,,,,,ohlcv_backfill,minute,4.9325540518809906e-05,5.785655596717296e-05,4.508287555776873e-05,5.623828052472179e-05,5430.983131664116,/home/runner/work/Solana-Memecoin-Analysis/Solana-Memecoin-Analysis/data/cache/2026-09-26/064206989363_ohlcv_7fce52049331.json
2026-09-26T06:40:00+00:00,DTre5JvnzVP9NaBgr7pWrG77nsZefgMLBLQTwTCrzqbE,solana,Pump.fun,,,,,2026-09-26T06:40:13Z,4.411152199035957e-09,,,,,,,,,,,,,,,,,,,ohlcv_backfill,minute,3.3717565317781514e-06,5.966210903636829e-06,3.3023048237892065e-09,4.411152199035957e-09,601.9549827507965,/home/runner/work/Solana-Memecoin-Analysis/Solana-Memecoin-Analysis/data/cache/2026-09-26/064214499239_ohlcv_5d3140767817.json
2026-09-26T06:40:00+00:00,GYermLV9vZD1Na4dvf3WAxxj6LY4ksi9e2uvobxLeSN6,solana,PumpSwap,,,,,2026-09-26T06:40:05Z,0.002188201043054383,,,,,,,,,,,,,,,,,,,ohlcv_backfill,minute,5.003944055045249e-05,0.002195360749904783,5.003944055045249e-05,0.002188201043054383,57349.23230635708,/home/runner/work/Solana-Memecoin-Analysis/Solana-Memecoin-Analysis/data/cache/2026-09-26/064229494651_ohlcv_7dbad365db54.json
2026-09-26T06:40:00+00:00,EoiNWADPghznjVcuz2i3tfEXASNXkvVeU1Lv8bvJQrsg,solana,Pump.fun,,,,,2026-09-26T06:39:55Z,3.6592665806905984e-06,,,,,,,,,,,,,,,,,,,ohlcv_backfill,minute,3.635422232176859e-06,3.6592665806905984e-06,3.6336405028561593e-06,3.6592665806905984e-06,15.613472509951793,/home/runner/work/Solana-Memecoin-Analysis/Solana-Memecoin-Analysis/data/cache/2026-09-26/064244505044_ohlcv_37fa4e277c90.json
2026-09-26T06:35:00+00:00,EoiNWADPghznjVcuz2i3tfEXASNXkvVeU1Lv8bvJQrsg,solana,Pump.fun,,,,,2026-09-26T06:39:55Z,3.635422232176859e-06,,,,,,,,,,,,,,,,,,,ohlcv_backfill,minute,3.696873491817299e-06,3.762883029079348e-06,3.4211450771887555e-06,3.635422232176859e-06,273.5794633040121,/home/runner/work/Solana-Memecoin-Analysis/Solana-Memecoin-Analysis/data/cache/2026-09-26/064244505044_ohlcv_37fa4e277c90.json
2026-09-26T11:48:19.895070+00:00,3odkxoFB7KvujaRFoLbCQbbZv93R9njJr9KQTH5cKDKT,solana,PumpSwap,82ezhRLKdKwkSC9jkM3js1yf93VbmvLXNMPkBmompump,SI,So11111111111111111111111111111111111111112,SOL,2026-09-24T04:07:42Z,0.00016883533576522136,164827.531601139,164827.637136507,42005.4046,193.2306997296,14810.1052289602,420450.772171049,2,5,2,4,65,102,48,51,4352,5705,2165,2380,snapshot,,,,,,,/home/runner/work/Solana-Memecoin-Analysis/Solana-Memecoin-Analysis/data/cache/2026-09-26/114827892159_multi_pools_7368931d3099.json
2026-09-26T11:48:19.895070+00:00,Hhe2TY1dGPr7SdMJC2hTACq7dTxfr5f6BF3n2nWwkoce,solana,PumpSwap,BDKC1AV3saXrN8jKnWB2TTQmDD6z8CFdY55ku7eAfunk,FUNKOS,So11111111111111111111111111111111111111112,SOL,2026-09-24T04:52:35Z,1.009880041928648e-05,10027.9188976393,,8572.6701,30.2964012579,515.2456932243,20381.6572399863,0,1,0,1,19,5,19,5,414,473,226,345,snapshot,,,,,,,/home/runner/work/Solana-Memecoin-Analysis/Solana-Memecoin-Analysis/data/cache/2026-09-26/114827892159_multi_pools_7368931d3099.json
2026-09-26T11:48:19.895070+00:00,B1zosT5SqjsEGRSU1cGbSVJrkVYL9zzFXDa9cmZWRhZt,solana,PumpSwap,3tzkdxJ1qVCaPAuWmd8FjRFKUbwMYpLUAq5gg4Vopump,UNTXD,So11111111111111111111111111111111111111112,SOL,2026-09-23T23:52:03Z,1.0305430676057057e-05,10305.43068,,8142.4234,3.4934558454,43.1567312601,9534.2395887603,1,1,1,1,1,4,1,4,118,196,71,159,snapshot,,,,,,,/home/runner/work/Solana-Memecoin-Analysis/Solana-Memecoin-Analysis/data/cache/2026-09-26/114827892159_multi_pools_7368931d3099.json
2026-09-26T11:48:19.895070+00:00,82BHvVSeHgcGNtiH8fGTaYRsKbbjF53beAZp8LCATXsc,solana,Raydium,UpBBfyC75u3kxDGWmmmW2yauk9YY3CqZhdt1KUDkids,SHARTCOIN,So11111111111111111111111111111111111111112,SOL,2026-09-24T01:34:30Z,0.0004551614633517403,451918.772472482,,309227.6172,246.1954496555,6621.5303917133,547646.091228148,4,0,4,0,21,22,13,20,1296,1033,500,595,snapshot,,,,,,,/home/runner/work/Solana-Memecoin-Analysis/Solana-Memecoin-Analysis/data/cache/2026-09-26/114827892159_multi_pools_7368931d3099.json
2026-09-26T11:48:19.895070+00:00,b4YtUe3AeeHxnHNsau4T5kubj8UAPnAJnhozDwX1oVn,solana,PumpSwap,68Ep5Fa2rQrfN2f15FvCWWz1E7WZfGFPVVvnPXNjZyu5,玉兔,So11111111111111111111111111111111111111112,SOL,2026-09-24T11:51:51Z,90.58122408046101,90581219707.2917,,0.3618,0.0,0.0,0.0,0,0,0,0,0,0,0,0,0,0,0,0,snapshot,,,,,,,/home/runner/work/Solana-Memecoin-Analysis/Solana-Memecoin-Analysis/data/cache/2026-09-26/114827892159_multi_pools_7368931d3099.json
2026-09-26T11:48:19.895070+00:00,2RkYFJNAkxaUSMUidjtHfipuQKvTFKGtkrsHjvRU2xc5,solana,Pump.fun,Fr74RcJPaXdbjj9KueiJwf6NnEAxVGHGAdR2LJCepump,Barf,So11111111111111111111111111111111111111112,SOL,2026-09-24T11:51:43Z,3.216095379231427e-06,3216.095379,,2674.7457,0.0,0.0,0.0,0,0,0,0,0,0,0,0,0,0,0,0,snapshot,,,,,,,/home/runner/work/Solana-Memecoin-Analysis/Solana-Memecoin-Analysis/data/cache/2026-09-26/114827892159_multi_pools_7368931d3099.json
2026-09-26T11:48:19.895070+00:00,2YMGhUx61U3gH6NsiZx2kSnYFQ9dLfMZ6E2T8o4X2LAP,solana,Manifest,B4cqDdBWDf6hgy1rma8u4JpoTnoycDQyg33aR48mfFvE,RUNE,So11111111111111111111111111111111111111112,SOL,2026-09-24T11:51:31Z,1.92367998399345e-05,35671.01318,,,0.0,0.0,628.6000497689,0,0,0,0,0,0,0,0,27,21,2,3,snapshot,,,,,,,/home/runner/work/Solana-Memecoin-Analysis/Solana-Memecoin-Analysis/data/cache/2026-09-26/114827892159_multi_pools_7368931d3099.json
2026-09-26T11:48:19.895070+00:00,5yT5mB7etG86mka6QmpdjjCTNPe2bMmh9WvqbaihDMM1,solana,Pump.fun,5dfs9xVJH64eoCBgVUYX93WetMabyEQ2mwuq78yypump,META MUSE,So11111111111111111111111111111111111111112,SOL,2026-09-24T11:51:16Z,3.1712146899158875e-06,3171.209215,,2674.7577,0.0,0.0,0.0,0,0,0,0,0,0,0,0,0,0,0,0,snapshot,,,,,,,/home/runner/work/Solana-Memecoin-Analysis/Solana-Memecoin-Analysis/data/cache/2026-09-26/114827892159_multi_pools_7368931d3099.json
2026-09-26T11:48:19.895070+00:00,6e4ewHhGZrBMiSkKat7QCx28dytJdnYrobNXWrPL5WFN,solana,Meteora,5dvXTZ5qwgafnHtwu3Ls3QrWx1U4LQsFeCuJgkk4QEC6,EMBER,EPjFWdd5AufqSSqeM2qN1xzybapC8G4wEGGkZwyTDt1v,USDC,2026-09-10T05:53:50Z,0.013369061275374114,13231321.346594,13232053.9530519,210745.6825,234.1441252419,25370.5927235826,605775.715907106,3,1,3,1,73,104,58,60,1403,1709,731,816,snapshot,,,,,,,/home/runner/work/Solana-Memecoin-Analysis/Solana-Memecoin-Analysis/data/cache/2026-09-26/114827892159_multi_pools_7368931d3099.json
2026-09-26T11:48:19.895070+00:00,3RZoQfjBqgLvVxQU7dJAGiq5Jrq2kdFWZ6sMr6Vog1vx,solana,Pump.fun,8AheVKhsi8BY1NM6z188FQ2BVQYkvWLfthsxwvcTpump,duluth,So11111111111111111111111111111111111111112,SOL,2026-09-24T16:12:52Z,1.3165843908820756e-05,26331.68782,,14371.094,0.0,0.0,0.0,0,0,0,0,0,0,0,0,0,0,0,0,snapshot,,,,,,,/home/runner/work/Solana-Memecoin-Analysis/Solana-Memecoin-Analysis/data/cache/2026-09-26/114827892159_multi_pools_7368931d3099.json
2026-09-26T11:48:19.895070+00:00,F4witMwAS94Q1rDGPr7Tra4UdgQcoBPAtoYZydH789LG,solana,StonkFun,BFWJfq1T1QLpvWztkppVsvjfURYLY6N7uqkyNoVzPZ76,BOTCOIN,Xsv9hRk1z5ystj9MhnA7Lq4vjSsLwzL2nxrwmwtD3re,GLDx,2026-09-24T16:12:45Z,3.300791753006648e-06,3300.791753,,3382.993,0.0,0.0,14.4267614502,0,0,0,0,0,0,0,0,0,1,0,1,snapshot,,,,,,,/home/runner/work/Solana-Memecoin-Analysis/Solana-Memecoin-Analysis/data/cache/2026-09-26/114827892159_multi_pools_7368931d3099.json
2026-09-26T11:48:19.895070+00:00,79EV4sH2iY59Pu5xujtGuyrjTMSMaNv7bs7SKbMFuHeS,solana,Pump.fun,8R3rMdvzTdV7JKZwM6A3GX5TXrbQmvQZJBZ47QZjpump,CASH CAT,So11111111111111111111111111111111111111112,SOL,2026-09-24T16:12:45Z,4.325543976898273e-09,8.651087954,,4.4979,0.0,0.0,0.0,0,0,0,0,0,0,0,0,0,0,0,0,snapshot,,,,,,,/home/runner/work/Solana-Memecoin-Analysis/Solana-Memecoin-Analysis/data/cache/2026-09-26/114827892159_multi_pools_7368931d3099.json
2026-09-26T11:48:19.895070+00:00,3pYsXR1YBBKySrjF9nhoxvcQup7jY1HnqvfRhVSSAHjF,solana,Pump.fun,HWGdZG35ncJKBgpRztVW1zdmV3iMG3eyqedKstWXpump,PEARL,So11111111111111111111111111111111111111112,SOL,2026-09-24T16:12:38Z,3.245955919237618e-06,3245.9559189926,,2675.6474,0.0,0.0,0.0,0,0,0,0,0,0,0,0,0,0,0,0,snapshot,,,,,,,/home/runner/work/Solana-Memecoin-Analysis/Solana-Memecoin-Analysis/data/cache/2026-09-26/114827892159_multi_pools_7368931d3099.json
2026-09-26T11:48:19.895070+00:00,3mtpQkumfka5SEwPLAo4Yho5jdjetvzgFnvpqnJP9em9,solana,StonkFun,GmXMutyTX7QvwFCYU9gvsQPZHHMUGdvGqQfqAMo82NCp,SPY,XsoCS1TfEyfFhfvj8EtZ528L3CaKBDBRqRapnBbDF2W,SPYx,2026-09-24T16:12:37Z,4.506779003861702e-06,4506.779004,,4680.6434,0.0,0.0,0.0,0,0,0,0,0,0,0,0,0,0,0,0,snapshot,,,,,,,/home/runner/work/Solana-Memecoin-Analysis/Solana-Memecoin-Analysis/data/cache/2026-09-26/114827892159_multi_pools_7368931d3099.json
2026-09-26T11:48:19.895070+00:00,Apy5FShcDSLdyYSH4HWgY8zSFj4At8FbKeHZF3D72e9k,solana,PumpSwap,BxftAowY2dVa2h9KMqDTPk4oMxzU9k6uVbZuoorXpump,Holdoween,So11111111111111111111111111111111111111112,SOL,2026-09-16T00:57:16Z,0.0012698759428446625,1230049.93370325,1230049.93370325,113963.1848,397.8788766412,17235.1486419419,2260258.71984077,401,8,13,8,7139,214,238,193,95800,62605,10736,8124,snapshot,,,,,,,/home/runner/work/Solana-Memecoin-Analysis/Solana-Memecoin-Analysis/data/cache/2026-09-26/114827892159_multi_pools_7368931d3099.json
2026-09-26T11:48:19.895070+00:00,BRjMA8UALNp3diTKHfdeAn5riQrYPoaYez7KhYWD4oEs,solana,PumpSwap,7GUnr7krtQhJwd6ASY2VUprd9t4c64zcgCsjdmZepump,NPC,So11111111111111111111111111111111111111112,SOL,2026-09-24T02:29:15Z,0.0012462311948027507,1149416.85323768,1149633.49808614,128911.3646,8520.4685946176,62616.461514664,5388101.62762393,22,13,19,11,232,257,169,186,25983,20462,9042,7106,snapshot,,,,,,,/home/runner/work/Solana-Memecoin-Analysis/Solana-Memecoin-Analysis/data/cache/2026-09-26/114827892159_multi_pools_7368931d3099.json
2026-09-26T11:48:19.895070+00:00,DerNBFQgu9kmJu7c1mYJAe2gBDUmQFtmSHNXupfL4A3u,solana,Pump.fun,8sdeNmug3x8HTb5kHpNRBrDBoA9vbyszSbkJgpnMpump,TICKER,So11111111111111111111111111111111111111112,SOL,2026-09-24T19:59:03Z,3.419948552500261e-06,3419.948553,,2710.4643,0.0,0.0,87.0723250558,0,0,0,0,0,0,0,0,0,10,0,9,snapshot,,,,,,,/home/runner/work/Solana-Memecoin-Analysis/Solana-Memecoin-Analysis/data/cache/2026-09-26/114827892159_multi_pools_7368931d3099.json
2026-09-26T11:48:19.895070+00:00,BpAaqnyhGJxMeGc3kwGtdQwn9uqtxs19dGnrcSdJsUTk,solana,StonkFun,9R7BQW1VLR72RaS7yffoUhRuMPTtjFd1e7mpjXgUF4tB,GOLDIE,Xsa62P5mvPszXL1krVUnU5ar38bBSVcWAB6fmPCo5Zu,METAx,2026-09-24T19:58:53Z,3.3461534004494897e-06,3346.1534,,3614.1573,0.0,0.0,0.0,0,0,0,0,0,0,0,0,0,0,0,0,snapshot,,,,,,,/home/runner/work/Solana-Memecoin-Analysis/Solana-Memecoin-Analysis/data/cache/2026-09-26/114827892159_multi_pools_7368931d3099.json
2026-09-26T11:48:19.895070+00:00,XPJw2iR2xY2Loof217pHqsyRr2CgK2dAefNm1dDMzZX,solana,PumpSwap,3VvNdW1VajhrSt4VgmkB2MpwrifTacKFtnHBmccfkmAQ,ATTENTION,So11111111111111111111111111111111111111112,SOL,2026-09-24T19:58:47Z,7.969160099334383e-06,7969.160099,,22873.8774,0.0,0.0,0.0,0,0,0,0,0,0,0,0,0,0,0,0,snapshot,,,,,,,/home/runner/work/Solana-Memecoin-Analysis/Solana-Memecoin-Analysis/data/cache/2026-09-26/114827892159_multi_pools_7368931d3099.json
2026-09-26T11:48:19.895070+00:00,rgggQ9jRtanqBkEadEo4YcBj5qSNuktHdbZccLZdV2E,solana,Pump.fun,DA5pkcq14cyabtSQsPMtdfb8HsJPM9wir6cJFD8jpump,ASD,So11111111111111111111111111111111111111112,SOL,2026-09-24T19:58:39Z,4.571934020982836e-06,9143.868042,,3855.1663,0.0,0.0,0.0,0,0,0,0,0,0,0,0,0,0,0,0,snapshot,,,,,,,/home/runner/work/Solana-Memecoin-Analysis/Solana-Memecoin-Analysis/data/cache/2026-09-26/114827892159_multi_pools_7368931d3099.json
2026-09-26T11:48:19.895070+00:00,B6j4hy5GNkw1eD2p5zThEB55uvD6HWc3F6rARfxVsANJ,solana,Pump.fun,FC6TZpPnay1TuqJ4kzYKYUR1RL4AG1tbq2frEghf5bVh,IREN,XsoCS1TfEyfFhfvj8EtZ528L3CaKBDBRqRapnBbDF2W,SPYx,2026-09-24T19:58:37Z,4.176785422056363e-06,4176.785422,,3409.1425,0.0,0.0,0.0,0,0,0,0,0,0,0,0,0,0,0,0,snapshot,,,,,,,/home/runner/work/Solana-Memecoin-Analysis/Solana-Memecoin-Analysis/data/cache/2026-09-26/114827892159_multi_pools_7368931d3099.json
2026-09-26T11:48:19.895070+00:00,CheJUxVQrmpeb4UFWHZ72afQPTKM7AEb8giyzNR7cPvH,solana,Raydium,D1YZZg9dBZ7AbfknZVbaeVLto36eySwoFYEVhZrD4F4n,GO,So11111111111111111111111111111111111111112,SOL,2026-09-23T13:49:47Z,0.004478342923110651,4168368.01781799,4169480.68877676,202316.4668,217.2211133578,92742.5417386495,1874443.0984391,0,8,0,7,228,184,145,134,5981,5633,2378,2454,snapshot,,,,,,,/home/runner/work/Solana-Memecoin-Analysis/Solana-Memecoin-Analysis/data/cache/2026-09-26/114827892159_multi_pools_7368931d3099.json
2026-09-26T11:48:19.895070+00:00,B4zkA1DSZgt1T7zsXhg2Cjt6uQJRtMT1b3HwmwmNUm79,solana,Pump.fun,2qjrtPBhtktFuWbJ3UCm5SCLRUjM67P8KhHvKoa5pump,Grock,So11111111111111111111111111111111111111112,SOL,2026-09-24T23:04:58Z,3.2834464886367704e-06,3283.446489,,2687.2275,0.0,0.0,0.0,0,0,0,0,0,0,0,0,0,0,0,0,snapshot,,,,,,,/home/runner/work/Solana-Memecoin-Analysis/Solana-Memecoin-Analysis/data/cache/2026-09-26/114827892159_multi_pools_7368931d3099.json
2026-09-26T11:48:19.895070+00:00,CkrBXoxcrivNw3dkXBk51iPth9tDWEKtYcm2gVp4YPbU,solana,Meteora DAMM V2,GmurtwcxQMRJXUYoofPuUDeEggvQ9RYKJAPkM6XpeU2b,SEVEN,So11111111111111111111111111111111111111112,SOL,2026-09-24T23:04:57Z,6.584255036665462e-10,0.6584255037,,1.1695,0.0,0.0,0.0,0,0,0,0,0,0,0,0,0,0,0,0,snapshot,,,,,,,/home/runner/work/Solana-Memecoin-Analysis/Solana-Memecoin-Analysis/data/cache/2026-09-26/114827892159_multi_pools_7368931d3099.json
2026-09-26T11:48:19.895070+00:00,526QP4Dvzbx5KkexVe96nrWypkbr8RvsaLAPLPosaWNz,solana,StonkFun,BRq1LcAhzr5s9hrRoVVtJejT67XbgUy3dxBEjKXcLDEj,Jacob,Pren1FvFX6J3E4kXhJuCiAD5aDmGEb7qJRncwA8Lkhw,ANTHRP,2026-09-24T23:04:57Z,3.276456930433639e-06,3276.45693,,3526.3478,0.0,0.0,0.0,0,0,0,0,0,0,0,0,0,0,0,0,snapshot,,,,,,,/home/runner/work/Solana-Memecoin-Analysis/Solana-Memecoin-Analysis/data/cache/2026-09-26/114827892159_multi_pools_7368931d3099.json
2026-09-26T11:48:19.895070+00:00,D4oZ7YMz5qLe7Uq3szQUTHZEG8tmKJPw8wpyKCXaQfUe,solana,Pump.fun,22hWRPapBLKE5pTnrjsJg4fPbgEWMUejwjCzQN6xpump,Lone,So11111111111111111111111111111111111111112,SOL,2026-09-24T23:04:48Z,5.0534239499271836e-06,10106.8479,,4137.5735,0.0,0.0,0.0,0,0,0,0,0,0,0,0,0,0,0,0,snapshot,,,,,,,/home/runner/work/Solana-Memecoin-Analysis/Solana-Memecoin-Analysis/data/cache/2026-09-26/114827892159_multi_pools_7368931d3099.json
2026-09-26T11:48:19.895070+00:00,Aw7qFWEHQ6xsRpJkP6hCmvG9xpzXom8pc45j1MSA1u4H,solana,Pump.fun,4MgnjN9rzV9Trm5qdSd5m9ZFav1r85rZhpKtRVikZutn,st4y,So11111111111111111111111111111111111111112,SOL,2026-09-25T01:28:00Z,3.2727909252615916e-06,3272.790925,,2680.6065,0.0,0.0,0.0,0,0,0,0,0,0,0,0,0,0,0,0,snapshot,,,,,,,/home/runner/work/Solana-Memecoin-Analysis/Solana-Memecoin-Analysis/data/cache/2026-09-26/114827892159_multi_pools_7368931d3099.json
2026-09-26T11:48:19.895070+00:00,Er1oWDTMMeKQJ6g3GneTepbf18YpzL84wVwn2xBbZPec,solana,Pump.fun,7bxZRn59Vgh9pwFiehbZFKWE7THU3noyESytYcGQpump,モニタリ,So11111111111111111111111111111111111111112,SOL,2026-09-25T01:27:51Z,3.3432948326559628e-06,3343.294833,,2713.9648,0.0,0.0,0.0,0,0,0,0,0,0,0,0,0,0,0,0,snapshot,,,,,,,/home/runner/work/Solana-Memecoin-Analysis/Solana-Memecoin-Analysis/data/cache/2026-09-26/114827892159_multi_pools_7368931d3099.json
2026-09-26T11:48:19.895070+00:00,GhnQDAEiNeEekERMWZXVdhvZfTZBxAc4v7McS1w5FUxB,solana,Pump.fun,DDJ4ahXFKY88xwSB8VtyVYb1yW5yFV1qHr74NB9Dpump,SINMEMES,So11111111111111111111111111111111111111112,SOL,2026-09-25T01:27:48Z,3.3835434238102814e-06,3383.543424,,2984.4707,0.0,0.0,0.0,0,0,0,0,0,0,0,0,0,0,0,0,snapshot,,,,,,,/home/runner/work/Solana-Memecoin-Analysis/Solana-Memecoin-Analysis/data/cache/2026-09-26/114827892159_multi_pools_7368931d3099.json
2026-09-26T11:48:19.895070+00:00,5yRsvBGUqSqoEDfUspWxZdgTWsfmAMxULe5GfCzdMNmM,solana,Meteora DAMM V2,4jNoCbZcrxbQSr9Cz64isXoEASUTNzkGz7mRSNfv7777,CARDS,So11111111111111111111111111111111111111112,SOL,2026-09-25T01:27:41Z,0.001191610829609347,1191610.83,,12.184,0.0,0.0,0.0108012367,0,0,0,0,0,0,0,0,0,1,0,1,snapshot,,,,,,,/home/runner/work/Solana-Memecoin-Analysis/Solana-Memecoin-Analysis/data/cache/2026-09-26/114827892159_multi_pools_7368931d3099.json
2026-09-26T11:48:19.895070+00:00,Dc6wZRJA8dJo7LB7FuUy8HcLv5Mg97pEvyB2jU8E89NM,solana,Meteora DBC,4jNoCbZcrxbQSr9Cz64isXoEASUTNzkGz7mRSNfv7777,CARDS,So11111111111111111111111111111111111111112,SOL,2026-09-25T01:27:41Z,5.3418107374562926e-12,0.005341810737,,0.0,0.0,0.0,0.0,0,0,0,0,0,0,0,0,0,0,0,0,snapshot,,,,,,,/home/runner/work/Solana-Memecoin-Analysis/Solana-Memecoin-Analysis/data/cache/2026-09-26/114835244595_multi_pools_6bf597e0a8f2.json
2026-09-26T11:48:19.895070+00:00,GgqM7bfhEarztZ4fNs9hcScM46L98UVLaP2ze65QV2w,solana,Pump.fun,PJh1t6ta58f487WhdG2GrNsMoy2tUP87nRrvM2Hpump,LP,So11111111111111111111111111111111111111112,SOL,2026-09-25T01:27:40Z,3.851637924956363e-07,770.327585,,321.1338,0.0,0.0,0.0,0,0,0,0,0,0,0,0,0,0,0,0,snapshot,,,,,,,/home/runner/work/Solana-Memecoin-Analysis/Solana-Memecoin-Analysis/data/cache/2026-09-26/114835244595_multi_pools_6bf597e0a8f2.json
2026-09-26T11:48:19.895070+00:00,8Gj2nCcXq53wUZ8daFMPxsxxEwxXKyhtsUim8DabxT94,solana,Pump.fun,4TkNtg7VTAjBB3LLrrvyBM927sA2F8Amoxp8MACTpump,GLOB,So11111111111111111111111111111111111111112,SOL,2026-09-25T01:27:39Z,3.2800708794507055e-06,3280.070879,,2676.027,0.0,0.0,0.0,0,0,0,0,0,0,0,0,0,0,0,0,snapshot,,,,,,,/home/runner/work/Solana-Memecoin-Analysis/Solana-Memecoin-Analysis/data/cache/2026-09-26/114835244595_multi_pools_6bf597e0a8f2.json
2026-09-26T11:48:19.895070+00:00,hr9F9AybZ6uCatftMtW5KVGtgjHQXbHefTd7iGHw7Yu,solana,Pump.fun,GrVAUPhcomCx2bnmg9jPV5CwXacCthNL1UuuiEDupump,Weenie,So11111111111111111111111111111111111111112,SOL,2026-09-25T01:27:32Z,3.6042441375033117e-06,7208.488276,,2927.8773,0.0,0.0,0.0,0,0,0,0,0,0,0,0,0,0,0,0,snapshot,,,,,,,/home/runner/work/Solana-Memecoin-Analysis/Solana-Memecoin-Analysis/data/cache/2026-09-26/114835244595_multi_pools_6bf597e0a8f2.json
2026-09-26T11:48:19.895070+00:00,359UV3H3g2ZVff14AnZTWGeKaykLGdd7Ze3Kar68n6xR,solana,PumpSwap,5iqjhP5ig6JWdXQf6hYAwojZeMf11pTCvH87gCQtpump,TTP,So11111111111111111111111111111111111111112,SOL,2026-09-25T00:38:26Z,0.00014479946067252287,144799.4607,,39267.9933,71.9390331507,3055.5456789226,826475.707702256,2,1,2,1,53,40,43,37,6968,7337,2668,3154,snapshot,,,,,,,/home/runner/work/Solana-Memecoin-Analysis/Solana-Memecoin-Analysis/data/cache/2026-09-26/114835244595_multi_pools_6bf597e0a8f2.json
2026-09-26T11:48:19.895070+00:00,5kTNVZ4NPqAEmC8C4zWaxFaJrLoLxvDRGXzKqxnJ5P9L,solana,Pump.fun,FBHRYJfTfhkuPi2YedHgFfR7xvsGeL2LKBZcYa6Wpump,$EAT,So11111111111111111111111111111111111111112,SOL,2026-09-25T06:24:53Z,2.5566549338208193e-06,5113.309868,,2677.8639,0.0,0.0,0.0,0,0,0,0,0,0,0,0,0,0,0,0,snapshot,,,,,,,/home/runner/work/Solana-Memecoin-Analysis/Solana-Memecoin-Analysis/data/cache/2026-09-26/114835244595_multi_pools_6bf597e0a8f2.json
2026-09-26T11:48:19.895070+00:00,HSZdETUaxMT7sMkfnNM1cUHPF1uvjwy2icUcpXEsMf48,solana,PumpSwap,5a4AZTMPJENWxhJ5uRGEV3Zcwqo7XNSTYofjgvUiUpFS,company,So11111111111111111111111111111111111111112,SOL,2026-09-25T06:24:51Z,8.363436158944544e-05,83634.36159,,0.0009420731957,0.0,0.0,0.000795924718,0,0,0,0,0,0,0,0,0,1,0,1,snapshot,,,,,,,/home/runner/work/Solana-Memecoin-Analysis/Solana-Memecoin-Analysis/data/cache/2026-09-26/114835244595_multi_pools_6bf597e0a8f2.json
2026-09-26T11:48:19.895070+00:00,5b6ujR85FEzgEKWsaY6PAS5viojsZAPmWLt6j4SEGPZv,solana,Meteora DBC,5a4AZTMPJENWxhJ5uRGEV3Zcwqo7XNSTYofjgvUiUpFS,company,So11111111111111111111111111111111111111112,SOL,2026-09-25T06:24:44Z,5.2444878092563514e-11,0.05244487809,,0.0,0.0,0.0,0.0,0,0,0,0,0,0,0,0,0,0,0,0,snapshot,,,,,,,/home/runner/work/Solana-Memecoin-Analysis/Solana-Memecoin-Analysis/data/cache/2026-09-26/114835244595_multi_pools_6bf597e0a8f2.json
2026-09-26T11:48:19.895070+00:00,4UDkTaVJkrZw4DqdfSbSH2BiE63ZDXtBRK4dPME4v27N,solana,Pump.fun,F1UspgvGcDBosjaoTnNTQWWqyVVfRzKzfHjmNERxpump,$BULL,So11111111111111111111111111111111111111112,SOL,2026-09-25T06:24:34Z,3.251090461385008e-06,3282.443543,,2701.3869,0.0,0.0,0.0,0,0,0,0,0,0,0,0,0,0,0,0,snapshot,,,,,,,/home/runner/work/Solana-Memecoin-Analysis/Solana-Memecoin-Analysis/data/cache/2026-09-26/114835244595_multi_pools_6bf597e0a8f2.json
2026-09-26T11:48:19.895070+00:00,Cxi78eJGewXUSLBgcAtMWK8gc69qGmAhNE4kCLR4xVGA,solana,Pump.fun,44ajbPg1vimZPnum8PrTDq3MzT47qxPYnLrk6fmcpump,mori,So11111111111111111111111111111111111111112,SOL,2026-09-25T06:24:26Z,1.627484491959212e-07,325.4968984,,135.1941,0.0,0.0,0.0,0,0,0,0,0,0,0,0,0,0,0,0,snapshot,,,,,,,/home/runner/work/Solana-Memecoin-Analysis/Solana-Memecoin-Analysis/data/cache/2026-09-26/114835244595_multi_pools_6bf597e0a8f2.json
2026-09-26T11:48:19.895070+00:00,39e3inYn9tDu4GAeBJ4L1MZrRW8hMhu2yqJ59vhPeCai,solana,PumpSwap,BQJfL1yiHbJQ8AciHLcKxaCbQrWP2ws8oZHHYgbBpump,CACKLE,So11111111111111111111111111111111111111112,SOL,2026-08-18T03:38:14Z,0.0001199084452293289,119908.4452,,46936.6328,0.0,0.2966938084,20835.7225490002,0,0,0,0,0,1,0,1,1146,421,1085,403,snapshot,,,,,,,/home/runner/work/Solana-Memecoin-Analysis/Solana-Memecoin-Analysis/data/cache/2026-09-26/114835244595_multi_pools_6bf597e0a8f2.json
2026-09-26T11:48:19.895070+00:00,99C6TUp7WgTvnwQVVhAbD8HbxPdo5LJCXr7VFCvTmJf1,solana,PumpSwap,nDZknLvfFRp5rgUHdzTrQsmSY5NKzoavqdLjSHVpump,COLLECT,CARDSccUMFKoPRZxt5vt3ksUbxEFEcnZ3H2pd3dKxYjp,CARDS,2026-09-25T00:58:47Z,0.002813514444072427,2783816.04874871,2783820.95719603,198395.4251,1253.320234428,22398.1714272337,1273771.74663616,0,7,0,7,67,62,55,50,4610,3491,2179,1907,snapshot,,,,,,,/home/runner/work/Solana-Memecoin-Analysis/Solana-Memecoin-Analysis/data/cache/2026-09-26/114835244595_multi_pools_6bf597e0a8f2.json
2026-09-26T11:48:19.895070+00:00,5GHJdhuDttJyZU6D666QDjfa1Q3GXFec3VN1z65fgnGo,solana,PumpSwap,Fj3hX1NrpFAiz31HGi8YTWUNhVTJeDG9KUzEv3N21bTy,AXIS,So11111111111111111111111111111111111111112,SOL,2026-09-25T04:50:48Z,2.844911734502921e-05,2829192.69,,6.09557026165357e-07,0.0,0.0,0.0,0,0,0,0,0,0,0,0,0,0,0,0,snapshot,,,,,,,/home/runner/work/Solana-Memecoin-Analysis/Solana-Memecoin-Analysis/data/cache/2026-09-26/114835244595_multi_pools_6bf597e0a8f2.json
2026-09-26T11:48:19.895070+00:00,HnFhnuZP8WT3U2MFG5gWS8Hbkvd45rKcwoHn1i9BjYtk,solana,PumpSwap,3znS89gifim2Hhhu8wjb2PfSgaCDdma187D5NMkDpump,BRAIN,So11111111111111111111111111111111111111112,SOL,2026-09-25T00:04:11Z,6.119559833250052e-05,61970.21651,,24861.1152,24.3323607526,3067.9526314726,618008.591758527,4,0,4,0,69,38,35,29,6706,7832,2817,3474,snapshot,,,,,,,/home/runner/work/Solana-Memecoin-Analysis/Solana-Memecoin-Analysis/data/cache/2026-09-26/114835244595_multi_pools_6bf597e0a8f2.json
2026-09-26T11:48:19.895070+00:00,HJHA6AFiUQVR4nUScs7ZAR775427PJtVFqj3kmLgP9WL,solana,PumpSwap,8Vte25yt28L8BfLXm8DrzjSYEyaKX8yry6hRKRmX7FGd,UPTOBER,So11111111111111111111111111111111111111112,SOL,2026-09-22T15:41:30Z,0.00020233277578205483,198592.71200377,198592.71200377,43903.0192,1313.6969402552,22617.0950945326,558205.390485012,19,10,17,10,285,152,261,147,12638,7108,10845,5326,snapshot,,,,,,,/home/runner/work/Solana-Memecoin-Analysis/Solana-Memecoin-Analysis/data/cache/2026-09-26/114835244595_multi_pools_6bf597e0a8f2.json
2026-09-26T11:48:19.895070+00:00,P49aoDCvLpBmVvMHtuNGRdTMbMPBrDyyHeeHdcsuyZp,solana,FluxBeam,DEXG9s7dxFEBySXBEF3cKcrkM69PnK5AYaAJ73ufX7TS,LaunchLab,So11111111111111111111111111111111111111112,SOL,2026-09-25T11:24:51Z,0.0015111213582791327,1502971.62727381,,1492415.9652,0.0,0.0,9570.1832927762,0,0,0,0,0,0,0,0,268,0,20,0,snapshot,,,,,,,/home/runner/work/Solana-Memecoin-Analysis/Solana-Memecoin-Analysis/data/cache/2026-09-26/114835244595_multi_pools_6bf597e0a8f2.json
2026-09-26T11:48:19.895070+00:00,9dpt3dmjg1eggKHGEb45PNXNSz9RUX1jfM3svQbvqRFr,solana,Pump.fun,F5JdxfRPM6HnGPCT6ixoVWq5Bcn8Q3D2kVYyujFtpump,TAOTAO,So11111111111111111111111111111111111111112,SOL,2026-09-25T11:23:52Z,3.405694507275825e-06,3409.331229,,2768.7363,0.0,0.0,231.8558019732,0,0,0,0,0,0,0,0,9,16,6,16,snapshot,,,,,,,/home/runner/work/Solana-Memecoin-Analysis/Solana-Memecoin-Analysis/data/cache/2026-09-26/114835244595_multi_pools_6bf597e0a8f2.json
2026-09-26T11:48:19.895070+00:00,7sY6BrhDBkJdcYFrDd1M49hinSXrqk2bzS3rT6Juanch,solana,Raydium,8erE7RkkoiGYJtCyQdfwMpnNA8cAkY14Xe6RYjjHAdKP,CAT,XsoCS1TfEyfFhfvj8EtZ528L3CaKBDBRqRapnBbDF2W,SPYx,2026-09-21T15:53:21Z,0.00027549367553545177,275492.793456897,275492.793456897,45231.7765,219.907715367,1693.3765583829,24014.0699339965,4,0,4,0,38,11,30,6,224,219,152,159,snapshot,,,,,,,/home/runner/work/Solana-Memecoin-Analysis/Solana-Memecoin-Analysis/data/cache/2026-09-26/114835244595_multi_pools_6bf597e0a8f2.json
2026-09-26T11:48:19.895070+00:00,Ftjga524YrS7RPzGCcezMuQnFDYa8PcvWDY5mFmZk5dy,solana,PumpSwap,5g9PWcRUHpmqm5uKycpShKXJB18sGLeCEzgB3qrRpump,SWARM,So11111111111111111111111111111111111111112,SOL,2026-09-25T08:47:14Z,0.00040039433764615435,364901.676235261,364974.485790063,66511.5582,839.080057825,21476.5072553646,4117709.54141828,122,11,122,10,1667,183,1184,110,64942,23176,11581,7010,snapshot,,,,,,,/home/runner/work/Solana-Memecoin-Analysis/Solana-Memecoin-Analysis/data/cache/2026-09-26/114835244595_multi_pools_6bf597e0a8f2.json
2026-09-26T11:48:19.895070+00:00,GCQW4cgDHGV3cgEzxesC9MazExYC8P2NBQU27BmH1XE,solana,PumpSwap,6sEf597zqUxoJeW1znjtx8MUPsXFFF7zjjH2KSG8zF9y,company,So11111111111111111111111111111111111111112,SOL,2026-09-25T05:16:30Z,8.79638249382713e-06,8796.382494,,6687.6541,7.6081915785,56.1781402551,25938.3284108112,1,1,1,1,3,3,3,3,535,745,250,596,snapshot,,,,,,,/home/runner/work/Solana-Memecoin-Analysis/Solana-Memecoin-Analysis/data/cache/2026-09-26/114835244595_multi_pools_6bf597e0a8f2.json
2026-09-26T11:48:19.895070+00:00,87mffNX4rzZTF688ZuJKD68pDKqNYry3rtiXsPiJ7KV6,solana,Raydium,CADHPAKri3EwnMLKWqFqeKJYGAaunnFK6akgryZaRcgr,AMERICA,DJTu7vi8norVzdVAffgvb39VP7wjKeTsgaMBJrzfxvoF,DJT,2026-09-25T17:02:06Z,4.134082519550655e-06,4134.08252,,5943.5737,0.0,0.0,32475.1415525747,0,0,0,0,0,0,0,0,152,392,115,167,snapshot,,,,,,,/home/runner/work/Solana-Memecoin-Analysis/Solana-Memecoin-Analysis/data/cache/2026-09-26/114835244595_multi_pools_6bf597e0a8f2.json
2026-09-26T11:48:19.895070+00:00,LcqA48bdyW8EJYJ2DqqX7iRMAKYLAfZyuKaZdevWBXr,solana,Pump.fun,GyTc2qLrY4hN7b7VFW9UQeEicfddvdRUhLLtTLwKpump,PUTO,So11111111111111111111111111111111111111112,SOL,2026-09-25T17:01:55Z,3.421402927128639e-06,3421.402927,,2674.3665,0.0,0.0,182.8706278748,0,0,0,0,0,0,0,0,23,23,23,23,snapshot,,,,,,,/home/runner/work/Solana-Memecoin-Analysis/Solana-Memecoin-Analysis/data/cache/2026-09-26/114835244595_multi_pools_6bf597e0a8f2.json
2026-09-26T11:48:19.895070+00:00,2cYvH2Kcyr5ebNQxxh7BiNePnpYPjzv1Ke3bWGnXZN4F,solana,Pump.fun,F9r4mhKfgerTDAVY3hhzc4pTDs7gkxDjNqQLJisWpump,A,So11111111111111111111111111111111111111112,SOL,2026-09-25T17:01:45Z,2.842109042322218e-07,568.4218084,,239.1081,0.0,0.0,796.4898738178,0,0,0,0,0,0,0,0,33,31,10,9,snapshot,,,,,,,/home/runner/work/Solana-Memecoin-Analysis/Solana-Memecoin-Analysis/data/cache/2026-09-26/114835244595_multi_pools_6bf597e0a8f2.json
2026-09-26T11:48:19.895070+00:00,5Zm9nCiDiQFN2K6yXW3zghfo5fkRZwgbFosZTdHTcx2E,solana,Meteora DAMM V2,F3LXwr9nMkkZVa5pLojAx7QowCFuHTgbMGngpWV3zS5o,SOLRISING,So11111111111111111111111111111111111111112,SOL,2026-09-25T17:01:34Z,0.00011804305726701556,118043.0573,,0.796,0.0,0.0,0.5226156175,0,0,0,0,0,0,0,0,22,4,13,4,snapshot,,,,,,,/home/runner/work/Solana-Memecoin-Analysis/Solana-Memecoin-Analysis/data/cache/2026-09-26/114835244595_multi_pools_6bf597e0a8f2.json
2026-09-26T11:48:19.895070+00:00,GyqG6jQStJy1WEzmPfhbVyjwq14C26t9bSa25f4dmKdA,solana,PumpSwap,AX5paLzKuPZAFCd6sneVj7z5VGAJyCGyXLmjfDAdBZQf,MUSESTREAM,So11111111111111111111111111111111111111112,SOL,2026-09-25T20:24:24Z,2.5597176514192305e-06,2559.717651,,2575.3994,0.0,0.0,176142.167628601,0,0,0,0,0,0,0,0,2207,2008,999,1096,snapshot,,,,,,,/home/runner/work/Solana-Memecoin-Analysis/Solana-Memecoin-Analysis/data/cache/2026-09-26/114835244595_multi_pools_6bf597e0a8f2.json
2026-09-26T11:48:19.895070+00:00,4AbNLT88rY1UQWYBmksCPrNyXhgSHNdLcQ4zM5PGbvMG,solana,PumpSwap,3JwLsyCxRDVPx5PP2qU2d8HuBH4nNGFwgZypWLrSpump,dog,So11111111111111111111111111111111111111112,SOL,2026-09-25T20:24:17Z,0.0037765540251578304,3776554.025,,6.46436832923228e-07,0.0,0.0,3289.7447135474,0,0,0,0,0,0,0,0,2342,258,214,146,snapshot,,,,,,,/home/runner/work/Solana-Memecoin-Analysis/Solana-Memecoin-Analysis/data/cache/2026-09-26/114835244595_multi_pools_6bf597e0a8f2.json
2026-09-26T11:48:19.895070+00:00,6hKaWWvY2JtmHYE1V58y4UVsjedNq4zT6zFLXuZCsxQN,solana,Pump.fun,HbffogXDjF9Dx71MG3pbLm3Czmibo5cfPYNEKHrNpump,Find,So11111111111111111111111111111111111111112,SOL,2026-09-25T20:24:15Z,6.151938424963021e-10,1.230387685,,1.0976,0.0,0.0,589.1290198259,0,0,0,0,0,0,0,0,151,147,21,18,snapshot,,,,,,,/home/runner/work/Solana-Memecoin-Analysis/Solana-Memecoin-Analysis/data/cache/2026-09-26/114835244595_multi_pools_6bf597e0a8f2.json
2026-09-26T11:48:19.895070+00:00,5PEoQSF627rLCcR7q6RDTXt5CdxpVLyvEpBKEpbqG8Jr,solana,Pump.fun,FHYP5mKMy5TzhfEwX4oonDBxhhG3zWKbR5gsQJebpump,ch,So11111111111111111111111111111111111111112,SOL,2026-09-25T20:24:04Z,4.859660376920779e-06,9719.320754,,3302.3276,0.0,0.0,478.7997943566,0,0,0,0,0,0,0,0,54,43,13,13,snapshot,,,,,,,/home/runner/work/Solana-Memecoin-Analysis/Solana-Memecoin-Analysis/data/cache/2026-09-26/114835244595_multi_pools_6bf597e0a8f2.json
2026-09-26T11:48:19.895070+00:00,AN3Vgx1Ap1kYKXWcPo57AMnNNFM3heSyqKcPskaS7weh,solana,Pump.fun,EwXTL9o6mPaorsW1UZbZZkkbxbUdheGz8jGwyAmApump,USTAYREADY,So11111111111111111111111111111111111111112,SOL,2026-09-25T20:24:01Z,3.5241513021264064e-06,3524.151302,,2767.8301,0.0,0.0,330.7594960137,0,0,0,0,0,0,0,0,2,1,2,1,snapshot,,,,,,,/home/runner/work/Solana-Memecoin-Analysis/Solana-Memecoin-Analysis/data/cache/2026-09-26/114835244595_multi_pools_6bf597e0a8f2.json
2026-09-26T11:48:19.895070+00:00,CznwRW4393ppcasxY1T7QP9gck3t8J66BVmXjdATgMSd,solana,Pump.fun,Du4K1ETWbvWtKJMnFkCN8o66zqHStVHzMTArxWqkpump,Memes.gov,So11111111111111111111111111111111111111112,SOL,2026-09-25T20:23:59Z,3.5222944073029243e-06,3522.294407,,2806.1674,0.0,0.0,52086.6860474996,0,0,0,0,0,0,0,0,764,649,381,367,snapshot,,,,,,,/home/runner/work/Solana-Memecoin-Analysis/Solana-Memecoin-Analysis/data/cache/2026-09-26/114835244595_multi_pools_6bf597e0a8f2.json
2026-09-26T11:48:19.895070+00:00,E46yzJBRonezRdBM56TZMPiYpUz9WPAqt8j9yJHLkruF,solana,Pump.fun,593gnQM1kRciQDf312GpwGZJhTxM6Yak5MMFn7X4pump,Dog Think,So11111111111111111111111111111111111111112,SOL,2026-09-25T23:23:34Z,1.1685677996490147e-06,2337.1356,,916.5937,0.0,0.0,49.1541365369,0,0,0,0,0,0,0,0,22,30,3,3,snapshot,,,,,,,/home/runner/work/Solana-Memecoin-Analysis/Solana-Memecoin-Analysis/data/cache/2026-09-26/114842893705_multi_pools_d818378892fe.json
2026-09-26T11:48:19.895070+00:00,9BerALcrD4KZD1zLp7wvf6vX2b8QAKkvBipzf7GvBihH,solana,Pump.fun,BHD5kbtnajDq5MYEmbJwVLa2ucdcZgzscey1gJMrWa81,TANKCLUB,So11111111111111111111111111111111111111112,SOL,2026-09-25T23:23:29Z,3.4138717506994996e-06,3413.871751,,2677.0554,0.0,0.0,116.1179954394,0,0,0,0,0,0,0,0,5,5,5,5,snapshot,,,,,,,/home/runner/work/Solana-Memecoin-Analysis/Solana-Memecoin-Analysis/data/cache/2026-09-26/114842893705_multi_pools_d818378892fe.json
2026-09-26T11:48:19.895070+00:00,BtT1ocd3feVAR5zaHqkFGGgpUyfym9mbfWPz17wA24jL,solana,PumpSwap,7g9v4sr3kDsQEhqH6PMYdVdzHR9RGWo83LYRgKrpNRBY,Holdoween,So11111111111111111111111111111111111111112,SOL,2026-09-25T23:23:23Z,2.653137871841255e-05,122.0336711,,0.002455027275,0.0,0.0,78790.8782745094,0,0,0,0,0,0,0,0,1175,239,973,23,snapshot,,,,,,,/home/runner/work/Solana-Memecoin-Analysis/Solana-Memecoin-Analysis/data/cache/2026-09-26/114842893705_multi_pools_d818378892fe.json
2026-09-26T11:48:19.895070+00:00,4fJn9c96VponFoiLr3MokFTzpERyMKwMuBeRvuSft4YA,solana,Pump.fun,DmKeZE5UgJ9pWwcUMAia4kT1mtcPhrdE2o94Ut3Apump,company,So11111111111111111111111111111111111111112,SOL,2026-09-25T23:23:08Z,3.4317646509268258e-06,3431.764651,,2688.8709,0.0,0.0,1963.2064370196,0,0,0,0,0,0,0,0,21,18,14,15,snapshot,,,,,,,/home/runner/work/Solana-Memecoin-Analysis/Solana-Memecoin-Analysis/data/cache/2026-09-26/114842893705_multi_pools_d818378892fe.json
2026-09-26T11:48:19.895070+00:00,FnntXC9pGme3Ad9QMZSFuzRp35YEvFi73E2DPt5YGig2,solana,Pump.fun,DQjwMS85NDTo2Qr1Rf51PAdvj3QK5poxtkihk3YApump,COOKED,So11111111111111111111111111111111111111112,SOL,2026-09-25T23:23:04Z,9.216449611742197e-07,2257.656752,,862.4835,0.0,0.0,591.6227809936,0,0,0,0,0,0,0,0,69,61,11,11,snapshot,,,,,,,/home/runner/work/Solana-Memecoin-Analysis/Solana-Memecoin-Analysis/data/cache/2026-09-26/114842893705_multi_pools_d818378892fe.json
2026-09-26T11:48:19.895070+00:00,EauPrgojCQfxzQbafthunGLB4QV4jp8VjKQULACB2TaM,solana,Pump.fun,4RrmztLGqSnJbxDBjuqsYf7XXojMqDLQViae9XTypump,$Shlawg,So11111111111111111111111111111111111111112,SOL,2026-09-25T23:22:59Z,3.04286650518135e-06,6085.73301,,2365.6808,0.0,0.0,134.6312118018,0,0,0,0,0,0,0,0,17,14,4,4,snapshot,,,,,,,/home/runner/work/Solana-Memecoin-Analysis/Solana-Memecoin-Analysis/data/cache/2026-09-26/114842893705_multi_pools_d818378892fe.json
2026-09-26T11:48:19.895070+00:00,3dcwhqJp6JBTJPq8ga335HWgSQVS7uQmdmeX7iGjMNpj,solana,PumpSwap,CTPoyCwkjMvoJwU4xvZZqoD8tiYk6yDchySiN5gGpump,fone,So11111111111111111111111111111111111111112,SOL,2026-08-27T00:03:44Z,0.006198176653874112,6141617.35720358,6141617.37694573,601233.0907,13061.8748638224,147810.963805109,1528791.2654144,27,44,26,25,364,483,164,181,3838,3989,1377,1334,snapshot,,,,,,,/home/runner/work/Solana-Memecoin-Analysis/Solana-Memecoin-Analysis/data/cache/2026-09-26/114842893705_multi_pools_d818378892fe.json
2026-09-26T11:48:19.895070+00:00,364hvUrAhVcGA4a4CjRNCeTzPr3XkotZePBPtWUZTvLr,solana,PumpSwap,8DMRzhGGVhDMsbZRiH3Hnv7vPE8Know6hyJdzG8b5pmG,DDOS,So11111111111111111111111111111111111111112,SOL,2026-09-26T01:44:57Z,0.00011181597376477626,110848.5407,,8.556844509e-07,0.0,0.0,5237.6722227552,0,0,0,0,0,0,0,0,1281,52,940,44,snapshot,,,,,,,/home/runner/work/Solana-Memecoin-Analysis/Solana-Memecoin-Analysis/data/cache/2026-09-26/114842893705_multi_pools_d818378892fe.json
2026-09-26T11:48:19.895070+00:00,ERXreoRwqXj4ec8NZKRfXmzKQqk4eSufzQHbHvCYBqe3,solana,Meteora DAMM V2,8DMRzhGGVhDMsbZRiH3Hnv7vPE8Know6hyJdzG8b5pmG,DDOS,So11111111111111111111111111111111111111112,SOL,2026-09-26T01:44:50Z,3.464691687316323e-06,3464.691687,,0.0723,0.0,0.0,0.5696901502,0,0,0,0,0,0,0,0,20,4,13,4,snapshot,,,,,,,/home/runner/work/Solana-Memecoin-Analysis/Solana-Memecoin-Analysis/data/cache/2026-09-26/114842893705_multi_pools_d818378892fe.json
2026-09-26T11:48:19.895070+00:00,7qjiQZ5QYxW1XZLP1U1ASdjH8KVabf6guWaupbU8ZQuH,solana,Pump.fun,4ZvcJsA7cWtaUqKRBpkQSx7GqBZWvftW3bwsjX8mJETs,PLANET,So11111111111111111111111111111111111111112,SOL,2026-09-26T01:44:49Z,3.5379532564706095e-06,3786.767423,,3172.8092,0.0,0.0,1707.8975681491,0,0,0,0,0,0,0,0,4,5,4,4,snapshot,,,,,,,/home/runner/work/Solana-Memecoin-Analysis/Solana-Memecoin-Analysis/data/cache/2026-09-26/114842893705_multi_pools_d818378892fe.json
2026-09-26T11:48:19.895070+00:00,jyjX1ZnB5zZ3n3am5yFCnfTnvntgX8EfKwgPBfuPJCV,solana,Pump.fun,HtjFoRFa4612Tq981Xc5Nfuwi1RVyz6CvXFc7aSapump,TIPS,So11111111111111111111111111111111111111112,SOL,2026-09-26T01:44:49Z,3.410587861572369e-06,3410.587862,,2673.0892,0.0,0.0,0.2409438365,0,0,0,0,0,0,0,0,1,1,1,1,snapshot,,,,,,,/home/runner/work/Solana-Memecoin-Analysis/Solana-Memecoin-Analysis/data/cache/2026-09-26/114842893705_multi_pools_d818378892fe.json
2026-09-26T11:48:19.895070+00:00,99f6oPH3aE9L4iEj22ijwVjiAJUidJHBbqBsxLdkLc8G,solana,Pump.fun,76rXydoewfk5vRKaEmEmdphTyS7UYTgJKJWtAfd3pump,PLANET,So11111111111111111111111111111111111111112,SOL,2026-09-26T01:44:45Z,3.412359607689158e-06,3412.359608,,2673.2097,0.0,0.0,174.6987691132,0,0,0,0,0,0,0,0,25,24,24,24,snapshot,,,,,,,/home/runner/work/Solana-Memecoin-Analysis/Solana-Memecoin-Analysis/data/cache/2026-09-26/114842893705_multi_pools_d818378892fe.json
2026-09-26T11:48:19.895070+00:00,4JAnKFddd5fFTk5PxDj3PpTWJuTEfSWQEjZJcgKQ9KwW,solana,PumpSwap,CbcyNo7m1amFWqEQm2m4PLv1UNvpcL3C1Ujm6AkzpKoU,e/acc,So11111111111111111111111111111111111111112,SOL,2026-09-25T21:15:15Z,0.016255835717036413,16058025.701496,,537767.7613,10245.2265581496,311724.137325486,46437758.566432,37,31,28,26,682,855,378,480,134191,112164,27450,22467,snapshot,,,,,,,/home/runner/work/Solana-Memecoin-Analysis/Solana-Memecoin-Analysis/data/cache/2026-09-26/114842893705_multi_pools_d818378892fe.json
2026-09-26T11:48:19.895070+00:00,3yXXas5wQqC6LzV9x22GEqVr9Dgg1VC6yynkVGhRWJWM,solana,PumpSwap,5NhN6zzDkzwXFGPFqtpTopV4ttBeZ6CWy1oRL9Rkpump,Bagwork,So11111111111111111111111111111111111111112,SOL,2026-09-25T14:14:54Z,0.000605075737820283,588785.726063758,588786.824753379,84812.722,13964.4377732376,94597.0694830819,6423614.17558351,32,37,29,30,430,446,284,260,45990,36211,11992,10909,snapshot,,,,,,,/home/runner/work/Solana-Memecoin-Analysis/Solana-Memecoin-Analysis/data/cache/2026-09-26/114842893705_multi_pools_d818378892fe.json
2026-09-26T11:48:19.895070+00:00,DTre5JvnzVP9NaBgr7pWrG77nsZefgMLBLQTwTCrzqbE,solana,Pump.fun,Fzok3s8QpvDbx2zmNBeTFn4AohDKKEit7rLfBTCMpump,$WYD,So11111111111111111111111111111111111111112,SOL,2026-09-26T06:40:13Z,7.400308798552142e-08,148.00617598,,0.0,0.0,0.0,667.3423733331,0,0,0,0,0,0,0,0,147,140,23,20,snapshot,,,,,,,/home/runner/work/Solana-Memecoin-Analysis/Solana-Memecoin-Analysis/data/cache/2026-09-26/114842893705_multi_pools_d818378892fe.json
2026-09-26T11:48:19.895070+00:00,GYermLV9vZD1Na4dvf3WAxxj6LY4ksi9e2uvobxLeSN6,solana,PumpSwap,uL7tn5so4AzesQwoUd1T8VpweJ7FprDXyquEJkXpump,WOAR,So11111111111111111111111111111111111111112,SOL,2026-09-26T06:40:04Z,0.003069352191021155,3065838.65981527,,159814.1585,378.2331353788,6615.1395113118,95280.3451304812,10,3,8,3,175,59,13,12,3109,1158,1633,604,snapshot,,,,,,,/home/runner/work/Solana-Memecoin-Analysis/Solana-Memecoin-Analysis/data/cache/2026-09-26/114842893705_multi_pools_d818378892fe.json
2026-09-26T11:48:19.895070+00:00,EoiNWADPghznjVcuz2i3tfEXASNXkvVeU1Lv8bvJQrsg,solana,Pump.fun,26K73Eb7aco7Ks6snVJKEMPWSHYFzeihNb1FG9Vzpump,BalloonHorn,So11111111111111111111111111111111111111112,SOL,2026-09-26T06:39:55Z,3.502391116765245e-06,3502.391117,,2786.2296,0.0,0.0,307.8217137366,0,0,0,0,0,0,0,0,21,20,17,18,snapshot,,,,,,,/home/runner/work/Solana-Memecoin-Analysis/Solana-Memecoin-Analysis/data/cache/2026-09-26/114842893705_multi_pools_d818378892fe.json
2026-09-26T11:48:19.895070+00:00,CPRoWXCgq3ELsnqsGDMLmAVRnNSmyN4k1ddc6efGdd91,solana,PumpSwap,CMuvWQ6qQbSt7NUQdPGcVKCoDgETieuqS68qu6BaeVgR,Cream,So11111111111111111111111111111111111111112,SOL,2026-09-26T00:19:08Z,0.0005477956239716867,515585.859498748,,80206.0891,2387.0389040386,83022.7171805019,7208812.22046798,5,16,5,13,249,395,175,209,43961,33152,11014,9578,snapshot,,,,,,,/home/runner/work/Solana-Memecoin-Analysis/Solana-Memecoin-Analysis/data/cache/2026-09-26/114842893705_multi_pools_d818378892fe.json
2026-09-26T11:48:19.895070+00:00,Ax9GpoBxTKb19NMj4eJhNsy163xuUGmFKrLpELeQK7LX,solana,PumpSwap,jLz71QZfjnZZMLjUaCBw7KmUyftkkNq8NkWi2u9dyap,YAP,So11111111111111111111111111111111111111112,SOL,2026-09-25T14:11:13Z,0.004229263674164096,4176199.96993898,,222814.2486,65852.8702721598,820455.210464263,7670306.86949858,151,220,119,136,2468,2262,1332,1101,35722,31951,10905,9557,snapshot,,,,,,,/home/runner/work/Solana-Memecoin-Analysis/Solana-Memecoin-Analysis/data/cache/2026-09-26/114842893705_multi_pools_d818378892fe.json
2026-09-26T11:48:19.895070+00:00,DGvB8KyD79wFBJ7Kr7mW54qSfi7Yk3UrhJkcnTSd6frb,solana,PumpSwap,BdzaE3T7uU59pBVDBHZVZh3yWrrpo4oPrXdv4nPDpump,JIANCO,Xsv9hRk1z5ystj9MhnA7Lq4vjSsLwzL2nxrwmwtD3re,GLDx,2026-09-26T00:06:55Z,9.676568487061413e-05,98279.9422930402,98279.9422930402,47563.6901,932.2258623771,7232.2157583694,88057.475844123,42,2,13,2,573,37,153,30,3184,819,2361,619,snapshot,,,,,,,/home/runner/work/Solana-Memecoin-Analysis/Solana-Memecoin-Analysis/data/cache/2026-09-26/114842893705_multi_pools_d818378892fe.json
2026-09-26T11:48:19.895070+00:00,6tuhHpYSinf41V39KW3JmpVUaxehcabCbHZqqFnwR6xf,solana,PumpSwap,GY9mZfyPpxXxBXBxS2hB2XjhP3kfUsywTvgveozxpump,ELON,So11111111111111111111111111111111111111112,SOL,2026-09-15T19:26:05Z,0.004869567727072708,4480023.24410447,4480030.35715746,324834.2664,4444.5185830597,243842.837907186,6805421.61763677,25,22,25,21,735,645,465,492,20287,17716,6684,6617,snapshot,,,,,,,/home/runner/work/Solana-Memecoin-Analysis/Solana-Memecoin-Analysis/data/cache/2026-09-26/114842893705_multi_pools_d818378892fe.json
2026-09-26T11:48:19.895070+00:00,3QaH1ifhQgUXHQdX3DHi9oMrWzTQfKLcomoCyeRRLMh6,solana,PumpSwap,5wW9mhbwq1HTFh341iimpmrqBB4mfxdXiYhdYBL7hUnp,KARDASHEV,So11111111111111111111111111111111111111112,SOL,2026-09-26T07:26:05Z,0.0016504718652112914,1648789.753,,132227.6499,11949.2397010208,356255.142822349,6963362.23510559,61,68,54,58,2085,1583,1154,1035,38208,31835,9801,7772,snapshot,,,,,,,/home/runner/work/Solana-Memecoin-Analysis/Solana-Memecoin-Analysis/data/cache/2026-09-26/114842893705_multi_pools_d818378892fe.json
2026-09-26T11:48:19.895070+00:00,5FcxJGy2y12FkrRJ35RsoboiV7KUnmMddK5C4HMbWDbD,solana,Pump.fun,P7mcaNSNxvYQJWYXiq9uJnb5PqehDaR5UAjm1uEpump,BLAST,So11111111111111111111111111111111111111112,SOL,2026-09-26T11:47:19Z,4.003063758029061e-06,4003.784784,,3148.0872,1303.8886466264,1303.8886466264,1303.8886466264,32,21,32,21,32,21,32,21,32,21,32,21,snapshot,,,,,,,/home/runner/work/Solana-Memecoin-Analysis/Solana-Memecoin-Analysis/data/cache/2026-09-26/114842893705_multi_pools_d818378892fe.json
2026-09-26T11:48:19.895070+00:00,ajdJFV2vE9K6QnC1oN3nxKgnYhcwkjtApLPpvVi7CMf,solana,Pump.fun,FfG5dsXnaqHzL2vdDmJ4pmpzBbzPpdM4c9aXxnP2Rxia,X,So11111111111111111111111111111111111111112,SOL,2026-09-26T11:47:10Z,3.402296495781985e-06,3402.296496,,3753.5177,1840.8278873631,1840.8278873631,1840.8278873631,6,6,6,5,6,6,6,5,6,6,6,5,snapshot,,,,,,,/home/runner/work/Solana-Memecoin-Analysis/Solana-Memecoin-Analysis/data/cache/2026-09-26/114842893705_multi_pools_d818378892fe.json
2026-09-26T11:48:19.895070+00:00,6deFvLfNPRxTJ6GPqTuXji3E8gD8H3t22ES5twcMEFtb,solana,Pump.fun,9bmBBkW4rKndeac6tEob45viGdsJc9yrZ3saBw1kpump,$GOAT,So11111111111111111111111111111111111111112,SOL,2026-09-26T11:46:58Z,6.8274276671654075e-06,13654.855334,,5374.9303,213.750897143,213.750897143,213.750897143,28,24,3,3,28,24,3,3,28,24,3,3,snapshot,,,,,,,/home/runner/work/Solana-Memecoin-Analysis/Solana-Memecoin-Analysis/data/cache/2026-09-26/114842893705_multi_pools_d818378892fe.json
2026-09-26T11:48:19.895070+00:00,6hBBBSNYQ3QXD3C3pNQwpHhRhWtNMCYKd8uZXnmRu9sL,solana,Pump.fun,BGFCotxiujzZtZhdqowfkVtcFAehJ33buRbUoWWXTFDS,TTEST,So11111111111111111111111111111111111111112,SOL,2026-09-26T11:46:53Z,3.3899224258343133e-06,3389.354791,,2691.7458,4.3210269966,4.3210269966,4.3210269966,8,4,8,4,8,4,8,4,8,4,8,4,snapshot,,,,,,,/home/runner/work/Solana-Memecoin-Analysis/Solana-Memecoin-Analysis/data/cache/2026-09-26/114842893705_multi_pools_d818378892fe.json
2026-09-26T11:48:19.895070+00:00,79b539gZHKGeg6szrmMU7kdS9VixSnuUsNpM8FocYfUQ,solana,Pump.fun,B25P28ydBNRyDpMnm9oSzdNjRPHaJ5ujrRMLq6FZpump,WORM,So11111111111111111111111111111111111111112,SOL,2026-09-26T11:46:45Z,3.406345983028803e-06,3406.345983,,2702.0198,910.4886485448,910.4886485448,910.4886485448,12,13,12,13,12,13,12,13,12,13,12,13,snapshot,,,,,,,/home/runner/work/Solana-Memecoin-Analysis/Solana-Memecoin-Analysis/data/cache/2026-09-26/114842893705_multi_pools_d818378892fe.json
2026-09-26T11:45:00+00:00,CPRoWXCgq3ELsnqsGDMLmAVRnNSmyN4k1ddc6efGdd91,solana,PumpSwap,,,,,2026-09-26T00:19:08Z,0.0005477956239716867,,,,,,,,,,,,,,,,,,,ohlcv_backfill,minute,0.0005262124438155507,0.0005497291378384828,0.0005171006238539554,0.0005477956239716867,3582.375313992016,/home/runner/work/Solana-Memecoin-Analysis/Solana-Memecoin-Analysis/data/cache/2026-09-26/114850426187_ohlcv_93a5b0f0fdf8.json
2026-09-26T11:40:00+00:00,CPRoWXCgq3ELsnqsGDMLmAVRnNSmyN4k1ddc6efGdd91,solana,PumpSwap,,,,,2026-09-26T00:19:08Z,0.0005262124438155507,,,,,,,,,,,,,,,,,,,ohlcv_backfill,minute,0.000521971648847091,0.0005799357824870217,0.0005164774353008932,0.0005262124438155507,11888.621387433257,/home/runner/work/Solana-Memecoin-Analysis/Solana-Memecoin-Analysis/data/cache/2026-09-26/114850426187_ohlcv_93a5b0f0fdf8.json
2026-09-26T11:35:00+00:00,CPRoWXCgq3ELsnqsGDMLmAVRnNSmyN4k1ddc6efGdd91,solana,PumpSwap,,,,,2026-09-26T00:19:08Z,0.000521971648847091,,,,,,,,,,,,,,,,,,,ohlcv_backfill,minute,0.0004760318635127485,0.0005295761121521487,0.0004732888199547919,0.000521971648847091,7303.8566993421,/home/runner/work/Solana-Memecoin-Analysis/Solana-Memecoin-Analysis/data/cache/2026-09-26/114850426187_ohlcv_93a5b0f0fdf8.json
2026-09-26T11:30:00+00:00,CPRoWXCgq3ELsnqsGDMLmAVRnNSmyN4k1ddc6efGdd91,solana,PumpSwap,,,,,2026-09-26T00:19:08Z,0.0004760318635127485,,,,,,,,,,,,,,,,,,,ohlcv_backfill,minute,0.0004443186278705131,0.0004760318635127485,0.00043550167482487375,0.0004760318635127485,3505.431049386619,/home/runner/work/Solana-Memecoin-Analysis/Solana-Memecoin-Analysis/data/cache/2026-09-26/114850426187_ohlcv_93a5b0f0fdf8.json
2026-09-26T11:25:00+00:00,CPRoWXCgq3ELsnqsGDMLmAVRnNSmyN4k1ddc6efGdd91,solana,PumpSwap,,,,,2026-09-26T00:19:08Z,0.0004443186278705131,,,,,,,,,,,,,,,,,,,ohlcv_backfill,minute,0.0004249251971754611,0.00045190710851212803,0.00041379382665805806,0.0004443186278705131,3106.138401270536,/home/runner/work/Solana-Memecoin-Analysis/Solana-Memecoin-Analysis/data/cache/2026-09-26/114850426187_ohlcv_93a5b0f0fdf8.json
2026-09-26T11:20:00+00:00,CPRoWXCgq3ELsnqsGDMLmAVRnNSmyN4k1ddc6efGdd91,solana,PumpSwap,,,,,2026-09-26T00:19:08Z,0.0004249251971754611,,,,,,,,,,,,,,,,,,,ohlcv_backfill,minute,0.0004910945781171432,0.0004910945781171432,0.00040630471992537844,0.0004249251971754611,11746.54393621329,/home/runner/work/Solana-Memecoin-Analysis/Solana-Memecoin-Analysis/data/cache/2026-09-26/114850426187_ohlcv_93a5b0f0fdf8.json
2026-09-26T11:15:00+00:00,CPRoWXCgq3ELsnqsGDMLmAVRnNSmyN4k1ddc6efGdd91,solana,PumpSwap,,,,,2026-09-26T00:19:08Z,0.0004910945781171432,,,,,,,,,,,,,,,,,,,ohlcv_backfill,minute,0.0004860609370746942,0.0004974045379548756,0.000473064959646055,0.0004910945781171432,2213.4099426339308,/home/runner/work/Solana-Memecoin-Analysis/Solana-Memecoin-Analysis/data/cache/2026-09-26/114850426187_ohlcv_93a5b0f0fdf8.json
2026-09-26T11:10:00+00:00,CPRoWXCgq3ELsnqsGDMLmAVRnNSmyN4k1ddc6efGdd91,solana,PumpSwap,,,,,2026-09-26T00:19:08Z,0.0004860609370746942,,,,,,,,,,,,,,,,,,,ohlcv_backfill,minute,0.0004941816263226129,0.0005058176256610771,0.00047145215655144674,0.0004860609370746942,4139.245319908739,/home/runner/work/Solana-Memecoin-Analysis/Solana-Memecoin-Analysis/data/cache/2026-09-26/114850426187_ohlcv_93a5b0f0fdf8.json
2026-09-26T11:05:00+00:00,CPRoWXCgq3ELsnqsGDMLmAVRnNSmyN4k1ddc6efGdd91,solana,PumpSwap,,,,,2026-09-26T00:19:08Z,0.0004941816263226129,,,,,,,,,,,,,,,,,,,ohlcv_backfill,minute,0.0004553312821942045,0.0005090931537545395,0.0004553312821942045,0.0004941816263226129,1485.0407167826002,/home/runner/work/Solana-Memecoin-Analysis/Solana-Memecoin-Analysis/data/cache/2026-09-26/114850426187_ohlcv_93a5b0f0fdf8.json
2026-09-26T11:00:00+00:00,CPRoWXCgq3ELsnqsGDMLmAVRnNSmyN4k1ddc6efGdd91,solana,PumpSwap,,,,,2026-09-26T00:19:08Z,0.0004553312821942045,,,,,,,,,,,,,,,,,,,ohlcv_backfill,minute,0.0005286157677592,0.0005286157677592,0.0004544795905016472,0.0004553312821942045,7028.730730686337,/home/runner/work/Solana-Memecoin-Analysis/Solana-Memecoin-Analysis/data/cache/2026-09-26/114850426187_ohlcv_93a5b0f0fdf8.json
2026-09-26T10:55:00+00:00,CPRoWXCgq3ELsnqsGDMLmAVRnNSmyN4k1ddc6efGdd91,solana,PumpSwap,,,,,2026-09-26T00:19:08Z,0.0005286157677592,,,,,,,,,,,,,,,,,,,ohlcv_backfill,minute,0.00047736139771148667,0.0005625362477104282,0.0004711844946678196,0.0005286157677592,19720.32211505834,/home/runner/work/Solana-Memecoin-Analysis/Solana-Memecoin-Analysis/data/cache/2026-09-26/114850426187_ohlcv_93a5b0f0fdf8.json
2026-09-26T10:50:00+00:00,CPRoWXCgq3ELsnqsGDMLmAVRnNSmyN4k1ddc6efGdd91,solana,PumpSwap,,,,,2026-09-26T00:19:08Z,0.00047736139771148667,,,,,,,,,,,,,,,,,,,ohlcv_backfill,minute,0.00043760172134607806,0.0005071284283873458,0.00043700335647968826,0.00047736139771148667,8498.337977747531,/home/runner/work/Solana-Memecoin-Analysis/Solana-Memecoin-Analysis/data/cache/2026-09-26/114850426187_ohlcv_93a5b0f0fdf8.json
2026-09-26T10:45:00+00:00,CPRoWXCgq3ELsnqsGDMLmAVRnNSmyN4k1ddc6efGdd91,solana,PumpSwap,,,,,2026-09-26T00:19:08Z,0.00043760172134607806,,,,,,,,,,,,,,,,,,,ohlcv_backfill,minute,0.00041974660267493207,0.0004419915814243711,0.00040605379204260394,0.00043760172134607806,4578.225982207092,/home/runner/work/Solana-Memecoin-Analysis/Solana-Memecoin-Analysis/data/cache/2026-09-26/114850426187_ohlcv_93a5b0f0fdf8.json
2026-09-26T10:40:00+00:00,CPRoWXCgq3ELsnqsGDMLmAVRnNSmyN4k1ddc6efGdd91,solana,PumpSwap,,,,,2026-09-26T00:19:08Z,0.00041974660267493207,,,,,,,,,,,,,,,,,,,ohlcv_backfill,minute,0.0004388787859901135,0.00044206405004213405,0.0004100341508637694,0.00041974660267493207,3126.9042745970346,/home/runner/work/Solana-Memecoin-Analysis/Solana-Memecoin-Analysis/data/cache/2026-09-26/114850426187_ohlcv_93a5b0f0fdf8.json
2026-09-26T10:35:00+00:00,CPRoWXCgq3ELsnqsGDMLmAVRnNSmyN4k1ddc6efGdd91,solana,PumpSwap,,,,,2026-09-26T00:19:08Z,0.0004388787859901135,,,,,,,,,,,,,,,,,,,ohlcv_backfill,minute,0.00042950864876918144,0.00046436274402501343,0.00042338819841035,0.0004388787859901135,5250.813715274292,/home/runner/work/Solana-Memecoin-Analysis/Solana-Memecoin-Analysis/data/cache/2026-09-26/114850426187_ohlcv_93a5b0f0fdf8.json
2026-09-26T10:30:00+00:00,CPRoWXCgq3ELsnqsGDMLmAVRnNSmyN4k1ddc6efGdd91,solana,PumpSwap,,,,,2026-09-26T00:19:08Z,0.00042950864876918144,,,,,,,,,,,,,,,,,,,ohlcv_backfill,minute,0.0004020963743046753,0.0004351559198755463,0.00039442186055698315,0.00042950864876918144,6122.27286647318,/home/runner/work/Solana-Memecoin-Analysis/Solana-Memecoin-Analysis/data/cache/2026-09-26/114850426187_ohlcv_93a5b0f0fdf8.json
2026-09-26T10:25:00+00:00,CPRoWXCgq3ELsnqsGDMLmAVRnNSmyN4k1ddc6efGdd91,solana,PumpSwap,,,,,2026-09-26T00:19:08Z,0.0004020963743046753,,,,,,,,,,,,,,,,,,,ohlcv_backfill,minute,0.00038489064684626745,0.0004077107539003001,0.0003797049040278844,0.0004020963743046753,4584.1114990456435,/home/runner/work/Solana-Memecoin-Analysis/Solana-Memecoin-Analysis/data/cache/2026-09-26/114850426187_ohlcv_93a5b0f0fdf8.json
2026-09-26T10:20:00+00:00,CPRoWXCgq3ELsnqsGDMLmAVRnNSmyN4k1ddc6efGdd91,solana,PumpSwap,,,,,2026-09-26T00:19:08Z,0.00038489064684626745,,,,,,,,,,,,,,,,,,,ohlcv_backfill,minute,0.000359446096315294,0.00038997410225497653,0.00035283212032510006,0.00038489064684626745,8332.406329892388,/home/runner/work/Solana-Memecoin-Analysis/Solana-Memecoin-Analysis/data/cache/2026-09-26/114850426187_ohlcv_93a5b0f0fdf8.json
2026-09-26T10:15:00+00:00,CPRoWXCgq3ELsnqsGDMLmAVRnNSmyN4k1ddc6efGdd91,solana,PumpSwap,,,,,2026-09-26T00:19:08Z,0.000359446096315294,,,,,,,,,,,,,,,,,,,ohlcv_backfill,minute,0.0003913202591292161,0.0003913202591292161,0.00030579267485397385,0.000359446096315294,25255.99768401195,/home/runner/work/Solana-Memecoin-Analysis/Solana-Memecoin-Analysis/data/cache/2026-09-26/114850426187_ohlcv_93a5b0f0fdf8.json
2026-09-26T10:10:00+00:00,CPRoWXCgq3ELsnqsGDMLmAVRnNSmyN4k1ddc6efGdd91,solana,PumpSwap,,,,,2026-09-26T00:19:08Z,0.0003913202591292161,,,,,,,,,,,,,,,,,,,ohlcv_backfill,minute,0.00040371614801432794,0.00042768492516039866,0.00038497623145445774,0.0003913202591292161,4282.382783969216,/home/runner/work/Solana-Memecoin-Analysis/Solana-Memecoin-Analysis/data/cache/2026-09-26/114850426187_ohlcv_93a5b0f0fdf8.json
2026-09-26T10:05:00+00:00,CPRoWXCgq3ELsnqsGDMLmAVRnNSmyN4k1ddc6efGdd91,solana,PumpSwap,,,,,2026-09-26T00:19:08Z,0.00040371614801432794,,,,,,,,,,,,,,,,,,,ohlcv_backfill,minute,0.0003960427197649293,0.0004122798745508863,0.0003795765687161781,0.00040371614801432794,4973.9904270556435,/home/runner/work/Solana-Memecoin-Analysis/Solana-Memecoin-Analysis/data/cache/2026-09-26/114850426187_ohlcv_93a5b0f0fdf8.json
2026-09-26T10:00:00+00:00,CPRoWXCgq3ELsnqsGDMLmAVRnNSmyN4k1ddc6efGdd91,solana,PumpSwap,,,,,2026-09-26T00:19:08Z,0.0003960427197649293,,,,,,,,,,,,,,,,,,,ohlcv_backfill,minute,0.00042617245957889555,0.00042617245957889555,0.0003740464838057969,0.0003960427197649293,10983.366394071545,/home/runner/work/Solana-Memecoin-Analysis/Solana-Memecoin-Analysis/data/cache/2026-09-26/114850426187_ohlcv_93a5b0f0fdf8.json
2026-09-26T09:55:00+00:00,CPRoWXCgq3ELsnqsGDMLmAVRnNSmyN4k1ddc6efGdd91,solana,PumpSwap,,,,,2026-09-26T00:19:08Z,0.00042617245957889555,,,,,,,,,,,,,,,,,,,ohlcv_backfill,minute,0.00041855179902240957,0.00043617625443441964,0.000417892315632857,0.00042617245957889555,2595.586281966696,/home/runner/work/Solana-Memecoin-Analysis/Solana-Memecoin-Analysis/data/cache/2026-09-26/114850426187_ohlcv_93a5b0f0fdf8.json
2026-09-26T09:50:00+00:00,CPRoWXCgq3ELsnqsGDMLmAVRnNSmyN4k1ddc6efGdd91,solana,PumpSwap,,,,,2026-09-26T00:19:08Z,0.00041855179902240957,,,,,,,,,,,,,,,,,,,ohlcv_backfill,minute,0.00043239478945374875,0.0004501832460344214,0.00040030269235880625,0.00041855179902240957,5476.249076986497,/home/runner/work/Solana-Memecoin-Analysis/Solana-Memecoin-Analysis/data/cache/2026-09-26/114850426187_ohlcv_93a5b0f0fdf8.json
2026-09-26T09:45:00+00:00,CPRoWXCgq3ELsnqsGDMLmAVRnNSmyN4k1ddc6efGdd91,solana,PumpSwap,,,,,2026-09-26T00:19:08Z,0.00043239478945374875,,,,,,,,,,,,,,,,,,,ohlcv_backfill,minute,0.00046120737825665293,0.00046903093348810875,0.00042560834666649093,0.00043239478945374875,4767.336573212216,/home/runner/work/Solana-Memecoin-Analysis/Solana-Memecoin-Analysis/data/cache/2026-09-26/114850426187_ohlcv_93a5b0f0fdf8.json
2026-09-26T09:40:00+00:00,CPRoWXCgq3ELsnqsGDMLmAVRnNSmyN4k1ddc6efGdd91,solana,PumpSwap,,,,,2026-09-26T00:19:08Z,0.00046120737825665293,,,,,,,,,,,,,,,,,,,ohlcv_backfill,minute,0.000445644176012642,0.00046874053948195253,0.0004437049229950985,0.00046120737825665293,1608.7071035052475,/home/runner/work/Solana-Memecoin-Analysis/Solana-Memecoin-Analysis/data/cache/2026-09-26/114850426187_ohlcv_93a5b0f0fdf8.json
2026-09-26T09:35:00+00:00,CPRoWXCgq3ELsnqsGDMLmAVRnNSmyN4k1ddc6efGdd91,solana,PumpSwap,,,,,2026-09-26T00:19:08Z,0.000445644176012642,,,,,,,,,,,,,,,,,,,ohlcv_backfill,minute,0.00044081429456388217,0.00045720827376906375,0.00041934959798414583,0.000445644176012642,15741.602557019443,/home/runner/work/Solana-Memecoin-Analysis/Solana-Memecoin-Analysis/data/cache/2026-09-26/114850426187_ohlcv_93a5b0f0fdf8.json
2026-09-26T09:30:00+00:00,CPRoWXCgq3ELsnqsGDMLmAVRnNSmyN4k1ddc6efGdd91,solana,PumpSwap,,,,,2026-09-26T00:19:08Z,0.00044081429456388217,,,,,,,,,,,,,,,,,,,ohlcv_backfill,minute,0.000489252712314596,0.000504829098871136,0.00040320993723065693,0.00044081429456388217,21552.602490411486,/home/runner/work/Solana-Memecoin-Analysis/Solana-Memecoin-Analysis/data/cache/2026-09-26/114850426187_ohlcv_93a5b0f0fdf8.json
2026-09-26T09:25:00+00:00,CPRoWXCgq3ELsnqsGDMLmAVRnNSmyN4k1ddc6efGdd91,solana,PumpSwap,,,,,2026-09-26T00:19:08Z,0.000489252712314596,,,,,,,,,,,,,,,,,,,ohlcv_backfill,minute,0.0006087810251878227,0.0006099481607792746,0.0004654555348744152,0.000489252712314596,25128.68655369557,/home/runner/work/Solana-Memecoin-Analysis/Solana-Memecoin-Analysis/data/cache/2026-09-26/114850426187_ohlcv_93a5b0f0fdf8.json
2026-09-26T09:20:00+00:00,CPRoWXCgq3ELsnqsGDMLmAVRnNSmyN4k1ddc6efGdd91,solana,PumpSwap,,,,,2026-09-26T00:19:08Z,0.0006087810251878227,,,,,,,,,,,,,,,,,,,ohlcv_backfill,minute,0.0006107462426921446,0.0006211720946753786,0.0005863542950251304,0.0006087810251878227,4164.504809578629,/home/runner/work/Solana-Memecoin-Analysis/Solana-Memecoin-Analysis/data/cache/2026-09-26/114850426187_ohlcv_93a5b0f0fdf8.json
2026-09-26T09:15:00+00:00,CPRoWXCgq3ELsnqsGDMLmAVRnNSmyN4k1ddc6efGdd91,solana,PumpSwap,,,,,2026-09-26T00:19:08Z,0.0006107462426921446,,,,,,,,,,,,,,,,,,,ohlcv_backfill,minute,0.0006010786523576048,0.0006475822590641236,0.0005938651147614736,0.0006107462426921446,4099.174667454171,/home/runner/work/Solana-Memecoin-Analysis/Solana-Memecoin-Analysis/data/cache/2026-09-26/114850426187_ohlcv_93a5b0f0fdf8.json
2026-09-26T09:10:00+00:00,CPRoWXCgq3ELsnqsGDMLmAVRnNSmyN4k1ddc6efGdd91,solana,PumpSwap,,,,,2026-09-26T00:19:08Z,0.0006010786523576048,,,,,,,,,,,,,,,,,,,ohlcv_backfill,minute,0.0006121357526029693,0.0006398829473949108,0.000591339715859342,0.0006010786523576048,7008.489932639807,/home/runner/work/Solana-Memecoin-Analysis/Solana-Memecoin-Analysis/data/cache/2026-09-26/114850426187_ohlcv_93a5b0f0fdf8.json
2026-09-26T09:05:00+00:00,CPRoWXCgq3ELsnqsGDMLmAVRnNSmyN4k1ddc6efGdd91,solana,PumpSwap,,,,,2026-09-26T00:19:08Z,0.0006121357526029693,,,,,,,,,,,,,,,,,,,ohlcv_backfill,minute,0.0005931513808114332,0.0006143036839087053,0.0005643193426526786,0.0006121357526029693,7937.2858778908585,/home/runner/work/Solana-Memecoin-Analysis/Solana-Memecoin-Analysis/data/cache/2026-09-26/114850426187_ohlcv_93a5b0f0fdf8.json
2026-09-26T09:00:00+00:00,CPRoWXCgq3ELsnqsGDMLmAVRnNSmyN4k1ddc6efGdd91,solana,PumpSwap,,,,,2026-09-26T00:19:08Z,0.0005931513808114332,,,,,,,,,,,,,,,,,,,ohlcv_backfill,minute,0.0005750074970408037,0.0006057176874897828,0.0005690994677970961,0.0005931513808114332,2378.833443440803,/home/runner/work/Solana-Memecoin-Analysis/Solana-Memecoin-Analysis/data/cache/2026-09-26/114850426187_ohlcv_93a5b0f0fdf8.json
2026-09-26T08:55:00+00:00,CPRoWXCgq3ELsnqsGDMLmAVRnNSmyN4k1ddc6efGdd91,solana,PumpSwap,,,,,2026-09-26T00:19:08Z,0.0005750074970408037,,,,,,,,,,,,,,,,,,,ohlcv_backfill,minute,0.0005963576209099101,0.0006269195297252132,0.0005675571729784228,0.0005750074970408037,14623.73849019568,/home/runner/work/Solana-Memecoin-Analysis/Solana-Memecoin-Analysis/data/cache/2026-09-26/114850426187_ohlcv_93a5b0f0fdf8.json
2026-09-26T08:50:00+00:00,CPRoWXCgq3ELsnqsGDMLmAVRnNSmyN4k1ddc6efGdd91,solana,PumpSwap,,,,,2026-09-26T00:19:08Z,0.0005963576209099101,,,,,,,,,,,,,,,,,,,ohlcv_backfill,minute,0.0006012344948996895,0.0006566455536704238,0.0005334690431252289,0.0005963576209099101,19541.995581366078,/home/runner/work/Solana-Memecoin-Analysis/Solana-Memecoin-Analysis/data/cache/2026-09-26/114850426187_ohlcv_93a5b0f0fdf8.json
2026-09-26T08:45:00+00:00,CPRoWXCgq3ELsnqsGDMLmAVRnNSmyN4k1ddc6efGdd91,solana,PumpSwap,,,,,2026-09-26T00:19:08Z,0.0006012344948996895,,,,,,,,,,,,,,,,,,,ohlcv_backfill,minute,0.000652754614305662,0.0006796118867644311,0.0005691571780934943,0.0006012344948996895,15577.814107280803,/home/runner/work/Solana-Memecoin-Analysis/Solana-Memecoin-Analysis/data/cache/2026-09-26/114850426187_ohlcv_93a5b0f0fdf8.json
2026-09-26T08:40:00+00:00,CPRoWXCgq3ELsnqsGDMLmAVRnNSmyN4k1ddc6efGdd91,solana,PumpSwap,,,,,2026-09-26T00:19:08Z,0.000652754614305662,,,,,,,,,,,,,,,,,,,ohlcv_backfill,minute,0.0006907811301479107,0.0007141560213816303,0.0006407487894511001,0.000652754614305662,8619.518458008517,/home/runner/work/Solana-Memecoin-Analysis/Solana-Memecoin-Analysis/data/cache/2026-09-26/114850426187_ohlcv_93a5b0f0fdf8.json
2026-09-26T08:35:00+00:00,CPRoWXCgq3ELsnqsGDMLmAVRnNSmyN4k1ddc6efGdd91,solana,PumpSwap,,,,,2026-09-26T00:19:08Z,0.0006907811301479107,,,,,,,,,,,,,,,,,,,ohlcv_backfill,minute,0.0007591982190275743,0.0007591982190275743,0.0006380975005633422,0.0006907811301479107,14515.822592729408,/home/runner/work/Solana-Memecoin-Analysis/Solana-Memecoin-Analysis/data/cache/2026-09-26/114850426187_ohlcv_93a5b0f0fdf8.json
2026-09-26T08:30:00+00:00,CPRoWXCgq3ELsnqsGDMLmAVRnNSmyN4k1ddc6efGdd91,solana,PumpSwap,,,,,2026-09-26T00:19:08Z,0.0007591982190275743,,,,,,,,,,,,,,,,,,,ohlcv_backfill,minute,0.0007775414309571542,0.0007924193537259482,0.000758875715808357,0.0007591982190275743,3573.3967555681693,/home/runner/work/Solana-Memecoin-Analysis/Solana-Memecoin-Analysis/data/cache/2026-09-26/114850426187_ohlcv_93a5b0f0fdf8.json
2026-09-26T08:25:00+00:00,CPRoWXCgq3ELsnqsGDMLmAVRnNSmyN4k1ddc6efGdd91,solana,PumpSwap,,,,,2026-09-26T00:19:08Z,0.0007775414309571542,,,,,,,,,,,,,,,,,,,ohlcv_backfill,minute,0.0007872154826543352,0.0007877692251746905,0.0007643968602159511,0.0007775414309571542,1393.5003990548473,/home/runner/work/Solana-Memecoin-Analysis/Solana-Memecoin-Analysis/data/cache/2026-09-26/114850426187_ohlcv_93a5b0f0fdf8.json
2026-09-26T08:20:00+00:00,CPRoWXCgq3ELsnqsGDMLmAVRnNSmyN4k1ddc6efGdd91,solana,PumpSwap,,,,,2026-09-26T00:19:08Z,0.0007872154826543352,,,,,,,,,,,,,,,,,,,ohlcv_backfill,minute,0.0007606350940381974,0.0007979364044939759,0.0007590103580189293,0.0007872154826543352,5392.181443443488,/home/runner/work/Solana-Memecoin-Analysis/Solana-Memecoin-Analysis/data/cache/2026-09-26/114850426187_ohlcv_93a5b0f0fdf8.json
2026-09-26T08:15:00+00:00,CPRoWXCgq3ELsnqsGDMLmAVRnNSmyN4k1ddc6efGdd91,solana,PumpSwap,,,,,2026-09-26T00:19:08Z,0.0007606350940381974,,,,,,,,,,,,,,,,,,,ohlcv_backfill,minute,0.0008072324139122733,0.0008324583494400866,0.0007606350940381974,0.0007606350940381974,3963.5204271130488,/home/runner/work/Solana-Memecoin-Analysis/Solana-Memecoin-Analysis/data/cache/2026-09-26/114850426187_ohlcv_93a5b0f0fdf8.json
2026-09-26T08:10:00+00:00,CPRoWXCgq3ELsnqsGDMLmAVRnNSmyN4k1ddc6efGdd91,solana,PumpSwap,,,,,2026-09-26T00:19:08Z,0.0008072324139122733,,,,,,,,,,,,,,,,,,,ohlcv_backfill,minute,0.0007413351889082936,0.0008234348862625765,0.0007324778215645842,0.0008072324139122733,8893.607792406883,/home/runner/work/Solana-Memecoin-Analysis/Solana-Memecoin-Analysis/data/cache/2026-09-26/114850426187_ohlcv_93a5b0f0fdf8.json
2026-09-26T08:05:00+00:00,CPRoWXCgq3ELsnqsGDMLmAVRnNSmyN4k1ddc6efGdd91,solana,PumpSwap,,,,,2026-09-26T00:19:08Z,0.0007413351889082936,,,,,,,,,,,,,,,,,,,ohlcv_backfill,minute,0.0008582075804636727,0.0008683129120785914,0.0007281600114511507,0.0007413351889082936,9880.372254959937,/home/runner/work/Solana-Memecoin-Analysis/Solana-Memecoin-Analysis/data/cache/2026-09-26/114850426187_ohlcv_93a5b0f0fdf8.json
2026-09-26T08:00:00+00:00,CPRoWXCgq3ELsnqsGDMLmAVRnNSmyN4k1ddc6efGdd91,solana,PumpSwap,,,,,2026-09-26T00:19:08Z,0.0008582075804636727,,,,,,,,,,,,,,,,,,,ohlcv_backfill,minute,0.0009625394364184629,0.0009625416554998948,0.0008442135981012527,0.0008582075804636727,8343.823913235432,/home/runner/work/Solana-Memecoin-Analysis/Solana-Memecoin-Analysis/data/cache/2026-09-26/114850426187_ohlcv_93a5b0f0fdf8.json
2026-09-26T07:55:00+00:00,CPRoWXCgq3ELsnqsGDMLmAVRnNSmyN4k1ddc6efGdd91,solana,PumpSwap,,,,,2026-09-26T00:19:08Z,0.0009625394364184629,,,,,,,,,,,,,,,,,,,ohlcv_backfill,minute,0.0008864123644494919,0.0009629505463234902,0.0008798498773126554,0.0009625394364184629,4844.52647010199,/home/runner/work/Solana-Memecoin-Analysis/Solana-Memecoin-Analysis/data/cache/2026-09-26/114850426187_ohlcv_93a5b0f0fdf8.json
2026-09-26T07:50:00+00:00,CPRoWXCgq3ELsnqsGDMLmAVRnNSmyN4k1ddc6efGdd91,solana,PumpSwap,,,,,2026-09-26T00:19:08Z,0.0008864123644494919,,,,,,,,,,,,,,,,,,,ohlcv_backfill,minute,0.0008397975897055856,0.0009222549173740314,0.0007813834482401147,0.0008864123644494919,12951.704145574453,/home/runner/work/Solana-Memecoin-Analysis/Solana-Memecoin-Analysis/data/cache/2026-09-26/114850426187_ohlcv_93a5b0f0fdf8.json
2026-09-26T07:45:00+00:00,CPRoWXCgq3ELsnqsGDMLmAVRnNSmyN4k1ddc6efGdd91,solana,PumpSwap,,,,,2026-09-26T00:19:08Z,0.0008397975897055856,,,,,,,,,,,,,,,,,,,ohlcv_backfill,minute,0.000871217922882665,0.0009020320677290752,0.0008062942478762375,0.0008397975897055856,7369.5775701188495,/home/runner/work/Solana-Memecoin-Analysis/Solana-Memecoin-Analysis/data/cache/2026-09-26/114850426187_ohlcv_93a5b0f0fdf8.json
2026-09-26T07:40:00+00:00,CPRoWXCgq3ELsnqsGDMLmAVRnNSmyN4k1ddc6efGdd91,solana,PumpSwap,,,,,2026-09-26T00:19:08Z,0.000871217922882665,,,,,,,,,,,,,,,,,,,ohlcv_backfill,minute,0.0009155428893125159,0.0009156252294785718,0.0007916665065776587,0.000871217922882665,14845.202577971968,/home/runner/work/Solana-Memecoin-Analysis/Solana-Memecoin-Analysis/data/cache/2026-09-26/114850426187_ohlcv_93a5b0f0fdf8.json
2026-09-26T07:35:00+00:00,CPRoWXCgq3ELsnqsGDMLmAVRnNSmyN4k1ddc6efGdd91,solana,PumpSwap,,,,,2026-09-26T00:19:08Z,0.0009155428893125159,,,,,,,,,,,,,,,,,,,ohlcv_backfill,minute,0.0009187166829990349,0.0009429903091432188,0.0009007455483509192,0.0009155428893125159,4046.197211063697,/home/runner/work/Solana-Memecoin-Analysis/Solana-Memecoin-Analysis/data/cache/2026-09-26/114850426187_ohlcv_93a5b0f0fdf8.json
2026-09-26T07:30:00+00:00,CPRoWXCgq3ELsnqsGDMLmAVRnNSmyN4k1ddc6efGdd91,solana,PumpSwap,,,,,2026-09-26T00:19:08Z,0.0009187166829990349,,,,,,,,,,,,,,,,,,,ohlcv_backfill,minute,0.0009341640747989035,0.0009411884874984609,0.0008772086067085395,0.0009187166829990349,9959.600996283674,/home/runner/work/Solana-Memecoin-Analysis/Solana-Memecoin-Analysis/data/cache/2026-09-26/114850426187_ohlcv_93a5b0f0fdf8.json
2026-09-26T07:25:00+00:00,CPRoWXCgq3ELsnqsGDMLmAVRnNSmyN4k1ddc6efGdd91,solana,PumpSwap,,,,,2026-09-26T00:19:08Z,0.0009341640747989035,,,,,,,,,,,,,,,,,,,ohlcv_backfill,minute,0.0009310918129664666,0.0010529014474865172,0.0008593503842672059,0.0009341640747989035,21500.004225907287,/home/runner/work/Solana-Memecoin-Analysis/Solana-Memecoin-Analysis/data/cache/2026-09-26/114850426187_ohlcv_93a5b0f0fdf8.json
2026-09-26T07:20:00+00:00,CPRoWXCgq3ELsnqsGDMLmAVRnNSmyN4k1ddc6efGdd91,solana,PumpSwap,,,,,2026-09-26T00:19:08Z,0.0009310918129664666,,,,,,,,,,,,,,,,,,,ohlcv_backfill,minute,0.0009017061778891627,0.000990349493891506,0.0008896073511269234,0.0009310918129664666,11850.453275163163,/home/runner/work/Solana-Memecoin-Analysis/Solana-Memecoin-Analysis/data/cache/2026-09-26/114850426187_ohlcv_93a5b0f0fdf8.json
2026-09-26T07:15:00+00:00,CPRoWXCgq3ELsnqsGDMLmAVRnNSmyN4k1ddc6efGdd91,solana,PumpSwap,,,,,2026-09-26T00:19:08Z,0.0009017061778891627,,,,,,,,,,,,,,,,,,,ohlcv_backfill,minute,0.0008968564995326616,0.0009316054002496522,0.0008150866747383893,0.0009017061778891627,23815.870517048563,/home/runner/work/Solana-Memecoin-Analysis/Solana-Memecoin-Analysis/data/cache/2026-09-26/114850426187_ohlcv_93a5b0f0fdf8.json
2026-09-26T07:10:00+00:00,CPRoWXCgq3ELsnqsGDMLmAVRnNSmyN4k1ddc6efGdd91,solana,PumpSwap,,,,,2026-09-26T00:19:08Z,0.0008968564995326616,,,,,,,,,,,,,,,,,,,ohlcv_backfill,minute,0.0008841797517543808,0.0009058935341607569,0.0007441627517599742,0.0008968564995326616,32227.489769851913,/home/runner/work/Solana-Memecoin-Analysis/Solana-Memecoin-Analysis/data/cache/2026-09-26/114850426187_ohlcv_93a5b0f0fdf8.json
2026-09-26T07:05:00+00:00,CPRoWXCgq3ELsnqsGDMLmAVRnNSmyN4k1ddc6efGdd91,solana,PumpSwap,,,,,2026-09-26T00:19:08Z,0.0008841797517543808,,,,,,,,,,,,,,,,,,,ohlcv_backfill,minute,0.001014840889339407,0.0010359790371300111,0.0008102139601318817,0.0008841797517543808,21876.060946565223,/home/runner/work/Solana-Memecoin-Analysis/Solana-Memecoin-Analysis/data/cache/2026-09-26/114850426187_ohlcv_93a5b0f0fdf8.json
2026-09-26T07:00:00+00:00,CPRoWXCgq3ELsnqsGDMLmAVRnNSmyN4k1ddc6efGdd91,solana,PumpSwap,,,,,2026-09-26T00:19:08Z,0.001014840889339407,,,,,,,,,,,,,,,,,,,ohlcv_backfill,minute,0.001035693919764572,0.0010726086644123455,0.0009769076654244748,0.001014840889339407,7134.071720152328,/home/runner/work/Solana-Memecoin-Analysis/Solana-Memecoin-Analysis/data/cache/2026-09-26/114850426187_ohlcv_93a5b0f0fdf8.json
2026-09-26T06:55:00+00:00,CPRoWXCgq3ELsnqsGDMLmAVRnNSmyN4k1ddc6efGdd91,solana,PumpSwap,,,,,2026-09-26T00:19:08Z,0.001035693919764572,,,,,,,,,,,,,,,,,,,ohlcv_backfill,minute,0.0009749455718693665,0.001035693919764572,0.000918148166746378,0.001035693919764572,14451.176173487322,/home/runner/work/Solana-Memecoin-Analysis/Solana-Memecoin-Analysis/data/cache/2026-09-26/114850426187_ohlcv_93a5b0f0fdf8.json
2026-09-26T06:50:00+00:00,CPRoWXCgq3ELsnqsGDMLmAVRnNSmyN4k1ddc6efGdd91,solana,PumpSwap,,,,,2026-09-26T00:19:08Z,0.0009749455718693665,,,,,,,,,,,,,,,,,,,ohlcv_backfill,minute,0.001248109512450637,0.0012607198436408614,0.0009558192357000061,0.0009749455718693665,34736.02967755801,/home/runner/work/Solana-Memecoin-Analysis/Solana-Memecoin-Analysis/data/cache/2026-09-26/114850426187_ohlcv_93a5b0f0fdf8.json
2026-09-26T06:45:00+00:00,CPRoWXCgq3ELsnqsGDMLmAVRnNSmyN4k1ddc6efGdd91,solana,PumpSwap,,,,,2026-09-26T00:19:08Z,0.001248109512450637,,,,,,,,,,,,,,,,,,,ohlcv_backfill,minute,0.0011667805498031991,0.0013292147283679794,0.0011654761618199135,0.001248109512450637,25344.4110940596,/home/runner/work/Solana-Memecoin-Analysis/Solana-Memecoin-Analysis/data/cache/2026-09-26/114850426187_ohlcv_93a5b0f0fdf8.json
2026-09-26T06:40:00+00:00,CPRoWXCgq3ELsnqsGDMLmAVRnNSmyN4k1ddc6efGdd91,solana,PumpSwap,,,,,2026-09-26T00:19:08Z,0.0011667805498031991,,,,,,,,,,,,,,,,,,,ohlcv_backfill,minute,0.000999627668386487,0.00118108801545099,0.000999627668386487,0.0011667805498031991,17858.875491521027,/home/runner/work/Solana-Memecoin-Analysis/Solana-Memecoin-Analysis/data/cache/2026-09-26/114850426187_ohlcv_93a5b0f0fdf8.json
2026-09-26T06:35:00+00:00,CPRoWXCgq3ELsnqsGDMLmAVRnNSmyN4k1ddc6efGdd91,solana,PumpSwap,,,,,2026-09-26T00:19:08Z,0.000999627668386487,,,,,,,,,,,,,,,,,,,ohlcv_backfill,minute,0.0009802294100948264,0.00115772991194674,0.0009630736473785351,0.000999627668386487,49287.45899908298,/home/runner/work/Solana-Memecoin-Analysis/Solana-Memecoin-Analysis/data/cache/2026-09-26/114850426187_ohlcv_93a5b0f0fdf8.json
2026-09-26T06:30:00+00:00,CPRoWXCgq3ELsnqsGDMLmAVRnNSmyN4k1ddc6efGdd91,solana,PumpSwap,,,,,2026-09-26T00:19:08Z,0.0009802294100948264,,,,,,,,,,,,,,,,,,,ohlcv_backfill,minute,0.0008650802203636365,0.000992353449189814,0.0008650740580537462,0.0009802294100948264,21555.995392233086,/home/runner/work/Solana-Memecoin-Analysis/Solana-Memecoin-Analysis/data/cache/2026-09-26/114850426187_ohlcv_93a5b0f0fdf8.json
2026-09-26T06:25:00+00:00,CPRoWXCgq3ELsnqsGDMLmAVRnNSmyN4k1ddc6efGdd91,solana,PumpSwap,,,,,2026-09-26T00:19:08Z,0.0008650802203636365,,,,,,,,,,,,,,,,,,,ohlcv_backfill,minute,0.0007864261539079916,0.0008787046413167996,0.0007835930148104313,0.0008650802203636365,13643.649408412597,/home/runner/work/Solana-Memecoin-Analysis/Solana-Memecoin-Analysis/data/cache/2026-09-26/114850426187_ohlcv_93a5b0f0fdf8.json
2026-09-26T06:20:00+00:00,CPRoWXCgq3ELsnqsGDMLmAVRnNSmyN4k1ddc6efGdd91,solana,PumpSwap,,,,,2026-09-26T00:19:08Z,0.0007864261539079916,,,,,,,,,,,,,,,,,,,ohlcv_backfill,minute,0.0008841598469314599,0.0008849284818854104,0.0006614986503316617,0.0007864261539079916,31726.571558300682,/home/runner/work/Solana-Memecoin-Analysis/Solana-Memecoin-Analysis/data/cache/2026-09-26/114850426187_ohlcv_93a5b0f0fdf8.json
2026-09-26T06:15:00+00:00,CPRoWXCgq3ELsnqsGDMLmAVRnNSmyN4k1ddc6efGdd91,solana,PumpSwap,,,,,2026-09-26T00:19:08Z,0.0008841598469314599,,,,,,,,,,,,,,,,,,,ohlcv_backfill,minute,0.0008421829098154048,0.0008841598469314599,0.0007765631589804845,0.0008841598469314599,11451.90485559978,/home/runner/work/Solana-Memecoin-Analysis/Solana-Memecoin-Analysis/data/cache/2026-09-26/114850426187_ohlcv_93a5b0f0fdf8.json
2026-09-26T06:10:00+00:00,CPRoWXCgq3ELsnqsGDMLmAVRnNSmyN4k1ddc6efGdd91,solana,PumpSwap,,,,,2026-09-26T00:19:08Z,0.0008421829098154048,,,,,,,,,,,,,,,,,,,ohlcv_backfill,minute,0.0008192197626645836,0.0008421829098154048,0.0007831275553000802,0.0008421829098154048,6649.48041305008,/home/runner/work/Solana-Memecoin-Analysis/Solana-Memecoin-Analysis/data/cache/2026-09-26/114850426187_ohlcv_93a5b0f0fdf8.json
2026-09-26T06:05:00+00:00,CPRoWXCgq3ELsnqsGDMLmAVRnNSmyN4k1ddc6efGdd91,solana,PumpSwap,,,,,2026-09-26T00:19:08Z,0.0008192197626645836,,,,,,,,,,,,,,,,,,,ohlcv_backfill,minute,0.0008453476654739426,0.0009117868531297979,0.0007349789390569375,0.0008192197626645836,33998.209922101865,/home/runner/work/Solana-Memecoin-Analysis/Solana-Memecoin-Analysis/data/cache/2026-09-26/114850426187_ohlcv_93a5b0f0fdf8.json
2026-09-26T06:00:00+00:00,CPRoWXCgq3ELsnqsGDMLmAVRnNSmyN4k1ddc6efGdd91,solana,PumpSwap,,,,,2026-09-26T00:19:08Z,0.0008453476654739426,,,,,,,,,,,,,,,,,,,ohlcv_backfill,minute,0.0010256710610167343,0.001046989157290966,0.0008136826908896694,0.0008453476654739426,14796.03495077305,/home/runner/work/Solana-Memecoin-Analysis/Solana-Memecoin-Analysis/data/cache/2026-09-26/114850426187_ohlcv_93a5b0f0fdf8.json
2026-09-26T05:55:00+00:00,CPRoWXCgq3ELsnqsGDMLmAVRnNSmyN4k1ddc6efGdd91,solana,PumpSwap,,,,,2026-09-26T00:19:08Z,0.0010256710610167343,,,,,,,,,,,,,,,,,,,ohlcv_backfill,minute,0.0009909821358199834,0.0010451439612265783,0.000883483841827504,0.0010256710610167343,20864.933090827053,/home/runner/work/Solana-Memecoin-Analysis/Solana-Memecoin-Analysis/data/cache/2026-09-26/114850426187_ohlcv_93a5b0f0fdf8.json
2026-09-26T05:50:00+00:00,CPRoWXCgq3ELsnqsGDMLmAVRnNSmyN4k1ddc6efGdd91,solana,PumpSwap,,,,,2026-09-26T00:19:08Z,0.0009909821358199834,,,,,,,,,,,,,,,,,,,ohlcv_backfill,minute,0.001032890306393037,0.001086537830520957,0.0009774836587222017,0.0009909821358199834,10959.563560995244,/home/runner/work/Solana-Memecoin-Analysis/Solana-Memecoin-Analysis/data/cache/2026-09-26/114850426187_ohlcv_93a5b0f0fdf8.json
2026-09-26T05:45:00+00:00,CPRoWXCgq3ELsnqsGDMLmAVRnNSmyN4k1ddc6efGdd91,solana,PumpSwap,,,,,2026-09-26T00:19:08Z,0.001032890306393037,,,,,,,,,,,,,,,,,,,ohlcv_backfill,minute,0.0011209267941504192,0.0011209267941504192,0.001018848914277995,0.001032890306393037,9504.653635476107,/home/runner/work/Solana-Memecoin-Analysis/Solana-Memecoin-Analysis/data/cache/2026-09-26/114850426187_ohlcv_93a5b0f0fdf8.json
2026-09-26T05:40:00+00:00,CPRoWXCgq3ELsnqsGDMLmAVRnNSmyN4k1ddc6efGdd91,solana,PumpSwap,,,,,2026-09-26T00:19:08Z,0.0011209267941504192,,,,,,,,,,,,,,,,,,,ohlcv_backfill,minute,0.001210945634917648,0.001232591750757536,0.0010653285450660187,0.0011209267941504192,17673.729816167546,/home/runner/work/Solana-Memecoin-Analysis/Solana-Memecoin-Analysis/data/cache/2026-09-26/114850426187_ohlcv_93a5b0f0fdf8.json
2026-09-26T05:35:00+00:00,CPRoWXCgq3ELsnqsGDMLmAVRnNSmyN4k1ddc6efGdd91,solana,PumpSwap,,,,,2026-09-26T00:19:08Z,0.001210945634917648,,,,,,,,,,,,,,,,,,,ohlcv_backfill,minute,0.0009751339496969508,0.00123360326207185,0.0009052071814075591,0.001210945634917648,23412.90676554787,/home/runner/work/Solana-Memecoin-Analysis/Solana-Memecoin-Analysis/data/cache/2026-09-26/114850426187_ohlcv_93a5b0f0fdf8.json
2026-09-26T05:30:00+00:00,CPRoWXCgq3ELsnqsGDMLmAVRnNSmyN4k1ddc6efGdd91,solana,PumpSwap,,,,,2026-09-26T00:19:08Z,0.0009751339496969508,,,,,,,,,,,,,,,,,,,ohlcv_backfill,minute,0.0009804444323931346,0.0010225821933541855,0.0008452137064146204,0.0009751339496969508,30402.650293760893,/home/runner/work/Solana-Memecoin-Analysis/Solana-Memecoin-Analysis/data/cache/2026-09-26/114850426187_ohlcv_93a5b0f0fdf8.json
2026-09-26T05:25:00+00:00,CPRoWXCgq3ELsnqsGDMLmAVRnNSmyN4k1ddc6efGdd91,solana,PumpSwap,,,,,2026-09-26T00:19:08Z,0.0009804444323931346,,,,,,,,,,,,,,,,,,,ohlcv_backfill,minute,0.0011468476538702532,0.0011474182466868306,0.0008650432504310932,0.0009804444323931346,38138.25430379768,/home/runner/work/Solana-Memecoin-Analysis/Solana-Memecoin-Analysis/data/cache/2026-09-26/114850426187_ohlcv_93a5b0f0fdf8.json
2026-09-26T05:20:00+00:00,CPRoWXCgq3ELsnqsGDMLmAVRnNSmyN4k1ddc6efGdd91,solana,PumpSwap,,,,,2026-09-26T00:19:08Z,0.0011468476538702532,,,,,,,,,,,,,,,,,,,ohlcv_backfill,minute,0.001196278856948454,0.0012193427602571855,0.0010353207972852354,0.0011468476538702532,24751.004576615436,/home/runner/work/Solana-Memecoin-Analysis/Solana-Memecoin-Analysis/data/cache/2026-09-26/114850426187_ohlcv_93a5b0f0fdf8.json
2026-09-26T05:15:00+00:00,CPRoWXCgq3ELsnqsGDMLmAVRnNSmyN4k1ddc6efGdd91,solana,PumpSwap,,,,,2026-09-26T00:19:08Z,0.001196278856948454,,,,,,,,,,,,,,,,,,,ohlcv_backfill,minute,0.0010817040869752232,0.0012157456106043772,0.0010810765534594023,0.001196278856948454,14737.599038080065,/home/runner/work/Solana-Memecoin-Analysis/Solana-Memecoin-Analysis/data/cache/2026-09-26/114850426187_ohlcv_93a5b0f0fdf8.json
2026-09-26T05:10:00+00:00,CPRoWXCgq3ELsnqsGDMLmAVRnNSmyN4k1ddc6efGdd91,solana,PumpSwap,,,,,2026-09-26T00:19:08Z,0.0010817040869752232,,,,,,,,,,,,,,,,,,,ohlcv_backfill,minute,0.001239880663803794,0.0012542012974769672,0.0010588312857588518,0.0010817040869752232,22015.84293368394,/home/runner/work/Solana-Memecoin-Analysis/Solana-Memecoin-Analysis/data/cache/2026-09-26/114850426187_ohlcv_93a5b0f0fdf8.json
2026-09-26T05:05:00+00:00,CPRoWXCgq3ELsnqsGDMLmAVRnNSmyN4k1ddc6efGdd91,solana,PumpSwap,,,,,2026-09-26T00:19:08Z,0.001239880663803794,,,,,,,,,,,,,,,,,,,ohlcv_backfill,minute,0.0011854657815381702,0.0012733143024569397,0.0010886544323657143,0.001239880663803794,32860.1124124763,/home/runner/work/Solana-Memecoin-Analysis/Solana-Memecoin-Analysis/data/cache/2026-09-26/114850426187_ohlcv_93a5b0f0fdf8.json
2026-09-26T05:00:00+00:00,CPRoWXCgq3ELsnqsGDMLmAVRnNSmyN4k1ddc6efGdd91,solana,PumpSwap,,,,,2026-09-26T00:19:08Z,0.0011854657815381702,,,,,,,,,,,,,,,,,,,ohlcv_backfill,minute,0.0011794184020572469,0.001318544678161425,0.0010900005356548827,0.0011854657815381702,59600.815809533065,/home/runner/work/Solana-Memecoin-Analysis/Solana-Memecoin-Analysis/data/cache/2026-09-26/114850426187_ohlcv_93a5b0f0fdf8.json
2026-09-26T04:55:00+00:00,CPRoWXCgq3ELsnqsGDMLmAVRnNSmyN4k1ddc6efGdd91,solana,PumpSwap,,,,,2026-09-26T00:19:08Z,0.0011794184020572469,,,,,,,,,,,,,,,,,,,ohlcv_backfill,minute,0.0014245073457930858,0.0014855225122939672,0.0011131780811079288,0.0011794184020572469,59303.44699686762,/home/runner/work/Solana-Memecoin-Analysis/Solana-Memecoin-Analysis/data/cache/2026-09-26/114850426187_ohlcv_93a5b0f0fdf8.json
2026-09-26T04:50:00+00:00,CPRoWXCgq3ELsnqsGDMLmAVRnNSmyN4k1ddc6efGdd91,solana,PumpSwap,,,,,2026-09-26T00:19:08Z,0.0014245073457930858,,,,,,,,,,,,,,,,,,,ohlcv_backfill,minute,0.0017874281778971616,0.0018114041302124812,0.001283180311590784,0.0014245073457930858,69800.88245605209,/home/runner/work/Solana-Memecoin-Analysis/Solana-Memecoin-Analysis/data/cache/2026-09-26/114850426187_ohlcv_93a5b0f0fdf8.json
2026-09-26T04:45:00+00:00,CPRoWXCgq3ELsnqsGDMLmAVRnNSmyN4k1ddc6efGdd91,solana,PumpSwap,,,,,2026-09-26T00:19:08Z,0.0017874281778971616,,,,,,,,,,,,,,,,,,,ohlcv_backfill,minute,0.0016140175573600985,0.0019296117368873724,0.0014227629349917608,0.0017874281778971616,99703.37571049987,/home/runner/work/Solana-Memecoin-Analysis/Solana-Memecoin-Analysis/data/cache/2026-09-26/114850426187_ohlcv_93a5b0f0fdf8.json
2026-09-26T04:40:00+00:00,CPRoWXCgq3ELsnqsGDMLmAVRnNSmyN4k1ddc6efGdd91,solana,PumpSwap,,,,,2026-09-26T00:19:08Z,0.0016140175573600985,,,,,,,,,,,,,,,,,,,ohlcv_backfill,minute,0.001424863131017318,0.0019461493908626162,0.0014016508411151122,0.0016140175573600985,171970.65732251838,/home/runner/work/Solana-Memecoin-Analysis/Solana-Memecoin-Analysis/data/cache/2026-09-26/114850426187_ohlcv_93a5b0f0fdf8.json
2026-09-26T04:35:00+00:00,CPRoWXCgq3ELsnqsGDMLmAVRnNSmyN4k1ddc6efGdd91,solana,PumpSwap,,,,,2026-09-26T00:19:08Z,0.001424863131017318,,,,,,,,,,,,,,,,,,,ohlcv_backfill,minute,0.001142944310918868,0.0014921155508002188,0.0010741969028866217,0.001424863131017318,94201.91266714665,/home/runner/work/Solana-Memecoin-Analysis/Solana-Memecoin-Analysis/data/cache/2026-09-26/114850426187_ohlcv_93a5b0f0fdf8.json
2026-09-26T04:30:00+00:00,CPRoWXCgq3ELsnqsGDMLmAVRnNSmyN4k1ddc6efGdd91,solana,PumpSwap,,,,,2026-09-26T00:19:08Z,0.001142944310918868,,,,,,,,,,,,,,,,,,,ohlcv_backfill,minute,0.0012167256417936342,0.0014698939955070636,0.001121259525418557,0.001142944310918868,119704.48347343321,/home/runner/work/Solana-Memecoin-Analysis/Solana-Memecoin-Analysis/data/cache/2026-09-26/114850426187_ohlcv_93a5b0f0fdf8.json
2026-09-26T04:25:00+00:00,CPRoWXCgq3ELsnqsGDMLmAVRnNSmyN4k1ddc6efGdd91,solana,PumpSwap,,,,,2026-09-26T00:19:08Z,0.0012167256417936342,,,,,,,,,,,,,,,,,,,ohlcv_backfill,minute,0.0010330497439335795,0.0016445989519044467,0.0009716819740258205,0.0012167256417936342,316741.14175038034,/home/runner/work/Solana-Memecoin-Analysis/Solana-Memecoin-Analysis/data/cache/2026-09-26/114850426187_ohlcv_93a5b0f0fdf8.json
2026-09-26T04:20:00+00:00,CPRoWXCgq3ELsnqsGDMLmAVRnNSmyN4k1ddc6efGdd91,solana,PumpSwap,,,,,2026-09-26T00:19:08Z,0.0010330497439335795,,,,,,,,,,,,,,,,,,,ohlcv_backfill,minute,0.0004913353895822707,0.001254588499825714,0.0004338381142701483,0.0010330497439335795,204241.29900913706,/home/runner/work/Solana-Memecoin-Analysis/Solana-Memecoin-Analysis/data/cache/2026-09-26/114850426187_ohlcv_93a5b0f0fdf8.json
2026-09-26T04:15:00+00:00,CPRoWXCgq3ELsnqsGDMLmAVRnNSmyN4k1ddc6efGdd91,solana,PumpSwap,,,,,2026-09-26T00:19:08Z,0.0004913353895822707,,,,,,,,,,,,,,,,,,,ohlcv_backfill,minute,0.0004971706711895307,0.0005200939354996382,0.0004398215270838538,0.0004913353895822707,16822.11413890679,/home/runner/work/Solana-Memecoin-Analysis/Solana-Memecoin-Analysis/data/cache/2026-09-26/114850426187_ohlcv_93a5b0f0fdf8.json
2026-09-26T04:10:00+00:00,CPRoWXCgq3ELsnqsGDMLmAVRnNSmyN4k1ddc6efGdd91,solana,PumpSwap,,,,,2026-09-26T00:19:08Z,0.0004971706711895307,,,,,,,,,,,,,,,,,,,ohlcv_backfill,minute,0.0005861201323939233,0.0005911209757325619,0.00048012193042742225,0.0004971706711895307,34318.103737893296,/home/runner/work/Solana-Memecoin-Analysis/Solana-Memecoin-Analysis/data/cache/2026-09-26/114850426187_ohlcv_93a5b0f0fdf8.json
2026-09-26T04:05:00+00:00,CPRoWXCgq3ELsnqsGDMLmAVRnNSmyN4k1ddc6efGdd91,solana,PumpSwap,,,,,2026-09-26T00:19:08Z,0.0005861201323939233,,,,,,,,,,,,,,,,,,,ohlcv_backfill,minute,0.0007341824157587404,0.0007419744544702912,0.0005693818540208514,0.0005861201323939233,15566.83427029427,/home/runner/work/Solana-Memecoin-Analysis/Solana-Memecoin-Analysis/data/cache/2026-09-26/114850426187_ohlcv_93a5b0f0fdf8.json
2026-09-26T04:00:00+00:00,CPRoWXCgq3ELsnqsGDMLmAVRnNSmyN4k1ddc6efGdd91,solana,PumpSwap,,,,,2026-09-26T00:19:08Z,0.0007341824157587404,,,,,,,,,,,,,,,,,,,ohlcv_backfill,minute,0.0007592365093639266,0.0007825643137197345,0.0007170375849644986,0.0007341824157587404,11270.185315233177,/home/runner/work/Solana-Memecoin-Analysis/Solana-Memecoin-Analysis/data/cache/2026-09-26/114850426187_ohlcv_93a5b0f0fdf8.json
2026-09-26T03:55:00+00:00,CPRoWXCgq3ELsnqsGDMLmAVRnNSmyN4k1ddc6efGdd91,solana,PumpSwap,,,,,2026-09-26T00:19:08Z,0.0007592365093639266,,,,,,,,,,,,,,,,,,,ohlcv_backfill,minute,0.0007101423751278438,0.0007592365093639266,0.0006446943293181138,0.0007592365093639266,15403.932123438457,/home/runner/work/Solana-Memecoin-Analysis/Solana-Memecoin-Analysis/data/cache/2026-09-26/114850426187_ohlcv_93a5b0f0fdf8.json
2026-09-26T03:50:00+00:00,CPRoWXCgq3ELsnqsGDMLmAVRnNSmyN4k1ddc6efGdd91,solana,PumpSwap,,,,,2026-09-26T00:19:08Z,0.0007101423751278438,,,,,,,,,,,,,,,,,,,ohlcv_backfill,minute,0.0007344540156339237,0.0008228509547250585,0.0006429527775836676,0.0007101423751278438,37236.732991631456,/home/runner/work/Solana-Memecoin-Analysis/Solana-Memecoin-Analysis/data/cache/2026-09-26/114850426187_ohlcv_93a5b0f0fdf8.json
2026-09-26T03:45:00+00:00,CPRoWXCgq3ELsnqsGDMLmAVRnNSmyN4k1ddc6efGdd91,solana,PumpSwap,,,,,2026-09-26T00:19:08Z,0.0007344540156339237,,,,,,,,,,,,,,,,,,,ohlcv_backfill,minute,0.0007158986016931885,0.0007622431188768376,0.0005834236070874896,0.0007344540156339237,29967.830402435015,/home/runner/work/Solana-Memecoin-Analysis/Solana-Memecoin-Analysis/data/cache/2026-09-26/114850426187_ohlcv_93a5b0f0fdf8.json
2026-09-26T03:40:00+00:00,CPRoWXCgq3ELsnqsGDMLmAVRnNSmyN4k1ddc6efGdd91,solana,PumpSwap,,,,,2026-09-26T00:19:08Z,0.0007158986016931885,,,,,,,,,,,,,,,,,,,ohlcv_backfill,minute,0.0006161041299160274,0.0007636442638758133,0.0005473679090368354,0.0007158986016931885,39800.17449400848,/home/runner/work/Solana-Memecoin-Analysis/Solana-Memecoin-Analysis/data/cache/2026-09-26/114850426187_ohlcv_93a5b0f0fdf8.json
2026-09-26T03:35:00+00:00,CPRoWXCgq3ELsnqsGDMLmAVRnNSmyN4k1ddc6efGdd91,solana,PumpSwap,,,,,2026-09-26T00:19:08Z,0.0006161041299160274,,,,,,,,,,,,,,,,,,,ohlcv_backfill,minute,0.0006462466572351502,0.0006740386019357772,0.0005243420876098464,0.0006161041299160274,40821.259585572654,/home/runner/work/Solana-Memecoin-Analysis/Solana-Memecoin-Analysis/data/cache/2026-09-26/114850426187_ohlcv_93a5b0f0fdf8.json
2026-09-26T03:30:00+00:00,CPRoWXCgq3ELsnqsGDMLmAVRnNSmyN4k1ddc6efGdd91,solana,PumpSwap,,,,,2026-09-26T00:19:08Z,0.0006462466572351502,,,,,,,,,,,,,,,,,,,ohlcv_backfill,minute,0.000606100553515439,0.0006951396746665128,0.0005511308523567562,0.0006462466572351502,32715.70315761449,/home/runner/work/Solana-Memecoin-Analysis/Solana-Memecoin-Analysis/data/cache/2026-09-26/114850426187_ohlcv_93a5b0f0fdf8.json
2026-09-26T03:25:00+00:00,CPRoWXCgq3ELsnqsGDMLmAVRnNSmyN4k1ddc6efGdd91,solana,PumpSwap,,,,,2026-09-26T00:19:08Z,0.000606100553515439,,,,,,,,,,,,,,,,,,,ohlcv_backfill,minute,0.00046730285019947767,0.000608175998546195,0.0004097794555364598,0.000606100553515439,32310.97190769876,/home/runner/work/Solana-Memecoin-Analysis/Solana-Memecoin-Analysis/data/cache/2026-09-26/114850426187_ohlcv_93a5b0f0fdf8.json
2026-09-26T03:20:00+00:00,CPRoWXCgq3ELsnqsGDMLmAVRnNSmyN4k1ddc6efGdd91,solana,PumpSwap,,,,,2026-09-26T00:19:08Z,0.00046730285019947767,,,,,,,,,,,,,,,,,,,ohlcv_backfill,minute,0.00047108633206056677,0.0005633047048092909,0.0004522677111084889,0.00046730285019947767,42853.062563814856,/home/runner/work/Solana-Memecoin-Analysis/Solana-Memecoin-Analysis/data/cache/2026-09-26/114850426187_ohlcv_93a5b0f0fdf8.json
2026-09-26T03:15:00+00:00,CPRoWXCgq3ELsnqsGDMLmAVRnNSmyN4k1ddc6efGdd91,solana,PumpSwap,,,,,2026-09-26T00:19:08Z,0.00047108633206056677,,,,,,,,,,,,,,,,,,,ohlcv_backfill,minute,0.0004129697580431633,0.0004908306844897425,0.0003375375819371282,0.00047108633206056677,41533.363816415345,/home/runner/work/Solana-Memecoin-Analysis/Solana-Memecoin-Analysis/data/cache/2026-09-26/114850426187_ohlcv_93a5b0f0fdf8.json
2026-09-26T03:10:00+00:00,CPRoWXCgq3ELsnqsGDMLmAVRnNSmyN4k1ddc6efGdd91,solana,PumpSwap,,,,,2026-09-26T00:19:08Z,0.0004129697580431633,,,,,,,,,,,,,,,,,,,ohlcv_backfill,minute,0.0004590193250857826,0.00046784735908087134,0.0003844277078164256,0.0004129697580431633,24271.849926094863,/home/runner/work/Solana-Memecoin-Analysis/Solana-Memecoin-Analysis/data/cache/2026-09-26/114850426187_ohlcv_93a5b0f0fdf8.json
2026-09-26T03:05:00+00:00,CPRoWXCgq3ELsnqsGDMLmAVRnNSmyN4k1ddc6efGdd91,solana,PumpSwap,,,,,2026-09-26T00:19:08Z,0.0004590193250857826,,,,,,,,,,,,,,,,,,,ohlcv_backfill,minute,0.0004272135251980894,0.0004757965835562249,0.00035639027983233997,0.0004590193250857826,40136.27510980896,/home/runner/work/Solana-Memecoin-Analysis/Solana-Memecoin-Analysis/data/cache/2026-09-26/114850426187_ohlcv_93a5b0f0fdf8.json
2026-09-26T03:00:00+00:00,CPRoWXCgq3ELsnqsGDMLmAVRnNSmyN4k1ddc6efGdd91,solana,PumpSwap,,,,,2026-09-26T00:19:08Z,0.0004272135251980894,,,,,,,,,,,,,,,,,,,ohlcv_backfill,minute,0.0005192928609827799,0.000548823276308073,0.0003530571908320116,0.0004272135251980894,68613.02680479179,/home/runner/work/Solana-Memecoin-Analysis/Solana-Memecoin-Analysis/data/cache/2026-09-26/114850426187_ohlcv_93a5b0f0fdf8.json
2026-09-26T02:55:00+00:00,CPRoWXCgq3ELsnqsGDMLmAVRnNSmyN4k1ddc6efGdd91,solana,PumpSwap,,,,,2026-09-26T00:19:08Z,0.0005192928609827799,,,,,,,,,,,,,,,,,,,ohlcv_backfill,minute,0.0005351148806520446,0.0006022185078954095,0.0004967171946323815,0.0005192928609827799,51762.12463143296,/home/runner/work/Solana-Memecoin-Analysis/Solana-Memecoin-Analysis/data/cache/2026-09-26/114850426187_ohlcv_93a5b0f0fdf8.json
2026-09-26T02:50:00+00:00,CPRoWXCgq3ELsnqsGDMLmAVRnNSmyN4k1ddc6efGdd91,solana,PumpSwap,,,,,2026-09-26T00:19:08Z,0.0005351148806520446,,,,,,,,,,,,,,,,,,,ohlcv_backfill,minute,0.0007545272130832175,0.0008143450669839741,0.0005217668953814678,0.0005351148806520446,41440.09446602994,/home/runner/work/Solana-Memecoin-Analysis/Solana-Memecoin-Analysis/data/cache/2026-09-26/114850426187_ohlcv_93a5b0f0fdf8.json
2026-09-26T02:45:00+00:00,CPRoWXCgq3ELsnqsGDMLmAVRnNSmyN4k1ddc6efGdd91,solana,PumpSwap,,,,,2026-09-26T00:19:08Z,0.0007545272130832175,,,,,,,,,,,,,,,,,,,ohlcv_backfill,minute,0.0006727485855174029,0.0008065912866785206,0.0006727485855174029,0.0007545272130832175,44376.00788207702,/home/runner/work/Solana-Memecoin-Analysis/Solana-Memecoin-Analysis/data/cache/2026-09-26/114850426187_ohlcv_93a5b0f0fdf8.json
2026-09-26T02:40:00+00:00,CPRoWXCgq3ELsnqsGDMLmAVRnNSmyN4k1ddc6efGdd91,solana,PumpSwap,,,,,2026-09-26T00:19:08Z,0.0006727485855174029,,,,,,,,,,,,,,,,,,,ohlcv_backfill,minute,0.0007895606146109195,0.000824653329939428,0.0006096186173894107,0.0006727485855174029,66097.82454272822,/home/runner/work/Solana-Memecoin-Analysis/Solana-Memecoin-Analysis/data/cache/2026-09-26/114850426187_ohlcv_93a5b0f0fdf8.json
2026-09-26T02:35:00+00:00,CPRoWXCgq3ELsnqsGDMLmAVRnNSmyN4k1ddc6efGdd91,solana,PumpSwap,,,,,2026-09-26T00:19:08Z,0.0007895606146109195,,,,,,,,,,,,,,,,,,,ohlcv_backfill,minute,0.0008406317526519658,0.0008406317526519658,0.0007140303873297223,0.0007895606146109195,42833.49275602367,/home/runner/work/Solana-Memecoin-Analysis/Solana-Memecoin-Analysis/data/cache/2026-09-26/114850426187_ohlcv_93a5b0f0fdf8.json
2026-09-26T02:30:00+00:00,CPRoWXCgq3ELsnqsGDMLmAVRnNSmyN4k1ddc6efGdd91,solana,PumpSwap,,,,,2026-09-26T00:19:08Z,0.0008406317526519658,,,,,,,,,,,,,,,,,,,ohlcv_backfill,minute,0.0008880848869139512,0.001072109046674081,0.0007794143485752097,0.0008406317526519658,101630.86365558469,/home/runner/work/Solana-Memecoin-Analysis/Solana-Memecoin-Analysis/data/cache/2026-09-26/114850426187_ohlcv_93a5b0f0fdf8.json
2026-09-26T02:25:00+00:00,CPRoWXCgq3ELsnqsGDMLmAVRnNSmyN4k1ddc6efGdd91,solana,PumpSwap,,,,,2026-09-26T00:19:08Z,0.0008880848869139512,,,,,,,,,,,,,,,,,,,ohlcv_backfill,minute,0.0007251271895089266,0.001044216977380767,0.0006577320581103919,0.0008880848869139512,89231.87002104388,/home/runner/work/Solana-Memecoin-Analysis/Solana-Memecoin-Analysis/data/cache/2026-09-26/114850426187_ohlcv_93a5b0f0fdf8.json
2026-09-26T02:20:00+00:00,CPRoWXCgq3ELsnqsGDMLmAVRnNSmyN4k1ddc6efGdd91,solana,PumpSwap,,,,,2026-09-26T00:19:08Z,0.0007251271895089266,,,,,,,,,,,,,,,,,,,ohlcv_backfill,minute,0.0007675972826808935,0.0007827446987383505,0.0006201646494706007,0.0007251271895089266,65619.21204247767,/home/runner/work/Solana-Memecoin-Analysis/Solana-Memecoin-Analysis/data/cache/2026-09-26/114850426187_ohlcv_93a5b0f0fdf8.json
2026-09-26T02:15:00+00:00,CPRoWXCgq3ELsnqsGDMLmAVRnNSmyN4k1ddc6efGdd91,solana,PumpSwap,,,,,2026-09-26T00:19:08Z,0.0007675972826808935,,,,,,,,,,,,,,,,,,,ohlcv_backfill,minute,0.0008192991693915481,0.0009591616292167555,0.0006898793582489888,0.0007675972826808935,71582.0952233154,/home/runner/work/Solana-Memecoin-Analysis/Solana-Memecoin-Analysis/data/cache/2026-09-26/114850426187_ohlcv_93a5b0f0fdf8.json
2026-09-26T02:10:00+00:00,CPRoWXCgq3ELsnqsGDMLmAVRnNSmyN4k1ddc6efGdd91,solana,PumpSwap,,,,,2026-09-26T00:19:08Z,0.0008192991693915481,,,,,,,,,,,,,,,,,,,ohlcv_backfill,minute,0.0008156529682121027,0.0009815488769800251,0.0007349785419386887,0.0008192991693915481,78232.93659802551,/home/runner/work/Solana-Memecoin-Analysis/Solana-Memecoin-Analysis/data/cache/2026-09-26/114850426187_ohlcv_93a5b0f0fdf8.json
2026-09-26T02:05:00+00:00,CPRoWXCgq3ELsnqsGDMLmAVRnNSmyN4k1ddc6efGdd91,solana,PumpSwap,,,,,2026-09-26T00:19:08Z,0.0008156529682121027,,,,,,,,,,,,,,,,,,,ohlcv_backfill,minute,0.0008104175701025392,0.0009945744212081708,0.0006520056106216224,0.0008156529682121027,115560.76399055899,/home/runner/work/Solana-Memecoin-Analysis/Solana-Memecoin-Analysis/data/cache/2026-09-26/114850426187_ohlcv_93a5b0f0fdf8.json
2026-09-26T02:00:00+00:00,CPRoWXCgq3ELsnqsGDMLmAVRnNSmyN4k1ddc6efGdd91,solana,PumpSwap,,,,,2026-09-26T00:19:08Z,0.0008104175701025392,,,,,,,,,,,,,,,,,,,ohlcv_backfill,minute,0.0006666517765260444,0.000956209330868653,0.0005629740160952721,0.0008104175701025392,134924.37454845934,/home/runner/work/Solana-Memecoin-Analysis/Solana-Memecoin-Analysis/data/cache/2026-09-26/114850426187_ohlcv_93a5b0f0fdf8.json
2026-09-26T01:55:00+00:00,CPRoWXCgq3ELsnqsGDMLmAVRnNSmyN4k1ddc6efGdd91,solana,PumpSwap,,,,,2026-09-26T00:19:08Z,0.0006666517765260444,,,,,,,,,,,,,,,,,,,ohlcv_backfill,minute,0.0008110033411841939,0.0008266368782009259,0.0004517518497856215,0.0006666517765260444,168402.22282073426,/home/runner/work/Solana-Memecoin-Analysis/Solana-Memecoin-Analysis/data/cache/2026-09-26/114850426187_ohlcv_93a5b0f0fdf8.json
2026-09-26T01:50:00+00:00,CPRoWXCgq3ELsnqsGDMLmAVRnNSmyN4k1ddc6efGdd91,solana,PumpSwap,,,,,2026-09-26T00:19:08Z,0.0008110033411841939,,,,,,,,,,,,,,,,,,,ohlcv_backfill,minute,0.0008771420210946668,0.0009845287614962332,0.0007370563877612192,0.0008110033411841939,115245.74922590776,/home/runner/work/Solana-Memecoin-Analysis/Solana-Memecoin-Analysis/data/cache/2026-09-26/114850426187_ohlcv_93a5b0f0fdf8.json
2026-09-26T01:45:00+00:00,CPRoWXCgq3ELsnqsGDMLmAVRnNSmyN4k1ddc6efGdd91,solana,PumpSwap,,,,,2026-09-26T00:19:08Z,0.0008771420210946668,,,,,,,,,,,,,,,,,,,ohlcv_backfill,minute,0.0009440873184130057,0.0010867460554697928,0.0006623320716059306,0.0008771420210946668,197603.93829955833,/home/runner/work/Solana-Memecoin-Analysis/Solana-Memecoin-Analysis/data/cache/2026-09-26/114850426187_ohlcv_93a5b0f0fdf8.json
2026-09-26T01:40:00+00:00,CPRoWXCgq3ELsnqsGDMLmAVRnNSmyN4k1ddc6efGdd91,solana,PumpSwap,,,,,2026-09-26T00:19:08Z,0.0009440873184130057,,,,,,,,,,,,,,,,,,,ohlcv_backfill,minute,0.000876922418262786,0.0009720844635797849,0.0006390456148693246,0.0009440873184130057,190947.72987549254,/home/runner/work/Solana-Memecoin-Analysis/Solana-Memecoin-Analysis/data/cache/2026-09-26/114850426187_ohlcv_93a5b0f0fdf8.json
2026-09-26T01:35:00+00:00,CPRoWXCgq3ELsnqsGDMLmAVRnNSmyN4k1ddc6efGdd91,solana,PumpSwap,,,,,2026-09-26T00:19:08Z,0.000876922418262786,,,,,,,,,,,,,,,,,,,ohlcv_backfill,minute,0.000520047377235052,0.0010267026372216166,0.0005160904183594755,0.000876922418262786,295882.8520918028,/home/runner/work/Solana-Memecoin-Analysis/Solana-Memecoin-Analysis/data/cache/2026-09-26/114850426187_ohlcv_93a5b0f0fdf8.json
2026-09-26T01:30:00+00:00,CPRoWXCgq3ELsnqsGDMLmAVRnNSmyN4k1ddc6efGdd91,solana,PumpSwap,,,,,2026-09-26T00:19:08Z,0.000520047377235052,,,,,,,,,,,,,,,,,,,ohlcv_backfill,minute,0.0005963966932502732,0.0006041868290513058,0.00042323720544196625,0.000520047377235052,130262.23006597167,/home/runner/work/Solana-Memecoin-Analysis/Solana-Memecoin-Analysis/data/cache/2026-09-26/114850426187_ohlcv_93a5b0f0fdf8.json
2026-09-26T01:25:00+00:00,CPRoWXCgq3ELsnqsGDMLmAVRnNSmyN4k1ddc6efGdd91,solana,PumpSwap,,,,,2026-09-26T00:19:08Z,0.0005963966932502732,,,,,,,,,,,,,,,,,,,ohlcv_backfill,minute,0.0006613047149263672,0.0008727777085348965,0.0004908277566971404,0.0005963966932502732,347479.1664701759,/home/runner/work/Solana-Memecoin-Analysis/Solana-Memecoin-Analysis/data/cache/2026-09-26/114850426187_ohlcv_93a5b0f0fdf8.json
2026-09-26T01:20:00+00:00,CPRoWXCgq3ELsnqsGDMLmAVRnNSmyN4k1ddc6efGdd91,solana,PumpSwap,,,,,2026-09-26T00:19:08Z,0.0006613047149263672,,,,,,,,,,,,,,,,,,,ohlcv_backfill,minute,0.00024673754095876625,0.0007106326031798404,0.00023687466372880858,0.0006613047149263672,238333.61912826647,/home/runner/work/Solana-Memecoin-Analysis/Solana-Memecoin-Analysis/data/cache/2026-09-26/114850426187_ohlcv_93a5b0f0fdf8.json
2026-09-26T01:15:00+00:00,CPRoWXCgq3ELsnqsGDMLmAVRnNSmyN4k1ddc6efGdd91,solana,PumpSwap,,,,,2026-09-26T00:19:08Z,0.00024673754095876625,,,,,,,,,,,,,,,,,,,ohlcv_backfill,minute,0.0001525519570484998,0.00026949783865277163,9.308191693541037e-05,0.00024673754095876625,119388.07354369393,/home/runner/work/Solana-Memecoin-Analysis/Solana-Memecoin-Analysis/data/cache/2026-09-26/114850426187_ohlcv_93a5b0f0fdf8.json
2026-09-26T01:10:00+00:00,CPRoWXCgq3ELsnqsGDMLmAVRnNSmyN4k1ddc6efGdd91,solana,PumpSwap,,,,,2026-09-26T00:19:08Z,0.0001525519570484998,,,,,,,,,,,,,,,,,,,ohlcv_backfill,minute,0.0001380145235603205,0.0001563885657004728,7.800686857388894e-05,0.0001525519570484998,60910.140337582015,/home/runner/work/Solana-Memecoin-Analysis/Solana-Memecoin-Analysis/data/cache/2026-09-26/114850426187_ohlcv_93a5b0f0fdf8.json
2026-09-26T01:05:00+00:00,CPRoWXCgq3ELsnqsGDMLmAVRnNSmyN4k1ddc6efGdd91,solana,PumpSwap,,,,,2026-09-26T00:19:08Z,0.0001380145235603205,,,,,,,,,,,,,,,,,,,ohlcv_backfill,minute,5.573989643751583e-05,0.0002450354924887983,5.573989643751583e-05,0.0001380145235603205,165988.2112506242,/home/runner/work/Solana-Memecoin-Analysis/Solana-Memecoin-Analysis/data/cache/2026-09-26/114850426187_ohlcv_93a5b0f0fdf8.json
2026-09-26T01:00:00+00:00,CPRoWXCgq3ELsnqsGDMLmAVRnNSmyN4k1ddc6efGdd91,solana,PumpSwap,,,,,2026-09-26T00:19:08Z,5.573989643751583e-05,,,,,,,,,,,,,,,,,,,ohlcv_backfill,minute,5.976316591683554e-05,5.976316591683554e-05,3.3020673486190515e-05,5.573989643751583e-05,16927.34952164271,/home/runner/work/Solana-Memecoin-Analysis/Solana-Memecoin-Analysis/data/cache/2026-09-26/114850426187_ohlcv_93a5b0f0fdf8.json
2026-09-26T00:55:00+00:00,CPRoWXCgq3ELsnqsGDMLmAVRnNSmyN4k1ddc6efGdd91,solana,PumpSwap,,,,,2026-09-26T00:19:08Z,5.976316591683554e-05,,,,,,,,,,,,,,,,,,,ohlcv_backfill,minute,5.558386368557586e-05,6.598084701053791e-05,4.6824696015050435e-05,5.976316591683554e-05,14532.406406583656,/home/runner/work/Solana-Memecoin-Analysis/Solana-Memecoin-Analysis/data/cache/2026-09-26/114850426187_ohlcv_93a5b0f0fdf8.json
2026-09-26T00:50:00+00:00,CPRoWXCgq3ELsnqsGDMLmAVRnNSmyN4k1ddc6efGdd91,solana,PumpSwap,,,,,2026-09-26T00:19:08Z,5.558386368557586e-05,,,,,,,,,,,,,,,,,,,ohlcv_backfill,minute,5.751591774937902e-05,7.647347361499335e-05,4.9874672078461714e-05,5.558386368557586e-05,28369.10661429057,/home/runner/work/Solana-Memecoin-Analysis/Solana-Memecoin-Analysis/data/cache/2026-09-26/114850426187_ohlcv_93a5b0f0fdf8.json
2026-09-26T00:45:00+00:00,CPRoWXCgq3ELsnqsGDMLmAVRnNSmyN4k1ddc6efGdd91,solana,PumpSwap,,,,,2026-09-26T00:19:08Z,5.751591774937902e-05,,,,,,,,,,,,,,,,,,,ohlcv_backfill,minute,9.703698962293789e-05,0.0001304479799526252,5.411197642222635e-05,5.751591774937902e-05,58660.689979718576,/home/runner/work/Solana-Memecoin-Analysis/Solana-Memecoin-Analysis/data/cache/2026-09-26/114850426187_ohlcv_93a5b0f0fdf8.json
2026-09-26T00:40:00+00:00,CPRoWXCgq3ELsnqsGDMLmAVRnNSmyN4k1ddc6efGdd91,solana,PumpSwap,,,,,2026-09-26T00:19:08Z,9.703698962293789e-05,,,,,,,,,,,,,,,,,,,ohlcv_backfill,minute,8.816449651874492e-05,0.00011155026132955943,4.537879530367454e-05,9.703698962293789e-05,46669.37388297783,/home/runner/work/Solana-Memecoin-Analysis/Solana-Memecoin-Analysis/data/cache/2026-09-26/114850426187_ohlcv_93a5b0f0fdf8.json
2026-09-26T00:35:00+00:00,CPRoWXCgq3ELsnqsGDMLmAVRnNSmyN4k1ddc6efGdd91,solana,PumpSwap,,,,,2026-09-26T00:19:08Z,8.816449651874492e-05,,,,,,,,,,,,,,,,,,,ohlcv_backfill,minute,5.003307385303495e-05,9.539461961685646e-05,4.136911611967882e-05,8.816449651874492e-05,71337.47683175506,/home/runner/work/Solana-Memecoin-Analysis/Solana-Memecoin-Analysis/data/cache/2026-09-26/114850426187_ohlcv_93a5b0f0fdf8.json
2026-09-26T00:30:00+00:00,CPRoWXCgq3ELsnqsGDMLmAVRnNSmyN4k1ddc6efGdd91,solana,PumpSwap,,,,,2026-09-26T00:19:08Z,5.003307385303495e-05,,,,,,,,,,,,,,,,,,,ohlcv_backfill,minute,0.00011457077589888953,0.00013025551596107006,3.216534117487991e-05,5.003307385303495e-05,114833.12394274646,/home/runner/work/Solana-Memecoin-Analysis/Solana-Memecoin-Analysis/data/cache/2026-09-26/114850426187_ohlcv_93a5b0f0fdf8.json
2026-09-26T00:25:00+00:00,CPRoWXCgq3ELsnqsGDMLmAVRnNSmyN4k1ddc6efGdd91,solana,PumpSwap,,,,,2026-09-26T00:19:08Z,0.00011457077589888953,,,,,,,,,,,,,,,,,,,ohlcv_backfill,minute,0.00021994828058209952,0.00031715148638210896,0.00010769524093538223,0.00011457077589888953,325332.49557168916,/home/runner/work/Solana-Memecoin-Analysis/Solana-Memecoin-Analysis/data/cache/2026-09-26/114850426187_ohlcv_93a5b0f0fdf8.json
2026-09-26T00:20:00+00:00,CPRoWXCgq3ELsnqsGDMLmAVRnNSmyN4k1ddc6efGdd91,solana,PumpSwap,,,,,2026-09-26T00:19:08Z,0.00021994828058209952,,,,,,,,,,,,,,,,,,,ohlcv_backfill,minute,2.995327343108078e-05,0.00030297789315924574,2.2613238319135146e-05,0.00021994828058209952,737568.3977304647,/home/runner/work/Solana-Memecoin-Analysis/Solana-Memecoin-Analysis/data/cache/2026-09-26/114850426187_ohlcv_93a5b0f0fdf8.json
2026-09-26T00:15:00+00:00,CPRoWXCgq3ELsnqsGDMLmAVRnNSmyN4k1ddc6efGdd91,solana,PumpSwap,,,,,2026-09-26T00:19:08Z,2.995327343108078e-05,,,,,,,,,,,,,,,,,,,ohlcv_backfill,minute,5.062378640648799e-05,5.11075524230202e-05,2.3870017105200835e-05,2.995327343108078e-05,72983.82117968665,/home/runner/work/Solana-Memecoin-Analysis/Solana-Memecoin-Analysis/data/cache/2026-09-26/114850426187_ohlcv_93a5b0f0fdf8.json
2026-09-26T11:45:00+00:00,Ax9GpoBxTKb19NMj4eJhNsy163xuUGmFKrLpELeQK7LX,solana,PumpSwap,,,,,2026-09-25T14:11:13Z,0.00422451683126864,,,,,,,,,,,,,,,,,,,ohlcv_backfill,minute,0.004084739316055175,0.004579086878157312,0.00405838491720911,0.00422451683126864,67428.70057986295,/home/runner/work/Solana-Memecoin-Analysis/Solana-Memecoin-Analysis/data/cache/2026-09-26/114907566515_ohlcv_2431ea273547.json
2026-09-26T11:40:00+00:00,Ax9GpoBxTKb19NMj4eJhNsy163xuUGmFKrLpELeQK7LX,solana,PumpSwap,,,,,2026-09-25T14:11:13Z,0.004084739316055175,,,,,,,,,,,,,,,,,,,ohlcv_backfill,minute,0.004034997857274329,0.004516836368699109,0.0038073060238073757,0.004084739316055175,82057.17908941701,/home/runner/work/Solana-Memecoin-Analysis/Solana-Memecoin-Analysis/data/cache/2026-09-26/114907566515_ohlcv_2431ea273547.json
2026-09-26T11:35:00+00:00,Ax9GpoBxTKb19NMj4eJhNsy163xuUGmFKrLpELeQK7LX,solana,PumpSwap,,,,,2026-09-25T14:11:13Z,0.004034997857274329,,,,,,,,,,,,,,,,,,,ohlcv_backfill,minute,0.0036315780034896243,0.004433730239431723,0.0036248888234206664,0.004034997857274329,63922.4165968019,/home/runner/work/Solana-Memecoin-Analysis/Solana-Memecoin-Analysis/data/cache/2026-09-26/114907566515_ohlcv_2431ea273547.json
2026-09-26T11:30:00+00:00,Ax9GpoBxTKb19NMj4eJhNsy163xuUGmFKrLpELeQK7LX,solana,PumpSwap,,,,,2026-09-25T14:11:13Z,0.0036315780034896243,,,,,,,,,,,,,,,,,,,ohlcv_backfill,minute,0.0036788907732592784,0.0037679143329490544,0.0034020661743342307,0.0036315780034896243,27529.982043249627,/home/runner/work/Solana-Memecoin-Analysis/Solana-Memecoin-Analysis/data/cache/2026-09-26/114907566515_ohlcv_2431ea273547.json
2026-09-26T11:25:00+00:00,Ax9GpoBxTKb19NMj4eJhNsy163xuUGmFKrLpELeQK7LX,solana,PumpSwap,,,,,2026-09-25T14:11:13Z,0.0036788907732592784,,,,,,,,,,,,,,,,,,,ohlcv_backfill,minute,0.0035153777844837077,0.0036788907732592784,0.0033112728777922626,0.0036788907732592784,43344.16568755538,/home/runner/work/Solana-Memecoin-Analysis/Solana-Memecoin-Analysis/data/cache/2026-09-26/114907566515_ohlcv_2431ea273547.json
2026-09-26T11:20:00+00:00,Ax9GpoBxTKb19NMj4eJhNsy163xuUGmFKrLpELeQK7LX,solana,PumpSwap,,,,,2026-09-25T14:11:13Z,0.0035153777844837077,,,,,,,,,,,,,,,,,,,ohlcv_backfill,minute,0.0037377530288979725,0.0037954403246090044,0.003463556597277659,0.0035153777844837077,22521.74875268526,/home/runner/work/Solana-Memecoin-Analysis/Solana-Memecoin-Analysis/data/cache/2026-09-26/114907566515_ohlcv_2431ea273547.json
2026-09-26T11:15:00+00:00,Ax9GpoBxTKb19NMj4eJhNsy163xuUGmFKrLpELeQK7LX,solana,PumpSwap,,,,,2026-09-25T14:11:13Z,0.0037377530288979725,,,,,,,,,,,,,,,,,,,ohlcv_backfill,minute,0.003725184767867448,0.004103059173406101,0.003702069258089138,0.0037377530288979725,65525.51440949681,/home/runner/work/Solana-Memecoin-Analysis/Solana-Memecoin-Analysis/data/cache/2026-09-26/114907566515_ohlcv_2431ea273547.json
2026-09-26T11:10:00+00:00,Ax9GpoBxTKb19NMj4eJhNsy163xuUGmFKrLpELeQK7LX,solana,PumpSwap,,,,,2026-09-25T14:11:13Z,0.003725184767867448,,,,,,,,,,,,,,,,,,,ohlcv_backfill,minute,0.0034088834282411207,0.0037748022770962416,0.0032680730530348866,0.003725184767867448,47668.548352497186,/home/runner/work/Solana-Memecoin-Analysis/Solana-Memecoin-Analysis/data/cache/2026-09-26/114907566515_ohlcv_2431ea273547.json
2026-09-26T11:05:00+00:00,Ax9GpoBxTKb19NMj4eJhNsy163xuUGmFKrLpELeQK7LX,solana,PumpSwap,,,,,2026-09-25T14:11:13Z,0.0034088834282411207,,,,,,,,,,,,,,,,,,,ohlcv_backfill,minute,0.003768993001023587,0.003894212132695205,0.0033529148760042403,0.0034088834282411207,38769.22905444395,/home/runner/work/Solana-Memecoin-Analysis/Solana-Memecoin-Analysis/data/cache/2026-09-26/114907566515_ohlcv_2431ea273547.json
2026-09-26T11:00:00+00:00,Ax9GpoBxTKb19NMj4eJhNsy163xuUGmFKrLpELeQK7LX,solana,PumpSwap,,,,,2026-09-25T14:11:13Z,0.003768993001023587,,,,,,,,,,,,,,,,,,,ohlcv_backfill,minute,0.0037726656152325096,0.00396053103282928,0.0035813745868018866,0.003768993001023587,44661.0773228099,/home/runner/work/Solana-Memecoin-Analysis/Solana-Memecoin-Analysis/data/cache/2026-09-26/114907566515_ohlcv_2431ea273547.json
2026-09-26T10:55:00+00:00,Ax9GpoBxTKb19NMj4eJhNsy163xuUGmFKrLpELeQK7LX,solana,PumpSwap,,,,,2026-09-25T14:11:13Z,0.0037726656152325096,,,,,,,,,,,,,,,,,,,ohlcv_backfill,minute,0.003936905048218741,0.004233418796337957,0.003601510682533165,0.0037726656152325096,177842.8528264747,/home/runner/work/Solana-Memecoin-Analysis/Solana-Memecoin-Analysis/data/cache/2026-09-26/114907566515_ohlcv_2431ea273547.json
2026-09-26T10:50:00+00:00,Ax9GpoBxTKb19NMj4eJhNsy163xuUGmFKrLpELeQK7LX,solana,PumpSwap,,,,,2026-09-25T14:11:13Z,0.003936905048218741,,,,,,,,,,,,,,,,,,,ohlcv_backfill,minute,0.003197774078334249,0.004092889009320461,0.0029710489839795684,0.003936905048218741,141087.51638380595,/home/runner/work/Solana-Memecoin-Analysis/Solana-Memecoin-Analysis/data/cache/2026-09-26/114907566515_ohlcv_2431ea273547.json
2026-09-26T10:45:00+00:00,Ax9GpoBxTKb19NMj4eJhNsy163xuUGmFKrLpELeQK7LX,solana,PumpSwap,,,,,2026-09-25T14:11:13Z,0.003197774078334249,,,,,,,,,,,,,,,,,,,ohlcv_backfill,minute,0.0032848694933422934,0.003532456927367351,0.003070449601306782,0.003197774078334249,62464.936810034385,/home/runner/work/Solana-Memecoin-Analysis/Solana-Memecoin-Analysis/data/cache/2026-09-26/114907566515_ohlcv_2431ea273547.json
2026-09-26T10:40:00+00:00,Ax9GpoBxTKb19NMj4eJhNsy163xuUGmFKrLpELeQK7LX,solana,PumpSwap,,,,,2026-09-25T14:11:13Z,0.0032848694933422934,,,,,,,,,,,,,,,,,,,ohlcv_backfill,minute,0.002962042650088635,0.0032848694933422934,0.002604342196025691,0.0032848694933422934,61995.70681244537,/home/runner/work/Solana-Memecoin-Analysis/Solana-Memecoin-Analysis/data/cache/2026-09-26/114907566515_ohlcv_2431ea273547.json
2026-09-26T10:35:00+00:00,Ax9GpoBxTKb19NMj4eJhNsy163xuUGmFKrLpELeQK7LX,solana,PumpSwap,,,,,2026-09-25T14:11:13Z,0.002962042650088635,,,,,,,,,,,,,,,,,,,ohlcv_backfill,minute,0.0023584496926557265,0.003006548687497263,0.0023569597391157227,0.002962042650088635,97687.89210581679,/home/runner/work/Solana-Memecoin-Analysis/Solana-Memecoin-Analysis/data/cache/2026-09-26/114907566515_ohlcv_2431ea273547.json
2026-09-26T10:30:00+00:00,Ax9GpoBxTKb19NMj4eJhNsy163xuUGmFKrLpELeQK7LX,solana,PumpSwap,,,,,2026-09-25T14:11:13Z,0.0023584496926557265,,,,,,,,,,,,,,,,,,,ohlcv_backfill,minute,0.0022011993211524957,0.0023868145889892854,0.0021798008278657312,0.0023584496926557265,6001.513750811317,/home/runner/work/Solana-Memecoin-Analysis/Solana-Memecoin-Analysis/data/cache/2026-09-26/114907566515_ohlcv_2431ea273547.json
2026-09-26T10:25:00+00:00,Ax9GpoBxTKb19NMj4eJhNsy163xuUGmFKrLpELeQK7LX,solana,PumpSwap,,,,,2026-09-25T14:11:13Z,0.0022011993211524957,,,,,,,,,,,,,,,,,,,ohlcv_backfill,minute,0.0022418911792736647,0.0023023420712717044,0.0020486118894252584,0.0022011993211524957,14369.3617637984,/home/runner/work/Solana-Memecoin-Analysis/Solana-Memecoin-Analysis/data/cache/2026-09-26/114907566515_ohlcv_2431ea273547.json
2026-09-26T10:20:00+00:00,Ax9GpoBxTKb19NMj4eJhNsy163xuUGmFKrLpELeQK7LX,solana,PumpSwap,,,,,2026-09-25T14:11:13Z,0.0022418911792736647,,,,,,,,,,,,,,,,,,,ohlcv_backfill,minute,0.002203148477313918,0.0022877756149667374,0.002158095921616816,0.0022418911792736647,7034.070684539521,/home/runner/work/Solana-Memecoin-Analysis/Solana-Memecoin-Analysis/data/cache/2026-09-26/114907566515_ohlcv_2431ea273547.json
2026-09-26T10:15:00+00:00,Ax9GpoBxTKb19NMj4eJhNsy163xuUGmFKrLpELeQK7LX,solana,PumpSwap,,,,,2026-09-25T14:11:13Z,0.002203148477313918,,,,,,,,,,,,,,,,,,,ohlcv_backfill,minute,0.0024339081805889494,0.002582401927579137,0.002203148477313918,0.002203148477313918,19284.26594037401,/home/runner/work/Solana-Memecoin-Analysis/Solana-Memecoin-Analysis/data/cache/2026-09-26/114907566515_ohlcv_2431ea273547.json
2026-09-26T10:10:00+00:00,Ax9GpoBxTKb19NMj4eJhNsy163xuUGmFKrLpELeQK7LX,solana,PumpSwap,,,,,2026-09-25T14:11:13Z,0.0024339081805889494,,,,,,,,,,,,,,,,,,,ohlcv_backfill,minute,0.0021815681907030177,0.0025945491423301327,0.0021448968054590756,0.0024339081805889494,37714.817206741856,/home/runner/work/Solana-Memecoin-Analysis/Solana-Memecoin-Analysis/data/cache/2026-09-26/114907566515_ohlcv_2431ea273547.json
2026-09-26T10:05:00+00:00,Ax9GpoBxTKb19NMj4eJhNsy163xuUGmFKrLpELeQK7LX,solana,PumpSwap,,,,,2026-09-25T14:11:13Z,0.0021815681907030177,,,,,,,,,,,,,,,,,,,ohlcv_backfill,minute,0.0020327791058031915,0.0022747389508960174,0.00201335137253919,0.0021815681907030177,20106.86075296407,/home/runner/work/Solana-Memecoin-Analysis/Solana-Memecoin-Analysis/data/cache/2026-09-26/114907566515_ohlcv_2431ea273547.json
2026-09-26T10:00:00+00:00,Ax9GpoBxTKb19NMj4eJhNsy163xuUGmFKrLpELeQK7LX,solana,PumpSwap,,,,,2026-09-25T14:11:13Z,0.0020327791058031915,,,,,,,,,,,,,,,,,,,ohlcv_backfill,minute,0.0019371224816990453,0.002085387417106871,0.0019125330569189193,0.0020327791058031915,12597.118029464404,/home/runner/work/Solana-Memecoin-Analysis/Solana-Memecoin-Analysis/data/cache/2026-09-26/114907566515_ohlcv_2431ea273547.json
2026-09-26T09:55:00+00:00,Ax9GpoBxTKb19NMj4eJhNsy163xuUGmFKrLpELeQK7LX,solana,PumpSwap,,,,,2026-09-25T14:11:13Z,0.0019371224816990453,,,,,,,,,,,,,,,,,,,ohlcv_backfill,minute,0.0020035457191446156,0.0020345354909789104,0.0019081185758657716,0.0019371224816990453,10909.37036655205,/home/runner/work/Solana-Memecoin-Analysis/Solana-Memecoin-Analysis/data/cache/2026-09-26/114907566515_ohlcv_2431ea273547.json
2026-09-26T09:50:00+00:00,Ax9GpoBxTKb19NMj4eJhNsy163xuUGmFKrLpELeQK7LX,solana,PumpSwap,,,,,2026-09-25T14:11:13Z,0.0020035457191446156,,,,,,,,,,,,,,,,,,,ohlcv_backfill,minute,0.0020233530714073257,0.002050166924041137,0.0020035457191446156,0.0020035457191446156,1166.018124686139,/home/runner/work/Solana-Memecoin-Analysis/Solana-Memecoin-Analysis/data/cache/2026-09-26/114907566515_ohlcv_2431ea273547.json
2026-09-26T09:45:00+00:00,Ax9GpoBxTKb19NMj4eJhNsy163xuUGmFKrLpELeQK7LX,solana,PumpSwap,,,,,2026-09-25T14:11:13Z,0.0020233530714073257,,,,,,,,,,,,,,,,,,,ohlcv_backfill,minute,0.0019664409125014076,0.0020302169137552915,0.0019664409125014076,0.0020233530714073257,2183.8182253153714,/home/runner/work/Solana-Memecoin-Analysis/Solana-Memecoin-Analysis/data/cache/2026-09-26/114907566515_ohlcv_2431ea273547.json
2026-09-26T09:40:00+00:00,Ax9GpoBxTKb19NMj4eJhNsy163xuUGmFKrLpELeQK7LX,solana,PumpSwap,,,,,2026-09-25T14:11:13Z,0.0019664409125014076,,,,,,,,,,,,,,,,,,,ohlcv_backfill,minute,0.0020670255947076418,0.0020875010407132412,0.001830465182617119,0.0019664409125014076,24332.757821085524,/home/runner/work/Solana-Memecoin-Analysis/Solana-Memecoin-Analysis/data/cache/2026-09-26/114907566515_ohlcv_2431ea273547.json
2026-09-26T09:35:00+00:00,Ax9GpoBxTKb19NMj4eJhNsy163xuUGmFKrLpELeQK7LX,solana,PumpSwap,,,,,2026-09-25T14:11:13Z,0.0020670255947076418,,,,,,,,,,,,,,,,,,,ohlcv_backfill,minute,0.002024527391509512,0.0021760652472701775,0.0019977709271714918,0.0020670255947076418,10225.048086904857,/home/runner/work/Solana-Memecoin-Analysis/Solana-Memecoin-Analysis/data/cache/2026-09-26/114907566515_ohlcv_2431ea273547.json
2026-09-26T09:30:00+00:00,Ax9GpoBxTKb19NMj4eJhNsy163xuUGmFKrLpELeQK7LX,solana,PumpSwap,,,,,2026-09-25T14:11:13Z,0.002024527391509512,,,,,,,,,,,,,,,,,,,ohlcv_backfill,minute,0.0023283234183136847,0.0023589351110568976,0.00195389164471444,0.002024527391509512,29310.279852875763,/home/runner/work/Solana-Memecoin-Analysis/Solana-Memecoin-Analysis/data/cache/2026-09-26/114907566515_ohlcv_2431ea273547.json
2026-09-26T09:25:00+00:00,Ax9GpoBxTKb19NMj4eJhNsy163xuUGmFKrLpELeQK7LX,solana,PumpSwap,,,,,2026-09-25T14:11:13Z,0.0023283234183136847,,,,,,,,,,,,,,,,,,,ohlcv_backfill,minute,0.002320435546461163,0.0023560141447857012,0.002158579210125992,0.0023283234183136847,10708.658323044578,/home/runner/work/Solana-Memecoin-Analysis/Solana-Memecoin-Analysis/data/cache/2026-09-26/114907566515_ohlcv_2431ea273547.json
2026-09-26T09:20:00+00:00,Ax9GpoBxTKb19NMj4eJhNsy163xuUGmFKrLpELeQK7LX,solana,PumpSwap,,,,,2026-09-25T14:11:13Z,0.002320435546461163,,,,,,,,,,,,,,,,,,,ohlcv_backfill,minute,0.0018977918317303712,0.0023410692203743276,0.0018713335643027833,0.002320435546461163,14512.666711943597,/home/runner/work/Solana-Memecoin-Analysis/Solana-Memecoin-Analysis/data/cache/2026-09-26/114907566515_ohlcv_2431ea273547.json
2026-09-26T09:15:00+00:00,Ax9GpoBxTKb19NMj4eJhNsy163xuUGmFKrLpELeQK7LX,solana,PumpSwap,,,,,2026-09-25T14:11:13Z,0.0018977918317303712,,,,,,,,,,,,,,,,,,,ohlcv_backfill,minute,0.0017769975231086614,0.0018987107082819481,0.0017610949761434178,0.0018977918317303712,3667.509233586813,/home/runner/work/Solana-Memecoin-Analysis/Solana-Memecoin-Analysis/data/cache/2026-09-26/114907566515_ohlcv_2431ea273547.json
2026-09-26T09:10:00+00:00,Ax9GpoBxTKb19NMj4eJhNsy163xuUGmFKrLpELeQK7LX,solana,PumpSwap,,,,,2026-09-25T14:11:13Z,0.0017769975231086614,,,,,,,,,,,,,,,,,,,ohlcv_backfill,minute,0.0018285868657035016,0.0018767412073802763,0.0017393929346574241,0.0017769975231086614,9151.282526883582,/home/runner/work/Solana-Memecoin-Analysis/Solana-Memecoin-Analysis/data/cache/2026-09-26/114907566515_ohlcv_2431ea273547.json
2026-09-26T09:05:00+00:00,Ax9GpoBxTKb19NMj4eJhNsy163xuUGmFKrLpELeQK7LX,solana,PumpSwap,,,,,2026-09-25T14:11:13Z,0.0018285868657035016,,,,,,,,,,,,,,,,,,,ohlcv_backfill,minute,0.0017620033480152827,0.001871202719597676,0.00175252153894066,0.0018285868657035016,6371.694484752357,/home/runner/work/Solana-Memecoin-Analysis/Solana-Memecoin-Analysis/data/cache/2026-09-26/114907566515_ohlcv_2431ea273547.json
2026-09-26T09:00:00+00:00,Ax9GpoBxTKb19NMj4eJhNsy163xuUGmFKrLpELeQK7LX,solana,PumpSwap,,,,,2026-09-25T14:11:13Z,0.0017620033480152827,,,,,,,,,,,,,,,,,,,ohlcv_backfill,minute,0.0019114394999292111,0.0019467536964405004,0.001745102323905164,0.0017620033480152827,8967.223105955414,/home/runner/work/Solana-Memecoin-Analysis/Solana-Memecoin-Analysis/data/cache/2026-09-26/114907566515_ohlcv_2431ea273547.json
2026-09-26T08:55:00+00:00,Ax9GpoBxTKb19NMj4eJhNsy163xuUGmFKrLpELeQK7LX,solana,PumpSwap,,,,,2026-09-25T14:11:13Z,0.0019114394999292111,,,,,,,,,,,,,,,,,,,ohlcv_backfill,minute,0.0019359893492129924,0.0019359893492129924,0.0018459450817596597,0.0019114394999292111,5748.243607670463,/home/runner/work/Solana-Memecoin-Analysis/Solana-Memecoin-Analysis/data/cache/2026-09-26/114907566515_ohlcv_2431ea273547.json
2026-09-26T08:50:00+00:00,Ax9GpoBxTKb19NMj4eJhNsy163xuUGmFKrLpELeQK7LX,solana,PumpSwap,,,,,2026-09-25T14:11:13Z,0.0019359893492129924,,,,,,,,,,,,,,,,,,,ohlcv_backfill,minute,0.002078772112338999,0.002078772112338999,0.001925376725869378,0.0019359893492129924,10171.03185620485,/home/runner/work/Solana-Memecoin-Analysis/Solana-Memecoin-Analysis/data/cache/2026-09-26/114907566515_ohlcv_2431ea273547.json
2026-09-26T08:45:00+00:00,Ax9GpoBxTKb19NMj4eJhNsy163xuUGmFKrLpELeQK7LX,solana,PumpSwap,,,,,2026-09-25T14:11:13Z,0.002078772112338999,,,,,,,,,,,,,,,,,,,ohlcv_backfill,minute,0.0018516038181406766,0.002078772112338999,0.0018046747344699385,0.002078772112338999,12437.301016729898,/home/runner/work/Solana-Memecoin-Analysis/Solana-Memecoin-Analysis/data/cache/2026-09-26/114907566515_ohlcv_2431ea273547.json
2026-09-26T08:40:00+00:00,Ax9GpoBxTKb19NMj4eJhNsy163xuUGmFKrLpELeQK7LX,solana,PumpSwap,,,,,2026-09-25T14:11:13Z,0.0018516038181406766,,,,,,,,,,,,,,,,,,,ohlcv_backfill,minute,0.0018343487383869225,0.0019109385420628946,0.0017495036559533226,0.0018516038181406766,9608.24143953341,/home/runner/work/Solana-Memecoin-Analysis/Solana-Memecoin-Analysis/data/cache/2026-09-26/114907566515_ohlcv_2431ea273547.json
2026-09-26T08:35:00+00:00,Ax9GpoBxTKb19NMj4eJhNsy163xuUGmFKrLpELeQK7LX,solana,PumpSwap,,,,,2026-09-25T14:11:13Z,0.0018343487383869225,,,,,,,,,,,,,,,,,,,ohlcv_backfill,minute,0.0019092586101483804,0.0019384762564155277,0.0017355557014314058,0.0018343487383869225,19769.96188282395,/home/runner/work/Solana-Memecoin-Analysis/Solana-Memecoin-Analysis/data/cache/2026-09-26/114907566515_ohlcv_2431ea273547.json
2026-09-26T08:30:00+00:00,Ax9GpoBxTKb19NMj4eJhNsy163xuUGmFKrLpELeQK7LX,solana,PumpSwap,,,,,2026-09-25T14:11:13Z,0.0019092586101483804,,,,,,,,,,,,,,,,,,,ohlcv_backfill,minute,0.0020627323610602896,0.0020944541501135535,0.0018524480124032067,0.0019092586101483804,13341.594931447475,/home/runner/work/Solana-Memecoin-Analysis/Solana-Memecoin-Analysis/data/cache/2026-09-26/114907566515_ohlcv_2431ea273547.json
2026-09-26T08:25:00+00:00,Ax9GpoBxTKb19NMj4eJhNsy163xuUGmFKrLpELeQK7LX,solana,PumpSwap,,,,,2026-09-25T14:11:13Z,0.0020627323610602896,,,,,,,,,,,,,,,,,,,ohlcv_backfill,minute,0.00199504130188193,0.002174654524793319,0.0019752126658504478,0.0020627323610602896,10395.93032692586,/home/runner/work/Solana-Memecoin-Analysis/Solana-Memecoin-Analysis/data/cache/2026-09-26/114907566515_ohlcv_2431ea273547.json
2026-09-26T08:20:00+00:00,Ax9GpoBxTKb19NMj4eJhNsy163xuUGmFKrLpELeQK7LX,solana,PumpSwap,,,,,2026-09-25T14:11:13Z,0.00199504130188193,,,,,,,,,,,,,,,,,,,ohlcv_backfill,minute,0.0021622339752461256,0.002200450774549074,0.0019638584212375793,0.00199504130188193,9051.56401535146,/home/runner/work/Solana-Memecoin-Analysis/Solana-Memecoin-Analysis/data/cache/2026-09-26/114907566515_ohlcv_2431ea273547.json
2026-09-26T08:15:00+00:00,Ax9GpoBxTKb19NMj4eJhNsy163xuUGmFKrLpELeQK7LX,solana,PumpSwap,,,,,2026-09-25T14:11:13Z,0.0021622339752461256,,,,,,,,,,,,,,,,,,,ohlcv_backfill,minute,0.002206963236477959,0.002230018939882932,0.0020340290522266485,0.0021622339752461256,18194.077936229634,/home/runner/work/Solana-Memecoin-Analysis/Solana-Memecoin-Analysis/data/cache/2026-09-26/114907566515_ohlcv_2431ea273547.json
2026-09-26T08:10:00+00:00,Ax9GpoBxTKb19NMj4eJhNsy163xuUGmFKrLpELeQK7LX,solana,PumpSwap,,,,,2026-09-25T14:11:13Z,0.002206963236477959,,,,,,,,,,,,,,,,,,,ohlcv_backfill,minute,0.0023568045746857405,0.00251204904023236,0.002199525723168307,0.002206963236477959,25457.765356754546,/home/runner/work/Solana-Memecoin-Analysis/Solana-Memecoin-Analysis/data/cache/2026-09-26/114907566515_ohlcv_2431ea273547.json
2026-09-26T08:05:00+00:00,Ax9GpoBxTKb19NMj4eJhNsy163xuUGmFKrLpELeQK7LX,solana,PumpSwap,,,,,2026-09-25T14:11:13Z,0.0023568045746857405,,,,,,,,,,,,,,,,,,,ohlcv_backfill,minute,0.002374270666893627,0.0026096567887894497,0.0023036459516936896,0.0023568045746857405,25186.14678558508,/home/runner/work/Solana-Memecoin-Analysis/Solana-Memecoin-Analysis/data/cache/2026-09-26/114907566515_ohlcv_2431ea273547.json
2026-09-26T08:00:00+00:00,Ax9GpoBxTKb19NMj4eJhNsy163xuUGmFKrLpELeQK7LX,solana,PumpSwap,,,,,2026-09-25T14:11:13Z,0.002374270666893627,,,,,,,,,,,,,,,,,,,ohlcv_backfill,minute,0.002236840059167658,0.0024712358997937204,0.0021854924229122367,0.002374270666893627,9258.588546883137,/home/runner/work/Solana-Memecoin-Analysis/Solana-Memecoin-Analysis/data/cache/2026-09-26/114907566515_ohlcv_2431ea273547.json
2026-09-26T07:55:00+00:00,Ax9GpoBxTKb19NMj4eJhNsy163xuUGmFKrLpELeQK7LX,solana,PumpSwap,,,,,2026-09-25T14:11:13Z,0.002236840059167658,,,,,,,,,,,,,,,,,,,ohlcv_backfill,minute,0.0023430010683817373,0.002423038637911309,0.0022200829843793944,0.002236840059167658,11655.547433578336,/home/runner/work/Solana-Memecoin-Analysis/Solana-Memecoin-Analysis/data/cache/2026-09-26/114907566515_ohlcv_2431ea273547.json
2026-09-26T07:50:00+00:00,Ax9GpoBxTKb19NMj4eJhNsy163xuUGmFKrLpELeQK7LX,solana,PumpSwap,,,,,2026-09-25T14:11:13Z,0.0023430010683817373,,,,,,,,,,,,,,,,,,,ohlcv_backfill,minute,0.002347818006919582,0.0024953696842147915,0.002292163623976431,0.0023430010683817373,12224.024209795905,/home/runner/work/Solana-Memecoin-Analysis/Solana-Memecoin-Analysis/data/cache/2026-09-26/114907566515_ohlcv_2431ea273547.json
2026-09-26T07:45:00+00:00,Ax9GpoBxTKb19NMj4eJhNsy163xuUGmFKrLpELeQK7LX,solana,PumpSwap,,,,,2026-09-25T14:11:13Z,0.002347818006919582,,,,,,,,,,,,,,,,,,,ohlcv_backfill,minute,0.0022208741377483018,0.0024031372478767023,0.00215123129301688,0.002347818006919582,16234.257456850837,/home/runner/work/Solana-Memecoin-Analysis/Solana-Memecoin-Analysis/data/cache/2026-09-26/114907566515_ohlcv_2431ea273547.json
2026-09-26T07:40:00+00:00,Ax9GpoBxTKb19NMj4eJhNsy163xuUGmFKrLpELeQK7LX,solana,PumpSwap,,,,,2026-09-25T14:11:13Z,0.0022208741377483018,,,,,,,,,,,,,,,,,,,ohlcv_backfill,minute,0.002397544829238836,0.002397544829238836,0.0021121368271549493,0.0022208741377483018,29652.456963039094,/home/runner/work/Solana-Memecoin-Analysis/Solana-Memecoin-Analysis/data/cache/2026-09-26/114907566515_ohlcv_2431ea273547.json
2026-09-26T07:35:00+00:00,Ax9GpoBxTKb19NMj4eJhNsy163xuUGmFKrLpELeQK7LX,solana,PumpSwap,,,,,2026-09-25T14:11:13Z,0.002397544829238836,,,,,,,,,,,,,,,,,,,ohlcv_backfill,minute,0.002402302245382611,0.0024931184993463758,0.002350810677312678,0.002397544829238836,10091.251512203173,/home/runner/work/Solana-Memecoin-Analysis/Solana-Memecoin-Analysis/data/cache/2026-09-26/114907566515_ohlcv_2431ea273547.json
2026-09-26T07:30:00+00:00,Ax9GpoBxTKb19NMj4eJhNsy163xuUGmFKrLpELeQK7LX,solana,PumpSwap,,,,,2026-09-25T14:11:13Z,0.002402302245382611,,,,,,,,,,,,,,,,,,,ohlcv_backfill,minute,0.002554008235113334,0.002658843623404764,0.0023765543843978876,0.002402302245382611,13108.660270525264,/home/runner/work/Solana-Memecoin-Analysis/Solana-Memecoin-Analysis/data/cache/2026-09-26/114907566515_ohlcv_2431ea273547.json
2026-09-26T07:25:00+00:00,Ax9GpoBxTKb19NMj4eJhNsy163xuUGmFKrLpELeQK7LX,solana,PumpSwap,,,,,2026-09-25T14:11:13Z,0.002554008235113334,,,,,,,,,,,,,,,,,,,ohlcv_backfill,minute,0.0024669680412505333,0.0027001227321782244,0.0024669680412505333,0.002554008235113334,14002.308243528856,/home/runner/work/Solana-Memecoin-Analysis/Solana-Memecoin-Analysis/data/cache/2026-09-26/114907566515_ohlcv_2431ea273547.json
2026-09-26T07:20:00+00:00,Ax9GpoBxTKb19NMj4eJhNsy163xuUGmFKrLpELeQK7LX,solana,PumpSwap,,,,,2026-09-25T14:11:13Z,0.0024669680412505333,,,,,,,,,,,,,,,,,,,ohlcv_backfill,minute,0.002557445751712817,0.0028535223793509563,0.0024085940066632017,0.0024669680412505333,45595.5744777766,/home/runner/work/Solana-Memecoin-Analysis/Solana-Memecoin-Analysis/data/cache/2026-09-26/114907566515_ohlcv_2431ea273547.json
2026-09-26T07:15:00+00:00,Ax9GpoBxTKb19NMj4eJhNsy163xuUGmFKrLpELeQK7LX,solana,PumpSwap,,,,,2026-09-25T14:11:13Z,0.002557445751712817,,,,,,,,,,,,,,,,,,,ohlcv_backfill,minute,0.002251919960407436,0.0025675294746956992,0.002178263548881769,0.002557445751712817,13745.55461866436,/home/runner/work/Solana-Memecoin-Analysis/Solana-Memecoin-Analysis/data/cache/2026-09-26/114907566515_ohlcv_2431ea273547.json
2026-09-26T07:10:00+00:00,Ax9GpoBxTKb19NMj4eJhNsy163xuUGmFKrLpELeQK7LX,solana,PumpSwap,,,,,2026-09-25T14:11:13Z,0.002251919960407436,,,,,,,,,,,,,,,,,,,ohlcv_backfill,minute,0.0023971279890960813,0.0024180590263299276,0.0022144319018203773,0.002251919960407436,10370.069338769357,/home/runner/work/Solana-Memecoin-Analysis/Solana-Memecoin-Analysis/data/cache/2026-09-26/114907566515_ohlcv_2431ea273547.json
2026-09-26T07:05:00+00:00,Ax9GpoBxTKb19NMj4eJhNsy163xuUGmFKrLpELeQK7LX,solana,PumpSwap,,,,,2026-09-25T14:11:13Z,0.0023971279890960813,,,,,,,,,,,,,,,,,,,ohlcv_backfill,minute,0.0024312466152074013,0.002570987134578218,0.0023832922614131246,0.0023971279890960813,19415.119528265204,/home/runner/work/Solana-Memecoin-Analysis/Solana-Memecoin-Analysis/data/cache/2026-09-26/114907566515_ohlcv_2431ea273547.json
2026-09-26T07:00:00+00:00,Ax9GpoBxTKb19NMj4eJhNsy163xuUGmFKrLpELeQK7LX,solana,PumpSwap,,,,,2026-09-25T14:11:13Z,0.0024312466152074013,,,,,,,,,,,,,,,,,,,ohlcv_backfill,minute,0.0019903018314628607,0.002450165314218359,0.0019900133438253372,0.0024312466152074013,24689.07350691088,/home/runner/work/Solana-Memecoin-Analysis/Solana-Memecoin-Analysis/data/cache/2026-09-26/114907566515_ohlcv_2431ea273547.json
2026-09-26T06:55:00+00:00,Ax9GpoBxTKb19NMj4eJhNsy163xuUGmFKrLpELeQK7LX,solana,PumpSwap,,,,,2026-09-25T14:11:13Z,0.0019903018314628607,,,,,,,,,,,,,,,,,,,ohlcv_backfill,minute,0.0024111879418376157,0.002419457325779613,0.0019903018314628607,0.0019903018314628607,30848.73011948363,/home/runner/work/Solana-Memecoin-Analysis/Solana-Memecoin-Analysis/data/cache/2026-09-26/114907566515_ohlcv_2431ea273547.json
2026-09-26T06:50:00+00:00,Ax9GpoBxTKb19NMj4eJhNsy163xuUGmFKrLpELeQK7LX,solana,PumpSwap,,,,,2026-09-25T14:11:13Z,0.0024111879418376157,,,,,,,,,,,,,,,,,,,ohlcv_backfill,minute,0.00184678939255522,0.0024924999378207312,0.0017286123763457619,0.0024111879418376157,40313.82347360025,/home/runner/work/Solana-Memecoin-Analysis/Solana-Memecoin-Analysis/data/cache/2026-09-26/114907566515_ohlcv_2431ea273547.json
2026-09-26T06:45:00+00:00,Ax9GpoBxTKb19NMj4eJhNsy163xuUGmFKrLpELeQK7LX,solana,PumpSwap,,,,,2026-09-25T14:11:13Z,0.00184678939255522,,,,,,,,,,,,,,,,,,,ohlcv_backfill,minute,0.0018781532973707116,0.0019075691170464732,0.001784634004939935,0.00184678939255522,8853.071698548958,/home/runner/work/Solana-Memecoin-Analysis/Solana-Memecoin-Analysis/data/cache/2026-09-26/114907566515_ohlcv_2431ea273547.json
2026-09-26T06:40:00+00:00,Ax9GpoBxTKb19NMj4eJhNsy163xuUGmFKrLpELeQK7LX,solana,PumpSwap,,,,,2026-09-25T14:11:13Z,0.0018781532973707116,,,,,,,,,,,,,,,,,,,ohlcv_backfill,minute,0.0021418549682944116,0.0021834529083623907,0.0015544811439159552,0.0018781532973707116,50805.121300722494,/home/runner/work/Solana-Memecoin-Analysis/Solana-Memecoin-Analysis/data/cache/2026-09-26/114907566515_ohlcv_2431ea273547.json
2026-09-26T06:35:00+00:00,Ax9GpoBxTKb19NMj4eJhNsy163xuUGmFKrLpELeQK7LX,solana,PumpSwap,,,,,2026-09-25T14:11:13Z,0.0021418549682944116,,,,,,,,,,,,,,,,,,,ohlcv_backfill,minute,0.0021439688772649872,0.0023822177846965645,0.0021076532260043026,0.0021418549682944116,18490.766945991567,/home/runner/work/Solana-Memecoin-Analysis/Solana-Memecoin-Analysis/data/cache/2026-09-26/114907566515_ohlcv_2431ea273547.json
2026-09-26T06:30:00+00:00,Ax9GpoBxTKb19NMj4eJhNsy163xuUGmFKrLpELeQK7LX,solana,PumpSwap,,,,,2026-09-25T14:11:13Z,0.0021439688772649872,,,,,,,,,,,,,,,,,,,ohlcv_backfill,minute,0.0017063992165373316,0.0022110155692633337,0.0017063992165373316,0.0021439688772649872,38163.074180405776,/home/runner/work/Solana-Memecoin-Analysis/Solana-Memecoin-Analysis/data/cache/2026-09-26/114907566515_ohlcv_2431ea273547.json
2026-09-26T06:25:00+00:00,Ax9GpoBxTKb19NMj4eJhNsy163xuUGmFKrLpELeQK7LX,solana,PumpSwap,,,,,2026-09-25T14:11:13Z,0.0017063992165373316,,,,,,,,,,,,,,,,,,,ohlcv_backfill,minute,0.0015970116245311676,0.001706874658159748,0.0015377129094946325,0.0017063992165373316,14870.832051212525,/home/runner/work/Solana-Memecoin-Analysis/Solana-Memecoin-Analysis/data/cache/2026-09-26/114907566515_ohlcv_2431ea273547.json
2026-09-26T06:20:00+00:00,Ax9GpoBxTKb19NMj4eJhNsy163xuUGmFKrLpELeQK7LX,solana,PumpSwap,,,,,2026-09-25T14:11:13Z,0.0015970116245311676,,,,,,,,,,,,,,,,,,,ohlcv_backfill,minute,0.0016068491657460083,0.0017202391051080999,0.0015860953910212996,0.0015970116245311676,7633.3146950476175,/home/runner/work/Solana-Memecoin-Analysis/Solana-Memecoin-Analysis/data/cache/2026-09-26/114907566515_ohlcv_2431ea273547.json
2026-09-26T06:15:00+00:00,Ax9GpoBxTKb19NMj4eJhNsy163xuUGmFKrLpELeQK7LX,solana,PumpSwap,,,,,2026-09-25T14:11:13Z,0.0016068491657460083,,,,,,,,,,,,,,,,,,,ohlcv_backfill,minute,0.0015565710465415665,0.001607174989580388,0.0015208669476108518,0.0016068491657460083,5925.091920610883,/home/runner/work/Solana-Memecoin-Analysis/Solana-Memecoin-Analysis/data/cache/2026-09-26/114907566515_ohlcv_2431ea273547.json
2026-09-26T06:10:00+00:00,Ax9GpoBxTKb19NMj4eJhNsy163xuUGmFKrLpELeQK7LX,solana,PumpSwap,,,,,2026-09-25T14:11:13Z,0.0015565710465415665,,,,,,,,,,,,,,,,,,,ohlcv_backfill,minute,0.0015201576335869054,0.0015845150930735355,0.0014448802424544748,0.0015565710465415665,10417.399502280909,/home/runner/work/Solana-Memecoin-Analysis/Solana-Memecoin-Analysis/data/cache/2026-09-26/114907566515_ohlcv_2431ea273547.json
2026-09-26T06:05:00+00:00,Ax9GpoBxTKb19NMj4eJhNsy163xuUGmFKrLpELeQK7LX,solana,PumpSwap,,,,,2026-09-25T14:11:13Z,0.0015201576335869054,,,,,,,,,,,,,,,,,,,ohlcv_backfill,minute,0.0017329033216454302,0.0017991009937888011,0.0014932697146824172,0.0015201576335869054,17809.2499681586,/home/runner/work/Solana-Memecoin-Analysis/Solana-Memecoin-Analysis/data/cache/2026-09-26/114907566515_ohlcv_2431ea273547.json
2026-09-26T06:00:00+00:00,Ax9GpoBxTKb19NMj4eJhNsy163xuUGmFKrLpELeQK7LX,solana,PumpSwap,,,,,2026-09-25T14:11:13Z,0.0017329033216454302,,,,,,,,,,,,,,,,,,,ohlcv_backfill,minute,0.001689897225155372,0.0018583938288511993,0.0016235159054264184,0.0017329033216454302,17175.951904051388,/home/runner/work/Solana-Memecoin-Analysis/Solana-Memecoin-Analysis/data/cache/2026-09-26/114907566515_ohlcv_2431ea273547.json
2026-09-26T05:55:00+00:00,Ax9GpoBxTKb19NMj4eJhNsy163xuUGmFKrLpELeQK7LX,solana,PumpSwap,,,,,2026-09-25T14:11:13Z,0.001689897225155372,,,,,,,,,,,,,,,,,,,ohlcv_backfill,minute,0.0017414392773054202,0.0017726654385863672,0.0016622454265617138,0.001689897225155372,7324.549734905536,/home/runner/work/Solana-Memecoin-Analysis/Solana-Memecoin-Analysis/data/cache/2026-09-26/114907566515_ohlcv_2431ea273547.json
2026-09-26T05:50:00+00:00,Ax9GpoBxTKb19NMj4eJhNsy163xuUGmFKrLpELeQK7LX,solana,PumpSwap,,,,,2026-09-25T14:11:13Z,0.0017414392773054202,,,,,,,,,,,,,,,,,,,ohlcv_backfill,minute,0.0018766768266989175,0.0018766768266989175,0.0017111905041454604,0.0017414392773054202,10488.069913745921,/home/runner/work/Solana-Memecoin-Analysis/Solana-Memecoin-Analysis/data/cache/2026-09-26/114907566515_ohlcv_2431ea273547.json
2026-09-26T05:45:00+00:00,Ax9GpoBxTKb19NMj4eJhNsy163xuUGmFKrLpELeQK7LX,solana,PumpSwap,,,,,2026-09-25T14:11:13Z,0.0018766768266989175,,,,,,,,,,,,,,,,,,,ohlcv_backfill,minute,0.001615697806537219,0.0021359910515600183,0.0016147433253524014,0.0018766768266989175,45211.54938648283,/home/runner/work/Solana-Memecoin-Analysis/Solana-Memecoin-Analysis/data/cache/2026-09-26/114907566515_ohlcv_2431ea273547.json
2026-09-26T05:40:00+00:00,Ax9GpoBxTKb19NMj4eJhNsy163xuUGmFKrLpELeQK7LX,solana,PumpSwap,,,,,2026-09-25T14:11:13Z,0.001615697806537219,,,,,,,,,,,,,,,,,,,ohlcv_backfill,minute,0.001579459246519217,0.0016350520780490123,0.0015060767134573287,0.001615697806537219,6383.021940257224,/home/runner/work/Solana-Memecoin-Analysis/Solana-Memecoin-Analysis/data/cache/2026-09-26/114907566515_ohlcv_2431ea273547.json
2026-09-26T05:35:00+00:00,Ax9GpoBxTKb19NMj4eJhNsy163xuUGmFKrLpELeQK7LX,solana,PumpSwap,,,,,2026-09-25T14:11:13Z,0.001579459246519217,,,,,,,,,,,,,,,,,,,ohlcv_backfill,minute,0.0015099257160797405,0.0016625603685852055,0.001449720862120847,0.001579459246519217,10689.583670188511,/home/runner/work/Solana-Memecoin-Analysis/Solana-Memecoin-Analysis/data/cache/2026-09-26/114907566515_ohlcv_2431ea273547.json
2026-09-26T05:30:00+00:00,Ax9GpoBxTKb19NMj4eJhNsy163xuUGmFKrLpELeQK7LX,solana,PumpSwap,,,,,2026-09-25T14:11:13Z,0.0015099257160797405,,,,,,,,,,,,,,,,,,,ohlcv_backfill,minute,0.0017344462638489056,0.001744989079820211,0.001493733414838888,0.0015099257160797405,14705.536756770454,/home/runner/work/Solana-Memecoin-Analysis/Solana-Memecoin-Analysis/data/cache/2026-09-26/114907566515_ohlcv_2431ea273547.json
2026-09-26T05:25:00+00:00,Ax9GpoBxTKb19NMj4eJhNsy163xuUGmFKrLpELeQK7LX,solana,PumpSwap,,,,,2026-09-25T14:11:13Z,0.0017344462638489056,,,,,,,,,,,,,,,,,,,ohlcv_backfill,minute,0.00165649012240765,0.0017362582235446234,0.0016198457825761646,0.0017344462638489056,11887.707631083678,/home/runner/work/Solana-Memecoin-Analysis/Solana-Memecoin-Analysis/data/cache/2026-09-26/114907566515_ohlcv_2431ea273547.json
2026-09-26T05:20:00+00:00,Ax9GpoBxTKb19NMj4eJhNsy163xuUGmFKrLpELeQK7LX,solana,PumpSwap,,,,,2026-09-25T14:11:13Z,0.00165649012240765,,,,,,,,,,,,,,,,,,,ohlcv_backfill,minute,0.0015069088202285352,0.0016706888890775007,0.0014015684507533985,0.00165649012240765,15578.491272947047,/home/runner/work/Solana-Memecoin-Analysis/Solana-Memecoin-Analysis/data/cache/2026-09-26/114907566515_ohlcv_2431ea273547.json
2026-09-26T05:15:00+00:00,Ax9GpoBxTKb19NMj4eJhNsy163xuUGmFKrLpELeQK7LX,solana,PumpSwap,,,,,2026-09-25T14:11:13Z,0.0015069088202285352,,,,,,,,,,,,,,,,,,,ohlcv_backfill,minute,0.0013590876178482252,0.0015212914477484034,0.0013212167610633342,0.0015069088202285352,16410.84176112871,/home/runner/work/Solana-Memecoin-Analysis/Solana-Memecoin-Analysis/data/cache/2026-09-26/114907566515_ohlcv_2431ea273547.json
2026-09-26T05:10:00+00:00,Ax9GpoBxTKb19NMj4eJhNsy163xuUGmFKrLpELeQK7LX,solana,PumpSwap,,,,,2026-09-25T14:11:13Z,0.0013590876178482252,,,,,,,,,,,,,,,,,,,ohlcv_backfill,minute,0.0014977069784923595,0.0015239604759283234,0.0012703034817365942,0.0013590876178482252,28248.174843531444,/home/runner/work/Solana-Memecoin-Analysis/Solana-Memecoin-Analysis/data/cache/2026-09-26/114907566515_ohlcv_2431ea273547.json
2026-09-26T05:05:00+00:00,Ax9GpoBxTKb19NMj4eJhNsy163xuUGmFKrLpELeQK7LX,solana,PumpSwap,,,,,2026-09-25T14:11:13Z,0.0014977069784923595,,,,,,,,,,,,,,,,,,,ohlcv_backfill,minute,0.0015540264683404396,0.0016029657617502389,0.0013657155655498305,0.0014977069784923595,28147.012610089543,/home/runner/work/Solana-Memecoin-Analysis/Solana-Memecoin-Analysis/data/cache/2026-09-26/114907566515_ohlcv_2431ea273547.json
2026-09-26T05:00:00+00:00,Ax9GpoBxTKb19NMj4eJhNsy163xuUGmFKrLpELeQK7LX,solana,PumpSwap,,,,,2026-09-25T14:11:13Z,0.0015540264683404396,,,,,,,,,,,,,,,,,,,ohlcv_backfill,minute,0.001872298506697011,0.0018750276236480469,0.0014986112716432218,0.0015540264683404396,15174.052938609437,/home/runner/work/Solana-Memecoin-Analysis/Solana-Memecoin-Analysis/data/cache/2026-09-26/114907566515_ohlcv_2431ea273547.json
2026-09-26T04:55:00+00:00,Ax9GpoBxTKb19NMj4eJhNsy163xuUGmFKrLpELeQK7LX,solana,PumpSwap,,,,,2026-09-25T14:11:13Z,0.001872298506697011,,,,,,,,,,,,,,,,,,,ohlcv_backfill,minute,0.00186054811540531,0.00201520942341112,0.0017169092345907682,0.001872298506697011,25390.4427954151,/home/runner/work/Solana-Memecoin-Analysis/Solana-Memecoin-Analysis/data/cache/2026-09-26/114907566515_ohlcv_2431ea273547.json
2026-09-26T04:50:00+00:00,Ax9GpoBxTKb19NMj4eJhNsy163xuUGmFKrLpELeQK7LX,solana,PumpSwap,,,,,2026-09-25T14:11:13Z,0.00186054811540531,,,,,,,,,,,,,,,,,,,ohlcv_backfill,minute,0.0016797689714762125,0.0019359792661440536,0.0016600500709043743,0.00186054811540531,25961.095382458003,/home/runner/work/Solana-Memecoin-Analysis/Solana-Memecoin-Analysis/data/cache/2026-09-26/114907566515_ohlcv_2431ea273547.json
2026-09-26T04:45:00+00:00,Ax9GpoBxTKb19NMj4eJhNsy163xuUGmFKrLpELeQK7LX,solana,PumpSwap,,,,,2026-09-25T14:11:13Z,0.0016797689714762125,,,,,,,,,,,,,,,,,,,ohlcv_backfill,minute,0.0016755417658143616,0.00173554151060696,0.001592242250088359,0.0016797689714762125,16354.382925459198,/home/runner/work/Solana-Memecoin-Analysis/Solana-Memecoin-Analysis/data/cache/2026-09-26/114907566515_ohlcv_2431ea273547.json
2026-09-26T04:40:00+00:00,Ax9GpoBxTKb19NMj4eJhNsy163xuUGmFKrLpELeQK7LX,solana,PumpSwap,,,,,2026-09-25T14:11:13Z,0.0016755417658143616,,,,,,,,,,,,,,,,,,,ohlcv_backfill,minute,0.0016623315095180404,0.0017611322455867073,0.0016051126181019732,0.0016755417658143616,16086.155924362669,/home/runner/work/Solana-Memecoin-Analysis/Solana-Memecoin-Analysis/data/cache/2026-09-26/114907566515_ohlcv_2431ea273547.json
2026-09-26T04:35:00+00:00,Ax9GpoBxTKb19NMj4eJhNsy163xuUGmFKrLpELeQK7LX,solana,PumpSwap,,,,,2026-09-25T14:11:13Z,0.0016623315095180404,,,,,,,,,,,,,,,,,,,ohlcv_backfill,minute,0.0017786822497124067,0.0017972145700510943,0.0016431873493210046,0.0016623315095180404,12488.666407713143,/home/runner/work/Solana-Memecoin-Analysis/Solana-Memecoin-Analysis/data/cache/2026-09-26/114907566515_ohlcv_2431ea273547.json
2026-09-26T04:30:00+00:00,Ax9GpoBxTKb19NMj4eJhNsy163xuUGmFKrLpELeQK7LX,solana,PumpSwap,,,,,2026-09-25T14:11:13Z,0.0017786822497124067,,,,,,,,,,,,,,,,,,,ohlcv_backfill,minute,0.00176371656438594,0.0018640675248440272,0.0017219372739757845,0.0017786822497124067,24748.87892852954,/home/runner/work/Solana-Memecoin-Analysis/Solana-Memecoin-Analysis/data/cache/2026-09-26/114907566515_ohlcv_2431ea273547.json
2026-09-26T04:25:00+00:00,Ax9GpoBxTKb19NMj4eJhNsy163xuUGmFKrLpELeQK7LX,solana,PumpSwap,,,,,2026-09-25T14:11:13Z,0.00176371656438594,,,,,,,,,,,,,,,,,,,ohlcv_backfill,minute,0.0019905148016211324,0.0019905148016211324,0.0016721072265634981,0.00176371656438594,34475.07671324565,/home/runner/work/Solana-Memecoin-Analysis/Solana-Memecoin-Analysis/data/cache/2026-09-26/114907566515_ohlcv_2431ea273547.json
2026-09-26T04:20:00+00:00,Ax9GpoBxTKb19NMj4eJhNsy163xuUGmFKrLpELeQK7LX,solana,PumpSwap,,,,,2026-09-25T14:11:13Z,0.0019905148016211324,,,,,,,,,,,,,,,,,,,ohlcv_backfill,minute,0.002204661252967196,0.0022815184915445357,0.00183415660847244,0.0019905148016211324,48558.0303832858,/home/runner/work/Solana-Memecoin-Analysis/Solana-Memecoin-Analysis/data/cache/2026-09-26/114907566515_ohlcv_2431ea273547.json
2026-09-26T04:15:00+00:00,Ax9GpoBxTKb19NMj4eJhNsy163xuUGmFKrLpELeQK7LX,solana,PumpSwap,,,,,2026-09-25T14:11:13Z,0.002204661252967196,,,,,,,,,,,,,,,,,,,ohlcv_backfill,minute,0.0021743039644454634,0.002553073621400008,0.001986882654600926,0.002204661252967196,96447.93030519264,/home/runner/work/Solana-Memecoin-Analysis/Solana-Memecoin-Analysis/data/cache/2026-09-26/114907566515_ohlcv_2431ea273547.json
2026-09-26T04:10:00+00:00,Ax9GpoBxTKb19NMj4eJhNsy163xuUGmFKrLpELeQK7LX,solana,PumpSwap,,,,,2026-09-25T14:11:13Z,0.0021743039644454634,,,,,,,,,,,,,,,,,,,ohlcv_backfill,minute,0.0020917658938577406,0.0022459248247225813,0.0018890624604428567,0.0021743039644454634,72752.28435768666,/home/runner/work/Solana-Memecoin-Analysis/Solana-Memecoin-Analysis/data/cache/2026-09-26/114907566515_ohlcv_2431ea273547.json
2026-09-26T04:05:00+00:00,Ax9GpoBxTKb19NMj4eJhNsy163xuUGmFKrLpELeQK7LX,solana,PumpSwap,,,,,2026-09-25T14:11:13Z,0.0020917658938577406,,,,,,,,,,,,,,,,,,,ohlcv_backfill,minute,0.0020441559210215995,0.002426177697932597,0.001753117291427701,0.0020917658938577406,105409.11660090256,/home/runner/work/Solana-Memecoin-Analysis/Solana-Memecoin-Analysis/data/cache/2026-09-26/114907566515_ohlcv_2431ea273547.json
2026-09-26T04:00:00+00:00,Ax9GpoBxTKb19NMj4eJhNsy163xuUGmFKrLpELeQK7LX,solana,PumpSwap,,,,,2026-09-25T14:11:13Z,0.0020441559210215995,,,,,,,,,,,,,,,,,,,ohlcv_backfill,minute,0.0019920487698755467,0.002076643407356644,0.0017643880734188933,0.0020441559210215995,31564.649640142663,/home/runner/work/Solana-Memecoin-Analysis/Solana-Memecoin-Analysis/data/cache/2026-09-26/114907566515_ohlcv_2431ea273547.json
2026-09-26T03:55:00+00:00,Ax9GpoBxTKb19NMj4eJhNsy163xuUGmFKrLpELeQK7LX,solana,PumpSwap,,,,,2026-09-25T14:11:13Z,0.0019920487698755467,,,,,,,,,,,,,,,,,,,ohlcv_backfill,minute,0.0015503329219862952,0.0020915114495063817,0.0015327604356730016,0.0019920487698755467,33828.140962792466,/home/runner/work/Solana-Memecoin-Analysis/Solana-Memecoin-Analysis/data/cache/2026-09-26/114907566515_ohlcv_2431ea273547.json
2026-09-26T03:50:00+00:00,Ax9GpoBxTKb19NMj4eJhNsy163xuUGmFKrLpELeQK7LX,solana,PumpSwap,,,,,2026-09-25T14:11:13Z,0.0015503329219862952,,,,,,,,,,,,,,,,,,,ohlcv_backfill,minute,0.001483367512208687,0.0015912990226080576,0.00145755325634726,0.0015503329219862952,8136.95705979367,/home/runner/work/Solana-Memecoin-Analysis/Solana-Memecoin-Analysis/data/cache/2026-09-26/114907566515_ohlcv_2431ea273547.json
2026-09-26T03:45:00+00:00,Ax9GpoBxTKb19NMj4eJhNsy163xuUGmFKrLpELeQK7LX,solana,PumpSwap,,,,,2026-09-25T14:11:13Z,0.001483367512208687,,,,,,,,,,,,,,,,,,,ohlcv_backfill,minute,0.0015672631968821735,0.001666026034560354,0.001465713413417229,0.001483367512208687,12097.320546163572,/home/runner/work/Solana-Memecoin-Analysis/Solana-Memecoin-Analysis/data/cache/2026-09-26/114907566515_ohlcv_2431ea273547.json
2026-09-26T03:40:00+00:00,Ax9GpoBxTKb19NMj4eJhNsy163xuUGmFKrLpELeQK7LX,solana,PumpSwap,,,,,2026-09-25T14:11:13Z,0.0015672631968821735,,,,,,,,,,,,,,,,,,,ohlcv_backfill,minute,0.0017529316482592621,0.0017588825673460883,0.001547979375168839,0.0015672631968821735,7439.163904702327,/home/runner/work/Solana-Memecoin-Analysis/Solana-Memecoin-Analysis/data/cache/2026-09-26/114907566515_ohlcv_2431ea273547.json
2026-09-26T03:35:00+00:00,Ax9GpoBxTKb19NMj4eJhNsy163xuUGmFKrLpELeQK7LX,solana,PumpSwap,,,,,2026-09-25T14:11:13Z,0.0017529316482592621,,,,,,,,,,,,,,,,,,,ohlcv_backfill,minute,0.0018840169411390789,0.002026723926556081,0.0015974596841408803,0.0017529316482592621,32757.724394363166,/home/runner/work/Solana-Memecoin-Analysis/Solana-Memecoin-Analysis/data/cache/2026-09-26/114907566515_ohlcv_2431ea273547.json
2026-09-26T03:30:00+00:00,Ax9GpoBxTKb19NMj4eJhNsy163xuUGmFKrLpELeQK7LX,solana,PumpSwap,,,,,2026-09-25T14:11:13Z,0.0018840169411390789,,,,,,,,,,,,,,,,,,,ohlcv_backfill,minute,0.0017441198623735555,0.001976945007841715,0.0017441198623735555,0.0018840169411390789,25050.13673557859,/home/runner/work/Solana-Memecoin-Analysis/Solana-Memecoin-Analysis/data/cache/2026-09-26/114907566515_ohlcv_2431ea273547.json
2026-09-26T03:25:00+00:00,Ax9GpoBxTKb19NMj4eJhNsy163xuUGmFKrLpELeQK7LX,solana,PumpSwap,,,,,2026-09-25T14:11:13Z,0.0017441198623735555,,,,,,,,,,,,,,,,,,,ohlcv_backfill,minute,0.0018827251993560866,0.0018827251993560866,0.0016272673485885445,0.0017441198623735555,15998.739931020462,/home/runner/work/Solana-Memecoin-Analysis/Solana-Memecoin-Analysis/data/cache/2026-09-26/114907566515_ohlcv_2431ea273547.json
2026-09-26T03:20:00+00:00,Ax9GpoBxTKb19NMj4eJhNsy163xuUGmFKrLpELeQK7LX,solana,PumpSwap,,,,,2026-09-25T14:11:13Z,0.0018827251993560866,,,,,,,,,,,,,,,,,,,ohlcv_backfill,minute,0.001466031294267809,0.0020238802323524286,0.0014589846373389498,0.0018827251993560866,49712.637338505774,/home/runner/work/Solana-Memecoin-Analysis/Solana-Memecoin-Analysis/data/cache/2026-09-26/114907566515_ohlcv_2431ea273547.json
2026-09-26T03:15:00+00:00,Ax9GpoBxTKb19NMj4eJhNsy163xuUGmFKrLpELeQK7LX,solana,PumpSwap,,,,,2026-09-25T14:11:13Z,0.001466031294267809,,,,,,,,,,,,,,,,,,,ohlcv_backfill,minute,0.001637322808418001,0.0016716429522834369,0.0014394026678530123,0.001466031294267809,29218.16499380577,/home/runner/work/Solana-Memecoin-Analysis/Solana-Memecoin-Analysis/data/cache/2026-09-26/114907566515_ohlcv_2431ea273547.json
2026-09-26T03:10:00+00:00,Ax9GpoBxTKb19NMj4eJhNsy163xuUGmFKrLpELeQK7LX,solana,PumpSwap,,,,,2026-09-25T14:11:13Z,0.001637322808418001,,,,,,,,,,,,,,,,,,,ohlcv_backfill,minute,0.0017383257718101793,0.0018480116073986824,0.0016173533936892771,0.001637322808418001,19342.071436014492,/home/runner/work/Solana-Memecoin-Analysis/Solana-Memecoin-Analysis/data/cache/2026-09-26/114907566515_ohlcv_2431ea273547.json
2026-09-26T03:05:00+00:00,Ax9GpoBxTKb19NMj4eJhNsy163xuUGmFKrLpELeQK7LX,solana,PumpSwap,,,,,2026-09-25T14:11:13Z,0.0017383257718101793,,,,,,,,,,,,,,,,,,,ohlcv_backfill,minute,0.0018054007879479222,0.0019466659041101559,0.0017009371495065701,0.0017383257718101793,23752.943895961314,/home/runner/work/Solana-Memecoin-Analysis/Solana-Memecoin-Analysis/data/cache/2026-09-26/114907566515_ohlcv_2431ea273547.json
2026-09-26T03:00:00+00:00,Ax9GpoBxTKb19NMj4eJhNsy163xuUGmFKrLpELeQK7LX,solana,PumpSwap,,,,,2026-09-25T14:11:13Z,0.0018054007879479222,,,,,,,,,,,,,,,,,,,ohlcv_backfill,minute,0.001559538670132794,0.0018546609617783275,0.0015201405645461708,0.0018054007879479222,22041.14283525102,/home/runner/work/Solana-Memecoin-Analysis/Solana-Memecoin-Analysis/data/cache/2026-09-26/114907566515_ohlcv_2431ea273547.json
2026-09-26T02:55:00+00:00,Ax9GpoBxTKb19NMj4eJhNsy163xuUGmFKrLpELeQK7LX,solana,PumpSwap,,,,,2026-09-25T14:11:13Z,0.001559538670132794,,,,,,,,,,,,,,,,,,,ohlcv_backfill,minute,0.0014741311399195489,0.0016091364156603188,0.0014480924140842667,0.001559538670132794,16608.49857747776,/home/runner/work/Solana-Memecoin-Analysis/Solana-Memecoin-Analysis/data/cache/2026-09-26/114907566515_ohlcv_2431ea273547.json
2026-09-26T02:50:00+00:00,Ax9GpoBxTKb19NMj4eJhNsy163xuUGmFKrLpELeQK7LX,solana,PumpSwap,,,,,2026-09-25T14:11:13Z,0.0014741311399195489,,,,,,,,,,,,,,,,,,,ohlcv_backfill,minute,0.0013186213470104168,0.001539005775677838,0.0013034750223666302,0.0014741311399195489,20996.44600869076,/home/runner/work/Solana-Memecoin-Analysis/Solana-Memecoin-Analysis/data/cache/2026-09-26/114907566515_ohlcv_2431ea273547.json
2026-09-26T02:45:00+00:00,Ax9GpoBxTKb19NMj4eJhNsy163xuUGmFKrLpELeQK7LX,solana,PumpSwap,,,,,2026-09-25T14:11:13Z,0.0013186213470104168,,,,,,,,,,,,,,,,,,,ohlcv_backfill,minute,0.0011792282685099396,0.001350982325161111,0.001135808489313947,0.0013186213470104168,19849.350029160705,/home/runner/work/Solana-Memecoin-Analysis/Solana-Memecoin-Analysis/data/cache/2026-09-26/114907566515_ohlcv_2431ea273547.json
2026-09-26T02:40:00+00:00,Ax9GpoBxTKb19NMj4eJhNsy163xuUGmFKrLpELeQK7LX,solana,PumpSwap,,,,,2026-09-25T14:11:13Z,0.0011792282685099396,,,,,,,,,,,,,,,,,,,ohlcv_backfill,minute,0.0012312759185916916,0.0012710482629567541,0.001052389218983834,0.0011792282685099396,27018.812369197083,/home/runner/work/Solana-Memecoin-Analysis/Solana-Memecoin-Analysis/data/cache/2026-09-26/114907566515_ohlcv_2431ea273547.json
2026-09-26T02:35:00+00:00,Ax9GpoBxTKb19NMj4eJhNsy163xuUGmFKrLpELeQK7LX,solana,PumpSwap,,,,,2026-09-25T14:11:13Z,0.0012312759185916916,,,,,,,,,,,,,,,,,,,ohlcv_backfill,minute,0.0012536614834771514,0.0013245504259622458,0.0012120663089423005,0.0012312759185916916,11977.767965142548,/home/runner/work/Solana-Memecoin-Analysis/Solana-Memecoin-Analysis/data/cache/2026-09-26/114907566515_ohlcv_2431ea273547.json
2026-09-26T02:30:00+00:00,Ax9GpoBxTKb19NMj4eJhNsy163xuUGmFKrLpELeQK7LX,solana,PumpSwap,,,,,2026-09-25T14:11:13Z,0.0012536614834771514,,,,,,,,,,,,,,,,,,,ohlcv_backfill,minute,0.0012645392837595385,0.0012936421717965377,0.0011597906773133796,0.0012536614834771514,16579.13217891565,/home/runner/work/Solana-Memecoin-Analysis/Solana-Memecoin-Analysis/data/cache/2026-09-26/114907566515_ohlcv_2431ea273547.json
2026-09-26T02:25:00+00:00,Ax9GpoBxTKb19NMj4eJhNsy163xuUGmFKrLpELeQK7LX,solana,PumpSwap,,,,,2026-09-25T14:11:13Z,0.0012645392837595385,,,,,,,,,,,,,,,,,,,ohlcv_backfill,minute,0.0014628289856475454,0.0014798722671247027,0.0012314213974168836,0.0012645392837595385,26836.729671609566,/home/runner/work/Solana-Memecoin-Analysis/Solana-Memecoin-Analysis/data/cache/2026-09-26/114907566515_ohlcv_2431ea273547.json
2026-09-26T02:20:00+00:00,Ax9GpoBxTKb19NMj4eJhNsy163xuUGmFKrLpELeQK7LX,solana,PumpSwap,,,,,2026-09-25T14:11:13Z,0.0014628289856475454,,,,,,,,,,,,,,,,,,,ohlcv_backfill,minute,0.0012387380002635382,0.00146496564899102,0.001215104580395869,0.0014628289856475454,16118.610546198342,/home/runner/work/Solana-Memecoin-Analysis/Solana-Memecoin-Analysis/data/cache/2026-09-26/114907566515_ohlcv_2431ea273547.json
2026-09-26T02:15:00+00:00,Ax9GpoBxTKb19NMj4eJhNsy163xuUGmFKrLpELeQK7LX,solana,PumpSwap,,,,,2026-09-25T14:11:13Z,0.0012387380002635382,,,,,,,,,,,,,,,,,,,ohlcv_backfill,minute,0.0012860047832424077,0.0013414657360574613,0.001225268068190085,0.0012387380002635382,18451.23058227448,/home/runner/work/Solana-Memecoin-Analysis/Solana-Memecoin-Analysis/data/cache/2026-09-26/114907566515_ohlcv_2431ea273547.json
2026-09-26T02:10:00+00:00,Ax9GpoBxTKb19NMj4eJhNsy163xuUGmFKrLpELeQK7LX,solana,PumpSwap,,,,,2026-09-25T14:11:13Z,0.0012860047832424077,,,,,,,,,,,,,,,,,,,ohlcv_backfill,minute,0.001474780211920493,0.0015141202998698964,0.001218007899352869,0.0012860047832424077,17662.967702710877,/home/runner/work/Solana-Memecoin-Analysis/Solana-Memecoin-Analysis/data/cache/2026-09-26/114907566515_ohlcv_2431ea273547.json
2026-09-26T02:05:00+00:00,Ax9GpoBxTKb19NMj4eJhNsy163xuUGmFKrLpELeQK7LX,solana,PumpSwap,,,,,2026-09-25T14:11:13Z,0.001474780211920493,,,,,,,,,,,,,,,,,,,ohlcv_backfill,minute,0.0014906754583315957,0.001666974236369457,0.0014464833423640648,0.001474780211920493,17205.666010512978,/home/runner/work/Solana-Memecoin-Analysis/Solana-Memecoin-Analysis/data/cache/2026-09-26/114907566515_ohlcv_2431ea273547.json
2026-09-26T02:00:00+00:00,Ax9GpoBxTKb19NMj4eJhNsy163xuUGmFKrLpELeQK7LX,solana,PumpSwap,,,,,2026-09-25T14:11:13Z,0.0014906754583315957,,,,,,,,,,,,,,,,,,,ohlcv_backfill,minute,0.001506624379966471,0.0016879521292631385,0.0014821780894444315,0.0014906754583315957,16538.859253628245,/home/runner/work/Solana-Memecoin-Analysis/Solana-Memecoin-Analysis/data/cache/2026-09-26/114907566515_ohlcv_2431ea273547.json
2026-09-26T01:55:00+00:00,Ax9GpoBxTKb19NMj4eJhNsy163xuUGmFKrLpELeQK7LX,solana,PumpSwap,,,,,2026-09-25T14:11:13Z,0.001506624379966471,,,,,,,,,,,,,,,,,,,ohlcv_backfill,minute,0.001584312155159682,0.0015989144956235297,0.0013472980490932564,0.001506624379966471,20827.123212170143,/home/runner/work/Solana-Memecoin-Analysis/Solana-Memecoin-Analysis/data/cache/2026-09-26/114907566515_ohlcv_2431ea273547.json
2026-09-26T01:50:00+00:00,Ax9GpoBxTKb19NMj4eJhNsy163xuUGmFKrLpELeQK7LX,solana,PumpSwap,,,,,2026-09-25T14:11:13Z,0.001584312155159682,,,,,,,,,,,,,,,,,,,ohlcv_backfill,minute,0.0014586894356137608,0.001608415883394767,0.0013070163540352352,0.001584312155159682,40499.116419234124,/home/runner/work/Solana-Memecoin-Analysis/Solana-Memecoin-Analysis/data/cache/2026-09-26/114907566515_ohlcv_2431ea273547.json
2026-09-26T01:45:00+00:00,Ax9GpoBxTKb19NMj4eJhNsy163xuUGmFKrLpELeQK7LX,solana,PumpSwap,,,,,2026-09-25T14:11:13Z,0.0014586894356137608,,,,,,,,,,,,,,,,,,,ohlcv_backfill,minute,0.0015361421372486813,0.0019444303018019535,0.0014084535706377938,0.0014586894356137608,48943.43612317913,/home/runner/work/Solana-Memecoin-Analysis/Solana-Memecoin-Analysis/data/cache/2026-09-26/114907566515_ohlcv_2431ea273547.json
2026-09-26T01:40:00+00:00,Ax9GpoBxTKb19NMj4eJhNsy163xuUGmFKrLpELeQK7LX,solana,PumpSwap,,,,,2026-09-25T14:11:13Z,0.0015361421372486813,,,,,,,,,,,,,,,,,,,ohlcv_backfill,minute,0.001802276359436457,0.0018927050770376317,0.0015361421372486813,0.0015361421372486813,53071.360689416426,/home/runner/work/Solana-Memecoin-Analysis/Solana-Memecoin-Analysis/data/cache/2026-09-26/114907566515_ohlcv_2431ea273547.json
2026-09-26T01:35:00+00:00,Ax9GpoBxTKb19NMj4eJhNsy163xuUGmFKrLpELeQK7LX,solana,PumpSwap,,,,,2026-09-25T14:11:13Z,0.001802276359436457,,,,,,,,,,,,,,,,,,,ohlcv_backfill,minute,0.0014205250570187978,0.0018559295346466994,0.0013977490638851428,0.001802276359436457,82409.55869261455,/home/runner/work/Solana-Memecoin-Analysis/Solana-Memecoin-Analysis/data/cache/2026-09-26/114907566515_ohlcv_2431ea273547.json
2026-09-26T01:30:00+00:00,Ax9GpoBxTKb19NMj4eJhNsy163xuUGmFKrLpELeQK7LX,solana,PumpSwap,,,,,2026-09-25T14:11:13Z,0.0014205250570187978,,,,,,,,,,,,,,,,,,,ohlcv_backfill,minute,0.0013916833919888428,0.0015962855785858479,0.0013119286986754978,0.0014205250570187978,34041.063584730706,/home/runner/work/Solana-Memecoin-Analysis/Solana-Memecoin-Analysis/data/cache/2026-09-26/114907566515_ohlcv_2431ea273547.json
2026-09-26T01:25:00+00:00,Ax9GpoBxTKb19NMj4eJhNsy163xuUGmFKrLpELeQK7LX,solana,PumpSwap,,,,,2026-09-25T14:11:13Z,0.0013916833919888428,,,,,,,,,,,,,,,,,,,ohlcv_backfill,minute,0.0013232766974992226,0.0015400417875992048,0.0012540010201296668,0.0013916833919888428,36994.38634871086,/home/runner/work/Solana-Memecoin-Analysis/Solana-Memecoin-Analysis/data/cache/2026-09-26/114907566515_ohlcv_2431ea273547.json
2026-09-26T01:20:00+00:00,Ax9GpoBxTKb19NMj4eJhNsy163xuUGmFKrLpELeQK7LX,solana,PumpSwap,,,,,2026-09-25T14:11:13Z,0.0013232766974992226,,,,,,,,,,,,,,,,,,,ohlcv_backfill,minute,0.0014688136129329759,0.0015558075769566517,0.0012622610311153778,0.0013232766974992226,35045.99021464952,/home/runner/work/Solana-Memecoin-Analysis/Solana-Memecoin-Analysis/data/cache/2026-09-26/114907566515_ohlcv_2431ea273547.json
2026-09-26T01:15:00+00:00,Ax9GpoBxTKb19NMj4eJhNsy163xuUGmFKrLpELeQK7LX,solana,PumpSwap,,,,,2026-09-25T14:11:13Z,0.0014688136129329759,,,,,,,,,,,,,,,,,,,ohlcv_backfill,minute,0.0011812215497881207,0.0017543603753664779,0.0011762938043973663,0.0014688136129329759,102208.58578224207,/home/runner/work/Solana-Memecoin-Analysis/Solana-Memecoin-Analysis/data/cache/2026-09-26/114907566515_ohlcv_2431ea273547.json
2026-09-26T01:10:00+00:00,Ax9GpoBxTKb19NMj4eJhNsy163xuUGmFKrLpELeQK7LX,solana,PumpSwap,,,,,2026-09-25T14:11:13Z,0.0011812215497881207,,,,,,,,,,,,,,,,,,,ohlcv_backfill,minute,0.0010298456832387093,0.0011812215497881207,0.0010284059330728968,0.0011812215497881207,18500.265920959766,/home/runner/work/Solana-Memecoin-Analysis/Solana-Memecoin-Analysis/data/cache/2026-09-26/114907566515_ohlcv_2431ea273547.json
2026-09-26T01:05:00+00:00,Ax9GpoBxTKb19NMj4eJhNsy163xuUGmFKrLpELeQK7LX,solana,PumpSwap,,,,,2026-09-25T14:11:13Z,0.0010298456832387093,,,,,,,,,,,,,,,,,,,ohlcv_backfill,minute,0.0010423766470581978,0.0010423766470581978,0.000934546417683381,0.0010298456832387093,11919.142774895363,/home/runner/work/Solana-Memecoin-Analysis/Solana-Memecoin-Analysis/data/cache/2026-09-26/114907566515_ohlcv_2431ea273547.json
2026-09-26T01:00:00+00:00,Ax9GpoBxTKb19NMj4eJhNsy163xuUGmFKrLpELeQK7LX,solana,PumpSwap,,,,,2026-09-25T14:11:13Z,0.0010423766470581978,,,,,,,,,,,,,,,,,,,ohlcv_backfill,minute,0.0010323243602980603,0.0010824370108524725,0.0009450377941757311,0.0010423766470581978,25893.5434816212,/home/runner/work/Solana-Memecoin-Analysis/Solana-Memecoin-Analysis/data/cache/2026-09-26/114907566515_ohlcv_2431ea273547.json
2026-09-26T00:55:00+00:00,Ax9GpoBxTKb19NMj4eJhNsy163xuUGmFKrLpELeQK7LX,solana,PumpSwap,,,,,2026-09-25T14:11:13Z,0.0010323243602980603,,,,,,,,,,,,,,,,,,,ohlcv_backfill,minute,0.0012008171480525783,0.0012672639184283822,0.0009431163010652732,0.0010323243602980603,39093.55316831818,/home/runner/work/Solana-Memecoin-Analysis/Solana-Memecoin-Analysis/data/cache/2026-09-26/114907566515_ohlcv_2431ea273547.json
2026-09-26T00:50:00+00:00,Ax9GpoBxTKb19NMj4eJhNsy163xuUGmFKrLpELeQK7LX,solana,PumpSwap,,,,,2026-09-25T14:11:13Z,0.0012008171480525783,,,,,,,,,,,,,,,,,,,ohlcv_backfill,minute,0.0009934275143048583,0.0012918276427088347,0.0009707297225845621,0.0012008171480525783,39055.16214512557,/home/runner/work/Solana-Memecoin-Analysis/Solana-Memecoin-Analysis/data/cache/2026-09-26/114907566515_ohlcv_2431ea273547.json
2026-09-26T00:45:00+00:00,Ax9GpoBxTKb19NMj4eJhNsy163xuUGmFKrLpELeQK7LX,solana,PumpSwap,,,,,2026-09-25T14:11:13Z,0.0009934275143048583,,,,,,,,,,,,,,,,,,,ohlcv_backfill,minute,0.0009936302591844674,0.0011353811188316498,0.0009664157848444007,0.0009934275143048583,20908.898429904733,/home/runner/work/Solana-Memecoin-Analysis/Solana-Memecoin-Analysis/data/cache/2026-09-26/114907566515_ohlcv_2431ea273547.json
2026-09-26T00:40:00+00:00,Ax9GpoBxTKb19NMj4eJhNsy163xuUGmFKrLpELeQK7LX,solana,PumpSwap,,,,,2026-09-25T14:11:13Z,0.0009936302591844674,,,,,,,,,,,,,,,,,,,ohlcv_backfill,minute,0.0007475117911869225,0.0010862092363221505,0.0007236822183495317,0.0009936302591844674,48653.04400716272,/home/runner/work/Solana-Memecoin-Analysis/Solana-Memecoin-Analysis/data/cache/2026-09-26/114907566515_ohlcv_2431ea273547.json
2026-09-26T00:35:00+00:00,Ax9GpoBxTKb19NMj4eJhNsy163xuUGmFKrLpELeQK7LX,solana,PumpSwap,,,,,2026-09-25T14:11:13Z,0.0007475117911869225,,,,,,,,,,,,,,,,,,,ohlcv_backfill,minute,0.0008068152274186638,0.0008131973376749578,0.0007358826837367096,0.0007475117911869225,3022.710588715475,/home/runner/work/Solana-Memecoin-Analysis/Solana-Memecoin-Analysis/data/cache/2026-09-26/114907566515_ohlcv_2431ea273547.json
2026-09-26T00:30:00+00:00,Ax9GpoBxTKb19NMj4eJhNsy163xuUGmFKrLpELeQK7LX,solana,PumpSwap,,,,,2026-09-25T14:11:13Z,0.0008068152274186638,,,,,,,,,,,,,,,,,,,ohlcv_backfill,minute,0.0007764443396313663,0.0008577946726062124,0.0007602648297317128,0.0008068152274186638,6754.33041446893,/home/runner/work/Solana-Memecoin-Analysis/Solana-Memecoin-Analysis/data/cache/2026-09-26/114907566515_ohlcv_2431ea273547.json
2026-09-26T00:25:00+00:00,Ax9GpoBxTKb19NMj4eJhNsy163xuUGmFKrLpELeQK7LX,solana,PumpSwap,,,,,2026-09-25T14:11:13Z,0.0007764443396313663,,,,,,,,,,,,,,,,,,,ohlcv_backfill,minute,0.0007637994404059411,0.0007764443396313663,0.0007213857213863999,0.0007764443396313663,3626.0601149019726,/home/runner/work/Solana-Memecoin-Analysis/Solana-Memecoin-Analysis/data/cache/2026-09-26/114907566515_ohlcv_2431ea273547.json
2026-09-26T00:20:00+00:00,Ax9GpoBxTKb19NMj4eJhNsy163xuUGmFKrLpELeQK7LX,solana,PumpSwap,,,,,2026-09-25T14:11:13Z,0.0007637994404059411,,,,,,,,,,,,,,,,,,,ohlcv_backfill,minute,0.0007127138824885345,0.000774544437779725,0.000682791601849795,0.0007637994404059411,8424.09385469225,/home/runner/work/Solana-Memecoin-Analysis/Solana-Memecoin-Analysis/data/cache/2026-09-26/114907566515_ohlcv_2431ea273547.json
2026-09-26T00:15:00+00:00,Ax9GpoBxTKb19NMj4eJhNsy163xuUGmFKrLpELeQK7LX,solana,PumpSwap,,,,,2026-09-25T14:11:13Z,0.0007127138824885345,,,,,,,,,,,,,,,,,,,ohlcv_backfill,minute,0.0006922068320061226,0.0007221200358627092,0.0006455704452904498,0.0007127138824885345,5457.86743578302,/home/runner/work/Solana-Memecoin-Analysis/Solana-Memecoin-Analysis/data/cache/2026-09-26/114907566515_ohlcv_2431ea273547.json
2026-09-26T00:10:00+00:00,Ax9GpoBxTKb19NMj4eJhNsy163xuUGmFKrLpELeQK7LX,solana,PumpSwap,,,,,2026-09-25T14:11:13Z,0.0006922068320061226,,,,,,,,,,,,,,,,,,,ohlcv_backfill,minute,0.0006454753236809032,0.0006939411303560917,0.0006320292999494741,0.0006922068320061226,11181.082368606061,/home/runner/work/Solana-Memecoin-Analysis/Solana-Memecoin-Analysis/data/cache/2026-09-26/114907566515_ohlcv_2431ea273547.json
2026-09-26T00:05:00+00:00,Ax9GpoBxTKb19NMj4eJhNsy163xuUGmFKrLpELeQK7LX,solana,PumpSwap,,,,,2026-09-25T14:11:13Z,0.0006454753236809032,,,,,,,,,,,,,,,,,,,ohlcv_backfill,minute,0.0007417507753162134,0.0007534700682048591,0.0006062281540892719,0.0006454753236809032,17298.533450718143,/home/runner/work/Solana-Memecoin-Analysis/Solana-Memecoin-Analysis/data/cache/2026-09-26/114907566515_ohlcv_2431ea273547.json
2026-09-26T00:00:00+00:00,Ax9GpoBxTKb19NMj4eJhNsy163xuUGmFKrLpELeQK7LX,solana,PumpSwap,,,,,2026-09-25T14:11:13Z,0.0007417507753162134,,,,,,,,,,,,,,,,,,,ohlcv_backfill,minute,0.00073238912377897,0.0007897955401577023,0.0007036194527757925,0.0007417507753162134,11201.044467309433,/home/runner/work/Solana-Memecoin-Analysis/Solana-Memecoin-Analysis/data/cache/2026-09-26/114907566515_ohlcv_2431ea273547.json
2026-09-25T23:55:00+00:00,Ax9GpoBxTKb19NMj4eJhNsy163xuUGmFKrLpELeQK7LX,solana,PumpSwap,,,,,2026-09-25T14:11:13Z,0.00073238912377897,,,,,,,,,,,,,,,,,,,ohlcv_backfill,minute,0.0007914493366239183,0.0008050063238754066,0.0007057580755186163,0.00073238912377897,8084.1681745083,/home/runner/work/Solana-Memecoin-Analysis/Solana-Memecoin-Analysis/data/cache/2026-09-26/114907566515_ohlcv_2431ea273547.json
2026-09-25T23:50:00+00:00,Ax9GpoBxTKb19NMj4eJhNsy163xuUGmFKrLpELeQK7LX,solana,PumpSwap,,,,,2026-09-25T14:11:13Z,0.0007914493366239183,,,,,,,,,,,,,,,,,,,ohlcv_backfill,minute,0.0008921192369944636,0.0009281617925137705,0.0007017920825585499,0.0007914493366239183,33860.35796455239,/home/runner/work/Solana-Memecoin-Analysis/Solana-Memecoin-Analysis/data/cache/2026-09-26/114907566515_ohlcv_2431ea273547.json
2026-09-25T23:45:00+00:00,Ax9GpoBxTKb19NMj4eJhNsy163xuUGmFKrLpELeQK7LX,solana,PumpSwap,,,,,2026-09-25T14:11:13Z,0.0008921192369944636,,,,,,,,,,,,,,,,,,,ohlcv_backfill,minute,0.0008261334027592562,0.000977574314568314,0.0007879371733396117,0.0008921192369944636,39023.33695296476,/home/runner/work/Solana-Memecoin-Analysis/Solana-Memecoin-Analysis/data/cache/2026-09-26/114907566515_ohlcv_2431ea273547.json
2026-09-25T23:40:00+00:00,Ax9GpoBxTKb19NMj4eJhNsy163xuUGmFKrLpELeQK7LX,solana,PumpSwap,,,,,2026-09-25T14:11:13Z,0.0008261334027592562,,,,,,,,,,,,,,,,,,,ohlcv_backfill,minute,0.0007003918347169229,0.0009299511163439268,0.0007003918347169229,0.0008261334027592562,32206.432752584682,/home/runner/work/Solana-Memecoin-Analysis/Solana-Memecoin-Analysis/data/cache/2026-09-26/114907566515_ohlcv_2431ea273547.json
2026-09-25T23:35:00+00:00,Ax9GpoBxTKb19NMj4eJhNsy163xuUGmFKrLpELeQK7LX,solana,PumpSwap,,,,,2026-09-25T14:11:13Z,0.0007003918347169229,,,,,,,,,,,,,,,,,,,ohlcv_backfill,minute,0.0006405088012892841,0.0007021639666479109,0.0006324398383886843,0.0007003918347169229,5913.197814157883,/home/runner/work/Solana-Memecoin-Analysis/Solana-Memecoin-Analysis/data/cache/2026-09-26/114907566515_ohlcv_2431ea273547.json
2026-09-25T23:30:00+00:00,Ax9GpoBxTKb19NMj4eJhNsy163xuUGmFKrLpELeQK7LX,solana,PumpSwap,,,,,2026-09-25T14:11:13Z,0.0006405088012892841,,,,,,,,,,,,,,,,,,,ohlcv_backfill,minute,0.00063383257158031,0.0006445195733603907,0.0006198538070763543,0.0006405088012892841,1827.8921676087302,/home/runner/work/Solana-Memecoin-Analysis/Solana-Memecoin-Analysis/data/cache/2026-09-26/114907566515_ohlcv_2431ea273547.json
2026-09-25T23:25:00+00:00,Ax9GpoBxTKb19NMj4eJhNsy163xuUGmFKrLpELeQK7LX,solana,PumpSwap,,,,,2026-09-25T14:11:13Z,0.00063383257158031,,,,,,,,,,,,,,,,,,,ohlcv_backfill,minute,0.0006348038196014442,0.000658334517465298,0.0006280457179562322,0.00063383257158031,3525.7023002763126,/home/runner/work/Solana-Memecoin-Analysis/Solana-Memecoin-Analysis/data/cache/2026-09-26/114907566515_ohlcv_2431ea273547.json
2026-09-25T23:20:00+00:00,Ax9GpoBxTKb19NMj4eJhNsy163xuUGmFKrLpELeQK7LX,solana,PumpSwap,,,,,2026-09-25T14:11:13Z,0.0006348038196014442,,,,,,,,,,,,,,,,,,,ohlcv_backfill,minute,0.0006441947868295035,0.0006764569429720759,0.0006113418128311298,0.0006348038196014442,7124.862744806226,/home/runner/work/Solana-Memecoin-Analysis/Solana-Memecoin-Analysis/data/cache/2026-09-26/114907566515_ohlcv_2431ea273547.json
2026-09-25T23:15:00+00:00,Ax9GpoBxTKb19NMj4eJhNsy163xuUGmFKrLpELeQK7LX,solana,PumpSwap,,,,,2026-09-25T14:11:13Z,0.0006441947868295035,,,,,,,,,,,,,,,,,,,ohlcv_backfill,minute,0.000728983713895716,0.0007372201937357173,0.0006441947868295035,0.0006441947868295035,8485.558075940975,/home/runner/work/Solana-Memecoin-Analysis/Solana-Memecoin-Analysis/data/cache/2026-09-26/114907566515_ohlcv_2431ea273547.json
2026-09-25T23:10:00+00:00,Ax9GpoBxTKb19NMj4eJhNsy163xuUGmFKrLpELeQK7LX,solana,PumpSwap,,,,,2026-09-25T14:11:13Z,0.000728983713895716,,,,,,,,,,,,,,,,,,,ohlcv_backfill,minute,0.0006926891343196764,0.0007500557865275766,0.0006879525447866418,0.000728983713895716,4874.948286010225,/home/runner/work/Solana-Memecoin-Analysis/Solana-Memecoin-Analysis/data/cache/2026-09-26/114907566515_ohlcv_2431ea273547.json
2026-09-25T23:05:00+00:00,Ax9GpoBxTKb19NMj4eJhNsy163xuUGmFKrLpELeQK7LX,solana,PumpSwap,,,,,2026-09-25T14:11:13Z,0.0006926891343196764,,,,,,,,,,,,,,,,,,,ohlcv_backfill,minute,0.0006965443609609492,0.000703244994011982,0.0006478905045802096,0.0006926891343196764,5970.687560240949,/home/runner/work/Solana-Memecoin-Analysis/Solana-Memecoin-Analysis/data/cache/2026-09-26/114907566515_ohlcv_2431ea273547.json
2026-09-25T23:00:00+00:00,Ax9GpoBxTKb19NMj4eJhNsy163xuUGmFKrLpELeQK7LX,solana,PumpSwap,,,,,2026-09-25T14:11:13Z,0.0006965443609609492,,,,,,,,,,,,,,,,,,,ohlcv_backfill,minute,0.0007336551656632356,0.0007365088618690381,0.0006775628714142007,0.0006965443609609492,7779.5889462847135,/home/runner/work/Solana-Memecoin-Analysis/Solana-Memecoin-Analysis/data/cache/2026-09-26/114907566515_ohlcv_2431ea273547.json
2026-09-25T22:55:00+00:00,Ax9GpoBxTKb19NMj4eJhNsy163xuUGmFKrLpELeQK7LX,solana,PumpSwap,,,,,2026-09-25T14:11:13Z,0.0007336551656632356,,,,,,,,,,,,,,,,,,,ohlcv_backfill,minute,0.0008874077732058893,0.0008968830407776327,0.0007207939637629999,0.0007336551656632356,15537.042789831688,/home/runner/work/Solana-Memecoin-Analysis/Solana-Memecoin-Analysis/data/cache/2026-09-26/114907566515_ohlcv_2431ea273547.json
2026-09-25T22:50:00+00:00,Ax9GpoBxTKb19NMj4eJhNsy163xuUGmFKrLpELeQK7LX,solana,PumpSwap,,,,,2026-09-25T14:11:13Z,0.0008874077732058893,,,,,,,,,,,,,,,,,,,ohlcv_backfill,minute,0.0007872948187052275,0.0008899694756926749,0.0007395133708636759,0.0008874077732058893,11241.752118582204,/home/runner/work/Solana-Memecoin-Analysis/Solana-Memecoin-Analysis/data/cache/2026-09-26/114907566515_ohlcv_2431ea273547.json
2026-09-25T22:45:00+00:00,Ax9GpoBxTKb19NMj4eJhNsy163xuUGmFKrLpELeQK7LX,solana,PumpSwap,,,,,2026-09-25T14:11:13Z,0.0007872948187052275,,,,,,,,,,,,,,,,,,,ohlcv_backfill,minute,0.0007380526146743941,0.0007950933643600166,0.0007093325194928954,0.0007872948187052275,6904.975271959471,/home/runner/work/Solana-Memecoin-Analysis/Solana-Memecoin-Analysis/data/cache/2026-09-26/114907566515_ohlcv_2431ea273547.json
2026-09-25T22:40:00+00:00,Ax9GpoBxTKb19NMj4eJhNsy163xuUGmFKrLpELeQK7LX,solana,PumpSwap,,,,,2026-09-25T14:11:13Z,0.0007380526146743941,,,,,,,,,,,,,,,,,,,ohlcv_backfill,minute,0.0007001552632761367,0.0008024102923219137,0.0006862485118631397,0.0007380526146743941,13318.39833257113,/home/runner/work/Solana-Memecoin-Analysis/Solana-Memecoin-Analysis/data/cache/2026-09-26/114907566515_ohlcv_2431ea273547.json
2026-09-25T22:35:00+00:00,Ax9GpoBxTKb19NMj4eJhNsy163xuUGmFKrLpELeQK7LX,solana,PumpSwap,,,,,2026-09-25T14:11:13Z,0.0007001552632761367,,,,,,,,,,,,,,,,,,,ohlcv_backfill,minute,0.0005645557000177824,0.0007192402203168303,0.0005585080484815656,0.0007001552632761367,22925.093705598832,/home/runner/work/Solana-Memecoin-Analysis/Solana-Memecoin-Analysis/data/cache/2026-09-26/114907566515_ohlcv_2431ea273547.json
2026-09-25T22:30:00+00:00,Ax9GpoBxTKb19NMj4eJhNsy163xuUGmFKrLpELeQK7LX,solana,PumpSwap,,,,,2026-09-25T14:11:13Z,0.0005645557000177824,,,,,,,,,,,,,,,,,,,ohlcv_backfill,minute,0.0005790967054294068,0.0005888749177996646,0.0005082306576167984,0.0005645557000177824,10780.499590778765,/home/runner/work/Solana-Memecoin-Analysis/Solana-Memecoin-Analysis/data/cache/2026-09-26/114907566515_ohlcv_2431ea273547.json
2026-09-25T22:25:00+00:00,Ax9GpoBxTKb19NMj4eJhNsy163xuUGmFKrLpELeQK7LX,solana,PumpSwap,,,,,2026-09-25T14:11:13Z,0.0005790967054294068,,,,,,,,,,,,,,,,,,,ohlcv_backfill,minute,0.0006566652294532068,0.0006654150650707155,0.0005284123531849241,0.0005790967054294068,11884.751774452541,/home/runner/work/Solana-Memecoin-Analysis/Solana-Memecoin-Analysis/data/cache/2026-09-26/114907566515_ohlcv_2431ea273547.json
2026-09-25T22:20:00+00:00,Ax9GpoBxTKb19NMj4eJhNsy163xuUGmFKrLpELeQK7LX,solana,PumpSwap,,,,,2026-09-25T14:11:13Z,0.0006566652294532068,,,,,,,,,,,,,,,,,,,ohlcv_backfill,minute,0.0006519905429116851,0.0006978166301052786,0.0006374267441338882,0.0006566652294532068,6144.840496245175,/home/runner/work/Solana-Memecoin-Analysis/Solana-Memecoin-Analysis/data/cache/2026-09-26/114907566515_ohlcv_2431ea273547.json
2026-09-25T22:15:00+00:00,Ax9GpoBxTKb19NMj4eJhNsy163xuUGmFKrLpELeQK7LX,solana,PumpSwap,,,,,2026-09-25T14:11:13Z,0.0006519905429116851,,,,,,,,,,,,,,,,,,,ohlcv_backfill,minute,0.0006389977231286653,0.000700726342620795,0.000637427866870247,0.0006519905429116851,5279.153272757533,/home/runner/work/Solana-Memecoin-Analysis/Solana-Memecoin-Analysis/data/cache/2026-09-26/114907566515_ohlcv_2431ea273547.json
2026-09-25T22:10:00+00:00,Ax9GpoBxTKb19NMj4eJhNsy163xuUGmFKrLpELeQK7LX,solana,PumpSwap,,,,,2026-09-25T14:11:13Z,0.0006389977231286653,,,,,,,,,,,,,,,,,,,ohlcv_backfill,minute,0.0006209278426320852,0.0006453417203553994,0.0005788544024911567,0.0006389977231286653,8211.43597400228,/home/runner/work/Solana-Memecoin-Analysis/Solana-Memecoin-Analysis/data/cache/2026-09-26/114907566515_ohlcv_2431ea273547.json
2026-09-25T22:05:00+00:00,Ax9GpoBxTKb19NMj4eJhNsy163xuUGmFKrLpELeQK7LX,solana,PumpSwap,,,,,2026-09-25T14:11:13Z,0.0006209278426320852,,,,,,,,,,,,,,,,,,,ohlcv_backfill,minute,0.0006178481652702374,0.0006634217303150389,0.0006178481652702374,0.0006209278426320852,3251.9140861889705,/home/runner/work/Solana-Memecoin-Analysis/Solana-Memecoin-Analysis/data/cache/2026-09-26/114907566515_ohlcv_2431ea273547.json
2026-09-25T22:00:00+00:00,Ax9GpoBxTKb19NMj4eJhNsy163xuUGmFKrLpELeQK7LX,solana,PumpSwap,,,,,2026-09-25T14:11:13Z,0.0006178481652702374,,,,,,,,,,,,,,,,,,,ohlcv_backfill,minute,0.0006257790771113337,0.000651857243997749,0.000597085584188213,0.0006178481652702374,6436.795771593656,/home/runner/work/Solana-Memecoin-Analysis/Solana-Memecoin-Analysis/data/cache/2026-09-26/114907566515_ohlcv_2431ea273547.json
2026-09-25T21:55:00+00:00,Ax9GpoBxTKb19NMj4eJhNsy163xuUGmFKrLpELeQK7LX,solana,PumpSwap,,,,,2026-09-25T14:11:13Z,0.0006257790771113337,,,,,,,,,,,,,,,,,,,ohlcv_backfill,minute,0.0006713653396824782,0.0007002069674577479,0.0006194717794125231,0.0006257790771113337,7411.1806484345,/home/runner/work/Solana-Memecoin-Analysis/Solana-Memecoin-Analysis/data/cache/2026-09-26/114907566515_ohlcv_2431ea273547.json
2026-09-25T21:50:00+00:00,Ax9GpoBxTKb19NMj4eJhNsy163xuUGmFKrLpELeQK7LX,solana,PumpSwap,,,,,2026-09-25T14:11:13Z,0.0006713653396824782,,,,,,,,,,,,,,,,,,,ohlcv_backfill,minute,0.0006499912448811707,0.0006809550174972106,0.000614482231113015,0.0006713653396824782,6022.700151722728,/home/runner/work/Solana-Memecoin-Analysis/Solana-Memecoin-Analysis/data/cache/2026-09-26/114907566515_ohlcv_2431ea273547.json
2026-09-25T21:45:00+00:00,Ax9GpoBxTKb19NMj4eJhNsy163xuUGmFKrLpELeQK7LX,solana,PumpSwap,,,,,2026-09-25T14:11:13Z,0.0006499912448811707,,,,,,,,,,,,,,,,,,,ohlcv_backfill,minute,0.0007071551393913103,0.0007193054874680137,0.0006412770721936652,0.0006499912448811707,8593.499915292852,/home/runner/work/Solana-Memecoin-Analysis/Solana-Memecoin-Analysis/data/cache/2026-09-26/114907566515_ohlcv_2431ea273547.json
2026-09-25T21:40:00+00:00,Ax9GpoBxTKb19NMj4eJhNsy163xuUGmFKrLpELeQK7LX,solana,PumpSwap,,,,,2026-09-25T14:11:13Z,0.0007071551393913103,,,,,,,,,,,,,,,,,,,ohlcv_backfill,minute,0.0005498502720713015,0.0007848136950265887,0.0005459150883239667,0.0007071551393913103,32552.122779785994,/home/runner/work/Solana-Memecoin-Analysis/Solana-Memecoin-Analysis/data/cache/2026-09-26/114907566515_ohlcv_2431ea273547.json
2026-09-25T21:35:00+00:00,Ax9GpoBxTKb19NMj4eJhNsy163xuUGmFKrLpELeQK7LX,solana,PumpSwap,,,,,2026-09-25T14:11:13Z,0.0005498502720713015,,,,,,,,,,,,,,,,,,,ohlcv_backfill,minute,0.0005296525725818626,0.0005788523118272683,0.00047399204210396437,0.0005498502720713015,30252.641782752526,/home/runner/work/Solana-Memecoin-Analysis/Solana-Memecoin-Analysis/data/cache/2026-09-26/114907566515_ohlcv_2431ea273547.json
2026-09-25T21:30:00+00:00,Ax9GpoBxTKb19NMj4eJhNsy163xuUGmFKrLpELeQK7LX,solana,PumpSwap,,,,,2026-09-25T14:11:13Z,0.0005296525725818626,,,,,,,,,,,,,,,,,,,ohlcv_backfill,minute,0.0005528569324882109,0.0006188278878537978,0.0005100046745227225,0.0005296525725818626,26366.97058453014,/home/runner/work/Solana-Memecoin-Analysis/Solana-Memecoin-Analysis/data/cache/2026-09-26/114907566515_ohlcv_2431ea273547.json
2026-09-25T21:25:00+00:00,Ax9GpoBxTKb19NMj4eJhNsy163xuUGmFKrLpELeQK7LX,solana,PumpSwap,,,,,2026-09-25T14:11:13Z,0.0005528569324882109,,,,,,,,,,,,,,,,,,,ohlcv_backfill,minute,0.0007498416497638049,0.0007589659088386254,0.0005202261676562941,0.0005528569324882109,45889.341137011885,/home/runner/work/Solana-Memecoin-Analysis/Solana-Memecoin-Analysis/data/cache/2026-09-26/114907566515_ohlcv_2431ea273547.json
2026-09-25T21:20:00+00:00,Ax9GpoBxTKb19NMj4eJhNsy163xuUGmFKrLpELeQK7LX,solana,PumpSwap,,,,,2026-09-25T14:11:13Z,0.0007498416497638049,,,,,,,,,,,,,,,,,,,ohlcv_backfill,minute,0.0007624768777714994,0.0007901744944072673,0.0007184861945092317,0.0007498416497638049,9477.408330700382,/home/runner/work/Solana-Memecoin-Analysis/Solana-Memecoin-Analysis/data/cache/2026-09-26/114907566515_ohlcv_2431ea273547.json
2026-09-25T21:15:00+00:00,Ax9GpoBxTKb19NMj4eJhNsy163xuUGmFKrLpELeQK7LX,solana,PumpSwap,,,,,2026-09-25T14:11:13Z,0.0007624768777714994,,,,,,,,,,,,,,,,,,,ohlcv_backfill,minute,0.0008609653586796144,0.0008722314364674582,0.0007034336894037383,0.0007624768777714994,23592.32005664453,/home/runner/work/Solana-Memecoin-Analysis/Solana-Memecoin-Analysis/data/cache/2026-09-26/114907566515_ohlcv_2431ea273547.json
2026-09-25T21:10:00+00:00,Ax9GpoBxTKb19NMj4eJhNsy163xuUGmFKrLpELeQK7LX,solana,PumpSwap,,,,,2026-09-25T14:11:13Z,0.0008609653586796144,,,,,,,,,,,,,,,,,,,ohlcv_backfill,minute,0.000835546338674455,0.0009751236617380511,0.0008218250858097964,0.0008609653586796144,21822.44809237962,/home/runner/work/Solana-Memecoin-Analysis/Solana-Memecoin-Analysis/data/cache/2026-09-26/114907566515_ohlcv_2431ea273547.json
2026-09-25T21:05:00+00:00,Ax9GpoBxTKb19NMj4eJhNsy163xuUGmFKrLpELeQK7LX,solana,PumpSwap,,,,,2026-09-25T14:11:13Z,0.000835546338674455,,,,,,,,,,,,,,,,,,,ohlcv_backfill,minute,0.0008153662521027585,0.0009616020476418537,0.0007398236577554906,0.000835546338674455,42886.80470663972,/home/runner/work/Solana-Memecoin-Analysis/Solana-Memecoin-Analysis/data/cache/2026-09-26/114907566515_ohlcv_2431ea273547.json
2026-09-25T21:00:00+00:00,Ax9GpoBxTKb19NMj4eJhNsy163xuUGmFKrLpELeQK7LX,solana,PumpSwap,,,,,2026-09-25T14:11:13Z,0.0008153662521027585,,,,,,,,,,,,,,,,,,,ohlcv_backfill,minute,0.0006343647686767928,0.0008258510060506003,0.0006157679178298389,0.0008153662521027585,27063.57239633581,/home/runner/work/Solana-Memecoin-Analysis/Solana-Memecoin-Analysis/data/cache/2026-09-26/114907566515_ohlcv_2431ea273547.json
2026-09-25T20:55:00+00:00,Ax9GpoBxTKb19NMj4eJhNsy163xuUGmFKrLpELeQK7LX,solana,PumpSwap,,,,,2026-09-25T14:11:13Z,0.0006343647686767928,,,,,,,,,,,,,,,,,,,ohlcv_backfill,minute,0.0006869547338883238,0.0007076417689910046,0.0006191218075096728,0.0006343647686767928,7828.2972058846735,/home/runner/work/Solana-Memecoin-Analysis/Solana-Memecoin-Analysis/data/cache/2026-09-26/114907566515_ohlcv_2431ea273547.json
2026-09-25T20:50:00+00:00,Ax9GpoBxTKb19NMj4eJhNsy163xuUGmFKrLpELeQK7LX,solana,PumpSwap,,,,,2026-09-25T14:11:13Z,0.0006869547338883238,,,,,,,,,,,,,,,,,,,ohlcv_backfill,minute,0.0006271214254100205,0.0007043343219180613,0.0006258788911645978,0.0006869547338883238,12605.91657150947,/home/runner/work/Solana-Memecoin-Analysis/Solana-Memecoin-Analysis/data/cache/2026-09-26/114907566515_ohlcv_2431ea273547.json
2026-09-25T20:45:00+00:00,Ax9GpoBxTKb19NMj4eJhNsy163xuUGmFKrLpELeQK7LX,solana,PumpSwap,,,,,2026-09-25T14:11:13Z,0.0006271214254100205,,,,,,,,,,,,,,,,,,,ohlcv_backfill,minute,0.0005470828544895682,0.0006363638293567218,0.0005402198249971944,0.0006271214254100205,16049.342751399017,/home/runner/work/Solana-Memecoin-Analysis/Solana-Memecoin-Analysis/data/cache/2026-09-26/114907566515_ohlcv_2431ea273547.json
2026-09-25T20:40:00+00:00,Ax9GpoBxTKb19NMj4eJhNsy163xuUGmFKrLpELeQK7LX,solana,PumpSwap,,,,,2026-09-25T14:11:13Z,0.0005470828544895682,,,,,,,,,,,,,,,,,,,ohlcv_backfill,minute,0.0006743832441802634,0.0006743832441802634,0.00048192863212204515,0.0005470828544895682,24155.16992255348,/home/runner/work/Solana-Memecoin-Analysis/Solana-Memecoin-Analysis/data/cache/2026-09-26/114907566515_ohlcv_2431ea273547.json
2026-09-25T20:35:00+00:00,Ax9GpoBxTKb19NMj4eJhNsy163xuUGmFKrLpELeQK7LX,solana,PumpSwap,,,,,2026-09-25T14:11:13Z,0.0006743832441802634,,,,,,,,,,,,,,,,,,,ohlcv_backfill,minute,0.0005798003120220403,0.0007047123481541753,0.0005620258827958235,0.0006743832441802634,23670.064810605436,/home/runner/work/Solana-Memecoin-Analysis/Solana-Memecoin-Analysis/data/cache/2026-09-26/114907566515_ohlcv_2431ea273547.json
2026-09-25T20:30:00+00:00,Ax9GpoBxTKb19NMj4eJhNsy163xuUGmFKrLpELeQK7LX,solana,PumpSwap,,,,,2026-09-25T14:11:13Z,0.0005798003120220403,,,,,,,,,,,,,,,,,,,ohlcv_backfill,minute,0.0006439461743902241,0.0006491537405478559,0.0004540507626355232,0.0005798003120220403,51686.38068476053,/home/runner/work/Solana-Memecoin-Analysis/Solana-Memecoin-Analysis/data/cache/2026-09-26/114907566515_ohlcv_2431ea273547.json
2026-09-25T20:25:00+00:00,Ax9GpoBxTKb19NMj4eJhNsy163xuUGmFKrLpELeQK7LX,solana,PumpSwap,,,,,2026-09-25T14:11:13Z,0.0006439461743902241,,,,,,,,,,,,,,,,,,,ohlcv_backfill,minute,0.0005372762602184373,0.0007605531766515379,0.00048452712731463215,0.0006439461743902241,71369.9576744707,/home/runner/work/Solana-Memecoin-Analysis/Solana-Memecoin-Analysis/data/cache/2026-09-26/114907566515_ohlcv_2431ea273547.json
2026-09-25T20:20:00+00:00,Ax9GpoBxTKb19NMj4eJhNsy163xuUGmFKrLpELeQK7LX,solana,PumpSwap,,,,,2026-09-25T14:11:13Z,0.0005372762602184373,,,,,,,,,,,,,,,,,,,ohlcv_backfill,minute,0.0005286716678793256,0.0005906578572065264,0.0004756667145102865,0.0005372762602184373,28941.691807553336,/home/runner/work/Solana-Memecoin-Analysis/Solana-Memecoin-Analysis/data/cache/2026-09-26/114907566515_ohlcv_2431ea273547.json
2026-09-25T20:15:00+00:00,Ax9GpoBxTKb19NMj4eJhNsy163xuUGmFKrLpELeQK7LX,solana,PumpSwap,,,,,2026-09-25T14:11:13Z,0.0005286716678793256,,,,,,,,,,,,,,,,,,,ohlcv_backfill,minute,0.0007578304699211248,0.0007676238838576272,0.00046910258880353956,0.0005286716678793256,94559.91934096778,/home/runner/work/Solana-Memecoin-Analysis/Solana-Memecoin-Analysis/data/cache/2026-09-26/114907566515_ohlcv_2431ea273547.json
2026-09-25T20:10:00+00:00,Ax9GpoBxTKb19NMj4eJhNsy163xuUGmFKrLpELeQK7LX,solana,PumpSwap,,,,,2026-09-25T14:11:13Z,0.0007578304699211248,,,,,,,,,,,,,,,,,,,ohlcv_backfill,minute,0.0008210032996010118,0.0008338190923230472,0.0007458305851860027,0.0007578304699211248,6809.3129494333925,/home/runner/work/Solana-Memecoin-Analysis/Solana-Memecoin-Analysis/data/cache/2026-09-26/114907566515_ohlcv_2431ea273547.json
2026-09-25T20:05:00+00:00,Ax9GpoBxTKb19NMj4eJhNsy163xuUGmFKrLpELeQK7LX,solana,PumpSwap,,,,,2026-09-25T14:11:13Z,0.0008210032996010118,,,,,,,,,,,,,,,,,,,ohlcv_backfill,minute,0.0007578050519498022,0.0008595698197431175,0.000745767338481945,0.0008210032996010118,9193.442973448527,/home/runner/work/Solana-Memecoin-Analysis/Solana-Memecoin-Analysis/data/cache/2026-09-26/114907566515_ohlcv_2431ea273547.json
2026-09-25T20:00:00+00:00,Ax9GpoBxTKb19NMj4eJhNsy163xuUGmFKrLpELeQK7LX,solana,PumpSwap,,,,,2026-09-25T14:11:13Z,0.0007578050519498022,,,,,,,,,,,,,,,,,,,ohlcv_backfill,minute,0.0007817293354565309,0.0008321726260142833,0.000750139570387161,0.0007578050519498022,10637.250157296601,/home/runner/work/Solana-Memecoin-Analysis/Solana-Memecoin-Analysis/data/cache/2026-09-26/114907566515_ohlcv_2431ea273547.json
2026-09-25T19:55:00+00:00,Ax9GpoBxTKb19NMj4eJhNsy163xuUGmFKrLpELeQK7LX,solana,PumpSwap,,,,,2026-09-25T14:11:13Z,0.0007817293354565309,,,,,,,,,,,,,,,,,,,ohlcv_backfill,minute,0.0007750304825102127,0.0007990528701367614,0.0007165082168172915,0.0007817293354565309,20429.11773947702,/home/runner/work/Solana-Memecoin-Analysis/Solana-Memecoin-Analysis/data/cache/2026-09-26/114907566515_ohlcv_2431ea273547.json
2026-09-25T19:50:00+00:00,Ax9GpoBxTKb19NMj4eJhNsy163xuUGmFKrLpELeQK7LX,solana,PumpSwap,,,,,2026-09-25T14:11:13Z,0.0007750304825102127,,,,,,,,,,,,,,,,,,,ohlcv_backfill,minute,0.0008057852919926856,0.000835594757221552,0.0007042847425981322,0.0007750304825102127,36762.35777029015,/home/runner/work/Solana-Memecoin-Analysis/Solana-Memecoin-Analysis/data/cache/2026-09-26/114907566515_ohlcv_2431ea273547.json
2026-09-25T19:45:00+00:00,Ax9GpoBxTKb19NMj4eJhNsy163xuUGmFKrLpELeQK7LX,solana,PumpSwap,,,,,2026-09-25T14:11:13Z,0.0008057852919926856,,,,,,,,,,,,,,,,,,,ohlcv_backfill,minute,0.0009344961158354845,0.0009344961158354845,0.0007863565079290317,0.0008057852919926856,12553.115648372497,/home/runner/work/Solana-Memecoin-Analysis/Solana-Memecoin-Analysis/data/cache/2026-09-26/114907566515_ohlcv_2431ea273547.json
2026-09-25T19:40:00+00:00,Ax9GpoBxTKb19NMj4eJhNsy163xuUGmFKrLpELeQK7LX,solana,PumpSwap,,,,,2026-09-25T14:11:13Z,0.0009344961158354845,,,,,,,,,,,,,,,,,,,ohlcv_backfill,minute,0.0008944207417674553,0.0009946756059820547,0.0008413377007097738,0.0009344961158354845,16957.14734282893,/home/runner/work/Solana-Memecoin-Analysis/Solana-Memecoin-Analysis/data/cache/2026-09-26/114907566515_ohlcv_2431ea273547.json
2026-09-25T19:35:00+00:00,Ax9GpoBxTKb19NMj4eJhNsy163xuUGmFKrLpELeQK7LX,solana,PumpSwap,,,,,2026-09-25T14:11:13Z,0.0008944207417674553,,,,,,,,,,,,,,,,,,,ohlcv_backfill,minute,0.0009846531478738514,0.0011656122856725866,0.0008593118755416728,0.0008944207417674553,70793.20074883186,/home/runner/work/Solana-Memecoin-Analysis/Solana-Memecoin-Analysis/data/cache/2026-09-26/114907566515_ohlcv_2431ea273547.json
2026-09-25T19:30:00+00:00,Ax9GpoBxTKb19NMj4eJhNsy163xuUGmFKrLpELeQK7LX,solana,PumpSwap,,,,,2026-09-25T14:11:13Z,0.0009846531478738514,,,,,,,,,,,,,,,,,,,ohlcv_backfill,minute,0.0007825634911761356,0.000992626584419502,0.0007604724453214302,0.0009846531478738514,24709.391597242433,/home/runner/work/Solana-Memecoin-Analysis/Solana-Memecoin-Analysis/data/cache/2026-09-26/114907566515_ohlcv_2431ea273547.json
2026-09-25T19:25:00+00:00,Ax9GpoBxTKb19NMj4eJhNsy163xuUGmFKrLpELeQK7LX,solana,PumpSwap,,,,,2026-09-25T14:11:13Z,0.0007825634911761356,,,,,,,,,,,,,,,,,,,ohlcv_backfill,minute,0.0007944103795097076,0.0008449229368031872,0.0007628069419165327,0.0007825634911761356,9585.614952660884,/home/runner/work/Solana-Memecoin-Analysis/Solana-Memecoin-Analysis/data/cache/2026-09-26/114907566515_ohlcv_2431ea273547.json
2026-09-25T19:20:00+00:00,Ax9GpoBxTKb19NMj4eJhNsy163xuUGmFKrLpELeQK7LX,solana,PumpSwap,,,,,2026-09-25T14:11:13Z,0.0007944103795097076,,,,,,,,,,,,,,,,,,,ohlcv_backfill,minute,0.000824143674942831,0.0008837000224259023,0.00078316994817865,0.0007944103795097076,13475.7026232461,/home/runner/work/Solana-Memecoin-Analysis/Solana-Memecoin-Analysis/data/cache/2026-09-26/114907566515_ohlcv_2431ea273547.json
2026-09-25T19:15:00+00:00,Ax9GpoBxTKb19NMj4eJhNsy163xuUGmFKrLpELeQK7LX,solana,PumpSwap,,,,,2026-09-25T14:11:13Z,0.000824143674942831,,,,,,,,,,,,,,,,,,,ohlcv_backfill,minute,0.0007957520086927917,0.0008708459353018903,0.0007594721137813134,0.000824143674942831,22016.32746932202,/home/runner/work/Solana-Memecoin-Analysis/Solana-Memecoin-Analysis/data/cache/2026-09-26/114907566515_ohlcv_2431ea273547.json
2026-09-25T19:10:00+00:00,Ax9GpoBxTKb19NMj4eJhNsy163xuUGmFKrLpELeQK7LX,solana,PumpSwap,,,,,2026-09-25T14:11:13Z,0.0007957520086927917,,,,,,,,,,,,,,,,,,,ohlcv_backfill,minute,0.0009590430803877624,0.0009823150431751725,0.0007168866687561203,0.0007957520086927917,34532.404481252815,/home/runner/work/Solana-Memecoin-Analysis/Solana-Memecoin-Analysis/data/cache/2026-09-26/114907566515_ohlcv_2431ea273547.json
2026-09-25T19:05:00+00:00,Ax9GpoBxTKb19NMj4eJhNsy163xuUGmFKrLpELeQK7LX,solana,PumpSwap,,,,,2026-09-25T14:11:13Z,0.0009590430803877624,,,,,,,,,,,,,,,,,,,ohlcv_backfill,minute,0.0010627732878280346,0.0010631574957150206,0.000863939995170455,0.0009590430803877624,17225.087322817002,/home/runner/work/Solana-Memecoin-Analysis/Solana-Memecoin-Analysis/data/cache/2026-09-26/114907566515_ohlcv_2431ea273547.json
2026-09-25T19:00:00+00:00,Ax9GpoBxTKb19NMj4eJhNsy163xuUGmFKrLpELeQK7LX,solana,PumpSwap,,,,,2026-09-25T14:11:13Z,0.0010627732878280346,,,,,,,,,,,,,,,,,,,ohlcv_backfill,minute,0.001054526869992993,0.0011720726445171368,0.0010023600287912865,0.0010627732878280346,15227.80021158769,/home/runner/work/Solana-Memecoin-Analysis/Solana-Memecoin-Analysis/data/cache/2026-09-26/114907566515_ohlcv_2431ea273547.json
2026-09-25T18:55:00+00:00,Ax9GpoBxTKb19NMj4eJhNsy163xuUGmFKrLpELeQK7LX,solana,PumpSwap,,,,,2026-09-25T14:11:13Z,0.001054526869992993,,,,,,,,,,,,,,,,,,,ohlcv_backfill,minute,0.0010445186526468475,0.0011025560864492089,0.0009251079114715337,0.001054526869992993,26153.148133017512,/home/runner/work/Solana-Memecoin-Analysis/Solana-Memecoin-Analysis/data/cache/2026-09-26/114907566515_ohlcv_2431ea273547.json
2026-09-25T18:50:00+00:00,Ax9GpoBxTKb19NMj4eJhNsy163xuUGmFKrLpELeQK7LX,solana,PumpSwap,,,,,2026-09-25T14:11:13Z,0.0010445186526468475,,,,,,,,,,,,,,,,,,,ohlcv_backfill,minute,0.0008608374516135491,0.0010445186526468475,0.0008095028458041162,0.0010445186526468475,33714.15719653114,/home/runner/work/Solana-Memecoin-Analysis/Solana-Memecoin-Analysis/data/cache/2026-09-26/114907566515_ohlcv_2431ea273547.json
2026-09-25T18:45:00+00:00,Ax9GpoBxTKb19NMj4eJhNsy163xuUGmFKrLpELeQK7LX,solana,PumpSwap,,,,,2026-09-25T14:11:13Z,0.0008608374516135491,,,,,,,,,,,,,,,,,,,ohlcv_backfill,minute,0.0009742429840072647,0.000985662090113099,0.0007858417573203928,0.0008608374516135491,57128.01272472748,/home/runner/work/Solana-Memecoin-Analysis/Solana-Memecoin-Analysis/data/cache/2026-09-26/114907566515_ohlcv_2431ea273547.json
2026-09-25T18:40:00+00:00,Ax9GpoBxTKb19NMj4eJhNsy163xuUGmFKrLpELeQK7LX,solana,PumpSwap,,,,,2026-09-25T14:11:13Z,0.0009742429840072647,,,,,,,,,,,,,,,,,,,ohlcv_backfill,minute,0.0011089159111563572,0.0011340497126921527,0.0008823953371425826,0.0009742429840072647,58832.811675286204,/home/runner/work/Solana-Memecoin-Analysis/Solana-Memecoin-Analysis/data/cache/2026-09-26/114907566515_ohlcv_2431ea273547.json
2026-09-25T18:35:00+00:00,Ax9GpoBxTKb19NMj4eJhNsy163xuUGmFKrLpELeQK7LX,solana,PumpSwap,,,,,2026-09-25T14:11:13Z,0.0011089159111563572,,,,,,,,,,,,,,,,,,,ohlcv_backfill,minute,0.0012323721862688933,0.0012323721862688933,0.001015064199035173,0.0011089159111563572,28942.118868283356,/home/runner/work/Solana-Memecoin-Analysis/Solana-Memecoin-Analysis/data/cache/2026-09-26/114907566515_ohlcv_2431ea273547.json
2026-09-25T18:30:00+00:00,Ax9GpoBxTKb19NMj4eJhNsy163xuUGmFKrLpELeQK7LX,solana,PumpSwap,,,,,2026-09-25T14:11:13Z,0.0012323721862688933,,,,,,,,,,,,,,,,,,,ohlcv_backfill,minute,0.0011783017851748527,0.001263452952886035,0.0010648007698218337,0.0012323721862688933,48662.58708497912,/home/runner/work/Solana-Memecoin-Analysis/Solana-Memecoin-Analysis/data/cache/2026-09-26/114907566515_ohlcv_2431ea273547.json
2026-09-25T18:25:00+00:00,Ax9GpoBxTKb19NMj4eJhNsy163xuUGmFKrLpELeQK7LX,solana,PumpSwap,,,,,2026-09-25T14:11:13Z,0.0011783017851748527,,,,,,,,,,,,,,,,,,,ohlcv_backfill,minute,0.0013172618672001172,0.0014195825977511099,0.0010504671364787316,0.0011783017851748527,106896.81893678426,/home/runner/work/Solana-Memecoin-Analysis/Solana-Memecoin-Analysis/data/cache/2026-09-26/114907566515_ohlcv_2431ea273547.json
2026-09-25T18:20:00+00:00,Ax9GpoBxTKb19NMj4eJhNsy163xuUGmFKrLpELeQK7LX,solana,PumpSwap,,,,,2026-09-25T14:11:13Z,0.0013172618672001172,,,,,,,,,,,,,,,,,,,ohlcv_backfill,minute,0.0011115114940025508,0.0014203162086107999,0.0011115114940025508,0.0013172618672001172,82104.15831670223,/home/runner/work/Solana-Memecoin-Analysis/Solana-Memecoin-Analysis/data/cache/2026-09-26/114907566515_ohlcv_2431ea273547.json
2026-09-25T18:15:00+00:00,Ax9GpoBxTKb19NMj4eJhNsy163xuUGmFKrLpELeQK7LX,solana,PumpSwap,,,,,2026-09-25T14:11:13Z,0.0011115114940025508,,,,,,,,,,,,,,,,,,,ohlcv_backfill,minute,0.0010465174013881077,0.0014202919587076104,0.0009819498468438183,0.0011115114940025508,124838.62993694557,/home/runner/work/Solana-Memecoin-Analysis/Solana-Memecoin-Analysis/data/cache/2026-09-26/114907566515_ohlcv_2431ea273547.json
2026-09-25T18:10:00+00:00,Ax9GpoBxTKb19NMj4eJhNsy163xuUGmFKrLpELeQK7LX,solana,PumpSwap,,,,,2026-09-25T14:11:13Z,0.0010465174013881077,,,,,,,,,,,,,,,,,,,ohlcv_backfill,minute,0.0009485035296287026,0.0011694145068283756,0.0009213367880872348,0.0010465174013881077,65864.28272215798,/home/runner/work/Solana-Memecoin-Analysis/Solana-Memecoin-Analysis/data/cache/2026-09-26/114907566515_ohlcv_2431ea273547.json
2026-09-25T18:05:00+00:00,Ax9GpoBxTKb19NMj4eJhNsy163xuUGmFKrLpELeQK7LX,solana,PumpSwap,,,,,2026-09-25T14:11:13Z,0.0009485035296287026,,,,,,,,,,,,,,,,,,,ohlcv_backfill,minute,0.0008225144571453305,0.0010278112981296824,0.0007629298905934713,0.0009485035296287026,38005.11488411728,/home/runner/work/Solana-Memecoin-Analysis/Solana-Memecoin-Analysis/data/cache/2026-09-26/114907566515_ohlcv_2431ea273547.json
2026-09-25T18:00:00+00:00,Ax9GpoBxTKb19NMj4eJhNsy163xuUGmFKrLpELeQK7LX,solana,PumpSwap,,,,,2026-09-25T14:11:13Z,0.0008225144571453305,,,,,,,,,,,,,,,,,,,ohlcv_backfill,minute,0.0010170638185848715,0.0010466521052248613,0.0007920488643741978,0.0008225144571453305,50884.07050605668,/home/runner/work/Solana-Memecoin-Analysis/Solana-Memecoin-Analysis/data/cache/2026-09-26/114907566515_ohlcv_2431ea273547.json
2026-09-25T17:55:00+00:00,Ax9GpoBxTKb19NMj4eJhNsy163xuUGmFKrLpELeQK7LX,solana,PumpSwap,,,,,2026-09-25T14:11:13Z,0.0010170638185848715,,,,,,,,,,,,,,,,,,,ohlcv_backfill,minute,0.0007900777559620521,0.0010965494542303765,0.0007584045597008939,0.0010170638185848715,76353.29151515286,/home/runner/work/Solana-Memecoin-Analysis/Solana-Memecoin-Analysis/data/cache/2026-09-26/114907566515_ohlcv_2431ea273547.json
2026-09-25T17:50:00+00:00,Ax9GpoBxTKb19NMj4eJhNsy163xuUGmFKrLpELeQK7LX,solana,PumpSwap,,,,,2026-09-25T14:11:13Z,0.0007900777559620521,,,,,,,,,,,,,,,,,,,ohlcv_backfill,minute,0.0008259738628318696,0.0008430784259157914,0.0006064828609534482,0.0007900777559620521,63313.06839009399,/home/runner/work/Solana-Memecoin-Analysis/Solana-Memecoin-Analysis/data/cache/2026-09-26/114907566515_ohlcv_2431ea273547.json
2026-09-25T17:45:00+00:00,Ax9GpoBxTKb19NMj4eJhNsy163xuUGmFKrLpELeQK7LX,solana,PumpSwap,,,,,2026-09-25T14:11:13Z,0.0008259738628318696,,,,,,,,,,,,,,,,,,,ohlcv_backfill,minute,0.0007995240575058118,0.0009230850830228997,0.0007464241413148497,0.0008259738628318696,44515.41891613699,/home/runner/work/Solana-Memecoin-Analysis/Solana-Memecoin-Analysis/data/cache/2026-09-26/114907566515_ohlcv_2431ea273547.json
2026-09-25T17:40:00+00:00,Ax9GpoBxTKb19NMj4eJhNsy163xuUGmFKrLpELeQK7LX,solana,PumpSwap,,,,,2026-09-25T14:11:13Z,0.0007995240575058118,,,,,,,,,,,,,,,,,,,ohlcv_backfill,minute,0.000830539558047141,0.0008451864236202637,0.0007014007195895346,0.0007995240575058118,60149.65673280788,/home/runner/work/Solana-Memecoin-Analysis/Solana-Memecoin-Analysis/data/cache/2026-09-26/114907566515_ohlcv_2431ea273547.json
2026-09-25T17:35:00+00:00,Ax9GpoBxTKb19NMj4eJhNsy163xuUGmFKrLpELeQK7LX,solana,PumpSwap,,,,,2026-09-25T14:11:13Z,0.000830539558047141,,,,,,,,,,,,,,,,,,,ohlcv_backfill,minute,0.0008049483107115675,0.0009155689535704957,0.0007501461139805804,0.000830539558047141,66863.30740276538,/home/runner/work/Solana-Memecoin-Analysis/Solana-Memecoin-Analysis/data/cache/2026-09-26/114907566515_ohlcv_2431ea273547.json
2026-09-25T17:30:00+00:00,Ax9GpoBxTKb19NMj4eJhNsy163xuUGmFKrLpELeQK7LX,solana,PumpSwap,,,,,2026-09-25T14:11:13Z,0.0008049483107115675,,,,,,,,,,,,,,,,,,,ohlcv_backfill,minute,0.0007748810681031116,0.0009035977773542483,0.0005997565138600388,0.0008049483107115675,91476.8299468776,/home/runner/work/Solana-Memecoin-Analysis/Solana-Memecoin-Analysis/data/cache/2026-09-26/114907566515_ohlcv_2431ea273547.json
2026-09-25T17:25:00+00:00,Ax9GpoBxTKb19NMj4eJhNsy163xuUGmFKrLpELeQK7LX,solana,PumpSwap,,,,,2026-09-25T14:11:13Z,0.0007748810681031116,,,,,,,,,,,,,,,,,,,ohlcv_backfill,minute,0.0007072468765555282,0.0009734410318139335,0.0005997573556386626,0.0007748810681031116,132802.3467558842,/home/runner/work/Solana-Memecoin-Analysis/Solana-Memecoin-Analysis/data/cache/2026-09-26/114907566515_ohlcv_2431ea273547.json
2026-09-25T17:20:00+00:00,Ax9GpoBxTKb19NMj4eJhNsy163xuUGmFKrLpELeQK7LX,solana,PumpSwap,,,,,2026-09-25T14:11:13Z,0.0007072468765555282,,,,,,,,,,,,,,,,,,,ohlcv_backfill,minute,0.0008582064892939799,0.0008851948845875632,0.0006988236026641379,0.0007072468765555282,97646.02160962367,/home/runner/work/Solana-Memecoin-Analysis/Solana-Memecoin-Analysis/data/cache/2026-09-26/114907566515_ohlcv_2431ea273547.json
2026-09-25T17:15:00+00:00,Ax9GpoBxTKb19NMj4eJhNsy163xuUGmFKrLpELeQK7LX,solana,PumpSwap,,,,,2026-09-25T14:11:13Z,0.0008582064892939799,,,,,,,,,,,,,,,,,,,ohlcv_backfill,minute,0.0007121250392999048,0.0009403366481307921,0.0006626046861394912,0.0008582064892939799,148659.81528380653,/home/runner/work/Solana-Memecoin-Analysis/Solana-Memecoin-Analysis/data/cache/2026-09-26/114907566515_ohlcv_2431ea273547.json
2026-09-25T17:10:00+00:00,Ax9GpoBxTKb19NMj4eJhNsy163xuUGmFKrLpELeQK7LX,solana,PumpSwap,,,,,2026-09-25T14:11:13Z,0.0007121250392999048,,,,,,,,,,,,,,,,,,,ohlcv_backfill,minute,0.0004912370766781629,0.0008064676177897599,0.00046031740651996777,0.0007121250392999048,192220.23910123802,/home/runner/work/Solana-Memecoin-Analysis/Solana-Memecoin-Analysis/data/cache/2026-09-26/114907566515_ohlcv_2431ea273547.json
2026-09-25T17:05:00+00:00,Ax9GpoBxTKb19NMj4eJhNsy163xuUGmFKrLpELeQK7LX,solana,PumpSwap,,,,,2026-09-25T14:11:13Z,0.0004912370766781629,,,,,,,,,,,,,,,,,,,ohlcv_backfill,minute,0.0003781490795180461,0.0005508729746861369,0.0003578171709175496,0.0004912370766781629,68833.79551522757,/home/runner/work/Solana-Memecoin-Analysis/Solana-Memecoin-Analysis/data/cache/2026-09-26/114907566515_ohlcv_2431ea273547.json
2026-09-25T17:00:00+00:00,Ax9GpoBxTKb19NMj4eJhNsy163xuUGmFKrLpELeQK7LX,solana,PumpSwap,,,,,2026-09-25T14:11:13Z,0.0003781490795180461,,,,,,,,,,,,,,,,,,,ohlcv_backfill,minute,0.00041231841800695566,0.0004215448120170821,0.0003534685775540153,0.0003781490795180461,27208.27732064068,/home/runner/work/Solana-Memecoin-Analysis/Solana-Memecoin-Analysis/data/cache/2026-09-26/114907566515_ohlcv_2431ea273547.json
2026-09-25T16:55:00+00:00,Ax9GpoBxTKb19NMj4eJhNsy163xuUGmFKrLpELeQK7LX,solana,PumpSwap,,,,,2026-09-25T14:11:13Z,0.00041231841800695566,,,,,,,,,,,,,,,,,,,ohlcv_backfill,minute,0.00033466264133490684,0.00044481872579821605,0.00030929099866637213,0.00041231841800695566,43003.309320120774,/home/runner/work/Solana-Memecoin-Analysis/Solana-Memecoin-Analysis/data/cache/2026-09-26/114907566515_ohlcv_2431ea273547.json
2026-09-25T16:50:00+00:00,Ax9GpoBxTKb19NMj4eJhNsy163xuUGmFKrLpELeQK7LX,solana,PumpSwap,,,,,2026-09-25T14:11:13Z,0.00033466264133490684,,,,,,,,,,,,,,,,,,,ohlcv_backfill,minute,0.00028182974379847706,0.00035846130491141846,0.00025216851824980574,0.00033466264133490684,20410.614910486147,/home/runner/work/Solana-Memecoin-Analysis/Solana-Memecoin-Analysis/data/cache/2026-09-26/114907566515_ohlcv_2431ea273547.json
2026-09-25T16:45:00+00:00,Ax9GpoBxTKb19NMj4eJhNsy163xuUGmFKrLpELeQK7LX,solana,PumpSwap,,,,,2026-09-25T14:11:13Z,0.00028182974379847706,,,,,,,,,,,,,,,,,,,ohlcv_backfill,minute,0.0003127537355291235,0.0003127537355291235,0.0002715148652028261,0.00028182974379847706,10273.391689847824,/home/runner/work/Solana-Memecoin-Analysis/Solana-Memecoin-Analysis/data/cache/2026-09-26/114907566515_ohlcv_2431ea273547.json
2026-09-25T16:40:00+00:00,Ax9GpoBxTKb19NMj4eJhNsy163xuUGmFKrLpELeQK7LX,solana,PumpSwap,,,,,2026-09-25T14:11:13Z,0.0003127537355291235,,,,,,,,,,,,,,,,,,,ohlcv_backfill,minute,0.0002778636854335875,0.00034059356853508157,0.0002628611178362579,0.0003127537355291235,44140.53321594936,/home/runner/work/Solana-Memecoin-Analysis/Solana-Memecoin-Analysis/data/cache/2026-09-26/114907566515_ohlcv_2431ea273547.json
2026-09-25T16:35:00+00:00,Ax9GpoBxTKb19NMj4eJhNsy163xuUGmFKrLpELeQK7LX,solana,PumpSwap,,,,,2026-09-25T14:11:13Z,0.0002778636854335875,,,,,,,,,,,,,,,,,,,ohlcv_backfill,minute,0.00019412784277165164,0.00030127497231162507,0.00018087901683351416,0.0002778636854335875,21084.06111793398,/home/runner/work/Solana-Memecoin-Analysis/Solana-Memecoin-Analysis/data/cache/2026-09-26/114907566515_ohlcv_2431ea273547.json
2026-09-25T16:30:00+00:00,Ax9GpoBxTKb19NMj4eJhNsy163xuUGmFKrLpELeQK7LX,solana,PumpSwap,,,,,2026-09-25T14:11:13Z,0.00019412784277165164,,,,,,,,,,,,,,,,,,,ohlcv_backfill,minute,0.00020420986543877006,0.0002137474416947718,0.00018256924435073078,0.00019412784277165164,7239.734242361597,/home/runner/work/Solana-Memecoin-Analysis/Solana-Memecoin-Analysis/data/cache/2026-09-26/114907566515_ohlcv_2431ea273547.json
2026-09-25T16:25:00+00:00,Ax9GpoBxTKb19NMj4eJhNsy163xuUGmFKrLpELeQK7LX,solana,PumpSwap,,,,,2026-09-25T14:11:13Z,0.00020420986543877006,,,,,,,,,,,,,,,,,,,ohlcv_backfill,minute,0.0002297272466467998,0.0002373540386033018,0.00016510553195463038,0.00020420986543877006,16921.924465456766,/home/runner/work/Solana-Memecoin-Analysis/Solana-Memecoin-Analysis/data/cache/2026-09-26/114907566515_ohlcv_2431ea273547.json
2026-09-25T16:20:00+00:00,Ax9GpoBxTKb19NMj4eJhNsy163xuUGmFKrLpELeQK7LX,solana,PumpSwap,,,,,2026-09-25T14:11:13Z,0.0002297272466467998,,,,,,,,,,,,,,,,,,,ohlcv_backfill,minute,0.0001995821205169958,0.0002378082285806257,0.00019411561315842114,0.0002297272466467998,7441.515360938271,/home/runner/work/Solana-Memecoin-Analysis/Solana-Memecoin-Analysis/data/cache/2026-09-26/114907566515_ohlcv_2431ea273547.json
2026-09-25T16:15:00+00:00,Ax9GpoBxTKb19NMj4eJhNsy163xuUGmFKrLpELeQK7LX,solana,PumpSwap,,,,,2026-09-25T14:11:13Z,0.0001995821205169958,,,,,,,,,,,,,,,,,,,ohlcv_backfill,minute,0.0002061943757963001,0.0002581510639365126,0.0001891998277129931,0.0001995821205169958,17155.638076154835,/home/runner/work/Solana-Memecoin-Analysis/Solana-Memecoin-Analysis/data/cache/2026-09-26/114907566515_ohlcv_2431ea273547.json
2026-09-25T16:10:00+00:00,Ax9GpoBxTKb19NMj4eJhNsy163xuUGmFKrLpELeQK7LX,solana,PumpSwap,,,,,2026-09-25T14:11:13Z,0.0002061943757963001,,,,,,,,,,,,,,,,,,,ohlcv_backfill,minute,0.00019457521488295114,0.00020869454035918886,0.000170533036083176,0.0002061943757963001,13204.745323312785,/home/runner/work/Solana-Memecoin-Analysis/Solana-Memecoin-Analysis/data/cache/2026-09-26/114907566515_ohlcv_2431ea273547.json
2026-09-25T16:05:00+00:00,Ax9GpoBxTKb19NMj4eJhNsy163xuUGmFKrLpELeQK7LX,solana,PumpSwap,,,,,2026-09-25T14:11:13Z,0.00019457521488295114,,,,,,,,,,,,,,,,,,,ohlcv_backfill,minute,0.0001403533018350117,0.00022159582973299574,0.00013808204564654683,0.00019457521488295114,26812.00880140719,/home/runner/work/Solana-Memecoin-Analysis/Solana-Memecoin-Analysis/data/cache/2026-09-26/114907566515_ohlcv_2431ea273547.json
2026-09-25T16:00:00+00:00,Ax9GpoBxTKb19NMj4eJhNsy163xuUGmFKrLpELeQK7LX,solana,PumpSwap,,,,,2026-09-25T14:11:13Z,0.0001403533018350117,,,,,,,,,,,,,,,,,,,ohlcv_backfill,minute,0.0001482583988756104,0.00014957736891416841,0.00012485331421129435,0.0001403533018350117,7375.731778709334,/home/runner/work/Solana-Memecoin-Analysis/Solana-Memecoin-Analysis/data/cache/2026-09-26/114907566515_ohlcv_2431ea273547.json
2026-09-25T15:55:00+00:00,Ax9GpoBxTKb19NMj4eJhNsy163xuUGmFKrLpELeQK7LX,solana,PumpSwap,,,,,2026-09-25T14:11:13Z,0.0001482583988756104,,,,,,,,,,,,,,,,,,,ohlcv_backfill,minute,0.00012877911371218106,0.00015918415688288205,0.00012091593528322857,0.0001482583988756104,12796.55618551727,/home/runner/work/Solana-Memecoin-Analysis/Solana-Memecoin-Analysis/data/cache/2026-09-26/114907566515_ohlcv_2431ea273547.json
2026-09-25T15:50:00+00:00,Ax9GpoBxTKb19NMj4eJhNsy163xuUGmFKrLpELeQK7LX,solana,PumpSwap,,,,,2026-09-25T14:11:13Z,0.00012877911371218106,,,,,,,,,,,,,,,,,,,ohlcv_backfill,minute,0.00013539334709365336,0.0001525279837492309,0.00012143312199720147,0.00012877911371218106,9607.981875896689,/home/runner/work/Solana-Memecoin-Analysis/Solana-Memecoin-Analysis/data/cache/2026-09-26/114907566515_ohlcv_2431ea273547.json
2026-09-25T15:45:00+00:00,Ax9GpoBxTKb19NMj4eJhNsy163xuUGmFKrLpELeQK7LX,solana,PumpSwap,,,,,2026-09-25T14:11:13Z,0.00013539334709365336,,,,,,,,,,,,,,,,,,,ohlcv_backfill,minute,0.00012301613783224384,0.00014315619840289909,0.0001048912507392155,0.00013539334709365336,15752.708826790731,/home/runner/work/Solana-Memecoin-Analysis/Solana-Memecoin-Analysis/data/cache/2026-09-26/114907566515_ohlcv_2431ea273547.json
2026-09-25T15:40:00+00:00,Ax9GpoBxTKb19NMj4eJhNsy163xuUGmFKrLpELeQK7LX,solana,PumpSwap,,,,,2026-09-25T14:11:13Z,0.00012301613783224384,,,,,,,,,,,,,,,,,,,ohlcv_backfill,minute,0.00012353309138569843,0.00014140642656466758,0.0001062962481765343,0.00012301613783224384,19884.599314155348,/home/runner/work/Solana-Memecoin-Analysis/Solana-Memecoin-Analysis/data/cache/2026-09-26/114907566515_ohlcv_2431ea273547.json
2026-09-25T15:35:00+00:00,Ax9GpoBxTKb19NMj4eJhNsy163xuUGmFKrLpELeQK7LX,solana,PumpSwap,,,,,2026-09-25T14:11:13Z,0.00012353309138569843,,,,,,,,,,,,,,,,,,,ohlcv_backfill,minute,0.0001757261803189468,0.00019159955169377585,0.00011169711407819712,0.00012353309138569843,26622.251080382175,/home/runner/work/Solana-Memecoin-Analysis/Solana-Memecoin-Analysis/data/cache/2026-09-26/114907566515_ohlcv_2431ea273547.json
2026-09-25T15:30:00+00:00,Ax9GpoBxTKb19NMj4eJhNsy163xuUGmFKrLpELeQK7LX,solana,PumpSwap,,,,,2026-09-25T14:11:13Z,0.0001757261803189468,,,,,,,,,,,,,,,,,,,ohlcv_backfill,minute,0.00016781173540429413,0.00020594645050549905,0.0001419593771300607,0.0001757261803189468,18986.857563080852,/home/runner/work/Solana-Memecoin-Analysis/Solana-Memecoin-Analysis/data/cache/2026-09-26/114907566515_ohlcv_2431ea273547.json
2026-09-25T15:25:00+00:00,Ax9GpoBxTKb19NMj4eJhNsy163xuUGmFKrLpELeQK7LX,solana,PumpSwap,,,,,2026-09-25T14:11:13Z,0.00016781173540429413,,,,,,,,,,,,,,,,,,,ohlcv_backfill,minute,0.00021463456992052552,0.0002232163638166988,0.00014422005065505025,0.00016781173540429413,28717.227333412244,/home/runner/work/Solana-Memecoin-Analysis/Solana-Memecoin-Analysis/data/cache/2026-09-26/114907566515_ohlcv_2431ea273547.json
2026-09-25T15:20:00+00:00,Ax9GpoBxTKb19NMj4eJhNsy163xuUGmFKrLpELeQK7LX,solana,PumpSwap,,,,,2026-09-25T14:11:13Z,0.00021463456992052552,,,,,,,,,,,,,,,,,,,ohlcv_backfill,minute,0.00019898686521604685,0.00021965636405624737,0.00015542176094886174,0.00021463456992052552,43333.15224909808,/home/runner/work/Solana-Memecoin-Analysis/Solana-Memecoin-Analysis/data/cache/2026-09-26/114907566515_ohlcv_2431ea273547.json
2026-09-25T15:15:00+00:00,Ax9GpoBxTKb19NMj4eJhNsy163xuUGmFKrLpELeQK7LX,solana,PumpSwap,,,,,2026-09-25T14:11:13Z,0.00019898686521604685,,,,,,,,,,,,,,,,,,,ohlcv_backfill,minute,0.0001413580763898619,0.00023757977421867647,0.0001367265818614078,0.00019898686521604685,60610.812354351045,/home/runner/work/Solana-Memecoin-Analysis/Solana-Memecoin-Analysis/data/cache/2026-09-26/114907566515_ohlcv_2431ea273547.json
2026-09-25T15:10:00+00:00,Ax9GpoBxTKb19NMj4eJhNsy163xuUGmFKrLpELeQK7LX,solana,PumpSwap,,,,,2026-09-25T14:11:13Z,0.0001413580763898619,,,,,,,,,,,,,,,,,,,ohlcv_backfill,minute,0.00014961433681981556,0.00021421794762869519,0.00012257348858129002,0.0001413580763898619,108638.13810130992,/home/runner/work/Solana-Memecoin-Analysis/Solana-Memecoin-Analysis/data/cache/2026-09-26/114907566515_ohlcv_2431ea273547.json
2026-09-25T15:05:00+00:00,Ax9GpoBxTKb19NMj4eJhNsy163xuUGmFKrLpELeQK7LX,solana,PumpSwap,,,,,2026-09-25T14:11:13Z,0.00014961433681981556,,,,,,,,,,,,,,,,,,,ohlcv_backfill,minute,6.465637285450945e-05,0.000175704569066091,6.465637285450945e-05,0.00014961433681981556,46262.62775554607,/home/runner/work/Solana-Memecoin-Analysis/Solana-Memecoin-Analysis/data/cache/2026-09-26/114907566515_ohlcv_2431ea273547.json
2026-09-25T15:00:00+00:00,Ax9GpoBxTKb19NMj4eJhNsy163xuUGmFKrLpELeQK7LX,solana,PumpSwap,,,,,2026-09-25T14:11:13Z,6.465637285450945e-05,,,,,,,,,,,,,,,,,,,ohlcv_backfill,minute,5.876393149599534e-05,6.814704441551803e-05,5.050565181030728e-05,6.465637285450945e-05,8682.998791028387,/home/runner/work/Solana-Memecoin-Analysis/Solana-Memecoin-Analysis/data/cache/2026-09-26/114907566515_ohlcv_2431ea273547.json
2026-09-25T14:55:00+00:00,Ax9GpoBxTKb19NMj4eJhNsy163xuUGmFKrLpELeQK7LX,solana,PumpSwap,,,,,2026-09-25T14:11:13Z,5.876393149599534e-05,,,,,,,,,,,,,,,,,,,ohlcv_backfill,minute,9.016726570603353e-05,9.225600089511198e-05,4.7296174490961606e-05,5.876393149599534e-05,20047.019056097237,/home/runner/work/Solana-Memecoin-Analysis/Solana-Memecoin-Analysis/data/cache/2026-09-26/114907566515_ohlcv_2431ea273547.json
2026-09-25T14:50:00+00:00,Ax9GpoBxTKb19NMj4eJhNsy163xuUGmFKrLpELeQK7LX,solana,PumpSwap,,,,,2026-09-25T14:11:13Z,9.016726570603353e-05,,,,,,,,,,,,,,,,,,,ohlcv_backfill,minute,7.478097113623416e-05,9.858015970371539e-05,6.89541085458204e-05,9.016726570603353e-05,18707.821749245322,/home/runner/work/Solana-Memecoin-Analysis/Solana-Memecoin-Analysis/data/cache/2026-09-26/114907566515_ohlcv_2431ea273547.json
2026-09-25T14:45:00+00:00,Ax9GpoBxTKb19NMj4eJhNsy163xuUGmFKrLpELeQK7LX,solana,PumpSwap,,,,,2026-09-25T14:11:13Z,7.478097113623416e-05,,,,,,,,,,,,,,,,,,,ohlcv_backfill,minute,7.14537622906997e-05,7.86806989211405e-05,5.628672599973784e-05,7.478097113623416e-05,10772.530235238608,/home/runner/work/Solana-Memecoin-Analysis/Solana-Memecoin-Analysis/data/cache/2026-09-26/114907566515_ohlcv_2431ea273547.json
2026-09-25T14:40:00+00:00,Ax9GpoBxTKb19NMj4eJhNsy163xuUGmFKrLpELeQK7LX,solana,PumpSwap,,,,,2026-09-25T14:11:13Z,7.14537622906997e-05,,,,,,,,,,,,,,,,,,,ohlcv_backfill,minute,6.463713531409714e-05,7.35853848464143e-05,4.937109268991593e-05,7.14537622906997e-05,13381.373695292588,/home/runner/work/Solana-Memecoin-Analysis/Solana-Memecoin-Analysis/data/cache/2026-09-26/114907566515_ohlcv_2431ea273547.json
2026-09-25T14:35:00+00:00,Ax9GpoBxTKb19NMj4eJhNsy163xuUGmFKrLpELeQK7LX,solana,PumpSwap,,,,,2026-09-25T14:11:13Z,6.463713531409714e-05,,,,,,,,,,,,,,,,,,,ohlcv_backfill,minute,5.769587607055366e-05,8.643455741442906e-05,4.565016504499608e-05,6.463713531409714e-05,20047.851309996797,/home/runner/work/Solana-Memecoin-Analysis/Solana-Memecoin-Analysis/data/cache/2026-09-26/114907566515_ohlcv_2431ea273547.json
2026-09-25T14:30:00+00:00,Ax9GpoBxTKb19NMj4eJhNsy163xuUGmFKrLpELeQK7LX,solana,PumpSwap,,,,,2026-09-25T14:11:13Z,5.769587607055366e-05,,,,,,,,,,,,,,,,,,,ohlcv_backfill,minute,2.8711726410633403e-05,6.519733949476981e-05,2.6264472024632998e-05,5.769587607055366e-05,11941.504752244968,/home/runner/work/Solana-Memecoin-Analysis/Solana-Memecoin-Analysis/data/cache/2026-09-26/114907566515_ohlcv_2431ea273547.json
2026-09-25T14:25:00+00:00,Ax9GpoBxTKb19NMj4eJhNsy163xuUGmFKrLpELeQK7LX,solana,PumpSwap,,,,,2026-09-25T14:11:13Z,2.8711726410633403e-05,,,,,,,,,,,,,,,,,,,ohlcv_backfill,minute,3.427797248119741e-05,4.329969505866593e-05,2.7355057097655988e-05,2.8711726410633403e-05,8143.650970547043,/home/runner/work/Solana-Memecoin-Analysis/Solana-Memecoin-Analysis/data/cache/2026-09-26/114907566515_ohlcv_2431ea273547.json
2026-09-25T14:20:00+00:00,Ax9GpoBxTKb19NMj4eJhNsy163xuUGmFKrLpELeQK7LX,solana,PumpSwap,,,,,2026-09-25T14:11:13Z,3.427797248119741e-05,,,,,,,,,,,,,,,,,,,ohlcv_backfill,minute,2.5424475913147696e-05,3.427797248119741e-05,2.5424475913147696e-05,3.427797248119741e-05,3239.389498832217,/home/runner/work/Solana-Memecoin-Analysis/Solana-Memecoin-Analysis/data/cache/2026-09-26/114907566515_ohlcv_2431ea273547.json
2026-09-25T14:15:00+00:00,Ax9GpoBxTKb19NMj4eJhNsy163xuUGmFKrLpELeQK7LX,solana,PumpSwap,,,,,2026-09-25T14:11:13Z,2.5424475913147696e-05,,,,,,,,,,,,,,,,,,,ohlcv_backfill,minute,2.511428177437702e-05,2.821954981194523e-05,1.4640756759024273e-05,2.5424475913147696e-05,8661.07843045902,/home/runner/work/Solana-Memecoin-Analysis/Solana-Memecoin-Analysis/data/cache/2026-09-26/114907566515_ohlcv_2431ea273547.json
2026-09-25T14:10:00+00:00,Ax9GpoBxTKb19NMj4eJhNsy163xuUGmFKrLpELeQK7LX,solana,PumpSwap,,,,,2026-09-25T14:11:13Z,2.511428177437702e-05,,,,,,,,,,,,,,,,,,,ohlcv_backfill,minute,4.9290291428472856e-05,4.9290291428472856e-05,1.616056840025737e-05,2.511428177437702e-05,25263.614864066043,/home/runner/work/Solana-Memecoin-Analysis/Solana-Memecoin-Analysis/data/cache/2026-09-26/114907566515_ohlcv_2431ea273547.json
2026-09-26T11:45:00+00:00,DGvB8KyD79wFBJ7Kr7mW54qSfi7Yk3UrhJkcnTSd6frb,solana,PumpSwap,,,,,2026-09-26T00:06:55Z,0.00010402262214676411,,,,,,,,,,,,,,,,,,,ohlcv_backfill,minute,9.346310819172055e-05,0.00010473130617538914,9.206364820852367e-05,0.00010402262214676411,1007.6055018535266,/home/runner/work/Solana-Memecoin-Analysis/Solana-Memecoin-Analysis/data/cache/2026-09-26/114923245746_ohlcv_9dea67364661.json
2026-09-26T11:40:00+00:00,DGvB8KyD79wFBJ7Kr7mW54qSfi7Yk3UrhJkcnTSd6frb,solana,PumpSwap,,,,,2026-09-26T00:06:55Z,9.346310819172055e-05,,,,,,,,,,,,,,,,,,,ohlcv_backfill,minute,9.5806074154473e-05,0.00010044078717753196,9.160753004061656e-05,9.346310819172055e-05,714.9490169149456,/home/runner/work/Solana-Memecoin-Analysis/Solana-Memecoin-Analysis/data/cache/2026-09-26/114923245746_ohlcv_9dea67364661.json
2026-09-26T11:35:00+00:00,DGvB8KyD79wFBJ7Kr7mW54qSfi7Yk3UrhJkcnTSd6frb,solana,PumpSwap,,,,,2026-09-26T00:06:55Z,9.5806074154473e-05,,,,,,,,,,,,,,,,,,,ohlcv_backfill,minute,9.921776219240806e-05,0.00010036186446809608,9.083420533262687e-05,9.5806074154473e-05,197.18974743422115,/home/runner/work/Solana-Memecoin-Analysis/Solana-Memecoin-Analysis/data/cache/2026-09-26/114923245746_ohlcv_9dea67364661.json
2026-09-26T11:30:00+00:00,DGvB8KyD79wFBJ7Kr7mW54qSfi7Yk3UrhJkcnTSd6frb,solana,PumpSwap,,,,,2026-09-26T00:06:55Z,9.921776219240806e-05,,,,,,,,,,,,,,,,,,,ohlcv_backfill,minute,9.133718519089979e-05,0.00010244019045750703,9.001262945136903e-05,9.921776219240806e-05,741.0625073372684,/home/runner/work/Solana-Memecoin-Analysis/Solana-Memecoin-Analysis/data/cache/2026-09-26/114923245746_ohlcv_9dea67364661.json
2026-09-26T11:25:00+00:00,DGvB8KyD79wFBJ7Kr7mW54qSfi7Yk3UrhJkcnTSd6frb,solana,PumpSwap,,,,,2026-09-26T00:06:55Z,9.133718519089979e-05,,,,,,,,,,,,,,,,,,,ohlcv_backfill,minute,9.221225578896982e-05,9.82308239565518e-05,8.559340187663229e-05,9.133718519089979e-05,999.8928410288006,/home/runner/work/Solana-Memecoin-Analysis/Solana-Memecoin-Analysis/data/cache/2026-09-26/114923245746_ohlcv_9dea67364661.json
2026-09-26T11:20:00+00:00,DGvB8KyD79wFBJ7Kr7mW54qSfi7Yk3UrhJkcnTSd6frb,solana,PumpSwap,,,,,2026-09-26T00:06:55Z,9.221225578896982e-05,,,,,,,,,,,,,,,,,,,ohlcv_backfill,minute,9.038989867280714e-05,9.263125328095834e-05,8.251069041690879e-05,9.221225578896982e-05,691.7561906766537,/home/runner/work/Solana-Memecoin-Analysis/Solana-Memecoin-Analysis/data/cache/2026-09-26/114923245746_ohlcv_9dea67364661.json
2026-09-26T11:15:00+00:00,DGvB8KyD79wFBJ7Kr7mW54qSfi7Yk3UrhJkcnTSd6frb,solana,PumpSwap,,,,,2026-09-26T00:06:55Z,9.038989867280714e-05,,,,,,,,,,,,,,,,,,,ohlcv_backfill,minute,8.506606613287687e-05,9.038991308940788e-05,7.978393271498629e-05,9.038989867280714e-05,848.8776742284603,/home/runner/work/Solana-Memecoin-Analysis/Solana-Memecoin-Analysis/data/cache/2026-09-26/114923245746_ohlcv_9dea67364661.json
2026-09-26T11:10:00+00:00,DGvB8KyD79wFBJ7Kr7mW54qSfi7Yk3UrhJkcnTSd6frb,solana,PumpSwap,,,,,2026-09-26T00:06:55Z,8.506606613287687e-05,,,,,,,,,,,,,,,,,,,ohlcv_backfill,minute,8.067771619168313e-05,8.506606613287687e-05,7.52624935844863e-05,8.506606613287687e-05,796.9128971928217,/home/runner/work/Solana-Memecoin-Analysis/Solana-Memecoin-Analysis/data/cache/2026-09-26/114923245746_ohlcv_9dea67364661.json
2026-09-26T11:05:00+00:00,DGvB8KyD79wFBJ7Kr7mW54qSfi7Yk3UrhJkcnTSd6frb,solana,PumpSwap,,,,,2026-09-26T00:06:55Z,8.067771619168313e-05,,,,,,,,,,,,,,,,,,,ohlcv_backfill,minute,7.140682592194596e-05,8.071369818718539e-05,7.1259487946885e-05,8.067771619168313e-05,439.20685568145126,/home/runner/work/Solana-Memecoin-Analysis/Solana-Memecoin-Analysis/data/cache/2026-09-26/114923245746_ohlcv_9dea67364661.json
2026-09-26T11:00:00+00:00,DGvB8KyD79wFBJ7Kr7mW54qSfi7Yk3UrhJkcnTSd6frb,solana,PumpSwap,,,,,2026-09-26T00:06:55Z,7.140682592194596e-05,,,,,,,,,,,,,,,,,,,ohlcv_backfill,minute,7.093998029613231e-05,7.799092332258503e-05,7.093998029613231e-05,7.140682592194596e-05,44.898742246278665,/home/runner/work/Solana-Memecoin-Analysis/Solana-Memecoin-Analysis/data/cache/2026-09-26/114923245746_ohlcv_9dea67364661.json
2026-09-26T10:55:00+00:00,DGvB8KyD79wFBJ7Kr7mW54qSfi7Yk3UrhJkcnTSd6frb,solana,PumpSwap,,,,,2026-09-26T00:06:55Z,7.093998029613231e-05,,,,,,,,,,,,,,,,,,,ohlcv_backfill,minute,7.191708799993587e-05,7.916895670405247e-05,7.093998029613231e-05,7.093998029613231e-05,427.7777602475669,/home/runner/work/Solana-Memecoin-Analysis/Solana-Memecoin-Analysis/data/cache/2026-09-26/114923245746_ohlcv_9dea67364661.json
2026-09-26T10:50:00+00:00,DGvB8KyD79wFBJ7Kr7mW54qSfi7Yk3UrhJkcnTSd6frb,solana,PumpSwap,,,,,2026-09-26T00:06:55Z,7.191708799993587e-05,,,,,,,,,,,,,,,,,,,ohlcv_backfill,minute,6.931505806083379e-05,7.731027428248772e-05,6.931505806083379e-05,7.191708799993587e-05,399.8507646107491,/home/runner/work/Solana-Memecoin-Analysis/Solana-Memecoin-Analysis/data/cache/2026-09-26/114923245746_ohlcv_9dea67364661.json
2026-09-26T10:45:00+00:00,DGvB8KyD79wFBJ7Kr7mW54qSfi7Yk3UrhJkcnTSd6frb,solana,PumpSwap,,,,,2026-09-26T00:06:55Z,6.931505806083379e-05,,,,,,,,,,,,,,,,,,,ohlcv_backfill,minute,6.940938026767622e-05,6.98769359195351e-05,6.840722916324716e-05,6.931505806083379e-05,157.05033221129605,/home/runner/work/Solana-Memecoin-Analysis/Solana-Memecoin-Analysis/data/cache/2026-09-26/114923245746_ohlcv_9dea67364661.json
2026-09-26T10:40:00+00:00,DGvB8KyD79wFBJ7Kr7mW54qSfi7Yk3UrhJkcnTSd6frb,solana,PumpSwap,,,,,2026-09-26T00:06:55Z,6.940938026767622e-05,,,,,,,,,,,,,,,,,,,ohlcv_backfill,minute,7.060847210606907e-05,7.10950603948227e-05,6.79322073787005e-05,6.940938026767622e-05,1029.4074311128581,/home/runner/work/Solana-Memecoin-Analysis/Solana-Memecoin-Analysis/data/cache/2026-09-26/114923245746_ohlcv_9dea67364661.json
2026-09-26T10:35:00+00:00,DGvB8KyD79wFBJ7Kr7mW54qSfi7Yk3UrhJkcnTSd6frb,solana,PumpSwap,,,,,2026-09-26T00:06:55Z,7.060847210606907e-05,,,,,,,,,,,,,,,,,,,ohlcv_backfill,minute,7.063319072186278e-05,7.068616521107999e-05,7.060847210606907e-05,7.060847210606907e-05,11.248277806772679,/home/runner/work/Solana-Memecoin-Analysis/Solana-Memecoin-Analysis/data/cache/2026-09-26/114923245746_ohlcv_9dea67364661.json
2026-09-26T10:30:00+00:00,DGvB8KyD79wFBJ7Kr7mW54qSfi7Yk3UrhJkcnTSd6frb,solana,PumpSwap,,,,,2026-09-26T00:06:55Z,7.063319072186278e-05,,,,,,,,,,,,,,,,,,,ohlcv_backfill,minute,7.244042334232562e-05,7.244042334232562e-05,7.063319072186278e-05,7.063319072186278e-05,63.39514899467189,/home/runner/work/Solana-Memecoin-Analysis/Solana-Memecoin-Analysis/data/cache/2026-09-26/114923245746_ohlcv_9dea67364661.json
2026-09-26T10:25:00+00:00,DGvB8KyD79wFBJ7Kr7mW54qSfi7Yk3UrhJkcnTSd6frb,solana,PumpSwap,,,,,2026-09-26T00:06:55Z,7.244042334232562e-05,,,,,,,,,,,,,,,,,,,ohlcv_backfill,minute,7.715841859515921e-05,7.715841859515921e-05,7.179369888420764e-05,7.244042334232562e-05,58.04095981016458,/home/runner/work/Solana-Memecoin-Analysis/Solana-Memecoin-Analysis/data/cache/2026-09-26/114923245746_ohlcv_9dea67364661.json
2026-09-26T10:20:00+00:00,DGvB8KyD79wFBJ7Kr7mW54qSfi7Yk3UrhJkcnTSd6frb,solana,PumpSwap,,,,,2026-09-26T00:06:55Z,7.715841859515921e-05,,,,,,,,,,,,,,,,,,,ohlcv_backfill,minute,7.355868226143218e-05,7.765836609279855e-05,7.083171260018177e-05,7.715841859515921e-05,1436.8670737565942,/home/runner/work/Solana-Memecoin-Analysis/Solana-Memecoin-Analysis/data/cache/2026-09-26/114923245746_ohlcv_9dea67364661.json
2026-09-26T10:15:00+00:00,DGvB8KyD79wFBJ7Kr7mW54qSfi7Yk3UrhJkcnTSd6frb,solana,PumpSwap,,,,,2026-09-26T00:06:55Z,7.355868226143218e-05,,,,,,,,,,,,,,,,,,,ohlcv_backfill,minute,7.368112768785545e-05,7.899366598860076e-05,7.355868226143218e-05,7.355868226143218e-05,13.954486047400701,/home/runner/work/Solana-Memecoin-Analysis/Solana-Memecoin-Analysis/data/cache/2026-09-26/114923245746_ohlcv_9dea67364661.json
2026-09-26T10:10:00+00:00,DGvB8KyD79wFBJ7Kr7mW54qSfi7Yk3UrhJkcnTSd6frb,solana,PumpSwap,,,,,2026-09-26T00:06:55Z,7.368112768785545e-05,,,,,,,,,,,,,,,,,,,ohlcv_backfill,minute,7.27045512407708e-05,7.910875896616933e-05,7.252955280927328e-05,7.368112768785545e-05,184.57016663276048,/home/runner/work/Solana-Memecoin-Analysis/Solana-Memecoin-Analysis/data/cache/2026-09-26/114923245746_ohlcv_9dea67364661.json
2026-09-26T10:05:00+00:00,DGvB8KyD79wFBJ7Kr7mW54qSfi7Yk3UrhJkcnTSd6frb,solana,PumpSwap,,,,,2026-09-26T00:06:55Z,7.27045512407708e-05,,,,,,,,,,,,,,,,,,,ohlcv_backfill,minute,7.28789584265691e-05,7.923612000734507e-05,7.18160152694405e-05,7.27045512407708e-05,382.001807972025,/home/runner/work/Solana-Memecoin-Analysis/Solana-Memecoin-Analysis/data/cache/2026-09-26/114923245746_ohlcv_9dea67364661.json
2026-09-26T10:00:00+00:00,DGvB8KyD79wFBJ7Kr7mW54qSfi7Yk3UrhJkcnTSd6frb,solana,PumpSwap,,,,,2026-09-26T00:06:55Z,7.28789584265691e-05,,,,,,,,,,,,,,,,,,,ohlcv_backfill,minute,7.653712533568197e-05,7.860483696083765e-05,7.162705622890204e-05,7.28789584265691e-05,423.9775776042038,/home/runner/work/Solana-Memecoin-Analysis/Solana-Memecoin-Analysis/data/cache/2026-09-26/114923245746_ohlcv_9dea67364661.json
2026-09-26T09:55:00+00:00,DGvB8KyD79wFBJ7Kr7mW54qSfi7Yk3UrhJkcnTSd6frb,solana,PumpSwap,,,,,2026-09-26T00:06:55Z,7.653712533568197e-05,,,,,,,,,,,,,,,,,,,ohlcv_backfill,minute,8.031112837523454e-05,8.0687584827124e-05,6.764166702535038e-05,7.653712533568197e-05,1319.0304687934058,/home/runner/work/Solana-Memecoin-Analysis/Solana-Memecoin-Analysis/data/cache/2026-09-26/114923245746_ohlcv_9dea67364661.json
2026-09-26T09:50:00+00:00,DGvB8KyD79wFBJ7Kr7mW54qSfi7Yk3UrhJkcnTSd6frb,solana,PumpSwap,,,,,2026-09-26T00:06:55Z,8.031112837523454e-05,,,,,,,,,,,,,,,,,,,ohlcv_backfill,minute,7.025114501725109e-05,8.031112837523454e-05,7.024368722871156e-05,8.031112837523454e-05,412.2488374274901,/home/runner/work/Solana-Memecoin-Analysis/Solana-Memecoin-Analysis/data/cache/2026-09-26/114923245746_ohlcv_9dea67364661.json
2026-09-26T09:45:00+00:00,DGvB8KyD79wFBJ7Kr7mW54qSfi7Yk3UrhJkcnTSd6frb,solana,PumpSwap,,,,,2026-09-26T00:06:55Z,7.025114501725109e-05,,,,,,,,,,,,,,,,,,,ohlcv_backfill,minute,6.608052692575093e-05,7.662698444230116e-05,6.608052692575093e-05,7.025114501725109e-05,708.2371896685464,/home/runner/work/Solana-Memecoin-Analysis/Solana-Memecoin-Analysis/data/cache/2026-09-26/114923245746_ohlcv_9dea67364661.json
2026-09-26T09:40:00+00:00,DGvB8KyD79wFBJ7Kr7mW54qSfi7Yk3UrhJkcnTSd6frb,solana,PumpSwap,,,,,2026-09-26T00:06:55Z,6.608052692575093e-05,,,,,,,,,,,,,,,,,,,ohlcv_backfill,minute,6.546712526661128e-05,6.694644047577951e-05,6.501667406685076e-05,6.608052692575093e-05,632.1825871240078,/home/runner/work/Solana-Memecoin-Analysis/Solana-Memecoin-Analysis/data/cache/2026-09-26/114923245746_ohlcv_9dea67364661.json
2026-09-26T09:35:00+00:00,DGvB8KyD79wFBJ7Kr7mW54qSfi7Yk3UrhJkcnTSd6frb,solana,PumpSwap,,,,,2026-09-26T00:06:55Z,6.546712526661128e-05,,,,,,,,,,,,,,,,,,,ohlcv_backfill,minute,6.389382597997094e-05,6.683872369946883e-05,6.300635022880218e-05,6.546712526661128e-05,423.86067719685224,/home/runner/work/Solana-Memecoin-Analysis/Solana-Memecoin-Analysis/data/cache/2026-09-26/114923245746_ohlcv_9dea67364661.json
2026-09-26T09:30:00+00:00,DGvB8KyD79wFBJ7Kr7mW54qSfi7Yk3UrhJkcnTSd6frb,solana,PumpSwap,,,,,2026-09-26T00:06:55Z,6.389382597997094e-05,,,,,,,,,,,,,,,,,,,ohlcv_backfill,minute,6.185058013636572e-05,6.398561912460687e-05,6.06072448925098e-05,6.389382597997094e-05,568.7914538258287,/home/runner/work/Solana-Memecoin-Analysis/Solana-Memecoin-Analysis/data/cache/2026-09-26/114923245746_ohlcv_9dea67364661.json
2026-09-26T09:25:00+00:00,DGvB8KyD79wFBJ7Kr7mW54qSfi7Yk3UrhJkcnTSd6frb,solana,PumpSwap,,,,,2026-09-26T00:06:55Z,6.185058013636572e-05,,,,,,,,,,,,,,,,,,,ohlcv_backfill,minute,5.9354217295325425e-05,6.185058013636572e-05,5.9334412889064537e-05,6.185058013636572e-05,1083.3131172842209,/home/runner/work/Solana-Memecoin-Analysis/Solana-Memecoin-Analysis/data/cache/2026-09-26/114923245746_ohlcv_9dea67364661.json
2026-09-26T09:20:00+00:00,DGvB8KyD79wFBJ7Kr7mW54qSfi7Yk3UrhJkcnTSd6frb,solana,PumpSwap,,,,,2026-09-26T00:06:55Z,5.9354217295325425e-05,,,,,,,,,,,,,,,,,,,ohlcv_backfill,minute,5.529306050198199e-05,5.9801542228328324e-05,5.529306050198199e-05,5.9354217295325425e-05,2101.352392151488,/home/runner/work/Solana-Memecoin-Analysis/Solana-Memecoin-Analysis/data/cache/2026-09-26/114923245746_ohlcv_9dea67364661.json
2026-09-26T09:15:00+00:00,DGvB8KyD79wFBJ7Kr7mW54qSfi7Yk3UrhJkcnTSd6frb,solana,PumpSwap,,,,,2026-09-26T00:06:55Z,5.529306050198199e-05,,,,,,,,,,,,,,,,,,,ohlcv_backfill,minute,5.4043248282218736e-05,5.5733565104917243e-05,5.267819074747273e-05,5.529306050198199e-05,1361.8253003872878,/home/runner/work/Solana-Memecoin-Analysis/Solana-Memecoin-Analysis/data/cache/2026-09-26/114923245746_ohlcv_9dea67364661.json
2026-09-26T09:10:00+00:00,DGvB8KyD79wFBJ7Kr7mW54qSfi7Yk3UrhJkcnTSd6frb,solana,PumpSwap,,,,,2026-09-26T00:06:55Z,5.4043248282218736e-05,,,,,,,,,,,,,,,,,,,ohlcv_backfill,minute,4.9323590768493615e-05,5.410222849017138e-05,4.8630546857592e-05,5.4043248282218736e-05,1942.8292217127705,/home/runner/work/Solana-Memecoin-Analysis/Solana-Memecoin-Analysis/data/cache/2026-09-26/114923245746_ohlcv_9dea67364661.json
2026-09-26T09:05:00+00:00,DGvB8KyD79wFBJ7Kr7mW54qSfi7Yk3UrhJkcnTSd6frb,solana,PumpSwap,,,,,2026-09-26T00:06:55Z,4.9323590768493615e-05,,,,,,,,,,,,,,,,,,,ohlcv_backfill,minute,4.9553265553628706e-05,4.977279222352132e-05,4.855276186268683e-05,4.9323590768493615e-05,1376.6449777662774,/home/runner/work/Solana-Memecoin-Analysis/Solana-Memecoin-Analysis/data/cache/2026-09-26/114923245746_ohlcv_9dea67364661.json
2026-09-26T09:00:00+00:00,DGvB8KyD79wFBJ7Kr7mW54qSfi7Yk3UrhJkcnTSd6frb,solana,PumpSwap,,,,,2026-09-26T00:06:55Z,4.9553265553628706e-05,,,,,,,,,,,,,,,,,,,ohlcv_backfill,minute,4.853444963765255e-05,4.965144279981618e-05,4.853444963765255e-05,4.9553265553628706e-05,333.825187229951,/home/runner/work/Solana-Memecoin-Analysis/Solana-Memecoin-Analysis/data/cache/2026-09-26/114923245746_ohlcv_9dea67364661.json
2026-09-26T08:55:00+00:00,DGvB8KyD79wFBJ7Kr7mW54qSfi7Yk3UrhJkcnTSd6frb,solana,PumpSwap,,,,,2026-09-26T00:06:55Z,4.853444963765255e-05,,,,,,,,,,,,,,,,,,,ohlcv_backfill,minute,5.111126046815986e-05,5.111126046815986e-05,4.853444963765255e-05,4.853444963765255e-05,334.54035479592625,/home/runner/work/Solana-Memecoin-Analysis/Solana-Memecoin-Analysis/data/cache/2026-09-26/114923245746_ohlcv_9dea67364661.json
2026-09-26T08:50:00+00:00,DGvB8KyD79wFBJ7Kr7mW54qSfi7Yk3UrhJkcnTSd6frb,solana,PumpSwap,,,,,2026-09-26T00:06:55Z,5.111126046815986e-05,,,,,,,,,,,,,,,,,,,ohlcv_backfill,minute,5.026381307467326e-05,5.143421893788723e-05,5.026381307467326e-05,5.111126046815986e-05,93.10464145149064,/home/runner/work/Solana-Memecoin-Analysis/Solana-Memecoin-Analysis/data/cache/2026-09-26/114923245746_ohlcv_9dea67364661.json
2026-09-26T08:45:00+00:00,DGvB8KyD79wFBJ7Kr7mW54qSfi7Yk3UrhJkcnTSd6frb,solana,PumpSwap,,,,,2026-09-26T00:06:55Z,5.026381307467326e-05,,,,,,,,,,,,,,,,,,,ohlcv_backfill,minute,4.9295817430989937e-05,5.1001356838822334e-05,4.8788564127533886e-05,5.026381307467326e-05,520.9462934034129,/home/runner/work/Solana-Memecoin-Analysis/Solana-Memecoin-Analysis/data/cache/2026-09-26/114923245746_ohlcv_9dea67364661.json
2026-09-26T08:40:00+00:00,DGvB8KyD79wFBJ7Kr7mW54qSfi7Yk3UrhJkcnTSd6frb,solana,PumpSwap,,,,,2026-09-26T00:06:55Z,4.9295817430989937e-05,,,,,,,,,,,,,,,,,,,ohlcv_backfill,minute,4.868187265330255e-05,5.001945388033594e-05,4.777434458810989e-05,4.9295817430989937e-05,1225.9358418624472,/home/runner/work/Solana-Memecoin-Analysis/Solana-Memecoin-Analysis/data/cache/2026-09-26/114923245746_ohlcv_9dea67364661.json
2026-09-26T08:35:00+00:00,DGvB8KyD79wFBJ7Kr7mW54qSfi7Yk3UrhJkcnTSd6frb,solana,PumpSwap,,,,,2026-09-26T00:06:55Z,4.868187265330255e-05,,,,,,,,,,,,,,,,,,,ohlcv_backfill,minute,4.0887689654003213e-05,4.868187265330255e-05,4.0761642675402105e-05,4.868187265330255e-05,1872.2806095127444,/home/runner/work/Solana-Memecoin-Analysis/Solana-Memecoin-Analysis/data/cache/2026-09-26/114923245746_ohlcv_9dea67364661.json
2026-09-26T08:30:00+00:00,DGvB8KyD79wFBJ7Kr7mW54qSfi7Yk3UrhJkcnTSd6frb,solana,PumpSwap,,,,,2026-09-26T00:06:55Z,4.0887689654003213e-05,,,,,,,,,,,,,,,,,,,ohlcv_backfill,minute,4.032755213783809e-05,4.0887689654003213e-05,4.032755213783809e-05,4.0887689654003213e-05,22.848173048347842,/home/runner/work/Solana-Memecoin-Analysis/Solana-Memecoin-Analysis/data/cache/2026-09-26/114923245746_ohlcv_9dea67364661.json
2026-09-26T08:25:00+00:00,DGvB8KyD79wFBJ7Kr7mW54qSfi7Yk3UrhJkcnTSd6frb,solana,PumpSwap,,,,,2026-09-26T00:06:55Z,4.032755213783809e-05,,,,,,,,,,,,,,,,,,,ohlcv_backfill,minute,4.0505917177640205e-05,4.0505917177640205e-05,3.9754969207389895e-05,4.032755213783809e-05,148.0144539687717,/home/runner/work/Solana-Memecoin-Analysis/Solana-Memecoin-Analysis/data/cache/2026-09-26/114923245746_ohlcv_9dea67364661.json
2026-09-26T08:15:00+00:00,DGvB8KyD79wFBJ7Kr7mW54qSfi7Yk3UrhJkcnTSd6frb,solana,PumpSwap,,,,,2026-09-26T00:06:55Z,4.0505917177640205e-05,,,,,,,,,,,,,,,,,,,ohlcv_backfill,minute,4.005490114410071e-05,4.0505917177640205e-05,4.005490114410071e-05,4.0505917177640205e-05,2.826079332584325,/home/runner/work/Solana-Memecoin-Analysis/Solana-Memecoin-Analysis/data/cache/2026-09-26/114923245746_ohlcv_9dea67364661.json
2026-09-26T08:05:00+00:00,DGvB8KyD79wFBJ7Kr7mW54qSfi7Yk3UrhJkcnTSd6frb,solana,PumpSwap,,,,,2026-09-26T00:06:55Z,4.005490114410071e-05,,,,,,,,,,,,,,,,,,,ohlcv_backfill,minute,4.093290080917462e-05,4.093290080917462e-05,4.005490114410071e-05,4.005490114410071e-05,27.888344296681286,/home/runner/work/Solana-Memecoin-Analysis/Solana-Memecoin-Analysis/data/cache/2026-09-26/114923245746_ohlcv_9dea67364661.json
2026-09-26T08:00:00+00:00,DGvB8KyD79wFBJ7Kr7mW54qSfi7Yk3UrhJkcnTSd6frb,solana,PumpSwap,,,,,2026-09-26T00:06:55Z,4.093290080917462e-05,,,,,,,,,,,,,,,,,,,ohlcv_backfill,minute,4.070637381949844e-05,4.093290080917462e-05,4.070637381949844e-05,4.093290080917462e-05,1.98555548012178,/home/runner/work/Solana-Memecoin-Analysis/Solana-Memecoin-Analysis/data/cache/2026-09-26/114923245746_ohlcv_9dea67364661.json
2026-09-26T07:55:00+00:00,DGvB8KyD79wFBJ7Kr7mW54qSfi7Yk3UrhJkcnTSd6frb,solana,PumpSwap,,,,,2026-09-26T00:06:55Z,4.070637381949844e-05,,,,,,,,,,,,,,,,,,,ohlcv_backfill,minute,4.065200956004235e-05,4.070637381949844e-05,4.065200956004235e-05,4.070637381949844e-05,4.032301610893828,/home/runner/work/Solana-Memecoin-Analysis/Solana-Memecoin-Analysis/data/cache/2026-09-26/114923245746_ohlcv_9dea67364661.json
2026-09-26T07:45:00+00:00,DGvB8KyD79wFBJ7Kr7mW54qSfi7Yk3UrhJkcnTSd6frb,solana,PumpSwap,,,,,2026-09-26T00:06:55Z,4.065200956004235e-05,,,,,,,,,,,,,,,,,,,ohlcv_backfill,minute,3.981831557591624e-05,4.065200956004235e-05,3.981831557591624e-05,4.065200956004235e-05,211.42214942476718,/home/runner/work/Solana-Memecoin-Analysis/Solana-Memecoin-Analysis/data/cache/2026-09-26/114923245746_ohlcv_9dea67364661.json
2026-09-26T07:35:00+00:00,DGvB8KyD79wFBJ7Kr7mW54qSfi7Yk3UrhJkcnTSd6frb,solana,PumpSwap,,,,,2026-09-26T00:06:55Z,3.981831557591624e-05,,,,,,,,,,,,,,,,,,,ohlcv_backfill,minute,3.9580021645045745e-05,3.981831557591624e-05,3.95531138681736e-05,3.981831557591624e-05,4.998676208014438,/home/runner/work/Solana-Memecoin-Analysis/Solana-Memecoin-Analysis/data/cache/2026-09-26/114923245746_ohlcv_9dea67364661.json
2026-09-26T07:20:00+00:00,DGvB8KyD79wFBJ7Kr7mW54qSfi7Yk3UrhJkcnTSd6frb,solana,PumpSwap,,,,,2026-09-26T00:06:55Z,3.9580021645045745e-05,,,,,,,,,,,,,,,,,,,ohlcv_backfill,minute,3.907665028225395e-05,3.9580021645045745e-05,3.895913398770811e-05,3.9580021645045745e-05,20.7527891983252,/home/runner/work/Solana-Memecoin-Analysis/Solana-Memecoin-Analysis/data/cache/2026-09-26/114923245746_ohlcv_9dea67364661.json
2026-09-26T07:15:00+00:00,DGvB8KyD79wFBJ7Kr7mW54qSfi7Yk3UrhJkcnTSd6frb,solana,PumpSwap,,,,,2026-09-26T00:06:55Z,3.907665028225395e-05,,,,,,,,,,,,,,,,,,,ohlcv_backfill,minute,3.9761045129998474e-05,3.9761045129998474e-05,3.907665028225395e-05,3.907665028225395e-05,4.958387782814732,/home/runner/work/Solana-Memecoin-Analysis/Solana-Memecoin-Analysis/data/cache/2026-09-26/114923245746_ohlcv_9dea67364661.json
2026-09-26T07:10:00+00:00,DGvB8KyD79wFBJ7Kr7mW54qSfi7Yk3UrhJkcnTSd6frb,solana,PumpSwap,,,,,2026-09-26T00:06:55Z,3.9761045129998474e-05,,,,,,,,,,,,,,,,,,,ohlcv_backfill,minute,3.9734619766206423e-05,3.978322507349705e-05,3.887113801628792e-05,3.9761045129998474e-05,183.53924965726404,/home/runner/work/Solana-Memecoin-Analysis/Solana-Memecoin-Analysis/data/cache/2026-09-26/114923245746_ohlcv_9dea67364661.json
2026-09-26T07:05:00+00:00,DGvB8KyD79wFBJ7Kr7mW54qSfi7Yk3UrhJkcnTSd6frb,solana,PumpSwap,,,,,2026-09-26T00:06:55Z,3.9734619766206423e-05,,,,,,,,,,,,,,,,,,,ohlcv_backfill,minute,3.894268190606075e-05,3.978450677351851e-05,3.894268190606075e-05,3.9734619766206423e-05,146.4196995195751,/home/runner/work/Solana-Memecoin-Analysis/Solana-Memecoin-Analysis/data/cache/2026-09-26/114923245746_ohlcv_9dea67364661.json
2026-09-26T07:00:00+00:00,DGvB8KyD79wFBJ7Kr7mW54qSfi7Yk3UrhJkcnTSd6frb,solana,PumpSwap,,,,,2026-09-26T00:06:55Z,3.894268190606075e-05,,,,,,,,,,,,,,,,,,,ohlcv_backfill,minute,3.8029933304973715e-05,3.894268190606075e-05,3.8029933304973715e-05,3.894268190606075e-05,137.05974157360012,/home/runner/work/Solana-Memecoin-Analysis/Solana-Memecoin-Analysis/data/cache/2026-09-26/114923245746_ohlcv_9dea67364661.json
2026-09-26T06:55:00+00:00,DGvB8KyD79wFBJ7Kr7mW54qSfi7Yk3UrhJkcnTSd6frb,solana,PumpSwap,,,,,2026-09-26T00:06:55Z,3.8029933304973715e-05,,,,,,,,,,,,,,,,,,,ohlcv_backfill,minute,3.8643839325827856e-05,3.8653063029302485e-05,3.8029933304973715e-05,3.8029933304973715e-05,16.62556230263097,/home/runner/work/Solana-Memecoin-Analysis/Solana-Memecoin-Analysis/data/cache/2026-09-26/114923245746_ohlcv_9dea67364661.json
2026-09-26T06:50:00+00:00,DGvB8KyD79wFBJ7Kr7mW54qSfi7Yk3UrhJkcnTSd6frb,solana,PumpSwap,,,,,2026-09-26T00:06:55Z,3.8643839325827856e-05,,,,,,,,,,,,,,,,,,,ohlcv_backfill,minute,3.802525096349059e-05,3.8643839325827856e-05,3.802525096349059e-05,3.8643839325827856e-05,20.784027553193962,/home/runner/work/Solana-Memecoin-Analysis/Solana-Memecoin-Analysis/data/cache/2026-09-26/114923245746_ohlcv_9dea67364661.json
2026-09-26T06:45:00+00:00,DGvB8KyD79wFBJ7Kr7mW54qSfi7Yk3UrhJkcnTSd6frb,solana,PumpSwap,,,,,2026-09-26T00:06:55Z,3.802525096349059e-05,,,,,,,,,,,,,,,,,,,ohlcv_backfill,minute,3.8546219826731925e-05,3.8583709346823664e-05,3.799906028280743e-05,3.802525096349059e-05,36.14343975954927,/home/runner/work/Solana-Memecoin-Analysis/Solana-Memecoin-Analysis/data/cache/2026-09-26/114923245746_ohlcv_9dea67364661.json
2026-09-26T06:40:00+00:00,DGvB8KyD79wFBJ7Kr7mW54qSfi7Yk3UrhJkcnTSd6frb,solana,PumpSwap,,,,,2026-09-26T00:06:55Z,3.8546219826731925e-05,,,,,,,,,,,,,,,,,,,ohlcv_backfill,minute,3.7733848138332954e-05,3.8546219826731925e-05,3.7733848138332954e-05,3.8546219826731925e-05,1.8688319894538126,/home/runner/work/Solana-Memecoin-Analysis/Solana-Memecoin-Analysis/data/cache/2026-09-26/114923245746_ohlcv_9dea67364661.json
2026-09-26T06:35:00+00:00,DGvB8KyD79wFBJ7Kr7mW54qSfi7Yk3UrhJkcnTSd6frb,solana,PumpSwap,,,,,2026-09-26T00:06:55Z,3.7733848138332954e-05,,,,,,,,,,,,,,,,,,,ohlcv_backfill,minute,3.847542591586861e-05,3.847542591586861e-05,3.7733848138332954e-05,3.7733848138332954e-05,2.8248999537689254,/home/runner/work/Solana-Memecoin-Analysis/Solana-Memecoin-Analysis/data/cache/2026-09-26/114923245746_ohlcv_9dea67364661.json
2026-09-26T06:25:00+00:00,DGvB8KyD79wFBJ7Kr7mW54qSfi7Yk3UrhJkcnTSd6frb,solana,PumpSwap,,,,,2026-09-26T00:06:55Z,3.847542591586861e-05,,,,,,,,,,,,,,,,,,,ohlcv_backfill,minute,4.277086215670824e-05,4.277086215670824e-05,3.847542591586861e-05,3.847542591586861e-05,758.4514736293104,/home/runner/work/Solana-Memecoin-Analysis/Solana-Memecoin-Analysis/data/cache/2026-09-26/114923245746_ohlcv_9dea67364661.json
2026-09-26T06:20:00+00:00,DGvB8KyD79wFBJ7Kr7mW54qSfi7Yk3UrhJkcnTSd6frb,solana,PumpSwap,,,,,2026-09-26T00:06:55Z,4.277086215670824e-05,,,,,,,,,,,,,,,,,,,ohlcv_backfill,minute,4.245804464159939e-05,4.353949148227989e-05,4.245804464159939e-05,4.277086215670824e-05,819.493881263266,/home/runner/work/Solana-Memecoin-Analysis/Solana-Memecoin-Analysis/data/cache/2026-09-26/114923245746_ohlcv_9dea67364661.json
2026-09-26T06:15:00+00:00,DGvB8KyD79wFBJ7Kr7mW54qSfi7Yk3UrhJkcnTSd6frb,solana,PumpSwap,,,,,2026-09-26T00:06:55Z,4.245804464159939e-05,,,,,,,,,,,,,,,,,,,ohlcv_backfill,minute,4.180543982976e-05,4.245804464159939e-05,4.180543982976e-05,4.245804464159939e-05,131.180779051937,/home/runner/work/Solana-Memecoin-Analysis/Solana-Memecoin-Analysis/data/cache/2026-09-26/114923245746_ohlcv_9dea67364661.json
2026-09-26T05:50:00+00:00,DGvB8KyD79wFBJ7Kr7mW54qSfi7Yk3UrhJkcnTSd6frb,solana,PumpSwap,,,,,2026-09-26T00:06:55Z,4.180543982976e-05,,,,,,,,,,,,,,,,,,,ohlcv_backfill,minute,3.841033433128446e-05,4.180543982976e-05,3.739492808490903e-05,4.180543982976e-05,810.8310393407106,/home/runner/work/Solana-Memecoin-Analysis/Solana-Memecoin-Analysis/data/cache/2026-09-26/114923245746_ohlcv_9dea67364661.json
2026-09-26T05:45:00+00:00,DGvB8KyD79wFBJ7Kr7mW54qSfi7Yk3UrhJkcnTSd6frb,solana,PumpSwap,,,,,2026-09-26T00:06:55Z,3.841033433128446e-05,,,,,,,,,,,,,,,,,,,ohlcv_backfill,minute,3.8210419228374626e-05,3.841033433128446e-05,3.778609870644809e-05,3.841033433128446e-05,79.80090593992094,/home/runner/work/Solana-Memecoin-Analysis/Solana-Memecoin-Analysis/data/cache/2026-09-26/114923245746_ohlcv_9dea67364661.json
2026-09-26T05:40:00+00:00,DGvB8KyD79wFBJ7Kr7mW54qSfi7Yk3UrhJkcnTSd6frb,solana,PumpSwap,,,,,2026-09-26T00:06:55Z,3.8210419228374626e-05,,,,,,,,,,,,,,,,,,,ohlcv_backfill,minute,3.7385777730851544e-05,3.8210419228374626e-05,3.7385777730851544e-05,3.8210419228374626e-05,137.5455859837077,/home/runner/work/Solana-Memecoin-Analysis/Solana-Memecoin-Analysis/data/cache/2026-09-26/114923245746_ohlcv_9dea67364661.json
2026-09-26T05:35:00+00:00,DGvB8KyD79wFBJ7Kr7mW54qSfi7Yk3UrhJkcnTSd6frb,solana,PumpSwap,,,,,2026-09-26T00:06:55Z,3.7385777730851544e-05,,,,,,,,,,,,,,,,,,,ohlcv_backfill,minute,3.675408764746334e-05,3.7385777730851544e-05,3.6733273968347475e-05,3.7385777730851544e-05,191.2726555262914,/home/runner/work/Solana-Memecoin-Analysis/Solana-Memecoin-Analysis/data/cache/2026-09-26/114923245746_ohlcv_9dea67364661.json
2026-09-26T05:30:00+00:00,DGvB8KyD79wFBJ7Kr7mW54qSfi7Yk3UrhJkcnTSd6frb,solana,PumpSwap,,,,,2026-09-26T00:06:55Z,3.675408764746334e-05,,,,,,,,,,,,,,,,,,,ohlcv_backfill,minute,3.6625933704515e-05,3.7145328626255254e-05,3.6625933704515e-05,3.675408764746334e-05,186.7229636517813,/home/runner/work/Solana-Memecoin-Analysis/Solana-Memecoin-Analysis/data/cache/2026-09-26/114923245746_ohlcv_9dea67364661.json
2026-09-26T05:25:00+00:00,DGvB8KyD79wFBJ7Kr7mW54qSfi7Yk3UrhJkcnTSd6frb,solana,PumpSwap,,,,,2026-09-26T00:06:55Z,3.6625933704515e-05,,,,,,,,,,,,,,,,,,,ohlcv_backfill,minute,3.729982986179456e-05,4.8643198384551017e-05,3.6625933704515e-05,3.6625933704515e-05,35.73008719364724,/home/runner/work/Solana-Memecoin-Analysis/Solana-Memecoin-Analysis/data/cache/2026-09-26/114923245746_ohlcv_9dea67364661.json
2026-09-26T05:20:00+00:00,DGvB8KyD79wFBJ7Kr7mW54qSfi7Yk3UrhJkcnTSd6frb,solana,PumpSwap,,,,,2026-09-26T00:06:55Z,3.729982986179456e-05,,,,,,,,,,,,,,,,,,,ohlcv_backfill,minute,3.5607518719957375e-05,4.837153958739918e-05,3.5607518719957375e-05,3.729982986179456e-05,34.196564099830496,/home/runner/work/Solana-Memecoin-Analysis/Solana-Memecoin-Analysis/data/cache/2026-09-26/114923245746_ohlcv_9dea67364661.json
2026-09-26T04:45:00+00:00,DGvB8KyD79wFBJ7Kr7mW54qSfi7Yk3UrhJkcnTSd6frb,solana,PumpSwap,,,,,2026-09-26T00:06:55Z,3.5607518719957375e-05,,,,,,,,,,,,,,,,,,,ohlcv_backfill,minute,3.5980445192780906e-05,3.5980445192780906e-05,3.5607518719957375e-05,3.5607518719957375e-05,4.101472205233895,/home/runner/work/Solana-Memecoin-Analysis/Solana-Memecoin-Analysis/data/cache/2026-09-26/114923245746_ohlcv_9dea67364661.json
2026-09-26T04:40:00+00:00,DGvB8KyD79wFBJ7Kr7mW54qSfi7Yk3UrhJkcnTSd6frb,solana,PumpSwap,,,,,2026-09-26T00:06:55Z,3.5980445192780906e-05,,,,,,,,,,,,,,,,,,,ohlcv_backfill,minute,3.602323565611852e-05,3.6163345485538296e-05,3.5980445192780906e-05,3.5980445192780906e-05,61.44615925679167,/home/runner/work/Solana-Memecoin-Analysis/Solana-Memecoin-Analysis/data/cache/2026-09-26/114923245746_ohlcv_9dea67364661.json
2026-09-26T04:35:00+00:00,DGvB8KyD79wFBJ7Kr7mW54qSfi7Yk3UrhJkcnTSd6frb,solana,PumpSwap,,,,,2026-09-26T00:06:55Z,3.602323565611852e-05,,,,,,,,,,,,,,,,,,,ohlcv_backfill,minute,3.540740105091728e-05,3.602323565611852e-05,3.540740105091728e-05,3.602323565611852e-05,104.39640943023522,/home/runner/work/Solana-Memecoin-Analysis/Solana-Memecoin-Analysis/data/cache/2026-09-26/114923245746_ohlcv_9dea67364661.json
2026-09-26T04:30:00+00:00,DGvB8KyD79wFBJ7Kr7mW54qSfi7Yk3UrhJkcnTSd6frb,solana,PumpSwap,,,,,2026-09-26T00:06:55Z,3.540740105091728e-05,,,,,,,,,,,,,,,,,,,ohlcv_backfill,minute,3.4613308077044326e-05,3.540740105091728e-05,3.4613308077044326e-05,3.540740105091728e-05,109.76363487274583,/home/runner/work/Solana-Memecoin-Analysis/Solana-Memecoin-Analysis/data/cache/2026-09-26/114923245746_ohlcv_9dea67364661.json
2026-09-26T04:20:00+00:00,DGvB8KyD79wFBJ7Kr7mW54qSfi7Yk3UrhJkcnTSd6frb,solana,PumpSwap,,,,,2026-09-26T00:06:55Z,3.4613308077044326e-05,,,,,,,,,,,,,,,,,,,ohlcv_backfill,minute,3.622011091311066e-05,3.622011091311066e-05,3.4613308077044326e-05,3.4613308077044326e-05,132.13782171165968,/home/runner/work/Solana-Memecoin-Analysis/Solana-Memecoin-Analysis/data/cache/2026-09-26/114923245746_ohlcv_9dea67364661.json
2026-09-26T04:15:00+00:00,DGvB8KyD79wFBJ7Kr7mW54qSfi7Yk3UrhJkcnTSd6frb,solana,PumpSwap,,,,,2026-09-26T00:06:55Z,3.622011091311066e-05,,,,,,,,,,,,,,,,,,,ohlcv_backfill,minute,4.016089592823579e-05,4.016089592823579e-05,3.622011091311066e-05,3.622011091311066e-05,977.7589741462384,/home/runner/work/Solana-Memecoin-Analysis/Solana-Memecoin-Analysis/data/cache/2026-09-26/114923245746_ohlcv_9dea67364661.json
2026-09-26T04:05:00+00:00,DGvB8KyD79wFBJ7Kr7mW54qSfi7Yk3UrhJkcnTSd6frb,solana,PumpSwap,,,,,2026-09-26T00:06:55Z,4.016089592823579e-05,,,,,,,,,,,,,,,,,,,ohlcv_backfill,minute,4.026219539654267e-05,4.026219539654267e-05,4.016089592823579e-05,4.016089592823579e-05,38.129296058405814,/home/runner/work/Solana-Memecoin-Analysis/Solana-Memecoin-Analysis/data/cache/2026-09-26/114923245746_ohlcv_9dea67364661.json
2026-09-26T04:00:00+00:00,DGvB8KyD79wFBJ7Kr7mW54qSfi7Yk3UrhJkcnTSd6frb,solana,PumpSwap,,,,,2026-09-26T00:06:55Z,4.026219539654267e-05,,,,,,,,,,,,,,,,,,,ohlcv_backfill,minute,4.057122956169054e-05,4.081382147876519e-05,4.026219539654267e-05,4.026219539654267e-05,36.43890451541081,/home/runner/work/Solana-Memecoin-Analysis/Solana-Memecoin-Analysis/data/cache/2026-09-26/114923245746_ohlcv_9dea67364661.json
2026-09-26T03:55:00+00:00,DGvB8KyD79wFBJ7Kr7mW54qSfi7Yk3UrhJkcnTSd6frb,solana,PumpSwap,,,,,2026-09-26T00:06:55Z,4.057122956169054e-05,,,,,,,,,,,,,,,,,,,ohlcv_backfill,minute,4.1149621408745954e-05,4.139121196146042e-05,4.047476375616572e-05,4.057122956169054e-05,300.66168079890764,/home/runner/work/Solana-Memecoin-Analysis/Solana-Memecoin-Analysis/data/cache/2026-09-26/114923245746_ohlcv_9dea67364661.json
2026-09-26T03:45:00+00:00,DGvB8KyD79wFBJ7Kr7mW54qSfi7Yk3UrhJkcnTSd6frb,solana,PumpSwap,,,,,2026-09-26T00:06:55Z,4.1149621408745954e-05,,,,,,,,,,,,,,,,,,,ohlcv_backfill,minute,4.110287664911089e-05,4.1149621408745954e-05,4.110287664911089e-05,4.1149621408745954e-05,1.1897916003813713,/home/runner/work/Solana-Memecoin-Analysis/Solana-Memecoin-Analysis/data/cache/2026-09-26/114923245746_ohlcv_9dea67364661.json
2026-09-26T03:40:00+00:00,DGvB8KyD79wFBJ7Kr7mW54qSfi7Yk3UrhJkcnTSd6frb,solana,PumpSwap,,,,,2026-09-26T00:06:55Z,4.110287664911089e-05,,,,,,,,,,,,,,,,,,,ohlcv_backfill,minute,4.114075257290789e-05,4.114075257290789e-05,4.110287664911089e-05,4.110287664911089e-05,8.919353891459766,/home/runner/work/Solana-Memecoin-Analysis/Solana-Memecoin-Analysis/data/cache/2026-09-26/114923245746_ohlcv_9dea67364661.json
2026-09-26T03:35:00+00:00,DGvB8KyD79wFBJ7Kr7mW54qSfi7Yk3UrhJkcnTSd6frb,solana,PumpSwap,,,,,2026-09-26T00:06:55Z,4.114075257290789e-05,,,,,,,,,,,,,,,,,,,ohlcv_backfill,minute,4.10941800512159e-05,4.114075257290789e-05,4.10941800512159e-05,4.114075257290789e-05,1.9263774373091889,/home/runner/work/Solana-Memecoin-Analysis/Solana-Memecoin-Analysis/data/cache/2026-09-26/114923245746_ohlcv_9dea67364661.json
2026-09-26T03:30:00+00:00,DGvB8KyD79wFBJ7Kr7mW54qSfi7Yk3UrhJkcnTSd6frb,solana,PumpSwap,,,,,2026-09-26T00:06:55Z,4.10941800512159e-05,,,,,,,,,,,,,,,,,,,ohlcv_backfill,minute,4.099182442759221e-05,4.10941800512159e-05,4.099182442759221e-05,4.10941800512159e-05,5.191392995139197,/home/runner/work/Solana-Memecoin-Analysis/Solana-Memecoin-Analysis/data/cache/2026-09-26/114923245746_ohlcv_9dea67364661.json
2026-09-26T03:20:00+00:00,DGvB8KyD79wFBJ7Kr7mW54qSfi7Yk3UrhJkcnTSd6frb,solana,PumpSwap,,,,,2026-09-26T00:06:55Z,4.099182442759221e-05,,,,,,,,,,,,,,,,,,,ohlcv_backfill,minute,4.0908128592837966e-05,4.099182442759221e-05,4.0908128592837966e-05,4.099182442759221e-05,11.909602021930914,/home/runner/work/Solana-Memecoin-Analysis/Solana-Memecoin-Analysis/data/cache/2026-09-26/114923245746_ohlcv_9dea67364661.json
2026-09-26T03:15:00+00:00,DGvB8KyD79wFBJ7Kr7mW54qSfi7Yk3UrhJkcnTSd6frb,solana,PumpSwap,,,,,2026-09-26T00:06:55Z,4.0908128592837966e-05,,,,,,,,,,,,,,,,,,,ohlcv_backfill,minute,3.9539788675352146e-05,4.0908128592837966e-05,3.945840749001021e-05,4.0908128592837966e-05,131.75909878906182,/home/runner/work/Solana-Memecoin-Analysis/Solana-Memecoin-Analysis/data/cache/2026-09-26/114923245746_ohlcv_9dea67364661.json
2026-09-26T03:10:00+00:00,DGvB8KyD79wFBJ7Kr7mW54qSfi7Yk3UrhJkcnTSd6frb,solana,PumpSwap,,,,,2026-09-26T00:06:55Z,3.9539788675352146e-05,,,,,,,,,,,,,,,,,,,ohlcv_backfill,minute,4.5646415856127884e-05,4.578014828544003e-05,3.9539788675352146e-05,3.9539788675352146e-05,939.3170339189651,/home/runner/work/Solana-Memecoin-Analysis/Solana-Memecoin-Analysis/data/cache/2026-09-26/114923245746_ohlcv_9dea67364661.json
2026-09-26T03:05:00+00:00,DGvB8KyD79wFBJ7Kr7mW54qSfi7Yk3UrhJkcnTSd6frb,solana,PumpSwap,,,,,2026-09-26T00:06:55Z,4.5646415856127884e-05,,,,,,,,,,,,,,,,,,,ohlcv_backfill,minute,4.878930225285105e-05,4.878930225285105e-05,4.5646415856127884e-05,4.5646415856127884e-05,493.21250787780986,/home/runner/work/Solana-Memecoin-Analysis/Solana-Memecoin-Analysis/data/cache/2026-09-26/114923245746_ohlcv_9dea67364661.json
2026-09-26T03:00:00+00:00,DGvB8KyD79wFBJ7Kr7mW54qSfi7Yk3UrhJkcnTSd6frb,solana,PumpSwap,,,,,2026-09-26T00:06:55Z,4.878930225285105e-05,,,,,,,,,,,,,,,,,,,ohlcv_backfill,minute,4.8764083938138405e-05,4.878930225285105e-05,4.773325916088775e-05,4.878930225285105e-05,39.7956677817734,/home/runner/work/Solana-Memecoin-Analysis/Solana-Memecoin-Analysis/data/cache/2026-09-26/114923245746_ohlcv_9dea67364661.json
2026-09-26T02:50:00+00:00,DGvB8KyD79wFBJ7Kr7mW54qSfi7Yk3UrhJkcnTSd6frb,solana,PumpSwap,,,,,2026-09-26T00:06:55Z,4.8764083938138405e-05,,,,,,,,,,,,,,,,,,,ohlcv_backfill,minute,4.726327860738262e-05,4.8764083938138405e-05,4.686781791304064e-05,4.8764083938138405e-05,154.35583549851341,/home/runner/work/Solana-Memecoin-Analysis/Solana-Memecoin-Analysis/data/cache/2026-09-26/114923245746_ohlcv_9dea67364661.json
2026-09-26T02:45:00+00:00,DGvB8KyD79wFBJ7Kr7mW54qSfi7Yk3UrhJkcnTSd6frb,solana,PumpSwap,,,,,2026-09-26T00:06:55Z,4.726327860738262e-05,,,,,,,,,,,,,,,,,,,ohlcv_backfill,minute,4.6331801661500374e-05,4.726327860738262e-05,4.6331801661500374e-05,4.726327860738262e-05,128.41781146985284,/home/runner/work/Solana-Memecoin-Analysis/Solana-Memecoin-Analysis/data/cache/2026-09-26/114923245746_ohlcv_9dea67364661.json
2026-09-26T02:40:00+00:00,DGvB8KyD79wFBJ7Kr7mW54qSfi7Yk3UrhJkcnTSd6frb,solana,PumpSwap,,,,,2026-09-26T00:06:55Z,4.6331801661500374e-05,,,,,,,,,,,,,,,,,,,ohlcv_backfill,minute,4.4823717968992765e-05,4.6331801661500374e-05,4.4823717968992765e-05,4.6331801661500374e-05,175.98310488731724,/home/runner/work/Solana-Memecoin-Analysis/Solana-Memecoin-Analysis/data/cache/2026-09-26/114923245746_ohlcv_9dea67364661.json
2026-09-26T02:35:00+00:00,DGvB8KyD79wFBJ7Kr7mW54qSfi7Yk3UrhJkcnTSd6frb,solana,PumpSwap,,,,,2026-09-26T00:06:55Z,4.4823717968992765e-05,,,,,,,,,,,,,,,,,,,ohlcv_backfill,minute,4.333132539033865e-05,4.4823717968992765e-05,4.333132539033865e-05,4.4823717968992765e-05,193.99857384788712,/home/runner/work/Solana-Memecoin-Analysis/Solana-Memecoin-Analysis/data/cache/2026-09-26/114923245746_ohlcv_9dea67364661.json
2026-09-26T02:30:00+00:00,DGvB8KyD79wFBJ7Kr7mW54qSfi7Yk3UrhJkcnTSd6frb,solana,PumpSwap,,,,,2026-09-26T00:06:55Z,4.333132539033865e-05,,,,,,,,,,,,,,,,,,,ohlcv_backfill,minute,4.681154297288485e-05,4.681154297288485e-05,4.286466934227009e-05,4.333132539033865e-05,540.2428978068785,/home/runner/work/Solana-Memecoin-Analysis/Solana-Memecoin-Analysis/data/cache/2026-09-26/114923245746_ohlcv_9dea67364661.json
2026-09-26T02:25:00+00:00,DGvB8KyD79wFBJ7Kr7mW54qSfi7Yk3UrhJkcnTSd6frb,solana,PumpSwap,,,,,2026-09-26T00:06:55Z,4.681154297288485e-05,,,,,,,,,,,,,,,,,,,ohlcv_backfill,minute,4.0486958952305e-05,4.681154297288485e-05,4.0486958952305e-05,4.681154297288485e-05,772.6674041671826,/home/runner/work/Solana-Memecoin-Analysis/Solana-Memecoin-Analysis/data/cache/2026-09-26/114923245746_ohlcv_9dea67364661.json
2026-09-26T02:20:00+00:00,DGvB8KyD79wFBJ7Kr7mW54qSfi7Yk3UrhJkcnTSd6frb,solana,PumpSwap,,,,,2026-09-26T00:06:55Z,4.0486958952305e-05,,,,,,,,,,,,,,,,,,,ohlcv_backfill,minute,3.993335223441457e-05,4.0486958952305e-05,3.982260763375046e-05,4.0486958952305e-05,20.43438568182793,/home/runner/work/Solana-Memecoin-Analysis/Solana-Memecoin-Analysis/data/cache/2026-09-26/114923245746_ohlcv_9dea67364661.json
2026-09-26T02:15:00+00:00,DGvB8KyD79wFBJ7Kr7mW54qSfi7Yk3UrhJkcnTSd6frb,solana,PumpSwap,,,,,2026-09-26T00:06:55Z,3.993335223441457e-05,,,,,,,,,,,,,,,,,,,ohlcv_backfill,minute,3.99425235302999e-05,3.99425235302999e-05,3.9925526648596635e-05,3.993335223441457e-05,1.0248806421942636,/home/runner/work/Solana-Memecoin-Analysis/Solana-Memecoin-Analysis/data/cache/2026-09-26/114923245746_ohlcv_9dea67364661.json
2026-09-26T02:10:00+00:00,DGvB8KyD79wFBJ7Kr7mW54qSfi7Yk3UrhJkcnTSd6frb,solana,PumpSwap,,,,,2026-09-26T00:06:55Z,3.99425235302999e-05,,,,,,,,,,,,,,,,,,,ohlcv_backfill,minute,3.981839843455e-05,4.0582880640502516e-05,3.981574839157006e-05,3.99425235302999e-05,130.23358553657786,/home/runner/work/Solana-Memecoin-Analysis/Solana-Memecoin-Analysis/data/cache/2026-09-26/114923245746_ohlcv_9dea67364661.json
2026-09-26T02:05:00+00:00,DGvB8KyD79wFBJ7Kr7mW54qSfi7Yk3UrhJkcnTSd6frb,solana,PumpSwap,,,,,2026-09-26T00:06:55Z,3.981839843455e-05,,,,,,,,,,,,,,,,,,,ohlcv_backfill,minute,4.1300095914631436e-05,4.1300095914631436e-05,3.927304733687109e-05,3.981839843455e-05,226.50561436347178,/home/runner/work/Solana-Memecoin-Analysis/Solana-Memecoin-Analysis/data/cache/2026-09-26/114923245746_ohlcv_9dea67364661.json
2026-09-26T02:00:00+00:00,DGvB8KyD79wFBJ7Kr7mW54qSfi7Yk3UrhJkcnTSd6frb,solana,PumpSwap,,,,,2026-09-26T00:06:55Z,4.1300095914631436e-05,,,,,,,,,,,,,,,,,,,ohlcv_backfill,minute,4.1264521794765636e-05,4.134554233883084e-05,4.1264521794765636e-05,4.1300095914631436e-05,6.346945406420669,/home/runner/work/Solana-Memecoin-Analysis/Solana-Memecoin-Analysis/data/cache/2026-09-26/114923245746_ohlcv_9dea67364661.json
2026-09-26T01:55:00+00:00,DGvB8KyD79wFBJ7Kr7mW54qSfi7Yk3UrhJkcnTSd6frb,solana,PumpSwap,,,,,2026-09-26T00:06:55Z,4.1264521794765636e-05,,,,,,,,,,,,,,,,,,,ohlcv_backfill,minute,4.406230589747273e-05,4.406230589747273e-05,4.064823263170589e-05,4.1264521794765636e-05,386.9672612187951,/home/runner/work/Solana-Memecoin-Analysis/Solana-Memecoin-Analysis/data/cache/2026-09-26/114923245746_ohlcv_9dea67364661.json
2026-09-26T01:50:00+00:00,DGvB8KyD79wFBJ7Kr7mW54qSfi7Yk3UrhJkcnTSd6frb,solana,PumpSwap,,,,,2026-09-26T00:06:55Z,4.406230589747273e-05,,,,,,,,,,,,,,,,,,,ohlcv_backfill,minute,4.388330642398559e-05,4.449240980216771e-05,4.388330642398559e-05,4.406230589747273e-05,23.81517973331633,/home/runner/work/Solana-Memecoin-Analysis/Solana-Memecoin-Analysis/data/cache/2026-09-26/114923245746_ohlcv_9dea67364661.json
2026-09-26T01:45:00+00:00,DGvB8KyD79wFBJ7Kr7mW54qSfi7Yk3UrhJkcnTSd6frb,solana,PumpSwap,,,,,2026-09-26T00:06:55Z,4.388330642398559e-05,,,,,,,,,,,,,,,,,,,ohlcv_backfill,minute,4.2722324699899104e-05,4.388330642398559e-05,4.2124401730210294e-05,4.388330642398559e-05,226.26234388840837,/home/runner/work/Solana-Memecoin-Analysis/Solana-Memecoin-Analysis/data/cache/2026-09-26/114923245746_ohlcv_9dea67364661.json
2026-09-26T01:40:00+00:00,DGvB8KyD79wFBJ7Kr7mW54qSfi7Yk3UrhJkcnTSd6frb,solana,PumpSwap,,,,,2026-09-26T00:06:55Z,4.2722324699899104e-05,,,,,,,,,,,,,,,,,,,ohlcv_backfill,minute,4.302593638954735e-05,4.302593638954735e-05,4.1997059448107215e-05,4.2722324699899104e-05,97.11936722867712,/home/runner/work/Solana-Memecoin-Analysis/Solana-Memecoin-Analysis/data/cache/2026-09-26/114923245746_ohlcv_9dea67364661.json
2026-09-26T01:35:00+00:00,DGvB8KyD79wFBJ7Kr7mW54qSfi7Yk3UrhJkcnTSd6frb,solana,PumpSwap,,,,,2026-09-26T00:06:55Z,4.302593638954735e-05,,,,,,,,,,,,,,,,,,,ohlcv_backfill,minute,4.17557121125458e-05,4.302593638954735e-05,4.17557121125458e-05,4.302593638954735e-05,145.6678058209744,/home/runner/work/Solana-Memecoin-Analysis/Solana-Memecoin-Analysis/data/cache/2026-09-26/114923245746_ohlcv_9dea67364661.json
2026-09-26T01:30:00+00:00,DGvB8KyD79wFBJ7Kr7mW54qSfi7Yk3UrhJkcnTSd6frb,solana,PumpSwap,,,,,2026-09-26T00:06:55Z,4.17557121125458e-05,,,,,,,,,,,,,,,,,,,ohlcv_backfill,minute,4.07239504169045e-05,4.17557121125458e-05,4.07239504169045e-05,4.17557121125458e-05,158.22832118733456,/home/runner/work/Solana-Memecoin-Analysis/Solana-Memecoin-Analysis/data/cache/2026-09-26/114923245746_ohlcv_9dea67364661.json
2026-09-26T01:25:00+00:00,DGvB8KyD79wFBJ7Kr7mW54qSfi7Yk3UrhJkcnTSd6frb,solana,PumpSwap,,,,,2026-09-26T00:06:55Z,4.07239504169045e-05,,,,,,,,,,,,,,,,,,,ohlcv_backfill,minute,3.8833614024516344e-05,4.07239504169045e-05,3.844405442411735e-05,4.07239504169045e-05,546.271375209138,/home/runner/work/Solana-Memecoin-Analysis/Solana-Memecoin-Analysis/data/cache/2026-09-26/114923245746_ohlcv_9dea67364661.json
2026-09-26T01:20:00+00:00,DGvB8KyD79wFBJ7Kr7mW54qSfi7Yk3UrhJkcnTSd6frb,solana,PumpSwap,,,,,2026-09-26T00:06:55Z,3.8833614024516344e-05,,,,,,,,,,,,,,,,,,,ohlcv_backfill,minute,3.798724171368468e-05,3.8833614024516344e-05,3.798724171368468e-05,3.8833614024516344e-05,98.89692922585537,/home/runner/work/Solana-Memecoin-Analysis/Solana-Memecoin-Analysis/data/cache/2026-09-26/114923245746_ohlcv_9dea67364661.json
2026-09-26T01:15:00+00:00,DGvB8KyD79wFBJ7Kr7mW54qSfi7Yk3UrhJkcnTSd6frb,solana,PumpSwap,,,,,2026-09-26T00:06:55Z,3.798724171368468e-05,,,,,,,,,,,,,,,,,,,ohlcv_backfill,minute,3.802738170184592e-05,3.868075853726668e-05,3.763059524791564e-05,3.798724171368468e-05,115.99381572824838,/home/runner/work/Solana-Memecoin-Analysis/Solana-Memecoin-Analysis/data/cache/2026-09-26/114923245746_ohlcv_9dea67364661.json
2026-09-26T01:10:00+00:00,DGvB8KyD79wFBJ7Kr7mW54qSfi7Yk3UrhJkcnTSd6frb,solana,PumpSwap,,,,,2026-09-26T00:06:55Z,3.802738170184592e-05,,,,,,,,,,,,,,,,,,,ohlcv_backfill,minute,3.5352485035233294e-05,3.802738170184592e-05,3.5352485035233294e-05,3.802738170184592e-05,347.3620209429194,/home/runner/work/Solana-Memecoin-Analysis/Solana-Memecoin-Analysis/data/cache/2026-09-26/114923245746_ohlcv_9dea67364661.json
2026-09-26T01:05:00+00:00,DGvB8KyD79wFBJ7Kr7mW54qSfi7Yk3UrhJkcnTSd6frb,solana,PumpSwap,,,,,2026-09-26T00:06:55Z,3.5352485035233294e-05,,,,,,,,,,,,,,,,,,,ohlcv_backfill,minute,3.284692807322261e-05,3.67697217601365e-05,3.284692807322261e-05,3.5352485035233294e-05,1649.7634117877756,/home/runner/work/Solana-Memecoin-Analysis/Solana-Memecoin-Analysis/data/cache/2026-09-26/114923245746_ohlcv_9dea67364661.json
2026-09-26T01:00:00+00:00,DGvB8KyD79wFBJ7Kr7mW54qSfi7Yk3UrhJkcnTSd6frb,solana,PumpSwap,,,,,2026-09-26T00:06:55Z,3.284692807322261e-05,,,,,,,,,,,,,,,,,,,ohlcv_backfill,minute,3.2817172593111475e-05,3.300769514847616e-05,3.23787131722622e-05,3.284692807322261e-05,211.53462797017048,/home/runner/work/Solana-Memecoin-Analysis/Solana-Memecoin-Analysis/data/cache/2026-09-26/114923245746_ohlcv_9dea67364661.json
2026-09-26T00:55:00+00:00,DGvB8KyD79wFBJ7Kr7mW54qSfi7Yk3UrhJkcnTSd6frb,solana,PumpSwap,,,,,2026-09-26T00:06:55Z,3.2817172593111475e-05,,,,,,,,,,,,,,,,,,,ohlcv_backfill,minute,2.8302814868802942e-05,3.360302282039823e-05,2.8302814868802942e-05,3.2817172593111475e-05,820.9299153570659,/home/runner/work/Solana-Memecoin-Analysis/Solana-Memecoin-Analysis/data/cache/2026-09-26/114923245746_ohlcv_9dea67364661.json
2026-09-26T00:50:00+00:00,DGvB8KyD79wFBJ7Kr7mW54qSfi7Yk3UrhJkcnTSd6frb,solana,PumpSwap,,,,,2026-09-26T00:06:55Z,2.8302814868802942e-05,,,,,,,,,,,,,,,,,,,ohlcv_backfill,minute,4.811726022586965e-05,4.811726022586965e-05,2.370551610504943e-05,2.8302814868802942e-05,5208.60083626312,/home/runner/work/Solana-Memecoin-Analysis/Solana-Memecoin-Analysis/data/cache/2026-09-26/114923245746_ohlcv_9dea67364661.json
2026-09-26T00:45:00+00:00,DGvB8KyD79wFBJ7Kr7mW54qSfi7Yk3UrhJkcnTSd6frb,solana,PumpSwap,,,,,2026-09-26T00:06:55Z,4.811726022586965e-05,,,,,,,,,,,,,,,,,,,ohlcv_backfill,minute,4.768404118056776e-05,4.842826105540678e-05,4.755632576886884e-05,4.811726022586965e-05,240.30585488729943,/home/runner/work/Solana-Memecoin-Analysis/Solana-Memecoin-Analysis/data/cache/2026-09-26/114923245746_ohlcv_9dea67364661.json
2026-09-26T00:40:00+00:00,DGvB8KyD79wFBJ7Kr7mW54qSfi7Yk3UrhJkcnTSd6frb,solana,PumpSwap,,,,,2026-09-26T00:06:55Z,4.768404118056776e-05,,,,,,,,,,,,,,,,,,,ohlcv_backfill,minute,4.703309136665806e-05,5.0753889304540036e-05,4.623166193485996e-05,4.768404118056776e-05,1081.9145147439715,/home/runner/work/Solana-Memecoin-Analysis/Solana-Memecoin-Analysis/data/cache/2026-09-26/114923245746_ohlcv_9dea67364661.json
2026-09-26T00:35:00+00:00,DGvB8KyD79wFBJ7Kr7mW54qSfi7Yk3UrhJkcnTSd6frb,solana,PumpSwap,,,,,2026-09-26T00:06:55Z,4.703309136665806e-05,,,,,,,,,,,,,,,,,,,ohlcv_backfill,minute,4.2890161951927425e-05,5.590623735264111e-05,4.2890161951927425e-05,4.703309136665806e-05,3172.672520800273,/home/runner/work/Solana-Memecoin-Analysis/Solana-Memecoin-Analysis/data/cache/2026-09-26/114923245746_ohlcv_9dea67364661.json
2026-09-26T00:30:00+00:00,DGvB8KyD79wFBJ7Kr7mW54qSfi7Yk3UrhJkcnTSd6frb,solana,PumpSwap,,,,,2026-09-26T00:06:55Z,4.2890161951927425e-05,,,,,,,,,,,,,,,,,,,ohlcv_backfill,minute,3.803530538667785e-05,4.2890161951927425e-05,3.704676156755972e-05,4.2890161951927425e-05,965.6929975254875,/home/runner/work/Solana-Memecoin-Analysis/Solana-Memecoin-Analysis/data/cache/2026-09-26/114923245746_ohlcv_9dea67364661.json
2026-09-26T00:25:00+00:00,DGvB8KyD79wFBJ7Kr7mW54qSfi7Yk3UrhJkcnTSd6frb,solana,PumpSwap,,,,,2026-09-26T00:06:55Z,3.803530538667785e-05,,,,,,,,,,,,,,,,,,,ohlcv_backfill,minute,4.128100784294951e-05,4.17630159373011e-05,3.803530538667785e-05,3.803530538667785e-05,553.6602792417367,/home/runner/work/Solana-Memecoin-Analysis/Solana-Memecoin-Analysis/data/cache/2026-09-26/114923245746_ohlcv_9dea67364661.json
2026-09-26T00:20:00+00:00,DGvB8KyD79wFBJ7Kr7mW54qSfi7Yk3UrhJkcnTSd6frb,solana,PumpSwap,,,,,2026-09-26T00:06:55Z,4.128100784294951e-05,,,,,,,,,,,,,,,,,,,ohlcv_backfill,minute,4.257513503360934e-05,4.741384971977476e-05,4.128100784294951e-05,4.128100784294951e-05,1652.8532486985596,/home/runner/work/Solana-Memecoin-Analysis/Solana-Memecoin-Analysis/data/cache/2026-09-26/114923245746_ohlcv_9dea67364661.json
2026-09-26T00:15:00+00:00,DGvB8KyD79wFBJ7Kr7mW54qSfi7Yk3UrhJkcnTSd6frb,solana,PumpSwap,,,,,2026-09-26T00:06:55Z,4.257513503360934e-05,,,,,,,,,,,,,,,,,,,ohlcv_backfill,minute,4.0344389538331637e-05,4.4455172012668426e-05,4.0103008396955534e-05,4.257513503360934e-05,2029.6070090035432,/home/runner/work/Solana-Memecoin-Analysis/Solana-Memecoin-Analysis/data/cache/2026-09-26/114923245746_ohlcv_9dea67364661.json
2026-09-26T00:10:00+00:00,DGvB8KyD79wFBJ7Kr7mW54qSfi7Yk3UrhJkcnTSd6frb,solana,PumpSwap,,,,,2026-09-26T00:06:55Z,4.0344389538331637e-05,,,,,,,,,,,,,,,,,,,ohlcv_backfill,minute,4.076454095583162e-05,4.993420060713631e-05,3.4114324697514155e-05,4.0344389538331637e-05,8472.488042020088,/home/runner/work/Solana-Memecoin-Analysis/Solana-Memecoin-Analysis/data/cache/2026-09-26/114923245746_ohlcv_9dea67364661.json
2026-09-26T00:05:00+00:00,DGvB8KyD79wFBJ7Kr7mW54qSfi7Yk3UrhJkcnTSd6frb,solana,PumpSwap,,,,,2026-09-26T00:06:55Z,4.076454095583162e-05,,,,,,,,,,,,,,,,,,,ohlcv_backfill,minute,5.1703457270492565e-05,6.187406753614887e-05,3.102683671374438e-05,4.076454095583162e-05,22618.70547676961,/home/runner/work/Solana-Memecoin-Analysis/Solana-Memecoin-Analysis/data/cache/2026-09-26/114923245746_ohlcv_9dea67364661.json
2026-09-26T11:45:00+00:00,6tuhHpYSinf41V39KW3JmpVUaxehcabCbHZqqFnwR6xf,solana,PumpSwap,,,,,2026-09-15T19:26:05Z,0.004781964933404311,,,,,,,,,,,,,,,,,,,ohlcv_backfill,minute,0.004862520946525998,0.00489250504504031,0.004781964933404311,0.004781964933404311,5253.282745028937,/home/runner/work/Solana-Memecoin-Analysis/Solana-Memecoin-Analysis/data/cache/2026-09-26/114929544750_ohlcv_937604c2416e.json
2026-09-26T11:40:00+00:00,6tuhHpYSinf41V39KW3JmpVUaxehcabCbHZqqFnwR6xf,solana,PumpSwap,,,,,2026-09-15T19:26:05Z,0.004862520946525998,,,,,,,,,,,,,,,,,,,ohlcv_backfill,minute,0.004927726473282202,0.005060865313701997,0.0048491275187051335,0.004862520946525998,7920.852892669397,/home/runner/work/Solana-Memecoin-Analysis/Solana-Memecoin-Analysis/data/cache/2026-09-26/114929544750_ohlcv_937604c2416e.json
2026-09-26T11:35:00+00:00,6tuhHpYSinf41V39KW3JmpVUaxehcabCbHZqqFnwR6xf,solana,PumpSwap,,,,,2026-09-15T19:26:05Z,0.004927726473282202,,,,,,,,,,,,,,,,,,,ohlcv_backfill,minute,0.005054262947878658,0.0052507218948896015,0.004927726473282202,0.004927726473282202,16906.415268603283,/home/runner/work/Solana-Memecoin-Analysis/Solana-Memecoin-Analysis/data/cache/2026-09-26/114929544750_ohlcv_937604c2416e.json
2026-09-26T11:30:00+00:00,6tuhHpYSinf41V39KW3JmpVUaxehcabCbHZqqFnwR6xf,solana,PumpSwap,,,,,2026-09-15T19:26:05Z,0.005054262947878658,,,,,,,,,,,,,,,,,,,ohlcv_backfill,minute,0.00488558647164932,0.005104970340981602,0.0048827672602484076,0.005054262947878658,4211.724264939277,/home/runner/work/Solana-Memecoin-Analysis/Solana-Memecoin-Analysis/data/cache/2026-09-26/114929544750_ohlcv_937604c2416e.json
2026-09-26T11:25:00+00:00,6tuhHpYSinf41V39KW3JmpVUaxehcabCbHZqqFnwR6xf,solana,PumpSwap,,,,,2026-09-15T19:26:05Z,0.00488558647164932,,,,,,,,,,,,,,,,,,,ohlcv_backfill,minute,0.004982630665234193,0.0050064818243835945,0.00480369548014616,0.00488558647164932,8452.771286528136,/home/runner/work/Solana-Memecoin-Analysis/Solana-Memecoin-Analysis/data/cache/2026-09-26/114929544750_ohlcv_937604c2416e.json
2026-09-26T11:20:00+00:00,6tuhHpYSinf41V39KW3JmpVUaxehcabCbHZqqFnwR6xf,solana,PumpSwap,,,,,2026-09-15T19:26:05Z,0.004982630665234193,,,,,,,,,,,,,,,,,,,ohlcv_backfill,minute,0.005240927956155816,0.005248560075500726,0.004982630665234193,0.004982630665234193,8006.52219579916,/home/runner/work/Solana-Memecoin-Analysis/Solana-Memecoin-Analysis/data/cache/2026-09-26/114929544750_ohlcv_937604c2416e.json
2026-09-26T11:15:00+00:00,6tuhHpYSinf41V39KW3JmpVUaxehcabCbHZqqFnwR6xf,solana,PumpSwap,,,,,2026-09-15T19:26:05Z,0.005240927956155816,,,,,,,,,,,,,,,,,,,ohlcv_backfill,minute,0.005361545718579451,0.005485185394432492,0.005105895330890836,0.005240927956155816,24376.031971918997,/home/runner/work/Solana-Memecoin-Analysis/Solana-Memecoin-Analysis/data/cache/2026-09-26/114929544750_ohlcv_937604c2416e.json
2026-09-26T11:10:00+00:00,6tuhHpYSinf41V39KW3JmpVUaxehcabCbHZqqFnwR6xf,solana,PumpSwap,,,,,2026-09-15T19:26:05Z,0.005361545718579451,,,,,,,,,,,,,,,,,,,ohlcv_backfill,minute,0.005012701925174541,0.0058632705991991715,0.005005817758269599,0.005361545718579451,40264.846111258325,/home/runner/work/Solana-Memecoin-Analysis/Solana-Memecoin-Analysis/data/cache/2026-09-26/114929544750_ohlcv_937604c2416e.json
2026-09-26T11:05:00+00:00,6tuhHpYSinf41V39KW3JmpVUaxehcabCbHZqqFnwR6xf,solana,PumpSwap,,,,,2026-09-15T19:26:05Z,0.005012701925174541,,,,,,,,,,,,,,,,,,,ohlcv_backfill,minute,0.005108295233466396,0.005383285821368874,0.0048400718998913754,0.005012701925174541,35317.98188016889,/home/runner/work/Solana-Memecoin-Analysis/Solana-Memecoin-Analysis/data/cache/2026-09-26/114929544750_ohlcv_937604c2416e.json
2026-09-26T11:00:00+00:00,6tuhHpYSinf41V39KW3JmpVUaxehcabCbHZqqFnwR6xf,solana,PumpSwap,,,,,2026-09-15T19:26:05Z,0.005108295233466396,,,,,,,,,,,,,,,,,,,ohlcv_backfill,minute,0.006112473672508859,0.006153302023215273,0.005065038263294486,0.005108295233466396,40003.61510875307,/home/runner/work/Solana-Memecoin-Analysis/Solana-Memecoin-Analysis/data/cache/2026-09-26/114929544750_ohlcv_937604c2416e.json
2026-09-26T10:55:00+00:00,6tuhHpYSinf41V39KW3JmpVUaxehcabCbHZqqFnwR6xf,solana,PumpSwap,,,,,2026-09-15T19:26:05Z,0.006112473672508859,,,,,,,,,,,,,,,,,,,ohlcv_backfill,minute,0.004811902297163805,0.006415162563598889,0.004734304171447802,0.006112473672508859,47302.60253385989,/home/runner/work/Solana-Memecoin-Analysis/Solana-Memecoin-Analysis/data/cache/2026-09-26/114929544750_ohlcv_937604c2416e.json
2026-09-26T10:50:00+00:00,6tuhHpYSinf41V39KW3JmpVUaxehcabCbHZqqFnwR6xf,solana,PumpSwap,,,,,2026-09-15T19:26:05Z,0.004811902297163805,,,,,,,,,,,,,,,,,,,ohlcv_backfill,minute,0.004749218305571973,0.004948255621010399,0.004749218305571973,0.004811902297163805,6634.955809627559,/home/runner/work/Solana-Memecoin-Analysis/Solana-Memecoin-Analysis/data/cache/2026-09-26/114929544750_ohlcv_937604c2416e.json
2026-09-26T10:45:00+00:00,6tuhHpYSinf41V39KW3JmpVUaxehcabCbHZqqFnwR6xf,solana,PumpSwap,,,,,2026-09-15T19:26:05Z,0.004749218305571973,,,,,,,,,,,,,,,,,,,ohlcv_backfill,minute,0.004805560775374752,0.004849171389914426,0.004586729751763472,0.004749218305571973,14320.053884012294,/home/runner/work/Solana-Memecoin-Analysis/Solana-Memecoin-Analysis/data/cache/2026-09-26/114929544750_ohlcv_937604c2416e.json
2026-09-26T10:40:00+00:00,6tuhHpYSinf41V39KW3JmpVUaxehcabCbHZqqFnwR6xf,solana,PumpSwap,,,,,2026-09-15T19:26:05Z,0.004805560775374752,,,,,,,,,,,,,,,,,,,ohlcv_backfill,minute,0.005017683221770462,0.005304200628212052,0.004805560775374752,0.004805560775374752,19954.881569181987,/home/runner/work/Solana-Memecoin-Analysis/Solana-Memecoin-Analysis/data/cache/2026-09-26/114929544750_ohlcv_937604c2416e.json
2026-09-26T10:35:00+00:00,6tuhHpYSinf41V39KW3JmpVUaxehcabCbHZqqFnwR6xf,solana,PumpSwap,,,,,2026-09-15T19:26:05Z,0.005017683221770462,,,,,,,,,,,,,,,,,,,ohlcv_backfill,minute,0.005173865813533144,0.005182277369111103,0.004792796648763028,0.005017683221770462,18668.224736791675,/home/runner/work/Solana-Memecoin-Analysis/Solana-Memecoin-Analysis/data/cache/2026-09-26/114929544750_ohlcv_937604c2416e.json
2026-09-26T10:30:00+00:00,6tuhHpYSinf41V39KW3JmpVUaxehcabCbHZqqFnwR6xf,solana,PumpSwap,,,,,2026-09-15T19:26:05Z,0.005173865813533144,,,,,,,,,,,,,,,,,,,ohlcv_backfill,minute,0.004182376579980999,0.005200334396602041,0.004176987505060781,0.005173865813533144,30476.6837572062,/home/runner/work/Solana-Memecoin-Analysis/Solana-Memecoin-Analysis/data/cache/2026-09-26/114929544750_ohlcv_937604c2416e.json
2026-09-26T10:25:00+00:00,6tuhHpYSinf41V39KW3JmpVUaxehcabCbHZqqFnwR6xf,solana,PumpSwap,,,,,2026-09-15T19:26:05Z,0.004182376579980999,,,,,,,,,,,,,,,,,,,ohlcv_backfill,minute,0.004128237146540356,0.0043066327939128195,0.004125064084319318,0.004182376579980999,8181.592423699068,/home/runner/work/Solana-Memecoin-Analysis/Solana-Memecoin-Analysis/data/cache/2026-09-26/114929544750_ohlcv_937604c2416e.json
2026-09-26T10:20:00+00:00,6tuhHpYSinf41V39KW3JmpVUaxehcabCbHZqqFnwR6xf,solana,PumpSwap,,,,,2026-09-15T19:26:05Z,0.004128237146540356,,,,,,,,,,,,,,,,,,,ohlcv_backfill,minute,0.00418247134611718,0.004348770451086281,0.004064988894326259,0.004128237146540356,21004.139694538535,/home/runner/work/Solana-Memecoin-Analysis/Solana-Memecoin-Analysis/data/cache/2026-09-26/114929544750_ohlcv_937604c2416e.json
2026-09-26T10:15:00+00:00,6tuhHpYSinf41V39KW3JmpVUaxehcabCbHZqqFnwR6xf,solana,PumpSwap,,,,,2026-09-15T19:26:05Z,0.00418247134611718,,,,,,,,,,,,,,,,,,,ohlcv_backfill,minute,0.004003411469321502,0.004186778631283342,0.004003411469321502,0.00418247134611718,7947.987538215187,/home/runner/work/Solana-Memecoin-Analysis/Solana-Memecoin-Analysis/data/cache/2026-09-26/114929544750_ohlcv_937604c2416e.json
2026-09-26T10:10:00+00:00,6tuhHpYSinf41V39KW3JmpVUaxehcabCbHZqqFnwR6xf,solana,PumpSwap,,,,,2026-09-15T19:26:05Z,0.004003411469321502,,,,,,,,,,,,,,,,,,,ohlcv_backfill,minute,0.004281057940418715,0.004307773930328532,0.003953106665517719,0.004003411469321502,9873.405244296762,/home/runner/work/Solana-Memecoin-Analysis/Solana-Memecoin-Analysis/data/cache/2026-09-26/114929544750_ohlcv_937604c2416e.json
2026-09-26T10:05:00+00:00,6tuhHpYSinf41V39KW3JmpVUaxehcabCbHZqqFnwR6xf,solana,PumpSwap,,,,,2026-09-15T19:26:05Z,0.004281057940418715,,,,,,,,,,,,,,,,,,,ohlcv_backfill,minute,0.004244237733276462,0.004357665275972951,0.00424338430482971,0.004281057940418715,2811.24177301626,/home/runner/work/Solana-Memecoin-Analysis/Solana-Memecoin-Analysis/data/cache/2026-09-26/114929544750_ohlcv_937604c2416e.json
2026-09-26T10:00:00+00:00,6tuhHpYSinf41V39KW3JmpVUaxehcabCbHZqqFnwR6xf,solana,PumpSwap,,,,,2026-09-15T19:26:05Z,0.004244237733276462,,,,,,,,,,,,,,,,,,,ohlcv_backfill,minute,0.004325968864142,0.004325968864142,0.004184682082037729,0.004244237733276462,3104.0765394336618,/home/runner/work/Solana-Memecoin-Analysis/Solana-Memecoin-Analysis/data/cache/2026-09-26/114929544750_ohlcv_937604c2416e.json
2026-09-26T09:55:00+00:00,6tuhHpYSinf41V39KW3JmpVUaxehcabCbHZqqFnwR6xf,solana,PumpSwap,,,,,2026-09-15T19:26:05Z,0.004325968864142,,,,,,,,,,,,,,,,,,,ohlcv_backfill,minute,0.004475213552421371,0.004475897283368618,0.004325968864142,0.004325968864142,4271.059178848636,/home/runner/work/Solana-Memecoin-Analysis/Solana-Memecoin-Analysis/data/cache/2026-09-26/114929544750_ohlcv_937604c2416e.json
2026-09-26T09:50:00+00:00,6tuhHpYSinf41V39KW3JmpVUaxehcabCbHZqqFnwR6xf,solana,PumpSwap,,,,,2026-09-15T19:26:05Z,0.004475213552421371,,,,,,,,,,,,,,,,,,,ohlcv_backfill,minute,0.004350660055689409,0.004565089670610659,0.004350660055689409,0.004475213552421371,10132.151159425372,/home/runner/work/Solana-Memecoin-Analysis/Solana-Memecoin-Analysis/data/cache/2026-09-26/114929544750_ohlcv_937604c2416e.json
2026-09-26T09:45:00+00:00,6tuhHpYSinf41V39KW3JmpVUaxehcabCbHZqqFnwR6xf,solana,PumpSwap,,,,,2026-09-15T19:26:05Z,0.004350660055689409,,,,,,,,,,,,,,,,,,,ohlcv_backfill,minute,0.004074978206786811,0.004415853229320452,0.004074978206786811,0.004350660055689409,13492.301846387598,/home/runner/work/Solana-Memecoin-Analysis/Solana-Memecoin-Analysis/data/cache/2026-09-26/114929544750_ohlcv_937604c2416e.json
2026-09-26T09:40:00+00:00,6tuhHpYSinf41V39KW3JmpVUaxehcabCbHZqqFnwR6xf,solana,PumpSwap,,,,,2026-09-15T19:26:05Z,0.004074978206786811,,,,,,,,,,,,,,,,,,,ohlcv_backfill,minute,0.0038487034001011265,0.004116621737812604,0.003788090820821936,0.004074978206786811,15686.749863886045,/home/runner/work/Solana-Memecoin-Analysis/Solana-Memecoin-Analysis/data/cache/2026-09-26/114929544750_ohlcv_937604c2416e.json
2026-09-26T09:35:00+00:00,6tuhHpYSinf41V39KW3JmpVUaxehcabCbHZqqFnwR6xf,solana,PumpSwap,,,,,2026-09-15T19:26:05Z,0.0038487034001011265,,,,,,,,,,,,,,,,,,,ohlcv_backfill,minute,0.0040122058284684245,0.004054570674415492,0.003795051082924434,0.0038487034001011265,11260.823890618616,/home/runner/work/Solana-Memecoin-Analysis/Solana-Memecoin-Analysis/data/cache/2026-09-26/114929544750_ohlcv_937604c2416e.json
2026-09-26T09:30:00+00:00,6tuhHpYSinf41V39KW3JmpVUaxehcabCbHZqqFnwR6xf,solana,PumpSwap,,,,,2026-09-15T19:26:05Z,0.0040122058284684245,,,,,,,,,,,,,,,,,,,ohlcv_backfill,minute,0.004035656605086552,0.004087982451926589,0.003902094348606387,0.0040122058284684245,9061.374128574498,/home/runner/work/Solana-Memecoin-Analysis/Solana-Memecoin-Analysis/data/cache/2026-09-26/114929544750_ohlcv_937604c2416e.json
2026-09-26T09:25:00+00:00,6tuhHpYSinf41V39KW3JmpVUaxehcabCbHZqqFnwR6xf,solana,PumpSwap,,,,,2026-09-15T19:26:05Z,0.004035656605086552,,,,,,,,,,,,,,,,,,,ohlcv_backfill,minute,0.004162346610518592,0.004220294190149165,0.004035656605086552,0.004035656605086552,7693.868868031993,/home/runner/work/Solana-Memecoin-Analysis/Solana-Memecoin-Analysis/data/cache/2026-09-26/114929544750_ohlcv_937604c2416e.json
2026-09-26T09:20:00+00:00,6tuhHpYSinf41V39KW3JmpVUaxehcabCbHZqqFnwR6xf,solana,PumpSwap,,,,,2026-09-15T19:26:05Z,0.004162346610518592,,,,,,,,,,,,,,,,,,,ohlcv_backfill,minute,0.004238164917761502,0.004251054988629187,0.004124039842265204,0.004162346610518592,2626.9275558383806,/home/runner/work/Solana-Memecoin-Analysis/Solana-Memecoin-Analysis/data/cache/2026-09-26/114929544750_ohlcv_937604c2416e.json
2026-09-26T09:15:00+00:00,6tuhHpYSinf41V39KW3JmpVUaxehcabCbHZqqFnwR6xf,solana,PumpSwap,,,,,2026-09-15T19:26:05Z,0.004238164917761502,,,,,,,,,,,,,,,,,,,ohlcv_backfill,minute,0.004188455263618242,0.004263146960798536,0.0038946386645870496,0.004238164917761502,20815.202495926504,/home/runner/work/Solana-Memecoin-Analysis/Solana-Memecoin-Analysis/data/cache/2026-09-26/114929544750_ohlcv_937604c2416e.json
2026-09-26T09:10:00+00:00,6tuhHpYSinf41V39KW3JmpVUaxehcabCbHZqqFnwR6xf,solana,PumpSwap,,,,,2026-09-15T19:26:05Z,0.004188455263618242,,,,,,,,,,,,,,,,,,,ohlcv_backfill,minute,0.004587332171049289,0.004589532531183231,0.004177113349745481,0.004188455263618242,11979.228807853024,/home/runner/work/Solana-Memecoin-Analysis/Solana-Memecoin-Analysis/data/cache/2026-09-26/114929544750_ohlcv_937604c2416e.json
2026-09-26T09:05:00+00:00,6tuhHpYSinf41V39KW3JmpVUaxehcabCbHZqqFnwR6xf,solana,PumpSwap,,,,,2026-09-15T19:26:05Z,0.004587332171049289,,,,,,,,,,,,,,,,,,,ohlcv_backfill,minute,0.004304986760845131,0.004587332171049289,0.004300304935921691,0.004587332171049289,14558.657031270906,/home/runner/work/Solana-Memecoin-Analysis/Solana-Memecoin-Analysis/data/cache/2026-09-26/114929544750_ohlcv_937604c2416e.json
2026-09-26T09:00:00+00:00,6tuhHpYSinf41V39KW3JmpVUaxehcabCbHZqqFnwR6xf,solana,PumpSwap,,,,,2026-09-15T19:26:05Z,0.004304986760845131,,,,,,,,,,,,,,,,,,,ohlcv_backfill,minute,0.00469552614014641,0.004762705366945208,0.004299837447863575,0.004304986760845131,15052.344348261342,/home/runner/work/Solana-Memecoin-Analysis/Solana-Memecoin-Analysis/data/cache/2026-09-26/114929544750_ohlcv_937604c2416e.json
2026-09-26T08:55:00+00:00,6tuhHpYSinf41V39KW3JmpVUaxehcabCbHZqqFnwR6xf,solana,PumpSwap,,,,,2026-09-15T19:26:05Z,0.00469552614014641,,,,,,,,,,,,,,,,,,,ohlcv_backfill,minute,0.004855199538360308,0.004994917270763443,0.00469552614014641,0.00469552614014641,9649.896487552483,/home/runner/work/Solana-Memecoin-Analysis/Solana-Memecoin-Analysis/data/cache/2026-09-26/114929544750_ohlcv_937604c2416e.json
2026-09-26T08:50:00+00:00,6tuhHpYSinf41V39KW3JmpVUaxehcabCbHZqqFnwR6xf,solana,PumpSwap,,,,,2026-09-15T19:26:05Z,0.004855199538360308,,,,,,,,,,,,,,,,,,,ohlcv_backfill,minute,0.004740840751210148,0.004921124148487815,0.004672822336116337,0.004855199538360308,14445.964815995667,/home/runner/work/Solana-Memecoin-Analysis/Solana-Memecoin-Analysis/data/cache/2026-09-26/114929544750_ohlcv_937604c2416e.json
2026-09-26T08:45:00+00:00,6tuhHpYSinf41V39KW3JmpVUaxehcabCbHZqqFnwR6xf,solana,PumpSwap,,,,,2026-09-15T19:26:05Z,0.004740840751210148,,,,,,,,,,,,,,,,,,,ohlcv_backfill,minute,0.004637114340054432,0.004891396867649334,0.004601972877464451,0.004740840751210148,9289.939440946175,/home/runner/work/Solana-Memecoin-Analysis/Solana-Memecoin-Analysis/data/cache/2026-09-26/114929544750_ohlcv_937604c2416e.json
2026-09-26T08:40:00+00:00,6tuhHpYSinf41V39KW3JmpVUaxehcabCbHZqqFnwR6xf,solana,PumpSwap,,,,,2026-09-15T19:26:05Z,0.004637114340054432,,,,,,,,,,,,,,,,,,,ohlcv_backfill,minute,0.004581748511489721,0.004719738050282014,0.0044917827137008984,0.004637114340054432,8132.652064754877,/home/runner/work/Solana-Memecoin-Analysis/Solana-Memecoin-Analysis/data/cache/2026-09-26/114929544750_ohlcv_937604c2416e.json
2026-09-26T08:35:00+00:00,6tuhHpYSinf41V39KW3JmpVUaxehcabCbHZqqFnwR6xf,solana,PumpSwap,,,,,2026-09-15T19:26:05Z,0.004581748511489721,,,,,,,,,,,,,,,,,,,ohlcv_backfill,minute,0.004330064744834207,0.0048961877034669815,0.00428698301364817,0.004581748511489721,31241.138316518496,/home/runner/work/Solana-Memecoin-Analysis/Solana-Memecoin-Analysis/data/cache/2026-09-26/114929544750_ohlcv_937604c2416e.json
2026-09-26T08:30:00+00:00,6tuhHpYSinf41V39KW3JmpVUaxehcabCbHZqqFnwR6xf,solana,PumpSwap,,,,,2026-09-15T19:26:05Z,0.004330064744834207,,,,,,,,,,,,,,,,,,,ohlcv_backfill,minute,0.0042517295014569455,0.004358231119233969,0.003936402419876165,0.004330064744834207,67214.84906103688,/home/runner/work/Solana-Memecoin-Analysis/Solana-Memecoin-Analysis/data/cache/2026-09-26/114929544750_ohlcv_937604c2416e.json
2026-09-26T08:25:00+00:00,6tuhHpYSinf41V39KW3JmpVUaxehcabCbHZqqFnwR6xf,solana,PumpSwap,,,,,2026-09-15T19:26:05Z,0.0042517295014569455,,,,,,,,,,,,,,,,,,,ohlcv_backfill,minute,0.0054931716091343235,0.005514978884666464,0.004185524912248565,0.0042517295014569455,56304.681507234,/home/runner/work/Solana-Memecoin-Analysis/Solana-Memecoin-Analysis/data/cache/2026-09-26/114929544750_ohlcv_937604c2416e.json
2026-09-26T08:20:00+00:00,6tuhHpYSinf41V39KW3JmpVUaxehcabCbHZqqFnwR6xf,solana,PumpSwap,,,,,2026-09-15T19:26:05Z,0.0054931716091343235,,,,,,,,,,,,,,,,,,,ohlcv_backfill,minute,0.005206591016429186,0.0054931716091343235,0.0051496420672272536,0.0054931716091343235,15519.699580641603,/home/runner/work/Solana-Memecoin-Analysis/Solana-Memecoin-Analysis/data/cache/2026-09-26/114929544750_ohlcv_937604c2416e.json
2026-09-26T08:15:00+00:00,6tuhHpYSinf41V39KW3JmpVUaxehcabCbHZqqFnwR6xf,solana,PumpSwap,,,,,2026-09-15T19:26:05Z,0.005206591016429186,,,,,,,,,,,,,,,,,,,ohlcv_backfill,minute,0.005415531267518755,0.0054750754583439,0.005138802907765067,0.005206591016429186,16117.155899030695,/home/runner/work/Solana-Memecoin-Analysis/Solana-Memecoin-Analysis/data/cache/2026-09-26/114929544750_ohlcv_937604c2416e.json
2026-09-26T08:10:00+00:00,6tuhHpYSinf41V39KW3JmpVUaxehcabCbHZqqFnwR6xf,solana,PumpSwap,,,,,2026-09-15T19:26:05Z,0.005415531267518755,,,,,,,,,,,,,,,,,,,ohlcv_backfill,minute,0.004749824815724359,0.006048014050300215,0.004749824815724359,0.005415531267518755,91997.37079060102,/home/runner/work/Solana-Memecoin-Analysis/Solana-Memecoin-Analysis/data/cache/2026-09-26/114929544750_ohlcv_937604c2416e.json
2026-09-26T08:05:00+00:00,6tuhHpYSinf41V39KW3JmpVUaxehcabCbHZqqFnwR6xf,solana,PumpSwap,,,,,2026-09-15T19:26:05Z,0.004749824815724359,,,,,,,,,,,,,,,,,,,ohlcv_backfill,minute,0.004331147817237921,0.004862320324764127,0.004331147817237921,0.004749824815724359,19316.772739486314,/home/runner/work/Solana-Memecoin-Analysis/Solana-Memecoin-Analysis/data/cache/2026-09-26/114929544750_ohlcv_937604c2416e.json
2026-09-26T08:00:00+00:00,6tuhHpYSinf41V39KW3JmpVUaxehcabCbHZqqFnwR6xf,solana,PumpSwap,,,,,2026-09-15T19:26:05Z,0.004331147817237921,,,,,,,,,,,,,,,,,,,ohlcv_backfill,minute,0.004387312197085676,0.004555676662109966,0.004272542054918526,0.004331147817237921,15694.230451661604,/home/runner/work/Solana-Memecoin-Analysis/Solana-Memecoin-Analysis/data/cache/2026-09-26/114929544750_ohlcv_937604c2416e.json
2026-09-26T07:55:00+00:00,6tuhHpYSinf41V39KW3JmpVUaxehcabCbHZqqFnwR6xf,solana,PumpSwap,,,,,2026-09-15T19:26:05Z,0.004387312197085676,,,,,,,,,,,,,,,,,,,ohlcv_backfill,minute,0.004295256232361341,0.004412025190602266,0.004253089288157635,0.004387312197085676,4367.9676427982795,/home/runner/work/Solana-Memecoin-Analysis/Solana-Memecoin-Analysis/data/cache/2026-09-26/114929544750_ohlcv_937604c2416e.json
2026-09-26T07:50:00+00:00,6tuhHpYSinf41V39KW3JmpVUaxehcabCbHZqqFnwR6xf,solana,PumpSwap,,,,,2026-09-15T19:26:05Z,0.004295256232361341,,,,,,,,,,,,,,,,,,,ohlcv_backfill,minute,0.004211872762152387,0.004406483950778556,0.00419476954886041,0.004295256232361341,11782.224994069542,/home/runner/work/Solana-Memecoin-Analysis/Solana-Memecoin-Analysis/data/cache/2026-09-26/114929544750_ohlcv_937604c2416e.json
2026-09-26T07:45:00+00:00,6tuhHpYSinf41V39KW3JmpVUaxehcabCbHZqqFnwR6xf,solana,PumpSwap,,,,,2026-09-15T19:26:05Z,0.004211872762152387,,,,,,,,,,,,,,,,,,,ohlcv_backfill,minute,0.004423866611236284,0.004459452872905299,0.004183829506176636,0.004211872762152387,11098.237788163493,/home/runner/work/Solana-Memecoin-Analysis/Solana-Memecoin-Analysis/data/cache/2026-09-26/114929544750_ohlcv_937604c2416e.json
2026-09-26T07:40:00+00:00,6tuhHpYSinf41V39KW3JmpVUaxehcabCbHZqqFnwR6xf,solana,PumpSwap,,,,,2026-09-15T19:26:05Z,0.004423866611236284,,,,,,,,,,,,,,,,,,,ohlcv_backfill,minute,0.004368369710438877,0.004587846461214819,0.004319069016329155,0.004423866611236284,20294.168170250276,/home/runner/work/Solana-Memecoin-Analysis/Solana-Memecoin-Analysis/data/cache/2026-09-26/114929544750_ohlcv_937604c2416e.json
2026-09-26T07:35:00+00:00,6tuhHpYSinf41V39KW3JmpVUaxehcabCbHZqqFnwR6xf,solana,PumpSwap,,,,,2026-09-15T19:26:05Z,0.004368369710438877,,,,,,,,,,,,,,,,,,,ohlcv_backfill,minute,0.00446967623168327,0.004491848344454438,0.0038216538702052568,0.004368369710438877,32814.76020356669,/home/runner/work/Solana-Memecoin-Analysis/Solana-Memecoin-Analysis/data/cache/2026-09-26/114929544750_ohlcv_937604c2416e.json
2026-09-26T07:30:00+00:00,6tuhHpYSinf41V39KW3JmpVUaxehcabCbHZqqFnwR6xf,solana,PumpSwap,,,,,2026-09-15T19:26:05Z,0.00446967623168327,,,,,,,,,,,,,,,,,,,ohlcv_backfill,minute,0.00475946246916038,0.0049006708240649085,0.004411597335229717,0.00446967623168327,22052.9184391371,/home/runner/work/Solana-Memecoin-Analysis/Solana-Memecoin-Analysis/data/cache/2026-09-26/114929544750_ohlcv_937604c2416e.json
2026-09-26T07:25:00+00:00,6tuhHpYSinf41V39KW3JmpVUaxehcabCbHZqqFnwR6xf,solana,PumpSwap,,,,,2026-09-15T19:26:05Z,0.00475946246916038,,,,,,,,,,,,,,,,,,,ohlcv_backfill,minute,0.004501677846808531,0.0048311472510283475,0.004439643621782638,0.00475946246916038,20523.299910538357,/home/runner/work/Solana-Memecoin-Analysis/Solana-Memecoin-Analysis/data/cache/2026-09-26/114929544750_ohlcv_937604c2416e.json
2026-09-26T07:20:00+00:00,6tuhHpYSinf41V39KW3JmpVUaxehcabCbHZqqFnwR6xf,solana,PumpSwap,,,,,2026-09-15T19:26:05Z,0.004501677846808531,,,,,,,,,,,,,,,,,,,ohlcv_backfill,minute,0.004282463902594189,0.00455991528083293,0.004227839221795468,0.004501677846808531,14227.676738029088,/home/runner/work/Solana-Memecoin-Analysis/Solana-Memecoin-Analysis/data/cache/2026-09-26/114929544750_ohlcv_937604c2416e.json
2026-09-26T07:15:00+00:00,6tuhHpYSinf41V39KW3JmpVUaxehcabCbHZqqFnwR6xf,solana,PumpSwap,,,,,2026-09-15T19:26:05Z,0.004282463902594189,,,,,,,,,,,,,,,,,,,ohlcv_backfill,minute,0.004296604776901358,0.004335052073565478,0.00407187709697957,0.004282463902594189,10743.612153087412,/home/runner/work/Solana-Memecoin-Analysis/Solana-Memecoin-Analysis/data/cache/2026-09-26/114929544750_ohlcv_937604c2416e.json
2026-09-26T07:10:00+00:00,6tuhHpYSinf41V39KW3JmpVUaxehcabCbHZqqFnwR6xf,solana,PumpSwap,,,,,2026-09-15T19:26:05Z,0.004296604776901358,,,,,,,,,,,,,,,,,,,ohlcv_backfill,minute,0.004775526526393341,0.004819423055969059,0.004241653704167691,0.004296604776901358,23968.61106969302,/home/runner/work/Solana-Memecoin-Analysis/Solana-Memecoin-Analysis/data/cache/2026-09-26/114929544750_ohlcv_937604c2416e.json
2026-09-26T07:05:00+00:00,6tuhHpYSinf41V39KW3JmpVUaxehcabCbHZqqFnwR6xf,solana,PumpSwap,,,,,2026-09-15T19:26:05Z,0.004775526526393341,,,,,,,,,,,,,,,,,,,ohlcv_backfill,minute,0.004343476879374654,0.004839691102678714,0.004298725269628122,0.004775526526393341,15468.134156273372,/home/runner/work/Solana-Memecoin-Analysis/Solana-Memecoin-Analysis/data/cache/2026-09-26/114929544750_ohlcv_937604c2416e.json
2026-09-26T07:00:00+00:00,6tuhHpYSinf41V39KW3JmpVUaxehcabCbHZqqFnwR6xf,solana,PumpSwap,,,,,2026-09-15T19:26:05Z,0.004343476879374654,,,,,,,,,,,,,,,,,,,ohlcv_backfill,minute,0.004332347100301066,0.004417253220866612,0.0042743259235331135,0.004343476879374654,9223.02918065509,/home/runner/work/Solana-Memecoin-Analysis/Solana-Memecoin-Analysis/data/cache/2026-09-26/114929544750_ohlcv_937604c2416e.json
2026-09-26T06:55:00+00:00,6tuhHpYSinf41V39KW3JmpVUaxehcabCbHZqqFnwR6xf,solana,PumpSwap,,,,,2026-09-15T19:26:05Z,0.004332347100301066,,,,,,,,,,,,,,,,,,,ohlcv_backfill,minute,0.0045240907384311285,0.004671909294222028,0.0041818969263927785,0.004332347100301066,32009.78218729368,/home/runner/work/Solana-Memecoin-Analysis/Solana-Memecoin-Analysis/data/cache/2026-09-26/114929544750_ohlcv_937604c2416e.json
2026-09-26T06:50:00+00:00,6tuhHpYSinf41V39KW3JmpVUaxehcabCbHZqqFnwR6xf,solana,PumpSwap,,,,,2026-09-15T19:26:05Z,0.0045240907384311285,,,,,,,,,,,,,,,,,,,ohlcv_backfill,minute,0.0040694424367827674,0.004655048946488311,0.0040015583110920615,0.0045240907384311285,48174.6409979522,/home/runner/work/Solana-Memecoin-Analysis/Solana-Memecoin-Analysis/data/cache/2026-09-26/114929544750_ohlcv_937604c2416e.json
2026-09-26T06:45:00+00:00,6tuhHpYSinf41V39KW3JmpVUaxehcabCbHZqqFnwR6xf,solana,PumpSwap,,,,,2026-09-15T19:26:05Z,0.0040694424367827674,,,,,,,,,,,,,,,,,,,ohlcv_backfill,minute,0.0038890855503076983,0.004097010611267625,0.003742436854042031,0.0040694424367827674,37905.888832793855,/home/runner/work/Solana-Memecoin-Analysis/Solana-Memecoin-Analysis/data/cache/2026-09-26/114929544750_ohlcv_937604c2416e.json
2026-09-26T06:40:00+00:00,6tuhHpYSinf41V39KW3JmpVUaxehcabCbHZqqFnwR6xf,solana,PumpSwap,,,,,2026-09-15T19:26:05Z,0.0038890855503076983,,,,,,,,,,,,,,,,,,,ohlcv_backfill,minute,0.0036483991314050566,0.003930431241089266,0.0036483991314050566,0.0038890855503076983,9777.423948668296,/home/runner/work/Solana-Memecoin-Analysis/Solana-Memecoin-Analysis/data/cache/2026-09-26/114929544750_ohlcv_937604c2416e.json
2026-09-26T06:35:00+00:00,6tuhHpYSinf41V39KW3JmpVUaxehcabCbHZqqFnwR6xf,solana,PumpSwap,,,,,2026-09-15T19:26:05Z,0.0036483991314050566,,,,,,,,,,,,,,,,,,,ohlcv_backfill,minute,0.0038051124979572226,0.003808176411323504,0.0036436433124190934,0.0036483991314050566,4097.898582722615,/home/runner/work/Solana-Memecoin-Analysis/Solana-Memecoin-Analysis/data/cache/2026-09-26/114929544750_ohlcv_937604c2416e.json
2026-09-26T06:30:00+00:00,6tuhHpYSinf41V39KW3JmpVUaxehcabCbHZqqFnwR6xf,solana,PumpSwap,,,,,2026-09-15T19:26:05Z,0.0038051124979572226,,,,,,,,,,,,,,,,,,,ohlcv_backfill,minute,0.003762793619481189,0.0038520397108252145,0.003535855983221802,0.0038051124979572226,17666.789668537516,/home/runner/work/Solana-Memecoin-Analysis/Solana-Memecoin-Analysis/data/cache/2026-09-26/114929544750_ohlcv_937604c2416e.json
2026-09-26T06:25:00+00:00,6tuhHpYSinf41V39KW3JmpVUaxehcabCbHZqqFnwR6xf,solana,PumpSwap,,,,,2026-09-15T19:26:05Z,0.003762793619481189,,,,,,,,,,,,,,,,,,,ohlcv_backfill,minute,0.003772914177247241,0.0038312950734838997,0.0035718037569840828,0.003762793619481189,11537.082059475859,/home/runner/work/Solana-Memecoin-Analysis/Solana-Memecoin-Analysis/data/cache/2026-09-26/114929544750_ohlcv_937604c2416e.json
2026-09-26T06:20:00+00:00,6tuhHpYSinf41V39KW3JmpVUaxehcabCbHZqqFnwR6xf,solana,PumpSwap,,,,,2026-09-15T19:26:05Z,0.003772914177247241,,,,,,,,,,,,,,,,,,,ohlcv_backfill,minute,0.003617185069569481,0.003865384203723836,0.003579377928218262,0.003772914177247241,11994.63348897912,/home/runner/work/Solana-Memecoin-Analysis/Solana-Memecoin-Analysis/data/cache/2026-09-26/114929544750_ohlcv_937604c2416e.json
2026-09-26T06:15:00+00:00,6tuhHpYSinf41V39KW3JmpVUaxehcabCbHZqqFnwR6xf,solana,PumpSwap,,,,,2026-09-15T19:26:05Z,0.003617185069569481,,,,,,,,,,,,,,,,,,,ohlcv_backfill,minute,0.0038558952404761553,0.0038935018394557932,0.003480134537975216,0.003617185069569481,23884.462729993607,/home/runner/work/Solana-Memecoin-Analysis/Solana-Memecoin-Analysis/data/cache/2026-09-26/114929544750_ohlcv_937604c2416e.json
2026-09-26T06:10:00+00:00,6tuhHpYSinf41V39KW3JmpVUaxehcabCbHZqqFnwR6xf,solana,PumpSwap,,,,,2026-09-15T19:26:05Z,0.0038558952404761553,,,,,,,,,,,,,,,,,,,ohlcv_backfill,minute,0.0034009879178232764,0.0038599632502863052,0.0034009879178232764,0.0038558952404761553,17636.60753868696,/home/runner/work/Solana-Memecoin-Analysis/Solana-Memecoin-Analysis/data/cache/2026-09-26/114929544750_ohlcv_937604c2416e.json
2026-09-26T06:05:00+00:00,6tuhHpYSinf41V39KW3JmpVUaxehcabCbHZqqFnwR6xf,solana,PumpSwap,,,,,2026-09-15T19:26:05Z,0.0034009879178232764,,,,,,,,,,,,,,,,,,,ohlcv_backfill,minute,0.0031947149436537463,0.003561898600059014,0.0031947149436537463,0.0034009879178232764,40184.47293952202,/home/runner/work/Solana-Memecoin-Analysis/Solana-Memecoin-Analysis/data/cache/2026-09-26/114929544750_ohlcv_937604c2416e.json
2026-09-26T06:00:00+00:00,6tuhHpYSinf41V39KW3JmpVUaxehcabCbHZqqFnwR6xf,solana,PumpSwap,,,,,2026-09-15T19:26:05Z,0.0031947149436537463,,,,,,,,,,,,,,,,,,,ohlcv_backfill,minute,0.0041086281048394015,0.0041086281048394015,0.003062563184953374,0.0031947149436537463,63948.43701011766,/home/runner/work/Solana-Memecoin-Analysis/Solana-Memecoin-Analysis/data/cache/2026-09-26/114929544750_ohlcv_937604c2416e.json
2026-09-26T05:55:00+00:00,6tuhHpYSinf41V39KW3JmpVUaxehcabCbHZqqFnwR6xf,solana,PumpSwap,,,,,2026-09-15T19:26:05Z,0.0041086281048394015,,,,,,,,,,,,,,,,,,,ohlcv_backfill,minute,0.004369344477341584,0.004423084516858474,0.004067634677609266,0.0041086281048394015,13426.735894352518,/home/runner/work/Solana-Memecoin-Analysis/Solana-Memecoin-Analysis/data/cache/2026-09-26/114929544750_ohlcv_937604c2416e.json
2026-09-26T05:50:00+00:00,6tuhHpYSinf41V39KW3JmpVUaxehcabCbHZqqFnwR6xf,solana,PumpSwap,,,,,2026-09-15T19:26:05Z,0.004369344477341584,,,,,,,,,,,,,,,,,,,ohlcv_backfill,minute,0.0044050412824018365,0.004432558355801661,0.004268913601560265,0.004369344477341584,16135.754093723397,/home/runner/work/Solana-Memecoin-Analysis/Solana-Memecoin-Analysis/data/cache/2026-09-26/114929544750_ohlcv_937604c2416e.json
2026-09-26T05:45:00+00:00,6tuhHpYSinf41V39KW3JmpVUaxehcabCbHZqqFnwR6xf,solana,PumpSwap,,,,,2026-09-15T19:26:05Z,0.0044050412824018365,,,,,,,,,,,,,,,,,,,ohlcv_backfill,minute,0.004207748885857553,0.004441035823808421,0.004087286463814666,0.0044050412824018365,21376.313958257462,/home/runner/work/Solana-Memecoin-Analysis/Solana-Memecoin-Analysis/data/cache/2026-09-26/114929544750_ohlcv_937604c2416e.json
2026-09-26T05:40:00+00:00,6tuhHpYSinf41V39KW3JmpVUaxehcabCbHZqqFnwR6xf,solana,PumpSwap,,,,,2026-09-15T19:26:05Z,0.004207748885857553,,,,,,,,,,,,,,,,,,,ohlcv_backfill,minute,0.004208416365515644,0.004315127383732739,0.004013418729673768,0.004207748885857553,20435.302483452037,/home/runner/work/Solana-Memecoin-Analysis/Solana-Memecoin-Analysis/data/cache/2026-09-26/114929544750_ohlcv_937604c2416e.json
2026-09-26T05:35:00+00:00,6tuhHpYSinf41V39KW3JmpVUaxehcabCbHZqqFnwR6xf,solana,PumpSwap,,,,,2026-09-15T19:26:05Z,0.004208416365515644,,,,,,,,,,,,,,,,,,,ohlcv_backfill,minute,0.0037424461146635785,0.004586708006430798,0.003717315019460775,0.004208416365515644,69317.14876346853,/home/runner/work/Solana-Memecoin-Analysis/Solana-Memecoin-Analysis/data/cache/2026-09-26/114929544750_ohlcv_937604c2416e.json
2026-09-26T05:30:00+00:00,6tuhHpYSinf41V39KW3JmpVUaxehcabCbHZqqFnwR6xf,solana,PumpSwap,,,,,2026-09-15T19:26:05Z,0.0037424461146635785,,,,,,,,,,,,,,,,,,,ohlcv_backfill,minute,0.003469206076309767,0.003845651643286656,0.003414768123856673,0.0037424461146635785,34231.30263625538,/home/runner/work/Solana-Memecoin-Analysis/Solana-Memecoin-Analysis/data/cache/2026-09-26/114929544750_ohlcv_937604c2416e.json
2026-09-26T05:25:00+00:00,6tuhHpYSinf41V39KW3JmpVUaxehcabCbHZqqFnwR6xf,solana,PumpSwap,,,,,2026-09-15T19:26:05Z,0.003469206076309767,,,,,,,,,,,,,,,,,,,ohlcv_backfill,minute,0.0033910902989292904,0.0035771667743919482,0.003390144221045277,0.003469206076309767,17700.64084373145,/home/runner/work/Solana-Memecoin-Analysis/Solana-Memecoin-Analysis/data/cache/2026-09-26/114929544750_ohlcv_937604c2416e.json
2026-09-26T05:20:00+00:00,6tuhHpYSinf41V39KW3JmpVUaxehcabCbHZqqFnwR6xf,solana,PumpSwap,,,,,2026-09-15T19:26:05Z,0.0033910902989292904,,,,,,,,,,,,,,,,,,,ohlcv_backfill,minute,0.0033779503703780032,0.003640923171105155,0.003360077889426799,0.0033910902989292904,18215.429363429037,/home/runner/work/Solana-Memecoin-Analysis/Solana-Memecoin-Analysis/data/cache/2026-09-26/114929544750_ohlcv_937604c2416e.json
2026-09-26T05:15:00+00:00,6tuhHpYSinf41V39KW3JmpVUaxehcabCbHZqqFnwR6xf,solana,PumpSwap,,,,,2026-09-15T19:26:05Z,0.0033779503703780032,,,,,,,,,,,,,,,,,,,ohlcv_backfill,minute,0.00340903959187446,0.0035260568709953484,0.0033514224228530466,0.0033779503703780032,20632.318456948353,/home/runner/work/Solana-Memecoin-Analysis/Solana-Memecoin-Analysis/data/cache/2026-09-26/114929544750_ohlcv_937604c2416e.json
2026-09-26T05:10:00+00:00,6tuhHpYSinf41V39KW3JmpVUaxehcabCbHZqqFnwR6xf,solana,PumpSwap,,,,,2026-09-15T19:26:05Z,0.00340903959187446,,,,,,,,,,,,,,,,,,,ohlcv_backfill,minute,0.0033872552409525527,0.0035395775135032685,0.003285924046284396,0.00340903959187446,26103.25180227724,/home/runner/work/Solana-Memecoin-Analysis/Solana-Memecoin-Analysis/data/cache/2026-09-26/114929544750_ohlcv_937604c2416e.json
2026-09-26T05:05:00+00:00,6tuhHpYSinf41V39KW3JmpVUaxehcabCbHZqqFnwR6xf,solana,PumpSwap,,,,,2026-09-15T19:26:05Z,0.0033872552409525527,,,,,,,,,,,,,,,,,,,ohlcv_backfill,minute,0.003448805358642627,0.003466883099817889,0.003046535771574664,0.0033872552409525527,54909.04480858272,/home/runner/work/Solana-Memecoin-Analysis/Solana-Memecoin-Analysis/data/cache/2026-09-26/114929544750_ohlcv_937604c2416e.json
2026-09-26T05:00:00+00:00,6tuhHpYSinf41V39KW3JmpVUaxehcabCbHZqqFnwR6xf,solana,PumpSwap,,,,,2026-09-15T19:26:05Z,0.003448805358642627,,,,,,,,,,,,,,,,,,,ohlcv_backfill,minute,0.00370650299009947,0.0038090626079680186,0.0034233576599299632,0.003448805358642627,34053.35892546972,/home/runner/work/Solana-Memecoin-Analysis/Solana-Memecoin-Analysis/data/cache/2026-09-26/114929544750_ohlcv_937604c2416e.json
2026-09-26T04:55:00+00:00,6tuhHpYSinf41V39KW3JmpVUaxehcabCbHZqqFnwR6xf,solana,PumpSwap,,,,,2026-09-15T19:26:05Z,0.00370650299009947,,,,,,,,,,,,,,,,,,,ohlcv_backfill,minute,0.0034527415531396192,0.0038668678935148593,0.0033842348064332976,0.00370650299009947,50585.45914861141,/home/runner/work/Solana-Memecoin-Analysis/Solana-Memecoin-Analysis/data/cache/2026-09-26/114929544750_ohlcv_937604c2416e.json
2026-09-26T04:50:00+00:00,6tuhHpYSinf41V39KW3JmpVUaxehcabCbHZqqFnwR6xf,solana,PumpSwap,,,,,2026-09-15T19:26:05Z,0.0034527415531396192,,,,,,,,,,,,,,,,,,,ohlcv_backfill,minute,0.004285452563180108,0.004387456089155667,0.003149953079003686,0.0034527415531396192,82501.95255866318,/home/runner/work/Solana-Memecoin-Analysis/Solana-Memecoin-Analysis/data/cache/2026-09-26/114929544750_ohlcv_937604c2416e.json
2026-09-26T04:45:00+00:00,6tuhHpYSinf41V39KW3JmpVUaxehcabCbHZqqFnwR6xf,solana,PumpSwap,,,,,2026-09-15T19:26:05Z,0.004285452563180108,,,,,,,,,,,,,,,,,,,ohlcv_backfill,minute,0.003880284275919891,0.004414082656551016,0.0038291890800892536,0.004285452563180108,30988.854559035164,/home/runner/work/Solana-Memecoin-Analysis/Solana-Memecoin-Analysis/data/cache/2026-09-26/114929544750_ohlcv_937604c2416e.json
2026-09-26T04:40:00+00:00,6tuhHpYSinf41V39KW3JmpVUaxehcabCbHZqqFnwR6xf,solana,PumpSwap,,,,,2026-09-15T19:26:05Z,0.003880284275919891,,,,,,,,,,,,,,,,,,,ohlcv_backfill,minute,0.003830778999779038,0.003944814965572245,0.0036557686698654,0.003880284275919891,27643.540448044794,/home/runner/work/Solana-Memecoin-Analysis/Solana-Memecoin-Analysis/data/cache/2026-09-26/114929544750_ohlcv_937604c2416e.json
2026-09-26T04:35:00+00:00,6tuhHpYSinf41V39KW3JmpVUaxehcabCbHZqqFnwR6xf,solana,PumpSwap,,,,,2026-09-15T19:26:05Z,0.003830778999779038,,,,,,,,,,,,,,,,,,,ohlcv_backfill,minute,0.004083056612587658,0.004299805274822697,0.003759863231149718,0.003830778999779038,41548.10074578774,/home/runner/work/Solana-Memecoin-Analysis/Solana-Memecoin-Analysis/data/cache/2026-09-26/114929544750_ohlcv_937604c2416e.json
2026-09-26T04:30:00+00:00,6tuhHpYSinf41V39KW3JmpVUaxehcabCbHZqqFnwR6xf,solana,PumpSwap,,,,,2026-09-15T19:26:05Z,0.004083056612587658,,,,,,,,,,,,,,,,,,,ohlcv_backfill,minute,0.0038049235839023423,0.0042219266938418095,0.003725905220300142,0.004083056612587658,53838.004922850545,/home/runner/work/Solana-Memecoin-Analysis/Solana-Memecoin-Analysis/data/cache/2026-09-26/114929544750_ohlcv_937604c2416e.json
2026-09-26T04:25:00+00:00,6tuhHpYSinf41V39KW3JmpVUaxehcabCbHZqqFnwR6xf,solana,PumpSwap,,,,,2026-09-15T19:26:05Z,0.0038049235839023423,,,,,,,,,,,,,,,,,,,ohlcv_backfill,minute,0.004474046716685563,0.004474046716685563,0.0035497751150832934,0.0038049235839023423,100964.57958421715,/home/runner/work/Solana-Memecoin-Analysis/Solana-Memecoin-Analysis/data/cache/2026-09-26/114929544750_ohlcv_937604c2416e.json
2026-09-26T04:20:00+00:00,6tuhHpYSinf41V39KW3JmpVUaxehcabCbHZqqFnwR6xf,solana,PumpSwap,,,,,2026-09-15T19:26:05Z,0.004474046716685563,,,,,,,,,,,,,,,,,,,ohlcv_backfill,minute,0.004679842307842193,0.004888349473741639,0.004474046716685563,0.004474046716685563,19762.270192536136,/home/runner/work/Solana-Memecoin-Analysis/Solana-Memecoin-Analysis/data/cache/2026-09-26/114929544750_ohlcv_937604c2416e.json
2026-09-26T04:15:00+00:00,6tuhHpYSinf41V39KW3JmpVUaxehcabCbHZqqFnwR6xf,solana,PumpSwap,,,,,2026-09-15T19:26:05Z,0.004679842307842193,,,,,,,,,,,,,,,,,,,ohlcv_backfill,minute,0.004565994893281674,0.004960711446301121,0.004197667536747138,0.004679842307842193,59917.00030576405,/home/runner/work/Solana-Memecoin-Analysis/Solana-Memecoin-Analysis/data/cache/2026-09-26/114929544750_ohlcv_937604c2416e.json
2026-09-26T04:10:00+00:00,6tuhHpYSinf41V39KW3JmpVUaxehcabCbHZqqFnwR6xf,solana,PumpSwap,,,,,2026-09-15T19:26:05Z,0.004565994893281674,,,,,,,,,,,,,,,,,,,ohlcv_backfill,minute,0.004744807978592339,0.005092522243067874,0.004565994893281674,0.004565994893281674,53919.59394908096,/home/runner/work/Solana-Memecoin-Analysis/Solana-Memecoin-Analysis/data/cache/2026-09-26/114929544750_ohlcv_937604c2416e.json
2026-09-26T04:05:00+00:00,6tuhHpYSinf41V39KW3JmpVUaxehcabCbHZqqFnwR6xf,solana,PumpSwap,,,,,2026-09-15T19:26:05Z,0.004744807978592339,,,,,,,,,,,,,,,,,,,ohlcv_backfill,minute,0.004815083315281638,0.004979900085138481,0.004523919078559587,0.004744807978592339,44963.029185236854,/home/runner/work/Solana-Memecoin-Analysis/Solana-Memecoin-Analysis/data/cache/2026-09-26/114929544750_ohlcv_937604c2416e.json
2026-09-26T04:00:00+00:00,6tuhHpYSinf41V39KW3JmpVUaxehcabCbHZqqFnwR6xf,solana,PumpSwap,,,,,2026-09-15T19:26:05Z,0.004815083315281638,,,,,,,,,,,,,,,,,,,ohlcv_backfill,minute,0.00473678578199064,0.0049151086870877336,0.004211319940111598,0.004815083315281638,80814.26757673279,/home/runner/work/Solana-Memecoin-Analysis/Solana-Memecoin-Analysis/data/cache/2026-09-26/114929544750_ohlcv_937604c2416e.json
2026-09-26T03:55:00+00:00,6tuhHpYSinf41V39KW3JmpVUaxehcabCbHZqqFnwR6xf,solana,PumpSwap,,,,,2026-09-15T19:26:05Z,0.00473678578199064,,,,,,,,,,,,,,,,,,,ohlcv_backfill,minute,0.0047838696526642,0.005148063516464436,0.004671006253066043,0.00473678578199064,34883.03723220699,/home/runner/work/Solana-Memecoin-Analysis/Solana-Memecoin-Analysis/data/cache/2026-09-26/114929544750_ohlcv_937604c2416e.json
2026-09-26T03:50:00+00:00,6tuhHpYSinf41V39KW3JmpVUaxehcabCbHZqqFnwR6xf,solana,PumpSwap,,,,,2026-09-15T19:26:05Z,0.0047838696526642,,,,,,,,,,,,,,,,,,,ohlcv_backfill,minute,0.005215650041176307,0.005403066441901443,0.004492845760560945,0.0047838696526642,71146.10885745965,/home/runner/work/Solana-Memecoin-Analysis/Solana-Memecoin-Analysis/data/cache/2026-09-26/114929544750_ohlcv_937604c2416e.json
2026-09-26T03:45:00+00:00,6tuhHpYSinf41V39KW3JmpVUaxehcabCbHZqqFnwR6xf,solana,PumpSwap,,,,,2026-09-15T19:26:05Z,0.005215650041176307,,,,,,,,,,,,,,,,,,,ohlcv_backfill,minute,0.0050587578926859795,0.005520313752454293,0.004959064466333551,0.005215650041176307,69057.33972677222,/home/runner/work/Solana-Memecoin-Analysis/Solana-Memecoin-Analysis/data/cache/2026-09-26/114929544750_ohlcv_937604c2416e.json
2026-09-26T03:40:00+00:00,6tuhHpYSinf41V39KW3JmpVUaxehcabCbHZqqFnwR6xf,solana,PumpSwap,,,,,2026-09-15T19:26:05Z,0.0050587578926859795,,,,,,,,,,,,,,,,,,,ohlcv_backfill,minute,0.005139475787087773,0.005653268804409461,0.0046928693971186744,0.0050587578926859795,110785.96461449462,/home/runner/work/Solana-Memecoin-Analysis/Solana-Memecoin-Analysis/data/cache/2026-09-26/114929544750_ohlcv_937604c2416e.json
2026-09-26T03:35:00+00:00,6tuhHpYSinf41V39KW3JmpVUaxehcabCbHZqqFnwR6xf,solana,PumpSwap,,,,,2026-09-15T19:26:05Z,0.005139475787087773,,,,,,,,,,,,,,,,,,,ohlcv_backfill,minute,0.004704327392053674,0.0053204668871182055,0.004248981675777512,0.005139475787087773,96434.85997443304,/home/runner/work/Solana-Memecoin-Analysis/Solana-Memecoin-Analysis/data/cache/2026-09-26/114929544750_ohlcv_937604c2416e.json
2026-09-26T03:30:00+00:00,6tuhHpYSinf41V39KW3JmpVUaxehcabCbHZqqFnwR6xf,solana,PumpSwap,,,,,2026-09-15T19:26:05Z,0.004704327392053674,,,,,,,,,,,,,,,,,,,ohlcv_backfill,minute,0.004357871709965203,0.004923892194340901,0.004195785423871553,0.004704327392053674,95324.42401607874,/home/runner/work/Solana-Memecoin-Analysis/Solana-Memecoin-Analysis/data/cache/2026-09-26/114929544750_ohlcv_937604c2416e.json
2026-09-26T03:25:00+00:00,6tuhHpYSinf41V39KW3JmpVUaxehcabCbHZqqFnwR6xf,solana,PumpSwap,,,,,2026-09-15T19:26:05Z,0.004357871709965203,,,,,,,,,,,,,,,,,,,ohlcv_backfill,minute,0.004827862303284807,0.004878337049099479,0.0036351779782111083,0.004357871709965203,125643.79505113838,/home/runner/work/Solana-Memecoin-Analysis/Solana-Memecoin-Analysis/data/cache/2026-09-26/114929544750_ohlcv_937604c2416e.json
2026-09-26T03:20:00+00:00,6tuhHpYSinf41V39KW3JmpVUaxehcabCbHZqqFnwR6xf,solana,PumpSwap,,,,,2026-09-15T19:26:05Z,0.004827862303284807,,,,,,,,,,,,,,,,,,,ohlcv_backfill,minute,0.005369411963068495,0.005412503811528074,0.004739012824247429,0.004827862303284807,117989.276356636,/home/runner/work/Solana-Memecoin-Analysis/Solana-Memecoin-Analysis/data/cache/2026-09-26/114929544750_ohlcv_937604c2416e.json
2026-09-26T03:15:00+00:00,6tuhHpYSinf41V39KW3JmpVUaxehcabCbHZqqFnwR6xf,solana,PumpSwap,,,,,2026-09-15T19:26:05Z,0.005369411963068495,,,,,,,,,,,,,,,,,,,ohlcv_backfill,minute,0.005476967894634993,0.006124580319659818,0.004852457739391788,0.005369411963068495,208458.9355431085,/home/runner/work/Solana-Memecoin-Analysis/Solana-Memecoin-Analysis/data/cache/2026-09-26/114929544750_ohlcv_937604c2416e.json
2026-09-26T03:10:00+00:00,6tuhHpYSinf41V39KW3JmpVUaxehcabCbHZqqFnwR6xf,solana,PumpSwap,,,,,2026-09-15T19:26:05Z,0.005476967894634993,,,,,,,,,,,,,,,,,,,ohlcv_backfill,minute,0.0047033762336849225,0.005970109003013757,0.004387272696652259,0.005476967894634993,133250.84058857002,/home/runner/work/Solana-Memecoin-Analysis/Solana-Memecoin-Analysis/data/cache/2026-09-26/114929544750_ohlcv_937604c2416e.json
2026-09-26T03:05:00+00:00,6tuhHpYSinf41V39KW3JmpVUaxehcabCbHZqqFnwR6xf,solana,PumpSwap,,,,,2026-09-15T19:26:05Z,0.0047033762336849225,,,,,,,,,,,,,,,,,,,ohlcv_backfill,minute,0.004307661026598742,0.0052135823735036235,0.004288438330455656,0.0047033762336849225,107428.2354187945,/home/runner/work/Solana-Memecoin-Analysis/Solana-Memecoin-Analysis/data/cache/2026-09-26/114929544750_ohlcv_937604c2416e.json
2026-09-26T03:00:00+00:00,6tuhHpYSinf41V39KW3JmpVUaxehcabCbHZqqFnwR6xf,solana,PumpSwap,,,,,2026-09-15T19:26:05Z,0.004307661026598742,,,,,,,,,,,,,,,,,,,ohlcv_backfill,minute,0.003879263693138244,0.004479091033202391,0.0036893297635924643,0.004307661026598742,95729.94946455979,/home/runner/work/Solana-Memecoin-Analysis/Solana-Memecoin-Analysis/data/cache/2026-09-26/114929544750_ohlcv_937604c2416e.json
2026-09-26T02:55:00+00:00,6tuhHpYSinf41V39KW3JmpVUaxehcabCbHZqqFnwR6xf,solana,PumpSwap,,,,,2026-09-15T19:26:05Z,0.003879263693138244,,,,,,,,,,,,,,,,,,,ohlcv_backfill,minute,0.004366910218546018,0.004518982221125069,0.0038408009144840936,0.003879263693138244,50789.43617754114,/home/runner/work/Solana-Memecoin-Analysis/Solana-Memecoin-Analysis/data/cache/2026-09-26/114929544750_ohlcv_937604c2416e.json
2026-09-26T02:50:00+00:00,6tuhHpYSinf41V39KW3JmpVUaxehcabCbHZqqFnwR6xf,solana,PumpSwap,,,,,2026-09-15T19:26:05Z,0.004366910218546018,,,,,,,,,,,,,,,,,,,ohlcv_backfill,minute,0.004428253822121905,0.004977149794311937,0.004148137674233563,0.004366910218546018,97657.21826471211,/home/runner/work/Solana-Memecoin-Analysis/Solana-Memecoin-Analysis/data/cache/2026-09-26/114929544750_ohlcv_937604c2416e.json
2026-09-26T02:45:00+00:00,6tuhHpYSinf41V39KW3JmpVUaxehcabCbHZqqFnwR6xf,solana,PumpSwap,,,,,2026-09-15T19:26:05Z,0.004428253822121905,,,,,,,,,,,,,,,,,,,ohlcv_backfill,minute,0.004370378122891691,0.004666629369974755,0.0040048421452617165,0.004428253822121905,76153.15074045266,/home/runner/work/Solana-Memecoin-Analysis/Solana-Memecoin-Analysis/data/cache/2026-09-26/114929544750_ohlcv_937604c2416e.json
2026-09-26T02:40:00+00:00,6tuhHpYSinf41V39KW3JmpVUaxehcabCbHZqqFnwR6xf,solana,PumpSwap,,,,,2026-09-15T19:26:05Z,0.004370378122891691,,,,,,,,,,,,,,,,,,,ohlcv_backfill,minute,0.004119963603024534,0.004995409253618222,0.0038863793584148465,0.004370378122891691,121331.46149358944,/home/runner/work/Solana-Memecoin-Analysis/Solana-Memecoin-Analysis/data/cache/2026-09-26/114929544750_ohlcv_937604c2416e.json
2026-09-26T02:35:00+00:00,6tuhHpYSinf41V39KW3JmpVUaxehcabCbHZqqFnwR6xf,solana,PumpSwap,,,,,2026-09-15T19:26:05Z,0.004119963603024534,,,,,,,,,,,,,,,,,,,ohlcv_backfill,minute,0.0039301704954143825,0.004158245302639465,0.003660554831091262,0.004119963603024534,45056.19002980898,/home/runner/work/Solana-Memecoin-Analysis/Solana-Memecoin-Analysis/data/cache/2026-09-26/114929544750_ohlcv_937604c2416e.json
2026-09-26T02:30:00+00:00,6tuhHpYSinf41V39KW3JmpVUaxehcabCbHZqqFnwR6xf,solana,PumpSwap,,,,,2026-09-15T19:26:05Z,0.0039301704954143825,,,,,,,,,,,,,,,,,,,ohlcv_backfill,minute,0.0039061354556041974,0.003965278843843424,0.0028722859089114726,0.0039301704954143825,124153.75405159716,/home/runner/work/Solana-Memecoin-Analysis/Solana-Memecoin-Analysis/data/cache/2026-09-26/114929544750_ohlcv_937604c2416e.json
2026-09-26T02:25:00+00:00,6tuhHpYSinf41V39KW3JmpVUaxehcabCbHZqqFnwR6xf,solana,PumpSwap,,,,,2026-09-15T19:26:05Z,0.0039061354556041974,,,,,,,,,,,,,,,,,,,ohlcv_backfill,minute,0.003857442060120291,0.003981218456981532,0.003694960896551713,0.0039061354556041974,30934.20325262583,/home/runner/work/Solana-Memecoin-Analysis/Solana-Memecoin-Analysis/data/cache/2026-09-26/114929544750_ohlcv_937604c2416e.json
2026-09-26T02:20:00+00:00,6tuhHpYSinf41V39KW3JmpVUaxehcabCbHZqqFnwR6xf,solana,PumpSwap,,,,,2026-09-15T19:26:05Z,0.003857442060120291,,,,,,,,,,,,,,,,,,,ohlcv_backfill,minute,0.00370128023279311,0.004197172424256411,0.003552342804647655,0.003857442060120291,68610.81382466482,/home/runner/work/Solana-Memecoin-Analysis/Solana-Memecoin-Analysis/data/cache/2026-09-26/114929544750_ohlcv_937604c2416e.json
2026-09-26T02:15:00+00:00,6tuhHpYSinf41V39KW3JmpVUaxehcabCbHZqqFnwR6xf,solana,PumpSwap,,,,,2026-09-15T19:26:05Z,0.00370128023279311,,,,,,,,,,,,,,,,,,,ohlcv_backfill,minute,0.00419636543351538,0.004396486238870517,0.0034300644698213104,0.00370128023279311,83382.3456817745,/home/runner/work/Solana-Memecoin-Analysis/Solana-Memecoin-Analysis/data/cache/2026-09-26/114929544750_ohlcv_937604c2416e.json
2026-09-26T02:10:00+00:00,6tuhHpYSinf41V39KW3JmpVUaxehcabCbHZqqFnwR6xf,solana,PumpSwap,,,,,2026-09-15T19:26:05Z,0.00419636543351538,,,,,,,,,,,,,,,,,,,ohlcv_backfill,minute,0.004704745146553951,0.005212506692186283,0.003719556540761322,0.00419636543351538,182394.81822451064,/home/runner/work/Solana-Memecoin-Analysis/Solana-Memecoin-Analysis/data/cache/2026-09-26/114929544750_ohlcv_937604c2416e.json
2026-09-26T02:05:00+00:00,6tuhHpYSinf41V39KW3JmpVUaxehcabCbHZqqFnwR6xf,solana,PumpSwap,,,,,2026-09-15T19:26:05Z,0.004704745146553951,,,,,,,,,,,,,,,,,,,ohlcv_backfill,minute,0.0037810067831229935,0.005040207361891548,0.003347918249023615,0.004704745146553951,290511.37216727255,/home/runner/work/Solana-Memecoin-Analysis/Solana-Memecoin-Analysis/data/cache/2026-09-26/114929544750_ohlcv_937604c2416e.json
2026-09-26T02:00:00+00:00,6tuhHpYSinf41V39KW3JmpVUaxehcabCbHZqqFnwR6xf,solana,PumpSwap,,,,,2026-09-15T19:26:05Z,0.0037810067831229935,,,,,,,,,,,,,,,,,,,ohlcv_backfill,minute,0.0033354648289876973,0.0043105548365880335,0.0032679969328335795,0.0037810067831229935,214987.1050861195,/home/runner/work/Solana-Memecoin-Analysis/Solana-Memecoin-Analysis/data/cache/2026-09-26/114929544750_ohlcv_937604c2416e.json
2026-09-26T01:55:00+00:00,6tuhHpYSinf41V39KW3JmpVUaxehcabCbHZqqFnwR6xf,solana,PumpSwap,,,,,2026-09-15T19:26:05Z,0.0033354648289876973,,,,,,,,,,,,,,,,,,,ohlcv_backfill,minute,0.0036409743675129965,0.0040359355376522335,0.002556561076749028,0.0033354648289876973,255202.59313056327,/home/runner/work/Solana-Memecoin-Analysis/Solana-Memecoin-Analysis/data/cache/2026-09-26/114929544750_ohlcv_937604c2416e.json
2026-09-26T01:50:00+00:00,6tuhHpYSinf41V39KW3JmpVUaxehcabCbHZqqFnwR6xf,solana,PumpSwap,,,,,2026-09-15T19:26:05Z,0.0036409743675129965,,,,,,,,,,,,,,,,,,,ohlcv_backfill,minute,0.003007609691594152,0.003902982932430924,0.0027790886060917543,0.0036409743675129965,117239.94162124424,/home/runner/work/Solana-Memecoin-Analysis/Solana-Memecoin-Analysis/data/cache/2026-09-26/114929544750_ohlcv_937604c2416e.json
2026-09-26T01:45:00+00:00,6tuhHpYSinf41V39KW3JmpVUaxehcabCbHZqqFnwR6xf,solana,PumpSwap,,,,,2026-09-15T19:26:05Z,0.003007609691594152,,,,,,,,,,,,,,,,,,,ohlcv_backfill,minute,0.0024406988903489203,0.0031895036992333125,0.0023116982002191963,0.003007609691594152,41019.32181598887,/home/runner/work/Solana-Memecoin-Analysis/Solana-Memecoin-Analysis/data/cache/2026-09-26/114929544750_ohlcv_937604c2416e.json
2026-09-26T01:40:00+00:00,6tuhHpYSinf41V39KW3JmpVUaxehcabCbHZqqFnwR6xf,solana,PumpSwap,,,,,2026-09-15T19:26:05Z,0.0024406988903489203,,,,,,,,,,,,,,,,,,,ohlcv_backfill,minute,0.0023248073378234254,0.0026012432118981787,0.0020631442906165233,0.0024406988903489203,44558.89136922782,/home/runner/work/Solana-Memecoin-Analysis/Solana-Memecoin-Analysis/data/cache/2026-09-26/114929544750_ohlcv_937604c2416e.json
2026-09-26T01:35:00+00:00,6tuhHpYSinf41V39KW3JmpVUaxehcabCbHZqqFnwR6xf,solana,PumpSwap,,,,,2026-09-15T19:26:05Z,0.0023248073378234254,,,,,,,,,,,,,,,,,,,ohlcv_backfill,minute,0.0023028133471452387,0.002685593183576652,0.0022097717970382567,0.0023248073378234254,56864.55385746824,/home/runner/work/Solana-Memecoin-Analysis/Solana-Memecoin-Analysis/data/cache/2026-09-26/114929544750_ohlcv_937604c2416e.json
2026-09-26T01:30:00+00:00,6tuhHpYSinf41V39KW3JmpVUaxehcabCbHZqqFnwR6xf,solana,PumpSwap,,,,,2026-09-15T19:26:05Z,0.0023028133471452387,,,,,,,,,,,,,,,,,,,ohlcv_backfill,minute,0.0022160926694829966,0.0023457763173763088,0.0019939137059955966,0.0023028133471452387,35409.3518428037,/home/runner/work/Solana-Memecoin-Analysis/Solana-Memecoin-Analysis/data/cache/2026-09-26/114929544750_ohlcv_937604c2416e.json
2026-09-26T01:25:00+00:00,6tuhHpYSinf41V39KW3JmpVUaxehcabCbHZqqFnwR6xf,solana,PumpSwap,,,,,2026-09-15T19:26:05Z,0.0022160926694829966,,,,,,,,,,,,,,,,,,,ohlcv_backfill,minute,0.0025357220026913517,0.0025644666810595257,0.002031014493112608,0.0022160926694829966,61202.84801149244,/home/runner/work/Solana-Memecoin-Analysis/Solana-Memecoin-Analysis/data/cache/2026-09-26/114929544750_ohlcv_937604c2416e.json
2026-09-26T01:20:00+00:00,6tuhHpYSinf41V39KW3JmpVUaxehcabCbHZqqFnwR6xf,solana,PumpSwap,,,,,2026-09-15T19:26:05Z,0.0025357220026913517,,,,,,,,,,,,,,,,,,,ohlcv_backfill,minute,0.0027609311009886184,0.0027906763194040477,0.0023688250353895222,0.0025357220026913517,33309.88249320961,/home/runner/work/Solana-Memecoin-Analysis/Solana-Memecoin-Analysis/data/cache/2026-09-26/114929544750_ohlcv_937604c2416e.json
2026-09-26T01:15:00+00:00,6tuhHpYSinf41V39KW3JmpVUaxehcabCbHZqqFnwR6xf,solana,PumpSwap,,,,,2026-09-15T19:26:05Z,0.0027609311009886184,,,,,,,,,,,,,,,,,,,ohlcv_backfill,minute,0.002883405303890812,0.0029577124288348547,0.002436742984027718,0.0027609311009886184,72171.15348810825,/home/runner/work/Solana-Memecoin-Analysis/Solana-Memecoin-Analysis/data/cache/2026-09-26/114929544750_ohlcv_937604c2416e.json
2026-09-26T01:10:00+00:00,6tuhHpYSinf41V39KW3JmpVUaxehcabCbHZqqFnwR6xf,solana,PumpSwap,,,,,2026-09-15T19:26:05Z,0.002883405303890812,,,,,,,,,,,,,,,,,,,ohlcv_backfill,minute,0.002533817474780606,0.0035065671638289894,0.002300112060941878,0.002883405303890812,181107.47751032762,/home/runner/work/Solana-Memecoin-Analysis/Solana-Memecoin-Analysis/data/cache/2026-09-26/114929544750_ohlcv_937604c2416e.json
2026-09-26T01:05:00+00:00,6tuhHpYSinf41V39KW3JmpVUaxehcabCbHZqqFnwR6xf,solana,PumpSwap,,,,,2026-09-15T19:26:05Z,0.002533817474780606,,,,,,,,,,,,,,,,,,,ohlcv_backfill,minute,0.0021537071180252262,0.002891108652721411,0.002014546071704363,0.002533817474780606,62212.45392812955,/home/runner/work/Solana-Memecoin-Analysis/Solana-Memecoin-Analysis/data/cache/2026-09-26/114929544750_ohlcv_937604c2416e.json
2026-09-26T01:00:00+00:00,6tuhHpYSinf41V39KW3JmpVUaxehcabCbHZqqFnwR6xf,solana,PumpSwap,,,,,2026-09-15T19:26:05Z,0.0021537071180252262,,,,,,,,,,,,,,,,,,,ohlcv_backfill,minute,0.0021354067755224113,0.0024017783882970276,0.0020714886975418587,0.0021537071180252262,66146.56067846323,/home/runner/work/Solana-Memecoin-Analysis/Solana-Memecoin-Analysis/data/cache/2026-09-26/114929544750_ohlcv_937604c2416e.json
2026-09-26T00:55:00+00:00,6tuhHpYSinf41V39KW3JmpVUaxehcabCbHZqqFnwR6xf,solana,PumpSwap,,,,,2026-09-15T19:26:05Z,0.0021354067755224113,,,,,,,,,,,,,,,,,,,ohlcv_backfill,minute,0.0016025378444114956,0.002224340880522843,0.0015793414273616723,0.0021354067755224113,60868.56744002297,/home/runner/work/Solana-Memecoin-Analysis/Solana-Memecoin-Analysis/data/cache/2026-09-26/114929544750_ohlcv_937604c2416e.json
2026-09-26T00:50:00+00:00,6tuhHpYSinf41V39KW3JmpVUaxehcabCbHZqqFnwR6xf,solana,PumpSwap,,,,,2026-09-15T19:26:05Z,0.0016025378444114956,,,,,,,,,,,,,,,,,,,ohlcv_backfill,minute,0.0016097850080914627,0.0016492672590214333,0.0015090157513938172,0.0016025378444114956,13248.042118107305,/home/runner/work/Solana-Memecoin-Analysis/Solana-Memecoin-Analysis/data/cache/2026-09-26/114929544750_ohlcv_937604c2416e.json
2026-09-26T00:45:00+00:00,6tuhHpYSinf41V39KW3JmpVUaxehcabCbHZqqFnwR6xf,solana,PumpSwap,,,,,2026-09-15T19:26:05Z,0.0016097850080914627,,,,,,,,,,,,,,,,,,,ohlcv_backfill,minute,0.001628474063314691,0.0017132508920923298,0.0015537028465352288,0.0016097850080914627,17887.721806273366,/home/runner/work/Solana-Memecoin-Analysis/Solana-Memecoin-Analysis/data/cache/2026-09-26/114929544750_ohlcv_937604c2416e.json
2026-09-26T00:40:00+00:00,6tuhHpYSinf41V39KW3JmpVUaxehcabCbHZqqFnwR6xf,solana,PumpSwap,,,,,2026-09-15T19:26:05Z,0.001628474063314691,,,,,,,,,,,,,,,,,,,ohlcv_backfill,minute,0.0017769002949412271,0.0017887209540364485,0.0015974518501988327,0.001628474063314691,24177.383608871118,/home/runner/work/Solana-Memecoin-Analysis/Solana-Memecoin-Analysis/data/cache/2026-09-26/114929544750_ohlcv_937604c2416e.json
2026-09-26T00:35:00+00:00,6tuhHpYSinf41V39KW3JmpVUaxehcabCbHZqqFnwR6xf,solana,PumpSwap,,,,,2026-09-15T19:26:05Z,0.0017769002949412271,,,,,,,,,,,,,,,,,,,ohlcv_backfill,minute,0.0016683505293094536,0.0019907649302041922,0.0013336234446013485,0.0017769002949412271,80716.23598022139,/home/runner/work/Solana-Memecoin-Analysis/Solana-Memecoin-Analysis/data/cache/2026-09-26/114929544750_ohlcv_937604c2416e.json
2026-09-26T00:30:00+00:00,6tuhHpYSinf41V39KW3JmpVUaxehcabCbHZqqFnwR6xf,solana,PumpSwap,,,,,2026-09-15T19:26:05Z,0.0016683505293094536,,,,,,,,,,,,,,,,,,,ohlcv_backfill,minute,0.0018063067660992048,0.0018119519069344514,0.001587420527354179,0.0016683505293094536,18564.80058791909,/home/runner/work/Solana-Memecoin-Analysis/Solana-Memecoin-Analysis/data/cache/2026-09-26/114929544750_ohlcv_937604c2416e.json
2026-09-26T00:25:00+00:00,6tuhHpYSinf41V39KW3JmpVUaxehcabCbHZqqFnwR6xf,solana,PumpSwap,,,,,2026-09-15T19:26:05Z,0.0018063067660992048,,,,,,,,,,,,,,,,,,,ohlcv_backfill,minute,0.0018147998487280067,0.0019829560060136927,0.0016938996671910665,0.0018063067660992048,46308.752341763364,/home/runner/work/Solana-Memecoin-Analysis/Solana-Memecoin-Analysis/data/cache/2026-09-26/114929544750_ohlcv_937604c2416e.json
2026-09-26T00:20:00+00:00,6tuhHpYSinf41V39KW3JmpVUaxehcabCbHZqqFnwR6xf,solana,PumpSwap,,,,,2026-09-15T19:26:05Z,0.0018147998487280067,,,,,,,,,,,,,,,,,,,ohlcv_backfill,minute,0.0014568668372490904,0.001887382158449154,0.0013864815005878318,0.0018147998487280067,40097.824841572045,/home/runner/work/Solana-Memecoin-Analysis/Solana-Memecoin-Analysis/data/cache/2026-09-26/114929544750_ohlcv_937604c2416e.json
2026-09-26T00:15:00+00:00,6tuhHpYSinf41V39KW3JmpVUaxehcabCbHZqqFnwR6xf,solana,PumpSwap,,,,,2026-09-15T19:26:05Z,0.0014568668372490904,,,,,,,,,,,,,,,,,,,ohlcv_backfill,minute,0.0014592712453048579,0.001589599488606165,0.0014322355283204239,0.0014568668372490904,21616.515765395838,/home/runner/work/Solana-Memecoin-Analysis/Solana-Memecoin-Analysis/data/cache/2026-09-26/114929544750_ohlcv_937604c2416e.json
2026-09-26T00:10:00+00:00,6tuhHpYSinf41V39KW3JmpVUaxehcabCbHZqqFnwR6xf,solana,PumpSwap,,,,,2026-09-15T19:26:05Z,0.0014592712453048579,,,,,,,,,,,,,,,,,,,ohlcv_backfill,minute,0.0013241573597133109,0.0016973985249722667,0.0012944372418625593,0.0014592712453048579,38405.04762213818,/home/runner/work/Solana-Memecoin-Analysis/Solana-Memecoin-Analysis/data/cache/2026-09-26/114929544750_ohlcv_937604c2416e.json
2026-09-26T00:05:00+00:00,6tuhHpYSinf41V39KW3JmpVUaxehcabCbHZqqFnwR6xf,solana,PumpSwap,,,,,2026-09-15T19:26:05Z,0.0013241573597133109,,,,,,,,,,,,,,,,,,,ohlcv_backfill,minute,0.0013884752757436893,0.0013884752757436893,0.0012195216528427463,0.0013241573597133109,20884.815453485015,/home/runner/work/Solana-Memecoin-Analysis/Solana-Memecoin-Analysis/data/cache/2026-09-26/114929544750_ohlcv_937604c2416e.json
2026-09-26T00:00:00+00:00,6tuhHpYSinf41V39KW3JmpVUaxehcabCbHZqqFnwR6xf,solana,PumpSwap,,,,,2026-09-15T19:26:05Z,0.0013884752757436893,,,,,,,,,,,,,,,,,,,ohlcv_backfill,minute,0.0009628165131383757,0.0014971262861321777,0.0009503384650997594,0.0013884752757436893,28847.76274168168,/home/runner/work/Solana-Memecoin-Analysis/Solana-Memecoin-Analysis/data/cache/2026-09-26/114929544750_ohlcv_937604c2416e.json
2026-09-25T23:55:00+00:00,6tuhHpYSinf41V39KW3JmpVUaxehcabCbHZqqFnwR6xf,solana,PumpSwap,,,,,2026-09-15T19:26:05Z,0.0009628165131383757,,,,,,,,,,,,,,,,,,,ohlcv_backfill,minute,0.0008981720130053318,0.0009771014500400113,0.0008981720130053318,0.0009628165131383757,3647.2637035544276,/home/runner/work/Solana-Memecoin-Analysis/Solana-Memecoin-Analysis/data/cache/2026-09-26/114929544750_ohlcv_937604c2416e.json
2026-09-25T23:50:00+00:00,6tuhHpYSinf41V39KW3JmpVUaxehcabCbHZqqFnwR6xf,solana,PumpSwap,,,,,2026-09-15T19:26:05Z,0.0008981720130053318,,,,,,,,,,,,,,,,,,,ohlcv_backfill,minute,0.0009442137330326639,0.0009442137330326639,0.0008929142000614252,0.0008981720130053318,3688.4769858555687,/home/runner/work/Solana-Memecoin-Analysis/Solana-Memecoin-Analysis/data/cache/2026-09-26/114929544750_ohlcv_937604c2416e.json
2026-09-25T23:45:00+00:00,6tuhHpYSinf41V39KW3JmpVUaxehcabCbHZqqFnwR6xf,solana,PumpSwap,,,,,2026-09-15T19:26:05Z,0.0009442137330326639,,,,,,,,,,,,,,,,,,,ohlcv_backfill,minute,0.000929869653199971,0.0009586784658311379,0.000929869653199971,0.0009442137330326639,1202.2106039509806,/home/runner/work/Solana-Memecoin-Analysis/Solana-Memecoin-Analysis/data/cache/2026-09-26/114929544750_ohlcv_937604c2416e.json
2026-09-25T23:40:00+00:00,6tuhHpYSinf41V39KW3JmpVUaxehcabCbHZqqFnwR6xf,solana,PumpSwap,,,,,2026-09-15T19:26:05Z,0.000929869653199971,,,,,,,,,,,,,,,,,,,ohlcv_backfill,minute,0.0008964157834013615,0.0009433554556770352,0.0008964157834013615,0.000929869653199971,1461.0253543074734,/home/runner/work/Solana-Memecoin-Analysis/Solana-Memecoin-Analysis/data/cache/2026-09-26/114929544750_ohlcv_937604c2416e.json
2026-09-25T23:35:00+00:00,6tuhHpYSinf41V39KW3JmpVUaxehcabCbHZqqFnwR6xf,solana,PumpSwap,,,,,2026-09-15T19:26:05Z,0.0008964157834013615,,,,,,,,,,,,,,,,,,,ohlcv_backfill,minute,0.0009051731668454542,0.0009094758618565302,0.0008925097278510313,0.0008964157834013615,732.6624111036247,/home/runner/work/Solana-Memecoin-Analysis/Solana-Memecoin-Analysis/data/cache/2026-09-26/114929544750_ohlcv_937604c2416e.json
2026-09-25T23:30:00+00:00,6tuhHpYSinf41V39KW3JmpVUaxehcabCbHZqqFnwR6xf,solana,PumpSwap,,,,,2026-09-15T19:26:05Z,0.0009051731668454542,,,,,,,,,,,,,,,,,,,ohlcv_backfill,minute,0.0009867669450555631,0.0010005491122724484,0.0008961386054756851,0.0009051731668454542,6213.513625504439,/home/runner/work/Solana-Memecoin-Analysis/Solana-Memecoin-Analysis/data/cache/2026-09-26/114929544750_ohlcv_937604c2416e.json
2026-09-25T23:25:00+00:00,6tuhHpYSinf41V39KW3JmpVUaxehcabCbHZqqFnwR6xf,solana,PumpSwap,,,,,2026-09-15T19:26:05Z,0.0009867669450555631,,,,,,,,,,,,,,,,,,,ohlcv_backfill,minute,0.0009741488572239979,0.0010167735732685428,0.0009312053012939952,0.0009867669450555631,9799.584645107094,/home/runner/work/Solana-Memecoin-Analysis/Solana-Memecoin-Analysis/data/cache/2026-09-26/114929544750_ohlcv_937604c2416e.json
2026-09-25T23:20:00+00:00,6tuhHpYSinf41V39KW3JmpVUaxehcabCbHZqqFnwR6xf,solana,PumpSwap,,,,,2026-09-15T19:26:05Z,0.0009741488572239979,,,,,,,,,,,,,,,,,,,ohlcv_backfill,minute,0.0008990115235753369,0.0009745042203485437,0.0008870080542143477,0.0009741488572239979,4596.747577717124,/home/runner/work/Solana-Memecoin-Analysis/Solana-Memecoin-Analysis/data/cache/2026-09-26/114929544750_ohlcv_937604c2416e.json
2026-09-25T23:15:00+00:00,6tuhHpYSinf41V39KW3JmpVUaxehcabCbHZqqFnwR6xf,solana,PumpSwap,,,,,2026-09-15T19:26:05Z,0.0008990115235753369,,,,,,,,,,,,,,,,,,,ohlcv_backfill,minute,0.000899533680715508,0.0009107999788723615,0.0008983683125457148,0.0008990115235753369,115.14939321120448,/home/runner/work/Solana-Memecoin-Analysis/Solana-Memecoin-Analysis/data/cache/2026-09-26/114929544750_ohlcv_937604c2416e.json
2026-09-25T23:10:00+00:00,6tuhHpYSinf41V39KW3JmpVUaxehcabCbHZqqFnwR6xf,solana,PumpSwap,,,,,2026-09-15T19:26:05Z,0.000899533680715508,,,,,,,,,,,,,,,,,,,ohlcv_backfill,minute,0.0009024274185873531,0.000911384971449391,0.000899533680715508,0.000899533680715508,99.03658918018353,/home/runner/work/Solana-Memecoin-Analysis/Solana-Memecoin-Analysis/data/cache/2026-09-26/114929544750_ohlcv_937604c2416e.json
2026-09-25T23:05:00+00:00,6tuhHpYSinf41V39KW3JmpVUaxehcabCbHZqqFnwR6xf,solana,PumpSwap,,,,,2026-09-15T19:26:05Z,0.0009024274185873531,,,,,,,,,,,,,,,,,,,ohlcv_backfill,minute,0.0008721115934269027,0.000913617242679049,0.0008721115934269027,0.0009024274185873531,1436.8975775408749,/home/runner/work/Solana-Memecoin-Analysis/Solana-Memecoin-Analysis/data/cache/2026-09-26/114929544750_ohlcv_937604c2416e.json
2026-09-25T23:00:00+00:00,6tuhHpYSinf41V39KW3JmpVUaxehcabCbHZqqFnwR6xf,solana,PumpSwap,,,,,2026-09-15T19:26:05Z,0.0008721115934269027,,,,,,,,,,,,,,,,,,,ohlcv_backfill,minute,0.0008608836174790759,0.0008721115934269027,0.0008300465573561813,0.0008721115934269027,2618.277268611002,/home/runner/work/Solana-Memecoin-Analysis/Solana-Memecoin-Analysis/data/cache/2026-09-26/114929544750_ohlcv_937604c2416e.json
2026-09-25T22:55:00+00:00,6tuhHpYSinf41V39KW3JmpVUaxehcabCbHZqqFnwR6xf,solana,PumpSwap,,,,,2026-09-15T19:26:05Z,0.0008608836174790759,,,,,,,,,,,,,,,,,,,ohlcv_backfill,minute,0.0008769232195810585,0.0008829910955480058,0.0008608836174790759,0.0008608836174790759,610.437871851347,/home/runner/work/Solana-Memecoin-Analysis/Solana-Memecoin-Analysis/data/cache/2026-09-26/114929544750_ohlcv_937604c2416e.json
2026-09-25T22:50:00+00:00,6tuhHpYSinf41V39KW3JmpVUaxehcabCbHZqqFnwR6xf,solana,PumpSwap,,,,,2026-09-15T19:26:05Z,0.0008769232195810585,,,,,,,,,,,,,,,,,,,ohlcv_backfill,minute,0.0008502423331590916,0.0008799400356079032,0.0008399522019062518,0.0008769232195810585,1999.4814213834443,/home/runner/work/Solana-Memecoin-Analysis/Solana-Memecoin-Analysis/data/cache/2026-09-26/114929544750_ohlcv_937604c2416e.json
2026-09-25T22:45:00+00:00,6tuhHpYSinf41V39KW3JmpVUaxehcabCbHZqqFnwR6xf,solana,PumpSwap,,,,,2026-09-15T19:26:05Z,0.0008502423331590916,,,,,,,,,,,,,,,,,,,ohlcv_backfill,minute,0.0009192569272308411,0.0009192569272308411,0.0008497766080235035,0.0008502423331590916,2524.042219348949,/home/runner/work/Solana-Memecoin-Analysis/Solana-Memecoin-Analysis/data/cache/2026-09-26/114929544750_ohlcv_937604c2416e.json
2026-09-25T22:40:00+00:00,6tuhHpYSinf41V39KW3JmpVUaxehcabCbHZqqFnwR6xf,solana,PumpSwap,,,,,2026-09-15T19:26:05Z,0.0009192569272308411,,,,,,,,,,,,,,,,,,,ohlcv_backfill,minute,0.0009461095111263503,0.0009557235044775022,0.0009192569272308411,0.0009192569272308411,2225.3149735044694,/home/runner/work/Solana-Memecoin-Analysis/Solana-Memecoin-Analysis/data/cache/2026-09-26/114929544750_ohlcv_937604c2416e.json
2026-09-25T22:35:00+00:00,6tuhHpYSinf41V39KW3JmpVUaxehcabCbHZqqFnwR6xf,solana,PumpSwap,,,,,2026-09-15T19:26:05Z,0.0009461095111263503,,,,,,,,,,,,,,,,,,,ohlcv_backfill,minute,0.0009736900833628442,0.0009809929811446876,0.0009461095111263503,0.0009461095111263503,2018.580547128117,/home/runner/work/Solana-Memecoin-Analysis/Solana-Memecoin-Analysis/data/cache/2026-09-26/114929544750_ohlcv_937604c2416e.json
2026-09-25T22:30:00+00:00,6tuhHpYSinf41V39KW3JmpVUaxehcabCbHZqqFnwR6xf,solana,PumpSwap,,,,,2026-09-15T19:26:05Z,0.0009736900833628442,,,,,,,,,,,,,,,,,,,ohlcv_backfill,minute,0.0009260381807599539,0.0009736900833628442,0.0009260381807599539,0.0009736900833628442,1523.9491675539132,/home/runner/work/Solana-Memecoin-Analysis/Solana-Memecoin-Analysis/data/cache/2026-09-26/114929544750_ohlcv_937604c2416e.json
2026-09-25T22:25:00+00:00,6tuhHpYSinf41V39KW3JmpVUaxehcabCbHZqqFnwR6xf,solana,PumpSwap,,,,,2026-09-15T19:26:05Z,0.0009260381807599539,,,,,,,,,,,,,,,,,,,ohlcv_backfill,minute,0.000970419504783824,0.0009776959457420615,0.0009260381807599539,0.0009260381807599539,1895.8029976277078,/home/runner/work/Solana-Memecoin-Analysis/Solana-Memecoin-Analysis/data/cache/2026-09-26/114929544750_ohlcv_937604c2416e.json
2026-09-25T22:20:00+00:00,6tuhHpYSinf41V39KW3JmpVUaxehcabCbHZqqFnwR6xf,solana,PumpSwap,,,,,2026-09-15T19:26:05Z,0.000970419504783824,,,,,,,,,,,,,,,,,,,ohlcv_backfill,minute,0.0009250075467921936,0.0010877498326793932,0.0009128099905416773,0.000970419504783824,13287.117149185366,/home/runner/work/Solana-Memecoin-Analysis/Solana-Memecoin-Analysis/data/cache/2026-09-26/114929544750_ohlcv_937604c2416e.json
2026-09-25T22:15:00+00:00,6tuhHpYSinf41V39KW3JmpVUaxehcabCbHZqqFnwR6xf,solana,PumpSwap,,,,,2026-09-15T19:26:05Z,0.0009250075467921936,,,,,,,,,,,,,,,,,,,ohlcv_backfill,minute,0.000894915314604497,0.0009298900076048372,0.0008643647711266857,0.0009250075467921936,4952.087475475619,/home/runner/work/Solana-Memecoin-Analysis/Solana-Memecoin-Analysis/data/cache/2026-09-26/114929544750_ohlcv_937604c2416e.json
2026-09-25T22:10:00+00:00,6tuhHpYSinf41V39KW3JmpVUaxehcabCbHZqqFnwR6xf,solana,PumpSwap,,,,,2026-09-15T19:26:05Z,0.000894915314604497,,,,,,,,,,,,,,,,,,,ohlcv_backfill,minute,0.0009201214068900265,0.0009264688809081206,0.0008847379064684328,0.000894915314604497,1731.1578175030083,/home/runner/work/Solana-Memecoin-Analysis/Solana-Memecoin-Analysis/data/cache/2026-09-26/114929544750_ohlcv_937604c2416e.json
2026-09-25T22:05:00+00:00,6tuhHpYSinf41V39KW3JmpVUaxehcabCbHZqqFnwR6xf,solana,PumpSwap,,,,,2026-09-15T19:26:05Z,0.0009201214068900265,,,,,,,,,,,,,,,,,,,ohlcv_backfill,minute,0.0009170259892441937,0.0009374830989312802,0.0008984189349413481,0.0009201214068900265,2382.725647536376,/home/runner/work/Solana-Memecoin-Analysis/Solana-Memecoin-Analysis/data/cache/2026-09-26/114929544750_ohlcv_937604c2416e.json
2026-09-25T22:00:00+00:00,6tuhHpYSinf41V39KW3JmpVUaxehcabCbHZqqFnwR6xf,solana,PumpSwap,,,,,2026-09-15T19:26:05Z,0.0009170259892441937,,,,,,,,,,,,,,,,,,,ohlcv_backfill,minute,0.0009246018664090631,0.0010032842248929611,0.0009130796479708475,0.0009170259892441937,9681.358901131474,/home/runner/work/Solana-Memecoin-Analysis/Solana-Memecoin-Analysis/data/cache/2026-09-26/114929544750_ohlcv_937604c2416e.json
2026-09-25T21:55:00+00:00,6tuhHpYSinf41V39KW3JmpVUaxehcabCbHZqqFnwR6xf,solana,PumpSwap,,,,,2026-09-15T19:26:05Z,0.0009246018664090631,,,,,,,,,,,,,,,,,,,ohlcv_backfill,minute,0.000910614085243608,0.000993418264489912,0.0008999936964449743,0.0009246018664090631,8791.911560528373,/home/runner/work/Solana-Memecoin-Analysis/Solana-Memecoin-Analysis/data/cache/2026-09-26/114929544750_ohlcv_937604c2416e.json
2026-09-25T21:50:00+00:00,6tuhHpYSinf41V39KW3JmpVUaxehcabCbHZqqFnwR6xf,solana,PumpSwap,,,,,2026-09-15T19:26:05Z,0.000910614085243608,,,,,,,,,,,,,,,,,,,ohlcv_backfill,minute,0.0009544573450666545,0.0009767367208657154,0.0008990195094216625,0.000910614085243608,5031.9076484889465,/home/runner/work/Solana-Memecoin-Analysis/Solana-Memecoin-Analysis/data/cache/2026-09-26/114929544750_ohlcv_937604c2416e.json
2026-09-25T21:45:00+00:00,6tuhHpYSinf41V39KW3JmpVUaxehcabCbHZqqFnwR6xf,solana,PumpSwap,,,,,2026-09-15T19:26:05Z,0.0009544573450666545,,,,,,,,,,,,,,,,,,,ohlcv_backfill,minute,0.001039237157563039,0.001039237157563039,0.0009323727659606316,0.0009544573450666545,7370.780333221276,/home/runner/work/Solana-Memecoin-Analysis/Solana-Memecoin-Analysis/data/cache/2026-09-26/114929544750_ohlcv_937604c2416e.json
2026-09-25T21:40:00+00:00,6tuhHpYSinf41V39KW3JmpVUaxehcabCbHZqqFnwR6xf,solana,PumpSwap,,,,,2026-09-15T19:26:05Z,0.001039237157563039,,,,,,,,,,,,,,,,,,,ohlcv_backfill,minute,0.000890629836183016,0.0010703413936859205,0.000862328250678823,0.001039237157563039,18176.820535550065,/home/runner/work/Solana-Memecoin-Analysis/Solana-Memecoin-Analysis/data/cache/2026-09-26/114929544750_ohlcv_937604c2416e.json
2026-09-25T21:35:00+00:00,6tuhHpYSinf41V39KW3JmpVUaxehcabCbHZqqFnwR6xf,solana,PumpSwap,,,,,2026-09-15T19:26:05Z,0.000890629836183016,,,,,,,,,,,,,,,,,,,ohlcv_backfill,minute,0.0008464577868296749,0.0009539407969092613,0.0008165450695111049,0.000890629836183016,16851.399758173022,/home/runner/work/Solana-Memecoin-Analysis/Solana-Memecoin-Analysis/data/cache/2026-09-26/114929544750_ohlcv_937604c2416e.json
2026-09-25T21:30:00+00:00,6tuhHpYSinf41V39KW3JmpVUaxehcabCbHZqqFnwR6xf,solana,PumpSwap,,,,,2026-09-15T19:26:05Z,0.0008464577868296749,,,,,,,,,,,,,,,,,,,ohlcv_backfill,minute,0.0007621804294804632,0.0008711280804452074,0.0007582773578442969,0.0008464577868296749,7752.46707170048,/home/runner/work/Solana-Memecoin-Analysis/Solana-Memecoin-Analysis/data/cache/2026-09-26/114929544750_ohlcv_937604c2416e.json
2026-09-25T21:25:00+00:00,6tuhHpYSinf41V39KW3JmpVUaxehcabCbHZqqFnwR6xf,solana,PumpSwap,,,,,2026-09-15T19:26:05Z,0.0007621804294804632,,,,,,,,,,,,,,,,,,,ohlcv_backfill,minute,0.0007929510375269988,0.0008024180106928439,0.0007368171387928137,0.0007621804294804632,3084.281189766713,/home/runner/work/Solana-Memecoin-Analysis/Solana-Memecoin-Analysis/data/cache/2026-09-26/114929544750_ohlcv_937604c2416e.json
2026-09-25T21:20:00+00:00,6tuhHpYSinf41V39KW3JmpVUaxehcabCbHZqqFnwR6xf,solana,PumpSwap,,,,,2026-09-15T19:26:05Z,0.0007929510375269988,,,,,,,,,,,,,,,,,,,ohlcv_backfill,minute,0.0007202380657413727,0.0008029898445351153,0.0006852802867532993,0.0007929510375269988,7358.860857811073,/home/runner/work/Solana-Memecoin-Analysis/Solana-Memecoin-Analysis/data/cache/2026-09-26/114929544750_ohlcv_937604c2416e.json
2026-09-25T21:15:00+00:00,6tuhHpYSinf41V39KW3JmpVUaxehcabCbHZqqFnwR6xf,solana,PumpSwap,,,,,2026-09-15T19:26:05Z,0.0007202380657413727,,,,,,,,,,,,,,,,,,,ohlcv_backfill,minute,0.0007292651499673314,0.0007292651499673314,0.0007202380657413727,0.0007202380657413727,33.47880600925657,/home/runner/work/Solana-Memecoin-Analysis/Solana-Memecoin-Analysis/data/cache/2026-09-26/114929544750_ohlcv_937604c2416e.json
2026-09-25T21:10:00+00:00,6tuhHpYSinf41V39KW3JmpVUaxehcabCbHZqqFnwR6xf,solana,PumpSwap,,,,,2026-09-15T19:26:05Z,0.0007292651499673314,,,,,,,,,,,,,,,,,,,ohlcv_backfill,minute,0.0007223892938383065,0.0007302836670374005,0.0007205551967029564,0.0007292651499673314,120.85857209617275,/home/runner/work/Solana-Memecoin-Analysis/Solana-Memecoin-Analysis/data/cache/2026-09-26/114929544750_ohlcv_937604c2416e.json
2026-09-25T21:05:00+00:00,6tuhHpYSinf41V39KW3JmpVUaxehcabCbHZqqFnwR6xf,solana,PumpSwap,,,,,2026-09-15T19:26:05Z,0.0007223892938383065,,,,,,,,,,,,,,,,,,,ohlcv_backfill,minute,0.0007285764860371418,0.0007340994250096129,0.0007217945677801813,0.0007223892938383065,224.47800520567486,/home/runner/work/Solana-Memecoin-Analysis/Solana-Memecoin-Analysis/data/cache/2026-09-26/114929544750_ohlcv_937604c2416e.json
2026-09-25T21:00:00+00:00,6tuhHpYSinf41V39KW3JmpVUaxehcabCbHZqqFnwR6xf,solana,PumpSwap,,,,,2026-09-15T19:26:05Z,0.0007285764860371418,,,,,,,,,,,,,,,,,,,ohlcv_backfill,minute,0.0007441343370404925,0.0007441343370404925,0.0007285764860371418,0.0007285764860371418,266.0482364978514,/home/runner/work/Solana-Memecoin-Analysis/Solana-Memecoin-Analysis/data/cache/2026-09-26/114929544750_ohlcv_937604c2416e.json
2026-09-25T20:55:00+00:00,6tuhHpYSinf41V39KW3JmpVUaxehcabCbHZqqFnwR6xf,solana,PumpSwap,,,,,2026-09-15T19:26:05Z,0.0007441343370404925,,,,,,,,,,,,,,,,,,,ohlcv_backfill,minute,0.0007384571410034518,0.0007441343370404925,0.0007349509914981462,0.0007441343370404925,76.62321980287483,/home/runner/work/Solana-Memecoin-Analysis/Solana-Memecoin-Analysis/data/cache/2026-09-26/114929544750_ohlcv_937604c2416e.json
2026-09-25T20:50:00+00:00,6tuhHpYSinf41V39KW3JmpVUaxehcabCbHZqqFnwR6xf,solana,PumpSwap,,,,,2026-09-15T19:26:05Z,0.0007384571410034518,,,,,,,,,,,,,,,,,,,ohlcv_backfill,minute,0.0007483567793437668,0.0007483567793437668,0.0007384571410034518,0.0007384571410034518,27.210977572324808,/home/runner/work/Solana-Memecoin-Analysis/Solana-Memecoin-Analysis/data/cache/2026-09-26/114929544750_ohlcv_937604c2416e.json
2026-09-25T20:45:00+00:00,6tuhHpYSinf41V39KW3JmpVUaxehcabCbHZqqFnwR6xf,solana,PumpSwap,,,,,2026-09-15T19:26:05Z,0.0007483567793437668,,,,,,,,,,,,,,,,,,,ohlcv_backfill,minute,0.0007288535213831601,0.00074862154140824,0.0007195202139807615,0.0007483567793437668,913.2153605953531,/home/runner/work/Solana-Memecoin-Analysis/Solana-Memecoin-Analysis/data/cache/2026-09-26/114929544750_ohlcv_937604c2416e.json
2026-09-25T20:40:00+00:00,6tuhHpYSinf41V39KW3JmpVUaxehcabCbHZqqFnwR6xf,solana,PumpSwap,,,,,2026-09-15T19:26:05Z,0.0007288535213831601,,,,,,,,,,,,,,,,,,,ohlcv_backfill,minute,0.0007161923605195021,0.0007288535213831601,0.0007072405629575051,0.0007288535213831601,774.8555474594979,/home/runner/work/Solana-Memecoin-Analysis/Solana-Memecoin-Analysis/data/cache/2026-09-26/114929544750_ohlcv_937604c2416e.json
2026-09-25T20:35:00+00:00,6tuhHpYSinf41V39KW3JmpVUaxehcabCbHZqqFnwR6xf,solana,PumpSwap,,,,,2026-09-15T19:26:05Z,0.0007161923605195021,,,,,,,,,,,,,,,,,,,ohlcv_backfill,minute,0.0007094770279761887,0.0007161923605195021,0.0006988981414098791,0.0007161923605195021,338.39838200599115,/home/runner/work/Solana-Memecoin-Analysis/Solana-Memecoin-Analysis/data/cache/2026-09-26/114929544750_ohlcv_937604c2416e.json
2026-09-25T20:30:00+00:00,6tuhHpYSinf41V39KW3JmpVUaxehcabCbHZqqFnwR6xf,solana,PumpSwap,,,,,2026-09-15T19:26:05Z,0.0007094770279761887,,,,,,,,,,,,,,,,,,,ohlcv_backfill,minute,0.0007259950714884993,0.0007259950714884993,0.0007094770279761887,0.0007094770279761887,788.1356623243503,/home/runner/work/Solana-Memecoin-Analysis/Solana-Memecoin-Analysis/data/cache/2026-09-26/114929544750_ohlcv_937604c2416e.json
2026-09-25T20:25:00+00:00,6tuhHpYSinf41V39KW3JmpVUaxehcabCbHZqqFnwR6xf,solana,PumpSwap,,,,,2026-09-15T19:26:05Z,0.0007259950714884993,,,,,,,,,,,,,,,,,,,ohlcv_backfill,minute,0.0007245263955511204,0.0007259950714884993,0.0007157418106991645,0.0007259950714884993,23.105700634685373,/home/runner/work/Solana-Memecoin-Analysis/Solana-Memecoin-Analysis/data/cache/2026-09-26/114929544750_ohlcv_937604c2416e.json
2026-09-25T20:20:00+00:00,6tuhHpYSinf41V39KW3JmpVUaxehcabCbHZqqFnwR6xf,solana,PumpSwap,,,,,2026-09-15T19:26:05Z,0.0007245263955511204,,,,,,,,,,,,,,,,,,,ohlcv_backfill,minute,0.0007133551519933032,0.0007245263955511204,0.0006992244152386678,0.0007245263955511204,1562.590855476786,/home/runner/work/Solana-Memecoin-Analysis/Solana-Memecoin-Analysis/data/cache/2026-09-26/114929544750_ohlcv_937604c2416e.json
2026-09-25T20:15:00+00:00,6tuhHpYSinf41V39KW3JmpVUaxehcabCbHZqqFnwR6xf,solana,PumpSwap,,,,,2026-09-15T19:26:05Z,0.0007133551519933032,,,,,,,,,,,,,,,,,,,ohlcv_backfill,minute,0.0007222399762904725,0.0007222399762904725,0.0007043299329025736,0.0007133551519933032,622.9806952001854,/home/runner/work/Solana-Memecoin-Analysis/Solana-Memecoin-Analysis/data/cache/2026-09-26/114929544750_ohlcv_937604c2416e.json
2026-09-25T20:10:00+00:00,6tuhHpYSinf41V39KW3JmpVUaxehcabCbHZqqFnwR6xf,solana,PumpSwap,,,,,2026-09-15T19:26:05Z,0.0007222399762904725,,,,,,,,,,,,,,,,,,,ohlcv_backfill,minute,0.0007124832906981146,0.0007222399762904725,0.0007108965824533739,0.0007222399762904725,751.033726220964,/home/runner/work/Solana-Memecoin-Analysis/Solana-Memecoin-Analysis/data/cache/2026-09-26/114929544750_ohlcv_937604c2416e.json
2026-09-25T20:05:00+00:00,6tuhHpYSinf41V39KW3JmpVUaxehcabCbHZqqFnwR6xf,solana,PumpSwap,,,,,2026-09-15T19:26:05Z,0.0007124832906981146,,,,,,,,,,,,,,,,,,,ohlcv_backfill,minute,0.0007373336209180175,0.0007373336209180175,0.0007124832906981146,0.0007124832906981146,674.1191282464669,/home/runner/work/Solana-Memecoin-Analysis/Solana-Memecoin-Analysis/data/cache/2026-09-26/114929544750_ohlcv_937604c2416e.json
2026-09-25T20:00:00+00:00,6tuhHpYSinf41V39KW3JmpVUaxehcabCbHZqqFnwR6xf,solana,PumpSwap,,,,,2026-09-15T19:26:05Z,0.0007373336209180175,,,,,,,,,,,,,,,,,,,ohlcv_backfill,minute,0.0007249819519182542,0.0007376292037919874,0.0007161053748335284,0.0007373336209180175,684.7286676850875,/home/runner/work/Solana-Memecoin-Analysis/Solana-Memecoin-Analysis/data/cache/2026-09-26/114929544750_ohlcv_937604c2416e.json
2026-09-25T19:55:00+00:00,6tuhHpYSinf41V39KW3JmpVUaxehcabCbHZqqFnwR6xf,solana,PumpSwap,,,,,2026-09-15T19:26:05Z,0.0007249819519182542,,,,,,,,,,,,,,,,,,,ohlcv_backfill,minute,0.0007310600839471602,0.0007310600839471602,0.0007067746021365706,0.0007249819519182542,1208.1048796830707,/home/runner/work/Solana-Memecoin-Analysis/Solana-Memecoin-Analysis/data/cache/2026-09-26/114929544750_ohlcv_937604c2416e.json
2026-09-25T19:50:00+00:00,6tuhHpYSinf41V39KW3JmpVUaxehcabCbHZqqFnwR6xf,solana,PumpSwap,,,,,2026-09-15T19:26:05Z,0.0007310600839471602,,,,,,,,,,,,,,,,,,,ohlcv_backfill,minute,0.00073315825115686,0.0007356565988131515,0.0006997109264243181,0.0007310600839471602,2447.4631584557837,/home/runner/work/Solana-Memecoin-Analysis/Solana-Memecoin-Analysis/data/cache/2026-09-26/114929544750_ohlcv_937604c2416e.json
2026-09-25T19:45:00+00:00,6tuhHpYSinf41V39KW3JmpVUaxehcabCbHZqqFnwR6xf,solana,PumpSwap,,,,,2026-09-15T19:26:05Z,0.00073315825115686,,,,,,,,,,,,,,,,,,,ohlcv_backfill,minute,0.0007285741520460982,0.0007443880879221835,0.0007273802850578188,0.00073315825115686,656.6018993436409,/home/runner/work/Solana-Memecoin-Analysis/Solana-Memecoin-Analysis/data/cache/2026-09-26/114929544750_ohlcv_937604c2416e.json
2026-09-25T19:40:00+00:00,6tuhHpYSinf41V39KW3JmpVUaxehcabCbHZqqFnwR6xf,solana,PumpSwap,,,,,2026-09-15T19:26:05Z,0.0007285741520460982,,,,,,,,,,,,,,,,,,,ohlcv_backfill,minute,0.0007455207486912953,0.0007455207486912953,0.0007285741520460982,0.0007285741520460982,394.8080102002257,/home/runner/work/Solana-Memecoin-Analysis/Solana-Memecoin-Analysis/data/cache/2026-09-26/114929544750_ohlcv_937604c2416e.json
2026-09-25T19:35:00+00:00,6tuhHpYSinf41V39KW3JmpVUaxehcabCbHZqqFnwR6xf,solana,PumpSwap,,,,,2026-09-15T19:26:05Z,0.0007455207486912953,,,,,,,,,,,,,,,,,,,ohlcv_backfill,minute,0.0007288183427932455,0.0007458335790294836,0.0007288183427932455,0.0007455207486912953,320.243728812185,/home/runner/work/Solana-Memecoin-Analysis/Solana-Memecoin-Analysis/data/cache/2026-09-26/114929544750_ohlcv_937604c2416e.json
2026-09-25T19:30:00+00:00,6tuhHpYSinf41V39KW3JmpVUaxehcabCbHZqqFnwR6xf,solana,PumpSwap,,,,,2026-09-15T19:26:05Z,0.0007288183427932455,,,,,,,,,,,,,,,,,,,ohlcv_backfill,minute,0.0007629698364212112,0.0007653545375695787,0.0007287830790443722,0.0007288183427932455,1437.352260364155,/home/runner/work/Solana-Memecoin-Analysis/Solana-Memecoin-Analysis/data/cache/2026-09-26/114929544750_ohlcv_937604c2416e.json
2026-09-25T19:25:00+00:00,6tuhHpYSinf41V39KW3JmpVUaxehcabCbHZqqFnwR6xf,solana,PumpSwap,,,,,2026-09-15T19:26:05Z,0.0007629698364212112,,,,,,,,,,,,,,,,,,,ohlcv_backfill,minute,0.0007643609917660703,0.0007730937041747612,0.0007623104397273041,0.0007629698364212112,280.16446672433926,/home/runner/work/Solana-Memecoin-Analysis/Solana-Memecoin-Analysis/data/cache/2026-09-26/114929544750_ohlcv_937604c2416e.json
2026-09-25T19:20:00+00:00,6tuhHpYSinf41V39KW3JmpVUaxehcabCbHZqqFnwR6xf,solana,PumpSwap,,,,,2026-09-15T19:26:05Z,0.0007643609917660703,,,,,,,,,,,,,,,,,,,ohlcv_backfill,minute,0.0007643360199197011,0.0007738300232493099,0.0007643360199197011,0.0007643609917660703,32.07671917495226,/home/runner/work/Solana-Memecoin-Analysis/Solana-Memecoin-Analysis/data/cache/2026-09-26/114929544750_ohlcv_937604c2416e.json
2026-09-25T19:15:00+00:00,6tuhHpYSinf41V39KW3JmpVUaxehcabCbHZqqFnwR6xf,solana,PumpSwap,,,,,2026-09-15T19:26:05Z,0.0007643360199197011,,,,,,,,,,,,,,,,,,,ohlcv_backfill,minute,0.0007635452661761655,0.0007740828533154272,0.0007632644572964774,0.0007643360199197011,490.56225116756275,/home/runner/work/Solana-Memecoin-Analysis/Solana-Memecoin-Analysis/data/cache/2026-09-26/114929544750_ohlcv_937604c2416e.json
2026-09-25T19:10:00+00:00,6tuhHpYSinf41V39KW3JmpVUaxehcabCbHZqqFnwR6xf,solana,PumpSwap,,,,,2026-09-15T19:26:05Z,0.0007635452661761655,,,,,,,,,,,,,,,,,,,ohlcv_backfill,minute,0.0007239803999660087,0.0007635452661761655,0.0007143126477783619,0.0007635452661761655,1767.701624023113,/home/runner/work/Solana-Memecoin-Analysis/Solana-Memecoin-Analysis/data/cache/2026-09-26/114929544750_ohlcv_937604c2416e.json
2026-09-25T19:05:00+00:00,6tuhHpYSinf41V39KW3JmpVUaxehcabCbHZqqFnwR6xf,solana,PumpSwap,,,,,2026-09-15T19:26:05Z,0.0007239803999660087,,,,,,,,,,,,,,,,,,,ohlcv_backfill,minute,0.0007213091609446093,0.0007239803999660087,0.0007138171437221503,0.0007239803999660087,98.49540158066542,/home/runner/work/Solana-Memecoin-Analysis/Solana-Memecoin-Analysis/data/cache/2026-09-26/114929544750_ohlcv_937604c2416e.json
2026-09-25T19:00:00+00:00,6tuhHpYSinf41V39KW3JmpVUaxehcabCbHZqqFnwR6xf,solana,PumpSwap,,,,,2026-09-15T19:26:05Z,0.0007213091609446093,,,,,,,,,,,,,,,,,,,ohlcv_backfill,minute,0.0007283205394017825,0.0007283205394017825,0.0007135255622345813,0.0007213091609446093,697.1840178566036,/home/runner/work/Solana-Memecoin-Analysis/Solana-Memecoin-Analysis/data/cache/2026-09-26/114929544750_ohlcv_937604c2416e.json
2026-09-25T18:55:00+00:00,6tuhHpYSinf41V39KW3JmpVUaxehcabCbHZqqFnwR6xf,solana,PumpSwap,,,,,2026-09-15T19:26:05Z,0.0007283205394017825,,,,,,,,,,,,,,,,,,,ohlcv_backfill,minute,0.0007335602308879075,0.0007335602308879075,0.0007283205394017825,0.0007283205394017825,130.64088191741277,/home/runner/work/Solana-Memecoin-Analysis/Solana-Memecoin-Analysis/data/cache/2026-09-26/114929544750_ohlcv_937604c2416e.json
2026-09-25T18:50:00+00:00,6tuhHpYSinf41V39KW3JmpVUaxehcabCbHZqqFnwR6xf,solana,PumpSwap,,,,,2026-09-15T19:26:05Z,0.0007335602308879075,,,,,,,,,,,,,,,,,,,ohlcv_backfill,minute,0.0007376469589412968,0.0007376469589412968,0.0007335602308879075,0.0007335602308879075,125.83759601474262,/home/runner/work/Solana-Memecoin-Analysis/Solana-Memecoin-Analysis/data/cache/2026-09-26/114929544750_ohlcv_937604c2416e.json
2026-09-25T18:45:00+00:00,6tuhHpYSinf41V39KW3JmpVUaxehcabCbHZqqFnwR6xf,solana,PumpSwap,,,,,2026-09-15T19:26:05Z,0.0007376469589412968,,,,,,,,,,,,,,,,,,,ohlcv_backfill,minute,0.0007397044170703604,0.0007397044170703604,0.0007376469589412968,0.0007376469589412968,177.6183763270619,/home/runner/work/Solana-Memecoin-Analysis/Solana-Memecoin-Analysis/data/cache/2026-09-26/114929544750_ohlcv_937604c2416e.json
2026-09-25T18:40:00+00:00,6tuhHpYSinf41V39KW3JmpVUaxehcabCbHZqqFnwR6xf,solana,PumpSwap,,,,,2026-09-15T19:26:05Z,0.0007397044170703604,,,,,,,,,,,,,,,,,,,ohlcv_backfill,minute,0.0007412077922848425,0.0007412077922848425,0.0007395040033799303,0.0007397044170703604,41.4795544604827,/home/runner/work/Solana-Memecoin-Analysis/Solana-Memecoin-Analysis/data/cache/2026-09-26/114929544750_ohlcv_937604c2416e.json
2026-09-25T18:35:00+00:00,6tuhHpYSinf41V39KW3JmpVUaxehcabCbHZqqFnwR6xf,solana,PumpSwap,,,,,2026-09-15T19:26:05Z,0.0007412077922848425,,,,,,,,,,,,,,,,,,,ohlcv_backfill,minute,0.0007510306219883802,0.0007510306219883802,0.0007412077922848425,0.0007412077922848425,112.68270452316305,/home/runner/work/Solana-Memecoin-Analysis/Solana-Memecoin-Analysis/data/cache/2026-09-26/114929544750_ohlcv_937604c2416e.json
2026-09-25T18:30:00+00:00,6tuhHpYSinf41V39KW3JmpVUaxehcabCbHZqqFnwR6xf,solana,PumpSwap,,,,,2026-09-15T19:26:05Z,0.0007510306219883802,,,,,,,,,,,,,,,,,,,ohlcv_backfill,minute,0.0007481805944632744,0.0007540387143553901,0.0007432800761254757,0.0007510306219883802,199.69374510640384,/home/runner/work/Solana-Memecoin-Analysis/Solana-Memecoin-Analysis/data/cache/2026-09-26/114929544750_ohlcv_937604c2416e.json
2026-09-25T18:25:00+00:00,6tuhHpYSinf41V39KW3JmpVUaxehcabCbHZqqFnwR6xf,solana,PumpSwap,,,,,2026-09-15T19:26:05Z,0.0007481805944632744,,,,,,,,,,,,,,,,,,,ohlcv_backfill,minute,0.0007521935329151462,0.0007521935329151462,0.0007380897747604181,0.0007481805944632744,791.7889122623067,/home/runner/work/Solana-Memecoin-Analysis/Solana-Memecoin-Analysis/data/cache/2026-09-26/114929544750_ohlcv_937604c2416e.json
2026-09-25T18:20:00+00:00,6tuhHpYSinf41V39KW3JmpVUaxehcabCbHZqqFnwR6xf,solana,PumpSwap,,,,,2026-09-15T19:26:05Z,0.0007521935329151462,,,,,,,,,,,,,,,,,,,ohlcv_backfill,minute,0.0007721896851731946,0.0007721896851731946,0.0007521935329151462,0.0007521935329151462,518.177577548118,/home/runner/work/Solana-Memecoin-Analysis/Solana-Memecoin-Analysis/data/cache/2026-09-26/114929544750_ohlcv_937604c2416e.json
2026-09-25T18:15:00+00:00,6tuhHpYSinf41V39KW3JmpVUaxehcabCbHZqqFnwR6xf,solana,PumpSwap,,,,,2026-09-15T19:26:05Z,0.0007721896851731946,,,,,,,,,,,,,,,,,,,ohlcv_backfill,minute,0.0007552010704002792,0.0007721896851731946,0.0007552010704002792,0.0007721896851731946,99.79905535188378,/home/runner/work/Solana-Memecoin-Analysis/Solana-Memecoin-Analysis/data/cache/2026-09-26/114929544750_ohlcv_937604c2416e.json
2026-09-25T18:10:00+00:00,6tuhHpYSinf41V39KW3JmpVUaxehcabCbHZqqFnwR6xf,solana,PumpSwap,,,,,2026-09-15T19:26:05Z,0.0007552010704002792,,,,,,,,,,,,,,,,,,,ohlcv_backfill,minute,0.0007534551515197496,0.0007642596303086063,0.0007534551515197496,0.0007552010704002792,52.61362290145158,/home/runner/work/Solana-Memecoin-Analysis/Solana-Memecoin-Analysis/data/cache/2026-09-26/114929544750_ohlcv_937604c2416e.json
2026-09-25T18:05:00+00:00,6tuhHpYSinf41V39KW3JmpVUaxehcabCbHZqqFnwR6xf,solana,PumpSwap,,,,,2026-09-15T19:26:05Z,0.0007534551515197496,,,,,,,,,,,,,,,,,,,ohlcv_backfill,minute,0.0007234982272976313,0.0007842771699205109,0.0007234982272976313,0.0007534551515197496,3750.991336392921,/home/runner/work/Solana-Memecoin-Analysis/Solana-Memecoin-Analysis/data/cache/2026-09-26/114929544750_ohlcv_937604c2416e.json
2026-09-25T18:00:00+00:00,6tuhHpYSinf41V39KW3JmpVUaxehcabCbHZqqFnwR6xf,solana,PumpSwap,,,,,2026-09-15T19:26:05Z,0.0007234982272976313,,,,,,,,,,,,,,,,,,,ohlcv_backfill,minute,0.0007242441880136994,0.0007260277062021188,0.000714598317861117,0.0007234982272976313,204.60044881929673,/home/runner/work/Solana-Memecoin-Analysis/Solana-Memecoin-Analysis/data/cache/2026-09-26/114929544750_ohlcv_937604c2416e.json
2026-09-25T17:55:00+00:00,6tuhHpYSinf41V39KW3JmpVUaxehcabCbHZqqFnwR6xf,solana,PumpSwap,,,,,2026-09-15T19:26:05Z,0.0007242441880136994,,,,,,,,,,,,,,,,,,,ohlcv_backfill,minute,0.0007188617456593922,0.0007242441880136994,0.0007071514970354531,0.0007242441880136994,934.1973639072875,/home/runner/work/Solana-Memecoin-Analysis/Solana-Memecoin-Analysis/data/cache/2026-09-26/114929544750_ohlcv_937604c2416e.json
2026-09-25T17:50:00+00:00,6tuhHpYSinf41V39KW3JmpVUaxehcabCbHZqqFnwR6xf,solana,PumpSwap,,,,,2026-09-15T19:26:05Z,0.0007188617456593922,,,,,,,,,,,,,,,,,,,ohlcv_backfill,minute,0.0007179690073446594,0.0007272149858362979,0.0007130429673873218,0.0007188617456593922,343.3811999313209,/home/runner/work/Solana-Memecoin-Analysis/Solana-Memecoin-Analysis/data/cache/2026-09-26/114929544750_ohlcv_937604c2416e.json
2026-09-25T17:45:00+00:00,6tuhHpYSinf41V39KW3JmpVUaxehcabCbHZqqFnwR6xf,solana,PumpSwap,,,,,2026-09-15T19:26:05Z,0.0007179690073446594,,,,,,,,,,,,,,,,,,,ohlcv_backfill,minute,0.0007328221981411213,0.0007409054501753846,0.0007151884598910194,0.0007179690073446594,1097.378272104129,/home/runner/work/Solana-Memecoin-Analysis/Solana-Memecoin-Analysis/data/cache/2026-09-26/114929544750_ohlcv_937604c2416e.json
2026-09-25T17:40:00+00:00,6tuhHpYSinf41V39KW3JmpVUaxehcabCbHZqqFnwR6xf,solana,PumpSwap,,,,,2026-09-15T19:26:05Z,0.0007328221981411213,,,,,,,,,,,,,,,,,,,ohlcv_backfill,minute,0.0007269256932311525,0.0007485582947609956,0.0007237703544045831,0.0007328221981411213,1299.1276368284148,/home/runner/work/Solana-Memecoin-Analysis/Solana-Memecoin-Analysis/data/cache/2026-09-26/114929544750_ohlcv_937604c2416e.json
2026-09-25T17:35:00+00:00,6tuhHpYSinf41V39KW3JmpVUaxehcabCbHZqqFnwR6xf,solana,PumpSwap,,,,,2026-09-15T19:26:05Z,0.0007269256932311525,,,,,,,,,,,,,,,,,,,ohlcv_backfill,minute,0.0007486054979689848,0.000751388099986719,0.0006801053627948297,0.0007269256932311525,6021.817954981918,/home/runner/work/Solana-Memecoin-Analysis/Solana-Memecoin-Analysis/data/cache/2026-09-26/114929544750_ohlcv_937604c2416e.json
2026-09-25T17:30:00+00:00,6tuhHpYSinf41V39KW3JmpVUaxehcabCbHZqqFnwR6xf,solana,PumpSwap,,,,,2026-09-15T19:26:05Z,0.0007486054979689848,,,,,,,,,,,,,,,,,,,ohlcv_backfill,minute,0.0007851622040399043,0.0007851622040399043,0.0007339156342686247,0.0007486054979689848,2444.3558736299483,/home/runner/work/Solana-Memecoin-Analysis/Solana-Memecoin-Analysis/data/cache/2026-09-26/114929544750_ohlcv_937604c2416e.json
2026-09-25T17:25:00+00:00,6tuhHpYSinf41V39KW3JmpVUaxehcabCbHZqqFnwR6xf,solana,PumpSwap,,,,,2026-09-15T19:26:05Z,0.0007851622040399043,,,,,,,,,,,,,,,,,,,ohlcv_backfill,minute,0.0008150439062341044,0.0008218108524796898,0.000774151170810177,0.0007851622040399043,2499.2923088012662,/home/runner/work/Solana-Memecoin-Analysis/Solana-Memecoin-Analysis/data/cache/2026-09-26/114929544750_ohlcv_937604c2416e.json
2026-09-25T17:20:00+00:00,6tuhHpYSinf41V39KW3JmpVUaxehcabCbHZqqFnwR6xf,solana,PumpSwap,,,,,2026-09-15T19:26:05Z,0.0008150439062341044,,,,,,,,,,,,,,,,,,,ohlcv_backfill,minute,0.0007410434580629084,0.0008235012499357966,0.0007308398884369969,0.0008150439062341044,6577.400916257434,/home/runner/work/Solana-Memecoin-Analysis/Solana-Memecoin-Analysis/data/cache/2026-09-26/114929544750_ohlcv_937604c2416e.json
2026-09-25T17:15:00+00:00,6tuhHpYSinf41V39KW3JmpVUaxehcabCbHZqqFnwR6xf,solana,PumpSwap,,,,,2026-09-15T19:26:05Z,0.0007410434580629084,,,,,,,,,,,,,,,,,,,ohlcv_backfill,minute,0.0007354487753706588,0.0007410434580629084,0.0007309955933850396,0.0007410434580629084,274.73579300669564,/home/runner/work/Solana-Memecoin-Analysis/Solana-Memecoin-Analysis/data/cache/2026-09-26/114929544750_ohlcv_937604c2416e.json
2026-09-25T17:10:00+00:00,6tuhHpYSinf41V39KW3JmpVUaxehcabCbHZqqFnwR6xf,solana,PumpSwap,,,,,2026-09-15T19:26:05Z,0.0007354487753706588,,,,,,,,,,,,,,,,,,,ohlcv_backfill,minute,0.0007399281046397466,0.0007447577701816103,0.000732242259480139,0.0007354487753706588,441.2535446754387,/home/runner/work/Solana-Memecoin-Analysis/Solana-Memecoin-Analysis/data/cache/2026-09-26/114929544750_ohlcv_937604c2416e.json
2026-09-25T17:05:00+00:00,6tuhHpYSinf41V39KW3JmpVUaxehcabCbHZqqFnwR6xf,solana,PumpSwap,,,,,2026-09-15T19:26:05Z,0.0007399281046397466,,,,,,,,,,,,,,,,,,,ohlcv_backfill,minute,0.0007669022776531245,0.0007758468016602398,0.0007233254601014185,0.0007399281046397466,2436.866829123785,/home/runner/work/Solana-Memecoin-Analysis/Solana-Memecoin-Analysis/data/cache/2026-09-26/114929544750_ohlcv_937604c2416e.json
2026-09-25T17:00:00+00:00,6tuhHpYSinf41V39KW3JmpVUaxehcabCbHZqqFnwR6xf,solana,PumpSwap,,,,,2026-09-15T19:26:05Z,0.0007669022776531245,,,,,,,,,,,,,,,,,,,ohlcv_backfill,minute,0.0007667720828802239,0.0007752744305078416,0.0007598348435477123,0.0007669022776531245,408.8923142100163,/home/runner/work/Solana-Memecoin-Analysis/Solana-Memecoin-Analysis/data/cache/2026-09-26/114929544750_ohlcv_937604c2416e.json
2026-09-25T16:55:00+00:00,6tuhHpYSinf41V39KW3JmpVUaxehcabCbHZqqFnwR6xf,solana,PumpSwap,,,,,2026-09-15T19:26:05Z,0.0007667720828802239,,,,,,,,,,,,,,,,,,,ohlcv_backfill,minute,0.0007698243649737563,0.0007740212824518253,0.0007313210625702169,0.0007667720828802239,2903.297600599672,/home/runner/work/Solana-Memecoin-Analysis/Solana-Memecoin-Analysis/data/cache/2026-09-26/114929544750_ohlcv_937604c2416e.json
2026-09-25T16:50:00+00:00,6tuhHpYSinf41V39KW3JmpVUaxehcabCbHZqqFnwR6xf,solana,PumpSwap,,,,,2026-09-15T19:26:05Z,0.0007698243649737563,,,,,,,,,,,,,,,,,,,ohlcv_backfill,minute,0.0007763862160518338,0.0007823755700506181,0.0007611793300223612,0.0007698243649737563,890.5189283967184,/home/runner/work/Solana-Memecoin-Analysis/Solana-Memecoin-Analysis/data/cache/2026-09-26/114929544750_ohlcv_937604c2416e.json
2026-09-25T16:45:00+00:00,6tuhHpYSinf41V39KW3JmpVUaxehcabCbHZqqFnwR6xf,solana,PumpSwap,,,,,2026-09-15T19:26:05Z,0.0007763862160518338,,,,,,,,,,,,,,,,,,,ohlcv_backfill,minute,0.0007976278946609374,0.0007976278946609374,0.000725708884532722,0.0007763862160518338,6752.988705429858,/home/runner/work/Solana-Memecoin-Analysis/Solana-Memecoin-Analysis/data/cache/2026-09-26/114929544750_ohlcv_937604c2416e.json
2026-09-25T16:40:00+00:00,6tuhHpYSinf41V39KW3JmpVUaxehcabCbHZqqFnwR6xf,solana,PumpSwap,,,,,2026-09-15T19:26:05Z,0.0007976278946609374,,,,,,,,,,,,,,,,,,,ohlcv_backfill,minute,0.0008167867128330233,0.0008333613964384571,0.0007880956911003685,0.0007976278946609374,2261.990009653069,/home/runner/work/Solana-Memecoin-Analysis/Solana-Memecoin-Analysis/data/cache/2026-09-26/114929544750_ohlcv_937604c2416e.json
2026-09-25T16:35:00+00:00,6tuhHpYSinf41V39KW3JmpVUaxehcabCbHZqqFnwR6xf,solana,PumpSwap,,,,,2026-09-15T19:26:05Z,0.0008167867128330233,,,,,,,,,,,,,,,,,,,ohlcv_backfill,minute,0.0007740193223875489,0.0008347153924216978,0.0007486495406921405,0.0008167867128330233,5769.3653203560925,/home/runner/work/Solana-Memecoin-Analysis/Solana-Memecoin-Analysis/data/cache/2026-09-26/114929544750_ohlcv_937604c2416e.json
2026-09-25T16:30:00+00:00,6tuhHpYSinf41V39KW3JmpVUaxehcabCbHZqqFnwR6xf,solana,PumpSwap,,,,,2026-09-15T19:26:05Z,0.0007740193223875489,,,,,,,,,,,,,,,,,,,ohlcv_backfill,minute,0.0008151534950720627,0.0008151534950720627,0.0007704829433832817,0.0007740193223875489,2106.9389297230287,/home/runner/work/Solana-Memecoin-Analysis/Solana-Memecoin-Analysis/data/cache/2026-09-26/114929544750_ohlcv_937604c2416e.json
2026-09-25T16:25:00+00:00,6tuhHpYSinf41V39KW3JmpVUaxehcabCbHZqqFnwR6xf,solana,PumpSwap,,,,,2026-09-15T19:26:05Z,0.0008151534950720627,,,,,,,,,,,,,,,,,,,ohlcv_backfill,minute,0.0008087949480244623,0.0008202179433450411,0.0008072474024074899,0.0008151534950720627,296.0603469166565,/home/runner/work/Solana-Memecoin-Analysis/Solana-Memecoin-Analysis/data/cache/2026-09-26/114929544750_ohlcv_937604c2416e.json
2026-09-25T16:20:00+00:00,6tuhHpYSinf41V39KW3JmpVUaxehcabCbHZqqFnwR6xf,solana,PumpSwap,,,,,2026-09-15T19:26:05Z,0.0008087949480244623,,,,,,,,,,,,,,,,,,,ohlcv_backfill,minute,0.0008165555115931603,0.0008223231380352147,0.0008057813086921564,0.0008087949480244623,444.529325741064,/home/runner/work/Solana-Memecoin-Analysis/Solana-Memecoin-Analysis/data/cache/2026-09-26/114929544750_ohlcv_937604c2416e.json
2026-09-25T16:15:00+00:00,6tuhHpYSinf41V39KW3JmpVUaxehcabCbHZqqFnwR6xf,solana,PumpSwap,,,,,2026-09-15T19:26:05Z,0.0008165555115931603,,,,,,,,,,,,,,,,,,,ohlcv_backfill,minute,0.0008541783952389965,0.0008755599891971913,0.0008165555115931603,0.0008165555115931603,3806.3743217475358,/home/runner/work/Solana-Memecoin-Analysis/Solana-Memecoin-Analysis/data/cache/2026-09-26/114929544750_ohlcv_937604c2416e.json
2026-09-25T16:10:00+00:00,6tuhHpYSinf41V39KW3JmpVUaxehcabCbHZqqFnwR6xf,solana,PumpSwap,,,,,2026-09-15T19:26:05Z,0.0008541783952389965,,,,,,,,,,,,,,,,,,,ohlcv_backfill,minute,0.0008617344932399392,0.0008617344932399392,0.0008434850110310586,0.0008541783952389965,619.9310536453979,/home/runner/work/Solana-Memecoin-Analysis/Solana-Memecoin-Analysis/data/cache/2026-09-26/114929544750_ohlcv_937604c2416e.json
2026-09-25T16:05:00+00:00,6tuhHpYSinf41V39KW3JmpVUaxehcabCbHZqqFnwR6xf,solana,PumpSwap,,,,,2026-09-15T19:26:05Z,0.0008617344932399392,,,,,,,,,,,,,,,,,,,ohlcv_backfill,minute,0.0009128420822578906,0.0009157204894549904,0.0008492600202975336,0.0008617344932399392,5084.409857834063,/home/runner/work/Solana-Memecoin-Analysis/Solana-Memecoin-Analysis/data/cache/2026-09-26/114929544750_ohlcv_937604c2416e.json
2026-09-25T16:00:00+00:00,6tuhHpYSinf41V39KW3JmpVUaxehcabCbHZqqFnwR6xf,solana,PumpSwap,,,,,2026-09-15T19:26:05Z,0.0009128420822578906,,,,,,,,,,,,,,,,,,,ohlcv_backfill,minute,0.0008286727389307637,0.0009964040430899138,0.0008155031260007393,0.0009128420822578906,16924.13854356196,/home/runner/work/Solana-Memecoin-Analysis/Solana-Memecoin-Analysis/data/cache/2026-09-26/114929544750_ohlcv_937604c2416e.json
2026-09-25T15:55:00+00:00,6tuhHpYSinf41V39KW3JmpVUaxehcabCbHZqqFnwR6xf,solana,PumpSwap,,,,,2026-09-15T19:26:05Z,0.0008286727389307637,,,,,,,,,,,,,,,,,,,ohlcv_backfill,minute,0.0007363586068902994,0.0009481756491987867,0.0007298981747168416,0.0008286727389307637,21455.101068746633,/home/runner/work/Solana-Memecoin-Analysis/Solana-Memecoin-Analysis/data/cache/2026-09-26/114929544750_ohlcv_937604c2416e.json
2026-09-25T15:50:00+00:00,6tuhHpYSinf41V39KW3JmpVUaxehcabCbHZqqFnwR6xf,solana,PumpSwap,,,,,2026-09-15T19:26:05Z,0.0007363586068902994,,,,,,,,,,,,,,,,,,,ohlcv_backfill,minute,0.0006253558681806735,0.0007556270566230458,0.0006218440130699909,0.0007363586068902994,8964.489012035161,/home/runner/work/Solana-Memecoin-Analysis/Solana-Memecoin-Analysis/data/cache/2026-09-26/114929544750_ohlcv_937604c2416e.json
2026-09-25T15:45:00+00:00,6tuhHpYSinf41V39KW3JmpVUaxehcabCbHZqqFnwR6xf,solana,PumpSwap,,,,,2026-09-15T19:26:05Z,0.0006253558681806735,,,,,,,,,,,,,,,,,,,ohlcv_backfill,minute,0.0006643128556482772,0.0006685531460975374,0.0006253558681806735,0.0006253558681806735,2598.375526296788,/home/runner/work/Solana-Memecoin-Analysis/Solana-Memecoin-Analysis/data/cache/2026-09-26/114929544750_ohlcv_937604c2416e.json
2026-09-25T15:40:00+00:00,6tuhHpYSinf41V39KW3JmpVUaxehcabCbHZqqFnwR6xf,solana,PumpSwap,,,,,2026-09-15T19:26:05Z,0.0006643128556482772,,,,,,,,,,,,,,,,,,,ohlcv_backfill,minute,0.0006720264886577216,0.0006724261590987947,0.0006572694141609323,0.0006643128556482772,1450.4371959726109,/home/runner/work/Solana-Memecoin-Analysis/Solana-Memecoin-Analysis/data/cache/2026-09-26/114929544750_ohlcv_937604c2416e.json
2026-09-25T15:35:00+00:00,6tuhHpYSinf41V39KW3JmpVUaxehcabCbHZqqFnwR6xf,solana,PumpSwap,,,,,2026-09-15T19:26:05Z,0.0006720264886577216,,,,,,,,,,,,,,,,,,,ohlcv_backfill,minute,0.0006600911310911318,0.000681835859967959,0.0006600911310911318,0.0006720264886577216,1163.1304532947647,/home/runner/work/Solana-Memecoin-Analysis/Solana-Memecoin-Analysis/data/cache/2026-09-26/114929544750_ohlcv_937604c2416e.json
2026-09-25T15:30:00+00:00,6tuhHpYSinf41V39KW3JmpVUaxehcabCbHZqqFnwR6xf,solana,PumpSwap,,,,,2026-09-15T19:26:05Z,0.0006600911310911318,,,,,,,,,,,,,,,,,,,ohlcv_backfill,minute,0.0006622762961631555,0.000670319381051279,0.0006559257135180611,0.0006600911310911318,1199.2898434350575,/home/runner/work/Solana-Memecoin-Analysis/Solana-Memecoin-Analysis/data/cache/2026-09-26/114929544750_ohlcv_937604c2416e.json
2026-09-25T15:25:00+00:00,6tuhHpYSinf41V39KW3JmpVUaxehcabCbHZqqFnwR6xf,solana,PumpSwap,,,,,2026-09-15T19:26:05Z,0.0006622762961631555,,,,,,,,,,,,,,,,,,,ohlcv_backfill,minute,0.0006946796394545596,0.0006946796394545596,0.0006611893766565397,0.0006622762961631555,1383.1001916708271,/home/runner/work/Solana-Memecoin-Analysis/Solana-Memecoin-Analysis/data/cache/2026-09-26/114929544750_ohlcv_937604c2416e.json
2026-09-25T15:20:00+00:00,6tuhHpYSinf41V39KW3JmpVUaxehcabCbHZqqFnwR6xf,solana,PumpSwap,,,,,2026-09-15T19:26:05Z,0.0006946796394545596,,,,,,,,,,,,,,,,,,,ohlcv_backfill,minute,0.0007382944712876089,0.0007382944712876089,0.0006946796394545596,0.0006946796394545596,2355.279641554532,/home/runner/work/Solana-Memecoin-Analysis/Solana-Memecoin-Analysis/data/cache/2026-09-26/114929544750_ohlcv_937604c2416e.json
2026-09-25T15:15:00+00:00,6tuhHpYSinf41V39KW3JmpVUaxehcabCbHZqqFnwR6xf,solana,PumpSwap,,,,,2026-09-15T19:26:05Z,0.0007382944712876089,,,,,,,,,,,,,,,,,,,ohlcv_backfill,minute,0.0007097314515087545,0.0007382944712876089,0.0007011539402291612,0.0007382944712876089,1365.3425980725444,/home/runner/work/Solana-Memecoin-Analysis/Solana-Memecoin-Analysis/data/cache/2026-09-26/114929544750_ohlcv_937604c2416e.json
2026-09-25T15:10:00+00:00,6tuhHpYSinf41V39KW3JmpVUaxehcabCbHZqqFnwR6xf,solana,PumpSwap,,,,,2026-09-15T19:26:05Z,0.0007097314515087545,,,,,,,,,,,,,,,,,,,ohlcv_backfill,minute,0.0007046617722307926,0.0007097314515087545,0.0007046617722307926,0.0007097314515087545,87.30706318231864,/home/runner/work/Solana-Memecoin-Analysis/Solana-Memecoin-Analysis/data/cache/2026-09-26/114929544750_ohlcv_937604c2416e.json
2026-09-25T15:05:00+00:00,6tuhHpYSinf41V39KW3JmpVUaxehcabCbHZqqFnwR6xf,solana,PumpSwap,,,,,2026-09-15T19:26:05Z,0.0007046617722307926,,,,,,,,,,,,,,,,,,,ohlcv_backfill,minute,0.0007073759722897084,0.0007080680702644815,0.0006939274987277132,0.0007046617722307926,879.6530608924749,/home/runner/work/Solana-Memecoin-Analysis/Solana-Memecoin-Analysis/data/cache/2026-09-26/114929544750_ohlcv_937604c2416e.json
2026-09-25T15:00:00+00:00,6tuhHpYSinf41V39KW3JmpVUaxehcabCbHZqqFnwR6xf,solana,PumpSwap,,,,,2026-09-15T19:26:05Z,0.0007073759722897084,,,,,,,,,,,,,,,,,,,ohlcv_backfill,minute,0.0007060057157865116,0.0007073759722897084,0.0007013082896199012,0.0007073759722897084,530.4678777576504,/home/runner/work/Solana-Memecoin-Analysis/Solana-Memecoin-Analysis/data/cache/2026-09-26/114929544750_ohlcv_937604c2416e.json
2026-09-25T14:55:00+00:00,6tuhHpYSinf41V39KW3JmpVUaxehcabCbHZqqFnwR6xf,solana,PumpSwap,,,,,2026-09-15T19:26:05Z,0.0007060057157865116,,,,,,,,,,,,,,,,,,,ohlcv_backfill,minute,0.0006760560706251785,0.0007323955916431998,0.0006760560706251785,0.0007060057157865116,2872.61332950146,/home/runner/work/Solana-Memecoin-Analysis/Solana-Memecoin-Analysis/data/cache/2026-09-26/114929544750_ohlcv_937604c2416e.json
2026-09-25T14:50:00+00:00,6tuhHpYSinf41V39KW3JmpVUaxehcabCbHZqqFnwR6xf,solana,PumpSwap,,,,,2026-09-15T19:26:05Z,0.0006760560706251785,,,,,,,,,,,,,,,,,,,ohlcv_backfill,minute,0.0006834526940138883,0.0006834526940138883,0.0006725221695434711,0.0006760560706251785,86.54632153987711,/home/runner/work/Solana-Memecoin-Analysis/Solana-Memecoin-Analysis/data/cache/2026-09-26/114929544750_ohlcv_937604c2416e.json
2026-09-25T14:45:00+00:00,6tuhHpYSinf41V39KW3JmpVUaxehcabCbHZqqFnwR6xf,solana,PumpSwap,,,,,2026-09-15T19:26:05Z,0.0006834526940138883,,,,,,,,,,,,,,,,,,,ohlcv_backfill,minute,0.0006780553559561165,0.0006834526940138883,0.0006703165210970487,0.0006834526940138883,141.56751282048654,/home/runner/work/Solana-Memecoin-Analysis/Solana-Memecoin-Analysis/data/cache/2026-09-26/114929544750_ohlcv_937604c2416e.json
2026-09-25T14:40:00+00:00,6tuhHpYSinf41V39KW3JmpVUaxehcabCbHZqqFnwR6xf,solana,PumpSwap,,,,,2026-09-15T19:26:05Z,0.0006780553559561165,,,,,,,,,,,,,,,,,,,ohlcv_backfill,minute,0.0006935072829553934,0.0006935072829553934,0.0006643338162142094,0.0006780553559561165,1311.7862537351557,/home/runner/work/Solana-Memecoin-Analysis/Solana-Memecoin-Analysis/data/cache/2026-09-26/114929544750_ohlcv_937604c2416e.json
2026-09-25T14:35:00+00:00,6tuhHpYSinf41V39KW3JmpVUaxehcabCbHZqqFnwR6xf,solana,PumpSwap,,,,,2026-09-15T19:26:05Z,0.0006935072829553934,,,,,,,,,,,,,,,,,,,ohlcv_backfill,minute,0.0006842857001123578,0.0006935072829553934,0.0006842857001123578,0.0006935072829553934,70.25298108489339,/home/runner/work/Solana-Memecoin-Analysis/Solana-Memecoin-Analysis/data/cache/2026-09-26/114929544750_ohlcv_937604c2416e.json
2026-09-25T14:30:00+00:00,6tuhHpYSinf41V39KW3JmpVUaxehcabCbHZqqFnwR6xf,solana,PumpSwap,,,,,2026-09-15T19:26:05Z,0.0006842857001123578,,,,,,,,,,,,,,,,,,,ohlcv_backfill,minute,0.0006830620651346256,0.0006842857001123578,0.0006830620651346256,0.0006842857001123578,49.530706095773105,/home/runner/work/Solana-Memecoin-Analysis/Solana-Memecoin-Analysis/data/cache/2026-09-26/114929544750_ohlcv_937604c2416e.json
2026-09-25T14:25:00+00:00,6tuhHpYSinf41V39KW3JmpVUaxehcabCbHZqqFnwR6xf,solana,PumpSwap,,,,,2026-09-15T19:26:05Z,0.0006830620651346256,,,,,,,,,,,,,,,,,,,ohlcv_backfill,minute,0.0006637506407306366,0.0006859386722335802,0.0006558060389125589,0.0006830620651346256,1371.3706938028681,/home/runner/work/Solana-Memecoin-Analysis/Solana-Memecoin-Analysis/data/cache/2026-09-26/114929544750_ohlcv_937604c2416e.json
2026-09-25T14:20:00+00:00,6tuhHpYSinf41V39KW3JmpVUaxehcabCbHZqqFnwR6xf,solana,PumpSwap,,,,,2026-09-15T19:26:05Z,0.0006637506407306366,,,,,,,,,,,,,,,,,,,ohlcv_backfill,minute,0.0006466817357354159,0.0006642283112645293,0.0006466817357354159,0.0006637506407306366,600.2776864475205,/home/runner/work/Solana-Memecoin-Analysis/Solana-Memecoin-Analysis/data/cache/2026-09-26/114929544750_ohlcv_937604c2416e.json
2026-09-25T14:15:00+00:00,6tuhHpYSinf41V39KW3JmpVUaxehcabCbHZqqFnwR6xf,solana,PumpSwap,,,,,2026-09-15T19:26:05Z,0.0006466817357354159,,,,,,,,,,,,,,,,,,,ohlcv_backfill,minute,0.0006603815012184428,0.0006603815012184428,0.0006466817357354159,0.0006466817357354159,238.14214487395262,/home/runner/work/Solana-Memecoin-Analysis/Solana-Memecoin-Analysis/data/cache/2026-09-26/114929544750_ohlcv_937604c2416e.json
2026-09-25T14:10:00+00:00,6tuhHpYSinf41V39KW3JmpVUaxehcabCbHZqqFnwR6xf,solana,PumpSwap,,,,,2026-09-15T19:26:05Z,0.0006603815012184428,,,,,,,,,,,,,,,,,,,ohlcv_backfill,minute,0.0006632607289659908,0.0006632607289659908,0.0006513009963237166,0.0006603815012184428,333.55575998790647,/home/runner/work/Solana-Memecoin-Analysis/Solana-Memecoin-Analysis/data/cache/2026-09-26/114929544750_ohlcv_937604c2416e.json
2026-09-25T14:05:00+00:00,6tuhHpYSinf41V39KW3JmpVUaxehcabCbHZqqFnwR6xf,solana,PumpSwap,,,,,2026-09-15T19:26:05Z,0.0006632607289659908,,,,,,,,,,,,,,,,,,,ohlcv_backfill,minute,0.0006685280765651968,0.0006756080435162184,0.0006556113112990282,0.0006632607289659908,1120.2224288928933,/home/runner/work/Solana-Memecoin-Analysis/Solana-Memecoin-Analysis/data/cache/2026-09-26/114929544750_ohlcv_937604c2416e.json
2026-09-25T14:00:00+00:00,6tuhHpYSinf41V39KW3JmpVUaxehcabCbHZqqFnwR6xf,solana,PumpSwap,,,,,2026-09-15T19:26:05Z,0.0006685280765651968,,,,,,,,,,,,,,,,,,,ohlcv_backfill,minute,0.0006745903643081417,0.0006745903643081417,0.0006625584080732929,0.0006685280765651968,529.8764740584555,/home/runner/work/Solana-Memecoin-Analysis/Solana-Memecoin-Analysis/data/cache/2026-09-26/114929544750_ohlcv_937604c2416e.json
2026-09-25T13:55:00+00:00,6tuhHpYSinf41V39KW3JmpVUaxehcabCbHZqqFnwR6xf,solana,PumpSwap,,,,,2026-09-15T19:26:05Z,0.0006745903643081417,,,,,,,,,,,,,,,,,,,ohlcv_backfill,minute,0.0006684463666402614,0.000683131400557932,0.0006647158819271448,0.0006745903643081417,895.8888723834369,/home/runner/work/Solana-Memecoin-Analysis/Solana-Memecoin-Analysis/data/cache/2026-09-26/114929544750_ohlcv_937604c2416e.json
2026-09-25T13:50:00+00:00,6tuhHpYSinf41V39KW3JmpVUaxehcabCbHZqqFnwR6xf,solana,PumpSwap,,,,,2026-09-15T19:26:05Z,0.0006684463666402614,,,,,,,,,,,,,,,,,,,ohlcv_backfill,minute,0.0006721771097294015,0.0006780638335755667,0.0006602892354760551,0.0006684463666402614,905.6591370867267,/home/runner/work/Solana-Memecoin-Analysis/Solana-Memecoin-Analysis/data/cache/2026-09-26/114929544750_ohlcv_937604c2416e.json
2026-09-25T13:45:00+00:00,6tuhHpYSinf41V39KW3JmpVUaxehcabCbHZqqFnwR6xf,solana,PumpSwap,,,,,2026-09-15T19:26:05Z,0.0006721771097294015,,,,,,,,,,,,,,,,,,,ohlcv_backfill,minute,0.0006893635045116386,0.0006896311961227066,0.0006715331278677762,0.0006721771097294015,280.42429047995375,/home/runner/work/Solana-Memecoin-Analysis/Solana-Memecoin-Analysis/data/cache/2026-09-26/114929544750_ohlcv_937604c2416e.json
2026-09-25T13:40:00+00:00,6tuhHpYSinf41V39KW3JmpVUaxehcabCbHZqqFnwR6xf,solana,PumpSwap,,,,,2026-09-15T19:26:05Z,0.0006893635045116386,,,,,,,,,,,,,,,,,,,ohlcv_backfill,minute,0.0006953629436675875,0.0007039815265120146,0.0006639872756227691,0.0006893635045116386,2565.6693299242947,/home/runner/work/Solana-Memecoin-Analysis/Solana-Memecoin-Analysis/data/cache/2026-09-26/114929544750_ohlcv_937604c2416e.json
2026-09-25T13:35:00+00:00,6tuhHpYSinf41V39KW3JmpVUaxehcabCbHZqqFnwR6xf,solana,PumpSwap,,,,,2026-09-15T19:26:05Z,0.0006953629436675875,,,,,,,,,,,,,,,,,,,ohlcv_backfill,minute,0.0007357048048038532,0.0007425332934549167,0.0006953629436675875,0.0006953629436675875,1757.448305099822,/home/runner/work/Solana-Memecoin-Analysis/Solana-Memecoin-Analysis/data/cache/2026-09-26/114929544750_ohlcv_937604c2416e.json
2026-09-25T13:30:00+00:00,6tuhHpYSinf41V39KW3JmpVUaxehcabCbHZqqFnwR6xf,solana,PumpSwap,,,,,2026-09-15T19:26:05Z,0.0007357048048038532,,,,,,,,,,,,,,,,,,,ohlcv_backfill,minute,0.0007324619598514813,0.0007365948827630934,0.000726219883181816,0.0007357048048038532,316.07842047066174,/home/runner/work/Solana-Memecoin-Analysis/Solana-Memecoin-Analysis/data/cache/2026-09-26/114929544750_ohlcv_937604c2416e.json
2026-09-25T13:25:00+00:00,6tuhHpYSinf41V39KW3JmpVUaxehcabCbHZqqFnwR6xf,solana,PumpSwap,,,,,2026-09-15T19:26:05Z,0.0007324619598514813,,,,,,,,,,,,,,,,,,,ohlcv_backfill,minute,0.000720835970170771,0.0007361261753733578,0.000720835970170771,0.0007324619598514813,985.3035742298406,/home/runner/work/Solana-Memecoin-Analysis/Solana-Memecoin-Analysis/data/cache/2026-09-26/114929544750_ohlcv_937604c2416e.json
2026-09-25T13:20:00+00:00,6tuhHpYSinf41V39KW3JmpVUaxehcabCbHZqqFnwR6xf,solana,PumpSwap,,,,,2026-09-15T19:26:05Z,0.000720835970170771,,,,,,,,,,,,,,,,,,,ohlcv_backfill,minute,0.0007334182600790705,0.0007334182600790705,0.0007098947602018589,0.000720835970170771,724.9773938975894,/home/runner/work/Solana-Memecoin-Analysis/Solana-Memecoin-Analysis/data/cache/2026-09-26/114929544750_ohlcv_937604c2416e.json
2026-09-25T13:15:00+00:00,6tuhHpYSinf41V39KW3JmpVUaxehcabCbHZqqFnwR6xf,solana,PumpSwap,,,,,2026-09-15T19:26:05Z,0.0007334182600790705,,,,,,,,,,,,,,,,,,,ohlcv_backfill,minute,0.0007086102718922374,0.0007880001025219504,0.0007086102718922374,0.0007334182600790705,6341.910755193752,/home/runner/work/Solana-Memecoin-Analysis/Solana-Memecoin-Analysis/data/cache/2026-09-26/114929544750_ohlcv_937604c2416e.json
2026-09-25T13:10:00+00:00,6tuhHpYSinf41V39KW3JmpVUaxehcabCbHZqqFnwR6xf,solana,PumpSwap,,,,,2026-09-15T19:26:05Z,0.0007086102718922374,,,,,,,,,,,,,,,,,,,ohlcv_backfill,minute,0.0006916178448033109,0.0007086102718922374,0.0006793091638684093,0.0007086102718922374,2405.849481306039,/home/runner/work/Solana-Memecoin-Analysis/Solana-Memecoin-Analysis/data/cache/2026-09-26/114929544750_ohlcv_937604c2416e.json
2026-09-25T13:05:00+00:00,6tuhHpYSinf41V39KW3JmpVUaxehcabCbHZqqFnwR6xf,solana,PumpSwap,,,,,2026-09-15T19:26:05Z,0.0006916178448033109,,,,,,,,,,,,,,,,,,,ohlcv_backfill,minute,0.0006827498780005005,0.0007016384167371979,0.0006827498780005005,0.0006916178448033109,1558.314797373103,/home/runner/work/Solana-Memecoin-Analysis/Solana-Memecoin-Analysis/data/cache/2026-09-26/114929544750_ohlcv_937604c2416e.json
2026-09-25T13:00:00+00:00,6tuhHpYSinf41V39KW3JmpVUaxehcabCbHZqqFnwR6xf,solana,PumpSwap,,,,,2026-09-15T19:26:05Z,0.0006827498780005005,,,,,,,,,,,,,,,,,,,ohlcv_backfill,minute,0.0006848536600177183,0.0006850591924096981,0.0006758874204871483,0.0006827498780005005,285.38709427443064,/home/runner/work/Solana-Memecoin-Analysis/Solana-Memecoin-Analysis/data/cache/2026-09-26/114929544750_ohlcv_937604c2416e.json
2026-09-25T12:55:00+00:00,6tuhHpYSinf41V39KW3JmpVUaxehcabCbHZqqFnwR6xf,solana,PumpSwap,,,,,2026-09-15T19:26:05Z,0.0006848536600177183,,,,,,,,,,,,,,,,,,,ohlcv_backfill,minute,0.0006652129533129108,0.0006857839964899371,0.0006652129533129108,0.0006848536600177183,602.7589987338462,/home/runner/work/Solana-Memecoin-Analysis/Solana-Memecoin-Analysis/data/cache/2026-09-26/114929544750_ohlcv_937604c2416e.json
2026-09-25T12:50:00+00:00,6tuhHpYSinf41V39KW3JmpVUaxehcabCbHZqqFnwR6xf,solana,PumpSwap,,,,,2026-09-15T19:26:05Z,0.0006652129533129108,,,,,,,,,,,,,,,,,,,ohlcv_backfill,minute,0.0006717908013626912,0.0006717908013626912,0.0006652129533129108,0.0006652129533129108,22.725075931871405,/home/runner/work/Solana-Memecoin-Analysis/Solana-Memecoin-Analysis/data/cache/2026-09-26/114929544750_ohlcv_937604c2416e.json
2026-09-25T12:45:00+00:00,6tuhHpYSinf41V39KW3JmpVUaxehcabCbHZqqFnwR6xf,solana,PumpSwap,,,,,2026-09-15T19:26:05Z,0.0006717908013626912,,,,,,,,,,,,,,,,,,,ohlcv_backfill,minute,0.000659917079906084,0.0006717908013626912,0.000659917079906084,0.0006717908013626912,264.8683192814968,/home/runner/work/Solana-Memecoin-Analysis/Solana-Memecoin-Analysis/data/cache/2026-09-26/114929544750_ohlcv_937604c2416e.json
2026-09-25T12:40:00+00:00,6tuhHpYSinf41V39KW3JmpVUaxehcabCbHZqqFnwR6xf,solana,PumpSwap,,,,,2026-09-15T19:26:05Z,0.000659917079906084,,,,,,,,,,,,,,,,,,,ohlcv_backfill,minute,0.0006544771927288317,0.0006674164405228748,0.0006488421572031746,0.000659917079906084,781.7670080766062,/home/runner/work/Solana-Memecoin-Analysis/Solana-Memecoin-Analysis/data/cache/2026-09-26/114929544750_ohlcv_937604c2416e.json
2026-09-25T12:35:00+00:00,6tuhHpYSinf41V39KW3JmpVUaxehcabCbHZqqFnwR6xf,solana,PumpSwap,,,,,2026-09-15T19:26:05Z,0.0006544771927288317,,,,,,,,,,,,,,,,,,,ohlcv_backfill,minute,0.0006501908045630026,0.0006544771927288317,0.0006431000134133539,0.0006544771927288317,456.1705017269524,/home/runner/work/Solana-Memecoin-Analysis/Solana-Memecoin-Analysis/data/cache/2026-09-26/114929544750_ohlcv_937604c2416e.json
2026-09-25T12:30:00+00:00,6tuhHpYSinf41V39KW3JmpVUaxehcabCbHZqqFnwR6xf,solana,PumpSwap,,,,,2026-09-15T19:26:05Z,0.0006501908045630026,,,,,,,,,,,,,,,,,,,ohlcv_backfill,minute,0.0006413355885815286,0.0006641645986833397,0.0006225922388026598,0.0006501908045630026,7451.234716797477,/home/runner/work/Solana-Memecoin-Analysis/Solana-Memecoin-Analysis/data/cache/2026-09-26/114929544750_ohlcv_937604c2416e.json
2026-09-25T12:25:00+00:00,6tuhHpYSinf41V39KW3JmpVUaxehcabCbHZqqFnwR6xf,solana,PumpSwap,,,,,2026-09-15T19:26:05Z,0.0006413355885815286,,,,,,,,,,,,,,,,,,,ohlcv_backfill,minute,0.000696639525899289,0.0006985377163070825,0.0006413355885815286,0.0006413355885815286,3561.897996991383,/home/runner/work/Solana-Memecoin-Analysis/Solana-Memecoin-Analysis/data/cache/2026-09-26/114929544750_ohlcv_937604c2416e.json
2026-09-25T12:20:00+00:00,6tuhHpYSinf41V39KW3JmpVUaxehcabCbHZqqFnwR6xf,solana,PumpSwap,,,,,2026-09-15T19:26:05Z,0.000696639525899289,,,,,,,,,,,,,,,,,,,ohlcv_backfill,minute,0.0006954321378221855,0.000696639525899289,0.0006954321378221855,0.000696639525899289,22.370862147052453,/home/runner/work/Solana-Memecoin-Analysis/Solana-Memecoin-Analysis/data/cache/2026-09-26/114929544750_ohlcv_937604c2416e.json
2026-09-25T12:15:00+00:00,6tuhHpYSinf41V39KW3JmpVUaxehcabCbHZqqFnwR6xf,solana,PumpSwap,,,,,2026-09-15T19:26:05Z,0.0006954321378221855,,,,,,,,,,,,,,,,,,,ohlcv_backfill,minute,0.0007070825130442617,0.0007070825130442617,0.0006953648143423743,0.0006954321378221855,147.82729428038544,/home/runner/work/Solana-Memecoin-Analysis/Solana-Memecoin-Analysis/data/cache/2026-09-26/114929544750_ohlcv_937604c2416e.json
2026-09-25T12:10:00+00:00,6tuhHpYSinf41V39KW3JmpVUaxehcabCbHZqqFnwR6xf,solana,PumpSwap,,,,,2026-09-15T19:26:05Z,0.0007070825130442617,,,,,,,,,,,,,,,,,,,ohlcv_backfill,minute,0.0007081917479578334,0.0007081917479578334,0.0007070825130442617,0.0007070825130442617,96.33635520416499,/home/runner/work/Solana-Memecoin-Analysis/Solana-Memecoin-Analysis/data/cache/2026-09-26/114929544750_ohlcv_937604c2416e.json
2026-09-25T12:05:00+00:00,6tuhHpYSinf41V39KW3JmpVUaxehcabCbHZqqFnwR6xf,solana,PumpSwap,,,,,2026-09-15T19:26:05Z,0.0007081917479578334,,,,,,,,,,,,,,,,,,,ohlcv_backfill,minute,0.0007352283726452528,0.0007352283726452528,0.0007068126041942486,0.0007081917479578334,1215.8947534171446,/home/runner/work/Solana-Memecoin-Analysis/Solana-Memecoin-Analysis/data/cache/2026-09-26/114929544750_ohlcv_937604c2416e.json
2026-09-25T12:00:00+00:00,6tuhHpYSinf41V39KW3JmpVUaxehcabCbHZqqFnwR6xf,solana,PumpSwap,,,,,2026-09-15T19:26:05Z,0.0007352283726452528,,,,,,,,,,,,,,,,,,,ohlcv_backfill,minute,0.0007233030129467664,0.0007352283726452528,0.0007233030129467664,0.0007352283726452528,139.27234631581322,/home/runner/work/Solana-Memecoin-Analysis/Solana-Memecoin-Analysis/data/cache/2026-09-26/114929544750_ohlcv_937604c2416e.json
2026-09-25T11:55:00+00:00,6tuhHpYSinf41V39KW3JmpVUaxehcabCbHZqqFnwR6xf,solana,PumpSwap,,,,,2026-09-15T19:26:05Z,0.0007233030129467664,,,,,,,,,,,,,,,,,,,ohlcv_backfill,minute,0.0007339461229105042,0.0007340486038088857,0.0007233030129467664,0.0007233030129467664,114.97804647937019,/home/runner/work/Solana-Memecoin-Analysis/Solana-Memecoin-Analysis/data/cache/2026-09-26/114929544750_ohlcv_937604c2416e.json
2026-09-25T11:50:00+00:00,6tuhHpYSinf41V39KW3JmpVUaxehcabCbHZqqFnwR6xf,solana,PumpSwap,,,,,2026-09-15T19:26:05Z,0.0007339461229105042,,,,,,,,,,,,,,,,,,,ohlcv_backfill,minute,0.0007327471704399684,0.0007339461229105042,0.0007245294270586652,0.0007339461229105042,120.96253831491792,/home/runner/work/Solana-Memecoin-Analysis/Solana-Memecoin-Analysis/data/cache/2026-09-26/114929544750_ohlcv_937604c2416e.json
2026-09-25T11:45:00+00:00,6tuhHpYSinf41V39KW3JmpVUaxehcabCbHZqqFnwR6xf,solana,PumpSwap,,,,,2026-09-15T19:26:05Z,0.0007327471704399684,,,,,,,,,,,,,,,,,,,ohlcv_backfill,minute,0.0007357654095031727,0.0007357654095031727,0.000723785320577599,0.0007327471704399684,190.45094018518694,/home/runner/work/Solana-Memecoin-Analysis/Solana-Memecoin-Analysis/data/cache/2026-09-26/114929544750_ohlcv_937604c2416e.json
2026-09-25T11:40:00+00:00,6tuhHpYSinf41V39KW3JmpVUaxehcabCbHZqqFnwR6xf,solana,PumpSwap,,,,,2026-09-15T19:26:05Z,0.0007357654095031727,,,,,,,,,,,,,,,,,,,ohlcv_backfill,minute,0.0007341996959925733,0.0007404967496816343,0.0007269684945411258,0.0007357654095031727,234.50377309087662,/home/runner/work/Solana-Memecoin-Analysis/Solana-Memecoin-Analysis/data/cache/2026-09-26/114929544750_ohlcv_937604c2416e.json
2026-09-25T11:35:00+00:00,6tuhHpYSinf41V39KW3JmpVUaxehcabCbHZqqFnwR6xf,solana,PumpSwap,,,,,2026-09-15T19:26:05Z,0.0007341996959925733,,,,,,,,,,,,,,,,,,,ohlcv_backfill,minute,0.0007403883557227177,0.0007410458937182835,0.0007341996959925733,0.0007341996959925733,394.1469299545744,/home/runner/work/Solana-Memecoin-Analysis/Solana-Memecoin-Analysis/data/cache/2026-09-26/114929544750_ohlcv_937604c2416e.json
2026-09-25T11:30:00+00:00,6tuhHpYSinf41V39KW3JmpVUaxehcabCbHZqqFnwR6xf,solana,PumpSwap,,,,,2026-09-15T19:26:05Z,0.0007403883557227177,,,,,,,,,,,,,,,,,,,ohlcv_backfill,minute,0.0007412476752553704,0.0007412476752553704,0.0007403883557227177,0.0007403883557227177,107.33745245463295,/home/runner/work/Solana-Memecoin-Analysis/Solana-Memecoin-Analysis/data/cache/2026-09-26/114929544750_ohlcv_937604c2416e.json
2026-09-25T11:25:00+00:00,6tuhHpYSinf41V39KW3JmpVUaxehcabCbHZqqFnwR6xf,solana,PumpSwap,,,,,2026-09-15T19:26:05Z,0.0007412476752553704,,,,,,,,,,,,,,,,,,,ohlcv_backfill,minute,0.0007393112354440717,0.0007463565547809397,0.0007361999390098172,0.0007412476752553704,162.3314156527736,/home/runner/work/Solana-Memecoin-Analysis/Solana-Memecoin-Analysis/data/cache/2026-09-26/114929544750_ohlcv_937604c2416e.json
2026-09-25T11:20:00+00:00,6tuhHpYSinf41V39KW3JmpVUaxehcabCbHZqqFnwR6xf,solana,PumpSwap,,,,,2026-09-15T19:26:05Z,0.0007393112354440717,,,,,,,,,,,,,,,,,,,ohlcv_backfill,minute,0.0007416254164257673,0.0007497285402571625,0.0007393112354440717,0.0007393112354440717,43.47543714098603,/home/runner/work/Solana-Memecoin-Analysis/Solana-Memecoin-Analysis/data/cache/2026-09-26/114929544750_ohlcv_937604c2416e.json
2026-09-25T11:15:00+00:00,6tuhHpYSinf41V39KW3JmpVUaxehcabCbHZqqFnwR6xf,solana,PumpSwap,,,,,2026-09-15T19:26:05Z,0.0007416254164257673,,,,,,,,,,,,,,,,,,,ohlcv_backfill,minute,0.000750513501926638,0.000752747917773456,0.0007416254164257673,0.0007416254164257673,181.1293641055955,/home/runner/work/Solana-Memecoin-Analysis/Solana-Memecoin-Analysis/data/cache/2026-09-26/114929544750_ohlcv_937604c2416e.json
2026-09-25T11:10:00+00:00,6tuhHpYSinf41V39KW3JmpVUaxehcabCbHZqqFnwR6xf,solana,PumpSwap,,,,,2026-09-15T19:26:05Z,0.000750513501926638,,,,,,,,,,,,,,,,,,,ohlcv_backfill,minute,0.0007788532296519946,0.0007788532296519946,0.0007493299699313285,0.000750513501926638,1533.7781867750734,/home/runner/work/Solana-Memecoin-Analysis/Solana-Memecoin-Analysis/data/cache/2026-09-26/114929544750_ohlcv_937604c2416e.json
2026-09-25T11:05:00+00:00,6tuhHpYSinf41V39KW3JmpVUaxehcabCbHZqqFnwR6xf,solana,PumpSwap,,,,,2026-09-15T19:26:05Z,0.0007788532296519946,,,,,,,,,,,,,,,,,,,ohlcv_backfill,minute,0.0007632045006913702,0.0007788532296519946,0.0007632045006913702,0.0007788532296519946,1252.0526069530295,/home/runner/work/Solana-Memecoin-Analysis/Solana-Memecoin-Analysis/data/cache/2026-09-26/114929544750_ohlcv_937604c2416e.json
2026-09-25T11:00:00+00:00,6tuhHpYSinf41V39KW3JmpVUaxehcabCbHZqqFnwR6xf,solana,PumpSwap,,,,,2026-09-15T19:26:05Z,0.0007632045006913702,,,,,,,,,,,,,,,,,,,ohlcv_backfill,minute,0.0007660681686049302,0.0007724846478289705,0.0007632045006913702,0.0007632045006913702,16.884736654538898,/home/runner/work/Solana-Memecoin-Analysis/Solana-Memecoin-Analysis/data/cache/2026-09-26/114929544750_ohlcv_937604c2416e.json
2026-09-25T10:55:00+00:00,6tuhHpYSinf41V39KW3JmpVUaxehcabCbHZqqFnwR6xf,solana,PumpSwap,,,,,2026-09-15T19:26:05Z,0.0007660681686049302,,,,,,,,,,,,,,,,,,,ohlcv_backfill,minute,0.0007530715483612815,0.0007660681686049302,0.0007510178410641803,0.0007660681686049302,561.1016469080784,/home/runner/work/Solana-Memecoin-Analysis/Solana-Memecoin-Analysis/data/cache/2026-09-26/114929544750_ohlcv_937604c2416e.json
2026-09-25T10:50:00+00:00,6tuhHpYSinf41V39KW3JmpVUaxehcabCbHZqqFnwR6xf,solana,PumpSwap,,,,,2026-09-15T19:26:05Z,0.0007530715483612815,,,,,,,,,,,,,,,,,,,ohlcv_backfill,minute,0.0007642098843660615,0.0007664922162522094,0.0007530715483612815,0.0007530715483612815,271.6396311168191,/home/runner/work/Solana-Memecoin-Analysis/Solana-Memecoin-Analysis/data/cache/2026-09-26/114929544750_ohlcv_937604c2416e.json
2026-09-25T10:45:00+00:00,6tuhHpYSinf41V39KW3JmpVUaxehcabCbHZqqFnwR6xf,solana,PumpSwap,,,,,2026-09-15T19:26:05Z,0.0007642098843660615,,,,,,,,,,,,,,,,,,,ohlcv_backfill,minute,0.0007745709713889886,0.0007767806271970669,0.0007609611388750945,0.0007642098843660615,657.8385294848285,/home/runner/work/Solana-Memecoin-Analysis/Solana-Memecoin-Analysis/data/cache/2026-09-26/114929544750_ohlcv_937604c2416e.json
2026-09-25T10:40:00+00:00,6tuhHpYSinf41V39KW3JmpVUaxehcabCbHZqqFnwR6xf,solana,PumpSwap,,,,,2026-09-15T19:26:05Z,0.0007745709713889886,,,,,,,,,,,,,,,,,,,ohlcv_backfill,minute,0.0007475147030442354,0.0007745709713889886,0.0007475147030442354,0.0007745709713889886,782.7769442375669,/home/runner/work/Solana-Memecoin-Analysis/Solana-Memecoin-Analysis/data/cache/2026-09-26/114929544750_ohlcv_937604c2416e.json
2026-09-25T10:35:00+00:00,6tuhHpYSinf41V39KW3JmpVUaxehcabCbHZqqFnwR6xf,solana,PumpSwap,,,,,2026-09-15T19:26:05Z,0.0007475147030442354,,,,,,,,,,,,,,,,,,,ohlcv_backfill,minute,0.0007499629939624166,0.0007545866018074603,0.0007465380869130163,0.0007475147030442354,280.33851665171017,/home/runner/work/Solana-Memecoin-Analysis/Solana-Memecoin-Analysis/data/cache/2026-09-26/114929544750_ohlcv_937604c2416e.json
2026-09-25T10:30:00+00:00,6tuhHpYSinf41V39KW3JmpVUaxehcabCbHZqqFnwR6xf,solana,PumpSwap,,,,,2026-09-15T19:26:05Z,0.0007499629939624166,,,,,,,,,,,,,,,,,,,ohlcv_backfill,minute,0.0007572224956174207,0.0007656077210989872,0.0007499629939624166,0.0007499629939624166,1074.8059959994077,/home/runner/work/Solana-Memecoin-Analysis/Solana-Memecoin-Analysis/data/cache/2026-09-26/114929544750_ohlcv_937604c2416e.json
2026-09-25T10:25:00+00:00,6tuhHpYSinf41V39KW3JmpVUaxehcabCbHZqqFnwR6xf,solana,PumpSwap,,,,,2026-09-15T19:26:05Z,0.0007572224956174207,,,,,,,,,,,,,,,,,,,ohlcv_backfill,minute,0.0007659323141625947,0.0007659323141625947,0.0007572224956174207,0.0007572224956174207,297.5139135417949,/home/runner/work/Solana-Memecoin-Analysis/Solana-Memecoin-Analysis/data/cache/2026-09-26/114929544750_ohlcv_937604c2416e.json
2026-09-25T10:20:00+00:00,6tuhHpYSinf41V39KW3JmpVUaxehcabCbHZqqFnwR6xf,solana,PumpSwap,,,,,2026-09-15T19:26:05Z,0.0007659323141625947,,,,,,,,,,,,,,,,,,,ohlcv_backfill,minute,0.0007484630715436586,0.0007659323141625947,0.0007484630715436586,0.0007659323141625947,603.2458086397139,/home/runner/work/Solana-Memecoin-Analysis/Solana-Memecoin-Analysis/data/cache/2026-09-26/114929544750_ohlcv_937604c2416e.json
2026-09-25T10:15:00+00:00,6tuhHpYSinf41V39KW3JmpVUaxehcabCbHZqqFnwR6xf,solana,PumpSwap,,,,,2026-09-15T19:26:05Z,0.0007484630715436586,,,,,,,,,,,,,,,,,,,ohlcv_backfill,minute,0.0007403057877126098,0.0007484630715436586,0.0007379635444373865,0.0007484630715436586,126.64640112905651,/home/runner/work/Solana-Memecoin-Analysis/Solana-Memecoin-Analysis/data/cache/2026-09-26/114929544750_ohlcv_937604c2416e.json
2026-09-25T10:10:00+00:00,6tuhHpYSinf41V39KW3JmpVUaxehcabCbHZqqFnwR6xf,solana,PumpSwap,,,,,2026-09-15T19:26:05Z,0.0007403057877126098,,,,,,,,,,,,,,,,,,,ohlcv_backfill,minute,0.0007344881148503776,0.000752159455279307,0.0007344881148503776,0.0007403057877126098,672.3861680196574,/home/runner/work/Solana-Memecoin-Analysis/Solana-Memecoin-Analysis/data/cache/2026-09-26/114929544750_ohlcv_937604c2416e.json
2026-09-25T10:05:00+00:00,6tuhHpYSinf41V39KW3JmpVUaxehcabCbHZqqFnwR6xf,solana,PumpSwap,,,,,2026-09-15T19:26:05Z,0.0007344881148503776,,,,,,,,,,,,,,,,,,,ohlcv_backfill,minute,0.0007436658905014718,0.0007527401458710475,0.0007344881148503776,0.0007344881148503776,516.4956042997995,/home/runner/work/Solana-Memecoin-Analysis/Solana-Memecoin-Analysis/data/cache/2026-09-26/114929544750_ohlcv_937604c2416e.json
2026-09-25T10:00:00+00:00,6tuhHpYSinf41V39KW3JmpVUaxehcabCbHZqqFnwR6xf,solana,PumpSwap,,,,,2026-09-15T19:26:05Z,0.0007436658905014718,,,,,,,,,,,,,,,,,,,ohlcv_backfill,minute,0.0007532235823960697,0.0007532235823960697,0.0007436658905014718,0.0007436658905014718,313.59032229183674,/home/runner/work/Solana-Memecoin-Analysis/Solana-Memecoin-Analysis/data/cache/2026-09-26/114929544750_ohlcv_937604c2416e.json
2026-09-25T09:55:00+00:00,6tuhHpYSinf41V39KW3JmpVUaxehcabCbHZqqFnwR6xf,solana,PumpSwap,,,,,2026-09-15T19:26:05Z,0.0007532235823960697,,,,,,,,,,,,,,,,,,,ohlcv_backfill,minute,0.0007670251180433424,0.0007675156472297577,0.0007532015732451495,0.0007532235823960697,271.4250910769011,/home/runner/work/Solana-Memecoin-Analysis/Solana-Memecoin-Analysis/data/cache/2026-09-26/114929544750_ohlcv_937604c2416e.json
2026-09-25T09:50:00+00:00,6tuhHpYSinf41V39KW3JmpVUaxehcabCbHZqqFnwR6xf,solana,PumpSwap,,,,,2026-09-15T19:26:05Z,0.0007670251180433424,,,,,,,,,,,,,,,,,,,ohlcv_backfill,minute,0.0007425520002434663,0.0007670251180433424,0.0007425520002434663,0.0007670251180433424,1327.7324133105792,/home/runner/work/Solana-Memecoin-Analysis/Solana-Memecoin-Analysis/data/cache/2026-09-26/114929544750_ohlcv_937604c2416e.json
2026-09-25T09:45:00+00:00,6tuhHpYSinf41V39KW3JmpVUaxehcabCbHZqqFnwR6xf,solana,PumpSwap,,,,,2026-09-15T19:26:05Z,0.0007425520002434663,,,,,,,,,,,,,,,,,,,ohlcv_backfill,minute,0.0007354194554174277,0.0007425520002434663,0.000730393847681795,0.0007425520002434663,380.2545214668015,/home/runner/work/Solana-Memecoin-Analysis/Solana-Memecoin-Analysis/data/cache/2026-09-26/114929544750_ohlcv_937604c2416e.json
2026-09-25T09:40:00+00:00,6tuhHpYSinf41V39KW3JmpVUaxehcabCbHZqqFnwR6xf,solana,PumpSwap,,,,,2026-09-15T19:26:05Z,0.0007354194554174277,,,,,,,,,,,,,,,,,,,ohlcv_backfill,minute,0.0007423252897611865,0.0007518867166790854,0.0007070825855871619,0.0007354194554174277,3101.060264997636,/home/runner/work/Solana-Memecoin-Analysis/Solana-Memecoin-Analysis/data/cache/2026-09-26/114929544750_ohlcv_937604c2416e.json
2026-09-25T09:35:00+00:00,6tuhHpYSinf41V39KW3JmpVUaxehcabCbHZqqFnwR6xf,solana,PumpSwap,,,,,2026-09-15T19:26:05Z,0.0007423252897611865,,,,,,,,,,,,,,,,,,,ohlcv_backfill,minute,0.0007539696400817252,0.0007539696400817252,0.0007423252897611865,0.0007423252897611865,92.14257087064259,/home/runner/work/Solana-Memecoin-Analysis/Solana-Memecoin-Analysis/data/cache/2026-09-26/114929544750_ohlcv_937604c2416e.json
2026-09-25T09:30:00+00:00,6tuhHpYSinf41V39KW3JmpVUaxehcabCbHZqqFnwR6xf,solana,PumpSwap,,,,,2026-09-15T19:26:05Z,0.0007539696400817252,,,,,,,,,,,,,,,,,,,ohlcv_backfill,minute,0.0007791473744877983,0.0007936715711633053,0.0007293540470577352,0.0007539696400817252,3947.242693538479,/home/runner/work/Solana-Memecoin-Analysis/Solana-Memecoin-Analysis/data/cache/2026-09-26/114929544750_ohlcv_937604c2416e.json
2026-09-25T09:25:00+00:00,6tuhHpYSinf41V39KW3JmpVUaxehcabCbHZqqFnwR6xf,solana,PumpSwap,,,,,2026-09-15T19:26:05Z,0.0007791473744877983,,,,,,,,,,,,,,,,,,,ohlcv_backfill,minute,0.0007833874472947029,0.0007873993160854536,0.0007791473744877983,0.0007791473744877983,175.67705583144996,/home/runner/work/Solana-Memecoin-Analysis/Solana-Memecoin-Analysis/data/cache/2026-09-26/114929544750_ohlcv_937604c2416e.json
2026-09-25T09:20:00+00:00,6tuhHpYSinf41V39KW3JmpVUaxehcabCbHZqqFnwR6xf,solana,PumpSwap,,,,,2026-09-15T19:26:05Z,0.0007833874472947029,,,,,,,,,,,,,,,,,,,ohlcv_backfill,minute,0.0007809087217880003,0.0007833874472947029,0.0007809087217880003,0.0007833874472947029,44.09255499513519,/home/runner/work/Solana-Memecoin-Analysis/Solana-Memecoin-Analysis/data/cache/2026-09-26/114929544750_ohlcv_937604c2416e.json
2026-09-25T09:15:00+00:00,6tuhHpYSinf41V39KW3JmpVUaxehcabCbHZqqFnwR6xf,solana,PumpSwap,,,,,2026-09-15T19:26:05Z,0.0007809087217880003,,,,,,,,,,,,,,,,,,,ohlcv_backfill,minute,0.0007797736405126609,0.0007809087217880003,0.0007705409015786404,0.0007809087217880003,89.37795183740899,/home/runner/work/Solana-Memecoin-Analysis/Solana-Memecoin-Analysis/data/cache/2026-09-26/114929544750_ohlcv_937604c2416e.json
2026-09-25T09:10:00+00:00,6tuhHpYSinf41V39KW3JmpVUaxehcabCbHZqqFnwR6xf,solana,PumpSwap,,,,,2026-09-15T19:26:05Z,0.0007797736405126609,,,,,,,,,,,,,,,,,,,ohlcv_backfill,minute,0.0007661884752232527,0.0007797736405126609,0.0007661884752232527,0.0007797736405126609,236.12526993494689,/home/runner/work/Solana-Memecoin-Analysis/Solana-Memecoin-Analysis/data/cache/2026-09-26/114929544750_ohlcv_937604c2416e.json
2026-09-25T09:05:00+00:00,6tuhHpYSinf41V39KW3JmpVUaxehcabCbHZqqFnwR6xf,solana,PumpSwap,,,,,2026-09-15T19:26:05Z,0.0007661884752232527,,,,,,,,,,,,,,,,,,,ohlcv_backfill,minute,0.0007727754159550208,0.0007746760005397478,0.0007661884752232527,0.0007661884752232527,80.89613276443183,/home/runner/work/Solana-Memecoin-Analysis/Solana-Memecoin-Analysis/data/cache/2026-09-26/114929544750_ohlcv_937604c2416e.json
2026-09-25T09:00:00+00:00,6tuhHpYSinf41V39KW3JmpVUaxehcabCbHZqqFnwR6xf,solana,PumpSwap,,,,,2026-09-15T19:26:05Z,0.0007727754159550208,,,,,,,,,,,,,,,,,,,ohlcv_backfill,minute,0.0007681060262553266,0.0007735964592265372,0.0007663799519846396,0.0007727754159550208,242.10901603241194,/home/runner/work/Solana-Memecoin-Analysis/Solana-Memecoin-Analysis/data/cache/2026-09-26/114929544750_ohlcv_937604c2416e.json
2026-09-25T08:55:00+00:00,6tuhHpYSinf41V39KW3JmpVUaxehcabCbHZqqFnwR6xf,solana,PumpSwap,,,,,2026-09-15T19:26:05Z,0.0007681060262553266,,,,,,,,,,,,,,,,,,,ohlcv_backfill,minute,0.0007631377911281784,0.0007762912810262856,0.0007631377911281784,0.0007681060262553266,227.2209421151144,/home/runner/work/Solana-Memecoin-Analysis/Solana-Memecoin-Analysis/data/cache/2026-09-26/114929544750_ohlcv_937604c2416e.json
2026-09-25T08:50:00+00:00,6tuhHpYSinf41V39KW3JmpVUaxehcabCbHZqqFnwR6xf,solana,PumpSwap,,,,,2026-09-15T19:26:05Z,0.0007631377911281784,,,,,,,,,,,,,,,,,,,ohlcv_backfill,minute,0.0007660661347800376,0.0007754158823657872,0.0007631377911281784,0.0007631377911281784,359.65577362676964,/home/runner/work/Solana-Memecoin-Analysis/Solana-Memecoin-Analysis/data/cache/2026-09-26/114929544750_ohlcv_937604c2416e.json
2026-09-25T08:45:00+00:00,6tuhHpYSinf41V39KW3JmpVUaxehcabCbHZqqFnwR6xf,solana,PumpSwap,,,,,2026-09-15T19:26:05Z,0.0007660661347800376,,,,,,,,,,,,,,,,,,,ohlcv_backfill,minute,0.0007748122488937372,0.0007748122488937372,0.0007660661347800376,0.0007660661347800376,41.928471454483045,/home/runner/work/Solana-Memecoin-Analysis/Solana-Memecoin-Analysis/data/cache/2026-09-26/114929544750_ohlcv_937604c2416e.json
2026-09-25T08:40:00+00:00,6tuhHpYSinf41V39KW3JmpVUaxehcabCbHZqqFnwR6xf,solana,PumpSwap,,,,,2026-09-15T19:26:05Z,0.0007748122488937372,,,,,,,,,,,,,,,,,,,ohlcv_backfill,minute,0.0008013763581864999,0.0008013763581864999,0.000771885494299906,0.0007748122488937372,1502.2854766329026,/home/runner/work/Solana-Memecoin-Analysis/Solana-Memecoin-Analysis/data/cache/2026-09-26/114929544750_ohlcv_937604c2416e.json
2026-09-25T08:30:00+00:00,6tuhHpYSinf41V39KW3JmpVUaxehcabCbHZqqFnwR6xf,solana,PumpSwap,,,,,2026-09-15T19:26:05Z,0.0008013763581864999,,,,,,,,,,,,,,,,,,,ohlcv_backfill,minute,0.0008163421673255419,0.0008199934018796731,0.0008013763581864999,0.0008013763581864999,590.7011083039013,/home/runner/work/Solana-Memecoin-Analysis/Solana-Memecoin-Analysis/data/cache/2026-09-26/114929544750_ohlcv_937604c2416e.json
2026-09-25T08:25:00+00:00,6tuhHpYSinf41V39KW3JmpVUaxehcabCbHZqqFnwR6xf,solana,PumpSwap,,,,,2026-09-15T19:26:05Z,0.0008163421673255419,,,,,,,,,,,,,,,,,,,ohlcv_backfill,minute,0.000827966130664303,0.0008365881197959485,0.0008135252109634651,0.0008163421673255419,856.1430855052918,/home/runner/work/Solana-Memecoin-Analysis/Solana-Memecoin-Analysis/data/cache/2026-09-26/114929544750_ohlcv_937604c2416e.json
2026-09-25T08:20:00+00:00,6tuhHpYSinf41V39KW3JmpVUaxehcabCbHZqqFnwR6xf,solana,PumpSwap,,,,,2026-09-15T19:26:05Z,0.000827966130664303,,,,,,,,,,,,,,,,,,,ohlcv_backfill,minute,0.0008348984105933625,0.0008389848106126744,0.000827966130664303,0.000827966130664303,225.22014234911595,/home/runner/work/Solana-Memecoin-Analysis/Solana-Memecoin-Analysis/data/cache/2026-09-26/114929544750_ohlcv_937604c2416e.json
2026-09-25T08:15:00+00:00,6tuhHpYSinf41V39KW3JmpVUaxehcabCbHZqqFnwR6xf,solana,PumpSwap,,,,,2026-09-15T19:26:05Z,0.0008348984105933625,,,,,,,,,,,,,,,,,,,ohlcv_backfill,minute,0.0008080062073149985,0.0008348984105933625,0.0008057254819789583,0.0008348984105933625,1346.8225784654749,/home/runner/work/Solana-Memecoin-Analysis/Solana-Memecoin-Analysis/data/cache/2026-09-26/114929544750_ohlcv_937604c2416e.json
2026-09-25T08:10:00+00:00,6tuhHpYSinf41V39KW3JmpVUaxehcabCbHZqqFnwR6xf,solana,PumpSwap,,,,,2026-09-15T19:26:05Z,0.0008080062073149985,,,,,,,,,,,,,,,,,,,ohlcv_backfill,minute,0.0008022232745301602,0.0008098497348010128,0.0008022232745301602,0.0008080062073149985,580.0303067512353,/home/runner/work/Solana-Memecoin-Analysis/Solana-Memecoin-Analysis/data/cache/2026-09-26/114929544750_ohlcv_937604c2416e.json
2026-09-25T08:05:00+00:00,6tuhHpYSinf41V39KW3JmpVUaxehcabCbHZqqFnwR6xf,solana,PumpSwap,,,,,2026-09-15T19:26:05Z,0.0008022232745301602,,,,,,,,,,,,,,,,,,,ohlcv_backfill,minute,0.0007868127814224926,0.0008022232745301602,0.0007867976291287205,0.0008022232745301602,678.8451163610757,/home/runner/work/Solana-Memecoin-Analysis/Solana-Memecoin-Analysis/data/cache/2026-09-26/114929544750_ohlcv_937604c2416e.json
2026-09-25T08:00:00+00:00,6tuhHpYSinf41V39KW3JmpVUaxehcabCbHZqqFnwR6xf,solana,PumpSwap,,,,,2026-09-15T19:26:05Z,0.0007868127814224926,,,,,,,,,,,,,,,,,,,ohlcv_backfill,minute,0.0007967890973311827,0.0008019330754469714,0.0007845224509238375,0.0007868127814224926,632.624906537419,/home/runner/work/Solana-Memecoin-Analysis/Solana-Memecoin-Analysis/data/cache/2026-09-26/114929544750_ohlcv_937604c2416e.json
2026-09-25T07:55:00+00:00,6tuhHpYSinf41V39KW3JmpVUaxehcabCbHZqqFnwR6xf,solana,PumpSwap,,,,,2026-09-15T19:26:05Z,0.0007967890973311827,,,,,,,,,,,,,,,,,,,ohlcv_backfill,minute,0.0007926549446144388,0.0007967890973311827,0.0007926549446144388,0.0007967890973311827,321.59601341707383,/home/runner/work/Solana-Memecoin-Analysis/Solana-Memecoin-Analysis/data/cache/2026-09-26/114929544750_ohlcv_937604c2416e.json
2026-09-25T07:50:00+00:00,6tuhHpYSinf41V39KW3JmpVUaxehcabCbHZqqFnwR6xf,solana,PumpSwap,,,,,2026-09-15T19:26:05Z,0.0007926549446144388,,,,,,,,,,,,,,,,,,,ohlcv_backfill,minute,0.0007924383622388575,0.0007926549446144388,0.0007817885062316253,0.0007926549446144388,35.1452154799872,/home/runner/work/Solana-Memecoin-Analysis/Solana-Memecoin-Analysis/data/cache/2026-09-26/114929544750_ohlcv_937604c2416e.json
2026-09-25T07:45:00+00:00,6tuhHpYSinf41V39KW3JmpVUaxehcabCbHZqqFnwR6xf,solana,PumpSwap,,,,,2026-09-15T19:26:05Z,0.0007924383622388575,,,,,,,,,,,,,,,,,,,ohlcv_backfill,minute,0.000783075843215622,0.0007924383622388575,0.000783075843215622,0.0007924383622388575,24.480721686346136,/home/runner/work/Solana-Memecoin-Analysis/Solana-Memecoin-Analysis/data/cache/2026-09-26/114929544750_ohlcv_937604c2416e.json
2026-09-25T07:40:00+00:00,6tuhHpYSinf41V39KW3JmpVUaxehcabCbHZqqFnwR6xf,solana,PumpSwap,,,,,2026-09-15T19:26:05Z,0.000783075843215622,,,,,,,,,,,,,,,,,,,ohlcv_backfill,minute,0.0007837953279493041,0.0007837953279493041,0.000783075843215622,0.000783075843215622,110.57669983478115,/home/runner/work/Solana-Memecoin-Analysis/Solana-Memecoin-Analysis/data/cache/2026-09-26/114929544750_ohlcv_937604c2416e.json
2026-09-25T07:35:00+00:00,6tuhHpYSinf41V39KW3JmpVUaxehcabCbHZqqFnwR6xf,solana,PumpSwap,,,,,2026-09-15T19:26:05Z,0.0007837953279493041,,,,,,,,,,,,,,,,,,,ohlcv_backfill,minute,0.0007957800121200803,0.0007957869626346995,0.0007837953279493041,0.0007837953279493041,89.75151615777537,/home/runner/work/Solana-Memecoin-Analysis/Solana-Memecoin-Analysis/data/cache/2026-09-26/114929544750_ohlcv_937604c2416e.json
2026-09-25T07:30:00+00:00,6tuhHpYSinf41V39KW3JmpVUaxehcabCbHZqqFnwR6xf,solana,PumpSwap,,,,,2026-09-15T19:26:05Z,0.0007957800121200803,,,,,,,,,,,,,,,,,,,ohlcv_backfill,minute,0.0008169277346791842,0.0008169277346791842,0.0007890861406743269,0.0007957800121200803,717.4689260474971,/home/runner/work/Solana-Memecoin-Analysis/Solana-Memecoin-Analysis/data/cache/2026-09-26/114929544750_ohlcv_937604c2416e.json
2026-09-25T07:25:00+00:00,6tuhHpYSinf41V39KW3JmpVUaxehcabCbHZqqFnwR6xf,solana,PumpSwap,,,,,2026-09-15T19:26:05Z,0.0008169277346791842,,,,,,,,,,,,,,,,,,,ohlcv_backfill,minute,0.0008064421982925939,0.0008169277346791842,0.0008064152581512757,0.0008169277346791842,123.56024149923988,/home/runner/work/Solana-Memecoin-Analysis/Solana-Memecoin-Analysis/data/cache/2026-09-26/114929544750_ohlcv_937604c2416e.json
2026-09-25T07:20:00+00:00,6tuhHpYSinf41V39KW3JmpVUaxehcabCbHZqqFnwR6xf,solana,PumpSwap,,,,,2026-09-15T19:26:05Z,0.0008064421982925939,,,,,,,,,,,,,,,,,,,ohlcv_backfill,minute,0.0008038081308013364,0.0008152536580932249,0.0008038081308013364,0.0008064421982925939,162.89491453804453,/home/runner/work/Solana-Memecoin-Analysis/Solana-Memecoin-Analysis/data/cache/2026-09-26/114929544750_ohlcv_937604c2416e.json
2026-09-25T07:15:00+00:00,6tuhHpYSinf41V39KW3JmpVUaxehcabCbHZqqFnwR6xf,solana,PumpSwap,,,,,2026-09-15T19:26:05Z,0.0008038081308013364,,,,,,,,,,,,,,,,,,,ohlcv_backfill,minute,0.0007947026253905773,0.000820544356520956,0.0007947026253905773,0.0008038081308013364,1471.5197413730273,/home/runner/work/Solana-Memecoin-Analysis/Solana-Memecoin-Analysis/data/cache/2026-09-26/114929544750_ohlcv_937604c2416e.json
2026-09-25T07:10:00+00:00,6tuhHpYSinf41V39KW3JmpVUaxehcabCbHZqqFnwR6xf,solana,PumpSwap,,,,,2026-09-15T19:26:05Z,0.0007947026253905773,,,,,,,,,,,,,,,,,,,ohlcv_backfill,minute,0.0007876263955943478,0.0008076015786467649,0.0007876263955943478,0.0007947026253905773,944.3882864656612,/home/runner/work/Solana-Memecoin-Analysis/Solana-Memecoin-Analysis/data/cache/2026-09-26/114929544750_ohlcv_937604c2416e.json
2026-09-25T07:05:00+00:00,6tuhHpYSinf41V39KW3JmpVUaxehcabCbHZqqFnwR6xf,solana,PumpSwap,,,,,2026-09-15T19:26:05Z,0.0007876263955943478,,,,,,,,,,,,,,,,,,,ohlcv_backfill,minute,0.0007650867279852185,0.0007906840781114179,0.0007650867279852185,0.0007876263955943478,749.0067827239114,/home/runner/work/Solana-Memecoin-Analysis/Solana-Memecoin-Analysis/data/cache/2026-09-26/114929544750_ohlcv_937604c2416e.json
2026-09-25T07:00:00+00:00,6tuhHpYSinf41V39KW3JmpVUaxehcabCbHZqqFnwR6xf,solana,PumpSwap,,,,,2026-09-15T19:26:05Z,0.0007650867279852185,,,,,,,,,,,,,,,,,,,ohlcv_backfill,minute,0.0007647500620141887,0.0007650867279852185,0.0007647500620141887,0.0007650867279852185,11.713397436153269,/home/runner/work/Solana-Memecoin-Analysis/Solana-Memecoin-Analysis/data/cache/2026-09-26/114929544750_ohlcv_937604c2416e.json
2026-09-25T06:55:00+00:00,6tuhHpYSinf41V39KW3JmpVUaxehcabCbHZqqFnwR6xf,solana,PumpSwap,,,,,2026-09-15T19:26:05Z,0.0007647500620141887,,,,,,,,,,,,,,,,,,,ohlcv_backfill,minute,0.0007668750707055395,0.0007668750707055395,0.0007647500620141887,0.0007647500620141887,0.3644660781115932,/home/runner/work/Solana-Memecoin-Analysis/Solana-Memecoin-Analysis/data/cache/2026-09-26/114929544750_ohlcv_937604c2416e.json
2026-09-25T06:50:00+00:00,6tuhHpYSinf41V39KW3JmpVUaxehcabCbHZqqFnwR6xf,solana,PumpSwap,,,,,2026-09-15T19:26:05Z,0.0007668750707055395,,,,,,,,,,,,,,,,,,,ohlcv_backfill,minute,0.0007502302280859002,0.0007775191625855136,0.0007502302280859002,0.0007668750707055395,1177.0463088919812,/home/runner/work/Solana-Memecoin-Analysis/Solana-Memecoin-Analysis/data/cache/2026-09-26/114929544750_ohlcv_937604c2416e.json
2026-09-25T06:45:00+00:00,6tuhHpYSinf41V39KW3JmpVUaxehcabCbHZqqFnwR6xf,solana,PumpSwap,,,,,2026-09-15T19:26:05Z,0.0007502302280859002,,,,,,,,,,,,,,,,,,,ohlcv_backfill,minute,0.0007414754815541485,0.0007505091414710753,0.0007414754815541485,0.0007502302280859002,368.4259116638063,/home/runner/work/Solana-Memecoin-Analysis/Solana-Memecoin-Analysis/data/cache/2026-09-26/114929544750_ohlcv_937604c2416e.json
2026-09-25T06:40:00+00:00,6tuhHpYSinf41V39KW3JmpVUaxehcabCbHZqqFnwR6xf,solana,PumpSwap,,,,,2026-09-15T19:26:05Z,0.0007414754815541485,,,,,,,,,,,,,,,,,,,ohlcv_backfill,minute,0.0007306139297067745,0.0007414754815541485,0.0007306139297067745,0.0007414754815541485,114.16848229585197,/home/runner/work/Solana-Memecoin-Analysis/Solana-Memecoin-Analysis/data/cache/2026-09-26/114929544750_ohlcv_937604c2416e.json
2026-09-25T06:35:00+00:00,6tuhHpYSinf41V39KW3JmpVUaxehcabCbHZqqFnwR6xf,solana,PumpSwap,,,,,2026-09-15T19:26:05Z,0.0007306139297067745,,,,,,,,,,,,,,,,,,,ohlcv_backfill,minute,0.0007336435502689883,0.0007336435502689883,0.0007306139297067745,0.0007306139297067745,57.917487831894796,/home/runner/work/Solana-Memecoin-Analysis/Solana-Memecoin-Analysis/data/cache/2026-09-26/114929544750_ohlcv_937604c2416e.json
2026-09-25T06:30:00+00:00,6tuhHpYSinf41V39KW3JmpVUaxehcabCbHZqqFnwR6xf,solana,PumpSwap,,,,,2026-09-15T19:26:05Z,0.0007336435502689883,,,,,,,,,,,,,,,,,,,ohlcv_backfill,minute,0.0007343368486967167,0.0007343368486967167,0.0007336435502689883,0.0007336435502689883,6.727588723080859,/home/runner/work/Solana-Memecoin-Analysis/Solana-Memecoin-Analysis/data/cache/2026-09-26/114929544750_ohlcv_937604c2416e.json
2026-09-25T06:25:00+00:00,6tuhHpYSinf41V39KW3JmpVUaxehcabCbHZqqFnwR6xf,solana,PumpSwap,,,,,2026-09-15T19:26:05Z,0.0007343368486967167,,,,,,,,,,,,,,,,,,,ohlcv_backfill,minute,0.0007346028673396886,0.0007346028673396886,0.0007343368486967167,0.0007343368486967167,1.9862559734949263,/home/runner/work/Solana-Memecoin-Analysis/Solana-Memecoin-Analysis/data/cache/2026-09-26/114929544750_ohlcv_937604c2416e.json
2026-09-25T06:20:00+00:00,6tuhHpYSinf41V39KW3JmpVUaxehcabCbHZqqFnwR6xf,solana,PumpSwap,,,,,2026-09-15T19:26:05Z,0.0007346028673396886,,,,,,,,,,,,,,,,,,,ohlcv_backfill,minute,0.0007445715545385496,0.0007445715545385496,0.0007145395128431985,0.0007346028673396886,1781.0234018471203,/home/runner/work/Solana-Memecoin-Analysis/Solana-Memecoin-Analysis/data/cache/2026-09-26/114929544750_ohlcv_937604c2416e.json
2026-09-25T06:15:00+00:00,6tuhHpYSinf41V39KW3JmpVUaxehcabCbHZqqFnwR6xf,solana,PumpSwap,,,,,2026-09-15T19:26:05Z,0.0007445715545385496,,,,,,,,,,,,,,,,,,,ohlcv_backfill,minute,0.0007598140963462998,0.000763451989303124,0.0007445715545385496,0.0007445715545385496,1056.5955169905824,/home/runner/work/Solana-Memecoin-Analysis/Solana-Memecoin-Analysis/data/cache/2026-09-26/114929544750_ohlcv_937604c2416e.json
2026-09-25T06:10:00+00:00,6tuhHpYSinf41V39KW3JmpVUaxehcabCbHZqqFnwR6xf,solana,PumpSwap,,,,,2026-09-15T19:26:05Z,0.0007598140963462998,,,,,,,,,,,,,,,,,,,ohlcv_backfill,minute,0.0007589610748623535,0.0007598140963462998,0.0007502494924929574,0.0007598140963462998,98.37373372366774,/home/runner/work/Solana-Memecoin-Analysis/Solana-Memecoin-Analysis/data/cache/2026-09-26/114929544750_ohlcv_937604c2416e.json
2026-09-25T06:05:00+00:00,6tuhHpYSinf41V39KW3JmpVUaxehcabCbHZqqFnwR6xf,solana,PumpSwap,,,,,2026-09-15T19:26:05Z,0.0007589610748623535,,,,,,,,,,,,,,,,,,,ohlcv_backfill,minute,0.0007342997354686163,0.0007589610748623535,0.0007342997354686163,0.0007589610748623535,699.3838460524643,/home/runner/work/Solana-Memecoin-Analysis/Solana-Memecoin-Analysis/data/cache/2026-09-26/114929544750_ohlcv_937604c2416e.json
2026-09-25T06:00:00+00:00,6tuhHpYSinf41V39KW3JmpVUaxehcabCbHZqqFnwR6xf,solana,PumpSwap,,,,,2026-09-15T19:26:05Z,0.0007342997354686163,,,,,,,,,,,,,,,,,,,ohlcv_backfill,minute,0.0007351131949705695,0.0007351131949705695,0.0007342997354686163,0.0007342997354686163,1.7167843539675611,/home/runner/work/Solana-Memecoin-Analysis/Solana-Memecoin-Analysis/data/cache/2026-09-26/114929544750_ohlcv_937604c2416e.json
2026-09-25T05:55:00+00:00,6tuhHpYSinf41V39KW3JmpVUaxehcabCbHZqqFnwR6xf,solana,PumpSwap,,,,,2026-09-15T19:26:05Z,0.0007351131949705695,,,,,,,,,,,,,,,,,,,ohlcv_backfill,minute,0.0007374780581402619,0.0007444890817014001,0.0007351131949705695,0.0007351131949705695,272.4538971453814,/home/runner/work/Solana-Memecoin-Analysis/Solana-Memecoin-Analysis/data/cache/2026-09-26/114929544750_ohlcv_937604c2416e.json
2026-09-25T05:45:00+00:00,6tuhHpYSinf41V39KW3JmpVUaxehcabCbHZqqFnwR6xf,solana,PumpSwap,,,,,2026-09-15T19:26:05Z,0.0007374780581402619,,,,,,,,,,,,,,,,,,,ohlcv_backfill,minute,0.0007384637970705083,0.0007487531168156813,0.0007374780581402619,0.0007374780581402619,135.2826779150036,/home/runner/work/Solana-Memecoin-Analysis/Solana-Memecoin-Analysis/data/cache/2026-09-26/114929544750_ohlcv_937604c2416e.json
2026-09-25T05:40:00+00:00,6tuhHpYSinf41V39KW3JmpVUaxehcabCbHZqqFnwR6xf,solana,PumpSwap,,,,,2026-09-15T19:26:05Z,0.0007384637970705083,,,,,,,,,,,,,,,,,,,ohlcv_backfill,minute,0.0007372155036629838,0.0007464275958948206,0.0007372155036629838,0.0007384637970705083,56.465834995264395,/home/runner/work/Solana-Memecoin-Analysis/Solana-Memecoin-Analysis/data/cache/2026-09-26/114929544750_ohlcv_937604c2416e.json
2026-09-25T05:35:00+00:00,6tuhHpYSinf41V39KW3JmpVUaxehcabCbHZqqFnwR6xf,solana,PumpSwap,,,,,2026-09-15T19:26:05Z,0.0007372155036629838,,,,,,,,,,,,,,,,,,,ohlcv_backfill,minute,0.0007385762753766111,0.0007385762753766111,0.0007129137440154642,0.0007372155036629838,2392.013191427582,/home/runner/work/Solana-Memecoin-Analysis/Solana-Memecoin-Analysis/data/cache/2026-09-26/114929544750_ohlcv_937604c2416e.json
2026-09-25T05:30:00+00:00,6tuhHpYSinf41V39KW3JmpVUaxehcabCbHZqqFnwR6xf,solana,PumpSwap,,,,,2026-09-15T19:26:05Z,0.0007385762753766111,,,,,,,,,,,,,,,,,,,ohlcv_backfill,minute,0.0007659642992769601,0.0007759396055068835,0.0007385762753766111,0.0007385762753766111,1641.8584908497655,/home/runner/work/Solana-Memecoin-Analysis/Solana-Memecoin-Analysis/data/cache/2026-09-26/114929544750_ohlcv_937604c2416e.json
2026-09-25T05:25:00+00:00,6tuhHpYSinf41V39KW3JmpVUaxehcabCbHZqqFnwR6xf,solana,PumpSwap,,,,,2026-09-15T19:26:05Z,0.0007659642992769601,,,,,,,,,,,,,,,,,,,ohlcv_backfill,minute,0.0007554544339873913,0.0007755187324129143,0.0007554544339873913,0.0007659642992769601,449.38032141683243,/home/runner/work/Solana-Memecoin-Analysis/Solana-Memecoin-Analysis/data/cache/2026-09-26/114929544750_ohlcv_937604c2416e.json
2026-09-25T05:20:00+00:00,6tuhHpYSinf41V39KW3JmpVUaxehcabCbHZqqFnwR6xf,solana,PumpSwap,,,,,2026-09-15T19:26:05Z,0.0007554544339873913,,,,,,,,,,,,,,,,,,,ohlcv_backfill,minute,0.0007576480495114311,0.0007669260371943703,0.0007554544339873913,0.0007554544339873913,129.24380873562137,/home/runner/work/Solana-Memecoin-Analysis/Solana-Memecoin-Analysis/data/cache/2026-09-26/114929544750_ohlcv_937604c2416e.json
2026-09-25T05:15:00+00:00,6tuhHpYSinf41V39KW3JmpVUaxehcabCbHZqqFnwR6xf,solana,PumpSwap,,,,,2026-09-15T19:26:05Z,0.0007576480495114311,,,,,,,,,,,,,,,,,,,ohlcv_backfill,minute,0.0007683168627110307,0.0007692672555616849,0.0007564199400523816,0.0007576480495114311,367.7092934741815,/home/runner/work/Solana-Memecoin-Analysis/Solana-Memecoin-Analysis/data/cache/2026-09-26/114929544750_ohlcv_937604c2416e.json
2026-09-25T05:10:00+00:00,6tuhHpYSinf41V39KW3JmpVUaxehcabCbHZqqFnwR6xf,solana,PumpSwap,,,,,2026-09-15T19:26:05Z,0.0007683168627110307,,,,,,,,,,,,,,,,,,,ohlcv_backfill,minute,0.0007633149256114918,0.0007683945321229295,0.0007539772309501862,0.0007683168627110307,286.89745622874557,/home/runner/work/Solana-Memecoin-Analysis/Solana-Memecoin-Analysis/data/cache/2026-09-26/114929544750_ohlcv_937604c2416e.json
2026-09-25T05:05:00+00:00,6tuhHpYSinf41V39KW3JmpVUaxehcabCbHZqqFnwR6xf,solana,PumpSwap,,,,,2026-09-15T19:26:05Z,0.0007633149256114918,,,,,,,,,,,,,,,,,,,ohlcv_backfill,minute,0.0007555386631896762,0.0007633149256114918,0.0007555386631896762,0.0007633149256114918,49.59892400484734,/home/runner/work/Solana-Memecoin-Analysis/Solana-Memecoin-Analysis/data/cache/2026-09-26/114929544750_ohlcv_937604c2416e.json
2026-09-25T05:00:00+00:00,6tuhHpYSinf41V39KW3JmpVUaxehcabCbHZqqFnwR6xf,solana,PumpSwap,,,,,2026-09-15T19:26:05Z,0.0007555386631896762,,,,,,,,,,,,,,,,,,,ohlcv_backfill,minute,0.0007780820795515487,0.0007780820795515487,0.0007555386631896762,0.0007555386631896762,698.9897449053791,/home/runner/work/Solana-Memecoin-Analysis/Solana-Memecoin-Analysis/data/cache/2026-09-26/114929544750_ohlcv_937604c2416e.json
2026-09-25T04:55:00+00:00,6tuhHpYSinf41V39KW3JmpVUaxehcabCbHZqqFnwR6xf,solana,PumpSwap,,,,,2026-09-15T19:26:05Z,0.0007780820795515487,,,,,,,,,,,,,,,,,,,ohlcv_backfill,minute,0.0007580071638596898,0.0007780820795515487,0.000748856851253348,0.0007780820795515487,1181.784569820863,/home/runner/work/Solana-Memecoin-Analysis/Solana-Memecoin-Analysis/data/cache/2026-09-26/114929544750_ohlcv_937604c2416e.json
2026-09-25T04:50:00+00:00,6tuhHpYSinf41V39KW3JmpVUaxehcabCbHZqqFnwR6xf,solana,PumpSwap,,,,,2026-09-15T19:26:05Z,0.0007580071638596898,,,,,,,,,,,,,,,,,,,ohlcv_backfill,minute,0.0007580094785284088,0.0007580094785284088,0.0007487007904124172,0.0007580071638596898,218.01068668941173,/home/runner/work/Solana-Memecoin-Analysis/Solana-Memecoin-Analysis/data/cache/2026-09-26/114929544750_ohlcv_937604c2416e.json
2026-09-25T04:45:00+00:00,6tuhHpYSinf41V39KW3JmpVUaxehcabCbHZqqFnwR6xf,solana,PumpSwap,,,,,2026-09-15T19:26:05Z,0.0007580094785284088,,,,,,,,,,,,,,,,,,,ohlcv_backfill,minute,0.0007529300656145164,0.0007580094785284088,0.0007497229760443255,0.0007580094785284088,247.98238109142898,/home/runner/work/Solana-Memecoin-Analysis/Solana-Memecoin-Analysis/data/cache/2026-09-26/114929544750_ohlcv_937604c2416e.json
2026-09-25T04:40:00+00:00,6tuhHpYSinf41V39KW3JmpVUaxehcabCbHZqqFnwR6xf,solana,PumpSwap,,,,,2026-09-15T19:26:05Z,0.0007529300656145164,,,,,,,,,,,,,,,,,,,ohlcv_backfill,minute,0.0006777612228103842,0.0007702594499484158,0.0006777612228103842,0.0007529300656145164,5713.899229520172,/home/runner/work/Solana-Memecoin-Analysis/Solana-Memecoin-Analysis/data/cache/2026-09-26/114929544750_ohlcv_937604c2416e.json
2026-09-25T04:35:00+00:00,6tuhHpYSinf41V39KW3JmpVUaxehcabCbHZqqFnwR6xf,solana,PumpSwap,,,,,2026-09-15T19:26:05Z,0.0006777612228103842,,,,,,,,,,,,,,,,,,,ohlcv_backfill,minute,0.000668947567114364,0.0006777612228103842,0.0006609398859915524,0.0006777612228103842,961.044956292724,/home/runner/work/Solana-Memecoin-Analysis/Solana-Memecoin-Analysis/data/cache/2026-09-26/114929544750_ohlcv_937604c2416e.json
2026-09-25T04:30:00+00:00,6tuhHpYSinf41V39KW3JmpVUaxehcabCbHZqqFnwR6xf,solana,PumpSwap,,,,,2026-09-15T19:26:05Z,0.000668947567114364,,,,,,,,,,,,,,,,,,,ohlcv_backfill,minute,0.0006733304374391284,0.0006733304374391284,0.0006451519952967605,0.000668947567114364,1661.4302281990151,/home/runner/work/Solana-Memecoin-Analysis/Solana-Memecoin-Analysis/data/cache/2026-09-26/114929544750_ohlcv_937604c2416e.json
2026-09-25T04:25:00+00:00,6tuhHpYSinf41V39KW3JmpVUaxehcabCbHZqqFnwR6xf,solana,PumpSwap,,,,,2026-09-15T19:26:05Z,0.0006733304374391284,,,,,,,,,,,,,,,,,,,ohlcv_backfill,minute,0.0006824221551974275,0.0006900693842534707,0.0006652380419788619,0.0006733304374391284,2077.8178469716436,/home/runner/work/Solana-Memecoin-Analysis/Solana-Memecoin-Analysis/data/cache/2026-09-26/114929544750_ohlcv_937604c2416e.json
2026-09-25T04:20:00+00:00,6tuhHpYSinf41V39KW3JmpVUaxehcabCbHZqqFnwR6xf,solana,PumpSwap,,,,,2026-09-15T19:26:05Z,0.0006824221551974275,,,,,,,,,,,,,,,,,,,ohlcv_backfill,minute,0.0006759951771247332,0.0006824221551974275,0.0006759490258303394,0.0006824221551974275,327.6027462418578,/home/runner/work/Solana-Memecoin-Analysis/Solana-Memecoin-Analysis/data/cache/2026-09-26/114929544750_ohlcv_937604c2416e.json
2026-09-25T04:15:00+00:00,6tuhHpYSinf41V39KW3JmpVUaxehcabCbHZqqFnwR6xf,solana,PumpSwap,,,,,2026-09-15T19:26:05Z,0.0006759951771247332,,,,,,,,,,,,,,,,,,,ohlcv_backfill,minute,0.000706466692652658,0.000706466692652658,0.0006755018046084299,0.0006759951771247332,1617.8654605714542,/home/runner/work/Solana-Memecoin-Analysis/Solana-Memecoin-Analysis/data/cache/2026-09-26/114929544750_ohlcv_937604c2416e.json
2026-09-25T04:10:00+00:00,6tuhHpYSinf41V39KW3JmpVUaxehcabCbHZqqFnwR6xf,solana,PumpSwap,,,,,2026-09-15T19:26:05Z,0.000706466692652658,,,,,,,,,,,,,,,,,,,ohlcv_backfill,minute,0.0007119966610193867,0.0007119966610193867,0.000706466692652658,0.000706466692652658,125.09348922452772,/home/runner/work/Solana-Memecoin-Analysis/Solana-Memecoin-Analysis/data/cache/2026-09-26/114929544750_ohlcv_937604c2416e.json
2026-09-25T04:05:00+00:00,6tuhHpYSinf41V39KW3JmpVUaxehcabCbHZqqFnwR6xf,solana,PumpSwap,,,,,2026-09-15T19:26:05Z,0.0007119966610193867,,,,,,,,,,,,,,,,,,,ohlcv_backfill,minute,0.0006984924700675443,0.0007131469327089194,0.0006984924700675443,0.0007119966610193867,552.3958862185633,/home/runner/work/Solana-Memecoin-Analysis/Solana-Memecoin-Analysis/data/cache/2026-09-26/114929544750_ohlcv_937604c2416e.json
2026-09-25T04:00:00+00:00,6tuhHpYSinf41V39KW3JmpVUaxehcabCbHZqqFnwR6xf,solana,PumpSwap,,,,,2026-09-15T19:26:05Z,0.0006984924700675443,,,,,,,,,,,,,,,,,,,ohlcv_backfill,minute,0.0007006603842236168,0.0007065689196220689,0.0006973286814268463,0.0006984924700675443,335.4679992836206,/home/runner/work/Solana-Memecoin-Analysis/Solana-Memecoin-Analysis/data/cache/2026-09-26/114929544750_ohlcv_937604c2416e.json
2026-09-25T03:55:00+00:00,6tuhHpYSinf41V39KW3JmpVUaxehcabCbHZqqFnwR6xf,solana,PumpSwap,,,,,2026-09-15T19:26:05Z,0.0007006603842236168,,,,,,,,,,,,,,,,,,,ohlcv_backfill,minute,0.000707339025819107,0.0007086665237050723,0.0006999612907896707,0.0007006603842236168,195.29105238273678,/home/runner/work/Solana-Memecoin-Analysis/Solana-Memecoin-Analysis/data/cache/2026-09-26/114929544750_ohlcv_937604c2416e.json
2026-09-25T03:50:00+00:00,6tuhHpYSinf41V39KW3JmpVUaxehcabCbHZqqFnwR6xf,solana,PumpSwap,,,,,2026-09-15T19:26:05Z,0.000707339025819107,,,,,,,,,,,,,,,,,,,ohlcv_backfill,minute,0.0007124428080539321,0.0007214101701989536,0.000707339025819107,0.000707339025819107,1425.8464103144079,/home/runner/work/Solana-Memecoin-Analysis/Solana-Memecoin-Analysis/data/cache/2026-09-26/114929544750_ohlcv_937604c2416e.json
2026-09-25T03:45:00+00:00,6tuhHpYSinf41V39KW3JmpVUaxehcabCbHZqqFnwR6xf,solana,PumpSwap,,,,,2026-09-15T19:26:05Z,0.0007124428080539321,,,,,,,,,,,,,,,,,,,ohlcv_backfill,minute,0.0007116853178996403,0.0007124428080539321,0.000711526508584879,0.0007124428080539321,52.173046043033274,/home/runner/work/Solana-Memecoin-Analysis/Solana-Memecoin-Analysis/data/cache/2026-09-26/114929544750_ohlcv_937604c2416e.json
2026-09-25T03:40:00+00:00,6tuhHpYSinf41V39KW3JmpVUaxehcabCbHZqqFnwR6xf,solana,PumpSwap,,,,,2026-09-15T19:26:05Z,0.0007116853178996403,,,,,,,,,,,,,,,,,,,ohlcv_backfill,minute,0.0007119963173760275,0.0007131550283144022,0.0007116853178996403,0.0007116853178996403,56.57814531244285,/home/runner/work/Solana-Memecoin-Analysis/Solana-Memecoin-Analysis/data/cache/2026-09-26/114929544750_ohlcv_937604c2416e.json
2026-09-25T03:30:00+00:00,6tuhHpYSinf41V39KW3JmpVUaxehcabCbHZqqFnwR6xf,solana,PumpSwap,,,,,2026-09-15T19:26:05Z,0.0007119963173760275,,,,,,,,,,,,,,,,,,,ohlcv_backfill,minute,0.0007076482174339788,0.0007161672279123411,0.000704592982498999,0.0007119963173760275,249.56332906560786,/home/runner/work/Solana-Memecoin-Analysis/Solana-Memecoin-Analysis/data/cache/2026-09-26/114929544750_ohlcv_937604c2416e.json
2026-09-25T03:25:00+00:00,6tuhHpYSinf41V39KW3JmpVUaxehcabCbHZqqFnwR6xf,solana,PumpSwap,,,,,2026-09-15T19:26:05Z,0.0007076482174339788,,,,,,,,,,,,,,,,,,,ohlcv_backfill,minute,0.0007213971364905235,0.0007213971364905235,0.0007076482174339788,0.0007076482174339788,332.0585606579703,/home/runner/work/Solana-Memecoin-Analysis/Solana-Memecoin-Analysis/data/cache/2026-09-26/114929544750_ohlcv_937604c2416e.json
2026-09-25T03:20:00+00:00,6tuhHpYSinf41V39KW3JmpVUaxehcabCbHZqqFnwR6xf,solana,PumpSwap,,,,,2026-09-15T19:26:05Z,0.0007213971364905235,,,,,,,,,,,,,,,,,,,ohlcv_backfill,minute,0.0007303047152873257,0.0007303047152873257,0.0006974795761639447,0.0007213971364905235,2689.1126752969562,/home/runner/work/Solana-Memecoin-Analysis/Solana-Memecoin-Analysis/data/cache/2026-09-26/114929544750_ohlcv_937604c2416e.json
2026-09-25T03:15:00+00:00,6tuhHpYSinf41V39KW3JmpVUaxehcabCbHZqqFnwR6xf,solana,PumpSwap,,,,,2026-09-15T19:26:05Z,0.0007303047152873257,,,,,,,,,,,,,,,,,,,ohlcv_backfill,minute,0.000729363275513448,0.0007303047152873257,0.000729363275513448,0.0007303047152873257,15.310550817505062,/home/runner/work/Solana-Memecoin-Analysis/Solana-Memecoin-Analysis/data/cache/2026-09-26/114929544750_ohlcv_937604c2416e.json
2026-09-25T03:10:00+00:00,6tuhHpYSinf41V39KW3JmpVUaxehcabCbHZqqFnwR6xf,solana,PumpSwap,,,,,2026-09-15T19:26:05Z,0.000729363275513448,,,,,,,,,,,,,,,,,,,ohlcv_backfill,minute,0.0007390215887219879,0.0007398129125202385,0.000729363275513448,0.000729363275513448,54.48516771049831,/home/runner/work/Solana-Memecoin-Analysis/Solana-Memecoin-Analysis/data/cache/2026-09-26/114929544750_ohlcv_937604c2416e.json
2026-09-25T03:05:00+00:00,6tuhHpYSinf41V39KW3JmpVUaxehcabCbHZqqFnwR6xf,solana,PumpSwap,,,,,2026-09-15T19:26:05Z,0.0007390215887219879,,,,,,,,,,,,,,,,,,,ohlcv_backfill,minute,0.0007228600358943066,0.0007390215887219879,0.0007228600358943066,0.0007390215887219879,251.3459386539224,/home/runner/work/Solana-Memecoin-Analysis/Solana-Memecoin-Analysis/data/cache/2026-09-26/114929544750_ohlcv_937604c2416e.json
2026-09-25T03:00:00+00:00,6tuhHpYSinf41V39KW3JmpVUaxehcabCbHZqqFnwR6xf,solana,PumpSwap,,,,,2026-09-15T19:26:05Z,0.0007228600358943066,,,,,,,,,,,,,,,,,,,ohlcv_backfill,minute,0.0007327934749555641,0.0007327934749555641,0.0007219210774947844,0.0007228600358943066,161.10778922720056,/home/runner/work/Solana-Memecoin-Analysis/Solana-Memecoin-Analysis/data/cache/2026-09-26/114929544750_ohlcv_937604c2416e.json
2026-09-25T02:55:00+00:00,6tuhHpYSinf41V39KW3JmpVUaxehcabCbHZqqFnwR6xf,solana,PumpSwap,,,,,2026-09-15T19:26:05Z,0.0007327934749555641,,,,,,,,,,,,,,,,,,,ohlcv_backfill,minute,0.0007238119487257258,0.0007330232878311903,0.0007231532755777818,0.0007327934749555641,152.9630063824656,/home/runner/work/Solana-Memecoin-Analysis/Solana-Memecoin-Analysis/data/cache/2026-09-26/114929544750_ohlcv_937604c2416e.json
2026-09-25T02:50:00+00:00,6tuhHpYSinf41V39KW3JmpVUaxehcabCbHZqqFnwR6xf,solana,PumpSwap,,,,,2026-09-15T19:26:05Z,0.0007238119487257258,,,,,,,,,,,,,,,,,,,ohlcv_backfill,minute,0.0007499410410597536,0.0007499410410597536,0.0007236626345466486,0.0007238119487257258,1530.6440317164333,/home/runner/work/Solana-Memecoin-Analysis/Solana-Memecoin-Analysis/data/cache/2026-09-26/114929544750_ohlcv_937604c2416e.json
2026-09-25T02:45:00+00:00,6tuhHpYSinf41V39KW3JmpVUaxehcabCbHZqqFnwR6xf,solana,PumpSwap,,,,,2026-09-15T19:26:05Z,0.0007499410410597536,,,,,,,,,,,,,,,,,,,ohlcv_backfill,minute,0.0007530238027940582,0.0007530238027940582,0.0007499410410597536,0.0007499410410597536,16.706236589404746,/home/runner/work/Solana-Memecoin-Analysis/Solana-Memecoin-Analysis/data/cache/2026-09-26/114929544750_ohlcv_937604c2416e.json
2026-09-25T02:40:00+00:00,6tuhHpYSinf41V39KW3JmpVUaxehcabCbHZqqFnwR6xf,solana,PumpSwap,,,,,2026-09-15T19:26:05Z,0.0007530238027940582,,,,,,,,,,,,,,,,,,,ohlcv_backfill,minute,0.0007600468703779426,0.0007626694939433068,0.0007530238027940582,0.0007530238027940582,40.85681105704574,/home/runner/work/Solana-Memecoin-Analysis/Solana-Memecoin-Analysis/data/cache/2026-09-26/114929544750_ohlcv_937604c2416e.json
2026-09-25T02:35:00+00:00,6tuhHpYSinf41V39KW3JmpVUaxehcabCbHZqqFnwR6xf,solana,PumpSwap,,,,,2026-09-15T19:26:05Z,0.0007600468703779426,,,,,,,,,,,,,,,,,,,ohlcv_backfill,minute,0.000752312701222565,0.0007600468703779426,0.000752312701222565,0.0007600468703779426,252.70868009923427,/home/runner/work/Solana-Memecoin-Analysis/Solana-Memecoin-Analysis/data/cache/2026-09-26/114929544750_ohlcv_937604c2416e.json
2026-09-25T02:30:00+00:00,6tuhHpYSinf41V39KW3JmpVUaxehcabCbHZqqFnwR6xf,solana,PumpSwap,,,,,2026-09-15T19:26:05Z,0.000752312701222565,,,,,,,,,,,,,,,,,,,ohlcv_backfill,minute,0.0007689401250359474,0.0007777325327595458,0.000752312701222565,0.000752312701222565,967.5046186765162,/home/runner/work/Solana-Memecoin-Analysis/Solana-Memecoin-Analysis/data/cache/2026-09-26/114929544750_ohlcv_937604c2416e.json
2026-09-25T02:25:00+00:00,6tuhHpYSinf41V39KW3JmpVUaxehcabCbHZqqFnwR6xf,solana,PumpSwap,,,,,2026-09-15T19:26:05Z,0.0007689401250359474,,,,,,,,,,,,,,,,,,,ohlcv_backfill,minute,0.0007823001868176068,0.0007823001868176068,0.0007689401250359474,0.0007689401250359474,229.46073763110147,/home/runner/work/Solana-Memecoin-Analysis/Solana-Memecoin-Analysis/data/cache/2026-09-26/114929544750_ohlcv_937604c2416e.json
2026-09-25T02:20:00+00:00,6tuhHpYSinf41V39KW3JmpVUaxehcabCbHZqqFnwR6xf,solana,PumpSwap,,,,,2026-09-15T19:26:05Z,0.0007823001868176068,,,,,,,,,,,,,,,,,,,ohlcv_backfill,minute,0.0008295821985872104,0.0008295821985872104,0.0007823001868176068,0.0007823001868176068,1699.215338105253,/home/runner/work/Solana-Memecoin-Analysis/Solana-Memecoin-Analysis/data/cache/2026-09-26/114929544750_ohlcv_937604c2416e.json
2026-09-25T02:15:00+00:00,6tuhHpYSinf41V39KW3JmpVUaxehcabCbHZqqFnwR6xf,solana,PumpSwap,,,,,2026-09-15T19:26:05Z,0.0008295821985872104,,,,,,,,,,,,,,,,,,,ohlcv_backfill,minute,0.0007980643788690712,0.0008295821985872104,0.0007976712907520995,0.0008295821985872104,1230.5225771424832,/home/runner/work/Solana-Memecoin-Analysis/Solana-Memecoin-Analysis/data/cache/2026-09-26/114929544750_ohlcv_937604c2416e.json
2026-09-25T02:10:00+00:00,6tuhHpYSinf41V39KW3JmpVUaxehcabCbHZqqFnwR6xf,solana,PumpSwap,,,,,2026-09-15T19:26:05Z,0.0007980643788690712,,,,,,,,,,,,,,,,,,,ohlcv_backfill,minute,0.0008012767791529116,0.0008070801284340505,0.0007977743009759462,0.0007980643788690712,174.8214374727452,/home/runner/work/Solana-Memecoin-Analysis/Solana-Memecoin-Analysis/data/cache/2026-09-26/114929544750_ohlcv_937604c2416e.json
2026-09-25T02:05:00+00:00,6tuhHpYSinf41V39KW3JmpVUaxehcabCbHZqqFnwR6xf,solana,PumpSwap,,,,,2026-09-15T19:26:05Z,0.0008012767791529116,,,,,,,,,,,,,,,,,,,ohlcv_backfill,minute,0.0007755518311541664,0.0008159227416411029,0.0007753810006876482,0.0008012767791529116,1488.5388520025542,/home/runner/work/Solana-Memecoin-Analysis/Solana-Memecoin-Analysis/data/cache/2026-09-26/114929544750_ohlcv_937604c2416e.json
2026-09-25T02:00:00+00:00,6tuhHpYSinf41V39KW3JmpVUaxehcabCbHZqqFnwR6xf,solana,PumpSwap,,,,,2026-09-15T19:26:05Z,0.0007755518311541664,,,,,,,,,,,,,,,,,,,ohlcv_backfill,minute,0.0007890496173234982,0.0007890496173234982,0.0007731699978101098,0.0007755518311541664,736.0889639836527,/home/runner/work/Solana-Memecoin-Analysis/Solana-Memecoin-Analysis/data/cache/2026-09-26/114929544750_ohlcv_937604c2416e.json
2026-09-25T01:55:00+00:00,6tuhHpYSinf41V39KW3JmpVUaxehcabCbHZqqFnwR6xf,solana,PumpSwap,,,,,2026-09-15T19:26:05Z,0.0007890496173234982,,,,,,,,,,,,,,,,,,,ohlcv_backfill,minute,0.0007733689467254378,0.0007994050622629678,0.0007733689467254378,0.0007890496173234982,727.9282481462528,/home/runner/work/Solana-Memecoin-Analysis/Solana-Memecoin-Analysis/data/cache/2026-09-26/114929544750_ohlcv_937604c2416e.json
2026-09-25T01:50:00+00:00,6tuhHpYSinf41V39KW3JmpVUaxehcabCbHZqqFnwR6xf,solana,PumpSwap,,,,,2026-09-15T19:26:05Z,0.0007733689467254378,,,,,,,,,,,,,,,,,,,ohlcv_backfill,minute,0.0007770035523463138,0.0007825109170952993,0.0007690284335359453,0.0007733689467254378,524.7547126744846,/home/runner/work/Solana-Memecoin-Analysis/Solana-Memecoin-Analysis/data/cache/2026-09-26/114929544750_ohlcv_937604c2416e.json
2026-09-25T01:45:00+00:00,6tuhHpYSinf41V39KW3JmpVUaxehcabCbHZqqFnwR6xf,solana,PumpSwap,,,,,2026-09-15T19:26:05Z,0.0007770035523463138,,,,,,,,,,,,,,,,,,,ohlcv_backfill,minute,0.0007686873072195994,0.0007969887546200981,0.0007623827251374578,0.0007770035523463138,1882.0751837319256,/home/runner/work/Solana-Memecoin-Analysis/Solana-Memecoin-Analysis/data/cache/2026-09-26/114929544750_ohlcv_937604c2416e.json
2026-09-25T01:40:00+00:00,6tuhHpYSinf41V39KW3JmpVUaxehcabCbHZqqFnwR6xf,solana,PumpSwap,,,,,2026-09-15T19:26:05Z,0.0007686873072195994,,,,,,,,,,,,,,,,,,,ohlcv_backfill,minute,0.0007252737339702721,0.0007686873072195994,0.0007246745523322019,0.0007686873072195994,1876.0096577102922,/home/runner/work/Solana-Memecoin-Analysis/Solana-Memecoin-Analysis/data/cache/2026-09-26/114929544750_ohlcv_937604c2416e.json
2026-09-25T01:35:00+00:00,6tuhHpYSinf41V39KW3JmpVUaxehcabCbHZqqFnwR6xf,solana,PumpSwap,,,,,2026-09-15T19:26:05Z,0.0007252737339702721,,,,,,,,,,,,,,,,,,,ohlcv_backfill,minute,0.0007801932287331337,0.0007810070088227698,0.0007161816400144366,0.0007252737339702721,2804.328456051005,/home/runner/work/Solana-Memecoin-Analysis/Solana-Memecoin-Analysis/data/cache/2026-09-26/114929544750_ohlcv_937604c2416e.json
2026-09-25T01:30:00+00:00,6tuhHpYSinf41V39KW3JmpVUaxehcabCbHZqqFnwR6xf,solana,PumpSwap,,,,,2026-09-15T19:26:05Z,0.0007801932287331337,,,,,,,,,,,,,,,,,,,ohlcv_backfill,minute,0.0006667448098026627,0.0007898907186407858,0.0006667448098026627,0.0007801932287331337,7174.493147633754,/home/runner/work/Solana-Memecoin-Analysis/Solana-Memecoin-Analysis/data/cache/2026-09-26/114929544750_ohlcv_937604c2416e.json
2026-09-25T01:25:00+00:00,6tuhHpYSinf41V39KW3JmpVUaxehcabCbHZqqFnwR6xf,solana,PumpSwap,,,,,2026-09-15T19:26:05Z,0.0006667448098026627,,,,,,,,,,,,,,,,,,,ohlcv_backfill,minute,0.0006795473006850939,0.0006804696199423897,0.0006584835823575531,0.0006667448098026627,663.0924345151017,/home/runner/work/Solana-Memecoin-Analysis/Solana-Memecoin-Analysis/data/cache/2026-09-26/114929544750_ohlcv_937604c2416e.json
2026-09-25T01:20:00+00:00,6tuhHpYSinf41V39KW3JmpVUaxehcabCbHZqqFnwR6xf,solana,PumpSwap,,,,,2026-09-15T19:26:05Z,0.0006795473006850939,,,,,,,,,,,,,,,,,,,ohlcv_backfill,minute,0.0006706921379644493,0.0006882759428502371,0.0006699661322377894,0.0006795473006850939,1010.2370905130759,/home/runner/work/Solana-Memecoin-Analysis/Solana-Memecoin-Analysis/data/cache/2026-09-26/114929544750_ohlcv_937604c2416e.json
2026-09-25T01:15:00+00:00,6tuhHpYSinf41V39KW3JmpVUaxehcabCbHZqqFnwR6xf,solana,PumpSwap,,,,,2026-09-15T19:26:05Z,0.0006706921379644493,,,,,,,,,,,,,,,,,,,ohlcv_backfill,minute,0.0006831844491131816,0.000692764920293052,0.0006706921379644493,0.0006706921379644493,817.2002631651728,/home/runner/work/Solana-Memecoin-Analysis/Solana-Memecoin-Analysis/data/cache/2026-09-26/114929544750_ohlcv_937604c2416e.json
2026-09-25T01:10:00+00:00,6tuhHpYSinf41V39KW3JmpVUaxehcabCbHZqqFnwR6xf,solana,PumpSwap,,,,,2026-09-15T19:26:05Z,0.0006831844491131816,,,,,,,,,,,,,,,,,,,ohlcv_backfill,minute,0.0006940939193078743,0.0007083700461150578,0.0006831844491131816,0.0006831844491131816,1062.7028114401062,/home/runner/work/Solana-Memecoin-Analysis/Solana-Memecoin-Analysis/data/cache/2026-09-26/114929544750_ohlcv_937604c2416e.json
2026-09-25T01:05:00+00:00,6tuhHpYSinf41V39KW3JmpVUaxehcabCbHZqqFnwR6xf,solana,PumpSwap,,,,,2026-09-15T19:26:05Z,0.0006940939193078743,,,,,,,,,,,,,,,,,,,ohlcv_backfill,minute,0.0007094737004730478,0.0007094737004730478,0.0006786241177660743,0.0006940939193078743,2584.445560588979,/home/runner/work/Solana-Memecoin-Analysis/Solana-Memecoin-Analysis/data/cache/2026-09-26/114929544750_ohlcv_937604c2416e.json
2026-09-25T01:00:00+00:00,6tuhHpYSinf41V39KW3JmpVUaxehcabCbHZqqFnwR6xf,solana,PumpSwap,,,,,2026-09-15T19:26:05Z,0.0007094737004730478,,,,,,,,,,,,,,,,,,,ohlcv_backfill,minute,0.0007088155074631898,0.0007148149666209102,0.0006895398709628413,0.0007094737004730478,2683.51161969804,/home/runner/work/Solana-Memecoin-Analysis/Solana-Memecoin-Analysis/data/cache/2026-09-26/114929544750_ohlcv_937604c2416e.json
2026-09-25T00:55:00+00:00,6tuhHpYSinf41V39KW3JmpVUaxehcabCbHZqqFnwR6xf,solana,PumpSwap,,,,,2026-09-15T19:26:05Z,0.0007088155074631898,,,,,,,,,,,,,,,,,,,ohlcv_backfill,minute,0.0007362249312472084,0.0007362249312472084,0.0007088155074631898,0.0007088155074631898,1122.306668840547,/home/runner/work/Solana-Memecoin-Analysis/Solana-Memecoin-Analysis/data/cache/2026-09-26/114929544750_ohlcv_937604c2416e.json
2026-09-25T00:50:00+00:00,6tuhHpYSinf41V39KW3JmpVUaxehcabCbHZqqFnwR6xf,solana,PumpSwap,,,,,2026-09-15T19:26:05Z,0.0007362249312472084,,,,,,,,,,,,,,,,,,,ohlcv_backfill,minute,0.000727572556177784,0.0007362249312472084,0.0007262311318933546,0.0007362249312472084,82.8217346628554,/home/runner/work/Solana-Memecoin-Analysis/Solana-Memecoin-Analysis/data/cache/2026-09-26/114929544750_ohlcv_937604c2416e.json
2026-09-25T00:45:00+00:00,6tuhHpYSinf41V39KW3JmpVUaxehcabCbHZqqFnwR6xf,solana,PumpSwap,,,,,2026-09-15T19:26:05Z,0.000727572556177784,,,,,,,,,,,,,,,,,,,ohlcv_backfill,minute,0.0007406931670942702,0.0007433252134087368,0.000727572556177784,0.000727572556177784,801.1856190941744,/home/runner/work/Solana-Memecoin-Analysis/Solana-Memecoin-Analysis/data/cache/2026-09-26/114929544750_ohlcv_937604c2416e.json
2026-09-25T00:40:00+00:00,6tuhHpYSinf41V39KW3JmpVUaxehcabCbHZqqFnwR6xf,solana,PumpSwap,,,,,2026-09-15T19:26:05Z,0.0007406931670942702,,,,,,,,,,,,,,,,,,,ohlcv_backfill,minute,0.0007490294803844341,0.0007592127713227009,0.0007305767089527033,0.0007406931670942702,3462.6602191129155,/home/runner/work/Solana-Memecoin-Analysis/Solana-Memecoin-Analysis/data/cache/2026-09-26/114929544750_ohlcv_937604c2416e.json
2026-09-25T00:35:00+00:00,6tuhHpYSinf41V39KW3JmpVUaxehcabCbHZqqFnwR6xf,solana,PumpSwap,,,,,2026-09-15T19:26:05Z,0.0007490294803844341,,,,,,,,,,,,,,,,,,,ohlcv_backfill,minute,0.0007029101037209413,0.0007490294803844341,0.0006938949716031968,0.0007490294803844341,3315.354576419307,/home/runner/work/Solana-Memecoin-Analysis/Solana-Memecoin-Analysis/data/cache/2026-09-26/114929544750_ohlcv_937604c2416e.json
2026-09-25T00:30:00+00:00,6tuhHpYSinf41V39KW3JmpVUaxehcabCbHZqqFnwR6xf,solana,PumpSwap,,,,,2026-09-15T19:26:05Z,0.0007029101037209413,,,,,,,,,,,,,,,,,,,ohlcv_backfill,minute,0.0006827225833526835,0.0007029101037209413,0.0006819497760749051,0.0007029101037209413,549.2602977661049,/home/runner/work/Solana-Memecoin-Analysis/Solana-Memecoin-Analysis/data/cache/2026-09-26/114929544750_ohlcv_937604c2416e.json
2026-09-25T00:25:00+00:00,6tuhHpYSinf41V39KW3JmpVUaxehcabCbHZqqFnwR6xf,solana,PumpSwap,,,,,2026-09-15T19:26:05Z,0.0006827225833526835,,,,,,,,,,,,,,,,,,,ohlcv_backfill,minute,0.0006918748111931406,0.0006918748111931406,0.0006826745767958375,0.0006827225833526835,72.08044636410914,/home/runner/work/Solana-Memecoin-Analysis/Solana-Memecoin-Analysis/data/cache/2026-09-26/114929544750_ohlcv_937604c2416e.json
2026-09-25T00:20:00+00:00,6tuhHpYSinf41V39KW3JmpVUaxehcabCbHZqqFnwR6xf,solana,PumpSwap,,,,,2026-09-15T19:26:05Z,0.0006918748111931406,,,,,,,,,,,,,,,,,,,ohlcv_backfill,minute,0.000662207235261772,0.0007004180609215914,0.000662207235261772,0.0006918748111931406,1677.3066584109758,/home/runner/work/Solana-Memecoin-Analysis/Solana-Memecoin-Analysis/data/cache/2026-09-26/114929544750_ohlcv_937604c2416e.json
2026-09-25T00:15:00+00:00,6tuhHpYSinf41V39KW3JmpVUaxehcabCbHZqqFnwR6xf,solana,PumpSwap,,,,,2026-09-15T19:26:05Z,0.000662207235261772,,,,,,,,,,,,,,,,,,,ohlcv_backfill,minute,0.0006683557849366812,0.0006722643867896983,0.000662207235261772,0.000662207235261772,362.6686627908723,/home/runner/work/Solana-Memecoin-Analysis/Solana-Memecoin-Analysis/data/cache/2026-09-26/114929544750_ohlcv_937604c2416e.json
2026-09-25T00:10:00+00:00,6tuhHpYSinf41V39KW3JmpVUaxehcabCbHZqqFnwR6xf,solana,PumpSwap,,,,,2026-09-15T19:26:05Z,0.0006683557849366812,,,,,,,,,,,,,,,,,,,ohlcv_backfill,minute,0.0006760804725100938,0.0006868010948786401,0.0006569570069378836,0.0006683557849366812,1816.200148968305,/home/runner/work/Solana-Memecoin-Analysis/Solana-Memecoin-Analysis/data/cache/2026-09-26/114929544750_ohlcv_937604c2416e.json
2026-09-25T00:05:00+00:00,6tuhHpYSinf41V39KW3JmpVUaxehcabCbHZqqFnwR6xf,solana,PumpSwap,,,,,2026-09-15T19:26:05Z,0.0006760804725100938,,,,,,,,,,,,,,,,,,,ohlcv_backfill,minute,0.0006897688895511376,0.0006897688895511376,0.0006760804725100938,0.0006760804725100938,449.1570480042162,/home/runner/work/Solana-Memecoin-Analysis/Solana-Memecoin-Analysis/data/cache/2026-09-26/114929544750_ohlcv_937604c2416e.json
2026-09-25T00:00:00+00:00,6tuhHpYSinf41V39KW3JmpVUaxehcabCbHZqqFnwR6xf,solana,PumpSwap,,,,,2026-09-15T19:26:05Z,0.0006897688895511376,,,,,,,,,,,,,,,,,,,ohlcv_backfill,minute,0.0006740701636399484,0.0006954155146690012,0.0006740701636399484,0.0006897688895511376,849.596368627872,/home/runner/work/Solana-Memecoin-Analysis/Solana-Memecoin-Analysis/data/cache/2026-09-26/114929544750_ohlcv_937604c2416e.json
2026-09-24T23:55:00+00:00,6tuhHpYSinf41V39KW3JmpVUaxehcabCbHZqqFnwR6xf,solana,PumpSwap,,,,,2026-09-15T19:26:05Z,0.0006740701636399484,,,,,,,,,,,,,,,,,,,ohlcv_backfill,minute,0.0007141849826760202,0.0007147114398292904,0.0006740701636399484,0.0006740701636399484,1812.1742213623154,/home/runner/work/Solana-Memecoin-Analysis/Solana-Memecoin-Analysis/data/cache/2026-09-26/114929544750_ohlcv_937604c2416e.json
2026-09-24T23:50:00+00:00,6tuhHpYSinf41V39KW3JmpVUaxehcabCbHZqqFnwR6xf,solana,PumpSwap,,,,,2026-09-15T19:26:05Z,0.0007141849826760202,,,,,,,,,,,,,,,,,,,ohlcv_backfill,minute,0.0007509038067267086,0.0007513393284918257,0.0007134311019333169,0.0007141849826760202,1933.0146837051498,/home/runner/work/Solana-Memecoin-Analysis/Solana-Memecoin-Analysis/data/cache/2026-09-26/114929544750_ohlcv_937604c2416e.json
2026-09-24T23:45:00+00:00,6tuhHpYSinf41V39KW3JmpVUaxehcabCbHZqqFnwR6xf,solana,PumpSwap,,,,,2026-09-15T19:26:05Z,0.0007509038067267086,,,,,,,,,,,,,,,,,,,ohlcv_backfill,minute,0.0007605259187066783,0.0007836072641433737,0.0007404566056695151,0.0007509038067267086,3093.915721429638,/home/runner/work/Solana-Memecoin-Analysis/Solana-Memecoin-Analysis/data/cache/2026-09-26/114929544750_ohlcv_937604c2416e.json
2026-09-24T23:40:00+00:00,6tuhHpYSinf41V39KW3JmpVUaxehcabCbHZqqFnwR6xf,solana,PumpSwap,,,,,2026-09-15T19:26:05Z,0.0007605259187066783,,,,,,,,,,,,,,,,,,,ohlcv_backfill,minute,0.0007332094700669418,0.0007802132868696117,0.0006806169675906673,0.0007605259187066783,7023.062571296891,/home/runner/work/Solana-Memecoin-Analysis/Solana-Memecoin-Analysis/data/cache/2026-09-26/114929544750_ohlcv_937604c2416e.json
2026-09-24T23:35:00+00:00,6tuhHpYSinf41V39KW3JmpVUaxehcabCbHZqqFnwR6xf,solana,PumpSwap,,,,,2026-09-15T19:26:05Z,0.0007332094700669418,,,,,,,,,,,,,,,,,,,ohlcv_backfill,minute,0.000719071588223911,0.0007478102887946468,0.000719071588223911,0.0007332094700669418,3401.040797110749,/home/runner/work/Solana-Memecoin-Analysis/Solana-Memecoin-Analysis/data/cache/2026-09-26/114929544750_ohlcv_937604c2416e.json
2026-09-24T23:30:00+00:00,6tuhHpYSinf41V39KW3JmpVUaxehcabCbHZqqFnwR6xf,solana,PumpSwap,,,,,2026-09-15T19:26:05Z,0.000719071588223911,,,,,,,,,,,,,,,,,,,ohlcv_backfill,minute,0.0006621441769692548,0.0007435281398888898,0.0006601985395796144,0.000719071588223911,5350.239261804195,/home/runner/work/Solana-Memecoin-Analysis/Solana-Memecoin-Analysis/data/cache/2026-09-26/114929544750_ohlcv_937604c2416e.json
2026-09-24T23:25:00+00:00,6tuhHpYSinf41V39KW3JmpVUaxehcabCbHZqqFnwR6xf,solana,PumpSwap,,,,,2026-09-15T19:26:05Z,0.0006621441769692548,,,,,,,,,,,,,,,,,,,ohlcv_backfill,minute,0.0006378636437140101,0.0006801406716028832,0.0006280795379856284,0.0006621441769692548,4320.137890346832,/home/runner/work/Solana-Memecoin-Analysis/Solana-Memecoin-Analysis/data/cache/2026-09-26/114929544750_ohlcv_937604c2416e.json
2026-09-24T23:20:00+00:00,6tuhHpYSinf41V39KW3JmpVUaxehcabCbHZqqFnwR6xf,solana,PumpSwap,,,,,2026-09-15T19:26:05Z,0.0006378636437140101,,,,,,,,,,,,,,,,,,,ohlcv_backfill,minute,0.0006947300104117774,0.0006947300104117774,0.0005655804501887357,0.0006378636437140101,11461.311034276454,/home/runner/work/Solana-Memecoin-Analysis/Solana-Memecoin-Analysis/data/cache/2026-09-26/114929544750_ohlcv_937604c2416e.json
2026-09-24T23:15:00+00:00,6tuhHpYSinf41V39KW3JmpVUaxehcabCbHZqqFnwR6xf,solana,PumpSwap,,,,,2026-09-15T19:26:05Z,0.0006947300104117774,,,,,,,,,,,,,,,,,,,ohlcv_backfill,minute,0.0007295634943163727,0.0007562069578402429,0.0006924068511488577,0.0006947300104117774,5084.333033304238,/home/runner/work/Solana-Memecoin-Analysis/Solana-Memecoin-Analysis/data/cache/2026-09-26/114929544750_ohlcv_937604c2416e.json
2026-09-24T23:10:00+00:00,6tuhHpYSinf41V39KW3JmpVUaxehcabCbHZqqFnwR6xf,solana,PumpSwap,,,,,2026-09-15T19:26:05Z,0.0007295634943163727,,,,,,,,,,,,,,,,,,,ohlcv_backfill,minute,0.0007086179509622195,0.0007372149931519738,0.0007070293442311315,0.0007295634943163727,3127.7102563175467,/home/runner/work/Solana-Memecoin-Analysis/Solana-Memecoin-Analysis/data/cache/2026-09-26/114929544750_ohlcv_937604c2416e.json
2026-09-24T23:05:00+00:00,6tuhHpYSinf41V39KW3JmpVUaxehcabCbHZqqFnwR6xf,solana,PumpSwap,,,,,2026-09-15T19:26:05Z,0.0007086179509622195,,,,,,,,,,,,,,,,,,,ohlcv_backfill,minute,0.00071214081696046,0.0007466632577867434,0.0007086179509622195,0.0007086179509622195,2624.8779079527076,/home/runner/work/Solana-Memecoin-Analysis/Solana-Memecoin-Analysis/data/cache/2026-09-26/114929544750_ohlcv_937604c2416e.json
2026-09-24T23:00:00+00:00,6tuhHpYSinf41V39KW3JmpVUaxehcabCbHZqqFnwR6xf,solana,PumpSwap,,,,,2026-09-15T19:26:05Z,0.00071214081696046,,,,,,,,,,,,,,,,,,,ohlcv_backfill,minute,0.0006000416771534126,0.0007232829189075865,0.0006000416771534126,0.00071214081696046,11641.358251955344,/home/runner/work/Solana-Memecoin-Analysis/Solana-Memecoin-Analysis/data/cache/2026-09-26/114929544750_ohlcv_937604c2416e.json
2026-09-24T22:55:00+00:00,6tuhHpYSinf41V39KW3JmpVUaxehcabCbHZqqFnwR6xf,solana,PumpSwap,,,,,2026-09-15T19:26:05Z,0.0006000416771534126,,,,,,,,,,,,,,,,,,,ohlcv_backfill,minute,0.0006126410054949727,0.0006126410054949727,0.0005967343159222665,0.0006000416771534126,954.6044497818594,/home/runner/work/Solana-Memecoin-Analysis/Solana-Memecoin-Analysis/data/cache/2026-09-26/114929544750_ohlcv_937604c2416e.json
2026-09-24T22:50:00+00:00,6tuhHpYSinf41V39KW3JmpVUaxehcabCbHZqqFnwR6xf,solana,PumpSwap,,,,,2026-09-15T19:26:05Z,0.0006126410054949727,,,,,,,,,,,,,,,,,,,ohlcv_backfill,minute,0.0006060027133495851,0.0006126410054949727,0.0005976164429086062,0.0006126410054949727,1394.1593300371085,/home/runner/work/Solana-Memecoin-Analysis/Solana-Memecoin-Analysis/data/cache/2026-09-26/114929544750_ohlcv_937604c2416e.json
2026-09-24T22:45:00+00:00,6tuhHpYSinf41V39KW3JmpVUaxehcabCbHZqqFnwR6xf,solana,PumpSwap,,,,,2026-09-15T19:26:05Z,0.0006060027133495851,,,,,,,,,,,,,,,,,,,ohlcv_backfill,minute,0.0006051029394287083,0.0006131742197404552,0.0005977120843280093,0.0006060027133495851,1287.051591940261,/home/runner/work/Solana-Memecoin-Analysis/Solana-Memecoin-Analysis/data/cache/2026-09-26/114929544750_ohlcv_937604c2416e.json
2026-09-24T22:40:00+00:00,6tuhHpYSinf41V39KW3JmpVUaxehcabCbHZqqFnwR6xf,solana,PumpSwap,,,,,2026-09-15T19:26:05Z,0.0006051029394287083,,,,,,,,,,,,,,,,,,,ohlcv_backfill,minute,0.0006033134398670555,0.0006055688176896801,0.000581594164020675,0.0006051029394287083,2461.7309638453003,/home/runner/work/Solana-Memecoin-Analysis/Solana-Memecoin-Analysis/data/cache/2026-09-26/114929544750_ohlcv_937604c2416e.json
2026-09-24T22:35:00+00:00,6tuhHpYSinf41V39KW3JmpVUaxehcabCbHZqqFnwR6xf,solana,PumpSwap,,,,,2026-09-15T19:26:05Z,0.0006033134398670555,,,,,,,,,,,,,,,,,,,ohlcv_backfill,minute,0.0005962382020628256,0.0006165543209907451,0.000576697011837984,0.0006033134398670555,9908.404762539767,/home/runner/work/Solana-Memecoin-Analysis/Solana-Memecoin-Analysis/data/cache/2026-09-26/114929544750_ohlcv_937604c2416e.json
2026-09-24T22:30:00+00:00,6tuhHpYSinf41V39KW3JmpVUaxehcabCbHZqqFnwR6xf,solana,PumpSwap,,,,,2026-09-15T19:26:05Z,0.0005962382020628256,,,,,,,,,,,,,,,,,,,ohlcv_backfill,minute,0.0007024720492342561,0.0007031525177479838,0.0005759760462753002,0.0005962382020628256,19020.51092109494,/home/runner/work/Solana-Memecoin-Analysis/Solana-Memecoin-Analysis/data/cache/2026-09-26/114929544750_ohlcv_937604c2416e.json
2026-09-24T22:25:00+00:00,6tuhHpYSinf41V39KW3JmpVUaxehcabCbHZqqFnwR6xf,solana,PumpSwap,,,,,2026-09-15T19:26:05Z,0.0007024720492342561,,,,,,,,,,,,,,,,,,,ohlcv_backfill,minute,0.0007165360575489832,0.000719650126819666,0.0006914031984012268,0.0007024720492342561,1542.614873023836,/home/runner/work/Solana-Memecoin-Analysis/Solana-Memecoin-Analysis/data/cache/2026-09-26/114929544750_ohlcv_937604c2416e.json
2026-09-24T22:20:00+00:00,6tuhHpYSinf41V39KW3JmpVUaxehcabCbHZqqFnwR6xf,solana,PumpSwap,,,,,2026-09-15T19:26:05Z,0.0007165360575489832,,,,,,,,,,,,,,,,,,,ohlcv_backfill,minute,0.0007147484226018735,0.0007165360575489832,0.0007136013207622328,0.0007165360575489832,88.05475000560935,/home/runner/work/Solana-Memecoin-Analysis/Solana-Memecoin-Analysis/data/cache/2026-09-26/114929544750_ohlcv_937604c2416e.json
2026-09-24T22:15:00+00:00,6tuhHpYSinf41V39KW3JmpVUaxehcabCbHZqqFnwR6xf,solana,PumpSwap,,,,,2026-09-15T19:26:05Z,0.0007147484226018735,,,,,,,,,,,,,,,,,,,ohlcv_backfill,minute,0.0007128948845967995,0.0007209166656350159,0.000705948189070175,0.0007147484226018735,687.8110099530653,/home/runner/work/Solana-Memecoin-Analysis/Solana-Memecoin-Analysis/data/cache/2026-09-26/114929544750_ohlcv_937604c2416e.json
2026-09-24T22:10:00+00:00,6tuhHpYSinf41V39KW3JmpVUaxehcabCbHZqqFnwR6xf,solana,PumpSwap,,,,,2026-09-15T19:26:05Z,0.0007128948845967995,,,,,,,,,,,,,,,,,,,ohlcv_backfill,minute,0.0007199532466791556,0.0007199532466791556,0.0007013366819549874,0.0007128948845967995,804.5269074837878,/home/runner/work/Solana-Memecoin-Analysis/Solana-Memecoin-Analysis/data/cache/2026-09-26/114929544750_ohlcv_937604c2416e.json
2026-09-24T22:05:00+00:00,6tuhHpYSinf41V39KW3JmpVUaxehcabCbHZqqFnwR6xf,solana,PumpSwap,,,,,2026-09-15T19:26:05Z,0.0007199532466791556,,,,,,,,,,,,,,,,,,,ohlcv_backfill,minute,0.000711018059564916,0.0007199532466791556,0.000711018059564916,0.0007199532466791556,86.8563968467726,/home/runner/work/Solana-Memecoin-Analysis/Solana-Memecoin-Analysis/data/cache/2026-09-26/114929544750_ohlcv_937604c2416e.json
2026-09-24T22:00:00+00:00,6tuhHpYSinf41V39KW3JmpVUaxehcabCbHZqqFnwR6xf,solana,PumpSwap,,,,,2026-09-15T19:26:05Z,0.000711018059564916,,,,,,,,,,,,,,,,,,,ohlcv_backfill,minute,0.0007235542683130723,0.0007324069458066334,0.0007066784523870626,0.000711018059564916,1094.9218921742277,/home/runner/work/Solana-Memecoin-Analysis/Solana-Memecoin-Analysis/data/cache/2026-09-26/114929544750_ohlcv_937604c2416e.json
2026-09-24T21:55:00+00:00,6tuhHpYSinf41V39KW3JmpVUaxehcabCbHZqqFnwR6xf,solana,PumpSwap,,,,,2026-09-15T19:26:05Z,0.0007235542683130723,,,,,,,,,,,,,,,,,,,ohlcv_backfill,minute,0.0007330831315881151,0.0007344102261301827,0.0007235542683130723,0.0007235542683130723,61.974208186745734,/home/runner/work/Solana-Memecoin-Analysis/Solana-Memecoin-Analysis/data/cache/2026-09-26/114929544750_ohlcv_937604c2416e.json
2026-09-24T21:50:00+00:00,6tuhHpYSinf41V39KW3JmpVUaxehcabCbHZqqFnwR6xf,solana,PumpSwap,,,,,2026-09-15T19:26:05Z,0.0007330831315881151,,,,,,,,,,,,,,,,,,,ohlcv_backfill,minute,0.0007290850002538259,0.0007378547247267296,0.000720220344892805,0.0007330831315881151,1744.11943698667,/home/runner/work/Solana-Memecoin-Analysis/Solana-Memecoin-Analysis/data/cache/2026-09-26/114929544750_ohlcv_937604c2416e.json
2026-09-24T21:45:00+00:00,6tuhHpYSinf41V39KW3JmpVUaxehcabCbHZqqFnwR6xf,solana,PumpSwap,,,,,2026-09-15T19:26:05Z,0.0007290850002538259,,,,,,,,,,,,,,,,,,,ohlcv_backfill,minute,0.0007284745486676494,0.0007380450347878052,0.0007187041021100852,0.0007290850002538259,663.9624254866055,/home/runner/work/Solana-Memecoin-Analysis/Solana-Memecoin-Analysis/data/cache/2026-09-26/114929544750_ohlcv_937604c2416e.json
2026-09-24T21:40:00+00:00,6tuhHpYSinf41V39KW3JmpVUaxehcabCbHZqqFnwR6xf,solana,PumpSwap,,,,,2026-09-15T19:26:05Z,0.0007284745486676494,,,,,,,,,,,,,,,,,,,ohlcv_backfill,minute,0.0007360262676008409,0.0007360262676008409,0.0007108304215177697,0.0007284745486676494,1479.6666393270666,/home/runner/work/Solana-Memecoin-Analysis/Solana-Memecoin-Analysis/data/cache/2026-09-26/114929544750_ohlcv_937604c2416e.json
2026-09-24T21:35:00+00:00,6tuhHpYSinf41V39KW3JmpVUaxehcabCbHZqqFnwR6xf,solana,PumpSwap,,,,,2026-09-15T19:26:05Z,0.0007360262676008409,,,,,,,,,,,,,,,,,,,ohlcv_backfill,minute,0.0007386752754025225,0.0007403694177836749,0.0007254787020715611,0.0007360262676008409,932.2485011433203,/home/runner/work/Solana-Memecoin-Analysis/Solana-Memecoin-Analysis/data/cache/2026-09-26/114929544750_ohlcv_937604c2416e.json
2026-09-24T21:30:00+00:00,6tuhHpYSinf41V39KW3JmpVUaxehcabCbHZqqFnwR6xf,solana,PumpSwap,,,,,2026-09-15T19:26:05Z,0.0007386752754025225,,,,,,,,,,,,,,,,,,,ohlcv_backfill,minute,0.0007457208758795181,0.0007550350273180175,0.0007275465050108201,0.0007386752754025225,2117.6200099766957,/home/runner/work/Solana-Memecoin-Analysis/Solana-Memecoin-Analysis/data/cache/2026-09-26/114929544750_ohlcv_937604c2416e.json
2026-09-24T21:25:00+00:00,6tuhHpYSinf41V39KW3JmpVUaxehcabCbHZqqFnwR6xf,solana,PumpSwap,,,,,2026-09-15T19:26:05Z,0.0007457208758795181,,,,,,,,,,,,,,,,,,,ohlcv_backfill,minute,0.0007249999531341208,0.0007457208758795181,0.0007249999531341208,0.0007457208758795181,1190.6083770402952,/home/runner/work/Solana-Memecoin-Analysis/Solana-Memecoin-Analysis/data/cache/2026-09-26/114929544750_ohlcv_937604c2416e.json
2026-09-24T21:20:00+00:00,6tuhHpYSinf41V39KW3JmpVUaxehcabCbHZqqFnwR6xf,solana,PumpSwap,,,,,2026-09-15T19:26:05Z,0.0007249999531341208,,,,,,,,,,,,,,,,,,,ohlcv_backfill,minute,0.0007572632303734668,0.0007581483386679424,0.00072278238964497,0.0007249999531341208,2189.1653377995326,/home/runner/work/Solana-Memecoin-Analysis/Solana-Memecoin-Analysis/data/cache/2026-09-26/114929544750_ohlcv_937604c2416e.json
2026-09-24T21:15:00+00:00,6tuhHpYSinf41V39KW3JmpVUaxehcabCbHZqqFnwR6xf,solana,PumpSwap,,,,,2026-09-15T19:26:05Z,0.0007572632303734668,,,,,,,,,,,,,,,,,,,ohlcv_backfill,minute,0.0007525073072749708,0.00076600400923844,0.0007489443330142271,0.0007572632303734668,1047.9829654797036,/home/runner/work/Solana-Memecoin-Analysis/Solana-Memecoin-Analysis/data/cache/2026-09-26/114929544750_ohlcv_937604c2416e.json
2026-09-24T21:10:00+00:00,6tuhHpYSinf41V39KW3JmpVUaxehcabCbHZqqFnwR6xf,solana,PumpSwap,,,,,2026-09-15T19:26:05Z,0.0007525073072749708,,,,,,,,,,,,,,,,,,,ohlcv_backfill,minute,0.0007131239050150373,0.0007607106238013628,0.0007119059738801691,0.0007525073072749708,1953.4124289214546,/home/runner/work/Solana-Memecoin-Analysis/Solana-Memecoin-Analysis/data/cache/2026-09-26/114929544750_ohlcv_937604c2416e.json
2026-09-24T21:05:00+00:00,6tuhHpYSinf41V39KW3JmpVUaxehcabCbHZqqFnwR6xf,solana,PumpSwap,,,,,2026-09-15T19:26:05Z,0.0007131239050150373,,,,,,,,,,,,,,,,,,,ohlcv_backfill,minute,0.000701720234965654,0.0007245306160069979,0.0006823181218809559,0.0007131239050150373,3391.023380259768,/home/runner/work/Solana-Memecoin-Analysis/Solana-Memecoin-Analysis/data/cache/2026-09-26/114929544750_ohlcv_937604c2416e.json
2026-09-24T21:00:00+00:00,6tuhHpYSinf41V39KW3JmpVUaxehcabCbHZqqFnwR6xf,solana,PumpSwap,,,,,2026-09-15T19:26:05Z,0.000701720234965654,,,,,,,,,,,,,,,,,,,ohlcv_backfill,minute,0.0007627520931182549,0.0007681503818110079,0.0005949738717688532,0.000701720234965654,18336.434078817834,/home/runner/work/Solana-Memecoin-Analysis/Solana-Memecoin-Analysis/data/cache/2026-09-26/114929544750_ohlcv_937604c2416e.json
2026-09-24T20:55:00+00:00,6tuhHpYSinf41V39KW3JmpVUaxehcabCbHZqqFnwR6xf,solana,PumpSwap,,,,,2026-09-15T19:26:05Z,0.0007627520931182549,,,,,,,,,,,,,,,,,,,ohlcv_backfill,minute,0.0008183012787487833,0.0008183012787487833,0.0007526484506330397,0.0007627520931182549,2792.005001047805,/home/runner/work/Solana-Memecoin-Analysis/Solana-Memecoin-Analysis/data/cache/2026-09-26/114929544750_ohlcv_937604c2416e.json
2026-09-24T20:50:00+00:00,6tuhHpYSinf41V39KW3JmpVUaxehcabCbHZqqFnwR6xf,solana,PumpSwap,,,,,2026-09-15T19:26:05Z,0.0008183012787487833,,,,,,,,,,,,,,,,,,,ohlcv_backfill,minute,0.0008475909152837447,0.0008475909152837447,0.0008081887085430007,0.0008183012787487833,1891.1345112545157,/home/runner/work/Solana-Memecoin-Analysis/Solana-Memecoin-Analysis/data/cache/2026-09-26/114929544750_ohlcv_937604c2416e.json
2026-09-24T20:45:00+00:00,6tuhHpYSinf41V39KW3JmpVUaxehcabCbHZqqFnwR6xf,solana,PumpSwap,,,,,2026-09-15T19:26:05Z,0.0008475909152837447,,,,,,,,,,,,,,,,,,,ohlcv_backfill,minute,0.0007756256024144972,0.0008475909152837447,0.0007756256024144972,0.0008475909152837447,2709.5155488199994,/home/runner/work/Solana-Memecoin-Analysis/Solana-Memecoin-Analysis/data/cache/2026-09-26/114929544750_ohlcv_937604c2416e.json
2026-09-24T20:40:00+00:00,6tuhHpYSinf41V39KW3JmpVUaxehcabCbHZqqFnwR6xf,solana,PumpSwap,,,,,2026-09-15T19:26:05Z,0.0007756256024144972,,,,,,,,,,,,,,,,,,,ohlcv_backfill,minute,0.0007960662712605697,0.0007960662712605697,0.0007756256024144972,0.0007756256024144972,369.368563567598,/home/runner/work/Solana-Memecoin-Analysis/Solana-Memecoin-Analysis/data/cache/2026-09-26/114929544750_ohlcv_937604c2416e.json
2026-09-24T20:35:00+00:00,6tuhHpYSinf41V39KW3JmpVUaxehcabCbHZqqFnwR6xf,solana,PumpSwap,,,,,2026-09-15T19:26:05Z,0.0007960662712605697,,,,,,,,,,,,,,,,,,,ohlcv_backfill,minute,0.0008228710536284384,0.0008362735586239543,0.0007960662712605697,0.0007960662712605697,2484.373687396739,/home/runner/work/Solana-Memecoin-Analysis/Solana-Memecoin-Analysis/data/cache/2026-09-26/114929544750_ohlcv_937604c2416e.json
2026-09-24T20:30:00+00:00,6tuhHpYSinf41V39KW3JmpVUaxehcabCbHZqqFnwR6xf,solana,PumpSwap,,,,,2026-09-15T19:26:05Z,0.0008228710536284384,,,,,,,,,,,,,,,,,,,ohlcv_backfill,minute,0.0008130355123181444,0.0008324831798839892,0.0008130355123181444,0.0008228710536284384,500.5029760408904,/home/runner/work/Solana-Memecoin-Analysis/Solana-Memecoin-Analysis/data/cache/2026-09-26/114929544750_ohlcv_937604c2416e.json
2026-09-24T20:25:00+00:00,6tuhHpYSinf41V39KW3JmpVUaxehcabCbHZqqFnwR6xf,solana,PumpSwap,,,,,2026-09-15T19:26:05Z,0.0008130355123181444,,,,,,,,,,,,,,,,,,,ohlcv_backfill,minute,0.0008131347397675187,0.000822879579867822,0.0008130266401749519,0.0008130355123181444,153.2098059986763,/home/runner/work/Solana-Memecoin-Analysis/Solana-Memecoin-Analysis/data/cache/2026-09-26/114929544750_ohlcv_937604c2416e.json
2026-09-24T20:20:00+00:00,6tuhHpYSinf41V39KW3JmpVUaxehcabCbHZqqFnwR6xf,solana,PumpSwap,,,,,2026-09-15T19:26:05Z,0.0008131347397675187,,,,,,,,,,,,,,,,,,,ohlcv_backfill,minute,0.0008083496552052479,0.0008187871375930041,0.0008067784138430179,0.0008131347397675187,418.4511783879374,/home/runner/work/Solana-Memecoin-Analysis/Solana-Memecoin-Analysis/data/cache/2026-09-26/114929544750_ohlcv_937604c2416e.json
2026-09-24T20:15:00+00:00,6tuhHpYSinf41V39KW3JmpVUaxehcabCbHZqqFnwR6xf,solana,PumpSwap,,,,,2026-09-15T19:26:05Z,0.0008083496552052479,,,,,,,,,,,,,,,,,,,ohlcv_backfill,minute,0.0008067636558360819,0.0008099564879526828,0.0008067636558360819,0.0008083496552052479,71.74276640388041,/home/runner/work/Solana-Memecoin-Analysis/Solana-Memecoin-Analysis/data/cache/2026-09-26/114929544750_ohlcv_937604c2416e.json
2026-09-24T20:10:00+00:00,6tuhHpYSinf41V39KW3JmpVUaxehcabCbHZqqFnwR6xf,solana,PumpSwap,,,,,2026-09-15T19:26:05Z,0.0008067636558360819,,,,,,,,,,,,,,,,,,,ohlcv_backfill,minute,0.0007841629982584692,0.0008067636558360819,0.0007841629982584692,0.0008067636558360819,1089.7004823767263,/home/runner/work/Solana-Memecoin-Analysis/Solana-Memecoin-Analysis/data/cache/2026-09-26/114929544750_ohlcv_937604c2416e.json
2026-09-24T20:05:00+00:00,6tuhHpYSinf41V39KW3JmpVUaxehcabCbHZqqFnwR6xf,solana,PumpSwap,,,,,2026-09-15T19:26:05Z,0.0007841629982584692,,,,,,,,,,,,,,,,,,,ohlcv_backfill,minute,0.0007887542384014043,0.0007930580771610152,0.0007795930251659165,0.0007841629982584692,239.90975071733828,/home/runner/work/Solana-Memecoin-Analysis/Solana-Memecoin-Analysis/data/cache/2026-09-26/114929544750_ohlcv_937604c2416e.json
2026-09-24T20:00:00+00:00,6tuhHpYSinf41V39KW3JmpVUaxehcabCbHZqqFnwR6xf,solana,PumpSwap,,,,,2026-09-15T19:26:05Z,0.0007887542384014043,,,,,,,,,,,,,,,,,,,ohlcv_backfill,minute,0.0007900604081979907,0.0007900604081979907,0.0007780993864102291,0.0007887542384014043,204.3996928443991,/home/runner/work/Solana-Memecoin-Analysis/Solana-Memecoin-Analysis/data/cache/2026-09-26/114929544750_ohlcv_937604c2416e.json
2026-09-24T19:55:00+00:00,6tuhHpYSinf41V39KW3JmpVUaxehcabCbHZqqFnwR6xf,solana,PumpSwap,,,,,2026-09-15T19:26:05Z,0.0007900604081979907,,,,,,,,,,,,,,,,,,,ohlcv_backfill,minute,0.0007895289732031481,0.0007932071121410713,0.0007783757859091106,0.0007900604081979907,472.8393525929731,/home/runner/work/Solana-Memecoin-Analysis/Solana-Memecoin-Analysis/data/cache/2026-09-26/114929544750_ohlcv_937604c2416e.json
2026-09-24T19:50:00+00:00,6tuhHpYSinf41V39KW3JmpVUaxehcabCbHZqqFnwR6xf,solana,PumpSwap,,,,,2026-09-15T19:26:05Z,0.0007895289732031481,,,,,,,,,,,,,,,,,,,ohlcv_backfill,minute,0.0007792547425525006,0.0007895289732031481,0.0007701494417823789,0.0007895289732031481,783.4071388149704,/home/runner/work/Solana-Memecoin-Analysis/Solana-Memecoin-Analysis/data/cache/2026-09-26/114929544750_ohlcv_937604c2416e.json
2026-09-24T19:45:00+00:00,6tuhHpYSinf41V39KW3JmpVUaxehcabCbHZqqFnwR6xf,solana,PumpSwap,,,,,2026-09-15T19:26:05Z,0.0007792547425525006,,,,,,,,,,,,,,,,,,,ohlcv_backfill,minute,0.0008396577804242429,0.0008452587815981997,0.000758494007925843,0.0007792547425525006,4798.653986620349,/home/runner/work/Solana-Memecoin-Analysis/Solana-Memecoin-Analysis/data/cache/2026-09-26/114929544750_ohlcv_937604c2416e.json
2026-09-24T19:40:00+00:00,6tuhHpYSinf41V39KW3JmpVUaxehcabCbHZqqFnwR6xf,solana,PumpSwap,,,,,2026-09-15T19:26:05Z,0.0008396577804242429,,,,,,,,,,,,,,,,,,,ohlcv_backfill,minute,0.0008456388515005416,0.0008459170683538423,0.0008396577804242429,0.0008396577804242429,344.8950715200002,/home/runner/work/Solana-Memecoin-Analysis/Solana-Memecoin-Analysis/data/cache/2026-09-26/114929544750_ohlcv_937604c2416e.json
2026-09-24T19:35:00+00:00,6tuhHpYSinf41V39KW3JmpVUaxehcabCbHZqqFnwR6xf,solana,PumpSwap,,,,,2026-09-15T19:26:05Z,0.0008456388515005416,,,,,,,,,,,,,,,,,,,ohlcv_backfill,minute,0.0008057286364077642,0.0008568814198141077,0.0007981654019419802,0.0008456388515005416,2913.018905481122,/home/runner/work/Solana-Memecoin-Analysis/Solana-Memecoin-Analysis/data/cache/2026-09-26/114929544750_ohlcv_937604c2416e.json
2026-09-24T19:30:00+00:00,6tuhHpYSinf41V39KW3JmpVUaxehcabCbHZqqFnwR6xf,solana,PumpSwap,,,,,2026-09-15T19:26:05Z,0.0008057286364077642,,,,,,,,,,,,,,,,,,,ohlcv_backfill,minute,0.0008562319282813569,0.0008562319282813569,0.0008018442457368587,0.0008057286364077642,2313.008305976368,/home/runner/work/Solana-Memecoin-Analysis/Solana-Memecoin-Analysis/data/cache/2026-09-26/114929544750_ohlcv_937604c2416e.json
2026-09-24T19:25:00+00:00,6tuhHpYSinf41V39KW3JmpVUaxehcabCbHZqqFnwR6xf,solana,PumpSwap,,,,,2026-09-15T19:26:05Z,0.0008562319282813569,,,,,,,,,,,,,,,,,,,ohlcv_backfill,minute,0.0008778982866336539,0.0008778982866336539,0.0008451722954866621,0.0008562319282813569,1290.7602038543496,/home/runner/work/Solana-Memecoin-Analysis/Solana-Memecoin-Analysis/data/cache/2026-09-26/114929544750_ohlcv_937604c2416e.json
2026-09-24T19:20:00+00:00,6tuhHpYSinf41V39KW3JmpVUaxehcabCbHZqqFnwR6xf,solana,PumpSwap,,,,,2026-09-15T19:26:05Z,0.0008778982866336539,,,,,,,,,,,,,,,,,,,ohlcv_backfill,minute,0.0008770333495147354,0.0008937981157731954,0.0008770333495147354,0.0008778982866336539,1260.1721325060992,/home/runner/work/Solana-Memecoin-Analysis/Solana-Memecoin-Analysis/data/cache/2026-09-26/114929544750_ohlcv_937604c2416e.json
2026-09-24T19:15:00+00:00,6tuhHpYSinf41V39KW3JmpVUaxehcabCbHZqqFnwR6xf,solana,PumpSwap,,,,,2026-09-15T19:26:05Z,0.0008770333495147354,,,,,,,,,,,,,,,,,,,ohlcv_backfill,minute,0.0008464532751974595,0.0008979895429688641,0.0008464532751974595,0.0008770333495147354,2273.644336172696,/home/runner/work/Solana-Memecoin-Analysis/Solana-Memecoin-Analysis/data/cache/2026-09-26/114929544750_ohlcv_937604c2416e.json
2026-09-24T19:10:00+00:00,6tuhHpYSinf41V39KW3JmpVUaxehcabCbHZqqFnwR6xf,solana,PumpSwap,,,,,2026-09-15T19:26:05Z,0.0008464532751974595,,,,,,,,,,,,,,,,,,,ohlcv_backfill,minute,0.0008596525456583217,0.0008596525456583217,0.0008459268056117595,0.0008464532751974595,154.71458742085238,/home/runner/work/Solana-Memecoin-Analysis/Solana-Memecoin-Analysis/data/cache/2026-09-26/114929544750_ohlcv_937604c2416e.json
2026-09-24T19:05:00+00:00,6tuhHpYSinf41V39KW3JmpVUaxehcabCbHZqqFnwR6xf,solana,PumpSwap,,,,,2026-09-15T19:26:05Z,0.0008596525456583217,,,,,,,,,,,,,,,,,,,ohlcv_backfill,minute,0.0008318606573337147,0.0008596525456583217,0.000830790766870948,0.0008596525456583217,956.4022937336509,/home/runner/work/Solana-Memecoin-Analysis/Solana-Memecoin-Analysis/data/cache/2026-09-26/114929544750_ohlcv_937604c2416e.json
2026-09-24T19:00:00+00:00,6tuhHpYSinf41V39KW3JmpVUaxehcabCbHZqqFnwR6xf,solana,PumpSwap,,,,,2026-09-15T19:26:05Z,0.0008318606573337147,,,,,,,,,,,,,,,,,,,ohlcv_backfill,minute,0.0008333541081998544,0.0008435815160627217,0.0008283236630505836,0.0008318606573337147,318.3484066864154,/home/runner/work/Solana-Memecoin-Analysis/Solana-Memecoin-Analysis/data/cache/2026-09-26/114929544750_ohlcv_937604c2416e.json
2026-09-24T18:55:00+00:00,6tuhHpYSinf41V39KW3JmpVUaxehcabCbHZqqFnwR6xf,solana,PumpSwap,,,,,2026-09-15T19:26:05Z,0.0008333541081998544,,,,,,,,,,,,,,,,,,,ohlcv_backfill,minute,0.0008322906758364208,0.0008440010909841523,0.0008319995668524005,0.0008333541081998544,143.66166211537387,/home/runner/work/Solana-Memecoin-Analysis/Solana-Memecoin-Analysis/data/cache/2026-09-26/114929544750_ohlcv_937604c2416e.json
2026-09-24T18:50:00+00:00,6tuhHpYSinf41V39KW3JmpVUaxehcabCbHZqqFnwR6xf,solana,PumpSwap,,,,,2026-09-15T19:26:05Z,0.0008322906758364208,,,,,,,,,,,,,,,,,,,ohlcv_backfill,minute,0.0008752964548235322,0.000907344023549155,0.0008277518095702492,0.0008322906758364208,5758.993634225643,/home/runner/work/Solana-Memecoin-Analysis/Solana-Memecoin-Analysis/data/cache/2026-09-26/114929544750_ohlcv_937604c2416e.json
2026-09-24T18:45:00+00:00,6tuhHpYSinf41V39KW3JmpVUaxehcabCbHZqqFnwR6xf,solana,PumpSwap,,,,,2026-09-15T19:26:05Z,0.0008752964548235322,,,,,,,,,,,,,,,,,,,ohlcv_backfill,minute,0.0007997964368308583,0.0008752964548235322,0.0007978487458393832,0.0008752964548235322,2802.797436805398,/home/runner/work/Solana-Memecoin-Analysis/Solana-Memecoin-Analysis/data/cache/2026-09-26/114929544750_ohlcv_937604c2416e.json
2026-09-24T18:40:00+00:00,6tuhHpYSinf41V39KW3JmpVUaxehcabCbHZqqFnwR6xf,solana,PumpSwap,,,,,2026-09-15T19:26:05Z,0.0007997964368308583,,,,,,,,,,,,,,,,,,,ohlcv_backfill,minute,0.0008133663853928335,0.0008133663853928335,0.0007985033083262007,0.0007997964368308583,502.61318339228353,/home/runner/work/Solana-Memecoin-Analysis/Solana-Memecoin-Analysis/data/cache/2026-09-26/114929544750_ohlcv_937604c2416e.json
2026-09-24T18:35:00+00:00,6tuhHpYSinf41V39KW3JmpVUaxehcabCbHZqqFnwR6xf,solana,PumpSwap,,,,,2026-09-15T19:26:05Z,0.0008133663853928335,,,,,,,,,,,,,,,,,,,ohlcv_backfill,minute,0.0008023994122614943,0.000814242115070983,0.000800377093402792,0.0008133663853928335,309.83620327447454,/home/runner/work/Solana-Memecoin-Analysis/Solana-Memecoin-Analysis/data/cache/2026-09-26/114929544750_ohlcv_937604c2416e.json
2026-09-24T18:30:00+00:00,6tuhHpYSinf41V39KW3JmpVUaxehcabCbHZqqFnwR6xf,solana,PumpSwap,,,,,2026-09-15T19:26:05Z,0.0008023994122614943,,,,,,,,,,,,,,,,,,,ohlcv_backfill,minute,0.0008501983056094685,0.0008501983056094685,0.000747020909514167,0.0008023994122614943,7528.106067395006,/home/runner/work/Solana-Memecoin-Analysis/Solana-Memecoin-Analysis/data/cache/2026-09-26/114929544750_ohlcv_937604c2416e.json
2026-09-24T18:25:00+00:00,6tuhHpYSinf41V39KW3JmpVUaxehcabCbHZqqFnwR6xf,solana,PumpSwap,,,,,2026-09-15T19:26:05Z,0.0008501983056094685,,,,,,,,,,,,,,,,,,,ohlcv_backfill,minute,0.0008602529706168927,0.0008602529706168927,0.0008501983056094685,0.0008501983056094685,56.77124972753401,/home/runner/work/Solana-Memecoin-Analysis/Solana-Memecoin-Analysis/data/cache/2026-09-26/114929544750_ohlcv_937604c2416e.json
2026-09-24T18:20:00+00:00,6tuhHpYSinf41V39KW3JmpVUaxehcabCbHZqqFnwR6xf,solana,PumpSwap,,,,,2026-09-15T19:26:05Z,0.0008602529706168927,,,,,,,,,,,,,,,,,,,ohlcv_backfill,minute,0.0008569802573560482,0.0008603293143096897,0.000850501480004537,0.0008602529706168927,429.7012292340519,/home/runner/work/Solana-Memecoin-Analysis/Solana-Memecoin-Analysis/data/cache/2026-09-26/114929544750_ohlcv_937604c2416e.json
2026-09-24T18:15:00+00:00,6tuhHpYSinf41V39KW3JmpVUaxehcabCbHZqqFnwR6xf,solana,PumpSwap,,,,,2026-09-15T19:26:05Z,0.0008569802573560482,,,,,,,,,,,,,,,,,,,ohlcv_backfill,minute,0.0008674926232158279,0.0008674926232158279,0.0008561832957483189,0.0008569802573560482,100.83467442051023,/home/runner/work/Solana-Memecoin-Analysis/Solana-Memecoin-Analysis/data/cache/2026-09-26/114929544750_ohlcv_937604c2416e.json
2026-09-24T18:10:00+00:00,6tuhHpYSinf41V39KW3JmpVUaxehcabCbHZqqFnwR6xf,solana,PumpSwap,,,,,2026-09-15T19:26:05Z,0.0008674926232158279,,,,,,,,,,,,,,,,,,,ohlcv_backfill,minute,0.0008550275206218698,0.0008677094364231235,0.0008550275206218698,0.0008674926232158279,134.21892815960544,/home/runner/work/Solana-Memecoin-Analysis/Solana-Memecoin-Analysis/data/cache/2026-09-26/114929544750_ohlcv_937604c2416e.json
2026-09-24T18:05:00+00:00,6tuhHpYSinf41V39KW3JmpVUaxehcabCbHZqqFnwR6xf,solana,PumpSwap,,,,,2026-09-15T19:26:05Z,0.0008550275206218698,,,,,,,,,,,,,,,,,,,ohlcv_backfill,minute,0.0008441327005071525,0.0008717627080741977,0.0008424188698646117,0.0008550275206218698,1734.4672513547462,/home/runner/work/Solana-Memecoin-Analysis/Solana-Memecoin-Analysis/data/cache/2026-09-26/114929544750_ohlcv_937604c2416e.json
2026-09-24T18:00:00+00:00,6tuhHpYSinf41V39KW3JmpVUaxehcabCbHZqqFnwR6xf,solana,PumpSwap,,,,,2026-09-15T19:26:05Z,0.0008441327005071525,,,,,,,,,,,,,,,,,,,ohlcv_backfill,minute,0.0008215592070930622,0.0008548045938080354,0.0008198593646499435,0.0008441327005071525,1580.7348377185576,/home/runner/work/Solana-Memecoin-Analysis/Solana-Memecoin-Analysis/data/cache/2026-09-26/114929544750_ohlcv_937604c2416e.json
2026-09-24T17:55:00+00:00,6tuhHpYSinf41V39KW3JmpVUaxehcabCbHZqqFnwR6xf,solana,PumpSwap,,,,,2026-09-15T19:26:05Z,0.0008215592070930622,,,,,,,,,,,,,,,,,,,ohlcv_backfill,minute,0.0008189959671148269,0.0008336553858075343,0.0008188953252650861,0.0008215592070930622,310.5322598737016,/home/runner/work/Solana-Memecoin-Analysis/Solana-Memecoin-Analysis/data/cache/2026-09-26/114929544750_ohlcv_937604c2416e.json
2026-09-26T11:45:00+00:00,3QaH1ifhQgUXHQdX3DHi9oMrWzTQfKLcomoCyeRRLMh6,solana,PumpSwap,,,,,2026-09-26T07:26:05Z,0.0016599098303750647,,,,,,,,,,,,,,,,,,,ohlcv_backfill,minute,0.001789795915725161,0.001806107080070731,0.001581238747776822,0.0016599098303750647,12678.273058190905,/home/runner/work/Solana-Memecoin-Analysis/Solana-Memecoin-Analysis/data/cache/2026-09-26/114942716251_ohlcv_1291c93a0c23.json
2026-09-26T11:40:00+00:00,3QaH1ifhQgUXHQdX3DHi9oMrWzTQfKLcomoCyeRRLMh6,solana,PumpSwap,,,,,2026-09-26T07:26:05Z,0.001789795915725161,,,,,,,,,,,,,,,,,,,ohlcv_backfill,minute,0.001665095773511156,0.001845926774893561,0.0016561444260759855,0.001789795915725161,21152.488103168154,/home/runner/work/Solana-Memecoin-Analysis/Solana-Memecoin-Analysis/data/cache/2026-09-26/114942716251_ohlcv_1291c93a0c23.json
2026-09-26T11:35:00+00:00,3QaH1ifhQgUXHQdX3DHi9oMrWzTQfKLcomoCyeRRLMh6,solana,PumpSwap,,,,,2026-09-26T07:26:05Z,0.001665095773511156,,,,,,,,,,,,,,,,,,,ohlcv_backfill,minute,0.0014716789728981404,0.0017378077839008432,0.0014156444547996712,0.001665095773511156,26873.233718704345,/home/runner/work/Solana-Memecoin-Analysis/Solana-Memecoin-Analysis/data/cache/2026-09-26/114942716251_ohlcv_1291c93a0c23.json
2026-09-26T11:30:00+00:00,3QaH1ifhQgUXHQdX3DHi9oMrWzTQfKLcomoCyeRRLMh6,solana,PumpSwap,,,,,2026-09-26T07:26:05Z,0.0014716789728981404,,,,,,,,,,,,,,,,,,,ohlcv_backfill,minute,0.001329226587335863,0.001527614430140525,0.0013275317206938042,0.0014716789728981404,23583.927447044305,/home/runner/work/Solana-Memecoin-Analysis/Solana-Memecoin-Analysis/data/cache/2026-09-26/114942716251_ohlcv_1291c93a0c23.json
2026-09-26T11:25:00+00:00,3QaH1ifhQgUXHQdX3DHi9oMrWzTQfKLcomoCyeRRLMh6,solana,PumpSwap,,,,,2026-09-26T07:26:05Z,0.001329226587335863,,,,,,,,,,,,,,,,,,,ohlcv_backfill,minute,0.001513748442370204,0.0015454042306872915,0.0013102777621864633,0.001329226587335863,44119.32803948571,/home/runner/work/Solana-Memecoin-Analysis/Solana-Memecoin-Analysis/data/cache/2026-09-26/114942716251_ohlcv_1291c93a0c23.json
2026-09-26T11:20:00+00:00,3QaH1ifhQgUXHQdX3DHi9oMrWzTQfKLcomoCyeRRLMh6,solana,PumpSwap,,,,,2026-09-26T07:26:05Z,0.001513748442370204,,,,,,,,,,,,,,,,,,,ohlcv_backfill,minute,0.001597944458649458,0.0016777794316808902,0.0014857546001657296,0.001513748442370204,16250.780821038175,/home/runner/work/Solana-Memecoin-Analysis/Solana-Memecoin-Analysis/data/cache/2026-09-26/114942716251_ohlcv_1291c93a0c23.json
2026-09-26T11:15:00+00:00,3QaH1ifhQgUXHQdX3DHi9oMrWzTQfKLcomoCyeRRLMh6,solana,PumpSwap,,,,,2026-09-26T07:26:05Z,0.001597944458649458,,,,,,,,,,,,,,,,,,,ohlcv_backfill,minute,0.0015499541890274923,0.001630166880057504,0.0013749730052662892,0.001597944458649458,35540.78070533202,/home/runner/work/Solana-Memecoin-Analysis/Solana-Memecoin-Analysis/data/cache/2026-09-26/114942716251_ohlcv_1291c93a0c23.json
2026-09-26T11:10:00+00:00,3QaH1ifhQgUXHQdX3DHi9oMrWzTQfKLcomoCyeRRLMh6,solana,PumpSwap,,,,,2026-09-26T07:26:05Z,0.0015499541890274923,,,,,,,,,,,,,,,,,,,ohlcv_backfill,minute,0.0016994668307733687,0.0017337676399150669,0.001310732904590889,0.0015499541890274923,66931.78558463138,/home/runner/work/Solana-Memecoin-Analysis/Solana-Memecoin-Analysis/data/cache/2026-09-26/114942716251_ohlcv_1291c93a0c23.json
2026-09-26T11:05:00+00:00,3QaH1ifhQgUXHQdX3DHi9oMrWzTQfKLcomoCyeRRLMh6,solana,PumpSwap,,,,,2026-09-26T07:26:05Z,0.0016994668307733687,,,,,,,,,,,,,,,,,,,ohlcv_backfill,minute,0.0018199698685689657,0.0018902100228911974,0.0015832663690090708,0.0016994668307733687,29986.440677700957,/home/runner/work/Solana-Memecoin-Analysis/Solana-Memecoin-Analysis/data/cache/2026-09-26/114942716251_ohlcv_1291c93a0c23.json
2026-09-26T11:00:00+00:00,3QaH1ifhQgUXHQdX3DHi9oMrWzTQfKLcomoCyeRRLMh6,solana,PumpSwap,,,,,2026-09-26T07:26:05Z,0.0018199698685689657,,,,,,,,,,,,,,,,,,,ohlcv_backfill,minute,0.001831103133385469,0.001891326232637577,0.001637480717935115,0.0018199698685689657,26470.19973313965,/home/runner/work/Solana-Memecoin-Analysis/Solana-Memecoin-Analysis/data/cache/2026-09-26/114942716251_ohlcv_1291c93a0c23.json
2026-09-26T10:55:00+00:00,3QaH1ifhQgUXHQdX3DHi9oMrWzTQfKLcomoCyeRRLMh6,solana,PumpSwap,,,,,2026-09-26T07:26:05Z,0.001831103133385469,,,,,,,,,,,,,,,,,,,ohlcv_backfill,minute,0.0021420589610119827,0.0021420589610119827,0.0018223676521349666,0.001831103133385469,33661.932961817256,/home/runner/work/Solana-Memecoin-Analysis/Solana-Memecoin-Analysis/data/cache/2026-09-26/114942716251_ohlcv_1291c93a0c23.json
2026-09-26T10:50:00+00:00,3QaH1ifhQgUXHQdX3DHi9oMrWzTQfKLcomoCyeRRLMh6,solana,PumpSwap,,,,,2026-09-26T07:26:05Z,0.0021420589610119827,,,,,,,,,,,,,,,,,,,ohlcv_backfill,minute,0.002076432993662777,0.0021742854436926106,0.002041672783513561,0.0021420589610119827,19886.61006050837,/home/runner/work/Solana-Memecoin-Analysis/Solana-Memecoin-Analysis/data/cache/2026-09-26/114942716251_ohlcv_1291c93a0c23.json
2026-09-26T10:45:00+00:00,3QaH1ifhQgUXHQdX3DHi9oMrWzTQfKLcomoCyeRRLMh6,solana,PumpSwap,,,,,2026-09-26T07:26:05Z,0.002076432993662777,,,,,,,,,,,,,,,,,,,ohlcv_backfill,minute,0.0021702153114738095,0.002586972481840689,0.0019034713427305608,0.002076432993662777,81606.24764038483,/home/runner/work/Solana-Memecoin-Analysis/Solana-Memecoin-Analysis/data/cache/2026-09-26/114942716251_ohlcv_1291c93a0c23.json
2026-09-26T10:40:00+00:00,3QaH1ifhQgUXHQdX3DHi9oMrWzTQfKLcomoCyeRRLMh6,solana,PumpSwap,,,,,2026-09-26T07:26:05Z,0.0021702153114738095,,,,,,,,,,,,,,,,,,,ohlcv_backfill,minute,0.002074256048986072,0.0022179930900748258,0.0019763122017065955,0.0021702153114738095,19657.43247198838,/home/runner/work/Solana-Memecoin-Analysis/Solana-Memecoin-Analysis/data/cache/2026-09-26/114942716251_ohlcv_1291c93a0c23.json
2026-09-26T10:35:00+00:00,3QaH1ifhQgUXHQdX3DHi9oMrWzTQfKLcomoCyeRRLMh6,solana,PumpSwap,,,,,2026-09-26T07:26:05Z,0.002074256048986072,,,,,,,,,,,,,,,,,,,ohlcv_backfill,minute,0.0021016714054297907,0.0023508376393462592,0.001948863195501701,0.002074256048986072,41572.70117467899,/home/runner/work/Solana-Memecoin-Analysis/Solana-Memecoin-Analysis/data/cache/2026-09-26/114942716251_ohlcv_1291c93a0c23.json
2026-09-26T10:30:00+00:00,3QaH1ifhQgUXHQdX3DHi9oMrWzTQfKLcomoCyeRRLMh6,solana,PumpSwap,,,,,2026-09-26T07:26:05Z,0.0021016714054297907,,,,,,,,,,,,,,,,,,,ohlcv_backfill,minute,0.0017381521352014871,0.002181150469026988,0.0017267289646268618,0.0021016714054297907,36286.91779516104,/home/runner/work/Solana-Memecoin-Analysis/Solana-Memecoin-Analysis/data/cache/2026-09-26/114942716251_ohlcv_1291c93a0c23.json
2026-09-26T10:25:00+00:00,3QaH1ifhQgUXHQdX3DHi9oMrWzTQfKLcomoCyeRRLMh6,solana,PumpSwap,,,,,2026-09-26T07:26:05Z,0.0017381521352014871,,,,,,,,,,,,,,,,,,,ohlcv_backfill,minute,0.0018332413837105375,0.0019951807441411684,0.0016313036735365893,0.0017381521352014871,34633.828364384724,/home/runner/work/Solana-Memecoin-Analysis/Solana-Memecoin-Analysis/data/cache/2026-09-26/114942716251_ohlcv_1291c93a0c23.json
2026-09-26T10:20:00+00:00,3QaH1ifhQgUXHQdX3DHi9oMrWzTQfKLcomoCyeRRLMh6,solana,PumpSwap,,,,,2026-09-26T07:26:05Z,0.0018332413837105375,,,,,,,,,,,,,,,,,,,ohlcv_backfill,minute,0.0018217751266645834,0.0018798777882073573,0.0016851911038755435,0.0018332413837105375,33106.113709064215,/home/runner/work/Solana-Memecoin-Analysis/Solana-Memecoin-Analysis/data/cache/2026-09-26/114942716251_ohlcv_1291c93a0c23.json
2026-09-26T10:15:00+00:00,3QaH1ifhQgUXHQdX3DHi9oMrWzTQfKLcomoCyeRRLMh6,solana,PumpSwap,,,,,2026-09-26T07:26:05Z,0.0018217751266645834,,,,,,,,,,,,,,,,,,,ohlcv_backfill,minute,0.0018175077638017034,0.0019019541332619965,0.0014308727584910396,0.0018217751266645834,60875.77276711254,/home/runner/work/Solana-Memecoin-Analysis/Solana-Memecoin-Analysis/data/cache/2026-09-26/114942716251_ohlcv_1291c93a0c23.json
2026-09-26T10:10:00+00:00,3QaH1ifhQgUXHQdX3DHi9oMrWzTQfKLcomoCyeRRLMh6,solana,PumpSwap,,,,,2026-09-26T07:26:05Z,0.0018175077638017034,,,,,,,,,,,,,,,,,,,ohlcv_backfill,minute,0.002378739377057756,0.0024576713509781014,0.0017290770617131622,0.0018175077638017034,54047.31105794745,/home/runner/work/Solana-Memecoin-Analysis/Solana-Memecoin-Analysis/data/cache/2026-09-26/114942716251_ohlcv_1291c93a0c23.json
2026-09-26T10:05:00+00:00,3QaH1ifhQgUXHQdX3DHi9oMrWzTQfKLcomoCyeRRLMh6,solana,PumpSwap,,,,,2026-09-26T07:26:05Z,0.002378739377057756,,,,,,,,,,,,,,,,,,,ohlcv_backfill,minute,0.0019549241184048183,0.002378739377057756,0.0019445569644776896,0.002378739377057756,45907.91997007942,/home/runner/work/Solana-Memecoin-Analysis/Solana-Memecoin-Analysis/data/cache/2026-09-26/114942716251_ohlcv_1291c93a0c23.json
2026-09-26T10:00:00+00:00,3QaH1ifhQgUXHQdX3DHi9oMrWzTQfKLcomoCyeRRLMh6,solana,PumpSwap,,,,,2026-09-26T07:26:05Z,0.0019549241184048183,,,,,,,,,,,,,,,,,,,ohlcv_backfill,minute,0.0019074418732015997,0.00213912959656276,0.0018670556455062679,0.0019549241184048183,48204.64188964483,/home/runner/work/Solana-Memecoin-Analysis/Solana-Memecoin-Analysis/data/cache/2026-09-26/114942716251_ohlcv_1291c93a0c23.json
2026-09-26T09:55:00+00:00,3QaH1ifhQgUXHQdX3DHi9oMrWzTQfKLcomoCyeRRLMh6,solana,PumpSwap,,,,,2026-09-26T07:26:05Z,0.0019074418732015997,,,,,,,,,,,,,,,,,,,ohlcv_backfill,minute,0.0017923203444288787,0.0019395505400876167,0.0015723593003742792,0.0019074418732015997,87537.68518524928,/home/runner/work/Solana-Memecoin-Analysis/Solana-Memecoin-Analysis/data/cache/2026-09-26/114942716251_ohlcv_1291c93a0c23.json
2026-09-26T09:50:00+00:00,3QaH1ifhQgUXHQdX3DHi9oMrWzTQfKLcomoCyeRRLMh6,solana,PumpSwap,,,,,2026-09-26T07:26:05Z,0.0017923203444288787,,,,,,,,,,,,,,,,,,,ohlcv_backfill,minute,0.0018926198988752007,0.0021336601145518046,0.001719330025592819,0.0017923203444288787,69855.38285407797,/home/runner/work/Solana-Memecoin-Analysis/Solana-Memecoin-Analysis/data/cache/2026-09-26/114942716251_ohlcv_1291c93a0c23.json
2026-09-26T09:45:00+00:00,3QaH1ifhQgUXHQdX3DHi9oMrWzTQfKLcomoCyeRRLMh6,solana,PumpSwap,,,,,2026-09-26T07:26:05Z,0.0018926198988752007,,,,,,,,,,,,,,,,,,,ohlcv_backfill,minute,0.0022930155039633826,0.0026052228178541996,0.001821192812716812,0.0018926198988752007,158271.991558046,/home/runner/work/Solana-Memecoin-Analysis/Solana-Memecoin-Analysis/data/cache/2026-09-26/114942716251_ohlcv_1291c93a0c23.json
2026-09-26T09:40:00+00:00,3QaH1ifhQgUXHQdX3DHi9oMrWzTQfKLcomoCyeRRLMh6,solana,PumpSwap,,,,,2026-09-26T07:26:05Z,0.0022930155039633826,,,,,,,,,,,,,,,,,,,ohlcv_backfill,minute,0.002605145986570659,0.002725548951336131,0.0018553784216844061,0.0022930155039633826,167254.26386814006,/home/runner/work/Solana-Memecoin-Analysis/Solana-Memecoin-Analysis/data/cache/2026-09-26/114942716251_ohlcv_1291c93a0c23.json
2026-09-26T09:35:00+00:00,3QaH1ifhQgUXHQdX3DHi9oMrWzTQfKLcomoCyeRRLMh6,solana,PumpSwap,,,,,2026-09-26T07:26:05Z,0.002605145986570659,,,,,,,,,,,,,,,,,,,ohlcv_backfill,minute,0.002251348310705343,0.003006907991699755,0.0021653728556552255,0.002605145986570659,247249.28236253205,/home/runner/work/Solana-Memecoin-Analysis/Solana-Memecoin-Analysis/data/cache/2026-09-26/114942716251_ohlcv_1291c93a0c23.json
2026-09-26T09:30:00+00:00,3QaH1ifhQgUXHQdX3DHi9oMrWzTQfKLcomoCyeRRLMh6,solana,PumpSwap,,,,,2026-09-26T07:26:05Z,0.002251348310705343,,,,,,,,,,,,,,,,,,,ohlcv_backfill,minute,0.0018649111379676659,0.0023219473507380714,0.0015561171681348531,0.002251348310705343,128588.82471968624,/home/runner/work/Solana-Memecoin-Analysis/Solana-Memecoin-Analysis/data/cache/2026-09-26/114942716251_ohlcv_1291c93a0c23.json
2026-09-26T09:25:00+00:00,3QaH1ifhQgUXHQdX3DHi9oMrWzTQfKLcomoCyeRRLMh6,solana,PumpSwap,,,,,2026-09-26T07:26:05Z,0.0018649111379676659,,,,,,,,,,,,,,,,,,,ohlcv_backfill,minute,0.0018475376655208394,0.0020401141409890963,0.0013891209283036978,0.0018649111379676659,253828.30823524718,/home/runner/work/Solana-Memecoin-Analysis/Solana-Memecoin-Analysis/data/cache/2026-09-26/114942716251_ohlcv_1291c93a0c23.json
2026-09-26T09:20:00+00:00,3QaH1ifhQgUXHQdX3DHi9oMrWzTQfKLcomoCyeRRLMh6,solana,PumpSwap,,,,,2026-09-26T07:26:05Z,0.0018475376655208394,,,,,,,,,,,,,,,,,,,ohlcv_backfill,minute,0.002588295914819386,0.0029039811108869757,0.0017375693656685447,0.0018475376655208394,220606.74923121318,/home/runner/work/Solana-Memecoin-Analysis/Solana-Memecoin-Analysis/data/cache/2026-09-26/114942716251_ohlcv_1291c93a0c23.json
2026-09-26T09:15:00+00:00,3QaH1ifhQgUXHQdX3DHi9oMrWzTQfKLcomoCyeRRLMh6,solana,PumpSwap,,,,,2026-09-26T07:26:05Z,0.002588295914819386,,,,,,,,,,,,,,,,,,,ohlcv_backfill,minute,0.0028477719338458845,0.0029051167099824484,0.002308682094994415,0.002588295914819386,353689.4092853327,/home/runner/work/Solana-Memecoin-Analysis/Solana-Memecoin-Analysis/data/cache/2026-09-26/114942716251_ohlcv_1291c93a0c23.json
2026-09-26T09:10:00+00:00,3QaH1ifhQgUXHQdX3DHi9oMrWzTQfKLcomoCyeRRLMh6,solana,PumpSwap,,,,,2026-09-26T07:26:05Z,0.0028477719338458845,,,,,,,,,,,,,,,,,,,ohlcv_backfill,minute,0.003997779519337319,0.004165909625859701,0.002657621510207783,0.0028477719338458845,306224.86838455976,/home/runner/work/Solana-Memecoin-Analysis/Solana-Memecoin-Analysis/data/cache/2026-09-26/114942716251_ohlcv_1291c93a0c23.json
2026-09-26T09:05:00+00:00,3QaH1ifhQgUXHQdX3DHi9oMrWzTQfKLcomoCyeRRLMh6,solana,PumpSwap,,,,,2026-09-26T07:26:05Z,0.003997779519337319,,,,,,,,,,,,,,,,,,,ohlcv_backfill,minute,0.0034612101318741654,0.00430966521195182,0.0032137435162242845,0.003997779519337319,293018.75504370953,/home/runner/work/Solana-Memecoin-Analysis/Solana-Memecoin-Analysis/data/cache/2026-09-26/114942716251_ohlcv_1291c93a0c23.json
2026-09-26T09:00:00+00:00,3QaH1ifhQgUXHQdX3DHi9oMrWzTQfKLcomoCyeRRLMh6,solana,PumpSwap,,,,,2026-09-26T07:26:05Z,0.0034612101318741654,,,,,,,,,,,,,,,,,,,ohlcv_backfill,minute,0.0024022030707962637,0.0038134721458542224,0.0023745599935090923,0.0034612101318741654,453410.34794357844,/home/runner/work/Solana-Memecoin-Analysis/Solana-Memecoin-Analysis/data/cache/2026-09-26/114942716251_ohlcv_1291c93a0c23.json
2026-09-26T08:55:00+00:00,3QaH1ifhQgUXHQdX3DHi9oMrWzTQfKLcomoCyeRRLMh6,solana,PumpSwap,,,,,2026-09-26T07:26:05Z,0.0024022030707962637,,,,,,,,,,,,,,,,,,,ohlcv_backfill,minute,0.0017178530345056823,0.0025392028678117174,0.001700918124843265,0.0024022030707962637,235168.73396802568,/home/runner/work/Solana-Memecoin-Analysis/Solana-Memecoin-Analysis/data/cache/2026-09-26/114942716251_ohlcv_1291c93a0c23.json
2026-09-26T08:50:00+00:00,3QaH1ifhQgUXHQdX3DHi9oMrWzTQfKLcomoCyeRRLMh6,solana,PumpSwap,,,,,2026-09-26T07:26:05Z,0.0017178530345056823,,,,,,,,,,,,,,,,,,,ohlcv_backfill,minute,0.001886294526145711,0.0019245471935058268,0.0014459413994153702,0.0017178530345056823,167213.8599906024,/home/runner/work/Solana-Memecoin-Analysis/Solana-Memecoin-Analysis/data/cache/2026-09-26/114942716251_ohlcv_1291c93a0c23.json
2026-09-26T08:45:00+00:00,3QaH1ifhQgUXHQdX3DHi9oMrWzTQfKLcomoCyeRRLMh6,solana,PumpSwap,,,,,2026-09-26T07:26:05Z,0.001886294526145711,,,,,,,,,,,,,,,,,,,ohlcv_backfill,minute,0.0015424803676586333,0.0019874622579335475,0.0014343048411037845,0.001886294526145711,205382.56721275073,/home/runner/work/Solana-Memecoin-Analysis/Solana-Memecoin-Analysis/data/cache/2026-09-26/114942716251_ohlcv_1291c93a0c23.json
2026-09-26T08:40:00+00:00,3QaH1ifhQgUXHQdX3DHi9oMrWzTQfKLcomoCyeRRLMh6,solana,PumpSwap,,,,,2026-09-26T07:26:05Z,0.0015424803676586333,,,,,,,,,,,,,,,,,,,ohlcv_backfill,minute,0.0011082318518087465,0.001682297362070099,0.0010918486008142086,0.0015424803676586333,229197.1195191028,/home/runner/work/Solana-Memecoin-Analysis/Solana-Memecoin-Analysis/data/cache/2026-09-26/114942716251_ohlcv_1291c93a0c23.json
2026-09-26T08:35:00+00:00,3QaH1ifhQgUXHQdX3DHi9oMrWzTQfKLcomoCyeRRLMh6,solana,PumpSwap,,,,,2026-09-26T07:26:05Z,0.0011082318518087465,,,,,,,,,,,,,,,,,,,ohlcv_backfill,minute,0.0011382669508655768,0.0012201710861331578,0.0009785984476454153,0.0011082318518087465,146589.37059321514,/home/runner/work/Solana-Memecoin-Analysis/Solana-Memecoin-Analysis/data/cache/2026-09-26/114942716251_ohlcv_1291c93a0c23.json
2026-09-26T08:30:00+00:00,3QaH1ifhQgUXHQdX3DHi9oMrWzTQfKLcomoCyeRRLMh6,solana,PumpSwap,,,,,2026-09-26T07:26:05Z,0.0011382669508655768,,,,,,,,,,,,,,,,,,,ohlcv_backfill,minute,0.0009894240019909537,0.001521996341641487,0.0009894240019909537,0.0011382669508655768,410226.1167805363,/home/runner/work/Solana-Memecoin-Analysis/Solana-Memecoin-Analysis/data/cache/2026-09-26/114942716251_ohlcv_1291c93a0c23.json
2026-09-26T08:25:00+00:00,3QaH1ifhQgUXHQdX3DHi9oMrWzTQfKLcomoCyeRRLMh6,solana,PumpSwap,,,,,2026-09-26T07:26:05Z,0.0009894240019909537,,,,,,,,,,,,,,,,,,,ohlcv_backfill,minute,0.0008112727893740487,0.0010479381166855599,0.0007929305260259396,0.0009894240019909537,255053.5762534649,/home/runner/work/Solana-Memecoin-Analysis/Solana-Memecoin-Analysis/data/cache/2026-09-26/114942716251_ohlcv_1291c93a0c23.json
2026-09-26T08:20:00+00:00,3QaH1ifhQgUXHQdX3DHi9oMrWzTQfKLcomoCyeRRLMh6,solana,PumpSwap,,,,,2026-09-26T07:26:05Z,0.0008112727893740487,,,,,,,,,,,,,,,,,,,ohlcv_backfill,minute,0.0004504900020146232,0.0008615432253453155,0.0004185378756216556,0.0008112727893740487,279393.74564985465,/home/runner/work/Solana-Memecoin-Analysis/Solana-Memecoin-Analysis/data/cache/2026-09-26/114942716251_ohlcv_1291c93a0c23.json
2026-09-26T08:15:00+00:00,3QaH1ifhQgUXHQdX3DHi9oMrWzTQfKLcomoCyeRRLMh6,solana,PumpSwap,,,,,2026-09-26T07:26:05Z,0.0004504900020146232,,,,,,,,,,,,,,,,,,,ohlcv_backfill,minute,0.000530146665900557,0.0005453753750201259,0.0004200857131142571,0.0004504900020146232,65588.36219942158,/home/runner/work/Solana-Memecoin-Analysis/Solana-Memecoin-Analysis/data/cache/2026-09-26/114942716251_ohlcv_1291c93a0c23.json
2026-09-26T08:10:00+00:00,3QaH1ifhQgUXHQdX3DHi9oMrWzTQfKLcomoCyeRRLMh6,solana,PumpSwap,,,,,2026-09-26T07:26:05Z,0.000530146665900557,,,,,,,,,,,,,,,,,,,ohlcv_backfill,minute,0.00047196227358346717,0.0006629723324881736,0.000447552090818044,0.000530146665900557,135172.3626009597,/home/runner/work/Solana-Memecoin-Analysis/Solana-Memecoin-Analysis/data/cache/2026-09-26/114942716251_ohlcv_1291c93a0c23.json
2026-09-26T08:05:00+00:00,3QaH1ifhQgUXHQdX3DHi9oMrWzTQfKLcomoCyeRRLMh6,solana,PumpSwap,,,,,2026-09-26T07:26:05Z,0.00047196227358346717,,,,,,,,,,,,,,,,,,,ohlcv_backfill,minute,0.0003293827444256825,0.0006241313611680463,0.00030907894955479407,0.00047196227358346717,124195.97440516387,/home/runner/work/Solana-Memecoin-Analysis/Solana-Memecoin-Analysis/data/cache/2026-09-26/114942716251_ohlcv_1291c93a0c23.json
2026-09-26T08:00:00+00:00,3QaH1ifhQgUXHQdX3DHi9oMrWzTQfKLcomoCyeRRLMh6,solana,PumpSwap,,,,,2026-09-26T07:26:05Z,0.0003293827444256825,,,,,,,,,,,,,,,,,,,ohlcv_backfill,minute,0.00024541075966857414,0.0003613779764687961,0.00024208536403515248,0.0003293827444256825,40982.369654947106,/home/runner/work/Solana-Memecoin-Analysis/Solana-Memecoin-Analysis/data/cache/2026-09-26/114942716251_ohlcv_1291c93a0c23.json
2026-09-26T07:55:00+00:00,3QaH1ifhQgUXHQdX3DHi9oMrWzTQfKLcomoCyeRRLMh6,solana,PumpSwap,,,,,2026-09-26T07:26:05Z,0.00024541075966857414,,,,,,,,,,,,,,,,,,,ohlcv_backfill,minute,0.00027307051501710377,0.0003019465284059102,0.0002314849106513533,0.00024541075966857414,36549.33678324799,/home/runner/work/Solana-Memecoin-Analysis/Solana-Memecoin-Analysis/data/cache/2026-09-26/114942716251_ohlcv_1291c93a0c23.json
2026-09-26T07:50:00+00:00,3QaH1ifhQgUXHQdX3DHi9oMrWzTQfKLcomoCyeRRLMh6,solana,PumpSwap,,,,,2026-09-26T07:26:05Z,0.00027307051501710377,,,,,,,,,,,,,,,,,,,ohlcv_backfill,minute,0.0002654532236621085,0.0002951900062652331,0.00016673266530152785,0.00027307051501710377,91728.7159595439,/home/runner/work/Solana-Memecoin-Analysis/Solana-Memecoin-Analysis/data/cache/2026-09-26/114942716251_ohlcv_1291c93a0c23.json
2026-09-26T07:45:00+00:00,3QaH1ifhQgUXHQdX3DHi9oMrWzTQfKLcomoCyeRRLMh6,solana,PumpSwap,,,,,2026-09-26T07:26:05Z,0.0002654532236621085,,,,,,,,,,,,,,,,,,,ohlcv_backfill,minute,0.0002902035427871675,0.0003764063984106811,0.00023335600554548374,0.0002654532236621085,82921.01738445589,/home/runner/work/Solana-Memecoin-Analysis/Solana-Memecoin-Analysis/data/cache/2026-09-26/114942716251_ohlcv_1291c93a0c23.json
2026-09-26T07:40:00+00:00,3QaH1ifhQgUXHQdX3DHi9oMrWzTQfKLcomoCyeRRLMh6,solana,PumpSwap,,,,,2026-09-26T07:26:05Z,0.0002902035427871675,,,,,,,,,,,,,,,,,,,ohlcv_backfill,minute,0.00027456860512243425,0.00038158409652897494,0.00022243146379307248,0.0002902035427871675,132217.06226118427,/home/runner/work/Solana-Memecoin-Analysis/Solana-Memecoin-Analysis/data/cache/2026-09-26/114942716251_ohlcv_1291c93a0c23.json
2026-09-26T07:35:00+00:00,3QaH1ifhQgUXHQdX3DHi9oMrWzTQfKLcomoCyeRRLMh6,solana,PumpSwap,,,,,2026-09-26T07:26:05Z,0.00027456860512243425,,,,,,,,,,,,,,,,,,,ohlcv_backfill,minute,0.00027600431547924017,0.0004520837443838998,0.0002239579602744416,0.00027456860512243425,249663.89054332944,/home/runner/work/Solana-Memecoin-Analysis/Solana-Memecoin-Analysis/data/cache/2026-09-26/114942716251_ohlcv_1291c93a0c23.json
2026-09-26T07:30:00+00:00,3QaH1ifhQgUXHQdX3DHi9oMrWzTQfKLcomoCyeRRLMh6,solana,PumpSwap,,,,,2026-09-26T07:26:05Z,0.00027600431547924017,,,,,,,,,,,,,,,,,,,ohlcv_backfill,minute,0.0002558121395844489,0.00033997016811806817,0.00016015660818910772,0.00027600431547924017,263413.97775644634,/home/runner/work/Solana-Memecoin-Analysis/Solana-Memecoin-Analysis/data/cache/2026-09-26/114942716251_ohlcv_1291c93a0c23.json
2026-09-26T07:25:00+00:00,3QaH1ifhQgUXHQdX3DHi9oMrWzTQfKLcomoCyeRRLMh6,solana,PumpSwap,,,,,2026-09-26T07:26:05Z,0.0002558121395844489,,,,,,,,,,,,,,,,,,,ohlcv_backfill,minute,4.8817514760953485e-05,0.00030705654762363816,4.1206273303303855e-05,0.0002558121395844489,262173.55809173675,/home/runner/work/Solana-Memecoin-Analysis/Solana-Memecoin-Analysis/data/cache/2026-09-26/114942716251_ohlcv_1291c93a0c23.json
2026-09-26T11:45:00+00:00,5FcxJGy2y12FkrRJ35RsoboiV7KUnmMddK5C4HMbWDbD,solana,Pump.fun,,,,,2026-09-26T11:47:19Z,3.997216329841153e-06,,,,,,,,,,,,,,,,,,,ohlcv_backfill,minute,4.363131414488769e-06,4.658472526934501e-06,3.608151997048838e-06,3.997216329841153e-06,1308.8119260002338,/home/runner/work/Solana-Memecoin-Analysis/Solana-Memecoin-Analysis/data/cache/2026-09-26/114950507161_ohlcv_aad6dd1fbf0d.json
2026-09-26T11:45:00+00:00,ajdJFV2vE9K6QnC1oN3nxKgnYhcwkjtApLPpvVi7CMf,solana,Pump.fun,,,,,2026-09-26T11:47:10Z,3.4015701019225485e-06,,,,,,,,,,,,,,,,,,,ohlcv_backfill,minute,5.445398411844923e-06,5.445407065774526e-06,3.4015701019225485e-06,3.4015701019225485e-06,1852.8045391812243,/home/runner/work/Solana-Memecoin-Analysis/Solana-Memecoin-Analysis/data/cache/2026-09-26/115005331965_ohlcv_0dbe2436fbda.json
2026-09-26T11:45:00+00:00,6deFvLfNPRxTJ6GPqTuXji3E8gD8H3t22ES5twcMEFtb,solana,Pump.fun,,,,,2026-09-26T11:46:58Z,6.830229164220705e-06,,,,,,,,,,,,,,,,,,,ohlcv_backfill,minute,3.39825619639322e-06,1.5195409436345348e-05,2.587013910575934e-06,6.830229164220705e-06,215.91111317179207,/home/runner/work/Solana-Memecoin-Analysis/Solana-Memecoin-Analysis/data/cache/2026-09-26/115020706667_ohlcv_1ea8eb052832.json
2026-09-26T11:50:00+00:00,6hBBBSNYQ3QXD3C3pNQwpHhRhWtNMCYKd8uZXnmRu9sL,solana,Pump.fun,,,,,2026-09-26T11:46:53Z,3.3931579909651464e-06,,,,,,,,,,,,,,,,,,,ohlcv_backfill,minute,3.3899224258343133e-06,3.3931579909651464e-06,3.3899224258343133e-06,3.3931579909651464e-06,0.009816974489688815,/home/runner/work/Solana-Memecoin-Analysis/Solana-Memecoin-Analysis/data/cache/2026-09-26/115027701644_ohlcv_884d4c1e3f57.json
2026-09-26T11:45:00+00:00,6hBBBSNYQ3QXD3C3pNQwpHhRhWtNMCYKd8uZXnmRu9sL,solana,Pump.fun,,,,,2026-09-26T11:46:53Z,3.3899224258343133e-06,,,,,,,,,,,,,,,,,,,ohlcv_backfill,minute,3.3892250196239515e-06,3.3914613360588082e-06,3.3892250196239515e-06,3.3899224258343133e-06,4.330834821724493,/home/runner/work/Solana-Memecoin-Analysis/Solana-Memecoin-Analysis/data/cache/2026-09-26/115027701644_ohlcv_884d4c1e3f57.json
2026-09-26T11:45:00+00:00,79b539gZHKGeg6szrmMU7kdS9VixSnuUsNpM8FocYfUQ,solana,Pump.fun,,,,,2026-09-26T11:46:45Z,3.406345983028803e-06,,,,,,,,,,,,,,,,,,,ohlcv_backfill,minute,3.7096715245095596e-06,4.056646736725893e-06,3.406345983028803e-06,3.406345983028803e-06,910.4886485448286,/home/runner/work/Solana-Memecoin-Analysis/Solana-Memecoin-Analysis/data/cache/2026-09-26/115042743317_ohlcv_ed42651aebe7.json
2026-09-26T15:08:35.644611+00:00,6e4ewHhGZrBMiSkKat7QCx28dytJdnYrobNXWrPL5WFN,solana,Meteora,5dvXTZ5qwgafnHtwu3Ls3QrWx1U4LQsFeCuJgkk4QEC6,EMBER,EPjFWdd5AufqSSqeM2qN1xzybapC8G4wEGGkZwyTDt1v,USDC,2026-09-10T05:53:50Z,0.01558197260039625,15410848.6279873,15411511.1381036,242802.1633,6957.7282724467,145498.424628123,673181.786761138,8,20,7,16,198,267,142,125,1419,1713,748,811,snapshot,,,,,,,/home/runner/work/Solana-Memecoin-Analysis/Solana-Memecoin-Analysis/data/cache/2026-09-26/150843780450_multi_pools_a19cdf6c24ad.json
2026-09-26T15:08:35.644611+00:00,3RZoQfjBqgLvVxQU7dJAGiq5Jrq2kdFWZ6sMr6Vog1vx,solana,Pump.fun,8AheVKhsi8BY1NM6z188FQ2BVQYkvWLfthsxwvcTpump,duluth,So11111111111111111111111111111111111111112,SOL,2026-09-24T16:12:52Z,1.3165843908820756e-05,26331.68782,,14416.2653,0.0,0.0,0.0,0,0,0,0,0,0,0,0,0,0,0,0,snapshot,,,,,,,/home/runner/work/Solana-Memecoin-Analysis/Solana-Memecoin-Analysis/data/cache/2026-09-26/150843780450_multi_pools_a19cdf6c24ad.json
2026-09-26T15:08:35.644611+00:00,F4witMwAS94Q1rDGPr7Tra4UdgQcoBPAtoYZydH789LG,solana,StonkFun,BFWJfq1T1QLpvWztkppVsvjfURYLY6N7uqkyNoVzPZ76,BOTCOIN,Xsv9hRk1z5ystj9MhnA7Lq4vjSsLwzL2nxrwmwtD3re,GLDx,2026-09-24T16:12:45Z,3.300791753006648e-06,3300.791753,,3393.6264,0.0,0.0,0.0,0,0,0,0,0,0,0,0,0,0,0,0,snapshot,,,,,,,/home/runner/work/Solana-Memecoin-Analysis/Solana-Memecoin-Analysis/data/cache/2026-09-26/150843780450_multi_pools_a19cdf6c24ad.json
2026-09-26T15:08:35.644611+00:00,79EV4sH2iY59Pu5xujtGuyrjTMSMaNv7bs7SKbMFuHeS,solana,Pump.fun,8R3rMdvzTdV7JKZwM6A3GX5TXrbQmvQZJBZ47QZjpump,CASH CAT,So11111111111111111111111111111111111111112,SOL,2026-09-24T16:12:45Z,4.325543976898273e-09,8.651087954,,4.512,0.0,0.0,0.0,0,0,0,0,0,0,0,0,0,0,0,0,snapshot,,,,,,,/home/runner/work/Solana-Memecoin-Analysis/Solana-Memecoin-Analysis/data/cache/2026-09-26/150843780450_multi_pools_a19cdf6c24ad.json
2026-09-26T15:08:35.644611+00:00,3pYsXR1YBBKySrjF9nhoxvcQup7jY1HnqvfRhVSSAHjF,solana,Pump.fun,HWGdZG35ncJKBgpRztVW1zdmV3iMG3eyqedKstWXpump,PEARL,So11111111111111111111111111111111111111112,SOL,2026-09-24T16:12:38Z,3.245955919237618e-06,3245.9559189926,,2684.0575,0.0,0.0,0.0,0,0,0,0,0,0,0,0,0,0,0,0,snapshot,,,,,,,/home/runner/work/Solana-Memecoin-Analysis/Solana-Memecoin-Analysis/data/cache/2026-09-26/150843780450_multi_pools_a19cdf6c24ad.json
2026-09-26T15:08:35.644611+00:00,3mtpQkumfka5SEwPLAo4Yho5jdjetvzgFnvpqnJP9em9,solana,StonkFun,GmXMutyTX7QvwFCYU9gvsQPZHHMUGdvGqQfqAMo82NCp,SPY,XsoCS1TfEyfFhfvj8EtZ528L3CaKBDBRqRapnBbDF2W,SPYx,2026-09-24T16:12:37Z,4.506779003861702e-06,4506.779004,,4695.3557,0.0,0.0,0.0,0,0,0,0,0,0,0,0,0,0,0,0,snapshot,,,,,,,/home/runner/work/Solana-Memecoin-Analysis/Solana-Memecoin-Analysis/data/cache/2026-09-26/150843780450_multi_pools_a19cdf6c24ad.json
2026-09-26T15:08:35.644611+00:00,Apy5FShcDSLdyYSH4HWgY8zSFj4At8FbKeHZF3D72e9k,solana,PumpSwap,BxftAowY2dVa2h9KMqDTPk4oMxzU9k6uVbZuoorXpump,Holdoween,So11111111111111111111111111111111111111112,SOL,2026-09-16T00:57:16Z,0.0012062210713065452,1174925.50619809,1174925.50619809,111679.5481,2237.2098250903,31254.4205300606,2137351.32935724,349,222,14,13,4747,3774,243,258,110934,72321,9974,7793,snapshot,,,,,,,/home/runner/work/Solana-Memecoin-Analysis/Solana-Memecoin-Analysis/data/cache/2026-09-26/150843780450_multi_pools_a19cdf6c24ad.json
2026-09-26T15:08:35.644611+00:00,BRjMA8UALNp3diTKHfdeAn5riQrYPoaYez7KhYWD4oEs,solana,PumpSwap,7GUnr7krtQhJwd6ASY2VUprd9t4c64zcgCsjdmZepump,NPC,So11111111111111111111111111111111111111112,SOL,2026-09-24T02:29:15Z,0.0008513538023693646,787544.994338293,787727.096643672,108186.656,1738.5810697951,82348.0985013397,5306842.72772039,8,7,8,6,450,481,318,361,25681,20339,8910,7185,snapshot,,,,,,,/home/runner/work/Solana-Memecoin-Analysis/Solana-Memecoin-Analysis/data/cache/2026-09-26/150843780450_multi_pools_a19cdf6c24ad.json
2026-09-26T15:08:35.644611+00:00,DerNBFQgu9kmJu7c1mYJAe2gBDUmQFtmSHNXupfL4A3u,solana,Pump.fun,8sdeNmug3x8HTb5kHpNRBrDBoA9vbyszSbkJgpnMpump,TICKER,So11111111111111111111111111111111111111112,SOL,2026-09-24T19:59:03Z,3.4264629559343266e-06,3426.462956,,2716.6068,0.0,0.0,86.8329693016,0,0,0,0,0,0,0,0,0,10,0,9,snapshot,,,,,,,/home/runner/work/Solana-Memecoin-Analysis/Solana-Memecoin-Analysis/data/cache/2026-09-26/150843780450_multi_pools_a19cdf6c24ad.json
2026-09-26T15:08:35.644611+00:00,BpAaqnyhGJxMeGc3kwGtdQwn9uqtxs19dGnrcSdJsUTk,solana,StonkFun,9R7BQW1VLR72RaS7yffoUhRuMPTtjFd1e7mpjXgUF4tB,GOLDIE,Xsa62P5mvPszXL1krVUnU5ar38bBSVcWAB6fmPCo5Zu,METAx,2026-09-24T19:58:53Z,3.3461534004494897e-06,3346.1534,,3624.8152,0.0,0.0,0.0,0,0,0,0,0,0,0,0,0,0,0,0,snapshot,,,,,,,/home/runner/work/Solana-Memecoin-Analysis/Solana-Memecoin-Analysis/data/cache/2026-09-26/150843780450_multi_pools_a19cdf6c24ad.json
2026-09-26T15:08:35.644611+00:00,XPJw2iR2xY2Loof217pHqsyRr2CgK2dAefNm1dDMzZX,solana,PumpSwap,3VvNdW1VajhrSt4VgmkB2MpwrifTacKFtnHBmccfkmAQ,ATTENTION,So11111111111111111111111111111111111111112,SOL,2026-09-24T19:58:47Z,7.969160099334383e-06,7969.160099,,22941.5872,0.0,0.0,0.0,0,0,0,0,0,0,0,0,0,0,0,0,snapshot,,,,,,,/home/runner/work/Solana-Memecoin-Analysis/Solana-Memecoin-Analysis/data/cache/2026-09-26/150843780450_multi_pools_a19cdf6c24ad.json
2026-09-26T15:08:35.644611+00:00,rgggQ9jRtanqBkEadEo4YcBj5qSNuktHdbZccLZdV2E,solana,Pump.fun,DA5pkcq14cyabtSQsPMtdfb8HsJPM9wir6cJFD8jpump,ASD,So11111111111111111111111111111111111111112,SOL,2026-09-24T19:58:39Z,4.571934020982836e-06,9143.868042,,3866.5349,0.0,0.0,0.0,0,0,0,0,0,0,0,0,0,0,0,0,snapshot,,,,,,,/home/runner/work/Solana-Memecoin-Analysis/Solana-Memecoin-Analysis/data/cache/2026-09-26/150843780450_multi_pools_a19cdf6c24ad.json
2026-09-26T15:08:35.644611+00:00,B6j4hy5GNkw1eD2p5zThEB55uvD6HWc3F6rARfxVsANJ,solana,Pump.fun,FC6TZpPnay1TuqJ4kzYKYUR1RL4AG1tbq2frEghf5bVh,IREN,XsoCS1TfEyfFhfvj8EtZ528L3CaKBDBRqRapnBbDF2W,SPYx,2026-09-24T19:58:37Z,4.176785422056363e-06,4176.785422,,3419.2338,0.0,0.0,0.0,0,0,0,0,0,0,0,0,0,0,0,0,snapshot,,,,,,,/home/runner/work/Solana-Memecoin-Analysis/Solana-Memecoin-Analysis/data/cache/2026-09-26/150843780450_multi_pools_a19cdf6c24ad.json
2026-09-26T15:08:35.644611+00:00,CheJUxVQrmpeb4UFWHZ72afQPTKM7AEb8giyzNR7cPvH,solana,Raydium,D1YZZg9dBZ7AbfknZVbaeVLto36eySwoFYEVhZrD4F4n,GO,So11111111111111111111111111111111111111112,SOL,2026-09-23T13:49:47Z,0.0032343781902325628,3009445.16701588,3010023.85163509,175089.9272,2892.8929717001,81178.2949620664,1631415.73187412,12,9,11,9,281,115,173,89,4860,4368,1899,1960,snapshot,,,,,,,/home/runner/work/Solana-Memecoin-Analysis/Solana-Memecoin-Analysis/data/cache/2026-09-26/150843780450_multi_pools_a19cdf6c24ad.json
2026-09-26T15:08:35.644611+00:00,B4zkA1DSZgt1T7zsXhg2Cjt6uQJRtMT1b3HwmwmNUm79,solana,Pump.fun,2qjrtPBhtktFuWbJ3UCm5SCLRUjM67P8KhHvKoa5pump,Grock,So11111111111111111111111111111111111111112,SOL,2026-09-24T23:04:58Z,3.2834464886367704e-06,3283.446489,,2693.5538,0.0,0.0,0.0,0,0,0,0,0,0,0,0,0,0,0,0,snapshot,,,,,,,/home/runner/work/Solana-Memecoin-Analysis/Solana-Memecoin-Analysis/data/cache/2026-09-26/150843780450_multi_pools_a19cdf6c24ad.json
2026-09-26T15:08:35.644611+00:00,CkrBXoxcrivNw3dkXBk51iPth9tDWEKtYcm2gVp4YPbU,solana,Meteora DAMM V2,GmurtwcxQMRJXUYoofPuUDeEggvQ9RYKJAPkM6XpeU2b,SEVEN,So11111111111111111111111111111111111111112,SOL,2026-09-24T23:04:57Z,6.584255036665462e-10,0.6584255037,,1.1724,0.0,0.0,0.0,0,0,0,0,0,0,0,0,0,0,0,0,snapshot,,,,,,,/home/runner/work/Solana-Memecoin-Analysis/Solana-Memecoin-Analysis/data/cache/2026-09-26/150843780450_multi_pools_a19cdf6c24ad.json
2026-09-26T15:08:35.644611+00:00,526QP4Dvzbx5KkexVe96nrWypkbr8RvsaLAPLPosaWNz,solana,StonkFun,BRq1LcAhzr5s9hrRoVVtJejT67XbgUy3dxBEjKXcLDEj,Jacob,Pren1FvFX6J3E4kXhJuCiAD5aDmGEb7qJRncwA8Lkhw,ANTHRP,2026-09-24T23:04:57Z,3.276456930433639e-06,3276.45693,,3535.2315,0.0,0.0,0.0,0,0,0,0,0,0,0,0,0,0,0,0,snapshot,,,,,,,/home/runner/work/Solana-Memecoin-Analysis/Solana-Memecoin-Analysis/data/cache/2026-09-26/150843780450_multi_pools_a19cdf6c24ad.json
2026-09-26T15:08:35.644611+00:00,D4oZ7YMz5qLe7Uq3szQUTHZEG8tmKJPw8wpyKCXaQfUe,solana,Pump.fun,22hWRPapBLKE5pTnrjsJg4fPbgEWMUejwjCzQN6xpump,Lone,So11111111111111111111111111111111111111112,SOL,2026-09-24T23:04:48Z,5.0534239499271836e-06,10106.8479,,4147.3143,0.0,0.0,0.0,0,0,0,0,0,0,0,0,0,0,0,0,snapshot,,,,,,,/home/runner/work/Solana-Memecoin-Analysis/Solana-Memecoin-Analysis/data/cache/2026-09-26/150843780450_multi_pools_a19cdf6c24ad.json
2026-09-26T15:08:35.644611+00:00,Aw7qFWEHQ6xsRpJkP6hCmvG9xpzXom8pc45j1MSA1u4H,solana,Pump.fun,4MgnjN9rzV9Trm5qdSd5m9ZFav1r85rZhpKtRVikZutn,st4y,So11111111111111111111111111111111111111112,SOL,2026-09-25T01:28:00Z,3.2727909252615916e-06,3272.790925,,2689.016,0.0,0.0,0.0,0,0,0,0,0,0,0,0,0,0,0,0,snapshot,,,,,,,/home/runner/work/Solana-Memecoin-Analysis/Solana-Memecoin-Analysis/data/cache/2026-09-26/150843780450_multi_pools_a19cdf6c24ad.json
2026-09-26T15:08:35.644611+00:00,Er1oWDTMMeKQJ6g3GneTepbf18YpzL84wVwn2xBbZPec,solana,Pump.fun,7bxZRn59Vgh9pwFiehbZFKWE7THU3noyESytYcGQpump,モニタリ,So11111111111111111111111111111111111111112,SOL,2026-09-25T01:27:51Z,3.3432948326559628e-06,3343.294833,,2722.479,0.0,0.0,0.0,0,0,0,0,0,0,0,0,0,0,0,0,snapshot,,,,,,,/home/runner/work/Solana-Memecoin-Analysis/Solana-Memecoin-Analysis/data/cache/2026-09-26/150843780450_multi_pools_a19cdf6c24ad.json
2026-09-26T15:08:35.644611+00:00,GhnQDAEiNeEekERMWZXVdhvZfTZBxAc4v7McS1w5FUxB,solana,Pump.fun,DDJ4ahXFKY88xwSB8VtyVYb1yW5yFV1qHr74NB9Dpump,SINMEMES,So11111111111111111111111111111111111111112,SOL,2026-09-25T01:27:48Z,3.3835434238102814e-06,3383.543424,,2993.8335,0.0,0.0,0.0,0,0,0,0,0,0,0,0,0,0,0,0,snapshot,,,,,,,/home/runner/work/Solana-Memecoin-Analysis/Solana-Memecoin-Analysis/data/cache/2026-09-26/150843780450_multi_pools_a19cdf6c24ad.json
2026-09-26T15:08:35.644611+00:00,5yRsvBGUqSqoEDfUspWxZdgTWsfmAMxULe5GfCzdMNmM,solana,Meteora DAMM V2,4jNoCbZcrxbQSr9Cz64isXoEASUTNzkGz7mRSNfv7777,CARDS,So11111111111111111111111111111111111111112,SOL,2026-09-25T01:27:41Z,0.001191610829609347,1191610.83,,12.2222,0.0,0.0,0.0,0,0,0,0,0,0,0,0,0,0,0,0,snapshot,,,,,,,/home/runner/work/Solana-Memecoin-Analysis/Solana-Memecoin-Analysis/data/cache/2026-09-26/150843780450_multi_pools_a19cdf6c24ad.json
2026-09-26T15:08:35.644611+00:00,Dc6wZRJA8dJo7LB7FuUy8HcLv5Mg97pEvyB2jU8E89NM,solana,Meteora DBC,4jNoCbZcrxbQSr9Cz64isXoEASUTNzkGz7mRSNfv7777,CARDS,So11111111111111111111111111111111111111112,SOL,2026-09-25T01:27:41Z,5.3418107374562926e-12,0.005341810737,,0.0,0.0,0.0,0.0,0,0,0,0,0,0,0,0,0,0,0,0,snapshot,,,,,,,/home/runner/work/Solana-Memecoin-Analysis/Solana-Memecoin-Analysis/data/cache/2026-09-26/150843780450_multi_pools_a19cdf6c24ad.json
2026-09-26T15:08:35.644611+00:00,GgqM7bfhEarztZ4fNs9hcScM46L98UVLaP2ze65QV2w,solana,Pump.fun,PJh1t6ta58f487WhdG2GrNsMoy2tUP87nRrvM2Hpump,LP,So11111111111111111111111111111111111111112,SOL,2026-09-25T01:27:40Z,3.851637924956363e-07,770.327585,,322.1414,0.0,0.0,0.0,0,0,0,0,0,0,0,0,0,0,0,0,snapshot,,,,,,,/home/runner/work/Solana-Memecoin-Analysis/Solana-Memecoin-Analysis/data/cache/2026-09-26/150843780450_multi_pools_a19cdf6c24ad.json
2026-09-26T15:08:35.644611+00:00,8Gj2nCcXq53wUZ8daFMPxsxxEwxXKyhtsUim8DabxT94,solana,Pump.fun,4TkNtg7VTAjBB3LLrrvyBM927sA2F8Amoxp8MACTpump,GLOB,So11111111111111111111111111111111111111112,SOL,2026-09-25T01:27:39Z,3.2800708794507055e-06,3280.070879,,2684.4232,0.0,0.0,0.0,0,0,0,0,0,0,0,0,0,0,0,0,snapshot,,,,,,,/home/runner/work/Solana-Memecoin-Analysis/Solana-Memecoin-Analysis/data/cache/2026-09-26/150843780450_multi_pools_a19cdf6c24ad.json
2026-09-26T15:08:35.644611+00:00,hr9F9AybZ6uCatftMtW5KVGtgjHQXbHefTd7iGHw7Yu,solana,Pump.fun,GrVAUPhcomCx2bnmg9jPV5CwXacCthNL1UuuiEDupump,Weenie,So11111111111111111111111111111111111111112,SOL,2026-09-25T01:27:32Z,3.6042441375033117e-06,7208.488276,,2937.0637,0.0,0.0,0.0,0,0,0,0,0,0,0,0,0,0,0,0,snapshot,,,,,,,/home/runner/work/Solana-Memecoin-Analysis/Solana-Memecoin-Analysis/data/cache/2026-09-26/150843780450_multi_pools_a19cdf6c24ad.json
2026-09-26T15:08:35.644611+00:00,359UV3H3g2ZVff14AnZTWGeKaykLGdd7Ze3Kar68n6xR,solana,PumpSwap,5iqjhP5ig6JWdXQf6hYAwojZeMf11pTCvH87gCQtpump,TTP,So11111111111111111111111111111111111111112,SOL,2026-09-25T00:38:26Z,0.0001334237112168434,133423.7112,,37318.4372,77.3984377803,5351.2459096794,633843.853428393,0,4,0,3,43,51,33,41,5685,5930,2232,2679,snapshot,,,,,,,/home/runner/work/Solana-Memecoin-Analysis/Solana-Memecoin-Analysis/data/cache/2026-09-26/150843780450_multi_pools_a19cdf6c24ad.json
2026-09-26T15:08:35.644611+00:00,5kTNVZ4NPqAEmC8C4zWaxFaJrLoLxvDRGXzKqxnJ5P9L,solana,Pump.fun,FBHRYJfTfhkuPi2YedHgFfR7xvsGeL2LKBZcYa6Wpump,$EAT,So11111111111111111111111111111111111111112,SOL,2026-09-25T06:24:53Z,2.5566549338208193e-06,5113.309868,,2686.6865,0.0,0.0,0.0,0,0,0,0,0,0,0,0,0,0,0,0,snapshot,,,,,,,/home/runner/work/Solana-Memecoin-Analysis/Solana-Memecoin-Analysis/data/cache/2026-09-26/150843780450_multi_pools_a19cdf6c24ad.json
2026-09-26T15:08:35.644611+00:00,HSZdETUaxMT7sMkfnNM1cUHPF1uvjwy2icUcpXEsMf48,solana,PumpSwap,5a4AZTMPJENWxhJ5uRGEV3Zcwqo7XNSTYofjgvUiUpFS,company,So11111111111111111111111111111111111111112,SOL,2026-09-25T06:24:51Z,8.363436158944544e-05,83634.36159,,0.0009420731957,0.0,0.0,0.000795924718,0,0,0,0,0,0,0,0,0,1,0,1,snapshot,,,,,,,/home/runner/work/Solana-Memecoin-Analysis/Solana-Memecoin-Analysis/data/cache/2026-09-26/150843780450_multi_pools_a19cdf6c24ad.json
2026-09-26T15:08:35.644611+00:00,5b6ujR85FEzgEKWsaY6PAS5viojsZAPmWLt6j4SEGPZv,solana,Meteora DBC,5a4AZTMPJENWxhJ5uRGEV3Zcwqo7XNSTYofjgvUiUpFS,company,So11111111111111111111111111111111111111112,SOL,2026-09-25T06:24:44Z,5.2444878092563514e-11,0.05244487809,,0.0,0.0,0.0,0.0,0,0,0,0,0,0,0,0,0,0,0,0,snapshot,,,,,,,/home/runner/work/Solana-Memecoin-Analysis/Solana-Memecoin-Analysis/data/cache/2026-09-26/150843780450_multi_pools_a19cdf6c24ad.json
2026-09-26T15:08:35.644611+00:00,4UDkTaVJkrZw4DqdfSbSH2BiE63ZDXtBRK4dPME4v27N,solana,Pump.fun,F1UspgvGcDBosjaoTnNTQWWqyVVfRzKzfHjmNERxpump,$BULL,So11111111111111111111111111111111111111112,SOL,2026-09-25T06:24:34Z,3.251090461385008e-06,3282.443543,,2710.287,0.0,0.0,0.0,0,0,0,0,0,0,0,0,0,0,0,0,snapshot,,,,,,,/home/runner/work/Solana-Memecoin-Analysis/Solana-Memecoin-Analysis/data/cache/2026-09-26/150851134422_multi_pools_43ebed0f4c5b.json
2026-09-26T15:08:35.644611+00:00,Cxi78eJGewXUSLBgcAtMWK8gc69qGmAhNE4kCLR4xVGA,solana,Pump.fun,44ajbPg1vimZPnum8PrTDq3MzT47qxPYnLrk6fmcpump,mori,So11111111111111111111111111111111111111112,SOL,2026-09-25T06:24:26Z,1.627484491959212e-07,325.4968984,,135.6396,0.0,0.0,0.0,0,0,0,0,0,0,0,0,0,0,0,0,snapshot,,,,,,,/home/runner/work/Solana-Memecoin-Analysis/Solana-Memecoin-Analysis/data/cache/2026-09-26/150851134422_multi_pools_43ebed0f4c5b.json
2026-09-26T15:08:35.644611+00:00,39e3inYn9tDu4GAeBJ4L1MZrRW8hMhu2yqJ59vhPeCai,solana,PumpSwap,BQJfL1yiHbJQ8AciHLcKxaCbQrWP2ws8oZHHYgbBpump,CACKLE,So11111111111111111111111111111111111111112,SOL,2026-08-18T03:38:14Z,0.00012139487896695929,121394.879,,46747.4312,0.0,101.3792329134,3393.149832183,0,0,0,0,2,0,2,0,459,202,403,186,snapshot,,,,,,,/home/runner/work/Solana-Memecoin-Analysis/Solana-Memecoin-Analysis/data/cache/2026-09-26/150851134422_multi_pools_43ebed0f4c5b.json
2026-09-26T15:08:35.644611+00:00,99C6TUp7WgTvnwQVVhAbD8HbxPdo5LJCXr7VFCvTmJf1,solana,PumpSwap,nDZknLvfFRp5rgUHdzTrQsmSY5NKzoavqdLjSHVpump,COLLECT,CARDSccUMFKoPRZxt5vt3ksUbxEFEcnZ3H2pd3dKxYjp,CARDS,2026-09-25T00:58:47Z,0.003015462651337667,2983632.39919744,2983632.555297,205940.9562,3030.0685665704,19130.3738576187,1181442.7995394,6,4,5,3,51,50,40,46,3888,3170,1828,1701,snapshot,,,,,,,/home/runner/work/Solana-Memecoin-Analysis/Solana-Memecoin-Analysis/data/cache/2026-09-26/150851134422_multi_pools_43ebed0f4c5b.json
2026-09-26T15:08:35.644611+00:00,5GHJdhuDttJyZU6D666QDjfa1Q3GXFec3VN1z65fgnGo,solana,PumpSwap,Fj3hX1NrpFAiz31HGi8YTWUNhVTJeDG9KUzEv3N21bTy,AXIS,So11111111111111111111111111111111111111112,SOL,2026-09-25T04:50:48Z,2.844911734502921e-05,2829192.69,,6.09557026165357e-07,0.0,0.0,0.0,0,0,0,0,0,0,0,0,0,0,0,0,snapshot,,,,,,,/home/runner/work/Solana-Memecoin-Analysis/Solana-Memecoin-Analysis/data/cache/2026-09-26/150851134422_multi_pools_43ebed0f4c5b.json
2026-09-26T15:08:35.644611+00:00,HnFhnuZP8WT3U2MFG5gWS8Hbkvd45rKcwoHn1i9BjYtk,solana,PumpSwap,3znS89gifim2Hhhu8wjb2PfSgaCDdma187D5NMkDpump,BRAIN,So11111111111111111111111111111111111111112,SOL,2026-09-25T00:04:11Z,4.45066894684743e-05,44506.68947,,20942.3927,7.7480071443,3128.1896354195,476233.771843731,0,2,0,2,23,31,21,31,5376,6136,2313,2933,snapshot,,,,,,,/home/runner/work/Solana-Memecoin-Analysis/Solana-Memecoin-Analysis/data/cache/2026-09-26/150851134422_multi_pools_43ebed0f4c5b.json
2026-09-26T15:08:35.644611+00:00,HJHA6AFiUQVR4nUScs7ZAR775427PJtVFqj3kmLgP9WL,solana,PumpSwap,8Vte25yt28L8BfLXm8DrzjSYEyaKX8yry6hRKRmX7FGd,UPTOBER,So11111111111111111111111111111111111111112,SOL,2026-09-22T15:41:30Z,0.00019643509240072196,191031.360644379,191031.360644379,43552.9658,685.5461313377,30936.2202019528,564871.286195426,51,10,51,10,353,216,319,202,12015,6653,10263,5079,snapshot,,,,,,,/home/runner/work/Solana-Memecoin-Analysis/Solana-Memecoin-Analysis/data/cache/2026-09-26/150851134422_multi_pools_43ebed0f4c5b.json
2026-09-26T15:08:35.644611+00:00,P49aoDCvLpBmVvMHtuNGRdTMbMPBrDyyHeeHdcsuyZp,solana,FluxBeam,DEXG9s7dxFEBySXBEF3cKcrkM69PnK5AYaAJ73ufX7TS,LaunchLab,So11111111111111111111111111111111111111112,SOL,2026-09-25T11:24:51Z,0.0015111213582791327,1502971.62727381,,1497327.3089,0.0,0.0,0.0,0,0,0,0,0,0,0,0,0,0,0,0,snapshot,,,,,,,/home/runner/work/Solana-Memecoin-Analysis/Solana-Memecoin-Analysis/data/cache/2026-09-26/150851134422_multi_pools_43ebed0f4c5b.json
2026-09-26T15:08:35.644611+00:00,9dpt3dmjg1eggKHGEb45PNXNSz9RUX1jfM3svQbvqRFr,solana,Pump.fun,F5JdxfRPM6HnGPCT6ixoVWq5Bcn8Q3D2kVYyujFtpump,TAOTAO,So11111111111111111111111111111111111111112,SOL,2026-09-25T11:23:52Z,3.405694507275825e-06,3409.331229,,2777.8479,0.0,0.0,75.5501283903,0,0,0,0,0,0,0,0,0,6,0,6,snapshot,,,,,,,/home/runner/work/Solana-Memecoin-Analysis/Solana-Memecoin-Analysis/data/cache/2026-09-26/150851134422_multi_pools_43ebed0f4c5b.json
2026-09-26T15:08:35.644611+00:00,7sY6BrhDBkJdcYFrDd1M49hinSXrqk2bzS3rT6Juanch,solana,Raydium,8erE7RkkoiGYJtCyQdfwMpnNA8cAkY14Xe6RYjjHAdKP,CAT,XsoCS1TfEyfFhfvj8EtZ528L3CaKBDBRqRapnBbDF2W,SPYx,2026-09-21T15:53:21Z,0.0002814800259870459,281478.851698586,281478.851698586,46241.5997,0.0,277.8662206722,20856.8663828707,0,0,0,0,5,12,5,10,213,240,138,177,snapshot,,,,,,,/home/runner/work/Solana-Memecoin-Analysis/Solana-Memecoin-Analysis/data/cache/2026-09-26/150851134422_multi_pools_43ebed0f4c5b.json
2026-09-26T15:08:35.644611+00:00,Ftjga524YrS7RPzGCcezMuQnFDYa8PcvWDY5mFmZk5dy,solana,PumpSwap,5g9PWcRUHpmqm5uKycpShKXJB18sGLeCEzgB3qrRpump,SWARM,So11111111111111111111111111111111111111112,SOL,2026-09-25T08:47:14Z,0.0004676086019950339,419957.003007696,419987.713655316,71712.4433,1672.6121921766,65661.372893251,3212907.23559404,126,20,124,16,2285,379,1588,212,59744,17456,9371,5769,snapshot,,,,,,,/home/runner/work/Solana-Memecoin-Analysis/Solana-Memecoin-Analysis/data/cache/2026-09-26/150851134422_multi_pools_43ebed0f4c5b.json
2026-09-26T15:08:35.644611+00:00,GCQW4cgDHGV3cgEzxesC9MazExYC8P2NBQU27BmH1XE,solana,PumpSwap,6sEf597zqUxoJeW1znjtx8MUPsXFFF7zjjH2KSG8zF9y,company,So11111111111111111111111111111111111111112,SOL,2026-09-25T05:16:30Z,7.129400589721051e-06,7129.40059,,6421.7114,0.0,71.8606826448,14003.5641293328,0,0,0,0,5,3,4,3,287,429,149,343,snapshot,,,,,,,/home/runner/work/Solana-Memecoin-Analysis/Solana-Memecoin-Analysis/data/cache/2026-09-26/150851134422_multi_pools_43ebed0f4c5b.json
2026-09-26T15:08:35.644611+00:00,87mffNX4rzZTF688ZuJKD68pDKqNYry3rtiXsPiJ7KV6,solana,Raydium,CADHPAKri3EwnMLKWqFqeKJYGAaunnFK6akgryZaRcgr,AMERICA,DJTu7vi8norVzdVAffgvb39VP7wjKeTsgaMBJrzfxvoF,DJT,2026-09-25T17:02:06Z,4.082196962792515e-06,4082.196963,,5910.0507,0.001570497881,16.2859100331,32491.4274626079,0,1,0,1,0,2,0,2,152,394,115,168,snapshot,,,,,,,/home/runner/work/Solana-Memecoin-Analysis/Solana-Memecoin-Analysis/data/cache/2026-09-26/150851134422_multi_pools_43ebed0f4c5b.json
2026-09-26T15:08:35.644611+00:00,LcqA48bdyW8EJYJ2DqqX7iRMAKYLAfZyuKaZdevWBXr,solana,Pump.fun,GyTc2qLrY4hN7b7VFW9UQeEicfddvdRUhLLtTLwKpump,PUTO,So11111111111111111111111111111111111111112,SOL,2026-09-25T17:01:55Z,3.421402927128639e-06,3421.402927,,2682.7795,0.0,0.0,182.8706278748,0,0,0,0,0,0,0,0,23,23,23,23,snapshot,,,,,,,/home/runner/work/Solana-Memecoin-Analysis/Solana-Memecoin-Analysis/data/cache/2026-09-26/150851134422_multi_pools_43ebed0f4c5b.json
2026-09-26T15:08:35.644611+00:00,2cYvH2Kcyr5ebNQxxh7BiNePnpYPjzv1Ke3bWGnXZN4F,solana,Pump.fun,F9r4mhKfgerTDAVY3hhzc4pTDs7gkxDjNqQLJisWpump,A,So11111111111111111111111111111111111111112,SOL,2026-09-25T17:01:45Z,2.842109042322218e-07,568.4218084,,239.8603,0.0,0.0,796.4898738178,0,0,0,0,0,0,0,0,33,31,10,9,snapshot,,,,,,,/home/runner/work/Solana-Memecoin-Analysis/Solana-Memecoin-Analysis/data/cache/2026-09-26/150851134422_multi_pools_43ebed0f4c5b.json
2026-09-26T15:08:35.644611+00:00,5Zm9nCiDiQFN2K6yXW3zghfo5fkRZwgbFosZTdHTcx2E,solana,Meteora DAMM V2,F3LXwr9nMkkZVa5pLojAx7QowCFuHTgbMGngpWV3zS5o,SOLRISING,So11111111111111111111111111111111111111112,SOL,2026-09-25T17:01:34Z,0.00011804305726701556,118043.0573,,0.7985,0.0,0.0,0.5226156175,0,0,0,0,0,0,0,0,22,4,13,4,snapshot,,,,,,,/home/runner/work/Solana-Memecoin-Analysis/Solana-Memecoin-Analysis/data/cache/2026-09-26/150851134422_multi_pools_43ebed0f4c5b.json
2026-09-26T15:08:35.644611+00:00,GyqG6jQStJy1WEzmPfhbVyjwq14C26t9bSa25f4dmKdA,solana,PumpSwap,AX5paLzKuPZAFCd6sneVj7z5VGAJyCGyXLmjfDAdBZQf,MUSESTREAM,So11111111111111111111111111111111111111112,SOL,2026-09-25T20:24:24Z,2.5546855761003777e-06,2554.685576,,2580.8371,0.0,0.0,176148.022987211,0,0,0,0,0,0,0,0,2207,2012,999,1099,snapshot,,,,,,,/home/runner/work/Solana-Memecoin-Analysis/Solana-Memecoin-Analysis/data/cache/2026-09-26/150851134422_multi_pools_43ebed0f4c5b.json
2026-09-26T15:08:35.644611+00:00,4AbNLT88rY1UQWYBmksCPrNyXhgSHNdLcQ4zM5PGbvMG,solana,PumpSwap,3JwLsyCxRDVPx5PP2qU2d8HuBH4nNGFwgZypWLrSpump,dog,So11111111111111111111111111111111111111112,SOL,2026-09-25T20:24:17Z,0.0037765540251578304,3776554.025,,6.46436832923228e-07,0.0,0.0,3289.7447135474,0,0,0,0,0,0,0,0,2342,258,214,146,snapshot,,,,,,,/home/runner/work/Solana-Memecoin-Analysis/Solana-Memecoin-Analysis/data/cache/2026-09-26/150851134422_multi_pools_43ebed0f4c5b.json
2026-09-26T15:08:35.644611+00:00,6hKaWWvY2JtmHYE1V58y4UVsjedNq4zT6zFLXuZCsxQN,solana,Pump.fun,HbffogXDjF9Dx71MG3pbLm3Czmibo5cfPYNEKHrNpump,Find,So11111111111111111111111111111111111111112,SOL,2026-09-25T20:24:15Z,6.151938424963021e-10,1.230387685,,1.0999,0.0,0.0,589.1290198259,0,0,0,0,0,0,0,0,151,147,21,18,snapshot,,,,,,,/home/runner/work/Solana-Memecoin-Analysis/Solana-Memecoin-Analysis/data/cache/2026-09-26/150851134422_multi_pools_43ebed0f4c5b.json
2026-09-26T15:08:35.644611+00:00,5PEoQSF627rLCcR7q6RDTXt5CdxpVLyvEpBKEpbqG8Jr,solana,Pump.fun,FHYP5mKMy5TzhfEwX4oonDBxhhG3zWKbR5gsQJebpump,ch,So11111111111111111111111111111111111111112,SOL,2026-09-25T20:24:04Z,4.859660376920779e-06,9719.320754,,3309.2879,0.0,0.0,478.7997943566,0,0,0,0,0,0,0,0,54,43,13,13,snapshot,,,,,,,/home/runner/work/Solana-Memecoin-Analysis/Solana-Memecoin-Analysis/data/cache/2026-09-26/150851134422_multi_pools_43ebed0f4c5b.json
2026-09-26T15:08:35.644611+00:00,AN3Vgx1Ap1kYKXWcPo57AMnNNFM3heSyqKcPskaS7weh,solana,Pump.fun,EwXTL9o6mPaorsW1UZbZZkkbxbUdheGz8jGwyAmApump,USTAYREADY,So11111111111111111111111111111111111111112,SOL,2026-09-25T20:24:01Z,3.5241513021264064e-06,3524.151302,,2773.6639,0.0,0.0,330.7594960137,0,0,0,0,0,0,0,0,2,1,2,1,snapshot,,,,,,,/home/runner/work/Solana-Memecoin-Analysis/Solana-Memecoin-Analysis/data/cache/2026-09-26/150851134422_multi_pools_43ebed0f4c5b.json
2026-09-26T15:08:35.644611+00:00,CznwRW4393ppcasxY1T7QP9gck3t8J66BVmXjdATgMSd,solana,Pump.fun,Du4K1ETWbvWtKJMnFkCN8o66zqHStVHzMTArxWqkpump,Memes.gov,So11111111111111111111111111111111111111112,SOL,2026-09-25T20:23:59Z,3.4783612108287215e-06,3478.361211,,2769.8929,0.0,0.0,52107.6978425234,0,0,0,0,0,0,0,0,764,651,381,369,snapshot,,,,,,,/home/runner/work/Solana-Memecoin-Analysis/Solana-Memecoin-Analysis/data/cache/2026-09-26/150851134422_multi_pools_43ebed0f4c5b.json
2026-09-26T15:08:35.644611+00:00,E46yzJBRonezRdBM56TZMPiYpUz9WPAqt8j9yJHLkruF,solana,Pump.fun,593gnQM1kRciQDf312GpwGZJhTxM6Yak5MMFn7X4pump,Dog Think,So11111111111111111111111111111111111111112,SOL,2026-09-25T23:23:34Z,1.1685677996490147e-06,2337.1356,,918.8619,0.0,0.0,49.1541365369,0,0,0,0,0,0,0,0,22,30,3,3,snapshot,,,,,,,/home/runner/work/Solana-Memecoin-Analysis/Solana-Memecoin-Analysis/data/cache/2026-09-26/150851134422_multi_pools_43ebed0f4c5b.json
2026-09-26T15:08:35.644611+00:00,9BerALcrD4KZD1zLp7wvf6vX2b8QAKkvBipzf7GvBihH,solana,Pump.fun,BHD5kbtnajDq5MYEmbJwVLa2ucdcZgzscey1gJMrWa81,TANKCLUB,So11111111111111111111111111111111111111112,SOL,2026-09-25T23:23:29Z,3.4138717506994996e-06,3413.871751,,2683.6801,0.0,0.0,116.1179954394,0,0,0,0,0,0,0,0,5,5,5,5,snapshot,,,,,,,/home/runner/work/Solana-Memecoin-Analysis/Solana-Memecoin-Analysis/data/cache/2026-09-26/150851134422_multi_pools_43ebed0f4c5b.json
2026-09-26T15:08:35.644611+00:00,BtT1ocd3feVAR5zaHqkFGGgpUyfym9mbfWPz17wA24jL,solana,PumpSwap,7g9v4sr3kDsQEhqH6PMYdVdzHR9RGWo83LYRgKrpNRBY,Holdoween,So11111111111111111111111111111111111111112,SOL,2026-09-25T23:23:23Z,2.653137871841255e-05,122.0336711,,0.002455027275,0.0,0.0,78790.8782745094,0,0,0,0,0,0,0,0,1175,239,973,23,snapshot,,,,,,,/home/runner/work/Solana-Memecoin-Analysis/Solana-Memecoin-Analysis/data/cache/2026-09-26/150851134422_multi_pools_43ebed0f4c5b.json
2026-09-26T15:08:35.644611+00:00,4fJn9c96VponFoiLr3MokFTzpERyMKwMuBeRvuSft4YA,solana,Pump.fun,DmKeZE5UgJ9pWwcUMAia4kT1mtcPhrdE2o94Ut3Apump,company,So11111111111111111111111111111111111111112,SOL,2026-09-25T23:23:08Z,3.4317646509268258e-06,3431.764651,,2695.5248,0.0,0.0,1963.2064370196,0,0,0,0,0,0,0,0,21,18,14,15,snapshot,,,,,,,/home/runner/work/Solana-Memecoin-Analysis/Solana-Memecoin-Analysis/data/cache/2026-09-26/150851134422_multi_pools_43ebed0f4c5b.json
2026-09-26T15:08:35.644611+00:00,FnntXC9pGme3Ad9QMZSFuzRp35YEvFi73E2DPt5YGig2,solana,Pump.fun,DQjwMS85NDTo2Qr1Rf51PAdvj3QK5poxtkihk3YApump,COOKED,So11111111111111111111111111111111111111112,SOL,2026-09-25T23:23:04Z,9.216449611742197e-07,2257.656752,,864.6178,0.0,0.0,591.6227809936,0,0,0,0,0,0,0,0,69,61,11,11,snapshot,,,,,,,/home/runner/work/Solana-Memecoin-Analysis/Solana-Memecoin-Analysis/data/cache/2026-09-26/150851134422_multi_pools_43ebed0f4c5b.json
2026-09-26T15:08:35.644611+00:00,EauPrgojCQfxzQbafthunGLB4QV4jp8VjKQULACB2TaM,solana,Pump.fun,4RrmztLGqSnJbxDBjuqsYf7XXojMqDLQViae9XTypump,$Shlawg,So11111111111111111111111111111111111111112,SOL,2026-09-25T23:22:59Z,3.04286650518135e-06,6085.73301,,2371.5349,0.0,0.0,134.6312118018,0,0,0,0,0,0,0,0,17,14,4,4,snapshot,,,,,,,/home/runner/work/Solana-Memecoin-Analysis/Solana-Memecoin-Analysis/data/cache/2026-09-26/150851134422_multi_pools_43ebed0f4c5b.json
2026-09-26T15:08:35.644611+00:00,3dcwhqJp6JBTJPq8ga335HWgSQVS7uQmdmeX7iGjMNpj,solana,PumpSwap,CTPoyCwkjMvoJwU4xvZZqoD8tiYk6yDchySiN5gGpump,fone,So11111111111111111111111111111111111111112,SOL,2026-08-27T00:03:44Z,0.005623525854078383,5523381.30063386,5523381.30528554,572864.1624,8415.326294289,36084.5113912161,1859932.66024985,20,8,18,8,120,79,79,64,5203,4953,1662,1521,snapshot,,,,,,,/home/runner/work/Solana-Memecoin-Analysis/Solana-Memecoin-Analysis/data/cache/2026-09-26/150851134422_multi_pools_43ebed0f4c5b.json
2026-09-26T15:08:35.644611+00:00,364hvUrAhVcGA4a4CjRNCeTzPr3XkotZePBPtWUZTvLr,solana,PumpSwap,8DMRzhGGVhDMsbZRiH3Hnv7vPE8Know6hyJdzG8b5pmG,DDOS,So11111111111111111111111111111111111111112,SOL,2026-09-26T01:44:57Z,0.00011181597376477626,110848.5407,,8.556844509e-07,0.0,0.0,5237.6722227552,0,0,0,0,0,0,0,0,1281,52,940,44,snapshot,,,,,,,/home/runner/work/Solana-Memecoin-Analysis/Solana-Memecoin-Analysis/data/cache/2026-09-26/150851134422_multi_pools_43ebed0f4c5b.json
2026-09-26T15:08:35.644611+00:00,ERXreoRwqXj4ec8NZKRfXmzKQqk4eSufzQHbHvCYBqe3,solana,Meteora DAMM V2,8DMRzhGGVhDMsbZRiH3Hnv7vPE8Know6hyJdzG8b5pmG,DDOS,So11111111111111111111111111111111111111112,SOL,2026-09-26T01:44:50Z,3.464691687316323e-06,3464.691687,,0.0725,0.0,0.0,0.5696901502,0,0,0,0,0,0,0,0,20,4,13,4,snapshot,,,,,,,/home/runner/work/Solana-Memecoin-Analysis/Solana-Memecoin-Analysis/data/cache/2026-09-26/150858621932_multi_pools_dd77676f23f6.json
2026-09-26T15:08:35.644611+00:00,7qjiQZ5QYxW1XZLP1U1ASdjH8KVabf6guWaupbU8ZQuH,solana,Pump.fun,4ZvcJsA7cWtaUqKRBpkQSx7GqBZWvftW3bwsjX8mJETs,PLANET,So11111111111111111111111111111111111111112,SOL,2026-09-26T01:44:49Z,3.5379532564706095e-06,3786.767423,,3180.3117,0.0,0.0,1707.8975681491,0,0,0,0,0,0,0,0,4,5,4,4,snapshot,,,,,,,/home/runner/work/Solana-Memecoin-Analysis/Solana-Memecoin-Analysis/data/cache/2026-09-26/150858621932_multi_pools_dd77676f23f6.json
2026-09-26T15:08:35.644611+00:00,jyjX1ZnB5zZ3n3am5yFCnfTnvntgX8EfKwgPBfuPJCV,solana,Pump.fun,HtjFoRFa4612Tq981Xc5Nfuwi1RVyz6CvXFc7aSapump,TIPS,So11111111111111111111111111111111111111112,SOL,2026-09-26T01:44:49Z,3.410587861572369e-06,3410.587862,,2679.4101,0.0,0.0,0.2409438365,0,0,0,0,0,0,0,0,1,1,1,1,snapshot,,,,,,,/home/runner/work/Solana-Memecoin-Analysis/Solana-Memecoin-Analysis/data/cache/2026-09-26/150858621932_multi_pools_dd77676f23f6.json
2026-09-26T15:08:35.644611+00:00,99f6oPH3aE9L4iEj22ijwVjiAJUidJHBbqBsxLdkLc8G,solana,Pump.fun,76rXydoewfk5vRKaEmEmdphTyS7UYTgJKJWtAfd3pump,PLANET,So11111111111111111111111111111111111111112,SOL,2026-09-26T01:44:45Z,3.412359607689158e-06,3412.359608,,2679.5309,0.0,0.0,174.6987691132,0,0,0,0,0,0,0,0,25,24,24,24,snapshot,,,,,,,/home/runner/work/Solana-Memecoin-Analysis/Solana-Memecoin-Analysis/data/cache/2026-09-26/150858621932_multi_pools_dd77676f23f6.json
2026-09-26T15:08:35.644611+00:00,4JAnKFddd5fFTk5PxDj3PpTWJuTEfSWQEjZJcgKQ9KwW,solana,PumpSwap,CbcyNo7m1amFWqEQm2m4PLv1UNvpcL3C1Ujm6AkzpKoU,e/acc,So11111111111111111111111111111111111111112,SOL,2026-09-25T21:15:15Z,0.018288170862911898,17977766.955451,,581746.3098,64246.2019098238,2826393.87630417,51144624.9632981,350,258,245,210,12496,12213,4846,4381,151675,128322,31972,26374,snapshot,,,,,,,/home/runner/work/Solana-Memecoin-Analysis/Solana-Memecoin-Analysis/data/cache/2026-09-26/150858621932_multi_pools_dd77676f23f6.json
2026-09-26T15:08:35.644611+00:00,3yXXas5wQqC6LzV9x22GEqVr9Dgg1VC6yynkVGhRWJWM,solana,PumpSwap,5NhN6zzDkzwXFGPFqtpTopV4ttBeZ6CWy1oRL9Rkpump,Bagwork,So11111111111111111111111111111111111111112,SOL,2026-09-25T14:14:54Z,0.0003813043795579803,371762.630042801,371764.15783306,66880.2913,6199.7643495783,99742.2835154579,5824115.67512019,37,33,35,26,603,432,350,284,37592,29543,9915,9187,snapshot,,,,,,,/home/runner/work/Solana-Memecoin-Analysis/Solana-Memecoin-Analysis/data/cache/2026-09-26/150858621932_multi_pools_dd77676f23f6.json
2026-09-26T15:08:35.644611+00:00,DTre5JvnzVP9NaBgr7pWrG77nsZefgMLBLQTwTCrzqbE,solana,Pump.fun,Fzok3s8QpvDbx2zmNBeTFn4AohDKKEit7rLfBTCMpump,$WYD,So11111111111111111111111111111111111111112,SOL,2026-09-26T06:40:13Z,7.400308798552142e-08,148.00617598,,0.0,0.0,0.0,667.3423733331,0,0,0,0,0,0,0,0,147,140,23,20,snapshot,,,,,,,/home/runner/work/Solana-Memecoin-Analysis/Solana-Memecoin-Analysis/data/cache/2026-09-26/150858621932_multi_pools_dd77676f23f6.json
2026-09-26T15:08:35.644611+00:00,GYermLV9vZD1Na4dvf3WAxxj6LY4ksi9e2uvobxLeSN6,solana,PumpSwap,uL7tn5so4AzesQwoUd1T8VpweJ7FprDXyquEJkXpump,WOAR,So11111111111111111111111111111111111111112,SOL,2026-09-26T06:40:04Z,0.003719821875201937,3716413.9923036,,175188.2507,416.088208293,7034.9458129105,119325.091691868,11,4,9,4,171,60,10,14,3702,1364,1633,613,snapshot,,,,,,,/home/runner/work/Solana-Memecoin-Analysis/Solana-Memecoin-Analysis/data/cache/2026-09-26/150858621932_multi_pools_dd77676f23f6.json
2026-09-26T15:08:35.644611+00:00,EoiNWADPghznjVcuz2i3tfEXASNXkvVeU1Lv8bvJQrsg,solana,Pump.fun,26K73Eb7aco7Ks6snVJKEMPWSHYFzeihNb1FG9Vzpump,BalloonHorn,So11111111111111111111111111111111111111112,SOL,2026-09-26T06:39:55Z,3.391652360859525e-06,3391.652361,,2680.1129,0.0,0.0,308.8933709654,0,0,0,0,0,0,0,0,21,21,17,19,snapshot,,,,,,,/home/runner/work/Solana-Memecoin-Analysis/Solana-Memecoin-Analysis/data/cache/2026-09-26/150858621932_multi_pools_dd77676f23f6.json
2026-09-26T15:08:35.644611+00:00,CPRoWXCgq3ELsnqsGDMLmAVRnNSmyN4k1ddc6efGdd91,solana,PumpSwap,CMuvWQ6qQbSt7NUQdPGcVKCoDgETieuqS68qu6BaeVgR,Cream,So11111111111111111111111111111111111111112,SOL,2026-09-26T00:19:08Z,0.00047438619629769385,466235.156417604,,77298.7752,1480.2496390133,31937.4206006306,7405732.2048001,8,14,8,10,164,215,122,102,44783,34158,11190,9803,snapshot,,,,,,,/home/runner/work/Solana-Memecoin-Analysis/Solana-Memecoin-Analysis/data/cache/2026-09-26/150858621932_multi_pools_dd77676f23f6.json
2026-09-26T15:08:35.644611+00:00,Ax9GpoBxTKb19NMj4eJhNsy163xuUGmFKrLpELeQK7LX,solana,PumpSwap,jLz71QZfjnZZMLjUaCBw7KmUyftkkNq8NkWi2u9dyap,YAP,So11111111111111111111111111111111111111112,SOL,2026-09-25T14:11:13Z,0.004350471497753623,4172243.13532653,,226925.0674,31941.7641743447,307092.23059663,9577655.79686216,98,46,64,42,735,855,339,433,40121,36193,11705,10358,snapshot,,,,,,,/home/runner/work/Solana-Memecoin-Analysis/Solana-Memecoin-Analysis/data/cache/2026-09-26/150858621932_multi_pools_dd77676f23f6.json
2026-09-26T15:08:35.644611+00:00,DGvB8KyD79wFBJ7Kr7mW54qSfi7Yk3UrhJkcnTSd6frb,solana,PumpSwap,BdzaE3T7uU59pBVDBHZVZh3yWrrpo4oPrXdv4nPDpump,JIANCO,Xsv9hRk1z5ystj9MhnA7Lq4vjSsLwzL2nxrwmwtD3re,GLDx,2026-09-26T00:06:55Z,9.900815961091015e-05,92909.3369123941,92909.3369123941,48742.3264,607.8054327504,5415.5266627543,108238.017093729,5,3,5,3,206,97,189,92,3944,1044,2798,789,snapshot,,,,,,,/home/runner/work/Solana-Memecoin-Analysis/Solana-Memecoin-Analysis/data/cache/2026-09-26/150858621932_multi_pools_dd77676f23f6.json
2026-09-26T15:08:35.644611+00:00,6tuhHpYSinf41V39KW3JmpVUaxehcabCbHZqqFnwR6xf,solana,PumpSwap,GY9mZfyPpxXxBXBxS2hB2XjhP3kfUsywTvgveozxpump,ELON,So11111111111111111111111111111111111111112,SOL,2026-09-15T19:26:05Z,0.00393787032087948,3654648.51081217,3654649.86803698,291941.0953,4319.9945927288,170633.323352128,7161836.47429986,42,26,42,26,543,459,360,359,21416,18838,6944,7003,snapshot,,,,,,,/home/runner/work/Solana-Memecoin-Analysis/Solana-Memecoin-Analysis/data/cache/2026-09-26/150858621932_multi_pools_dd77676f23f6.json
2026-09-26T15:08:35.644611+00:00,3QaH1ifhQgUXHQdX3DHi9oMrWzTQfKLcomoCyeRRLMh6,solana,PumpSwap,5wW9mhbwq1HTFh341iimpmrqBB4mfxdXiYhdYBL7hUnp,KARDASHEV,So11111111111111111111111111111111111111112,SOL,2026-09-26T07:26:05Z,0.000867645352688342,867645.3527,,99247.3428,10001.1303970576,307524.137066191,7966230.1137842,51,47,40,38,1086,936,582,566,42242,35440,10561,8736,snapshot,,,,,,,/home/runner/work/Solana-Memecoin-Analysis/Solana-Memecoin-Analysis/data/cache/2026-09-26/150858621932_multi_pools_dd77676f23f6.json
2026-09-26T15:08:35.644611+00:00,5FcxJGy2y12FkrRJ35RsoboiV7KUnmMddK5C4HMbWDbD,solana,Pump.fun,P7mcaNSNxvYQJWYXiq9uJnb5PqehDaR5UAjm1uEpump,BLAST,So11111111111111111111111111111111111111112,SOL,2026-09-26T11:47:19Z,3.3911489066643912e-06,3391.148907,,2679.9195,0.0,0.0,1619.9123359181,0,0,0,0,0,0,0,0,44,44,44,44,snapshot,,,,,,,/home/runner/work/Solana-Memecoin-Analysis/Solana-Memecoin-Analysis/data/cache/2026-09-26/150858621932_multi_pools_dd77676f23f6.json
2026-09-26T15:08:35.644611+00:00,ajdJFV2vE9K6QnC1oN3nxKgnYhcwkjtApLPpvVi7CMf,solana,Pump.fun,FfG5dsXnaqHzL2vdDmJ4pmpzBbzPpdM4c9aXxnP2Rxia,X,So11111111111111111111111111111111111111112,SOL,2026-09-26T11:47:10Z,3.4015701019225485e-06,3401.570102,,2688.1481,0.0,0.0,1852.8045391812,0,0,0,0,0,0,0,0,6,7,6,6,snapshot,,,,,,,/home/runner/work/Solana-Memecoin-Analysis/Solana-Memecoin-Analysis/data/cache/2026-09-26/150858621932_multi_pools_dd77676f23f6.json
2026-09-26T15:08:35.644611+00:00,6deFvLfNPRxTJ6GPqTuXji3E8gD8H3t22ES5twcMEFtb,solana,Pump.fun,9bmBBkW4rKndeac6tEob45viGdsJc9yrZ3saBw1kpump,$GOAT,So11111111111111111111111111111111111111112,SOL,2026-09-26T11:46:58Z,1.0926664031247564e-06,2185.332806,,859.7801,0.0,0.0,226.279621107,0,0,0,0,0,0,0,0,30,32,3,3,snapshot,,,,,,,/home/runner/work/Solana-Memecoin-Analysis/Solana-Memecoin-Analysis/data/cache/2026-09-26/150858621932_multi_pools_dd77676f23f6.json
2026-09-26T15:08:35.644611+00:00,6hBBBSNYQ3QXD3C3pNQwpHhRhWtNMCYKd8uZXnmRu9sL,solana,Pump.fun,BGFCotxiujzZtZhdqowfkVtcFAehJ33buRbUoWWXTFDS,TTEST,So11111111111111111111111111111111111111112,SOL,2026-09-26T11:46:53Z,3.389495997277402e-06,3389.495997,,2679.412,0.0,0.0,4.8744066927,0,0,0,0,0,0,0,0,29,28,29,28,snapshot,,,,,,,/home/runner/work/Solana-Memecoin-Analysis/Solana-Memecoin-Analysis/data/cache/2026-09-26/150858621932_multi_pools_dd77676f23f6.json
2026-09-26T15:08:35.644611+00:00,79b539gZHKGeg6szrmMU7kdS9VixSnuUsNpM8FocYfUQ,solana,Pump.fun,B25P28ydBNRyDpMnm9oSzdNjRPHaJ5ujrRMLq6FZpump,WORM,So11111111111111111111111111111111111111112,SOL,2026-09-26T11:46:45Z,3.406345983028803e-06,3406.345983,,2691.1567,0.0,0.0,910.4886485448,0,0,0,0,0,0,0,0,12,13,12,13,snapshot,,,,,,,/home/runner/work/Solana-Memecoin-Analysis/Solana-Memecoin-Analysis/data/cache/2026-09-26/150858621932_multi_pools_dd77676f23f6.json
2026-09-26T15:08:35.644611+00:00,FtDBJCmzGoJqyNoFHwwuMHxwCKWreGvxXdE5zwwhcTg6,solana,Pump.fun,4kpsLXBz1pkxNKZonv8WCigWNGKrhKLAbLN3qqMBpump,UNIFOMO,So11111111111111111111111111111111111111112,SOL,2026-09-26T15:07:26Z,7.670668507364465e-06,7485.912905,,5460.7427,4122.9522488134,4122.9522488134,4122.9522488134,168,114,162,86,168,114,162,86,168,114,162,86,snapshot,,,,,,,/home/runner/work/Solana-Memecoin-Analysis/Solana-Memecoin-Analysis/data/cache/2026-09-26/150858621932_multi_pools_dd77676f23f6.json
2026-09-26T15:08:35.644611+00:00,EDRVX5LB6fRovfPC6NxW4Y4s1rtfKWmj6V5unbynx8p7,solana,Pump.fun,Bn2mZB2zprvmj7U3o1MknSoPf16SZDiD4PrRzXKGpump,After 1 m,So11111111111111111111111111111111111111112,SOL,2026-09-26T15:07:26Z,3.3528374805242235e-07,670.5674962,,271.4842,174.9665050904,174.9665050904,174.9665050904,17,21,3,3,17,21,3,3,17,21,3,3,snapshot,,,,,,,/home/runner/work/Solana-Memecoin-Analysis/Solana-Memecoin-Analysis/data/cache/2026-09-26/150858621932_multi_pools_dd77676f23f6.json
2026-09-26T15:08:35.644611+00:00,HjBhUN8jhLeqDxTyjGGBXwrr1KfmQ6wwY66k3SxDk4CC,solana,Pump.fun,7BwGAk8aE8gT9eqinkiT138q4HGZtoUy52vCY2d6pump,Pokerable,So11111111111111111111111111111111111111112,SOL,2026-09-26T15:06:54Z,3.437067858765842e-06,3437.067859,,2726.8741,11000.6713008568,11000.6713008568,11000.6713008568,146,176,143,70,146,176,143,70,146,176,143,70,snapshot,,,,,,,/home/runner/work/Solana-Memecoin-Analysis/Solana-Memecoin-Analysis/data/cache/2026-09-26/150858621932_multi_pools_dd77676f23f6.json
2026-09-26T15:05:00+00:00,FtDBJCmzGoJqyNoFHwwuMHxwCKWreGvxXdE5zwwhcTg6,solana,Pump.fun,,,,,2026-09-26T15:07:26Z,7.105937673668417e-06,,,,,,,,,,,,,,,,,,,ohlcv_backfill,minute,3.96673869318997e-06,8.463273730235891e-06,3.4892940748955367e-06,7.105937673668417e-06,4625.1018226911465,/home/runner/work/Solana-Memecoin-Analysis/Solana-Memecoin-Analysis/data/cache/2026-09-26/150906169602_ohlcv_e97e43c94eb5.json
2026-09-26T15:05:00+00:00,EDRVX5LB6fRovfPC6NxW4Y4s1rtfKWmj6V5unbynx8p7,solana,Pump.fun,,,,,2026-09-26T15:07:26Z,3.3293164194092007e-07,,,,,,,,,,,,,,,,,,,ohlcv_backfill,minute,3.4140633256492744e-06,3.4392666602122483e-06,3.3293164194092007e-07,3.3293164194092007e-07,176.6049765535383,/home/runner/work/Solana-Memecoin-Analysis/Solana-Memecoin-Analysis/data/cache/2026-09-26/150913431434_ohlcv_f02595147381.json
2026-09-26T15:05:00+00:00,HjBhUN8jhLeqDxTyjGGBXwrr1KfmQ6wwY66k3SxDk4CC,solana,Pump.fun,,,,,2026-09-26T15:06:54Z,3.437067858765842e-06,,,,,,,,,,,,,,,,,,,ohlcv_backfill,minute,3.472236579843138e-06,1.5254068033603165e-05,3.437067858765842e-06,3.437067858765842e-06,11000.671300856799,/home/runner/work/Solana-Memecoin-Analysis/Solana-Memecoin-Analysis/data/cache/2026-09-26/150920974812_ohlcv_f2d2aed57bca.json
