request_timestamp_utc,pool_address,network,dex,base_token_address,base_token_symbol,quote_token_address,quote_token_symbol,pool_created_at,price_usd,fdv_usd,market_cap_usd,reserve_usd,volume_usd_m5,volume_usd_h1,volume_usd_h24,buys_m5,sells_m5,buyers_m5,sellers_m5,buys_h1,sells_h1,buyers_h1,sellers_h1,buys_h24,sells_h24,buyers_h24,sellers_h24,source,ohlcv_timeframe,ohlcv_open,ohlcv_high,ohlcv_low,ohlcv_close,ohlcv_volume,raw_cache_path
2026-09-29T01:18:23.512814+00:00,GkkRUcvuqwPrkG5kXUU1coEJSrhJAMyEEhQ63pJLEC3t,solana,Meteora DBC,6Q7JkUuTvsN6AunjJaSHhcvCaiBUCXk4KqkpWkejkSV7,PAID,So11111111111111111111111111111111111111112,SOL,2026-09-27T01:54:01Z,3.3631748153080365e-05,33631.7460133105,,0.0,0.0,0.0,0.0,0,0,0,0,0,0,0,0,0,0,0,0,snapshot,,,,,,,/home/runner/work/Solana-Memecoin-Analysis/Solana-Memecoin-Analysis/data/cache/2026-09-29/011831860229_multi_pools_ff113fd9663a.json
2026-09-29T01:18:23.512814+00:00,Cb1MeGdbSjoELTmK9LAArvy6W5QJW1C5MuHsu581Nb44,solana,Pump.fun,E2RCys9nDguBGLJoQZYnr9CSDTFsyP7JLuY7oWMQpump,$broke,So11111111111111111111111111111111111111112,SOL,2026-09-27T01:54:00Z,3.39430585509129e-06,3394.234744,,2622.3572,0.0,0.0,0.0,0,0,0,0,0,0,0,0,0,0,0,0,snapshot,,,,,,,/home/runner/work/Solana-Memecoin-Analysis/Solana-Memecoin-Analysis/data/cache/2026-09-29/011831860229_multi_pools_ff113fd9663a.json
2026-09-29T01:18:23.512814+00:00,9bG8pWDsnsdZWoFWi6umqxGBtmhJurLeF9EQybnvYVQ6,solana,Meteora DBC,945tMXftfUEfhSzdPTTucjNAP6ACqiNCXp8aHTfiupY,pls,So11111111111111111111111111111111111111112,SOL,2026-09-27T01:53:37Z,4.568008884028584e-05,45678.4007121432,,0.0,0.0,0.0,0.0,0,0,0,0,0,0,0,0,0,0,0,0,snapshot,,,,,,,/home/runner/work/Solana-Memecoin-Analysis/Solana-Memecoin-Analysis/data/cache/2026-09-29/011831860229_multi_pools_ff113fd9663a.json
2026-09-29T01:18:23.512814+00:00,7KztkRMktp7jLozYJ82JFhK6npE9VbJxnLgQawX7Es3z,solana,Pump.fun,BYwWdp6jujVzAZSWkiewN17ib7eMyCKSnAabfBUYpump,Niggapad,So11111111111111111111111111111111111111112,SOL,2026-09-27T01:53:35Z,3.4411425209616946e-06,3441.142521,,2656.8416,0.0,0.0,0.0,0,0,0,0,0,0,0,0,0,0,0,0,snapshot,,,,,,,/home/runner/work/Solana-Memecoin-Analysis/Solana-Memecoin-Analysis/data/cache/2026-09-29/011831860229_multi_pools_ff113fd9663a.json
2026-09-29T01:18:23.512814+00:00,DC5JB9jeyEPegne1iem1Z6xdDYJnDvcgkbCu5ZiGHRom,solana,Pump.fun,AeLsbx98SaBsnUAZSVkBV8qsq4yi2HrwGwckq93WFsvN,ALIVE,So11111111111111111111111111111111111111112,SOL,2026-09-27T01:53:34Z,3.4000180579595674e-06,3400.018058,,2633.0006,0.0,0.0,0.0,0,0,0,0,0,0,0,0,0,0,0,0,snapshot,,,,,,,/home/runner/work/Solana-Memecoin-Analysis/Solana-Memecoin-Analysis/data/cache/2026-09-29/011831860229_multi_pools_ff113fd9663a.json
2026-09-29T01:18:23.512814+00:00,7rZ5eyRfGRavGTFG9jSoG77MNnVkQRr6DNeGpxiFk2ca,solana,PumpSwap,DAemPFNc3RtibBDKkUA4eL2Ns11q9VRdbpptmqm8DGqN,CAKE,So11111111111111111111111111111111111111112,SOL,2026-09-27T00:25:27Z,0.001170127045928802,1159009.118,,131149.6323,3036.1251092786,138191.926506101,2517058.60329144,43,22,38,19,588,578,320,385,12638,12514,3698,4112,snapshot,,,,,,,/home/runner/work/Solana-Memecoin-Analysis/Solana-Memecoin-Analysis/data/cache/2026-09-29/011831860229_multi_pools_ff113fd9663a.json
2026-09-29T01:18:23.512814+00:00,4aE7RyYHugztSy3rdKq51bvNkaRj2E7NJU7jPWxzhC3Q,solana,PumpSwap,7cXWSNTq71PZREBmGCBvZirkNwoGokWBQz9fWferViiV,ASTEROID,So11111111111111111111111111111111111111112,SOL,2026-09-15T21:57:08Z,0.00024020479578810291,240417.9091,,51564.833,244.3990447612,24587.876220462,581317.347099202,0,8,0,8,170,198,109,154,3528,3334,1148,1437,snapshot,,,,,,,/home/runner/work/Solana-Memecoin-Analysis/Solana-Memecoin-Analysis/data/cache/2026-09-29/011831860229_multi_pools_ff113fd9663a.json
2026-09-29T01:18:23.512814+00:00,B3JUKme6NLvUDWxoMzwCbpS3H76qdnAPqVvdz8M1a4mf,solana,PumpSwap,FLSgmF6hRJ5wakj91c1dXR2brS76qVsdqQmunLmZnsfc,MITSUNAKA,So11111111111111111111111111111111111111112,SOL,2026-09-27T07:27:33Z,1.4458668286330992e-05,14458.66829,,3.781607428e-07,0.0,0.0,0.0,0,0,0,0,0,0,0,0,0,0,0,0,snapshot,,,,,,,/home/runner/work/Solana-Memecoin-Analysis/Solana-Memecoin-Analysis/data/cache/2026-09-29/011831860229_multi_pools_ff113fd9663a.json
2026-09-29T01:18:23.512814+00:00,Btw6GWj8mhJpBxRg2RWRehvu6JekfNAYVN3jfkLVk5y7,solana,Pump.fun,GvV4ypbFWjVDYm8rt2j8WGmbxhuQ3sU4sxeNkF5vpump,Pikachu,So11111111111111111111111111111111111111112,SOL,2026-09-27T07:27:13Z,2.1334366896350454e-09,4.26687338,,3.5104,0.0,0.0,0.0,0,0,0,0,0,0,0,0,0,0,0,0,snapshot,,,,,,,/home/runner/work/Solana-Memecoin-Analysis/Solana-Memecoin-Analysis/data/cache/2026-09-29/011831860229_multi_pools_ff113fd9663a.json
2026-09-29T01:18:23.512814+00:00,7zregNEH8qkz3bkQzCzvQ3FnJaTkJvNGhjmundynFqKe,solana,Pump.fun,5EVmTokcvP7ZDUv4TzPDEvge1HYAPJavFH5CKVRZpump,RIP JACK,So11111111111111111111111111111111111111112,SOL,2026-09-27T07:27:08Z,3.3973745706224427e-06,3397.374571,,2622.6315,0.0,0.0,0.0,0,0,0,0,0,0,0,0,0,0,0,0,snapshot,,,,,,,/home/runner/work/Solana-Memecoin-Analysis/Solana-Memecoin-Analysis/data/cache/2026-09-29/011831860229_multi_pools_ff113fd9663a.json
2026-09-29T01:18:23.512814+00:00,AQB9ihwudzy364jisT8jcCURSE8wCSYg7wu7gLZ6nGQn,solana,PumpSwap,J1yxV53EmVRmt9RUj6PPufMfdAYUbtgwXCuNYTBTsYzJ,JACK,So11111111111111111111111111111111111111112,SOL,2026-09-27T00:36:10Z,6.38052289748851e-05,63805.22897,,28858.4763,348.5607441749,3766.5952263715,219802.445978586,5,5,5,5,67,54,55,50,2343,2345,927,1349,snapshot,,,,,,,/home/runner/work/Solana-Memecoin-Analysis/Solana-Memecoin-Analysis/data/cache/2026-09-29/011831860229_multi_pools_ff113fd9663a.json
2026-09-29T01:18:23.512814+00:00,55y7dKFPXNqzHevBxUKZJFD11JYG1yoNoSEskJnBCh1W,solana,PumpSwap,8DwNVMzpcc3mq7Tk4gyWeTkvmFhnXcnDDCLayFFhXvex,HEISENBERG,So11111111111111111111111111111111111111112,SOL,2026-09-26T22:18:30Z,8.691616550519334e-06,8691.616551,,7463.6427,0.0,167.2501368254,6046.0103601802,0,0,0,0,6,8,3,8,94,199,61,160,snapshot,,,,,,,/home/runner/work/Solana-Memecoin-Analysis/Solana-Memecoin-Analysis/data/cache/2026-09-29/011831860229_multi_pools_ff113fd9663a.json
2026-09-29T01:18:23.512814+00:00,3dcChqQHfnsNsvR6r6SKDnRjCPqFD66wABZqeBw4Pnch,solana,Pump.fun,FW6ExLE8ziQtzRJXJQ4rx9uT3wd6tKsvgxWhRrE475bp,WOW,So11111111111111111111111111111111111111112,SOL,2026-09-27T13:13:23Z,3.3472638381536056e-06,3347.263838,,2621.1304,0.0,0.0,0.2739315057,0,0,0,0,0,0,0,0,0,1,0,1,snapshot,,,,,,,/home/runner/work/Solana-Memecoin-Analysis/Solana-Memecoin-Analysis/data/cache/2026-09-29/011831860229_multi_pools_ff113fd9663a.json
2026-09-29T01:18:23.512814+00:00,2Tq8nGm6RsbzPxfAgvacGX6u43wE4stc79Qx6XKykqLM,solana,Pump.fun,87UUPxDJ1pTfVLAqVdA1mvznJC89UyvKHVNMVvWGpump,BONUS,So11111111111111111111111111111111111111112,SOL,2026-09-27T13:13:15Z,3.3134698256744807e-06,3313.469826,,2627.1703,0.0,0.0,16.1905915763,0,0,0,0,0,0,0,0,1,1,1,1,snapshot,,,,,,,/home/runner/work/Solana-Memecoin-Analysis/Solana-Memecoin-Analysis/data/cache/2026-09-29/011831860229_multi_pools_ff113fd9663a.json
2026-09-29T01:18:23.512814+00:00,HZyj33yYCVce1UojkL8uaYGf6Bex7Y7Sg1rjZnKmggus,solana,Pump.fun,C7TzxS9gkKFXvkYVdRewuYNwj2sNeAzWUSKAJyapump,Backpacknami,So11111111111111111111111111111111111111112,SOL,2026-09-27T13:13:08Z,3.4382313170044863e-06,3438.231317,,2628.955,0.0,0.0,0.0,0,0,0,0,0,0,0,0,0,0,0,0,snapshot,,,,,,,/home/runner/work/Solana-Memecoin-Analysis/Solana-Memecoin-Analysis/data/cache/2026-09-29/011831860229_multi_pools_ff113fd9663a.json
2026-09-29T01:18:23.512814+00:00,4N5Pt51CcHwimd2Wn7jLidv64KxS2EDm557GZzFoacGS,solana,Meteora DBC,Cn7uvTGiWtzvFHrkCsHztb5HHKCGGncLXY2xKtHCvbjz,NEARPAD,So11111111111111111111111111111111111111112,SOL,2026-09-27T13:12:58Z,5.40560638568308e-05,54055.961458302,,0.0,0.0,0.0,0.0,0,0,0,0,0,0,0,0,0,0,0,0,snapshot,,,,,,,/home/runner/work/Solana-Memecoin-Analysis/Solana-Memecoin-Analysis/data/cache/2026-09-29/011831860229_multi_pools_ff113fd9663a.json
2026-09-29T01:18:23.512814+00:00,9TT3NbWogWjbQh7b3s1hfcqYF7VJHmg8uNcXDjtPRnh4,solana,Orca,AQVcP67EpMyu4cBZZjqMu91cVsWy1aX98JmcZm1FyY9,AQUA,So11111111111111111111111111111111111111112,SOL,2026-09-16T09:33:31Z,0.0018657921781150106,1798505.03719735,1798587.0359769,248981.1403,286.3692391134,18859.6460304347,437654.389326631,3,0,3,0,71,37,46,25,1537,1410,778,588,snapshot,,,,,,,/home/runner/work/Solana-Memecoin-Analysis/Solana-Memecoin-Analysis/data/cache/2026-09-29/011831860229_multi_pools_ff113fd9663a.json
2026-09-29T01:18:23.512814+00:00,8N2XJYyVBMrd4B5LUTd5pFe3uWwp5h4cWib9AxTxbHxv,solana,PumpSwap,6uPEdkU2xPg1iyfLzV1ssUwvve8nndA2sd6nBFrb1n58,NEARPAD,So11111111111111111111111111111111111111112,SOL,2026-09-27T12:11:00Z,2.745882646565005e-05,26468.1834521507,,15945.7198,7.7399558128,3545.929071636,257760.40270936,1,1,1,1,45,36,37,33,2850,2780,1080,1397,snapshot,,,,,,,/home/runner/work/Solana-Memecoin-Analysis/Solana-Memecoin-Analysis/data/cache/2026-09-29/011831860229_multi_pools_ff113fd9663a.json
2026-09-29T01:18:23.512814+00:00,GX1kpv4WAUfk5C3hudcosFP3hZz3uHZT9wL1QhTM3CPC,solana,Meteora,HCy7vxTApN2Lcv6Rw1MZazXsEofXFLxWCVbJBhF8pump,Newscum,So11111111111111111111111111111111111111112,SOL,2026-09-27T17:45:29Z,4.7664508633330234e-05,46645.2512484959,,115.6909,0.0,0.0,129.6093447082,0,0,0,0,0,0,0,0,58,34,36,25,snapshot,,,,,,,/home/runner/work/Solana-Memecoin-Analysis/Solana-Memecoin-Analysis/data/cache/2026-09-29/011831860229_multi_pools_ff113fd9663a.json
2026-09-29T01:18:23.512814+00:00,4kK8yoJ2ohrDp5F6tFshUS8sboYBbTBLgCTmosKBv8i6,solana,PumpSwap,AzzCRDu99QeTgLCHmqQTgM8quLLiodjXVJ5FN5wEpump,pumpkoin,So11111111111111111111111111111111111111112,SOL,2026-09-27T20:25:50Z,2.4931951927005823e-06,2424.0218200548,,2611.4404,0.0,24.931951927,77.9267656032,0,0,0,0,0,1,0,1,2,19,2,16,snapshot,,,,,,,/home/runner/work/Solana-Memecoin-Analysis/Solana-Memecoin-Analysis/data/cache/2026-09-29/011831860229_multi_pools_ff113fd9663a.json
2026-09-29T01:18:23.512814+00:00,GumJV1EPzb7i3oMmFnuqHwC4G8ZMPpkEeCSkBFAqo8er,solana,Pump.fun,BjisTufDR6yZEBKHynbpZXcvhXBDh6RPeHfKj3QTpump,STRIPED,So11111111111111111111111111111111111111112,SOL,2026-09-27T20:25:45Z,3.3858522819810353e-06,3385.8522819999,,2683.9283,0.0,0.0,26.3960655676,0,0,0,0,0,0,0,0,0,10,0,10,snapshot,,,,,,,/home/runner/work/Solana-Memecoin-Analysis/Solana-Memecoin-Analysis/data/cache/2026-09-29/011831860229_multi_pools_ff113fd9663a.json
2026-09-29T01:18:23.512814+00:00,D73A46Q2yjqh6jvp8QFnCKpWH8MS1PNjGcELjH6drgux,solana,Meteora DBC,4WBpkZtNbGxZpS7z9i7tL6WsWyRG8F5xMZssLAtmgqUf,METAx,So11111111111111111111111111111111111111112,SOL,2026-09-27T20:25:45Z,5.338670323597628e-12,0.005338670324,,0.0,0.0,0.0,0.0,0,0,0,0,0,0,0,0,0,0,0,0,snapshot,,,,,,,/home/runner/work/Solana-Memecoin-Analysis/Solana-Memecoin-Analysis/data/cache/2026-09-29/011831860229_multi_pools_ff113fd9663a.json
2026-09-29T01:18:23.512814+00:00,8PtacMHtkEAZPVCuFx1HNTHVXbCsUehnz2Xbojen3YKm,solana,Meteora DAMM V2,CwCxiHcdB6DxTGeCk1HLBmRAnRpQLC6Cwbq5NXfYW88r,Musers,So11111111111111111111111111111111111111112,SOL,2026-09-27T20:25:43Z,1.4311243391011707e-05,14311.2434043112,,2.810732058e-05,0.0,0.0,0.0,0,0,0,0,0,0,0,0,0,0,0,0,snapshot,,,,,,,/home/runner/work/Solana-Memecoin-Analysis/Solana-Memecoin-Analysis/data/cache/2026-09-29/011831860229_multi_pools_ff113fd9663a.json
2026-09-29T01:18:23.512814+00:00,B1SS1fQFxcfGivJRNgNbxSZZy5dkasAjdHjkyqj5NJEb,solana,Pump.fun,5S3aRDgfVygUKCaSWLWUWGRya5wu2VhtTYvGLunKpump,PUMP,So11111111111111111111111111111111111111112,SOL,2026-09-27T23:15:02Z,4.394247645595072e-06,8784.60246,,3283.2803,0.0,0.0,0.0,0,0,0,0,0,0,0,0,0,0,0,0,snapshot,,,,,,,/home/runner/work/Solana-Memecoin-Analysis/Solana-Memecoin-Analysis/data/cache/2026-09-29/011831860229_multi_pools_ff113fd9663a.json
2026-09-29T01:18:23.512814+00:00,8MNKJHaf9MNGBtYtAkdpzzwiK7ZtXMq2dstochyFRotv,solana,Pump.fun,9xBuCxveoD8FcjG3sE8AfiS6ZwgSVit2UcvtCgWXpump,dv's  feet,So11111111111111111111111111111111111111112,SOL,2026-09-27T23:14:57Z,3.404201370755914e-06,3404.201405,,2629.5106,0.0,0.0,0.0,0,0,0,0,0,0,0,0,0,0,0,0,snapshot,,,,,,,/home/runner/work/Solana-Memecoin-Analysis/Solana-Memecoin-Analysis/data/cache/2026-09-29/011831860229_multi_pools_ff113fd9663a.json
2026-09-29T01:18:23.512814+00:00,DdawFMHHeLZRHEPCZmMDQKh7nbwQyBETKiboqHYWtWga,solana,Pump.fun,4LhZ2gaYkH4APexbuHQpNjJtn8uKiyqSPeFAYYcmpump,TT,So11111111111111111111111111111111111111112,SOL,2026-09-27T23:14:54Z,3.4021441920886774e-06,3402.144192,,2622.1351,0.0,0.0,0.0,0,0,0,0,0,0,0,0,0,0,0,0,snapshot,,,,,,,/home/runner/work/Solana-Memecoin-Analysis/Solana-Memecoin-Analysis/data/cache/2026-09-29/011831860229_multi_pools_ff113fd9663a.json
2026-09-29T01:18:23.512814+00:00,GehngEbFezkDDiP8WXD3csv7KeoXeuBdLH75zk8zSnYv,solana,Pump.fun,4yt1SS6JL6cvTaSAcb2VZ8b7c7tnHAJKU2ZixtFkpump,FHC,So11111111111111111111111111111111111111112,SOL,2026-09-27T23:14:52Z,1.743617461802923e-06,3487.234924,,1344.6413,0.0,0.0,0.0,0,0,0,0,0,0,0,0,0,0,0,0,snapshot,,,,,,,/home/runner/work/Solana-Memecoin-Analysis/Solana-Memecoin-Analysis/data/cache/2026-09-29/011831860229_multi_pools_ff113fd9663a.json
2026-09-29T01:18:23.512814+00:00,4PfVVao9XBBvC2isLT2m2pmxgUopAHQizCuMtawZfdik,solana,Pump.fun,DyAfMfUBVekuUHkzmJfKZ3oYYfNjFWqj8YB115m8pump,RUPERT,So11111111111111111111111111111111111111112,SOL,2026-09-27T23:14:52Z,3.307627271461261e-06,3307.627271,,2625.0664,0.0,0.0,1.6734678528,0,0,0,0,0,0,0,0,1,0,1,0,snapshot,,,,,,,/home/runner/work/Solana-Memecoin-Analysis/Solana-Memecoin-Analysis/data/cache/2026-09-29/011831860229_multi_pools_ff113fd9663a.json
2026-09-29T01:18:23.512814+00:00,7HVJQvYWX2apdWi1DuqHL9xaSAniUiWdrsE3ChFgS9fC,solana,Pump.fun,7a3vBrpxjiNaycqq8ouWTUB1NrS497tHRTTZsyFxpump,memecoin,So11111111111111111111111111111111111111112,SOL,2026-09-27T23:14:44Z,3.422987775634639e-06,3422.987741,,2640.5383,0.0,0.0,0.0,0,0,0,0,0,0,0,0,0,0,0,0,snapshot,,,,,,,/home/runner/work/Solana-Memecoin-Analysis/Solana-Memecoin-Analysis/data/cache/2026-09-29/011831860229_multi_pools_ff113fd9663a.json
2026-09-29T01:18:23.512814+00:00,4NUVgppjK1Biohf6AQYwwbQ8EvteZszm7KqXqHMMkdSj,solana,Pump.fun,DTyERaVygP6QE3gyFf44JiJ9hxWBEFRUZ8FhupbSpump,GPTCHAN,So11111111111111111111111111111111111111112,SOL,2026-09-27T23:14:42Z,3.4018875309727884e-06,3401.887531,,2622.3006,0.0,0.0,0.0,0,0,0,0,0,0,0,0,0,0,0,0,snapshot,,,,,,,/home/runner/work/Solana-Memecoin-Analysis/Solana-Memecoin-Analysis/data/cache/2026-09-29/011831860229_multi_pools_ff113fd9663a.json
2026-09-29T01:18:23.512814+00:00,9D26YyQ8gzRMmraKnFiACsgEPW2WCaTKWa1Ly5UXdWwg,solana,Pump.fun,Egmh6Bz3w7czqTTiV5f7SEZnZPKsFavugzEkc77wpump,crimingfun,So11111111111111111111111111111111111111112,SOL,2026-09-27T23:14:37Z,3.522086317901817e-06,3352.9597,,3435.6211,0.0,0.0,3382.8399300298,0,0,0,0,0,0,0,0,20,42,20,42,snapshot,,,,,,,/home/runner/work/Solana-Memecoin-Analysis/Solana-Memecoin-Analysis/data/cache/2026-09-29/011839399565_multi_pools_b75c6a949f64.json
2026-09-29T01:18:23.512814+00:00,2Eg7VWCESpqfkU8YaPu1NHFmAE1ZFQnnshKJBkBRHiaU,solana,PumpSwap,9D5bQtJxpX9d4QYGM76M2F48TdNKGCiBXqDLyLxAmoon,GLDANVL,So11111111111111111111111111111111111111112,SOL,2026-09-27T23:14:35Z,0.10537627893108323,84301.02312,,0.0236,0.0,0.0,0.0,0,0,0,0,0,0,0,0,0,0,0,0,snapshot,,,,,,,/home/runner/work/Solana-Memecoin-Analysis/Solana-Memecoin-Analysis/data/cache/2026-09-29/011839399565_multi_pools_b75c6a949f64.json
2026-09-29T01:18:23.512814+00:00,JH3HWBTy7yUADKdBse19qf7hht4qKVDB73H8FqEx8nW,solana,Meteora DAMM V2,3q952dApu1r2fi6pHotgrxrFsA2MwmNKSLWbYwzvAG22,all/in,So11111111111111111111111111111111111111112,SOL,2026-09-28T01:44:26Z,2.1360702369894476e-05,19807.5903894228,,0.000184587289388277,0.0,0.0,542493.744422348,0,0,0,0,0,0,0,0,3018,1611,1836,83,snapshot,,,,,,,/home/runner/work/Solana-Memecoin-Analysis/Solana-Memecoin-Analysis/data/cache/2026-09-29/011839399565_multi_pools_b75c6a949f64.json
2026-09-29T01:18:23.512814+00:00,5P5puapLgFK1T3QQ3mhTwKYfV6EnFGy8WawX5oBmAQin,solana,Orca,8KLse1JEw4hY6w3kjqddyKNpAGFbKHzV26gbhxLt6bsf,Zolik,Es9vMFrzaCERmJfrF4H2FYD4KCoNkY11McCe8BenwNYB,USDT,2026-09-28T01:44:25Z,3.5577069443123278e-06,43.3803333079,,6291.2567,0.0,0.0,275.4000244469,0,0,0,0,0,0,0,0,5,0,5,0,snapshot,,,,,,,/home/runner/work/Solana-Memecoin-Analysis/Solana-Memecoin-Analysis/data/cache/2026-09-29/011839399565_multi_pools_b75c6a949f64.json
2026-09-29T01:18:23.512814+00:00,34KsDfgNAKMMrcAus7nQwRtXyoF8BQNEB8mBXuA2gVfg,solana,Pump.fun,AiZFQsRjewkVt8pMaUTq1KFwTcq6yHaWvaSFWZrJpump,WORLPEACE,So11111111111111111111111111111111111111112,SOL,2026-09-28T01:44:13Z,1.0766303002518032e-06,2153.2606,,829.9064,0.0,0.0,129.7797800227,0,0,0,0,0,0,0,0,30,17,4,4,snapshot,,,,,,,/home/runner/work/Solana-Memecoin-Analysis/Solana-Memecoin-Analysis/data/cache/2026-09-29/011839399565_multi_pools_b75c6a949f64.json
2026-09-29T01:18:23.512814+00:00,7kAxgJc1RwTkfzdHP3uiK7i2gF3MWiKhiut7dQJv7ebh,solana,Pump.fun,6MRborqyXGe8C1W9dBqazEi7cqTfRDvZRQ7hxSmApump,DIAMOND,So11111111111111111111111111111111111111112,SOL,2026-09-28T01:44:08Z,3.396745290959319e-06,3396.745291,,2630.468,0.0,0.0,2799.5848425162,0,0,0,0,0,0,0,0,53,74,44,44,snapshot,,,,,,,/home/runner/work/Solana-Memecoin-Analysis/Solana-Memecoin-Analysis/data/cache/2026-09-29/011839399565_multi_pools_b75c6a949f64.json
2026-09-29T01:18:23.512814+00:00,Drj5Z8kC33nTjqqf2Q2UoQ6qad26Wzc9aREFhAq4R6Qz,solana,PumpSwap,6UhUkSBc9RBB9gVJcjCWtcQv4t771rQF7bdn2qK7pump,INSTA,So11111111111111111111111111111111111111112,SOL,2026-09-27T23:04:15Z,1.9858980894044627e-05,19718.1607940601,,12276.1611,2.7775865535,795.4918748143,1479580.16189719,3,0,2,0,22,20,13,15,8302,6453,3340,3121,snapshot,,,,,,,/home/runner/work/Solana-Memecoin-Analysis/Solana-Memecoin-Analysis/data/cache/2026-09-29/011839399565_multi_pools_b75c6a949f64.json
2026-09-29T01:18:23.512814+00:00,si9vpHXMQJFqoBwAwHUUtHrRagjYb2FBFKQwyX2gPuC,solana,PumpSwap,3iUTyNYW6xKv5kZUjtbrEDTsuJTrSVwvB3bQtxkLpump,bukangi,SKHYhSjuRWHgikq8eRKbtBbpABgJSkd7ytQV14i9EQ3,SKHY,2026-09-27T13:56:05Z,0.0001907153323536952,186394.051626411,186394.056720186,48290.2408,3504.7606505672,35422.5804200072,2017034.73588473,28,18,21,13,241,178,134,125,9418,7758,2571,3270,snapshot,,,,,,,/home/runner/work/Solana-Memecoin-Analysis/Solana-Memecoin-Analysis/data/cache/2026-09-29/011839399565_multi_pools_b75c6a949f64.json
2026-09-29T01:18:23.512814+00:00,GZwsYYmc2a54HhX9ZGYTzo7LBChq1SSRDiV6RvvCBXzx,solana,PumpSwap,92BVgXufGjaMUyANA97dvg8LqNb5VMg2wgRfve9tPdCG,DELREY,So11111111111111111111111111111111111111112,SOL,2026-09-27T13:25:31Z,0.00010980106030577754,111538.9242,,31533.1551,490.2058994698,18798.1450332915,1272494.08675403,4,11,4,11,142,158,99,107,8200,6052,2370,2293,snapshot,,,,,,,/home/runner/work/Solana-Memecoin-Analysis/Solana-Memecoin-Analysis/data/cache/2026-09-29/011839399565_multi_pools_b75c6a949f64.json
2026-09-29T01:18:23.512814+00:00,GLE7xAHyVCnhv2yiBqdNrWJHD6cMnTMQhEYrGPdvWkaw,solana,Pump.fun,GaxjzrsyqYo2YXqEeNZGsm7wJCWi4cxQhXHkWWyJpump,Rider,So11111111111111111111111111111111111111112,SOL,2026-09-28T07:41:47Z,3.164277795e-09,6.32855559,,3.4157,0.0,0.0,626.3595789329,0,0,0,0,0,0,0,0,121,138,32,32,snapshot,,,,,,,/home/runner/work/Solana-Memecoin-Analysis/Solana-Memecoin-Analysis/data/cache/2026-09-29/011839399565_multi_pools_b75c6a949f64.json
2026-09-29T01:18:23.512814+00:00,9AnmWcYmAXVmc2uFB38aPt7gioLmzZkB2qbY1dfStpHH,solana,Pump.fun,CvFrxPqeLo1HhJa6onxsd7WRkewmwKtCb8YVjz7Hpump,CHONKS,So11111111111111111111111111111111111111112,SOL,2026-09-28T07:41:46Z,5.4170673697189886e-06,10834.13474,,4281.0039,0.0,0.0,38.6213508672,0,0,0,0,0,0,0,0,3,1,2,1,snapshot,,,,,,,/home/runner/work/Solana-Memecoin-Analysis/Solana-Memecoin-Analysis/data/cache/2026-09-29/011839399565_multi_pools_b75c6a949f64.json
2026-09-29T01:18:23.512814+00:00,42K3pzTArPBitB4F1ALYQm2qoCoUJy9L8eX7gqy1mGgM,solana,Pump.fun,2psZVyyoRwybfLZPXfSLwGijd6nDdK5STeyv6Wcjpump,MLK,So11111111111111111111111111111111111111112,SOL,2026-09-28T07:41:26Z,6.919321531353303e-08,138.38643062,,57.3342,0.0,0.0,383.2691602147,0,0,0,0,0,0,0,0,71,67,8,7,snapshot,,,,,,,/home/runner/work/Solana-Memecoin-Analysis/Solana-Memecoin-Analysis/data/cache/2026-09-29/011839399565_multi_pools_b75c6a949f64.json
2026-09-29T01:18:23.512814+00:00,4b1TJHJayTvtmiLGfZ87os7hQgRspGbp9f3SAAXARaqy,solana,Pump.fun,6rUxzHbCqJJZUrzsubFTrLDmJWDG9UyRVz7W1jjQdwMa,MINTCLIP,So11111111111111111111111111111111111111112,SOL,2026-09-28T07:41:24Z,3.350731266e-06,3350.731266,,2661.3441,0.0,0.0,870.6909279157,0,0,0,0,0,0,0,0,40,40,40,40,snapshot,,,,,,,/home/runner/work/Solana-Memecoin-Analysis/Solana-Memecoin-Analysis/data/cache/2026-09-29/011839399565_multi_pools_b75c6a949f64.json
2026-09-29T01:18:23.512814+00:00,3BKVYcJgqmzHRQCg3NgifEC77hQLczyZ8kmZyvwMwREb,solana,Meteora DAMM V2,GFCg1WqNBHwRHHaw5eXH2SioKTpuqjcCn8tznxPunvSZ,TEST1,So11111111111111111111111111111111111111112,SOL,2026-09-28T07:41:22Z,4.041250334332833e-06,4041.250334,,7.186,0.0,0.0,1.8651797126,0,0,0,0,0,0,0,0,2,2,2,2,snapshot,,,,,,,/home/runner/work/Solana-Memecoin-Analysis/Solana-Memecoin-Analysis/data/cache/2026-09-29/011839399565_multi_pools_b75c6a949f64.json
2026-09-29T01:18:23.512814+00:00,FkaYyJ7YUA8FpbQiZo6fH9iRBLGifRoaAafV5vJFBztA,solana,Pump.fun,7cE5SmNbSWazw755o5PuDqiHmXQTok4ib8JUGe2Npump,VTOR,So11111111111111111111111111111111111111112,SOL,2026-09-28T07:41:14Z,3.3423348597150064e-06,3342.33486,,2646.263,0.0,0.0,1996.6247792885,0,0,0,0,0,0,0,0,42,42,41,38,snapshot,,,,,,,/home/runner/work/Solana-Memecoin-Analysis/Solana-Memecoin-Analysis/data/cache/2026-09-29/011839399565_multi_pools_b75c6a949f64.json
2026-09-29T01:18:23.512814+00:00,CbR2UL7ktBr8MUUTj3FYcURZerp28GA2p1vPuMeKy1Je,solana,PumpSwap,8DXqVUopcdviLvujTcpwEqkKzB43Arp6E1axzsEE5Btq,moin,So11111111111111111111111111111111111111112,SOL,2026-09-27T20:48:56Z,0.00017989422621289712,174760.764637006,174760.826884497,45267.0031,1125.4384571342,14039.9577662776,1797048.79940098,5,12,4,10,131,177,98,119,11513,11201,4168,4940,snapshot,,,,,,,/home/runner/work/Solana-Memecoin-Analysis/Solana-Memecoin-Analysis/data/cache/2026-09-29/011839399565_multi_pools_b75c6a949f64.json
2026-09-29T01:18:23.512814+00:00,9u9iogoJTjavJt8uW8GxqpTnaZo9xKtKFCA2nJKbaSK,solana,PumpSwap,5XtxwuwEbkLM1J86myuKKNcR5rr7hvwf4BKjHeHjpump,BABYCALI,So11111111111111111111111111111111111111112,SOL,2026-09-27T16:40:04Z,5.050653219740772e-06,4979.6053133461,5050.65322,4731.0401,0.0,178.202762815,2908474.05199284,0,0,0,0,4,2,3,2,24235,21637,7221,9986,snapshot,,,,,,,/home/runner/work/Solana-Memecoin-Analysis/Solana-Memecoin-Analysis/data/cache/2026-09-29/011839399565_multi_pools_b75c6a949f64.json
2026-09-29T01:18:23.512814+00:00,DqXXV4vcBjSf39TYCnC9uFUsohzhgScewXwoX4Q7XUzH,solana,PumpSwap,7tEsDuij7aj4b2jLUAS5oXcp6B3zWratYVmviS5zpump,VAULT,So11111111111111111111111111111111111111112,SOL,2026-09-27T20:06:28Z,0.00011805491402965816,117097.634529486,117097.634529486,34765.644,26.1614740367,14518.592965649,615215.567839478,0,2,0,2,62,81,39,58,4412,4584,1566,2005,snapshot,,,,,,,/home/runner/work/Solana-Memecoin-Analysis/Solana-Memecoin-Analysis/data/cache/2026-09-29/011839399565_multi_pools_b75c6a949f64.json
2026-09-29T01:18:23.512814+00:00,CehXCosbGS31heNL6VotLqaSnFHZy8XmNWEyWEeXikrZ,solana,PumpSwap,E4vwseNWpkBxzNxyv3msVLCzYHU5SXrj1QWXEycypump,BOB,So11111111111111111111111111111111111111112,SOL,2026-09-28T00:24:35Z,0.00031605474175889196,320430.7048,,57224.8765,1311.6985106166,29418.141274809,2939326.32648135,17,14,16,11,218,241,166,115,21185,17228,7883,5799,snapshot,,,,,,,/home/runner/work/Solana-Memecoin-Analysis/Solana-Memecoin-Analysis/data/cache/2026-09-29/011839399565_multi_pools_b75c6a949f64.json
2026-09-29T01:18:23.512814+00:00,FQNUxrszcAoZV4EPTeEg38ZUkn4fiMm7HrYE1NVDvXt1,solana,Pump.fun,64Eu2bT4A9ZAZA5ZNsJ4bA61vsXwAzo3JTZkzKU9pump,$BROKE,EPjFWdd5AufqSSqeM2qN1xzybapC8G4wEGGkZwyTDt1v,USDC,2026-09-28T15:55:15Z,7.978256336049265e-06,15956.512672,,6259.8803,0.0,0.0,109.9688779183,0,0,0,0,0,0,0,0,21,10,4,2,snapshot,,,,,,,/home/runner/work/Solana-Memecoin-Analysis/Solana-Memecoin-Analysis/data/cache/2026-09-29/011839399565_multi_pools_b75c6a949f64.json
2026-09-29T01:18:23.512814+00:00,4fi6ftHZ1bjbUv2AmG285vzzfgoWF9VVMncu6sVqwysX,solana,Pump.fun,8ixpiXrCLBbM9KewwqfzpxqExJ4vATEZZ9hrz7HGpump,ASS,So11111111111111111111111111111111111111112,SOL,2026-09-28T15:55:13Z,3.3373327573191514e-06,3337.332757,,2635.3836,0.0,0.0,163.5301345966,0,0,0,0,0,0,0,0,2,2,2,2,snapshot,,,,,,,/home/runner/work/Solana-Memecoin-Analysis/Solana-Memecoin-Analysis/data/cache/2026-09-29/011839399565_multi_pools_b75c6a949f64.json
2026-09-29T01:18:23.512814+00:00,8j9eX5jDGg6carkgiQsaRbA1assDiBVUrMviGkR5WtUk,solana,Meteora DBC,6KD93SaZ5JwqJxmGv1FZDKA2tmhwRtXY4qRVE5DEh1d4,FRAME,So11111111111111111111111111111111111111112,SOL,2026-09-28T15:55:08Z,3.922613638536371e-06,3922.613639,,3910.7259,0.0,0.0,2103.3545664977,0,0,0,0,0,0,0,0,11,11,11,11,snapshot,,,,,,,/home/runner/work/Solana-Memecoin-Analysis/Solana-Memecoin-Analysis/data/cache/2026-09-29/011839399565_multi_pools_b75c6a949f64.json
2026-09-29T01:18:23.512814+00:00,7NobvNa7Z8ajettKBigL368DiKp7CbEAkGbg5KnpmjHq,solana,Pump.fun,G8HXJs9D3kwJUzcza2JEzMk9SX9fwjhaaifbeXXRpump,$SLJK,So11111111111111111111111111111111111111112,SOL,2026-09-28T15:55:03Z,2.210105168397545e-06,4420.1521116853,,1745.7167,0.0,0.0,53.119010092,0,0,0,0,0,0,0,0,13,11,4,3,snapshot,,,,,,,/home/runner/work/Solana-Memecoin-Analysis/Solana-Memecoin-Analysis/data/cache/2026-09-29/011839399565_multi_pools_b75c6a949f64.json
2026-09-29T01:18:23.512814+00:00,8ewuF2o8ACro7fqWepZ3tKhkbBjndZU4Ldk9scRPw83d,solana,PumpSwap,5tCju6YNxHq5zrA6tGndr6F7TK42mpUFmeE31cSFpump,swordcat,So11111111111111111111111111111111111111112,SOL,2026-09-28T09:13:09Z,0.0005228454046836505,526476.135999999,,71978.8503,13863.6645339382,72910.5587942667,4788309.02455698,77,41,62,36,510,387,303,270,31959,25864,9989,8707,snapshot,,,,,,,/home/runner/work/Solana-Memecoin-Analysis/Solana-Memecoin-Analysis/data/cache/2026-09-29/011839399565_multi_pools_b75c6a949f64.json
2026-09-29T01:18:23.512814+00:00,B4kJcppu2bxh7srJmEJq8NVM9SrpZVLum5YVjGq6VChH,solana,PumpSwap,9pMXEbTjQ5HHiYifGbNBwkMkrQxGyhuSmB8ndKNXpump,SICAT,Xsc9qvGR1efVDFGLrVsmkzv3qi45LTBjeUKSPmx9qEh,NVDAx,2026-09-28T15:21:13Z,0.00029380454816179975,283232.222285259,,58004.9785,3200.2830395009,109629.628204173,3026196.19120388,30,26,25,23,874,709,387,331,25882,15833,9295,6614,snapshot,,,,,,,/home/runner/work/Solana-Memecoin-Analysis/Solana-Memecoin-Analysis/data/cache/2026-09-29/011839399565_multi_pools_b75c6a949f64.json
2026-09-29T01:18:23.512814+00:00,HnhpJPJgBG2KwniMTNW8cVBHvk1hFog3RC3kjnyc23tD,solana,Raydium (CLMM),CARDSccUMFKoPRZxt5vt3ksUbxEFEcnZ3H2pd3dKxYjp,CARDS,EPjFWdd5AufqSSqeM2qN1xzybapC8G4wEGGkZwyTDt1v,USDC,2025-08-29T18:54:46Z,0.22301016570460672,440941182.249969,200765458.131813,3802418.4113,1330.3462835327,216573.65235326,12062070.5763542,6,16,4,12,953,1111,338,501,27086,26344,8355,8106,snapshot,,,,,,,/home/runner/work/Solana-Memecoin-Analysis/Solana-Memecoin-Analysis/data/cache/2026-09-29/011839399565_multi_pools_b75c6a949f64.json
2026-09-29T01:18:23.512814+00:00,e1hvyUmuimhUJwepvsbtY89PGQyAEwu6z723JYwvJxr,solana,PumpSwap,5U2Jb7hgJzGvnFA7UueWbxotHhdrB2AXuSsireWtpump,Mamesuke,So11111111111111111111111111111111111111112,SOL,2026-08-12T04:57:34Z,8.277654792764218e-05,84218.2403170597,,27035.1559,454.5821309787,12113.7998800227,1669406.32960274,3,6,3,4,80,72,48,53,11466,8848,3592,3181,snapshot,,,,,,,/home/runner/work/Solana-Memecoin-Analysis/Solana-Memecoin-Analysis/data/cache/2026-09-29/011839399565_multi_pools_b75c6a949f64.json
2026-09-29T01:18:23.512814+00:00,4wJATBNq9zU7x7WKYxdjkKHzsGsT9QaQwCdHAVM3Nya9,solana,Pump.fun,9jRmLbF7tBCwecCcRht5zaWUri2rQyxkewQibQQ6pump,KCF,So11111111111111111111111111111111111111112,SOL,2026-09-28T21:47:34Z,3.5400837756701923e-06,3540.083776,,2785.609,0.0,0.0,20679.0258946186,0,0,0,0,0,0,0,0,408,326,219,206,snapshot,,,,,,,/home/runner/work/Solana-Memecoin-Analysis/Solana-Memecoin-Analysis/data/cache/2026-09-29/011839399565_multi_pools_b75c6a949f64.json
2026-09-29T01:18:23.512814+00:00,BdAdiQv4VVHAi3gsHi6Nh2A9LyznoFHXKAXdu1rWRGVR,solana,Pump.fun,FdoNF3hQ19iVVd8o4ZQeLdfveVd46Z3UvC5mwPmbpump,Playfund,So11111111111111111111111111111111111111112,SOL,2026-09-28T21:47:21Z,3.3295441273581274e-06,3329.544127,,2698.2574,0.0,0.0,5894.1773147253,0,0,0,0,0,0,0,0,55,61,50,51,snapshot,,,,,,,/home/runner/work/Solana-Memecoin-Analysis/Solana-Memecoin-Analysis/data/cache/2026-09-29/011839399565_multi_pools_b75c6a949f64.json
2026-09-29T01:18:23.512814+00:00,J62aApewEDACJKzHZLP9rtBkUW3mxz4vgtUrbbBt6zVE,solana,Pump.fun,ApR3VmE37VXHXeYZh9xvYYi5Nm6sucdPSTjAvwEipump,SOOTS,So11111111111111111111111111111111111111112,SOL,2026-09-28T21:47:19Z,2.3648681442123127e-06,4729.736288,,1860.2568,0.0,0.0,246.9010650775,0,0,0,0,0,0,0,0,7,7,2,2,snapshot,,,,,,,/home/runner/work/Solana-Memecoin-Analysis/Solana-Memecoin-Analysis/data/cache/2026-09-29/011839399565_multi_pools_b75c6a949f64.json
2026-09-29T01:18:23.512814+00:00,Ee39pzRRb394cEzbkiNUc5kkmFtaY4Y12uXBMASnQc8P,solana,PumpSwap,BAb3haSV1ee2pii7vicCcQ8SQu9QCXAuXifUHj6zWHcF,bit,So11111111111111111111111111111111111111112,SOL,2026-09-28T21:47:17Z,6.196763374742963e-05,61966.1027851822,,6.23482894463201e-07,0.0,0.0,1110.2131538576,0,0,0,0,0,0,0,0,628,9,550,9,snapshot,,,,,,,/home/runner/work/Solana-Memecoin-Analysis/Solana-Memecoin-Analysis/data/cache/2026-09-29/011846349223_multi_pools_fcd09c4ae09f.json
2026-09-29T01:18:23.512814+00:00,9qMhXynsjsEqnZwG47JsPkxssaLSAhtZpWwsEpKJc49X,solana,Pump.fun,5XsGkBMrPjDww1NAswcLMeHHRYdaJdTqpSRFrr8Jpump,DRAMOLDESH,So11111111111111111111111111111111111111112,SOL,2026-09-28T21:47:15Z,3.4119627640479367e-06,3411.962764,,2706.19,0.0,0.0,723.9832960045,0,0,0,0,0,0,0,0,3,3,3,3,snapshot,,,,,,,/home/runner/work/Solana-Memecoin-Analysis/Solana-Memecoin-Analysis/data/cache/2026-09-29/011846349223_multi_pools_fcd09c4ae09f.json
2026-09-29T01:18:23.512814+00:00,6ndrVTJzqBRVRdMd3VnDWnxTErA4cgQddpojWvaeSPHs,solana,Meteora DAMM V2,BAb3haSV1ee2pii7vicCcQ8SQu9QCXAuXifUHj6zWHcF,bit,So11111111111111111111111111111111111111112,SOL,2026-09-28T21:47:10Z,3.9599230993641225e-05,39598.2526562185,,0.1063,0.0,0.0,0.6164327474,0,0,0,0,0,0,0,0,9,6,7,6,snapshot,,,,,,,/home/runner/work/Solana-Memecoin-Analysis/Solana-Memecoin-Analysis/data/cache/2026-09-29/011846349223_multi_pools_fcd09c4ae09f.json
2026-09-29T01:18:23.512814+00:00,FGLnnhaMe4CAasfksZ5CkzHp4Kdm5Qi13DQg6racLL5w,solana,Pump.fun,4C6cSgDvhQTA4ohKBK8v4wum8KKLG2D1xKnj9QQirbgT,PUNK,So11111111111111111111111111111111111111112,SOL,2026-09-28T21:47:08Z,3.3190725773914263e-06,3319.072577,,2632.2383,0.0,0.0,1344.1002783562,0,0,0,0,0,0,0,0,20,8,8,8,snapshot,,,,,,,/home/runner/work/Solana-Memecoin-Analysis/Solana-Memecoin-Analysis/data/cache/2026-09-29/011846349223_multi_pools_fcd09c4ae09f.json
2026-09-29T01:18:23.512814+00:00,EKskT4G5m3e1fDYKDjwmKTouGbTPD2Eazkf3Zajg7cad,solana,Pump.fun,9wWsb1Us8XBF876Xw9kJn7L2Us3W3SPtjLhdJTfgqoGm,BENEVOLENT,So11111111111111111111111111111111111111112,SOL,2026-09-28T21:47:04Z,3.457344930030741e-06,3457.34493,,2744.068,0.0,0.0,3075.302326582,0,0,0,0,0,0,0,0,13,11,11,11,snapshot,,,,,,,/home/runner/work/Solana-Memecoin-Analysis/Solana-Memecoin-Analysis/data/cache/2026-09-29/011846349223_multi_pools_fcd09c4ae09f.json
2026-09-29T01:18:23.512814+00:00,5L6SiELCoXrV9CtcfwUGKJf5EzCRTyDDmkbth1yEKp9f,solana,PumpSwap,2yu92oYzBWLAdVpu8BoaLzmM1oxPsHoboay2BXmeDDZr,FROINK,So11111111111111111111111111111111111111112,SOL,2026-09-28T15:09:03Z,0.0006895608840230219,682106.7786,,90373.9989,3192.1127568783,76570.1759502409,9883694.4845048,27,33,18,27,498,540,288,359,58469,45349,13331,11812,snapshot,,,,,,,/home/runner/work/Solana-Memecoin-Analysis/Solana-Memecoin-Analysis/data/cache/2026-09-29/011846349223_multi_pools_fcd09c4ae09f.json
2026-09-29T01:18:23.512814+00:00,AGubQRJ5T5snYFmUHqbxq4zobCHBhkw2jnC79mHaPqtc,solana,Meteora DAMM V2,AfVUPhruMtJuFVtPj4u8kvpNbNEuy7VQ3ME5eAHq9999,STOXES,So11111111111111111111111111111111111111112,SOL,2026-09-28T18:05:04Z,0.0007973715110721768,804643.674,,88592.3137,4820.3834480509,53224.1663237742,4992027.51675906,15,84,13,27,380,880,269,156,14591,25743,4739,2933,snapshot,,,,,,,/home/runner/work/Solana-Memecoin-Analysis/Solana-Memecoin-Analysis/data/cache/2026-09-29/011846349223_multi_pools_fcd09c4ae09f.json
2026-09-29T01:18:23.512814+00:00,C7r9jXWiVYmBYR2Jj5YSLiEitUGJPjQXWeg7HPU8NwUk,solana,Meteora DAMM V2,C1mBfBoDkwWfd6uTFZp62ARHLjeVp3bDpCDMfMZtPngE,HOOKED,So11111111111111111111111111111111111111112,SOL,2026-09-28T20:05:16Z,0.0025990017221481435,2599001.722,,166886.1249,32308.3351249405,294396.792209684,4169131.45806979,100,72,71,45,725,697,353,373,18626,16600,6672,4910,snapshot,,,,,,,/home/runner/work/Solana-Memecoin-Analysis/Solana-Memecoin-Analysis/data/cache/2026-09-29/011846349223_multi_pools_fcd09c4ae09f.json
2026-09-29T01:18:23.512814+00:00,9xfCyvVYG49LthKxQTYmwp3ALrP3SbTYKA4JgE9Xptee,solana,Pump.fun,GjsEgoFTa9vgQsVfb7hsAufyoj5Q2DD73sEbyNNQpump,Adventure,So11111111111111111111111111111111111111112,SOL,2026-09-29T01:17:07Z,3.391916292934446e-06,3391.916293,,2641.9696,60.3566482155,60.3566482155,60.3566482155,3,0,1,0,3,0,1,0,3,0,1,0,snapshot,,,,,,,/home/runner/work/Solana-Memecoin-Analysis/Solana-Memecoin-Analysis/data/cache/2026-09-29/011846349223_multi_pools_fcd09c4ae09f.json
2026-09-29T01:18:23.512814+00:00,7AfUg67owrxDNzyXW4svbdD2AwCXgLvTaCJK4wcaJEMc,solana,Pump.fun,9NJiG4ieP6nGxm8vSBvMTeWJaGztZUVLkfDFkbMi71qx,XCHANGE,So11111111111111111111111111111111111111112,SOL,2026-09-29T01:17:05Z,3.4408473279556027e-06,4662.489779,,4393.8156,3346.3147746439,3346.3147746439,3346.3147746439,16,15,16,15,16,15,16,15,16,15,16,15,snapshot,,,,,,,/home/runner/work/Solana-Memecoin-Analysis/Solana-Memecoin-Analysis/data/cache/2026-09-29/011846349223_multi_pools_fcd09c4ae09f.json
2026-09-29T01:15:00+00:00,5L6SiELCoXrV9CtcfwUGKJf5EzCRTyDDmkbth1yEKp9f,solana,PumpSwap,,,,,2026-09-28T15:09:03Z,0.0006895608840230219,,,,,,,,,,,,,,,,,,,ohlcv_backfill,minute,0.0006903120535614366,0.0006923478177687746,0.0006645761763863683,0.0006895608840230219,3262.646391718049,/home/runner/work/Solana-Memecoin-Analysis/Solana-Memecoin-Analysis/data/cache/2026-09-29/011856524712_ohlcv_e585714b26d2.json
2026-09-29T01:10:00+00:00,5L6SiELCoXrV9CtcfwUGKJf5EzCRTyDDmkbth1yEKp9f,solana,PumpSwap,,,,,2026-09-28T15:09:03Z,0.0006903120535614366,,,,,,,,,,,,,,,,,,,ohlcv_backfill,minute,0.0007121517770576035,0.0007163007441698038,0.0006729956567874088,0.0006903120535614366,4251.846327748225,/home/runner/work/Solana-Memecoin-Analysis/Solana-Memecoin-Analysis/data/cache/2026-09-29/011856524712_ohlcv_e585714b26d2.json
2026-09-29T01:05:00+00:00,5L6SiELCoXrV9CtcfwUGKJf5EzCRTyDDmkbth1yEKp9f,solana,PumpSwap,,,,,2026-09-28T15:09:03Z,0.0007121517770576035,,,,,,,,,,,,,,,,,,,ohlcv_backfill,minute,0.0007060089016889857,0.0007135139555976736,0.00068449022233027,0.0007121517770576035,2946.1925304501765,/home/runner/work/Solana-Memecoin-Analysis/Solana-Memecoin-Analysis/data/cache/2026-09-29/011856524712_ohlcv_e585714b26d2.json
2026-09-29T01:00:00+00:00,5L6SiELCoXrV9CtcfwUGKJf5EzCRTyDDmkbth1yEKp9f,solana,PumpSwap,,,,,2026-09-28T15:09:03Z,0.0007060089016889857,,,,,,,,,,,,,,,,,,,ohlcv_backfill,minute,0.0006602049624519798,0.0007188707857326822,0.0006518168422516236,0.0007060089016889857,4564.651132548296,/home/runner/work/Solana-Memecoin-Analysis/Solana-Memecoin-Analysis/data/cache/2026-09-29/011856524712_ohlcv_e585714b26d2.json
2026-09-29T00:55:00+00:00,5L6SiELCoXrV9CtcfwUGKJf5EzCRTyDDmkbth1yEKp9f,solana,PumpSwap,,,,,2026-09-28T15:09:03Z,0.0006602049624519798,,,,,,,,,,,,,,,,,,,ohlcv_backfill,minute,0.0006491488413826793,0.0006814850518670078,0.0006315794739847065,0.0006602049624519798,4637.75591094863,/home/runner/work/Solana-Memecoin-Analysis/Solana-Memecoin-Analysis/data/cache/2026-09-29/011856524712_ohlcv_e585714b26d2.json
2026-09-29T00:50:00+00:00,5L6SiELCoXrV9CtcfwUGKJf5EzCRTyDDmkbth1yEKp9f,solana,PumpSwap,,,,,2026-09-28T15:09:03Z,0.0006491488413826793,,,,,,,,,,,,,,,,,,,ohlcv_backfill,minute,0.0006809885826176818,0.0006909991873069069,0.0006433895890679593,0.0006491488413826793,4296.625716923959,/home/runner/work/Solana-Memecoin-Analysis/Solana-Memecoin-Analysis/data/cache/2026-09-29/011856524712_ohlcv_e585714b26d2.json
2026-09-29T00:45:00+00:00,5L6SiELCoXrV9CtcfwUGKJf5EzCRTyDDmkbth1yEKp9f,solana,PumpSwap,,,,,2026-09-28T15:09:03Z,0.0006809885826176818,,,,,,,,,,,,,,,,,,,ohlcv_backfill,minute,0.0007226901599101251,0.0007389362914968623,0.0006734289746026797,0.0006809885826176818,4802.765231958506,/home/runner/work/Solana-Memecoin-Analysis/Solana-Memecoin-Analysis/data/cache/2026-09-29/011856524712_ohlcv_e585714b26d2.json
2026-09-29T00:40:00+00:00,5L6SiELCoXrV9CtcfwUGKJf5EzCRTyDDmkbth1yEKp9f,solana,PumpSwap,,,,,2026-09-28T15:09:03Z,0.0007226901599101251,,,,,,,,,,,,,,,,,,,ohlcv_backfill,minute,0.0007550137820144073,0.0007657557611308515,0.0007226901599101251,0.0007226901599101251,6955.433431628184,/home/runner/work/Solana-Memecoin-Analysis/Solana-Memecoin-Analysis/data/cache/2026-09-29/011856524712_ohlcv_e585714b26d2.json
2026-09-29T00:35:00+00:00,5L6SiELCoXrV9CtcfwUGKJf5EzCRTyDDmkbth1yEKp9f,solana,PumpSwap,,,,,2026-09-28T15:09:03Z,0.0007550137820144073,,,,,,,,,,,,,,,,,,,ohlcv_backfill,minute,0.0007155086661970109,0.0007729799176888422,0.0006372166797491952,0.0007550137820144073,16181.879455744722,/home/runner/work/Solana-Memecoin-Analysis/Solana-Memecoin-Analysis/data/cache/2026-09-29/011856524712_ohlcv_e585714b26d2.json
2026-09-29T00:30:00+00:00,5L6SiELCoXrV9CtcfwUGKJf5EzCRTyDDmkbth1yEKp9f,solana,PumpSwap,,,,,2026-09-28T15:09:03Z,0.0007155086661970109,,,,,,,,,,,,,,,,,,,ohlcv_backfill,minute,0.000734197055544268,0.000758555589920249,0.0007015282372141681,0.0007155086661970109,7118.2474902053855,/home/runner/work/Solana-Memecoin-Analysis/Solana-Memecoin-Analysis/data/cache/2026-09-29/011856524712_ohlcv_e585714b26d2.json
2026-09-29T00:25:00+00:00,5L6SiELCoXrV9CtcfwUGKJf5EzCRTyDDmkbth1yEKp9f,solana,PumpSwap,,,,,2026-09-28T15:09:03Z,0.000734197055544268,,,,,,,,,,,,,,,,,,,ohlcv_backfill,minute,0.0006746228551414885,0.0007492866088290317,0.0006718881209608935,0.000734197055544268,11292.627120644169,/home/runner/work/Solana-Memecoin-Analysis/Solana-Memecoin-Analysis/data/cache/2026-09-29/011856524712_ohlcv_e585714b26d2.json
2026-09-29T00:20:00+00:00,5L6SiELCoXrV9CtcfwUGKJf5EzCRTyDDmkbth1yEKp9f,solana,PumpSwap,,,,,2026-09-28T15:09:03Z,0.0006746228551414885,,,,,,,,,,,,,,,,,,,ohlcv_backfill,minute,0.0007309514259386879,0.000743175594306675,0.0006746228551414885,0.0006746228551414885,6356.207073159137,/home/runner/work/Solana-Memecoin-Analysis/Solana-Memecoin-Analysis/data/cache/2026-09-29/011856524712_ohlcv_e585714b26d2.json
2026-09-29T00:15:00+00:00,5L6SiELCoXrV9CtcfwUGKJf5EzCRTyDDmkbth1yEKp9f,solana,PumpSwap,,,,,2026-09-28T15:09:03Z,0.0007309514259386879,,,,,,,,,,,,,,,,,,,ohlcv_backfill,minute,0.0007709669241357122,0.0007805908590032354,0.0007097079634694947,0.0007309514259386879,11012.021925771489,/home/runner/work/Solana-Memecoin-Analysis/Solana-Memecoin-Analysis/data/cache/2026-09-29/011856524712_ohlcv_e585714b26d2.json
2026-09-29T00:10:00+00:00,5L6SiELCoXrV9CtcfwUGKJf5EzCRTyDDmkbth1yEKp9f,solana,PumpSwap,,,,,2026-09-28T15:09:03Z,0.0007709669241357122,,,,,,,,,,,,,,,,,,,ohlcv_backfill,minute,0.0007116300709461561,0.000776768793165375,0.0007075861142775192,0.0007709669241357122,8540.04220646684,/home/runner/work/Solana-Memecoin-Analysis/Solana-Memecoin-Analysis/data/cache/2026-09-29/011856524712_ohlcv_e585714b26d2.json
2026-09-29T00:05:00+00:00,5L6SiELCoXrV9CtcfwUGKJf5EzCRTyDDmkbth1yEKp9f,solana,PumpSwap,,,,,2026-09-28T15:09:03Z,0.0007116300709461561,,,,,,,,,,,,,,,,,,,ohlcv_backfill,minute,0.0007630376542367922,0.0008016996180466389,0.0006947529074212255,0.0007116300709461561,18805.19588291205,/home/runner/work/Solana-Memecoin-Analysis/Solana-Memecoin-Analysis/data/cache/2026-09-29/011856524712_ohlcv_e585714b26d2.json
2026-09-29T00:00:00+00:00,5L6SiELCoXrV9CtcfwUGKJf5EzCRTyDDmkbth1yEKp9f,solana,PumpSwap,,,,,2026-09-28T15:09:03Z,0.0007630376542367922,,,,,,,,,,,,,,,,,,,ohlcv_backfill,minute,0.0006994095777410496,0.0008261322768500812,0.0006655409130455415,0.0007630376542367922,30569.074618365627,/home/runner/work/Solana-Memecoin-Analysis/Solana-Memecoin-Analysis/data/cache/2026-09-29/011856524712_ohlcv_e585714b26d2.json
2026-09-28T23:55:00+00:00,5L6SiELCoXrV9CtcfwUGKJf5EzCRTyDDmkbth1yEKp9f,solana,PumpSwap,,,,,2026-09-28T15:09:03Z,0.0006994095777410496,,,,,,,,,,,,,,,,,,,ohlcv_backfill,minute,0.0006013567669918705,0.0007250981893389149,0.000587085051116907,0.0006994095777410496,23663.19317214012,/home/runner/work/Solana-Memecoin-Analysis/Solana-Memecoin-Analysis/data/cache/2026-09-29/011856524712_ohlcv_e585714b26d2.json
2026-09-28T23:50:00+00:00,5L6SiELCoXrV9CtcfwUGKJf5EzCRTyDDmkbth1yEKp9f,solana,PumpSwap,,,,,2026-09-28T15:09:03Z,0.0006013567669918705,,,,,,,,,,,,,,,,,,,ohlcv_backfill,minute,0.0006358782411382773,0.0006490789060124768,0.0005910015192597197,0.0006013567669918705,7794.246253069882,/home/runner/work/Solana-Memecoin-Analysis/Solana-Memecoin-Analysis/data/cache/2026-09-29/011856524712_ohlcv_e585714b26d2.json
2026-09-28T23:45:00+00:00,5L6SiELCoXrV9CtcfwUGKJf5EzCRTyDDmkbth1yEKp9f,solana,PumpSwap,,,,,2026-09-28T15:09:03Z,0.0006358782411382773,,,,,,,,,,,,,,,,,,,ohlcv_backfill,minute,0.0006179166500862684,0.0006527905320618975,0.000565610742306189,0.0006358782411382773,22512.767699465956,/home/runner/work/Solana-Memecoin-Analysis/Solana-Memecoin-Analysis/data/cache/2026-09-29/011856524712_ohlcv_e585714b26d2.json
2026-09-28T23:40:00+00:00,5L6SiELCoXrV9CtcfwUGKJf5EzCRTyDDmkbth1yEKp9f,solana,PumpSwap,,,,,2026-09-28T15:09:03Z,0.0006179166500862684,,,,,,,,,,,,,,,,,,,ohlcv_backfill,minute,0.000714099046238238,0.000714099046238238,0.0005828697909543034,0.0006179166500862684,23804.68255118028,/home/runner/work/Solana-Memecoin-Analysis/Solana-Memecoin-Analysis/data/cache/2026-09-29/011856524712_ohlcv_e585714b26d2.json
2026-09-28T23:35:00+00:00,5L6SiELCoXrV9CtcfwUGKJf5EzCRTyDDmkbth1yEKp9f,solana,PumpSwap,,,,,2026-09-28T15:09:03Z,0.000714099046238238,,,,,,,,,,,,,,,,,,,ohlcv_backfill,minute,0.000742602063409263,0.000755103996315861,0.0007113416206725871,0.000714099046238238,8422.654996903111,/home/runner/work/Solana-Memecoin-Analysis/Solana-Memecoin-Analysis/data/cache/2026-09-29/011856524712_ohlcv_e585714b26d2.json
2026-09-28T23:30:00+00:00,5L6SiELCoXrV9CtcfwUGKJf5EzCRTyDDmkbth1yEKp9f,solana,PumpSwap,,,,,2026-09-28T15:09:03Z,0.000742602063409263,,,,,,,,,,,,,,,,,,,ohlcv_backfill,minute,0.0007332426122217239,0.000766608195364364,0.0007172810158729904,0.000742602063409263,6080.083332545249,/home/runner/work/Solana-Memecoin-Analysis/Solana-Memecoin-Analysis/data/cache/2026-09-29/011856524712_ohlcv_e585714b26d2.json
2026-09-28T23:25:00+00:00,5L6SiELCoXrV9CtcfwUGKJf5EzCRTyDDmkbth1yEKp9f,solana,PumpSwap,,,,,2026-09-28T15:09:03Z,0.0007332426122217239,,,,,,,,,,,,,,,,,,,ohlcv_backfill,minute,0.0007486606839339497,0.0007509665420997015,0.0006253952814309941,0.0007332426122217239,47396.39252330535,/home/runner/work/Solana-Memecoin-Analysis/Solana-Memecoin-Analysis/data/cache/2026-09-29/011856524712_ohlcv_e585714b26d2.json
2026-09-28T23:20:00+00:00,5L6SiELCoXrV9CtcfwUGKJf5EzCRTyDDmkbth1yEKp9f,solana,PumpSwap,,,,,2026-09-28T15:09:03Z,0.0007486606839339497,,,,,,,,,,,,,,,,,,,ohlcv_backfill,minute,0.000792146616155243,0.0008581185265306869,0.0007218124000296529,0.0007486606839339497,17351.994477492055,/home/runner/work/Solana-Memecoin-Analysis/Solana-Memecoin-Analysis/data/cache/2026-09-29/011856524712_ohlcv_e585714b26d2.json
2026-09-28T23:15:00+00:00,5L6SiELCoXrV9CtcfwUGKJf5EzCRTyDDmkbth1yEKp9f,solana,PumpSwap,,,,,2026-09-28T15:09:03Z,0.000792146616155243,,,,,,,,,,,,,,,,,,,ohlcv_backfill,minute,0.0007312261476418325,0.0008092559294389972,0.0007258798606561063,0.000792146616155243,18198.18716864253,/home/runner/work/Solana-Memecoin-Analysis/Solana-Memecoin-Analysis/data/cache/2026-09-29/011856524712_ohlcv_e585714b26d2.json
2026-09-28T23:10:00+00:00,5L6SiELCoXrV9CtcfwUGKJf5EzCRTyDDmkbth1yEKp9f,solana,PumpSwap,,,,,2026-09-28T15:09:03Z,0.0007312261476418325,,,,,,,,,,,,,,,,,,,ohlcv_backfill,minute,0.0008248785282468267,0.000864245142055932,0.0006682201871433222,0.0007312261476418325,39956.101084133494,/home/runner/work/Solana-Memecoin-Analysis/Solana-Memecoin-Analysis/data/cache/2026-09-29/011856524712_ohlcv_e585714b26d2.json
2026-09-28T23:05:00+00:00,5L6SiELCoXrV9CtcfwUGKJf5EzCRTyDDmkbth1yEKp9f,solana,PumpSwap,,,,,2026-09-28T15:09:03Z,0.0008248785282468267,,,,,,,,,,,,,,,,,,,ohlcv_backfill,minute,0.0008152824109550812,0.000893595359740779,0.0007936682309155709,0.0008248785282468267,26634.5247742022,/home/runner/work/Solana-Memecoin-Analysis/Solana-Memecoin-Analysis/data/cache/2026-09-29/011856524712_ohlcv_e585714b26d2.json
2026-09-28T23:00:00+00:00,5L6SiELCoXrV9CtcfwUGKJf5EzCRTyDDmkbth1yEKp9f,solana,PumpSwap,,,,,2026-09-28T15:09:03Z,0.0008152824109550812,,,,,,,,,,,,,,,,,,,ohlcv_backfill,minute,0.0009526653848514646,0.0009657595532317522,0.0007707920370628992,0.0008152824109550812,57329.50813192194,/home/runner/work/Solana-Memecoin-Analysis/Solana-Memecoin-Analysis/data/cache/2026-09-29/011856524712_ohlcv_e585714b26d2.json
2026-09-28T22:55:00+00:00,5L6SiELCoXrV9CtcfwUGKJf5EzCRTyDDmkbth1yEKp9f,solana,PumpSwap,,,,,2026-09-28T15:09:03Z,0.0009526653848514646,,,,,,,,,,,,,,,,,,,ohlcv_backfill,minute,0.0014158097623809607,0.0014158097623809607,0.0008132931637367789,0.0009526653848514646,160489.564699528,/home/runner/work/Solana-Memecoin-Analysis/Solana-Memecoin-Analysis/data/cache/2026-09-29/011856524712_ohlcv_e585714b26d2.json
2026-09-28T22:50:00+00:00,5L6SiELCoXrV9CtcfwUGKJf5EzCRTyDDmkbth1yEKp9f,solana,PumpSwap,,,,,2026-09-28T15:09:03Z,0.0014158097623809607,,,,,,,,,,,,,,,,,,,ohlcv_backfill,minute,0.0012337784836337774,0.001529403806011222,0.0010276141004022972,0.0014158097623809607,144673.16769654985,/home/runner/work/Solana-Memecoin-Analysis/Solana-Memecoin-Analysis/data/cache/2026-09-29/011856524712_ohlcv_e585714b26d2.json
2026-09-28T22:45:00+00:00,5L6SiELCoXrV9CtcfwUGKJf5EzCRTyDDmkbth1yEKp9f,solana,PumpSwap,,,,,2026-09-28T15:09:03Z,0.0012337784836337774,,,,,,,,,,,,,,,,,,,ohlcv_backfill,minute,0.0008520470108429636,0.0014518677700854166,0.0007343152275251463,0.0012337784836337774,186557.0966009643,/home/runner/work/Solana-Memecoin-Analysis/Solana-Memecoin-Analysis/data/cache/2026-09-29/011856524712_ohlcv_e585714b26d2.json
2026-09-28T22:40:00+00:00,5L6SiELCoXrV9CtcfwUGKJf5EzCRTyDDmkbth1yEKp9f,solana,PumpSwap,,,,,2026-09-28T15:09:03Z,0.0008520470108429636,,,,,,,,,,,,,,,,,,,ohlcv_backfill,minute,0.0008117216235972435,0.0008592922055649506,0.000793234408370922,0.0008520470108429636,9547.834624801133,/home/runner/work/Solana-Memecoin-Analysis/Solana-Memecoin-Analysis/data/cache/2026-09-29/011856524712_ohlcv_e585714b26d2.json
2026-09-28T22:35:00+00:00,5L6SiELCoXrV9CtcfwUGKJf5EzCRTyDDmkbth1yEKp9f,solana,PumpSwap,,,,,2026-09-28T15:09:03Z,0.0008117216235972435,,,,,,,,,,,,,,,,,,,ohlcv_backfill,minute,0.0008068523376120649,0.000831740362311793,0.000771967339680645,0.0008117216235972435,12763.479320818235,/home/runner/work/Solana-Memecoin-Analysis/Solana-Memecoin-Analysis/data/cache/2026-09-29/011856524712_ohlcv_e585714b26d2.json
2026-09-28T22:30:00+00:00,5L6SiELCoXrV9CtcfwUGKJf5EzCRTyDDmkbth1yEKp9f,solana,PumpSwap,,,,,2026-09-28T15:09:03Z,0.0008068523376120649,,,,,,,,,,,,,,,,,,,ohlcv_backfill,minute,0.0007818053695250094,0.0008623550412018263,0.0007720238156013619,0.0008068523376120649,12246.924355875879,/home/runner/work/Solana-Memecoin-Analysis/Solana-Memecoin-Analysis/data/cache/2026-09-29/011856524712_ohlcv_e585714b26d2.json
2026-09-28T22:25:00+00:00,5L6SiELCoXrV9CtcfwUGKJf5EzCRTyDDmkbth1yEKp9f,solana,PumpSwap,,,,,2026-09-28T15:09:03Z,0.0007818053695250094,,,,,,,,,,,,,,,,,,,ohlcv_backfill,minute,0.0007802103449416897,0.0008360979244089305,0.0007483354178405449,0.0007818053695250094,19818.320970013174,/home/runner/work/Solana-Memecoin-Analysis/Solana-Memecoin-Analysis/data/cache/2026-09-29/011856524712_ohlcv_e585714b26d2.json
2026-09-28T22:20:00+00:00,5L6SiELCoXrV9CtcfwUGKJf5EzCRTyDDmkbth1yEKp9f,solana,PumpSwap,,,,,2026-09-28T15:09:03Z,0.0007802103449416897,,,,,,,,,,,,,,,,,,,ohlcv_backfill,minute,0.0008808567262952131,0.0008808567262952131,0.0006846327195684037,0.0007802103449416897,67320.14136886851,/home/runner/work/Solana-Memecoin-Analysis/Solana-Memecoin-Analysis/data/cache/2026-09-29/011856524712_ohlcv_e585714b26d2.json
2026-09-28T22:15:00+00:00,5L6SiELCoXrV9CtcfwUGKJf5EzCRTyDDmkbth1yEKp9f,solana,PumpSwap,,,,,2026-09-28T15:09:03Z,0.0008808567262952131,,,,,,,,,,,,,,,,,,,ohlcv_backfill,minute,0.001126011286953185,0.0011651270008590155,0.0008512434422651274,0.0008808567262952131,40581.81567510362,/home/runner/work/Solana-Memecoin-Analysis/Solana-Memecoin-Analysis/data/cache/2026-09-29/011856524712_ohlcv_e585714b26d2.json
2026-09-28T22:10:00+00:00,5L6SiELCoXrV9CtcfwUGKJf5EzCRTyDDmkbth1yEKp9f,solana,PumpSwap,,,,,2026-09-28T15:09:03Z,0.001126011286953185,,,,,,,,,,,,,,,,,,,ohlcv_backfill,minute,0.0010948819761520503,0.0011719734354197616,0.0010285078751717837,0.001126011286953185,23214.057873211714,/home/runner/work/Solana-Memecoin-Analysis/Solana-Memecoin-Analysis/data/cache/2026-09-29/011856524712_ohlcv_e585714b26d2.json
2026-09-28T22:05:00+00:00,5L6SiELCoXrV9CtcfwUGKJf5EzCRTyDDmkbth1yEKp9f,solana,PumpSwap,,,,,2026-09-28T15:09:03Z,0.0010948819761520503,,,,,,,,,,,,,,,,,,,ohlcv_backfill,minute,0.001246845104306275,0.001246845104306275,0.0010420568305880417,0.0010948819761520503,37037.96293448862,/home/runner/work/Solana-Memecoin-Analysis/Solana-Memecoin-Analysis/data/cache/2026-09-29/011856524712_ohlcv_e585714b26d2.json
2026-09-28T22:00:00+00:00,5L6SiELCoXrV9CtcfwUGKJf5EzCRTyDDmkbth1yEKp9f,solana,PumpSwap,,,,,2026-09-28T15:09:03Z,0.001246845104306275,,,,,,,,,,,,,,,,,,,ohlcv_backfill,minute,0.001472842331074881,0.0015339079812760011,0.0011442998997233714,0.001246845104306275,97690.35631775418,/home/runner/work/Solana-Memecoin-Analysis/Solana-Memecoin-Analysis/data/cache/2026-09-29/011856524712_ohlcv_e585714b26d2.json
2026-09-28T21:55:00+00:00,5L6SiELCoXrV9CtcfwUGKJf5EzCRTyDDmkbth1yEKp9f,solana,PumpSwap,,,,,2026-09-28T15:09:03Z,0.001472842331074881,,,,,,,,,,,,,,,,,,,ohlcv_backfill,minute,0.0013338566931200338,0.00153995432340971,0.001173381545052763,0.001472842331074881,77046.30148570446,/home/runner/work/Solana-Memecoin-Analysis/Solana-Memecoin-Analysis/data/cache/2026-09-29/011856524712_ohlcv_e585714b26d2.json
2026-09-28T21:50:00+00:00,5L6SiELCoXrV9CtcfwUGKJf5EzCRTyDDmkbth1yEKp9f,solana,PumpSwap,,,,,2026-09-28T15:09:03Z,0.0013338566931200338,,,,,,,,,,,,,,,,,,,ohlcv_backfill,minute,0.0012149156288148424,0.0016906442571353918,0.0011637492366994803,0.0013338566931200338,167115.70031342693,/home/runner/work/Solana-Memecoin-Analysis/Solana-Memecoin-Analysis/data/cache/2026-09-29/011856524712_ohlcv_e585714b26d2.json
2026-09-28T21:45:00+00:00,5L6SiELCoXrV9CtcfwUGKJf5EzCRTyDDmkbth1yEKp9f,solana,PumpSwap,,,,,2026-09-28T15:09:03Z,0.0012149156288148424,,,,,,,,,,,,,,,,,,,ohlcv_backfill,minute,0.0010368501760706257,0.001217910119855095,0.0009651327042242864,0.0012149156288148424,72028.60790917273,/home/runner/work/Solana-Memecoin-Analysis/Solana-Memecoin-Analysis/data/cache/2026-09-29/011856524712_ohlcv_e585714b26d2.json
2026-09-28T21:40:00+00:00,5L6SiELCoXrV9CtcfwUGKJf5EzCRTyDDmkbth1yEKp9f,solana,PumpSwap,,,,,2026-09-28T15:09:03Z,0.0010368501760706257,,,,,,,,,,,,,,,,,,,ohlcv_backfill,minute,0.0009874189474145302,0.0012705930011678163,0.0009040867071632146,0.0010368501760706257,203517.60806557225,/home/runner/work/Solana-Memecoin-Analysis/Solana-Memecoin-Analysis/data/cache/2026-09-29/011856524712_ohlcv_e585714b26d2.json
2026-09-28T21:35:00+00:00,5L6SiELCoXrV9CtcfwUGKJf5EzCRTyDDmkbth1yEKp9f,solana,PumpSwap,,,,,2026-09-28T15:09:03Z,0.0009874189474145302,,,,,,,,,,,,,,,,,,,ohlcv_backfill,minute,0.0007000220545818272,0.0011558477578618174,0.000666729466851861,0.0009874189474145302,72227.07897735407,/home/runner/work/Solana-Memecoin-Analysis/Solana-Memecoin-Analysis/data/cache/2026-09-29/011856524712_ohlcv_e585714b26d2.json
2026-09-28T21:30:00+00:00,5L6SiELCoXrV9CtcfwUGKJf5EzCRTyDDmkbth1yEKp9f,solana,PumpSwap,,,,,2026-09-28T15:09:03Z,0.0007000220545818272,,,,,,,,,,,,,,,,,,,ohlcv_backfill,minute,0.0007181076785023482,0.0007514200643124776,0.0006527407350285823,0.0007000220545818272,29998.951043568384,/home/runner/work/Solana-Memecoin-Analysis/Solana-Memecoin-Analysis/data/cache/2026-09-29/011856524712_ohlcv_e585714b26d2.json
2026-09-28T21:25:00+00:00,5L6SiELCoXrV9CtcfwUGKJf5EzCRTyDDmkbth1yEKp9f,solana,PumpSwap,,,,,2026-09-28T15:09:03Z,0.0007181076785023482,,,,,,,,,,,,,,,,,,,ohlcv_backfill,minute,0.0006722881652161135,0.000769907183322863,0.0006253464357139967,0.0007181076785023482,36248.30231643894,/home/runner/work/Solana-Memecoin-Analysis/Solana-Memecoin-Analysis/data/cache/2026-09-29/011856524712_ohlcv_e585714b26d2.json
2026-09-28T21:20:00+00:00,5L6SiELCoXrV9CtcfwUGKJf5EzCRTyDDmkbth1yEKp9f,solana,PumpSwap,,,,,2026-09-28T15:09:03Z,0.0006722881652161135,,,,,,,,,,,,,,,,,,,ohlcv_backfill,minute,0.0008083821759720985,0.000845969368420149,0.0006061117649512293,0.0006722881652161135,83419.3222415029,/home/runner/work/Solana-Memecoin-Analysis/Solana-Memecoin-Analysis/data/cache/2026-09-29/011856524712_ohlcv_e585714b26d2.json
2026-09-28T21:15:00+00:00,5L6SiELCoXrV9CtcfwUGKJf5EzCRTyDDmkbth1yEKp9f,solana,PumpSwap,,,,,2026-09-28T15:09:03Z,0.0008083821759720985,,,,,,,,,,,,,,,,,,,ohlcv_backfill,minute,0.000818512639762512,0.0009359987721070668,0.0007908672062686416,0.0008083821759720985,24599.461615697557,/home/runner/work/Solana-Memecoin-Analysis/Solana-Memecoin-Analysis/data/cache/2026-09-29/011856524712_ohlcv_e585714b26d2.json
2026-09-28T21:10:00+00:00,5L6SiELCoXrV9CtcfwUGKJf5EzCRTyDDmkbth1yEKp9f,solana,PumpSwap,,,,,2026-09-28T15:09:03Z,0.000818512639762512,,,,,,,,,,,,,,,,,,,ohlcv_backfill,minute,0.0010678820689693314,0.0010736135767865677,0.0007698491984567901,0.000818512639762512,39418.16131397841,/home/runner/work/Solana-Memecoin-Analysis/Solana-Memecoin-Analysis/data/cache/2026-09-29/011856524712_ohlcv_e585714b26d2.json
2026-09-28T21:05:00+00:00,5L6SiELCoXrV9CtcfwUGKJf5EzCRTyDDmkbth1yEKp9f,solana,PumpSwap,,,,,2026-09-28T15:09:03Z,0.0010678820689693314,,,,,,,,,,,,,,,,,,,ohlcv_backfill,minute,0.000992860368697424,0.0011351074070724508,0.000992860368697424,0.0010678820689693314,12802.004021988752,/home/runner/work/Solana-Memecoin-Analysis/Solana-Memecoin-Analysis/data/cache/2026-09-29/011856524712_ohlcv_e585714b26d2.json
2026-09-28T21:00:00+00:00,5L6SiELCoXrV9CtcfwUGKJf5EzCRTyDDmkbth1yEKp9f,solana,PumpSwap,,,,,2026-09-28T15:09:03Z,0.000992860368697424,,,,,,,,,,,,,,,,,,,ohlcv_backfill,minute,0.0010165271306416756,0.0010499647206628567,0.0009625926603110649,0.000992860368697424,12807.075235639408,/home/runner/work/Solana-Memecoin-Analysis/Solana-Memecoin-Analysis/data/cache/2026-09-29/011856524712_ohlcv_e585714b26d2.json
2026-09-28T20:55:00+00:00,5L6SiELCoXrV9CtcfwUGKJf5EzCRTyDDmkbth1yEKp9f,solana,PumpSwap,,,,,2026-09-28T15:09:03Z,0.0010165271306416756,,,,,,,,,,,,,,,,,,,ohlcv_backfill,minute,0.0010291738101129405,0.0011421769492707908,0.0009890741751187055,0.0010165271306416756,42494.260652839344,/home/runner/work/Solana-Memecoin-Analysis/Solana-Memecoin-Analysis/data/cache/2026-09-29/011856524712_ohlcv_e585714b26d2.json
2026-09-28T20:50:00+00:00,5L6SiELCoXrV9CtcfwUGKJf5EzCRTyDDmkbth1yEKp9f,solana,PumpSwap,,,,,2026-09-28T15:09:03Z,0.0010291738101129405,,,,,,,,,,,,,,,,,,,ohlcv_backfill,minute,0.0009257757320942641,0.0010437414256074305,0.0009091341881552673,0.0010291738101129405,34978.76647061874,/home/runner/work/Solana-Memecoin-Analysis/Solana-Memecoin-Analysis/data/cache/2026-09-29/011856524712_ohlcv_e585714b26d2.json
2026-09-28T20:45:00+00:00,5L6SiELCoXrV9CtcfwUGKJf5EzCRTyDDmkbth1yEKp9f,solana,PumpSwap,,,,,2026-09-28T15:09:03Z,0.0009257757320942641,,,,,,,,,,,,,,,,,,,ohlcv_backfill,minute,0.0008567356707747253,0.0009544813439313543,0.0007960285818776946,0.0009257757320942641,40302.46809410509,/home/runner/work/Solana-Memecoin-Analysis/Solana-Memecoin-Analysis/data/cache/2026-09-29/011856524712_ohlcv_e585714b26d2.json
2026-09-28T20:40:00+00:00,5L6SiELCoXrV9CtcfwUGKJf5EzCRTyDDmkbth1yEKp9f,solana,PumpSwap,,,,,2026-09-28T15:09:03Z,0.0008567356707747253,,,,,,,,,,,,,,,,,,,ohlcv_backfill,minute,0.0008983279320699217,0.0009077735497618289,0.0007829491275274826,0.0008567356707747253,52876.77528980382,/home/runner/work/Solana-Memecoin-Analysis/Solana-Memecoin-Analysis/data/cache/2026-09-29/011856524712_ohlcv_e585714b26d2.json
2026-09-28T20:35:00+00:00,5L6SiELCoXrV9CtcfwUGKJf5EzCRTyDDmkbth1yEKp9f,solana,PumpSwap,,,,,2026-09-28T15:09:03Z,0.0008983279320699217,,,,,,,,,,,,,,,,,,,ohlcv_backfill,minute,0.0009498666959244353,0.001014602009338567,0.0008774312102778107,0.0008983279320699217,29775.116825543828,/home/runner/work/Solana-Memecoin-Analysis/Solana-Memecoin-Analysis/data/cache/2026-09-29/011856524712_ohlcv_e585714b26d2.json
2026-09-28T20:30:00+00:00,5L6SiELCoXrV9CtcfwUGKJf5EzCRTyDDmkbth1yEKp9f,solana,PumpSwap,,,,,2026-09-28T15:09:03Z,0.0009498666959244353,,,,,,,,,,,,,,,,,,,ohlcv_backfill,minute,0.00098769946713016,0.0010824482884580426,0.0009495556435560813,0.0009498666959244353,37685.97628992938,/home/runner/work/Solana-Memecoin-Analysis/Solana-Memecoin-Analysis/data/cache/2026-09-29/011856524712_ohlcv_e585714b26d2.json
2026-09-28T20:25:00+00:00,5L6SiELCoXrV9CtcfwUGKJf5EzCRTyDDmkbth1yEKp9f,solana,PumpSwap,,,,,2026-09-28T15:09:03Z,0.00098769946713016,,,,,,,,,,,,,,,,,,,ohlcv_backfill,minute,0.0008850927271746293,0.0010353424912239665,0.00084154997564354,0.00098769946713016,63908.82282184457,/home/runner/work/Solana-Memecoin-Analysis/Solana-Memecoin-Analysis/data/cache/2026-09-29/011856524712_ohlcv_e585714b26d2.json
2026-09-28T20:20:00+00:00,5L6SiELCoXrV9CtcfwUGKJf5EzCRTyDDmkbth1yEKp9f,solana,PumpSwap,,,,,2026-09-28T15:09:03Z,0.0008850927271746293,,,,,,,,,,,,,,,,,,,ohlcv_backfill,minute,0.0012022838648900617,0.0012042863169400972,0.0008000611349426016,0.0008850927271746293,132156.2812587751,/home/runner/work/Solana-Memecoin-Analysis/Solana-Memecoin-Analysis/data/cache/2026-09-29/011856524712_ohlcv_e585714b26d2.json
2026-09-28T20:15:00+00:00,5L6SiELCoXrV9CtcfwUGKJf5EzCRTyDDmkbth1yEKp9f,solana,PumpSwap,,,,,2026-09-28T15:09:03Z,0.0012022838648900617,,,,,,,,,,,,,,,,,,,ohlcv_backfill,minute,0.0011601010191004712,0.0012520541736486897,0.0011503038208734283,0.0012022838648900617,27634.3473975182,/home/runner/work/Solana-Memecoin-Analysis/Solana-Memecoin-Analysis/data/cache/2026-09-29/011856524712_ohlcv_e585714b26d2.json
2026-09-28T20:10:00+00:00,5L6SiELCoXrV9CtcfwUGKJf5EzCRTyDDmkbth1yEKp9f,solana,PumpSwap,,,,,2026-09-28T15:09:03Z,0.0011601010191004712,,,,,,,,,,,,,,,,,,,ohlcv_backfill,minute,0.0012806304909885773,0.0012924753700098348,0.0010128008039458683,0.0011601010191004712,98632.57395271977,/home/runner/work/Solana-Memecoin-Analysis/Solana-Memecoin-Analysis/data/cache/2026-09-29/011856524712_ohlcv_e585714b26d2.json
2026-09-28T20:05:00+00:00,5L6SiELCoXrV9CtcfwUGKJf5EzCRTyDDmkbth1yEKp9f,solana,PumpSwap,,,,,2026-09-28T15:09:03Z,0.0012806304909885773,,,,,,,,,,,,,,,,,,,ohlcv_backfill,minute,0.0015376488317504766,0.0015619647201374394,0.0012098371949189099,0.0012806304909885773,82791.01579790296,/home/runner/work/Solana-Memecoin-Analysis/Solana-Memecoin-Analysis/data/cache/2026-09-29/011856524712_ohlcv_e585714b26d2.json
2026-09-28T20:00:00+00:00,5L6SiELCoXrV9CtcfwUGKJf5EzCRTyDDmkbth1yEKp9f,solana,PumpSwap,,,,,2026-09-28T15:09:03Z,0.0015376488317504766,,,,,,,,,,,,,,,,,,,ohlcv_backfill,minute,0.0016447573777419286,0.0019115119928989443,0.0014624467953138706,0.0015376488317504766,48828.313639844775,/home/runner/work/Solana-Memecoin-Analysis/Solana-Memecoin-Analysis/data/cache/2026-09-29/011856524712_ohlcv_e585714b26d2.json
2026-09-28T19:55:00+00:00,5L6SiELCoXrV9CtcfwUGKJf5EzCRTyDDmkbth1yEKp9f,solana,PumpSwap,,,,,2026-09-28T15:09:03Z,0.0016447573777419286,,,,,,,,,,,,,,,,,,,ohlcv_backfill,minute,0.00155982321467345,0.0019047606974028025,0.0015567476895840067,0.0016447573777419286,64920.63415888497,/home/runner/work/Solana-Memecoin-Analysis/Solana-Memecoin-Analysis/data/cache/2026-09-29/011856524712_ohlcv_e585714b26d2.json
2026-09-28T19:50:00+00:00,5L6SiELCoXrV9CtcfwUGKJf5EzCRTyDDmkbth1yEKp9f,solana,PumpSwap,,,,,2026-09-28T15:09:03Z,0.00155982321467345,,,,,,,,,,,,,,,,,,,ohlcv_backfill,minute,0.001505864436440348,0.0016560802746213355,0.0014943301026839753,0.00155982321467345,23378.912905898957,/home/runner/work/Solana-Memecoin-Analysis/Solana-Memecoin-Analysis/data/cache/2026-09-29/011856524712_ohlcv_e585714b26d2.json
2026-09-28T19:45:00+00:00,5L6SiELCoXrV9CtcfwUGKJf5EzCRTyDDmkbth1yEKp9f,solana,PumpSwap,,,,,2026-09-28T15:09:03Z,0.001505864436440348,,,,,,,,,,,,,,,,,,,ohlcv_backfill,minute,0.0016992852223082092,0.0018070945852399836,0.0014637476587644675,0.001505864436440348,51907.35944335002,/home/runner/work/Solana-Memecoin-Analysis/Solana-Memecoin-Analysis/data/cache/2026-09-29/011856524712_ohlcv_e585714b26d2.json
2026-09-28T19:40:00+00:00,5L6SiELCoXrV9CtcfwUGKJf5EzCRTyDDmkbth1yEKp9f,solana,PumpSwap,,,,,2026-09-28T15:09:03Z,0.0016992852223082092,,,,,,,,,,,,,,,,,,,ohlcv_backfill,minute,0.0015595508885730765,0.0017688228053412362,0.0015032518032732799,0.0016992852223082092,53081.548262608136,/home/runner/work/Solana-Memecoin-Analysis/Solana-Memecoin-Analysis/data/cache/2026-09-29/011856524712_ohlcv_e585714b26d2.json
2026-09-28T19:35:00+00:00,5L6SiELCoXrV9CtcfwUGKJf5EzCRTyDDmkbth1yEKp9f,solana,PumpSwap,,,,,2026-09-28T15:09:03Z,0.0015595508885730765,,,,,,,,,,,,,,,,,,,ohlcv_backfill,minute,0.0015151657837201248,0.0016833246962557904,0.0014327367690017527,0.0015595508885730765,63218.73903081096,/home/runner/work/Solana-Memecoin-Analysis/Solana-Memecoin-Analysis/data/cache/2026-09-29/011856524712_ohlcv_e585714b26d2.json
2026-09-28T19:30:00+00:00,5L6SiELCoXrV9CtcfwUGKJf5EzCRTyDDmkbth1yEKp9f,solana,PumpSwap,,,,,2026-09-28T15:09:03Z,0.0015151657837201248,,,,,,,,,,,,,,,,,,,ohlcv_backfill,minute,0.001712087999617923,0.0017957580472538696,0.0014861618179188157,0.0015151657837201248,62783.40212189409,/home/runner/work/Solana-Memecoin-Analysis/Solana-Memecoin-Analysis/data/cache/2026-09-29/011856524712_ohlcv_e585714b26d2.json
2026-09-28T19:25:00+00:00,5L6SiELCoXrV9CtcfwUGKJf5EzCRTyDDmkbth1yEKp9f,solana,PumpSwap,,,,,2026-09-28T15:09:03Z,0.001712087999617923,,,,,,,,,,,,,,,,,,,ohlcv_backfill,minute,0.0014887994986595397,0.0019385620052638846,0.0014453632167593928,0.001712087999617923,95942.17997397459,/home/runner/work/Solana-Memecoin-Analysis/Solana-Memecoin-Analysis/data/cache/2026-09-29/011856524712_ohlcv_e585714b26d2.json
2026-09-28T19:20:00+00:00,5L6SiELCoXrV9CtcfwUGKJf5EzCRTyDDmkbth1yEKp9f,solana,PumpSwap,,,,,2026-09-28T15:09:03Z,0.0014887994986595397,,,,,,,,,,,,,,,,,,,ohlcv_backfill,minute,0.0017173938823213768,0.0017908356064368644,0.001337684759964402,0.0014887994986595397,116162.31961346003,/home/runner/work/Solana-Memecoin-Analysis/Solana-Memecoin-Analysis/data/cache/2026-09-29/011856524712_ohlcv_e585714b26d2.json
2026-09-28T19:15:00+00:00,5L6SiELCoXrV9CtcfwUGKJf5EzCRTyDDmkbth1yEKp9f,solana,PumpSwap,,,,,2026-09-28T15:09:03Z,0.0017173938823213768,,,,,,,,,,,,,,,,,,,ohlcv_backfill,minute,0.0018931612505422876,0.002008725594872387,0.0015993932906630882,0.0017173938823213768,73446.53194035169,/home/runner/work/Solana-Memecoin-Analysis/Solana-Memecoin-Analysis/data/cache/2026-09-29/011856524712_ohlcv_e585714b26d2.json
2026-09-28T19:10:00+00:00,5L6SiELCoXrV9CtcfwUGKJf5EzCRTyDDmkbth1yEKp9f,solana,PumpSwap,,,,,2026-09-28T15:09:03Z,0.0018931612505422876,,,,,,,,,,,,,,,,,,,ohlcv_backfill,minute,0.00214239847315016,0.002246317380654191,0.0018208233422237214,0.0018931612505422876,115764.35654813757,/home/runner/work/Solana-Memecoin-Analysis/Solana-Memecoin-Analysis/data/cache/2026-09-29/011856524712_ohlcv_e585714b26d2.json
2026-09-28T19:05:00+00:00,5L6SiELCoXrV9CtcfwUGKJf5EzCRTyDDmkbth1yEKp9f,solana,PumpSwap,,,,,2026-09-28T15:09:03Z,0.00214239847315016,,,,,,,,,,,,,,,,,,,ohlcv_backfill,minute,0.0017399647421579133,0.0022180840833678677,0.0016888509047047918,0.00214239847315016,128862.05939434207,/home/runner/work/Solana-Memecoin-Analysis/Solana-Memecoin-Analysis/data/cache/2026-09-29/011856524712_ohlcv_e585714b26d2.json
2026-09-28T19:00:00+00:00,5L6SiELCoXrV9CtcfwUGKJf5EzCRTyDDmkbth1yEKp9f,solana,PumpSwap,,,,,2026-09-28T15:09:03Z,0.0017399647421579133,,,,,,,,,,,,,,,,,,,ohlcv_backfill,minute,0.001780961438833673,0.0018475964438600413,0.0015762649642123876,0.0017399647421579133,64313.83492926042,/home/runner/work/Solana-Memecoin-Analysis/Solana-Memecoin-Analysis/data/cache/2026-09-29/011856524712_ohlcv_e585714b26d2.json
2026-09-28T18:55:00+00:00,5L6SiELCoXrV9CtcfwUGKJf5EzCRTyDDmkbth1yEKp9f,solana,PumpSwap,,,,,2026-09-28T15:09:03Z,0.001780961438833673,,,,,,,,,,,,,,,,,,,ohlcv_backfill,minute,0.0017273444710964843,0.001926683265171969,0.0016465863803792667,0.001780961438833673,49001.15891414445,/home/runner/work/Solana-Memecoin-Analysis/Solana-Memecoin-Analysis/data/cache/2026-09-29/011856524712_ohlcv_e585714b26d2.json
2026-09-28T18:50:00+00:00,5L6SiELCoXrV9CtcfwUGKJf5EzCRTyDDmkbth1yEKp9f,solana,PumpSwap,,,,,2026-09-28T15:09:03Z,0.0017273444710964843,,,,,,,,,,,,,,,,,,,ohlcv_backfill,minute,0.0016083270284345,0.00196013728812155,0.0015800721993292262,0.0017273444710964843,108405.3552813363,/home/runner/work/Solana-Memecoin-Analysis/Solana-Memecoin-Analysis/data/cache/2026-09-29/011856524712_ohlcv_e585714b26d2.json
2026-09-28T18:45:00+00:00,5L6SiELCoXrV9CtcfwUGKJf5EzCRTyDDmkbth1yEKp9f,solana,PumpSwap,,,,,2026-09-28T15:09:03Z,0.0016083270284345,,,,,,,,,,,,,,,,,,,ohlcv_backfill,minute,0.0015797829960878123,0.0016452262914895606,0.0014103708670506591,0.0016083270284345,74385.00188063098,/home/runner/work/Solana-Memecoin-Analysis/Solana-Memecoin-Analysis/data/cache/2026-09-29/011856524712_ohlcv_e585714b26d2.json
2026-09-28T18:40:00+00:00,5L6SiELCoXrV9CtcfwUGKJf5EzCRTyDDmkbth1yEKp9f,solana,PumpSwap,,,,,2026-09-28T15:09:03Z,0.0015797829960878123,,,,,,,,,,,,,,,,,,,ohlcv_backfill,minute,0.0015639162695204063,0.0016050004633962234,0.0012837867254994416,0.0015797829960878123,81981.48470607855,/home/runner/work/Solana-Memecoin-Analysis/Solana-Memecoin-Analysis/data/cache/2026-09-29/011856524712_ohlcv_e585714b26d2.json
2026-09-28T18:35:00+00:00,5L6SiELCoXrV9CtcfwUGKJf5EzCRTyDDmkbth1yEKp9f,solana,PumpSwap,,,,,2026-09-28T15:09:03Z,0.0015639162695204063,,,,,,,,,,,,,,,,,,,ohlcv_backfill,minute,0.0017089816672259922,0.0018372709689649185,0.0014870275073737798,0.0015639162695204063,104137.99518623891,/home/runner/work/Solana-Memecoin-Analysis/Solana-Memecoin-Analysis/data/cache/2026-09-29/011856524712_ohlcv_e585714b26d2.json
2026-09-28T18:30:00+00:00,5L6SiELCoXrV9CtcfwUGKJf5EzCRTyDDmkbth1yEKp9f,solana,PumpSwap,,,,,2026-09-28T15:09:03Z,0.0017089816672259922,,,,,,,,,,,,,,,,,,,ohlcv_backfill,minute,0.0014772056007939817,0.0021813133040354386,0.0014388491811297259,0.0017089816672259922,311699.0320997916,/home/runner/work/Solana-Memecoin-Analysis/Solana-Memecoin-Analysis/data/cache/2026-09-29/011856524712_ohlcv_e585714b26d2.json
2026-09-28T18:25:00+00:00,5L6SiELCoXrV9CtcfwUGKJf5EzCRTyDDmkbth1yEKp9f,solana,PumpSwap,,,,,2026-09-28T15:09:03Z,0.0014772056007939817,,,,,,,,,,,,,,,,,,,ohlcv_backfill,minute,0.0011660917514520646,0.0015772653172748065,0.0010730902585270254,0.0014772056007939817,135608.86500427296,/home/runner/work/Solana-Memecoin-Analysis/Solana-Memecoin-Analysis/data/cache/2026-09-29/011856524712_ohlcv_e585714b26d2.json
2026-09-28T18:20:00+00:00,5L6SiELCoXrV9CtcfwUGKJf5EzCRTyDDmkbth1yEKp9f,solana,PumpSwap,,,,,2026-09-28T15:09:03Z,0.0011660917514520646,,,,,,,,,,,,,,,,,,,ohlcv_backfill,minute,0.000861420303460261,0.0012526434422639638,0.0007978903791945324,0.0011660917514520646,105521.91876855778,/home/runner/work/Solana-Memecoin-Analysis/Solana-Memecoin-Analysis/data/cache/2026-09-29/011856524712_ohlcv_e585714b26d2.json
2026-09-28T18:15:00+00:00,5L6SiELCoXrV9CtcfwUGKJf5EzCRTyDDmkbth1yEKp9f,solana,PumpSwap,,,,,2026-09-28T15:09:03Z,0.000861420303460261,,,,,,,,,,,,,,,,,,,ohlcv_backfill,minute,0.0008200684018575561,0.0009307229304679473,0.000789666586310647,0.000861420303460261,40852.429108616976,/home/runner/work/Solana-Memecoin-Analysis/Solana-Memecoin-Analysis/data/cache/2026-09-29/011856524712_ohlcv_e585714b26d2.json
2026-09-28T18:10:00+00:00,5L6SiELCoXrV9CtcfwUGKJf5EzCRTyDDmkbth1yEKp9f,solana,PumpSwap,,,,,2026-09-28T15:09:03Z,0.0008200684018575561,,,,,,,,,,,,,,,,,,,ohlcv_backfill,minute,0.0007660564002941618,0.0008882470975900507,0.0007173240003203442,0.0008200684018575561,40751.96665010378,/home/runner/work/Solana-Memecoin-Analysis/Solana-Memecoin-Analysis/data/cache/2026-09-29/011856524712_ohlcv_e585714b26d2.json
2026-09-28T18:05:00+00:00,5L6SiELCoXrV9CtcfwUGKJf5EzCRTyDDmkbth1yEKp9f,solana,PumpSwap,,,,,2026-09-28T15:09:03Z,0.0007660564002941618,,,,,,,,,,,,,,,,,,,ohlcv_backfill,minute,0.0006868341168659507,0.0008914247913564239,0.0006868341168659507,0.0007660564002941618,82176.12623071119,/home/runner/work/Solana-Memecoin-Analysis/Solana-Memecoin-Analysis/data/cache/2026-09-29/011856524712_ohlcv_e585714b26d2.json
2026-09-28T18:00:00+00:00,5L6SiELCoXrV9CtcfwUGKJf5EzCRTyDDmkbth1yEKp9f,solana,PumpSwap,,,,,2026-09-28T15:09:03Z,0.0006868341168659507,,,,,,,,,,,,,,,,,,,ohlcv_backfill,minute,0.0006975682530968849,0.0008100983176911532,0.0006849190468909352,0.0006868341168659507,40032.369348715074,/home/runner/work/Solana-Memecoin-Analysis/Solana-Memecoin-Analysis/data/cache/2026-09-29/011856524712_ohlcv_e585714b26d2.json
2026-09-28T17:55:00+00:00,5L6SiELCoXrV9CtcfwUGKJf5EzCRTyDDmkbth1yEKp9f,solana,PumpSwap,,,,,2026-09-28T15:09:03Z,0.0006975682530968849,,,,,,,,,,,,,,,,,,,ohlcv_backfill,minute,0.000698039111288491,0.0007553109908752747,0.0006729256665124702,0.0006975682530968849,31983.407902367406,/home/runner/work/Solana-Memecoin-Analysis/Solana-Memecoin-Analysis/data/cache/2026-09-29/011856524712_ohlcv_e585714b26d2.json
2026-09-28T17:50:00+00:00,5L6SiELCoXrV9CtcfwUGKJf5EzCRTyDDmkbth1yEKp9f,solana,PumpSwap,,,,,2026-09-28T15:09:03Z,0.000698039111288491,,,,,,,,,,,,,,,,,,,ohlcv_backfill,minute,0.0007333742031002504,0.0007757067499422219,0.0006236605463353805,0.000698039111288491,84150.87347656497,/home/runner/work/Solana-Memecoin-Analysis/Solana-Memecoin-Analysis/data/cache/2026-09-29/011856524712_ohlcv_e585714b26d2.json
2026-09-28T17:45:00+00:00,5L6SiELCoXrV9CtcfwUGKJf5EzCRTyDDmkbth1yEKp9f,solana,PumpSwap,,,,,2026-09-28T15:09:03Z,0.0007333742031002504,,,,,,,,,,,,,,,,,,,ohlcv_backfill,minute,0.0008418494012253513,0.0008769166131272535,0.0005821203404055467,0.0007333742031002504,135610.6753062548,/home/runner/work/Solana-Memecoin-Analysis/Solana-Memecoin-Analysis/data/cache/2026-09-29/011856524712_ohlcv_e585714b26d2.json
2026-09-28T17:40:00+00:00,5L6SiELCoXrV9CtcfwUGKJf5EzCRTyDDmkbth1yEKp9f,solana,PumpSwap,,,,,2026-09-28T15:09:03Z,0.0008418494012253513,,,,,,,,,,,,,,,,,,,ohlcv_backfill,minute,0.0011044261336891354,0.0011176133538112003,0.0007590055063507447,0.0008418494012253513,130329.96973560468,/home/runner/work/Solana-Memecoin-Analysis/Solana-Memecoin-Analysis/data/cache/2026-09-29/011856524712_ohlcv_e585714b26d2.json
2026-09-28T17:35:00+00:00,5L6SiELCoXrV9CtcfwUGKJf5EzCRTyDDmkbth1yEKp9f,solana,PumpSwap,,,,,2026-09-28T15:09:03Z,0.0011044261336891354,,,,,,,,,,,,,,,,,,,ohlcv_backfill,minute,0.001300730650957978,0.0013029722159216633,0.0009649500440770909,0.0011044261336891354,61120.300844977945,/home/runner/work/Solana-Memecoin-Analysis/Solana-Memecoin-Analysis/data/cache/2026-09-29/011856524712_ohlcv_e585714b26d2.json
2026-09-28T17:30:00+00:00,5L6SiELCoXrV9CtcfwUGKJf5EzCRTyDDmkbth1yEKp9f,solana,PumpSwap,,,,,2026-09-28T15:09:03Z,0.001300730650957978,,,,,,,,,,,,,,,,,,,ohlcv_backfill,minute,0.0010506280154580633,0.0013015358533573931,0.00103815290705094,0.001300730650957978,68772.56019201294,/home/runner/work/Solana-Memecoin-Analysis/Solana-Memecoin-Analysis/data/cache/2026-09-29/011856524712_ohlcv_e585714b26d2.json
2026-09-28T17:25:00+00:00,5L6SiELCoXrV9CtcfwUGKJf5EzCRTyDDmkbth1yEKp9f,solana,PumpSwap,,,,,2026-09-28T15:09:03Z,0.0010506280154580633,,,,,,,,,,,,,,,,,,,ohlcv_backfill,minute,0.0010389826425572669,0.0012141665133981615,0.000866976852780461,0.0010506280154580633,131037.62353459536,/home/runner/work/Solana-Memecoin-Analysis/Solana-Memecoin-Analysis/data/cache/2026-09-29/011856524712_ohlcv_e585714b26d2.json
2026-09-28T17:20:00+00:00,5L6SiELCoXrV9CtcfwUGKJf5EzCRTyDDmkbth1yEKp9f,solana,PumpSwap,,,,,2026-09-28T15:09:03Z,0.0010389826425572669,,,,,,,,,,,,,,,,,,,ohlcv_backfill,minute,0.001271913824543675,0.0013328431406990037,0.0010260020323272386,0.0010389826425572669,77327.80650582172,/home/runner/work/Solana-Memecoin-Analysis/Solana-Memecoin-Analysis/data/cache/2026-09-29/011856524712_ohlcv_e585714b26d2.json
2026-09-28T17:15:00+00:00,5L6SiELCoXrV9CtcfwUGKJf5EzCRTyDDmkbth1yEKp9f,solana,PumpSwap,,,,,2026-09-28T15:09:03Z,0.001271913824543675,,,,,,,,,,,,,,,,,,,ohlcv_backfill,minute,0.0012416154995978249,0.001511952785456226,0.001075930920888194,0.001271913824543675,185787.54379827357,/home/runner/work/Solana-Memecoin-Analysis/Solana-Memecoin-Analysis/data/cache/2026-09-29/011856524712_ohlcv_e585714b26d2.json
2026-09-28T17:10:00+00:00,5L6SiELCoXrV9CtcfwUGKJf5EzCRTyDDmkbth1yEKp9f,solana,PumpSwap,,,,,2026-09-28T15:09:03Z,0.0012416154995978249,,,,,,,,,,,,,,,,,,,ohlcv_backfill,minute,0.0007225639210373938,0.0014832640940502214,0.0007209614453741685,0.0012416154995978249,192212.37632946615,/home/runner/work/Solana-Memecoin-Analysis/Solana-Memecoin-Analysis/data/cache/2026-09-29/011856524712_ohlcv_e585714b26d2.json
2026-09-28T17:05:00+00:00,5L6SiELCoXrV9CtcfwUGKJf5EzCRTyDDmkbth1yEKp9f,solana,PumpSwap,,,,,2026-09-28T15:09:03Z,0.0007225639210373938,,,,,,,,,,,,,,,,,,,ohlcv_backfill,minute,0.0006197414833648027,0.0007388445637034377,0.0005749136011965936,0.0007225639210373938,42296.7324183628,/home/runner/work/Solana-Memecoin-Analysis/Solana-Memecoin-Analysis/data/cache/2026-09-29/011856524712_ohlcv_e585714b26d2.json
2026-09-28T17:00:00+00:00,5L6SiELCoXrV9CtcfwUGKJf5EzCRTyDDmkbth1yEKp9f,solana,PumpSwap,,,,,2026-09-28T15:09:03Z,0.0006197414833648027,,,,,,,,,,,,,,,,,,,ohlcv_backfill,minute,0.0007751423741295808,0.0008007457654667718,0.0005776489437670623,0.0006197414833648027,66014.47305509991,/home/runner/work/Solana-Memecoin-Analysis/Solana-Memecoin-Analysis/data/cache/2026-09-29/011856524712_ohlcv_e585714b26d2.json
2026-09-28T16:55:00+00:00,5L6SiELCoXrV9CtcfwUGKJf5EzCRTyDDmkbth1yEKp9f,solana,PumpSwap,,,,,2026-09-28T15:09:03Z,0.0007751423741295808,,,,,,,,,,,,,,,,,,,ohlcv_backfill,minute,0.0008834151765107725,0.0008912439886406031,0.000741626970429635,0.0007751423741295808,47469.47158122078,/home/runner/work/Solana-Memecoin-Analysis/Solana-Memecoin-Analysis/data/cache/2026-09-29/011856524712_ohlcv_e585714b26d2.json
2026-09-28T16:50:00+00:00,5L6SiELCoXrV9CtcfwUGKJf5EzCRTyDDmkbth1yEKp9f,solana,PumpSwap,,,,,2026-09-28T15:09:03Z,0.0008834151765107725,,,,,,,,,,,,,,,,,,,ohlcv_backfill,minute,0.0007095517912829442,0.0009404832569945113,0.0006765782158894872,0.0008834151765107725,71008.2602058952,/home/runner/work/Solana-Memecoin-Analysis/Solana-Memecoin-Analysis/data/cache/2026-09-29/011856524712_ohlcv_e585714b26d2.json
2026-09-28T16:45:00+00:00,5L6SiELCoXrV9CtcfwUGKJf5EzCRTyDDmkbth1yEKp9f,solana,PumpSwap,,,,,2026-09-28T15:09:03Z,0.0007095517912829442,,,,,,,,,,,,,,,,,,,ohlcv_backfill,minute,0.000627830800306234,0.0007190704460200507,0.0005635729047643903,0.0007095517912829442,43258.93708995553,/home/runner/work/Solana-Memecoin-Analysis/Solana-Memecoin-Analysis/data/cache/2026-09-29/011856524712_ohlcv_e585714b26d2.json
2026-09-28T16:40:00+00:00,5L6SiELCoXrV9CtcfwUGKJf5EzCRTyDDmkbth1yEKp9f,solana,PumpSwap,,,,,2026-09-28T15:09:03Z,0.000627830800306234,,,,,,,,,,,,,,,,,,,ohlcv_backfill,minute,0.0006864298509176492,0.0007443652022067836,0.0005620022004377649,0.000627830800306234,68258.39011515943,/home/runner/work/Solana-Memecoin-Analysis/Solana-Memecoin-Analysis/data/cache/2026-09-29/011856524712_ohlcv_e585714b26d2.json
2026-09-28T16:35:00+00:00,5L6SiELCoXrV9CtcfwUGKJf5EzCRTyDDmkbth1yEKp9f,solana,PumpSwap,,,,,2026-09-28T15:09:03Z,0.0006864298509176492,,,,,,,,,,,,,,,,,,,ohlcv_backfill,minute,0.0006873969105898918,0.0007674917429868554,0.000653805484532886,0.0006864298509176492,52388.131357059785,/home/runner/work/Solana-Memecoin-Analysis/Solana-Memecoin-Analysis/data/cache/2026-09-29/011856524712_ohlcv_e585714b26d2.json
2026-09-28T16:30:00+00:00,5L6SiELCoXrV9CtcfwUGKJf5EzCRTyDDmkbth1yEKp9f,solana,PumpSwap,,,,,2026-09-28T15:09:03Z,0.0006873969105898918,,,,,,,,,,,,,,,,,,,ohlcv_backfill,minute,0.0007556352240555139,0.0009192867331630679,0.0005611079233624615,0.0006873969105898918,103644.78002741814,/home/runner/work/Solana-Memecoin-Analysis/Solana-Memecoin-Analysis/data/cache/2026-09-29/011856524712_ohlcv_e585714b26d2.json
2026-09-28T16:25:00+00:00,5L6SiELCoXrV9CtcfwUGKJf5EzCRTyDDmkbth1yEKp9f,solana,PumpSwap,,,,,2026-09-28T15:09:03Z,0.0007556352240555139,,,,,,,,,,,,,,,,,,,ohlcv_backfill,minute,0.0008891285779402571,0.0009250309419792553,0.0005484681251685474,0.0007556352240555139,186359.2288184809,/home/runner/work/Solana-Memecoin-Analysis/Solana-Memecoin-Analysis/data/cache/2026-09-29/011856524712_ohlcv_e585714b26d2.json
2026-09-28T16:20:00+00:00,5L6SiELCoXrV9CtcfwUGKJf5EzCRTyDDmkbth1yEKp9f,solana,PumpSwap,,,,,2026-09-28T15:09:03Z,0.0008891285779402571,,,,,,,,,,,,,,,,,,,ohlcv_backfill,minute,0.0008185263552677624,0.0010216282379481125,0.0006262416542271687,0.0008891285779402571,183484.72003103278,/home/runner/work/Solana-Memecoin-Analysis/Solana-Memecoin-Analysis/data/cache/2026-09-29/011856524712_ohlcv_e585714b26d2.json
2026-09-28T16:15:00+00:00,5L6SiELCoXrV9CtcfwUGKJf5EzCRTyDDmkbth1yEKp9f,solana,PumpSwap,,,,,2026-09-28T15:09:03Z,0.0008185263552677624,,,,,,,,,,,,,,,,,,,ohlcv_backfill,minute,0.0008053995098305292,0.0009043340932683984,0.0006136795751809658,0.0008185263552677624,264197.27970720123,/home/runner/work/Solana-Memecoin-Analysis/Solana-Memecoin-Analysis/data/cache/2026-09-29/011856524712_ohlcv_e585714b26d2.json
2026-09-28T16:10:00+00:00,5L6SiELCoXrV9CtcfwUGKJf5EzCRTyDDmkbth1yEKp9f,solana,PumpSwap,,,,,2026-09-28T15:09:03Z,0.0008053995098305292,,,,,,,,,,,,,,,,,,,ohlcv_backfill,minute,0.0008482712801948973,0.0010728555924686505,0.000663789499962542,0.0008053995098305292,340651.3850572338,/home/runner/work/Solana-Memecoin-Analysis/Solana-Memecoin-Analysis/data/cache/2026-09-29/011856524712_ohlcv_e585714b26d2.json
2026-09-28T16:05:00+00:00,5L6SiELCoXrV9CtcfwUGKJf5EzCRTyDDmkbth1yEKp9f,solana,PumpSwap,,,,,2026-09-28T15:09:03Z,0.0008482712801948973,,,,,,,,,,,,,,,,,,,ohlcv_backfill,minute,0.0010694586889752286,0.001275787704504135,0.0007861670735691541,0.0008482712801948973,524651.2793033585,/home/runner/work/Solana-Memecoin-Analysis/Solana-Memecoin-Analysis/data/cache/2026-09-29/011856524712_ohlcv_e585714b26d2.json
2026-09-28T16:00:00+00:00,5L6SiELCoXrV9CtcfwUGKJf5EzCRTyDDmkbth1yEKp9f,solana,PumpSwap,,,,,2026-09-28T15:09:03Z,0.0010694586889752286,,,,,,,,,,,,,,,,,,,ohlcv_backfill,minute,0.0007793600497832753,0.0012994930710782612,0.0006173249928817597,0.0010694586889752286,660428.9514523734,/home/runner/work/Solana-Memecoin-Analysis/Solana-Memecoin-Analysis/data/cache/2026-09-29/011856524712_ohlcv_e585714b26d2.json
2026-09-28T15:55:00+00:00,5L6SiELCoXrV9CtcfwUGKJf5EzCRTyDDmkbth1yEKp9f,solana,PumpSwap,,,,,2026-09-28T15:09:03Z,0.0007793600497832753,,,,,,,,,,,,,,,,,,,ohlcv_backfill,minute,0.0004130869201690562,0.0009170813540825139,0.0003771525781254517,0.0007793600497832753,733876.2945834156,/home/runner/work/Solana-Memecoin-Analysis/Solana-Memecoin-Analysis/data/cache/2026-09-29/011856524712_ohlcv_e585714b26d2.json
2026-09-28T15:50:00+00:00,5L6SiELCoXrV9CtcfwUGKJf5EzCRTyDDmkbth1yEKp9f,solana,PumpSwap,,,,,2026-09-28T15:09:03Z,0.0004130869201690562,,,,,,,,,,,,,,,,,,,ohlcv_backfill,minute,0.00029575683469349097,0.0004590105116787016,0.00028792972290312,0.0004130869201690562,188309.96640429716,/home/runner/work/Solana-Memecoin-Analysis/Solana-Memecoin-Analysis/data/cache/2026-09-29/011856524712_ohlcv_e585714b26d2.json
2026-09-28T15:45:00+00:00,5L6SiELCoXrV9CtcfwUGKJf5EzCRTyDDmkbth1yEKp9f,solana,PumpSwap,,,,,2026-09-28T15:09:03Z,0.00029575683469349097,,,,,,,,,,,,,,,,,,,ohlcv_backfill,minute,0.00013422273268477838,0.00037278223396150517,0.00010721882293891989,0.00029575683469349097,139635.58036198057,/home/runner/work/Solana-Memecoin-Analysis/Solana-Memecoin-Analysis/data/cache/2026-09-29/011856524712_ohlcv_e585714b26d2.json
2026-09-28T15:40:00+00:00,5L6SiELCoXrV9CtcfwUGKJf5EzCRTyDDmkbth1yEKp9f,solana,PumpSwap,,,,,2026-09-28T15:09:03Z,0.00013422273268477838,,,,,,,,,,,,,,,,,,,ohlcv_backfill,minute,7.879826218811077e-05,0.00015987597953087934,7.867522930710664e-05,0.00013422273268477838,15015.267054560587,/home/runner/work/Solana-Memecoin-Analysis/Solana-Memecoin-Analysis/data/cache/2026-09-29/011856524712_ohlcv_e585714b26d2.json
2026-09-28T15:35:00+00:00,5L6SiELCoXrV9CtcfwUGKJf5EzCRTyDDmkbth1yEKp9f,solana,PumpSwap,,,,,2026-09-28T15:09:03Z,7.879826218811077e-05,,,,,,,,,,,,,,,,,,,ohlcv_backfill,minute,6.177140663398086e-05,7.879826218811077e-05,5.845524665150011e-05,7.879826218811077e-05,4771.906455869449,/home/runner/work/Solana-Memecoin-Analysis/Solana-Memecoin-Analysis/data/cache/2026-09-29/011856524712_ohlcv_e585714b26d2.json
2026-09-28T15:30:00+00:00,5L6SiELCoXrV9CtcfwUGKJf5EzCRTyDDmkbth1yEKp9f,solana,PumpSwap,,,,,2026-09-28T15:09:03Z,6.177140663398086e-05,,,,,,,,,,,,,,,,,,,ohlcv_backfill,minute,4.7267445224565325e-05,6.227545875291281e-05,3.690931101870396e-05,6.177140663398086e-05,8623.091932541794,/home/runner/work/Solana-Memecoin-Analysis/Solana-Memecoin-Analysis/data/cache/2026-09-29/011856524712_ohlcv_e585714b26d2.json
2026-09-28T15:25:00+00:00,5L6SiELCoXrV9CtcfwUGKJf5EzCRTyDDmkbth1yEKp9f,solana,PumpSwap,,,,,2026-09-28T15:09:03Z,4.7267445224565325e-05,,,,,,,,,,,,,,,,,,,ohlcv_backfill,minute,6.879285537854343e-05,8.507661528799224e-05,4.6687728260693004e-05,4.7267445224565325e-05,13476.78127913109,/home/runner/work/Solana-Memecoin-Analysis/Solana-Memecoin-Analysis/data/cache/2026-09-29/011856524712_ohlcv_e585714b26d2.json
2026-09-28T15:20:00+00:00,5L6SiELCoXrV9CtcfwUGKJf5EzCRTyDDmkbth1yEKp9f,solana,PumpSwap,,,,,2026-09-28T15:09:03Z,6.879285537854343e-05,,,,,,,,,,,,,,,,,,,ohlcv_backfill,minute,7.625037535240233e-05,8.940709198991915e-05,5.525346050176412e-05,6.879285537854343e-05,13121.225421771684,/home/runner/work/Solana-Memecoin-Analysis/Solana-Memecoin-Analysis/data/cache/2026-09-29/011856524712_ohlcv_e585714b26d2.json
2026-09-28T15:15:00+00:00,5L6SiELCoXrV9CtcfwUGKJf5EzCRTyDDmkbth1yEKp9f,solana,PumpSwap,,,,,2026-09-28T15:09:03Z,7.625037535240233e-05,,,,,,,,,,,,,,,,,,,ohlcv_backfill,minute,6.281925888437544e-05,8.331360341299623e-05,4.468401130222713e-05,7.625037535240233e-05,26407.56771531344,/home/runner/work/Solana-Memecoin-Analysis/Solana-Memecoin-Analysis/data/cache/2026-09-29/011856524712_ohlcv_e585714b26d2.json
2026-09-28T15:10:00+00:00,5L6SiELCoXrV9CtcfwUGKJf5EzCRTyDDmkbth1yEKp9f,solana,PumpSwap,,,,,2026-09-28T15:09:03Z,6.281925888437544e-05,,,,,,,,,,,,,,,,,,,ohlcv_backfill,minute,7.184982564180153e-05,0.00010751062611817324,3.41070058427389e-05,6.281925888437544e-05,65538.50669763316,/home/runner/work/Solana-Memecoin-Analysis/Solana-Memecoin-Analysis/data/cache/2026-09-29/011856524712_ohlcv_e585714b26d2.json
2026-09-28T15:05:00+00:00,5L6SiELCoXrV9CtcfwUGKJf5EzCRTyDDmkbth1yEKp9f,solana,PumpSwap,,,,,2026-09-28T15:09:03Z,7.184982564180153e-05,,,,,,,,,,,,,,,,,,,ohlcv_backfill,minute,3.437793635917779e-05,7.55436500336862e-05,2.8475325976459903e-05,7.184982564180153e-05,56413.31512349893,/home/runner/work/Solana-Memecoin-Analysis/Solana-Memecoin-Analysis/data/cache/2026-09-29/011856524712_ohlcv_e585714b26d2.json
2026-09-29T01:15:00+00:00,AGubQRJ5T5snYFmUHqbxq4zobCHBhkw2jnC79mHaPqtc,solana,Meteora DAMM V2,,,,,2026-09-28T18:05:04Z,0.0007982522094907804,,,,,,,,,,,,,,,,,,,ohlcv_backfill,minute,0.0008034966857632895,0.0008199096664260509,0.000780929623334231,0.0007982522094907804,4889.013658812796,/home/runner/work/Solana-Memecoin-Analysis/Solana-Memecoin-Analysis/data/cache/2026-09-29/011911213583_ohlcv_bdf39af39800.json
2026-09-29T01:10:00+00:00,AGubQRJ5T5snYFmUHqbxq4zobCHBhkw2jnC79mHaPqtc,solana,Meteora DAMM V2,,,,,2026-09-28T18:05:04Z,0.0008034966857632895,,,,,,,,,,,,,,,,,,,ohlcv_backfill,minute,0.000814243301003002,0.0008338127563386859,0.0008034966857632895,0.0008034966857632895,2019.6093719633127,/home/runner/work/Solana-Memecoin-Analysis/Solana-Memecoin-Analysis/data/cache/2026-09-29/011911213583_ohlcv_bdf39af39800.json
2026-09-29T01:05:00+00:00,AGubQRJ5T5snYFmUHqbxq4zobCHBhkw2jnC79mHaPqtc,solana,Meteora DAMM V2,,,,,2026-09-28T18:05:04Z,0.000814243301003002,,,,,,,,,,,,,,,,,,,ohlcv_backfill,minute,0.0008668599977934123,0.0008668599977934123,0.0008084416736140438,0.000814243301003002,8487.346559328946,/home/runner/work/Solana-Memecoin-Analysis/Solana-Memecoin-Analysis/data/cache/2026-09-29/011911213583_ohlcv_bdf39af39800.json
2026-09-29T01:00:00+00:00,AGubQRJ5T5snYFmUHqbxq4zobCHBhkw2jnC79mHaPqtc,solana,Meteora DAMM V2,,,,,2026-09-28T18:05:04Z,0.0008668599977934123,,,,,,,,,,,,,,,,,,,ohlcv_backfill,minute,0.000859506361246297,0.0009014128518549817,0.0008586368366084442,0.0008668599977934123,3861.929042506573,/home/runner/work/Solana-Memecoin-Analysis/Solana-Memecoin-Analysis/data/cache/2026-09-29/011911213583_ohlcv_bdf39af39800.json
2026-09-29T00:55:00+00:00,AGubQRJ5T5snYFmUHqbxq4zobCHBhkw2jnC79mHaPqtc,solana,Meteora DAMM V2,,,,,2026-09-28T18:05:04Z,0.000859506361246297,,,,,,,,,,,,,,,,,,,ohlcv_backfill,minute,0.0009795579779481372,0.0009795801906753534,0.0008593570476907104,0.000859506361246297,4272.037979241909,/home/runner/work/Solana-Memecoin-Analysis/Solana-Memecoin-Analysis/data/cache/2026-09-29/011911213583_ohlcv_bdf39af39800.json
2026-09-29T00:50:00+00:00,AGubQRJ5T5snYFmUHqbxq4zobCHBhkw2jnC79mHaPqtc,solana,Meteora DAMM V2,,,,,2026-09-28T18:05:04Z,0.0009795579779481372,,,,,,,,,,,,,,,,,,,ohlcv_backfill,minute,0.0010060695168628475,0.0010060695168628475,0.0009714355846487659,0.0009795579779481372,1284.4907842812302,/home/runner/work/Solana-Memecoin-Analysis/Solana-Memecoin-Analysis/data/cache/2026-09-29/011911213583_ohlcv_bdf39af39800.json
2026-09-29T00:45:00+00:00,AGubQRJ5T5snYFmUHqbxq4zobCHBhkw2jnC79mHaPqtc,solana,Meteora DAMM V2,,,,,2026-09-28T18:05:04Z,0.0010060695168628475,,,,,,,,,,,,,,,,,,,ohlcv_backfill,minute,0.000943814231651947,0.0010160593261978568,0.0009431596123390097,0.0010060695168628475,9017.13313103177,/home/runner/work/Solana-Memecoin-Analysis/Solana-Memecoin-Analysis/data/cache/2026-09-29/011911213583_ohlcv_bdf39af39800.json
2026-09-29T00:40:00+00:00,AGubQRJ5T5snYFmUHqbxq4zobCHBhkw2jnC79mHaPqtc,solana,Meteora DAMM V2,,,,,2026-09-28T18:05:04Z,0.000943814231651947,,,,,,,,,,,,,,,,,,,ohlcv_backfill,minute,0.0009416176389314533,0.0009524556267991502,0.0009334739291579388,0.000943814231651947,2191.9797197973926,/home/runner/work/Solana-Memecoin-Analysis/Solana-Memecoin-Analysis/data/cache/2026-09-29/011911213583_ohlcv_bdf39af39800.json
2026-09-29T00:35:00+00:00,AGubQRJ5T5snYFmUHqbxq4zobCHBhkw2jnC79mHaPqtc,solana,Meteora DAMM V2,,,,,2026-09-28T18:05:04Z,0.0009416176389314533,,,,,,,,,,,,,,,,,,,ohlcv_backfill,minute,0.0009412370999109748,0.0009765988899495665,0.000937349711343014,0.0009416176389314533,4574.525335326303,/home/runner/work/Solana-Memecoin-Analysis/Solana-Memecoin-Analysis/data/cache/2026-09-29/011911213583_ohlcv_bdf39af39800.json
2026-09-29T00:30:00+00:00,AGubQRJ5T5snYFmUHqbxq4zobCHBhkw2jnC79mHaPqtc,solana,Meteora DAMM V2,,,,,2026-09-28T18:05:04Z,0.0009412370999109748,,,,,,,,,,,,,,,,,,,ohlcv_backfill,minute,0.0009172345040107182,0.0009413174121066024,0.0009163329693754541,0.0009412370999109748,5426.993825898839,/home/runner/work/Solana-Memecoin-Analysis/Solana-Memecoin-Analysis/data/cache/2026-09-29/011911213583_ohlcv_bdf39af39800.json
2026-09-29T00:25:00+00:00,AGubQRJ5T5snYFmUHqbxq4zobCHBhkw2jnC79mHaPqtc,solana,Meteora DAMM V2,,,,,2026-09-28T18:05:04Z,0.0009172345040107182,,,,,,,,,,,,,,,,,,,ohlcv_backfill,minute,0.0009324169543936854,0.0009504803061508944,0.0009172345040107182,0.0009172345040107182,3263.2965595201167,/home/runner/work/Solana-Memecoin-Analysis/Solana-Memecoin-Analysis/data/cache/2026-09-29/011911213583_ohlcv_bdf39af39800.json
2026-09-29T00:20:00+00:00,AGubQRJ5T5snYFmUHqbxq4zobCHBhkw2jnC79mHaPqtc,solana,Meteora DAMM V2,,,,,2026-09-28T18:05:04Z,0.0009324169543936854,,,,,,,,,,,,,,,,,,,ohlcv_backfill,minute,0.0009901470956296073,0.0010028787051969447,0.0009299816234126469,0.0009324169543936854,4541.1783098528485,/home/runner/work/Solana-Memecoin-Analysis/Solana-Memecoin-Analysis/data/cache/2026-09-29/011911213583_ohlcv_bdf39af39800.json
2026-09-29T00:15:00+00:00,AGubQRJ5T5snYFmUHqbxq4zobCHBhkw2jnC79mHaPqtc,solana,Meteora DAMM V2,,,,,2026-09-28T18:05:04Z,0.0009901470956296073,,,,,,,,,,,,,,,,,,,ohlcv_backfill,minute,0.0010450125498350344,0.0010769762130276809,0.0009761186098714594,0.0009901470956296073,13660.890100083026,/home/runner/work/Solana-Memecoin-Analysis/Solana-Memecoin-Analysis/data/cache/2026-09-29/011911213583_ohlcv_bdf39af39800.json
2026-09-29T00:10:00+00:00,AGubQRJ5T5snYFmUHqbxq4zobCHBhkw2jnC79mHaPqtc,solana,Meteora DAMM V2,,,,,2026-09-28T18:05:04Z,0.0010450125498350344,,,,,,,,,,,,,,,,,,,ohlcv_backfill,minute,0.0011571541161122243,0.0011949482200082576,0.0010373201218002756,0.0010450125498350344,10034.86509191672,/home/runner/work/Solana-Memecoin-Analysis/Solana-Memecoin-Analysis/data/cache/2026-09-29/011911213583_ohlcv_bdf39af39800.json
2026-09-29T00:05:00+00:00,AGubQRJ5T5snYFmUHqbxq4zobCHBhkw2jnC79mHaPqtc,solana,Meteora DAMM V2,,,,,2026-09-28T18:05:04Z,0.0011571541161122243,,,,,,,,,,,,,,,,,,,ohlcv_backfill,minute,0.0011328022030514862,0.001241776553283479,0.0011328022030514862,0.0011571541161122243,12521.752871481607,/home/runner/work/Solana-Memecoin-Analysis/Solana-Memecoin-Analysis/data/cache/2026-09-29/011911213583_ohlcv_bdf39af39800.json
2026-09-29T00:00:00+00:00,AGubQRJ5T5snYFmUHqbxq4zobCHBhkw2jnC79mHaPqtc,solana,Meteora DAMM V2,,,,,2026-09-28T18:05:04Z,0.0011328022030514862,,,,,,,,,,,,,,,,,,,ohlcv_backfill,minute,0.0011109652200794137,0.0011328022030514862,0.0010830188692601528,0.0011328022030514862,6338.8044163083905,/home/runner/work/Solana-Memecoin-Analysis/Solana-Memecoin-Analysis/data/cache/2026-09-29/011911213583_ohlcv_bdf39af39800.json
2026-09-28T23:55:00+00:00,AGubQRJ5T5snYFmUHqbxq4zobCHBhkw2jnC79mHaPqtc,solana,Meteora DAMM V2,,,,,2026-09-28T18:05:04Z,0.0011109652200794137,,,,,,,,,,,,,,,,,,,ohlcv_backfill,minute,0.0011048878292875119,0.0011554782173300077,0.0009903537203627898,0.0011109652200794137,29376.57846125184,/home/runner/work/Solana-Memecoin-Analysis/Solana-Memecoin-Analysis/data/cache/2026-09-29/011911213583_ohlcv_bdf39af39800.json
2026-09-28T23:50:00+00:00,AGubQRJ5T5snYFmUHqbxq4zobCHBhkw2jnC79mHaPqtc,solana,Meteora DAMM V2,,,,,2026-09-28T18:05:04Z,0.0011048878292875119,,,,,,,,,,,,,,,,,,,ohlcv_backfill,minute,0.001062161547393392,0.0011428875993410074,0.001035770382856813,0.0011048878292875119,14686.264202791404,/home/runner/work/Solana-Memecoin-Analysis/Solana-Memecoin-Analysis/data/cache/2026-09-29/011911213583_ohlcv_bdf39af39800.json
2026-09-28T23:45:00+00:00,AGubQRJ5T5snYFmUHqbxq4zobCHBhkw2jnC79mHaPqtc,solana,Meteora DAMM V2,,,,,2026-09-28T18:05:04Z,0.001062161547393392,,,,,,,,,,,,,,,,,,,ohlcv_backfill,minute,0.0011387228646134217,0.001181829260447843,0.0009798054617436436,0.001062161547393392,22698.030671959423,/home/runner/work/Solana-Memecoin-Analysis/Solana-Memecoin-Analysis/data/cache/2026-09-29/011911213583_ohlcv_bdf39af39800.json
2026-09-28T23:40:00+00:00,AGubQRJ5T5snYFmUHqbxq4zobCHBhkw2jnC79mHaPqtc,solana,Meteora DAMM V2,,,,,2026-09-28T18:05:04Z,0.0011387228646134217,,,,,,,,,,,,,,,,,,,ohlcv_backfill,minute,0.001215580614949466,0.0013813411489620717,0.0010645208679627737,0.0011387228646134217,35684.355464330576,/home/runner/work/Solana-Memecoin-Analysis/Solana-Memecoin-Analysis/data/cache/2026-09-29/011911213583_ohlcv_bdf39af39800.json
2026-09-28T23:35:00+00:00,AGubQRJ5T5snYFmUHqbxq4zobCHBhkw2jnC79mHaPqtc,solana,Meteora DAMM V2,,,,,2026-09-28T18:05:04Z,0.001215580614949466,,,,,,,,,,,,,,,,,,,ohlcv_backfill,minute,0.0010145926933713815,0.0012737594994701948,0.0010145926933713815,0.001215580614949466,49262.24550866984,/home/runner/work/Solana-Memecoin-Analysis/Solana-Memecoin-Analysis/data/cache/2026-09-29/011911213583_ohlcv_bdf39af39800.json
2026-09-28T23:30:00+00:00,AGubQRJ5T5snYFmUHqbxq4zobCHBhkw2jnC79mHaPqtc,solana,Meteora DAMM V2,,,,,2026-09-28T18:05:04Z,0.0010145926933713815,,,,,,,,,,,,,,,,,,,ohlcv_backfill,minute,0.0009377537505154582,0.0010370098901101867,0.000919473926888606,0.0010145926933713815,20737.84106264141,/home/runner/work/Solana-Memecoin-Analysis/Solana-Memecoin-Analysis/data/cache/2026-09-29/011911213583_ohlcv_bdf39af39800.json
2026-09-28T23:25:00+00:00,AGubQRJ5T5snYFmUHqbxq4zobCHBhkw2jnC79mHaPqtc,solana,Meteora DAMM V2,,,,,2026-09-28T18:05:04Z,0.0009377537505154582,,,,,,,,,,,,,,,,,,,ohlcv_backfill,minute,0.0008818518969217732,0.0009705571414094588,0.0008792052191950082,0.0009377537505154582,12659.0989692552,/home/runner/work/Solana-Memecoin-Analysis/Solana-Memecoin-Analysis/data/cache/2026-09-29/011911213583_ohlcv_bdf39af39800.json
2026-09-28T23:20:00+00:00,AGubQRJ5T5snYFmUHqbxq4zobCHBhkw2jnC79mHaPqtc,solana,Meteora DAMM V2,,,,,2026-09-28T18:05:04Z,0.0008818518969217732,,,,,,,,,,,,,,,,,,,ohlcv_backfill,minute,0.0008858002860800601,0.0009117786378147503,0.0008419567132172758,0.0008818518969217732,11573.929469912617,/home/runner/work/Solana-Memecoin-Analysis/Solana-Memecoin-Analysis/data/cache/2026-09-29/011911213583_ohlcv_bdf39af39800.json
2026-09-28T23:15:00+00:00,AGubQRJ5T5snYFmUHqbxq4zobCHBhkw2jnC79mHaPqtc,solana,Meteora DAMM V2,,,,,2026-09-28T18:05:04Z,0.0008858002860800601,,,,,,,,,,,,,,,,,,,ohlcv_backfill,minute,0.0008422636437882993,0.0009216158882342599,0.0008412291441216899,0.0008858002860800601,13959.72092329807,/home/runner/work/Solana-Memecoin-Analysis/Solana-Memecoin-Analysis/data/cache/2026-09-29/011911213583_ohlcv_bdf39af39800.json
2026-09-28T23:10:00+00:00,AGubQRJ5T5snYFmUHqbxq4zobCHBhkw2jnC79mHaPqtc,solana,Meteora DAMM V2,,,,,2026-09-28T18:05:04Z,0.0008422636437882993,,,,,,,,,,,,,,,,,,,ohlcv_backfill,minute,0.0008327517204600851,0.0008595380323316426,0.0008294912963797197,0.0008422636437882993,6372.631654761318,/home/runner/work/Solana-Memecoin-Analysis/Solana-Memecoin-Analysis/data/cache/2026-09-29/011911213583_ohlcv_bdf39af39800.json
2026-09-28T23:05:00+00:00,AGubQRJ5T5snYFmUHqbxq4zobCHBhkw2jnC79mHaPqtc,solana,Meteora DAMM V2,,,,,2026-09-28T18:05:04Z,0.0008327517204600851,,,,,,,,,,,,,,,,,,,ohlcv_backfill,minute,0.0008298933529561657,0.0008458369902391203,0.000802015753626154,0.0008327517204600851,7688.814807482504,/home/runner/work/Solana-Memecoin-Analysis/Solana-Memecoin-Analysis/data/cache/2026-09-29/011911213583_ohlcv_bdf39af39800.json
2026-09-28T23:00:00+00:00,AGubQRJ5T5snYFmUHqbxq4zobCHBhkw2jnC79mHaPqtc,solana,Meteora DAMM V2,,,,,2026-09-28T18:05:04Z,0.0008298933529561657,,,,,,,,,,,,,,,,,,,ohlcv_backfill,minute,0.0008327700045068324,0.0008399264665025172,0.0008159807931466377,0.0008298933529561657,5405.530160321502,/home/runner/work/Solana-Memecoin-Analysis/Solana-Memecoin-Analysis/data/cache/2026-09-29/011911213583_ohlcv_bdf39af39800.json
2026-09-28T22:55:00+00:00,AGubQRJ5T5snYFmUHqbxq4zobCHBhkw2jnC79mHaPqtc,solana,Meteora DAMM V2,,,,,2026-09-28T18:05:04Z,0.0008327700045068324,,,,,,,,,,,,,,,,,,,ohlcv_backfill,minute,0.0008991780990455392,0.0009226207065591122,0.0007918080289682159,0.0008327700045068324,18946.41391373903,/home/runner/work/Solana-Memecoin-Analysis/Solana-Memecoin-Analysis/data/cache/2026-09-29/011911213583_ohlcv_bdf39af39800.json
2026-09-28T22:50:00+00:00,AGubQRJ5T5snYFmUHqbxq4zobCHBhkw2jnC79mHaPqtc,solana,Meteora DAMM V2,,,,,2026-09-28T18:05:04Z,0.0008991780990455392,,,,,,,,,,,,,,,,,,,ohlcv_backfill,minute,0.0008300659994988938,0.0009045417610919227,0.000806896241011949,0.0008991780990455392,11288.81720845609,/home/runner/work/Solana-Memecoin-Analysis/Solana-Memecoin-Analysis/data/cache/2026-09-29/011911213583_ohlcv_bdf39af39800.json
2026-09-28T22:45:00+00:00,AGubQRJ5T5snYFmUHqbxq4zobCHBhkw2jnC79mHaPqtc,solana,Meteora DAMM V2,,,,,2026-09-28T18:05:04Z,0.0008300659994988938,,,,,,,,,,,,,,,,,,,ohlcv_backfill,minute,0.0007708337743711492,0.0008406428242416359,0.0007693822848213198,0.0008300659994988938,9752.35477076883,/home/runner/work/Solana-Memecoin-Analysis/Solana-Memecoin-Analysis/data/cache/2026-09-29/011911213583_ohlcv_bdf39af39800.json
2026-09-28T22:40:00+00:00,AGubQRJ5T5snYFmUHqbxq4zobCHBhkw2jnC79mHaPqtc,solana,Meteora DAMM V2,,,,,2026-09-28T18:05:04Z,0.0007708337743711492,,,,,,,,,,,,,,,,,,,ohlcv_backfill,minute,0.000800262505792368,0.000800262505792368,0.0007156642808201008,0.0007708337743711492,28894.08489835096,/home/runner/work/Solana-Memecoin-Analysis/Solana-Memecoin-Analysis/data/cache/2026-09-29/011911213583_ohlcv_bdf39af39800.json
2026-09-28T22:35:00+00:00,AGubQRJ5T5snYFmUHqbxq4zobCHBhkw2jnC79mHaPqtc,solana,Meteora DAMM V2,,,,,2026-09-28T18:05:04Z,0.000800262505792368,,,,,,,,,,,,,,,,,,,ohlcv_backfill,minute,0.0008134770275529235,0.0008609098474347122,0.0008002391312544817,0.000800262505792368,8219.619479202269,/home/runner/work/Solana-Memecoin-Analysis/Solana-Memecoin-Analysis/data/cache/2026-09-29/011911213583_ohlcv_bdf39af39800.json
2026-09-28T22:30:00+00:00,AGubQRJ5T5snYFmUHqbxq4zobCHBhkw2jnC79mHaPqtc,solana,Meteora DAMM V2,,,,,2026-09-28T18:05:04Z,0.0008134770275529235,,,,,,,,,,,,,,,,,,,ohlcv_backfill,minute,0.0008786310921906118,0.0008972067567553787,0.0007785807823810828,0.0008134770275529235,17894.316794926668,/home/runner/work/Solana-Memecoin-Analysis/Solana-Memecoin-Analysis/data/cache/2026-09-29/011911213583_ohlcv_bdf39af39800.json
2026-09-28T22:25:00+00:00,AGubQRJ5T5snYFmUHqbxq4zobCHBhkw2jnC79mHaPqtc,solana,Meteora DAMM V2,,,,,2026-09-28T18:05:04Z,0.0008786310921906118,,,,,,,,,,,,,,,,,,,ohlcv_backfill,minute,0.0009413552625084769,0.0009619066780023736,0.0008701571541808633,0.0008786310921906118,9641.49634974788,/home/runner/work/Solana-Memecoin-Analysis/Solana-Memecoin-Analysis/data/cache/2026-09-29/011911213583_ohlcv_bdf39af39800.json
2026-09-28T22:20:00+00:00,AGubQRJ5T5snYFmUHqbxq4zobCHBhkw2jnC79mHaPqtc,solana,Meteora DAMM V2,,,,,2026-09-28T18:05:04Z,0.0009413552625084769,,,,,,,,,,,,,,,,,,,ohlcv_backfill,minute,0.0009186703206608368,0.0009643693345368353,0.0008819942985924149,0.0009413552625084769,15689.256320231627,/home/runner/work/Solana-Memecoin-Analysis/Solana-Memecoin-Analysis/data/cache/2026-09-29/011911213583_ohlcv_bdf39af39800.json
2026-09-28T22:15:00+00:00,AGubQRJ5T5snYFmUHqbxq4zobCHBhkw2jnC79mHaPqtc,solana,Meteora DAMM V2,,,,,2026-09-28T18:05:04Z,0.0009186703206608368,,,,,,,,,,,,,,,,,,,ohlcv_backfill,minute,0.0008983617127119348,0.0009187340950934665,0.000876960475394913,0.0009186703206608368,6560.6496945875315,/home/runner/work/Solana-Memecoin-Analysis/Solana-Memecoin-Analysis/data/cache/2026-09-29/011911213583_ohlcv_bdf39af39800.json
2026-09-28T22:10:00+00:00,AGubQRJ5T5snYFmUHqbxq4zobCHBhkw2jnC79mHaPqtc,solana,Meteora DAMM V2,,,,,2026-09-28T18:05:04Z,0.0008983617127119348,,,,,,,,,,,,,,,,,,,ohlcv_backfill,minute,0.0008836807770972561,0.0009312049060373207,0.0008699299833492716,0.0008983617127119348,12851.414176546235,/home/runner/work/Solana-Memecoin-Analysis/Solana-Memecoin-Analysis/data/cache/2026-09-29/011911213583_ohlcv_bdf39af39800.json
2026-09-28T22:05:00+00:00,AGubQRJ5T5snYFmUHqbxq4zobCHBhkw2jnC79mHaPqtc,solana,Meteora DAMM V2,,,,,2026-09-28T18:05:04Z,0.0008836807770972561,,,,,,,,,,,,,,,,,,,ohlcv_backfill,minute,0.0009937087622156103,0.0010050190344758048,0.0008196308523737336,0.0008836807770972561,23451.093842554903,/home/runner/work/Solana-Memecoin-Analysis/Solana-Memecoin-Analysis/data/cache/2026-09-29/011911213583_ohlcv_bdf39af39800.json
2026-09-28T22:00:00+00:00,AGubQRJ5T5snYFmUHqbxq4zobCHBhkw2jnC79mHaPqtc,solana,Meteora DAMM V2,,,,,2026-09-28T18:05:04Z,0.0009937087622156103,,,,,,,,,,,,,,,,,,,ohlcv_backfill,minute,0.0011707276570156733,0.0011707276570156733,0.0009714882261843997,0.0009937087622156103,13773.705376438982,/home/runner/work/Solana-Memecoin-Analysis/Solana-Memecoin-Analysis/data/cache/2026-09-29/011911213583_ohlcv_bdf39af39800.json
2026-09-28T21:55:00+00:00,AGubQRJ5T5snYFmUHqbxq4zobCHBhkw2jnC79mHaPqtc,solana,Meteora DAMM V2,,,,,2026-09-28T18:05:04Z,0.0011707276570156733,,,,,,,,,,,,,,,,,,,ohlcv_backfill,minute,0.0010629354111783536,0.0012232354632326276,0.0009852082460972045,0.0011707276570156733,27559.79433145798,/home/runner/work/Solana-Memecoin-Analysis/Solana-Memecoin-Analysis/data/cache/2026-09-29/011911213583_ohlcv_bdf39af39800.json
2026-09-28T21:50:00+00:00,AGubQRJ5T5snYFmUHqbxq4zobCHBhkw2jnC79mHaPqtc,solana,Meteora DAMM V2,,,,,2026-09-28T18:05:04Z,0.0010629354111783536,,,,,,,,,,,,,,,,,,,ohlcv_backfill,minute,0.0011737767860574868,0.0012691100360377363,0.001060057778351669,0.0010629354111783536,21403.27688886628,/home/runner/work/Solana-Memecoin-Analysis/Solana-Memecoin-Analysis/data/cache/2026-09-29/011911213583_ohlcv_bdf39af39800.json
2026-09-28T21:45:00+00:00,AGubQRJ5T5snYFmUHqbxq4zobCHBhkw2jnC79mHaPqtc,solana,Meteora DAMM V2,,,,,2026-09-28T18:05:04Z,0.0011737767860574868,,,,,,,,,,,,,,,,,,,ohlcv_backfill,minute,0.0012239280512447114,0.0012239280512447114,0.001080912861581289,0.0011737767860574868,18631.917174031005,/home/runner/work/Solana-Memecoin-Analysis/Solana-Memecoin-Analysis/data/cache/2026-09-29/011911213583_ohlcv_bdf39af39800.json
2026-09-28T21:40:00+00:00,AGubQRJ5T5snYFmUHqbxq4zobCHBhkw2jnC79mHaPqtc,solana,Meteora DAMM V2,,,,,2026-09-28T18:05:04Z,0.0012239280512447114,,,,,,,,,,,,,,,,,,,ohlcv_backfill,minute,0.0009888278917449366,0.0013040199731069008,0.0009867995296718149,0.0012239280512447114,29697.251936337623,/home/runner/work/Solana-Memecoin-Analysis/Solana-Memecoin-Analysis/data/cache/2026-09-29/011911213583_ohlcv_bdf39af39800.json
2026-09-28T21:35:00+00:00,AGubQRJ5T5snYFmUHqbxq4zobCHBhkw2jnC79mHaPqtc,solana,Meteora DAMM V2,,,,,2026-09-28T18:05:04Z,0.0009888278917449366,,,,,,,,,,,,,,,,,,,ohlcv_backfill,minute,0.001096918331579551,0.0011229939655300824,0.0009701093662743512,0.0009888278917449366,15758.7013752972,/home/runner/work/Solana-Memecoin-Analysis/Solana-Memecoin-Analysis/data/cache/2026-09-29/011911213583_ohlcv_bdf39af39800.json
2026-09-28T21:30:00+00:00,AGubQRJ5T5snYFmUHqbxq4zobCHBhkw2jnC79mHaPqtc,solana,Meteora DAMM V2,,,,,2026-09-28T18:05:04Z,0.001096918331579551,,,,,,,,,,,,,,,,,,,ohlcv_backfill,minute,0.0010360712843479865,0.0011311049705719136,0.0010359314658177352,0.001096918331579551,21636.583060070665,/home/runner/work/Solana-Memecoin-Analysis/Solana-Memecoin-Analysis/data/cache/2026-09-29/011911213583_ohlcv_bdf39af39800.json
2026-09-28T21:25:00+00:00,AGubQRJ5T5snYFmUHqbxq4zobCHBhkw2jnC79mHaPqtc,solana,Meteora DAMM V2,,,,,2026-09-28T18:05:04Z,0.0010360712843479865,,,,,,,,,,,,,,,,,,,ohlcv_backfill,minute,0.0009273782057622603,0.0010457741380330407,0.0009198475132061787,0.0010360712843479865,18461.62218883371,/home/runner/work/Solana-Memecoin-Analysis/Solana-Memecoin-Analysis/data/cache/2026-09-29/011911213583_ohlcv_bdf39af39800.json
2026-09-28T21:20:00+00:00,AGubQRJ5T5snYFmUHqbxq4zobCHBhkw2jnC79mHaPqtc,solana,Meteora DAMM V2,,,,,2026-09-28T18:05:04Z,0.0009273782057622603,,,,,,,,,,,,,,,,,,,ohlcv_backfill,minute,0.0009964382230310423,0.0009964382230310423,0.0007828913885978268,0.0009273782057622603,70327.04743774042,/home/runner/work/Solana-Memecoin-Analysis/Solana-Memecoin-Analysis/data/cache/2026-09-29/011911213583_ohlcv_bdf39af39800.json
2026-09-28T21:15:00+00:00,AGubQRJ5T5snYFmUHqbxq4zobCHBhkw2jnC79mHaPqtc,solana,Meteora DAMM V2,,,,,2026-09-28T18:05:04Z,0.0009964382230310423,,,,,,,,,,,,,,,,,,,ohlcv_backfill,minute,0.001051384906025809,0.0010751282058062827,0.000953290097379102,0.0009964382230310423,29263.864528781356,/home/runner/work/Solana-Memecoin-Analysis/Solana-Memecoin-Analysis/data/cache/2026-09-29/011911213583_ohlcv_bdf39af39800.json
2026-09-28T21:10:00+00:00,AGubQRJ5T5snYFmUHqbxq4zobCHBhkw2jnC79mHaPqtc,solana,Meteora DAMM V2,,,,,2026-09-28T18:05:04Z,0.001051384906025809,,,,,,,,,,,,,,,,,,,ohlcv_backfill,minute,0.0009383466463494696,0.0011131694503752152,0.0008756383409474949,0.001051384906025809,32062.473424987405,/home/runner/work/Solana-Memecoin-Analysis/Solana-Memecoin-Analysis/data/cache/2026-09-29/011911213583_ohlcv_bdf39af39800.json
2026-09-28T21:05:00+00:00,AGubQRJ5T5snYFmUHqbxq4zobCHBhkw2jnC79mHaPqtc,solana,Meteora DAMM V2,,,,,2026-09-28T18:05:04Z,0.0009383466463494696,,,,,,,,,,,,,,,,,,,ohlcv_backfill,minute,0.0008532136011309555,0.0009793925081062465,0.0008427071623230355,0.0009383466463494696,31492.275528400856,/home/runner/work/Solana-Memecoin-Analysis/Solana-Memecoin-Analysis/data/cache/2026-09-29/011911213583_ohlcv_bdf39af39800.json
2026-09-28T21:00:00+00:00,AGubQRJ5T5snYFmUHqbxq4zobCHBhkw2jnC79mHaPqtc,solana,Meteora DAMM V2,,,,,2026-09-28T18:05:04Z,0.0008532136011309555,,,,,,,,,,,,,,,,,,,ohlcv_backfill,minute,0.0009123430427931862,0.0009822922749309641,0.000825445036880704,0.0008532136011309555,19871.744050819096,/home/runner/work/Solana-Memecoin-Analysis/Solana-Memecoin-Analysis/data/cache/2026-09-29/011911213583_ohlcv_bdf39af39800.json
2026-09-28T20:55:00+00:00,AGubQRJ5T5snYFmUHqbxq4zobCHBhkw2jnC79mHaPqtc,solana,Meteora DAMM V2,,,,,2026-09-28T18:05:04Z,0.0009123430427931862,,,,,,,,,,,,,,,,,,,ohlcv_backfill,minute,0.0007873745726568849,0.0009455381680908776,0.0007183007660786082,0.0009123430427931862,38513.87274028482,/home/runner/work/Solana-Memecoin-Analysis/Solana-Memecoin-Analysis/data/cache/2026-09-29/011911213583_ohlcv_bdf39af39800.json
2026-09-28T20:50:00+00:00,AGubQRJ5T5snYFmUHqbxq4zobCHBhkw2jnC79mHaPqtc,solana,Meteora DAMM V2,,,,,2026-09-28T18:05:04Z,0.0007873745726568849,,,,,,,,,,,,,,,,,,,ohlcv_backfill,minute,0.0008332177450184867,0.0008680109087788894,0.0007837589651757941,0.0007873745726568849,18820.956984819233,/home/runner/work/Solana-Memecoin-Analysis/Solana-Memecoin-Analysis/data/cache/2026-09-29/011911213583_ohlcv_bdf39af39800.json
2026-09-28T20:45:00+00:00,AGubQRJ5T5snYFmUHqbxq4zobCHBhkw2jnC79mHaPqtc,solana,Meteora DAMM V2,,,,,2026-09-28T18:05:04Z,0.0008332177450184867,,,,,,,,,,,,,,,,,,,ohlcv_backfill,minute,0.0008503422976824597,0.0008613295762677382,0.0007888151702672858,0.0008332177450184867,13651.063922159943,/home/runner/work/Solana-Memecoin-Analysis/Solana-Memecoin-Analysis/data/cache/2026-09-29/011911213583_ohlcv_bdf39af39800.json
2026-09-28T20:40:00+00:00,AGubQRJ5T5snYFmUHqbxq4zobCHBhkw2jnC79mHaPqtc,solana,Meteora DAMM V2,,,,,2026-09-28T18:05:04Z,0.0008503422976824597,,,,,,,,,,,,,,,,,,,ohlcv_backfill,minute,0.0007462387196421244,0.0008503422976824597,0.000745890500267257,0.0008503422976824597,18281.471004970786,/home/runner/work/Solana-Memecoin-Analysis/Solana-Memecoin-Analysis/data/cache/2026-09-29/011911213583_ohlcv_bdf39af39800.json
2026-09-28T20:35:00+00:00,AGubQRJ5T5snYFmUHqbxq4zobCHBhkw2jnC79mHaPqtc,solana,Meteora DAMM V2,,,,,2026-09-28T18:05:04Z,0.0007462387196421244,,,,,,,,,,,,,,,,,,,ohlcv_backfill,minute,0.0007742711085853821,0.0008307506356427582,0.0007363737720491822,0.0007462387196421244,20352.623702340505,/home/runner/work/Solana-Memecoin-Analysis/Solana-Memecoin-Analysis/data/cache/2026-09-29/011911213583_ohlcv_bdf39af39800.json
2026-09-28T20:30:00+00:00,AGubQRJ5T5snYFmUHqbxq4zobCHBhkw2jnC79mHaPqtc,solana,Meteora DAMM V2,,,,,2026-09-28T18:05:04Z,0.0007742711085853821,,,,,,,,,,,,,,,,,,,ohlcv_backfill,minute,0.0006999726132006632,0.0007932397649152396,0.0006483437932659676,0.0007742711085853821,27747.15054937823,/home/runner/work/Solana-Memecoin-Analysis/Solana-Memecoin-Analysis/data/cache/2026-09-29/011911213583_ohlcv_bdf39af39800.json
2026-09-28T20:25:00+00:00,AGubQRJ5T5snYFmUHqbxq4zobCHBhkw2jnC79mHaPqtc,solana,Meteora DAMM V2,,,,,2026-09-28T18:05:04Z,0.0006999726132006632,,,,,,,,,,,,,,,,,,,ohlcv_backfill,minute,0.0008449036907031249,0.0008659819940497477,0.0006945005302623942,0.0006999726132006632,19674.407060264337,/home/runner/work/Solana-Memecoin-Analysis/Solana-Memecoin-Analysis/data/cache/2026-09-29/011911213583_ohlcv_bdf39af39800.json
2026-09-28T20:20:00+00:00,AGubQRJ5T5snYFmUHqbxq4zobCHBhkw2jnC79mHaPqtc,solana,Meteora DAMM V2,,,,,2026-09-28T18:05:04Z,0.0008449036907031249,,,,,,,,,,,,,,,,,,,ohlcv_backfill,minute,0.0008035422663531291,0.0008556211576497656,0.000779603547920659,0.0008449036907031249,23500.600954711048,/home/runner/work/Solana-Memecoin-Analysis/Solana-Memecoin-Analysis/data/cache/2026-09-29/011911213583_ohlcv_bdf39af39800.json
2026-09-28T20:15:00+00:00,AGubQRJ5T5snYFmUHqbxq4zobCHBhkw2jnC79mHaPqtc,solana,Meteora DAMM V2,,,,,2026-09-28T18:05:04Z,0.0008035422663531291,,,,,,,,,,,,,,,,,,,ohlcv_backfill,minute,0.0008583632811151593,0.0008654188989684049,0.000766678499172713,0.0008035422663531291,29289.738868450295,/home/runner/work/Solana-Memecoin-Analysis/Solana-Memecoin-Analysis/data/cache/2026-09-29/011911213583_ohlcv_bdf39af39800.json
2026-09-28T20:10:00+00:00,AGubQRJ5T5snYFmUHqbxq4zobCHBhkw2jnC79mHaPqtc,solana,Meteora DAMM V2,,,,,2026-09-28T18:05:04Z,0.0008583632811151593,,,,,,,,,,,,,,,,,,,ohlcv_backfill,minute,0.0007411941951714724,0.0009410530014540104,0.0006867476741758559,0.0008583632811151593,34925.93081733794,/home/runner/work/Solana-Memecoin-Analysis/Solana-Memecoin-Analysis/data/cache/2026-09-29/011911213583_ohlcv_bdf39af39800.json
2026-09-28T20:05:00+00:00,AGubQRJ5T5snYFmUHqbxq4zobCHBhkw2jnC79mHaPqtc,solana,Meteora DAMM V2,,,,,2026-09-28T18:05:04Z,0.0007411941951714724,,,,,,,,,,,,,,,,,,,ohlcv_backfill,minute,0.0007688711537135522,0.0007988171540361947,0.0006752411026767724,0.0007411941951714724,25224.244724748056,/home/runner/work/Solana-Memecoin-Analysis/Solana-Memecoin-Analysis/data/cache/2026-09-29/011911213583_ohlcv_bdf39af39800.json
2026-09-28T20:00:00+00:00,AGubQRJ5T5snYFmUHqbxq4zobCHBhkw2jnC79mHaPqtc,solana,Meteora DAMM V2,,,,,2026-09-28T18:05:04Z,0.0007688711537135522,,,,,,,,,,,,,,,,,,,ohlcv_backfill,minute,0.0007985566251276115,0.0008555089094743528,0.0006786994081067021,0.0007688711537135522,32953.243385886795,/home/runner/work/Solana-Memecoin-Analysis/Solana-Memecoin-Analysis/data/cache/2026-09-29/011911213583_ohlcv_bdf39af39800.json
2026-09-28T19:55:00+00:00,AGubQRJ5T5snYFmUHqbxq4zobCHBhkw2jnC79mHaPqtc,solana,Meteora DAMM V2,,,,,2026-09-28T18:05:04Z,0.0007985566251276115,,,,,,,,,,,,,,,,,,,ohlcv_backfill,minute,0.0008621925491533725,0.0009676308410096227,0.0007985566251276115,0.0007985566251276115,37307.92385729696,/home/runner/work/Solana-Memecoin-Analysis/Solana-Memecoin-Analysis/data/cache/2026-09-29/011911213583_ohlcv_bdf39af39800.json
2026-09-28T19:50:00+00:00,AGubQRJ5T5snYFmUHqbxq4zobCHBhkw2jnC79mHaPqtc,solana,Meteora DAMM V2,,,,,2026-09-28T18:05:04Z,0.0008621925491533725,,,,,,,,,,,,,,,,,,,ohlcv_backfill,minute,0.0008865504091710242,0.0009532627777191628,0.0008125613589634202,0.0008621925491533725,43431.416064770085,/home/runner/work/Solana-Memecoin-Analysis/Solana-Memecoin-Analysis/data/cache/2026-09-29/011911213583_ohlcv_bdf39af39800.json
2026-09-28T19:45:00+00:00,AGubQRJ5T5snYFmUHqbxq4zobCHBhkw2jnC79mHaPqtc,solana,Meteora DAMM V2,,,,,2026-09-28T18:05:04Z,0.0008865504091710242,,,,,,,,,,,,,,,,,,,ohlcv_backfill,minute,0.0009272344443619483,0.0009491059430363828,0.0007473848019051033,0.0008865504091710242,53539.23634465306,/home/runner/work/Solana-Memecoin-Analysis/Solana-Memecoin-Analysis/data/cache/2026-09-29/011911213583_ohlcv_bdf39af39800.json
2026-09-28T19:40:00+00:00,AGubQRJ5T5snYFmUHqbxq4zobCHBhkw2jnC79mHaPqtc,solana,Meteora DAMM V2,,,,,2026-09-28T18:05:04Z,0.0009272344443619483,,,,,,,,,,,,,,,,,,,ohlcv_backfill,minute,0.0008797754692542698,0.0010544096363221966,0.0008444941363834503,0.0009272344443619483,113165.96718502749,/home/runner/work/Solana-Memecoin-Analysis/Solana-Memecoin-Analysis/data/cache/2026-09-29/011911213583_ohlcv_bdf39af39800.json
2026-09-28T19:35:00+00:00,AGubQRJ5T5snYFmUHqbxq4zobCHBhkw2jnC79mHaPqtc,solana,Meteora DAMM V2,,,,,2026-09-28T18:05:04Z,0.0008797754692542698,,,,,,,,,,,,,,,,,,,ohlcv_backfill,minute,0.0007491810498476756,0.0009454510079412751,0.0006891738134993913,0.0008797754692542698,62329.5057695987,/home/runner/work/Solana-Memecoin-Analysis/Solana-Memecoin-Analysis/data/cache/2026-09-29/011911213583_ohlcv_bdf39af39800.json
2026-09-28T19:30:00+00:00,AGubQRJ5T5snYFmUHqbxq4zobCHBhkw2jnC79mHaPqtc,solana,Meteora DAMM V2,,,,,2026-09-28T18:05:04Z,0.0007491810498476756,,,,,,,,,,,,,,,,,,,ohlcv_backfill,minute,0.0006910793295527042,0.0007789900542235081,0.0006450259773026668,0.0007491810498476756,40635.48629312311,/home/runner/work/Solana-Memecoin-Analysis/Solana-Memecoin-Analysis/data/cache/2026-09-29/011911213583_ohlcv_bdf39af39800.json
2026-09-28T19:25:00+00:00,AGubQRJ5T5snYFmUHqbxq4zobCHBhkw2jnC79mHaPqtc,solana,Meteora DAMM V2,,,,,2026-09-28T18:05:04Z,0.0006910793295527042,,,,,,,,,,,,,,,,,,,ohlcv_backfill,minute,0.000663162138378656,0.0007286195886977518,0.0005732411134517071,0.0006910793295527042,46349.66855989174,/home/runner/work/Solana-Memecoin-Analysis/Solana-Memecoin-Analysis/data/cache/2026-09-29/011911213583_ohlcv_bdf39af39800.json
2026-09-28T19:20:00+00:00,AGubQRJ5T5snYFmUHqbxq4zobCHBhkw2jnC79mHaPqtc,solana,Meteora DAMM V2,,,,,2026-09-28T18:05:04Z,0.000663162138378656,,,,,,,,,,,,,,,,,,,ohlcv_backfill,minute,0.000673948488952084,0.0006898824662752337,0.0005881522607411882,0.000663162138378656,27321.325557589324,/home/runner/work/Solana-Memecoin-Analysis/Solana-Memecoin-Analysis/data/cache/2026-09-29/011911213583_ohlcv_bdf39af39800.json
2026-09-28T19:15:00+00:00,AGubQRJ5T5snYFmUHqbxq4zobCHBhkw2jnC79mHaPqtc,solana,Meteora DAMM V2,,,,,2026-09-28T18:05:04Z,0.000673948488952084,,,,,,,,,,,,,,,,,,,ohlcv_backfill,minute,0.0006500465717226592,0.000758203677375128,0.0006134191483096822,0.000673948488952084,36051.156555977155,/home/runner/work/Solana-Memecoin-Analysis/Solana-Memecoin-Analysis/data/cache/2026-09-29/011911213583_ohlcv_bdf39af39800.json
2026-09-28T19:10:00+00:00,AGubQRJ5T5snYFmUHqbxq4zobCHBhkw2jnC79mHaPqtc,solana,Meteora DAMM V2,,,,,2026-09-28T18:05:04Z,0.0006500465717226592,,,,,,,,,,,,,,,,,,,ohlcv_backfill,minute,0.0005704689313919133,0.0007061933098190302,0.0005595206361940538,0.0006500465717226592,33694.171284033815,/home/runner/work/Solana-Memecoin-Analysis/Solana-Memecoin-Analysis/data/cache/2026-09-29/011911213583_ohlcv_bdf39af39800.json
2026-09-28T19:05:00+00:00,AGubQRJ5T5snYFmUHqbxq4zobCHBhkw2jnC79mHaPqtc,solana,Meteora DAMM V2,,,,,2026-09-28T18:05:04Z,0.0005704689313919133,,,,,,,,,,,,,,,,,,,ohlcv_backfill,minute,0.0006021321668720739,0.0006417566949835161,0.0005111512301341332,0.0005704689313919133,33057.29275189345,/home/runner/work/Solana-Memecoin-Analysis/Solana-Memecoin-Analysis/data/cache/2026-09-29/011911213583_ohlcv_bdf39af39800.json
2026-09-28T19:00:00+00:00,AGubQRJ5T5snYFmUHqbxq4zobCHBhkw2jnC79mHaPqtc,solana,Meteora DAMM V2,,,,,2026-09-28T18:05:04Z,0.0006021321668720739,,,,,,,,,,,,,,,,,,,ohlcv_backfill,minute,0.0007736208971780135,0.0007736208971780135,0.0005300163570048734,0.0006021321668720739,49778.67247699835,/home/runner/work/Solana-Memecoin-Analysis/Solana-Memecoin-Analysis/data/cache/2026-09-29/011911213583_ohlcv_bdf39af39800.json
2026-09-28T18:55:00+00:00,AGubQRJ5T5snYFmUHqbxq4zobCHBhkw2jnC79mHaPqtc,solana,Meteora DAMM V2,,,,,2026-09-28T18:05:04Z,0.0007736208971780135,,,,,,,,,,,,,,,,,,,ohlcv_backfill,minute,0.0008098668330912217,0.0008098668330912217,0.0005890653055887526,0.0007736208971780135,50776.2515617246,/home/runner/work/Solana-Memecoin-Analysis/Solana-Memecoin-Analysis/data/cache/2026-09-29/011911213583_ohlcv_bdf39af39800.json
2026-09-28T18:50:00+00:00,AGubQRJ5T5snYFmUHqbxq4zobCHBhkw2jnC79mHaPqtc,solana,Meteora DAMM V2,,,,,2026-09-28T18:05:04Z,0.0008098668330912217,,,,,,,,,,,,,,,,,,,ohlcv_backfill,minute,0.0007357303975848415,0.0008794610532480332,0.0007307526720914244,0.0008098668330912217,36170.767878511644,/home/runner/work/Solana-Memecoin-Analysis/Solana-Memecoin-Analysis/data/cache/2026-09-29/011911213583_ohlcv_bdf39af39800.json
2026-09-28T18:45:00+00:00,AGubQRJ5T5snYFmUHqbxq4zobCHBhkw2jnC79mHaPqtc,solana,Meteora DAMM V2,,,,,2026-09-28T18:05:04Z,0.0007357303975848415,,,,,,,,,,,,,,,,,,,ohlcv_backfill,minute,0.000689633964607757,0.0008830106095215557,0.0006078117683137986,0.0007357303975848415,86799.82532310067,/home/runner/work/Solana-Memecoin-Analysis/Solana-Memecoin-Analysis/data/cache/2026-09-29/011911213583_ohlcv_bdf39af39800.json
2026-09-28T18:40:00+00:00,AGubQRJ5T5snYFmUHqbxq4zobCHBhkw2jnC79mHaPqtc,solana,Meteora DAMM V2,,,,,2026-09-28T18:05:04Z,0.000689633964607757,,,,,,,,,,,,,,,,,,,ohlcv_backfill,minute,0.0006183058253553223,0.0007873795914680487,0.0006050730957836185,0.000689633964607757,78901.19536936362,/home/runner/work/Solana-Memecoin-Analysis/Solana-Memecoin-Analysis/data/cache/2026-09-29/011911213583_ohlcv_bdf39af39800.json
2026-09-28T18:35:00+00:00,AGubQRJ5T5snYFmUHqbxq4zobCHBhkw2jnC79mHaPqtc,solana,Meteora DAMM V2,,,,,2026-09-28T18:05:04Z,0.0006183058253553223,,,,,,,,,,,,,,,,,,,ohlcv_backfill,minute,0.0005501134580018632,0.0007017727989706896,0.0004920651632238176,0.0006183058253553223,108848.78863523138,/home/runner/work/Solana-Memecoin-Analysis/Solana-Memecoin-Analysis/data/cache/2026-09-29/011911213583_ohlcv_bdf39af39800.json
2026-09-28T18:30:00+00:00,AGubQRJ5T5snYFmUHqbxq4zobCHBhkw2jnC79mHaPqtc,solana,Meteora DAMM V2,,,,,2026-09-28T18:05:04Z,0.0005501134580018632,,,,,,,,,,,,,,,,,,,ohlcv_backfill,minute,0.000604224234197668,0.0006773290400056245,0.0004976108812146658,0.0005501134580018632,73691.27742321674,/home/runner/work/Solana-Memecoin-Analysis/Solana-Memecoin-Analysis/data/cache/2026-09-29/011911213583_ohlcv_bdf39af39800.json
2026-09-28T18:25:00+00:00,AGubQRJ5T5snYFmUHqbxq4zobCHBhkw2jnC79mHaPqtc,solana,Meteora DAMM V2,,,,,2026-09-28T18:05:04Z,0.000604224234197668,,,,,,,,,,,,,,,,,,,ohlcv_backfill,minute,0.0005894109088661433,0.0006802250374797747,0.00048037650675664015,0.000604224234197668,168997.1366578906,/home/runner/work/Solana-Memecoin-Analysis/Solana-Memecoin-Analysis/data/cache/2026-09-29/011911213583_ohlcv_bdf39af39800.json
2026-09-28T18:20:00+00:00,AGubQRJ5T5snYFmUHqbxq4zobCHBhkw2jnC79mHaPqtc,solana,Meteora DAMM V2,,,,,2026-09-28T18:05:04Z,0.0005894109088661433,,,,,,,,,,,,,,,,,,,ohlcv_backfill,minute,0.0006784088413743171,0.0007408276151129665,0.000510021771836494,0.0005894109088661433,216553.11878892346,/home/runner/work/Solana-Memecoin-Analysis/Solana-Memecoin-Analysis/data/cache/2026-09-29/011911213583_ohlcv_bdf39af39800.json
2026-09-28T18:15:00+00:00,AGubQRJ5T5snYFmUHqbxq4zobCHBhkw2jnC79mHaPqtc,solana,Meteora DAMM V2,,,,,2026-09-28T18:05:04Z,0.0006784088413743171,,,,,,,,,,,,,,,,,,,ohlcv_backfill,minute,0.0007217077872681979,0.0007271869859874433,0.000503084327983004,0.0006784088413743171,208018.21411360597,/home/runner/work/Solana-Memecoin-Analysis/Solana-Memecoin-Analysis/data/cache/2026-09-29/011911213583_ohlcv_bdf39af39800.json
2026-09-28T18:10:00+00:00,AGubQRJ5T5snYFmUHqbxq4zobCHBhkw2jnC79mHaPqtc,solana,Meteora DAMM V2,,,,,2026-09-28T18:05:04Z,0.0007217077872681979,,,,,,,,,,,,,,,,,,,ohlcv_backfill,minute,0.0007179155573434563,0.000912641638567408,0.0004954465130396451,0.0007217077872681979,426776.52132083784,/home/runner/work/Solana-Memecoin-Analysis/Solana-Memecoin-Analysis/data/cache/2026-09-29/011911213583_ohlcv_bdf39af39800.json
2026-09-28T18:05:00+00:00,AGubQRJ5T5snYFmUHqbxq4zobCHBhkw2jnC79mHaPqtc,solana,Meteora DAMM V2,,,,,2026-09-28T18:05:04Z,0.0007179155573434563,,,,,,,,,,,,,,,,,,,ohlcv_backfill,minute,5.346941866719246e-05,0.0012930202252281954,4.824187182772449e-05,0.0007179155573434563,1877187.5091492564,/home/runner/work/Solana-Memecoin-Analysis/Solana-Memecoin-Analysis/data/cache/2026-09-29/011911213583_ohlcv_bdf39af39800.json
2026-09-29T01:15:00+00:00,C7r9jXWiVYmBYR2Jj5YSLiEitUGJPjQXWeg7HPU8NwUk,solana,Meteora DAMM V2,,,,,2026-09-28T20:05:16Z,0.0026065055081999763,,,,,,,,,,,,,,,,,,,ohlcv_backfill,minute,0.0020827932579015854,0.002728227149510922,0.0020827932579015854,0.0026065055081999763,33030.19622011319,/home/runner/work/Solana-Memecoin-Analysis/Solana-Memecoin-Analysis/data/cache/2026-09-29/011919243726_ohlcv_30e11775a303.json
2026-09-29T01:10:00+00:00,C7r9jXWiVYmBYR2Jj5YSLiEitUGJPjQXWeg7HPU8NwUk,solana,Meteora DAMM V2,,,,,2026-09-28T20:05:16Z,0.0020827932579015854,,,,,,,,,,,,,,,,,,,ohlcv_backfill,minute,0.0018562630806030756,0.0020973689493124057,0.0018562630806030756,0.0020827932579015854,7686.866384388977,/home/runner/work/Solana-Memecoin-Analysis/Solana-Memecoin-Analysis/data/cache/2026-09-29/011919243726_ohlcv_30e11775a303.json
2026-09-29T01:05:00+00:00,C7r9jXWiVYmBYR2Jj5YSLiEitUGJPjQXWeg7HPU8NwUk,solana,Meteora DAMM V2,,,,,2026-09-28T20:05:16Z,0.0018562630806030756,,,,,,,,,,,,,,,,,,,ohlcv_backfill,minute,0.0018746944440319513,0.0018820929042908268,0.0017794941773343073,0.0018562630806030756,4243.949521089604,/home/runner/work/Solana-Memecoin-Analysis/Solana-Memecoin-Analysis/data/cache/2026-09-29/011919243726_ohlcv_30e11775a303.json
2026-09-29T01:00:00+00:00,C7r9jXWiVYmBYR2Jj5YSLiEitUGJPjQXWeg7HPU8NwUk,solana,Meteora DAMM V2,,,,,2026-09-28T20:05:16Z,0.0018746944440319513,,,,,,,,,,,,,,,,,,,ohlcv_backfill,minute,0.0019343994820850844,0.001997573380669777,0.0018430013980561908,0.0018746944440319513,11934.369873750913,/home/runner/work/Solana-Memecoin-Analysis/Solana-Memecoin-Analysis/data/cache/2026-09-29/011919243726_ohlcv_30e11775a303.json
2026-09-29T00:55:00+00:00,C7r9jXWiVYmBYR2Jj5YSLiEitUGJPjQXWeg7HPU8NwUk,solana,Meteora DAMM V2,,,,,2026-09-28T20:05:16Z,0.0019343994820850844,,,,,,,,,,,,,,,,,,,ohlcv_backfill,minute,0.0022374834625255528,0.0022755306609119944,0.0018219684776395488,0.0019343994820850844,22645.188118955415,/home/runner/work/Solana-Memecoin-Analysis/Solana-Memecoin-Analysis/data/cache/2026-09-29/011919243726_ohlcv_30e11775a303.json
2026-09-29T00:50:00+00:00,C7r9jXWiVYmBYR2Jj5YSLiEitUGJPjQXWeg7HPU8NwUk,solana,Meteora DAMM V2,,,,,2026-09-28T20:05:16Z,0.0022374834625255528,,,,,,,,,,,,,,,,,,,ohlcv_backfill,minute,0.002125057911926599,0.002249466000217839,0.0020158469637236395,0.0022374834625255528,16390.78120985971,/home/runner/work/Solana-Memecoin-Analysis/Solana-Memecoin-Analysis/data/cache/2026-09-29/011919243726_ohlcv_30e11775a303.json
2026-09-29T00:45:00+00:00,C7r9jXWiVYmBYR2Jj5YSLiEitUGJPjQXWeg7HPU8NwUk,solana,Meteora DAMM V2,,,,,2026-09-28T20:05:16Z,0.002125057911926599,,,,,,,,,,,,,,,,,,,ohlcv_backfill,minute,0.002455479949053327,0.002672255115793166,0.0021113511737513332,0.002125057911926599,32052.222497890576,/home/runner/work/Solana-Memecoin-Analysis/Solana-Memecoin-Analysis/data/cache/2026-09-29/011919243726_ohlcv_30e11775a303.json
2026-09-29T00:40:00+00:00,C7r9jXWiVYmBYR2Jj5YSLiEitUGJPjQXWeg7HPU8NwUk,solana,Meteora DAMM V2,,,,,2026-09-28T20:05:16Z,0.002455479949053327,,,,,,,,,,,,,,,,,,,ohlcv_backfill,minute,0.001765581268690239,0.0025496596858347012,0.001701108050476628,0.002455479949053327,106476.21300908166,/home/runner/work/Solana-Memecoin-Analysis/Solana-Memecoin-Analysis/data/cache/2026-09-29/011919243726_ohlcv_30e11775a303.json
2026-09-29T00:35:00+00:00,C7r9jXWiVYmBYR2Jj5YSLiEitUGJPjQXWeg7HPU8NwUk,solana,Meteora DAMM V2,,,,,2026-09-28T20:05:16Z,0.001765581268690239,,,,,,,,,,,,,,,,,,,ohlcv_backfill,minute,0.0015073106659485504,0.0018277963607678514,0.0014539459035033443,0.001765581268690239,28678.07499805579,/home/runner/work/Solana-Memecoin-Analysis/Solana-Memecoin-Analysis/data/cache/2026-09-29/011919243726_ohlcv_30e11775a303.json
2026-09-29T00:30:00+00:00,C7r9jXWiVYmBYR2Jj5YSLiEitUGJPjQXWeg7HPU8NwUk,solana,Meteora DAMM V2,,,,,2026-09-28T20:05:16Z,0.0015073106659485504,,,,,,,,,,,,,,,,,,,ohlcv_backfill,minute,0.0013043805666787484,0.0015602315988538116,0.0012451730154722002,0.0015073106659485504,20904.71649455933,/home/runner/work/Solana-Memecoin-Analysis/Solana-Memecoin-Analysis/data/cache/2026-09-29/011919243726_ohlcv_30e11775a303.json
2026-09-29T00:25:00+00:00,C7r9jXWiVYmBYR2Jj5YSLiEitUGJPjQXWeg7HPU8NwUk,solana,Meteora DAMM V2,,,,,2026-09-28T20:05:16Z,0.0013043805666787484,,,,,,,,,,,,,,,,,,,ohlcv_backfill,minute,0.0011992484733224845,0.0013591950294009774,0.0011992484733224845,0.0013043805666787484,8410.637885671056,/home/runner/work/Solana-Memecoin-Analysis/Solana-Memecoin-Analysis/data/cache/2026-09-29/011919243726_ohlcv_30e11775a303.json
2026-09-29T00:20:00+00:00,C7r9jXWiVYmBYR2Jj5YSLiEitUGJPjQXWeg7HPU8NwUk,solana,Meteora DAMM V2,,,,,2026-09-28T20:05:16Z,0.0011992484733224845,,,,,,,,,,,,,,,,,,,ohlcv_backfill,minute,0.001116183697689449,0.0011992484733224845,0.0011053132995345243,0.0011992484733224845,6347.948343572726,/home/runner/work/Solana-Memecoin-Analysis/Solana-Memecoin-Analysis/data/cache/2026-09-29/011919243726_ohlcv_30e11775a303.json
2026-09-29T00:15:00+00:00,C7r9jXWiVYmBYR2Jj5YSLiEitUGJPjQXWeg7HPU8NwUk,solana,Meteora DAMM V2,,,,,2026-09-28T20:05:16Z,0.001116183697689449,,,,,,,,,,,,,,,,,,,ohlcv_backfill,minute,0.0010952620746960788,0.0011350578837329417,0.0010923308808821809,0.001116183697689449,3417.6309590971023,/home/runner/work/Solana-Memecoin-Analysis/Solana-Memecoin-Analysis/data/cache/2026-09-29/011919243726_ohlcv_30e11775a303.json
2026-09-29T00:10:00+00:00,C7r9jXWiVYmBYR2Jj5YSLiEitUGJPjQXWeg7HPU8NwUk,solana,Meteora DAMM V2,,,,,2026-09-28T20:05:16Z,0.0010952620746960788,,,,,,,,,,,,,,,,,,,ohlcv_backfill,minute,0.0010752921919754523,0.001101079594454082,0.0010492949878348273,0.0010952620746960788,3049.3689256967145,/home/runner/work/Solana-Memecoin-Analysis/Solana-Memecoin-Analysis/data/cache/2026-09-29/011919243726_ohlcv_30e11775a303.json
2026-09-29T00:05:00+00:00,C7r9jXWiVYmBYR2Jj5YSLiEitUGJPjQXWeg7HPU8NwUk,solana,Meteora DAMM V2,,,,,2026-09-28T20:05:16Z,0.0010752921919754523,,,,,,,,,,,,,,,,,,,ohlcv_backfill,minute,0.0010448409302295403,0.0010752921919754523,0.0010019596898283012,0.0010752921919754523,6829.368506247745,/home/runner/work/Solana-Memecoin-Analysis/Solana-Memecoin-Analysis/data/cache/2026-09-29/011919243726_ohlcv_30e11775a303.json
2026-09-29T00:00:00+00:00,C7r9jXWiVYmBYR2Jj5YSLiEitUGJPjQXWeg7HPU8NwUk,solana,Meteora DAMM V2,,,,,2026-09-28T20:05:16Z,0.0010448409302295403,,,,,,,,,,,,,,,,,,,ohlcv_backfill,minute,0.0010523053296175792,0.0011040421964204708,0.0010301650531884087,0.0010448409302295403,5592.804267066391,/home/runner/work/Solana-Memecoin-Analysis/Solana-Memecoin-Analysis/data/cache/2026-09-29/011919243726_ohlcv_30e11775a303.json
2026-09-28T23:55:00+00:00,C7r9jXWiVYmBYR2Jj5YSLiEitUGJPjQXWeg7HPU8NwUk,solana,Meteora DAMM V2,,,,,2026-09-28T20:05:16Z,0.0010523053296175792,,,,,,,,,,,,,,,,,,,ohlcv_backfill,minute,0.0011259950843030921,0.0011259950843030921,0.0008886019092340629,0.0010523053296175792,21693.94228301952,/home/runner/work/Solana-Memecoin-Analysis/Solana-Memecoin-Analysis/data/cache/2026-09-29/011919243726_ohlcv_30e11775a303.json
2026-09-28T23:50:00+00:00,C7r9jXWiVYmBYR2Jj5YSLiEitUGJPjQXWeg7HPU8NwUk,solana,Meteora DAMM V2,,,,,2026-09-28T20:05:16Z,0.0011259950843030921,,,,,,,,,,,,,,,,,,,ohlcv_backfill,minute,0.0010258496053203881,0.0011459249056692627,0.0010258496053203881,0.0011259950843030921,5351.9340250903,/home/runner/work/Solana-Memecoin-Analysis/Solana-Memecoin-Analysis/data/cache/2026-09-29/011919243726_ohlcv_30e11775a303.json
2026-09-28T23:45:00+00:00,C7r9jXWiVYmBYR2Jj5YSLiEitUGJPjQXWeg7HPU8NwUk,solana,Meteora DAMM V2,,,,,2026-09-28T20:05:16Z,0.0010258496053203881,,,,,,,,,,,,,,,,,,,ohlcv_backfill,minute,0.0011275001274307294,0.0011275001274307294,0.0010197372975369377,0.0010258496053203881,6087.156118252239,/home/runner/work/Solana-Memecoin-Analysis/Solana-Memecoin-Analysis/data/cache/2026-09-29/011919243726_ohlcv_30e11775a303.json
2026-09-28T23:40:00+00:00,C7r9jXWiVYmBYR2Jj5YSLiEitUGJPjQXWeg7HPU8NwUk,solana,Meteora DAMM V2,,,,,2026-09-28T20:05:16Z,0.0011275001274307294,,,,,,,,,,,,,,,,,,,ohlcv_backfill,minute,0.0011853289280582076,0.0011908623771122154,0.001127413548315046,0.0011275001274307294,1659.9761493735145,/home/runner/work/Solana-Memecoin-Analysis/Solana-Memecoin-Analysis/data/cache/2026-09-29/011919243726_ohlcv_30e11775a303.json
2026-09-28T23:35:00+00:00,C7r9jXWiVYmBYR2Jj5YSLiEitUGJPjQXWeg7HPU8NwUk,solana,Meteora DAMM V2,,,,,2026-09-28T20:05:16Z,0.0011853289280582076,,,,,,,,,,,,,,,,,,,ohlcv_backfill,minute,0.0011918984383148237,0.0012027346800993289,0.0010938442412682125,0.0011853289280582076,6220.804278303816,/home/runner/work/Solana-Memecoin-Analysis/Solana-Memecoin-Analysis/data/cache/2026-09-29/011919243726_ohlcv_30e11775a303.json
2026-09-28T23:30:00+00:00,C7r9jXWiVYmBYR2Jj5YSLiEitUGJPjQXWeg7HPU8NwUk,solana,Meteora DAMM V2,,,,,2026-09-28T20:05:16Z,0.0011918984383148237,,,,,,,,,,,,,,,,,,,ohlcv_backfill,minute,0.0011266436450002501,0.0012542707256655691,0.0011050115610348394,0.0011918984383148237,7217.795058187525,/home/runner/work/Solana-Memecoin-Analysis/Solana-Memecoin-Analysis/data/cache/2026-09-29/011919243726_ohlcv_30e11775a303.json
2026-09-28T23:25:00+00:00,C7r9jXWiVYmBYR2Jj5YSLiEitUGJPjQXWeg7HPU8NwUk,solana,Meteora DAMM V2,,,,,2026-09-28T20:05:16Z,0.0011266436450002501,,,,,,,,,,,,,,,,,,,ohlcv_backfill,minute,0.001271436936328411,0.0013757213552989787,0.001117680219579347,0.0011266436450002501,10001.491098395836,/home/runner/work/Solana-Memecoin-Analysis/Solana-Memecoin-Analysis/data/cache/2026-09-29/011919243726_ohlcv_30e11775a303.json
2026-09-28T23:20:00+00:00,C7r9jXWiVYmBYR2Jj5YSLiEitUGJPjQXWeg7HPU8NwUk,solana,Meteora DAMM V2,,,,,2026-09-28T20:05:16Z,0.001271436936328411,,,,,,,,,,,,,,,,,,,ohlcv_backfill,minute,0.0012074866078921446,0.001271436936328411,0.0011685622566174813,0.001271436936328411,4435.328357853142,/home/runner/work/Solana-Memecoin-Analysis/Solana-Memecoin-Analysis/data/cache/2026-09-29/011919243726_ohlcv_30e11775a303.json
2026-09-28T23:15:00+00:00,C7r9jXWiVYmBYR2Jj5YSLiEitUGJPjQXWeg7HPU8NwUk,solana,Meteora DAMM V2,,,,,2026-09-28T20:05:16Z,0.0012074866078921446,,,,,,,,,,,,,,,,,,,ohlcv_backfill,minute,0.001285224690179962,0.0013077033149400377,0.0011767059254368711,0.0012074866078921446,8411.13937819316,/home/runner/work/Solana-Memecoin-Analysis/Solana-Memecoin-Analysis/data/cache/2026-09-29/011919243726_ohlcv_30e11775a303.json
2026-09-28T23:10:00+00:00,C7r9jXWiVYmBYR2Jj5YSLiEitUGJPjQXWeg7HPU8NwUk,solana,Meteora DAMM V2,,,,,2026-09-28T20:05:16Z,0.001285224690179962,,,,,,,,,,,,,,,,,,,ohlcv_backfill,minute,0.0012359357149116005,0.0012870631696721558,0.001207727901819629,0.001285224690179962,3316.7213669120524,/home/runner/work/Solana-Memecoin-Analysis/Solana-Memecoin-Analysis/data/cache/2026-09-29/011919243726_ohlcv_30e11775a303.json
2026-09-28T23:05:00+00:00,C7r9jXWiVYmBYR2Jj5YSLiEitUGJPjQXWeg7HPU8NwUk,solana,Meteora DAMM V2,,,,,2026-09-28T20:05:16Z,0.0012359357149116005,,,,,,,,,,,,,,,,,,,ohlcv_backfill,minute,0.0013861469873223723,0.001393204835574071,0.0011376903946706042,0.0012359357149116005,22280.431779251867,/home/runner/work/Solana-Memecoin-Analysis/Solana-Memecoin-Analysis/data/cache/2026-09-29/011919243726_ohlcv_30e11775a303.json
2026-09-28T23:00:00+00:00,C7r9jXWiVYmBYR2Jj5YSLiEitUGJPjQXWeg7HPU8NwUk,solana,Meteora DAMM V2,,,,,2026-09-28T20:05:16Z,0.0013861469873223723,,,,,,,,,,,,,,,,,,,ohlcv_backfill,minute,0.001106006614125132,0.0014074209650963383,0.0011056252933822907,0.0013861469873223723,11683.40942898871,/home/runner/work/Solana-Memecoin-Analysis/Solana-Memecoin-Analysis/data/cache/2026-09-29/011919243726_ohlcv_30e11775a303.json
2026-09-28T22:55:00+00:00,C7r9jXWiVYmBYR2Jj5YSLiEitUGJPjQXWeg7HPU8NwUk,solana,Meteora DAMM V2,,,,,2026-09-28T20:05:16Z,0.001106006614125132,,,,,,,,,,,,,,,,,,,ohlcv_backfill,minute,0.0014054600967220172,0.001405548202417095,0.0011029631766356328,0.001106006614125132,20169.176646115517,/home/runner/work/Solana-Memecoin-Analysis/Solana-Memecoin-Analysis/data/cache/2026-09-29/011919243726_ohlcv_30e11775a303.json
2026-09-28T22:50:00+00:00,C7r9jXWiVYmBYR2Jj5YSLiEitUGJPjQXWeg7HPU8NwUk,solana,Meteora DAMM V2,,,,,2026-09-28T20:05:16Z,0.0014054600967220172,,,,,,,,,,,,,,,,,,,ohlcv_backfill,minute,0.00138298727492098,0.001457901567153566,0.0012910345169071474,0.0014054600967220172,8521.102486017673,/home/runner/work/Solana-Memecoin-Analysis/Solana-Memecoin-Analysis/data/cache/2026-09-29/011919243726_ohlcv_30e11775a303.json
2026-09-28T22:45:00+00:00,C7r9jXWiVYmBYR2Jj5YSLiEitUGJPjQXWeg7HPU8NwUk,solana,Meteora DAMM V2,,,,,2026-09-28T20:05:16Z,0.00138298727492098,,,,,,,,,,,,,,,,,,,ohlcv_backfill,minute,0.0015985039290165798,0.0015985039290165798,0.0013823190734527913,0.00138298727492098,4832.925216663389,/home/runner/work/Solana-Memecoin-Analysis/Solana-Memecoin-Analysis/data/cache/2026-09-29/011919243726_ohlcv_30e11775a303.json
2026-09-28T22:40:00+00:00,C7r9jXWiVYmBYR2Jj5YSLiEitUGJPjQXWeg7HPU8NwUk,solana,Meteora DAMM V2,,,,,2026-09-28T20:05:16Z,0.0015985039290165798,,,,,,,,,,,,,,,,,,,ohlcv_backfill,minute,0.0017107075759610502,0.0017107075759610502,0.001588662546513368,0.0015985039290165798,9167.833049272323,/home/runner/work/Solana-Memecoin-Analysis/Solana-Memecoin-Analysis/data/cache/2026-09-29/011919243726_ohlcv_30e11775a303.json
2026-09-28T22:35:00+00:00,C7r9jXWiVYmBYR2Jj5YSLiEitUGJPjQXWeg7HPU8NwUk,solana,Meteora DAMM V2,,,,,2026-09-28T20:05:16Z,0.0017107075759610502,,,,,,,,,,,,,,,,,,,ohlcv_backfill,minute,0.0015051529892358753,0.0017422009955156046,0.0014687534839213517,0.0017107075759610502,28159.15102531573,/home/runner/work/Solana-Memecoin-Analysis/Solana-Memecoin-Analysis/data/cache/2026-09-29/011919243726_ohlcv_30e11775a303.json
2026-09-28T22:30:00+00:00,C7r9jXWiVYmBYR2Jj5YSLiEitUGJPjQXWeg7HPU8NwUk,solana,Meteora DAMM V2,,,,,2026-09-28T20:05:16Z,0.0015051529892358753,,,,,,,,,,,,,,,,,,,ohlcv_backfill,minute,0.0013544376323681834,0.0016433458159117965,0.001315474615237491,0.0015051529892358753,12868.643725543037,/home/runner/work/Solana-Memecoin-Analysis/Solana-Memecoin-Analysis/data/cache/2026-09-29/011919243726_ohlcv_30e11775a303.json
2026-09-28T22:25:00+00:00,C7r9jXWiVYmBYR2Jj5YSLiEitUGJPjQXWeg7HPU8NwUk,solana,Meteora DAMM V2,,,,,2026-09-28T20:05:16Z,0.0013544376323681834,,,,,,,,,,,,,,,,,,,ohlcv_backfill,minute,0.0011772752807078792,0.0013767392755953715,0.0011681679918622264,0.0013544376323681834,18284.704168155662,/home/runner/work/Solana-Memecoin-Analysis/Solana-Memecoin-Analysis/data/cache/2026-09-29/011919243726_ohlcv_30e11775a303.json
2026-09-28T22:20:00+00:00,C7r9jXWiVYmBYR2Jj5YSLiEitUGJPjQXWeg7HPU8NwUk,solana,Meteora DAMM V2,,,,,2026-09-28T20:05:16Z,0.0011772752807078792,,,,,,,,,,,,,,,,,,,ohlcv_backfill,minute,0.0014326188431612685,0.0014326188431612685,0.001107764823606551,0.0011772752807078792,21418.957759703593,/home/runner/work/Solana-Memecoin-Analysis/Solana-Memecoin-Analysis/data/cache/2026-09-29/011919243726_ohlcv_30e11775a303.json
2026-09-28T22:15:00+00:00,C7r9jXWiVYmBYR2Jj5YSLiEitUGJPjQXWeg7HPU8NwUk,solana,Meteora DAMM V2,,,,,2026-09-28T20:05:16Z,0.0014326188431612685,,,,,,,,,,,,,,,,,,,ohlcv_backfill,minute,0.0015214963599609064,0.00154739437102493,0.0013163983474266188,0.0014326188431612685,22663.99465766683,/home/runner/work/Solana-Memecoin-Analysis/Solana-Memecoin-Analysis/data/cache/2026-09-29/011919243726_ohlcv_30e11775a303.json
2026-09-28T22:10:00+00:00,C7r9jXWiVYmBYR2Jj5YSLiEitUGJPjQXWeg7HPU8NwUk,solana,Meteora DAMM V2,,,,,2026-09-28T20:05:16Z,0.0015214963599609064,,,,,,,,,,,,,,,,,,,ohlcv_backfill,minute,0.0014087369962498182,0.0018287626672201707,0.0014087369962498182,0.0015214963599609064,39227.91063800189,/home/runner/work/Solana-Memecoin-Analysis/Solana-Memecoin-Analysis/data/cache/2026-09-29/011919243726_ohlcv_30e11775a303.json
2026-09-28T22:05:00+00:00,C7r9jXWiVYmBYR2Jj5YSLiEitUGJPjQXWeg7HPU8NwUk,solana,Meteora DAMM V2,,,,,2026-09-28T20:05:16Z,0.0014087369962498182,,,,,,,,,,,,,,,,,,,ohlcv_backfill,minute,0.001346766902268007,0.0014390967355343916,0.0011890059183794085,0.0014087369962498182,25478.52859032489,/home/runner/work/Solana-Memecoin-Analysis/Solana-Memecoin-Analysis/data/cache/2026-09-29/011919243726_ohlcv_30e11775a303.json
2026-09-28T22:00:00+00:00,C7r9jXWiVYmBYR2Jj5YSLiEitUGJPjQXWeg7HPU8NwUk,solana,Meteora DAMM V2,,,,,2026-09-28T20:05:16Z,0.001346766902268007,,,,,,,,,,,,,,,,,,,ohlcv_backfill,minute,0.0011918930155210366,0.0013589861009201116,0.0011520920846197233,0.001346766902268007,25154.083247284663,/home/runner/work/Solana-Memecoin-Analysis/Solana-Memecoin-Analysis/data/cache/2026-09-29/011919243726_ohlcv_30e11775a303.json
2026-09-28T21:55:00+00:00,C7r9jXWiVYmBYR2Jj5YSLiEitUGJPjQXWeg7HPU8NwUk,solana,Meteora DAMM V2,,,,,2026-09-28T20:05:16Z,0.0011918930155210366,,,,,,,,,,,,,,,,,,,ohlcv_backfill,minute,0.0010408165095396875,0.001199253241007666,0.001034797355769781,0.0011918930155210366,15920.894359472895,/home/runner/work/Solana-Memecoin-Analysis/Solana-Memecoin-Analysis/data/cache/2026-09-29/011919243726_ohlcv_30e11775a303.json
2026-09-28T21:50:00+00:00,C7r9jXWiVYmBYR2Jj5YSLiEitUGJPjQXWeg7HPU8NwUk,solana,Meteora DAMM V2,,,,,2026-09-28T20:05:16Z,0.0010408165095396875,,,,,,,,,,,,,,,,,,,ohlcv_backfill,minute,0.0008877101061560554,0.0010408165095396875,0.0008877101061560554,0.0010408165095396875,13182.294075759022,/home/runner/work/Solana-Memecoin-Analysis/Solana-Memecoin-Analysis/data/cache/2026-09-29/011919243726_ohlcv_30e11775a303.json
2026-09-28T21:45:00+00:00,C7r9jXWiVYmBYR2Jj5YSLiEitUGJPjQXWeg7HPU8NwUk,solana,Meteora DAMM V2,,,,,2026-09-28T20:05:16Z,0.0008877101061560554,,,,,,,,,,,,,,,,,,,ohlcv_backfill,minute,0.0008664714026966935,0.0010093005568089606,0.0008325222485648542,0.0008877101061560554,18416.740377940998,/home/runner/work/Solana-Memecoin-Analysis/Solana-Memecoin-Analysis/data/cache/2026-09-29/011919243726_ohlcv_30e11775a303.json
2026-09-28T21:40:00+00:00,C7r9jXWiVYmBYR2Jj5YSLiEitUGJPjQXWeg7HPU8NwUk,solana,Meteora DAMM V2,,,,,2026-09-28T20:05:16Z,0.0008664714026966935,,,,,,,,,,,,,,,,,,,ohlcv_backfill,minute,0.0009896545694258608,0.0010524834750248412,0.0008599188228534024,0.0008664714026966935,30454.61934330969,/home/runner/work/Solana-Memecoin-Analysis/Solana-Memecoin-Analysis/data/cache/2026-09-29/011919243726_ohlcv_30e11775a303.json
2026-09-28T21:35:00+00:00,C7r9jXWiVYmBYR2Jj5YSLiEitUGJPjQXWeg7HPU8NwUk,solana,Meteora DAMM V2,,,,,2026-09-28T20:05:16Z,0.0009896545694258608,,,,,,,,,,,,,,,,,,,ohlcv_backfill,minute,0.001087048706351727,0.0011421555328790104,0.0009043237290641951,0.0009896545694258608,22974.668258350746,/home/runner/work/Solana-Memecoin-Analysis/Solana-Memecoin-Analysis/data/cache/2026-09-29/011919243726_ohlcv_30e11775a303.json
2026-09-28T21:30:00+00:00,C7r9jXWiVYmBYR2Jj5YSLiEitUGJPjQXWeg7HPU8NwUk,solana,Meteora DAMM V2,,,,,2026-09-28T20:05:16Z,0.001087048706351727,,,,,,,,,,,,,,,,,,,ohlcv_backfill,minute,0.001207021779032738,0.0012070987503958388,0.0010138253666146456,0.001087048706351727,17367.693955418916,/home/runner/work/Solana-Memecoin-Analysis/Solana-Memecoin-Analysis/data/cache/2026-09-29/011919243726_ohlcv_30e11775a303.json
2026-09-28T21:25:00+00:00,C7r9jXWiVYmBYR2Jj5YSLiEitUGJPjQXWeg7HPU8NwUk,solana,Meteora DAMM V2,,,,,2026-09-28T20:05:16Z,0.001207021779032738,,,,,,,,,,,,,,,,,,,ohlcv_backfill,minute,0.0012602650799352472,0.0012604291605750456,0.0010847475748536933,0.001207021779032738,24417.52078587381,/home/runner/work/Solana-Memecoin-Analysis/Solana-Memecoin-Analysis/data/cache/2026-09-29/011919243726_ohlcv_30e11775a303.json
2026-09-28T21:20:00+00:00,C7r9jXWiVYmBYR2Jj5YSLiEitUGJPjQXWeg7HPU8NwUk,solana,Meteora DAMM V2,,,,,2026-09-28T20:05:16Z,0.0012602650799352472,,,,,,,,,,,,,,,,,,,ohlcv_backfill,minute,0.001032069350542747,0.001423330442266747,0.0010221665139215526,0.0012602650799352472,62410.75558198146,/home/runner/work/Solana-Memecoin-Analysis/Solana-Memecoin-Analysis/data/cache/2026-09-29/011919243726_ohlcv_30e11775a303.json
2026-09-28T21:15:00+00:00,C7r9jXWiVYmBYR2Jj5YSLiEitUGJPjQXWeg7HPU8NwUk,solana,Meteora DAMM V2,,,,,2026-09-28T20:05:16Z,0.001032069350542747,,,,,,,,,,,,,,,,,,,ohlcv_backfill,minute,0.0012630018216607901,0.0012838585895304736,0.0006731823623933507,0.001032069350542747,111389.46650091844,/home/runner/work/Solana-Memecoin-Analysis/Solana-Memecoin-Analysis/data/cache/2026-09-29/011919243726_ohlcv_30e11775a303.json
2026-09-28T21:10:00+00:00,C7r9jXWiVYmBYR2Jj5YSLiEitUGJPjQXWeg7HPU8NwUk,solana,Meteora DAMM V2,,,,,2026-09-28T20:05:16Z,0.0012630018216607901,,,,,,,,,,,,,,,,,,,ohlcv_backfill,minute,0.0012076466700767494,0.001335678118346092,0.0011025744395156533,0.0012630018216607901,24935.315955047325,/home/runner/work/Solana-Memecoin-Analysis/Solana-Memecoin-Analysis/data/cache/2026-09-29/011919243726_ohlcv_30e11775a303.json
2026-09-28T21:05:00+00:00,C7r9jXWiVYmBYR2Jj5YSLiEitUGJPjQXWeg7HPU8NwUk,solana,Meteora DAMM V2,,,,,2026-09-28T20:05:16Z,0.0012076466700767494,,,,,,,,,,,,,,,,,,,ohlcv_backfill,minute,0.0013147326234223726,0.0014018558785715714,0.001145220612750928,0.0012076466700767494,68675.11630070329,/home/runner/work/Solana-Memecoin-Analysis/Solana-Memecoin-Analysis/data/cache/2026-09-29/011919243726_ohlcv_30e11775a303.json
2026-09-28T21:00:00+00:00,C7r9jXWiVYmBYR2Jj5YSLiEitUGJPjQXWeg7HPU8NwUk,solana,Meteora DAMM V2,,,,,2026-09-28T20:05:16Z,0.0013147326234223726,,,,,,,,,,,,,,,,,,,ohlcv_backfill,minute,0.0013133780877539662,0.0014593753339014277,0.0008708608257614973,0.0013147326234223726,151904.81800424584,/home/runner/work/Solana-Memecoin-Analysis/Solana-Memecoin-Analysis/data/cache/2026-09-29/011919243726_ohlcv_30e11775a303.json
2026-09-28T20:55:00+00:00,C7r9jXWiVYmBYR2Jj5YSLiEitUGJPjQXWeg7HPU8NwUk,solana,Meteora DAMM V2,,,,,2026-09-28T20:05:16Z,0.0013133780877539662,,,,,,,,,,,,,,,,,,,ohlcv_backfill,minute,0.0016646226231361093,0.0017115180339567814,0.0010012232557954392,0.0013133780877539662,175994.5443716155,/home/runner/work/Solana-Memecoin-Analysis/Solana-Memecoin-Analysis/data/cache/2026-09-29/011919243726_ohlcv_30e11775a303.json
2026-09-28T20:50:00+00:00,C7r9jXWiVYmBYR2Jj5YSLiEitUGJPjQXWeg7HPU8NwUk,solana,Meteora DAMM V2,,,,,2026-09-28T20:05:16Z,0.0016646226231361093,,,,,,,,,,,,,,,,,,,ohlcv_backfill,minute,0.001997027883965242,0.002030067198393607,0.0014785043961831046,0.0016646226231361093,86898.49312388433,/home/runner/work/Solana-Memecoin-Analysis/Solana-Memecoin-Analysis/data/cache/2026-09-29/011919243726_ohlcv_30e11775a303.json
2026-09-28T20:45:00+00:00,C7r9jXWiVYmBYR2Jj5YSLiEitUGJPjQXWeg7HPU8NwUk,solana,Meteora DAMM V2,,,,,2026-09-28T20:05:16Z,0.001997027883965242,,,,,,,,,,,,,,,,,,,ohlcv_backfill,minute,0.001703907273126225,0.002063656648645257,0.0014887445087592376,0.001997027883965242,84554.32237488317,/home/runner/work/Solana-Memecoin-Analysis/Solana-Memecoin-Analysis/data/cache/2026-09-29/011919243726_ohlcv_30e11775a303.json
2026-09-28T20:40:00+00:00,C7r9jXWiVYmBYR2Jj5YSLiEitUGJPjQXWeg7HPU8NwUk,solana,Meteora DAMM V2,,,,,2026-09-28T20:05:16Z,0.001703907273126225,,,,,,,,,,,,,,,,,,,ohlcv_backfill,minute,0.001823848524297027,0.0020493057450788822,0.001649738848071809,0.001703907273126225,151461.0740683861,/home/runner/work/Solana-Memecoin-Analysis/Solana-Memecoin-Analysis/data/cache/2026-09-29/011919243726_ohlcv_30e11775a303.json
2026-09-28T20:35:00+00:00,C7r9jXWiVYmBYR2Jj5YSLiEitUGJPjQXWeg7HPU8NwUk,solana,Meteora DAMM V2,,,,,2026-09-28T20:05:16Z,0.001823848524297027,,,,,,,,,,,,,,,,,,,ohlcv_backfill,minute,0.0013132187938163478,0.0020403565074968008,0.0012727485626898756,0.001823848524297027,225228.82795492504,/home/runner/work/Solana-Memecoin-Analysis/Solana-Memecoin-Analysis/data/cache/2026-09-29/011919243726_ohlcv_30e11775a303.json
2026-09-28T20:30:00+00:00,C7r9jXWiVYmBYR2Jj5YSLiEitUGJPjQXWeg7HPU8NwUk,solana,Meteora DAMM V2,,,,,2026-09-28T20:05:16Z,0.0013132187938163478,,,,,,,,,,,,,,,,,,,ohlcv_backfill,minute,0.0011986477240970084,0.0015661552381773453,0.0010654894997846537,0.0013132187938163478,204815.21246513427,/home/runner/work/Solana-Memecoin-Analysis/Solana-Memecoin-Analysis/data/cache/2026-09-29/011919243726_ohlcv_30e11775a303.json
2026-09-28T20:25:00+00:00,C7r9jXWiVYmBYR2Jj5YSLiEitUGJPjQXWeg7HPU8NwUk,solana,Meteora DAMM V2,,,,,2026-09-28T20:05:16Z,0.0011986477240970084,,,,,,,,,,,,,,,,,,,ohlcv_backfill,minute,0.0013883213279676076,0.0017730733107207113,0.0009672417070414325,0.0011986477240970084,441713.1778824341,/home/runner/work/Solana-Memecoin-Analysis/Solana-Memecoin-Analysis/data/cache/2026-09-29/011919243726_ohlcv_30e11775a303.json
2026-09-28T20:20:00+00:00,C7r9jXWiVYmBYR2Jj5YSLiEitUGJPjQXWeg7HPU8NwUk,solana,Meteora DAMM V2,,,,,2026-09-28T20:05:16Z,0.0013883213279676076,,,,,,,,,,,,,,,,,,,ohlcv_backfill,minute,0.0010874808836244217,0.0015546079196701946,0.000870561218712976,0.0013883213279676076,267968.0528288861,/home/runner/work/Solana-Memecoin-Analysis/Solana-Memecoin-Analysis/data/cache/2026-09-29/011919243726_ohlcv_30e11775a303.json
2026-09-28T20:15:00+00:00,C7r9jXWiVYmBYR2Jj5YSLiEitUGJPjQXWeg7HPU8NwUk,solana,Meteora DAMM V2,,,,,2026-09-28T20:05:16Z,0.0010874808836244217,,,,,,,,,,,,,,,,,,,ohlcv_backfill,minute,0.000559208477524569,0.00131473502128773,0.0005369483631213322,0.0010874808836244217,679816.9495876989,/home/runner/work/Solana-Memecoin-Analysis/Solana-Memecoin-Analysis/data/cache/2026-09-29/011919243726_ohlcv_30e11775a303.json
2026-09-28T20:10:00+00:00,C7r9jXWiVYmBYR2Jj5YSLiEitUGJPjQXWeg7HPU8NwUk,solana,Meteora DAMM V2,,,,,2026-09-28T20:05:16Z,0.000559208477524569,,,,,,,,,,,,,,,,,,,ohlcv_backfill,minute,0.00017612754366704255,0.0007543764571177287,0.00017612754366704255,0.000559208477524569,495088.2507957023,/home/runner/work/Solana-Memecoin-Analysis/Solana-Memecoin-Analysis/data/cache/2026-09-29/011919243726_ohlcv_30e11775a303.json
2026-09-28T20:05:00+00:00,C7r9jXWiVYmBYR2Jj5YSLiEitUGJPjQXWeg7HPU8NwUk,solana,Meteora DAMM V2,,,,,2026-09-28T20:05:16Z,0.00017612754366704255,,,,,,,,,,,,,,,,,,,ohlcv_backfill,minute,6.288985247458177e-05,0.0002192356860138164,6.288985247458177e-05,0.00017612754366704255,194389.9377562557,/home/runner/work/Solana-Memecoin-Analysis/Solana-Memecoin-Analysis/data/cache/2026-09-29/011919243726_ohlcv_30e11775a303.json
2026-09-29T01:15:00+00:00,9xfCyvVYG49LthKxQTYmwp3ALrP3SbTYKA4JgE9Xptee,solana,Pump.fun,,,,,2026-09-29T01:17:07Z,3.3931552093429963e-06,,,,,,,,,,,,,,,,,,,ohlcv_backfill,minute,3.332366845284484e-06,3.397380276363984e-06,3.332366845284484e-06,3.3931552093429963e-06,69.74539861689897,/home/runner/work/Solana-Memecoin-Analysis/Solana-Memecoin-Analysis/data/cache/2026-09-29/011934090347_ohlcv_366cc257aea6.json
2026-09-29T01:15:00+00:00,7AfUg67owrxDNzyXW4svbdD2AwCXgLvTaCJK4wcaJEMc,solana,Pump.fun,,,,,2026-09-29T01:17:05Z,4.078947259907967e-06,,,,,,,,,,,,,,,,,,,ohlcv_backfill,minute,5.009919804942738e-06,6.850242433871758e-06,3.291828576441079e-06,4.078947259907967e-06,3346.3147746438567,/home/runner/work/Solana-Memecoin-Analysis/Solana-Memecoin-Analysis/data/cache/2026-09-29/011942300624_ohlcv_01540cf831c3.json
