request_timestamp_utc,pool_address,network,dex,base_token_address,base_token_symbol,quote_token_address,quote_token_symbol,pool_created_at,price_usd,fdv_usd,market_cap_usd,reserve_usd,volume_usd_m5,volume_usd_h1,volume_usd_h24,buys_m5,sells_m5,buyers_m5,sellers_m5,buys_h1,sells_h1,buyers_h1,sellers_h1,buys_h24,sells_h24,buyers_h24,sellers_h24,source,ohlcv_timeframe,ohlcv_open,ohlcv_high,ohlcv_low,ohlcv_close,ohlcv_volume,raw_cache_path
2026-09-27T01:54:44.142736+00:00,359UV3H3g2ZVff14AnZTWGeKaykLGdd7Ze3Kar68n6xR,solana,PumpSwap,5iqjhP5ig6JWdXQf6hYAwojZeMf11pTCvH87gCQtpump,TTP,So11111111111111111111111111111111111111112,SOL,2026-09-25T00:38:26Z,0.00016941109093799884,165378.722751422,165378.722751422,42724.0016,216.4772694332,5661.5163849024,332640.158311799,6,5,5,3,53,61,31,43,2512,2231,869,990,snapshot,,,,,,,/home/runner/work/Solana-Memecoin-Analysis/Solana-Memecoin-Analysis/data/cache/2026-09-27/015452462730_multi_pools_45bf1e55dc91.json
2026-09-27T01:54:44.142736+00:00,5kTNVZ4NPqAEmC8C4zWaxFaJrLoLxvDRGXzKqxnJ5P9L,solana,Pump.fun,FBHRYJfTfhkuPi2YedHgFfR7xvsGeL2LKBZcYa6Wpump,$EAT,So11111111111111111111111111111111111111112,SOL,2026-09-25T06:24:53Z,2.5566549338208193e-06,5113.309868,,2681.3175,0.0,0.0,0.0,0,0,0,0,0,0,0,0,0,0,0,0,snapshot,,,,,,,/home/runner/work/Solana-Memecoin-Analysis/Solana-Memecoin-Analysis/data/cache/2026-09-27/015452462730_multi_pools_45bf1e55dc91.json
2026-09-27T01:54:44.142736+00:00,HSZdETUaxMT7sMkfnNM1cUHPF1uvjwy2icUcpXEsMf48,solana,PumpSwap,5a4AZTMPJENWxhJ5uRGEV3Zcwqo7XNSTYofjgvUiUpFS,company,So11111111111111111111111111111111111111112,SOL,2026-09-25T06:24:51Z,8.363436158944544e-05,83634.36159,,0.0009420731957,0.0,0.0,0.0,0,0,0,0,0,0,0,0,0,0,0,0,snapshot,,,,,,,/home/runner/work/Solana-Memecoin-Analysis/Solana-Memecoin-Analysis/data/cache/2026-09-27/015452462730_multi_pools_45bf1e55dc91.json
2026-09-27T01:54:44.142736+00:00,5b6ujR85FEzgEKWsaY6PAS5viojsZAPmWLt6j4SEGPZv,solana,Meteora DBC,5a4AZTMPJENWxhJ5uRGEV3Zcwqo7XNSTYofjgvUiUpFS,company,So11111111111111111111111111111111111111112,SOL,2026-09-25T06:24:44Z,5.2444878092563514e-11,0.05244487809,,0.0,0.0,0.0,0.0,0,0,0,0,0,0,0,0,0,0,0,0,snapshot,,,,,,,/home/runner/work/Solana-Memecoin-Analysis/Solana-Memecoin-Analysis/data/cache/2026-09-27/015452462730_multi_pools_45bf1e55dc91.json
2026-09-27T01:54:44.142736+00:00,4UDkTaVJkrZw4DqdfSbSH2BiE63ZDXtBRK4dPME4v27N,solana,Pump.fun,F1UspgvGcDBosjaoTnNTQWWqyVVfRzKzfHjmNERxpump,$BULL,So11111111111111111111111111111111111111112,SOL,2026-09-25T06:24:34Z,3.251090461385008e-06,3282.443543,,2704.8709,0.0,0.0,0.0,0,0,0,0,0,0,0,0,0,0,0,0,snapshot,,,,,,,/home/runner/work/Solana-Memecoin-Analysis/Solana-Memecoin-Analysis/data/cache/2026-09-27/015452462730_multi_pools_45bf1e55dc91.json
2026-09-27T01:54:44.142736+00:00,Cxi78eJGewXUSLBgcAtMWK8gc69qGmAhNE4kCLR4xVGA,solana,Pump.fun,44ajbPg1vimZPnum8PrTDq3MzT47qxPYnLrk6fmcpump,mori,So11111111111111111111111111111111111111112,SOL,2026-09-25T06:24:26Z,1.627484491959212e-07,325.4968984,,135.3685,0.0,0.0,0.0,0,0,0,0,0,0,0,0,0,0,0,0,snapshot,,,,,,,/home/runner/work/Solana-Memecoin-Analysis/Solana-Memecoin-Analysis/data/cache/2026-09-27/015452462730_multi_pools_45bf1e55dc91.json
2026-09-27T01:54:44.142736+00:00,39e3inYn9tDu4GAeBJ4L1MZrRW8hMhu2yqJ59vhPeCai,solana,PumpSwap,BQJfL1yiHbJQ8AciHLcKxaCbQrWP2ws8oZHHYgbBpump,CACKLE,So11111111111111111111111111111111111111112,SOL,2026-08-18T03:38:14Z,0.00012803430726301734,128034.3073,,48417.398,0.0,17.7889426753,1365.770238393,0,0,0,0,1,2,1,2,21,34,20,31,snapshot,,,,,,,/home/runner/work/Solana-Memecoin-Analysis/Solana-Memecoin-Analysis/data/cache/2026-09-27/015452462730_multi_pools_45bf1e55dc91.json
2026-09-27T01:54:44.142736+00:00,99C6TUp7WgTvnwQVVhAbD8HbxPdo5LJCXr7VFCvTmJf1,solana,PumpSwap,nDZknLvfFRp5rgUHdzTrQsmSY5NKzoavqdLjSHVpump,COLLECT,CARDSccUMFKoPRZxt5vt3ksUbxEFEcnZ3H2pd3dKxYjp,CARDS,2026-09-25T00:58:47Z,0.0038022206132199894,3762083.76344184,3762083.76349975,238394.9339,323.4087839617,5426.2911743145,1064153.40204292,3,3,2,3,36,20,25,15,2488,2253,1297,1183,snapshot,,,,,,,/home/runner/work/Solana-Memecoin-Analysis/Solana-Memecoin-Analysis/data/cache/2026-09-27/015452462730_multi_pools_45bf1e55dc91.json
2026-09-27T01:54:44.142736+00:00,5GHJdhuDttJyZU6D666QDjfa1Q3GXFec3VN1z65fgnGo,solana,PumpSwap,Fj3hX1NrpFAiz31HGi8YTWUNhVTJeDG9KUzEv3N21bTy,AXIS,So11111111111111111111111111111111111111112,SOL,2026-09-25T04:50:48Z,2.844911734502921e-05,2829192.69,,6.09557026165357e-07,0.0,0.0,0.0,0,0,0,0,0,0,0,0,0,0,0,0,snapshot,,,,,,,/home/runner/work/Solana-Memecoin-Analysis/Solana-Memecoin-Analysis/data/cache/2026-09-27/015452462730_multi_pools_45bf1e55dc91.json
2026-09-27T01:54:44.142736+00:00,HnFhnuZP8WT3U2MFG5gWS8Hbkvd45rKcwoHn1i9BjYtk,solana,PumpSwap,3znS89gifim2Hhhu8wjb2PfSgaCDdma187D5NMkDpump,BRAIN,So11111111111111111111111111111111111111112,SOL,2026-09-25T00:04:11Z,3.879967141638327e-05,38799.67142,,19343.2761,0.0,1205.3475096601,113968.567359937,0,0,0,0,15,10,13,10,1133,1301,550,766,snapshot,,,,,,,/home/runner/work/Solana-Memecoin-Analysis/Solana-Memecoin-Analysis/data/cache/2026-09-27/015452462730_multi_pools_45bf1e55dc91.json
2026-09-27T01:54:44.142736+00:00,HJHA6AFiUQVR4nUScs7ZAR775427PJtVFqj3kmLgP9WL,solana,PumpSwap,8Vte25yt28L8BfLXm8DrzjSYEyaKX8yry6hRKRmX7FGd,UPTOBER,So11111111111111111111111111111111111111112,SOL,2026-09-22T15:41:30Z,0.00022369104629032564,215382.064009045,215382.064009045,46636.6049,668.1759830602,14494.5322735119,522852.497831396,16,7,16,7,235,97,233,96,15461,4281,14303,3542,snapshot,,,,,,,/home/runner/work/Solana-Memecoin-Analysis/Solana-Memecoin-Analysis/data/cache/2026-09-27/015452462730_multi_pools_45bf1e55dc91.json
2026-09-27T01:54:44.142736+00:00,P49aoDCvLpBmVvMHtuNGRdTMbMPBrDyyHeeHdcsuyZp,solana,FluxBeam,DEXG9s7dxFEBySXBEF3cKcrkM69PnK5AYaAJ73ufX7TS,LaunchLab,So11111111111111111111111111111111111111112,SOL,2026-09-25T11:24:51Z,0.0015111213582791327,1502971.62727381,,1494326.1647,0.0,0.0,0.0,0,0,0,0,0,0,0,0,0,0,0,0,snapshot,,,,,,,/home/runner/work/Solana-Memecoin-Analysis/Solana-Memecoin-Analysis/data/cache/2026-09-27/015452462730_multi_pools_45bf1e55dc91.json
2026-09-27T01:54:44.142736+00:00,9dpt3dmjg1eggKHGEb45PNXNSz9RUX1jfM3svQbvqRFr,solana,Pump.fun,F5JdxfRPM6HnGPCT6ixoVWq5Bcn8Q3D2kVYyujFtpump,TAOTAO,So11111111111111111111111111111111111111112,SOL,2026-09-25T11:23:52Z,3.405694507275825e-06,3409.331229,,2772.2802,0.0,0.0,0.0,0,0,0,0,0,0,0,0,0,0,0,0,snapshot,,,,,,,/home/runner/work/Solana-Memecoin-Analysis/Solana-Memecoin-Analysis/data/cache/2026-09-27/015452462730_multi_pools_45bf1e55dc91.json
2026-09-27T01:54:44.142736+00:00,7sY6BrhDBkJdcYFrDd1M49hinSXrqk2bzS3rT6Juanch,solana,Raydium,8erE7RkkoiGYJtCyQdfwMpnNA8cAkY14Xe6RYjjHAdKP,CAT,XsoCS1TfEyfFhfvj8EtZ528L3CaKBDBRqRapnBbDF2W,SPYx,2026-09-21T15:53:21Z,0.0004147562537189535,414752.899099348,414752.899099348,56582.8062,505.4953346187,3132.6051143371,37164.4403423146,0,4,0,3,7,24,7,18,308,310,201,205,snapshot,,,,,,,/home/runner/work/Solana-Memecoin-Analysis/Solana-Memecoin-Analysis/data/cache/2026-09-27/015452462730_multi_pools_45bf1e55dc91.json
2026-09-27T01:54:44.142736+00:00,Ftjga524YrS7RPzGCcezMuQnFDYa8PcvWDY5mFmZk5dy,solana,PumpSwap,5g9PWcRUHpmqm5uKycpShKXJB18sGLeCEzgB3qrRpump,SWARM,So11111111111111111111111111111111111111112,SOL,2026-09-25T08:47:14Z,0.00036721169331717894,329504.952338583,329529.601378416,63977.6551,698.2323927779,6843.3429602409,978541.232397053,166,4,165,4,2138,74,1640,63,53806,6908,5893,2379,snapshot,,,,,,,/home/runner/work/Solana-Memecoin-Analysis/Solana-Memecoin-Analysis/data/cache/2026-09-27/015452462730_multi_pools_45bf1e55dc91.json
2026-09-27T01:54:44.142736+00:00,GCQW4cgDHGV3cgEzxesC9MazExYC8P2NBQU27BmH1XE,solana,PumpSwap,6sEf597zqUxoJeW1znjtx8MUPsXFFF7zjjH2KSG8zF9y,company,So11111111111111111111111111111111111111112,SOL,2026-09-25T05:16:30Z,7.054386148314342e-06,7054.386148,,6371.3459,0.0,62.6635056163,4379.748041402,0,0,0,0,2,4,2,4,110,161,58,131,snapshot,,,,,,,/home/runner/work/Solana-Memecoin-Analysis/Solana-Memecoin-Analysis/data/cache/2026-09-27/015452462730_multi_pools_45bf1e55dc91.json
2026-09-27T01:54:44.142736+00:00,87mffNX4rzZTF688ZuJKD68pDKqNYry3rtiXsPiJ7KV6,solana,Raydium,CADHPAKri3EwnMLKWqFqeKJYGAaunnFK6akgryZaRcgr,AMERICA,DJTu7vi8norVzdVAffgvb39VP7wjKeTsgaMBJrzfxvoF,DJT,2026-09-25T17:02:06Z,4.12083175141201e-06,4120.831751,,5936.1942,0.0,0.0,81.6788674577,0,0,0,0,0,0,0,0,0,8,0,4,snapshot,,,,,,,/home/runner/work/Solana-Memecoin-Analysis/Solana-Memecoin-Analysis/data/cache/2026-09-27/015452462730_multi_pools_45bf1e55dc91.json
2026-09-27T01:54:44.142736+00:00,LcqA48bdyW8EJYJ2DqqX7iRMAKYLAfZyuKaZdevWBXr,solana,Pump.fun,GyTc2qLrY4hN7b7VFW9UQeEicfddvdRUhLLtTLwKpump,PUTO,So11111111111111111111111111111111111111112,SOL,2026-09-25T17:01:55Z,3.421402927128639e-06,3421.402927,,2677.0314,0.0,0.0,0.0,0,0,0,0,0,0,0,0,0,0,0,0,snapshot,,,,,,,/home/runner/work/Solana-Memecoin-Analysis/Solana-Memecoin-Analysis/data/cache/2026-09-27/015452462730_multi_pools_45bf1e55dc91.json
2026-09-27T01:54:44.142736+00:00,2cYvH2Kcyr5ebNQxxh7BiNePnpYPjzv1Ke3bWGnXZN4F,solana,Pump.fun,F9r4mhKfgerTDAVY3hhzc4pTDs7gkxDjNqQLJisWpump,A,So11111111111111111111111111111111111111112,SOL,2026-09-25T17:01:45Z,2.842109042322218e-07,568.4218084,,239.3464,0.0,0.0,0.0,0,0,0,0,0,0,0,0,0,0,0,0,snapshot,,,,,,,/home/runner/work/Solana-Memecoin-Analysis/Solana-Memecoin-Analysis/data/cache/2026-09-27/015452462730_multi_pools_45bf1e55dc91.json
2026-09-27T01:54:44.142736+00:00,5Zm9nCiDiQFN2K6yXW3zghfo5fkRZwgbFosZTdHTcx2E,solana,Meteora DAMM V2,F3LXwr9nMkkZVa5pLojAx7QowCFuHTgbMGngpWV3zS5o,SOLRISING,So11111111111111111111111111111111111111112,SOL,2026-09-25T17:01:34Z,0.00011804305726701556,118043.0573,,0.7968,0.0,0.0,0.0,0,0,0,0,0,0,0,0,0,0,0,0,snapshot,,,,,,,/home/runner/work/Solana-Memecoin-Analysis/Solana-Memecoin-Analysis/data/cache/2026-09-27/015452462730_multi_pools_45bf1e55dc91.json
2026-09-27T01:54:44.142736+00:00,GyqG6jQStJy1WEzmPfhbVyjwq14C26t9bSa25f4dmKdA,solana,PumpSwap,AX5paLzKuPZAFCd6sneVj7z5VGAJyCGyXLmjfDAdBZQf,MUSESTREAM,So11111111111111111111111111111111111111112,SOL,2026-09-25T20:24:24Z,2.534079729704038e-06,2534.07973,,2547.6879,0.0,0.0,29.0709456103,0,0,0,0,0,0,0,0,0,27,0,25,snapshot,,,,,,,/home/runner/work/Solana-Memecoin-Analysis/Solana-Memecoin-Analysis/data/cache/2026-09-27/015452462730_multi_pools_45bf1e55dc91.json
2026-09-27T01:54:44.142736+00:00,4AbNLT88rY1UQWYBmksCPrNyXhgSHNdLcQ4zM5PGbvMG,solana,PumpSwap,3JwLsyCxRDVPx5PP2qU2d8HuBH4nNGFwgZypWLrSpump,dog,So11111111111111111111111111111111111111112,SOL,2026-09-25T20:24:17Z,0.0037765540251578304,3776554.025,,6.46436832923228e-07,0.0,0.0,0.0,0,0,0,0,0,0,0,0,0,0,0,0,snapshot,,,,,,,/home/runner/work/Solana-Memecoin-Analysis/Solana-Memecoin-Analysis/data/cache/2026-09-27/015452462730_multi_pools_45bf1e55dc91.json
2026-09-27T01:54:44.142736+00:00,6hKaWWvY2JtmHYE1V58y4UVsjedNq4zT6zFLXuZCsxQN,solana,Pump.fun,HbffogXDjF9Dx71MG3pbLm3Czmibo5cfPYNEKHrNpump,Find,So11111111111111111111111111111111111111112,SOL,2026-09-25T20:24:15Z,6.151938424963021e-10,1.230387685,,1.0993,0.0,0.0,0.6624176696,0,0,0,0,0,0,0,0,1,2,1,2,snapshot,,,,,,,/home/runner/work/Solana-Memecoin-Analysis/Solana-Memecoin-Analysis/data/cache/2026-09-27/015452462730_multi_pools_45bf1e55dc91.json
2026-09-27T01:54:44.142736+00:00,5PEoQSF627rLCcR7q6RDTXt5CdxpVLyvEpBKEpbqG8Jr,solana,Pump.fun,FHYP5mKMy5TzhfEwX4oonDBxhhG3zWKbR5gsQJebpump,ch,So11111111111111111111111111111111111111112,SOL,2026-09-25T20:24:04Z,4.859660376920779e-06,9719.320754,,3307.5159,0.0,0.0,0.0,0,0,0,0,0,0,0,0,0,0,0,0,snapshot,,,,,,,/home/runner/work/Solana-Memecoin-Analysis/Solana-Memecoin-Analysis/data/cache/2026-09-27/015452462730_multi_pools_45bf1e55dc91.json
2026-09-27T01:54:44.142736+00:00,AN3Vgx1Ap1kYKXWcPo57AMnNNFM3heSyqKcPskaS7weh,solana,Pump.fun,EwXTL9o6mPaorsW1UZbZZkkbxbUdheGz8jGwyAmApump,USTAYREADY,So11111111111111111111111111111111111111112,SOL,2026-09-25T20:24:01Z,3.5241513021264064e-06,3524.151302,,2772.1786,0.0,0.0,0.0,0,0,0,0,0,0,0,0,0,0,0,0,snapshot,,,,,,,/home/runner/work/Solana-Memecoin-Analysis/Solana-Memecoin-Analysis/data/cache/2026-09-27/015452462730_multi_pools_45bf1e55dc91.json
2026-09-27T01:54:44.142736+00:00,CznwRW4393ppcasxY1T7QP9gck3t8J66BVmXjdATgMSd,solana,Pump.fun,Du4K1ETWbvWtKJMnFkCN8o66zqHStVHzMTArxWqkpump,Memes.gov,So11111111111111111111111111111111111111112,SOL,2026-09-25T20:23:59Z,3.473937048115968e-06,3473.937048,,2740.4565,0.0,0.0,141.2143450141,0,0,0,0,0,0,0,0,0,9,0,7,snapshot,,,,,,,/home/runner/work/Solana-Memecoin-Analysis/Solana-Memecoin-Analysis/data/cache/2026-09-27/015452462730_multi_pools_45bf1e55dc91.json
2026-09-27T01:54:44.142736+00:00,E46yzJBRonezRdBM56TZMPiYpUz9WPAqt8j9yJHLkruF,solana,Pump.fun,593gnQM1kRciQDf312GpwGZJhTxM6Yak5MMFn7X4pump,Dog Think,So11111111111111111111111111111111111111112,SOL,2026-09-25T23:23:34Z,1.1685677996490147e-06,2337.1356,,918.306,0.0,0.0,0.0,0,0,0,0,0,0,0,0,0,0,0,0,snapshot,,,,,,,/home/runner/work/Solana-Memecoin-Analysis/Solana-Memecoin-Analysis/data/cache/2026-09-27/015452462730_multi_pools_45bf1e55dc91.json
2026-09-27T01:54:44.142736+00:00,9BerALcrD4KZD1zLp7wvf6vX2b8QAKkvBipzf7GvBihH,solana,Pump.fun,BHD5kbtnajDq5MYEmbJwVLa2ucdcZgzscey1gJMrWa81,TANKCLUB,So11111111111111111111111111111111111111112,SOL,2026-09-25T23:23:29Z,3.4138717506994996e-06,3413.871751,,2682.0564,0.0,0.0,0.0,0,0,0,0,0,0,0,0,0,0,0,0,snapshot,,,,,,,/home/runner/work/Solana-Memecoin-Analysis/Solana-Memecoin-Analysis/data/cache/2026-09-27/015452462730_multi_pools_45bf1e55dc91.json
2026-09-27T01:54:44.142736+00:00,BtT1ocd3feVAR5zaHqkFGGgpUyfym9mbfWPz17wA24jL,solana,PumpSwap,7g9v4sr3kDsQEhqH6PMYdVdzHR9RGWo83LYRgKrpNRBY,Holdoween,So11111111111111111111111111111111111111112,SOL,2026-09-25T23:23:23Z,2.653137871841255e-05,122.0336711,,0.002455027275,0.0,0.0,0.0,0,0,0,0,0,0,0,0,0,0,0,0,snapshot,,,,,,,/home/runner/work/Solana-Memecoin-Analysis/Solana-Memecoin-Analysis/data/cache/2026-09-27/015452462730_multi_pools_45bf1e55dc91.json
2026-09-27T01:54:44.142736+00:00,4fJn9c96VponFoiLr3MokFTzpERyMKwMuBeRvuSft4YA,solana,Pump.fun,DmKeZE5UgJ9pWwcUMAia4kT1mtcPhrdE2o94Ut3Apump,company,So11111111111111111111111111111111111111112,SOL,2026-09-25T23:23:08Z,3.4317646509268258e-06,3431.764651,,2693.8939,0.0,0.0,0.0,0,0,0,0,0,0,0,0,0,0,0,0,snapshot,,,,,,,/home/runner/work/Solana-Memecoin-Analysis/Solana-Memecoin-Analysis/data/cache/2026-09-27/015452462730_multi_pools_45bf1e55dc91.json
2026-09-27T01:54:44.142736+00:00,FnntXC9pGme3Ad9QMZSFuzRp35YEvFi73E2DPt5YGig2,solana,Pump.fun,DQjwMS85NDTo2Qr1Rf51PAdvj3QK5poxtkihk3YApump,COOKED,So11111111111111111111111111111111111111112,SOL,2026-09-25T23:23:04Z,9.216449611742197e-07,2257.656752,,864.0947,0.0,0.0,0.0,0,0,0,0,0,0,0,0,0,0,0,0,snapshot,,,,,,,/home/runner/work/Solana-Memecoin-Analysis/Solana-Memecoin-Analysis/data/cache/2026-09-27/015459735532_multi_pools_80aa66795c5c.json
2026-09-27T01:54:44.142736+00:00,EauPrgojCQfxzQbafthunGLB4QV4jp8VjKQULACB2TaM,solana,Pump.fun,4RrmztLGqSnJbxDBjuqsYf7XXojMqDLQViae9XTypump,$Shlawg,So11111111111111111111111111111111111111112,SOL,2026-09-25T23:22:59Z,3.04286650518135e-06,6085.73301,,2370.1,0.0,0.0,0.0,0,0,0,0,0,0,0,0,0,0,0,0,snapshot,,,,,,,/home/runner/work/Solana-Memecoin-Analysis/Solana-Memecoin-Analysis/data/cache/2026-09-27/015459735532_multi_pools_80aa66795c5c.json
2026-09-27T01:54:44.142736+00:00,3dcwhqJp6JBTJPq8ga335HWgSQVS7uQmdmeX7iGjMNpj,solana,PumpSwap,CTPoyCwkjMvoJwU4xvZZqoD8tiYk6yDchySiN5gGpump,fone,So11111111111111111111111111111111111111112,SOL,2026-08-27T00:03:44Z,0.007735703915783965,7655917.63574817,7655917.63584229,673403.2857,43071.3806017763,310142.675217037,2637768.45274654,197,54,108,30,1111,1161,509,475,7781,8142,2253,2080,snapshot,,,,,,,/home/runner/work/Solana-Memecoin-Analysis/Solana-Memecoin-Analysis/data/cache/2026-09-27/015459735532_multi_pools_80aa66795c5c.json
2026-09-27T01:54:44.142736+00:00,364hvUrAhVcGA4a4CjRNCeTzPr3XkotZePBPtWUZTvLr,solana,PumpSwap,8DMRzhGGVhDMsbZRiH3Hnv7vPE8Know6hyJdzG8b5pmG,DDOS,So11111111111111111111111111111111111111112,SOL,2026-09-26T01:44:57Z,0.00011181597376477626,110848.5407,,8.556844509e-07,0.0,0.0,5237.6722227552,0,0,0,0,0,0,0,0,1281,52,940,44,snapshot,,,,,,,/home/runner/work/Solana-Memecoin-Analysis/Solana-Memecoin-Analysis/data/cache/2026-09-27/015459735532_multi_pools_80aa66795c5c.json
2026-09-27T01:54:44.142736+00:00,ERXreoRwqXj4ec8NZKRfXmzKQqk4eSufzQHbHvCYBqe3,solana,Meteora DAMM V2,8DMRzhGGVhDMsbZRiH3Hnv7vPE8Know6hyJdzG8b5pmG,DDOS,So11111111111111111111111111111111111111112,SOL,2026-09-26T01:44:50Z,3.844108668038945e-06,3844.108668,,0.0845,0.0,0.0,0.5714483098,0,0,0,0,0,0,0,0,20,5,13,5,snapshot,,,,,,,/home/runner/work/Solana-Memecoin-Analysis/Solana-Memecoin-Analysis/data/cache/2026-09-27/015459735532_multi_pools_80aa66795c5c.json
2026-09-27T01:54:44.142736+00:00,7qjiQZ5QYxW1XZLP1U1ASdjH8KVabf6guWaupbU8ZQuH,solana,Pump.fun,4ZvcJsA7cWtaUqKRBpkQSx7GqBZWvftW3bwsjX8mJETs,PLANET,So11111111111111111111111111111111111111112,SOL,2026-09-26T01:44:49Z,3.5379532564706095e-06,3786.767423,,3177.2438,0.0,0.0,1707.8975681491,0,0,0,0,0,0,0,0,4,5,4,4,snapshot,,,,,,,/home/runner/work/Solana-Memecoin-Analysis/Solana-Memecoin-Analysis/data/cache/2026-09-27/015459735532_multi_pools_80aa66795c5c.json
2026-09-27T01:54:44.142736+00:00,jyjX1ZnB5zZ3n3am5yFCnfTnvntgX8EfKwgPBfuPJCV,solana,Pump.fun,HtjFoRFa4612Tq981Xc5Nfuwi1RVyz6CvXFc7aSapump,TIPS,So11111111111111111111111111111111111111112,SOL,2026-09-26T01:44:49Z,3.410587861572369e-06,3410.587862,,2676.8253,0.0,0.0,0.2409438365,0,0,0,0,0,0,0,0,1,1,1,1,snapshot,,,,,,,/home/runner/work/Solana-Memecoin-Analysis/Solana-Memecoin-Analysis/data/cache/2026-09-27/015459735532_multi_pools_80aa66795c5c.json
2026-09-27T01:54:44.142736+00:00,99f6oPH3aE9L4iEj22ijwVjiAJUidJHBbqBsxLdkLc8G,solana,Pump.fun,76rXydoewfk5vRKaEmEmdphTyS7UYTgJKJWtAfd3pump,PLANET,So11111111111111111111111111111111111111112,SOL,2026-09-26T01:44:45Z,3.412359607689158e-06,3412.359608,,2676.946,0.0,0.0,174.6987691132,0,0,0,0,0,0,0,0,25,24,24,24,snapshot,,,,,,,/home/runner/work/Solana-Memecoin-Analysis/Solana-Memecoin-Analysis/data/cache/2026-09-27/015459735532_multi_pools_80aa66795c5c.json
2026-09-27T01:54:44.142736+00:00,4JAnKFddd5fFTk5PxDj3PpTWJuTEfSWQEjZJcgKQ9KwW,solana,PumpSwap,CbcyNo7m1amFWqEQm2m4PLv1UNvpcL3C1Ujm6AkzpKoU,e/acc,So11111111111111111111111111111111111111112,SOL,2026-09-25T21:15:15Z,0.01166270163904403,11639093.8407535,0.0,485953.6424,23483.3987183573,462117.545198475,46352101.2993184,97,91,83,57,1328,1116,737,612,113710,96571,26775,23002,snapshot,,,,,,,/home/runner/work/Solana-Memecoin-Analysis/Solana-Memecoin-Analysis/data/cache/2026-09-27/015459735532_multi_pools_80aa66795c5c.json
2026-09-27T01:54:44.142736+00:00,3yXXas5wQqC6LzV9x22GEqVr9Dgg1VC6yynkVGhRWJWM,solana,PumpSwap,5NhN6zzDkzwXFGPFqtpTopV4ttBeZ6CWy1oRL9Rkpump,Bagwork,So11111111111111111111111111111111111111112,SOL,2026-09-25T14:14:54Z,0.00017261151319523845,167911.168150495,167911.168150501,44469.3282,1523.1374197145,9282.7011132841,1176133.13274638,9,15,4,10,102,111,66,64,7422,7650,2639,2916,snapshot,,,,,,,/home/runner/work/Solana-Memecoin-Analysis/Solana-Memecoin-Analysis/data/cache/2026-09-27/015459735532_multi_pools_80aa66795c5c.json
2026-09-27T01:54:44.142736+00:00,DTre5JvnzVP9NaBgr7pWrG77nsZefgMLBLQTwTCrzqbE,solana,Pump.fun,Fzok3s8QpvDbx2zmNBeTFn4AohDKKEit7rLfBTCMpump,$WYD,So11111111111111111111111111111111111111112,SOL,2026-09-26T06:40:13Z,7.400308798552142e-08,148.00617598,,0.0,0.0,0.0,667.3423733331,0,0,0,0,0,0,0,0,147,140,23,20,snapshot,,,,,,,/home/runner/work/Solana-Memecoin-Analysis/Solana-Memecoin-Analysis/data/cache/2026-09-27/015459735532_multi_pools_80aa66795c5c.json
2026-09-27T01:54:44.142736+00:00,GYermLV9vZD1Na4dvf3WAxxj6LY4ksi9e2uvobxLeSN6,solana,PumpSwap,uL7tn5so4AzesQwoUd1T8VpweJ7FprDXyquEJkXpump,WOAR,So11111111111111111111111111111111111111112,SOL,2026-09-26T06:40:04Z,0.005084856326856955,5127470.94550591,,207813.4382,786.6434319267,9070.362822132,206588.256956757,14,9,6,5,170,117,11,9,5571,2116,1635,626,snapshot,,,,,,,/home/runner/work/Solana-Memecoin-Analysis/Solana-Memecoin-Analysis/data/cache/2026-09-27/015459735532_multi_pools_80aa66795c5c.json
2026-09-27T01:54:44.142736+00:00,EoiNWADPghznjVcuz2i3tfEXASNXkvVeU1Lv8bvJQrsg,solana,Pump.fun,26K73Eb7aco7Ks6snVJKEMPWSHYFzeihNb1FG9Vzpump,BalloonHorn,So11111111111111111111111111111111111111112,SOL,2026-09-26T06:39:55Z,3.391652360859525e-06,3391.652361,,2677.2492,0.0,0.0,308.8933709654,0,0,0,0,0,0,0,0,21,21,17,19,snapshot,,,,,,,/home/runner/work/Solana-Memecoin-Analysis/Solana-Memecoin-Analysis/data/cache/2026-09-27/015459735532_multi_pools_80aa66795c5c.json
2026-09-27T01:54:44.142736+00:00,CPRoWXCgq3ELsnqsGDMLmAVRnNSmyN4k1ddc6efGdd91,solana,PumpSwap,CMuvWQ6qQbSt7NUQdPGcVKCoDgETieuqS68qu6BaeVgR,Cream,So11111111111111111111111111111111111111112,SOL,2026-09-26T00:19:08Z,0.0001651923894596274,161549.436332659,,44526.5408,1132.6828991838,23877.2459379697,4646435.49872958,11,13,10,8,166,225,112,128,26743,19486,6675,6718,snapshot,,,,,,,/home/runner/work/Solana-Memecoin-Analysis/Solana-Memecoin-Analysis/data/cache/2026-09-27/015459735532_multi_pools_80aa66795c5c.json
2026-09-27T01:54:44.142736+00:00,Ax9GpoBxTKb19NMj4eJhNsy163xuUGmFKrLpELeQK7LX,solana,PumpSwap,jLz71QZfjnZZMLjUaCBw7KmUyftkkNq8NkWi2u9dyap,YAP,So11111111111111111111111111111111111111112,SOL,2026-09-25T14:11:13Z,0.002416334238415623,2429977.3420575,,171996.1069,2502.1220373869,137459.841674914,7413317.0774049,17,17,12,14,376,421,228,232,24845,21998,6632,6302,snapshot,,,,,,,/home/runner/work/Solana-Memecoin-Analysis/Solana-Memecoin-Analysis/data/cache/2026-09-27/015459735532_multi_pools_80aa66795c5c.json
2026-09-27T01:54:44.142736+00:00,DGvB8KyD79wFBJ7Kr7mW54qSfi7Yk3UrhJkcnTSd6frb,solana,PumpSwap,BdzaE3T7uU59pBVDBHZVZh3yWrrpo4oPrXdv4nPDpump,JIANCO,Xsv9hRk1z5ystj9MhnA7Lq4vjSsLwzL2nxrwmwtD3re,GLDx,2026-09-26T00:06:55Z,0.00010319102720523314,94589.1991437908,94589.1991437908,49276.5343,474.3534850346,2247.6495805844,102722.451806858,12,10,12,9,43,23,43,22,4155,1014,3002,792,snapshot,,,,,,,/home/runner/work/Solana-Memecoin-Analysis/Solana-Memecoin-Analysis/data/cache/2026-09-27/015459735532_multi_pools_80aa66795c5c.json
2026-09-27T01:54:44.142736+00:00,6tuhHpYSinf41V39KW3JmpVUaxehcabCbHZqqFnwR6xf,solana,PumpSwap,GY9mZfyPpxXxBXBxS2hB2XjhP3kfUsywTvgveozxpump,ELON,So11111111111111111111111111111111111111112,SOL,2026-09-15T19:26:05Z,0.0029033394002460438,2690786.69454963,2690786.7301582,254399.8388,5439.3848375751,51060.3709499127,6932583.14170551,20,43,15,29,205,268,143,212,20823,18828,6432,6807,snapshot,,,,,,,/home/runner/work/Solana-Memecoin-Analysis/Solana-Memecoin-Analysis/data/cache/2026-09-27/015459735532_multi_pools_80aa66795c5c.json
2026-09-27T01:54:44.142736+00:00,3QaH1ifhQgUXHQdX3DHi9oMrWzTQfKLcomoCyeRRLMh6,solana,PumpSwap,5wW9mhbwq1HTFh341iimpmrqBB4mfxdXiYhdYBL7hUnp,KARDASHEV,So11111111111111111111111111111111111111112,SOL,2026-09-26T07:26:05Z,0.000820141487385357,816228.4455,,99018.677,8626.0350907002,52248.9437021416,10422271.38596,40,27,37,24,232,296,162,210,52014,44444,12289,10665,snapshot,,,,,,,/home/runner/work/Solana-Memecoin-Analysis/Solana-Memecoin-Analysis/data/cache/2026-09-27/015459735532_multi_pools_80aa66795c5c.json
2026-09-27T01:54:44.142736+00:00,5FcxJGy2y12FkrRJ35RsoboiV7KUnmMddK5C4HMbWDbD,solana,Pump.fun,P7mcaNSNxvYQJWYXiq9uJnb5PqehDaR5UAjm1uEpump,BLAST,So11111111111111111111111111111111111111112,SOL,2026-09-26T11:47:19Z,3.3911489066643912e-06,3391.148907,,2676.8713,0.0,0.0,1619.9123359181,0,0,0,0,0,0,0,0,44,44,44,44,snapshot,,,,,,,/home/runner/work/Solana-Memecoin-Analysis/Solana-Memecoin-Analysis/data/cache/2026-09-27/015459735532_multi_pools_80aa66795c5c.json
2026-09-27T01:54:44.142736+00:00,ajdJFV2vE9K6QnC1oN3nxKgnYhcwkjtApLPpvVi7CMf,solana,Pump.fun,FfG5dsXnaqHzL2vdDmJ4pmpzBbzPpdM4c9aXxnP2Rxia,X,So11111111111111111111111111111111111111112,SOL,2026-09-26T11:47:10Z,3.4015701019225485e-06,3401.570102,,2685.0905,0.0,0.0,1852.8045391812,0,0,0,0,0,0,0,0,6,7,6,6,snapshot,,,,,,,/home/runner/work/Solana-Memecoin-Analysis/Solana-Memecoin-Analysis/data/cache/2026-09-27/015459735532_multi_pools_80aa66795c5c.json
2026-09-27T01:54:44.142736+00:00,6deFvLfNPRxTJ6GPqTuXji3E8gD8H3t22ES5twcMEFtb,solana,Pump.fun,9bmBBkW4rKndeac6tEob45viGdsJc9yrZ3saBw1kpump,$GOAT,So11111111111111111111111111111111111111112,SOL,2026-09-26T11:46:58Z,1.0926664031247564e-06,2185.332806,,858.8022,0.0,0.0,226.279621107,0,0,0,0,0,0,0,0,30,32,3,3,snapshot,,,,,,,/home/runner/work/Solana-Memecoin-Analysis/Solana-Memecoin-Analysis/data/cache/2026-09-27/015459735532_multi_pools_80aa66795c5c.json
2026-09-27T01:54:44.142736+00:00,6hBBBSNYQ3QXD3C3pNQwpHhRhWtNMCYKd8uZXnmRu9sL,solana,Pump.fun,BGFCotxiujzZtZhdqowfkVtcFAehJ33buRbUoWWXTFDS,TTEST,So11111111111111111111111111111111111111112,SOL,2026-09-26T11:46:53Z,3.389495997277402e-06,3389.495997,,2676.3644,0.0,0.0,4.8744066927,0,0,0,0,0,0,0,0,29,28,29,28,snapshot,,,,,,,/home/runner/work/Solana-Memecoin-Analysis/Solana-Memecoin-Analysis/data/cache/2026-09-27/015459735532_multi_pools_80aa66795c5c.json
2026-09-27T01:54:44.142736+00:00,79b539gZHKGeg6szrmMU7kdS9VixSnuUsNpM8FocYfUQ,solana,Pump.fun,B25P28ydBNRyDpMnm9oSzdNjRPHaJ5ujrRMLq6FZpump,WORM,So11111111111111111111111111111111111111112,SOL,2026-09-26T11:46:45Z,3.406345983028803e-06,3406.345983,,2688.0958,0.0,0.0,910.4886485448,0,0,0,0,0,0,0,0,12,13,12,13,snapshot,,,,,,,/home/runner/work/Solana-Memecoin-Analysis/Solana-Memecoin-Analysis/data/cache/2026-09-27/015459735532_multi_pools_80aa66795c5c.json
2026-09-27T01:54:44.142736+00:00,FtDBJCmzGoJqyNoFHwwuMHxwCKWreGvxXdE5zwwhcTg6,solana,Pump.fun,4kpsLXBz1pkxNKZonv8WCigWNGKrhKLAbLN3qqMBpump,UNIFOMO,So11111111111111111111111111111111111111112,SOL,2026-09-26T15:07:26Z,3.4008871007311137e-06,3400.887101,,2683.2801,0.0,0.0,9597.9536853578,0,0,0,0,0,0,0,0,314,376,299,173,snapshot,,,,,,,/home/runner/work/Solana-Memecoin-Analysis/Solana-Memecoin-Analysis/data/cache/2026-09-27/015459735532_multi_pools_80aa66795c5c.json
2026-09-27T01:54:44.142736+00:00,EDRVX5LB6fRovfPC6NxW4Y4s1rtfKWmj6V5unbynx8p7,solana,Pump.fun,Bn2mZB2zprvmj7U3o1MknSoPf16SZDiD4PrRzXKGpump,After 1 m,So11111111111111111111111111111111111111112,SOL,2026-09-26T15:07:26Z,3.353693823768598e-07,670.7387648,,271.04,0.0,0.0,178.597266442,0,0,0,0,0,0,0,0,19,22,5,4,snapshot,,,,,,,/home/runner/work/Solana-Memecoin-Analysis/Solana-Memecoin-Analysis/data/cache/2026-09-27/015459735532_multi_pools_80aa66795c5c.json
2026-09-27T01:54:44.142736+00:00,HjBhUN8jhLeqDxTyjGGBXwrr1KfmQ6wwY66k3SxDk4CC,solana,Pump.fun,7BwGAk8aE8gT9eqinkiT138q4HGZtoUy52vCY2d6pump,Pokerable,So11111111111111111111111111111111111111112,SOL,2026-09-26T15:06:54Z,3.3990250573750786e-06,3399.025057,,2677.2938,0.0,0.0,11038.5782562479,0,0,0,0,0,0,0,0,149,182,146,76,snapshot,,,,,,,/home/runner/work/Solana-Memecoin-Analysis/Solana-Memecoin-Analysis/data/cache/2026-09-27/015459735532_multi_pools_80aa66795c5c.json
2026-09-27T01:54:44.142736+00:00,EP88Ktqm6491WEm1ZJsEryXYYjuoLh5cEyz5exyxr1Cb,solana,PumpSwap,FYM6PhwAS3QwTBwvgLj8JYeMgpNfKsWtW3hGxPM9eFkt,DEBT,So11111111111111111111111111111111111111112,SOL,2026-09-26T12:02:36Z,3.760490651963951e-05,37225.0149271278,,20217.5352,73.7864706094,4271.7867619947,7427981.71980643,3,2,3,2,68,92,48,73,52155,43646,12944,11445,snapshot,,,,,,,/home/runner/work/Solana-Memecoin-Analysis/Solana-Memecoin-Analysis/data/cache/2026-09-27/015459735532_multi_pools_80aa66795c5c.json
2026-09-27T01:54:44.142736+00:00,EpjEComYHRJuxVkZHKiDsbyJaUpBjZ9VZGr1WzbUpNb3,solana,Pump.fun,BAhBgdk27mCACnLpSMZCar5a434m9tv84pReXe5Upump,BREW,So11111111111111111111111111111111111111112,SOL,2026-09-26T18:33:30Z,3.3998714424479337e-06,3399.659600009,,2686.8526,0.0,0.0,30555.3390850167,0,0,0,0,0,0,0,0,218,238,172,173,snapshot,,,,,,,/home/runner/work/Solana-Memecoin-Analysis/Solana-Memecoin-Analysis/data/cache/2026-09-27/015459735532_multi_pools_80aa66795c5c.json
2026-09-27T01:54:44.142736+00:00,DCffxCe3R7cqdRCkiozwCXrmv8iTbuxZ3MZPJwuvXkVA,solana,Meteora DBC,7xQuGDUHXPaW5gmFqBtbUuKe1fM1d5bMVJAv96fuk4du,UPTOBER,So11111111111111111111111111111111111111112,SOL,2026-09-26T18:33:19Z,6.0363500251168395e-05,60363.50025,,0.0,0.0,0.0,9964.1988108384,0,0,0,0,0,0,0,0,392,373,177,162,snapshot,,,,,,,/home/runner/work/Solana-Memecoin-Analysis/Solana-Memecoin-Analysis/data/cache/2026-09-27/015459735532_multi_pools_80aa66795c5c.json
2026-09-27T01:54:44.142736+00:00,CTw76ybfSHK1wKRfGGK8o3eJTTefo94rXNaVgPs4XA8r,solana,Pump.fun,8dCNEr8yrnjH2oWrHeyhoAzqtSEbFtdi6nMWUJdRpump,LMAO,So11111111111111111111111111111111111111112,SOL,2026-09-26T18:33:08Z,1.0753456043987174e-06,2150.691208,,848.9778,0.0,0.0,84.6963075013,0,0,0,0,0,0,0,0,15,15,2,2,snapshot,,,,,,,/home/runner/work/Solana-Memecoin-Analysis/Solana-Memecoin-Analysis/data/cache/2026-09-27/015459735532_multi_pools_80aa66795c5c.json
2026-09-27T01:54:44.142736+00:00,HeZQbDWxCUmcevw9jtA5XnGhP3VkUBVFPjEMXnbMBrxF,solana,StonkFun,EndWvwB12MoDetHno7DS7RBUeShZkaYba85qexzMHNtk,Wobrin,So11111111111111111111111111111111111111112,SOL,2026-09-26T18:33:08Z,3.6962033254842567e-06,3696.203325,,3450.923,0.0,0.0,982.7920250006,0,0,0,0,0,0,0,0,3,3,3,3,snapshot,,,,,,,/home/runner/work/Solana-Memecoin-Analysis/Solana-Memecoin-Analysis/data/cache/2026-09-27/015507026946_multi_pools_f1149e96ad1e.json
2026-09-27T01:54:44.142736+00:00,HkdJvWcCWcNnzgsMYuGhRLZxjv5FriC78cEaPTvoSUfG,solana,Pump.fun,B7uFSEUs84cyyMF3ek5Gxr4rN5amu7P7XYSKzmkvDC91,MUSK,So11111111111111111111111111111111111111112,SOL,2026-09-26T18:33:07Z,3.699624107902761e-06,3699.624108,,2905.4274,0.0,0.0,3863.1595448389,0,0,0,0,0,0,0,0,18,23,16,16,snapshot,,,,,,,/home/runner/work/Solana-Memecoin-Analysis/Solana-Memecoin-Analysis/data/cache/2026-09-27/015507026946_multi_pools_f1149e96ad1e.json
2026-09-27T01:54:44.142736+00:00,9Hr6NXw5WSffxNQnqxwZyhRw81uz3PpB7RF9J3i9nMt1,solana,PumpSwap,9U1f18idDeySFnYrurxqT1f5n5nE4g4Uk5LLzP69bh1,SOLCAT,So11111111111111111111111111111111111111112,SOL,2026-09-17T19:15:42Z,0.00045920099122333263,455948.892483378,,86180.8497,573.47482507,26317.2445927302,2022025.38644942,5,13,3,11,208,188,145,128,10685,10025,3591,3350,snapshot,,,,,,,/home/runner/work/Solana-Memecoin-Analysis/Solana-Memecoin-Analysis/data/cache/2026-09-27/015507026946_multi_pools_f1149e96ad1e.json
2026-09-27T01:54:44.142736+00:00,8kfP3e6NzfBZ3UkMJH8T5ZivtPjFs4fVpVVMswVV1b7c,solana,Pump.fun,6nRP49zu6bYwRQe1VRXVrsGwJsXePiqECK1RKoS4pump,MONKEY,So11111111111111111111111111111111111111112,SOL,2026-09-26T21:30:09Z,3.3953456555077412e-06,3395.345656,,2676.3161,0.0,0.0,0.01199375862,0,0,0,0,0,0,0,0,1,0,1,0,snapshot,,,,,,,/home/runner/work/Solana-Memecoin-Analysis/Solana-Memecoin-Analysis/data/cache/2026-09-27/015507026946_multi_pools_f1149e96ad1e.json
2026-09-27T01:54:44.142736+00:00,34V5C6HgJt42Vum7gMao6XwbtL2sjCjNypAQPePQV1SS,solana,Pump.fun,EiLRJvbMHnVKa4xZYCM5VrMn55HtxCLFwpuJ5ZWFpump,brump,So11111111111111111111111111111111111111112,SOL,2026-09-26T21:29:54Z,4.81655534233984e-06,9633.110684,,3791.8804,0.0,0.0,30.4591613907,0,0,0,0,0,0,0,0,9,6,3,2,snapshot,,,,,,,/home/runner/work/Solana-Memecoin-Analysis/Solana-Memecoin-Analysis/data/cache/2026-09-27/015507026946_multi_pools_f1149e96ad1e.json
2026-09-27T01:54:44.142736+00:00,6BZF1A29Pkke5bjkW2SM64HnaYYRWVFAHKNRK3emoCwe,solana,PumpSwap,DRKGYsGALqr5p2aTcGLK9zqiPB5wk7JV78bJv4mPpump,SPLIT,So11111111111111111111111111111111111111112,SOL,2026-09-26T19:31:01Z,0.0002736205521882919,268087.1120825,,53538.3057,8783.0087598646,83019.2476937588,5318179.01067198,74,40,61,37,584,560,330,333,42520,32802,11300,9587,snapshot,,,,,,,/home/runner/work/Solana-Memecoin-Analysis/Solana-Memecoin-Analysis/data/cache/2026-09-27/015507026946_multi_pools_f1149e96ad1e.json
2026-09-27T01:54:44.142736+00:00,XWyU8ejbqtiLW2gU88AdseJcGvEkETuvC5U2DUXS9qe,solana,Meteora DBC,45jZ61XkJo42zatnbemH3AmB7a8hh8KgQF3y71hxVHDg,poop/acc,So11111111111111111111111111111111111111112,SOL,2026-09-26T23:47:38Z,4.727917041271841e-05,47278.1921830049,,0.0,0.0,0.0,9253.3987265331,0,0,0,0,0,0,0,0,258,297,163,178,snapshot,,,,,,,/home/runner/work/Solana-Memecoin-Analysis/Solana-Memecoin-Analysis/data/cache/2026-09-27/015507026946_multi_pools_f1149e96ad1e.json
2026-09-27T01:54:44.142736+00:00,6z97EVK4VuAQue6raNRowNYjMnPoza98Uh2Y3dSHbmEW,solana,Pump.fun,2poUtsnTahLXB9Fm7nGLPjRVr5UDjcwn1QZyWWnPpump,jonesy,So11111111111111111111111111111111111111112,SOL,2026-09-26T23:47:24Z,3.445913924723263e-06,3445.913925,,2719.319,0.0,0.0,117.0339533536,0,0,0,0,0,0,0,0,3,1,1,1,snapshot,,,,,,,/home/runner/work/Solana-Memecoin-Analysis/Solana-Memecoin-Analysis/data/cache/2026-09-27/015507026946_multi_pools_f1149e96ad1e.json
2026-09-27T01:54:44.142736+00:00,DJiueR96EmzBUm6e8corMDdckwqwLefEgdYJpJXtHs71,solana,Pump.fun,EfYWVrMsX8n6pYNcpFrFQueTQ8x2CrmVoC3PoSTzpump,SLOP,So11111111111111111111111111111111111111112,SOL,2026-09-26T23:47:23Z,1.1016979814686559e-05,22033.95962,,7962.3501,0.0,0.0,1257.8113056159,0,0,0,0,0,0,0,0,75,55,6,6,snapshot,,,,,,,/home/runner/work/Solana-Memecoin-Analysis/Solana-Memecoin-Analysis/data/cache/2026-09-27/015507026946_multi_pools_f1149e96ad1e.json
2026-09-27T01:54:44.142736+00:00,GkkRUcvuqwPrkG5kXUU1coEJSrhJAMyEEhQ63pJLEC3t,solana,Meteora DBC,6Q7JkUuTvsN6AunjJaSHhcvCaiBUCXk4KqkpWkejkSV7,PAID,So11111111111111111111111111111111111111112,SOL,2026-09-27T01:54:01Z,3.1601285255621686e-05,32216.73531,,29647.7405,4908.3230941993,4908.3230941993,4908.3230941993,95,131,91,104,95,131,91,104,95,131,91,104,snapshot,,,,,,,/home/runner/work/Solana-Memecoin-Analysis/Solana-Memecoin-Analysis/data/cache/2026-09-27/015507026946_multi_pools_f1149e96ad1e.json
2026-09-27T01:54:44.142736+00:00,Cb1MeGdbSjoELTmK9LAArvy6W5QJW1C5MuHsu581Nb44,solana,Pump.fun,E2RCys9nDguBGLJoQZYnr9CSDTFsyP7JLuY7oWMQpump,$broke,So11111111111111111111111111111111111111112,SOL,2026-09-27T01:54:00Z,3.39430585509129e-06,3397.1158,,2697.6675,9.2775811421,9.2775811421,9.2775811421,13,2,12,2,13,2,12,2,13,2,12,2,snapshot,,,,,,,/home/runner/work/Solana-Memecoin-Analysis/Solana-Memecoin-Analysis/data/cache/2026-09-27/015507026946_multi_pools_f1149e96ad1e.json
2026-09-27T01:54:44.142736+00:00,9bG8pWDsnsdZWoFWi6umqxGBtmhJurLeF9EQybnvYVQ6,solana,Meteora DBC,945tMXftfUEfhSzdPTTucjNAP6ACqiNCXp8aHTfiupY,pls,So11111111111111111111111111111111111111112,SOL,2026-09-27T01:53:37Z,4.568008884028584e-05,42811.13131,,0.0,1593.3288731059,1593.3288731059,1593.3288731059,62,54,59,31,62,54,59,31,62,54,59,31,snapshot,,,,,,,/home/runner/work/Solana-Memecoin-Analysis/Solana-Memecoin-Analysis/data/cache/2026-09-27/015507026946_multi_pools_f1149e96ad1e.json
2026-09-27T01:54:44.142736+00:00,7KztkRMktp7jLozYJ82JFhK6npE9VbJxnLgQawX7Es3z,solana,Pump.fun,BYwWdp6jujVzAZSWkiewN17ib7eMyCKSnAabfBUYpump,Niggapad,So11111111111111111111111111111111111111112,SOL,2026-09-27T01:53:35Z,3.510197624159676e-06,3510.197624,,2782.9224,105.4960481677,105.4960481677,105.4960481677,2,1,2,1,2,1,2,1,2,1,2,1,snapshot,,,,,,,/home/runner/work/Solana-Memecoin-Analysis/Solana-Memecoin-Analysis/data/cache/2026-09-27/015507026946_multi_pools_f1149e96ad1e.json
2026-09-27T01:54:44.142736+00:00,DC5JB9jeyEPegne1iem1Z6xdDYJnDvcgkbCu5ZiGHRom,solana,Pump.fun,AeLsbx98SaBsnUAZSVkBV8qsq4yi2HrwGwckq93WFsvN,ALIVE,So11111111111111111111111111111111111111112,SOL,2026-09-27T01:53:34Z,3.575680255712601e-06,4004.761886,,2834.6259,2668.7732445166,2668.7732445166,2668.7732445166,4,5,4,4,4,5,4,4,4,5,4,4,snapshot,,,,,,,/home/runner/work/Solana-Memecoin-Analysis/Solana-Memecoin-Analysis/data/cache/2026-09-27/015507026946_multi_pools_f1149e96ad1e.json
2026-09-27T01:55:00+00:00,GkkRUcvuqwPrkG5kXUU1coEJSrhJAMyEEhQ63pJLEC3t,solana,Meteora DBC,,,,,2026-09-27T01:54:01Z,3.2626385938776545e-05,,,,,,,,,,,,,,,,,,,ohlcv_backfill,minute,3.2269535140287015e-05,3.2891043711551205e-05,3.092788759792593e-05,3.2626385938776545e-05,389.55998005626844,/home/runner/work/Solana-Memecoin-Analysis/Solana-Memecoin-Analysis/data/cache/2026-09-27/015514892829_ohlcv_f0ec15bed8ba.json
2026-09-27T01:50:00+00:00,GkkRUcvuqwPrkG5kXUU1coEJSrhJAMyEEhQ63pJLEC3t,solana,Meteora DBC,,,,,2026-09-27T01:54:01Z,3.2269535140287015e-05,,,,,,,,,,,,,,,,,,,ohlcv_backfill,minute,4.596912941875078e-05,4.705410883301165e-05,1.8509384779688982e-05,3.2269535140287015e-05,5730.704316095852,/home/runner/work/Solana-Memecoin-Analysis/Solana-Memecoin-Analysis/data/cache/2026-09-27/015514892829_ohlcv_f0ec15bed8ba.json
2026-09-27T01:50:00+00:00,Cb1MeGdbSjoELTmK9LAArvy6W5QJW1C5MuHsu581Nb44,solana,Pump.fun,,,,,2026-09-27T01:54:00Z,3.3943112532617886e-06,,,,,,,,,,,,,,,,,,,ohlcv_backfill,minute,3.3968456782555995e-06,3.404486825310043e-06,3.3942347442738465e-06,3.3943112532617886e-06,9.37570110807492,/home/runner/work/Solana-Memecoin-Analysis/Solana-Memecoin-Analysis/data/cache/2026-09-27/015522121749_ohlcv_e276ff3d75cb.json
2026-09-27T01:50:00+00:00,9bG8pWDsnsdZWoFWi6umqxGBtmhJurLeF9EQybnvYVQ6,solana,Meteora DBC,,,,,2026-09-27T01:53:37Z,4.568008884028584e-05,,,,,,,,,,,,,,,,,,,ohlcv_backfill,minute,3.277614983189558e-05,4.672543711022856e-05,3.277614983189558e-05,4.568008884028584e-05,1734.1618259525433,/home/runner/work/Solana-Memecoin-Analysis/Solana-Memecoin-Analysis/data/cache/2026-09-27/015529871977_ohlcv_525c65a77c05.json
2026-09-27T01:55:00+00:00,7KztkRMktp7jLozYJ82JFhK6npE9VbJxnLgQawX7Es3z,solana,Pump.fun,,,,,2026-09-27T01:53:35Z,3.4411425209616946e-06,,,,,,,,,,,,,,,,,,,ohlcv_backfill,minute,3.510197624159676e-06,3.510197624159676e-06,3.4411425209616946e-06,3.4411425209616946e-06,47.99149845163452,/home/runner/work/Solana-Memecoin-Analysis/Solana-Memecoin-Analysis/data/cache/2026-09-27/015544429511_ohlcv_704f9e474b39.json
2026-09-27T01:50:00+00:00,7KztkRMktp7jLozYJ82JFhK6npE9VbJxnLgQawX7Es3z,solana,Pump.fun,,,,,2026-09-27T01:53:35Z,3.510197624159676e-06,,,,,,,,,,,,,,,,,,,ohlcv_backfill,minute,3.438600232508121e-06,3.5110210488400488e-06,3.438600232508121e-06,3.510197624159676e-06,105.49604816766707,/home/runner/work/Solana-Memecoin-Analysis/Solana-Memecoin-Analysis/data/cache/2026-09-27/015544429511_ohlcv_704f9e474b39.json
2026-09-27T01:50:00+00:00,DC5JB9jeyEPegne1iem1Z6xdDYJnDvcgkbCu5ZiGHRom,solana,Pump.fun,,,,,2026-09-27T01:53:34Z,3.575680255712601e-06,,,,,,,,,,,,,,,,,,,ohlcv_backfill,minute,3.961813797746758e-06,6.182586820674203e-06,3.575680255712601e-06,3.575680255712601e-06,2668.7732445166203,/home/runner/work/Solana-Memecoin-Analysis/Solana-Memecoin-Analysis/data/cache/2026-09-27/015606990594_ohlcv_a320f3b8d70b.json
2026-09-27T07:28:43.244167+00:00,39e3inYn9tDu4GAeBJ4L1MZrRW8hMhu2yqJ59vhPeCai,solana,PumpSwap,BQJfL1yiHbJQ8AciHLcKxaCbQrWP2ws8oZHHYgbBpump,CACKLE,So11111111111111111111111111111111111111112,SOL,2026-08-18T03:38:14Z,0.00013171932491215177,131719.3249,,49474.4575,0.0,664.9278226147,21505.4012748553,0,0,0,0,137,45,105,45,1192,404,1139,401,snapshot,,,,,,,/home/runner/work/Solana-Memecoin-Analysis/Solana-Memecoin-Analysis/data/cache/2026-09-27/072851431912_multi_pools_5632da390358.json
2026-09-27T07:28:43.244167+00:00,99C6TUp7WgTvnwQVVhAbD8HbxPdo5LJCXr7VFCvTmJf1,solana,PumpSwap,nDZknLvfFRp5rgUHdzTrQsmSY5NKzoavqdLjSHVpump,COLLECT,CARDSccUMFKoPRZxt5vt3ksUbxEFEcnZ3H2pd3dKxYjp,CARDS,2026-09-25T00:58:47Z,0.004027363899456779,3984850.38823673,3984850.39281277,237746.8558,3042.5043817351,13637.8362889802,1088870.35204864,1,11,1,10,15,42,13,38,2147,2167,1147,1131,snapshot,,,,,,,/home/runner/work/Solana-Memecoin-Analysis/Solana-Memecoin-Analysis/data/cache/2026-09-27/072851431912_multi_pools_5632da390358.json
2026-09-27T07:28:43.244167+00:00,5GHJdhuDttJyZU6D666QDjfa1Q3GXFec3VN1z65fgnGo,solana,PumpSwap,Fj3hX1NrpFAiz31HGi8YTWUNhVTJeDG9KUzEv3N21bTy,AXIS,So11111111111111111111111111111111111111112,SOL,2026-09-25T04:50:48Z,2.844911734502921e-05,2829192.69,,6.09557026165357e-07,0.0,0.0,0.0,0,0,0,0,0,0,0,0,0,0,0,0,snapshot,,,,,,,/home/runner/work/Solana-Memecoin-Analysis/Solana-Memecoin-Analysis/data/cache/2026-09-27/072851431912_multi_pools_5632da390358.json
2026-09-27T07:28:43.244167+00:00,HnFhnuZP8WT3U2MFG5gWS8Hbkvd45rKcwoHn1i9BjYtk,solana,PumpSwap,3znS89gifim2Hhhu8wjb2PfSgaCDdma187D5NMkDpump,BRAIN,So11111111111111111111111111111111111111112,SOL,2026-09-25T00:04:11Z,2.4696571972797635e-05,24659.56426,,14896.8011,81.6964839302,741.0612666943,56225.9574070725,5,0,5,0,17,15,16,14,590,675,322,466,snapshot,,,,,,,/home/runner/work/Solana-Memecoin-Analysis/Solana-Memecoin-Analysis/data/cache/2026-09-27/072851431912_multi_pools_5632da390358.json
2026-09-27T07:28:43.244167+00:00,HJHA6AFiUQVR4nUScs7ZAR775427PJtVFqj3kmLgP9WL,solana,PumpSwap,8Vte25yt28L8BfLXm8DrzjSYEyaKX8yry6hRKRmX7FGd,UPTOBER,So11111111111111111111111111111111111111112,SOL,2026-09-22T15:41:30Z,0.0002107881479778723,205363.123749928,205363.123749928,45764.3918,1000.186250137,16173.2895405444,484404.968533407,17,9,16,8,253,114,241,113,15232,3902,14247,3285,snapshot,,,,,,,/home/runner/work/Solana-Memecoin-Analysis/Solana-Memecoin-Analysis/data/cache/2026-09-27/072851431912_multi_pools_5632da390358.json
2026-09-27T07:28:43.244167+00:00,P49aoDCvLpBmVvMHtuNGRdTMbMPBrDyyHeeHdcsuyZp,solana,FluxBeam,DEXG9s7dxFEBySXBEF3cKcrkM69PnK5AYaAJ73ufX7TS,LaunchLab,So11111111111111111111111111111111111111112,SOL,2026-09-25T11:24:51Z,0.0015111213582791327,1502971.62727381,,1500847.2373,0.0,0.0,0.0,0,0,0,0,0,0,0,0,0,0,0,0,snapshot,,,,,,,/home/runner/work/Solana-Memecoin-Analysis/Solana-Memecoin-Analysis/data/cache/2026-09-27/072851431912_multi_pools_5632da390358.json
2026-09-27T07:28:43.244167+00:00,9dpt3dmjg1eggKHGEb45PNXNSz9RUX1jfM3svQbvqRFr,solana,Pump.fun,F5JdxfRPM6HnGPCT6ixoVWq5Bcn8Q3D2kVYyujFtpump,TAOTAO,So11111111111111111111111111111111111111112,SOL,2026-09-25T11:23:52Z,3.405694507275825e-06,3409.331229,,2784.382,0.0,0.0,0.0,0,0,0,0,0,0,0,0,0,0,0,0,snapshot,,,,,,,/home/runner/work/Solana-Memecoin-Analysis/Solana-Memecoin-Analysis/data/cache/2026-09-27/072851431912_multi_pools_5632da390358.json
2026-09-27T07:28:43.244167+00:00,7sY6BrhDBkJdcYFrDd1M49hinSXrqk2bzS3rT6Juanch,solana,Raydium,8erE7RkkoiGYJtCyQdfwMpnNA8cAkY14Xe6RYjjHAdKP,CAT,XsoCS1TfEyfFhfvj8EtZ528L3CaKBDBRqRapnBbDF2W,SPYx,2026-09-21T15:53:21Z,0.0004057958835256628,405792.404520364,405792.404520364,56376.7343,97.6460882543,786.1618635842,39464.682100822,0,2,0,2,2,4,1,4,307,308,203,195,snapshot,,,,,,,/home/runner/work/Solana-Memecoin-Analysis/Solana-Memecoin-Analysis/data/cache/2026-09-27/072851431912_multi_pools_5632da390358.json
2026-09-27T07:28:43.244167+00:00,Ftjga524YrS7RPzGCcezMuQnFDYa8PcvWDY5mFmZk5dy,solana,PumpSwap,5g9PWcRUHpmqm5uKycpShKXJB18sGLeCEzgB3qrRpump,SWARM,So11111111111111111111111111111111111111112,SOL,2026-09-25T08:47:14Z,0.00030870717512101944,276374.447067822,276392.810479402,58560.9984,412.8230696385,10435.8835341431,805500.50564702,60,5,60,5,1483,72,1048,63,51742,5424,5118,1975,snapshot,,,,,,,/home/runner/work/Solana-Memecoin-Analysis/Solana-Memecoin-Analysis/data/cache/2026-09-27/072851431912_multi_pools_5632da390358.json
2026-09-27T07:28:43.244167+00:00,GCQW4cgDHGV3cgEzxesC9MazExYC8P2NBQU27BmH1XE,solana,PumpSwap,6sEf597zqUxoJeW1znjtx8MUPsXFFF7zjjH2KSG8zF9y,company,So11111111111111111111111111111111111111112,SOL,2026-09-25T05:16:30Z,6.485999150629828e-06,6485.999151,,5908.8766,59.9494928243,97.1124469955,3471.7846649282,1,0,1,0,2,2,2,2,78,118,45,85,snapshot,,,,,,,/home/runner/work/Solana-Memecoin-Analysis/Solana-Memecoin-Analysis/data/cache/2026-09-27/072851431912_multi_pools_5632da390358.json
2026-09-27T07:28:43.244167+00:00,87mffNX4rzZTF688ZuJKD68pDKqNYry3rtiXsPiJ7KV6,solana,Raydium,CADHPAKri3EwnMLKWqFqeKJYGAaunnFK6akgryZaRcgr,AMERICA,DJTu7vi8norVzdVAffgvb39VP7wjKeTsgaMBJrzfxvoF,DJT,2026-09-25T17:02:06Z,4.12083175141201e-06,4120.831751,,5958.2764,0.0,0.0,16.2906752888,0,0,0,0,0,0,0,0,0,3,0,3,snapshot,,,,,,,/home/runner/work/Solana-Memecoin-Analysis/Solana-Memecoin-Analysis/data/cache/2026-09-27/072851431912_multi_pools_5632da390358.json
2026-09-27T07:28:43.244167+00:00,LcqA48bdyW8EJYJ2DqqX7iRMAKYLAfZyuKaZdevWBXr,solana,Pump.fun,GyTc2qLrY4hN7b7VFW9UQeEicfddvdRUhLLtTLwKpump,PUTO,So11111111111111111111111111111111111111112,SOL,2026-09-25T17:01:55Z,3.421402927128639e-06,3421.402927,,2690.4316,0.0,0.0,0.0,0,0,0,0,0,0,0,0,0,0,0,0,snapshot,,,,,,,/home/runner/work/Solana-Memecoin-Analysis/Solana-Memecoin-Analysis/data/cache/2026-09-27/072851431912_multi_pools_5632da390358.json
2026-09-27T07:28:43.244167+00:00,2cYvH2Kcyr5ebNQxxh7BiNePnpYPjzv1Ke3bWGnXZN4F,solana,Pump.fun,F9r4mhKfgerTDAVY3hhzc4pTDs7gkxDjNqQLJisWpump,A,So11111111111111111111111111111111111111112,SOL,2026-09-25T17:01:45Z,2.842109042322218e-07,568.4218084,,240.5445,0.0,0.0,0.0,0,0,0,0,0,0,0,0,0,0,0,0,snapshot,,,,,,,/home/runner/work/Solana-Memecoin-Analysis/Solana-Memecoin-Analysis/data/cache/2026-09-27/072851431912_multi_pools_5632da390358.json
2026-09-27T07:28:43.244167+00:00,5Zm9nCiDiQFN2K6yXW3zghfo5fkRZwgbFosZTdHTcx2E,solana,Meteora DAMM V2,F3LXwr9nMkkZVa5pLojAx7QowCFuHTgbMGngpWV3zS5o,SOLRISING,So11111111111111111111111111111111111111112,SOL,2026-09-25T17:01:34Z,0.00011804305726701556,118043.0573,,0.8008,0.0,0.0,0.0,0,0,0,0,0,0,0,0,0,0,0,0,snapshot,,,,,,,/home/runner/work/Solana-Memecoin-Analysis/Solana-Memecoin-Analysis/data/cache/2026-09-27/072851431912_multi_pools_5632da390358.json
2026-09-27T07:28:43.244167+00:00,GyqG6jQStJy1WEzmPfhbVyjwq14C26t9bSa25f4dmKdA,solana,PumpSwap,AX5paLzKuPZAFCd6sneVj7z5VGAJyCGyXLmjfDAdBZQf,MUSESTREAM,So11111111111111111111111111111111111111112,SOL,2026-09-25T20:24:24Z,2.5065481118852276e-06,2506.548112,,2551.3486,0.0,0.0,49.2048810485,0,0,0,0,0,0,0,0,0,22,0,20,snapshot,,,,,,,/home/runner/work/Solana-Memecoin-Analysis/Solana-Memecoin-Analysis/data/cache/2026-09-27/072851431912_multi_pools_5632da390358.json
2026-09-27T07:28:43.244167+00:00,4AbNLT88rY1UQWYBmksCPrNyXhgSHNdLcQ4zM5PGbvMG,solana,PumpSwap,3JwLsyCxRDVPx5PP2qU2d8HuBH4nNGFwgZypWLrSpump,dog,So11111111111111111111111111111111111111112,SOL,2026-09-25T20:24:17Z,0.0037765540251578304,3776554.025,,6.46436832923228e-07,0.0,0.0,0.0,0,0,0,0,0,0,0,0,0,0,0,0,snapshot,,,,,,,/home/runner/work/Solana-Memecoin-Analysis/Solana-Memecoin-Analysis/data/cache/2026-09-27/072851431912_multi_pools_5632da390358.json
2026-09-27T07:28:43.244167+00:00,6hKaWWvY2JtmHYE1V58y4UVsjedNq4zT6zFLXuZCsxQN,solana,Pump.fun,HbffogXDjF9Dx71MG3pbLm3Czmibo5cfPYNEKHrNpump,Find,So11111111111111111111111111111111111111112,SOL,2026-09-25T20:24:15Z,6.151938424963021e-10,1.230387685,,1.1041,0.0,0.0,0.0,0,0,0,0,0,0,0,0,0,0,0,0,snapshot,,,,,,,/home/runner/work/Solana-Memecoin-Analysis/Solana-Memecoin-Analysis/data/cache/2026-09-27/072851431912_multi_pools_5632da390358.json
2026-09-27T07:28:43.244167+00:00,5PEoQSF627rLCcR7q6RDTXt5CdxpVLyvEpBKEpbqG8Jr,solana,Pump.fun,FHYP5mKMy5TzhfEwX4oonDBxhhG3zWKbR5gsQJebpump,ch,So11111111111111111111111111111111111111112,SOL,2026-09-25T20:24:04Z,4.859660376920779e-06,9719.320754,,3321.9944,0.0,0.0,0.0,0,0,0,0,0,0,0,0,0,0,0,0,snapshot,,,,,,,/home/runner/work/Solana-Memecoin-Analysis/Solana-Memecoin-Analysis/data/cache/2026-09-27/072851431912_multi_pools_5632da390358.json
2026-09-27T07:28:43.244167+00:00,AN3Vgx1Ap1kYKXWcPo57AMnNNFM3heSyqKcPskaS7weh,solana,Pump.fun,EwXTL9o6mPaorsW1UZbZZkkbxbUdheGz8jGwyAmApump,USTAYREADY,So11111111111111111111111111111111111111112,SOL,2026-09-25T20:24:01Z,3.5241513021264064e-06,3524.151302,,2784.3137,0.0,0.0,0.0,0,0,0,0,0,0,0,0,0,0,0,0,snapshot,,,,,,,/home/runner/work/Solana-Memecoin-Analysis/Solana-Memecoin-Analysis/data/cache/2026-09-27/072851431912_multi_pools_5632da390358.json
2026-09-27T07:28:43.244167+00:00,CznwRW4393ppcasxY1T7QP9gck3t8J66BVmXjdATgMSd,solana,Pump.fun,Du4K1ETWbvWtKJMnFkCN8o66zqHStVHzMTArxWqkpump,Memes.gov,So11111111111111111111111111111111111111112,SOL,2026-09-25T20:23:59Z,3.453605779291029e-06,3453.605779,,2740.7911,0.0,18.4947873716,159.7091323857,0,0,0,0,0,1,0,1,0,10,0,8,snapshot,,,,,,,/home/runner/work/Solana-Memecoin-Analysis/Solana-Memecoin-Analysis/data/cache/2026-09-27/072851431912_multi_pools_5632da390358.json
2026-09-27T07:28:43.244167+00:00,E46yzJBRonezRdBM56TZMPiYpUz9WPAqt8j9yJHLkruF,solana,Pump.fun,593gnQM1kRciQDf312GpwGZJhTxM6Yak5MMFn7X4pump,Dog Think,So11111111111111111111111111111111111111112,SOL,2026-09-25T23:23:34Z,1.1685677996490147e-06,2337.1356,,921.8095,0.0,0.0,0.0,0,0,0,0,0,0,0,0,0,0,0,0,snapshot,,,,,,,/home/runner/work/Solana-Memecoin-Analysis/Solana-Memecoin-Analysis/data/cache/2026-09-27/072851431912_multi_pools_5632da390358.json
2026-09-27T07:28:43.244167+00:00,9BerALcrD4KZD1zLp7wvf6vX2b8QAKkvBipzf7GvBihH,solana,Pump.fun,BHD5kbtnajDq5MYEmbJwVLa2ucdcZgzscey1gJMrWa81,TANKCLUB,So11111111111111111111111111111111111111112,SOL,2026-09-25T23:23:29Z,3.4138717506994996e-06,3413.871751,,2692.2891,0.0,0.0,0.0,0,0,0,0,0,0,0,0,0,0,0,0,snapshot,,,,,,,/home/runner/work/Solana-Memecoin-Analysis/Solana-Memecoin-Analysis/data/cache/2026-09-27/072851431912_multi_pools_5632da390358.json
2026-09-27T07:28:43.244167+00:00,BtT1ocd3feVAR5zaHqkFGGgpUyfym9mbfWPz17wA24jL,solana,PumpSwap,7g9v4sr3kDsQEhqH6PMYdVdzHR9RGWo83LYRgKrpNRBY,Holdoween,So11111111111111111111111111111111111111112,SOL,2026-09-25T23:23:23Z,2.653137871841255e-05,122.0336711,,0.002455027275,0.0,0.0,0.0,0,0,0,0,0,0,0,0,0,0,0,0,snapshot,,,,,,,/home/runner/work/Solana-Memecoin-Analysis/Solana-Memecoin-Analysis/data/cache/2026-09-27/072851431912_multi_pools_5632da390358.json
2026-09-27T07:28:43.244167+00:00,4fJn9c96VponFoiLr3MokFTzpERyMKwMuBeRvuSft4YA,solana,Pump.fun,DmKeZE5UgJ9pWwcUMAia4kT1mtcPhrdE2o94Ut3Apump,company,So11111111111111111111111111111111111111112,SOL,2026-09-25T23:23:08Z,3.4317646509268258e-06,3431.764651,,2704.1719,0.0,0.0,0.0,0,0,0,0,0,0,0,0,0,0,0,0,snapshot,,,,,,,/home/runner/work/Solana-Memecoin-Analysis/Solana-Memecoin-Analysis/data/cache/2026-09-27/072851431912_multi_pools_5632da390358.json
2026-09-27T07:28:43.244167+00:00,FnntXC9pGme3Ad9QMZSFuzRp35YEvFi73E2DPt5YGig2,solana,Pump.fun,DQjwMS85NDTo2Qr1Rf51PAdvj3QK5poxtkihk3YApump,COOKED,So11111111111111111111111111111111111111112,SOL,2026-09-25T23:23:04Z,9.216449611742197e-07,2257.656752,,867.3914,0.0,0.0,0.0,0,0,0,0,0,0,0,0,0,0,0,0,snapshot,,,,,,,/home/runner/work/Solana-Memecoin-Analysis/Solana-Memecoin-Analysis/data/cache/2026-09-27/072851431912_multi_pools_5632da390358.json
2026-09-27T07:28:43.244167+00:00,EauPrgojCQfxzQbafthunGLB4QV4jp8VjKQULACB2TaM,solana,Pump.fun,4RrmztLGqSnJbxDBjuqsYf7XXojMqDLQViae9XTypump,$Shlawg,So11111111111111111111111111111111111111112,SOL,2026-09-25T23:22:59Z,3.04286650518135e-06,6085.73301,,2379.1426,0.0,0.0,0.0,0,0,0,0,0,0,0,0,0,0,0,0,snapshot,,,,,,,/home/runner/work/Solana-Memecoin-Analysis/Solana-Memecoin-Analysis/data/cache/2026-09-27/072851431912_multi_pools_5632da390358.json
2026-09-27T07:28:43.244167+00:00,3dcwhqJp6JBTJPq8ga335HWgSQVS7uQmdmeX7iGjMNpj,solana,PumpSwap,CTPoyCwkjMvoJwU4xvZZqoD8tiYk6yDchySiN5gGpump,fone,So11111111111111111111111111111111111111112,SOL,2026-08-27T00:03:44Z,0.007218110642784002,7146777.38490477,7146777.43900098,654267.9615,2399.9613894605,73600.4604862616,2951366.75204986,8,3,4,3,269,281,162,151,9537,9542,2715,2421,snapshot,,,,,,,/home/runner/work/Solana-Memecoin-Analysis/Solana-Memecoin-Analysis/data/cache/2026-09-27/072851431912_multi_pools_5632da390358.json
2026-09-27T07:28:43.244167+00:00,364hvUrAhVcGA4a4CjRNCeTzPr3XkotZePBPtWUZTvLr,solana,PumpSwap,8DMRzhGGVhDMsbZRiH3Hnv7vPE8Know6hyJdzG8b5pmG,DDOS,So11111111111111111111111111111111111111112,SOL,2026-09-26T01:44:57Z,0.00011181597376477626,110848.5407,,8.556844509e-07,0.0,0.0,0.0,0,0,0,0,0,0,0,0,0,0,0,0,snapshot,,,,,,,/home/runner/work/Solana-Memecoin-Analysis/Solana-Memecoin-Analysis/data/cache/2026-09-27/072851431912_multi_pools_5632da390358.json
2026-09-27T07:28:43.244167+00:00,ERXreoRwqXj4ec8NZKRfXmzKQqk4eSufzQHbHvCYBqe3,solana,Meteora DAMM V2,8DMRzhGGVhDMsbZRiH3Hnv7vPE8Know6hyJdzG8b5pmG,DDOS,So11111111111111111111111111111111111111112,SOL,2026-09-26T01:44:50Z,3.844108668038945e-06,3844.108668,,0.0849,0.0,0.0,0.001758159602,0,0,0,0,0,0,0,0,0,1,0,1,snapshot,,,,,,,/home/runner/work/Solana-Memecoin-Analysis/Solana-Memecoin-Analysis/data/cache/2026-09-27/072851431912_multi_pools_5632da390358.json
2026-09-27T07:28:43.244167+00:00,7qjiQZ5QYxW1XZLP1U1ASdjH8KVabf6guWaupbU8ZQuH,solana,Pump.fun,4ZvcJsA7cWtaUqKRBpkQSx7GqBZWvftW3bwsjX8mJETs,PLANET,So11111111111111111111111111111111111111112,SOL,2026-09-26T01:44:49Z,3.5379532564706095e-06,3786.767423,,3190.913,0.0,0.0,0.0,0,0,0,0,0,0,0,0,0,0,0,0,snapshot,,,,,,,/home/runner/work/Solana-Memecoin-Analysis/Solana-Memecoin-Analysis/data/cache/2026-09-27/072851431912_multi_pools_5632da390358.json
2026-09-27T07:28:43.244167+00:00,jyjX1ZnB5zZ3n3am5yFCnfTnvntgX8EfKwgPBfuPJCV,solana,Pump.fun,HtjFoRFa4612Tq981Xc5Nfuwi1RVyz6CvXFc7aSapump,TIPS,So11111111111111111111111111111111111111112,SOL,2026-09-26T01:44:49Z,3.410587861572369e-06,3410.587862,,2688.3416,0.0,0.0,0.0,0,0,0,0,0,0,0,0,0,0,0,0,snapshot,,,,,,,/home/runner/work/Solana-Memecoin-Analysis/Solana-Memecoin-Analysis/data/cache/2026-09-27/072858785355_multi_pools_a5f8cde14137.json
2026-09-27T07:28:43.244167+00:00,99f6oPH3aE9L4iEj22ijwVjiAJUidJHBbqBsxLdkLc8G,solana,Pump.fun,76rXydoewfk5vRKaEmEmdphTyS7UYTgJKJWtAfd3pump,PLANET,So11111111111111111111111111111111111111112,SOL,2026-09-26T01:44:45Z,3.412359607689158e-06,3412.359608,,2688.4629,0.0,0.0,0.0,0,0,0,0,0,0,0,0,0,0,0,0,snapshot,,,,,,,/home/runner/work/Solana-Memecoin-Analysis/Solana-Memecoin-Analysis/data/cache/2026-09-27/072858785355_multi_pools_a5f8cde14137.json
2026-09-27T07:28:43.244167+00:00,4JAnKFddd5fFTk5PxDj3PpTWJuTEfSWQEjZJcgKQ9KwW,solana,PumpSwap,CbcyNo7m1amFWqEQm2m4PLv1UNvpcL3C1Ujm6AkzpKoU,e/acc,So11111111111111111111111111111111111111112,SOL,2026-09-25T21:15:15Z,0.004212731259589733,4127874.70367903,0.0,298858.8841,11230.1544506565,1055128.130381,26767046.6280047,52,48,43,26,2655,1829,948,842,77211,63575,19873,18310,snapshot,,,,,,,/home/runner/work/Solana-Memecoin-Analysis/Solana-Memecoin-Analysis/data/cache/2026-09-27/072858785355_multi_pools_a5f8cde14137.json
2026-09-27T07:28:43.244167+00:00,3yXXas5wQqC6LzV9x22GEqVr9Dgg1VC6yynkVGhRWJWM,solana,PumpSwap,5NhN6zzDkzwXFGPFqtpTopV4ttBeZ6CWy1oRL9Rkpump,Bagwork,So11111111111111111111111111111111111111112,SOL,2026-09-25T14:14:54Z,0.0001904046082707895,185033.128864695,185275.050001577,47299.3689,1035.7007286864,9092.9078605919,849165.21369146,7,3,7,3,75,73,49,53,5373,5549,2000,2314,snapshot,,,,,,,/home/runner/work/Solana-Memecoin-Analysis/Solana-Memecoin-Analysis/data/cache/2026-09-27/072858785355_multi_pools_a5f8cde14137.json
2026-09-27T07:28:43.244167+00:00,DTre5JvnzVP9NaBgr7pWrG77nsZefgMLBLQTwTCrzqbE,solana,Pump.fun,Fzok3s8QpvDbx2zmNBeTFn4AohDKKEit7rLfBTCMpump,$WYD,So11111111111111111111111111111111111111112,SOL,2026-09-26T06:40:13Z,7.400308798552142e-08,148.00617598,,0.0,0.0,0.0,0.0,0,0,0,0,0,0,0,0,0,0,0,0,snapshot,,,,,,,/home/runner/work/Solana-Memecoin-Analysis/Solana-Memecoin-Analysis/data/cache/2026-09-27/072858785355_multi_pools_a5f8cde14137.json
2026-09-27T07:28:43.244167+00:00,GYermLV9vZD1Na4dvf3WAxxj6LY4ksi9e2uvobxLeSN6,solana,PumpSwap,uL7tn5so4AzesQwoUd1T8VpweJ7FprDXyquEJkXpump,WOAR,So11111111111111111111111111111111111111112,SOL,2026-09-26T06:40:04Z,2.3435705381976585e-06,2341.6129044993,,2255.2737,0.0,0.0,166817.178329077,0,0,0,0,0,0,0,0,5383,2127,1349,479,snapshot,,,,,,,/home/runner/work/Solana-Memecoin-Analysis/Solana-Memecoin-Analysis/data/cache/2026-09-27/072858785355_multi_pools_a5f8cde14137.json
2026-09-27T07:28:43.244167+00:00,EoiNWADPghznjVcuz2i3tfEXASNXkvVeU1Lv8bvJQrsg,solana,Pump.fun,26K73Eb7aco7Ks6snVJKEMPWSHYFzeihNb1FG9Vzpump,BalloonHorn,So11111111111111111111111111111111111111112,SOL,2026-09-26T06:39:55Z,3.391652360859525e-06,3391.652361,,2688.1701,0.0,0.0,1.0716572288,0,0,0,0,0,0,0,0,0,1,0,1,snapshot,,,,,,,/home/runner/work/Solana-Memecoin-Analysis/Solana-Memecoin-Analysis/data/cache/2026-09-27/072858785355_multi_pools_a5f8cde14137.json
2026-09-27T07:28:43.244167+00:00,CPRoWXCgq3ELsnqsGDMLmAVRnNSmyN4k1ddc6efGdd91,solana,PumpSwap,CMuvWQ6qQbSt7NUQdPGcVKCoDgETieuqS68qu6BaeVgR,Cream,So11111111111111111111111111111111111111112,SOL,2026-09-26T00:19:08Z,0.00012042418845589539,118602.378060557,,38665.7155,684.4455215055,7629.4523642088,1296564.16209639,2,2,2,2,61,92,32,67,7858,6859,2346,2699,snapshot,,,,,,,/home/runner/work/Solana-Memecoin-Analysis/Solana-Memecoin-Analysis/data/cache/2026-09-27/072858785355_multi_pools_a5f8cde14137.json
2026-09-27T07:28:43.244167+00:00,Ax9GpoBxTKb19NMj4eJhNsy163xuUGmFKrLpELeQK7LX,solana,PumpSwap,jLz71QZfjnZZMLjUaCBw7KmUyftkkNq8NkWi2u9dyap,YAP,So11111111111111111111111111111111111111112,SOL,2026-09-25T14:11:13Z,0.0018101528888278305,1810077.2104227,,162103.9274,8486.4089780005,116628.869779061,6270992.95083793,17,29,12,22,390,337,228,227,20078,17433,5571,5331,snapshot,,,,,,,/home/runner/work/Solana-Memecoin-Analysis/Solana-Memecoin-Analysis/data/cache/2026-09-27/072858785355_multi_pools_a5f8cde14137.json
2026-09-27T07:28:43.244167+00:00,DGvB8KyD79wFBJ7Kr7mW54qSfi7Yk3UrhJkcnTSd6frb,solana,PumpSwap,BdzaE3T7uU59pBVDBHZVZh3yWrrpo4oPrXdv4nPDpump,JIANCO,Xsv9hRk1z5ystj9MhnA7Lq4vjSsLwzL2nxrwmwtD3re,GLDx,2026-09-26T00:06:55Z,0.00011615856131510859,106475.781714691,106475.781714691,52580.779,68.6359230292,2220.6382066936,106734.347904385,1,2,1,2,43,28,41,22,3277,1066,2107,824,snapshot,,,,,,,/home/runner/work/Solana-Memecoin-Analysis/Solana-Memecoin-Analysis/data/cache/2026-09-27/072858785355_multi_pools_a5f8cde14137.json
2026-09-27T07:28:43.244167+00:00,6tuhHpYSinf41V39KW3JmpVUaxehcabCbHZqqFnwR6xf,solana,PumpSwap,GY9mZfyPpxXxBXBxS2hB2XjhP3kfUsywTvgveozxpump,ELON,So11111111111111111111111111111111111111112,SOL,2026-09-15T19:26:05Z,0.001758045720498356,1635949.57571797,1635949.57571982,199307.0735,1632.8525499226,90813.6800876103,3151447.77630431,2,8,2,8,198,171,131,137,10612,10204,3543,4210,snapshot,,,,,,,/home/runner/work/Solana-Memecoin-Analysis/Solana-Memecoin-Analysis/data/cache/2026-09-27/072858785355_multi_pools_a5f8cde14137.json
2026-09-27T07:28:43.244167+00:00,3QaH1ifhQgUXHQdX3DHi9oMrWzTQfKLcomoCyeRRLMh6,solana,PumpSwap,5wW9mhbwq1HTFh341iimpmrqBB4mfxdXiYhdYBL7hUnp,KARDASHEV,So11111111111111111111111111111111111111112,SOL,2026-09-26T07:26:05Z,0.00025451726249414643,258269.7646,,55614.347,2126.2145603724,63166.9304760703,10709210.5412863,20,21,19,18,445,368,248,231,52823,44916,12323,10980,snapshot,,,,,,,/home/runner/work/Solana-Memecoin-Analysis/Solana-Memecoin-Analysis/data/cache/2026-09-27/072858785355_multi_pools_a5f8cde14137.json
2026-09-27T07:28:43.244167+00:00,5FcxJGy2y12FkrRJ35RsoboiV7KUnmMddK5C4HMbWDbD,solana,Pump.fun,P7mcaNSNxvYQJWYXiq9uJnb5PqehDaR5UAjm1uEpump,BLAST,So11111111111111111111111111111111111111112,SOL,2026-09-26T11:47:19Z,3.3911489066643912e-06,3391.148907,,2687.9309,0.0,0.0,1619.9123359181,0,0,0,0,0,0,0,0,44,44,44,44,snapshot,,,,,,,/home/runner/work/Solana-Memecoin-Analysis/Solana-Memecoin-Analysis/data/cache/2026-09-27/072858785355_multi_pools_a5f8cde14137.json
2026-09-27T07:28:43.244167+00:00,ajdJFV2vE9K6QnC1oN3nxKgnYhcwkjtApLPpvVi7CMf,solana,Pump.fun,FfG5dsXnaqHzL2vdDmJ4pmpzBbzPpdM4c9aXxnP2Rxia,X,So11111111111111111111111111111111111111112,SOL,2026-09-26T11:47:10Z,3.4015701019225485e-06,3401.570102,,2696.184,0.0,0.0,1852.8045391812,0,0,0,0,0,0,0,0,6,7,6,6,snapshot,,,,,,,/home/runner/work/Solana-Memecoin-Analysis/Solana-Memecoin-Analysis/data/cache/2026-09-27/072858785355_multi_pools_a5f8cde14137.json
2026-09-27T07:28:43.244167+00:00,6deFvLfNPRxTJ6GPqTuXji3E8gD8H3t22ES5twcMEFtb,solana,Pump.fun,9bmBBkW4rKndeac6tEob45viGdsJc9yrZ3saBw1kpump,$GOAT,So11111111111111111111111111111111111111112,SOL,2026-09-26T11:46:58Z,1.0926664031247564e-06,2185.332806,,862.3504,0.0,0.0,226.279621107,0,0,0,0,0,0,0,0,30,32,3,3,snapshot,,,,,,,/home/runner/work/Solana-Memecoin-Analysis/Solana-Memecoin-Analysis/data/cache/2026-09-27/072858785355_multi_pools_a5f8cde14137.json
2026-09-27T07:28:43.244167+00:00,6hBBBSNYQ3QXD3C3pNQwpHhRhWtNMCYKd8uZXnmRu9sL,solana,Pump.fun,BGFCotxiujzZtZhdqowfkVtcFAehJ33buRbUoWWXTFDS,TTEST,So11111111111111111111111111111111111111112,SOL,2026-09-26T11:46:53Z,3.389495997277402e-06,3389.495997,,2687.4219,0.0,0.0,4.8744066927,0,0,0,0,0,0,0,0,29,28,29,28,snapshot,,,,,,,/home/runner/work/Solana-Memecoin-Analysis/Solana-Memecoin-Analysis/data/cache/2026-09-27/072858785355_multi_pools_a5f8cde14137.json
2026-09-27T07:28:43.244167+00:00,79b539gZHKGeg6szrmMU7kdS9VixSnuUsNpM8FocYfUQ,solana,Pump.fun,B25P28ydBNRyDpMnm9oSzdNjRPHaJ5ujrRMLq6FZpump,WORM,So11111111111111111111111111111111111111112,SOL,2026-09-26T11:46:45Z,3.406345983028803e-06,3406.345983,,2699.2017,0.0,0.0,910.4886485448,0,0,0,0,0,0,0,0,12,13,12,13,snapshot,,,,,,,/home/runner/work/Solana-Memecoin-Analysis/Solana-Memecoin-Analysis/data/cache/2026-09-27/072858785355_multi_pools_a5f8cde14137.json
2026-09-27T07:28:43.244167+00:00,FtDBJCmzGoJqyNoFHwwuMHxwCKWreGvxXdE5zwwhcTg6,solana,Pump.fun,4kpsLXBz1pkxNKZonv8WCigWNGKrhKLAbLN3qqMBpump,UNIFOMO,So11111111111111111111111111111111111111112,SOL,2026-09-26T15:07:26Z,3.4008871007311137e-06,3400.887101,,2694.6682,0.0,0.0,9597.9536853578,0,0,0,0,0,0,0,0,314,376,299,173,snapshot,,,,,,,/home/runner/work/Solana-Memecoin-Analysis/Solana-Memecoin-Analysis/data/cache/2026-09-27/072858785355_multi_pools_a5f8cde14137.json
2026-09-27T07:28:43.244167+00:00,EDRVX5LB6fRovfPC6NxW4Y4s1rtfKWmj6V5unbynx8p7,solana,Pump.fun,Bn2mZB2zprvmj7U3o1MknSoPf16SZDiD4PrRzXKGpump,After 1 m,So11111111111111111111111111111111111111112,SOL,2026-09-26T15:07:26Z,3.353693823768598e-07,670.7387648,,272.1903,0.0,0.0,178.597266442,0,0,0,0,0,0,0,0,19,22,5,4,snapshot,,,,,,,/home/runner/work/Solana-Memecoin-Analysis/Solana-Memecoin-Analysis/data/cache/2026-09-27/072858785355_multi_pools_a5f8cde14137.json
2026-09-27T07:28:43.244167+00:00,HjBhUN8jhLeqDxTyjGGBXwrr1KfmQ6wwY66k3SxDk4CC,solana,Pump.fun,7BwGAk8aE8gT9eqinkiT138q4HGZtoUy52vCY2d6pump,Pokerable,So11111111111111111111111111111111111111112,SOL,2026-09-26T15:06:54Z,3.3990250573750786e-06,3399.025057,,2688.6564,0.0,0.0,11038.5782562479,0,0,0,0,0,0,0,0,149,182,146,76,snapshot,,,,,,,/home/runner/work/Solana-Memecoin-Analysis/Solana-Memecoin-Analysis/data/cache/2026-09-27/072858785355_multi_pools_a5f8cde14137.json
2026-09-27T07:28:43.244167+00:00,EP88Ktqm6491WEm1ZJsEryXYYjuoLh5cEyz5exyxr1Cb,solana,PumpSwap,FYM6PhwAS3QwTBwvgLj8JYeMgpNfKsWtW3hGxPM9eFkt,DEBT,So11111111111111111111111111111111111111112,SOL,2026-09-26T12:02:36Z,2.93645311705398e-05,29067.8853449616,,17757.6451,145.9643672473,4813.1538174801,7448458.712355,4,1,4,1,48,52,44,46,52392,43999,12994,11579,snapshot,,,,,,,/home/runner/work/Solana-Memecoin-Analysis/Solana-Memecoin-Analysis/data/cache/2026-09-27/072858785355_multi_pools_a5f8cde14137.json
2026-09-27T07:28:43.244167+00:00,EpjEComYHRJuxVkZHKiDsbyJaUpBjZ9VZGr1WzbUpNb3,solana,Pump.fun,BAhBgdk27mCACnLpSMZCar5a434m9tv84pReXe5Upump,BREW,So11111111111111111111111111111111111111112,SOL,2026-09-26T18:33:30Z,3.3998714424479337e-06,3399.659600009,,2699.9808,0.0,0.0,30555.3390850167,0,0,0,0,0,0,0,0,218,238,172,173,snapshot,,,,,,,/home/runner/work/Solana-Memecoin-Analysis/Solana-Memecoin-Analysis/data/cache/2026-09-27/072858785355_multi_pools_a5f8cde14137.json
2026-09-27T07:28:43.244167+00:00,DCffxCe3R7cqdRCkiozwCXrmv8iTbuxZ3MZPJwuvXkVA,solana,Meteora DBC,7xQuGDUHXPaW5gmFqBtbUuKe1fM1d5bMVJAv96fuk4du,UPTOBER,So11111111111111111111111111111111111111112,SOL,2026-09-26T18:33:19Z,6.0363500251168395e-05,60363.50025,,0.0,0.0,0.0,9964.1988108384,0,0,0,0,0,0,0,0,392,373,177,162,snapshot,,,,,,,/home/runner/work/Solana-Memecoin-Analysis/Solana-Memecoin-Analysis/data/cache/2026-09-27/072858785355_multi_pools_a5f8cde14137.json
2026-09-27T07:28:43.244167+00:00,CTw76ybfSHK1wKRfGGK8o3eJTTefo94rXNaVgPs4XA8r,solana,Pump.fun,8dCNEr8yrnjH2oWrHeyhoAzqtSEbFtdi6nMWUJdRpump,LMAO,So11111111111111111111111111111111111111112,SOL,2026-09-26T18:33:08Z,1.0753456043987174e-06,2150.691208,,853.126,0.0,0.0,84.6963075013,0,0,0,0,0,0,0,0,15,15,2,2,snapshot,,,,,,,/home/runner/work/Solana-Memecoin-Analysis/Solana-Memecoin-Analysis/data/cache/2026-09-27/072858785355_multi_pools_a5f8cde14137.json
2026-09-27T07:28:43.244167+00:00,HeZQbDWxCUmcevw9jtA5XnGhP3VkUBVFPjEMXnbMBrxF,solana,StonkFun,EndWvwB12MoDetHno7DS7RBUeShZkaYba85qexzMHNtk,Wobrin,So11111111111111111111111111111111111111112,SOL,2026-09-26T18:33:08Z,3.6962033254842567e-06,3696.203325,,3467.7643,0.0,0.0,982.7920250006,0,0,0,0,0,0,0,0,3,3,3,3,snapshot,,,,,,,/home/runner/work/Solana-Memecoin-Analysis/Solana-Memecoin-Analysis/data/cache/2026-09-27/072858785355_multi_pools_a5f8cde14137.json
2026-09-27T07:28:43.244167+00:00,HkdJvWcCWcNnzgsMYuGhRLZxjv5FriC78cEaPTvoSUfG,solana,Pump.fun,B7uFSEUs84cyyMF3ek5Gxr4rN5amu7P7XYSKzmkvDC91,MUSK,So11111111111111111111111111111111111111112,SOL,2026-09-26T18:33:07Z,3.5387975569180837e-06,3538.797557,,2803.1457,0.0,0.0,4017.3211640043,0,0,0,0,0,0,0,0,18,24,16,16,snapshot,,,,,,,/home/runner/work/Solana-Memecoin-Analysis/Solana-Memecoin-Analysis/data/cache/2026-09-27/072858785355_multi_pools_a5f8cde14137.json
2026-09-27T07:28:43.244167+00:00,9Hr6NXw5WSffxNQnqxwZyhRw81uz3PpB7RF9J3i9nMt1,solana,PumpSwap,9U1f18idDeySFnYrurxqT1f5n5nE4g4Uk5LLzP69bh1,SOLCAT,So11111111111111111111111111111111111111112,SOL,2026-09-17T19:15:42Z,0.0003525203797055113,349587.803121056,,75910.5783,46.5071855459,12415.3970819663,851271.689015023,0,1,0,1,76,105,56,71,5701,5906,1925,2072,snapshot,,,,,,,/home/runner/work/Solana-Memecoin-Analysis/Solana-Memecoin-Analysis/data/cache/2026-09-27/072858785355_multi_pools_a5f8cde14137.json
2026-09-27T07:28:43.244167+00:00,8kfP3e6NzfBZ3UkMJH8T5ZivtPjFs4fVpVVMswVV1b7c,solana,Pump.fun,6nRP49zu6bYwRQe1VRXVrsGwJsXePiqECK1RKoS4pump,MONKEY,So11111111111111111111111111111111111111112,SOL,2026-09-26T21:30:09Z,3.3953456555077412e-06,3395.345656,,2691.5091,0.0,0.0,0.01199375862,0,0,0,0,0,0,0,0,1,0,1,0,snapshot,,,,,,,/home/runner/work/Solana-Memecoin-Analysis/Solana-Memecoin-Analysis/data/cache/2026-09-27/072858785355_multi_pools_a5f8cde14137.json
2026-09-27T07:28:43.244167+00:00,34V5C6HgJt42Vum7gMao6XwbtL2sjCjNypAQPePQV1SS,solana,Pump.fun,EiLRJvbMHnVKa4xZYCM5VrMn55HtxCLFwpuJ5ZWFpump,brump,So11111111111111111111111111111111111111112,SOL,2026-09-26T21:29:54Z,4.81655534233984e-06,9633.110684,,3813.4062,0.0,0.0,30.4591613907,0,0,0,0,0,0,0,0,9,6,3,2,snapshot,,,,,,,/home/runner/work/Solana-Memecoin-Analysis/Solana-Memecoin-Analysis/data/cache/2026-09-27/072858785355_multi_pools_a5f8cde14137.json
2026-09-27T07:28:43.244167+00:00,6BZF1A29Pkke5bjkW2SM64HnaYYRWVFAHKNRK3emoCwe,solana,PumpSwap,DRKGYsGALqr5p2aTcGLK9zqiPB5wk7JV78bJv4mPpump,SPLIT,So11111111111111111111111111111111111111112,SOL,2026-09-26T19:31:01Z,0.00010909679740477605,108534.005587,,34544.1652,511.8822105478,20492.424403908,5480039.57161229,5,9,5,9,216,235,135,182,44079,34436,11620,10114,snapshot,,,,,,,/home/runner/work/Solana-Memecoin-Analysis/Solana-Memecoin-Analysis/data/cache/2026-09-27/072858785355_multi_pools_a5f8cde14137.json
2026-09-27T07:28:43.244167+00:00,XWyU8ejbqtiLW2gU88AdseJcGvEkETuvC5U2DUXS9qe,solana,Meteora DBC,45jZ61XkJo42zatnbemH3AmB7a8hh8KgQF3y71hxVHDg,poop/acc,So11111111111111111111111111111111111111112,SOL,2026-09-26T23:47:38Z,4.727917041271841e-05,47278.1921830049,,0.0,0.0,0.0,9253.3987265331,0,0,0,0,0,0,0,0,258,297,163,178,snapshot,,,,,,,/home/runner/work/Solana-Memecoin-Analysis/Solana-Memecoin-Analysis/data/cache/2026-09-27/072906073547_multi_pools_1746bee27769.json
2026-09-27T07:28:43.244167+00:00,6z97EVK4VuAQue6raNRowNYjMnPoza98Uh2Y3dSHbmEW,solana,Pump.fun,2poUtsnTahLXB9Fm7nGLPjRVr5UDjcwn1QZyWWnPpump,jonesy,So11111111111111111111111111111111111111112,SOL,2026-09-26T23:47:24Z,3.445913924723263e-06,3445.913925,,2734.7404,0.0,0.0,117.0339533536,0,0,0,0,0,0,0,0,3,1,1,1,snapshot,,,,,,,/home/runner/work/Solana-Memecoin-Analysis/Solana-Memecoin-Analysis/data/cache/2026-09-27/072906073547_multi_pools_1746bee27769.json
2026-09-27T07:28:43.244167+00:00,DJiueR96EmzBUm6e8corMDdckwqwLefEgdYJpJXtHs71,solana,Pump.fun,EfYWVrMsX8n6pYNcpFrFQueTQ8x2CrmVoC3PoSTzpump,SLOP,So11111111111111111111111111111111111111112,SOL,2026-09-26T23:47:23Z,1.1016979814686559e-05,22033.95962,,8007.5051,0.0,0.0,1257.8113056159,0,0,0,0,0,0,0,0,75,55,6,6,snapshot,,,,,,,/home/runner/work/Solana-Memecoin-Analysis/Solana-Memecoin-Analysis/data/cache/2026-09-27/072906073547_multi_pools_1746bee27769.json
2026-09-27T07:28:43.244167+00:00,GkkRUcvuqwPrkG5kXUU1coEJSrhJAMyEEhQ63pJLEC3t,solana,Meteora DBC,6Q7JkUuTvsN6AunjJaSHhcvCaiBUCXk4KqkpWkejkSV7,PAID,So11111111111111111111111111111111111111112,SOL,2026-09-27T01:54:01Z,3.3631748153080365e-05,33631.7460133105,,0.0,0.0,0.0,17774.676240135,0,0,0,0,0,0,0,0,447,587,190,205,snapshot,,,,,,,/home/runner/work/Solana-Memecoin-Analysis/Solana-Memecoin-Analysis/data/cache/2026-09-27/072906073547_multi_pools_1746bee27769.json
2026-09-27T07:28:43.244167+00:00,Cb1MeGdbSjoELTmK9LAArvy6W5QJW1C5MuHsu581Nb44,solana,Pump.fun,E2RCys9nDguBGLJoQZYnr9CSDTFsyP7JLuY7oWMQpump,$broke,So11111111111111111111111111111111111111112,SOL,2026-09-27T01:54:00Z,3.39430585509129e-06,3394.234744,,2691.5058,0.0,0.0,9.3757011081,0,0,0,0,0,0,0,0,13,12,12,12,snapshot,,,,,,,/home/runner/work/Solana-Memecoin-Analysis/Solana-Memecoin-Analysis/data/cache/2026-09-27/072906073547_multi_pools_1746bee27769.json
2026-09-27T07:28:43.244167+00:00,9bG8pWDsnsdZWoFWi6umqxGBtmhJurLeF9EQybnvYVQ6,solana,Meteora DBC,945tMXftfUEfhSzdPTTucjNAP6ACqiNCXp8aHTfiupY,pls,So11111111111111111111111111111111111111112,SOL,2026-09-27T01:53:37Z,4.568008884028584e-05,45678.4007121432,,0.0,0.0,0.0,1732.5158286673,0,0,0,0,0,0,0,0,63,54,60,31,snapshot,,,,,,,/home/runner/work/Solana-Memecoin-Analysis/Solana-Memecoin-Analysis/data/cache/2026-09-27/072906073547_multi_pools_1746bee27769.json
2026-09-27T07:28:43.244167+00:00,7KztkRMktp7jLozYJ82JFhK6npE9VbJxnLgQawX7Es3z,solana,Pump.fun,BYwWdp6jujVzAZSWkiewN17ib7eMyCKSnAabfBUYpump,Niggapad,So11111111111111111111111111111111111111112,SOL,2026-09-27T01:53:35Z,3.4411425209616946e-06,3441.142521,,2726.8995,0.0,0.0,153.4875466193,0,0,0,0,0,0,0,0,2,2,2,2,snapshot,,,,,,,/home/runner/work/Solana-Memecoin-Analysis/Solana-Memecoin-Analysis/data/cache/2026-09-27/072906073547_multi_pools_1746bee27769.json
2026-09-27T07:28:43.244167+00:00,DC5JB9jeyEPegne1iem1Z6xdDYJnDvcgkbCu5ZiGHRom,solana,Pump.fun,AeLsbx98SaBsnUAZSVkBV8qsq4yi2HrwGwckq93WFsvN,ALIVE,So11111111111111111111111111111111111111112,SOL,2026-09-27T01:53:34Z,3.4000180579595674e-06,3400.018058,,2702.4298,0.0,0.0,2695.5305758865,0,0,0,0,0,0,0,0,5,8,5,5,snapshot,,,,,,,/home/runner/work/Solana-Memecoin-Analysis/Solana-Memecoin-Analysis/data/cache/2026-09-27/072906073547_multi_pools_1746bee27769.json
2026-09-27T07:28:43.244167+00:00,7rZ5eyRfGRavGTFG9jSoG77MNnVkQRr6DNeGpxiFk2ca,solana,PumpSwap,DAemPFNc3RtibBDKkUA4eL2Ns11q9VRdbpptmqm8DGqN,CAKE,So11111111111111111111111111111111111111112,SOL,2026-09-27T00:25:27Z,0.000645496301734066,632335.7846,,88847.1137,3543.0033369615,203308.562012437,10375096.1256139,41,24,37,17,1186,985,515,473,51460,41690,11068,9519,snapshot,,,,,,,/home/runner/work/Solana-Memecoin-Analysis/Solana-Memecoin-Analysis/data/cache/2026-09-27/072906073547_multi_pools_1746bee27769.json
2026-09-27T07:28:43.244167+00:00,4aE7RyYHugztSy3rdKq51bvNkaRj2E7NJU7jPWxzhC3Q,solana,PumpSwap,7cXWSNTq71PZREBmGCBvZirkNwoGokWBQz9fWferViiV,ASTEROID,So11111111111111111111111111111111111111112,SOL,2026-09-15T21:57:08Z,0.000605823294306279,605823.2943,,80568.3816,3898.646611965,41112.0256765675,6001358.68202353,6,19,2,17,190,138,123,114,24254,20655,7788,6585,snapshot,,,,,,,/home/runner/work/Solana-Memecoin-Analysis/Solana-Memecoin-Analysis/data/cache/2026-09-27/072906073547_multi_pools_1746bee27769.json
2026-09-27T07:28:43.244167+00:00,B3JUKme6NLvUDWxoMzwCbpS3H76qdnAPqVvdz8M1a4mf,solana,PumpSwap,FLSgmF6hRJ5wakj91c1dXR2brS76qVsdqQmunLmZnsfc,MITSUNAKA,So11111111111111111111111111111111111111112,SOL,2026-09-27T07:27:33Z,1.137953395838627e-05,11102.71997,,21415.8622,2361.484832103,2361.484832103,2361.484832103,32,45,27,20,32,45,27,20,32,45,27,20,snapshot,,,,,,,/home/runner/work/Solana-Memecoin-Analysis/Solana-Memecoin-Analysis/data/cache/2026-09-27/072906073547_multi_pools_1746bee27769.json
2026-09-27T07:28:43.244167+00:00,Btw6GWj8mhJpBxRg2RWRehvu6JekfNAYVN3jfkLVk5y7,solana,Pump.fun,GvV4ypbFWjVDYm8rt2j8WGmbxhuQ3sU4sxeNkF5vpump,Pikachu,So11111111111111111111111111111111111111112,SOL,2026-09-27T07:27:13Z,2.7906161858882173e-07,1148.860191,,255.1659,187.8929094954,187.8929094954,187.8929094954,44,42,3,3,44,42,3,3,44,42,3,3,snapshot,,,,,,,/home/runner/work/Solana-Memecoin-Analysis/Solana-Memecoin-Analysis/data/cache/2026-09-27/072906073547_multi_pools_1746bee27769.json
2026-09-27T07:28:43.244167+00:00,7zregNEH8qkz3bkQzCzvQ3FnJaTkJvNGhjmundynFqKe,solana,Pump.fun,5EVmTokcvP7ZDUv4TzPDEvge1HYAPJavFH5CKVRZpump,RIP JACK,So11111111111111111111111111111111111111112,SOL,2026-09-27T07:27:08Z,3.3973745706224427e-06,3397.374571,,2787.4766,135.3549651378,135.3549651378,135.3549651378,2,4,2,2,2,4,2,2,2,4,2,2,snapshot,,,,,,,/home/runner/work/Solana-Memecoin-Analysis/Solana-Memecoin-Analysis/data/cache/2026-09-27/072906073547_multi_pools_1746bee27769.json
2026-09-27T07:25:00+00:00,7rZ5eyRfGRavGTFG9jSoG77MNnVkQRr6DNeGpxiFk2ca,solana,PumpSwap,,,,,2026-09-27T00:25:27Z,0.000645496301734066,,,,,,,,,,,,,,,,,,,ohlcv_backfill,minute,0.0006192655535138696,0.0006523533849613509,0.0006178358393453404,0.000645496301734066,4051.515308573381,/home/runner/work/Solana-Memecoin-Analysis/Solana-Memecoin-Analysis/data/cache/2026-09-27/072913435048_ohlcv_fe9ddf0ed815.json
2026-09-27T07:20:00+00:00,7rZ5eyRfGRavGTFG9jSoG77MNnVkQRr6DNeGpxiFk2ca,solana,PumpSwap,,,,,2026-09-27T00:25:27Z,0.0006192655535138696,,,,,,,,,,,,,,,,,,,ohlcv_backfill,minute,0.0006151266138853647,0.0006352499555130356,0.0006136592790197408,0.0006192655535138696,3895.4290171425455,/home/runner/work/Solana-Memecoin-Analysis/Solana-Memecoin-Analysis/data/cache/2026-09-27/072913435048_ohlcv_fe9ddf0ed815.json
2026-09-27T07:15:00+00:00,7rZ5eyRfGRavGTFG9jSoG77MNnVkQRr6DNeGpxiFk2ca,solana,PumpSwap,,,,,2026-09-27T00:25:27Z,0.0006151266138853647,,,,,,,,,,,,,,,,,,,ohlcv_backfill,minute,0.0005483474334676626,0.0006209969721548883,0.0005481869984553564,0.0006151266138853647,6269.59512236956,/home/runner/work/Solana-Memecoin-Analysis/Solana-Memecoin-Analysis/data/cache/2026-09-27/072913435048_ohlcv_fe9ddf0ed815.json
2026-09-27T07:10:00+00:00,7rZ5eyRfGRavGTFG9jSoG77MNnVkQRr6DNeGpxiFk2ca,solana,PumpSwap,,,,,2026-09-27T00:25:27Z,0.0005483474334676626,,,,,,,,,,,,,,,,,,,ohlcv_backfill,minute,0.0006343592631182962,0.0006471434708172001,0.0005483474334676626,0.0005483474334676626,10658.53460785424,/home/runner/work/Solana-Memecoin-Analysis/Solana-Memecoin-Analysis/data/cache/2026-09-27/072913435048_ohlcv_fe9ddf0ed815.json
2026-09-27T07:05:00+00:00,7rZ5eyRfGRavGTFG9jSoG77MNnVkQRr6DNeGpxiFk2ca,solana,PumpSwap,,,,,2026-09-27T00:25:27Z,0.0006343592631182962,,,,,,,,,,,,,,,,,,,ohlcv_backfill,minute,0.000546471238482524,0.0006343592631182962,0.0005406935542370313,0.0006343592631182962,12035.68464345795,/home/runner/work/Solana-Memecoin-Analysis/Solana-Memecoin-Analysis/data/cache/2026-09-27/072913435048_ohlcv_fe9ddf0ed815.json
2026-09-27T07:00:00+00:00,7rZ5eyRfGRavGTFG9jSoG77MNnVkQRr6DNeGpxiFk2ca,solana,PumpSwap,,,,,2026-09-27T00:25:27Z,0.000546471238482524,,,,,,,,,,,,,,,,,,,ohlcv_backfill,minute,0.0007067110888092223,0.0007073164892134435,0.0005304152431448688,0.000546471238482524,30877.21021040432,/home/runner/work/Solana-Memecoin-Analysis/Solana-Memecoin-Analysis/data/cache/2026-09-27/072913435048_ohlcv_fe9ddf0ed815.json
2026-09-27T06:55:00+00:00,7rZ5eyRfGRavGTFG9jSoG77MNnVkQRr6DNeGpxiFk2ca,solana,PumpSwap,,,,,2026-09-27T00:25:27Z,0.0007067110888092223,,,,,,,,,,,,,,,,,,,ohlcv_backfill,minute,0.0007649986853438439,0.0008344586331059141,0.0006558152127088599,0.0007067110888092223,22160.60371822358,/home/runner/work/Solana-Memecoin-Analysis/Solana-Memecoin-Analysis/data/cache/2026-09-27/072913435048_ohlcv_fe9ddf0ed815.json
2026-09-27T06:50:00+00:00,7rZ5eyRfGRavGTFG9jSoG77MNnVkQRr6DNeGpxiFk2ca,solana,PumpSwap,,,,,2026-09-27T00:25:27Z,0.0007649986853438439,,,,,,,,,,,,,,,,,,,ohlcv_backfill,minute,0.0006860830892092447,0.0007649986853438439,0.0006251236514804318,0.0007649986853438439,25002.514977047093,/home/runner/work/Solana-Memecoin-Analysis/Solana-Memecoin-Analysis/data/cache/2026-09-27/072913435048_ohlcv_fe9ddf0ed815.json
2026-09-27T06:45:00+00:00,7rZ5eyRfGRavGTFG9jSoG77MNnVkQRr6DNeGpxiFk2ca,solana,PumpSwap,,,,,2026-09-27T00:25:27Z,0.0006860830892092447,,,,,,,,,,,,,,,,,,,ohlcv_backfill,minute,0.0007860236363012017,0.0007868570910134453,0.0005877657053199514,0.0006860830892092447,47914.879865097224,/home/runner/work/Solana-Memecoin-Analysis/Solana-Memecoin-Analysis/data/cache/2026-09-27/072913435048_ohlcv_fe9ddf0ed815.json
2026-09-27T06:40:00+00:00,7rZ5eyRfGRavGTFG9jSoG77MNnVkQRr6DNeGpxiFk2ca,solana,PumpSwap,,,,,2026-09-27T00:25:27Z,0.0007860236363012017,,,,,,,,,,,,,,,,,,,ohlcv_backfill,minute,0.0009507810403576693,0.0009511904913890657,0.000742229580675566,0.0007860236363012017,16198.198005689574,/home/runner/work/Solana-Memecoin-Analysis/Solana-Memecoin-Analysis/data/cache/2026-09-27/072913435048_ohlcv_fe9ddf0ed815.json
2026-09-27T06:35:00+00:00,7rZ5eyRfGRavGTFG9jSoG77MNnVkQRr6DNeGpxiFk2ca,solana,PumpSwap,,,,,2026-09-27T00:25:27Z,0.0009507810403576693,,,,,,,,,,,,,,,,,,,ohlcv_backfill,minute,0.0009396771226892631,0.001017872331962092,0.0009273418067031346,0.0009507810403576693,9952.125445623993,/home/runner/work/Solana-Memecoin-Analysis/Solana-Memecoin-Analysis/data/cache/2026-09-27/072913435048_ohlcv_fe9ddf0ed815.json
2026-09-27T06:30:00+00:00,7rZ5eyRfGRavGTFG9jSoG77MNnVkQRr6DNeGpxiFk2ca,solana,PumpSwap,,,,,2026-09-27T00:25:27Z,0.0009396771226892631,,,,,,,,,,,,,,,,,,,ohlcv_backfill,minute,0.0008079267639860655,0.0009879303538458699,0.0007925526107759715,0.0009396771226892631,14800.783062565339,/home/runner/work/Solana-Memecoin-Analysis/Solana-Memecoin-Analysis/data/cache/2026-09-27/072913435048_ohlcv_fe9ddf0ed815.json
2026-09-27T06:25:00+00:00,7rZ5eyRfGRavGTFG9jSoG77MNnVkQRr6DNeGpxiFk2ca,solana,PumpSwap,,,,,2026-09-27T00:25:27Z,0.0008079267639860655,,,,,,,,,,,,,,,,,,,ohlcv_backfill,minute,0.000819179095685216,0.0008296777799942093,0.0007090399951100645,0.0008079267639860655,18478.829609396023,/home/runner/work/Solana-Memecoin-Analysis/Solana-Memecoin-Analysis/data/cache/2026-09-27/072913435048_ohlcv_fe9ddf0ed815.json
2026-09-27T06:20:00+00:00,7rZ5eyRfGRavGTFG9jSoG77MNnVkQRr6DNeGpxiFk2ca,solana,PumpSwap,,,,,2026-09-27T00:25:27Z,0.000819179095685216,,,,,,,,,,,,,,,,,,,ohlcv_backfill,minute,0.0008231316642158265,0.0008652547307436603,0.0008074520303306833,0.000819179095685216,5294.029618392654,/home/runner/work/Solana-Memecoin-Analysis/Solana-Memecoin-Analysis/data/cache/2026-09-27/072913435048_ohlcv_fe9ddf0ed815.json
2026-09-27T06:15:00+00:00,7rZ5eyRfGRavGTFG9jSoG77MNnVkQRr6DNeGpxiFk2ca,solana,PumpSwap,,,,,2026-09-27T00:25:27Z,0.0008231316642158265,,,,,,,,,,,,,,,,,,,ohlcv_backfill,minute,0.0009133279245009225,0.0009133279245009225,0.0007919060882690351,0.0008231316642158265,12596.232255923136,/home/runner/work/Solana-Memecoin-Analysis/Solana-Memecoin-Analysis/data/cache/2026-09-27/072913435048_ohlcv_fe9ddf0ed815.json
2026-09-27T06:10:00+00:00,7rZ5eyRfGRavGTFG9jSoG77MNnVkQRr6DNeGpxiFk2ca,solana,PumpSwap,,,,,2026-09-27T00:25:27Z,0.0009133279245009225,,,,,,,,,,,,,,,,,,,ohlcv_backfill,minute,0.0008165421530519123,0.0009650928287441246,0.000815849264453519,0.0009133279245009225,20354.117372552235,/home/runner/work/Solana-Memecoin-Analysis/Solana-Memecoin-Analysis/data/cache/2026-09-27/072913435048_ohlcv_fe9ddf0ed815.json
2026-09-27T06:05:00+00:00,7rZ5eyRfGRavGTFG9jSoG77MNnVkQRr6DNeGpxiFk2ca,solana,PumpSwap,,,,,2026-09-27T00:25:27Z,0.0008165421530519123,,,,,,,,,,,,,,,,,,,ohlcv_backfill,minute,0.0009706471260122627,0.000985230373815784,0.000759927664869077,0.0008165421530519123,25174.477718117134,/home/runner/work/Solana-Memecoin-Analysis/Solana-Memecoin-Analysis/data/cache/2026-09-27/072913435048_ohlcv_fe9ddf0ed815.json
2026-09-27T06:00:00+00:00,7rZ5eyRfGRavGTFG9jSoG77MNnVkQRr6DNeGpxiFk2ca,solana,PumpSwap,,,,,2026-09-27T00:25:27Z,0.0009706471260122627,,,,,,,,,,,,,,,,,,,ohlcv_backfill,minute,0.0010202935298396225,0.0010202935298396225,0.0009263036108651619,0.0009706471260122627,8998.841537007014,/home/runner/work/Solana-Memecoin-Analysis/Solana-Memecoin-Analysis/data/cache/2026-09-27/072913435048_ohlcv_fe9ddf0ed815.json
2026-09-27T05:55:00+00:00,7rZ5eyRfGRavGTFG9jSoG77MNnVkQRr6DNeGpxiFk2ca,solana,PumpSwap,,,,,2026-09-27T00:25:27Z,0.0010202935298396225,,,,,,,,,,,,,,,,,,,ohlcv_backfill,minute,0.001034416526373974,0.0011254931215194776,0.0009935540337851537,0.0010202935298396225,18957.48597683656,/home/runner/work/Solana-Memecoin-Analysis/Solana-Memecoin-Analysis/data/cache/2026-09-27/072913435048_ohlcv_fe9ddf0ed815.json
2026-09-27T05:50:00+00:00,7rZ5eyRfGRavGTFG9jSoG77MNnVkQRr6DNeGpxiFk2ca,solana,PumpSwap,,,,,2026-09-27T00:25:27Z,0.001034416526373974,,,,,,,,,,,,,,,,,,,ohlcv_backfill,minute,0.0010831223280950908,0.0010860596909786958,0.000983965409589272,0.001034416526373974,11876.744828127925,/home/runner/work/Solana-Memecoin-Analysis/Solana-Memecoin-Analysis/data/cache/2026-09-27/072913435048_ohlcv_fe9ddf0ed815.json
2026-09-27T05:45:00+00:00,7rZ5eyRfGRavGTFG9jSoG77MNnVkQRr6DNeGpxiFk2ca,solana,PumpSwap,,,,,2026-09-27T00:25:27Z,0.0010831223280950908,,,,,,,,,,,,,,,,,,,ohlcv_backfill,minute,0.0009129148606470538,0.0010964859495767025,0.0009027669701215948,0.0010831223280950908,12073.39791626482,/home/runner/work/Solana-Memecoin-Analysis/Solana-Memecoin-Analysis/data/cache/2026-09-27/072913435048_ohlcv_fe9ddf0ed815.json
2026-09-27T05:40:00+00:00,7rZ5eyRfGRavGTFG9jSoG77MNnVkQRr6DNeGpxiFk2ca,solana,PumpSwap,,,,,2026-09-27T00:25:27Z,0.0009129148606470538,,,,,,,,,,,,,,,,,,,ohlcv_backfill,minute,0.0010859181598656955,0.0011010286210501802,0.0008350989608255912,0.0009129148606470538,32495.37668449257,/home/runner/work/Solana-Memecoin-Analysis/Solana-Memecoin-Analysis/data/cache/2026-09-27/072913435048_ohlcv_fe9ddf0ed815.json
2026-09-27T05:35:00+00:00,7rZ5eyRfGRavGTFG9jSoG77MNnVkQRr6DNeGpxiFk2ca,solana,PumpSwap,,,,,2026-09-27T00:25:27Z,0.0010859181598656955,,,,,,,,,,,,,,,,,,,ohlcv_backfill,minute,0.0008586543287588271,0.0011390743074557942,0.0008041977555562655,0.0010859181598656955,42946.48363043597,/home/runner/work/Solana-Memecoin-Analysis/Solana-Memecoin-Analysis/data/cache/2026-09-27/072913435048_ohlcv_fe9ddf0ed815.json
2026-09-27T05:30:00+00:00,7rZ5eyRfGRavGTFG9jSoG77MNnVkQRr6DNeGpxiFk2ca,solana,PumpSwap,,,,,2026-09-27T00:25:27Z,0.0008586543287588271,,,,,,,,,,,,,,,,,,,ohlcv_backfill,minute,0.000994126610511939,0.0010273490894842064,0.0007263670967248692,0.0008586543287588271,78373.54543169857,/home/runner/work/Solana-Memecoin-Analysis/Solana-Memecoin-Analysis/data/cache/2026-09-27/072913435048_ohlcv_fe9ddf0ed815.json
2026-09-27T05:25:00+00:00,7rZ5eyRfGRavGTFG9jSoG77MNnVkQRr6DNeGpxiFk2ca,solana,PumpSwap,,,,,2026-09-27T00:25:27Z,0.000994126610511939,,,,,,,,,,,,,,,,,,,ohlcv_backfill,minute,0.0011947028935159146,0.001256534134848904,0.000939196971418274,0.000994126610511939,39312.8341113982,/home/runner/work/Solana-Memecoin-Analysis/Solana-Memecoin-Analysis/data/cache/2026-09-27/072913435048_ohlcv_fe9ddf0ed815.json
2026-09-27T05:20:00+00:00,7rZ5eyRfGRavGTFG9jSoG77MNnVkQRr6DNeGpxiFk2ca,solana,PumpSwap,,,,,2026-09-27T00:25:27Z,0.0011947028935159146,,,,,,,,,,,,,,,,,,,ohlcv_backfill,minute,0.0011915005326229569,0.0012019190192037238,0.0010543040923591076,0.0011947028935159146,23462.458351422123,/home/runner/work/Solana-Memecoin-Analysis/Solana-Memecoin-Analysis/data/cache/2026-09-27/072913435048_ohlcv_fe9ddf0ed815.json
2026-09-27T05:15:00+00:00,7rZ5eyRfGRavGTFG9jSoG77MNnVkQRr6DNeGpxiFk2ca,solana,PumpSwap,,,,,2026-09-27T00:25:27Z,0.0011915005326229569,,,,,,,,,,,,,,,,,,,ohlcv_backfill,minute,0.001072899356994002,0.0012168943002167929,0.0010121304586456978,0.0011915005326229569,36833.276911994515,/home/runner/work/Solana-Memecoin-Analysis/Solana-Memecoin-Analysis/data/cache/2026-09-27/072913435048_ohlcv_fe9ddf0ed815.json
2026-09-27T05:10:00+00:00,7rZ5eyRfGRavGTFG9jSoG77MNnVkQRr6DNeGpxiFk2ca,solana,PumpSwap,,,,,2026-09-27T00:25:27Z,0.001072899356994002,,,,,,,,,,,,,,,,,,,ohlcv_backfill,minute,0.0009741376938434658,0.0012461921488027055,0.0009126356392518229,0.001072899356994002,66564.42088156709,/home/runner/work/Solana-Memecoin-Analysis/Solana-Memecoin-Analysis/data/cache/2026-09-27/072913435048_ohlcv_fe9ddf0ed815.json
2026-09-27T05:05:00+00:00,7rZ5eyRfGRavGTFG9jSoG77MNnVkQRr6DNeGpxiFk2ca,solana,PumpSwap,,,,,2026-09-27T00:25:27Z,0.0009741376938434658,,,,,,,,,,,,,,,,,,,ohlcv_backfill,minute,0.0010717250439252035,0.0010836370472369554,0.0008193089892886997,0.0009741376938434658,42238.57840172856,/home/runner/work/Solana-Memecoin-Analysis/Solana-Memecoin-Analysis/data/cache/2026-09-27/072913435048_ohlcv_fe9ddf0ed815.json
2026-09-27T05:00:00+00:00,7rZ5eyRfGRavGTFG9jSoG77MNnVkQRr6DNeGpxiFk2ca,solana,PumpSwap,,,,,2026-09-27T00:25:27Z,0.0010717250439252035,,,,,,,,,,,,,,,,,,,ohlcv_backfill,minute,0.0008328147750609536,0.0011404024715268356,0.0007872625738990962,0.0010717250439252035,77132.80124805457,/home/runner/work/Solana-Memecoin-Analysis/Solana-Memecoin-Analysis/data/cache/2026-09-27/072913435048_ohlcv_fe9ddf0ed815.json
2026-09-27T04:55:00+00:00,7rZ5eyRfGRavGTFG9jSoG77MNnVkQRr6DNeGpxiFk2ca,solana,PumpSwap,,,,,2026-09-27T00:25:27Z,0.0008328147750609536,,,,,,,,,,,,,,,,,,,ohlcv_backfill,minute,0.000752182126516577,0.000858037459492846,0.0006748915900723917,0.0008328147750609536,31793.694151159838,/home/runner/work/Solana-Memecoin-Analysis/Solana-Memecoin-Analysis/data/cache/2026-09-27/072913435048_ohlcv_fe9ddf0ed815.json
2026-09-27T04:50:00+00:00,7rZ5eyRfGRavGTFG9jSoG77MNnVkQRr6DNeGpxiFk2ca,solana,PumpSwap,,,,,2026-09-27T00:25:27Z,0.000752182126516577,,,,,,,,,,,,,,,,,,,ohlcv_backfill,minute,0.0005700993047998304,0.0007707950912809298,0.0005681251424757775,0.000752182126516577,40811.63255001932,/home/runner/work/Solana-Memecoin-Analysis/Solana-Memecoin-Analysis/data/cache/2026-09-27/072913435048_ohlcv_fe9ddf0ed815.json
2026-09-27T04:45:00+00:00,7rZ5eyRfGRavGTFG9jSoG77MNnVkQRr6DNeGpxiFk2ca,solana,PumpSwap,,,,,2026-09-27T00:25:27Z,0.0005700993047998304,,,,,,,,,,,,,,,,,,,ohlcv_backfill,minute,0.000625844030638207,0.0006301214867651505,0.0005158151393699661,0.0005700993047998304,19004.35589897427,/home/runner/work/Solana-Memecoin-Analysis/Solana-Memecoin-Analysis/data/cache/2026-09-27/072913435048_ohlcv_fe9ddf0ed815.json
2026-09-27T04:40:00+00:00,7rZ5eyRfGRavGTFG9jSoG77MNnVkQRr6DNeGpxiFk2ca,solana,PumpSwap,,,,,2026-09-27T00:25:27Z,0.000625844030638207,,,,,,,,,,,,,,,,,,,ohlcv_backfill,minute,0.0006234626245161853,0.0006830315802622896,0.0005803227605958583,0.000625844030638207,24445.044000232516,/home/runner/work/Solana-Memecoin-Analysis/Solana-Memecoin-Analysis/data/cache/2026-09-27/072913435048_ohlcv_fe9ddf0ed815.json
2026-09-27T04:35:00+00:00,7rZ5eyRfGRavGTFG9jSoG77MNnVkQRr6DNeGpxiFk2ca,solana,PumpSwap,,,,,2026-09-27T00:25:27Z,0.0006234626245161853,,,,,,,,,,,,,,,,,,,ohlcv_backfill,minute,0.0006577002812317921,0.000692844366582417,0.0005654454962356379,0.0006234626245161853,44208.63058886505,/home/runner/work/Solana-Memecoin-Analysis/Solana-Memecoin-Analysis/data/cache/2026-09-27/072913435048_ohlcv_fe9ddf0ed815.json
2026-09-27T04:30:00+00:00,7rZ5eyRfGRavGTFG9jSoG77MNnVkQRr6DNeGpxiFk2ca,solana,PumpSwap,,,,,2026-09-27T00:25:27Z,0.0006577002812317921,,,,,,,,,,,,,,,,,,,ohlcv_backfill,minute,0.0005137478856204403,0.0006622309041510935,0.000507033194970788,0.0006577002812317921,34992.31852477795,/home/runner/work/Solana-Memecoin-Analysis/Solana-Memecoin-Analysis/data/cache/2026-09-27/072913435048_ohlcv_fe9ddf0ed815.json
2026-09-27T04:25:00+00:00,7rZ5eyRfGRavGTFG9jSoG77MNnVkQRr6DNeGpxiFk2ca,solana,PumpSwap,,,,,2026-09-27T00:25:27Z,0.0005137478856204403,,,,,,,,,,,,,,,,,,,ohlcv_backfill,minute,0.0004701584397185861,0.000519125449040521,0.0004667534515441056,0.0005137478856204403,10281.19597235841,/home/runner/work/Solana-Memecoin-Analysis/Solana-Memecoin-Analysis/data/cache/2026-09-27/072913435048_ohlcv_fe9ddf0ed815.json
2026-09-27T04:20:00+00:00,7rZ5eyRfGRavGTFG9jSoG77MNnVkQRr6DNeGpxiFk2ca,solana,PumpSwap,,,,,2026-09-27T00:25:27Z,0.0004701584397185861,,,,,,,,,,,,,,,,,,,ohlcv_backfill,minute,0.0004946430565179378,0.0005077330897668245,0.0004631242858504964,0.0004701584397185861,10345.13782782059,/home/runner/work/Solana-Memecoin-Analysis/Solana-Memecoin-Analysis/data/cache/2026-09-27/072913435048_ohlcv_fe9ddf0ed815.json
2026-09-27T04:15:00+00:00,7rZ5eyRfGRavGTFG9jSoG77MNnVkQRr6DNeGpxiFk2ca,solana,PumpSwap,,,,,2026-09-27T00:25:27Z,0.0004946430565179378,,,,,,,,,,,,,,,,,,,ohlcv_backfill,minute,0.00041267306055425026,0.0005155317187652468,0.00039570613032716,0.0004946430565179378,45886.27174316093,/home/runner/work/Solana-Memecoin-Analysis/Solana-Memecoin-Analysis/data/cache/2026-09-27/072913435048_ohlcv_fe9ddf0ed815.json
2026-09-27T04:10:00+00:00,7rZ5eyRfGRavGTFG9jSoG77MNnVkQRr6DNeGpxiFk2ca,solana,PumpSwap,,,,,2026-09-27T00:25:27Z,0.00041267306055425026,,,,,,,,,,,,,,,,,,,ohlcv_backfill,minute,0.0004956834648557867,0.0005217833112567377,0.0003932212577131268,0.00041267306055425026,41527.43033529182,/home/runner/work/Solana-Memecoin-Analysis/Solana-Memecoin-Analysis/data/cache/2026-09-27/072913435048_ohlcv_fe9ddf0ed815.json
2026-09-27T04:05:00+00:00,7rZ5eyRfGRavGTFG9jSoG77MNnVkQRr6DNeGpxiFk2ca,solana,PumpSwap,,,,,2026-09-27T00:25:27Z,0.0004956834648557867,,,,,,,,,,,,,,,,,,,ohlcv_backfill,minute,0.0005564590055524921,0.0005861948651527891,0.000468235273733468,0.0004956834648557867,35723.86155756095,/home/runner/work/Solana-Memecoin-Analysis/Solana-Memecoin-Analysis/data/cache/2026-09-27/072913435048_ohlcv_fe9ddf0ed815.json
2026-09-27T04:00:00+00:00,7rZ5eyRfGRavGTFG9jSoG77MNnVkQRr6DNeGpxiFk2ca,solana,PumpSwap,,,,,2026-09-27T00:25:27Z,0.0005564590055524921,,,,,,,,,,,,,,,,,,,ohlcv_backfill,minute,0.0004323041277810698,0.000576490475135254,0.0004252930083333657,0.0005564590055524921,36197.50864573743,/home/runner/work/Solana-Memecoin-Analysis/Solana-Memecoin-Analysis/data/cache/2026-09-27/072913435048_ohlcv_fe9ddf0ed815.json
2026-09-27T03:55:00+00:00,7rZ5eyRfGRavGTFG9jSoG77MNnVkQRr6DNeGpxiFk2ca,solana,PumpSwap,,,,,2026-09-27T00:25:27Z,0.0004323041277810698,,,,,,,,,,,,,,,,,,,ohlcv_backfill,minute,0.0005073405262417221,0.000598691406271957,0.00033591537519531985,0.0004323041277810698,86899.63939394272,/home/runner/work/Solana-Memecoin-Analysis/Solana-Memecoin-Analysis/data/cache/2026-09-27/072913435048_ohlcv_fe9ddf0ed815.json
2026-09-27T03:50:00+00:00,7rZ5eyRfGRavGTFG9jSoG77MNnVkQRr6DNeGpxiFk2ca,solana,PumpSwap,,,,,2026-09-27T00:25:27Z,0.0005073405262417221,,,,,,,,,,,,,,,,,,,ohlcv_backfill,minute,0.0006628293681667448,0.0006717660666589795,0.0004381992265321445,0.0005073405262417221,72160.04733222975,/home/runner/work/Solana-Memecoin-Analysis/Solana-Memecoin-Analysis/data/cache/2026-09-27/072913435048_ohlcv_fe9ddf0ed815.json
2026-09-27T03:45:00+00:00,7rZ5eyRfGRavGTFG9jSoG77MNnVkQRr6DNeGpxiFk2ca,solana,PumpSwap,,,,,2026-09-27T00:25:27Z,0.0006628293681667448,,,,,,,,,,,,,,,,,,,ohlcv_backfill,minute,0.0005525775339181336,0.0007516274301470393,0.0005473567634766035,0.0006628293681667448,91982.43765628731,/home/runner/work/Solana-Memecoin-Analysis/Solana-Memecoin-Analysis/data/cache/2026-09-27/072913435048_ohlcv_fe9ddf0ed815.json
2026-09-27T03:40:00+00:00,7rZ5eyRfGRavGTFG9jSoG77MNnVkQRr6DNeGpxiFk2ca,solana,PumpSwap,,,,,2026-09-27T00:25:27Z,0.0005525775339181336,,,,,,,,,,,,,,,,,,,ohlcv_backfill,minute,0.0004837814248890104,0.0006158804473011611,0.00046701658598449975,0.0005525775339181336,81506.7089495894,/home/runner/work/Solana-Memecoin-Analysis/Solana-Memecoin-Analysis/data/cache/2026-09-27/072913435048_ohlcv_fe9ddf0ed815.json
2026-09-27T03:35:00+00:00,7rZ5eyRfGRavGTFG9jSoG77MNnVkQRr6DNeGpxiFk2ca,solana,PumpSwap,,,,,2026-09-27T00:25:27Z,0.0004837814248890104,,,,,,,,,,,,,,,,,,,ohlcv_backfill,minute,0.0003915542599247918,0.0005971447634613878,0.00037191336346434535,0.0004837814248890104,178742.46494545872,/home/runner/work/Solana-Memecoin-Analysis/Solana-Memecoin-Analysis/data/cache/2026-09-27/072913435048_ohlcv_fe9ddf0ed815.json
2026-09-27T03:30:00+00:00,7rZ5eyRfGRavGTFG9jSoG77MNnVkQRr6DNeGpxiFk2ca,solana,PumpSwap,,,,,2026-09-27T00:25:27Z,0.0003915542599247918,,,,,,,,,,,,,,,,,,,ohlcv_backfill,minute,0.0010637766553113152,0.0012167656638645693,0.0003717984676872318,0.0003915542599247918,410618.6880977462,/home/runner/work/Solana-Memecoin-Analysis/Solana-Memecoin-Analysis/data/cache/2026-09-27/072913435048_ohlcv_fe9ddf0ed815.json
2026-09-27T03:25:00+00:00,7rZ5eyRfGRavGTFG9jSoG77MNnVkQRr6DNeGpxiFk2ca,solana,PumpSwap,,,,,2026-09-27T00:25:27Z,0.0010637766553113152,,,,,,,,,,,,,,,,,,,ohlcv_backfill,minute,0.0014463368845499607,0.0016484009697900334,0.0007824814350005716,0.0010637766553113152,454520.1269247543,/home/runner/work/Solana-Memecoin-Analysis/Solana-Memecoin-Analysis/data/cache/2026-09-27/072913435048_ohlcv_fe9ddf0ed815.json
2026-09-27T03:20:00+00:00,7rZ5eyRfGRavGTFG9jSoG77MNnVkQRr6DNeGpxiFk2ca,solana,PumpSwap,,,,,2026-09-27T00:25:27Z,0.0014463368845499607,,,,,,,,,,,,,,,,,,,ohlcv_backfill,minute,0.0020326174768172957,0.002167284936023994,0.0013810725974621857,0.0014463368845499607,247579.64330248442,/home/runner/work/Solana-Memecoin-Analysis/Solana-Memecoin-Analysis/data/cache/2026-09-27/072913435048_ohlcv_fe9ddf0ed815.json
2026-09-27T03:15:00+00:00,7rZ5eyRfGRavGTFG9jSoG77MNnVkQRr6DNeGpxiFk2ca,solana,PumpSwap,,,,,2026-09-27T00:25:27Z,0.0020326174768172957,,,,,,,,,,,,,,,,,,,ohlcv_backfill,minute,0.002176201858539028,0.0024520460324262677,0.0020116271277982834,0.0020326174768172957,107451.66847076935,/home/runner/work/Solana-Memecoin-Analysis/Solana-Memecoin-Analysis/data/cache/2026-09-27/072913435048_ohlcv_fe9ddf0ed815.json
2026-09-27T03:10:00+00:00,7rZ5eyRfGRavGTFG9jSoG77MNnVkQRr6DNeGpxiFk2ca,solana,PumpSwap,,,,,2026-09-27T00:25:27Z,0.002176201858539028,,,,,,,,,,,,,,,,,,,ohlcv_backfill,minute,0.0024969417194976203,0.00255891647132399,0.001960320563936409,0.002176201858539028,146583.81259769225,/home/runner/work/Solana-Memecoin-Analysis/Solana-Memecoin-Analysis/data/cache/2026-09-27/072913435048_ohlcv_fe9ddf0ed815.json
2026-09-27T03:05:00+00:00,7rZ5eyRfGRavGTFG9jSoG77MNnVkQRr6DNeGpxiFk2ca,solana,PumpSwap,,,,,2026-09-27T00:25:27Z,0.0024969417194976203,,,,,,,,,,,,,,,,,,,ohlcv_backfill,minute,0.003252884293015219,0.0037623455232869917,0.0020695822489614044,0.0024969417194976203,464663.4557071012,/home/runner/work/Solana-Memecoin-Analysis/Solana-Memecoin-Analysis/data/cache/2026-09-27/072913435048_ohlcv_fe9ddf0ed815.json
2026-09-27T03:00:00+00:00,7rZ5eyRfGRavGTFG9jSoG77MNnVkQRr6DNeGpxiFk2ca,solana,PumpSwap,,,,,2026-09-27T00:25:27Z,0.003252884293015219,,,,,,,,,,,,,,,,,,,ohlcv_backfill,minute,0.0031046940524601624,0.003346866131079634,0.0027350247136180296,0.003252884293015219,195585.16310291292,/home/runner/work/Solana-Memecoin-Analysis/Solana-Memecoin-Analysis/data/cache/2026-09-27/072913435048_ohlcv_fe9ddf0ed815.json
2026-09-27T02:55:00+00:00,7rZ5eyRfGRavGTFG9jSoG77MNnVkQRr6DNeGpxiFk2ca,solana,PumpSwap,,,,,2026-09-27T00:25:27Z,0.0031046940524601624,,,,,,,,,,,,,,,,,,,ohlcv_backfill,minute,0.003644391047472794,0.003933349234359889,0.0025711275032787094,0.0031046940524601624,213262.21800184922,/home/runner/work/Solana-Memecoin-Analysis/Solana-Memecoin-Analysis/data/cache/2026-09-27/072913435048_ohlcv_fe9ddf0ed815.json
2026-09-27T02:50:00+00:00,7rZ5eyRfGRavGTFG9jSoG77MNnVkQRr6DNeGpxiFk2ca,solana,PumpSwap,,,,,2026-09-27T00:25:27Z,0.003644391047472794,,,,,,,,,,,,,,,,,,,ohlcv_backfill,minute,0.0036648234778029246,0.0038434099624706664,0.003110258938389079,0.003644391047472794,155202.629255729,/home/runner/work/Solana-Memecoin-Analysis/Solana-Memecoin-Analysis/data/cache/2026-09-27/072913435048_ohlcv_fe9ddf0ed815.json
2026-09-27T02:45:00+00:00,7rZ5eyRfGRavGTFG9jSoG77MNnVkQRr6DNeGpxiFk2ca,solana,PumpSwap,,,,,2026-09-27T00:25:27Z,0.0036648234778029246,,,,,,,,,,,,,,,,,,,ohlcv_backfill,minute,0.0032498835267874542,0.003712166871601308,0.002929935613155356,0.0036648234778029246,270856.48629927816,/home/runner/work/Solana-Memecoin-Analysis/Solana-Memecoin-Analysis/data/cache/2026-09-27/072913435048_ohlcv_fe9ddf0ed815.json
2026-09-27T02:40:00+00:00,7rZ5eyRfGRavGTFG9jSoG77MNnVkQRr6DNeGpxiFk2ca,solana,PumpSwap,,,,,2026-09-27T00:25:27Z,0.0032498835267874542,,,,,,,,,,,,,,,,,,,ohlcv_backfill,minute,0.0022671235308495156,0.0033646124430857954,0.0022671235308495156,0.0032498835267874542,255657.70179124954,/home/runner/work/Solana-Memecoin-Analysis/Solana-Memecoin-Analysis/data/cache/2026-09-27/072913435048_ohlcv_fe9ddf0ed815.json
2026-09-27T02:35:00+00:00,7rZ5eyRfGRavGTFG9jSoG77MNnVkQRr6DNeGpxiFk2ca,solana,PumpSwap,,,,,2026-09-27T00:25:27Z,0.0022671235308495156,,,,,,,,,,,,,,,,,,,ohlcv_backfill,minute,0.0023934746196398373,0.0027577100632024424,0.0021688772203196454,0.0022671235308495156,271869.2654394002,/home/runner/work/Solana-Memecoin-Analysis/Solana-Memecoin-Analysis/data/cache/2026-09-27/072913435048_ohlcv_fe9ddf0ed815.json
2026-09-27T02:30:00+00:00,7rZ5eyRfGRavGTFG9jSoG77MNnVkQRr6DNeGpxiFk2ca,solana,PumpSwap,,,,,2026-09-27T00:25:27Z,0.0023934746196398373,,,,,,,,,,,,,,,,,,,ohlcv_backfill,minute,0.0021772046189047585,0.0025817882034062873,0.0015010666854549102,0.0023934746196398373,468234.15398713417,/home/runner/work/Solana-Memecoin-Analysis/Solana-Memecoin-Analysis/data/cache/2026-09-27/072913435048_ohlcv_fe9ddf0ed815.json
2026-09-27T02:25:00+00:00,7rZ5eyRfGRavGTFG9jSoG77MNnVkQRr6DNeGpxiFk2ca,solana,PumpSwap,,,,,2026-09-27T00:25:27Z,0.0021772046189047585,,,,,,,,,,,,,,,,,,,ohlcv_backfill,minute,0.002636810508854562,0.002637403946233713,0.0017792807386056066,0.0021772046189047585,312623.2367366187,/home/runner/work/Solana-Memecoin-Analysis/Solana-Memecoin-Analysis/data/cache/2026-09-27/072913435048_ohlcv_fe9ddf0ed815.json
2026-09-27T02:20:00+00:00,7rZ5eyRfGRavGTFG9jSoG77MNnVkQRr6DNeGpxiFk2ca,solana,PumpSwap,,,,,2026-09-27T00:25:27Z,0.002636810508854562,,,,,,,,,,,,,,,,,,,ohlcv_backfill,minute,0.002962495715916218,0.003096460795254927,0.0025821527146616396,0.002636810508854562,167225.10844445025,/home/runner/work/Solana-Memecoin-Analysis/Solana-Memecoin-Analysis/data/cache/2026-09-27/072913435048_ohlcv_fe9ddf0ed815.json
2026-09-27T02:15:00+00:00,7rZ5eyRfGRavGTFG9jSoG77MNnVkQRr6DNeGpxiFk2ca,solana,PumpSwap,,,,,2026-09-27T00:25:27Z,0.002962495715916218,,,,,,,,,,,,,,,,,,,ohlcv_backfill,minute,0.0028721336170932812,0.00323325102081107,0.0026616947539717813,0.002962495715916218,218702.03240551436,/home/runner/work/Solana-Memecoin-Analysis/Solana-Memecoin-Analysis/data/cache/2026-09-27/072913435048_ohlcv_fe9ddf0ed815.json
2026-09-27T02:10:00+00:00,7rZ5eyRfGRavGTFG9jSoG77MNnVkQRr6DNeGpxiFk2ca,solana,PumpSwap,,,,,2026-09-27T00:25:27Z,0.0028721336170932812,,,,,,,,,,,,,,,,,,,ohlcv_backfill,minute,0.002526959271819029,0.0030896744057294133,0.00168203243351183,0.0028721336170932812,290174.07405170106,/home/runner/work/Solana-Memecoin-Analysis/Solana-Memecoin-Analysis/data/cache/2026-09-27/072913435048_ohlcv_fe9ddf0ed815.json
2026-09-27T02:05:00+00:00,7rZ5eyRfGRavGTFG9jSoG77MNnVkQRr6DNeGpxiFk2ca,solana,PumpSwap,,,,,2026-09-27T00:25:27Z,0.002526959271819029,,,,,,,,,,,,,,,,,,,ohlcv_backfill,minute,0.002359239475469203,0.0029476922298022705,0.0016796289948908586,0.002526959271819029,416388.72192637535,/home/runner/work/Solana-Memecoin-Analysis/Solana-Memecoin-Analysis/data/cache/2026-09-27/072913435048_ohlcv_fe9ddf0ed815.json
2026-09-27T02:00:00+00:00,7rZ5eyRfGRavGTFG9jSoG77MNnVkQRr6DNeGpxiFk2ca,solana,PumpSwap,,,,,2026-09-27T00:25:27Z,0.002359239475469203,,,,,,,,,,,,,,,,,,,ohlcv_backfill,minute,0.002321288181179107,0.002655556165808953,0.002039982394317565,0.002359239475469203,272602.09133808047,/home/runner/work/Solana-Memecoin-Analysis/Solana-Memecoin-Analysis/data/cache/2026-09-27/072913435048_ohlcv_fe9ddf0ed815.json
2026-09-27T01:55:00+00:00,7rZ5eyRfGRavGTFG9jSoG77MNnVkQRr6DNeGpxiFk2ca,solana,PumpSwap,,,,,2026-09-27T00:25:27Z,0.002321288181179107,,,,,,,,,,,,,,,,,,,ohlcv_backfill,minute,0.0016361642528248792,0.002417933063954787,0.0015250858032619411,0.002321288181179107,250780.2247410455,/home/runner/work/Solana-Memecoin-Analysis/Solana-Memecoin-Analysis/data/cache/2026-09-27/072913435048_ohlcv_fe9ddf0ed815.json
2026-09-27T01:50:00+00:00,7rZ5eyRfGRavGTFG9jSoG77MNnVkQRr6DNeGpxiFk2ca,solana,PumpSwap,,,,,2026-09-27T00:25:27Z,0.0016361642528248792,,,,,,,,,,,,,,,,,,,ohlcv_backfill,minute,0.0018073265410576112,0.0020199621974283676,0.0014454812601074067,0.0016361642528248792,194880.19423601692,/home/runner/work/Solana-Memecoin-Analysis/Solana-Memecoin-Analysis/data/cache/2026-09-27/072913435048_ohlcv_fe9ddf0ed815.json
2026-09-27T01:45:00+00:00,7rZ5eyRfGRavGTFG9jSoG77MNnVkQRr6DNeGpxiFk2ca,solana,PumpSwap,,,,,2026-09-27T00:25:27Z,0.0018073265410576112,,,,,,,,,,,,,,,,,,,ohlcv_backfill,minute,0.001423766884408448,0.0019947860200016446,0.001229254659489268,0.0018073265410576112,212200.5483941144,/home/runner/work/Solana-Memecoin-Analysis/Solana-Memecoin-Analysis/data/cache/2026-09-27/072913435048_ohlcv_fe9ddf0ed815.json
2026-09-27T01:40:00+00:00,7rZ5eyRfGRavGTFG9jSoG77MNnVkQRr6DNeGpxiFk2ca,solana,PumpSwap,,,,,2026-09-27T00:25:27Z,0.001423766884408448,,,,,,,,,,,,,,,,,,,ohlcv_backfill,minute,0.001281895089379501,0.0016916265311904852,0.0012203404512747663,0.001423766884408448,215670.60719218146,/home/runner/work/Solana-Memecoin-Analysis/Solana-Memecoin-Analysis/data/cache/2026-09-27/072913435048_ohlcv_fe9ddf0ed815.json
2026-09-27T01:35:00+00:00,7rZ5eyRfGRavGTFG9jSoG77MNnVkQRr6DNeGpxiFk2ca,solana,PumpSwap,,,,,2026-09-27T00:25:27Z,0.001281895089379501,,,,,,,,,,,,,,,,,,,ohlcv_backfill,minute,0.0016875536074799327,0.0019115533270065367,0.0012352653204746827,0.001281895089379501,329923.3699051173,/home/runner/work/Solana-Memecoin-Analysis/Solana-Memecoin-Analysis/data/cache/2026-09-27/072913435048_ohlcv_fe9ddf0ed815.json
2026-09-27T01:30:00+00:00,7rZ5eyRfGRavGTFG9jSoG77MNnVkQRr6DNeGpxiFk2ca,solana,PumpSwap,,,,,2026-09-27T00:25:27Z,0.0016875536074799327,,,,,,,,,,,,,,,,,,,ohlcv_backfill,minute,0.0008216652033060022,0.0019332527237555014,0.0007753812538375575,0.0016875536074799327,401172.1889651718,/home/runner/work/Solana-Memecoin-Analysis/Solana-Memecoin-Analysis/data/cache/2026-09-27/072913435048_ohlcv_fe9ddf0ed815.json
2026-09-27T01:25:00+00:00,7rZ5eyRfGRavGTFG9jSoG77MNnVkQRr6DNeGpxiFk2ca,solana,PumpSwap,,,,,2026-09-27T00:25:27Z,0.0008216652033060022,,,,,,,,,,,,,,,,,,,ohlcv_backfill,minute,0.0007843814875780437,0.0010411434552821746,0.0007542145759583404,0.0008216652033060022,195335.17851418347,/home/runner/work/Solana-Memecoin-Analysis/Solana-Memecoin-Analysis/data/cache/2026-09-27/072913435048_ohlcv_fe9ddf0ed815.json
2026-09-27T01:20:00+00:00,7rZ5eyRfGRavGTFG9jSoG77MNnVkQRr6DNeGpxiFk2ca,solana,PumpSwap,,,,,2026-09-27T00:25:27Z,0.0007843814875780437,,,,,,,,,,,,,,,,,,,ohlcv_backfill,minute,0.0007160693304344258,0.0009432531212070239,0.0006647475423813794,0.0007843814875780437,245779.41957894704,/home/runner/work/Solana-Memecoin-Analysis/Solana-Memecoin-Analysis/data/cache/2026-09-27/072913435048_ohlcv_fe9ddf0ed815.json
2026-09-27T01:15:00+00:00,7rZ5eyRfGRavGTFG9jSoG77MNnVkQRr6DNeGpxiFk2ca,solana,PumpSwap,,,,,2026-09-27T00:25:27Z,0.0007160693304344258,,,,,,,,,,,,,,,,,,,ohlcv_backfill,minute,0.0005701079303608486,0.0007572755527273431,0.0005358567321231868,0.0007160693304344258,219581.28795908066,/home/runner/work/Solana-Memecoin-Analysis/Solana-Memecoin-Analysis/data/cache/2026-09-27/072913435048_ohlcv_fe9ddf0ed815.json
2026-09-27T01:10:00+00:00,7rZ5eyRfGRavGTFG9jSoG77MNnVkQRr6DNeGpxiFk2ca,solana,PumpSwap,,,,,2026-09-27T00:25:27Z,0.0005701079303608486,,,,,,,,,,,,,,,,,,,ohlcv_backfill,minute,0.0004281593298919174,0.0007494345431686589,0.0004074219749531071,0.0005701079303608486,341579.76955768454,/home/runner/work/Solana-Memecoin-Analysis/Solana-Memecoin-Analysis/data/cache/2026-09-27/072913435048_ohlcv_fe9ddf0ed815.json
2026-09-27T01:05:00+00:00,7rZ5eyRfGRavGTFG9jSoG77MNnVkQRr6DNeGpxiFk2ca,solana,PumpSwap,,,,,2026-09-27T00:25:27Z,0.0004281593298919174,,,,,,,,,,,,,,,,,,,ohlcv_backfill,minute,0.00033032545922892037,0.0004742164860044773,0.00027521993306244046,0.0004281593298919174,147436.90656479084,/home/runner/work/Solana-Memecoin-Analysis/Solana-Memecoin-Analysis/data/cache/2026-09-27/072913435048_ohlcv_fe9ddf0ed815.json
2026-09-27T01:00:00+00:00,7rZ5eyRfGRavGTFG9jSoG77MNnVkQRr6DNeGpxiFk2ca,solana,PumpSwap,,,,,2026-09-27T00:25:27Z,0.00033032545922892037,,,,,,,,,,,,,,,,,,,ohlcv_backfill,minute,0.00017785179682916377,0.00036146370674721334,0.00017785179682916377,0.00033032545922892037,61762.49438039772,/home/runner/work/Solana-Memecoin-Analysis/Solana-Memecoin-Analysis/data/cache/2026-09-27/072913435048_ohlcv_fe9ddf0ed815.json
2026-09-27T00:55:00+00:00,7rZ5eyRfGRavGTFG9jSoG77MNnVkQRr6DNeGpxiFk2ca,solana,PumpSwap,,,,,2026-09-27T00:25:27Z,0.00017785179682916377,,,,,,,,,,,,,,,,,,,ohlcv_backfill,minute,0.0001589065290279511,0.00019647400006232455,0.00014259826226660616,0.00017785179682916377,34144.65139459836,/home/runner/work/Solana-Memecoin-Analysis/Solana-Memecoin-Analysis/data/cache/2026-09-27/072913435048_ohlcv_fe9ddf0ed815.json
2026-09-27T00:50:00+00:00,7rZ5eyRfGRavGTFG9jSoG77MNnVkQRr6DNeGpxiFk2ca,solana,PumpSwap,,,,,2026-09-27T00:25:27Z,0.0001589065290279511,,,,,,,,,,,,,,,,,,,ohlcv_backfill,minute,0.0001154519909164923,0.00019272698828458419,0.00010845966541509183,0.0001589065290279511,38543.0281164106,/home/runner/work/Solana-Memecoin-Analysis/Solana-Memecoin-Analysis/data/cache/2026-09-27/072913435048_ohlcv_fe9ddf0ed815.json
2026-09-27T00:45:00+00:00,7rZ5eyRfGRavGTFG9jSoG77MNnVkQRr6DNeGpxiFk2ca,solana,PumpSwap,,,,,2026-09-27T00:25:27Z,0.0001154519909164923,,,,,,,,,,,,,,,,,,,ohlcv_backfill,minute,0.0001183873625215642,0.00016192502017593546,9.125053464157073e-05,0.0001154519909164923,72168.71797844938,/home/runner/work/Solana-Memecoin-Analysis/Solana-Memecoin-Analysis/data/cache/2026-09-27/072913435048_ohlcv_fe9ddf0ed815.json
2026-09-27T00:40:00+00:00,7rZ5eyRfGRavGTFG9jSoG77MNnVkQRr6DNeGpxiFk2ca,solana,PumpSwap,,,,,2026-09-27T00:25:27Z,0.0001183873625215642,,,,,,,,,,,,,,,,,,,ohlcv_backfill,minute,0.00013344065492762152,0.00022668199153826063,9.832424967080644e-05,0.0001183873625215642,180585.92519857155,/home/runner/work/Solana-Memecoin-Analysis/Solana-Memecoin-Analysis/data/cache/2026-09-27/072913435048_ohlcv_fe9ddf0ed815.json
2026-09-27T00:35:00+00:00,7rZ5eyRfGRavGTFG9jSoG77MNnVkQRr6DNeGpxiFk2ca,solana,PumpSwap,,,,,2026-09-27T00:25:27Z,0.00013344065492762152,,,,,,,,,,,,,,,,,,,ohlcv_backfill,minute,6.654158860879616e-05,0.00019364078361444793,5.6395562881655055e-05,0.00013344065492762152,139272.24143891156,/home/runner/work/Solana-Memecoin-Analysis/Solana-Memecoin-Analysis/data/cache/2026-09-27/072913435048_ohlcv_fe9ddf0ed815.json
2026-09-27T00:30:00+00:00,7rZ5eyRfGRavGTFG9jSoG77MNnVkQRr6DNeGpxiFk2ca,solana,PumpSwap,,,,,2026-09-27T00:25:27Z,6.654158860879616e-05,,,,,,,,,,,,,,,,,,,ohlcv_backfill,minute,4.509759686212302e-05,6.819153673116027e-05,2.7870957591335487e-05,6.654158860879616e-05,33940.314109467,/home/runner/work/Solana-Memecoin-Analysis/Solana-Memecoin-Analysis/data/cache/2026-09-27/072913435048_ohlcv_fe9ddf0ed815.json
2026-09-27T00:25:00+00:00,7rZ5eyRfGRavGTFG9jSoG77MNnVkQRr6DNeGpxiFk2ca,solana,PumpSwap,,,,,2026-09-27T00:25:27Z,4.509759686212302e-05,,,,,,,,,,,,,,,,,,,ohlcv_backfill,minute,4.6266812642647985e-05,7.352931634845375e-05,2.2561445379776255e-05,4.509759686212302e-05,62307.17155033231,/home/runner/work/Solana-Memecoin-Analysis/Solana-Memecoin-Analysis/data/cache/2026-09-27/072913435048_ohlcv_fe9ddf0ed815.json
2026-09-27T07:25:00+00:00,4aE7RyYHugztSy3rdKq51bvNkaRj2E7NJU7jPWxzhC3Q,solana,PumpSwap,,,,,2026-09-15T21:57:08Z,0.000605823294306279,,,,,,,,,,,,,,,,,,,ohlcv_backfill,minute,0.0005891385096174376,0.0006222523332240108,0.0005891385096174376,0.000605823294306279,3898.6466119649904,/home/runner/work/Solana-Memecoin-Analysis/Solana-Memecoin-Analysis/data/cache/2026-09-27/072920930208_ohlcv_63d9df96523d.json
2026-09-27T07:20:00+00:00,4aE7RyYHugztSy3rdKq51bvNkaRj2E7NJU7jPWxzhC3Q,solana,PumpSwap,,,,,2026-09-15T21:57:08Z,0.0005891385096174376,,,,,,,,,,,,,,,,,,,ohlcv_backfill,minute,0.0005624736629191953,0.0005970655894728136,0.0005536749437204963,0.0005891385096174376,1857.6107066534498,/home/runner/work/Solana-Memecoin-Analysis/Solana-Memecoin-Analysis/data/cache/2026-09-27/072920930208_ohlcv_63d9df96523d.json
2026-09-27T07:15:00+00:00,4aE7RyYHugztSy3rdKq51bvNkaRj2E7NJU7jPWxzhC3Q,solana,PumpSwap,,,,,2026-09-15T21:57:08Z,0.0005624736629191953,,,,,,,,,,,,,,,,,,,ohlcv_backfill,minute,0.0006008453073335245,0.0006074702781611849,0.000547990340135037,0.0005624736629191953,7031.332314431464,/home/runner/work/Solana-Memecoin-Analysis/Solana-Memecoin-Analysis/data/cache/2026-09-27/072920930208_ohlcv_63d9df96523d.json
2026-09-27T07:10:00+00:00,4aE7RyYHugztSy3rdKq51bvNkaRj2E7NJU7jPWxzhC3Q,solana,PumpSwap,,,,,2026-09-15T21:57:08Z,0.0006008453073335245,,,,,,,,,,,,,,,,,,,ohlcv_backfill,minute,0.000622646362438357,0.000622646362438357,0.0006008453073335245,0.0006008453073335245,572.8287387278152,/home/runner/work/Solana-Memecoin-Analysis/Solana-Memecoin-Analysis/data/cache/2026-09-27/072920930208_ohlcv_63d9df96523d.json
2026-09-27T07:05:00+00:00,4aE7RyYHugztSy3rdKq51bvNkaRj2E7NJU7jPWxzhC3Q,solana,PumpSwap,,,,,2026-09-15T21:57:08Z,0.000622646362438357,,,,,,,,,,,,,,,,,,,ohlcv_backfill,minute,0.0005957191709121341,0.000622646362438357,0.0005957191709121341,0.000622646362438357,790.9488052436452,/home/runner/work/Solana-Memecoin-Analysis/Solana-Memecoin-Analysis/data/cache/2026-09-27/072920930208_ohlcv_63d9df96523d.json
2026-09-27T07:00:00+00:00,4aE7RyYHugztSy3rdKq51bvNkaRj2E7NJU7jPWxzhC3Q,solana,PumpSwap,,,,,2026-09-15T21:57:08Z,0.0005957191709121341,,,,,,,,,,,,,,,,,,,ohlcv_backfill,minute,0.0005919143414592676,0.0006003841109436974,0.0005862549722123317,0.0005957191709121341,368.40275984358675,/home/runner/work/Solana-Memecoin-Analysis/Solana-Memecoin-Analysis/data/cache/2026-09-27/072920930208_ohlcv_63d9df96523d.json
2026-09-27T06:55:00+00:00,4aE7RyYHugztSy3rdKq51bvNkaRj2E7NJU7jPWxzhC3Q,solana,PumpSwap,,,,,2026-09-15T21:57:08Z,0.0005919143414592676,,,,,,,,,,,,,,,,,,,ohlcv_backfill,minute,0.0005577896901312059,0.000592289066474487,0.0005544809054806603,0.0005919143414592676,2908.1820954999807,/home/runner/work/Solana-Memecoin-Analysis/Solana-Memecoin-Analysis/data/cache/2026-09-27/072920930208_ohlcv_63d9df96523d.json
2026-09-27T06:50:00+00:00,4aE7RyYHugztSy3rdKq51bvNkaRj2E7NJU7jPWxzhC3Q,solana,PumpSwap,,,,,2026-09-15T21:57:08Z,0.0005577896901312059,,,,,,,,,,,,,,,,,,,ohlcv_backfill,minute,0.0006063833757580687,0.0006167996510168741,0.0005453424196787397,0.0005577896901312059,6009.503450651319,/home/runner/work/Solana-Memecoin-Analysis/Solana-Memecoin-Analysis/data/cache/2026-09-27/072920930208_ohlcv_63d9df96523d.json
2026-09-27T06:45:00+00:00,4aE7RyYHugztSy3rdKq51bvNkaRj2E7NJU7jPWxzhC3Q,solana,PumpSwap,,,,,2026-09-15T21:57:08Z,0.0006063833757580687,,,,,,,,,,,,,,,,,,,ohlcv_backfill,minute,0.0006170837517714647,0.00062862209083912,0.0005982528500508261,0.0006063833757580687,2312.490960455029,/home/runner/work/Solana-Memecoin-Analysis/Solana-Memecoin-Analysis/data/cache/2026-09-27/072920930208_ohlcv_63d9df96523d.json
2026-09-27T06:40:00+00:00,4aE7RyYHugztSy3rdKq51bvNkaRj2E7NJU7jPWxzhC3Q,solana,PumpSwap,,,,,2026-09-15T21:57:08Z,0.0006170837517714647,,,,,,,,,,,,,,,,,,,ohlcv_backfill,minute,0.000684130584821011,0.000684130584821011,0.0006147590900282798,0.0006170837517714647,4240.714564385852,/home/runner/work/Solana-Memecoin-Analysis/Solana-Memecoin-Analysis/data/cache/2026-09-27/072920930208_ohlcv_63d9df96523d.json
2026-09-27T06:35:00+00:00,4aE7RyYHugztSy3rdKq51bvNkaRj2E7NJU7jPWxzhC3Q,solana,PumpSwap,,,,,2026-09-15T21:57:08Z,0.000684130584821011,,,,,,,,,,,,,,,,,,,ohlcv_backfill,minute,0.0007548426381563209,0.0007548426381563209,0.0006200363981718612,0.000684130584821011,10652.323084914518,/home/runner/work/Solana-Memecoin-Analysis/Solana-Memecoin-Analysis/data/cache/2026-09-27/072920930208_ohlcv_63d9df96523d.json
2026-09-27T06:30:00+00:00,4aE7RyYHugztSy3rdKq51bvNkaRj2E7NJU7jPWxzhC3Q,solana,PumpSwap,,,,,2026-09-15T21:57:08Z,0.0007548426381563209,,,,,,,,,,,,,,,,,,,ohlcv_backfill,minute,0.000765501645417396,0.000765501645417396,0.0007460632818824011,0.0007548426381563209,469.04158379584067,/home/runner/work/Solana-Memecoin-Analysis/Solana-Memecoin-Analysis/data/cache/2026-09-27/072920930208_ohlcv_63d9df96523d.json
2026-09-27T06:25:00+00:00,4aE7RyYHugztSy3rdKq51bvNkaRj2E7NJU7jPWxzhC3Q,solana,PumpSwap,,,,,2026-09-15T21:57:08Z,0.000765501645417396,,,,,,,,,,,,,,,,,,,ohlcv_backfill,minute,0.0007499720995889621,0.0007919156732984251,0.0007499720995889621,0.000765501645417396,2101.9373879594204,/home/runner/work/Solana-Memecoin-Analysis/Solana-Memecoin-Analysis/data/cache/2026-09-27/072920930208_ohlcv_63d9df96523d.json
2026-09-27T06:20:00+00:00,4aE7RyYHugztSy3rdKq51bvNkaRj2E7NJU7jPWxzhC3Q,solana,PumpSwap,,,,,2026-09-15T21:57:08Z,0.0007499720995889621,,,,,,,,,,,,,,,,,,,ohlcv_backfill,minute,0.0007585129516351634,0.0007597626492974755,0.0007475693837698224,0.0007499720995889621,784.4417409329548,/home/runner/work/Solana-Memecoin-Analysis/Solana-Memecoin-Analysis/data/cache/2026-09-27/072920930208_ohlcv_63d9df96523d.json
2026-09-27T06:15:00+00:00,4aE7RyYHugztSy3rdKq51bvNkaRj2E7NJU7jPWxzhC3Q,solana,PumpSwap,,,,,2026-09-15T21:57:08Z,0.0007585129516351634,,,,,,,,,,,,,,,,,,,ohlcv_backfill,minute,0.0007437930105779456,0.0007585129516351634,0.0007342070824571904,0.0007585129516351634,1071.7497538550695,/home/runner/work/Solana-Memecoin-Analysis/Solana-Memecoin-Analysis/data/cache/2026-09-27/072920930208_ohlcv_63d9df96523d.json
2026-09-27T06:10:00+00:00,4aE7RyYHugztSy3rdKq51bvNkaRj2E7NJU7jPWxzhC3Q,solana,PumpSwap,,,,,2026-09-15T21:57:08Z,0.0007437930105779456,,,,,,,,,,,,,,,,,,,ohlcv_backfill,minute,0.0007486969524009337,0.0007486969524009337,0.0007294711077745484,0.0007437930105779456,1140.6280482024215,/home/runner/work/Solana-Memecoin-Analysis/Solana-Memecoin-Analysis/data/cache/2026-09-27/072920930208_ohlcv_63d9df96523d.json
2026-09-27T06:05:00+00:00,4aE7RyYHugztSy3rdKq51bvNkaRj2E7NJU7jPWxzhC3Q,solana,PumpSwap,,,,,2026-09-15T21:57:08Z,0.0007486969524009337,,,,,,,,,,,,,,,,,,,ohlcv_backfill,minute,0.0007532395707467136,0.0007623816070946255,0.0007423079207834281,0.0007486969524009337,1803.6505671172802,/home/runner/work/Solana-Memecoin-Analysis/Solana-Memecoin-Analysis/data/cache/2026-09-27/072920930208_ohlcv_63d9df96523d.json
2026-09-27T06:00:00+00:00,4aE7RyYHugztSy3rdKq51bvNkaRj2E7NJU7jPWxzhC3Q,solana,PumpSwap,,,,,2026-09-15T21:57:08Z,0.0007532395707467136,,,,,,,,,,,,,,,,,,,ohlcv_backfill,minute,0.0007298637167212027,0.0007620488156236272,0.0007004664583330996,0.0007532395707467136,3679.8902563855145,/home/runner/work/Solana-Memecoin-Analysis/Solana-Memecoin-Analysis/data/cache/2026-09-27/072920930208_ohlcv_63d9df96523d.json
2026-09-27T05:55:00+00:00,4aE7RyYHugztSy3rdKq51bvNkaRj2E7NJU7jPWxzhC3Q,solana,PumpSwap,,,,,2026-09-15T21:57:08Z,0.0007298637167212027,,,,,,,,,,,,,,,,,,,ohlcv_backfill,minute,0.0007017343849420569,0.0007390580440472518,0.0006925542809531358,0.0007298637167212027,1369.7452863654266,/home/runner/work/Solana-Memecoin-Analysis/Solana-Memecoin-Analysis/data/cache/2026-09-27/072920930208_ohlcv_63d9df96523d.json
2026-09-27T05:50:00+00:00,4aE7RyYHugztSy3rdKq51bvNkaRj2E7NJU7jPWxzhC3Q,solana,PumpSwap,,,,,2026-09-15T21:57:08Z,0.0007017343849420569,,,,,,,,,,,,,,,,,,,ohlcv_backfill,minute,0.0007054679403865425,0.0007199899404156963,0.0006934734687706663,0.0007017343849420569,1333.2253091584346,/home/runner/work/Solana-Memecoin-Analysis/Solana-Memecoin-Analysis/data/cache/2026-09-27/072920930208_ohlcv_63d9df96523d.json
2026-09-27T05:45:00+00:00,4aE7RyYHugztSy3rdKq51bvNkaRj2E7NJU7jPWxzhC3Q,solana,PumpSwap,,,,,2026-09-15T21:57:08Z,0.0007054679403865425,,,,,,,,,,,,,,,,,,,ohlcv_backfill,minute,0.0007108149480108917,0.0007108149480108917,0.0006929156308587655,0.0007054679403865425,1450.0875431359743,/home/runner/work/Solana-Memecoin-Analysis/Solana-Memecoin-Analysis/data/cache/2026-09-27/072920930208_ohlcv_63d9df96523d.json
2026-09-27T05:40:00+00:00,4aE7RyYHugztSy3rdKq51bvNkaRj2E7NJU7jPWxzhC3Q,solana,PumpSwap,,,,,2026-09-15T21:57:08Z,0.0007108149480108917,,,,,,,,,,,,,,,,,,,ohlcv_backfill,minute,0.000712413692359723,0.000712413692359723,0.0006995723927468671,0.0007108149480108917,378.0003876579126,/home/runner/work/Solana-Memecoin-Analysis/Solana-Memecoin-Analysis/data/cache/2026-09-27/072920930208_ohlcv_63d9df96523d.json
2026-09-27T05:35:00+00:00,4aE7RyYHugztSy3rdKq51bvNkaRj2E7NJU7jPWxzhC3Q,solana,PumpSwap,,,,,2026-09-15T21:57:08Z,0.000712413692359723,,,,,,,,,,,,,,,,,,,ohlcv_backfill,minute,0.0006669987557894413,0.0007562835250772259,0.0006642752068605606,0.000712413692359723,6809.44813252156,/home/runner/work/Solana-Memecoin-Analysis/Solana-Memecoin-Analysis/data/cache/2026-09-27/072920930208_ohlcv_63d9df96523d.json
2026-09-27T05:30:00+00:00,4aE7RyYHugztSy3rdKq51bvNkaRj2E7NJU7jPWxzhC3Q,solana,PumpSwap,,,,,2026-09-15T21:57:08Z,0.0006669987557894413,,,,,,,,,,,,,,,,,,,ohlcv_backfill,minute,0.0006866717415438909,0.0007023036233584676,0.0006669987557894413,0.0006669987557894413,2247.2101657015683,/home/runner/work/Solana-Memecoin-Analysis/Solana-Memecoin-Analysis/data/cache/2026-09-27/072920930208_ohlcv_63d9df96523d.json
2026-09-27T05:25:00+00:00,4aE7RyYHugztSy3rdKq51bvNkaRj2E7NJU7jPWxzhC3Q,solana,PumpSwap,,,,,2026-09-15T21:57:08Z,0.0006866717415438909,,,,,,,,,,,,,,,,,,,ohlcv_backfill,minute,0.0007081766161248121,0.0007081766161248121,0.0006760836119151885,0.0006866717415438909,1601.8491834647075,/home/runner/work/Solana-Memecoin-Analysis/Solana-Memecoin-Analysis/data/cache/2026-09-27/072920930208_ohlcv_63d9df96523d.json
2026-09-27T05:20:00+00:00,4aE7RyYHugztSy3rdKq51bvNkaRj2E7NJU7jPWxzhC3Q,solana,PumpSwap,,,,,2026-09-15T21:57:08Z,0.0007081766161248121,,,,,,,,,,,,,,,,,,,ohlcv_backfill,minute,0.0007549024294737963,0.0007549024294737963,0.0007081766161248121,0.0007081766161248121,1702.8490622814722,/home/runner/work/Solana-Memecoin-Analysis/Solana-Memecoin-Analysis/data/cache/2026-09-27/072920930208_ohlcv_63d9df96523d.json
2026-09-27T05:15:00+00:00,4aE7RyYHugztSy3rdKq51bvNkaRj2E7NJU7jPWxzhC3Q,solana,PumpSwap,,,,,2026-09-15T21:57:08Z,0.0007549024294737963,,,,,,,,,,,,,,,,,,,ohlcv_backfill,minute,0.0007434381058755444,0.0008065660303746888,0.0007434381058755444,0.0007549024294737963,3275.336596358338,/home/runner/work/Solana-Memecoin-Analysis/Solana-Memecoin-Analysis/data/cache/2026-09-27/072920930208_ohlcv_63d9df96523d.json
2026-09-27T05:10:00+00:00,4aE7RyYHugztSy3rdKq51bvNkaRj2E7NJU7jPWxzhC3Q,solana,PumpSwap,,,,,2026-09-15T21:57:08Z,0.0007434381058755444,,,,,,,,,,,,,,,,,,,ohlcv_backfill,minute,0.0007115773963390705,0.0007494402559920328,0.0007070885312399407,0.0007434381058755444,3858.55803399932,/home/runner/work/Solana-Memecoin-Analysis/Solana-Memecoin-Analysis/data/cache/2026-09-27/072920930208_ohlcv_63d9df96523d.json
2026-09-27T05:05:00+00:00,4aE7RyYHugztSy3rdKq51bvNkaRj2E7NJU7jPWxzhC3Q,solana,PumpSwap,,,,,2026-09-15T21:57:08Z,0.0007115773963390705,,,,,,,,,,,,,,,,,,,ohlcv_backfill,minute,0.0006933642381719835,0.0007427241987948745,0.0006933642381719835,0.0007115773963390705,5161.980187246606,/home/runner/work/Solana-Memecoin-Analysis/Solana-Memecoin-Analysis/data/cache/2026-09-27/072920930208_ohlcv_63d9df96523d.json
2026-09-27T05:00:00+00:00,4aE7RyYHugztSy3rdKq51bvNkaRj2E7NJU7jPWxzhC3Q,solana,PumpSwap,,,,,2026-09-15T21:57:08Z,0.0006933642381719835,,,,,,,,,,,,,,,,,,,ohlcv_backfill,minute,0.0006890763832359346,0.0006986442114461341,0.0006718863216521463,0.0006933642381719835,3234.5282546162853,/home/runner/work/Solana-Memecoin-Analysis/Solana-Memecoin-Analysis/data/cache/2026-09-27/072920930208_ohlcv_63d9df96523d.json
2026-09-27T04:55:00+00:00,4aE7RyYHugztSy3rdKq51bvNkaRj2E7NJU7jPWxzhC3Q,solana,PumpSwap,,,,,2026-09-15T21:57:08Z,0.0006890763832359346,,,,,,,,,,,,,,,,,,,ohlcv_backfill,minute,0.0006537924740665441,0.0007005694090254926,0.000621856937266889,0.0006890763832359346,4941.685576109891,/home/runner/work/Solana-Memecoin-Analysis/Solana-Memecoin-Analysis/data/cache/2026-09-27/072920930208_ohlcv_63d9df96523d.json
2026-09-27T04:50:00+00:00,4aE7RyYHugztSy3rdKq51bvNkaRj2E7NJU7jPWxzhC3Q,solana,PumpSwap,,,,,2026-09-15T21:57:08Z,0.0006537924740665441,,,,,,,,,,,,,,,,,,,ohlcv_backfill,minute,0.0006436027514826348,0.000660323242579297,0.0006032406790175269,0.0006537924740665441,4652.569829705514,/home/runner/work/Solana-Memecoin-Analysis/Solana-Memecoin-Analysis/data/cache/2026-09-27/072920930208_ohlcv_63d9df96523d.json
2026-09-27T04:45:00+00:00,4aE7RyYHugztSy3rdKq51bvNkaRj2E7NJU7jPWxzhC3Q,solana,PumpSwap,,,,,2026-09-15T21:57:08Z,0.0006436027514826348,,,,,,,,,,,,,,,,,,,ohlcv_backfill,minute,0.0006225283955350843,0.0006602792538759632,0.0006038044755171019,0.0006436027514826348,6815.173375067644,/home/runner/work/Solana-Memecoin-Analysis/Solana-Memecoin-Analysis/data/cache/2026-09-27/072920930208_ohlcv_63d9df96523d.json
2026-09-27T04:40:00+00:00,4aE7RyYHugztSy3rdKq51bvNkaRj2E7NJU7jPWxzhC3Q,solana,PumpSwap,,,,,2026-09-15T21:57:08Z,0.0006225283955350843,,,,,,,,,,,,,,,,,,,ohlcv_backfill,minute,0.0006251104528530862,0.0006469557168421871,0.0005921126583238091,0.0006225283955350843,7037.5819323389405,/home/runner/work/Solana-Memecoin-Analysis/Solana-Memecoin-Analysis/data/cache/2026-09-27/072920930208_ohlcv_63d9df96523d.json
2026-09-27T04:35:00+00:00,4aE7RyYHugztSy3rdKq51bvNkaRj2E7NJU7jPWxzhC3Q,solana,PumpSwap,,,,,2026-09-15T21:57:08Z,0.0006251104528530862,,,,,,,,,,,,,,,,,,,ohlcv_backfill,minute,0.0005705127693590855,0.0006440061633539913,0.0005643838075785389,0.0006251104528530862,14509.585069606594,/home/runner/work/Solana-Memecoin-Analysis/Solana-Memecoin-Analysis/data/cache/2026-09-27/072920930208_ohlcv_63d9df96523d.json
2026-09-27T04:30:00+00:00,4aE7RyYHugztSy3rdKq51bvNkaRj2E7NJU7jPWxzhC3Q,solana,PumpSwap,,,,,2026-09-15T21:57:08Z,0.0005705127693590855,,,,,,,,,,,,,,,,,,,ohlcv_backfill,minute,0.0008317541659940405,0.0008357477936177477,0.0005189860492989077,0.0005705127693590855,28087.700518252837,/home/runner/work/Solana-Memecoin-Analysis/Solana-Memecoin-Analysis/data/cache/2026-09-27/072920930208_ohlcv_63d9df96523d.json
2026-09-27T04:25:00+00:00,4aE7RyYHugztSy3rdKq51bvNkaRj2E7NJU7jPWxzhC3Q,solana,PumpSwap,,,,,2026-09-15T21:57:08Z,0.0008317541659940405,,,,,,,,,,,,,,,,,,,ohlcv_backfill,minute,0.0008940999510237571,0.0008940999510237571,0.0008270283891050593,0.0008317541659940405,2497.5636105444783,/home/runner/work/Solana-Memecoin-Analysis/Solana-Memecoin-Analysis/data/cache/2026-09-27/072920930208_ohlcv_63d9df96523d.json
2026-09-27T04:20:00+00:00,4aE7RyYHugztSy3rdKq51bvNkaRj2E7NJU7jPWxzhC3Q,solana,PumpSwap,,,,,2026-09-15T21:57:08Z,0.0008940999510237571,,,,,,,,,,,,,,,,,,,ohlcv_backfill,minute,0.0009087189791711759,0.000976464761868111,0.0008878545512425297,0.0008940999510237571,6463.516329342626,/home/runner/work/Solana-Memecoin-Analysis/Solana-Memecoin-Analysis/data/cache/2026-09-27/072920930208_ohlcv_63d9df96523d.json
2026-09-27T04:15:00+00:00,4aE7RyYHugztSy3rdKq51bvNkaRj2E7NJU7jPWxzhC3Q,solana,PumpSwap,,,,,2026-09-15T21:57:08Z,0.0009087189791711759,,,,,,,,,,,,,,,,,,,ohlcv_backfill,minute,0.0009190123838546816,0.0009269355779867302,0.0008999095614920091,0.0009087189791711759,660.3643338682413,/home/runner/work/Solana-Memecoin-Analysis/Solana-Memecoin-Analysis/data/cache/2026-09-27/072920930208_ohlcv_63d9df96523d.json
2026-09-27T04:10:00+00:00,4aE7RyYHugztSy3rdKq51bvNkaRj2E7NJU7jPWxzhC3Q,solana,PumpSwap,,,,,2026-09-15T21:57:08Z,0.0009190123838546816,,,,,,,,,,,,,,,,,,,ohlcv_backfill,minute,0.0009820014051567622,0.0010031282742679819,0.0009150421515847582,0.0009190123838546816,11148.23697146431,/home/runner/work/Solana-Memecoin-Analysis/Solana-Memecoin-Analysis/data/cache/2026-09-27/072920930208_ohlcv_63d9df96523d.json
2026-09-27T04:05:00+00:00,4aE7RyYHugztSy3rdKq51bvNkaRj2E7NJU7jPWxzhC3Q,solana,PumpSwap,,,,,2026-09-15T21:57:08Z,0.0009820014051567622,,,,,,,,,,,,,,,,,,,ohlcv_backfill,minute,0.0009975029741241556,0.001111047450265582,0.000977792317912934,0.0009820014051567622,12940.252860345516,/home/runner/work/Solana-Memecoin-Analysis/Solana-Memecoin-Analysis/data/cache/2026-09-27/072920930208_ohlcv_63d9df96523d.json
2026-09-27T04:00:00+00:00,4aE7RyYHugztSy3rdKq51bvNkaRj2E7NJU7jPWxzhC3Q,solana,PumpSwap,,,,,2026-09-15T21:57:08Z,0.0009975029741241556,,,,,,,,,,,,,,,,,,,ohlcv_backfill,minute,0.0009426014614417299,0.0010774069664503702,0.000932370918818825,0.0009975029741241556,9379.039098109422,/home/runner/work/Solana-Memecoin-Analysis/Solana-Memecoin-Analysis/data/cache/2026-09-27/072920930208_ohlcv_63d9df96523d.json
2026-09-27T03:55:00+00:00,4aE7RyYHugztSy3rdKq51bvNkaRj2E7NJU7jPWxzhC3Q,solana,PumpSwap,,,,,2026-09-15T21:57:08Z,0.0009426014614417299,,,,,,,,,,,,,,,,,,,ohlcv_backfill,minute,0.0008772699627751271,0.0009659773499695874,0.0008526679273201493,0.0009426014614417299,9530.683333081777,/home/runner/work/Solana-Memecoin-Analysis/Solana-Memecoin-Analysis/data/cache/2026-09-27/072920930208_ohlcv_63d9df96523d.json
2026-09-27T03:50:00+00:00,4aE7RyYHugztSy3rdKq51bvNkaRj2E7NJU7jPWxzhC3Q,solana,PumpSwap,,,,,2026-09-15T21:57:08Z,0.0008772699627751271,,,,,,,,,,,,,,,,,,,ohlcv_backfill,minute,0.0008175012210829645,0.0008998553369893566,0.0008141896681132499,0.0008772699627751271,7943.915214267837,/home/runner/work/Solana-Memecoin-Analysis/Solana-Memecoin-Analysis/data/cache/2026-09-27/072920930208_ohlcv_63d9df96523d.json
2026-09-27T03:45:00+00:00,4aE7RyYHugztSy3rdKq51bvNkaRj2E7NJU7jPWxzhC3Q,solana,PumpSwap,,,,,2026-09-15T21:57:08Z,0.0008175012210829645,,,,,,,,,,,,,,,,,,,ohlcv_backfill,minute,0.0007060111761055155,0.0008240008739544899,0.0006661894617701725,0.0008175012210829645,12014.360429993054,/home/runner/work/Solana-Memecoin-Analysis/Solana-Memecoin-Analysis/data/cache/2026-09-27/072920930208_ohlcv_63d9df96523d.json
2026-09-27T03:40:00+00:00,4aE7RyYHugztSy3rdKq51bvNkaRj2E7NJU7jPWxzhC3Q,solana,PumpSwap,,,,,2026-09-15T21:57:08Z,0.0007060111761055155,,,,,,,,,,,,,,,,,,,ohlcv_backfill,minute,0.0007227499558057529,0.0007239274393964747,0.0006821517086087372,0.0007060111761055155,7919.807610612334,/home/runner/work/Solana-Memecoin-Analysis/Solana-Memecoin-Analysis/data/cache/2026-09-27/072920930208_ohlcv_63d9df96523d.json
2026-09-27T03:35:00+00:00,4aE7RyYHugztSy3rdKq51bvNkaRj2E7NJU7jPWxzhC3Q,solana,PumpSwap,,,,,2026-09-15T21:57:08Z,0.0007227499558057529,,,,,,,,,,,,,,,,,,,ohlcv_backfill,minute,0.0006845762922069843,0.0007328652539580455,0.0006418591583816905,0.0007227499558057529,13230.867236420476,/home/runner/work/Solana-Memecoin-Analysis/Solana-Memecoin-Analysis/data/cache/2026-09-27/072920930208_ohlcv_63d9df96523d.json
2026-09-27T03:30:00+00:00,4aE7RyYHugztSy3rdKq51bvNkaRj2E7NJU7jPWxzhC3Q,solana,PumpSwap,,,,,2026-09-15T21:57:08Z,0.0006845762922069843,,,,,,,,,,,,,,,,,,,ohlcv_backfill,minute,0.0008695017684905747,0.0008728814910741718,0.0006384436666654022,0.0006845762922069843,28173.776025084957,/home/runner/work/Solana-Memecoin-Analysis/Solana-Memecoin-Analysis/data/cache/2026-09-27/072920930208_ohlcv_63d9df96523d.json
2026-09-27T03:25:00+00:00,4aE7RyYHugztSy3rdKq51bvNkaRj2E7NJU7jPWxzhC3Q,solana,PumpSwap,,,,,2026-09-15T21:57:08Z,0.0008695017684905747,,,,,,,,,,,,,,,,,,,ohlcv_backfill,minute,0.001028188886145552,0.0010783327600197886,0.0008526957450767155,0.0008695017684905747,17772.02209855069,/home/runner/work/Solana-Memecoin-Analysis/Solana-Memecoin-Analysis/data/cache/2026-09-27/072920930208_ohlcv_63d9df96523d.json
2026-09-27T03:20:00+00:00,4aE7RyYHugztSy3rdKq51bvNkaRj2E7NJU7jPWxzhC3Q,solana,PumpSwap,,,,,2026-09-15T21:57:08Z,0.001028188886145552,,,,,,,,,,,,,,,,,,,ohlcv_backfill,minute,0.0010583122742163094,0.0010583122742163094,0.0010135095223558445,0.001028188886145552,1199.2373836629959,/home/runner/work/Solana-Memecoin-Analysis/Solana-Memecoin-Analysis/data/cache/2026-09-27/072920930208_ohlcv_63d9df96523d.json
2026-09-27T03:15:00+00:00,4aE7RyYHugztSy3rdKq51bvNkaRj2E7NJU7jPWxzhC3Q,solana,PumpSwap,,,,,2026-09-15T21:57:08Z,0.0010583122742163094,,,,,,,,,,,,,,,,,,,ohlcv_backfill,minute,0.0010210477512228127,0.001070716585380202,0.0009990193297921427,0.0010583122742163094,4191.227834016071,/home/runner/work/Solana-Memecoin-Analysis/Solana-Memecoin-Analysis/data/cache/2026-09-27/072920930208_ohlcv_63d9df96523d.json
2026-09-27T03:10:00+00:00,4aE7RyYHugztSy3rdKq51bvNkaRj2E7NJU7jPWxzhC3Q,solana,PumpSwap,,,,,2026-09-15T21:57:08Z,0.0010210477512228127,,,,,,,,,,,,,,,,,,,ohlcv_backfill,minute,0.0010550726505928626,0.0010550726505928626,0.000987006029971168,0.0010210477512228127,3375.8531773835057,/home/runner/work/Solana-Memecoin-Analysis/Solana-Memecoin-Analysis/data/cache/2026-09-27/072920930208_ohlcv_63d9df96523d.json
2026-09-27T03:05:00+00:00,4aE7RyYHugztSy3rdKq51bvNkaRj2E7NJU7jPWxzhC3Q,solana,PumpSwap,,,,,2026-09-15T21:57:08Z,0.0010550726505928626,,,,,,,,,,,,,,,,,,,ohlcv_backfill,minute,0.001032470121773479,0.0011151511417713475,0.0010274107100036267,0.0010550726505928626,7930.327264893929,/home/runner/work/Solana-Memecoin-Analysis/Solana-Memecoin-Analysis/data/cache/2026-09-27/072920930208_ohlcv_63d9df96523d.json
2026-09-27T03:00:00+00:00,4aE7RyYHugztSy3rdKq51bvNkaRj2E7NJU7jPWxzhC3Q,solana,PumpSwap,,,,,2026-09-15T21:57:08Z,0.001032470121773479,,,,,,,,,,,,,,,,,,,ohlcv_backfill,minute,0.0009454619719842411,0.0010652475247561331,0.000943568344680345,0.001032470121773479,7245.151805477754,/home/runner/work/Solana-Memecoin-Analysis/Solana-Memecoin-Analysis/data/cache/2026-09-27/072920930208_ohlcv_63d9df96523d.json
2026-09-27T02:55:00+00:00,4aE7RyYHugztSy3rdKq51bvNkaRj2E7NJU7jPWxzhC3Q,solana,PumpSwap,,,,,2026-09-15T21:57:08Z,0.0009454619719842411,,,,,,,,,,,,,,,,,,,ohlcv_backfill,minute,0.0010472792657112242,0.0010834934552933673,0.0009454619719842411,0.0009454619719842411,7590.022563618252,/home/runner/work/Solana-Memecoin-Analysis/Solana-Memecoin-Analysis/data/cache/2026-09-27/072920930208_ohlcv_63d9df96523d.json
2026-09-27T02:50:00+00:00,4aE7RyYHugztSy3rdKq51bvNkaRj2E7NJU7jPWxzhC3Q,solana,PumpSwap,,,,,2026-09-15T21:57:08Z,0.0010472792657112242,,,,,,,,,,,,,,,,,,,ohlcv_backfill,minute,0.0010835723160536135,0.001142182416547442,0.0009958671813443053,0.0010472792657112242,15204.562418788855,/home/runner/work/Solana-Memecoin-Analysis/Solana-Memecoin-Analysis/data/cache/2026-09-27/072920930208_ohlcv_63d9df96523d.json
2026-09-27T02:45:00+00:00,4aE7RyYHugztSy3rdKq51bvNkaRj2E7NJU7jPWxzhC3Q,solana,PumpSwap,,,,,2026-09-15T21:57:08Z,0.0010835723160536135,,,,,,,,,,,,,,,,,,,ohlcv_backfill,minute,0.0012743908109134373,0.001292211509826067,0.0009266779145032107,0.0010835723160536135,47017.439640316334,/home/runner/work/Solana-Memecoin-Analysis/Solana-Memecoin-Analysis/data/cache/2026-09-27/072920930208_ohlcv_63d9df96523d.json
2026-09-27T02:40:00+00:00,4aE7RyYHugztSy3rdKq51bvNkaRj2E7NJU7jPWxzhC3Q,solana,PumpSwap,,,,,2026-09-15T21:57:08Z,0.0012743908109134373,,,,,,,,,,,,,,,,,,,ohlcv_backfill,minute,0.0013127251979287385,0.0013127251979287385,0.0012396101735111932,0.0012743908109134373,3734.43893496096,/home/runner/work/Solana-Memecoin-Analysis/Solana-Memecoin-Analysis/data/cache/2026-09-27/072920930208_ohlcv_63d9df96523d.json
2026-09-27T02:35:00+00:00,4aE7RyYHugztSy3rdKq51bvNkaRj2E7NJU7jPWxzhC3Q,solana,PumpSwap,,,,,2026-09-15T21:57:08Z,0.0013127251979287385,,,,,,,,,,,,,,,,,,,ohlcv_backfill,minute,0.0014080812794417818,0.0014287296711826755,0.0012397048175438062,0.0013127251979287385,12438.40340789748,/home/runner/work/Solana-Memecoin-Analysis/Solana-Memecoin-Analysis/data/cache/2026-09-27/072920930208_ohlcv_63d9df96523d.json
2026-09-27T02:30:00+00:00,4aE7RyYHugztSy3rdKq51bvNkaRj2E7NJU7jPWxzhC3Q,solana,PumpSwap,,,,,2026-09-15T21:57:08Z,0.0014080812794417818,,,,,,,,,,,,,,,,,,,ohlcv_backfill,minute,0.0014756749699330815,0.0014931378819750573,0.0014080812794417818,0.0014080812794417818,5402.542635577215,/home/runner/work/Solana-Memecoin-Analysis/Solana-Memecoin-Analysis/data/cache/2026-09-27/072920930208_ohlcv_63d9df96523d.json
2026-09-27T02:25:00+00:00,4aE7RyYHugztSy3rdKq51bvNkaRj2E7NJU7jPWxzhC3Q,solana,PumpSwap,,,,,2026-09-15T21:57:08Z,0.0014756749699330815,,,,,,,,,,,,,,,,,,,ohlcv_backfill,minute,0.0014596137623660483,0.0014848843167118806,0.0014148203319235362,0.0014756749699330815,3742.303392089059,/home/runner/work/Solana-Memecoin-Analysis/Solana-Memecoin-Analysis/data/cache/2026-09-27/072920930208_ohlcv_63d9df96523d.json
2026-09-27T02:20:00+00:00,4aE7RyYHugztSy3rdKq51bvNkaRj2E7NJU7jPWxzhC3Q,solana,PumpSwap,,,,,2026-09-15T21:57:08Z,0.0014596137623660483,,,,,,,,,,,,,,,,,,,ohlcv_backfill,minute,0.001572900522772051,0.0015869691818700244,0.0014596137623660483,0.0014596137623660483,5008.548038889093,/home/runner/work/Solana-Memecoin-Analysis/Solana-Memecoin-Analysis/data/cache/2026-09-27/072920930208_ohlcv_63d9df96523d.json
2026-09-27T02:15:00+00:00,4aE7RyYHugztSy3rdKq51bvNkaRj2E7NJU7jPWxzhC3Q,solana,PumpSwap,,,,,2026-09-15T21:57:08Z,0.001572900522772051,,,,,,,,,,,,,,,,,,,ohlcv_backfill,minute,0.0015591833438955924,0.0015968183733694413,0.0015436549068482005,0.001572900522772051,3479.368614506682,/home/runner/work/Solana-Memecoin-Analysis/Solana-Memecoin-Analysis/data/cache/2026-09-27/072920930208_ohlcv_63d9df96523d.json
2026-09-27T02:10:00+00:00,4aE7RyYHugztSy3rdKq51bvNkaRj2E7NJU7jPWxzhC3Q,solana,PumpSwap,,,,,2026-09-15T21:57:08Z,0.0015591833438955924,,,,,,,,,,,,,,,,,,,ohlcv_backfill,minute,0.0015184338032385766,0.0015591833438955924,0.001458769697514841,0.0015591833438955924,4868.748990996346,/home/runner/work/Solana-Memecoin-Analysis/Solana-Memecoin-Analysis/data/cache/2026-09-27/072920930208_ohlcv_63d9df96523d.json
2026-09-27T02:05:00+00:00,4aE7RyYHugztSy3rdKq51bvNkaRj2E7NJU7jPWxzhC3Q,solana,PumpSwap,,,,,2026-09-15T21:57:08Z,0.0015184338032385766,,,,,,,,,,,,,,,,,,,ohlcv_backfill,minute,0.0014646775302094503,0.0016013293700823127,0.001424750297858878,0.0015184338032385766,9189.819983945734,/home/runner/work/Solana-Memecoin-Analysis/Solana-Memecoin-Analysis/data/cache/2026-09-27/072920930208_ohlcv_63d9df96523d.json
2026-09-27T02:00:00+00:00,4aE7RyYHugztSy3rdKq51bvNkaRj2E7NJU7jPWxzhC3Q,solana,PumpSwap,,,,,2026-09-15T21:57:08Z,0.0014646775302094503,,,,,,,,,,,,,,,,,,,ohlcv_backfill,minute,0.0013640956816055913,0.0015109916318818027,0.0013640956816055913,0.0014646775302094503,9505.78572227353,/home/runner/work/Solana-Memecoin-Analysis/Solana-Memecoin-Analysis/data/cache/2026-09-27/072920930208_ohlcv_63d9df96523d.json
2026-09-27T01:55:00+00:00,4aE7RyYHugztSy3rdKq51bvNkaRj2E7NJU7jPWxzhC3Q,solana,PumpSwap,,,,,2026-09-15T21:57:08Z,0.0013640956816055913,,,,,,,,,,,,,,,,,,,ohlcv_backfill,minute,0.0013780359045211135,0.0014449176958725338,0.0013321290008284383,0.0013640956816055913,7241.679782828507,/home/runner/work/Solana-Memecoin-Analysis/Solana-Memecoin-Analysis/data/cache/2026-09-27/072920930208_ohlcv_63d9df96523d.json
2026-09-27T01:50:00+00:00,4aE7RyYHugztSy3rdKq51bvNkaRj2E7NJU7jPWxzhC3Q,solana,PumpSwap,,,,,2026-09-15T21:57:08Z,0.0013780359045211135,,,,,,,,,,,,,,,,,,,ohlcv_backfill,minute,0.001450879550099983,0.0014676815462578564,0.0013324213077250855,0.0013780359045211135,5094.418171510206,/home/runner/work/Solana-Memecoin-Analysis/Solana-Memecoin-Analysis/data/cache/2026-09-27/072920930208_ohlcv_63d9df96523d.json
2026-09-27T01:45:00+00:00,4aE7RyYHugztSy3rdKq51bvNkaRj2E7NJU7jPWxzhC3Q,solana,PumpSwap,,,,,2026-09-15T21:57:08Z,0.001450879550099983,,,,,,,,,,,,,,,,,,,ohlcv_backfill,minute,0.0013482015222303857,0.001471193553814914,0.0013026835150156254,0.001450879550099983,10448.526279721904,/home/runner/work/Solana-Memecoin-Analysis/Solana-Memecoin-Analysis/data/cache/2026-09-27/072920930208_ohlcv_63d9df96523d.json
2026-09-27T01:40:00+00:00,4aE7RyYHugztSy3rdKq51bvNkaRj2E7NJU7jPWxzhC3Q,solana,PumpSwap,,,,,2026-09-15T21:57:08Z,0.0013482015222303857,,,,,,,,,,,,,,,,,,,ohlcv_backfill,minute,0.0013817439783574256,0.0013898053583169727,0.0012555127778346852,0.0013482015222303857,8009.56256545484,/home/runner/work/Solana-Memecoin-Analysis/Solana-Memecoin-Analysis/data/cache/2026-09-27/072920930208_ohlcv_63d9df96523d.json
2026-09-27T01:35:00+00:00,4aE7RyYHugztSy3rdKq51bvNkaRj2E7NJU7jPWxzhC3Q,solana,PumpSwap,,,,,2026-09-15T21:57:08Z,0.0013817439783574256,,,,,,,,,,,,,,,,,,,ohlcv_backfill,minute,0.0013057838163857448,0.0013845415891726152,0.0012692706106349997,0.0013817439783574256,17634.45337649503,/home/runner/work/Solana-Memecoin-Analysis/Solana-Memecoin-Analysis/data/cache/2026-09-27/072920930208_ohlcv_63d9df96523d.json
2026-09-27T01:30:00+00:00,4aE7RyYHugztSy3rdKq51bvNkaRj2E7NJU7jPWxzhC3Q,solana,PumpSwap,,,,,2026-09-15T21:57:08Z,0.0013057838163857448,,,,,,,,,,,,,,,,,,,ohlcv_backfill,minute,0.0017091989996176739,0.0017415880517783191,0.0012944121800992645,0.0013057838163857448,26161.157731175226,/home/runner/work/Solana-Memecoin-Analysis/Solana-Memecoin-Analysis/data/cache/2026-09-27/072920930208_ohlcv_63d9df96523d.json
2026-09-27T01:25:00+00:00,4aE7RyYHugztSy3rdKq51bvNkaRj2E7NJU7jPWxzhC3Q,solana,PumpSwap,,,,,2026-09-15T21:57:08Z,0.0017091989996176739,,,,,,,,,,,,,,,,,,,ohlcv_backfill,minute,0.0017834635472823704,0.0017834635472823704,0.0015622889868558414,0.0017091989996176739,16591.50474970205,/home/runner/work/Solana-Memecoin-Analysis/Solana-Memecoin-Analysis/data/cache/2026-09-27/072920930208_ohlcv_63d9df96523d.json
2026-09-27T01:20:00+00:00,4aE7RyYHugztSy3rdKq51bvNkaRj2E7NJU7jPWxzhC3Q,solana,PumpSwap,,,,,2026-09-15T21:57:08Z,0.0017834635472823704,,,,,,,,,,,,,,,,,,,ohlcv_backfill,minute,0.001976272498450233,0.0022631824901299903,0.0016974843669602386,0.0017834635472823704,30660.93659931067,/home/runner/work/Solana-Memecoin-Analysis/Solana-Memecoin-Analysis/data/cache/2026-09-27/072920930208_ohlcv_63d9df96523d.json
2026-09-27T01:15:00+00:00,4aE7RyYHugztSy3rdKq51bvNkaRj2E7NJU7jPWxzhC3Q,solana,PumpSwap,,,,,2026-09-15T21:57:08Z,0.001976272498450233,,,,,,,,,,,,,,,,,,,ohlcv_backfill,minute,0.0018056517805542752,0.001990307424662165,0.0017823602703302363,0.001976272498450233,19287.960516560674,/home/runner/work/Solana-Memecoin-Analysis/Solana-Memecoin-Analysis/data/cache/2026-09-27/072920930208_ohlcv_63d9df96523d.json
2026-09-27T01:10:00+00:00,4aE7RyYHugztSy3rdKq51bvNkaRj2E7NJU7jPWxzhC3Q,solana,PumpSwap,,,,,2026-09-15T21:57:08Z,0.0018056517805542752,,,,,,,,,,,,,,,,,,,ohlcv_backfill,minute,0.0017257474728704155,0.0018511337690795319,0.0016184195123978833,0.0018056517805542752,19070.47124087857,/home/runner/work/Solana-Memecoin-Analysis/Solana-Memecoin-Analysis/data/cache/2026-09-27/072920930208_ohlcv_63d9df96523d.json
2026-09-27T01:05:00+00:00,4aE7RyYHugztSy3rdKq51bvNkaRj2E7NJU7jPWxzhC3Q,solana,PumpSwap,,,,,2026-09-15T21:57:08Z,0.0017257474728704155,,,,,,,,,,,,,,,,,,,ohlcv_backfill,minute,0.0017752953025050294,0.0019035582224885097,0.0016995971129867002,0.0017257474728704155,18825.933778071278,/home/runner/work/Solana-Memecoin-Analysis/Solana-Memecoin-Analysis/data/cache/2026-09-27/072920930208_ohlcv_63d9df96523d.json
2026-09-27T01:00:00+00:00,4aE7RyYHugztSy3rdKq51bvNkaRj2E7NJU7jPWxzhC3Q,solana,PumpSwap,,,,,2026-09-15T21:57:08Z,0.0017752953025050294,,,,,,,,,,,,,,,,,,,ohlcv_backfill,minute,0.0018928117637424444,0.0020191550496261113,0.00154375204214904,0.0017752953025050294,46397.909932416645,/home/runner/work/Solana-Memecoin-Analysis/Solana-Memecoin-Analysis/data/cache/2026-09-27/072920930208_ohlcv_63d9df96523d.json
2026-09-27T00:55:00+00:00,4aE7RyYHugztSy3rdKq51bvNkaRj2E7NJU7jPWxzhC3Q,solana,PumpSwap,,,,,2026-09-15T21:57:08Z,0.0018928117637424444,,,,,,,,,,,,,,,,,,,ohlcv_backfill,minute,0.002582833270183925,0.002747936057270505,0.001677513892847793,0.0018928117637424444,135711.08663400827,/home/runner/work/Solana-Memecoin-Analysis/Solana-Memecoin-Analysis/data/cache/2026-09-27/072920930208_ohlcv_63d9df96523d.json
2026-09-27T00:50:00+00:00,4aE7RyYHugztSy3rdKq51bvNkaRj2E7NJU7jPWxzhC3Q,solana,PumpSwap,,,,,2026-09-15T21:57:08Z,0.002582833270183925,,,,,,,,,,,,,,,,,,,ohlcv_backfill,minute,0.0025272150815137655,0.002742469171303368,0.0023260979494498252,0.002582833270183925,50581.81324408799,/home/runner/work/Solana-Memecoin-Analysis/Solana-Memecoin-Analysis/data/cache/2026-09-27/072920930208_ohlcv_63d9df96523d.json
2026-09-27T00:45:00+00:00,4aE7RyYHugztSy3rdKq51bvNkaRj2E7NJU7jPWxzhC3Q,solana,PumpSwap,,,,,2026-09-15T21:57:08Z,0.0025272150815137655,,,,,,,,,,,,,,,,,,,ohlcv_backfill,minute,0.00237677783241766,0.002762087421575434,0.0021888198131775954,0.0025272150815137655,84503.60486161096,/home/runner/work/Solana-Memecoin-Analysis/Solana-Memecoin-Analysis/data/cache/2026-09-27/072920930208_ohlcv_63d9df96523d.json
2026-09-27T00:40:00+00:00,4aE7RyYHugztSy3rdKq51bvNkaRj2E7NJU7jPWxzhC3Q,solana,PumpSwap,,,,,2026-09-15T21:57:08Z,0.00237677783241766,,,,,,,,,,,,,,,,,,,ohlcv_backfill,minute,0.002742103550176978,0.0031607598921735906,0.0021410605903847543,0.00237677783241766,142218.6342113559,/home/runner/work/Solana-Memecoin-Analysis/Solana-Memecoin-Analysis/data/cache/2026-09-27/072920930208_ohlcv_63d9df96523d.json
2026-09-27T00:35:00+00:00,4aE7RyYHugztSy3rdKq51bvNkaRj2E7NJU7jPWxzhC3Q,solana,PumpSwap,,,,,2026-09-15T21:57:08Z,0.002742103550176978,,,,,,,,,,,,,,,,,,,ohlcv_backfill,minute,0.0032310751508494145,0.003272996848343598,0.002555201031874715,0.002742103550176978,121454.11670170183,/home/runner/work/Solana-Memecoin-Analysis/Solana-Memecoin-Analysis/data/cache/2026-09-27/072920930208_ohlcv_63d9df96523d.json
2026-09-27T00:30:00+00:00,4aE7RyYHugztSy3rdKq51bvNkaRj2E7NJU7jPWxzhC3Q,solana,PumpSwap,,,,,2026-09-15T21:57:08Z,0.0032310751508494145,,,,,,,,,,,,,,,,,,,ohlcv_backfill,minute,0.002574113954108797,0.003588761109790065,0.002533502999673694,0.0032310751508494145,220723.76079855734,/home/runner/work/Solana-Memecoin-Analysis/Solana-Memecoin-Analysis/data/cache/2026-09-27/072920930208_ohlcv_63d9df96523d.json
2026-09-27T00:25:00+00:00,4aE7RyYHugztSy3rdKq51bvNkaRj2E7NJU7jPWxzhC3Q,solana,PumpSwap,,,,,2026-09-15T21:57:08Z,0.002574113954108797,,,,,,,,,,,,,,,,,,,ohlcv_backfill,minute,0.0020088447611600196,0.002887847326774046,0.001969677416742406,0.002574113954108797,131930.78495529352,/home/runner/work/Solana-Memecoin-Analysis/Solana-Memecoin-Analysis/data/cache/2026-09-27/072920930208_ohlcv_63d9df96523d.json
2026-09-27T00:20:00+00:00,4aE7RyYHugztSy3rdKq51bvNkaRj2E7NJU7jPWxzhC3Q,solana,PumpSwap,,,,,2026-09-15T21:57:08Z,0.0020088447611600196,,,,,,,,,,,,,,,,,,,ohlcv_backfill,minute,0.0018820064636603968,0.00204870849312902,0.0017695412058033688,0.0020088447611600196,64203.672083322184,/home/runner/work/Solana-Memecoin-Analysis/Solana-Memecoin-Analysis/data/cache/2026-09-27/072920930208_ohlcv_63d9df96523d.json
2026-09-27T00:15:00+00:00,4aE7RyYHugztSy3rdKq51bvNkaRj2E7NJU7jPWxzhC3Q,solana,PumpSwap,,,,,2026-09-15T21:57:08Z,0.0018820064636603968,,,,,,,,,,,,,,,,,,,ohlcv_backfill,minute,0.0025594072365385354,0.0026959380355931605,0.0018105823120345152,0.0018820064636603968,135928.40190654705,/home/runner/work/Solana-Memecoin-Analysis/Solana-Memecoin-Analysis/data/cache/2026-09-27/072920930208_ohlcv_63d9df96523d.json
2026-09-27T00:10:00+00:00,4aE7RyYHugztSy3rdKq51bvNkaRj2E7NJU7jPWxzhC3Q,solana,PumpSwap,,,,,2026-09-15T21:57:08Z,0.0025594072365385354,,,,,,,,,,,,,,,,,,,ohlcv_backfill,minute,0.0013891146523402928,0.0028573136335980406,0.0013891146523402928,0.0025594072365385354,326420.0888759942,/home/runner/work/Solana-Memecoin-Analysis/Solana-Memecoin-Analysis/data/cache/2026-09-27/072920930208_ohlcv_63d9df96523d.json
2026-09-27T00:05:00+00:00,4aE7RyYHugztSy3rdKq51bvNkaRj2E7NJU7jPWxzhC3Q,solana,PumpSwap,,,,,2026-09-15T21:57:08Z,0.0013891146523402928,,,,,,,,,,,,,,,,,,,ohlcv_backfill,minute,0.0012740073094112824,0.0018324894061752988,0.0010372836378922533,0.0013891146523402928,209378.9163656485,/home/runner/work/Solana-Memecoin-Analysis/Solana-Memecoin-Analysis/data/cache/2026-09-27/072920930208_ohlcv_63d9df96523d.json
2026-09-27T00:00:00+00:00,4aE7RyYHugztSy3rdKq51bvNkaRj2E7NJU7jPWxzhC3Q,solana,PumpSwap,,,,,2026-09-15T21:57:08Z,0.0012740073094112824,,,,,,,,,,,,,,,,,,,ohlcv_backfill,minute,0.00035876580932201195,0.0019286349431737006,0.0003541280080629399,0.0012740073094112824,400755.568494983,/home/runner/work/Solana-Memecoin-Analysis/Solana-Memecoin-Analysis/data/cache/2026-09-27/072920930208_ohlcv_63d9df96523d.json
2026-09-26T23:55:00+00:00,4aE7RyYHugztSy3rdKq51bvNkaRj2E7NJU7jPWxzhC3Q,solana,PumpSwap,,,,,2026-09-15T21:57:08Z,0.00035876580932201195,,,,,,,,,,,,,,,,,,,ohlcv_backfill,minute,0.0003529820442077014,0.0003805628460823316,0.0003335762409886058,0.00035876580932201195,5195.192219930157,/home/runner/work/Solana-Memecoin-Analysis/Solana-Memecoin-Analysis/data/cache/2026-09-27/072920930208_ohlcv_63d9df96523d.json
2026-09-26T23:50:00+00:00,4aE7RyYHugztSy3rdKq51bvNkaRj2E7NJU7jPWxzhC3Q,solana,PumpSwap,,,,,2026-09-15T21:57:08Z,0.0003529820442077014,,,,,,,,,,,,,,,,,,,ohlcv_backfill,minute,0.00033200273069047,0.0003668021936275756,0.0003198625536321921,0.0003529820442077014,5034.920104491421,/home/runner/work/Solana-Memecoin-Analysis/Solana-Memecoin-Analysis/data/cache/2026-09-27/072920930208_ohlcv_63d9df96523d.json
2026-09-26T23:45:00+00:00,4aE7RyYHugztSy3rdKq51bvNkaRj2E7NJU7jPWxzhC3Q,solana,PumpSwap,,,,,2026-09-15T21:57:08Z,0.00033200273069047,,,,,,,,,,,,,,,,,,,ohlcv_backfill,minute,0.00030885468023837074,0.00036786113246522155,0.00029373597021664427,0.00033200273069047,11234.4332907585,/home/runner/work/Solana-Memecoin-Analysis/Solana-Memecoin-Analysis/data/cache/2026-09-27/072920930208_ohlcv_63d9df96523d.json
2026-09-26T23:40:00+00:00,4aE7RyYHugztSy3rdKq51bvNkaRj2E7NJU7jPWxzhC3Q,solana,PumpSwap,,,,,2026-09-15T21:57:08Z,0.00030885468023837074,,,,,,,,,,,,,,,,,,,ohlcv_backfill,minute,0.0002887361079350115,0.00032751756115669727,0.0002765493373599228,0.00030885468023837074,8229.19544033149,/home/runner/work/Solana-Memecoin-Analysis/Solana-Memecoin-Analysis/data/cache/2026-09-27/072920930208_ohlcv_63d9df96523d.json
2026-09-26T23:35:00+00:00,4aE7RyYHugztSy3rdKq51bvNkaRj2E7NJU7jPWxzhC3Q,solana,PumpSwap,,,,,2026-09-15T21:57:08Z,0.0002887361079350115,,,,,,,,,,,,,,,,,,,ohlcv_backfill,minute,0.0003923770002229671,0.0003923770002229671,0.0002638700400966089,0.0002887361079350115,20443.958604789997,/home/runner/work/Solana-Memecoin-Analysis/Solana-Memecoin-Analysis/data/cache/2026-09-27/072920930208_ohlcv_63d9df96523d.json
2026-09-26T23:30:00+00:00,4aE7RyYHugztSy3rdKq51bvNkaRj2E7NJU7jPWxzhC3Q,solana,PumpSwap,,,,,2026-09-15T21:57:08Z,0.0003923770002229671,,,,,,,,,,,,,,,,,,,ohlcv_backfill,minute,0.000359324714514367,0.0004051153304501155,0.0003534407231252308,0.0003923770002229671,8526.948328564311,/home/runner/work/Solana-Memecoin-Analysis/Solana-Memecoin-Analysis/data/cache/2026-09-27/072920930208_ohlcv_63d9df96523d.json
2026-09-26T23:25:00+00:00,4aE7RyYHugztSy3rdKq51bvNkaRj2E7NJU7jPWxzhC3Q,solana,PumpSwap,,,,,2026-09-15T21:57:08Z,0.000359324714514367,,,,,,,,,,,,,,,,,,,ohlcv_backfill,minute,0.00035501384854185716,0.0004045743518040428,0.0003528913956616111,0.000359324714514367,13871.920850955268,/home/runner/work/Solana-Memecoin-Analysis/Solana-Memecoin-Analysis/data/cache/2026-09-27/072920930208_ohlcv_63d9df96523d.json
2026-09-26T23:20:00+00:00,4aE7RyYHugztSy3rdKq51bvNkaRj2E7NJU7jPWxzhC3Q,solana,PumpSwap,,,,,2026-09-15T21:57:08Z,0.00035501384854185716,,,,,,,,,,,,,,,,,,,ohlcv_backfill,minute,0.0005155499247507446,0.0005288491123345717,0.00033660168580627045,0.00035501384854185716,43279.592023574776,/home/runner/work/Solana-Memecoin-Analysis/Solana-Memecoin-Analysis/data/cache/2026-09-27/072920930208_ohlcv_63d9df96523d.json
2026-09-26T23:15:00+00:00,4aE7RyYHugztSy3rdKq51bvNkaRj2E7NJU7jPWxzhC3Q,solana,PumpSwap,,,,,2026-09-15T21:57:08Z,0.0005155499247507446,,,,,,,,,,,,,,,,,,,ohlcv_backfill,minute,0.000589944206837556,0.0006021842492407732,0.00045927253096687603,0.0005155499247507446,18345.814388863226,/home/runner/work/Solana-Memecoin-Analysis/Solana-Memecoin-Analysis/data/cache/2026-09-27/072920930208_ohlcv_63d9df96523d.json
2026-09-26T23:10:00+00:00,4aE7RyYHugztSy3rdKq51bvNkaRj2E7NJU7jPWxzhC3Q,solana,PumpSwap,,,,,2026-09-15T21:57:08Z,0.000589944206837556,,,,,,,,,,,,,,,,,,,ohlcv_backfill,minute,0.0006506777543263116,0.0006893100480062737,0.00046949281405699294,0.000589944206837556,37931.215819629404,/home/runner/work/Solana-Memecoin-Analysis/Solana-Memecoin-Analysis/data/cache/2026-09-27/072920930208_ohlcv_63d9df96523d.json
2026-09-26T23:05:00+00:00,4aE7RyYHugztSy3rdKq51bvNkaRj2E7NJU7jPWxzhC3Q,solana,PumpSwap,,,,,2026-09-15T21:57:08Z,0.0006506777543263116,,,,,,,,,,,,,,,,,,,ohlcv_backfill,minute,0.0007441126901410866,0.0007681790633971965,0.0006452077892651379,0.0006506777543263116,11053.281804542408,/home/runner/work/Solana-Memecoin-Analysis/Solana-Memecoin-Analysis/data/cache/2026-09-27/072920930208_ohlcv_63d9df96523d.json
2026-09-26T23:00:00+00:00,4aE7RyYHugztSy3rdKq51bvNkaRj2E7NJU7jPWxzhC3Q,solana,PumpSwap,,,,,2026-09-15T21:57:08Z,0.0007441126901410866,,,,,,,,,,,,,,,,,,,ohlcv_backfill,minute,0.0006950369725702406,0.0008063421152699178,0.0006588225096840123,0.0007441126901410866,22098.638970070246,/home/runner/work/Solana-Memecoin-Analysis/Solana-Memecoin-Analysis/data/cache/2026-09-27/072920930208_ohlcv_63d9df96523d.json
2026-09-26T22:55:00+00:00,4aE7RyYHugztSy3rdKq51bvNkaRj2E7NJU7jPWxzhC3Q,solana,PumpSwap,,,,,2026-09-15T21:57:08Z,0.0006950369725702406,,,,,,,,,,,,,,,,,,,ohlcv_backfill,minute,0.000727141374179361,0.0007284812378334087,0.000682001728060438,0.0006950369725702406,5988.780983816879,/home/runner/work/Solana-Memecoin-Analysis/Solana-Memecoin-Analysis/data/cache/2026-09-27/072920930208_ohlcv_63d9df96523d.json
2026-09-26T22:50:00+00:00,4aE7RyYHugztSy3rdKq51bvNkaRj2E7NJU7jPWxzhC3Q,solana,PumpSwap,,,,,2026-09-15T21:57:08Z,0.000727141374179361,,,,,,,,,,,,,,,,,,,ohlcv_backfill,minute,0.0007589565556324761,0.0007718677549167197,0.0007011312329245919,0.000727141374179361,9664.770630095949,/home/runner/work/Solana-Memecoin-Analysis/Solana-Memecoin-Analysis/data/cache/2026-09-27/072920930208_ohlcv_63d9df96523d.json
2026-09-26T22:45:00+00:00,4aE7RyYHugztSy3rdKq51bvNkaRj2E7NJU7jPWxzhC3Q,solana,PumpSwap,,,,,2026-09-15T21:57:08Z,0.0007589565556324761,,,,,,,,,,,,,,,,,,,ohlcv_backfill,minute,0.000790209531728601,0.0008771634438614132,0.0007485516684886805,0.0007589565556324761,20411.249442713437,/home/runner/work/Solana-Memecoin-Analysis/Solana-Memecoin-Analysis/data/cache/2026-09-27/072920930208_ohlcv_63d9df96523d.json
2026-09-26T22:40:00+00:00,4aE7RyYHugztSy3rdKq51bvNkaRj2E7NJU7jPWxzhC3Q,solana,PumpSwap,,,,,2026-09-15T21:57:08Z,0.000790209531728601,,,,,,,,,,,,,,,,,,,ohlcv_backfill,minute,0.0007628219280560859,0.0008118365854621944,0.0007526014402032633,0.000790209531728601,10406.971195748305,/home/runner/work/Solana-Memecoin-Analysis/Solana-Memecoin-Analysis/data/cache/2026-09-27/072920930208_ohlcv_63d9df96523d.json
2026-09-26T22:35:00+00:00,4aE7RyYHugztSy3rdKq51bvNkaRj2E7NJU7jPWxzhC3Q,solana,PumpSwap,,,,,2026-09-15T21:57:08Z,0.0007628219280560859,,,,,,,,,,,,,,,,,,,ohlcv_backfill,minute,0.0007254810919692823,0.0007731075208264717,0.0006814421266795198,0.0007628219280560859,9697.054259518716,/home/runner/work/Solana-Memecoin-Analysis/Solana-Memecoin-Analysis/data/cache/2026-09-27/072920930208_ohlcv_63d9df96523d.json
2026-09-26T22:30:00+00:00,4aE7RyYHugztSy3rdKq51bvNkaRj2E7NJU7jPWxzhC3Q,solana,PumpSwap,,,,,2026-09-15T21:57:08Z,0.0007254810919692823,,,,,,,,,,,,,,,,,,,ohlcv_backfill,minute,0.0007754844035121157,0.0008421369197096144,0.0007193712516110357,0.0007254810919692823,26102.943569493647,/home/runner/work/Solana-Memecoin-Analysis/Solana-Memecoin-Analysis/data/cache/2026-09-27/072920930208_ohlcv_63d9df96523d.json
2026-09-26T22:25:00+00:00,4aE7RyYHugztSy3rdKq51bvNkaRj2E7NJU7jPWxzhC3Q,solana,PumpSwap,,,,,2026-09-15T21:57:08Z,0.0007754844035121157,,,,,,,,,,,,,,,,,,,ohlcv_backfill,minute,0.0009283338748428238,0.0009311898246612589,0.0007354188595975665,0.0007754844035121157,17453.14688456501,/home/runner/work/Solana-Memecoin-Analysis/Solana-Memecoin-Analysis/data/cache/2026-09-27/072920930208_ohlcv_63d9df96523d.json
2026-09-26T22:20:00+00:00,4aE7RyYHugztSy3rdKq51bvNkaRj2E7NJU7jPWxzhC3Q,solana,PumpSwap,,,,,2026-09-15T21:57:08Z,0.0009283338748428238,,,,,,,,,,,,,,,,,,,ohlcv_backfill,minute,0.000872720382526378,0.0009968372545413689,0.000859729904467476,0.0009283338748428238,15304.100216715566,/home/runner/work/Solana-Memecoin-Analysis/Solana-Memecoin-Analysis/data/cache/2026-09-27/072920930208_ohlcv_63d9df96523d.json
2026-09-26T22:15:00+00:00,4aE7RyYHugztSy3rdKq51bvNkaRj2E7NJU7jPWxzhC3Q,solana,PumpSwap,,,,,2026-09-15T21:57:08Z,0.000872720382526378,,,,,,,,,,,,,,,,,,,ohlcv_backfill,minute,0.0008016395153779118,0.0009059413067311322,0.0007920713542744511,0.000872720382526378,11403.938678472006,/home/runner/work/Solana-Memecoin-Analysis/Solana-Memecoin-Analysis/data/cache/2026-09-27/072920930208_ohlcv_63d9df96523d.json
2026-09-26T22:10:00+00:00,4aE7RyYHugztSy3rdKq51bvNkaRj2E7NJU7jPWxzhC3Q,solana,PumpSwap,,,,,2026-09-15T21:57:08Z,0.0008016395153779118,,,,,,,,,,,,,,,,,,,ohlcv_backfill,minute,0.0009474206289241051,0.0010144739469190762,0.0007779122791946634,0.0008016395153779118,30027.510642466645,/home/runner/work/Solana-Memecoin-Analysis/Solana-Memecoin-Analysis/data/cache/2026-09-27/072920930208_ohlcv_63d9df96523d.json
2026-09-26T22:05:00+00:00,4aE7RyYHugztSy3rdKq51bvNkaRj2E7NJU7jPWxzhC3Q,solana,PumpSwap,,,,,2026-09-15T21:57:08Z,0.0009474206289241051,,,,,,,,,,,,,,,,,,,ohlcv_backfill,minute,0.0012061785011827834,0.0013171953374618444,0.0008555506023846395,0.0009474206289241051,42235.76093666129,/home/runner/work/Solana-Memecoin-Analysis/Solana-Memecoin-Analysis/data/cache/2026-09-27/072920930208_ohlcv_63d9df96523d.json
2026-09-26T22:00:00+00:00,4aE7RyYHugztSy3rdKq51bvNkaRj2E7NJU7jPWxzhC3Q,solana,PumpSwap,,,,,2026-09-15T21:57:08Z,0.0012061785011827834,,,,,,,,,,,,,,,,,,,ohlcv_backfill,minute,0.0011678754550920037,0.0013001511771567208,0.0011506596755947133,0.0012061785011827834,11942.421094869118,/home/runner/work/Solana-Memecoin-Analysis/Solana-Memecoin-Analysis/data/cache/2026-09-27/072920930208_ohlcv_63d9df96523d.json
2026-09-26T21:55:00+00:00,4aE7RyYHugztSy3rdKq51bvNkaRj2E7NJU7jPWxzhC3Q,solana,PumpSwap,,,,,2026-09-15T21:57:08Z,0.0011678754550920037,,,,,,,,,,,,,,,,,,,ohlcv_backfill,minute,0.0011831045111688136,0.0011831045111688136,0.0010582494836884379,0.0011678754550920037,8959.423814436013,/home/runner/work/Solana-Memecoin-Analysis/Solana-Memecoin-Analysis/data/cache/2026-09-27/072920930208_ohlcv_63d9df96523d.json
2026-09-26T21:50:00+00:00,4aE7RyYHugztSy3rdKq51bvNkaRj2E7NJU7jPWxzhC3Q,solana,PumpSwap,,,,,2026-09-15T21:57:08Z,0.0011831045111688136,,,,,,,,,,,,,,,,,,,ohlcv_backfill,minute,0.0012444815012810759,0.0012970382325566316,0.0010756463758981496,0.0011831045111688136,21497.253120893853,/home/runner/work/Solana-Memecoin-Analysis/Solana-Memecoin-Analysis/data/cache/2026-09-27/072920930208_ohlcv_63d9df96523d.json
2026-09-26T21:45:00+00:00,4aE7RyYHugztSy3rdKq51bvNkaRj2E7NJU7jPWxzhC3Q,solana,PumpSwap,,,,,2026-09-15T21:57:08Z,0.0012444815012810759,,,,,,,,,,,,,,,,,,,ohlcv_backfill,minute,0.0013700176148071148,0.0014406231222498828,0.0012375187548838,0.0012444815012810759,12560.05788181528,/home/runner/work/Solana-Memecoin-Analysis/Solana-Memecoin-Analysis/data/cache/2026-09-27/072920930208_ohlcv_63d9df96523d.json
2026-09-26T21:40:00+00:00,4aE7RyYHugztSy3rdKq51bvNkaRj2E7NJU7jPWxzhC3Q,solana,PumpSwap,,,,,2026-09-15T21:57:08Z,0.0013700176148071148,,,,,,,,,,,,,,,,,,,ohlcv_backfill,minute,0.0011871050527211592,0.0014110786657468503,0.001125764416087662,0.0013700176148071148,19845.221179560383,/home/runner/work/Solana-Memecoin-Analysis/Solana-Memecoin-Analysis/data/cache/2026-09-27/072920930208_ohlcv_63d9df96523d.json
2026-09-26T21:35:00+00:00,4aE7RyYHugztSy3rdKq51bvNkaRj2E7NJU7jPWxzhC3Q,solana,PumpSwap,,,,,2026-09-15T21:57:08Z,0.0011871050527211592,,,,,,,,,,,,,,,,,,,ohlcv_backfill,minute,0.0012328253527409624,0.0012513110110176225,0.0010964122940122266,0.0011871050527211592,26256.952664853434,/home/runner/work/Solana-Memecoin-Analysis/Solana-Memecoin-Analysis/data/cache/2026-09-27/072920930208_ohlcv_63d9df96523d.json
2026-09-26T21:30:00+00:00,4aE7RyYHugztSy3rdKq51bvNkaRj2E7NJU7jPWxzhC3Q,solana,PumpSwap,,,,,2026-09-15T21:57:08Z,0.0012328253527409624,,,,,,,,,,,,,,,,,,,ohlcv_backfill,minute,0.0013449041351506492,0.0013591653170623602,0.001173837534618811,0.0012328253527409624,37994.65602891596,/home/runner/work/Solana-Memecoin-Analysis/Solana-Memecoin-Analysis/data/cache/2026-09-27/072920930208_ohlcv_63d9df96523d.json
2026-09-26T21:25:00+00:00,4aE7RyYHugztSy3rdKq51bvNkaRj2E7NJU7jPWxzhC3Q,solana,PumpSwap,,,,,2026-09-15T21:57:08Z,0.0013449041351506492,,,,,,,,,,,,,,,,,,,ohlcv_backfill,minute,0.0014664970383937096,0.001504507509468018,0.0013298996739685917,0.0013449041351506492,23456.58371806715,/home/runner/work/Solana-Memecoin-Analysis/Solana-Memecoin-Analysis/data/cache/2026-09-27/072920930208_ohlcv_63d9df96523d.json
2026-09-26T21:20:00+00:00,4aE7RyYHugztSy3rdKq51bvNkaRj2E7NJU7jPWxzhC3Q,solana,PumpSwap,,,,,2026-09-15T21:57:08Z,0.0014664970383937096,,,,,,,,,,,,,,,,,,,ohlcv_backfill,minute,0.001257664109432251,0.0014925905465367761,0.001186792347915746,0.0014664970383937096,20853.445614433425,/home/runner/work/Solana-Memecoin-Analysis/Solana-Memecoin-Analysis/data/cache/2026-09-27/072920930208_ohlcv_63d9df96523d.json
2026-09-26T21:15:00+00:00,4aE7RyYHugztSy3rdKq51bvNkaRj2E7NJU7jPWxzhC3Q,solana,PumpSwap,,,,,2026-09-15T21:57:08Z,0.001257664109432251,,,,,,,,,,,,,,,,,,,ohlcv_backfill,minute,0.001456168965599537,0.001456168965599537,0.0011388922559650283,0.001257664109432251,30233.482258353324,/home/runner/work/Solana-Memecoin-Analysis/Solana-Memecoin-Analysis/data/cache/2026-09-27/072920930208_ohlcv_63d9df96523d.json
2026-09-26T21:10:00+00:00,4aE7RyYHugztSy3rdKq51bvNkaRj2E7NJU7jPWxzhC3Q,solana,PumpSwap,,,,,2026-09-15T21:57:08Z,0.001456168965599537,,,,,,,,,,,,,,,,,,,ohlcv_backfill,minute,0.0014579757248696433,0.00150331919037073,0.0012058211560337089,0.001456168965599537,64019.2882422975,/home/runner/work/Solana-Memecoin-Analysis/Solana-Memecoin-Analysis/data/cache/2026-09-27/072920930208_ohlcv_63d9df96523d.json
2026-09-26T21:05:00+00:00,4aE7RyYHugztSy3rdKq51bvNkaRj2E7NJU7jPWxzhC3Q,solana,PumpSwap,,,,,2026-09-15T21:57:08Z,0.0014579757248696433,,,,,,,,,,,,,,,,,,,ohlcv_backfill,minute,0.0014845135484066435,0.001531151815114815,0.0013749171870510773,0.0014579757248696433,16595.07117677924,/home/runner/work/Solana-Memecoin-Analysis/Solana-Memecoin-Analysis/data/cache/2026-09-27/072920930208_ohlcv_63d9df96523d.json
2026-09-26T21:00:00+00:00,4aE7RyYHugztSy3rdKq51bvNkaRj2E7NJU7jPWxzhC3Q,solana,PumpSwap,,,,,2026-09-15T21:57:08Z,0.0014845135484066435,,,,,,,,,,,,,,,,,,,ohlcv_backfill,minute,0.0017534329779633126,0.0018207820974450529,0.001332719858415176,0.0014845135484066435,72860.14138059384,/home/runner/work/Solana-Memecoin-Analysis/Solana-Memecoin-Analysis/data/cache/2026-09-27/072920930208_ohlcv_63d9df96523d.json
2026-09-26T20:55:00+00:00,4aE7RyYHugztSy3rdKq51bvNkaRj2E7NJU7jPWxzhC3Q,solana,PumpSwap,,,,,2026-09-15T21:57:08Z,0.0017534329779633126,,,,,,,,,,,,,,,,,,,ohlcv_backfill,minute,0.0018370653679604147,0.002024203234075272,0.0016958806872591832,0.0017534329779633126,41715.61320265363,/home/runner/work/Solana-Memecoin-Analysis/Solana-Memecoin-Analysis/data/cache/2026-09-27/072920930208_ohlcv_63d9df96523d.json
2026-09-26T20:50:00+00:00,4aE7RyYHugztSy3rdKq51bvNkaRj2E7NJU7jPWxzhC3Q,solana,PumpSwap,,,,,2026-09-15T21:57:08Z,0.0018370653679604147,,,,,,,,,,,,,,,,,,,ohlcv_backfill,minute,0.0015444529834240295,0.0024133389025984926,0.0014950694683574458,0.0018370653679604147,79483.96687235616,/home/runner/work/Solana-Memecoin-Analysis/Solana-Memecoin-Analysis/data/cache/2026-09-27/072920930208_ohlcv_63d9df96523d.json
2026-09-26T20:45:00+00:00,4aE7RyYHugztSy3rdKq51bvNkaRj2E7NJU7jPWxzhC3Q,solana,PumpSwap,,,,,2026-09-15T21:57:08Z,0.0015444529834240295,,,,,,,,,,,,,,,,,,,ohlcv_backfill,minute,0.0016779551318985095,0.0019270792669802306,0.0015055481405238992,0.0015444529834240295,31741.76962647669,/home/runner/work/Solana-Memecoin-Analysis/Solana-Memecoin-Analysis/data/cache/2026-09-27/072920930208_ohlcv_63d9df96523d.json
2026-09-26T20:40:00+00:00,4aE7RyYHugztSy3rdKq51bvNkaRj2E7NJU7jPWxzhC3Q,solana,PumpSwap,,,,,2026-09-15T21:57:08Z,0.0016779551318985095,,,,,,,,,,,,,,,,,,,ohlcv_backfill,minute,0.0015133627653591746,0.0020537124672992723,0.0011935754058778915,0.0016779551318985095,107130.62543206546,/home/runner/work/Solana-Memecoin-Analysis/Solana-Memecoin-Analysis/data/cache/2026-09-27/072920930208_ohlcv_63d9df96523d.json
2026-09-26T20:35:00+00:00,4aE7RyYHugztSy3rdKq51bvNkaRj2E7NJU7jPWxzhC3Q,solana,PumpSwap,,,,,2026-09-15T21:57:08Z,0.0015133627653591746,,,,,,,,,,,,,,,,,,,ohlcv_backfill,minute,0.0015642130757740306,0.0016031477531897893,0.0011697764200637832,0.0015133627653591746,111139.82302423244,/home/runner/work/Solana-Memecoin-Analysis/Solana-Memecoin-Analysis/data/cache/2026-09-27/072920930208_ohlcv_63d9df96523d.json
2026-09-26T20:30:00+00:00,4aE7RyYHugztSy3rdKq51bvNkaRj2E7NJU7jPWxzhC3Q,solana,PumpSwap,,,,,2026-09-15T21:57:08Z,0.0015642130757740306,,,,,,,,,,,,,,,,,,,ohlcv_backfill,minute,0.0019915147937241084,0.00229028386707142,0.0014073184024433632,0.0015642130757740306,223385.7766881139,/home/runner/work/Solana-Memecoin-Analysis/Solana-Memecoin-Analysis/data/cache/2026-09-27/072920930208_ohlcv_63d9df96523d.json
2026-09-26T20:25:00+00:00,4aE7RyYHugztSy3rdKq51bvNkaRj2E7NJU7jPWxzhC3Q,solana,PumpSwap,,,,,2026-09-15T21:57:08Z,0.0019915147937241084,,,,,,,,,,,,,,,,,,,ohlcv_backfill,minute,0.0017335522220959046,0.0021344863695758123,0.0014686123512378704,0.0019915147937241084,224625.4069992089,/home/runner/work/Solana-Memecoin-Analysis/Solana-Memecoin-Analysis/data/cache/2026-09-27/072920930208_ohlcv_63d9df96523d.json
2026-09-26T20:20:00+00:00,4aE7RyYHugztSy3rdKq51bvNkaRj2E7NJU7jPWxzhC3Q,solana,PumpSwap,,,,,2026-09-15T21:57:08Z,0.0017335522220959046,,,,,,,,,,,,,,,,,,,ohlcv_backfill,minute,0.001362105518715696,0.0018774327283812694,0.0010749945282302858,0.0017335522220959046,219107.63114426457,/home/runner/work/Solana-Memecoin-Analysis/Solana-Memecoin-Analysis/data/cache/2026-09-27/072920930208_ohlcv_63d9df96523d.json
2026-09-26T20:15:00+00:00,4aE7RyYHugztSy3rdKq51bvNkaRj2E7NJU7jPWxzhC3Q,solana,PumpSwap,,,,,2026-09-15T21:57:08Z,0.001362105518715696,,,,,,,,,,,,,,,,,,,ohlcv_backfill,minute,0.0006918675714793158,0.0015570537844929082,0.0006352909213238597,0.001362105518715696,630095.7330157595,/home/runner/work/Solana-Memecoin-Analysis/Solana-Memecoin-Analysis/data/cache/2026-09-27/072920930208_ohlcv_63d9df96523d.json
2026-09-26T20:10:00+00:00,4aE7RyYHugztSy3rdKq51bvNkaRj2E7NJU7jPWxzhC3Q,solana,PumpSwap,,,,,2026-09-15T21:57:08Z,0.0006918675714793158,,,,,,,,,,,,,,,,,,,ohlcv_backfill,minute,0.00040577644265650504,0.0007602769523694128,0.0003567230182826498,0.0006918675714793158,83762.39389018143,/home/runner/work/Solana-Memecoin-Analysis/Solana-Memecoin-Analysis/data/cache/2026-09-27/072920930208_ohlcv_63d9df96523d.json
2026-09-26T20:05:00+00:00,4aE7RyYHugztSy3rdKq51bvNkaRj2E7NJU7jPWxzhC3Q,solana,PumpSwap,,,,,2026-09-15T21:57:08Z,0.00040577644265650504,,,,,,,,,,,,,,,,,,,ohlcv_backfill,minute,0.00044054618376390665,0.0005322819317919957,0.00032083728825702424,0.00040577644265650504,84920.73235803812,/home/runner/work/Solana-Memecoin-Analysis/Solana-Memecoin-Analysis/data/cache/2026-09-27/072920930208_ohlcv_63d9df96523d.json
2026-09-26T20:00:00+00:00,4aE7RyYHugztSy3rdKq51bvNkaRj2E7NJU7jPWxzhC3Q,solana,PumpSwap,,,,,2026-09-15T21:57:08Z,0.00044054618376390665,,,,,,,,,,,,,,,,,,,ohlcv_backfill,minute,0.00039231815354933325,0.0006095140464150339,0.0002738505653902248,0.00044054618376390665,144174.05777466515,/home/runner/work/Solana-Memecoin-Analysis/Solana-Memecoin-Analysis/data/cache/2026-09-27/072920930208_ohlcv_63d9df96523d.json
2026-09-26T19:55:00+00:00,4aE7RyYHugztSy3rdKq51bvNkaRj2E7NJU7jPWxzhC3Q,solana,PumpSwap,,,,,2026-09-15T21:57:08Z,0.00039231815354933325,,,,,,,,,,,,,,,,,,,ohlcv_backfill,minute,8.527169368049109e-05,0.00041099863357152737,7.674589493410666e-05,0.00039231815354933325,117848.77279735942,/home/runner/work/Solana-Memecoin-Analysis/Solana-Memecoin-Analysis/data/cache/2026-09-27/072920930208_ohlcv_63d9df96523d.json
2026-09-26T19:50:00+00:00,4aE7RyYHugztSy3rdKq51bvNkaRj2E7NJU7jPWxzhC3Q,solana,PumpSwap,,,,,2026-09-15T21:57:08Z,8.527169368049109e-05,,,,,,,,,,,,,,,,,,,ohlcv_backfill,minute,0.00010970397068483227,0.00011121305679555633,8.346194551379956e-05,8.527169368049109e-05,6232.694479084583,/home/runner/work/Solana-Memecoin-Analysis/Solana-Memecoin-Analysis/data/cache/2026-09-27/072920930208_ohlcv_63d9df96523d.json
2026-09-26T19:45:00+00:00,4aE7RyYHugztSy3rdKq51bvNkaRj2E7NJU7jPWxzhC3Q,solana,PumpSwap,,,,,2026-09-15T21:57:08Z,0.00010970397068483227,,,,,,,,,,,,,,,,,,,ohlcv_backfill,minute,8.285467234431719e-05,0.00013675688445953036,7.879765068776971e-05,0.00010970397068483227,13568.862806228632,/home/runner/work/Solana-Memecoin-Analysis/Solana-Memecoin-Analysis/data/cache/2026-09-27/072920930208_ohlcv_63d9df96523d.json
2026-09-26T19:40:00+00:00,4aE7RyYHugztSy3rdKq51bvNkaRj2E7NJU7jPWxzhC3Q,solana,PumpSwap,,,,,2026-09-15T21:57:08Z,8.285467234431719e-05,,,,,,,,,,,,,,,,,,,ohlcv_backfill,minute,0.00012104433601128068,0.0001270416100038129,7.797475104347323e-05,8.285467234431719e-05,25689.026716396616,/home/runner/work/Solana-Memecoin-Analysis/Solana-Memecoin-Analysis/data/cache/2026-09-27/072920930208_ohlcv_63d9df96523d.json
2026-09-26T19:35:00+00:00,4aE7RyYHugztSy3rdKq51bvNkaRj2E7NJU7jPWxzhC3Q,solana,PumpSwap,,,,,2026-09-15T21:57:08Z,0.00012104433601128068,,,,,,,,,,,,,,,,,,,ohlcv_backfill,minute,0.00015524884305925042,0.0001743629531458673,0.00011396492210800723,0.00012104433601128068,20430.218262775605,/home/runner/work/Solana-Memecoin-Analysis/Solana-Memecoin-Analysis/data/cache/2026-09-27/072920930208_ohlcv_63d9df96523d.json
2026-09-26T19:30:00+00:00,4aE7RyYHugztSy3rdKq51bvNkaRj2E7NJU7jPWxzhC3Q,solana,PumpSwap,,,,,2026-09-15T21:57:08Z,0.00015524884305925042,,,,,,,,,,,,,,,,,,,ohlcv_backfill,minute,0.00012861571629011763,0.00018087875598150427,0.0001051856567407806,0.00015524884305925042,43687.58720650673,/home/runner/work/Solana-Memecoin-Analysis/Solana-Memecoin-Analysis/data/cache/2026-09-27/072920930208_ohlcv_63d9df96523d.json
2026-09-26T19:25:00+00:00,4aE7RyYHugztSy3rdKq51bvNkaRj2E7NJU7jPWxzhC3Q,solana,PumpSwap,,,,,2026-09-15T21:57:08Z,0.00012861571629011763,,,,,,,,,,,,,,,,,,,ohlcv_backfill,minute,8.631246588337883e-05,0.0002329538764219956,8.477894690163586e-05,0.00012861571629011763,126723.32259503094,/home/runner/work/Solana-Memecoin-Analysis/Solana-Memecoin-Analysis/data/cache/2026-09-27/072920930208_ohlcv_63d9df96523d.json
2026-09-26T19:20:00+00:00,4aE7RyYHugztSy3rdKq51bvNkaRj2E7NJU7jPWxzhC3Q,solana,PumpSwap,,,,,2026-09-15T21:57:08Z,8.631246588337883e-05,,,,,,,,,,,,,,,,,,,ohlcv_backfill,minute,0.00012356583153950545,0.0001270598282318126,8.421770497713304e-05,8.631246588337883e-05,12370.963008147819,/home/runner/work/Solana-Memecoin-Analysis/Solana-Memecoin-Analysis/data/cache/2026-09-27/072920930208_ohlcv_63d9df96523d.json
2026-09-26T19:15:00+00:00,4aE7RyYHugztSy3rdKq51bvNkaRj2E7NJU7jPWxzhC3Q,solana,PumpSwap,,,,,2026-09-15T21:57:08Z,0.00012356583153950545,,,,,,,,,,,,,,,,,,,ohlcv_backfill,minute,8.275656733234593e-05,0.000160697724259814,7.762148148519828e-05,0.00012356583153950545,33207.78039284917,/home/runner/work/Solana-Memecoin-Analysis/Solana-Memecoin-Analysis/data/cache/2026-09-27/072920930208_ohlcv_63d9df96523d.json
2026-09-26T19:10:00+00:00,4aE7RyYHugztSy3rdKq51bvNkaRj2E7NJU7jPWxzhC3Q,solana,PumpSwap,,,,,2026-09-15T21:57:08Z,8.275656733234593e-05,,,,,,,,,,,,,,,,,,,ohlcv_backfill,minute,7.411346744825822e-05,8.835953732033918e-05,5.216487865529326e-05,8.275656733234593e-05,12067.722131440018,/home/runner/work/Solana-Memecoin-Analysis/Solana-Memecoin-Analysis/data/cache/2026-09-27/072920930208_ohlcv_63d9df96523d.json
2026-09-26T19:05:00+00:00,4aE7RyYHugztSy3rdKq51bvNkaRj2E7NJU7jPWxzhC3Q,solana,PumpSwap,,,,,2026-09-15T21:57:08Z,7.411346744825822e-05,,,,,,,,,,,,,,,,,,,ohlcv_backfill,minute,7.432920683970546e-05,8.682445894059543e-05,4.134002994332516e-05,7.411346744825822e-05,17569.590987642772,/home/runner/work/Solana-Memecoin-Analysis/Solana-Memecoin-Analysis/data/cache/2026-09-27/072920930208_ohlcv_63d9df96523d.json
2026-09-26T19:00:00+00:00,4aE7RyYHugztSy3rdKq51bvNkaRj2E7NJU7jPWxzhC3Q,solana,PumpSwap,,,,,2026-09-15T21:57:08Z,7.432920683970546e-05,,,,,,,,,,,,,,,,,,,ohlcv_backfill,minute,7.90185890044582e-05,9.843163073211441e-05,3.769808141189484e-05,7.432920683970546e-05,32033.11713307314,/home/runner/work/Solana-Memecoin-Analysis/Solana-Memecoin-Analysis/data/cache/2026-09-27/072920930208_ohlcv_63d9df96523d.json
2026-09-26T18:55:00+00:00,4aE7RyYHugztSy3rdKq51bvNkaRj2E7NJU7jPWxzhC3Q,solana,PumpSwap,,,,,2026-09-15T21:57:08Z,7.90185890044582e-05,,,,,,,,,,,,,,,,,,,ohlcv_backfill,minute,1.9531470388838408e-05,0.0001255576216457992,1.9440226082176987e-05,7.90185890044582e-05,45471.24751789433,/home/runner/work/Solana-Memecoin-Analysis/Solana-Memecoin-Analysis/data/cache/2026-09-27/072920930208_ohlcv_63d9df96523d.json
2026-09-26T18:50:00+00:00,4aE7RyYHugztSy3rdKq51bvNkaRj2E7NJU7jPWxzhC3Q,solana,PumpSwap,,,,,2026-09-15T21:57:08Z,1.9531470388838408e-05,,,,,,,,,,,,,,,,,,,ohlcv_backfill,minute,2.0031944097914573e-05,2.0157980956835933e-05,1.9531470388838408e-05,1.9531470388838408e-05,208.86589627536455,/home/runner/work/Solana-Memecoin-Analysis/Solana-Memecoin-Analysis/data/cache/2026-09-27/072920930208_ohlcv_63d9df96523d.json
2026-09-26T18:45:00+00:00,4aE7RyYHugztSy3rdKq51bvNkaRj2E7NJU7jPWxzhC3Q,solana,PumpSwap,,,,,2026-09-15T21:57:08Z,2.0031944097914573e-05,,,,,,,,,,,,,,,,,,,ohlcv_backfill,minute,1.9140384398047318e-05,2.0031944097914573e-05,1.9140384398047318e-05,2.0031944097914573e-05,236.69131697931897,/home/runner/work/Solana-Memecoin-Analysis/Solana-Memecoin-Analysis/data/cache/2026-09-27/072920930208_ohlcv_63d9df96523d.json
2026-09-26T18:35:00+00:00,4aE7RyYHugztSy3rdKq51bvNkaRj2E7NJU7jPWxzhC3Q,solana,PumpSwap,,,,,2026-09-15T21:57:08Z,1.9140384398047318e-05,,,,,,,,,,,,,,,,,,,ohlcv_backfill,minute,1.9227775301018387e-05,1.9227775301018387e-05,1.9140384398047318e-05,1.9140384398047318e-05,16.538802974481822,/home/runner/work/Solana-Memecoin-Analysis/Solana-Memecoin-Analysis/data/cache/2026-09-27/072920930208_ohlcv_63d9df96523d.json
2026-09-26T18:15:00+00:00,4aE7RyYHugztSy3rdKq51bvNkaRj2E7NJU7jPWxzhC3Q,solana,PumpSwap,,,,,2026-09-15T21:57:08Z,1.9227775301018387e-05,,,,,,,,,,,,,,,,,,,ohlcv_backfill,minute,1.93727371691036e-05,1.93727371691036e-05,1.9227775301018387e-05,1.9227775301018387e-05,6.8976803599853715,/home/runner/work/Solana-Memecoin-Analysis/Solana-Memecoin-Analysis/data/cache/2026-09-27/072920930208_ohlcv_63d9df96523d.json
2026-09-26T18:10:00+00:00,4aE7RyYHugztSy3rdKq51bvNkaRj2E7NJU7jPWxzhC3Q,solana,PumpSwap,,,,,2026-09-15T21:57:08Z,1.93727371691036e-05,,,,,,,,,,,,,,,,,,,ohlcv_backfill,minute,1.9628501382954112e-05,1.9628501382954112e-05,1.93727371691036e-05,1.93727371691036e-05,34.234252746056704,/home/runner/work/Solana-Memecoin-Analysis/Solana-Memecoin-Analysis/data/cache/2026-09-27/072920930208_ohlcv_63d9df96523d.json
2026-09-26T18:05:00+00:00,4aE7RyYHugztSy3rdKq51bvNkaRj2E7NJU7jPWxzhC3Q,solana,PumpSwap,,,,,2026-09-15T21:57:08Z,1.9628501382954112e-05,,,,,,,,,,,,,,,,,,,ohlcv_backfill,minute,2.014006174722924e-05,2.014006174722924e-05,1.9628501382954112e-05,1.9628501382954112e-05,102.56021079506715,/home/runner/work/Solana-Memecoin-Analysis/Solana-Memecoin-Analysis/data/cache/2026-09-27/072920930208_ohlcv_63d9df96523d.json
2026-09-26T18:00:00+00:00,4aE7RyYHugztSy3rdKq51bvNkaRj2E7NJU7jPWxzhC3Q,solana,PumpSwap,,,,,2026-09-15T21:57:08Z,2.014006174722924e-05,,,,,,,,,,,,,,,,,,,ohlcv_backfill,minute,2.46744678643099e-05,2.46744678643099e-05,1.7568707130508444e-05,2.014006174722924e-05,1668.0877907771562,/home/runner/work/Solana-Memecoin-Analysis/Solana-Memecoin-Analysis/data/cache/2026-09-27/072920930208_ohlcv_63d9df96523d.json
2026-09-26T17:45:00+00:00,4aE7RyYHugztSy3rdKq51bvNkaRj2E7NJU7jPWxzhC3Q,solana,PumpSwap,,,,,2026-09-15T21:57:08Z,2.46744678643099e-05,,,,,,,,,,,,,,,,,,,ohlcv_backfill,minute,2.42968840484228e-05,2.46744678643099e-05,2.42968840484228e-05,2.46744678643099e-05,95.34777096259864,/home/runner/work/Solana-Memecoin-Analysis/Solana-Memecoin-Analysis/data/cache/2026-09-27/072920930208_ohlcv_63d9df96523d.json
2026-09-26T17:35:00+00:00,4aE7RyYHugztSy3rdKq51bvNkaRj2E7NJU7jPWxzhC3Q,solana,PumpSwap,,,,,2026-09-15T21:57:08Z,2.42968840484228e-05,,,,,,,,,,,,,,,,,,,ohlcv_backfill,minute,2.329088338716566e-05,2.42968840484228e-05,2.329088338716566e-05,2.42968840484228e-05,443.3864591266985,/home/runner/work/Solana-Memecoin-Analysis/Solana-Memecoin-Analysis/data/cache/2026-09-27/072920930208_ohlcv_63d9df96523d.json
2026-09-26T17:25:00+00:00,4aE7RyYHugztSy3rdKq51bvNkaRj2E7NJU7jPWxzhC3Q,solana,PumpSwap,,,,,2026-09-15T21:57:08Z,2.329088338716566e-05,,,,,,,,,,,,,,,,,,,ohlcv_backfill,minute,2.32150416990676e-05,2.329088338716566e-05,2.32150416990676e-05,2.329088338716566e-05,1.7140753141613794,/home/runner/work/Solana-Memecoin-Analysis/Solana-Memecoin-Analysis/data/cache/2026-09-27/072920930208_ohlcv_63d9df96523d.json
2026-09-26T17:20:00+00:00,4aE7RyYHugztSy3rdKq51bvNkaRj2E7NJU7jPWxzhC3Q,solana,PumpSwap,,,,,2026-09-15T21:57:08Z,2.32150416990676e-05,,,,,,,,,,,,,,,,,,,ohlcv_backfill,minute,2.3040407188628938e-05,2.32150416990676e-05,2.3040407188628938e-05,2.32150416990676e-05,0.4934942882265632,/home/runner/work/Solana-Memecoin-Analysis/Solana-Memecoin-Analysis/data/cache/2026-09-27/072920930208_ohlcv_63d9df96523d.json
2026-09-26T17:15:00+00:00,4aE7RyYHugztSy3rdKq51bvNkaRj2E7NJU7jPWxzhC3Q,solana,PumpSwap,,,,,2026-09-15T21:57:08Z,2.3040407188628938e-05,,,,,,,,,,,,,,,,,,,ohlcv_backfill,minute,2.553660020627887e-05,2.553660020627887e-05,2.3040407188628938e-05,2.3040407188628938e-05,279.7364262380844,/home/runner/work/Solana-Memecoin-Analysis/Solana-Memecoin-Analysis/data/cache/2026-09-27/072920930208_ohlcv_63d9df96523d.json
2026-09-26T17:10:00+00:00,4aE7RyYHugztSy3rdKq51bvNkaRj2E7NJU7jPWxzhC3Q,solana,PumpSwap,,,,,2026-09-15T21:57:08Z,2.553660020627887e-05,,,,,,,,,,,,,,,,,,,ohlcv_backfill,minute,2.738207247581207e-05,2.738207247581207e-05,2.553660020627887e-05,2.553660020627887e-05,464.2930777521839,/home/runner/work/Solana-Memecoin-Analysis/Solana-Memecoin-Analysis/data/cache/2026-09-27/072920930208_ohlcv_63d9df96523d.json
2026-09-26T17:05:00+00:00,4aE7RyYHugztSy3rdKq51bvNkaRj2E7NJU7jPWxzhC3Q,solana,PumpSwap,,,,,2026-09-15T21:57:08Z,2.738207247581207e-05,,,,,,,,,,,,,,,,,,,ohlcv_backfill,minute,2.805842048616915e-05,2.805842048616915e-05,2.738207247581207e-05,2.738207247581207e-05,62.57890604570063,/home/runner/work/Solana-Memecoin-Analysis/Solana-Memecoin-Analysis/data/cache/2026-09-27/072920930208_ohlcv_63d9df96523d.json
2026-09-26T17:00:00+00:00,4aE7RyYHugztSy3rdKq51bvNkaRj2E7NJU7jPWxzhC3Q,solana,PumpSwap,,,,,2026-09-15T21:57:08Z,2.805842048616915e-05,,,,,,,,,,,,,,,,,,,ohlcv_backfill,minute,2.7815093788468278e-05,2.819030071690277e-05,2.77393251420277e-05,2.805842048616915e-05,94.07201998778703,/home/runner/work/Solana-Memecoin-Analysis/Solana-Memecoin-Analysis/data/cache/2026-09-27/072920930208_ohlcv_63d9df96523d.json
2026-09-26T16:55:00+00:00,4aE7RyYHugztSy3rdKq51bvNkaRj2E7NJU7jPWxzhC3Q,solana,PumpSwap,,,,,2026-09-15T21:57:08Z,2.7815093788468278e-05,,,,,,,,,,,,,,,,,,,ohlcv_backfill,minute,3.3257288346001546e-05,3.3257288346001546e-05,2.7570892525660162e-05,2.7815093788468278e-05,1045.7211894760983,/home/runner/work/Solana-Memecoin-Analysis/Solana-Memecoin-Analysis/data/cache/2026-09-27/072920930208_ohlcv_63d9df96523d.json
2026-09-26T16:50:00+00:00,4aE7RyYHugztSy3rdKq51bvNkaRj2E7NJU7jPWxzhC3Q,solana,PumpSwap,,,,,2026-09-15T21:57:08Z,3.3257288346001546e-05,,,,,,,,,,,,,,,,,,,ohlcv_backfill,minute,3.0069840813173253e-05,4.4780868674006555e-05,3.0069840813173253e-05,3.3257288346001546e-05,4629.36017151518,/home/runner/work/Solana-Memecoin-Analysis/Solana-Memecoin-Analysis/data/cache/2026-09-27/072920930208_ohlcv_63d9df96523d.json
2026-09-26T16:45:00+00:00,4aE7RyYHugztSy3rdKq51bvNkaRj2E7NJU7jPWxzhC3Q,solana,PumpSwap,,,,,2026-09-15T21:57:08Z,3.0069840813173253e-05,,,,,,,,,,,,,,,,,,,ohlcv_backfill,minute,2.777483117232316e-05,3.028299382555304e-05,2.777483117232316e-05,3.0069840813173253e-05,497.0593389305236,/home/runner/work/Solana-Memecoin-Analysis/Solana-Memecoin-Analysis/data/cache/2026-09-27/072920930208_ohlcv_63d9df96523d.json
2026-09-26T16:40:00+00:00,4aE7RyYHugztSy3rdKq51bvNkaRj2E7NJU7jPWxzhC3Q,solana,PumpSwap,,,,,2026-09-15T21:57:08Z,2.777483117232316e-05,,,,,,,,,,,,,,,,,,,ohlcv_backfill,minute,3.870273866020373e-05,3.870273866020373e-05,2.777483117232316e-05,2.777483117232316e-05,2168.9479104961288,/home/runner/work/Solana-Memecoin-Analysis/Solana-Memecoin-Analysis/data/cache/2026-09-27/072920930208_ohlcv_63d9df96523d.json
2026-09-26T16:35:00+00:00,4aE7RyYHugztSy3rdKq51bvNkaRj2E7NJU7jPWxzhC3Q,solana,PumpSwap,,,,,2026-09-15T21:57:08Z,3.870273866020373e-05,,,,,,,,,,,,,,,,,,,ohlcv_backfill,minute,2.3799043676988184e-05,4.859996779704632e-05,2.3799043676988184e-05,3.870273866020373e-05,5225.773169416362,/home/runner/work/Solana-Memecoin-Analysis/Solana-Memecoin-Analysis/data/cache/2026-09-27/072920930208_ohlcv_63d9df96523d.json
2026-09-26T16:30:00+00:00,4aE7RyYHugztSy3rdKq51bvNkaRj2E7NJU7jPWxzhC3Q,solana,PumpSwap,,,,,2026-09-15T21:57:08Z,2.3799043676988184e-05,,,,,,,,,,,,,,,,,,,ohlcv_backfill,minute,2.1536081139672833e-05,2.6219948479285954e-05,2.1536081139672833e-05,2.3799043676988184e-05,1883.658963059031,/home/runner/work/Solana-Memecoin-Analysis/Solana-Memecoin-Analysis/data/cache/2026-09-27/072920930208_ohlcv_63d9df96523d.json
2026-09-26T16:25:00+00:00,4aE7RyYHugztSy3rdKq51bvNkaRj2E7NJU7jPWxzhC3Q,solana,PumpSwap,,,,,2026-09-15T21:57:08Z,2.1536081139672833e-05,,,,,,,,,,,,,,,,,,,ohlcv_backfill,minute,2.2108523919320968e-05,2.2108523919320968e-05,2.1536081139672833e-05,2.1536081139672833e-05,84.9878126264374,/home/runner/work/Solana-Memecoin-Analysis/Solana-Memecoin-Analysis/data/cache/2026-09-27/072920930208_ohlcv_63d9df96523d.json
2026-09-26T16:15:00+00:00,4aE7RyYHugztSy3rdKq51bvNkaRj2E7NJU7jPWxzhC3Q,solana,PumpSwap,,,,,2026-09-15T21:57:08Z,2.2108523919320968e-05,,,,,,,,,,,,,,,,,,,ohlcv_backfill,minute,1.9852895187232046e-05,2.2108523919320968e-05,1.9852895187232046e-05,2.2108523919320968e-05,504.57560914639106,/home/runner/work/Solana-Memecoin-Analysis/Solana-Memecoin-Analysis/data/cache/2026-09-27/072920930208_ohlcv_63d9df96523d.json
2026-09-26T16:10:00+00:00,4aE7RyYHugztSy3rdKq51bvNkaRj2E7NJU7jPWxzhC3Q,solana,PumpSwap,,,,,2026-09-15T21:57:08Z,1.9852895187232046e-05,,,,,,,,,,,,,,,,,,,ohlcv_backfill,minute,2.2737589849879348e-05,2.2737589849879348e-05,1.9852895187232046e-05,1.9852895187232046e-05,478.8817761755574,/home/runner/work/Solana-Memecoin-Analysis/Solana-Memecoin-Analysis/data/cache/2026-09-27/072920930208_ohlcv_63d9df96523d.json
2026-09-26T16:05:00+00:00,4aE7RyYHugztSy3rdKq51bvNkaRj2E7NJU7jPWxzhC3Q,solana,PumpSwap,,,,,2026-09-15T21:57:08Z,2.2737589849879348e-05,,,,,,,,,,,,,,,,,,,ohlcv_backfill,minute,3.822303517759345e-05,6.0218152736989965e-05,2.2737589849879348e-05,2.2737589849879348e-05,14955.991540520998,/home/runner/work/Solana-Memecoin-Analysis/Solana-Memecoin-Analysis/data/cache/2026-09-27/072920930208_ohlcv_63d9df96523d.json
2026-09-26T16:00:00+00:00,4aE7RyYHugztSy3rdKq51bvNkaRj2E7NJU7jPWxzhC3Q,solana,PumpSwap,,,,,2026-09-15T21:57:08Z,3.822303517759345e-05,,,,,,,,,,,,,,,,,,,ohlcv_backfill,minute,1.798784683046142e-05,5.408704399738129e-05,1.798784683046142e-05,3.822303517759345e-05,13436.515679881064,/home/runner/work/Solana-Memecoin-Analysis/Solana-Memecoin-Analysis/data/cache/2026-09-27/072920930208_ohlcv_63d9df96523d.json
2026-09-26T15:10:00+00:00,4aE7RyYHugztSy3rdKq51bvNkaRj2E7NJU7jPWxzhC3Q,solana,PumpSwap,,,,,2026-09-15T21:57:08Z,1.798784683046142e-05,,,,,,,,,,,,,,,,,,,ohlcv_backfill,minute,1.7291862237875484e-05,1.798784683046142e-05,1.7291862237875484e-05,1.798784683046142e-05,4.835599838638849,/home/runner/work/Solana-Memecoin-Analysis/Solana-Memecoin-Analysis/data/cache/2026-09-27/072920930208_ohlcv_63d9df96523d.json
2026-09-26T15:05:00+00:00,4aE7RyYHugztSy3rdKq51bvNkaRj2E7NJU7jPWxzhC3Q,solana,PumpSwap,,,,,2026-09-15T21:57:08Z,1.7291862237875484e-05,,,,,,,,,,,,,,,,,,,ohlcv_backfill,minute,1.5800493440599796e-05,1.7291862237875484e-05,1.578762933235564e-05,1.7291862237875484e-05,360.71818946110045,/home/runner/work/Solana-Memecoin-Analysis/Solana-Memecoin-Analysis/data/cache/2026-09-27/072920930208_ohlcv_63d9df96523d.json
2026-09-26T15:00:00+00:00,4aE7RyYHugztSy3rdKq51bvNkaRj2E7NJU7jPWxzhC3Q,solana,PumpSwap,,,,,2026-09-15T21:57:08Z,1.5800493440599796e-05,,,,,,,,,,,,,,,,,,,ohlcv_backfill,minute,1.4517662776658595e-05,1.5993902337222534e-05,1.4517662776658595e-05,1.5800493440599796e-05,229.59340936723763,/home/runner/work/Solana-Memecoin-Analysis/Solana-Memecoin-Analysis/data/cache/2026-09-27/072920930208_ohlcv_63d9df96523d.json
2026-09-26T14:40:00+00:00,4aE7RyYHugztSy3rdKq51bvNkaRj2E7NJU7jPWxzhC3Q,solana,PumpSwap,,,,,2026-09-15T21:57:08Z,1.4517662776658595e-05,,,,,,,,,,,,,,,,,,,ohlcv_backfill,minute,1.3844698862681353e-05,1.4517662776658595e-05,1.3844698862681353e-05,1.4517662776658595e-05,236.40569301913968,/home/runner/work/Solana-Memecoin-Analysis/Solana-Memecoin-Analysis/data/cache/2026-09-27/072920930208_ohlcv_63d9df96523d.json
2026-09-26T14:10:00+00:00,4aE7RyYHugztSy3rdKq51bvNkaRj2E7NJU7jPWxzhC3Q,solana,PumpSwap,,,,,2026-09-15T21:57:08Z,1.3844698862681353e-05,,,,,,,,,,,,,,,,,,,ohlcv_backfill,minute,1.4251150708447603e-05,1.4251150708447603e-05,1.3844698862681353e-05,1.3844698862681353e-05,157.1884203251452,/home/runner/work/Solana-Memecoin-Analysis/Solana-Memecoin-Analysis/data/cache/2026-09-27/072920930208_ohlcv_63d9df96523d.json
2026-09-26T14:05:00+00:00,4aE7RyYHugztSy3rdKq51bvNkaRj2E7NJU7jPWxzhC3Q,solana,PumpSwap,,,,,2026-09-15T21:57:08Z,1.4251150708447603e-05,,,,,,,,,,,,,,,,,,,ohlcv_backfill,minute,1.399251469020734e-05,1.431398068384951e-05,1.399251469020734e-05,1.4251150708447603e-05,24.540135309631456,/home/runner/work/Solana-Memecoin-Analysis/Solana-Memecoin-Analysis/data/cache/2026-09-27/072920930208_ohlcv_63d9df96523d.json
2026-09-26T14:00:00+00:00,4aE7RyYHugztSy3rdKq51bvNkaRj2E7NJU7jPWxzhC3Q,solana,PumpSwap,,,,,2026-09-15T21:57:08Z,1.399251469020734e-05,,,,,,,,,,,,,,,,,,,ohlcv_backfill,minute,1.3563480595332462e-05,1.4491757728166308e-05,1.3518312677444283e-05,1.399251469020734e-05,308.47340765735817,/home/runner/work/Solana-Memecoin-Analysis/Solana-Memecoin-Analysis/data/cache/2026-09-27/072920930208_ohlcv_63d9df96523d.json
2026-09-26T12:10:00+00:00,4aE7RyYHugztSy3rdKq51bvNkaRj2E7NJU7jPWxzhC3Q,solana,PumpSwap,,,,,2026-09-15T21:57:08Z,1.3563480595332462e-05,,,,,,,,,,,,,,,,,,,ohlcv_backfill,minute,1.4341163074797718e-05,1.4341163074797718e-05,1.3563480595332462e-05,1.3563480595332462e-05,191.62658907526983,/home/runner/work/Solana-Memecoin-Analysis/Solana-Memecoin-Analysis/data/cache/2026-09-27/072920930208_ohlcv_63d9df96523d.json
2026-09-26T12:00:00+00:00,4aE7RyYHugztSy3rdKq51bvNkaRj2E7NJU7jPWxzhC3Q,solana,PumpSwap,,,,,2026-09-15T21:57:08Z,1.4341163074797718e-05,,,,,,,,,,,,,,,,,,,ohlcv_backfill,minute,1.4477896020633e-05,1.4477896020633e-05,1.4193643198291646e-05,1.4341163074797718e-05,57.60480942306879,/home/runner/work/Solana-Memecoin-Analysis/Solana-Memecoin-Analysis/data/cache/2026-09-27/072920930208_ohlcv_63d9df96523d.json
2026-09-26T11:55:00+00:00,4aE7RyYHugztSy3rdKq51bvNkaRj2E7NJU7jPWxzhC3Q,solana,PumpSwap,,,,,2026-09-15T21:57:08Z,1.4477896020633e-05,,,,,,,,,,,,,,,,,,,ohlcv_backfill,minute,1.5313473274944717e-05,1.5313473274944717e-05,1.4477896020633e-05,1.4477896020633e-05,180.10077195649535,/home/runner/work/Solana-Memecoin-Analysis/Solana-Memecoin-Analysis/data/cache/2026-09-27/072920930208_ohlcv_63d9df96523d.json
2026-09-26T11:50:00+00:00,4aE7RyYHugztSy3rdKq51bvNkaRj2E7NJU7jPWxzhC3Q,solana,PumpSwap,,,,,2026-09-15T21:57:08Z,1.5313473274944717e-05,,,,,,,,,,,,,,,,,,,ohlcv_backfill,minute,1.4011536666293177e-05,1.5870237149240335e-05,1.4011536666293177e-05,1.5313473274944717e-05,374.40924119627203,/home/runner/work/Solana-Memecoin-Analysis/Solana-Memecoin-Analysis/data/cache/2026-09-27/072920930208_ohlcv_63d9df96523d.json
2026-09-26T11:30:00+00:00,4aE7RyYHugztSy3rdKq51bvNkaRj2E7NJU7jPWxzhC3Q,solana,PumpSwap,,,,,2026-09-15T21:57:08Z,1.4011536666293177e-05,,,,,,,,,,,,,,,,,,,ohlcv_backfill,minute,1.4093139547045293e-05,1.4093139547045293e-05,1.4011536666293177e-05,1.4011536666293177e-05,10.06599568779793,/home/runner/work/Solana-Memecoin-Analysis/Solana-Memecoin-Analysis/data/cache/2026-09-27/072920930208_ohlcv_63d9df96523d.json
2026-09-26T10:55:00+00:00,4aE7RyYHugztSy3rdKq51bvNkaRj2E7NJU7jPWxzhC3Q,solana,PumpSwap,,,,,2026-09-15T21:57:08Z,1.4093139547045293e-05,,,,,,,,,,,,,,,,,,,ohlcv_backfill,minute,1.4623856231977788e-05,1.4623856231977788e-05,1.4093139547045293e-05,1.4093139547045293e-05,16.59733157673651,/home/runner/work/Solana-Memecoin-Analysis/Solana-Memecoin-Analysis/data/cache/2026-09-27/072920930208_ohlcv_63d9df96523d.json
2026-09-26T10:30:00+00:00,4aE7RyYHugztSy3rdKq51bvNkaRj2E7NJU7jPWxzhC3Q,solana,PumpSwap,,,,,2026-09-15T21:57:08Z,1.4623856231977788e-05,,,,,,,,,,,,,,,,,,,ohlcv_backfill,minute,1.5341921900354888e-05,1.5341921900354888e-05,1.4623856231977788e-05,1.4623856231977788e-05,200.10226839473674,/home/runner/work/Solana-Memecoin-Analysis/Solana-Memecoin-Analysis/data/cache/2026-09-27/072920930208_ohlcv_63d9df96523d.json
2026-09-26T10:25:00+00:00,4aE7RyYHugztSy3rdKq51bvNkaRj2E7NJU7jPWxzhC3Q,solana,PumpSwap,,,,,2026-09-15T21:57:08Z,1.5341921900354888e-05,,,,,,,,,,,,,,,,,,,ohlcv_backfill,minute,1.6659174029957245e-05,1.6659174029957245e-05,1.5313080303345534e-05,1.5341921900354888e-05,220.35932487585862,/home/runner/work/Solana-Memecoin-Analysis/Solana-Memecoin-Analysis/data/cache/2026-09-27/072920930208_ohlcv_63d9df96523d.json
2026-09-26T10:20:00+00:00,4aE7RyYHugztSy3rdKq51bvNkaRj2E7NJU7jPWxzhC3Q,solana,PumpSwap,,,,,2026-09-15T21:57:08Z,1.6659174029957245e-05,,,,,,,,,,,,,,,,,,,ohlcv_backfill,minute,1.7085518684365505e-05,1.7085518684365505e-05,1.6659174029957245e-05,1.6659174029957245e-05,155.8785666669883,/home/runner/work/Solana-Memecoin-Analysis/Solana-Memecoin-Analysis/data/cache/2026-09-27/072920930208_ohlcv_63d9df96523d.json
2026-09-26T10:05:00+00:00,4aE7RyYHugztSy3rdKq51bvNkaRj2E7NJU7jPWxzhC3Q,solana,PumpSwap,,,,,2026-09-15T21:57:08Z,1.7085518684365505e-05,,,,,,,,,,,,,,,,,,,ohlcv_backfill,minute,1.7103410530326397e-05,1.7103410530326397e-05,1.7085518684365505e-05,1.7085518684365505e-05,10.635142947115472,/home/runner/work/Solana-Memecoin-Analysis/Solana-Memecoin-Analysis/data/cache/2026-09-27/072920930208_ohlcv_63d9df96523d.json
2026-09-26T09:55:00+00:00,4aE7RyYHugztSy3rdKq51bvNkaRj2E7NJU7jPWxzhC3Q,solana,PumpSwap,,,,,2026-09-15T21:57:08Z,1.7103410530326397e-05,,,,,,,,,,,,,,,,,,,ohlcv_backfill,minute,1.8444351941245896e-05,1.8444351941245896e-05,1.7103410530326397e-05,1.7103410530326397e-05,285.66944428343515,/home/runner/work/Solana-Memecoin-Analysis/Solana-Memecoin-Analysis/data/cache/2026-09-27/072920930208_ohlcv_63d9df96523d.json
2026-09-26T09:40:00+00:00,4aE7RyYHugztSy3rdKq51bvNkaRj2E7NJU7jPWxzhC3Q,solana,PumpSwap,,,,,2026-09-15T21:57:08Z,1.8444351941245896e-05,,,,,,,,,,,,,,,,,,,ohlcv_backfill,minute,1.790926693124764e-05,1.8444351941245896e-05,1.790926693124764e-05,1.8444351941245896e-05,172.58233442623276,/home/runner/work/Solana-Memecoin-Analysis/Solana-Memecoin-Analysis/data/cache/2026-09-27/072920930208_ohlcv_63d9df96523d.json
2026-09-26T09:35:00+00:00,4aE7RyYHugztSy3rdKq51bvNkaRj2E7NJU7jPWxzhC3Q,solana,PumpSwap,,,,,2026-09-15T21:57:08Z,1.790926693124764e-05,,,,,,,,,,,,,,,,,,,ohlcv_backfill,minute,1.809924483795029e-05,1.809924483795029e-05,1.790926693124764e-05,1.790926693124764e-05,58.48569140349597,/home/runner/work/Solana-Memecoin-Analysis/Solana-Memecoin-Analysis/data/cache/2026-09-27/072920930208_ohlcv_63d9df96523d.json
2026-09-26T09:30:00+00:00,4aE7RyYHugztSy3rdKq51bvNkaRj2E7NJU7jPWxzhC3Q,solana,PumpSwap,,,,,2026-09-15T21:57:08Z,1.809924483795029e-05,,,,,,,,,,,,,,,,,,,ohlcv_backfill,minute,1.8339786558095513e-05,1.8339786558095513e-05,1.809924483795029e-05,1.809924483795029e-05,10.126605078940692,/home/runner/work/Solana-Memecoin-Analysis/Solana-Memecoin-Analysis/data/cache/2026-09-27/072920930208_ohlcv_63d9df96523d.json
2026-09-26T09:25:00+00:00,4aE7RyYHugztSy3rdKq51bvNkaRj2E7NJU7jPWxzhC3Q,solana,PumpSwap,,,,,2026-09-15T21:57:08Z,1.8339786558095513e-05,,,,,,,,,,,,,,,,,,,ohlcv_backfill,minute,2.292084216097867e-05,2.292084216097867e-05,1.7802671689726825e-05,1.8339786558095513e-05,989.0726185700603,/home/runner/work/Solana-Memecoin-Analysis/Solana-Memecoin-Analysis/data/cache/2026-09-27/072920930208_ohlcv_63d9df96523d.json
2026-09-26T09:15:00+00:00,4aE7RyYHugztSy3rdKq51bvNkaRj2E7NJU7jPWxzhC3Q,solana,PumpSwap,,,,,2026-09-15T21:57:08Z,2.292084216097867e-05,,,,,,,,,,,,,,,,,,,ohlcv_backfill,minute,2.2782572255121968e-05,2.292084216097867e-05,2.2782572255121968e-05,2.292084216097867e-05,1.1834931338950738,/home/runner/work/Solana-Memecoin-Analysis/Solana-Memecoin-Analysis/data/cache/2026-09-27/072920930208_ohlcv_63d9df96523d.json
2026-09-26T09:05:00+00:00,4aE7RyYHugztSy3rdKq51bvNkaRj2E7NJU7jPWxzhC3Q,solana,PumpSwap,,,,,2026-09-15T21:57:08Z,2.2782572255121968e-05,,,,,,,,,,,,,,,,,,,ohlcv_backfill,minute,2.4771819189691257e-05,2.4771819189691257e-05,2.2782572255121968e-05,2.2782572255121968e-05,260.6788107897063,/home/runner/work/Solana-Memecoin-Analysis/Solana-Memecoin-Analysis/data/cache/2026-09-27/072920930208_ohlcv_63d9df96523d.json
2026-09-26T09:00:00+00:00,4aE7RyYHugztSy3rdKq51bvNkaRj2E7NJU7jPWxzhC3Q,solana,PumpSwap,,,,,2026-09-15T21:57:08Z,2.4771819189691257e-05,,,,,,,,,,,,,,,,,,,ohlcv_backfill,minute,2.7696870874858136e-05,2.7997507806209215e-05,2.4771819189691257e-05,2.4771819189691257e-05,476.32127518660036,/home/runner/work/Solana-Memecoin-Analysis/Solana-Memecoin-Analysis/data/cache/2026-09-27/072920930208_ohlcv_63d9df96523d.json
2026-09-26T08:55:00+00:00,4aE7RyYHugztSy3rdKq51bvNkaRj2E7NJU7jPWxzhC3Q,solana,PumpSwap,,,,,2026-09-15T21:57:08Z,2.7696870874858136e-05,,,,,,,,,,,,,,,,,,,ohlcv_backfill,minute,2.6345376846019673e-05,2.783561103593443e-05,2.6345376846019673e-05,2.7696870874858136e-05,214.82066701810174,/home/runner/work/Solana-Memecoin-Analysis/Solana-Memecoin-Analysis/data/cache/2026-09-27/072920930208_ohlcv_63d9df96523d.json
2026-09-26T08:50:00+00:00,4aE7RyYHugztSy3rdKq51bvNkaRj2E7NJU7jPWxzhC3Q,solana,PumpSwap,,,,,2026-09-15T21:57:08Z,2.6345376846019673e-05,,,,,,,,,,,,,,,,,,,ohlcv_backfill,minute,2.7915589106541807e-05,2.7915589106541807e-05,2.6345376846019673e-05,2.6345376846019673e-05,147.81442941296865,/home/runner/work/Solana-Memecoin-Analysis/Solana-Memecoin-Analysis/data/cache/2026-09-27/072920930208_ohlcv_63d9df96523d.json
2026-09-26T08:45:00+00:00,4aE7RyYHugztSy3rdKq51bvNkaRj2E7NJU7jPWxzhC3Q,solana,PumpSwap,,,,,2026-09-15T21:57:08Z,2.7915589106541807e-05,,,,,,,,,,,,,,,,,,,ohlcv_backfill,minute,2.9010752074950167e-05,2.9010752074950167e-05,2.7915589106541807e-05,2.7915589106541807e-05,158.0284760681871,/home/runner/work/Solana-Memecoin-Analysis/Solana-Memecoin-Analysis/data/cache/2026-09-27/072920930208_ohlcv_63d9df96523d.json
2026-09-26T08:40:00+00:00,4aE7RyYHugztSy3rdKq51bvNkaRj2E7NJU7jPWxzhC3Q,solana,PumpSwap,,,,,2026-09-15T21:57:08Z,2.9010752074950167e-05,,,,,,,,,,,,,,,,,,,ohlcv_backfill,minute,3.158415372064676e-05,3.158415372064676e-05,2.9010752074950167e-05,2.9010752074950167e-05,434.8914830293238,/home/runner/work/Solana-Memecoin-Analysis/Solana-Memecoin-Analysis/data/cache/2026-09-27/072920930208_ohlcv_63d9df96523d.json
2026-09-26T08:35:00+00:00,4aE7RyYHugztSy3rdKq51bvNkaRj2E7NJU7jPWxzhC3Q,solana,PumpSwap,,,,,2026-09-15T21:57:08Z,3.158415372064676e-05,,,,,,,,,,,,,,,,,,,ohlcv_backfill,minute,2.494983232063923e-05,3.229403420139393e-05,2.494983232063923e-05,3.158415372064676e-05,2084.1196951744555,/home/runner/work/Solana-Memecoin-Analysis/Solana-Memecoin-Analysis/data/cache/2026-09-27/072920930208_ohlcv_63d9df96523d.json
2026-09-26T08:30:00+00:00,4aE7RyYHugztSy3rdKq51bvNkaRj2E7NJU7jPWxzhC3Q,solana,PumpSwap,,,,,2026-09-15T21:57:08Z,2.494983232063923e-05,,,,,,,,,,,,,,,,,,,ohlcv_backfill,minute,1.8589166508099126e-05,2.494983232063923e-05,1.8589166508099126e-05,2.494983232063923e-05,1320.6436444323285,/home/runner/work/Solana-Memecoin-Analysis/Solana-Memecoin-Analysis/data/cache/2026-09-27/072920930208_ohlcv_63d9df96523d.json
2026-09-26T08:05:00+00:00,4aE7RyYHugztSy3rdKq51bvNkaRj2E7NJU7jPWxzhC3Q,solana,PumpSwap,,,,,2026-09-15T21:57:08Z,1.8589166508099126e-05,,,,,,,,,,,,,,,,,,,ohlcv_backfill,minute,1.8419156489168853e-05,1.8603528391284626e-05,1.8382548354155697e-05,1.8589166508099126e-05,6.145757410257353,/home/runner/work/Solana-Memecoin-Analysis/Solana-Memecoin-Analysis/data/cache/2026-09-27/072920930208_ohlcv_63d9df96523d.json
2026-09-26T08:00:00+00:00,4aE7RyYHugztSy3rdKq51bvNkaRj2E7NJU7jPWxzhC3Q,solana,PumpSwap,,,,,2026-09-15T21:57:08Z,1.8419156489168853e-05,,,,,,,,,,,,,,,,,,,ohlcv_backfill,minute,1.8783190772959468e-05,1.8783190772959468e-05,1.8419156489168853e-05,1.8419156489168853e-05,56.90020443777777,/home/runner/work/Solana-Memecoin-Analysis/Solana-Memecoin-Analysis/data/cache/2026-09-27/072920930208_ohlcv_63d9df96523d.json
2026-09-26T07:55:00+00:00,4aE7RyYHugztSy3rdKq51bvNkaRj2E7NJU7jPWxzhC3Q,solana,PumpSwap,,,,,2026-09-15T21:57:08Z,1.8783190772959468e-05,,,,,,,,,,,,,,,,,,,ohlcv_backfill,minute,1.3798002611028326e-05,2.0551737334699397e-05,1.3798002611028326e-05,1.8783190772959468e-05,1552.2631463118448,/home/runner/work/Solana-Memecoin-Analysis/Solana-Memecoin-Analysis/data/cache/2026-09-27/072920930208_ohlcv_63d9df96523d.json
2026-09-26T07:40:00+00:00,4aE7RyYHugztSy3rdKq51bvNkaRj2E7NJU7jPWxzhC3Q,solana,PumpSwap,,,,,2026-09-15T21:57:08Z,1.3798002611028326e-05,,,,,,,,,,,,,,,,,,,ohlcv_backfill,minute,1.4009335551228268e-05,1.4009335551228268e-05,1.3798002611028326e-05,1.3798002611028326e-05,24.44936874416477,/home/runner/work/Solana-Memecoin-Analysis/Solana-Memecoin-Analysis/data/cache/2026-09-27/072920930208_ohlcv_63d9df96523d.json
2026-09-26T07:35:00+00:00,4aE7RyYHugztSy3rdKq51bvNkaRj2E7NJU7jPWxzhC3Q,solana,PumpSwap,,,,,2026-09-15T21:57:08Z,1.4009335551228268e-05,,,,,,,,,,,,,,,,,,,ohlcv_backfill,minute,1.2531652552557834e-05,1.4009335551228268e-05,1.2531652552557834e-05,1.4009335551228268e-05,372.80684826203935,/home/runner/work/Solana-Memecoin-Analysis/Solana-Memecoin-Analysis/data/cache/2026-09-27/072920930208_ohlcv_63d9df96523d.json
2026-09-26T07:25:00+00:00,4aE7RyYHugztSy3rdKq51bvNkaRj2E7NJU7jPWxzhC3Q,solana,PumpSwap,,,,,2026-09-15T21:57:08Z,1.2531652552557834e-05,,,,,,,,,,,,,,,,,,,ohlcv_backfill,minute,1.327295468432231e-05,1.327295468432231e-05,1.2105075315215107e-05,1.2531652552557834e-05,384.93203214988006,/home/runner/work/Solana-Memecoin-Analysis/Solana-Memecoin-Analysis/data/cache/2026-09-27/072920930208_ohlcv_63d9df96523d.json
2026-09-26T07:20:00+00:00,4aE7RyYHugztSy3rdKq51bvNkaRj2E7NJU7jPWxzhC3Q,solana,PumpSwap,,,,,2026-09-15T21:57:08Z,1.327295468432231e-05,,,,,,,,,,,,,,,,,,,ohlcv_backfill,minute,1.5232167435351219e-05,1.5232167435351219e-05,1.2819386021099579e-05,1.327295468432231e-05,687.983365905219,/home/runner/work/Solana-Memecoin-Analysis/Solana-Memecoin-Analysis/data/cache/2026-09-27/072920930208_ohlcv_63d9df96523d.json
2026-09-26T07:10:00+00:00,4aE7RyYHugztSy3rdKq51bvNkaRj2E7NJU7jPWxzhC3Q,solana,PumpSwap,,,,,2026-09-15T21:57:08Z,1.5232167435351219e-05,,,,,,,,,,,,,,,,,,,ohlcv_backfill,minute,1.4974954143011544e-05,1.5232167435351219e-05,1.4974954143011544e-05,1.5232167435351219e-05,19.73116645873337,/home/runner/work/Solana-Memecoin-Analysis/Solana-Memecoin-Analysis/data/cache/2026-09-27/072920930208_ohlcv_63d9df96523d.json
2026-09-26T07:00:00+00:00,4aE7RyYHugztSy3rdKq51bvNkaRj2E7NJU7jPWxzhC3Q,solana,PumpSwap,,,,,2026-09-15T21:57:08Z,1.4974954143011544e-05,,,,,,,,,,,,,,,,,,,ohlcv_backfill,minute,1.4798164312986365e-05,1.4974954143011544e-05,1.4798164312986365e-05,1.4974954143011544e-05,57.88275213124342,/home/runner/work/Solana-Memecoin-Analysis/Solana-Memecoin-Analysis/data/cache/2026-09-27/072920930208_ohlcv_63d9df96523d.json
2026-09-26T06:55:00+00:00,4aE7RyYHugztSy3rdKq51bvNkaRj2E7NJU7jPWxzhC3Q,solana,PumpSwap,,,,,2026-09-15T21:57:08Z,1.4798164312986365e-05,,,,,,,,,,,,,,,,,,,ohlcv_backfill,minute,1.5105763873549702e-05,1.5105763873549702e-05,1.4798164312986365e-05,1.4798164312986365e-05,57.450343402990846,/home/runner/work/Solana-Memecoin-Analysis/Solana-Memecoin-Analysis/data/cache/2026-09-27/072920930208_ohlcv_63d9df96523d.json
2026-09-26T06:50:00+00:00,4aE7RyYHugztSy3rdKq51bvNkaRj2E7NJU7jPWxzhC3Q,solana,PumpSwap,,,,,2026-09-15T21:57:08Z,1.5105763873549702e-05,,,,,,,,,,,,,,,,,,,ohlcv_backfill,minute,1.3267626469373815e-05,1.5303246211450115e-05,1.3267626469373815e-05,1.5105763873549702e-05,482.39327555893647,/home/runner/work/Solana-Memecoin-Analysis/Solana-Memecoin-Analysis/data/cache/2026-09-27/072920930208_ohlcv_63d9df96523d.json
2026-09-26T06:25:00+00:00,4aE7RyYHugztSy3rdKq51bvNkaRj2E7NJU7jPWxzhC3Q,solana,PumpSwap,,,,,2026-09-15T21:57:08Z,1.3267626469373815e-05,,,,,,,,,,,,,,,,,,,ohlcv_backfill,minute,1.3113352324563074e-05,1.3267626469373815e-05,1.3113352324563074e-05,1.3267626469373815e-05,50.824854282540834,/home/runner/work/Solana-Memecoin-Analysis/Solana-Memecoin-Analysis/data/cache/2026-09-27/072920930208_ohlcv_63d9df96523d.json
2026-09-26T06:15:00+00:00,4aE7RyYHugztSy3rdKq51bvNkaRj2E7NJU7jPWxzhC3Q,solana,PumpSwap,,,,,2026-09-15T21:57:08Z,1.3113352324563074e-05,,,,,,,,,,,,,,,,,,,ohlcv_backfill,minute,1.3703787901807538e-05,1.3703787901807538e-05,1.3113352324563074e-05,1.3113352324563074e-05,116.45763933865912,/home/runner/work/Solana-Memecoin-Analysis/Solana-Memecoin-Analysis/data/cache/2026-09-27/072920930208_ohlcv_63d9df96523d.json
2026-09-26T06:10:00+00:00,4aE7RyYHugztSy3rdKq51bvNkaRj2E7NJU7jPWxzhC3Q,solana,PumpSwap,,,,,2026-09-15T21:57:08Z,1.3703787901807538e-05,,,,,,,,,,,,,,,,,,,ohlcv_backfill,minute,1.2605721104616681e-05,1.4056951516973432e-05,1.2605721104616681e-05,1.3703787901807538e-05,331.50424649372263,/home/runner/work/Solana-Memecoin-Analysis/Solana-Memecoin-Analysis/data/cache/2026-09-27/072920930208_ohlcv_63d9df96523d.json
2026-09-26T06:05:00+00:00,4aE7RyYHugztSy3rdKq51bvNkaRj2E7NJU7jPWxzhC3Q,solana,PumpSwap,,,,,2026-09-15T21:57:08Z,1.2605721104616681e-05,,,,,,,,,,,,,,,,,,,ohlcv_backfill,minute,1.3422893833666472e-05,1.3422893833666472e-05,1.2605721104616681e-05,1.2605721104616681e-05,15.927586028539977,/home/runner/work/Solana-Memecoin-Analysis/Solana-Memecoin-Analysis/data/cache/2026-09-27/072920930208_ohlcv_63d9df96523d.json
2026-09-26T06:00:00+00:00,4aE7RyYHugztSy3rdKq51bvNkaRj2E7NJU7jPWxzhC3Q,solana,PumpSwap,,,,,2026-09-15T21:57:08Z,1.3422893833666472e-05,,,,,,,,,,,,,,,,,,,ohlcv_backfill,minute,1.4929587442463647e-05,1.4929587442463647e-05,1.3422893833666472e-05,1.3422893833666472e-05,628.4259250580496,/home/runner/work/Solana-Memecoin-Analysis/Solana-Memecoin-Analysis/data/cache/2026-09-27/072920930208_ohlcv_63d9df96523d.json
2026-09-26T05:55:00+00:00,4aE7RyYHugztSy3rdKq51bvNkaRj2E7NJU7jPWxzhC3Q,solana,PumpSwap,,,,,2026-09-15T21:57:08Z,1.4929587442463647e-05,,,,,,,,,,,,,,,,,,,ohlcv_backfill,minute,1.5437332848229242e-05,1.5437332848229242e-05,1.4898613823457786e-05,1.4929587442463647e-05,70.9810508067345,/home/runner/work/Solana-Memecoin-Analysis/Solana-Memecoin-Analysis/data/cache/2026-09-27/072920930208_ohlcv_63d9df96523d.json
2026-09-26T05:50:00+00:00,4aE7RyYHugztSy3rdKq51bvNkaRj2E7NJU7jPWxzhC3Q,solana,PumpSwap,,,,,2026-09-15T21:57:08Z,1.5437332848229242e-05,,,,,,,,,,,,,,,,,,,ohlcv_backfill,minute,1.3817800529660458e-05,1.5437332848229242e-05,1.3817800529660458e-05,1.5437332848229242e-05,214.33824636549906,/home/runner/work/Solana-Memecoin-Analysis/Solana-Memecoin-Analysis/data/cache/2026-09-27/072920930208_ohlcv_63d9df96523d.json
2026-09-26T05:35:00+00:00,4aE7RyYHugztSy3rdKq51bvNkaRj2E7NJU7jPWxzhC3Q,solana,PumpSwap,,,,,2026-09-15T21:57:08Z,1.3817800529660458e-05,,,,,,,,,,,,,,,,,,,ohlcv_backfill,minute,1.5143907398332775e-05,1.5143907398332775e-05,1.367219967888423e-05,1.3817800529660458e-05,492.2007937110037,/home/runner/work/Solana-Memecoin-Analysis/Solana-Memecoin-Analysis/data/cache/2026-09-27/072920930208_ohlcv_63d9df96523d.json
2026-09-26T05:30:00+00:00,4aE7RyYHugztSy3rdKq51bvNkaRj2E7NJU7jPWxzhC3Q,solana,PumpSwap,,,,,2026-09-15T21:57:08Z,1.5143907398332775e-05,,,,,,,,,,,,,,,,,,,ohlcv_backfill,minute,1.5892226384077042e-05,1.5892226384077042e-05,1.5143907398332775e-05,1.5143907398332775e-05,253.83545383386925,/home/runner/work/Solana-Memecoin-Analysis/Solana-Memecoin-Analysis/data/cache/2026-09-27/072920930208_ohlcv_63d9df96523d.json
2026-09-26T05:25:00+00:00,4aE7RyYHugztSy3rdKq51bvNkaRj2E7NJU7jPWxzhC3Q,solana,PumpSwap,,,,,2026-09-15T21:57:08Z,1.5892226384077042e-05,,,,,,,,,,,,,,,,,,,ohlcv_backfill,minute,1.582982973885738e-05,1.652652867242442e-05,1.582982973885738e-05,1.5892226384077042e-05,241.25528692097734,/home/runner/work/Solana-Memecoin-Analysis/Solana-Memecoin-Analysis/data/cache/2026-09-27/072920930208_ohlcv_63d9df96523d.json
2026-09-26T05:20:00+00:00,4aE7RyYHugztSy3rdKq51bvNkaRj2E7NJU7jPWxzhC3Q,solana,PumpSwap,,,,,2026-09-15T21:57:08Z,1.582982973885738e-05,,,,,,,,,,,,,,,,,,,ohlcv_backfill,minute,9.189581393334573e-06,1.582982973885738e-05,9.105437095418862e-06,1.582982973885738e-05,1733.0590640599733,/home/runner/work/Solana-Memecoin-Analysis/Solana-Memecoin-Analysis/data/cache/2026-09-27/072920930208_ohlcv_63d9df96523d.json
2026-09-26T05:15:00+00:00,4aE7RyYHugztSy3rdKq51bvNkaRj2E7NJU7jPWxzhC3Q,solana,PumpSwap,,,,,2026-09-15T21:57:08Z,9.189581393334573e-06,,,,,,,,,,,,,,,,,,,ohlcv_backfill,minute,9.485688163569943e-06,9.485688163569943e-06,9.189581393334573e-06,9.189581393334573e-06,112.10270921499409,/home/runner/work/Solana-Memecoin-Analysis/Solana-Memecoin-Analysis/data/cache/2026-09-27/072920930208_ohlcv_63d9df96523d.json
2026-09-26T05:10:00+00:00,4aE7RyYHugztSy3rdKq51bvNkaRj2E7NJU7jPWxzhC3Q,solana,PumpSwap,,,,,2026-09-15T21:57:08Z,9.485688163569943e-06,,,,,,,,,,,,,,,,,,,ohlcv_backfill,minute,9.042894636400515e-06,9.617040543801827e-06,9.042894636400515e-06,9.485688163569943e-06,105.80732848172605,/home/runner/work/Solana-Memecoin-Analysis/Solana-Memecoin-Analysis/data/cache/2026-09-27/072920930208_ohlcv_63d9df96523d.json
2026-09-26T05:05:00+00:00,4aE7RyYHugztSy3rdKq51bvNkaRj2E7NJU7jPWxzhC3Q,solana,PumpSwap,,,,,2026-09-15T21:57:08Z,9.042894636400515e-06,,,,,,,,,,,,,,,,,,,ohlcv_backfill,minute,1.028947240402719e-05,1.028947240402719e-05,8.791416853381206e-06,9.042894636400515e-06,499.7552254345753,/home/runner/work/Solana-Memecoin-Analysis/Solana-Memecoin-Analysis/data/cache/2026-09-27/072920930208_ohlcv_63d9df96523d.json
2026-09-26T05:00:00+00:00,4aE7RyYHugztSy3rdKq51bvNkaRj2E7NJU7jPWxzhC3Q,solana,PumpSwap,,,,,2026-09-15T21:57:08Z,1.028947240402719e-05,,,,,,,,,,,,,,,,,,,ohlcv_backfill,minute,1.0114420575372075e-05,1.028947240402719e-05,1.0061233351212e-05,1.028947240402719e-05,45.500282143822105,/home/runner/work/Solana-Memecoin-Analysis/Solana-Memecoin-Analysis/data/cache/2026-09-27/072920930208_ohlcv_63d9df96523d.json
2026-09-26T04:55:00+00:00,4aE7RyYHugztSy3rdKq51bvNkaRj2E7NJU7jPWxzhC3Q,solana,PumpSwap,,,,,2026-09-15T21:57:08Z,1.0114420575372075e-05,,,,,,,,,,,,,,,,,,,ohlcv_backfill,minute,1.214446173228885e-05,1.214446173228885e-05,1.0114420575372075e-05,1.0114420575372075e-05,446.4099923782284,/home/runner/work/Solana-Memecoin-Analysis/Solana-Memecoin-Analysis/data/cache/2026-09-27/072920930208_ohlcv_63d9df96523d.json
2026-09-26T04:50:00+00:00,4aE7RyYHugztSy3rdKq51bvNkaRj2E7NJU7jPWxzhC3Q,solana,PumpSwap,,,,,2026-09-15T21:57:08Z,1.214446173228885e-05,,,,,,,,,,,,,,,,,,,ohlcv_backfill,minute,1.2656421419521192e-05,1.2656421419521192e-05,1.214446173228885e-05,1.214446173228885e-05,90.60620318768578,/home/runner/work/Solana-Memecoin-Analysis/Solana-Memecoin-Analysis/data/cache/2026-09-27/072920930208_ohlcv_63d9df96523d.json
2026-09-26T04:45:00+00:00,4aE7RyYHugztSy3rdKq51bvNkaRj2E7NJU7jPWxzhC3Q,solana,PumpSwap,,,,,2026-09-15T21:57:08Z,1.2656421419521192e-05,,,,,,,,,,,,,,,,,,,ohlcv_backfill,minute,1.3415655281668443e-05,1.638876815692251e-05,1.2556180821142235e-05,1.2656421419521192e-05,1429.8605933010551,/home/runner/work/Solana-Memecoin-Analysis/Solana-Memecoin-Analysis/data/cache/2026-09-27/072920930208_ohlcv_63d9df96523d.json
2026-09-26T04:40:00+00:00,4aE7RyYHugztSy3rdKq51bvNkaRj2E7NJU7jPWxzhC3Q,solana,PumpSwap,,,,,2026-09-15T21:57:08Z,1.3415655281668443e-05,,,,,,,,,,,,,,,,,,,ohlcv_backfill,minute,1.3179774338100817e-05,1.3415655281668443e-05,1.0676260047976924e-05,1.3415655281668443e-05,1333.2715250652636,/home/runner/work/Solana-Memecoin-Analysis/Solana-Memecoin-Analysis/data/cache/2026-09-27/072920930208_ohlcv_63d9df96523d.json
2026-09-26T04:35:00+00:00,4aE7RyYHugztSy3rdKq51bvNkaRj2E7NJU7jPWxzhC3Q,solana,PumpSwap,,,,,2026-09-15T21:57:08Z,1.3179774338100817e-05,,,,,,,,,,,,,,,,,,,ohlcv_backfill,minute,1.3765643504343302e-05,1.5317159531019995e-05,1.3179774338100817e-05,1.3179774338100817e-05,706.4485419166076,/home/runner/work/Solana-Memecoin-Analysis/Solana-Memecoin-Analysis/data/cache/2026-09-27/072920930208_ohlcv_63d9df96523d.json
2026-09-26T04:30:00+00:00,4aE7RyYHugztSy3rdKq51bvNkaRj2E7NJU7jPWxzhC3Q,solana,PumpSwap,,,,,2026-09-15T21:57:08Z,1.3765643504343302e-05,,,,,,,,,,,,,,,,,,,ohlcv_backfill,minute,1.409321277878515e-05,1.409321277878515e-05,1.3765643504343302e-05,1.3765643504343302e-05,1.47512758028704,/home/runner/work/Solana-Memecoin-Analysis/Solana-Memecoin-Analysis/data/cache/2026-09-27/072920930208_ohlcv_63d9df96523d.json
2026-09-26T04:25:00+00:00,4aE7RyYHugztSy3rdKq51bvNkaRj2E7NJU7jPWxzhC3Q,solana,PumpSwap,,,,,2026-09-15T21:57:08Z,1.409321277878515e-05,,,,,,,,,,,,,,,,,,,ohlcv_backfill,minute,1.4574685112141233e-05,1.4574685112141233e-05,1.409321277878515e-05,1.409321277878515e-05,150.8478707669015,/home/runner/work/Solana-Memecoin-Analysis/Solana-Memecoin-Analysis/data/cache/2026-09-27/072920930208_ohlcv_63d9df96523d.json
2026-09-26T04:20:00+00:00,4aE7RyYHugztSy3rdKq51bvNkaRj2E7NJU7jPWxzhC3Q,solana,PumpSwap,,,,,2026-09-15T21:57:08Z,1.4574685112141233e-05,,,,,,,,,,,,,,,,,,,ohlcv_backfill,minute,1.4522209863362415e-05,1.4694205091270325e-05,1.4355286393817067e-05,1.4574685112141233e-05,91.16780894035313,/home/runner/work/Solana-Memecoin-Analysis/Solana-Memecoin-Analysis/data/cache/2026-09-27/072920930208_ohlcv_63d9df96523d.json
2026-09-26T04:15:00+00:00,4aE7RyYHugztSy3rdKq51bvNkaRj2E7NJU7jPWxzhC3Q,solana,PumpSwap,,,,,2026-09-15T21:57:08Z,1.4522209863362415e-05,,,,,,,,,,,,,,,,,,,ohlcv_backfill,minute,1.4540701081004768e-05,1.4540701081004768e-05,1.4522209863362415e-05,1.4522209863362415e-05,5.932452290327753,/home/runner/work/Solana-Memecoin-Analysis/Solana-Memecoin-Analysis/data/cache/2026-09-27/072920930208_ohlcv_63d9df96523d.json
2026-09-26T04:10:00+00:00,4aE7RyYHugztSy3rdKq51bvNkaRj2E7NJU7jPWxzhC3Q,solana,PumpSwap,,,,,2026-09-15T21:57:08Z,1.4540701081004768e-05,,,,,,,,,,,,,,,,,,,ohlcv_backfill,minute,1.4834095103700943e-05,1.4834095103700943e-05,1.4540701081004768e-05,1.4540701081004768e-05,90.26345609198316,/home/runner/work/Solana-Memecoin-Analysis/Solana-Memecoin-Analysis/data/cache/2026-09-27/072920930208_ohlcv_63d9df96523d.json
2026-09-26T04:05:00+00:00,4aE7RyYHugztSy3rdKq51bvNkaRj2E7NJU7jPWxzhC3Q,solana,PumpSwap,,,,,2026-09-15T21:57:08Z,1.4834095103700943e-05,,,,,,,,,,,,,,,,,,,ohlcv_backfill,minute,1.385941390196122e-05,1.5198556543987613e-05,1.3240829358675493e-05,1.4834095103700943e-05,667.6501035436513,/home/runner/work/Solana-Memecoin-Analysis/Solana-Memecoin-Analysis/data/cache/2026-09-27/072920930208_ohlcv_63d9df96523d.json
2026-09-26T04:00:00+00:00,4aE7RyYHugztSy3rdKq51bvNkaRj2E7NJU7jPWxzhC3Q,solana,PumpSwap,,,,,2026-09-15T21:57:08Z,1.385941390196122e-05,,,,,,,,,,,,,,,,,,,ohlcv_backfill,minute,1.8245363871489003e-05,1.8245363871489003e-05,1.21777649941624e-05,1.385941390196122e-05,1504.3899706875582,/home/runner/work/Solana-Memecoin-Analysis/Solana-Memecoin-Analysis/data/cache/2026-09-27/072920930208_ohlcv_63d9df96523d.json
2026-09-26T03:55:00+00:00,4aE7RyYHugztSy3rdKq51bvNkaRj2E7NJU7jPWxzhC3Q,solana,PumpSwap,,,,,2026-09-15T21:57:08Z,1.8245363871489003e-05,,,,,,,,,,,,,,,,,,,ohlcv_backfill,minute,2.013769845325818e-05,2.013769845325818e-05,1.796189194449044e-05,1.8245363871489003e-05,461.44776486749464,/home/runner/work/Solana-Memecoin-Analysis/Solana-Memecoin-Analysis/data/cache/2026-09-27/072920930208_ohlcv_63d9df96523d.json
2026-09-26T03:50:00+00:00,4aE7RyYHugztSy3rdKq51bvNkaRj2E7NJU7jPWxzhC3Q,solana,PumpSwap,,,,,2026-09-15T21:57:08Z,2.013769845325818e-05,,,,,,,,,,,,,,,,,,,ohlcv_backfill,minute,2.1153325199250387e-05,2.1297035930811294e-05,2.013769845325818e-05,2.013769845325818e-05,281.5963648269795,/home/runner/work/Solana-Memecoin-Analysis/Solana-Memecoin-Analysis/data/cache/2026-09-27/072920930208_ohlcv_63d9df96523d.json
2026-09-26T03:45:00+00:00,4aE7RyYHugztSy3rdKq51bvNkaRj2E7NJU7jPWxzhC3Q,solana,PumpSwap,,,,,2026-09-15T21:57:08Z,2.1153325199250387e-05,,,,,,,,,,,,,,,,,,,ohlcv_backfill,minute,1.9870490943199794e-05,2.4545390986501533e-05,1.9301592670640372e-05,2.1153325199250387e-05,1530.9470937932754,/home/runner/work/Solana-Memecoin-Analysis/Solana-Memecoin-Analysis/data/cache/2026-09-27/072920930208_ohlcv_63d9df96523d.json
2026-09-26T03:40:00+00:00,4aE7RyYHugztSy3rdKq51bvNkaRj2E7NJU7jPWxzhC3Q,solana,PumpSwap,,,,,2026-09-15T21:57:08Z,1.9870490943199794e-05,,,,,,,,,,,,,,,,,,,ohlcv_backfill,minute,1.66266411028101e-05,2.2326587726215144e-05,1.66266411028101e-05,1.9870490943199794e-05,1698.2334484570486,/home/runner/work/Solana-Memecoin-Analysis/Solana-Memecoin-Analysis/data/cache/2026-09-27/072920930208_ohlcv_63d9df96523d.json
2026-09-26T03:35:00+00:00,4aE7RyYHugztSy3rdKq51bvNkaRj2E7NJU7jPWxzhC3Q,solana,PumpSwap,,,,,2026-09-15T21:57:08Z,1.66266411028101e-05,,,,,,,,,,,,,,,,,,,ohlcv_backfill,minute,1.6932992032144413e-05,1.6932992032144413e-05,1.66266411028101e-05,1.66266411028101e-05,58.177014963837514,/home/runner/work/Solana-Memecoin-Analysis/Solana-Memecoin-Analysis/data/cache/2026-09-27/072920930208_ohlcv_63d9df96523d.json
2026-09-26T03:30:00+00:00,4aE7RyYHugztSy3rdKq51bvNkaRj2E7NJU7jPWxzhC3Q,solana,PumpSwap,,,,,2026-09-15T21:57:08Z,1.6932992032144413e-05,,,,,,,,,,,,,,,,,,,ohlcv_backfill,minute,1.699459866849556e-05,1.699459866849556e-05,1.6932992032144413e-05,1.6932992032144413e-05,5.771566409704164,/home/runner/work/Solana-Memecoin-Analysis/Solana-Memecoin-Analysis/data/cache/2026-09-27/072920930208_ohlcv_63d9df96523d.json
2026-09-26T03:25:00+00:00,4aE7RyYHugztSy3rdKq51bvNkaRj2E7NJU7jPWxzhC3Q,solana,PumpSwap,,,,,2026-09-15T21:57:08Z,1.699459866849556e-05,,,,,,,,,,,,,,,,,,,ohlcv_backfill,minute,1.714651988775411e-05,1.714651988775411e-05,1.699459866849556e-05,1.699459866849556e-05,22.99365286132431,/home/runner/work/Solana-Memecoin-Analysis/Solana-Memecoin-Analysis/data/cache/2026-09-27/072920930208_ohlcv_63d9df96523d.json
2026-09-26T03:20:00+00:00,4aE7RyYHugztSy3rdKq51bvNkaRj2E7NJU7jPWxzhC3Q,solana,PumpSwap,,,,,2026-09-15T21:57:08Z,1.714651988775411e-05,,,,,,,,,,,,,,,,,,,ohlcv_backfill,minute,1.5682964276185423e-05,1.829042805824764e-05,1.5682964276185423e-05,1.714651988775411e-05,1041.003699322082,/home/runner/work/Solana-Memecoin-Analysis/Solana-Memecoin-Analysis/data/cache/2026-09-27/072920930208_ohlcv_63d9df96523d.json
2026-09-26T03:15:00+00:00,4aE7RyYHugztSy3rdKq51bvNkaRj2E7NJU7jPWxzhC3Q,solana,PumpSwap,,,,,2026-09-15T21:57:08Z,1.5682964276185423e-05,,,,,,,,,,,,,,,,,,,ohlcv_backfill,minute,1.4775460819924344e-05,1.5682964276185423e-05,1.3691287142663379e-05,1.5682964276185423e-05,755.4796975940471,/home/runner/work/Solana-Memecoin-Analysis/Solana-Memecoin-Analysis/data/cache/2026-09-27/072920930208_ohlcv_63d9df96523d.json
2026-09-26T03:10:00+00:00,4aE7RyYHugztSy3rdKq51bvNkaRj2E7NJU7jPWxzhC3Q,solana,PumpSwap,,,,,2026-09-15T21:57:08Z,1.4775460819924344e-05,,,,,,,,,,,,,,,,,,,ohlcv_backfill,minute,1.9242664731434674e-05,1.9242664731434674e-05,1.2434012800379795e-05,1.4775460819924344e-05,2149.7752999138906,/home/runner/work/Solana-Memecoin-Analysis/Solana-Memecoin-Analysis/data/cache/2026-09-27/072920930208_ohlcv_63d9df96523d.json
2026-09-26T03:05:00+00:00,4aE7RyYHugztSy3rdKq51bvNkaRj2E7NJU7jPWxzhC3Q,solana,PumpSwap,,,,,2026-09-15T21:57:08Z,1.9242664731434674e-05,,,,,,,,,,,,,,,,,,,ohlcv_backfill,minute,2.605556091269031e-05,2.605556091269031e-05,1.9242664731434674e-05,1.9242664731434674e-05,1070.1059362298615,/home/runner/work/Solana-Memecoin-Analysis/Solana-Memecoin-Analysis/data/cache/2026-09-27/072920930208_ohlcv_63d9df96523d.json
2026-09-26T03:00:00+00:00,4aE7RyYHugztSy3rdKq51bvNkaRj2E7NJU7jPWxzhC3Q,solana,PumpSwap,,,,,2026-09-15T21:57:08Z,2.605556091269031e-05,,,,,,,,,,,,,,,,,,,ohlcv_backfill,minute,2.6739649958421183e-05,2.7557156250066888e-05,2.605556091269031e-05,2.605556091269031e-05,630.7152758888827,/home/runner/work/Solana-Memecoin-Analysis/Solana-Memecoin-Analysis/data/cache/2026-09-27/072920930208_ohlcv_63d9df96523d.json
2026-09-26T02:55:00+00:00,4aE7RyYHugztSy3rdKq51bvNkaRj2E7NJU7jPWxzhC3Q,solana,PumpSwap,,,,,2026-09-15T21:57:08Z,2.6739649958421183e-05,,,,,,,,,,,,,,,,,,,ohlcv_backfill,minute,2.352475555335691e-05,2.728025863839407e-05,2.3404542011431683e-05,2.6739649958421183e-05,629.9419538753474,/home/runner/work/Solana-Memecoin-Analysis/Solana-Memecoin-Analysis/data/cache/2026-09-27/072920930208_ohlcv_63d9df96523d.json
2026-09-26T02:50:00+00:00,4aE7RyYHugztSy3rdKq51bvNkaRj2E7NJU7jPWxzhC3Q,solana,PumpSwap,,,,,2026-09-15T21:57:08Z,2.352475555335691e-05,,,,,,,,,,,,,,,,,,,ohlcv_backfill,minute,1.780438733260021e-05,3.4963682571007274e-05,1.6139172591102508e-05,2.352475555335691e-05,7012.6520513408805,/home/runner/work/Solana-Memecoin-Analysis/Solana-Memecoin-Analysis/data/cache/2026-09-27/072920930208_ohlcv_63d9df96523d.json
2026-09-26T02:45:00+00:00,4aE7RyYHugztSy3rdKq51bvNkaRj2E7NJU7jPWxzhC3Q,solana,PumpSwap,,,,,2026-09-15T21:57:08Z,1.780438733260021e-05,,,,,,,,,,,,,,,,,,,ohlcv_backfill,minute,1.73327751247754e-05,2.191662577141936e-05,1.729066392500396e-05,1.780438733260021e-05,1507.7665963399525,/home/runner/work/Solana-Memecoin-Analysis/Solana-Memecoin-Analysis/data/cache/2026-09-27/072920930208_ohlcv_63d9df96523d.json
2026-09-26T02:40:00+00:00,4aE7RyYHugztSy3rdKq51bvNkaRj2E7NJU7jPWxzhC3Q,solana,PumpSwap,,,,,2026-09-15T21:57:08Z,1.73327751247754e-05,,,,,,,,,,,,,,,,,,,ohlcv_backfill,minute,1.7798300833034578e-05,1.7798300833034578e-05,1.73327751247754e-05,1.73327751247754e-05,58.584964638201484,/home/runner/work/Solana-Memecoin-Analysis/Solana-Memecoin-Analysis/data/cache/2026-09-27/072920930208_ohlcv_63d9df96523d.json
2026-09-26T02:30:00+00:00,4aE7RyYHugztSy3rdKq51bvNkaRj2E7NJU7jPWxzhC3Q,solana,PumpSwap,,,,,2026-09-15T21:57:08Z,1.7798300833034578e-05,,,,,,,,,,,,,,,,,,,ohlcv_backfill,minute,1.4482503815129228e-05,2.3891751130100618e-05,1.4482503815129228e-05,1.7798300833034578e-05,3294.574669670526,/home/runner/work/Solana-Memecoin-Analysis/Solana-Memecoin-Analysis/data/cache/2026-09-27/072920930208_ohlcv_63d9df96523d.json
2026-09-26T02:25:00+00:00,4aE7RyYHugztSy3rdKq51bvNkaRj2E7NJU7jPWxzhC3Q,solana,PumpSwap,,,,,2026-09-15T21:57:08Z,1.4482503815129228e-05,,,,,,,,,,,,,,,,,,,ohlcv_backfill,minute,1.229351949023281e-05,1.4877746693121845e-05,1.229351949023281e-05,1.4482503815129228e-05,604.64993564347,/home/runner/work/Solana-Memecoin-Analysis/Solana-Memecoin-Analysis/data/cache/2026-09-27/072920930208_ohlcv_63d9df96523d.json
2026-09-26T02:15:00+00:00,4aE7RyYHugztSy3rdKq51bvNkaRj2E7NJU7jPWxzhC3Q,solana,PumpSwap,,,,,2026-09-15T21:57:08Z,1.229351949023281e-05,,,,,,,,,,,,,,,,,,,ohlcv_backfill,minute,1.2809975746874097e-05,1.2809975746874097e-05,1.229351949023281e-05,1.229351949023281e-05,134.09585597257592,/home/runner/work/Solana-Memecoin-Analysis/Solana-Memecoin-Analysis/data/cache/2026-09-27/072920930208_ohlcv_63d9df96523d.json
2026-09-26T02:10:00+00:00,4aE7RyYHugztSy3rdKq51bvNkaRj2E7NJU7jPWxzhC3Q,solana,PumpSwap,,,,,2026-09-15T21:57:08Z,1.2809975746874097e-05,,,,,,,,,,,,,,,,,,,ohlcv_backfill,minute,1.263468150842078e-05,1.2809975746874097e-05,1.2061877864982327e-05,1.2809975746874097e-05,150.69817202030262,/home/runner/work/Solana-Memecoin-Analysis/Solana-Memecoin-Analysis/data/cache/2026-09-27/072920930208_ohlcv_63d9df96523d.json
2026-09-26T02:05:00+00:00,4aE7RyYHugztSy3rdKq51bvNkaRj2E7NJU7jPWxzhC3Q,solana,PumpSwap,,,,,2026-09-15T21:57:08Z,1.263468150842078e-05,,,,,,,,,,,,,,,,,,,ohlcv_backfill,minute,1.3212323239351311e-05,1.3212323239351311e-05,1.263468150842078e-05,1.263468150842078e-05,237.9966718011275,/home/runner/work/Solana-Memecoin-Analysis/Solana-Memecoin-Analysis/data/cache/2026-09-27/072920930208_ohlcv_63d9df96523d.json
2026-09-26T02:00:00+00:00,4aE7RyYHugztSy3rdKq51bvNkaRj2E7NJU7jPWxzhC3Q,solana,PumpSwap,,,,,2026-09-15T21:57:08Z,1.3212323239351311e-05,,,,,,,,,,,,,,,,,,,ohlcv_backfill,minute,9.83117197185317e-06,1.3212323239351311e-05,9.83117197185317e-06,1.3212323239351311e-05,781.653087179094,/home/runner/work/Solana-Memecoin-Analysis/Solana-Memecoin-Analysis/data/cache/2026-09-27/072920930208_ohlcv_63d9df96523d.json
2026-09-26T01:55:00+00:00,4aE7RyYHugztSy3rdKq51bvNkaRj2E7NJU7jPWxzhC3Q,solana,PumpSwap,,,,,2026-09-15T21:57:08Z,9.83117197185317e-06,,,,,,,,,,,,,,,,,,,ohlcv_backfill,minute,9.720864085001545e-06,9.83117197185317e-06,9.720864085001545e-06,9.83117197185317e-06,1.2036298713268068,/home/runner/work/Solana-Memecoin-Analysis/Solana-Memecoin-Analysis/data/cache/2026-09-27/072920930208_ohlcv_63d9df96523d.json
2026-09-26T01:30:00+00:00,4aE7RyYHugztSy3rdKq51bvNkaRj2E7NJU7jPWxzhC3Q,solana,PumpSwap,,,,,2026-09-15T21:57:08Z,9.720864085001545e-06,,,,,,,,,,,,,,,,,,,ohlcv_backfill,minute,1.0929332473206304e-05,1.1703091700946625e-05,9.720864085001545e-06,9.720864085001545e-06,626.0808649659028,/home/runner/work/Solana-Memecoin-Analysis/Solana-Memecoin-Analysis/data/cache/2026-09-27/072920930208_ohlcv_63d9df96523d.json
2026-09-26T01:25:00+00:00,4aE7RyYHugztSy3rdKq51bvNkaRj2E7NJU7jPWxzhC3Q,solana,PumpSwap,,,,,2026-09-15T21:57:08Z,1.0929332473206304e-05,,,,,,,,,,,,,,,,,,,ohlcv_backfill,minute,1.0071091373787824e-05,1.0929332473206304e-05,9.711797209659958e-06,1.0929332473206304e-05,434.65499581426775,/home/runner/work/Solana-Memecoin-Analysis/Solana-Memecoin-Analysis/data/cache/2026-09-27/072920930208_ohlcv_63d9df96523d.json
2026-09-26T01:15:00+00:00,4aE7RyYHugztSy3rdKq51bvNkaRj2E7NJU7jPWxzhC3Q,solana,PumpSwap,,,,,2026-09-15T21:57:08Z,1.0071091373787824e-05,,,,,,,,,,,,,,,,,,,ohlcv_backfill,minute,1.0033378229274456e-05,1.132115650028265e-05,9.991130279799352e-06,1.0071091373787824e-05,642.8392330603544,/home/runner/work/Solana-Memecoin-Analysis/Solana-Memecoin-Analysis/data/cache/2026-09-27/072920930208_ohlcv_63d9df96523d.json
2026-09-26T01:05:00+00:00,4aE7RyYHugztSy3rdKq51bvNkaRj2E7NJU7jPWxzhC3Q,solana,PumpSwap,,,,,2026-09-15T21:57:08Z,1.0033378229274456e-05,,,,,,,,,,,,,,,,,,,ohlcv_backfill,minute,1.0598424686523477e-05,1.0927837136096987e-05,1.0033378229274456e-05,1.0033378229274456e-05,343.0682473981865,/home/runner/work/Solana-Memecoin-Analysis/Solana-Memecoin-Analysis/data/cache/2026-09-27/072920930208_ohlcv_63d9df96523d.json
2026-09-26T01:00:00+00:00,4aE7RyYHugztSy3rdKq51bvNkaRj2E7NJU7jPWxzhC3Q,solana,PumpSwap,,,,,2026-09-15T21:57:08Z,1.0598424686523477e-05,,,,,,,,,,,,,,,,,,,ohlcv_backfill,minute,5.23432040370763e-06,1.0598424686523477e-05,5.23432040370763e-06,1.0598424686523477e-05,1569.2607249789696,/home/runner/work/Solana-Memecoin-Analysis/Solana-Memecoin-Analysis/data/cache/2026-09-27/072920930208_ohlcv_63d9df96523d.json
2026-09-26T00:50:00+00:00,4aE7RyYHugztSy3rdKq51bvNkaRj2E7NJU7jPWxzhC3Q,solana,PumpSwap,,,,,2026-09-15T21:57:08Z,5.23432040370763e-06,,,,,,,,,,,,,,,,,,,ohlcv_backfill,minute,5.310026264639651e-06,5.355870660874351e-06,5.23432040370763e-06,5.23432040370763e-06,59.50160568678998,/home/runner/work/Solana-Memecoin-Analysis/Solana-Memecoin-Analysis/data/cache/2026-09-27/072920930208_ohlcv_63d9df96523d.json
2026-09-26T00:45:00+00:00,4aE7RyYHugztSy3rdKq51bvNkaRj2E7NJU7jPWxzhC3Q,solana,PumpSwap,,,,,2026-09-15T21:57:08Z,5.310026264639651e-06,,,,,,,,,,,,,,,,,,,ohlcv_backfill,minute,5.501999942918315e-06,5.501999942918315e-06,5.310026264639651e-06,5.310026264639651e-06,117.36811502978438,/home/runner/work/Solana-Memecoin-Analysis/Solana-Memecoin-Analysis/data/cache/2026-09-27/072920930208_ohlcv_63d9df96523d.json
2026-09-26T00:35:00+00:00,4aE7RyYHugztSy3rdKq51bvNkaRj2E7NJU7jPWxzhC3Q,solana,PumpSwap,,,,,2026-09-15T21:57:08Z,5.501999942918315e-06,,,,,,,,,,,,,,,,,,,ohlcv_backfill,minute,5.631525482533766e-06,5.631525482533766e-06,5.501999942918315e-06,5.501999942918315e-06,23.655197208377256,/home/runner/work/Solana-Memecoin-Analysis/Solana-Memecoin-Analysis/data/cache/2026-09-27/072920930208_ohlcv_63d9df96523d.json
2026-09-26T00:30:00+00:00,4aE7RyYHugztSy3rdKq51bvNkaRj2E7NJU7jPWxzhC3Q,solana,PumpSwap,,,,,2026-09-15T21:57:08Z,5.631525482533766e-06,,,,,,,,,,,,,,,,,,,ohlcv_backfill,minute,5.043607985533748e-06,5.96559182334199e-06,5.043607985533748e-06,5.631525482533766e-06,395.1863735088284,/home/runner/work/Solana-Memecoin-Analysis/Solana-Memecoin-Analysis/data/cache/2026-09-27/072920930208_ohlcv_63d9df96523d.json
2026-09-26T00:20:00+00:00,4aE7RyYHugztSy3rdKq51bvNkaRj2E7NJU7jPWxzhC3Q,solana,PumpSwap,,,,,2026-09-15T21:57:08Z,5.043607985533748e-06,,,,,,,,,,,,,,,,,,,ohlcv_backfill,minute,4.813334114592314e-06,5.043607985533748e-06,4.813334114592314e-06,5.043607985533748e-06,119.56787205219433,/home/runner/work/Solana-Memecoin-Analysis/Solana-Memecoin-Analysis/data/cache/2026-09-27/072920930208_ohlcv_63d9df96523d.json
2026-09-26T00:05:00+00:00,4aE7RyYHugztSy3rdKq51bvNkaRj2E7NJU7jPWxzhC3Q,solana,PumpSwap,,,,,2026-09-15T21:57:08Z,4.813334114592314e-06,,,,,,,,,,,,,,,,,,,ohlcv_backfill,minute,4.908845294679117e-06,4.908845294679117e-06,4.813334114592314e-06,4.813334114592314e-06,23.78599232736672,/home/runner/work/Solana-Memecoin-Analysis/Solana-Memecoin-Analysis/data/cache/2026-09-27/072920930208_ohlcv_63d9df96523d.json
2026-09-26T00:00:00+00:00,4aE7RyYHugztSy3rdKq51bvNkaRj2E7NJU7jPWxzhC3Q,solana,PumpSwap,,,,,2026-09-15T21:57:08Z,4.908845294679117e-06,,,,,,,,,,,,,,,,,,,ohlcv_backfill,minute,4.704732631445425e-06,4.908845294679117e-06,4.64156867223455e-06,4.908845294679117e-06,108.15551046105922,/home/runner/work/Solana-Memecoin-Analysis/Solana-Memecoin-Analysis/data/cache/2026-09-27/072920930208_ohlcv_63d9df96523d.json
2026-09-25T23:55:00+00:00,4aE7RyYHugztSy3rdKq51bvNkaRj2E7NJU7jPWxzhC3Q,solana,PumpSwap,,,,,2026-09-15T21:57:08Z,4.704732631445425e-06,,,,,,,,,,,,,,,,,,,ohlcv_backfill,minute,4.443802729343856e-06,4.802544121419812e-06,4.443802729343856e-06,4.704732631445425e-06,192.47943022219494,/home/runner/work/Solana-Memecoin-Analysis/Solana-Memecoin-Analysis/data/cache/2026-09-27/072920930208_ohlcv_63d9df96523d.json
2026-09-25T23:35:00+00:00,4aE7RyYHugztSy3rdKq51bvNkaRj2E7NJU7jPWxzhC3Q,solana,PumpSwap,,,,,2026-09-15T21:57:08Z,4.443802729343856e-06,,,,,,,,,,,,,,,,,,,ohlcv_backfill,minute,4.636880745636705e-06,4.636880745636705e-06,4.443802729343856e-06,4.443802729343856e-06,118.86804721304692,/home/runner/work/Solana-Memecoin-Analysis/Solana-Memecoin-Analysis/data/cache/2026-09-27/072920930208_ohlcv_63d9df96523d.json
2026-09-25T23:30:00+00:00,4aE7RyYHugztSy3rdKq51bvNkaRj2E7NJU7jPWxzhC3Q,solana,PumpSwap,,,,,2026-09-15T21:57:08Z,4.636880745636705e-06,,,,,,,,,,,,,,,,,,,ohlcv_backfill,minute,4.711743573272148e-06,4.711743573272148e-06,4.636880745636705e-06,4.636880745636705e-06,23.792280989565963,/home/runner/work/Solana-Memecoin-Analysis/Solana-Memecoin-Analysis/data/cache/2026-09-27/072920930208_ohlcv_63d9df96523d.json
2026-09-25T23:25:00+00:00,4aE7RyYHugztSy3rdKq51bvNkaRj2E7NJU7jPWxzhC3Q,solana,PumpSwap,,,,,2026-09-15T21:57:08Z,4.711743573272148e-06,,,,,,,,,,,,,,,,,,,ohlcv_backfill,minute,4.5176821200885695e-06,4.780030459932927e-06,4.50507841467199e-06,4.711743573272148e-06,173.34561019359347,/home/runner/work/Solana-Memecoin-Analysis/Solana-Memecoin-Analysis/data/cache/2026-09-27/072920930208_ohlcv_63d9df96523d.json
2026-09-25T22:35:00+00:00,4aE7RyYHugztSy3rdKq51bvNkaRj2E7NJU7jPWxzhC3Q,solana,PumpSwap,,,,,2026-09-15T21:57:08Z,4.5176821200885695e-06,,,,,,,,,,,,,,,,,,,ohlcv_backfill,minute,4.6527850284473885e-06,4.6527850284473885e-06,4.5176821200885695e-06,4.5176821200885695e-06,164.29349690788464,/home/runner/work/Solana-Memecoin-Analysis/Solana-Memecoin-Analysis/data/cache/2026-09-27/072920930208_ohlcv_63d9df96523d.json
2026-09-25T21:50:00+00:00,4aE7RyYHugztSy3rdKq51bvNkaRj2E7NJU7jPWxzhC3Q,solana,PumpSwap,,,,,2026-09-15T21:57:08Z,4.6527850284473885e-06,,,,,,,,,,,,,,,,,,,ohlcv_backfill,minute,4.073277961234086e-06,4.6527850284473885e-06,4.073277961234086e-06,4.6527850284473885e-06,236.68032818147788,/home/runner/work/Solana-Memecoin-Analysis/Solana-Memecoin-Analysis/data/cache/2026-09-27/072920930208_ohlcv_63d9df96523d.json
2026-09-25T21:35:00+00:00,4aE7RyYHugztSy3rdKq51bvNkaRj2E7NJU7jPWxzhC3Q,solana,PumpSwap,,,,,2026-09-15T21:57:08Z,4.073277961234086e-06,,,,,,,,,,,,,,,,,,,ohlcv_backfill,minute,3.6609369542222436e-06,4.242596762463715e-06,3.6609369542222436e-06,4.073277961234086e-06,301.41026964465175,/home/runner/work/Solana-Memecoin-Analysis/Solana-Memecoin-Analysis/data/cache/2026-09-27/072920930208_ohlcv_63d9df96523d.json
2026-09-25T15:55:00+00:00,4aE7RyYHugztSy3rdKq51bvNkaRj2E7NJU7jPWxzhC3Q,solana,PumpSwap,,,,,2026-09-15T21:57:08Z,3.6609369542222436e-06,,,,,,,,,,,,,,,,,,,ohlcv_backfill,minute,3.689562059266956e-06,4.648142784700269e-06,3.6609369542222436e-06,3.6609369542222436e-06,1272.0467023662875,/home/runner/work/Solana-Memecoin-Analysis/Solana-Memecoin-Analysis/data/cache/2026-09-27/072920930208_ohlcv_63d9df96523d.json
2026-09-25T15:50:00+00:00,4aE7RyYHugztSy3rdKq51bvNkaRj2E7NJU7jPWxzhC3Q,solana,PumpSwap,,,,,2026-09-15T21:57:08Z,3.689562059266956e-06,,,,,,,,,,,,,,,,,,,ohlcv_backfill,minute,3.345835761025899e-06,3.7172400672442343e-06,3.345835761025899e-06,3.689562059266956e-06,139.13791379615063,/home/runner/work/Solana-Memecoin-Analysis/Solana-Memecoin-Analysis/data/cache/2026-09-27/072920930208_ohlcv_63d9df96523d.json
2026-09-25T11:00:00+00:00,4aE7RyYHugztSy3rdKq51bvNkaRj2E7NJU7jPWxzhC3Q,solana,PumpSwap,,,,,2026-09-15T21:57:08Z,3.345835761025899e-06,,,,,,,,,,,,,,,,,,,ohlcv_backfill,minute,3.416449611512448e-06,3.416449611512448e-06,3.345835761025899e-06,3.345835761025899e-06,10.27522419373402,/home/runner/work/Solana-Memecoin-Analysis/Solana-Memecoin-Analysis/data/cache/2026-09-27/072920930208_ohlcv_63d9df96523d.json
2026-09-25T04:25:00+00:00,4aE7RyYHugztSy3rdKq51bvNkaRj2E7NJU7jPWxzhC3Q,solana,PumpSwap,,,,,2026-09-15T21:57:08Z,3.416449611512448e-06,,,,,,,,,,,,,,,,,,,ohlcv_backfill,minute,3.4743876580535787e-06,3.4743876580535787e-06,3.416449611512448e-06,3.416449611512448e-06,113.01518620995361,/home/runner/work/Solana-Memecoin-Analysis/Solana-Memecoin-Analysis/data/cache/2026-09-27/072920930208_ohlcv_63d9df96523d.json
2026-09-24T12:10:00+00:00,4aE7RyYHugztSy3rdKq51bvNkaRj2E7NJU7jPWxzhC3Q,solana,PumpSwap,,,,,2026-09-15T21:57:08Z,3.4743876580535787e-06,,,,,,,,,,,,,,,,,,,ohlcv_backfill,minute,3.5318449164323143e-06,3.5318449164323143e-06,3.4743876580535787e-06,3.4743876580535787e-06,0.473153126378559,/home/runner/work/Solana-Memecoin-Analysis/Solana-Memecoin-Analysis/data/cache/2026-09-27/072920930208_ohlcv_63d9df96523d.json
2026-09-24T06:15:00+00:00,4aE7RyYHugztSy3rdKq51bvNkaRj2E7NJU7jPWxzhC3Q,solana,PumpSwap,,,,,2026-09-15T21:57:08Z,3.5318449164323143e-06,,,,,,,,,,,,,,,,,,,ohlcv_backfill,minute,3.586453030958965e-06,3.586453030958965e-06,3.5318449164323143e-06,3.5318449164323143e-06,6.406740680737954,/home/runner/work/Solana-Memecoin-Analysis/Solana-Memecoin-Analysis/data/cache/2026-09-27/072920930208_ohlcv_63d9df96523d.json
2026-09-24T06:05:00+00:00,4aE7RyYHugztSy3rdKq51bvNkaRj2E7NJU7jPWxzhC3Q,solana,PumpSwap,,,,,2026-09-15T21:57:08Z,3.586453030958965e-06,,,,,,,,,,,,,,,,,,,ohlcv_backfill,minute,3.5968347198247965e-06,3.5968347198247965e-06,3.557013331365391e-06,3.586453030958965e-06,22.46561035521536,/home/runner/work/Solana-Memecoin-Analysis/Solana-Memecoin-Analysis/data/cache/2026-09-27/072920930208_ohlcv_63d9df96523d.json
2026-09-24T06:00:00+00:00,4aE7RyYHugztSy3rdKq51bvNkaRj2E7NJU7jPWxzhC3Q,solana,PumpSwap,,,,,2026-09-15T21:57:08Z,3.5968347198247965e-06,,,,,,,,,,,,,,,,,,,ohlcv_backfill,minute,3.2503255171267235e-06,3.6266358725574915e-06,3.2503255171267235e-06,3.5968347198247965e-06,136.2986661071946,/home/runner/work/Solana-Memecoin-Analysis/Solana-Memecoin-Analysis/data/cache/2026-09-27/072920930208_ohlcv_63d9df96523d.json
2026-09-24T03:30:00+00:00,4aE7RyYHugztSy3rdKq51bvNkaRj2E7NJU7jPWxzhC3Q,solana,PumpSwap,,,,,2026-09-15T21:57:08Z,3.2503255171267235e-06,,,,,,,,,,,,,,,,,,,ohlcv_backfill,minute,3.2573706572615978e-06,3.2573706572615978e-06,3.2503255171267235e-06,3.2503255171267235e-06,11.000112081272869,/home/runner/work/Solana-Memecoin-Analysis/Solana-Memecoin-Analysis/data/cache/2026-09-27/072920930208_ohlcv_63d9df96523d.json
2026-09-24T02:10:00+00:00,4aE7RyYHugztSy3rdKq51bvNkaRj2E7NJU7jPWxzhC3Q,solana,PumpSwap,,,,,2026-09-15T21:57:08Z,3.2573706572615978e-06,,,,,,,,,,,,,,,,,,,ohlcv_backfill,minute,3.2965048017425375e-06,3.2965048017425375e-06,3.2573706572615978e-06,3.2573706572615978e-06,0.06865733965849817,/home/runner/work/Solana-Memecoin-Analysis/Solana-Memecoin-Analysis/data/cache/2026-09-27/072920930208_ohlcv_63d9df96523d.json
2026-09-24T01:00:00+00:00,4aE7RyYHugztSy3rdKq51bvNkaRj2E7NJU7jPWxzhC3Q,solana,PumpSwap,,,,,2026-09-15T21:57:08Z,3.2965048017425375e-06,,,,,,,,,,,,,,,,,,,ohlcv_backfill,minute,3.4226982169731356e-06,3.4226982169731356e-06,3.2965048017425375e-06,3.2965048017425375e-06,11.11450358589343,/home/runner/work/Solana-Memecoin-Analysis/Solana-Memecoin-Analysis/data/cache/2026-09-27/072920930208_ohlcv_63d9df96523d.json
2026-09-23T08:25:00+00:00,4aE7RyYHugztSy3rdKq51bvNkaRj2E7NJU7jPWxzhC3Q,solana,PumpSwap,,,,,2026-09-15T21:57:08Z,3.4226982169731356e-06,,,,,,,,,,,,,,,,,,,ohlcv_backfill,minute,3.544911444634992e-06,3.544911444634992e-06,3.4226982169731356e-06,3.4226982169731356e-06,25.788865408174036,/home/runner/work/Solana-Memecoin-Analysis/Solana-Memecoin-Analysis/data/cache/2026-09-27/072920930208_ohlcv_63d9df96523d.json
2026-09-23T08:00:00+00:00,4aE7RyYHugztSy3rdKq51bvNkaRj2E7NJU7jPWxzhC3Q,solana,PumpSwap,,,,,2026-09-15T21:57:08Z,3.544911444634992e-06,,,,,,,,,,,,,,,,,,,ohlcv_backfill,minute,3.6743533121269575e-06,3.6743533121269575e-06,3.544911444634992e-06,3.544911444634992e-06,70.76322657259611,/home/runner/work/Solana-Memecoin-Analysis/Solana-Memecoin-Analysis/data/cache/2026-09-27/072920930208_ohlcv_63d9df96523d.json
2026-09-22T23:10:00+00:00,4aE7RyYHugztSy3rdKq51bvNkaRj2E7NJU7jPWxzhC3Q,solana,PumpSwap,,,,,2026-09-15T21:57:08Z,3.6743533121269575e-06,,,,,,,,,,,,,,,,,,,ohlcv_backfill,minute,3.6570572639813933e-06,3.6743533121269575e-06,3.6570572639813933e-06,3.6743533121269575e-06,2.664753547885604,/home/runner/work/Solana-Memecoin-Analysis/Solana-Memecoin-Analysis/data/cache/2026-09-27/072920930208_ohlcv_63d9df96523d.json
2026-09-22T20:35:00+00:00,4aE7RyYHugztSy3rdKq51bvNkaRj2E7NJU7jPWxzhC3Q,solana,PumpSwap,,,,,2026-09-15T21:57:08Z,3.6570572639813933e-06,,,,,,,,,,,,,,,,,,,ohlcv_backfill,minute,3.644503411988099e-06,3.6570572639813933e-06,3.644503411988099e-06,3.6570572639813933e-06,1.2925013519406916,/home/runner/work/Solana-Memecoin-Analysis/Solana-Memecoin-Analysis/data/cache/2026-09-27/072920930208_ohlcv_63d9df96523d.json
2026-09-22T18:35:00+00:00,4aE7RyYHugztSy3rdKq51bvNkaRj2E7NJU7jPWxzhC3Q,solana,PumpSwap,,,,,2026-09-15T21:57:08Z,3.644503411988099e-06,,,,,,,,,,,,,,,,,,,ohlcv_backfill,minute,3.624872114260954e-06,3.644503411988099e-06,3.624872114260954e-06,3.644503411988099e-06,0.0455851421853437,/home/runner/work/Solana-Memecoin-Analysis/Solana-Memecoin-Analysis/data/cache/2026-09-27/072920930208_ohlcv_63d9df96523d.json
2026-09-22T16:45:00+00:00,4aE7RyYHugztSy3rdKq51bvNkaRj2E7NJU7jPWxzhC3Q,solana,PumpSwap,,,,,2026-09-15T21:57:08Z,3.624872114260954e-06,,,,,,,,,,,,,,,,,,,ohlcv_backfill,minute,3.729567155526727e-06,3.729567155526727e-06,3.624872114260954e-06,3.624872114260954e-06,1.6384935503872775,/home/runner/work/Solana-Memecoin-Analysis/Solana-Memecoin-Analysis/data/cache/2026-09-27/072920930208_ohlcv_63d9df96523d.json
2026-09-22T15:30:00+00:00,4aE7RyYHugztSy3rdKq51bvNkaRj2E7NJU7jPWxzhC3Q,solana,PumpSwap,,,,,2026-09-15T21:57:08Z,3.729567155526727e-06,,,,,,,,,,,,,,,,,,,ohlcv_backfill,minute,4.2665640645166546e-06,4.2665640645166546e-06,3.729567155526727e-06,3.729567155526727e-06,227.09085714035865,/home/runner/work/Solana-Memecoin-Analysis/Solana-Memecoin-Analysis/data/cache/2026-09-27/072920930208_ohlcv_63d9df96523d.json
2026-09-22T12:20:00+00:00,4aE7RyYHugztSy3rdKq51bvNkaRj2E7NJU7jPWxzhC3Q,solana,PumpSwap,,,,,2026-09-15T21:57:08Z,4.2665640645166546e-06,,,,,,,,,,,,,,,,,,,ohlcv_backfill,minute,4.317980518327647e-06,4.317980518327647e-06,4.2665640645166546e-06,4.2665640645166546e-06,13.102825551240219,/home/runner/work/Solana-Memecoin-Analysis/Solana-Memecoin-Analysis/data/cache/2026-09-27/072920930208_ohlcv_63d9df96523d.json
2026-09-22T09:40:00+00:00,4aE7RyYHugztSy3rdKq51bvNkaRj2E7NJU7jPWxzhC3Q,solana,PumpSwap,,,,,2026-09-15T21:57:08Z,4.317980518327647e-06,,,,,,,,,,,,,,,,,,,ohlcv_backfill,minute,4.342257810017734e-06,4.342257810017734e-06,4.317980518327647e-06,4.317980518327647e-06,26.52145595836048,/home/runner/work/Solana-Memecoin-Analysis/Solana-Memecoin-Analysis/data/cache/2026-09-27/072920930208_ohlcv_63d9df96523d.json
2026-09-22T07:25:00+00:00,4aE7RyYHugztSy3rdKq51bvNkaRj2E7NJU7jPWxzhC3Q,solana,PumpSwap,,,,,2026-09-15T21:57:08Z,4.342257810017734e-06,,,,,,,,,,,,,,,,,,,ohlcv_backfill,minute,3.7462717206485493e-06,4.342257810017734e-06,3.7462717206485493e-06,4.342257810017734e-06,43.63139590787874,/home/runner/work/Solana-Memecoin-Analysis/Solana-Memecoin-Analysis/data/cache/2026-09-27/072920930208_ohlcv_63d9df96523d.json
2026-09-22T06:35:00+00:00,4aE7RyYHugztSy3rdKq51bvNkaRj2E7NJU7jPWxzhC3Q,solana,PumpSwap,,,,,2026-09-15T21:57:08Z,3.7462717206485493e-06,,,,,,,,,,,,,,,,,,,ohlcv_backfill,minute,3.820167587944865e-06,4.161041491196871e-06,3.7462717206485493e-06,3.7462717206485493e-06,228.29136725926517,/home/runner/work/Solana-Memecoin-Analysis/Solana-Memecoin-Analysis/data/cache/2026-09-27/072920930208_ohlcv_63d9df96523d.json
2026-09-22T06:30:00+00:00,4aE7RyYHugztSy3rdKq51bvNkaRj2E7NJU7jPWxzhC3Q,solana,PumpSwap,,,,,2026-09-15T21:57:08Z,3.820167587944865e-06,,,,,,,,,,,,,,,,,,,ohlcv_backfill,minute,4.082465376046255e-06,4.082465376046255e-06,3.820167587944865e-06,3.820167587944865e-06,168.9069824358913,/home/runner/work/Solana-Memecoin-Analysis/Solana-Memecoin-Analysis/data/cache/2026-09-27/072920930208_ohlcv_63d9df96523d.json
2026-09-22T03:55:00+00:00,4aE7RyYHugztSy3rdKq51bvNkaRj2E7NJU7jPWxzhC3Q,solana,PumpSwap,,,,,2026-09-15T21:57:08Z,4.082465376046255e-06,,,,,,,,,,,,,,,,,,,ohlcv_backfill,minute,4.141598347166119e-06,4.141598347166119e-06,4.082465376046255e-06,4.082465376046255e-06,8.959411047037612,/home/runner/work/Solana-Memecoin-Analysis/Solana-Memecoin-Analysis/data/cache/2026-09-27/072920930208_ohlcv_63d9df96523d.json
2026-09-22T01:25:00+00:00,4aE7RyYHugztSy3rdKq51bvNkaRj2E7NJU7jPWxzhC3Q,solana,PumpSwap,,,,,2026-09-15T21:57:08Z,4.141598347166119e-06,,,,,,,,,,,,,,,,,,,ohlcv_backfill,minute,4.121613684449536e-06,4.141598347166119e-06,4.121613684449536e-06,4.141598347166119e-06,11.939386229569877,/home/runner/work/Solana-Memecoin-Analysis/Solana-Memecoin-Analysis/data/cache/2026-09-27/072920930208_ohlcv_63d9df96523d.json
2026-09-22T01:20:00+00:00,4aE7RyYHugztSy3rdKq51bvNkaRj2E7NJU7jPWxzhC3Q,solana,PumpSwap,,,,,2026-09-15T21:57:08Z,4.121613684449536e-06,,,,,,,,,,,,,,,,,,,ohlcv_backfill,minute,3.857751284628255e-06,4.121613684449536e-06,3.853604359288429e-06,4.121613684449536e-06,185.7720595097355,/home/runner/work/Solana-Memecoin-Analysis/Solana-Memecoin-Analysis/data/cache/2026-09-27/072920930208_ohlcv_63d9df96523d.json
2026-09-22T01:00:00+00:00,4aE7RyYHugztSy3rdKq51bvNkaRj2E7NJU7jPWxzhC3Q,solana,PumpSwap,,,,,2026-09-15T21:57:08Z,3.857751284628255e-06,,,,,,,,,,,,,,,,,,,ohlcv_backfill,minute,4.021626683990466e-06,4.021626683990466e-06,3.857751284628255e-06,3.857751284628255e-06,136.42115845473307,/home/runner/work/Solana-Memecoin-Analysis/Solana-Memecoin-Analysis/data/cache/2026-09-27/072920930208_ohlcv_63d9df96523d.json
2026-09-21T17:50:00+00:00,4aE7RyYHugztSy3rdKq51bvNkaRj2E7NJU7jPWxzhC3Q,solana,PumpSwap,,,,,2026-09-15T21:57:08Z,4.021626683990466e-06,,,,,,,,,,,,,,,,,,,ohlcv_backfill,minute,4.279525857472725e-06,4.279525857472725e-06,4.021626683990466e-06,4.021626683990466e-06,17.651787937264782,/home/runner/work/Solana-Memecoin-Analysis/Solana-Memecoin-Analysis/data/cache/2026-09-27/072920930208_ohlcv_63d9df96523d.json
2026-09-21T16:05:00+00:00,4aE7RyYHugztSy3rdKq51bvNkaRj2E7NJU7jPWxzhC3Q,solana,PumpSwap,,,,,2026-09-15T21:57:08Z,4.279525857472725e-06,,,,,,,,,,,,,,,,,,,ohlcv_backfill,minute,4.580312831723584e-06,4.580312831723584e-06,4.279525857472725e-06,4.279525857472725e-06,153.65350920808524,/home/runner/work/Solana-Memecoin-Analysis/Solana-Memecoin-Analysis/data/cache/2026-09-27/072920930208_ohlcv_63d9df96523d.json
2026-09-21T14:00:00+00:00,4aE7RyYHugztSy3rdKq51bvNkaRj2E7NJU7jPWxzhC3Q,solana,PumpSwap,,,,,2026-09-15T21:57:08Z,4.580312831723584e-06,,,,,,,,,,,,,,,,,,,ohlcv_backfill,minute,4.844517761604284e-06,4.844517761604284e-06,4.580312831723584e-06,4.580312831723584e-06,63.559703914350735,/home/runner/work/Solana-Memecoin-Analysis/Solana-Memecoin-Analysis/data/cache/2026-09-27/072920930208_ohlcv_63d9df96523d.json
2026-09-21T13:55:00+00:00,4aE7RyYHugztSy3rdKq51bvNkaRj2E7NJU7jPWxzhC3Q,solana,PumpSwap,,,,,2026-09-15T21:57:08Z,4.844517761604284e-06,,,,,,,,,,,,,,,,,,,ohlcv_backfill,minute,5.4991749695598125e-06,5.5597474119959875e-06,4.844517761604284e-06,4.844517761604284e-06,303.72431548540237,/home/runner/work/Solana-Memecoin-Analysis/Solana-Memecoin-Analysis/data/cache/2026-09-27/072920930208_ohlcv_63d9df96523d.json
2026-09-21T13:50:00+00:00,4aE7RyYHugztSy3rdKq51bvNkaRj2E7NJU7jPWxzhC3Q,solana,PumpSwap,,,,,2026-09-15T21:57:08Z,5.4991749695598125e-06,,,,,,,,,,,,,,,,,,,ohlcv_backfill,minute,5.218724616803001e-06,5.4991749695598125e-06,5.218724616803001e-06,5.4991749695598125e-06,2.577426201972164,/home/runner/work/Solana-Memecoin-Analysis/Solana-Memecoin-Analysis/data/cache/2026-09-27/072920930208_ohlcv_63d9df96523d.json
2026-09-21T12:35:00+00:00,4aE7RyYHugztSy3rdKq51bvNkaRj2E7NJU7jPWxzhC3Q,solana,PumpSwap,,,,,2026-09-15T21:57:08Z,5.218724616803001e-06,,,,,,,,,,,,,,,,,,,ohlcv_backfill,minute,5.603007900885407e-06,5.603007900885407e-06,5.218724616803001e-06,5.218724616803001e-06,184.549081926909,/home/runner/work/Solana-Memecoin-Analysis/Solana-Memecoin-Analysis/data/cache/2026-09-27/072920930208_ohlcv_63d9df96523d.json
2026-09-21T10:35:00+00:00,4aE7RyYHugztSy3rdKq51bvNkaRj2E7NJU7jPWxzhC3Q,solana,PumpSwap,,,,,2026-09-15T21:57:08Z,5.603007900885407e-06,,,,,,,,,,,,,,,,,,,ohlcv_backfill,minute,6.2167787154631495e-06,6.2167787154631495e-06,4.985870297108156e-06,5.603007900885407e-06,297.7456789365048,/home/runner/work/Solana-Memecoin-Analysis/Solana-Memecoin-Analysis/data/cache/2026-09-27/072920930208_ohlcv_63d9df96523d.json
2026-09-21T10:25:00+00:00,4aE7RyYHugztSy3rdKq51bvNkaRj2E7NJU7jPWxzhC3Q,solana,PumpSwap,,,,,2026-09-15T21:57:08Z,6.2167787154631495e-06,,,,,,,,,,,,,,,,,,,ohlcv_backfill,minute,6.756907851516444e-06,6.756907851516444e-06,6.2167787154631495e-06,6.2167787154631495e-06,255.85581643740872,/home/runner/work/Solana-Memecoin-Analysis/Solana-Memecoin-Analysis/data/cache/2026-09-27/072920930208_ohlcv_63d9df96523d.json
2026-09-21T09:30:00+00:00,4aE7RyYHugztSy3rdKq51bvNkaRj2E7NJU7jPWxzhC3Q,solana,PumpSwap,,,,,2026-09-15T21:57:08Z,6.756907851516444e-06,,,,,,,,,,,,,,,,,,,ohlcv_backfill,minute,6.304893115461865e-06,6.756907851516444e-06,6.304893115461865e-06,6.756907851516444e-06,4.900316502128036,/home/runner/work/Solana-Memecoin-Analysis/Solana-Memecoin-Analysis/data/cache/2026-09-27/072920930208_ohlcv_63d9df96523d.json
2026-09-21T09:05:00+00:00,4aE7RyYHugztSy3rdKq51bvNkaRj2E7NJU7jPWxzhC3Q,solana,PumpSwap,,,,,2026-09-15T21:57:08Z,6.304893115461865e-06,,,,,,,,,,,,,,,,,,,ohlcv_backfill,minute,5.012306173061635e-06,6.304893115461865e-06,5.012306173061635e-06,6.304893115461865e-06,456.336815525808,/home/runner/work/Solana-Memecoin-Analysis/Solana-Memecoin-Analysis/data/cache/2026-09-27/072920930208_ohlcv_63d9df96523d.json
2026-09-21T08:55:00+00:00,4aE7RyYHugztSy3rdKq51bvNkaRj2E7NJU7jPWxzhC3Q,solana,PumpSwap,,,,,2026-09-15T21:57:08Z,5.012306173061635e-06,,,,,,,,,,,,,,,,,,,ohlcv_backfill,minute,4.756305619124346e-06,5.012306173061635e-06,4.756305619124346e-06,5.012306173061635e-06,114.2015708603617,/home/runner/work/Solana-Memecoin-Analysis/Solana-Memecoin-Analysis/data/cache/2026-09-27/072920930208_ohlcv_63d9df96523d.json
2026-09-21T08:50:00+00:00,4aE7RyYHugztSy3rdKq51bvNkaRj2E7NJU7jPWxzhC3Q,solana,PumpSwap,,,,,2026-09-15T21:57:08Z,4.756305619124346e-06,,,,,,,,,,,,,,,,,,,ohlcv_backfill,minute,4.1662172010456534e-06,4.756305619124346e-06,4.1662172010456534e-06,4.756305619124346e-06,171.35713712862494,/home/runner/work/Solana-Memecoin-Analysis/Solana-Memecoin-Analysis/data/cache/2026-09-27/072920930208_ohlcv_63d9df96523d.json
2026-09-21T08:35:00+00:00,4aE7RyYHugztSy3rdKq51bvNkaRj2E7NJU7jPWxzhC3Q,solana,PumpSwap,,,,,2026-09-15T21:57:08Z,4.1662172010456534e-06,,,,,,,,,,,,,,,,,,,ohlcv_backfill,minute,3.6049368227275576e-06,4.1662172010456534e-06,3.6049368227275576e-06,4.1662172010456534e-06,222.62345939341162,/home/runner/work/Solana-Memecoin-Analysis/Solana-Memecoin-Analysis/data/cache/2026-09-27/072920930208_ohlcv_63d9df96523d.json
2026-09-21T07:25:00+00:00,4aE7RyYHugztSy3rdKq51bvNkaRj2E7NJU7jPWxzhC3Q,solana,PumpSwap,,,,,2026-09-15T21:57:08Z,3.6049368227275576e-06,,,,,,,,,,,,,,,,,,,ohlcv_backfill,minute,4.008441215192789e-06,4.008441215192789e-06,3.6049368227275576e-06,3.6049368227275576e-06,159.0037007006531,/home/runner/work/Solana-Memecoin-Analysis/Solana-Memecoin-Analysis/data/cache/2026-09-27/072920930208_ohlcv_63d9df96523d.json
2026-09-21T06:35:00+00:00,4aE7RyYHugztSy3rdKq51bvNkaRj2E7NJU7jPWxzhC3Q,solana,PumpSwap,,,,,2026-09-15T21:57:08Z,4.008441215192789e-06,,,,,,,,,,,,,,,,,,,ohlcv_backfill,minute,4.0387282727519315e-06,4.0387282727519315e-06,4.008441215192789e-06,4.008441215192789e-06,18.122970815028182,/home/runner/work/Solana-Memecoin-Analysis/Solana-Memecoin-Analysis/data/cache/2026-09-27/072920930208_ohlcv_63d9df96523d.json
2026-09-21T04:55:00+00:00,4aE7RyYHugztSy3rdKq51bvNkaRj2E7NJU7jPWxzhC3Q,solana,PumpSwap,,,,,2026-09-15T21:57:08Z,4.0387282727519315e-06,,,,,,,,,,,,,,,,,,,ohlcv_backfill,minute,3.955331414507301e-06,4.0387282727519315e-06,3.955331414507301e-06,4.0387282727519315e-06,22.011478769403446,/home/runner/work/Solana-Memecoin-Analysis/Solana-Memecoin-Analysis/data/cache/2026-09-27/072920930208_ohlcv_63d9df96523d.json
2026-09-21T04:30:00+00:00,4aE7RyYHugztSy3rdKq51bvNkaRj2E7NJU7jPWxzhC3Q,solana,PumpSwap,,,,,2026-09-15T21:57:08Z,3.955331414507301e-06,,,,,,,,,,,,,,,,,,,ohlcv_backfill,minute,4.039019336947018e-06,4.039019336947018e-06,3.955331414507301e-06,3.955331414507301e-06,8.952390315764418,/home/runner/work/Solana-Memecoin-Analysis/Solana-Memecoin-Analysis/data/cache/2026-09-27/072920930208_ohlcv_63d9df96523d.json
2026-09-21T00:05:00+00:00,4aE7RyYHugztSy3rdKq51bvNkaRj2E7NJU7jPWxzhC3Q,solana,PumpSwap,,,,,2026-09-15T21:57:08Z,4.039019336947018e-06,,,,,,,,,,,,,,,,,,,ohlcv_backfill,minute,5.258679787612529e-06,5.258679787612529e-06,4.039019336947018e-06,4.039019336947018e-06,290.378808748338,/home/runner/work/Solana-Memecoin-Analysis/Solana-Memecoin-Analysis/data/cache/2026-09-27/072920930208_ohlcv_63d9df96523d.json
2026-09-20T23:45:00+00:00,4aE7RyYHugztSy3rdKq51bvNkaRj2E7NJU7jPWxzhC3Q,solana,PumpSwap,,,,,2026-09-15T21:57:08Z,5.258679787612529e-06,,,,,,,,,,,,,,,,,,,ohlcv_backfill,minute,4.887021983023488e-06,5.258679787612529e-06,4.887021983023488e-06,5.258679787612529e-06,185.20925206942277,/home/runner/work/Solana-Memecoin-Analysis/Solana-Memecoin-Analysis/data/cache/2026-09-27/072920930208_ohlcv_63d9df96523d.json
2026-09-20T22:50:00+00:00,4aE7RyYHugztSy3rdKq51bvNkaRj2E7NJU7jPWxzhC3Q,solana,PumpSwap,,,,,2026-09-15T21:57:08Z,4.887021983023488e-06,,,,,,,,,,,,,,,,,,,ohlcv_backfill,minute,4.219684884230673e-06,5.340019560686501e-06,4.219684884230673e-06,4.887021983023488e-06,380.2141834219107,/home/runner/work/Solana-Memecoin-Analysis/Solana-Memecoin-Analysis/data/cache/2026-09-27/072920930208_ohlcv_63d9df96523d.json
2026-09-20T22:10:00+00:00,4aE7RyYHugztSy3rdKq51bvNkaRj2E7NJU7jPWxzhC3Q,solana,PumpSwap,,,,,2026-09-15T21:57:08Z,4.219684884230673e-06,,,,,,,,,,,,,,,,,,,ohlcv_backfill,minute,4.021824266153756e-06,4.219684884230673e-06,4.017856826625985e-06,4.219684884230673e-06,108.05392261299373,/home/runner/work/Solana-Memecoin-Analysis/Solana-Memecoin-Analysis/data/cache/2026-09-27/072920930208_ohlcv_63d9df96523d.json
2026-09-20T22:05:00+00:00,4aE7RyYHugztSy3rdKq51bvNkaRj2E7NJU7jPWxzhC3Q,solana,PumpSwap,,,,,2026-09-15T21:57:08Z,4.021824266153756e-06,,,,,,,,,,,,,,,,,,,ohlcv_backfill,minute,4.595177943761983e-06,4.595177943761983e-06,4.021824266153756e-06,4.021824266153756e-06,238.74748830071692,/home/runner/work/Solana-Memecoin-Analysis/Solana-Memecoin-Analysis/data/cache/2026-09-27/072920930208_ohlcv_63d9df96523d.json
2026-09-20T21:35:00+00:00,4aE7RyYHugztSy3rdKq51bvNkaRj2E7NJU7jPWxzhC3Q,solana,PumpSwap,,,,,2026-09-15T21:57:08Z,4.595177943761983e-06,,,,,,,,,,,,,,,,,,,ohlcv_backfill,minute,4.784548470900213e-06,4.784548470900213e-06,4.595177943761983e-06,4.595177943761983e-06,1.9624409402498266,/home/runner/work/Solana-Memecoin-Analysis/Solana-Memecoin-Analysis/data/cache/2026-09-27/072920930208_ohlcv_63d9df96523d.json
2026-09-20T20:30:00+00:00,4aE7RyYHugztSy3rdKq51bvNkaRj2E7NJU7jPWxzhC3Q,solana,PumpSwap,,,,,2026-09-15T21:57:08Z,4.784548470900213e-06,,,,,,,,,,,,,,,,,,,ohlcv_backfill,minute,4.955580544333718e-06,5.026938472206194e-06,4.784548470900213e-06,4.784548470900213e-06,113.30513971165628,/home/runner/work/Solana-Memecoin-Analysis/Solana-Memecoin-Analysis/data/cache/2026-09-27/072920930208_ohlcv_63d9df96523d.json
2026-09-20T19:20:00+00:00,4aE7RyYHugztSy3rdKq51bvNkaRj2E7NJU7jPWxzhC3Q,solana,PumpSwap,,,,,2026-09-15T21:57:08Z,4.955580544333718e-06,,,,,,,,,,,,,,,,,,,ohlcv_backfill,minute,4.902935545217412e-06,4.955580544333718e-06,4.902935545217412e-06,4.955580544333718e-06,7.100545258466352,/home/runner/work/Solana-Memecoin-Analysis/Solana-Memecoin-Analysis/data/cache/2026-09-27/072920930208_ohlcv_63d9df96523d.json
2026-09-20T11:50:00+00:00,4aE7RyYHugztSy3rdKq51bvNkaRj2E7NJU7jPWxzhC3Q,solana,PumpSwap,,,,,2026-09-15T21:57:08Z,4.902935545217412e-06,,,,,,,,,,,,,,,,,,,ohlcv_backfill,minute,4.88800665535353e-06,4.902935545217412e-06,4.88800665535353e-06,4.902935545217412e-06,3.176003382537486,/home/runner/work/Solana-Memecoin-Analysis/Solana-Memecoin-Analysis/data/cache/2026-09-27/072920930208_ohlcv_63d9df96523d.json
2026-09-20T11:00:00+00:00,4aE7RyYHugztSy3rdKq51bvNkaRj2E7NJU7jPWxzhC3Q,solana,PumpSwap,,,,,2026-09-15T21:57:08Z,4.88800665535353e-06,,,,,,,,,,,,,,,,,,,ohlcv_backfill,minute,4.910225468878059e-06,4.910225468878059e-06,4.88800665535353e-06,4.88800665535353e-06,0.055806223682049336,/home/runner/work/Solana-Memecoin-Analysis/Solana-Memecoin-Analysis/data/cache/2026-09-27/072920930208_ohlcv_63d9df96523d.json
2026-09-20T09:25:00+00:00,4aE7RyYHugztSy3rdKq51bvNkaRj2E7NJU7jPWxzhC3Q,solana,PumpSwap,,,,,2026-09-15T21:57:08Z,4.910225468878059e-06,,,,,,,,,,,,,,,,,,,ohlcv_backfill,minute,5.068869002832747e-06,5.068869002832747e-06,4.910225468878059e-06,4.910225468878059e-06,3.484134691809218,/home/runner/work/Solana-Memecoin-Analysis/Solana-Memecoin-Analysis/data/cache/2026-09-27/072920930208_ohlcv_63d9df96523d.json
2026-09-20T08:35:00+00:00,4aE7RyYHugztSy3rdKq51bvNkaRj2E7NJU7jPWxzhC3Q,solana,PumpSwap,,,,,2026-09-15T21:57:08Z,5.068869002832747e-06,,,,,,,,,,,,,,,,,,,ohlcv_backfill,minute,5.334754137841924e-06,5.334754137841924e-06,5.068869002832747e-06,5.068869002832747e-06,100.05137175876156,/home/runner/work/Solana-Memecoin-Analysis/Solana-Memecoin-Analysis/data/cache/2026-09-27/072920930208_ohlcv_63d9df96523d.json
2026-09-20T07:00:00+00:00,4aE7RyYHugztSy3rdKq51bvNkaRj2E7NJU7jPWxzhC3Q,solana,PumpSwap,,,,,2026-09-15T21:57:08Z,5.334754137841924e-06,,,,,,,,,,,,,,,,,,,ohlcv_backfill,minute,5.4205096067175855e-06,5.4205096067175855e-06,5.334754137841924e-06,5.334754137841924e-06,53.86721376583687,/home/runner/work/Solana-Memecoin-Analysis/Solana-Memecoin-Analysis/data/cache/2026-09-27/072920930208_ohlcv_63d9df96523d.json
2026-09-20T06:55:00+00:00,4aE7RyYHugztSy3rdKq51bvNkaRj2E7NJU7jPWxzhC3Q,solana,PumpSwap,,,,,2026-09-15T21:57:08Z,5.4205096067175855e-06,,,,,,,,,,,,,,,,,,,ohlcv_backfill,minute,5.599093159956357e-06,5.599093159956357e-06,5.4205096067175855e-06,5.4205096067175855e-06,0.5311231647205883,/home/runner/work/Solana-Memecoin-Analysis/Solana-Memecoin-Analysis/data/cache/2026-09-27/072920930208_ohlcv_63d9df96523d.json
2026-09-20T06:00:00+00:00,4aE7RyYHugztSy3rdKq51bvNkaRj2E7NJU7jPWxzhC3Q,solana,PumpSwap,,,,,2026-09-15T21:57:08Z,5.599093159956357e-06,,,,,,,,,,,,,,,,,,,ohlcv_backfill,minute,6.424826093409913e-06,6.424826093409913e-06,5.599093159956357e-06,5.599093159956357e-06,187.9160416403168,/home/runner/work/Solana-Memecoin-Analysis/Solana-Memecoin-Analysis/data/cache/2026-09-27/072920930208_ohlcv_63d9df96523d.json
2026-09-20T05:05:00+00:00,4aE7RyYHugztSy3rdKq51bvNkaRj2E7NJU7jPWxzhC3Q,solana,PumpSwap,,,,,2026-09-15T21:57:08Z,6.424826093409913e-06,,,,,,,,,,,,,,,,,,,ohlcv_backfill,minute,6.7741973267146156e-06,6.7741973267146156e-06,6.424826093409913e-06,6.424826093409913e-06,186.27667287950416,/home/runner/work/Solana-Memecoin-Analysis/Solana-Memecoin-Analysis/data/cache/2026-09-27/072920930208_ohlcv_63d9df96523d.json
2026-09-20T04:55:00+00:00,4aE7RyYHugztSy3rdKq51bvNkaRj2E7NJU7jPWxzhC3Q,solana,PumpSwap,,,,,2026-09-15T21:57:08Z,6.7741973267146156e-06,,,,,,,,,,,,,,,,,,,ohlcv_backfill,minute,6.8081804208426724e-06,6.8081804208426724e-06,6.7741973267146156e-06,6.7741973267146156e-06,1.326840467503823,/home/runner/work/Solana-Memecoin-Analysis/Solana-Memecoin-Analysis/data/cache/2026-09-27/072920930208_ohlcv_63d9df96523d.json
2026-09-20T04:15:00+00:00,4aE7RyYHugztSy3rdKq51bvNkaRj2E7NJU7jPWxzhC3Q,solana,PumpSwap,,,,,2026-09-15T21:57:08Z,6.8081804208426724e-06,,,,,,,,,,,,,,,,,,,ohlcv_backfill,minute,6.8956654164117374e-06,6.8956654164117374e-06,6.8081804208426724e-06,6.8081804208426724e-06,20.827001263035747,/home/runner/work/Solana-Memecoin-Analysis/Solana-Memecoin-Analysis/data/cache/2026-09-27/072920930208_ohlcv_63d9df96523d.json
2026-09-20T03:30:00+00:00,4aE7RyYHugztSy3rdKq51bvNkaRj2E7NJU7jPWxzhC3Q,solana,PumpSwap,,,,,2026-09-15T21:57:08Z,6.8956654164117374e-06,,,,,,,,,,,,,,,,,,,ohlcv_backfill,minute,6.833903007929891e-06,6.8956654164117374e-06,6.833903007929891e-06,6.8956654164117374e-06,4.892937694030685,/home/runner/work/Solana-Memecoin-Analysis/Solana-Memecoin-Analysis/data/cache/2026-09-27/072920930208_ohlcv_63d9df96523d.json
2026-09-20T01:05:00+00:00,4aE7RyYHugztSy3rdKq51bvNkaRj2E7NJU7jPWxzhC3Q,solana,PumpSwap,,,,,2026-09-15T21:57:08Z,6.833903007929891e-06,,,,,,,,,,,,,,,,,,,ohlcv_backfill,minute,6.253040049580444e-06,6.833903007929891e-06,6.253040049580444e-06,6.833903007929891e-06,216.51390142543124,/home/runner/work/Solana-Memecoin-Analysis/Solana-Memecoin-Analysis/data/cache/2026-09-27/072920930208_ohlcv_63d9df96523d.json
2026-09-20T00:55:00+00:00,4aE7RyYHugztSy3rdKq51bvNkaRj2E7NJU7jPWxzhC3Q,solana,PumpSwap,,,,,2026-09-15T21:57:08Z,6.253040049580444e-06,,,,,,,,,,,,,,,,,,,ohlcv_backfill,minute,6.507431564842801e-06,6.507431564842801e-06,6.249812023168071e-06,6.253040049580444e-06,1.8371445757831053,/home/runner/work/Solana-Memecoin-Analysis/Solana-Memecoin-Analysis/data/cache/2026-09-27/072920930208_ohlcv_63d9df96523d.json
2026-09-20T00:50:00+00:00,4aE7RyYHugztSy3rdKq51bvNkaRj2E7NJU7jPWxzhC3Q,solana,PumpSwap,,,,,2026-09-15T21:57:08Z,6.507431564842801e-06,,,,,,,,,,,,,,,,,,,ohlcv_backfill,minute,7.025316864102013e-06,7.025316864102013e-06,6.23660874495999e-06,6.507431564842801e-06,225.49693067821337,/home/runner/work/Solana-Memecoin-Analysis/Solana-Memecoin-Analysis/data/cache/2026-09-27/072920930208_ohlcv_63d9df96523d.json
2026-09-20T00:10:00+00:00,4aE7RyYHugztSy3rdKq51bvNkaRj2E7NJU7jPWxzhC3Q,solana,PumpSwap,,,,,2026-09-15T21:57:08Z,7.025316864102013e-06,,,,,,,,,,,,,,,,,,,ohlcv_backfill,minute,6.832285027853183e-06,7.025316864102013e-06,6.832285027853183e-06,7.025316864102013e-06,82.15154995661162,/home/runner/work/Solana-Memecoin-Analysis/Solana-Memecoin-Analysis/data/cache/2026-09-27/072920930208_ohlcv_63d9df96523d.json
2026-09-19T23:55:00+00:00,4aE7RyYHugztSy3rdKq51bvNkaRj2E7NJU7jPWxzhC3Q,solana,PumpSwap,,,,,2026-09-15T21:57:08Z,6.832285027853183e-06,,,,,,,,,,,,,,,,,,,ohlcv_backfill,minute,7.040408012928799e-06,7.040408012928799e-06,6.832285027853183e-06,6.832285027853183e-06,77.19471562106723,/home/runner/work/Solana-Memecoin-Analysis/Solana-Memecoin-Analysis/data/cache/2026-09-27/072920930208_ohlcv_63d9df96523d.json
2026-09-19T23:40:00+00:00,4aE7RyYHugztSy3rdKq51bvNkaRj2E7NJU7jPWxzhC3Q,solana,PumpSwap,,,,,2026-09-15T21:57:08Z,7.040408012928799e-06,,,,,,,,,,,,,,,,,,,ohlcv_backfill,minute,7.960718717697924e-06,7.960718717697924e-06,7.040408012928799e-06,7.040408012928799e-06,56.77698712190632,/home/runner/work/Solana-Memecoin-Analysis/Solana-Memecoin-Analysis/data/cache/2026-09-27/072920930208_ohlcv_63d9df96523d.json
2026-09-19T23:00:00+00:00,4aE7RyYHugztSy3rdKq51bvNkaRj2E7NJU7jPWxzhC3Q,solana,PumpSwap,,,,,2026-09-15T21:57:08Z,7.960718717697924e-06,,,,,,,,,,,,,,,,,,,ohlcv_backfill,minute,8.379589207169326e-06,8.384871661228995e-06,7.310201849604303e-06,7.960718717697924e-06,334.78112143397834,/home/runner/work/Solana-Memecoin-Analysis/Solana-Memecoin-Analysis/data/cache/2026-09-27/072920930208_ohlcv_63d9df96523d.json
2026-09-19T22:55:00+00:00,4aE7RyYHugztSy3rdKq51bvNkaRj2E7NJU7jPWxzhC3Q,solana,PumpSwap,,,,,2026-09-15T21:57:08Z,8.379589207169326e-06,,,,,,,,,,,,,,,,,,,ohlcv_backfill,minute,8.221413321537894e-06,8.379589207169326e-06,8.221413321537894e-06,8.379589207169326e-06,22.97196961316143,/home/runner/work/Solana-Memecoin-Analysis/Solana-Memecoin-Analysis/data/cache/2026-09-27/072920930208_ohlcv_63d9df96523d.json
2026-09-19T22:25:00+00:00,4aE7RyYHugztSy3rdKq51bvNkaRj2E7NJU7jPWxzhC3Q,solana,PumpSwap,,,,,2026-09-15T21:57:08Z,8.221413321537894e-06,,,,,,,,,,,,,,,,,,,ohlcv_backfill,minute,8.16115967658031e-06,8.221413321537894e-06,8.16115967658031e-06,8.221413321537894e-06,12.717908102848337,/home/runner/work/Solana-Memecoin-Analysis/Solana-Memecoin-Analysis/data/cache/2026-09-27/072920930208_ohlcv_63d9df96523d.json
2026-09-19T21:55:00+00:00,4aE7RyYHugztSy3rdKq51bvNkaRj2E7NJU7jPWxzhC3Q,solana,PumpSwap,,,,,2026-09-15T21:57:08Z,8.16115967658031e-06,,,,,,,,,,,,,,,,,,,ohlcv_backfill,minute,6.779939359353826e-06,8.16115967658031e-06,6.779939359353826e-06,8.16115967658031e-06,362.39545297834695,/home/runner/work/Solana-Memecoin-Analysis/Solana-Memecoin-Analysis/data/cache/2026-09-27/072920930208_ohlcv_63d9df96523d.json
2026-09-19T21:10:00+00:00,4aE7RyYHugztSy3rdKq51bvNkaRj2E7NJU7jPWxzhC3Q,solana,PumpSwap,,,,,2026-09-15T21:57:08Z,6.779939359353826e-06,,,,,,,,,,,,,,,,,,,ohlcv_backfill,minute,6.9584993215566e-06,6.9584993215566e-06,6.779939359353826e-06,6.779939359353826e-06,8.406500577836217,/home/runner/work/Solana-Memecoin-Analysis/Solana-Memecoin-Analysis/data/cache/2026-09-27/072920930208_ohlcv_63d9df96523d.json
2026-09-19T19:20:00+00:00,4aE7RyYHugztSy3rdKq51bvNkaRj2E7NJU7jPWxzhC3Q,solana,PumpSwap,,,,,2026-09-15T21:57:08Z,6.9584993215566e-06,,,,,,,,,,,,,,,,,,,ohlcv_backfill,minute,7.613304724951511e-06,7.613304724951511e-06,6.9584993215566e-06,6.9584993215566e-06,83.91485661821875,/home/runner/work/Solana-Memecoin-Analysis/Solana-Memecoin-Analysis/data/cache/2026-09-27/072920930208_ohlcv_63d9df96523d.json
2026-09-19T19:15:00+00:00,4aE7RyYHugztSy3rdKq51bvNkaRj2E7NJU7jPWxzhC3Q,solana,PumpSwap,,,,,2026-09-15T21:57:08Z,7.613304724951511e-06,,,,,,,,,,,,,,,,,,,ohlcv_backfill,minute,8.314362595266579e-06,8.314362595266579e-06,7.613304724951511e-06,7.613304724951511e-06,283.0733401325628,/home/runner/work/Solana-Memecoin-Analysis/Solana-Memecoin-Analysis/data/cache/2026-09-27/072920930208_ohlcv_63d9df96523d.json
2026-09-19T18:50:00+00:00,4aE7RyYHugztSy3rdKq51bvNkaRj2E7NJU7jPWxzhC3Q,solana,PumpSwap,,,,,2026-09-15T21:57:08Z,8.314362595266579e-06,,,,,,,,,,,,,,,,,,,ohlcv_backfill,minute,8.243950212661983e-06,8.314362595266579e-06,8.243950212661983e-06,8.314362595266579e-06,5.4764510682901815,/home/runner/work/Solana-Memecoin-Analysis/Solana-Memecoin-Analysis/data/cache/2026-09-27/072920930208_ohlcv_63d9df96523d.json
2026-09-19T18:40:00+00:00,4aE7RyYHugztSy3rdKq51bvNkaRj2E7NJU7jPWxzhC3Q,solana,PumpSwap,,,,,2026-09-15T21:57:08Z,8.243950212661983e-06,,,,,,,,,,,,,,,,,,,ohlcv_backfill,minute,8.359993123072432e-06,8.359993123072432e-06,8.209956369370157e-06,8.243950212661983e-06,19.246213996691676,/home/runner/work/Solana-Memecoin-Analysis/Solana-Memecoin-Analysis/data/cache/2026-09-27/072920930208_ohlcv_63d9df96523d.json
2026-09-19T17:40:00+00:00,4aE7RyYHugztSy3rdKq51bvNkaRj2E7NJU7jPWxzhC3Q,solana,PumpSwap,,,,,2026-09-15T21:57:08Z,8.359993123072432e-06,,,,,,,,,,,,,,,,,,,ohlcv_backfill,minute,8.496201150300548e-06,8.496201150300548e-06,8.359993123072432e-06,8.359993123072432e-06,20.210517256494217,/home/runner/work/Solana-Memecoin-Analysis/Solana-Memecoin-Analysis/data/cache/2026-09-27/072920930208_ohlcv_63d9df96523d.json
2026-09-19T17:35:00+00:00,4aE7RyYHugztSy3rdKq51bvNkaRj2E7NJU7jPWxzhC3Q,solana,PumpSwap,,,,,2026-09-15T21:57:08Z,8.496201150300548e-06,,,,,,,,,,,,,,,,,,,ohlcv_backfill,minute,8.408310649585138e-06,8.496201150300548e-06,8.321644501616054e-06,8.496201150300548e-06,33.677322166068045,/home/runner/work/Solana-Memecoin-Analysis/Solana-Memecoin-Analysis/data/cache/2026-09-27/072920930208_ohlcv_63d9df96523d.json
2026-09-19T17:30:00+00:00,4aE7RyYHugztSy3rdKq51bvNkaRj2E7NJU7jPWxzhC3Q,solana,PumpSwap,,,,,2026-09-15T21:57:08Z,8.408310649585138e-06,,,,,,,,,,,,,,,,,,,ohlcv_backfill,minute,9.323699378845397e-06,9.323699378845397e-06,8.408310649585138e-06,8.408310649585138e-06,204.885757460573,/home/runner/work/Solana-Memecoin-Analysis/Solana-Memecoin-Analysis/data/cache/2026-09-27/072920930208_ohlcv_63d9df96523d.json
2026-09-19T16:50:00+00:00,4aE7RyYHugztSy3rdKq51bvNkaRj2E7NJU7jPWxzhC3Q,solana,PumpSwap,,,,,2026-09-15T21:57:08Z,9.323699378845397e-06,,,,,,,,,,,,,,,,,,,ohlcv_backfill,minute,9.401764078178795e-06,9.401764078178795e-06,9.323699378845397e-06,9.323699378845397e-06,2.7590804716427444,/home/runner/work/Solana-Memecoin-Analysis/Solana-Memecoin-Analysis/data/cache/2026-09-27/072920930208_ohlcv_63d9df96523d.json
2026-09-19T16:45:00+00:00,4aE7RyYHugztSy3rdKq51bvNkaRj2E7NJU7jPWxzhC3Q,solana,PumpSwap,,,,,2026-09-15T21:57:08Z,9.401764078178795e-06,,,,,,,,,,,,,,,,,,,ohlcv_backfill,minute,9.707572258197928e-06,9.707572258197928e-06,9.401764078178795e-06,9.401764078178795e-06,94.01764078178795,/home/runner/work/Solana-Memecoin-Analysis/Solana-Memecoin-Analysis/data/cache/2026-09-27/072920930208_ohlcv_63d9df96523d.json
2026-09-19T16:25:00+00:00,4aE7RyYHugztSy3rdKq51bvNkaRj2E7NJU7jPWxzhC3Q,solana,PumpSwap,,,,,2026-09-15T21:57:08Z,9.707572258197928e-06,,,,,,,,,,,,,,,,,,,ohlcv_backfill,minute,9.80017420598469e-06,9.80017420598469e-06,9.707572258197928e-06,9.707572258197928e-06,5.512655509151647,/home/runner/work/Solana-Memecoin-Analysis/Solana-Memecoin-Analysis/data/cache/2026-09-27/072920930208_ohlcv_63d9df96523d.json
2026-09-19T16:10:00+00:00,4aE7RyYHugztSy3rdKq51bvNkaRj2E7NJU7jPWxzhC3Q,solana,PumpSwap,,,,,2026-09-15T21:57:08Z,9.80017420598469e-06,,,,,,,,,,,,,,,,,,,ohlcv_backfill,minute,1.1167085447211862e-05,1.1167085447211862e-05,9.80017420598469e-06,9.80017420598469e-06,211.24721672818484,/home/runner/work/Solana-Memecoin-Analysis/Solana-Memecoin-Analysis/data/cache/2026-09-27/072920930208_ohlcv_63d9df96523d.json
2026-09-19T16:05:00+00:00,4aE7RyYHugztSy3rdKq51bvNkaRj2E7NJU7jPWxzhC3Q,solana,PumpSwap,,,,,2026-09-15T21:57:08Z,1.1167085447211862e-05,,,,,,,,,,,,,,,,,,,ohlcv_backfill,minute,1.1893360440782943e-05,1.1893360440782943e-05,1.1167085447211862e-05,1.1167085447211862e-05,290.6464148597024,/home/runner/work/Solana-Memecoin-Analysis/Solana-Memecoin-Analysis/data/cache/2026-09-27/072920930208_ohlcv_63d9df96523d.json
2026-09-19T15:55:00+00:00,4aE7RyYHugztSy3rdKq51bvNkaRj2E7NJU7jPWxzhC3Q,solana,PumpSwap,,,,,2026-09-15T21:57:08Z,1.1893360440782943e-05,,,,,,,,,,,,,,,,,,,ohlcv_backfill,minute,1.0663900279374056e-05,1.2044173609454028e-05,1.0663900279374056e-05,1.1893360440782943e-05,270.83776799826717,/home/runner/work/Solana-Memecoin-Analysis/Solana-Memecoin-Analysis/data/cache/2026-09-27/072920930208_ohlcv_63d9df96523d.json
2026-09-19T15:35:00+00:00,4aE7RyYHugztSy3rdKq51bvNkaRj2E7NJU7jPWxzhC3Q,solana,PumpSwap,,,,,2026-09-15T21:57:08Z,1.0663900279374056e-05,,,,,,,,,,,,,,,,,,,ohlcv_backfill,minute,1.0120000458435625e-05,1.0713171640049547e-05,1.0120000458435625e-05,1.0663900279374056e-05,19.635479676986613,/home/runner/work/Solana-Memecoin-Analysis/Solana-Memecoin-Analysis/data/cache/2026-09-27/072920930208_ohlcv_63d9df96523d.json
2026-09-19T14:35:00+00:00,4aE7RyYHugztSy3rdKq51bvNkaRj2E7NJU7jPWxzhC3Q,solana,PumpSwap,,,,,2026-09-15T21:57:08Z,1.0120000458435625e-05,,,,,,,,,,,,,,,,,,,ohlcv_backfill,minute,1.0102353787445089e-05,1.0612385190951546e-05,9.688198217169511e-06,1.0120000458435625e-05,254.8488567713404,/home/runner/work/Solana-Memecoin-Analysis/Solana-Memecoin-Analysis/data/cache/2026-09-27/072920930208_ohlcv_63d9df96523d.json
2026-09-19T14:30:00+00:00,4aE7RyYHugztSy3rdKq51bvNkaRj2E7NJU7jPWxzhC3Q,solana,PumpSwap,,,,,2026-09-15T21:57:08Z,1.0102353787445089e-05,,,,,,,,,,,,,,,,,,,ohlcv_backfill,minute,1.0930363800177055e-05,1.0930363800177055e-05,1.0102353787445089e-05,1.0102353787445089e-05,187.4604095093679,/home/runner/work/Solana-Memecoin-Analysis/Solana-Memecoin-Analysis/data/cache/2026-09-27/072920930208_ohlcv_63d9df96523d.json
2026-09-19T12:55:00+00:00,4aE7RyYHugztSy3rdKq51bvNkaRj2E7NJU7jPWxzhC3Q,solana,PumpSwap,,,,,2026-09-15T21:57:08Z,1.0930363800177055e-05,,,,,,,,,,,,,,,,,,,ohlcv_backfill,minute,1.2230243128643115e-05,1.2230243128643115e-05,1.0930363800177055e-05,1.0930363800177055e-05,349.7249648205144,/home/runner/work/Solana-Memecoin-Analysis/Solana-Memecoin-Analysis/data/cache/2026-09-27/072920930208_ohlcv_63d9df96523d.json
2026-09-19T12:40:00+00:00,4aE7RyYHugztSy3rdKq51bvNkaRj2E7NJU7jPWxzhC3Q,solana,PumpSwap,,,,,2026-09-15T21:57:08Z,1.2230243128643115e-05,,,,,,,,,,,,,,,,,,,ohlcv_backfill,minute,1.2303270026261876e-05,1.2303270026261876e-05,1.2230243128643115e-05,1.2230243128643115e-05,21.49746368344952,/home/runner/work/Solana-Memecoin-Analysis/Solana-Memecoin-Analysis/data/cache/2026-09-27/072920930208_ohlcv_63d9df96523d.json
2026-09-19T12:35:00+00:00,4aE7RyYHugztSy3rdKq51bvNkaRj2E7NJU7jPWxzhC3Q,solana,PumpSwap,,,,,2026-09-15T21:57:08Z,1.2303270026261876e-05,,,,,,,,,,,,,,,,,,,ohlcv_backfill,minute,1.1891192600647736e-05,1.2303270026261876e-05,1.1891192600647736e-05,1.2303270026261876e-05,10.890733046049638,/home/runner/work/Solana-Memecoin-Analysis/Solana-Memecoin-Analysis/data/cache/2026-09-27/072920930208_ohlcv_63d9df96523d.json
2026-09-19T12:30:00+00:00,4aE7RyYHugztSy3rdKq51bvNkaRj2E7NJU7jPWxzhC3Q,solana,PumpSwap,,,,,2026-09-15T21:57:08Z,1.1891192600647736e-05,,,,,,,,,,,,,,,,,,,ohlcv_backfill,minute,1.1006143454083979e-05,1.2463667184802264e-05,1.1006143454083979e-05,1.1891192600647736e-05,231.6870181092944,/home/runner/work/Solana-Memecoin-Analysis/Solana-Memecoin-Analysis/data/cache/2026-09-27/072920930208_ohlcv_63d9df96523d.json
2026-09-19T12:25:00+00:00,4aE7RyYHugztSy3rdKq51bvNkaRj2E7NJU7jPWxzhC3Q,solana,PumpSwap,,,,,2026-09-15T21:57:08Z,1.1006143454083979e-05,,,,,,,,,,,,,,,,,,,ohlcv_backfill,minute,9.747223637467536e-06,1.1006143454083979e-05,9.747223637467536e-06,1.1006143454083979e-05,327.740678269296,/home/runner/work/Solana-Memecoin-Analysis/Solana-Memecoin-Analysis/data/cache/2026-09-27/072920930208_ohlcv_63d9df96523d.json
2026-09-19T11:10:00+00:00,4aE7RyYHugztSy3rdKq51bvNkaRj2E7NJU7jPWxzhC3Q,solana,PumpSwap,,,,,2026-09-15T21:57:08Z,9.747223637467536e-06,,,,,,,,,,,,,,,,,,,ohlcv_backfill,minute,9.826771248855662e-06,9.826771248855662e-06,9.747223637467536e-06,9.747223637467536e-06,1.0490499646408782,/home/runner/work/Solana-Memecoin-Analysis/Solana-Memecoin-Analysis/data/cache/2026-09-27/072920930208_ohlcv_63d9df96523d.json
2026-09-19T10:30:00+00:00,4aE7RyYHugztSy3rdKq51bvNkaRj2E7NJU7jPWxzhC3Q,solana,PumpSwap,,,,,2026-09-15T21:57:08Z,9.826771248855662e-06,,,,,,,,,,,,,,,,,,,ohlcv_backfill,minute,1.0447194585145983e-05,1.0447194585145983e-05,9.826771248855662e-06,9.826771248855662e-06,19.083851384460118,/home/runner/work/Solana-Memecoin-Analysis/Solana-Memecoin-Analysis/data/cache/2026-09-27/072920930208_ohlcv_63d9df96523d.json
2026-09-19T10:15:00+00:00,4aE7RyYHugztSy3rdKq51bvNkaRj2E7NJU7jPWxzhC3Q,solana,PumpSwap,,,,,2026-09-15T21:57:08Z,1.0447194585145983e-05,,,,,,,,,,,,,,,,,,,ohlcv_backfill,minute,1.0806115295388564e-05,1.0806115295388564e-05,1.0040584069597463e-05,1.0447194585145983e-05,180.27624169117607,/home/runner/work/Solana-Memecoin-Analysis/Solana-Memecoin-Analysis/data/cache/2026-09-27/072920930208_ohlcv_63d9df96523d.json
2026-09-19T09:50:00+00:00,4aE7RyYHugztSy3rdKq51bvNkaRj2E7NJU7jPWxzhC3Q,solana,PumpSwap,,,,,2026-09-15T21:57:08Z,1.0806115295388564e-05,,,,,,,,,,,,,,,,,,,ohlcv_backfill,minute,1.1500978203710398e-05,1.1500978203710398e-05,1.0806115295388564e-05,1.0806115295388564e-05,64.21784047867193,/home/runner/work/Solana-Memecoin-Analysis/Solana-Memecoin-Analysis/data/cache/2026-09-27/072920930208_ohlcv_63d9df96523d.json
2026-09-19T09:20:00+00:00,4aE7RyYHugztSy3rdKq51bvNkaRj2E7NJU7jPWxzhC3Q,solana,PumpSwap,,,,,2026-09-15T21:57:08Z,1.1500978203710398e-05,,,,,,,,,,,,,,,,,,,ohlcv_backfill,minute,1.2130507390314215e-05,1.2130507390314215e-05,1.1500978203710398e-05,1.1500978203710398e-05,220.71022642370585,/home/runner/work/Solana-Memecoin-Analysis/Solana-Memecoin-Analysis/data/cache/2026-09-27/072920930208_ohlcv_63d9df96523d.json
2026-09-19T09:00:00+00:00,4aE7RyYHugztSy3rdKq51bvNkaRj2E7NJU7jPWxzhC3Q,solana,PumpSwap,,,,,2026-09-15T21:57:08Z,1.2130507390314215e-05,,,,,,,,,,,,,,,,,,,ohlcv_backfill,minute,1.1898790494687395e-05,1.2212723838609149e-05,1.1898790494687395e-05,1.2130507390314215e-05,80.06896895636962,/home/runner/work/Solana-Memecoin-Analysis/Solana-Memecoin-Analysis/data/cache/2026-09-27/072920930208_ohlcv_63d9df96523d.json
2026-09-19T07:15:00+00:00,4aE7RyYHugztSy3rdKq51bvNkaRj2E7NJU7jPWxzhC3Q,solana,PumpSwap,,,,,2026-09-15T21:57:08Z,1.1898790494687395e-05,,,,,,,,,,,,,,,,,,,ohlcv_backfill,minute,1.1914508041330344e-05,1.191491801330223e-05,1.1898790494687395e-05,1.1898790494687395e-05,5.626344909725802,/home/runner/work/Solana-Memecoin-Analysis/Solana-Memecoin-Analysis/data/cache/2026-09-27/072920930208_ohlcv_63d9df96523d.json
2026-09-19T06:45:00+00:00,4aE7RyYHugztSy3rdKq51bvNkaRj2E7NJU7jPWxzhC3Q,solana,PumpSwap,,,,,2026-09-15T21:57:08Z,1.1914508041330344e-05,,,,,,,,,,,,,,,,,,,ohlcv_backfill,minute,1.151459277734434e-05,1.1914508041330344e-05,1.151459277734434e-05,1.1914508041330344e-05,10.898510365252967,/home/runner/work/Solana-Memecoin-Analysis/Solana-Memecoin-Analysis/data/cache/2026-09-27/072920930208_ohlcv_63d9df96523d.json
2026-09-19T06:40:00+00:00,4aE7RyYHugztSy3rdKq51bvNkaRj2E7NJU7jPWxzhC3Q,solana,PumpSwap,,,,,2026-09-15T21:57:08Z,1.151459277734434e-05,,,,,,,,,,,,,,,,,,,ohlcv_backfill,minute,1.1330713998039527e-05,1.2078561967446453e-05,1.1330713998039527e-05,1.151459277734434e-05,232.02007249066028,/home/runner/work/Solana-Memecoin-Analysis/Solana-Memecoin-Analysis/data/cache/2026-09-27/072920930208_ohlcv_63d9df96523d.json
2026-09-19T06:00:00+00:00,4aE7RyYHugztSy3rdKq51bvNkaRj2E7NJU7jPWxzhC3Q,solana,PumpSwap,,,,,2026-09-15T21:57:08Z,1.1330713998039527e-05,,,,,,,,,,,,,,,,,,,ohlcv_backfill,minute,1.2368899423908038e-05,1.2368899423908038e-05,1.1330713998039527e-05,1.1330713998039527e-05,201.03639241949713,/home/runner/work/Solana-Memecoin-Analysis/Solana-Memecoin-Analysis/data/cache/2026-09-27/072920930208_ohlcv_63d9df96523d.json
2026-09-19T05:30:00+00:00,4aE7RyYHugztSy3rdKq51bvNkaRj2E7NJU7jPWxzhC3Q,solana,PumpSwap,,,,,2026-09-15T21:57:08Z,1.2368899423908038e-05,,,,,,,,,,,,,,,,,,,ohlcv_backfill,minute,1.2824955845957817e-05,1.2824955845957817e-05,1.2368899423908038e-05,1.2368899423908038e-05,190.23161416034998,/home/runner/work/Solana-Memecoin-Analysis/Solana-Memecoin-Analysis/data/cache/2026-09-27/072920930208_ohlcv_63d9df96523d.json
2026-09-19T05:15:00+00:00,4aE7RyYHugztSy3rdKq51bvNkaRj2E7NJU7jPWxzhC3Q,solana,PumpSwap,,,,,2026-09-15T21:57:08Z,1.2824955845957817e-05,,,,,,,,,,,,,,,,,,,ohlcv_backfill,minute,1.2849262738046992e-05,1.2849262738046992e-05,1.2824955845957817e-05,1.2824955845957817e-05,2.1025560194143695,/home/runner/work/Solana-Memecoin-Analysis/Solana-Memecoin-Analysis/data/cache/2026-09-27/072920930208_ohlcv_63d9df96523d.json
2026-09-19T05:00:00+00:00,4aE7RyYHugztSy3rdKq51bvNkaRj2E7NJU7jPWxzhC3Q,solana,PumpSwap,,,,,2026-09-15T21:57:08Z,1.2849262738046992e-05,,,,,,,,,,,,,,,,,,,ohlcv_backfill,minute,1.2884947997642059e-05,1.2884947997642059e-05,1.2849262738046992e-05,1.2849262738046992e-05,10.886706386652683,/home/runner/work/Solana-Memecoin-Analysis/Solana-Memecoin-Analysis/data/cache/2026-09-27/072920930208_ohlcv_63d9df96523d.json
2026-09-19T04:55:00+00:00,4aE7RyYHugztSy3rdKq51bvNkaRj2E7NJU7jPWxzhC3Q,solana,PumpSwap,,,,,2026-09-15T21:57:08Z,1.2884947997642059e-05,,,,,,,,,,,,,,,,,,,ohlcv_backfill,minute,1.3083135038171366e-05,1.314750795572643e-05,1.2884947997642059e-05,1.2884947997642059e-05,38.78423440488733,/home/runner/work/Solana-Memecoin-Analysis/Solana-Memecoin-Analysis/data/cache/2026-09-27/072920930208_ohlcv_63d9df96523d.json
2026-09-19T04:50:00+00:00,4aE7RyYHugztSy3rdKq51bvNkaRj2E7NJU7jPWxzhC3Q,solana,PumpSwap,,,,,2026-09-15T21:57:08Z,1.3083135038171366e-05,,,,,,,,,,,,,,,,,,,ohlcv_backfill,minute,1.0538183207741671e-05,1.3083135038171366e-05,1.0538183207741671e-05,1.3083135038171366e-05,548.9655196220031,/home/runner/work/Solana-Memecoin-Analysis/Solana-Memecoin-Analysis/data/cache/2026-09-27/072920930208_ohlcv_63d9df96523d.json
2026-09-19T04:00:00+00:00,4aE7RyYHugztSy3rdKq51bvNkaRj2E7NJU7jPWxzhC3Q,solana,PumpSwap,,,,,2026-09-15T21:57:08Z,1.0538183207741671e-05,,,,,,,,,,,,,,,,,,,ohlcv_backfill,minute,1.0673870958996341e-05,1.0673870958996341e-05,1.0538183207741671e-05,1.0538183207741671e-05,12.525757015621021,/home/runner/work/Solana-Memecoin-Analysis/Solana-Memecoin-Analysis/data/cache/2026-09-27/072920930208_ohlcv_63d9df96523d.json
2026-09-19T03:55:00+00:00,4aE7RyYHugztSy3rdKq51bvNkaRj2E7NJU7jPWxzhC3Q,solana,PumpSwap,,,,,2026-09-15T21:57:08Z,1.0673870958996341e-05,,,,,,,,,,,,,,,,,,,ohlcv_backfill,minute,1.0549168862948727e-05,1.0673870958996341e-05,1.0549168862948727e-05,1.0673870958996341e-05,11.181888307411985,/home/runner/work/Solana-Memecoin-Analysis/Solana-Memecoin-Analysis/data/cache/2026-09-27/072920930208_ohlcv_63d9df96523d.json
2026-09-19T03:20:00+00:00,4aE7RyYHugztSy3rdKq51bvNkaRj2E7NJU7jPWxzhC3Q,solana,PumpSwap,,,,,2026-09-15T21:57:08Z,1.0549168862948727e-05,,,,,,,,,,,,,,,,,,,ohlcv_backfill,minute,1.0563732462887293e-05,1.066662015226377e-05,1.0549168862948727e-05,1.0549168862948727e-05,17.423531112695926,/home/runner/work/Solana-Memecoin-Analysis/Solana-Memecoin-Analysis/data/cache/2026-09-27/072920930208_ohlcv_63d9df96523d.json
2026-09-19T02:15:00+00:00,4aE7RyYHugztSy3rdKq51bvNkaRj2E7NJU7jPWxzhC3Q,solana,PumpSwap,,,,,2026-09-15T21:57:08Z,1.0563732462887293e-05,,,,,,,,,,,,,,,,,,,ohlcv_backfill,minute,1.080280598512047e-05,1.080280598512047e-05,1.0540424542636471e-05,1.0563732462887293e-05,60.19976547776773,/home/runner/work/Solana-Memecoin-Analysis/Solana-Memecoin-Analysis/data/cache/2026-09-27/072920930208_ohlcv_63d9df96523d.json
2026-09-19T01:40:00+00:00,4aE7RyYHugztSy3rdKq51bvNkaRj2E7NJU7jPWxzhC3Q,solana,PumpSwap,,,,,2026-09-15T21:57:08Z,1.080280598512047e-05,,,,,,,,,,,,,,,,,,,ohlcv_backfill,minute,1.1634936438891758e-05,1.1634936438891758e-05,1.080280598512047e-05,1.080280598512047e-05,163.44294638875888,/home/runner/work/Solana-Memecoin-Analysis/Solana-Memecoin-Analysis/data/cache/2026-09-27/072920930208_ohlcv_63d9df96523d.json
2026-09-19T01:15:00+00:00,4aE7RyYHugztSy3rdKq51bvNkaRj2E7NJU7jPWxzhC3Q,solana,PumpSwap,,,,,2026-09-15T21:57:08Z,1.1634936438891758e-05,,,,,,,,,,,,,,,,,,,ohlcv_backfill,minute,1.1368056300813909e-05,1.1910986038356147e-05,1.1368056300813909e-05,1.1634936438891758e-05,126.63263217286683,/home/runner/work/Solana-Memecoin-Analysis/Solana-Memecoin-Analysis/data/cache/2026-09-27/072920930208_ohlcv_63d9df96523d.json
2026-09-19T01:10:00+00:00,4aE7RyYHugztSy3rdKq51bvNkaRj2E7NJU7jPWxzhC3Q,solana,PumpSwap,,,,,2026-09-15T21:57:08Z,1.1368056300813909e-05,,,,,,,,,,,,,,,,,,,ohlcv_backfill,minute,1.5931114128744538e-05,1.5931114128744538e-05,1.1368056300813909e-05,1.1368056300813909e-05,897.653497181882,/home/runner/work/Solana-Memecoin-Analysis/Solana-Memecoin-Analysis/data/cache/2026-09-27/072920930208_ohlcv_63d9df96523d.json
2026-09-19T00:45:00+00:00,4aE7RyYHugztSy3rdKq51bvNkaRj2E7NJU7jPWxzhC3Q,solana,PumpSwap,,,,,2026-09-15T21:57:08Z,1.5931114128744538e-05,,,,,,,,,,,,,,,,,,,ohlcv_backfill,minute,1.323288388793296e-05,1.5931114128744538e-05,1.323288388793296e-05,1.5931114128744538e-05,523.6632721364615,/home/runner/work/Solana-Memecoin-Analysis/Solana-Memecoin-Analysis/data/cache/2026-09-27/072920930208_ohlcv_63d9df96523d.json
2026-09-19T00:15:00+00:00,4aE7RyYHugztSy3rdKq51bvNkaRj2E7NJU7jPWxzhC3Q,solana,PumpSwap,,,,,2026-09-15T21:57:08Z,1.323288388793296e-05,,,,,,,,,,,,,,,,,,,ohlcv_backfill,minute,1.3011701060014225e-05,1.323288388793296e-05,1.3011701060014225e-05,1.323288388793296e-05,27.111313154432622,/home/runner/work/Solana-Memecoin-Analysis/Solana-Memecoin-Analysis/data/cache/2026-09-27/072920930208_ohlcv_63d9df96523d.json
2026-09-18T23:40:00+00:00,4aE7RyYHugztSy3rdKq51bvNkaRj2E7NJU7jPWxzhC3Q,solana,PumpSwap,,,,,2026-09-15T21:57:08Z,1.3011701060014225e-05,,,,,,,,,,,,,,,,,,,ohlcv_backfill,minute,1.1866436511690754e-05,1.313570095969465e-05,1.1866436511690754e-05,1.3011701060014225e-05,241.7536226768605,/home/runner/work/Solana-Memecoin-Analysis/Solana-Memecoin-Analysis/data/cache/2026-09-27/072920930208_ohlcv_63d9df96523d.json
2026-09-18T23:35:00+00:00,4aE7RyYHugztSy3rdKq51bvNkaRj2E7NJU7jPWxzhC3Q,solana,PumpSwap,,,,,2026-09-15T21:57:08Z,1.1866436511690754e-05,,,,,,,,,,,,,,,,,,,ohlcv_backfill,minute,1.1960165328416895e-05,1.2007344856958028e-05,1.1866436511690754e-05,1.1866436511690754e-05,16.65126824652082,/home/runner/work/Solana-Memecoin-Analysis/Solana-Memecoin-Analysis/data/cache/2026-09-27/072920930208_ohlcv_63d9df96523d.json
2026-09-18T22:35:00+00:00,4aE7RyYHugztSy3rdKq51bvNkaRj2E7NJU7jPWxzhC3Q,solana,PumpSwap,,,,,2026-09-15T21:57:08Z,1.1960165328416895e-05,,,,,,,,,,,,,,,,,,,ohlcv_backfill,minute,1.2324927194703742e-05,1.2324927194703742e-05,1.1960165328416895e-05,1.1960165328416895e-05,11.154773132712124,/home/runner/work/Solana-Memecoin-Analysis/Solana-Memecoin-Analysis/data/cache/2026-09-27/072920930208_ohlcv_63d9df96523d.json
2026-09-18T22:05:00+00:00,4aE7RyYHugztSy3rdKq51bvNkaRj2E7NJU7jPWxzhC3Q,solana,PumpSwap,,,,,2026-09-15T21:57:08Z,1.2324927194703742e-05,,,,,,,,,,,,,,,,,,,ohlcv_backfill,minute,1.2973206346614482e-05,1.2973206346614482e-05,1.2324927194703742e-05,1.2324927194703742e-05,207.36172090628162,/home/runner/work/Solana-Memecoin-Analysis/Solana-Memecoin-Analysis/data/cache/2026-09-27/072920930208_ohlcv_63d9df96523d.json
2026-09-18T21:40:00+00:00,4aE7RyYHugztSy3rdKq51bvNkaRj2E7NJU7jPWxzhC3Q,solana,PumpSwap,,,,,2026-09-15T21:57:08Z,1.2973206346614482e-05,,,,,,,,,,,,,,,,,,,ohlcv_backfill,minute,1.2824706831341671e-05,1.2973206346614482e-05,1.2824706831341671e-05,1.2973206346614482e-05,11.188813055286788,/home/runner/work/Solana-Memecoin-Analysis/Solana-Memecoin-Analysis/data/cache/2026-09-27/072920930208_ohlcv_63d9df96523d.json
2026-09-18T21:20:00+00:00,4aE7RyYHugztSy3rdKq51bvNkaRj2E7NJU7jPWxzhC3Q,solana,PumpSwap,,,,,2026-09-15T21:57:08Z,1.2824706831341671e-05,,,,,,,,,,,,,,,,,,,ohlcv_backfill,minute,1.2992486699257507e-05,1.3020686494434736e-05,1.2824706831341671e-05,1.2824706831341671e-05,20.667491906525896,/home/runner/work/Solana-Memecoin-Analysis/Solana-Memecoin-Analysis/data/cache/2026-09-27/072920930208_ohlcv_63d9df96523d.json
2026-09-18T20:55:00+00:00,4aE7RyYHugztSy3rdKq51bvNkaRj2E7NJU7jPWxzhC3Q,solana,PumpSwap,,,,,2026-09-15T21:57:08Z,1.2992486699257507e-05,,,,,,,,,,,,,,,,,,,ohlcv_backfill,minute,1.31210178715026e-05,1.3130400129727426e-05,1.2992486699257507e-05,1.2992486699257507e-05,99.9523893384829,/home/runner/work/Solana-Memecoin-Analysis/Solana-Memecoin-Analysis/data/cache/2026-09-27/072920930208_ohlcv_63d9df96523d.json
2026-09-18T20:45:00+00:00,4aE7RyYHugztSy3rdKq51bvNkaRj2E7NJU7jPWxzhC3Q,solana,PumpSwap,,,,,2026-09-15T21:57:08Z,1.31210178715026e-05,,,,,,,,,,,,,,,,,,,ohlcv_backfill,minute,1.3532037549791481e-05,1.3532037549791481e-05,1.31210178715026e-05,1.31210178715026e-05,113.30373851769664,/home/runner/work/Solana-Memecoin-Analysis/Solana-Memecoin-Analysis/data/cache/2026-09-27/072920930208_ohlcv_63d9df96523d.json
2026-09-18T20:20:00+00:00,4aE7RyYHugztSy3rdKq51bvNkaRj2E7NJU7jPWxzhC3Q,solana,PumpSwap,,,,,2026-09-15T21:57:08Z,1.3532037549791481e-05,,,,,,,,,,,,,,,,,,,ohlcv_backfill,minute,1.3600758899877866e-05,1.3600758899877866e-05,1.3532037549791481e-05,1.3532037549791481e-05,30.359647369003465,/home/runner/work/Solana-Memecoin-Analysis/Solana-Memecoin-Analysis/data/cache/2026-09-27/072920930208_ohlcv_63d9df96523d.json
2026-09-18T20:00:00+00:00,4aE7RyYHugztSy3rdKq51bvNkaRj2E7NJU7jPWxzhC3Q,solana,PumpSwap,,,,,2026-09-15T21:57:08Z,1.3600758899877866e-05,,,,,,,,,,,,,,,,,,,ohlcv_backfill,minute,1.393033666998386e-05,1.393033666998386e-05,1.3600758899877866e-05,1.3600758899877866e-05,4.464864157524405,/home/runner/work/Solana-Memecoin-Analysis/Solana-Memecoin-Analysis/data/cache/2026-09-27/072920930208_ohlcv_63d9df96523d.json
2026-09-18T19:55:00+00:00,4aE7RyYHugztSy3rdKq51bvNkaRj2E7NJU7jPWxzhC3Q,solana,PumpSwap,,,,,2026-09-15T21:57:08Z,1.393033666998386e-05,,,,,,,,,,,,,,,,,,,ohlcv_backfill,minute,1.5869172513138144e-05,1.5869172513138144e-05,1.393033666998386e-05,1.393033666998386e-05,399.16678707640136,/home/runner/work/Solana-Memecoin-Analysis/Solana-Memecoin-Analysis/data/cache/2026-09-27/072920930208_ohlcv_63d9df96523d.json
2026-09-18T19:35:00+00:00,4aE7RyYHugztSy3rdKq51bvNkaRj2E7NJU7jPWxzhC3Q,solana,PumpSwap,,,,,2026-09-15T21:57:08Z,1.5869172513138144e-05,,,,,,,,,,,,,,,,,,,ohlcv_backfill,minute,1.642947490373352e-05,1.642947490373352e-05,1.5869172513138144e-05,1.5869172513138144e-05,121.41371877078953,/home/runner/work/Solana-Memecoin-Analysis/Solana-Memecoin-Analysis/data/cache/2026-09-27/072920930208_ohlcv_63d9df96523d.json
2026-09-18T19:30:00+00:00,4aE7RyYHugztSy3rdKq51bvNkaRj2E7NJU7jPWxzhC3Q,solana,PumpSwap,,,,,2026-09-15T21:57:08Z,1.642947490373352e-05,,,,,,,,,,,,,,,,,,,ohlcv_backfill,minute,1.605680548963563e-05,1.642947490373352e-05,1.605680548963563e-05,1.642947490373352e-05,47.194289153084206,/home/runner/work/Solana-Memecoin-Analysis/Solana-Memecoin-Analysis/data/cache/2026-09-27/072920930208_ohlcv_63d9df96523d.json
2026-09-18T19:25:00+00:00,4aE7RyYHugztSy3rdKq51bvNkaRj2E7NJU7jPWxzhC3Q,solana,PumpSwap,,,,,2026-09-15T21:57:08Z,1.605680548963563e-05,,,,,,,,,,,,,,,,,,,ohlcv_backfill,minute,1.634435306178956e-05,1.634435306178956e-05,1.605680548963563e-05,1.605680548963563e-05,55.61014209474754,/home/runner/work/Solana-Memecoin-Analysis/Solana-Memecoin-Analysis/data/cache/2026-09-27/072920930208_ohlcv_63d9df96523d.json
2026-09-18T19:20:00+00:00,4aE7RyYHugztSy3rdKq51bvNkaRj2E7NJU7jPWxzhC3Q,solana,PumpSwap,,,,,2026-09-15T21:57:08Z,1.634435306178956e-05,,,,,,,,,,,,,,,,,,,ohlcv_backfill,minute,1.3564041000393965e-05,1.634435306178956e-05,1.3564041000393965e-05,1.634435306178956e-05,520.8711359878134,/home/runner/work/Solana-Memecoin-Analysis/Solana-Memecoin-Analysis/data/cache/2026-09-27/072920930208_ohlcv_63d9df96523d.json
2026-09-18T19:05:00+00:00,4aE7RyYHugztSy3rdKq51bvNkaRj2E7NJU7jPWxzhC3Q,solana,PumpSwap,,,,,2026-09-15T21:57:08Z,1.3564041000393965e-05,,,,,,,,,,,,,,,,,,,ohlcv_backfill,minute,1.3782593788551382e-05,1.3782593788551382e-05,1.3564041000393965e-05,1.3564041000393965e-05,32.522776687224926,/home/runner/work/Solana-Memecoin-Analysis/Solana-Memecoin-Analysis/data/cache/2026-09-27/072920930208_ohlcv_63d9df96523d.json
2026-09-18T19:00:00+00:00,4aE7RyYHugztSy3rdKq51bvNkaRj2E7NJU7jPWxzhC3Q,solana,PumpSwap,,,,,2026-09-15T21:57:08Z,1.3782593788551382e-05,,,,,,,,,,,,,,,,,,,ohlcv_backfill,minute,1.3616687501756274e-05,1.3782593788551382e-05,1.3616687501756274e-05,1.3782593788551382e-05,5.547057001117193,/home/runner/work/Solana-Memecoin-Analysis/Solana-Memecoin-Analysis/data/cache/2026-09-27/072920930208_ohlcv_63d9df96523d.json
2026-09-18T18:55:00+00:00,4aE7RyYHugztSy3rdKq51bvNkaRj2E7NJU7jPWxzhC3Q,solana,PumpSwap,,,,,2026-09-15T21:57:08Z,1.3616687501756274e-05,,,,,,,,,,,,,,,,,,,ohlcv_backfill,minute,1.1988150473681127e-05,1.3711262165815915e-05,1.1988150473681127e-05,1.3616687501756274e-05,372.4304410753464,/home/runner/work/Solana-Memecoin-Analysis/Solana-Memecoin-Analysis/data/cache/2026-09-27/072920930208_ohlcv_63d9df96523d.json
2026-09-18T18:45:00+00:00,4aE7RyYHugztSy3rdKq51bvNkaRj2E7NJU7jPWxzhC3Q,solana,PumpSwap,,,,,2026-09-15T21:57:08Z,1.1988150473681127e-05,,,,,,,,,,,,,,,,,,,ohlcv_backfill,minute,1.1929704042185606e-05,1.1988150473681127e-05,1.1929704042185606e-05,1.1988150473681127e-05,5.554500360990521,/home/runner/work/Solana-Memecoin-Analysis/Solana-Memecoin-Analysis/data/cache/2026-09-27/072920930208_ohlcv_63d9df96523d.json
2026-09-18T18:40:00+00:00,4aE7RyYHugztSy3rdKq51bvNkaRj2E7NJU7jPWxzhC3Q,solana,PumpSwap,,,,,2026-09-15T21:57:08Z,1.1929704042185606e-05,,,,,,,,,,,,,,,,,,,ohlcv_backfill,minute,1.2282844992750374e-05,1.2282844992750374e-05,1.1835944525555673e-05,1.1929704042185606e-05,25.1175272941411,/home/runner/work/Solana-Memecoin-Analysis/Solana-Memecoin-Analysis/data/cache/2026-09-27/072920930208_ohlcv_63d9df96523d.json
2026-09-18T18:25:00+00:00,4aE7RyYHugztSy3rdKq51bvNkaRj2E7NJU7jPWxzhC3Q,solana,PumpSwap,,,,,2026-09-15T21:57:08Z,1.2282844992750374e-05,,,,,,,,,,,,,,,,,,,ohlcv_backfill,minute,1.276812093522762e-05,1.276812093522762e-05,1.2282844992750374e-05,1.2282844992750374e-05,134.6192589032487,/home/runner/work/Solana-Memecoin-Analysis/Solana-Memecoin-Analysis/data/cache/2026-09-27/072920930208_ohlcv_63d9df96523d.json
2026-09-18T18:20:00+00:00,4aE7RyYHugztSy3rdKq51bvNkaRj2E7NJU7jPWxzhC3Q,solana,PumpSwap,,,,,2026-09-15T21:57:08Z,1.276812093522762e-05,,,,,,,,,,,,,,,,,,,ohlcv_backfill,minute,1.264206065273578e-05,1.276812093522762e-05,1.264206065273578e-05,1.276812093522762e-05,25.323949498302014,/home/runner/work/Solana-Memecoin-Analysis/Solana-Memecoin-Analysis/data/cache/2026-09-27/072920930208_ohlcv_63d9df96523d.json
2026-09-18T17:55:00+00:00,4aE7RyYHugztSy3rdKq51bvNkaRj2E7NJU7jPWxzhC3Q,solana,PumpSwap,,,,,2026-09-15T21:57:08Z,1.264206065273578e-05,,,,,,,,,,,,,,,,,,,ohlcv_backfill,minute,1.257753626027877e-05,1.264206065273578e-05,1.257753626027877e-05,1.264206065273578e-05,4.896552210347423,/home/runner/work/Solana-Memecoin-Analysis/Solana-Memecoin-Analysis/data/cache/2026-09-27/072920930208_ohlcv_63d9df96523d.json
2026-09-18T17:50:00+00:00,4aE7RyYHugztSy3rdKq51bvNkaRj2E7NJU7jPWxzhC3Q,solana,PumpSwap,,,,,2026-09-15T21:57:08Z,1.257753626027877e-05,,,,,,,,,,,,,,,,,,,ohlcv_backfill,minute,1.2296911131809666e-05,1.257753626027877e-05,1.2296911131809666e-05,1.257753626027877e-05,11.097408131320103,/home/runner/work/Solana-Memecoin-Analysis/Solana-Memecoin-Analysis/data/cache/2026-09-27/072920930208_ohlcv_63d9df96523d.json
2026-09-18T17:45:00+00:00,4aE7RyYHugztSy3rdKq51bvNkaRj2E7NJU7jPWxzhC3Q,solana,PumpSwap,,,,,2026-09-15T21:57:08Z,1.2296911131809666e-05,,,,,,,,,,,,,,,,,,,ohlcv_backfill,minute,1.1956904158848151e-05,1.2296911131809666e-05,1.1956904158848151e-05,1.2296911131809666e-05,103.99910829530965,/home/runner/work/Solana-Memecoin-Analysis/Solana-Memecoin-Analysis/data/cache/2026-09-27/072920930208_ohlcv_63d9df96523d.json
2026-09-18T17:40:00+00:00,4aE7RyYHugztSy3rdKq51bvNkaRj2E7NJU7jPWxzhC3Q,solana,PumpSwap,,,,,2026-09-15T21:57:08Z,1.1956904158848151e-05,,,,,,,,,,,,,,,,,,,ohlcv_backfill,minute,1.1259030599243273e-05,1.2100482320307435e-05,1.1259030599243273e-05,1.1956904158848151e-05,340.6281848991745,/home/runner/work/Solana-Memecoin-Analysis/Solana-Memecoin-Analysis/data/cache/2026-09-27/072920930208_ohlcv_63d9df96523d.json
2026-09-18T17:35:00+00:00,4aE7RyYHugztSy3rdKq51bvNkaRj2E7NJU7jPWxzhC3Q,solana,PumpSwap,,,,,2026-09-15T21:57:08Z,1.1259030599243273e-05,,,,,,,,,,,,,,,,,,,ohlcv_backfill,minute,1.3235471164540273e-05,1.3235471164540273e-05,1.0645045474709422e-05,1.1259030599243273e-05,505.12880448540153,/home/runner/work/Solana-Memecoin-Analysis/Solana-Memecoin-Analysis/data/cache/2026-09-27/072920930208_ohlcv_63d9df96523d.json
2026-09-18T17:30:00+00:00,4aE7RyYHugztSy3rdKq51bvNkaRj2E7NJU7jPWxzhC3Q,solana,PumpSwap,,,,,2026-09-15T21:57:08Z,1.3235471164540273e-05,,,,,,,,,,,,,,,,,,,ohlcv_backfill,minute,1.5007381370734921e-05,1.5007381370734921e-05,1.3235471164540273e-05,1.3235471164540273e-05,465.7894134615977,/home/runner/work/Solana-Memecoin-Analysis/Solana-Memecoin-Analysis/data/cache/2026-09-27/072920930208_ohlcv_63d9df96523d.json
2026-09-18T17:15:00+00:00,4aE7RyYHugztSy3rdKq51bvNkaRj2E7NJU7jPWxzhC3Q,solana,PumpSwap,,,,,2026-09-15T21:57:08Z,1.5007381370734921e-05,,,,,,,,,,,,,,,,,,,ohlcv_backfill,minute,1.554401168009598e-05,1.5714650839459236e-05,1.5007381370734921e-05,1.5007381370734921e-05,198.09392649134995,/home/runner/work/Solana-Memecoin-Analysis/Solana-Memecoin-Analysis/data/cache/2026-09-27/072920930208_ohlcv_63d9df96523d.json
2026-09-18T16:45:00+00:00,4aE7RyYHugztSy3rdKq51bvNkaRj2E7NJU7jPWxzhC3Q,solana,PumpSwap,,,,,2026-09-15T21:57:08Z,1.554401168009598e-05,,,,,,,,,,,,,,,,,,,ohlcv_backfill,minute,1.6001956121870914e-05,1.6001956121870914e-05,1.554401168009598e-05,1.554401168009598e-05,22.527772178883325,/home/runner/work/Solana-Memecoin-Analysis/Solana-Memecoin-Analysis/data/cache/2026-09-27/072920930208_ohlcv_63d9df96523d.json
2026-09-18T15:40:00+00:00,4aE7RyYHugztSy3rdKq51bvNkaRj2E7NJU7jPWxzhC3Q,solana,PumpSwap,,,,,2026-09-15T21:57:08Z,1.6001956121870914e-05,,,,,,,,,,,,,,,,,,,ohlcv_backfill,minute,1.3975286185761867e-05,1.6821989902831492e-05,1.3975286185761867e-05,1.6001956121870914e-05,834.7190300214268,/home/runner/work/Solana-Memecoin-Analysis/Solana-Memecoin-Analysis/data/cache/2026-09-27/072920930208_ohlcv_63d9df96523d.json
2026-09-18T15:35:00+00:00,4aE7RyYHugztSy3rdKq51bvNkaRj2E7NJU7jPWxzhC3Q,solana,PumpSwap,,,,,2026-09-15T21:57:08Z,1.3975286185761867e-05,,,,,,,,,,,,,,,,,,,ohlcv_backfill,minute,1.4337889520787213e-05,1.4337889520787213e-05,1.3975286185761867e-05,1.3975286185761867e-05,22.88407843753632,/home/runner/work/Solana-Memecoin-Analysis/Solana-Memecoin-Analysis/data/cache/2026-09-27/072920930208_ohlcv_63d9df96523d.json
2026-09-18T15:30:00+00:00,4aE7RyYHugztSy3rdKq51bvNkaRj2E7NJU7jPWxzhC3Q,solana,PumpSwap,,,,,2026-09-15T21:57:08Z,1.4337889520787213e-05,,,,,,,,,,,,,,,,,,,ohlcv_backfill,minute,1.454022189219574e-05,1.454022189219574e-05,1.4337889520787213e-05,1.4337889520787213e-05,126.28530053488078,/home/runner/work/Solana-Memecoin-Analysis/Solana-Memecoin-Analysis/data/cache/2026-09-27/072920930208_ohlcv_63d9df96523d.json
2026-09-18T15:25:00+00:00,4aE7RyYHugztSy3rdKq51bvNkaRj2E7NJU7jPWxzhC3Q,solana,PumpSwap,,,,,2026-09-15T21:57:08Z,1.454022189219574e-05,,,,,,,,,,,,,,,,,,,ohlcv_backfill,minute,1.496451039368101e-05,1.496451039368101e-05,1.4538644159199267e-05,1.454022189219574e-05,314.59360484369194,/home/runner/work/Solana-Memecoin-Analysis/Solana-Memecoin-Analysis/data/cache/2026-09-27/072920930208_ohlcv_63d9df96523d.json
2026-09-18T15:10:00+00:00,4aE7RyYHugztSy3rdKq51bvNkaRj2E7NJU7jPWxzhC3Q,solana,PumpSwap,,,,,2026-09-15T21:57:08Z,1.496451039368101e-05,,,,,,,,,,,,,,,,,,,ohlcv_backfill,minute,1.4591165978493483e-05,1.496451039368101e-05,1.4591165978493483e-05,1.496451039368101e-05,10.720785235839429,/home/runner/work/Solana-Memecoin-Analysis/Solana-Memecoin-Analysis/data/cache/2026-09-27/072920930208_ohlcv_63d9df96523d.json
2026-09-18T15:05:00+00:00,4aE7RyYHugztSy3rdKq51bvNkaRj2E7NJU7jPWxzhC3Q,solana,PumpSwap,,,,,2026-09-15T21:57:08Z,1.4591165978493483e-05,,,,,,,,,,,,,,,,,,,ohlcv_backfill,minute,1.4142830273659698e-05,1.5157721817820217e-05,1.4142830273659698e-05,1.4591165978493483e-05,206.21629775023388,/home/runner/work/Solana-Memecoin-Analysis/Solana-Memecoin-Analysis/data/cache/2026-09-27/072920930208_ohlcv_63d9df96523d.json
2026-09-18T15:00:00+00:00,4aE7RyYHugztSy3rdKq51bvNkaRj2E7NJU7jPWxzhC3Q,solana,PumpSwap,,,,,2026-09-15T21:57:08Z,1.4142830273659698e-05,,,,,,,,,,,,,,,,,,,ohlcv_backfill,minute,1.3399095056555973e-05,1.4142830273659698e-05,1.3399095056555973e-05,1.4142830273659698e-05,113.53100409137123,/home/runner/work/Solana-Memecoin-Analysis/Solana-Memecoin-Analysis/data/cache/2026-09-27/072920930208_ohlcv_63d9df96523d.json
2026-09-18T14:55:00+00:00,4aE7RyYHugztSy3rdKq51bvNkaRj2E7NJU7jPWxzhC3Q,solana,PumpSwap,,,,,2026-09-15T21:57:08Z,1.3399095056555973e-05,,,,,,,,,,,,,,,,,,,ohlcv_backfill,minute,1.5581847453758425e-05,1.5581847453758425e-05,1.3399095056555973e-05,1.3399095056555973e-05,403.0007814067078,/home/runner/work/Solana-Memecoin-Analysis/Solana-Memecoin-Analysis/data/cache/2026-09-27/072920930208_ohlcv_63d9df96523d.json
2026-09-18T14:50:00+00:00,4aE7RyYHugztSy3rdKq51bvNkaRj2E7NJU7jPWxzhC3Q,solana,PumpSwap,,,,,2026-09-15T21:57:08Z,1.5581847453758425e-05,,,,,,,,,,,,,,,,,,,ohlcv_backfill,minute,1.5607849038222156e-05,1.5783805934408133e-05,1.5581847453758425e-05,1.5581847453758425e-05,10.669626770227199,/home/runner/work/Solana-Memecoin-Analysis/Solana-Memecoin-Analysis/data/cache/2026-09-27/072920930208_ohlcv_63d9df96523d.json
2026-09-18T14:45:00+00:00,4aE7RyYHugztSy3rdKq51bvNkaRj2E7NJU7jPWxzhC3Q,solana,PumpSwap,,,,,2026-09-15T21:57:08Z,1.5607849038222156e-05,,,,,,,,,,,,,,,,,,,ohlcv_backfill,minute,1.5035984010545719e-05,1.577723235131906e-05,1.5035984010545719e-05,1.5607849038222156e-05,104.52744504329164,/home/runner/work/Solana-Memecoin-Analysis/Solana-Memecoin-Analysis/data/cache/2026-09-27/072920930208_ohlcv_63d9df96523d.json
2026-09-18T14:25:00+00:00,4aE7RyYHugztSy3rdKq51bvNkaRj2E7NJU7jPWxzhC3Q,solana,PumpSwap,,,,,2026-09-15T21:57:08Z,1.5035984010545719e-05,,,,,,,,,,,,,,,,,,,ohlcv_backfill,minute,1.4820589741632545e-05,1.5035984010545719e-05,1.4820589741632545e-05,1.5035984010545719e-05,32.82791568958174,/home/runner/work/Solana-Memecoin-Analysis/Solana-Memecoin-Analysis/data/cache/2026-09-27/072920930208_ohlcv_63d9df96523d.json
2026-09-18T14:10:00+00:00,4aE7RyYHugztSy3rdKq51bvNkaRj2E7NJU7jPWxzhC3Q,solana,PumpSwap,,,,,2026-09-15T21:57:08Z,1.4820589741632545e-05,,,,,,,,,,,,,,,,,,,ohlcv_backfill,minute,1.2388575760673973e-05,1.4820589741632545e-05,1.2388575760673973e-05,1.4820589741632545e-05,390.3636509213161,/home/runner/work/Solana-Memecoin-Analysis/Solana-Memecoin-Analysis/data/cache/2026-09-27/072920930208_ohlcv_63d9df96523d.json
2026-09-18T13:00:00+00:00,4aE7RyYHugztSy3rdKq51bvNkaRj2E7NJU7jPWxzhC3Q,solana,PumpSwap,,,,,2026-09-15T21:57:08Z,1.2388575760673973e-05,,,,,,,,,,,,,,,,,,,ohlcv_backfill,minute,1.2200419273617378e-05,1.2388575760673973e-05,1.2200419273617378e-05,1.2388575760673973e-05,20.318214398243054,/home/runner/work/Solana-Memecoin-Analysis/Solana-Memecoin-Analysis/data/cache/2026-09-27/072920930208_ohlcv_63d9df96523d.json
2026-09-18T12:55:00+00:00,4aE7RyYHugztSy3rdKq51bvNkaRj2E7NJU7jPWxzhC3Q,solana,PumpSwap,,,,,2026-09-15T21:57:08Z,1.2200419273617378e-05,,,,,,,,,,,,,,,,,,,ohlcv_backfill,minute,1.2310460631645454e-05,1.2310460631645454e-05,1.2200419273617378e-05,1.2200419273617378e-05,3.235697055867236,/home/runner/work/Solana-Memecoin-Analysis/Solana-Memecoin-Analysis/data/cache/2026-09-27/072920930208_ohlcv_63d9df96523d.json
2026-09-18T12:40:00+00:00,4aE7RyYHugztSy3rdKq51bvNkaRj2E7NJU7jPWxzhC3Q,solana,PumpSwap,,,,,2026-09-15T21:57:08Z,1.2310460631645454e-05,,,,,,,,,,,,,,,,,,,ohlcv_backfill,minute,1.2361628963475363e-05,1.2361628963475363e-05,1.2310460631645454e-05,1.2310460631645454e-05,36.690589865124146,/home/runner/work/Solana-Memecoin-Analysis/Solana-Memecoin-Analysis/data/cache/2026-09-27/072920930208_ohlcv_63d9df96523d.json
2026-09-18T12:20:00+00:00,4aE7RyYHugztSy3rdKq51bvNkaRj2E7NJU7jPWxzhC3Q,solana,PumpSwap,,,,,2026-09-15T21:57:08Z,1.2361628963475363e-05,,,,,,,,,,,,,,,,,,,ohlcv_backfill,minute,1.3544351842565961e-05,1.3544351842565961e-05,1.2361628963475363e-05,1.2361628963475363e-05,7.270122462162027,/home/runner/work/Solana-Memecoin-Analysis/Solana-Memecoin-Analysis/data/cache/2026-09-27/072920930208_ohlcv_63d9df96523d.json
2026-09-18T12:15:00+00:00,4aE7RyYHugztSy3rdKq51bvNkaRj2E7NJU7jPWxzhC3Q,solana,PumpSwap,,,,,2026-09-15T21:57:08Z,1.3544351842565961e-05,,,,,,,,,,,,,,,,,,,ohlcv_backfill,minute,1.480242525570824e-05,1.480242525570824e-05,1.3544351842565961e-05,1.3544351842565961e-05,441.9867402673649,/home/runner/work/Solana-Memecoin-Analysis/Solana-Memecoin-Analysis/data/cache/2026-09-27/072920930208_ohlcv_63d9df96523d.json
2026-09-18T12:05:00+00:00,4aE7RyYHugztSy3rdKq51bvNkaRj2E7NJU7jPWxzhC3Q,solana,PumpSwap,,,,,2026-09-15T21:57:08Z,1.480242525570824e-05,,,,,,,,,,,,,,,,,,,ohlcv_backfill,minute,1.587327684245248e-05,1.587327684245248e-05,1.480242525570824e-05,1.480242525570824e-05,172.97045918890956,/home/runner/work/Solana-Memecoin-Analysis/Solana-Memecoin-Analysis/data/cache/2026-09-27/072920930208_ohlcv_63d9df96523d.json
2026-09-18T11:00:00+00:00,4aE7RyYHugztSy3rdKq51bvNkaRj2E7NJU7jPWxzhC3Q,solana,PumpSwap,,,,,2026-09-15T21:57:08Z,1.587327684245248e-05,,,,,,,,,,,,,,,,,,,ohlcv_backfill,minute,1.6118254515989356e-05,1.6118254515989356e-05,1.587327684245248e-05,1.587327684245248e-05,10.458756454938499,/home/runner/work/Solana-Memecoin-Analysis/Solana-Memecoin-Analysis/data/cache/2026-09-27/072920930208_ohlcv_63d9df96523d.json
2026-09-18T10:30:00+00:00,4aE7RyYHugztSy3rdKq51bvNkaRj2E7NJU7jPWxzhC3Q,solana,PumpSwap,,,,,2026-09-15T21:57:08Z,1.6118254515989356e-05,,,,,,,,,,,,,,,,,,,ohlcv_backfill,minute,1.6175050958208102e-05,1.6175050958208102e-05,1.59095539048789e-05,1.6118254515989356e-05,16.326002084665184,/home/runner/work/Solana-Memecoin-Analysis/Solana-Memecoin-Analysis/data/cache/2026-09-27/072920930208_ohlcv_63d9df96523d.json
2026-09-18T10:25:00+00:00,4aE7RyYHugztSy3rdKq51bvNkaRj2E7NJU7jPWxzhC3Q,solana,PumpSwap,,,,,2026-09-15T21:57:08Z,1.6175050958208102e-05,,,,,,,,,,,,,,,,,,,ohlcv_backfill,minute,1.6566300957426644e-05,1.6566300957426644e-05,1.6175050958208102e-05,1.6175050958208102e-05,88.81146842762213,/home/runner/work/Solana-Memecoin-Analysis/Solana-Memecoin-Analysis/data/cache/2026-09-27/072920930208_ohlcv_63d9df96523d.json
2026-09-18T09:55:00+00:00,4aE7RyYHugztSy3rdKq51bvNkaRj2E7NJU7jPWxzhC3Q,solana,PumpSwap,,,,,2026-09-15T21:57:08Z,1.6566300957426644e-05,,,,,,,,,,,,,,,,,,,ohlcv_backfill,minute,1.6603531267463565e-05,1.6603531267463565e-05,1.6566300957426644e-05,1.6566300957426644e-05,48.67166738981768,/home/runner/work/Solana-Memecoin-Analysis/Solana-Memecoin-Analysis/data/cache/2026-09-27/072920930208_ohlcv_63d9df96523d.json
2026-09-18T09:15:00+00:00,4aE7RyYHugztSy3rdKq51bvNkaRj2E7NJU7jPWxzhC3Q,solana,PumpSwap,,,,,2026-09-15T21:57:08Z,1.6603531267463565e-05,,,,,,,,,,,,,,,,,,,ohlcv_backfill,minute,1.6133718126053702e-05,1.6603531267463565e-05,1.6133718126053702e-05,1.6603531267463565e-05,91.1641018477962,/home/runner/work/Solana-Memecoin-Analysis/Solana-Memecoin-Analysis/data/cache/2026-09-27/072920930208_ohlcv_63d9df96523d.json
2026-09-18T08:50:00+00:00,4aE7RyYHugztSy3rdKq51bvNkaRj2E7NJU7jPWxzhC3Q,solana,PumpSwap,,,,,2026-09-15T21:57:08Z,1.6133718126053702e-05,,,,,,,,,,,,,,,,,,,ohlcv_backfill,minute,1.631910809550036e-05,1.631910809550036e-05,1.6133718126053702e-05,1.6133718126053702e-05,10.223678962065227,/home/runner/work/Solana-Memecoin-Analysis/Solana-Memecoin-Analysis/data/cache/2026-09-27/072920930208_ohlcv_63d9df96523d.json
2026-09-18T08:45:00+00:00,4aE7RyYHugztSy3rdKq51bvNkaRj2E7NJU7jPWxzhC3Q,solana,PumpSwap,,,,,2026-09-15T21:57:08Z,1.631910809550036e-05,,,,,,,,,,,,,,,,,,,ohlcv_backfill,minute,1.6311139558628383e-05,1.631910809550036e-05,1.6311139558628383e-05,1.631910809550036e-05,10.341157618603113,/home/runner/work/Solana-Memecoin-Analysis/Solana-Memecoin-Analysis/data/cache/2026-09-27/072920930208_ohlcv_63d9df96523d.json
2026-09-18T08:25:00+00:00,4aE7RyYHugztSy3rdKq51bvNkaRj2E7NJU7jPWxzhC3Q,solana,PumpSwap,,,,,2026-09-15T21:57:08Z,1.6311139558628383e-05,,,,,,,,,,,,,,,,,,,ohlcv_backfill,minute,1.612096745652737e-05,1.6311139558628383e-05,1.612096745652737e-05,1.6311139558628383e-05,9.592910562935424,/home/runner/work/Solana-Memecoin-Analysis/Solana-Memecoin-Analysis/data/cache/2026-09-27/072920930208_ohlcv_63d9df96523d.json
2026-09-18T07:55:00+00:00,4aE7RyYHugztSy3rdKq51bvNkaRj2E7NJU7jPWxzhC3Q,solana,PumpSwap,,,,,2026-09-15T21:57:08Z,1.612096745652737e-05,,,,,,,,,,,,,,,,,,,ohlcv_backfill,minute,1.6225462507619166e-05,1.6225462507619166e-05,1.612096745652737e-05,1.612096745652737e-05,37.54760236386635,/home/runner/work/Solana-Memecoin-Analysis/Solana-Memecoin-Analysis/data/cache/2026-09-27/072920930208_ohlcv_63d9df96523d.json
2026-09-18T07:00:00+00:00,4aE7RyYHugztSy3rdKq51bvNkaRj2E7NJU7jPWxzhC3Q,solana,PumpSwap,,,,,2026-09-15T21:57:08Z,1.6225462507619166e-05,,,,,,,,,,,,,,,,,,,ohlcv_backfill,minute,1.6334570666831752e-05,1.6334570666831752e-05,1.6225462507619166e-05,1.6225462507619166e-05,7.1760860370858,/home/runner/work/Solana-Memecoin-Analysis/Solana-Memecoin-Analysis/data/cache/2026-09-27/072920930208_ohlcv_63d9df96523d.json
2026-09-18T06:45:00+00:00,4aE7RyYHugztSy3rdKq51bvNkaRj2E7NJU7jPWxzhC3Q,solana,PumpSwap,,,,,2026-09-15T21:57:08Z,1.6334570666831752e-05,,,,,,,,,,,,,,,,,,,ohlcv_backfill,minute,1.655865341057184e-05,1.655865341057184e-05,1.6334570666831752e-05,1.6334570666831752e-05,29.885631082925528,/home/runner/work/Solana-Memecoin-Analysis/Solana-Memecoin-Analysis/data/cache/2026-09-27/072920930208_ohlcv_63d9df96523d.json
2026-09-18T06:30:00+00:00,4aE7RyYHugztSy3rdKq51bvNkaRj2E7NJU7jPWxzhC3Q,solana,PumpSwap,,,,,2026-09-15T21:57:08Z,1.655865341057184e-05,,,,,,,,,,,,,,,,,,,ohlcv_backfill,minute,1.7068799892051036e-05,1.7068799892051036e-05,1.655865341057184e-05,1.655865341057184e-05,43.482440420917285,/home/runner/work/Solana-Memecoin-Analysis/Solana-Memecoin-Analysis/data/cache/2026-09-27/072920930208_ohlcv_63d9df96523d.json
2026-09-18T06:25:00+00:00,4aE7RyYHugztSy3rdKq51bvNkaRj2E7NJU7jPWxzhC3Q,solana,PumpSwap,,,,,2026-09-15T21:57:08Z,1.7068799892051036e-05,,,,,,,,,,,,,,,,,,,ohlcv_backfill,minute,1.7754833398261097e-05,1.7754833398261097e-05,1.7068799892051036e-05,1.7068799892051036e-05,123.28796850384929,/home/runner/work/Solana-Memecoin-Analysis/Solana-Memecoin-Analysis/data/cache/2026-09-27/072920930208_ohlcv_63d9df96523d.json
2026-09-18T06:15:00+00:00,4aE7RyYHugztSy3rdKq51bvNkaRj2E7NJU7jPWxzhC3Q,solana,PumpSwap,,,,,2026-09-15T21:57:08Z,1.7754833398261097e-05,,,,,,,,,,,,,,,,,,,ohlcv_backfill,minute,1.8148276027117053e-05,1.8148276027117053e-05,1.7754833398261097e-05,1.7754833398261097e-05,103.93268519683326,/home/runner/work/Solana-Memecoin-Analysis/Solana-Memecoin-Analysis/data/cache/2026-09-27/072920930208_ohlcv_63d9df96523d.json
2026-09-18T06:10:00+00:00,4aE7RyYHugztSy3rdKq51bvNkaRj2E7NJU7jPWxzhC3Q,solana,PumpSwap,,,,,2026-09-15T21:57:08Z,1.8148276027117053e-05,,,,,,,,,,,,,,,,,,,ohlcv_backfill,minute,2.0268049979078574e-05,2.0268049979078574e-05,1.8148276027117053e-05,1.8148276027117053e-05,329.94671197804996,/home/runner/work/Solana-Memecoin-Analysis/Solana-Memecoin-Analysis/data/cache/2026-09-27/072920930208_ohlcv_63d9df96523d.json
2026-09-18T06:05:00+00:00,4aE7RyYHugztSy3rdKq51bvNkaRj2E7NJU7jPWxzhC3Q,solana,PumpSwap,,,,,2026-09-15T21:57:08Z,2.0268049979078574e-05,,,,,,,,,,,,,,,,,,,ohlcv_backfill,minute,2.004072431967815e-05,2.0268049979078574e-05,2.004072431967815e-05,2.0268049979078574e-05,34.31167260607875,/home/runner/work/Solana-Memecoin-Analysis/Solana-Memecoin-Analysis/data/cache/2026-09-27/072920930208_ohlcv_63d9df96523d.json
2026-09-18T06:00:00+00:00,4aE7RyYHugztSy3rdKq51bvNkaRj2E7NJU7jPWxzhC3Q,solana,PumpSwap,,,,,2026-09-15T21:57:08Z,2.004072431967815e-05,,,,,,,,,,,,,,,,,,,ohlcv_backfill,minute,1.8494400665548563e-05,2.004072431967815e-05,1.8494400665548563e-05,2.004072431967815e-05,289.3027704085722,/home/runner/work/Solana-Memecoin-Analysis/Solana-Memecoin-Analysis/data/cache/2026-09-27/072920930208_ohlcv_63d9df96523d.json
2026-09-18T05:55:00+00:00,4aE7RyYHugztSy3rdKq51bvNkaRj2E7NJU7jPWxzhC3Q,solana,PumpSwap,,,,,2026-09-15T21:57:08Z,1.8494400665548563e-05,,,,,,,,,,,,,,,,,,,ohlcv_backfill,minute,1.9112774286914494e-05,1.9112774286914494e-05,1.8128127225726085e-05,1.8494400665548563e-05,122.24622993640011,/home/runner/work/Solana-Memecoin-Analysis/Solana-Memecoin-Analysis/data/cache/2026-09-27/072920930208_ohlcv_63d9df96523d.json
2026-09-18T05:35:00+00:00,4aE7RyYHugztSy3rdKq51bvNkaRj2E7NJU7jPWxzhC3Q,solana,PumpSwap,,,,,2026-09-15T21:57:08Z,1.9112774286914494e-05,,,,,,,,,,,,,,,,,,,ohlcv_backfill,minute,1.898009639942607e-05,1.9112774286914494e-05,1.898009639942607e-05,1.9112774286914494e-05,20.882298630177466,/home/runner/work/Solana-Memecoin-Analysis/Solana-Memecoin-Analysis/data/cache/2026-09-27/072920930208_ohlcv_63d9df96523d.json
2026-09-18T05:30:00+00:00,4aE7RyYHugztSy3rdKq51bvNkaRj2E7NJU7jPWxzhC3Q,solana,PumpSwap,,,,,2026-09-15T21:57:08Z,1.898009639942607e-05,,,,,,,,,,,,,,,,,,,ohlcv_backfill,minute,1.8682012540551447e-05,1.898009639942607e-05,1.8682012540551447e-05,1.898009639942607e-05,8.022017192989912,/home/runner/work/Solana-Memecoin-Analysis/Solana-Memecoin-Analysis/data/cache/2026-09-27/072920930208_ohlcv_63d9df96523d.json
2026-09-18T05:25:00+00:00,4aE7RyYHugztSy3rdKq51bvNkaRj2E7NJU7jPWxzhC3Q,solana,PumpSwap,,,,,2026-09-15T21:57:08Z,1.8682012540551447e-05,,,,,,,,,,,,,,,,,,,ohlcv_backfill,minute,1.891908582801032e-05,1.891908582801032e-05,1.8682012540551447e-05,1.8682012540551447e-05,5.428903170624055,/home/runner/work/Solana-Memecoin-Analysis/Solana-Memecoin-Analysis/data/cache/2026-09-27/072920930208_ohlcv_63d9df96523d.json
2026-09-18T05:20:00+00:00,4aE7RyYHugztSy3rdKq51bvNkaRj2E7NJU7jPWxzhC3Q,solana,PumpSwap,,,,,2026-09-15T21:57:08Z,1.891908582801032e-05,,,,,,,,,,,,,,,,,,,ohlcv_backfill,minute,1.991260226897743e-05,1.991260226897743e-05,1.891908582801032e-05,1.891908582801032e-05,65.01437892632902,/home/runner/work/Solana-Memecoin-Analysis/Solana-Memecoin-Analysis/data/cache/2026-09-27/072920930208_ohlcv_63d9df96523d.json
2026-09-18T05:15:00+00:00,4aE7RyYHugztSy3rdKq51bvNkaRj2E7NJU7jPWxzhC3Q,solana,PumpSwap,,,,,2026-09-15T21:57:08Z,1.991260226897743e-05,,,,,,,,,,,,,,,,,,,ohlcv_backfill,minute,2.276644740868971e-05,2.276644740868971e-05,1.991260226897743e-05,1.991260226897743e-05,523.8950318219443,/home/runner/work/Solana-Memecoin-Analysis/Solana-Memecoin-Analysis/data/cache/2026-09-27/072920930208_ohlcv_63d9df96523d.json
2026-09-18T05:10:00+00:00,4aE7RyYHugztSy3rdKq51bvNkaRj2E7NJU7jPWxzhC3Q,solana,PumpSwap,,,,,2026-09-15T21:57:08Z,2.276644740868971e-05,,,,,,,,,,,,,,,,,,,ohlcv_backfill,minute,2.5348292371801704e-05,2.5348292371801704e-05,2.276644740868971e-05,2.276644740868971e-05,44.21304698121802,/home/runner/work/Solana-Memecoin-Analysis/Solana-Memecoin-Analysis/data/cache/2026-09-27/072920930208_ohlcv_63d9df96523d.json
2026-09-18T04:55:00+00:00,4aE7RyYHugztSy3rdKq51bvNkaRj2E7NJU7jPWxzhC3Q,solana,PumpSwap,,,,,2026-09-15T21:57:08Z,2.5348292371801704e-05,,,,,,,,,,,,,,,,,,,ohlcv_backfill,minute,2.2949942530778868e-05,2.6937980706641516e-05,2.261768797515014e-05,2.5348292371801704e-05,1060.9003431416318,/home/runner/work/Solana-Memecoin-Analysis/Solana-Memecoin-Analysis/data/cache/2026-09-27/072920930208_ohlcv_63d9df96523d.json
2026-09-18T04:45:00+00:00,4aE7RyYHugztSy3rdKq51bvNkaRj2E7NJU7jPWxzhC3Q,solana,PumpSwap,,,,,2026-09-15T21:57:08Z,2.2949942530778868e-05,,,,,,,,,,,,,,,,,,,ohlcv_backfill,minute,2.04655521763623e-05,2.2949942530778868e-05,2.04655521763623e-05,2.2949942530778868e-05,305.97286610143016,/home/runner/work/Solana-Memecoin-Analysis/Solana-Memecoin-Analysis/data/cache/2026-09-27/072920930208_ohlcv_63d9df96523d.json
2026-09-18T04:40:00+00:00,4aE7RyYHugztSy3rdKq51bvNkaRj2E7NJU7jPWxzhC3Q,solana,PumpSwap,,,,,2026-09-15T21:57:08Z,2.04655521763623e-05,,,,,,,,,,,,,,,,,,,ohlcv_backfill,minute,1.8730094220630472e-05,2.444772311984783e-05,1.8730094220630472e-05,2.04655521763623e-05,1536.685426610916,/home/runner/work/Solana-Memecoin-Analysis/Solana-Memecoin-Analysis/data/cache/2026-09-27/072920930208_ohlcv_63d9df96523d.json
2026-09-18T04:35:00+00:00,4aE7RyYHugztSy3rdKq51bvNkaRj2E7NJU7jPWxzhC3Q,solana,PumpSwap,,,,,2026-09-15T21:57:08Z,1.8730094220630472e-05,,,,,,,,,,,,,,,,,,,ohlcv_backfill,minute,1.7499122918244213e-05,1.8730094220630472e-05,1.7499122918244213e-05,1.8730094220630472e-05,351.1465448538816,/home/runner/work/Solana-Memecoin-Analysis/Solana-Memecoin-Analysis/data/cache/2026-09-27/072920930208_ohlcv_63d9df96523d.json
2026-09-18T04:25:00+00:00,4aE7RyYHugztSy3rdKq51bvNkaRj2E7NJU7jPWxzhC3Q,solana,PumpSwap,,,,,2026-09-15T21:57:08Z,1.7499122918244213e-05,,,,,,,,,,,,,,,,,,,ohlcv_backfill,minute,1.8386964172731692e-05,1.8386964172731692e-05,1.7336186354995137e-05,1.7499122918244213e-05,242.3323854866938,/home/runner/work/Solana-Memecoin-Analysis/Solana-Memecoin-Analysis/data/cache/2026-09-27/072920930208_ohlcv_63d9df96523d.json
2026-09-18T04:20:00+00:00,4aE7RyYHugztSy3rdKq51bvNkaRj2E7NJU7jPWxzhC3Q,solana,PumpSwap,,,,,2026-09-15T21:57:08Z,1.8386964172731692e-05,,,,,,,,,,,,,,,,,,,ohlcv_backfill,minute,1.5721390569602936e-05,1.8707163904724715e-05,1.5721390569602936e-05,1.8386964172731692e-05,481.79383591157773,/home/runner/work/Solana-Memecoin-Analysis/Solana-Memecoin-Analysis/data/cache/2026-09-27/072920930208_ohlcv_63d9df96523d.json
2026-09-18T04:15:00+00:00,4aE7RyYHugztSy3rdKq51bvNkaRj2E7NJU7jPWxzhC3Q,solana,PumpSwap,,,,,2026-09-15T21:57:08Z,1.5721390569602936e-05,,,,,,,,,,,,,,,,,,,ohlcv_backfill,minute,1.4051385545839217e-05,1.5721390569602936e-05,1.4051385545839217e-05,1.5721390569602936e-05,287.60186166376815,/home/runner/work/Solana-Memecoin-Analysis/Solana-Memecoin-Analysis/data/cache/2026-09-27/072920930208_ohlcv_63d9df96523d.json
2026-09-18T03:40:00+00:00,4aE7RyYHugztSy3rdKq51bvNkaRj2E7NJU7jPWxzhC3Q,solana,PumpSwap,,,,,2026-09-15T21:57:08Z,1.4051385545839217e-05,,,,,,,,,,,,,,,,,,,ohlcv_backfill,minute,1.4410341316348842e-05,1.4410341316348842e-05,1.4051385545839217e-05,1.4051385545839217e-05,99.56047028453705,/home/runner/work/Solana-Memecoin-Analysis/Solana-Memecoin-Analysis/data/cache/2026-09-27/072920930208_ohlcv_63d9df96523d.json
2026-09-18T03:10:00+00:00,4aE7RyYHugztSy3rdKq51bvNkaRj2E7NJU7jPWxzhC3Q,solana,PumpSwap,,,,,2026-09-15T21:57:08Z,1.4410341316348842e-05,,,,,,,,,,,,,,,,,,,ohlcv_backfill,minute,1.451089417152011e-05,1.451089417152011e-05,1.4410341316348842e-05,1.4410341316348842e-05,9.97822076624264,/home/runner/work/Solana-Memecoin-Analysis/Solana-Memecoin-Analysis/data/cache/2026-09-27/072920930208_ohlcv_63d9df96523d.json
2026-09-18T02:15:00+00:00,4aE7RyYHugztSy3rdKq51bvNkaRj2E7NJU7jPWxzhC3Q,solana,PumpSwap,,,,,2026-09-15T21:57:08Z,1.451089417152011e-05,,,,,,,,,,,,,,,,,,,ohlcv_backfill,minute,1.5031889697145872e-05,1.5031889697145872e-05,1.4401969509334449e-05,1.451089417152011e-05,38.84656225849301,/home/runner/work/Solana-Memecoin-Analysis/Solana-Memecoin-Analysis/data/cache/2026-09-27/072920930208_ohlcv_63d9df96523d.json
2026-09-18T02:10:00+00:00,4aE7RyYHugztSy3rdKq51bvNkaRj2E7NJU7jPWxzhC3Q,solana,PumpSwap,,,,,2026-09-15T21:57:08Z,1.5031889697145872e-05,,,,,,,,,,,,,,,,,,,ohlcv_backfill,minute,1.6849757192376844e-05,1.6849757192376844e-05,1.4866742912350017e-05,1.5031889697145872e-05,408.1714584158451,/home/runner/work/Solana-Memecoin-Analysis/Solana-Memecoin-Analysis/data/cache/2026-09-27/072920930208_ohlcv_63d9df96523d.json
2026-09-18T02:05:00+00:00,4aE7RyYHugztSy3rdKq51bvNkaRj2E7NJU7jPWxzhC3Q,solana,PumpSwap,,,,,2026-09-15T21:57:08Z,1.6849757192376844e-05,,,,,,,,,,,,,,,,,,,ohlcv_backfill,minute,1.95346154547799e-05,1.95346154547799e-05,1.6849757192376844e-05,1.6849757192376844e-05,617.049279047297,/home/runner/work/Solana-Memecoin-Analysis/Solana-Memecoin-Analysis/data/cache/2026-09-27/072920930208_ohlcv_63d9df96523d.json
2026-09-18T01:55:00+00:00,4aE7RyYHugztSy3rdKq51bvNkaRj2E7NJU7jPWxzhC3Q,solana,PumpSwap,,,,,2026-09-15T21:57:08Z,1.95346154547799e-05,,,,,,,,,,,,,,,,,,,ohlcv_backfill,minute,2.0364150106940834e-05,2.0364150106940834e-05,1.95346154547799e-05,1.95346154547799e-05,218.9950821533194,/home/runner/work/Solana-Memecoin-Analysis/Solana-Memecoin-Analysis/data/cache/2026-09-27/072920930208_ohlcv_63d9df96523d.json
2026-09-18T01:50:00+00:00,4aE7RyYHugztSy3rdKq51bvNkaRj2E7NJU7jPWxzhC3Q,solana,PumpSwap,,,,,2026-09-15T21:57:08Z,2.0364150106940834e-05,,,,,,,,,,,,,,,,,,,ohlcv_backfill,minute,1.9617144987621452e-05,2.0599827938051865e-05,1.9617144987621452e-05,2.0364150106940834e-05,119.28857713421536,/home/runner/work/Solana-Memecoin-Analysis/Solana-Memecoin-Analysis/data/cache/2026-09-27/072920930208_ohlcv_63d9df96523d.json
2026-09-18T01:45:00+00:00,4aE7RyYHugztSy3rdKq51bvNkaRj2E7NJU7jPWxzhC3Q,solana,PumpSwap,,,,,2026-09-15T21:57:08Z,1.9617144987621452e-05,,,,,,,,,,,,,,,,,,,ohlcv_backfill,minute,1.936643542938864e-05,1.977906388876965e-05,1.936643542938864e-05,1.9617144987621452e-05,27.964972635263845,/home/runner/work/Solana-Memecoin-Analysis/Solana-Memecoin-Analysis/data/cache/2026-09-27/072920930208_ohlcv_63d9df96523d.json
2026-09-18T01:40:00+00:00,4aE7RyYHugztSy3rdKq51bvNkaRj2E7NJU7jPWxzhC3Q,solana,PumpSwap,,,,,2026-09-15T21:57:08Z,1.936643542938864e-05,,,,,,,,,,,,,,,,,,,ohlcv_backfill,minute,1.882047666647306e-05,1.936643542938864e-05,1.882047666647306e-05,1.936643542938864e-05,100.92463079474666,/home/runner/work/Solana-Memecoin-Analysis/Solana-Memecoin-Analysis/data/cache/2026-09-27/072920930208_ohlcv_63d9df96523d.json
2026-09-18T01:35:00+00:00,4aE7RyYHugztSy3rdKq51bvNkaRj2E7NJU7jPWxzhC3Q,solana,PumpSwap,,,,,2026-09-15T21:57:08Z,1.882047666647306e-05,,,,,,,,,,,,,,,,,,,ohlcv_backfill,minute,1.6002745424242992e-05,1.8971817594629604e-05,1.6002745424242992e-05,1.882047666647306e-05,282.1703601818661,/home/runner/work/Solana-Memecoin-Analysis/Solana-Memecoin-Analysis/data/cache/2026-09-27/072920930208_ohlcv_63d9df96523d.json
2026-09-18T01:30:00+00:00,4aE7RyYHugztSy3rdKq51bvNkaRj2E7NJU7jPWxzhC3Q,solana,PumpSwap,,,,,2026-09-15T21:57:08Z,1.6002745424242992e-05,,,,,,,,,,,,,,,,,,,ohlcv_backfill,minute,1.3559822912846147e-05,1.6002745424242992e-05,1.3559822912846147e-05,1.6002745424242992e-05,878.2651852314896,/home/runner/work/Solana-Memecoin-Analysis/Solana-Memecoin-Analysis/data/cache/2026-09-27/072920930208_ohlcv_63d9df96523d.json
2026-09-18T00:20:00+00:00,4aE7RyYHugztSy3rdKq51bvNkaRj2E7NJU7jPWxzhC3Q,solana,PumpSwap,,,,,2026-09-15T21:57:08Z,1.3559822912846147e-05,,,,,,,,,,,,,,,,,,,ohlcv_backfill,minute,1.3687054059541967e-05,1.3687054059541967e-05,1.3559822912846147e-05,1.3559822912846147e-05,15.240560845445719,/home/runner/work/Solana-Memecoin-Analysis/Solana-Memecoin-Analysis/data/cache/2026-09-27/072920930208_ohlcv_63d9df96523d.json
2026-09-17T23:40:00+00:00,4aE7RyYHugztSy3rdKq51bvNkaRj2E7NJU7jPWxzhC3Q,solana,PumpSwap,,,,,2026-09-15T21:57:08Z,1.3687054059541967e-05,,,,,,,,,,,,,,,,,,,ohlcv_backfill,minute,1.3701904141246057e-05,1.3701904141246057e-05,1.3687054059541967e-05,1.3687054059541967e-05,2.748233818767928,/home/runner/work/Solana-Memecoin-Analysis/Solana-Memecoin-Analysis/data/cache/2026-09-27/072920930208_ohlcv_63d9df96523d.json
2026-09-17T23:10:00+00:00,4aE7RyYHugztSy3rdKq51bvNkaRj2E7NJU7jPWxzhC3Q,solana,PumpSwap,,,,,2026-09-15T21:57:08Z,1.3701904141246057e-05,,,,,,,,,,,,,,,,,,,ohlcv_backfill,minute,1.3808466941282168e-05,1.3808466941282168e-05,1.3701904141246057e-05,1.3701904141246057e-05,226.85912406760133,/home/runner/work/Solana-Memecoin-Analysis/Solana-Memecoin-Analysis/data/cache/2026-09-27/072920930208_ohlcv_63d9df96523d.json
2026-09-27T07:25:00+00:00,B3JUKme6NLvUDWxoMzwCbpS3H76qdnAPqVvdz8M1a4mf,solana,PumpSwap,,,,,2026-09-27T07:27:33Z,1.1374537085064436e-05,,,,,,,,,,,,,,,,,,,ohlcv_backfill,minute,1.0350090933840982e-05,1.144188051158161e-05,1.0350090933840982e-05,1.1374537085064436e-05,3243.050520050932,/home/runner/work/Solana-Memecoin-Analysis/Solana-Memecoin-Analysis/data/cache/2026-09-27/072928483192_ohlcv_87d15894cdf0.json
2026-09-27T07:25:00+00:00,Btw6GWj8mhJpBxRg2RWRehvu6JekfNAYVN3jfkLVk5y7,solana,Pump.fun,,,,,2026-09-27T07:27:13Z,1.110376540631704e-07,,,,,,,,,,,,,,,,,,,ohlcv_backfill,minute,3.401791507031824e-06,3.401791507031824e-06,8.786424172057974e-08,1.110376540631704e-07,546.4310219451814,/home/runner/work/Solana-Memecoin-Analysis/Solana-Memecoin-Analysis/data/cache/2026-09-27/072943481613_ohlcv_cbb8c5e17a32.json
2026-09-27T07:25:00+00:00,7zregNEH8qkz3bkQzCzvQ3FnJaTkJvNGhjmundynFqKe,solana,Pump.fun,,,,,2026-09-27T07:27:08Z,3.3973745706224427e-06,,,,,,,,,,,,,,,,,,,ohlcv_backfill,minute,3.39728153780622e-06,3.516086863962973e-06,3.39728153780622e-06,3.3973745706224427e-06,135.35496513784682,/home/runner/work/Solana-Memecoin-Analysis/Solana-Memecoin-Analysis/data/cache/2026-09-27/073006330868_ohlcv_3ced9a93a0d8.json
