request_timestamp_utc,pool_address,network,dex,base_token_address,base_token_symbol,quote_token_address,quote_token_symbol,pool_created_at,price_usd,fdv_usd,market_cap_usd,reserve_usd,quote_token_price_usd,locked_liquidity_pct,pool_fee_pct,volume_usd_m5,volume_usd_m15,volume_usd_m30,volume_usd_h1,volume_usd_h6,volume_usd_h24,buys_m5,sells_m5,buyers_m5,sellers_m5,buys_m15,sells_m15,buyers_m15,sellers_m15,buys_m30,sells_m30,buyers_m30,sellers_m30,buys_h1,sells_h1,buyers_h1,sellers_h1,buys_h6,sells_h6,buyers_h6,sellers_h6,buys_h24,sells_h24,buyers_h24,sellers_h24,price_change_pct_m5,price_change_pct_m15,price_change_pct_m30,price_change_pct_h1,price_change_pct_h6,price_change_pct_h24,source,ohlcv_timeframe,ohlcv_open,ohlcv_high,ohlcv_low,ohlcv_close,ohlcv_volume,raw_cache_path,schema_version
2026-10-05T00:02:58.856965+00:00,2P1dt4gJsh8urDy7xLekdrMG2SYswTL6pAvT58cxVE4K,solana,Meteora DBC,8t8bJo4APxFZJN7HFirLaKGE27dxUi5YG1L78JTKc1hL,FOMODESK,So11111111111111111111111111111111111111112,SOL,2026-10-03T00:04:27Z,3.1170733384500488e-06,3117.073338,,3198.1822,118.56911608908186,,,0.0,0.0,0.0,0.0,0.0,0.0,0,0,0,0,0,0,0,0,0,0,0,0,0,0,0,0,0,0,0,0,0,0,0,0,0.0,0.0,0.0,0.0,0.0,0.0,snapshot,,,,,,,/home/runner/work/Solana-Memecoin-Analysis/Solana-Memecoin-Analysis/data/cache/2026-10-05/000307483306_multi_pools_908757fdb27c.json,2
2026-10-05T00:02:58.856965+00:00,F3Soden49HgeWAbUnru6KauVykkitJuxRWE3w8SaHKmN,solana,Pump.fun,5ChH1CYQ4cKJYffP9Kx2GES5ZbgZbp2P52UUZhtdpump,sperm,So11111111111111111111111111111111111111112,SOL,2026-10-03T00:04:26Z,1.4072641793377937e-05,28145.28358,,11194.5672,118.50841319112035,100.0,,0.0,0.0,0.0,0.0,0.0,0.0,0,0,0,0,0,0,0,0,0,0,0,0,0,0,0,0,0,0,0,0,0,0,0,0,0.0,0.0,0.0,0.0,0.0,0.0,snapshot,,,,,,,/home/runner/work/Solana-Memecoin-Analysis/Solana-Memecoin-Analysis/data/cache/2026-10-05/000307483306_multi_pools_908757fdb27c.json,2
2026-10-05T00:02:58.856965+00:00,DGGseJfKLSoCMWt5wVBPJf8pJFvrta89u6o5smA6vYxm,solana,Pump.fun,GQXmYK4yRgaphgDJ54BVTnZe8kCMmzraRPVv7f9Bpump,CELL,So11111111111111111111111111111111111111112,SOL,2026-10-03T00:04:26Z,3.4873669920398258e-06,3487.366992,,2766.0086,121.445575684845,100.0,,0.0,0.0,0.0,0.0,0.729918757,4.3484596879,0,0,0,0,0,0,0,0,0,0,0,0,0,0,0,0,0,1,0,1,0,3,0,3,0.0,0.0,0.0,0.0,0.0,-0.246,snapshot,,,,,,,/home/runner/work/Solana-Memecoin-Analysis/Solana-Memecoin-Analysis/data/cache/2026-10-05/000307483306_multi_pools_908757fdb27c.json,2
2026-10-05T00:02:58.856965+00:00,3Xn8ZipAmqiYquC66bxFHKkozzbF4RnZ41re5CrAWyda,solana,Pump.fun,Hhb34kSEEVMxRMhZ32R29dWwg8A5GsuWmUMexdQ4PVWg,PAPER,So11111111111111111111111111111111111111112,SOL,2026-10-03T00:04:16Z,3.3556827487843775e-06,3355.682749,,2694.6741,119.98208604435867,100.0,,0.0,0.0,0.0,0.0,0.0,1.1850079921,0,0,0,0,0,0,0,0,0,0,0,0,0,0,0,0,0,0,0,0,0,1,0,1,0.0,0.0,0.0,0.0,0.0,0.0,snapshot,,,,,,,/home/runner/work/Solana-Memecoin-Analysis/Solana-Memecoin-Analysis/data/cache/2026-10-05/000307483306_multi_pools_908757fdb27c.json,2
2026-10-05T00:02:58.856965+00:00,5QRngwFTx2uN1EwdczV3BpZfAnok1pjWPnTAjGEybc8y,solana,Pump.fun,CYuVocy12Jynf43obPDxhJ2ygFfVZFNvHgKwhPFspump,$FROINK,So11111111111111111111111111111111111111112,SOL,2026-10-03T00:04:02Z,7.514141010515209e-07,1502.8282022,,609.623,118.63940351832899,100.0,,0.0,0.0,0.0,0.0,0.0,0.0,0,0,0,0,0,0,0,0,0,0,0,0,0,0,0,0,0,0,0,0,0,0,0,0,0.0,0.0,0.0,0.0,0.0,0.0,snapshot,,,,,,,/home/runner/work/Solana-Memecoin-Analysis/Solana-Memecoin-Analysis/data/cache/2026-10-05/000307483306_multi_pools_908757fdb27c.json,2
2026-10-05T00:02:58.856965+00:00,FtiotJckV2ZG4S1YgJDJLiXKKDAnKWXgQxo7vxsjPwPe,solana,Meteora,C1mBfBoDkwWfd6uTFZp62ARHLjeVp3bDpCDMfMZtPngE,HOOKED,So11111111111111111111111111111111111111112,SOL,2026-09-28T21:31:46Z,0.009775700699764502,9316602.23421367,9337046.00309391,597202.0556,121.36032759766229,,,4231.9167603938,43076.5868812121,79938.0964297257,106234.158432956,1153541.06939782,4247763.84755985,1,5,1,5,7,35,6,27,61,53,41,40,116,118,75,83,1337,1590,567,786,5474,5390,1907,2244,0.97,6.053,-0.188,-4.428,15.284,-8.987,snapshot,,,,,,,/home/runner/work/Solana-Memecoin-Analysis/Solana-Memecoin-Analysis/data/cache/2026-10-05/000307483306_multi_pools_908757fdb27c.json,2
2026-10-05T00:02:58.856965+00:00,9SAtoY8vBzbtX4mkNtukDufF4CcJap9Mxv5ynzkT4CDH,solana,Pump.fun,JBM7ftqar32sTCgjngB3PHAyDRSWB6ffQ4xdms3opump,MACC,So11111111111111111111111111111111111111112,SOL,2026-10-03T00:12:55Z,3.325109944972217e-06,3325.109945,,2698.2335,118.73226206731601,100.0,,0.0,0.0,0.0,0.0,0.0,0.0,0,0,0,0,0,0,0,0,0,0,0,0,0,0,0,0,0,0,0,0,0,0,0,0,0.0,0.0,0.0,0.0,0.0,0.0,snapshot,,,,,,,/home/runner/work/Solana-Memecoin-Analysis/Solana-Memecoin-Analysis/data/cache/2026-10-05/000307483306_multi_pools_908757fdb27c.json,2
2026-10-05T00:02:58.856965+00:00,D1rDVEp78cvBctREKZmpLdRnPNe3Ufmgq6ZjMYye9kmq,solana,Meteora,HuAXPyDWDaMYFKuwQHpqL1oPnj93zdzWmtvFGzCeCUa7,MASK,So11111111111111111111111111111111111111112,SOL,2026-09-25T23:32:13Z,0.03897101843469638,38619538.9752759,0.0,357706.3706,121.42600291173615,,,0.5398006316,590.0600159244,8941.2850006551,22351.331843401,234505.80898637,732098.338885746,0,1,0,1,1,3,1,3,8,7,5,6,36,23,19,16,243,337,134,206,869,982,432,620,0.0,-0.7,-7.49,-7.63,21.244,3.764,snapshot,,,,,,,/home/runner/work/Solana-Memecoin-Analysis/Solana-Memecoin-Analysis/data/cache/2026-10-05/000307483306_multi_pools_908757fdb27c.json,2
2026-10-05T00:02:58.856965+00:00,HgSqEU7dmQPv5dU8B58EJP31Rr3fbg6DABhuedKJTLvB,solana,Meteora DAMM V2,9ygZiGhQRvdPrg81doWqi5zadn9VUicveWuf6oVDMBSu,CUMMUNITY,So11111111111111111111111111111111111111112,SOL,2026-10-03T00:21:20Z,7.561602569203876e-10,0.7561129413,,1.3242,119.02721633023904,,,0.0,0.0,0.0,0.0,0.0,0.0,0,0,0,0,0,0,0,0,0,0,0,0,0,0,0,0,0,0,0,0,0,0,0,0,0.0,0.0,0.0,0.0,0.0,0.0,snapshot,,,,,,,/home/runner/work/Solana-Memecoin-Analysis/Solana-Memecoin-Analysis/data/cache/2026-10-05/000307483306_multi_pools_908757fdb27c.json,2
2026-10-05T00:02:58.856965+00:00,5gJE8BUnhMoD72waCVEn9BqVzFcFpcKQCNYVNcRVqJ5K,solana,Pump.fun,7V1jVGtJnPTwhtqCDh3tTkba8DKzHSKWdpUhSMez14D7,PROMETHEUS,So11111111111111111111111111111111111111112,SOL,2026-10-03T00:21:20Z,3.3423308871177703e-06,3342.330887,,2711.5237,118.76206231118998,100.0,,0.0,0.0,0.0,0.0,0.0,0.0,0,0,0,0,0,0,0,0,0,0,0,0,0,0,0,0,0,0,0,0,0,0,0,0,0.0,0.0,0.0,0.0,0.0,0.0,snapshot,,,,,,,/home/runner/work/Solana-Memecoin-Analysis/Solana-Memecoin-Analysis/data/cache/2026-10-05/000307483306_multi_pools_908757fdb27c.json,2
2026-10-05T00:02:58.856965+00:00,2gZPB5BumPyiaEkbLf94VWXVEaWJcQLYNbmTH9Y16vgw,solana,Pump.fun,DL2idgFEjyXtBfdNyBhd2tDWt2BoMe6uczZ58YYbpump,WATHER,So11111111111111111111111111111111111111112,SOL,2026-10-03T00:21:20Z,3.3276328610189873e-06,3327.632861,,2701.2706,118.68865680639523,100.0,,0.0,0.0,0.0,0.0,0.0,0.0,0,0,0,0,0,0,0,0,0,0,0,0,0,0,0,0,0,0,0,0,0,0,0,0,0.0,0.0,0.0,0.0,0.0,0.0,snapshot,,,,,,,/home/runner/work/Solana-Memecoin-Analysis/Solana-Memecoin-Analysis/data/cache/2026-10-05/000307483306_multi_pools_908757fdb27c.json,2
2026-10-05T00:02:58.856965+00:00,DqCjdYfrKJ2nqcc5PPWfYY95turJaWodHqNpmTmENRzm,solana,Pump.fun,Dz18716VNwGTq2Wack88w3jKrtdEFgcGt4VkTaNCpump,sperm,So11111111111111111111111111111111111111112,SOL,2026-10-03T00:21:00Z,2.3417492588964202e-07,468.3498518,,137.6153,118.7065982605485,100.0,,0.0,0.0,0.0,0.0,0.0,0.0,0,0,0,0,0,0,0,0,0,0,0,0,0,0,0,0,0,0,0,0,0,0,0,0,0.0,0.0,0.0,0.0,0.0,0.0,snapshot,,,,,,,/home/runner/work/Solana-Memecoin-Analysis/Solana-Memecoin-Analysis/data/cache/2026-10-05/000307483306_multi_pools_908757fdb27c.json,2
2026-10-05T00:02:58.856965+00:00,DiA5S2D7CmZaGTmbqpHa5BPrRbsjcjmAh7Z6qijk6UMf,solana,Pump.fun,B3wPo1bZKuYa1wq1rRDKMvJefVNQ5BnBKrjDUwVypump,Ash,So11111111111111111111111111111111111111112,SOL,2026-10-03T00:20:51Z,3.332504415500271e-06,3332.504416,,2705.3767,118.68179660297731,100.0,,0.0,0.0,0.0,0.0,0.0,0.0,0,0,0,0,0,0,0,0,0,0,0,0,0,0,0,0,0,0,0,0,0,0,0,0,0.0,0.0,0.0,0.0,0.0,0.0,snapshot,,,,,,,/home/runner/work/Solana-Memecoin-Analysis/Solana-Memecoin-Analysis/data/cache/2026-10-05/000307483306_multi_pools_908757fdb27c.json,2
2026-10-05T00:02:58.856965+00:00,7mEUxtw4zVkayY554rsq9BPxXWXs4afaipszfvvJxvxe,solana,Pump.fun,Fqp51HH2hynpR4MmHzo4gDvKMvDBZ1wyPUdvqFmj6HRv,TRENCHERS,So11111111111111111111111111111111111111112,SOL,2026-10-03T00:20:47Z,3.3331878340344415e-06,3446.815721,,2728.835,118.70363394169127,100.0,,0.0,0.0,0.0,0.0,0.0,0.0,0,0,0,0,0,0,0,0,0,0,0,0,0,0,0,0,0,0,0,0,0,0,0,0,0.0,0.0,0.0,0.0,0.0,0.0,snapshot,,,,,,,/home/runner/work/Solana-Memecoin-Analysis/Solana-Memecoin-Analysis/data/cache/2026-10-05/000307483306_multi_pools_908757fdb27c.json,2
2026-10-05T00:02:58.856965+00:00,FBPBxTEScV9yVMYHFc3WVAM3UmeVDUH3VFNq95evGsJU,solana,Pump.fun,FP3Kj8Ts6DBRr53PGWCYNY6EQLoFCksyn7YtFGfUpump,NOBLER,So11111111111111111111111111111111111111112,SOL,2026-10-03T00:30:00Z,3.4162395874223536e-06,3415.8746559971,,2766.531,118.94562967027458,100.0,,0.0,0.0,0.0,0.0,0.0,0.0,0,0,0,0,0,0,0,0,0,0,0,0,0,0,0,0,0,0,0,0,0,0,0,0,0.0,0.0,0.0,0.0,0.0,0.0,snapshot,,,,,,,/home/runner/work/Solana-Memecoin-Analysis/Solana-Memecoin-Analysis/data/cache/2026-10-05/000307483306_multi_pools_908757fdb27c.json,2
2026-10-05T00:02:58.856965+00:00,9TddCLtf2PpvdVh8advXsdNrk5L1GtByggs7taFFgJLv,solana,Pump.fun,8wgzhac82VpWP1YAMigi4WdvfoMtQDy5dB1mfmFtpump,LaMisery,So11111111111111111111111111111111111111112,SOL,2026-10-03T00:29:55Z,3.137890177573241e-09,6.275780356,,5.734,119.17861567795272,100.0,,0.0,0.0,0.0,0.0,0.0,0.0,0,0,0,0,0,0,0,0,0,0,0,0,0,0,0,0,0,0,0,0,0,0,0,0,0.0,0.0,0.0,0.0,0.0,0.0,snapshot,,,,,,,/home/runner/work/Solana-Memecoin-Analysis/Solana-Memecoin-Analysis/data/cache/2026-10-05/000307483306_multi_pools_908757fdb27c.json,2
2026-10-05T00:02:58.856965+00:00,3eP46zg9D1a6gZGfzdmkBTut3SjbJiavaou1qXuSVmvD,solana,Pump.fun,7a1T5eBTb7cGxojttbu9RKYZyS6b1cpkg141kVSQpump,ROPE,So11111111111111111111111111111111111111112,SOL,2026-10-03T00:29:47Z,3.388979938741647e-06,3388.979939,,2738.2256,119.2449940619112,100.0,,0.0,0.0,0.0,0.0,0.0,0.0,0,0,0,0,0,0,0,0,0,0,0,0,0,0,0,0,0,0,0,0,0,0,0,0,0.0,0.0,0.0,0.0,0.0,0.0,snapshot,,,,,,,/home/runner/work/Solana-Memecoin-Analysis/Solana-Memecoin-Analysis/data/cache/2026-10-05/000307483306_multi_pools_908757fdb27c.json,2
2026-10-05T00:02:58.856965+00:00,BWYQVPrK5j7ngpncFmGrwRPFxPUA3CEAz4bAAX1ch6Ne,solana,Pump.fun,3Ry7cS8jh7D6kczQ6dJtHtRPD9mGyQr9UmH3mohTpump,JEET -_-,So11111111111111111111111111111111111111112,SOL,2026-10-03T00:29:43Z,3.767927888931173e-06,7535.855778,,3035.6266,119.13881078322378,100.0,,0.0,0.0,0.0,0.0,0.0,0.0,0,0,0,0,0,0,0,0,0,0,0,0,0,0,0,0,0,0,0,0,0,0,0,0,0.0,0.0,0.0,0.0,0.0,0.0,snapshot,,,,,,,/home/runner/work/Solana-Memecoin-Analysis/Solana-Memecoin-Analysis/data/cache/2026-10-05/000307483306_multi_pools_908757fdb27c.json,2
2026-10-05T00:02:58.856965+00:00,5EAmA6W5W1JzzzwC1bPMEHbrYe72WAeZPe6Hz8QUjufF,solana,Pump.fun,6JSXeiH9Hy563fE8TGjTnucQh2t1sCX5EC5UrCzqpump,CLOWNCAT,So11111111111111111111111111111111111111112,SOL,2026-10-03T00:29:34Z,3.0587860217397772e-06,6712.19088,,2706.6401,118.94560837121925,100.0,,0.0,0.0,0.0,0.0,0.0,0.0,0,0,0,0,0,0,0,0,0,0,0,0,0,0,0,0,0,0,0,0,0,0,0,0,0.0,0.0,0.0,0.0,0.0,0.0,snapshot,,,,,,,/home/runner/work/Solana-Memecoin-Analysis/Solana-Memecoin-Analysis/data/cache/2026-10-05/000307483306_multi_pools_908757fdb27c.json,2
2026-10-05T00:02:58.856965+00:00,E9XAtJMijbYrbUcgy8vYYMobioABCWSJar8ApVggWMNg,solana,Pump.fun,C8CiZj2aGhrMTmDSbXQ319DXyd7emk9Q7CdBtjJSpump,PP,So11111111111111111111111111111111111111112,SOL,2026-10-03T00:29:34Z,3.3310793573215843e-06,3331.079357,,2695.5609,119.06320949024261,100.0,,0.0,0.0,0.0,0.0,0.0,0.0,0,0,0,0,0,0,0,0,0,0,0,0,0,0,0,0,0,0,0,0,0,0,0,0,0.0,0.0,0.0,0.0,0.0,0.0,snapshot,,,,,,,/home/runner/work/Solana-Memecoin-Analysis/Solana-Memecoin-Analysis/data/cache/2026-10-05/000307483306_multi_pools_908757fdb27c.json,2
2026-10-05T00:02:58.856965+00:00,3DiQQxvAfHJBmqeFWZ3mqt59dWecrbVAefgnKBBCAaa1,solana,Pump.fun,DSyekFMdAPjkrySFovzQk4ac3U22vgM7EHQmSnbDJPk5,Cooninu,So11111111111111111111111111111111111111112,SOL,2026-10-03T00:39:44Z,3.3284849110584012e-06,3328.484911,,2693.8602,119.04552508865963,,,0.0,0.0,0.0,0.0,0.0,0.0,0,0,0,0,0,0,0,0,0,0,0,0,0,0,0,0,0,0,0,0,0,0,0,0,0.0,0.0,0.0,0.0,0.0,0.0,snapshot,,,,,,,/home/runner/work/Solana-Memecoin-Analysis/Solana-Memecoin-Analysis/data/cache/2026-10-05/000307483306_multi_pools_908757fdb27c.json,2
2026-10-05T00:02:58.856965+00:00,HhcPcTnLkbEDmW1iuha96xqojhBhQkvzov3YWGT5m6ds,solana,Pump.fun,3WW7QFki6DzV486C8wJqWoYJvasvzE3PpT125fywpump,wApe,So11111111111111111111111111111111111111112,SOL,2026-10-03T00:39:38Z,5.267484924705139e-06,10534.96985,,4193.4754,118.97445668766,100.0,,0.0,0.0,0.0,0.0,0.0,0.0,0,0,0,0,0,0,0,0,0,0,0,0,0,0,0,0,0,0,0,0,0,0,0,0,0.0,0.0,0.0,0.0,0.0,0.0,snapshot,,,,,,,/home/runner/work/Solana-Memecoin-Analysis/Solana-Memecoin-Analysis/data/cache/2026-10-05/000307483306_multi_pools_908757fdb27c.json,2
2026-10-05T00:02:58.856965+00:00,5wFyET56FQUUtiNEgBdU1KDmUfLqjAHuLJhXopGJgNsK,solana,Pump.fun,49TfV64YPocFyBrba5yj5uU73wdqTKdGstDMzJHcpump,20BANDOS,So11111111111111111111111111111111111111112,SOL,2026-10-03T00:39:35Z,3.3419708545648065e-06,3341.9708549917,,2705.1216,119.02946369029873,100.0,,0.0,0.0,0.0,0.0,0.0,0.0,0,0,0,0,0,0,0,0,0,0,0,0,0,0,0,0,0,0,0,0,0,0,0,0,0.0,0.0,0.0,0.0,0.0,0.0,snapshot,,,,,,,/home/runner/work/Solana-Memecoin-Analysis/Solana-Memecoin-Analysis/data/cache/2026-10-05/000307483306_multi_pools_908757fdb27c.json,2
2026-10-05T00:02:58.856965+00:00,XjJo6jkDSYo6kmyshYTE6pmWyRJDrauZ1rpZ8HS7KWs,solana,Pump.fun,3J4uUCgMdXsBLKYZRKZHLybBa13Mh5hjR4twTQ8Kpump,$FROINK,So11111111111111111111111111111111111111112,SOL,2026-10-03T00:47:22Z,1.5784245568053658e-06,3156.849114,,1092.2483,118.97292550646473,100.0,,0.0,0.0,0.0,0.0,0.0,0.0,0,0,0,0,0,0,0,0,0,0,0,0,0,0,0,0,0,0,0,0,0,0,0,0,0.0,0.0,0.0,0.0,0.0,0.0,snapshot,,,,,,,/home/runner/work/Solana-Memecoin-Analysis/Solana-Memecoin-Analysis/data/cache/2026-10-05/000307483306_multi_pools_908757fdb27c.json,2
2026-10-05T00:02:58.856965+00:00,6DkFyM2xnQv2Dvwfhe3f3dyZAXZdUgVCruzLBak5nTaQ,solana,Pump.fun,AK97uNPBgbiXk3QaKZ3rCMAz2hmh3XuRE6TniNfMpump,PAY,So11111111111111111111111111111111111111112,SOL,2026-10-03T00:46:58Z,3.0055539993516834e-07,601.1107998,,257.1904,119.01154788908872,100.0,,0.0,0.0,0.0,0.0,0.0,0.0,0,0,0,0,0,0,0,0,0,0,0,0,0,0,0,0,0,0,0,0,0,0,0,0,0.0,0.0,0.0,0.0,0.0,0.0,snapshot,,,,,,,/home/runner/work/Solana-Memecoin-Analysis/Solana-Memecoin-Analysis/data/cache/2026-10-05/000307483306_multi_pools_908757fdb27c.json,2
2026-10-05T00:02:58.856965+00:00,EFmtV443j8d8fN87SH2jrEPJExvTRPJ62FKNc2r1MYUK,solana,Pump.fun,4yRMnJv18AKutPtcDkGxWNUimeSAirmjs5tpj6Fapump,MEMES,So11111111111111111111111111111111111111112,SOL,2026-10-03T00:46:55Z,3.3411684098656486e-06,3341.16841,,2693.9452,119.4952153940936,100.0,,0.0,0.0,0.0,0.0,0.0,0.0,0,0,0,0,0,0,0,0,0,0,0,0,0,0,0,0,0,0,0,0,0,0,0,0,0.0,0.0,0.0,0.0,0.0,0.0,snapshot,,,,,,,/home/runner/work/Solana-Memecoin-Analysis/Solana-Memecoin-Analysis/data/cache/2026-10-05/000307483306_multi_pools_908757fdb27c.json,2
2026-10-05T00:02:58.856965+00:00,FkGjPeP32nfb7fGrokXeobSL1ZoEf6fpmL3cwUPgCaTr,solana,Pump.fun,3TiEEYLKxqBSGttbZkk615439ffRPMxPoAs6jXqwpump,RUIN,So11111111111111111111111111111111111111112,SOL,2026-10-03T00:54:53Z,2.1998951058395323e-06,4454.227684,,1197.3549,118.96543414883537,,,0.0,0.0,0.0,0.0,0.0,0.0,0,0,0,0,0,0,0,0,0,0,0,0,0,0,0,0,0,0,0,0,0,0,0,0,0.0,0.0,0.0,0.0,0.0,0.0,snapshot,,,,,,,/home/runner/work/Solana-Memecoin-Analysis/Solana-Memecoin-Analysis/data/cache/2026-10-05/000307483306_multi_pools_908757fdb27c.json,2
2026-10-05T00:02:58.856965+00:00,3PEe7S22rruz16h4W2t1N2rZndbCc4oUT8FBfmR7ZLTF,solana,Pump.fun,C9Ld8b87jCixKwdMXZspiYtk1xLyca35ucKTcDbLpump,INU,So11111111111111111111111111111111111111112,SOL,2026-10-03T00:54:50Z,3.3466768945907444e-06,3346.676895,,2711.5237,118.9164877190093,100.0,,0.0,0.0,0.0,0.0,0.0,0.0,0,0,0,0,0,0,0,0,0,0,0,0,0,0,0,0,0,0,0,0,0,0,0,0,0.0,0.0,0.0,0.0,0.0,0.0,snapshot,,,,,,,/home/runner/work/Solana-Memecoin-Analysis/Solana-Memecoin-Analysis/data/cache/2026-10-05/000307483306_multi_pools_908757fdb27c.json,2
2026-10-05T00:02:58.856965+00:00,BjQkG9zv9PjEwxJsGXkwVe3nTqxxqPMp8tAWxRm5e4FU,solana,Pump.fun,62URv9FgyLWG8FBT9FqD9orS4cKCc4bPAjaN6S8gpump,FLAMY,So11111111111111111111111111111111111111112,SOL,2026-10-03T00:54:26Z,3.710851302609075e-06,7421.702606,,2999.8258,118.91987574586979,100.0,,0.0,0.0,0.0,0.0,0.0,0.0,0,0,0,0,0,0,0,0,0,0,0,0,0,0,0,0,0,0,0,0,0,0,0,0,0.0,0.0,0.0,0.0,0.0,0.0,snapshot,,,,,,,/home/runner/work/Solana-Memecoin-Analysis/Solana-Memecoin-Analysis/data/cache/2026-10-05/000307483306_multi_pools_908757fdb27c.json,2
2026-10-05T00:02:58.856965+00:00,2CJXUfrNHtw9GhqkHM86uhLPYqiNtpJBAFqGtoXMJ42c,solana,Pump.fun,5TNNPZbLYnKeEn1X2yfe8jRQnX6TCSiZRdyZDki3pump,ABUHAM,So11111111111111111111111111111111111111112,SOL,2026-10-03T00:53:58Z,3.3347492690250446e-06,3334.749269,,2694.2368,119.25280904720815,100.0,,0.0,0.0,0.0,0.0,0.0,0.0,0,0,0,0,0,0,0,0,0,0,0,0,0,0,0,0,0,0,0,0,0,0,0,0,0.0,0.0,0.0,0.0,0.0,0.0,snapshot,,,,,,,/home/runner/work/Solana-Memecoin-Analysis/Solana-Memecoin-Analysis/data/cache/2026-10-05/000307483306_multi_pools_908757fdb27c.json,2
2026-10-05T00:02:58.856965+00:00,2C8w3v3vJDG9exg3rrYu8qd9XUDGSqRhwadqSGskGWk6,solana,Pump.fun,31pQb8P17MzVFTvX2BhJd7hZwuRhAbZW51q7yjm6pump,USMS,So11111111111111111111111111111111111111112,SOL,2026-10-03T01:02:39Z,4.392367819276572e-06,8784.735638,,3484.8807,118.81403728787566,100.0,,0.0,0.0,0.0,0.0,0.0,0.0,0,0,0,0,0,0,0,0,0,0,0,0,0,0,0,0,0,0,0,0,0,0,0,0,0.0,0.0,0.0,0.0,0.0,0.0,snapshot,,,,,,,/home/runner/work/Solana-Memecoin-Analysis/Solana-Memecoin-Analysis/data/cache/2026-10-05/000314784805_multi_pools_030172191caa.json,2
2026-10-05T00:02:58.856965+00:00,BLvytNVhVkBG9JjVNkLnDufb9yY4AG3kudkpNFMaRcpf,solana,Meteora DAMM V2,ARS8XQ8ZdVzjEpUNN7hbV7Dv2ZFFuD7a7qLpmPxV7uFP,ROOT,So11111111111111111111111111111111111111112,SOL,2026-10-03T01:02:30Z,3.435652916795906e-10,0.3435652917,,0.4859,119.18545090313327,0.0,,0.0,0.0,0.0,0.0,0.0,0.0,0,0,0,0,0,0,0,0,0,0,0,0,0,0,0,0,0,0,0,0,0,0,0,0,0.0,0.0,0.0,0.0,0.0,0.0,snapshot,,,,,,,/home/runner/work/Solana-Memecoin-Analysis/Solana-Memecoin-Analysis/data/cache/2026-10-05/000314784805_multi_pools_030172191caa.json,2
2026-10-05T00:02:58.856965+00:00,HKcgZUDnJeM9NkBJrEe9E5Qb5eTU9k2Bs7oEsousAZwM,solana,Pump.fun,6iSP9m5pR5MwLS8UFHRL6FgKLqqVV1QFGwKTPFqGpump,FOMOCAT,So11111111111111111111111111111111111111112,SOL,2026-10-03T01:14:03Z,1.5259505300812877e-07,303.249031,,123.0374,119.28712542735107,100.0,,0.0,0.0,0.0,0.0,0.0,0.0,0,0,0,0,0,0,0,0,0,0,0,0,0,0,0,0,0,0,0,0,0,0,0,0,0.0,0.0,0.0,0.0,0.0,0.0,snapshot,,,,,,,/home/runner/work/Solana-Memecoin-Analysis/Solana-Memecoin-Analysis/data/cache/2026-10-05/000314784805_multi_pools_030172191caa.json,2
2026-10-05T00:02:58.856965+00:00,3Kh8bDTPrFkfmzTPRxscE1eiEc7nrH9PDEVydhZE5PQM,solana,Pump.fun,8LGhJBJssCKjLV1ZDjX3tJXJWiq2gYqmCewi8P4Mpump,FOMOSEASON,So11111111111111111111111111111111111111112,SOL,2026-10-03T01:13:50Z,3.340333161845737e-06,3340.333162,,2697.942,119.28872526919434,100.0,,0.0,0.0,0.0,0.0,0.0,0.0,0,0,0,0,0,0,0,0,0,0,0,0,0,0,0,0,0,0,0,0,0,0,0,0,0.0,0.0,0.0,0.0,0.0,0.0,snapshot,,,,,,,/home/runner/work/Solana-Memecoin-Analysis/Solana-Memecoin-Analysis/data/cache/2026-10-05/000314784805_multi_pools_030172191caa.json,2
2026-10-05T00:02:58.856965+00:00,ZfWDAs9662Tx6RR3crCXfXaDrEfV9ukN9nCCcXm8Mag,solana,Pump.fun,BSWyxd7KwPHnC31gb37yqthphqPvjPQTYzN9jNS5pump,TYDAL,So11111111111111111111111111111111111111112,SOL,2026-10-03T01:13:50Z,3.411122977380089e-06,3411.122977,,2758.4524,119.14429893531623,,,0.0,0.0,0.0,0.0,0.0,0.0,0,0,0,0,0,0,0,0,0,0,0,0,0,0,0,0,0,0,0,0,0,0,0,0,0.0,0.0,0.0,0.0,0.0,0.0,snapshot,,,,,,,/home/runner/work/Solana-Memecoin-Analysis/Solana-Memecoin-Analysis/data/cache/2026-10-05/000314784805_multi_pools_030172191caa.json,2
2026-10-05T00:02:58.856965+00:00,5nT18gJH19WerAa7HQ3keN7xiX1YTUih6DcDYC62xvs1,solana,Pump.fun,GJUVKaoLCDc3UBitMCvPkc5KCGBr2ZyYPhFp8fyUpump,READ,So11111111111111111111111111111111111111112,SOL,2026-10-03T01:13:44Z,3.3318073256560895e-06,3331.807326,,2693.8723,119.16371893286825,100.0,,0.0,0.0,0.0,0.0,0.0,0.0,0,0,0,0,0,0,0,0,0,0,0,0,0,0,0,0,0,0,0,0,0,0,0,0,0.0,0.0,0.0,0.0,0.0,0.0,snapshot,,,,,,,/home/runner/work/Solana-Memecoin-Analysis/Solana-Memecoin-Analysis/data/cache/2026-10-05/000314784805_multi_pools_030172191caa.json,2
2026-10-05T00:02:58.856965+00:00,2iqRR4J2tqYcA1GqwYpDsdRp4d3DYTmkfjDTZ64xeR2g,solana,Pump.fun,GTiduacWdukoow4GaZie8K66hgTcZeg1c8YFequaLife,LIFETIME,So11111111111111111111111111111111111111112,SOL,2026-10-03T01:13:42Z,3.367256952385881e-06,3367.256952,,2708.7053,119.7709222948353,100.0,,0.0,0.0,0.0,0.0,0.0,0.0,0,0,0,0,0,0,0,0,0,0,0,0,0,0,0,0,0,0,0,0,0,0,0,0,0.0,0.0,0.0,0.0,0.0,0.0,snapshot,,,,,,,/home/runner/work/Solana-Memecoin-Analysis/Solana-Memecoin-Analysis/data/cache/2026-10-05/000314784805_multi_pools_030172191caa.json,2
2026-10-05T00:02:58.856965+00:00,FwF17kpAgucHE7QSTM7P9TNPSem9f1xVgnibTd4mEswx,solana,Pump.fun,DefAHdRHp53bVbiPF3d1yYfxGLjeFN9DPetebnwKpump,MEDU,So11111111111111111111111111111111111111112,SOL,2026-10-03T01:13:42Z,3.347123274352427e-06,3347.1164764841,,2701.6351,119.36761613247218,,,0.0,0.0,0.0,0.0,0.0,0.0,0,0,0,0,0,0,0,0,0,0,0,0,0,0,0,0,0,0,0,0,0,0,0,0,0.0,0.0,0.0,0.0,0.0,0.0,snapshot,,,,,,,/home/runner/work/Solana-Memecoin-Analysis/Solana-Memecoin-Analysis/data/cache/2026-10-05/000314784805_multi_pools_030172191caa.json,2
2026-10-05T00:02:58.856965+00:00,6XdpU9sQnMYo7m3XD9JPKrMEiVG26oWNy3gtUvkirLrB,solana,Pump.fun,8o97G86r1V5o53iCZBY1VF14He3zmqiiJKa92XtEpump,DERP,So11111111111111111111111111111111111111112,SOL,2026-10-03T01:13:34Z,1.0670734190641681e-07,214.9236504,,96.8701,119.14429893531623,100.0,,0.0,0.0,0.0,0.0,0.0,0.0,0,0,0,0,0,0,0,0,0,0,0,0,0,0,0,0,0,0,0,0,0,0,0,0,0.0,0.0,0.0,0.0,0.0,0.0,snapshot,,,,,,,/home/runner/work/Solana-Memecoin-Analysis/Solana-Memecoin-Analysis/data/cache/2026-10-05/000314784805_multi_pools_030172191caa.json,2
2026-10-05T00:02:58.856965+00:00,6ke9r3owfFeYks2kyQNWwr6PoBDCpFPsZduvCa1LNGpF,solana,Meteora DBC,ExzjY2ySHnC3vxw1utzeNmaJE1U6RqsAfE8416mztbgt,ANT,So11111111111111111111111111111111111111112,SOL,2026-10-03T01:13:22Z,5.9343166528483614e-05,59343.16653,,0.0,119.07026493098303,,,0.0,0.0,0.0,0.0,0.0,0.0,0,0,0,0,0,0,0,0,0,0,0,0,0,0,0,0,0,0,0,0,0,0,0,0,0.0,0.0,0.0,0.0,0.0,0.0,snapshot,,,,,,,/home/runner/work/Solana-Memecoin-Analysis/Solana-Memecoin-Analysis/data/cache/2026-10-05/000314784805_multi_pools_030172191caa.json,2
2026-10-05T00:02:58.856965+00:00,GgLG6Q8MLCD1F68KC7Txag8eaUNTPK6xEMnxgJC3xP4S,solana,PumpSwap,AD3FTZq9kLqzwoXyXuNVWrvAzKxrRPziPYAKohz7pump,SH,So11111111111111111111111111111111111111112,SOL,2026-10-03T01:22:49Z,2.5298545602865064e-06,2469.7714164285,,2811.5497,121.65611843078557,100.0,,0.0,0.0,0.0,0.0,5.0082727326,8.1498480754,0,0,0,0,0,0,0,0,0,0,0,0,0,0,0,0,1,2,1,2,1,6,1,6,0.0,0.0,0.0,0.0,0.366,1.143,snapshot,,,,,,,/home/runner/work/Solana-Memecoin-Analysis/Solana-Memecoin-Analysis/data/cache/2026-10-05/000314784805_multi_pools_030172191caa.json,2
2026-10-05T00:02:58.856965+00:00,Cu77eCNqJrhbRCmWTNdUTLX5CjhAvFofyNnum5B3Z7E6,solana,Pump.fun,51cmZGSdMbHHQV7FzPpg2sbanubGDWoxUhqZeARCpump,STEPS,So11111111111111111111111111111111111111112,SOL,2026-10-03T01:22:49Z,3.333678355904734e-06,3333.678356,,2694.5891,119.19915621205442,100.0,,0.0,0.0,0.0,0.0,0.0,0.0,0,0,0,0,0,0,0,0,0,0,0,0,0,0,0,0,0,0,0,0,0,0,0,0,0.0,0.0,0.0,0.0,0.0,0.0,snapshot,,,,,,,/home/runner/work/Solana-Memecoin-Analysis/Solana-Memecoin-Analysis/data/cache/2026-10-05/000314784805_multi_pools_030172191caa.json,2
2026-10-05T00:02:58.856965+00:00,RH27BjE7MtRFMQa57ARrFHKozqB5apf89L4yES5WieC,solana,Pump.fun,AD3FTZq9kLqzwoXyXuNVWrvAzKxrRPziPYAKohz7pump,SH,So11111111111111111111111111111111111111112,SOL,2026-10-03T01:22:48Z,4.5379237897172495e-05,46672.8558181789,,0.0,119.09218140418754,,,0.0,0.0,0.0,0.0,0.0,0.0,0,0,0,0,0,0,0,0,0,0,0,0,0,0,0,0,0,0,0,0,0,0,0,0,0.0,0.0,0.0,0.0,0.0,0.0,snapshot,,,,,,,/home/runner/work/Solana-Memecoin-Analysis/Solana-Memecoin-Analysis/data/cache/2026-10-05/000314784805_multi_pools_030172191caa.json,2
2026-10-05T00:02:58.856965+00:00,AW1cbUnu2VpZDstpFRbvybE4ib1EMUVv4dRdj7ogWPFv,solana,Pump.fun,DGtRecdUCXgwzFP8AGKPYkLu8gGrdkxZshYa8Uc2pump,dumpfuck,So11111111111111111111111111111111111111112,SOL,2026-10-03T01:22:48Z,4.52185703526311e-06,9043.71407,,3653.6319,119.09139319367283,,,0.0,0.0,0.0,0.0,0.0,0.0,0,0,0,0,0,0,0,0,0,0,0,0,0,0,0,0,0,0,0,0,0,0,0,0,0.0,0.0,0.0,0.0,0.0,0.0,snapshot,,,,,,,/home/runner/work/Solana-Memecoin-Analysis/Solana-Memecoin-Analysis/data/cache/2026-10-05/000314784805_multi_pools_030172191caa.json,2
2026-10-05T00:02:58.856965+00:00,CL1CFGjDazTKvv4iffxvYdx8e38YLgCLQYUiXmYs5Cf1,solana,Pump.fun,47o2FCWRvXpuWdGRj6u7WgSHr8F5BiaTkeGmPfUypump,INUX,So11111111111111111111111111111111111111112,SOL,2026-10-03T01:30:01Z,5.030149309246579e-06,10060.298618,,4085.8542,119.29184454260108,100.0,,0.0,0.0,0.0,0.0,0.0,0.0,0,0,0,0,0,0,0,0,0,0,0,0,0,0,0,0,0,0,0,0,0,0,0,0,0.0,0.0,0.0,0.0,0.0,0.0,snapshot,,,,,,,/home/runner/work/Solana-Memecoin-Analysis/Solana-Memecoin-Analysis/data/cache/2026-10-05/000314784805_multi_pools_030172191caa.json,2
2026-10-05T00:02:58.856965+00:00,F5VkzaRRexAga5LvKtAR49nZ6JbjJfT9n7JkDBfT9nFC,solana,Pump.fun,EqHshvYLYLf8eaimazuN81RmzMJpW2tVvCuZM6kHpump,XAVIER,So11111111111111111111111111111111111111112,SOL,2026-10-03T01:30:01Z,3.463058453809118e-06,3463.058454,,2797.2296,119.28139581811946,100.0,,0.0,0.0,0.0,0.0,0.0,0.0,0,0,0,0,0,0,0,0,0,0,0,0,0,0,0,0,0,0,0,0,0,0,0,0,0.0,0.0,0.0,0.0,0.0,0.0,snapshot,,,,,,,/home/runner/work/Solana-Memecoin-Analysis/Solana-Memecoin-Analysis/data/cache/2026-10-05/000314784805_multi_pools_030172191caa.json,2
2026-10-05T00:02:58.856965+00:00,9Fqk8n5618eJY3RPMKqhfQh97n9j2FW915XfaawncciS,solana,Meteora DBC,FtQQZP6AoprBPwuN3cAmBoEhMTkK5Ct3MngN9fWD6GYs,POLARS,So11111111111111111111111111111111111111112,SOL,2026-10-03T01:30:01Z,5.824140078965027e-05,58239.4997768137,,0.0,119.32842963430042,,,0.0,0.0,0.0,0.0,0.0,0.0,0,0,0,0,0,0,0,0,0,0,0,0,0,0,0,0,0,0,0,0,0,0,0,0,0.0,0.0,0.0,0.0,0.0,0.0,snapshot,,,,,,,/home/runner/work/Solana-Memecoin-Analysis/Solana-Memecoin-Analysis/data/cache/2026-10-05/000314784805_multi_pools_030172191caa.json,2
2026-10-05T00:02:58.856965+00:00,8tTJp5S9L4ScJtmo259s7sCxiEeNg48DNfGWd6geyqZ6,solana,Meteora DBC,DT8kESdDbd1PDawms9ZkYYqsKrbjrAWj7rCnGRJ4ogan,HB,So11111111111111111111111111111111111111112,SOL,2026-10-03T01:29:50Z,1.8841431602815831e-06,1884.14316,,1924.585,119.65925285395656,100.0,,0.0,0.0,0.0,0.0,0.0,14.0470659344,0,0,0,0,0,0,0,0,0,0,0,0,0,0,0,0,0,0,0,0,0,1,0,1,0.0,0.0,0.0,0.0,0.0,0.0,snapshot,,,,,,,/home/runner/work/Solana-Memecoin-Analysis/Solana-Memecoin-Analysis/data/cache/2026-10-05/000314784805_multi_pools_030172191caa.json,2
2026-10-05T00:02:58.856965+00:00,C1wHPQTfgYK3fZeL78Mpgp1cXNKj8gEFC8W1aSTSLFJC,solana,Pump.fun,KD4B1nBGDrrpGePxSPbPAPJ2GinH4iTmwPagicGpump,youlaile,So11111111111111111111111111111111111111112,SOL,2026-10-03T01:29:49Z,3.1748562699800387e-06,3174.85627,,2566.5709,119.18219946128866,100.0,,0.0,0.0,0.0,0.0,0.0,0.0,0,0,0,0,0,0,0,0,0,0,0,0,0,0,0,0,0,0,0,0,0,0,0,0,0.0,0.0,0.0,0.0,0.0,0.0,snapshot,,,,,,,/home/runner/work/Solana-Memecoin-Analysis/Solana-Memecoin-Analysis/data/cache/2026-10-05/000314784805_multi_pools_030172191caa.json,2
2026-10-05T00:02:58.856965+00:00,CtT4Byn226q1xp5TQZJk5QqoC1smg9ngzLvweWVXpebm,solana,Meteora DAMM V2,HFvXmrJgYuR5qYxJiLypQmbnSDFH3KWABvwZ55hdc2ZN,AMD,So11111111111111111111111111111111111111112,SOL,2026-10-03T01:39:09Z,7.843306508860333e-10,0.5941987667,,0.984,119.17849944147956,,,0.0,0.0,0.0,0.0,0.0,0.0,0,0,0,0,0,0,0,0,0,0,0,0,0,0,0,0,0,0,0,0,0,0,0,0,0.0,0.0,0.0,0.0,0.0,0.0,snapshot,,,,,,,/home/runner/work/Solana-Memecoin-Analysis/Solana-Memecoin-Analysis/data/cache/2026-10-05/000314784805_multi_pools_030172191caa.json,2
2026-10-05T00:02:58.856965+00:00,6DQ2UEDvcuiQBTnp1nD2ACSghWG2p4hPnDFCYbMfjgMG,solana,Meteora DBC,EgLtVFDmAtUh4kR2uAqigMQSyE4CHVqNXtbKs155pump,HOLD,So11111111111111111111111111111111111111112,SOL,2026-10-03T01:39:05Z,5.4191454078315854e-12,0.005419145408,,0.0,119.22118163152433,,,0.0,0.0,0.0,0.0,0.0,0.0,0,0,0,0,0,0,0,0,0,0,0,0,0,0,0,0,0,0,0,0,0,0,0,0,0.0,0.0,0.0,0.0,0.0,0.0,snapshot,,,,,,,/home/runner/work/Solana-Memecoin-Analysis/Solana-Memecoin-Analysis/data/cache/2026-10-05/000314784805_multi_pools_030172191caa.json,2
2026-10-05T00:02:58.856965+00:00,Akc2kLWDxdC231YuHNdnDhGVCq6rTykK8vhkgUwK1Dj9,solana,Pump.fun,4X9RSRQTTARfg2HAqJkSW8T3E8DCcMwTnPn9bs14pump,RJN,So11111111111111111111111111111111111111112,SOL,2026-10-03T01:38:55Z,3.4436080149525673e-06,3443.608015,,2782.4694,119.2407584526455,100.0,,0.0,0.0,0.0,0.0,0.0,0.0,0,0,0,0,0,0,0,0,0,0,0,0,0,0,0,0,0,0,0,0,0,0,0,0,0.0,0.0,0.0,0.0,0.0,0.0,snapshot,,,,,,,/home/runner/work/Solana-Memecoin-Analysis/Solana-Memecoin-Analysis/data/cache/2026-10-05/000314784805_multi_pools_030172191caa.json,2
2026-10-05T00:02:58.856965+00:00,BrEiyYGXn3f8aFfZsinKNgGNqMxrdeYR1YJaCH1DRARW,solana,Pump.fun,ANefubNGuw5hLdzh349G8MwpjH95dHB6MHYC5bJepump,weirds,So11111111111111111111111111111111111111112,SOL,2026-10-03T01:48:13Z,3.330308531482584e-06,3330.308531,,2695.3909,119.0432317549885,,,0.0,0.0,0.0,0.0,0.0,0.0,0,0,0,0,0,0,0,0,0,0,0,0,0,0,0,0,0,0,0,0,0,0,0,0,0.0,0.0,0.0,0.0,0.0,0.0,snapshot,,,,,,,/home/runner/work/Solana-Memecoin-Analysis/Solana-Memecoin-Analysis/data/cache/2026-10-05/000314784805_multi_pools_030172191caa.json,2
2026-10-05T00:02:58.856965+00:00,B6jEZMqJF6ZAN7p7hohb9GsTbQFuyPh981XH4tj2w2Bc,solana,Pump.fun,FX71H3azZxWrSQAtULgtTWZmZ2DYspxUCSF2fej5xCwn,Run,So11111111111111111111111111111111111111112,SOL,2026-10-03T01:48:12Z,3.4096680057363474e-06,3409.668006,,2697.0194,121.81531812419497,100.0,,0.0,0.0,0.0,3.4096680075,11.8781721108,12.0556589003,0,0,0,0,0,0,0,0,0,0,0,0,0,1,0,1,0,3,0,1,0,4,0,2,0.0,0.0,0.0,0.0,-0.575,0.947,snapshot,,,,,,,/home/runner/work/Solana-Memecoin-Analysis/Solana-Memecoin-Analysis/data/cache/2026-10-05/000314784805_multi_pools_030172191caa.json,2
2026-10-05T00:02:58.856965+00:00,BTwnCPHfQyegsmNW1Mixn5Z9Jc9k5oHx147iMtGYJATg,solana,Pump.fun,FP4hEkBEGC7nDaiQPfmubqvmfEwAPRA5QRkXdcUJpump,BENDER,So11111111111111111111111111111111111111112,SOL,2026-10-03T01:48:09Z,3.7863306910584475e-06,7572.661382,,3025.5436,119.26598453238024,100.0,,0.0,0.0,0.0,0.0,0.0,0.0,0,0,0,0,0,0,0,0,0,0,0,0,0,0,0,0,0,0,0,0,0,0,0,0,0.0,0.0,0.0,0.0,0.0,0.0,snapshot,,,,,,,/home/runner/work/Solana-Memecoin-Analysis/Solana-Memecoin-Analysis/data/cache/2026-10-05/000314784805_multi_pools_030172191caa.json,2
2026-10-05T00:02:58.856965+00:00,6X55T2tFZJQhqGMZbpUWuzUbKxykcbdmAPTTVTHhjqc6,solana,Pump.fun,HZqWghNrK9FUNkExwftqwBoqZ7av9R54eyJ2jixdpump,wif/acc,So11111111111111111111111111111111111111112,SOL,2026-10-03T01:57:07Z,4.7427521590757095e-05,43717.4415385645,,0.0,119.08996879276957,,,0.0,0.0,0.0,0.0,0.0,0.0,0,0,0,0,0,0,0,0,0,0,0,0,0,0,0,0,0,0,0,0,0,0,0,0,0.0,0.0,0.0,0.0,0.0,0.0,snapshot,,,,,,,/home/runner/work/Solana-Memecoin-Analysis/Solana-Memecoin-Analysis/data/cache/2026-10-05/000314784805_multi_pools_030172191caa.json,2
2026-10-05T00:02:58.856965+00:00,FVg9iaBTmaFUET1QAU77eK9tWvpLoXTYrHx8u9vhDB7h,solana,Pump.fun,HwBDotnKQSz3PpTNCKV1J2bwNjbQ7jrDz4Gvq1jApump,please,So11111111111111111111111111111111111111112,SOL,2026-10-03T01:56:46Z,2.241293753888008e-06,4482.587508,,1806.4434,119.03488142549446,100.0,,0.0,0.0,0.0,0.0,0.0,0.0,0,0,0,0,0,0,0,0,0,0,0,0,0,0,0,0,0,0,0,0,0,0,0,0,0.0,0.0,0.0,0.0,0.0,0.0,snapshot,,,,,,,/home/runner/work/Solana-Memecoin-Analysis/Solana-Memecoin-Analysis/data/cache/2026-10-05/000314784805_multi_pools_030172191caa.json,2
2026-10-05T00:02:58.856965+00:00,6UW6TWCJST6vfnMDsXPqDfjUrvaFzZzqejQ53CwZj7V3,solana,Pump.fun,C5wDXLDnnxsMoafhdrsTAJprafT9s3xNbtijNdhvpump,TUGO,So11111111111111111111111111111111111111112,SOL,2026-10-03T01:56:44Z,3.345895272108759e-06,3345.895272,,2790.2929,119.00548199373544,100.0,,0.0,0.0,0.0,0.0,0.0,0.0,0,0,0,0,0,0,0,0,0,0,0,0,0,0,0,0,0,0,0,0,0,0,0,0,0.0,0.0,0.0,0.0,0.0,0.0,snapshot,,,,,,,/home/runner/work/Solana-Memecoin-Analysis/Solana-Memecoin-Analysis/data/cache/2026-10-05/000314784805_multi_pools_030172191caa.json,2
2026-10-05T00:02:58.856965+00:00,57ydB7fmizCoqhuTzwePR7fKoacvYyorb9JvFiF3oJyR,solana,Pump.fun,EEn2EmaT26L4uLN9ynACqqk5D9pcCkJyAeqJw1fqpump,FOMOCAT,So11111111111111111111111111111111111111112,SOL,2026-10-03T01:56:38Z,2.2063163995467113e-08,44.126328,,15.489,119.3126228768296,100.0,,0.0,0.0,0.0,0.0,0.0,0.0,0,0,0,0,0,0,0,0,0,0,0,0,0,0,0,0,0,0,0,0,0,0,0,0,0.0,0.0,0.0,0.0,0.0,0.0,snapshot,,,,,,,/home/runner/work/Solana-Memecoin-Analysis/Solana-Memecoin-Analysis/data/cache/2026-10-05/000314784805_multi_pools_030172191caa.json,2
2026-10-05T00:02:58.856965+00:00,9pe99f7VWXEDQxDV8Asas3Rj6sYhxMBL8NknR7DRVr2a,solana,Pump.fun,oJcYoN7py3HA4aRRrKuwdQBTzTGtsB1bAUJW5qdpump,AT,So11111111111111111111111111111111111111112,SOL,2026-10-03T02:04:55Z,3.3404684469141113e-06,3340.468447,,2694.3218,119.45349400154983,100.0,,0.0,0.0,0.0,0.0,0.0,0.0,0,0,0,0,0,0,0,0,0,0,0,0,0,0,0,0,0,0,0,0,0,0,0,0,0.0,0.0,0.0,0.0,0.0,0.0,snapshot,,,,,,,/home/runner/work/Solana-Memecoin-Analysis/Solana-Memecoin-Analysis/data/cache/2026-10-05/000314784805_multi_pools_030172191caa.json,2
2026-10-05T00:02:58.856965+00:00,Ah7qjHQBLGfZhf724MQRRG5k75cD2ytLW2MaMZkbW6FM,solana,Pump.fun,7VAgqS7tQaW8pSWZDkcpXtExYEhuQsaZByCGevWupump,HOLD,So11111111111111111111111111111111111111112,SOL,2026-10-03T02:04:48Z,3.3609253834656125e-06,3360.925383,,2719.8331,119.05768447121822,100.0,,0.0,0.0,0.0,0.0,0.0,0.0,0,0,0,0,0,0,0,0,0,0,0,0,0,0,0,0,0,0,0,0,0,0,0,0,0.0,0.0,0.0,0.0,0.0,0.0,snapshot,,,,,,,/home/runner/work/Solana-Memecoin-Analysis/Solana-Memecoin-Analysis/data/cache/2026-10-05/000321882189_multi_pools_9da65a356df5.json,2
2026-10-05T00:02:58.856965+00:00,AoXM8aYpT1rq5bWPuyczUx4yUNRPUKffHLT6Xp6yMvHf,solana,PumpSwap,9V7cWHs3FfH1xpt11FzyESJST3Q57r5vm5GPfYybonk,1STLIVE,So11111111111111111111111111111111111111112,SOL,2026-10-03T02:04:42Z,0.004851919653970035,3785995.94666334,,5.999043942e-07,119.1060073431426,100.0,,0.0,0.0,0.0,0.0,0.0,0.0,0,0,0,0,0,0,0,0,0,0,0,0,0,0,0,0,0,0,0,0,0,0,0,0,0.0,0.0,0.0,0.0,0.0,0.0,snapshot,,,,,,,/home/runner/work/Solana-Memecoin-Analysis/Solana-Memecoin-Analysis/data/cache/2026-10-05/000321882189_multi_pools_9da65a356df5.json,2
2026-10-05T00:02:58.856965+00:00,2ZL97cKfRY45fDN2hGEf7mH31FcknNZunmBS4rbAP2PQ,solana,Pump.fun,5bbhPaTV46VQLEWaGrCGiQwzc5i1Ga7MJjNEGQejpump,RESTLESS,So11111111111111111111111111111111111111112,SOL,2026-10-03T02:04:40Z,3.327619681579611e-06,3327.619682,,2695.3423,118.94929308455079,100.0,,0.0,0.0,0.0,0.0,0.0,0.0,0,0,0,0,0,0,0,0,0,0,0,0,0,0,0,0,0,0,0,0,0,0,0,0,0.0,0.0,0.0,0.0,0.0,0.0,snapshot,,,,,,,/home/runner/work/Solana-Memecoin-Analysis/Solana-Memecoin-Analysis/data/cache/2026-10-05/000321882189_multi_pools_9da65a356df5.json,2
2026-10-05T00:02:58.856965+00:00,FBZJJ6qhqtYA73QG6EFKT8irZRXJtsdomhrjsX4Gwbr3,solana,Meteora DBC,9V7cWHs3FfH1xpt11FzyESJST3Q57r5vm5GPfYybonk,1STLIVE,So11111111111111111111111111111111111111112,SOL,2026-10-03T02:04:39Z,5.410891420391725e-12,0.004222166574,,0.0,119.0395939342594,,,0.0,0.0,0.0,0.0,0.0,0.0,0,0,0,0,0,0,0,0,0,0,0,0,0,0,0,0,0,0,0,0,0,0,0,0,0.0,0.0,0.0,0.0,0.0,0.0,snapshot,,,,,,,/home/runner/work/Solana-Memecoin-Analysis/Solana-Memecoin-Analysis/data/cache/2026-10-05/000321882189_multi_pools_9da65a356df5.json,2
2026-10-05T00:02:58.856965+00:00,AvFzmmMaWggAJMW1fMoTdkqCpFn4YK3W4V3uuwzcudVs,solana,Pump.fun,2Mr2hxXGtqKrraQXizM9BnNChVwnEgfANCXLxkGspump,DOOROC,So11111111111111111111111111111111111111112,SOL,2026-10-03T02:04:38Z,4.264595854928841e-07,852.919171,,308.6746,119.22102314574772,100.0,,0.0,0.0,0.0,0.0,0.0,0.0,0,0,0,0,0,0,0,0,0,0,0,0,0,0,0,0,0,0,0,0,0,0,0,0,0.0,0.0,0.0,0.0,0.0,0.0,snapshot,,,,,,,/home/runner/work/Solana-Memecoin-Analysis/Solana-Memecoin-Analysis/data/cache/2026-10-05/000321882189_multi_pools_9da65a356df5.json,2
2026-10-05T00:02:58.856965+00:00,39yfGiX4vCGX1aCm9zpc3XRokGC9xcnqr7vPQYJftCnw,solana,Pump.fun,5HgAkbfbhBJRqHbLwEsyfBnwR6hPsrhzzXU4v55wpump,PRNT,So11111111111111111111111111111111111111112,SOL,2026-10-03T02:04:36Z,3.330954039416377e-06,3330.954039,,2694.4433,119.10787854695671,100.0,,0.0,0.0,0.0,0.0,0.0,0.0,0,0,0,0,0,0,0,0,0,0,0,0,0,0,0,0,0,0,0,0,0,0,0,0,0.0,0.0,0.0,0.0,0.0,0.0,snapshot,,,,,,,/home/runner/work/Solana-Memecoin-Analysis/Solana-Memecoin-Analysis/data/cache/2026-10-05/000321882189_multi_pools_9da65a356df5.json,2
2026-10-05T00:02:58.856965+00:00,2wSoiedxVvs3Mh16tv3R2eC6CxXTNY1pmyMt6Jfnozd7,solana,Pump.fun,2KQ1yQgPA26hWCa3v9FeefmAgpqUByVPBGtTmZKmpump,nidua,So11111111111111111111111111111111111111112,SOL,2026-10-03T02:04:34Z,3.2050022355384673e-06,3205.001990852,,2592.4224,119.11422858401068,100.0,,0.0,0.0,0.0,0.0,0.0,0.0,0,0,0,0,0,0,0,0,0,0,0,0,0,0,0,0,0,0,0,0,0,0,0,0,0.0,0.0,0.0,0.0,0.0,0.0,snapshot,,,,,,,/home/runner/work/Solana-Memecoin-Analysis/Solana-Memecoin-Analysis/data/cache/2026-10-05/000321882189_multi_pools_9da65a356df5.json,2
2026-10-05T00:02:58.856965+00:00,GXYTXBPSADLbTgSFCkKepkw161n3ZNhswTzNWJYaAaNy,solana,Pump.fun,58GZkWLpB5FmN5Lf257vs9G4iQYEMAuN3QWwDP5Upump,SPOOD,So11111111111111111111111111111111111111112,SOL,2026-10-03T02:13:23Z,3.404562623058589e-06,3404.562623,,2748.4787,119.34644851667959,100.0,,0.0,0.0,0.0,0.0,0.0,0.0,0,0,0,0,0,0,0,0,0,0,0,0,0,0,0,0,0,0,0,0,0,0,0,0,0.0,0.0,0.0,0.0,0.0,0.0,snapshot,,,,,,,/home/runner/work/Solana-Memecoin-Analysis/Solana-Memecoin-Analysis/data/cache/2026-10-05/000321882189_multi_pools_9da65a356df5.json,2
2026-10-05T00:02:58.856965+00:00,Cj6dZvSMeuVgsKXBBL7WH6Uin92T1SmqsBq5df8Wj5xi,solana,PumpSwap,Gfu1GBNN6JVuEvwTnBBEfVPuzWkDUs2WRPvZDAYALnUi,HOLD,So11111111111111111111111111111111111111112,SOL,2026-10-03T02:13:22Z,2.364891641209744e-06,2273.5567236637,,2425.9429,120.21740624698793,100.0,,0.0,0.0,0.0,0.0,0.0,8.3251355676,0,0,0,0,0,0,0,0,0,0,0,0,0,0,0,0,0,0,0,0,0,1,0,1,0.0,0.0,0.0,0.0,0.0,0.0,snapshot,,,,,,,/home/runner/work/Solana-Memecoin-Analysis/Solana-Memecoin-Analysis/data/cache/2026-10-05/000321882189_multi_pools_9da65a356df5.json,2
2026-10-05T00:02:58.856965+00:00,ALTnARHhchYbSNL5mTTBWZJHr1pq2kLyvAfaiagEuj8n,solana,Pump.fun,FV1yYnyR7e4xhNHnWfG1e8u2WYr7dwYsKv1tdZWSpump,SAVPIR,So11111111111111111111111111111111111111112,SOL,2026-10-03T02:13:11Z,2.3606954403710897e-07,472.139088,,157.2711,119.13410541371715,100.0,,0.0,0.0,0.0,0.0,0.0,0.0,0,0,0,0,0,0,0,0,0,0,0,0,0,0,0,0,0,0,0,0,0,0,0,0,0.0,0.0,0.0,0.0,0.0,0.0,snapshot,,,,,,,/home/runner/work/Solana-Memecoin-Analysis/Solana-Memecoin-Analysis/data/cache/2026-10-05/000321882189_multi_pools_9da65a356df5.json,2
2026-10-05T00:02:58.856965+00:00,DX67ZN7RpgGgistk8F5JiLPH8Zbgymf8sNaGoazyX5Wp,solana,Pump.fun,BNvJ6bGGdcdMdkf6JJUDxtDby7uNfTjdqtyLTDK9pump,PEKA,So11111111111111111111111111111111111111112,SOL,2026-10-03T02:12:51Z,8.610199505661907e-09,17.220399012,,0.0,119.14700493448635,,,0.0,0.0,0.0,0.0,0.0,0.0,0,0,0,0,0,0,0,0,0,0,0,0,0,0,0,0,0,0,0,0,0,0,0,0,0.0,0.0,0.0,0.0,0.0,0.0,snapshot,,,,,,,/home/runner/work/Solana-Memecoin-Analysis/Solana-Memecoin-Analysis/data/cache/2026-10-05/000321882189_multi_pools_9da65a356df5.json,2
2026-10-05T00:02:58.856965+00:00,5BJFKpPB7AHLaNbHPVqyyGhnmUEWQSU8NBKziZwnq6o2,solana,PumpSwap,Hb6ZkABXAWJCevvivepk74KfkEcQGmz77DbNcbNmpump,holy/acc,So11111111111111111111111111111111111111112,SOL,2026-10-03T02:23:25Z,2.6347443003327494e-06,2474.1295996686,,2667.8629,119.34523843824303,100.0,,0.0,0.0,0.0,0.0,0.0,0.0,0,0,0,0,0,0,0,0,0,0,0,0,0,0,0,0,0,0,0,0,0,0,0,0,0.0,0.0,0.0,0.0,0.0,0.0,snapshot,,,,,,,/home/runner/work/Solana-Memecoin-Analysis/Solana-Memecoin-Analysis/data/cache/2026-10-05/000321882189_multi_pools_9da65a356df5.json,2
2026-10-05T00:02:58.856965+00:00,7xznS5EhAvrCU1ohiYUbBYYNH8kV2qnJdH5FkhKAfJho,solana,Pump.fun,7UT46tAPwwmAuKookJmbhS11Wt8LZwk1LZuxgxUgpump,Hyperpad,So11111111111111111111111111111111111111112,SOL,2026-10-03T02:23:21Z,1.9878851281658566e-07,397.5770256,,164.062,119.09782921464354,100.0,,0.0,0.0,0.0,0.0,0.0,0.0,0,0,0,0,0,0,0,0,0,0,0,0,0,0,0,0,0,0,0,0,0,0,0,0,0.0,0.0,0.0,0.0,0.0,0.0,snapshot,,,,,,,/home/runner/work/Solana-Memecoin-Analysis/Solana-Memecoin-Analysis/data/cache/2026-10-05/000321882189_multi_pools_9da65a356df5.json,2
2026-10-05T00:02:58.856965+00:00,3izF94L1vZNWDCp2M3wuYHb4dB6LMUokYWEKamMLMBzK,solana,Pump.fun,5ABtiXfFhmAkpkVpgCvu49WkMCKGyCpW3ZjTNftQCRSJ,Reeaach,So11111111111111111111111111111111111111112,SOL,2026-10-03T02:23:17Z,3.5839637268989512e-06,3583.963727,,2757.1282,119.02561443141094,100.0,,0.0,0.0,0.0,0.0,0.0,0.0,0,0,0,0,0,0,0,0,0,0,0,0,0,0,0,0,0,0,0,0,0,0,0,0,0.0,0.0,0.0,0.0,0.0,0.0,snapshot,,,,,,,/home/runner/work/Solana-Memecoin-Analysis/Solana-Memecoin-Analysis/data/cache/2026-10-05/000321882189_multi_pools_9da65a356df5.json,2
2026-10-05T00:02:58.856965+00:00,DZRJ9HuHndGixpTafQKqam4bQk7gSQVyGt6Xm5CZZeU8,solana,Meteora DBC,8DtmnuXaNFUfFHf4PiS5eB5MfgWtuPJriGQ9SSwqqQ2a,제로,So11111111111111111111111111111111111111112,SOL,2026-10-03T02:23:10Z,5.926610790898173e-12,0.00473840365,,0.0,119.12485906106804,,,0.0,0.0,0.0,0.0,0.0,0.0,0,0,0,0,0,0,0,0,0,0,0,0,0,0,0,0,0,0,0,0,0,0,0,0,0.0,0.0,0.0,0.0,0.0,0.0,snapshot,,,,,,,/home/runner/work/Solana-Memecoin-Analysis/Solana-Memecoin-Analysis/data/cache/2026-10-05/000321882189_multi_pools_9da65a356df5.json,2
2026-10-05T00:02:58.856965+00:00,kDQjs7dSht6Q9v94mWbKE5nkpTcnxG5RvksCLf2QeZH,solana,Pump.fun,Evw75Tg3FWkfLycZGGoQJ6S8ABfKxc2Rzd4XRzLbpump,BRAINROT,So11111111111111111111111111111111111111112,SOL,2026-10-03T02:31:40Z,3.5090646152414227e-06,7018.12923,,2678.4076,119.09907997440531,100.0,,0.0,0.0,0.0,0.0,0.0,0.0,0,0,0,0,0,0,0,0,0,0,0,0,0,0,0,0,0,0,0,0,0,0,0,0,0.0,0.0,0.0,0.0,0.0,0.0,snapshot,,,,,,,/home/runner/work/Solana-Memecoin-Analysis/Solana-Memecoin-Analysis/data/cache/2026-10-05/000321882189_multi_pools_9da65a356df5.json,2
2026-10-05T00:02:58.856965+00:00,BCtRK5sTXdEc1me7TWaKseXyWKBah9AUiVUd7UyhQFFb,solana,Pump.fun,8vcyCipAEcVop5eXiRsg4AVgvx9HEYzMU7fRCZCopump,Pearl,So11111111111111111111111111111111111111112,SOL,2026-10-03T02:31:34Z,3.367457694803431e-06,3367.457695,,2725.725,119.03152360222802,,,0.0,0.0,0.0,0.0,0.0,0.0,0,0,0,0,0,0,0,0,0,0,0,0,0,0,0,0,0,0,0,0,0,0,0,0,0.0,0.0,0.0,0.0,0.0,0.0,snapshot,,,,,,,/home/runner/work/Solana-Memecoin-Analysis/Solana-Memecoin-Analysis/data/cache/2026-10-05/000321882189_multi_pools_9da65a356df5.json,2
2026-10-05T00:02:58.856965+00:00,2KXmW2SGxhGqnrhxseMMckSP3KwRbKGF1ebJuQMTBm1q,solana,Pump.fun,BGSBbJD85tcXF3Ctk6Tafjf1zvmSoKvRoiYHfRQ9pump,Inu Nutty,So11111111111111111111111111111111111111112,SOL,2026-10-03T02:31:29Z,3.3272006498324947e-06,3327.20065,,2694.5162,118.97055313356026,100.0,,0.0,0.0,0.0,0.0,0.0,0.0,0,0,0,0,0,0,0,0,0,0,0,0,0,0,0,0,0,0,0,0,0,0,0,0,0.0,0.0,0.0,0.0,0.0,0.0,snapshot,,,,,,,/home/runner/work/Solana-Memecoin-Analysis/Solana-Memecoin-Analysis/data/cache/2026-10-05/000321882189_multi_pools_9da65a356df5.json,2
2026-10-05T00:02:58.856965+00:00,71AMvF5KtDSpQKtSSv5xCUcvtM8W13NKzt8t5q3Xz7Fx,solana,Pump.fun,H5amhuHvUERHaTYzV5GyAyGha5GSDCPfqayPwXPQpump,MIND,So11111111111111111111111111111111111111112,SOL,2026-10-03T02:31:24Z,1.788077326308484e-07,357.6154652,,152.0231,119.04396302571989,,,0.0,0.0,0.0,0.0,0.0,0.0,0,0,0,0,0,0,0,0,0,0,0,0,0,0,0,0,0,0,0,0,0,0,0,0,0.0,0.0,0.0,0.0,0.0,0.0,snapshot,,,,,,,/home/runner/work/Solana-Memecoin-Analysis/Solana-Memecoin-Analysis/data/cache/2026-10-05/000321882189_multi_pools_9da65a356df5.json,2
2026-10-05T00:02:58.856965+00:00,5azTbWRVdi5ojpeQZa8NjTd2okYu6rgkQtG59YJJT7ND,solana,Meteora DAMM V2,t7j92ndGnxq21LcDbF7oRdQNbvWurKYZeYxd2igxbGJ,TUMORINU,So11111111111111111111111111111111111111112,SOL,2026-10-03T02:40:03Z,2.6234523955442296e-05,26234.5239862345,,32892.8432,119.02401956090584,,,0.0,0.0,0.0,0.0,0.0,0.0,0,0,0,0,0,0,0,0,0,0,0,0,0,0,0,0,0,0,0,0,0,0,0,0,0.0,0.0,0.0,0.0,0.0,0.0,snapshot,,,,,,,/home/runner/work/Solana-Memecoin-Analysis/Solana-Memecoin-Analysis/data/cache/2026-10-05/000321882189_multi_pools_9da65a356df5.json,2
2026-10-05T00:02:58.856965+00:00,BHGphDzbPV4mpt1sHj5zToTEg8w1EZzqBARgpSTDFNJZ,solana,PumpSwap,5o76Qg65kvbTx7ZCBznvNv8UELfY2fdwWQMmcDWwpump,enu,So11111111111111111111111111111111111111112,SOL,2026-10-03T02:40:00Z,5.2644694250225735e-05,41073.9609159511,,6.07962649359131e-07,119.05444198368507,100.0,,0.0,0.0,0.0,0.0,0.0,0.0,0,0,0,0,0,0,0,0,0,0,0,0,0,0,0,0,0,0,0,0,0,0,0,0,0.0,0.0,0.0,0.0,0.0,0.0,snapshot,,,,,,,/home/runner/work/Solana-Memecoin-Analysis/Solana-Memecoin-Analysis/data/cache/2026-10-05/000321882189_multi_pools_9da65a356df5.json,2
2026-10-05T00:02:58.856965+00:00,2pCRAHJ5jh2qBnrcPQ4Y4sZmYUuZiX9FEcFTiEDEo3Cn,solana,Meteora DAMM V2,5o76Qg65kvbTx7ZCBznvNv8UELfY2fdwWQMmcDWwpump,enu,So11111111111111111111111111111111111111112,SOL,2026-10-03T02:39:56Z,0.00041973354155582155,1863757.91911883,,0.000174824208034418,119.08964289887916,100.0,,0.0,0.0,0.0,0.0,0.0,0.0,0,0,0,0,0,0,0,0,0,0,0,0,0,0,0,0,0,0,0,0,0,0,0,0,0.0,0.0,0.0,0.0,0.0,0.0,snapshot,,,,,,,/home/runner/work/Solana-Memecoin-Analysis/Solana-Memecoin-Analysis/data/cache/2026-10-05/000321882189_multi_pools_9da65a356df5.json,2
2026-10-05T00:02:58.856965+00:00,8rtbXz7h93vHuhhET7DgsvhYDhVBHHiJ5WqDaauy5tbN,solana,Pump.fun,B3Vzmw4YPYkAThbP6JQDzFGtYm3zqAQqMhrrVzRfpump,wind,So11111111111111111111111111111111111111112,SOL,2026-10-03T02:39:53Z,8.941757298243925e-07,1788.3514596,,729.6962,119.12679179219482,100.0,,0.0,0.0,0.0,0.0,0.0,0.0,0,0,0,0,0,0,0,0,0,0,0,0,0,0,0,0,0,0,0,0,0,0,0,0,0.0,0.0,0.0,0.0,0.0,0.0,snapshot,,,,,,,/home/runner/work/Solana-Memecoin-Analysis/Solana-Memecoin-Analysis/data/cache/2026-10-05/000321882189_multi_pools_9da65a356df5.json,2
2026-10-05T00:02:58.856965+00:00,zJBMwCdmVAEfVhr4wtPFzkS64GsGEDaQTyfs7pWJy2r,solana,Pump.fun,3UVjUs6PRk1M9VsQQKe7hw6uCeFEXwPhxFtcMySypump,MIRA,So11111111111111111111111111111111111111112,SOL,2026-10-03T02:47:59Z,3.437325167452271e-06,3437.325167,,2782.4694,119.02320421943294,100.0,,0.0,0.0,0.0,0.0,0.0,0.0,0,0,0,0,0,0,0,0,0,0,0,0,0,0,0,0,0,0,0,0,0,0,0,0,0.0,0.0,0.0,0.0,0.0,0.0,snapshot,,,,,,,/home/runner/work/Solana-Memecoin-Analysis/Solana-Memecoin-Analysis/data/cache/2026-10-05/000321882189_multi_pools_9da65a356df5.json,2
2026-10-05T00:02:58.856965+00:00,AXKZYStjF2eo389YxcxYwyj3Dtb6hggnd3RXkDgkefBr,solana,Pump.fun,B2aNXjw9sbmkenHdZJcAJJqCfdcriNzUGNyQkUEjpump,SATINU,So11111111111111111111111111111111111111112,SOL,2026-10-03T02:47:49Z,1.8520998298906021e-06,3704.19966,,850.0367,118.94831978020699,100.0,,0.0,0.0,0.0,0.0,0.0,0.0,0,0,0,0,0,0,0,0,0,0,0,0,0,0,0,0,0,0,0,0,0,0,0,0,0.0,0.0,0.0,0.0,0.0,0.0,snapshot,,,,,,,/home/runner/work/Solana-Memecoin-Analysis/Solana-Memecoin-Analysis/data/cache/2026-10-05/000321882189_multi_pools_9da65a356df5.json,2
2026-10-05T00:02:58.856965+00:00,Q47k1jVAAXvRGGCfbNHaouAwCQhcdw5S5ADC4AifRMv,solana,Pump.fun,2s7b2HXWWm2VV8odxMTjcVVJyuJLyHUzVUPxBQN1pump,.001 sol,So11111111111111111111111111111111111111112,SOL,2026-10-03T02:47:38Z,3.4104524847285405e-06,3410.452485,,2760.4082,119.03630961502614,,,0.0,0.0,0.0,0.0,0.0,0.0,0,0,0,0,0,0,0,0,0,0,0,0,0,0,0,0,0,0,0,0,0,0,0,0,0.0,0.0,0.0,0.0,0.0,0.0,snapshot,,,,,,,/home/runner/work/Solana-Memecoin-Analysis/Solana-Memecoin-Analysis/data/cache/2026-10-05/000321882189_multi_pools_9da65a356df5.json,2
2026-10-05T00:02:58.856965+00:00,C8N2GS3XL9TFcN7jnMWssUUmEdFpv2zbX4MZ6Dh8WTj7,solana,Pump.fun,EEJWU76PyEGfuqU5eTT5JhCwFD1iHU6WqNtFgyBEpump,$LA BEAST,So11111111111111111111111111111111111111112,SOL,2026-10-03T02:47:18Z,1.8442264743195e-06,3688.452948,,1183.7974,119.02367208707454,100.0,,0.0,0.0,0.0,0.0,0.0,0.0,0,0,0,0,0,0,0,0,0,0,0,0,0,0,0,0,0,0,0,0,0,0,0,0,0.0,0.0,0.0,0.0,0.0,0.0,snapshot,,,,,,,/home/runner/work/Solana-Memecoin-Analysis/Solana-Memecoin-Analysis/data/cache/2026-10-05/000321882189_multi_pools_9da65a356df5.json,2
2026-10-05T00:02:58.856965+00:00,EYMcZ7HfepdBoRGQNSBvMYHqbm2gxpW3hGWh7wEJn4Bj,solana,Pump.fun,2QPz5xUW8Td1HwNnCifBPGBHsNbu4xVed9jbyHtrpump,GNB,So11111111111111111111111111111111111111112,SOL,2026-10-03T02:47:12Z,6.948773300145688e-07,1389.75466,,530.2343,119.02078426456879,100.0,,0.0,0.0,0.0,0.0,0.0,0.0,0,0,0,0,0,0,0,0,0,0,0,0,0,0,0,0,0,0,0,0,0,0,0,0,0.0,0.0,0.0,0.0,0.0,0.0,snapshot,,,,,,,/home/runner/work/Solana-Memecoin-Analysis/Solana-Memecoin-Analysis/data/cache/2026-10-05/000321882189_multi_pools_9da65a356df5.json,2
2026-10-05T00:02:58.856965+00:00,2Zduyq7SapXYjLZB9csMSXLKMFR7azYGpyvYvToywSsq,solana,PumpSwap,91a9HB5Tg5JyqKwnK5Uev8thuUdWSSypvgT3dGfapump,SUPERWHALE,So11111111111111111111111111111111111111112,SOL,2026-10-03T02:55:23Z,2.6064893654167434e-06,2437.536766922,,2655.8969,119.37748424875407,100.0,,0.0,0.0,0.0,0.0,0.0,0.0,0,0,0,0,0,0,0,0,0,0,0,0,0,0,0,0,0,0,0,0,0,0,0,0,0.0,0.0,0.0,0.0,0.0,0.0,snapshot,,,,,,,/home/runner/work/Solana-Memecoin-Analysis/Solana-Memecoin-Analysis/data/cache/2026-10-05/000321882189_multi_pools_9da65a356df5.json,2
2026-10-05T00:02:58.856965+00:00,5QRSu5FDB8ujTo7ot8KqxPQY4HnxLCZQy7Y7fp7miV2L,solana,Pump.fun,8vaDptMWFJwhoAzuAtv1WiFiugBvoLNyKJo3YgE3pump,ket,So11111111111111111111111111111111111111112,SOL,2026-10-03T02:55:20Z,3.3264014878527466e-06,3326.401488,,2693.8723,118.97037649927859,100.0,,0.0,0.0,0.0,0.0,0.0,0.0,0,0,0,0,0,0,0,0,0,0,0,0,0,0,0,0,0,0,0,0,0,0,0,0,0.0,0.0,0.0,0.0,0.0,0.0,snapshot,,,,,,,/home/runner/work/Solana-Memecoin-Analysis/Solana-Memecoin-Analysis/data/cache/2026-10-05/000321882189_multi_pools_9da65a356df5.json,2
2026-10-05T00:02:58.856965+00:00,2HVjp9rHKAMjPiSSt38K7QsSVGvGx4NBmm4nRWZVpa2C,solana,Pump.fun,4JBrbXkEg2RuSCiq8itUgFEL3tEfjdfurjmsmv3rpump,INUX,So11111111111111111111111111111111111111112,SOL,2026-10-03T02:55:13Z,1.5864829691569746e-06,3172.965938,,1180.5053,118.89854055866911,100.0,,0.0,0.0,0.0,0.0,0.0,0.0,0,0,0,0,0,0,0,0,0,0,0,0,0,0,0,0,0,0,0,0,0,0,0,0,0.0,0.0,0.0,0.0,0.0,0.0,snapshot,,,,,,,/home/runner/work/Solana-Memecoin-Analysis/Solana-Memecoin-Analysis/data/cache/2026-10-05/000329538069_multi_pools_3077799bfc0c.json,2
2026-10-05T00:02:58.856965+00:00,5NLWu6ntKvtFNSx9Sc5nKdsthxNf1WFmdRtj7Dj6gZPN,solana,Meteora DAMM V2,7CE1oV8Xey7pgmoKPou8Xrqa3t5VF5KLviTjxdWVXNwi,STOCK,So11111111111111111111111111111111111111112,SOL,2026-10-03T02:55:04Z,6.26376599522654e-10,0.6263681681,,1.1176,119.29728273233765,100.0,,0.0,0.0,0.0,0.0,0.0,0.0,0,0,0,0,0,0,0,0,0,0,0,0,0,0,0,0,0,0,0,0,0,0,0,0,0.0,0.0,0.0,0.0,0.0,0.0,snapshot,,,,,,,/home/runner/work/Solana-Memecoin-Analysis/Solana-Memecoin-Analysis/data/cache/2026-10-05/000329538069_multi_pools_3077799bfc0c.json,2
2026-10-05T00:02:58.856965+00:00,9FWJApU5Shs8bQnDnvrgk4QogQBMEZZv84cz7CFKswjY,solana,Pump.fun,HdUqvANtFbhTskhwmsnDKTV13gv5fHEWGG8tpFxQSTPD,TA419,So11111111111111111111111111111111111111112,SOL,2026-10-03T02:55:02Z,3.4865314335207436e-06,3486.531434,,2824.4781,118.93138680321171,100.0,,0.0,0.0,0.0,0.0,0.0,0.0,0,0,0,0,0,0,0,0,0,0,0,0,0,0,0,0,0,0,0,0,0,0,0,0,0.0,0.0,0.0,0.0,0.0,0.0,snapshot,,,,,,,/home/runner/work/Solana-Memecoin-Analysis/Solana-Memecoin-Analysis/data/cache/2026-10-05/000329538069_multi_pools_3077799bfc0c.json,2
2026-10-05T00:02:58.856965+00:00,Fn8DFWLREfgituTSoK9E8EvVTSrdeLMt6d9Sf1F61x3y,solana,Pump.fun,9ffaiXEuRC2syDzxN9c1NSgMS8aLNbZs9anSbexvpump,HKMN,So11111111111111111111111111111111111111112,SOL,2026-10-03T02:55:01Z,3.363708899770168e-06,3363.7089,,2722.7001,119.03083859990775,100.0,,0.0,0.0,0.0,0.0,0.0,0.0,0,0,0,0,0,0,0,0,0,0,0,0,0,0,0,0,0,0,0,0,0,0,0,0,0.0,0.0,0.0,0.0,0.0,0.0,snapshot,,,,,,,/home/runner/work/Solana-Memecoin-Analysis/Solana-Memecoin-Analysis/data/cache/2026-10-05/000329538069_multi_pools_3077799bfc0c.json,2
2026-10-05T00:02:58.856965+00:00,CS3CurckFAFtrxnPtCc3iwfeRiaWGpT4CXQ4SQnsRDDD,solana,Pump.fun,2PNHZqjusLJXKgDLxCD6qZFSsu1y9FNcNXrvBvy2pump,DUVETOBER,So11111111111111111111111111111111111111112,SOL,2026-10-03T02:54:53Z,3.380445773949925e-06,3502.661375,,2836.6628,118.96835880191587,100.0,,0.0,0.0,0.0,0.0,0.0,0.0,0,0,0,0,0,0,0,0,0,0,0,0,0,0,0,0,0,0,0,0,0,0,0,0,0.0,0.0,0.0,0.0,0.0,0.0,snapshot,,,,,,,/home/runner/work/Solana-Memecoin-Analysis/Solana-Memecoin-Analysis/data/cache/2026-10-05/000329538069_multi_pools_3077799bfc0c.json,2
2026-10-05T00:02:58.856965+00:00,BUZmqaB4dsEvTNppCSqM1fMjTuECY1gWet33cQLhuAkZ,solana,Pump.fun,21WxEQMwAMB3eCiiJw7ghDZgXLLnT6HdapfUPVezpump,Juice,So11111111111111111111111111111111111111112,SOL,2026-10-03T03:06:25Z,6.480410930858562e-07,1296.0821862,,527.1365,118.87310065254525,100.0,,0.0,0.0,0.0,0.0,0.0,0.0,0,0,0,0,0,0,0,0,0,0,0,0,0,0,0,0,0,0,0,0,0,0,0,0,0.0,0.0,0.0,0.0,0.0,0.0,snapshot,,,,,,,/home/runner/work/Solana-Memecoin-Analysis/Solana-Memecoin-Analysis/data/cache/2026-10-05/000329538069_multi_pools_3077799bfc0c.json,2
2026-10-05T00:02:58.856965+00:00,Hjbr5qX89y1pFQhBPexjQnatJKnRE42nAKh6JXtmtNTb,solana,Pump.fun,6FR3ZV6gdiudvrXLDKzGCAb4qxPSKxR9hbh1SwGNpump,MIND,So11111111111111111111111111111111111111112,SOL,2026-10-03T03:06:12Z,4.503314105746317e-09,9.006628212,,4.6406,119.37330860119002,100.0,,0.0,0.0,0.0,0.0,0.0,0.0,0,0,0,0,0,0,0,0,0,0,0,0,0,0,0,0,0,0,0,0,0,0,0,0,0.0,0.0,0.0,0.0,0.0,0.0,snapshot,,,,,,,/home/runner/work/Solana-Memecoin-Analysis/Solana-Memecoin-Analysis/data/cache/2026-10-05/000329538069_multi_pools_3077799bfc0c.json,2
2026-10-05T00:02:58.856965+00:00,GLK2SVVVhoTo8HmvkCCEWJ3o2prTt45VAXFT3a3AkXaK,solana,Pump.fun,DJrZTihTb24GTbH437wzurQeJxfcxnFMLcgF1G2epump,DORA,So11111111111111111111111111111111111111112,SOL,2026-10-03T03:14:42Z,1.8075668065542466e-06,3615.133614,,1487.6978,118.86359852293458,100.0,,0.0,0.0,0.0,0.0,0.0,0.0,0,0,0,0,0,0,0,0,0,0,0,0,0,0,0,0,0,0,0,0,0,0,0,0,0.0,0.0,0.0,0.0,0.0,0.0,snapshot,,,,,,,/home/runner/work/Solana-Memecoin-Analysis/Solana-Memecoin-Analysis/data/cache/2026-10-05/000329538069_multi_pools_3077799bfc0c.json,2
2026-10-05T00:02:58.856965+00:00,3aiRWtQW7o6X99k1RmgkD2vYEe7WoAkVC6AGchQQ4pum,solana,Pump.fun,CyLCDac4sE1fGQq6WmfZWus7vgkKnvMvVY8HXBA6pump,pruple,So11111111111111111111111111111111111111112,SOL,2026-10-03T03:14:35Z,1.9336454968278528e-07,386.7290994,,158.6803,119.14414407279524,100.0,,0.0,0.0,0.0,0.0,0.0,0.0,0,0,0,0,0,0,0,0,0,0,0,0,0,0,0,0,0,0,0,0,0,0,0,0,0.0,0.0,0.0,0.0,0.0,0.0,snapshot,,,,,,,/home/runner/work/Solana-Memecoin-Analysis/Solana-Memecoin-Analysis/data/cache/2026-10-05/000329538069_multi_pools_3077799bfc0c.json,2
2026-10-05T00:02:58.856965+00:00,8RRtgoCezwDnpGzh7AbUopHvL4Zz1BwhaLJdeYpCqYzL,solana,Pump.fun,7MWFEy24HNWAmNPqH2DnGJPyuks9WeBF5F9aSzPgpump,RRQWAS,So11111111111111111111111111111111111111112,SOL,2026-10-03T03:14:31Z,3.2152150282974903e-06,3215.215028,,2607.061,118.82309419327618,100.0,,0.0,0.0,0.0,0.0,0.0,0.0,0,0,0,0,0,0,0,0,0,0,0,0,0,0,0,0,0,0,0,0,0,0,0,0,0.0,0.0,0.0,0.0,0.0,0.0,snapshot,,,,,,,/home/runner/work/Solana-Memecoin-Analysis/Solana-Memecoin-Analysis/data/cache/2026-10-05/000329538069_multi_pools_3077799bfc0c.json,2
2026-10-05T00:02:58.856965+00:00,6NAmfF9xnhNGa4CSdPVc97V4cmsWCNn7pfwT3TgqqMXT,solana,Pump.fun,DeXttnWLr2K51kT1MU8SPd52eWqzS1Xj8MYX6ctxmPJQ,ONESHOTTED,So11111111111111111111111111111111111111112,SOL,2026-10-03T03:14:28Z,3.324371939217693e-06,3324.371939,,2697.2738,118.7478675582847,100.0,,0.0,0.0,0.0,0.0,0.0,0.0,0,0,0,0,0,0,0,0,0,0,0,0,0,0,0,0,0,0,0,0,0,0,0,0,0.0,0.0,0.0,0.0,0.0,0.0,snapshot,,,,,,,/home/runner/work/Solana-Memecoin-Analysis/Solana-Memecoin-Analysis/data/cache/2026-10-05/000329538069_multi_pools_3077799bfc0c.json,2
2026-10-05T00:02:58.856965+00:00,7oA8ukhw7cSPzAzdHM75CdceSKxfFhxSwn6hBPjveXT7,solana,Meteora DAMM V2,HF7spvxY8y7VNs56PnvYWo2ZtMoDEepNR5xHHxHwWp7M,PENIS,So11111111111111111111111111111111111111112,SOL,2026-10-03T03:21:49Z,1.1112082711452887e-05,11110.0543329671,,1.784021342e-06,119.00966228311688,,,0.0,0.0,0.0,0.0,0.0,0.0,0,0,0,0,0,0,0,0,0,0,0,0,0,0,0,0,0,0,0,0,0,0,0,0,0.0,0.0,0.0,0.0,0.0,0.0,snapshot,,,,,,,/home/runner/work/Solana-Memecoin-Analysis/Solana-Memecoin-Analysis/data/cache/2026-10-05/000329538069_multi_pools_3077799bfc0c.json,2
2026-10-05T00:02:58.856965+00:00,Df6oqi9e2QrJwSiQwDVPiC65pWuDYkjaer45qjx9XcKn,solana,Pump.fun,2cEghM9sd9U8nYMDmK7Q8XnnEPeHbrtPxk2k32uQpump,BOOty,So11111111111111111111111111111111111111112,SOL,2026-10-03T03:21:42Z,2.0344505779521436e-07,406.8901156,,168.812,118.99118432718247,100.0,,0.0,0.0,0.0,0.0,0.0,0.0,0,0,0,0,0,0,0,0,0,0,0,0,0,0,0,0,0,0,0,0,0,0,0,0,0.0,0.0,0.0,0.0,0.0,0.0,snapshot,,,,,,,/home/runner/work/Solana-Memecoin-Analysis/Solana-Memecoin-Analysis/data/cache/2026-10-05/000329538069_multi_pools_3077799bfc0c.json,2
2026-10-05T00:02:58.856965+00:00,4zNNcfkQagYdwifpoSvkQE2NWqvaGrHWs9F8E2GhCrdY,solana,Meteora DBC,HSuiNwv25FCFDigFnjduJJxhfe8RsTajM7UikZCtWCfk,제로,So11111111111111111111111111111111111111112,SOL,2026-10-03T03:21:34Z,5.917148930831369e-12,0.005917148931,,0.0,118.93467570220051,,,0.0,0.0,0.0,0.0,0.0,0.0,0,0,0,0,0,0,0,0,0,0,0,0,0,0,0,0,0,0,0,0,0,0,0,0,0.0,0.0,0.0,0.0,0.0,0.0,snapshot,,,,,,,/home/runner/work/Solana-Memecoin-Analysis/Solana-Memecoin-Analysis/data/cache/2026-10-05/000329538069_multi_pools_3077799bfc0c.json,2
2026-10-05T00:02:58.856965+00:00,3KY2y4vufieKcEuUScu8PsrtDMe42MuQy8L3YmuQ3sG2,solana,Meteora DAMM V2,Amr2GE3nKAFbFhJecJvRXkgc2Lg6dAiutJ16esnxihhp,TOS,So11111111111111111111111111111111111111112,SOL,2026-10-03T03:21:31Z,1.4293312876893505e-05,14291.0771894016,,24823.8361,119.01063630866955,,,0.0,0.0,0.0,0.0,0.0,0.0,0,0,0,0,0,0,0,0,0,0,0,0,0,0,0,0,0,0,0,0,0,0,0,0,0.0,0.0,0.0,0.0,0.0,0.0,snapshot,,,,,,,/home/runner/work/Solana-Memecoin-Analysis/Solana-Memecoin-Analysis/data/cache/2026-10-05/000329538069_multi_pools_3077799bfc0c.json,2
2026-10-05T00:02:58.856965+00:00,AUB27QjMjkqbPKQPJV8PWBTqfu1PVjUBKF5Jy6LXzB5y,solana,Pump.fun,GmMGjm7Fp98SSQS91FYhbh8aeE7QW9nDjyhmCtYXpump,IN,So11111111111111111111111111111111111111112,SOL,2026-10-03T03:21:29Z,8.439603563170298e-07,2202.589086,,683.2899,119.04967408206664,100.0,,0.0,0.0,0.0,0.0,0.0,0.0,0,0,0,0,0,0,0,0,0,0,0,0,0,0,0,0,0,0,0,0,0,0,0,0,0.0,0.0,0.0,0.0,0.0,0.0,snapshot,,,,,,,/home/runner/work/Solana-Memecoin-Analysis/Solana-Memecoin-Analysis/data/cache/2026-10-05/000329538069_multi_pools_3077799bfc0c.json,2
2026-10-05T00:02:58.856965+00:00,2P1R2d5c1pHxP3auhe5uUtGHcDpZdGsqpaWbyyh5YEgy,solana,Pump.fun,26ye85fumhQiVv6NM52SXw2ChVhV45731AQ5iLvF9SSt,ANN,XsCPL9dNWBMvFtTmwcCA5v3xWPSMEBCszbQdiLLq6aN,GOOGLx,2026-10-03T03:21:28Z,4.175436939470591e-06,4175.436939,,3379.191,343.63967128781354,,,0.0,0.0,0.0,0.0,0.0,0.0,0,0,0,0,0,0,0,0,0,0,0,0,0,0,0,0,0,0,0,0,0,0,0,0,0.0,0.0,0.0,0.0,0.0,0.0,snapshot,,,,,,,/home/runner/work/Solana-Memecoin-Analysis/Solana-Memecoin-Analysis/data/cache/2026-10-05/000329538069_multi_pools_3077799bfc0c.json,2
2026-10-05T00:02:58.856965+00:00,3dnM2HNZcc7km65x6wZLPKFdHQgajcX8RiGgvdxiwbyi,solana,Meteora DAMM V2,9QrUwCe5DYMYJjFTeqZXbUfCUdqC8Qkz56Nnqdb5WEqp,AI,So11111111111111111111111111111111111111112,SOL,2026-10-03T03:31:17Z,0.00048202393506264346,482023.9351,,0.000180434551901878,118.98404892147501,,,0.0,0.0,0.0,0.0,0.0,0.0,0,0,0,0,0,0,0,0,0,0,0,0,0,0,0,0,0,0,0,0,0,0,0,0,0.0,0.0,0.0,0.0,0.0,0.0,snapshot,,,,,,,/home/runner/work/Solana-Memecoin-Analysis/Solana-Memecoin-Analysis/data/cache/2026-10-05/000329538069_multi_pools_3077799bfc0c.json,2
2026-10-05T00:02:58.856965+00:00,yTCDrWhtUmvoijNR9bLQtEUfWxwmmx64mkpBFRNdEQ4,solana,Meteora DBC,HjRpQA3rRKF8h9S8tijT3YZ7pRpVKDSwojfvnGo95q5i,SCYTHECAT,So11111111111111111111111111111111111111112,SOL,2026-10-03T03:31:05Z,0.00012768407177191914,127684.0718,,0.0,119.06889097350347,,,0.0,0.0,0.0,0.0,0.0,0.0,0,0,0,0,0,0,0,0,0,0,0,0,0,0,0,0,0,0,0,0,0,0,0,0,0.0,0.0,0.0,0.0,0.0,0.0,snapshot,,,,,,,/home/runner/work/Solana-Memecoin-Analysis/Solana-Memecoin-Analysis/data/cache/2026-10-05/000329538069_multi_pools_3077799bfc0c.json,2
2026-10-05T00:02:58.856965+00:00,6shk64Rq2RKD2ajow67N7QujpnHYp5rkN4McpcSrey67,solana,Pump.fun,2FGfuyAL66iofj3GDsJ7nNhtcYJ8woebarRYEaZUJ539,Neko,So11111111111111111111111111111111111111112,SOL,2026-10-03T03:31:04Z,3.331025955873219e-06,3331.025956,,2694.419,119.11185130447646,100.0,,0.0,0.0,0.0,0.0,0.0,0.0,0,0,0,0,0,0,0,0,0,0,0,0,0,0,0,0,0,0,0,0,0,0,0,0,0.0,0.0,0.0,0.0,0.0,0.0,snapshot,,,,,,,/home/runner/work/Solana-Memecoin-Analysis/Solana-Memecoin-Analysis/data/cache/2026-10-05/000329538069_multi_pools_3077799bfc0c.json,2
2026-10-05T00:02:58.856965+00:00,38rSdmXjGhn5MKJQ4VFrZVvEad7AnJFN9rjBnRytoziL,solana,Pump.fun,2WpfA49ZpftYcHyyUhmRUKFbRX8HE1kt1kHMPP6qKs5Q,CypherAid,So11111111111111111111111111111111111111112,SOL,2026-10-03T03:30:53Z,3.3284122974254526e-06,3328.412297,,2693.52,119.05807914916478,100.0,,0.0,0.0,0.0,0.0,0.0,0.0,0,0,0,0,0,0,0,0,0,0,0,0,0,0,0,0,0,0,0,0,0,0,0,0,0.0,0.0,0.0,0.0,0.0,0.0,snapshot,,,,,,,/home/runner/work/Solana-Memecoin-Analysis/Solana-Memecoin-Analysis/data/cache/2026-10-05/000329538069_multi_pools_3077799bfc0c.json,2
2026-10-05T00:02:58.856965+00:00,9tNobvBBMqJiKFjzFQjYdXDhnsizp6wuy8PsPTkj6kCf,solana,Bags.fm,DKA4WfmDAUTku4PNE89P9yTzpxxY1zUHWUziuAbzBAGS,MOGU,Xsc9qvGR1efVDFGLrVsmkzv3qi45LTBjeUKSPmx9qEh,NVDAx,2026-10-03T03:40:24Z,3.6923209401469517e-06,3692.32094,,3756.4303,234.10131780404615,,,0.0,0.0,0.0,0.0,0.0,0.0,0,0,0,0,0,0,0,0,0,0,0,0,0,0,0,0,0,0,0,0,0,0,0,0,0.0,0.0,0.0,0.0,0.0,0.0,snapshot,,,,,,,/home/runner/work/Solana-Memecoin-Analysis/Solana-Memecoin-Analysis/data/cache/2026-10-05/000329538069_multi_pools_3077799bfc0c.json,2
2026-10-05T00:02:58.856965+00:00,He5EAKwGU2kbSnDjNoKrydvbj4pmMfkEZRGyFLzH2w5N,solana,Pump.fun,EiEbYWDnXWqnLE8bmxdkhXWUL1XXpBexbwCnq9Gipump,TOAD,So11111111111111111111111111111111111111112,SOL,2026-10-03T03:40:18Z,2.435054158127376e-06,4870.108316,,1978.7419,119.0919042444299,100.0,,0.0,0.0,0.0,0.0,0.0,0.0,0,0,0,0,0,0,0,0,0,0,0,0,0,0,0,0,0,0,0,0,0,0,0,0,0.0,0.0,0.0,0.0,0.0,0.0,snapshot,,,,,,,/home/runner/work/Solana-Memecoin-Analysis/Solana-Memecoin-Analysis/data/cache/2026-10-05/000329538069_multi_pools_3077799bfc0c.json,2
2026-10-05T00:02:58.856965+00:00,9L7xVqxrPYQ1VqipXMFYpSkf6SP6V3Yn65dAhfzdBvwE,solana,Pump.fun,5VUmNeAsNNBFauydXSAaxTJWQyQrBtaRD4NZihPA2FUx,hallowinu,So11111111111111111111111111111111111111112,SOL,2026-10-03T03:40:16Z,3.4674822054849886e-06,3467.482205,,2802.5383,119.2075516073078,,,0.0,0.0,0.0,0.0,0.0,0.0,0,0,0,0,0,0,0,0,0,0,0,0,0,0,0,0,0,0,0,0,0,0,0,0,0.0,0.0,0.0,0.0,0.0,0.0,snapshot,,,,,,,/home/runner/work/Solana-Memecoin-Analysis/Solana-Memecoin-Analysis/data/cache/2026-10-05/000329538069_multi_pools_3077799bfc0c.json,2
2026-10-05T00:02:58.856965+00:00,8HGc4UPghpH6da25EnaUNDL8UDrJNsJxX8X5ntM1GNPx,solana,Pump.fun,Dgsuf4qpEG4E8qz4pC463n2VPRhHnGMpsVMYurKpump,Vampcoin2,So11111111111111111111111111111111111111112,SOL,2026-10-03T03:40:12Z,3.620757451728801e-06,3497.194806,,2741.4448,119.0910460777903,,,0.0,0.0,0.0,0.0,0.0,0.0,0,0,0,0,0,0,0,0,0,0,0,0,0,0,0,0,0,0,0,0,0,0,0,0,0.0,0.0,0.0,0.0,0.0,0.0,snapshot,,,,,,,/home/runner/work/Solana-Memecoin-Analysis/Solana-Memecoin-Analysis/data/cache/2026-10-05/000329538069_multi_pools_3077799bfc0c.json,2
2026-10-05T00:02:58.856965+00:00,2Equ4FQB1CyZtfuXMMSoDcWaoiAixiDK8RpbBXAhSC6Z,solana,Pump.fun,F44EHwYUNAzDD2GaomfoQafJMUFefBpBWAYAEVhZknJv,DIH,So11111111111111111111111111111111111111112,SOL,2026-10-03T03:40:01Z,3.4960991920266327e-06,3496.099192,,2826.4704,119.17371136632656,100.0,,0.0,0.0,0.0,0.0,0.0,0.0,0,0,0,0,0,0,0,0,0,0,0,0,0,0,0,0,0,0,0,0,0,0,0,0,0.0,0.0,0.0,0.0,0.0,0.0,snapshot,,,,,,,/home/runner/work/Solana-Memecoin-Analysis/Solana-Memecoin-Analysis/data/cache/2026-10-05/000329538069_multi_pools_3077799bfc0c.json,2
2026-10-05T00:02:58.856965+00:00,GCtEafLT5D1vcyB93wsjxRLvCGriwWaXRSke1Bms6i1J,solana,Pump.fun,6av3N2xun5U34ZFmtMGJoct9nfHWtcBhAZG1e1B9pump,AICAT,So11111111111111111111111111111111111111112,SOL,2026-10-03T03:39:55Z,8.713065129044243e-08,174.26130258,,67.6536,119.58235338040151,100.0,,0.0,0.0,0.0,0.0,0.0,0.0,0,0,0,0,0,0,0,0,0,0,0,0,0,0,0,0,0,0,0,0,0,0,0,0,0.0,0.0,0.0,0.0,0.0,0.0,snapshot,,,,,,,/home/runner/work/Solana-Memecoin-Analysis/Solana-Memecoin-Analysis/data/cache/2026-10-05/000329538069_multi_pools_3077799bfc0c.json,2
2026-10-05T00:02:58.856965+00:00,FqeRJx7NDNzYoLRcxTZJxXbAX5wXAyyYsBRDVtCYnTHG,solana,Meteora DAMM V2,8p8hftfoAmdi6Qtvd9ewr9UxvTNAme8BmEnRDVLDnBEj,Ghost,So11111111111111111111111111111111111111112,SOL,2026-10-03T03:50:02Z,2.0544055350238224e-06,2054.3964815513,,0.0364,119.23905929364498,,,0.0,0.0,0.0,0.0,0.0,0.0,0,0,0,0,0,0,0,0,0,0,0,0,0,0,0,0,0,0,0,0,0,0,0,0,0.0,0.0,0.0,0.0,0.0,0.0,snapshot,,,,,,,/home/runner/work/Solana-Memecoin-Analysis/Solana-Memecoin-Analysis/data/cache/2026-10-05/000329538069_multi_pools_3077799bfc0c.json,2
2026-10-05T00:02:58.856965+00:00,A3sFqSGzs1zJNWfiEDafvBNTFe9n2CuQzSUonMZ8i5Bw,solana,Meteora DBC,8p8hftfoAmdi6Qtvd9ewr9UxvTNAme8BmEnRDVLDnBEj,Ghost,So11111111111111111111111111111111111111112,SOL,2026-10-03T03:50:02Z,2.983244905084969e-10,0.2983231758,,0.0,119.27058174112886,,,0.0,0.0,0.0,0.0,0.0,0.0,0,0,0,0,0,0,0,0,0,0,0,0,0,0,0,0,0,0,0,0,0,0,0,0,0.0,0.0,0.0,0.0,0.0,0.0,snapshot,,,,,,,/home/runner/work/Solana-Memecoin-Analysis/Solana-Memecoin-Analysis/data/cache/2026-10-05/000329538069_multi_pools_3077799bfc0c.json,2
2026-10-05T00:02:58.856965+00:00,87yCeXDsf6aKETBGVhfEZL2NVPS6sxT6Rrb9ijC954NG,solana,Meteora DBC,H3NFJZw712EeA92ucDdbSnyjSpLFMfwUTBsmMS7ypump,Ghost,So11111111111111111111111111111111111111112,SOL,2026-10-03T03:49:59Z,5.421385612001487e-12,0.005421385612,,0.0,119.27046611609371,,,0.0,0.0,0.0,0.0,0.0,0.0,0,0,0,0,0,0,0,0,0,0,0,0,0,0,0,0,0,0,0,0,0,0,0,0,0.0,0.0,0.0,0.0,0.0,0.0,snapshot,,,,,,,/home/runner/work/Solana-Memecoin-Analysis/Solana-Memecoin-Analysis/data/cache/2026-10-05/000329538069_multi_pools_3077799bfc0c.json,2
2026-10-05T00:02:58.856965+00:00,Hosg21b4ZJGMfoWFQkSSEAxRh2PWbUjFbvhF35Ljz1ME,solana,Meteora DBC,HybzhmNN6W7dCABfidGFf5ofKyx8bAUVzJCabrXqEs1B,Vampcoin,So11111111111111111111111111111111111111112,SOL,2026-10-03T03:49:51Z,4.6984273619865375e-05,46983.6185310718,,0.0,119.27134137996836,,,0.0,0.0,0.0,0.0,0.0,0.0,0,0,0,0,0,0,0,0,0,0,0,0,0,0,0,0,0,0,0,0,0,0,0,0,0.0,0.0,0.0,0.0,0.0,0.0,snapshot,,,,,,,/home/runner/work/Solana-Memecoin-Analysis/Solana-Memecoin-Analysis/data/cache/2026-10-05/000336819367_multi_pools_e1522abc82af.json,2
2026-10-05T00:02:58.856965+00:00,2wV2SMwP1MLji2tCEfP3ACc71cuNu3KanfQBbNwVomjh,solana,Pump.fun,24jzFnr3phNSk5Hwm7ajb563C1tHjUDpGkBF68BKpump,Spades,So11111111111111111111111111111111111111112,SOL,2026-10-03T03:49:49Z,2.3073833053218243e-06,4423.899262,,1768.468,119.27071603569607,100.0,,0.0,0.0,0.0,0.0,0.0,0.0,0,0,0,0,0,0,0,0,0,0,0,0,0,0,0,0,0,0,0,0,0,0,0,0,0.0,0.0,0.0,0.0,0.0,0.0,snapshot,,,,,,,/home/runner/work/Solana-Memecoin-Analysis/Solana-Memecoin-Analysis/data/cache/2026-10-05/000336819367_multi_pools_e1522abc82af.json,2
2026-10-05T00:02:58.856965+00:00,6739mct2cxpM6bNNCWixdzcw3Y7Hp59vaNYMXsnfgiB7,solana,Pump.fun,EXi5MqBaewJT2kx5zztaCAECtJCPj8auVFxfufyiy5tt,PUMPOWEEN,So11111111111111111111111111111111111111112,SOL,2026-10-03T03:56:07Z,3.3360516684165574e-06,3336.051668,,2693.8723,119.31559013964818,100.0,,0.0,0.0,0.0,0.0,0.0,0.0,0,0,0,0,0,0,0,0,0,0,0,0,0,0,0,0,0,0,0,0,0,0,0,0,0.0,0.0,0.0,0.0,0.0,0.0,snapshot,,,,,,,/home/runner/work/Solana-Memecoin-Analysis/Solana-Memecoin-Analysis/data/cache/2026-10-05/000336819367_multi_pools_e1522abc82af.json,2
2026-10-05T00:02:58.856965+00:00,GfdRcHuAhBH3y4zsLgYk9Df7RWfrsr8gCLFd4SjwqijQ,solana,Pump.fun,Bfg98Q93J347gd9o5P8xGtwvmvjZkWei43syA6zXpump,SNP500,So11111111111111111111111111111111111111112,SOL,2026-10-03T03:56:07Z,3.681770501018398e-06,3785.750082,,2964.4987,119.2831705061085,,,0.0,0.0,0.0,0.0,0.0,0.0,0,0,0,0,0,0,0,0,0,0,0,0,0,0,0,0,0,0,0,0,0,0,0,0,0.0,0.0,0.0,0.0,0.0,0.0,snapshot,,,,,,,/home/runner/work/Solana-Memecoin-Analysis/Solana-Memecoin-Analysis/data/cache/2026-10-05/000336819367_multi_pools_e1522abc82af.json,2
2026-10-05T00:02:58.856965+00:00,5nBAuwpxcuBVtfF4dJY5xuy3PthF1ynQ6nGndmQXphcW,solana,PumpSwap,HXdTBB87Y8pkYrdTPWPArxBen5N5MzFppb11sG7wbonk,ICESURV,So11111111111111111111111111111111111111112,SOL,2026-10-03T03:56:07Z,0.08640796053633991,86407.96054,,0.00538152908195177,119.25327773350726,100.0,,0.0,0.0,0.0,0.0,0.0,0.0,0,0,0,0,0,0,0,0,0,0,0,0,0,0,0,0,0,0,0,0,0,0,0,0,0.0,0.0,0.0,0.0,0.0,0.0,snapshot,,,,,,,/home/runner/work/Solana-Memecoin-Analysis/Solana-Memecoin-Analysis/data/cache/2026-10-05/000336819367_multi_pools_e1522abc82af.json,2
2026-10-05T00:02:58.856965+00:00,Bk6TBk8Y8F1rDJfa54E9hoXougNmrmp2PAVHywi1JP8P,solana,Pump.fun,6wk8LhYas6dtpgRQS7AoTghBe7DYmyTXmpsKFZvapump,Tree,So11111111111111111111111111111111111111112,SOL,2026-10-03T03:55:58Z,3.339877162446198e-06,3339.877162,,2695.5609,119.37767058898207,100.0,,0.0,0.0,0.0,0.0,0.0,0.0,0,0,0,0,0,0,0,0,0,0,0,0,0,0,0,0,0,0,0,0,0,0,0,0,0.0,0.0,0.0,0.0,0.0,0.0,snapshot,,,,,,,/home/runner/work/Solana-Memecoin-Analysis/Solana-Memecoin-Analysis/data/cache/2026-10-05/000336819367_multi_pools_e1522abc82af.json,2
2026-10-05T00:02:58.856965+00:00,4o8g16NbSyaeeqR9bz7MrCboxhgviZhuijYc5takNWBx,solana,Pump.fun,8goiF6aqEwELPoTM1tU29N8oPoBkr7DUsmjtuvfgpump,RILEY,So11111111111111111111111111111111111111112,SOL,2026-10-03T03:55:52Z,3.3406654696529426e-06,3340.66547,,2697.5411,119.31798471327309,100.0,,0.0,0.0,0.0,0.0,0.0,0.0,0,0,0,0,0,0,0,0,0,0,0,0,0,0,0,0,0,0,0,0,0,0,0,0,0.0,0.0,0.0,0.0,0.0,0.0,snapshot,,,,,,,/home/runner/work/Solana-Memecoin-Analysis/Solana-Memecoin-Analysis/data/cache/2026-10-05/000336819367_multi_pools_e1522abc82af.json,2
2026-10-05T00:02:58.856965+00:00,88TPMYixvzGQGmyFtTuVhMa3HPfmk5WhRRfMNt5dAAm8,solana,Pump.fun,HdPPLk2AbrzeuW6GqV1HbWvsWLyt2VWt3ofFKVWqpump,pepweenie,So11111111111111111111111111111111111111112,SOL,2026-10-03T03:55:37Z,8.623162448109275e-10,1.7246324896,,1.5671,119.4898422018656,100.0,,0.0,0.0,0.0,0.0,0.0,0.0,0,0,0,0,0,0,0,0,0,0,0,0,0,0,0,0,0,0,0,0,0,0,0,0,0.0,0.0,0.0,0.0,0.0,0.0,snapshot,,,,,,,/home/runner/work/Solana-Memecoin-Analysis/Solana-Memecoin-Analysis/data/cache/2026-10-05/000336819367_multi_pools_e1522abc82af.json,2
2026-10-05T00:02:58.856965+00:00,DvfvVxLfi4vGatfSah4a3PRdy56YTr2mftBhqNBHkNEG,solana,Pump.fun,5tLmkdvYr8PTEvyuft6qhAHt1voiRNd9Whefoh3tpump,PEKA,So11111111111111111111111111111111111111112,SOL,2026-10-03T04:07:12Z,6.1406132942301e-06,12281.226588,,5354.5192,119.1845906280066,100.0,,0.0,0.0,0.0,0.0,0.0,0.0,0,0,0,0,0,0,0,0,0,0,0,0,0,0,0,0,0,0,0,0,0,0,0,0,0.0,0.0,0.0,0.0,0.0,0.0,snapshot,,,,,,,/home/runner/work/Solana-Memecoin-Analysis/Solana-Memecoin-Analysis/data/cache/2026-10-05/000336819367_multi_pools_e1522abc82af.json,2
2026-10-05T00:02:58.856965+00:00,5DFyEGeqCBPkimiYnr7VzU9oaWq7DHPLJTpSLnx9A3pQ,solana,Pump.fun,8FnN4uSiy5LXdMV29R8HjawhM9n8QMGBCDsGpFZqwtPT,GHOSTI,So11111111111111111111111111111111111111112,SOL,2026-10-03T04:07:11Z,3.5517953711594127e-06,3551.795371,,2820.2748,121.25126153725537,100.0,,0.0,0.0,0.0,0.0,0.4132919575,4.4440048679,0,0,0,0,0,0,0,0,0,0,0,0,0,0,0,0,0,1,0,1,0,7,0,5,0.0,0.0,0.0,0.0,0.0,0.181,snapshot,,,,,,,/home/runner/work/Solana-Memecoin-Analysis/Solana-Memecoin-Analysis/data/cache/2026-10-05/000336819367_multi_pools_e1522abc82af.json,2
2026-10-05T00:02:58.856965+00:00,6xsEN5qcHJadnQhTEAKbNMfkGr9yS6AX5Cw31LfV8WQT,solana,PumpSwap,6Qmvfmb5Ldk71ZHRDPC5Fo1gfc168F1p5mQsqm9Fpump,PEPE,So11111111111111111111111111111111111111112,SOL,2026-10-03T04:07:06Z,6.323463431094402e-05,63227.81799,,6.32369168936528e-07,119.02735669327113,100.0,,0.0,0.0,0.0,0.0,0.0,0.0,0,0,0,0,0,0,0,0,0,0,0,0,0,0,0,0,0,0,0,0,0,0,0,0,0.0,0.0,0.0,0.0,0.0,0.0,snapshot,,,,,,,/home/runner/work/Solana-Memecoin-Analysis/Solana-Memecoin-Analysis/data/cache/2026-10-05/000336819367_multi_pools_e1522abc82af.json,2
2026-10-05T00:02:58.856965+00:00,8479YXYMrdGsSbohPvnhRk5fAFLThGLYcxk6HzVMXJL5,solana,Pump.fun,7w2qyhgoMov6LPh8qUA2YfDh54X1ySbbacUqdLBRpump,leon,So11111111111111111111111111111111111111112,SOL,2026-10-03T04:06:51Z,3.3414277923182005e-06,3341.427792,,2700.809,119.20108858139263,100.0,,0.0,0.0,0.0,0.0,0.0,0.0,0,0,0,0,0,0,0,0,0,0,0,0,0,0,0,0,0,0,0,0,0,0,0,0,0.0,0.0,0.0,0.0,0.0,0.0,snapshot,,,,,,,/home/runner/work/Solana-Memecoin-Analysis/Solana-Memecoin-Analysis/data/cache/2026-10-05/000336819367_multi_pools_e1522abc82af.json,2
2026-10-05T00:02:58.856965+00:00,C2TTVVgftYvJ8iPxyutnMi5QnUTPpBh4W8AUQLoGfZYx,solana,Pump.fun,X1bpsPHm7hGTSGJ4RsawoGaPUT7kVVNmPDLtEvApump,pruple,So11111111111111111111111111111111111111112,SOL,2026-10-03T04:06:49Z,7.733323947696612e-08,154.66647896,,67.2405,119.00436151618001,100.0,,0.0,0.0,0.0,0.0,0.0,0.0,0,0,0,0,0,0,0,0,0,0,0,0,0,0,0,0,0,0,0,0,0,0,0,0,0.0,0.0,0.0,0.0,0.0,0.0,snapshot,,,,,,,/home/runner/work/Solana-Memecoin-Analysis/Solana-Memecoin-Analysis/data/cache/2026-10-05/000336819367_multi_pools_e1522abc82af.json,2
2026-10-05T00:02:58.856965+00:00,6SekKRVYyk85nshejK8C3rxetKAhy1y6yFEXLhmaZTE2,solana,Pump.fun,8fHEGp9YqiqHuhzjXy5L5ERrVpbDFQyzSKTzTeFkpump,GM,So11111111111111111111111111111111111111112,SOL,2026-10-03T04:06:48Z,3.324650725057655e-06,3324.650725,,2693.8237,118.90971690318707,100.0,,0.0,0.0,0.0,0.0,0.0,0.0,0,0,0,0,0,0,0,0,0,0,0,0,0,0,0,0,0,0,0,0,0,0,0,0,0.0,0.0,0.0,0.0,0.0,0.0,snapshot,,,,,,,/home/runner/work/Solana-Memecoin-Analysis/Solana-Memecoin-Analysis/data/cache/2026-10-05/000336819367_multi_pools_e1522abc82af.json,2
2026-10-05T00:02:58.856965+00:00,7R72GUXPgkyJymgZWcjT9zynMqUo5xkWYAEWyURZSpWD,solana,Pump.fun,H6mukb4TTp5cwL77utdnAyxYyfGNphsTMFEsMC5Cpump,$GRAMPS,So11111111111111111111111111111111111111112,SOL,2026-10-03T04:06:47Z,5.650903889049764e-07,1130.1807778,,457.1018,119.60535554429947,100.0,,0.0,0.0,0.0,0.0,0.0,0.0,0,0,0,0,0,0,0,0,0,0,0,0,0,0,0,0,0,0,0,0,0,0,0,0,0.0,0.0,0.0,0.0,0.0,0.0,snapshot,,,,,,,/home/runner/work/Solana-Memecoin-Analysis/Solana-Memecoin-Analysis/data/cache/2026-10-05/000336819367_multi_pools_e1522abc82af.json,2
2026-10-05T00:02:58.856965+00:00,CbCd8xBvRoqgrBahDtXDkiytWmSJ1jdkbgMzXwPCzK9n,solana,Pump.fun,2Yta25pwVX1ruREWZZ56TSzGdZHYPZLanhqo3ry3pump,NVIDIA,So11111111111111111111111111111111111111112,SOL,2026-10-03T04:06:40Z,3.362873722349016e-06,3501.263587,,2714.5608,119.35826819440317,100.0,,0.0,0.0,0.0,0.0,0.0,0.0,0,0,0,0,0,0,0,0,0,0,0,0,0,0,0,0,0,0,0,0,0,0,0,0,0.0,0.0,0.0,0.0,0.0,0.0,snapshot,,,,,,,/home/runner/work/Solana-Memecoin-Analysis/Solana-Memecoin-Analysis/data/cache/2026-10-05/000336819367_multi_pools_e1522abc82af.json,2
2026-10-05T00:02:58.856965+00:00,AAbhrdkvZPx91CoNqV9JBZrSGTvzFiK6KQCUjCJyhgp9,solana,Pump.fun,BkpsmzaMiBWVxyVnN4ZJ2tWeW6LTtgR6yV2vJ69hpump,$MFRG,So11111111111111111111111111111111111111112,SOL,2026-10-03T04:15:44Z,6.001806516022097e-06,12003.613032,,4613.4523,119.13155400162607,100.0,,0.0,0.0,0.0,0.0,0.0,0.0,0,0,0,0,0,0,0,0,0,0,0,0,0,0,0,0,0,0,0,0,0,0,0,0,0.0,0.0,0.0,0.0,0.0,0.0,snapshot,,,,,,,/home/runner/work/Solana-Memecoin-Analysis/Solana-Memecoin-Analysis/data/cache/2026-10-05/000336819367_multi_pools_e1522abc82af.json,2
2026-10-05T00:02:58.856965+00:00,DU5oBbauRBnoKXj3LMSEqn5QAZNxnwAptxbrNJpNs66,solana,Pump.fun,3UGKH1hWfbYZrcUvw6u83zxrQnpeXfJqbXj4ZpUGZ6ce,GUSTAVO,So11111111111111111111111111111111111111112,SOL,2026-10-03T04:15:30Z,3.3389292869116197e-06,3338.929287,,2701.2099,119.09416868275117,100.0,,0.0,0.0,0.0,0.0,0.0,0.0,0,0,0,0,0,0,0,0,0,0,0,0,0,0,0,0,0,0,0,0,0,0,0,0,0.0,0.0,0.0,0.0,0.0,0.0,snapshot,,,,,,,/home/runner/work/Solana-Memecoin-Analysis/Solana-Memecoin-Analysis/data/cache/2026-10-05/000336819367_multi_pools_e1522abc82af.json,2
2026-10-05T00:02:58.856965+00:00,5n3EYaiFc5ZWp4qYK7CuDck41hPmeuXEFuMZ3shSV5oJ,solana,Pump.fun,F6wV2dSUBmQBJzEFjfzx6iqfLcQHLsvVUa3BoPrv5EZi,GUSTAVO,So11111111111111111111111111111111111111112,SOL,2026-10-03T04:15:28Z,3.331722495577754e-06,3331.722496,,2693.52,119.17648570412223,100.0,,0.0,0.0,0.0,0.0,0.0,0.0,0,0,0,0,0,0,0,0,0,0,0,0,0,0,0,0,0,0,0,0,0,0,0,0,0.0,0.0,0.0,0.0,0.0,0.0,snapshot,,,,,,,/home/runner/work/Solana-Memecoin-Analysis/Solana-Memecoin-Analysis/data/cache/2026-10-05/000336819367_multi_pools_e1522abc82af.json,2
2026-10-05T00:02:58.856965+00:00,7zGWwU9Nm45xTAyCGALXxk6USJgv5SBNLdnAKsA13VW2,solana,Pump.fun,4GdBE2kXnVKeHMcaRN8ig1LTMCuu5aFf5YpME6tbQFxW,GUSTAVO,So11111111111111111111111111111111111111112,SOL,2026-10-03T04:15:25Z,3.3317290731657136e-06,3331.729073,,2693.52,119.17672098596772,100.0,,0.0,0.0,0.0,0.0,0.0,0.0,0,0,0,0,0,0,0,0,0,0,0,0,0,0,0,0,0,0,0,0,0,0,0,0,0.0,0.0,0.0,0.0,0.0,0.0,snapshot,,,,,,,/home/runner/work/Solana-Memecoin-Analysis/Solana-Memecoin-Analysis/data/cache/2026-10-05/000336819367_multi_pools_e1522abc82af.json,2
2026-10-05T00:02:58.856965+00:00,MsBTWQFKuH2QPqSDWcyffSpetTjLkjD8t7e2QYPJQq4,solana,Meteora DBC,CFvE2dQswe3G4MT7BbqJzMYRPRhevSyRmje7xpqvzs6G,KIRKOWEEN,So11111111111111111111111111111111111111112,SOL,2026-10-03T04:15:25Z,4.671573410575379e-05,46715.73411,,0.0,119.0079900584803,,,0.0,0.0,0.0,0.0,0.0,0.0,0,0,0,0,0,0,0,0,0,0,0,0,0,0,0,0,0,0,0,0,0,0,0,0,0.0,0.0,0.0,0.0,0.0,0.0,snapshot,,,,,,,/home/runner/work/Solana-Memecoin-Analysis/Solana-Memecoin-Analysis/data/cache/2026-10-05/000336819367_multi_pools_e1522abc82af.json,2
2026-10-05T00:02:58.856965+00:00,6TSbujiKXx1BYiyo7i5zJTTik8UYYiJDrAf4FirtrDtW,solana,Pump.fun,BLu9rDsNZSUEk1mHpTwqBcFHi1bE6rUQhbNCb1xt58F8,BENICIO,So11111111111111111111111111111111111111112,SOL,2026-10-03T04:24:33Z,3.4935059499358096e-06,3493.50595,,2826.2639,119.0939817454746,,,0.0,0.0,0.0,0.0,0.0,0.0,0,0,0,0,0,0,0,0,0,0,0,0,0,0,0,0,0,0,0,0,0,0,0,0,0.0,0.0,0.0,0.0,0.0,0.0,snapshot,,,,,,,/home/runner/work/Solana-Memecoin-Analysis/Solana-Memecoin-Analysis/data/cache/2026-10-05/000336819367_multi_pools_e1522abc82af.json,2
2026-10-05T00:02:58.856965+00:00,DUbBWhruTDBx9GhFnJs25fEXzZE48SbbS6YAaAksSfHF,solana,Pump.fun,CPttF6sTk59SSDAbqfbVMHFpxn7erkUL9og3WeFFpump,WALKMETHRU,So11111111111111111111111111111111111111112,SOL,2026-10-03T04:24:25Z,3.325254330068076e-06,3325.25433,,2693.9209,118.92705831628798,100.0,,0.0,0.0,0.0,0.0,0.0,0.0,0,0,0,0,0,0,0,0,0,0,0,0,0,0,0,0,0,0,0,0,0,0,0,0,0.0,0.0,0.0,0.0,0.0,0.0,snapshot,,,,,,,/home/runner/work/Solana-Memecoin-Analysis/Solana-Memecoin-Analysis/data/cache/2026-10-05/000336819367_multi_pools_e1522abc82af.json,2
2026-10-05T00:02:58.856965+00:00,FXVDBYmSrLJiNo4uqFuuePMJEgCnSkDi6HnoW3eigY6h,solana,Pump.fun,GfuphbHpDq8sCVUCgWPL3TQjj83oqvm8stGYymUihoPZ,HoldFast,So11111111111111111111111111111111111111112,SOL,2026-10-03T04:24:20Z,3.3483674280481195e-06,3348.367428,,2704.8057,119.27160024166224,100.0,,0.0,0.0,0.0,0.0,0.0,0.0,0,0,0,0,0,0,0,0,0,0,0,0,0,0,0,0,0,0,0,0,0,0,0,0,0.0,0.0,0.0,0.0,0.0,0.0,snapshot,,,,,,,/home/runner/work/Solana-Memecoin-Analysis/Solana-Memecoin-Analysis/data/cache/2026-10-05/000336819367_multi_pools_e1522abc82af.json,2
2026-10-05T00:02:58.856965+00:00,DdRn8LeUmHMXTdHdiZ2PLh12iZascuEydMuSJBqWx1uX,solana,Pump.fun,3WL4r55Di9RF2T1XVPF9cJ94L23cSZ8hZcbzFQ6nvS3R,POKECOIN,So11111111111111111111111111111111111111112,SOL,2026-10-03T04:24:17Z,3.3498728371444013e-06,3349.872837,,2693.848,119.81102531586622,100.0,,0.0,0.0,0.0,0.0,0.0,0.0,0,0,0,0,0,0,0,0,0,0,0,0,0,0,0,0,0,0,0,0,0,0,0,0,0.0,0.0,0.0,0.0,0.0,0.0,snapshot,,,,,,,/home/runner/work/Solana-Memecoin-Analysis/Solana-Memecoin-Analysis/data/cache/2026-10-05/000336819367_multi_pools_e1522abc82af.json,2
2026-10-05T00:02:58.856965+00:00,A3ZMvFm2AUPvD6TMdiqNYsbXikKZkazALBEw1EVtJR2Y,solana,Pump.fun,3Lp9MzWquKQ3mwkRg5yCNFbQUxRHShgvSmkhwDfepump,BENICIO,So11111111111111111111111111111111111111112,SOL,2026-10-03T04:32:16Z,3.3263210893653875e-06,3326.321089,,2693.8723,118.96738055341305,100.0,,0.0,0.0,0.0,0.0,0.0,0.0,0,0,0,0,0,0,0,0,0,0,0,0,0,0,0,0,0,0,0,0,0,0,0,0,0.0,0.0,0.0,0.0,0.0,0.0,snapshot,,,,,,,/home/runner/work/Solana-Memecoin-Analysis/Solana-Memecoin-Analysis/data/cache/2026-10-05/000336819367_multi_pools_e1522abc82af.json,2
2026-10-05T00:02:58.856965+00:00,88qnCKbQcaCSFp4kL3topbi1i4jHoFbkCdvhDtYfnsSZ,solana,Pump.fun,DBAYLyJZTfP4aFUXSV1pvAazsXTdpExm2VFkbucBpump,SWEEPR,XsDoVfqeBukxuZHWhdvWHBhgEHjGNst4MLodqsJHzoB,TSLAx,2026-10-03T04:32:16Z,3.997304443638269e-06,3997.304444,,3237.1174,369.3069752336091,100.0,,0.0,0.0,0.0,0.0,0.0,0.0,0,0,0,0,0,0,0,0,0,0,0,0,0,0,0,0,0,0,0,0,0,0,0,0,0.0,0.0,0.0,0.0,0.0,0.0,snapshot,,,,,,,/home/runner/work/Solana-Memecoin-Analysis/Solana-Memecoin-Analysis/data/cache/2026-10-05/000336819367_multi_pools_e1522abc82af.json,2
2026-10-05T00:02:58.856965+00:00,DKVuF3zuZo6qSGuhZGnV1Nx6gC7noFMcgCQiJrs4yZpg,solana,Pump.fun,6xbSXyihNr4q54DW5xSYBQe5SCL5x3dQAYe7MujRpump,spooks,So11111111111111111111111111111111111111112,SOL,2026-10-03T04:32:15Z,3.4095010996080417e-06,3409.5011,,2761.3801,118.95706521278797,100.0,,0.0,0.0,0.0,0.0,0.0,0.0,0,0,0,0,0,0,0,0,0,0,0,0,0,0,0,0,0,0,0,0,0,0,0,0,0.0,0.0,0.0,0.0,0.0,0.0,snapshot,,,,,,,/home/runner/work/Solana-Memecoin-Analysis/Solana-Memecoin-Analysis/data/cache/2026-10-05/000336819367_multi_pools_e1522abc82af.json,2
2026-10-05T00:02:58.856965+00:00,BoYqfqE2hcBY2eTTn22AG2eQ88v4QqrQNUYF5BvgM87E,solana,Pump.fun,2qd5HvfCrgQxSs8GY9FuJwGzQ7ZmPAQfvdLmeTbUpump,USMS,So11111111111111111111111111111111111111112,SOL,2026-10-03T04:32:11Z,7.065571894822151e-06,14131.14379,,5118.8312,118.97319295270688,,,0.0,0.0,0.0,0.0,0.0,0.0,0,0,0,0,0,0,0,0,0,0,0,0,0,0,0,0,0,0,0,0,0,0,0,0,0.0,0.0,0.0,0.0,0.0,0.0,snapshot,,,,,,,/home/runner/work/Solana-Memecoin-Analysis/Solana-Memecoin-Analysis/data/cache/2026-10-05/000336819367_multi_pools_e1522abc82af.json,2
2026-10-05T00:02:58.856965+00:00,HUhcnJjW6q1dsSRgYxpiFAQu9xUESojaxYjPosgLonPc,solana,Meteora DAMM V2,GkU4LUK1NH1nr2MTpZG9B9pwAj5eYTXz2btFrybyLSW3,BENICIO,So11111111111111111111111111111111111111112,SOL,2026-10-03T04:41:24Z,3.542188928969994e-05,36979.3995534476,,1.058855471e-05,118.95741135372697,,,0.0,0.0,0.0,0.0,0.0,0.0,0,0,0,0,0,0,0,0,0,0,0,0,0,0,0,0,0,0,0,0,0,0,0,0,0.0,0.0,0.0,0.0,0.0,0.0,snapshot,,,,,,,/home/runner/work/Solana-Memecoin-Analysis/Solana-Memecoin-Analysis/data/cache/2026-10-05/000336819367_multi_pools_e1522abc82af.json,2
2026-10-05T00:02:58.856965+00:00,Gw3NEHzYPNXDBiiEjCEACEzZDeA5fUxKMNaB4qvkzHRt,solana,Pump.fun,A2YhQFH5ZF9DPseUm7pVaxpfTZUHGzupQfboX4num5dW,ADAM,So11111111111111111111111111111111111111112,SOL,2026-10-03T04:41:24Z,3.325500627897714e-06,3325.500628,,2693.8723,118.93822679182847,100.0,,0.0,0.0,0.0,0.0,0.0,0.0,0,0,0,0,0,0,0,0,0,0,0,0,0,0,0,0,0,0,0,0,0,0,0,0,0.0,0.0,0.0,0.0,0.0,0.0,snapshot,,,,,,,/home/runner/work/Solana-Memecoin-Analysis/Solana-Memecoin-Analysis/data/cache/2026-10-05/000406750973_multi_pools_d0c1fda1e4e0.json,2
2026-10-05T00:02:58.856965+00:00,HUggez15C2QgozYmKFreUZQwKk3Cci3oRq47UZjK9DMM,solana,Pump.fun,H3vebUNyqzaN218M1Jq7oVCKF47tQChhcZnwzm6tpump,BOO,So11111111111111111111111111111111111111112,SOL,2026-10-03T04:50:02Z,3.3682909225925816e-06,3368.290923,,2723.6598,119.15094505777967,,,0.0,0.0,0.0,0.0,0.0,0.0,0,0,0,0,0,0,0,0,0,0,0,0,0,0,0,0,0,0,0,0,0,0,0,0,0.0,0.0,0.0,0.0,0.0,0.0,snapshot,,,,,,,/home/runner/work/Solana-Memecoin-Analysis/Solana-Memecoin-Analysis/data/cache/2026-10-05/000406750973_multi_pools_d0c1fda1e4e0.json,2
2026-10-05T00:02:58.856965+00:00,SrCU5Vr883VhayujQukPR9MjXmGF85keDav9T7tWvRW,solana,Pump.fun,DPov8xBH1PcEYBnNCbeoUQ2APnk2rJgFr34gYoFDpump,PEPEGRIND,So11111111111111111111111111111111111111112,SOL,2026-10-03T04:49:53Z,4.821790114239232e-07,964.3580228,,388.853,119.14399353997388,100.0,,0.0,0.0,0.0,0.0,0.0,0.0,0,0,0,0,0,0,0,0,0,0,0,0,0,0,0,0,0,0,0,0,0,0,0,0,0.0,0.0,0.0,0.0,0.0,0.0,snapshot,,,,,,,/home/runner/work/Solana-Memecoin-Analysis/Solana-Memecoin-Analysis/data/cache/2026-10-05/000406750973_multi_pools_d0c1fda1e4e0.json,2
2026-10-05T00:02:58.856965+00:00,C2tkL46ruBzm2sRrds6mZWMAZNZRbXR1152sWXUQZjFw,solana,PumpSwap,ETDwFzzyp58sZ2TE2riEUymY1qPQ22CbCUozSDNZpump,SI,So11111111111111111111111111111111111111112,SOL,2026-10-03T04:49:35Z,6.251098997212997e-05,62510.98997,,6.29860809e-07,119.15145484366175,100.0,,0.0,0.0,0.0,0.0,0.0,0.0,0,0,0,0,0,0,0,0,0,0,0,0,0,0,0,0,0,0,0,0,0,0,0,0,0.0,0.0,0.0,0.0,0.0,0.0,snapshot,,,,,,,/home/runner/work/Solana-Memecoin-Analysis/Solana-Memecoin-Analysis/data/cache/2026-10-05/000406750973_multi_pools_d0c1fda1e4e0.json,2
2026-10-05T00:02:58.856965+00:00,9AuT2eGkBC3nraeRzYjeVsh6X3xviuxsgJME8z1VEwd2,solana,Meteora DAMM V2,9fETJhHeCsTsN7k7Nnr6f162u3rzaQ6MgqhoDPdC6M5i,Ouroboros,So11111111111111111111111111111111111111112,SOL,2026-10-03T04:49:35Z,6.380537204791748e-10,0.6380537205,,1.1419,119.17875738039208,0.0,,0.0,0.0,0.0,0.0,0.0,0.0,0,0,0,0,0,0,0,0,0,0,0,0,0,0,0,0,0,0,0,0,0,0,0,0,0.0,0.0,0.0,0.0,0.0,0.0,snapshot,,,,,,,/home/runner/work/Solana-Memecoin-Analysis/Solana-Memecoin-Analysis/data/cache/2026-10-05/000406750973_multi_pools_d0c1fda1e4e0.json,2
2026-10-05T00:02:58.856965+00:00,3ETSd9QgkcgDm8NBLFxtH8Btfps7BNKTBE6HvGHErWSK,solana,Pump.fun,88kBfmx6eGgEfG4RcdohJVP83GQeuJhS9YUrjxtLsU8B,HALLOWINU,So11111111111111111111111111111111111111112,SOL,2026-10-03T04:49:35Z,3.330400221084936e-06,3330.400221,,2694.5526,119.08359269619253,100.0,,0.0,0.0,0.0,0.0,0.0,0.0,0,0,0,0,0,0,0,0,0,0,0,0,0,0,0,0,0,0,0,0,0,0,0,0,0.0,0.0,0.0,0.0,0.0,0.0,snapshot,,,,,,,/home/runner/work/Solana-Memecoin-Analysis/Solana-Memecoin-Analysis/data/cache/2026-10-05/000406750973_multi_pools_d0c1fda1e4e0.json,2
2026-10-05T00:02:58.856965+00:00,GnVNXJAieuYBSCuKP4T5XtjCddarAArqnMFaft2vDD2S,solana,PumpSwap,RTygp2VBf96G2pX8dUbpnVrSskhgGLzxsbjBJi9zkhA,제로,So11111111111111111111111111111111111111112,SOL,2026-10-03T04:49:30Z,5.443442689816279e-05,43616.8506932509,,6.123086373e-07,119.09444910825655,100.0,,0.0,0.0,0.0,0.0,0.0,0.0,0,0,0,0,0,0,0,0,0,0,0,0,0,0,0,0,0,0,0,0,0,0,0,0,0.0,0.0,0.0,0.0,0.0,0.0,snapshot,,,,,,,/home/runner/work/Solana-Memecoin-Analysis/Solana-Memecoin-Analysis/data/cache/2026-10-05/000406750973_multi_pools_d0c1fda1e4e0.json,2
2026-10-05T00:02:58.856965+00:00,H8NjhpCDhiEmeA1perQLQrubYL7LUeT3uvFp183Rkai,solana,Pump.fun,BBScYDYjbGvEe8fjfYLmBDvYPtDeCpkxsZmpj1newW31,SAW,So11111111111111111111111111111111111111112,SOL,2026-10-03T04:58:23Z,3.44027418890014e-06,3440.274189,,2783.5749,119.07787757063879,,,0.0,0.0,0.0,0.0,0.0,0.0,0,0,0,0,0,0,0,0,0,0,0,0,0,0,0,0,0,0,0,0,0,0,0,0,0.0,0.0,0.0,0.0,0.0,0.0,snapshot,,,,,,,/home/runner/work/Solana-Memecoin-Analysis/Solana-Memecoin-Analysis/data/cache/2026-10-05/000406750973_multi_pools_d0c1fda1e4e0.json,2
2026-10-05T00:02:58.856965+00:00,7Lf1KCFw6pKnPcWuhnqPxkSyhKbHNtuDqAyYQuX81UhJ,solana,Pump.fun,5ws5rkMGBRxWAA5dS17ZwDzkCuw4E7sGF6yT87m8zUR8,SAW,So11111111111111111111111111111111111111112,SOL,2026-10-03T04:58:22Z,3.4402771274041754e-06,3440.277127,,2783.5749,119.07797939987253,100.0,,0.0,0.0,0.0,0.0,0.0,0.0,0,0,0,0,0,0,0,0,0,0,0,0,0,0,0,0,0,0,0,0,0,0,0,0,0.0,0.0,0.0,0.0,0.0,0.0,snapshot,,,,,,,/home/runner/work/Solana-Memecoin-Analysis/Solana-Memecoin-Analysis/data/cache/2026-10-05/000406750973_multi_pools_d0c1fda1e4e0.json,2
2026-10-05T00:02:58.856965+00:00,FFwkNXi4NJQmgLWepW5A4EPPdi1YRTjdfB7iffKLr1o,solana,Pump.fun,BvAwiTPpYxJkdieoWdoELTgZRsRzc9ixh2TkP2xnpump,Peter,So11111111111111111111111111111111111111112,SOL,2026-10-03T05:07:29Z,1.2057499451582012e-05,24114.9989,,9356.0768,119.09744756711767,,,0.0,0.0,0.0,0.0,0.0,0.0,0,0,0,0,0,0,0,0,0,0,0,0,0,0,0,0,0,0,0,0,0,0,0,0,0.0,0.0,0.0,0.0,0.0,0.0,snapshot,,,,,,,/home/runner/work/Solana-Memecoin-Analysis/Solana-Memecoin-Analysis/data/cache/2026-10-05/000406750973_multi_pools_d0c1fda1e4e0.json,2
2026-10-05T00:02:58.856965+00:00,BjqiAw9GUj64oo2vCDmiBxbT7geDyqxmzCGq2i3zAvtU,solana,Meteora DBC,6fh6DbMa6bAFg3iUoXCthqynyFCJbxMxi9QSFCtHbyV2,AI,So11111111111111111111111111111111111111112,SOL,2026-10-03T05:07:20Z,4.767597746169354e-05,46449.67049,,45652.9906,119.00342998589123,,,0.0,0.0,0.0,0.0,0.0,0.0,0,0,0,0,0,0,0,0,0,0,0,0,0,0,0,0,0,0,0,0,0,0,0,0,0.0,0.0,0.0,0.0,0.0,0.0,snapshot,,,,,,,/home/runner/work/Solana-Memecoin-Analysis/Solana-Memecoin-Analysis/data/cache/2026-10-05/000406750973_multi_pools_d0c1fda1e4e0.json,2
2026-10-05T00:02:58.856965+00:00,7prX3t4ZSRv23BdvWDdBRdxkhMzouYV7amLUyQoBSRFf,solana,Meteora DBC,7dQXJngKaLNKeLE8TpyG3PKgrz8gj2mBK9v2K87Gjer6,ABU,So11111111111111111111111111111111111111112,SOL,2026-10-03T05:07:01Z,5.815215531401884e-05,58152.15531,,0.0,119.08165708754994,,,0.0,0.0,0.0,0.0,0.0,0.0,0,0,0,0,0,0,0,0,0,0,0,0,0,0,0,0,0,0,0,0,0,0,0,0,0.0,0.0,0.0,0.0,0.0,0.0,snapshot,,,,,,,/home/runner/work/Solana-Memecoin-Analysis/Solana-Memecoin-Analysis/data/cache/2026-10-05/000406750973_multi_pools_d0c1fda1e4e0.json,2
2026-10-05T00:02:58.856965+00:00,FP2sASEJxSoT1Sho4oyowb7L9Lu3SKzjzGku8yKwUJUh,solana,Pump.fun,H9nNWcZtBAuunNCpdZ2kXC4zE39h3itMr5kaavQPXh6D,MUSK,So11111111111111111111111111111111111111112,SOL,2026-10-03T05:16:28Z,3.3586481050091114e-06,3358.648105,,2711.4387,119.34541638703732,100.0,,0.0,0.0,0.0,0.0,0.0,0.0,0,0,0,0,0,0,0,0,0,0,0,0,0,0,0,0,0,0,0,0,0,0,0,0,0.0,0.0,0.0,0.0,0.0,0.0,snapshot,,,,,,,/home/runner/work/Solana-Memecoin-Analysis/Solana-Memecoin-Analysis/data/cache/2026-10-05/000406750973_multi_pools_d0c1fda1e4e0.json,2
2026-10-05T00:02:58.856965+00:00,ExiedYvAbhBmCvzWj7Xh6mivmpxz3eYnUKhoGAQdv3Rn,solana,Pump.fun,7WKmsBjHgFvb5mv5SnLop3nxQRYt4FDGGiuJCm7Gpump,MGOAT,So11111111111111111111111111111111111111112,SOL,2026-10-03T05:16:26Z,7.93027687318847e-08,158.60553746,,68.1638,119.36463208482415,,,0.0,0.0,0.0,0.0,0.0,0.0,0,0,0,0,0,0,0,0,0,0,0,0,0,0,0,0,0,0,0,0,0,0,0,0,0.0,0.0,0.0,0.0,0.0,0.0,snapshot,,,,,,,/home/runner/work/Solana-Memecoin-Analysis/Solana-Memecoin-Analysis/data/cache/2026-10-05/000406750973_multi_pools_d0c1fda1e4e0.json,2
2026-10-05T00:02:58.856965+00:00,DXKLvHWzm9B19HPdjQxK9giSTi4rsrZZB3zqGcY2mrWf,solana,Meteora DAMM V2,7T6yr2AAdrLfWfez75Qg4JaC8agFoentgPYDXRsNiwEv,제로,So11111111111111111111111111111111111111112,SOL,2026-10-03T05:16:23Z,0.0004098784945467256,483305.2349,,0.00018316504034445,119.26245731197608,100.0,,0.0,0.0,0.0,0.0,0.0,0.0,0,0,0,0,0,0,0,0,0,0,0,0,0,0,0,0,0,0,0,0,0,0,0,0,0.0,0.0,0.0,0.0,0.0,0.0,snapshot,,,,,,,/home/runner/work/Solana-Memecoin-Analysis/Solana-Memecoin-Analysis/data/cache/2026-10-05/000406750973_multi_pools_d0c1fda1e4e0.json,2
2026-10-05T00:02:58.856965+00:00,F2pUaEd1ZtpdjgE5EqaAvNm2hQNjuff4neEK69sm6d2F,solana,Meteora DBC,7T6yr2AAdrLfWfez75Qg4JaC8agFoentgPYDXRsNiwEv,제로,So11111111111111111111111111111111111111112,SOL,2026-10-03T05:16:23Z,5.184907909726144e-12,0.00518490791,,0.0,119.2528648179165,,,0.0,0.0,0.0,0.0,0.0,0.0,0,0,0,0,0,0,0,0,0,0,0,0,0,0,0,0,0,0,0,0,0,0,0,0,0.0,0.0,0.0,0.0,0.0,0.0,snapshot,,,,,,,/home/runner/work/Solana-Memecoin-Analysis/Solana-Memecoin-Analysis/data/cache/2026-10-05/000406750973_multi_pools_d0c1fda1e4e0.json,2
2026-10-05T00:02:58.856965+00:00,6Dqt5X6pHLfM35jKQ3CLrKSW61AYh6Wfb8MwyXDQ3BeE,solana,Pump.fun,Fruc1U5oRPUqCKWwNFtJAdtp1xje9wsAc3xXsj9Gpump,HALLOWINU,So11111111111111111111111111111111111111112,SOL,2026-10-03T05:16:21Z,3.3425965252164046e-06,3342.596525,,2694.5769,119.51831219050982,,,0.0,0.0,0.0,0.0,0.0,0.0,0,0,0,0,0,0,0,0,0,0,0,0,0,0,0,0,0,0,0,0,0,0,0,0,0.0,0.0,0.0,0.0,0.0,0.0,snapshot,,,,,,,/home/runner/work/Solana-Memecoin-Analysis/Solana-Memecoin-Analysis/data/cache/2026-10-05/000406750973_multi_pools_d0c1fda1e4e0.json,2
2026-10-05T00:02:58.856965+00:00,EQQWksZFAShTSGeYKL7aEcRQTGPRaBcBQQ6ahbCLWhe3,solana,Meteora DBC,88rFiD2CUgiZH8VQsE2JvTfX2mbrvcMEmX7K5PuzgMzD,ABU,So11111111111111111111111111111111111111112,SOL,2026-10-03T05:16:19Z,5.795295028149715e-05,57952.95028,,0.0,119.36548199324513,,,0.0,0.0,0.0,0.0,0.0,0.0,0,0,0,0,0,0,0,0,0,0,0,0,0,0,0,0,0,0,0,0,0,0,0,0,0.0,0.0,0.0,0.0,0.0,0.0,snapshot,,,,,,,/home/runner/work/Solana-Memecoin-Analysis/Solana-Memecoin-Analysis/data/cache/2026-10-05/000406750973_multi_pools_d0c1fda1e4e0.json,2
2026-10-05T00:02:58.856965+00:00,FiqcyuhRozoxUgAxaRcXU4NZXDXUocWZPBptcs7894yd,solana,Pump.fun,5GMWrEEYC4Hjh7iLpMKM8E96Ut3sNLghBWTfQc1ws5iW,inu,So11111111111111111111111111111111111111112,SOL,2026-10-03T05:16:10Z,3.4324310673271467e-06,3656.174724,,2772.8359,119.2666847964256,,,0.0,0.0,0.0,0.0,0.0,0.0,0,0,0,0,0,0,0,0,0,0,0,0,0,0,0,0,0,0,0,0,0,0,0,0,0.0,0.0,0.0,0.0,0.0,0.0,snapshot,,,,,,,/home/runner/work/Solana-Memecoin-Analysis/Solana-Memecoin-Analysis/data/cache/2026-10-05/000406750973_multi_pools_d0c1fda1e4e0.json,2
2026-10-05T00:02:58.856965+00:00,7qDPueRYw15Y9i3MjL1Aen7ViYyfMr6YUBXJZhrGkbRx,solana,Pump.fun,AKqN5abiWxPguUBjPhDQb4h81vUaN5pJEv3ixCY1pump,Yukimi,So11111111111111111111111111111111111111112,SOL,2026-10-03T05:24:46Z,3.349974201557666e-06,3349.974202,,2700.5782,119.51598318648607,100.0,,0.0,0.0,0.0,0.0,0.0,0.0,0,0,0,0,0,0,0,0,0,0,0,0,0,0,0,0,0,0,0,0,0,0,0,0,0.0,0.0,0.0,0.0,0.0,0.0,snapshot,,,,,,,/home/runner/work/Solana-Memecoin-Analysis/Solana-Memecoin-Analysis/data/cache/2026-10-05/000406750973_multi_pools_d0c1fda1e4e0.json,2
2026-10-05T00:02:58.856965+00:00,7U2jWEcfTJjAABwvvy6MxZs82m8rJTaQsCRmvtoy3aKK,solana,Pump.fun,8txmN5PkDcbo7kupCDSPz6JL5wsUHDwfDu4LVTZdpump,Tiger,So11111111111111111111111111111111111111112,SOL,2026-10-03T05:24:42Z,2.5508857931025804e-06,5101.771586,,2084.5409,119.34498416531937,100.0,,0.0,0.0,0.0,0.0,0.0,0.0,0,0,0,0,0,0,0,0,0,0,0,0,0,0,0,0,0,0,0,0,0,0,0,0,0.0,0.0,0.0,0.0,0.0,0.0,snapshot,,,,,,,/home/runner/work/Solana-Memecoin-Analysis/Solana-Memecoin-Analysis/data/cache/2026-10-05/000406750973_multi_pools_d0c1fda1e4e0.json,2
2026-10-05T00:02:58.856965+00:00,2k8VGmAroiDiXzSJytdaHKNVdnGxH7yHo6VtdD5mR72p,solana,PumpSwap,BQPUgmW88xBwakcHi8rxrLJK8n7PdKKVNveAt8Udpump,STEVE,So11111111111111111111111111111111111111112,SOL,2026-10-03T05:24:34Z,4.766948797473522e-05,36982.1121487412,,4.759601298e-07,119.42188175766502,100.0,,0.0,0.0,0.0,0.0,0.0,0.0,0,0,0,0,0,0,0,0,0,0,0,0,0,0,0,0,0,0,0,0,0,0,0,0,0.0,0.0,0.0,0.0,0.0,0.0,snapshot,,,,,,,/home/runner/work/Solana-Memecoin-Analysis/Solana-Memecoin-Analysis/data/cache/2026-10-05/000406750973_multi_pools_d0c1fda1e4e0.json,2
2026-10-05T00:02:58.856965+00:00,Egk2dGr1nBA6qmbKRbsH6CWqLHD3mGWoQZFcEU1JsJWd,solana,Pump.fun,85bcg1FWQ2bCXt9jLZBZbRunY4XZRndkJd8npxoN9qwG,NIETZCHE,So11111111111111111111111111111111111111112,SOL,2026-10-03T05:33:19Z,3.3399072943762236e-06,3339.907294,,2694.5405,119.42407731331534,,,0.0,0.0,0.0,0.0,0.0,0.0,0,0,0,0,0,0,0,0,0,0,0,0,0,0,0,0,0,0,0,0,0,0,0,0,0.0,0.0,0.0,0.0,0.0,0.0,snapshot,,,,,,,/home/runner/work/Solana-Memecoin-Analysis/Solana-Memecoin-Analysis/data/cache/2026-10-05/000406750973_multi_pools_d0c1fda1e4e0.json,2
2026-10-05T00:02:58.856965+00:00,AqYrKd9GykkvnUGbKKK8MrkseRrqz8QVnJNB8RybxVzs,solana,Meteora DBC,8WULHz9bC8VR9dpuYEJVJthrEyv3cYBbiHHaQF1S5Qm5,PRINTR,So11111111111111111111111111111111111111112,SOL,2026-10-03T05:33:11Z,1.1973758187493456e-10,0.1197375819,,0.0,119.61781641396749,,,0.0,0.0,0.0,0.0,0.0,0.0,0,0,0,0,0,0,0,0,0,0,0,0,0,0,0,0,0,0,0,0,0,0,0,0,0.0,0.0,0.0,0.0,0.0,0.0,snapshot,,,,,,,/home/runner/work/Solana-Memecoin-Analysis/Solana-Memecoin-Analysis/data/cache/2026-10-05/000406750973_multi_pools_d0c1fda1e4e0.json,2
2026-10-05T00:02:58.856965+00:00,8HHjfvVLFdssFtFLjScHGu56Y3Por5kTrCpAhxRgj8ZK,solana,Meteora DBC,HgWkCNuVxSfw1962EN5ni2YtCUbzzeseqQ9yXLpLCqY3,SV3,So11111111111111111111111111111111111111112,SOL,2026-10-03T05:33:07Z,3.983555095789548e-06,3983.555096,,4049.8589,119.49348244181682,,,0.0,0.0,0.0,0.0,0.0,0.0,0,0,0,0,0,0,0,0,0,0,0,0,0,0,0,0,0,0,0,0,0,0,0,0,0.0,0.0,0.0,0.0,0.0,0.0,snapshot,,,,,,,/home/runner/work/Solana-Memecoin-Analysis/Solana-Memecoin-Analysis/data/cache/2026-10-05/000406750973_multi_pools_d0c1fda1e4e0.json,2
2026-10-05T00:02:58.856965+00:00,C6ZzXgaaqYBq9PuHqDWg6cn7BLaTZDXrAacDJBVCCZrz,solana,Pump.fun,DFJo5CGxhh6FBYq1kssanSHVXaYkBqz4qJseR6wypump,DOTF,So11111111111111111111111111111111111111112,SOL,2026-10-03T05:33:06Z,1.2807447207083552e-05,12807.3074250586,,0.0,119.49348244181682,,,0.0,0.0,0.0,0.0,0.0,0.0,0,0,0,0,0,0,0,0,0,0,0,0,0,0,0,0,0,0,0,0,0,0,0,0,0.0,0.0,0.0,0.0,0.0,0.0,snapshot,,,,,,,/home/runner/work/Solana-Memecoin-Analysis/Solana-Memecoin-Analysis/data/cache/2026-10-05/000406750973_multi_pools_d0c1fda1e4e0.json,2
2026-10-05T00:02:58.856965+00:00,F3uetm2dMvBkL3XUMKQkgaGEYjqprZa45PPGkq4kpno7,solana,Pump.fun,8Z1JSVRBdYGzPsX1YvdTzKd1saA64YtEzTUBf3BKpump,HALOWEEN,So11111111111111111111111111111111111111112,SOL,2026-10-03T05:39:41Z,4.242708697112655e-06,8485.417394,,3416.4254,119.41277835352868,100.0,,0.0,0.0,0.0,0.0,0.0,0.0,0,0,0,0,0,0,0,0,0,0,0,0,0,0,0,0,0,0,0,0,0,0,0,0,0.0,0.0,0.0,0.0,0.0,0.0,snapshot,,,,,,,/home/runner/work/Solana-Memecoin-Analysis/Solana-Memecoin-Analysis/data/cache/2026-10-05/000406750973_multi_pools_d0c1fda1e4e0.json,2
2026-10-05T00:02:58.856965+00:00,2Mjg8j3aFBYagoJUC5PX9ekdZnqpNMzXJBPu94bJxgdJ,solana,Meteora DAMM V2,2Mtpr7TwLHHENcmihFieVy3aAqx8kLsHFF5Z9GsaKaxa,PRINTR,So11111111111111111111111111111111111111112,SOL,2026-10-03T05:39:32Z,1.2314724121675126e-05,12041.6412742533,,1.828619981e-05,119.45580908488482,,,0.0,0.0,0.0,0.0,0.0,0.0,0,0,0,0,0,0,0,0,0,0,0,0,0,0,0,0,0,0,0,0,0,0,0,0,0.0,0.0,0.0,0.0,0.0,0.0,snapshot,,,,,,,/home/runner/work/Solana-Memecoin-Analysis/Solana-Memecoin-Analysis/data/cache/2026-10-05/000406750973_multi_pools_d0c1fda1e4e0.json,2
2026-10-05T00:02:58.856965+00:00,GCBgBqNeSF6sK1NbxKmvB9EoEr4mVybLXG9Gwoo1qJDP,solana,Pump.fun,22Zz5miRN2fDLA6X2ETcdoACQzfdWwD7e3BxMoAJ9RkJ,HAMU,So11111111111111111111111111111111111111112,SOL,2026-10-03T05:39:27Z,3.396455768091258e-06,3396.455768,,2738.1284,119.5126157021603,,,0.0,0.0,0.0,0.0,0.0,0.0,0,0,0,0,0,0,0,0,0,0,0,0,0,0,0,0,0,0,0,0,0,0,0,0,0.0,0.0,0.0,0.0,0.0,0.0,snapshot,,,,,,,/home/runner/work/Solana-Memecoin-Analysis/Solana-Memecoin-Analysis/data/cache/2026-10-05/000406750973_multi_pools_d0c1fda1e4e0.json,2
2026-10-05T00:02:58.856965+00:00,8KEoWRygXmLk1WTdH46ghP1EWLeCPpdhGZZ7B7K7u9vT,solana,Pump.fun,3TTV9osfpT72BqLBCU3pzbFdxtfMk3XxQgSXFVrUpump,MEMEWITZ,So11111111111111111111111111111111111111112,SOL,2026-10-03T05:39:14Z,4.114201101334809e-06,4259.403705,,3269.5653,119.66460018919815,100.0,,0.0,0.0,0.0,0.0,0.0,0.0,0,0,0,0,0,0,0,0,0,0,0,0,0,0,0,0,0,0,0,0,0,0,0,0,0.0,0.0,0.0,0.0,0.0,0.0,snapshot,,,,,,,/home/runner/work/Solana-Memecoin-Analysis/Solana-Memecoin-Analysis/data/cache/2026-10-05/000406750973_multi_pools_d0c1fda1e4e0.json,2
2026-10-05T00:02:58.856965+00:00,8L9HXXzHmDa5BbnsfN2CU6RV3UR3RfKkYqtyXmBDJxgM,solana,PumpSwap,HmBovjqUgVc939MpWc8m6vFppR8bSquKPaJhvKpXbQMv,PRINTR,So11111111111111111111111111111111111111112,SOL,2026-10-03T05:39:14Z,0.0001440289578072015,145192.753145193,,1.09064425077108e-06,119.2667014931631,100.0,,0.0,0.0,0.0,0.0,0.0,0.0,0,0,0,0,0,0,0,0,0,0,0,0,0,0,0,0,0,0,0,0,0,0,0,0,0.0,0.0,0.0,0.0,0.0,0.0,snapshot,,,,,,,/home/runner/work/Solana-Memecoin-Analysis/Solana-Memecoin-Analysis/data/cache/2026-10-05/000414322622_multi_pools_48036b6635e3.json,2
2026-10-05T00:02:58.856965+00:00,2JecSz2VwS9SAcEC5GZim3JFqCQHmgtAiVhARXy4NFk8,solana,Pump.fun,7kNA6j1VnDp5AvSFJJw5SRccK13hPcaDGq8a8yFPpump,CHATON,So11111111111111111111111111111111111111112,SOL,2026-10-03T05:39:10Z,3.350917323388194e-06,3350.917323,,2704.1254,119.39298827168545,,,0.0,0.0,0.0,0.0,0.0,0.0,0,0,0,0,0,0,0,0,0,0,0,0,0,0,0,0,0,0,0,0,0,0,0,0,0.0,0.0,0.0,0.0,0.0,0.0,snapshot,,,,,,,/home/runner/work/Solana-Memecoin-Analysis/Solana-Memecoin-Analysis/data/cache/2026-10-05/000414322622_multi_pools_48036b6635e3.json,2
2026-10-05T00:02:58.856965+00:00,DgKTK1A5bWdDD1Ct68mWUwsBcxzec5LF5fuL7uEMVNaU,solana,Pump.fun,Be8FtRNhksMtnJLAWS1G7cpYnasu4D6ACk6ExM7Spump,Tiger,So11111111111111111111111111111111111111112,SOL,2026-10-03T05:39:07Z,4.0834247293273215e-06,8166.849458,,3253.2867,119.47433216216426,,,0.0,0.0,0.0,0.0,0.0,0.0,0,0,0,0,0,0,0,0,0,0,0,0,0,0,0,0,0,0,0,0,0,0,0,0,0.0,0.0,0.0,0.0,0.0,0.0,snapshot,,,,,,,/home/runner/work/Solana-Memecoin-Analysis/Solana-Memecoin-Analysis/data/cache/2026-10-05/000414322622_multi_pools_48036b6635e3.json,2
2026-10-05T00:02:58.856965+00:00,EKqoZjEMMm8GJAupuLiTkvq9GGk8UcxWQX4YrCcB2nHu,solana,Pump.fun,Auok8bXRvMtRUz9DPx2jHnTApNmTDaDoM8nvRUc4pump,lost,So11111111111111111111111111111111111111112,SOL,2026-10-03T05:50:00Z,3.349407464356159e-06,3349.407464,,2700.2866,119.50844597425947,100.0,,0.0,0.0,0.0,0.0,0.0,0.0,0,0,0,0,0,0,0,0,0,0,0,0,0,0,0,0,0,0,0,0,0,0,0,0,0.0,0.0,0.0,0.0,0.0,0.0,snapshot,,,,,,,/home/runner/work/Solana-Memecoin-Analysis/Solana-Memecoin-Analysis/data/cache/2026-10-05/000414322622_multi_pools_48036b6635e3.json,2
2026-10-05T00:02:58.856965+00:00,Hom4wPN5ZuFmD81LKLpErPNPeZArfHcx3Fh17ayhZJQQ,solana,Meteora DAMM V2,CjM6yoeciZqkF75yJarS728B6Q2eU6Jvg9oXL1YKsjge,t1t2,So11111111111111111111111111111111111111112,SOL,2026-10-03T05:49:56Z,2.1404785486046682e-06,2028.74976,,0.0729,119.27754301714721,,,0.0,0.0,0.0,0.0,0.0,0.0,0,0,0,0,0,0,0,0,0,0,0,0,0,0,0,0,0,0,0,0,0,0,0,0,0.0,0.0,0.0,0.0,0.0,0.0,snapshot,,,,,,,/home/runner/work/Solana-Memecoin-Analysis/Solana-Memecoin-Analysis/data/cache/2026-10-05/000414322622_multi_pools_48036b6635e3.json,2
2026-10-05T00:02:58.856965+00:00,2oMSkgbgwqBeD3r39DjZiVAvBYTszcEzpYTvkZsN3Zsh,solana,Pump.fun,HrbiMtL2FgBH1atQT15HW6WaFaybLe81Jw4EJGgdpump,SI-1,So11111111111111111111111111111111111111112,SOL,2026-10-03T05:49:42Z,3.359095246123974e-06,3359.095246,,2707.7092,119.52450394858813,100.0,,0.0,0.0,0.0,0.0,0.0,0.0,0,0,0,0,0,0,0,0,0,0,0,0,0,0,0,0,0,0,0,0,0,0,0,0,0.0,0.0,0.0,0.0,0.0,0.0,snapshot,,,,,,,/home/runner/work/Solana-Memecoin-Analysis/Solana-Memecoin-Analysis/data/cache/2026-10-05/000414322622_multi_pools_48036b6635e3.json,2
2026-10-05T00:02:58.856965+00:00,BXmbSeTZV97XRAySYMmNBbJdgfhdshsdfpUiGqnSPvWu,solana,Meteora DBC,9ktGsPfWexfTc9sorQ4wnAGtNTECe6EySJ6z9uB9qhgt,PRINTR,So11111111111111111111111111111111111111112,SOL,2026-10-03T05:59:36Z,3.939916358146572e-05,39399.16358,,0.0,119.58806953083159,,,0.0,0.0,0.0,0.0,0.0,0.0,0,0,0,0,0,0,0,0,0,0,0,0,0,0,0,0,0,0,0,0,0,0,0,0,0.0,0.0,0.0,0.0,0.0,0.0,snapshot,,,,,,,/home/runner/work/Solana-Memecoin-Analysis/Solana-Memecoin-Analysis/data/cache/2026-10-05/000414322622_multi_pools_48036b6635e3.json,2
2026-10-05T00:02:58.856965+00:00,CGsSydH4JJCs7mSHf7kDz95TLFH92nnP7CtS9RyJAGRv,solana,Pump.fun,FTK1tosdJCCqUqgvc4rrNU25iJogNDa7WBHriZ2Ypump,Bbot,So11111111111111111111111111111111111111112,SOL,2026-10-03T05:59:31Z,1.288067114736822e-09,2.57613423,,1.8708,119.27439174158019,,,0.0,0.0,0.0,0.0,0.0,0.0,0,0,0,0,0,0,0,0,0,0,0,0,0,0,0,0,0,0,0,0,0,0,0,0,0.0,0.0,0.0,0.0,0.0,0.0,snapshot,,,,,,,/home/runner/work/Solana-Memecoin-Analysis/Solana-Memecoin-Analysis/data/cache/2026-10-05/000414322622_multi_pools_48036b6635e3.json,2
2026-10-05T00:02:58.856965+00:00,DQidZSoHqzrhRzKvTRV8fNvFBF6AkK5vP6ka1tepNBM6,solana,Pump.fun,Dhai8Taqaf7aBpFfjR1pu1PEPdN4UdshwCho966dpump,pad,So11111111111111111111111111111111111111112,SOL,2026-10-03T05:59:31Z,3.3441991766100544e-06,3443.03486,,2694.7956,119.56584146268402,100.0,,0.0,0.0,0.0,0.0,0.0,0.0,0,0,0,0,0,0,0,0,0,0,0,0,0,0,0,0,0,0,0,0,0,0,0,0,0.0,0.0,0.0,0.0,0.0,0.0,snapshot,,,,,,,/home/runner/work/Solana-Memecoin-Analysis/Solana-Memecoin-Analysis/data/cache/2026-10-05/000414322622_multi_pools_48036b6635e3.json,2
2026-10-05T00:02:58.856965+00:00,GDtHUY8UDiSe5dw1yyK9G7ZZiukXdwhtfGVmc4pFQDBk,solana,Pump.fun,2bTVDDKMN1VcoftwiZ85qPp1TBiutLrvw6b2rYEMGNQZ,PLAGUE,So11111111111111111111111111111111111111112,SOL,2026-10-03T05:59:29Z,3.3415357728883816e-06,3341.535773,,2694.334,119.49121432923465,,,0.0,0.0,0.0,0.0,0.0,0.0,0,0,0,0,0,0,0,0,0,0,0,0,0,0,0,0,0,0,0,0,0,0,0,0,0.0,0.0,0.0,0.0,0.0,0.0,snapshot,,,,,,,/home/runner/work/Solana-Memecoin-Analysis/Solana-Memecoin-Analysis/data/cache/2026-10-05/000414322622_multi_pools_48036b6635e3.json,2
2026-10-05T00:02:58.856965+00:00,7RHaJoqajQkX7j6VC345hq7BKWJQHbLdXSW34agPDbXj,solana,Pump.fun,GKxnLMpMhwrPc616TFhUttJWVU1iNL4ZpasKdAZpaiYj,WEIRDS,So11111111111111111111111111111111111111112,SOL,2026-10-03T05:59:23Z,3.347022774501074e-06,3347.022775,,2695.5245,119.63462049681331,,,0.0,0.0,0.0,0.0,0.0,0.0,0,0,0,0,0,0,0,0,0,0,0,0,0,0,0,0,0,0,0,0,0,0,0,0,0.0,0.0,0.0,0.0,0.0,0.0,snapshot,,,,,,,/home/runner/work/Solana-Memecoin-Analysis/Solana-Memecoin-Analysis/data/cache/2026-10-05/000414322622_multi_pools_48036b6635e3.json,2
2026-10-05T00:02:58.856965+00:00,HT3QbNAadftuxVQNQ4kULbrDYNTZkjJehEMFRCJ4kSwu,solana,Pump.fun,9jA1peXqditjR4s8J8MYg6EDjJETe4DuGU2cdYUApump,Pump,EPjFWdd5AufqSSqeM2qN1xzybapC8G4wEGGkZwyTDt1v,USDC,2026-10-03T05:59:20Z,3.2852469321267135e-07,657.0493864,,266.6296,1.003581481650604,,,0.0,0.0,0.0,0.0,0.0,0.0,0,0,0,0,0,0,0,0,0,0,0,0,0,0,0,0,0,0,0,0,0,0,0,0,0.0,0.0,0.0,0.0,0.0,0.0,snapshot,,,,,,,/home/runner/work/Solana-Memecoin-Analysis/Solana-Memecoin-Analysis/data/cache/2026-10-05/000414322622_multi_pools_48036b6635e3.json,2
2026-10-05T00:02:58.856965+00:00,5PBY2scEC7M1eRX2Q4SAE9wyYv9LMwgW4JLB4vsb8Y5B,solana,Pump.fun,H9waqgybo5woyBYDrmYSQFk5t7cR6mxwg9mXhNtEpump,TOJ,So11111111111111111111111111111111111111112,SOL,2026-10-03T05:59:15Z,3.3479364537865092e-06,3347.936454,,2697.0673,119.59904623842277,100.0,,0.0,0.0,0.0,0.0,0.0,0.0,0,0,0,0,0,0,0,0,0,0,0,0,0,0,0,0,0,0,0,0,0,0,0,0,0.0,0.0,0.0,0.0,0.0,0.0,snapshot,,,,,,,/home/runner/work/Solana-Memecoin-Analysis/Solana-Memecoin-Analysis/data/cache/2026-10-05/000414322622_multi_pools_48036b6635e3.json,2
2026-10-05T00:02:58.856965+00:00,9FS3pMdfaS4BS6Zeea1ogLSEsqYNbpLFMMtoqyaYhGsE,solana,Pump.fun,9kBRahDBvNn1k9VaHWpHqahemauzVwSZTBUoRohfpump,Hokia,So11111111111111111111111111111111111111112,SOL,2026-10-03T06:08:38Z,3.3815478093509866e-06,3381.547809,,2729.1265,119.38064602774087,,,0.0,0.0,0.0,0.0,0.0,0.0,0,0,0,0,0,0,0,0,0,0,0,0,0,0,0,0,0,0,0,0,0,0,0,0,0.0,0.0,0.0,0.0,0.0,0.0,snapshot,,,,,,,/home/runner/work/Solana-Memecoin-Analysis/Solana-Memecoin-Analysis/data/cache/2026-10-05/000414322622_multi_pools_48036b6635e3.json,2
2026-10-05T00:02:58.856965+00:00,69ZczywMy9duWLGxgg2Q4GQk5VzYE9sRxCETjBPaQ1i1,solana,Pump.fun,GPuqKuuo58FReXVCLDZovzEhfVHukL9CRpecnnLNpump,richer,So11111111111111111111111111111111111111112,SOL,2026-10-03T06:08:33Z,5.350388650527541e-07,1070.0777302,,442.8641,119.38022454056667,,,0.0,0.0,0.0,0.0,0.0,0.0,0,0,0,0,0,0,0,0,0,0,0,0,0,0,0,0,0,0,0,0,0,0,0,0,0.0,0.0,0.0,0.0,0.0,0.0,snapshot,,,,,,,/home/runner/work/Solana-Memecoin-Analysis/Solana-Memecoin-Analysis/data/cache/2026-10-05/000414322622_multi_pools_48036b6635e3.json,2
2026-10-05T00:02:58.856965+00:00,9mw3H3Qkt4xWAtdMz3UbjPX8dkHntmoBAryB6VuiBGUb,solana,Meteora DAMM V2,EKfX628oofs4Hgu31NEkTpNkuoruhufymrSfLdk6k9M1,제로,So11111111111111111111111111111111111111112,SOL,2026-10-03T06:08:29Z,0.000412426306104794,482435.9469,,0.000187363976615958,119.57098970756678,,,0.0,0.0,0.0,0.0,0.0,0.0,0,0,0,0,0,0,0,0,0,0,0,0,0,0,0,0,0,0,0,0,0,0,0,0,0.0,0.0,0.0,0.0,0.0,0.0,snapshot,,,,,,,/home/runner/work/Solana-Memecoin-Analysis/Solana-Memecoin-Analysis/data/cache/2026-10-05/000414322622_multi_pools_48036b6635e3.json,2
2026-10-05T00:02:58.856965+00:00,GLnffNFVYMxGE3JhYA5X4UhyRuY4omMLzXqiGrm1C7za,solana,Pump.fun,9E9PAZ35J4BFX9KPxTBs6NeURq74ugPmMVxLkD9epump,SOOTS,So11111111111111111111111111111111111111112,SOL,2026-10-03T06:08:23Z,3.57336597900195e-08,71.46731958,,29.8118,119.59171823662547,,,0.0,0.0,0.0,0.0,0.0,0.0,0,0,0,0,0,0,0,0,0,0,0,0,0,0,0,0,0,0,0,0,0,0,0,0,0.0,0.0,0.0,0.0,0.0,0.0,snapshot,,,,,,,/home/runner/work/Solana-Memecoin-Analysis/Solana-Memecoin-Analysis/data/cache/2026-10-05/000414322622_multi_pools_48036b6635e3.json,2
2026-10-05T00:02:58.856965+00:00,GnZQnjCNNHpxhWGBee4B9D7WXkRfvvWjKgYH3oRUALm5,solana,Pump.fun,2QbuLP66M7FaW5VHzG6RGC1ES4KGbhy2Wxoisdi5pump,G-Coin,So11111111111111111111111111111111111111112,SOL,2026-10-03T06:08:16Z,5.438036437186673e-07,1087.6072874,,443.8846,119.55213519143042,,,0.0,0.0,0.0,0.0,0.0,0.0,0,0,0,0,0,0,0,0,0,0,0,0,0,0,0,0,0,0,0,0,0,0,0,0,0.0,0.0,0.0,0.0,0.0,0.0,snapshot,,,,,,,/home/runner/work/Solana-Memecoin-Analysis/Solana-Memecoin-Analysis/data/cache/2026-10-05/000414322622_multi_pools_48036b6635e3.json,2
2026-10-05T00:02:58.856965+00:00,E6rYYHfmU99c3o3Utt2gRovsndHSrqqJYbSH4EEyYwuv,solana,Pump.fun,6gXdkHCPsCwNvLApqRA4sUxUZAmgHqENJ4VRA7CQpump,PARLIAMENT,So11111111111111111111111111111111111111112,SOL,2026-10-03T06:08:08Z,3.4108774590932125e-06,3410.877459,,2746.4499,119.65623513494707,,,0.0,0.0,0.0,0.0,0.0,0.0,0,0,0,0,0,0,0,0,0,0,0,0,0,0,0,0,0,0,0,0,0,0,0,0,0.0,0.0,0.0,0.0,0.0,0.0,snapshot,,,,,,,/home/runner/work/Solana-Memecoin-Analysis/Solana-Memecoin-Analysis/data/cache/2026-10-05/000414322622_multi_pools_48036b6635e3.json,2
2026-10-05T00:02:58.856965+00:00,Fm1besc35YMCQ8AC83m6L6ZQGow8oCTuwmYnKFSWRPLs,solana,Pump.fun,4vDMxeJJk5FmZf88HyMVoa5D7FBsMaK79Mx1NGk2pump,LUCKY,EPjFWdd5AufqSSqeM2qN1xzybapC8G4wEGGkZwyTDt1v,USDC,2026-10-03T06:08:07Z,2.0946521907527225e-07,418.9304382,,158.9111,0.9988048134566572,,,0.0,0.0,0.0,0.0,0.0,0.0,0,0,0,0,0,0,0,0,0,0,0,0,0,0,0,0,0,0,0,0,0,0,0,0,0.0,0.0,0.0,0.0,0.0,0.0,snapshot,,,,,,,/home/runner/work/Solana-Memecoin-Analysis/Solana-Memecoin-Analysis/data/cache/2026-10-05/000414322622_multi_pools_48036b6635e3.json,2
2026-10-05T00:02:58.856965+00:00,85Zamt1XZbupCaQYU9jwdoWtQtqwbroZtV9m5Q8E3xuG,solana,Meteora DAMM V2,2JA1m4JGWkQ8ueVWoD5vewWRXgSpSXYi7xVfNucvKkCT,제로,So11111111111111111111111111111111111111112,SOL,2026-10-03T06:17:51Z,0.0005260146737199115,525904.2159,,7.33960031242348e-07,119.46210545153674,,,0.0,0.0,0.0,0.0,0.0,0.0,0,0,0,0,0,0,0,0,0,0,0,0,0,0,0,0,0,0,0,0,0,0,0,0,0.0,0.0,0.0,0.0,0.0,0.0,snapshot,,,,,,,/home/runner/work/Solana-Memecoin-Analysis/Solana-Memecoin-Analysis/data/cache/2026-10-05/000414322622_multi_pools_48036b6635e3.json,2
2026-10-05T00:02:58.856965+00:00,621UAYGyEVbdNbBFPZkwVyC2fZuds4PhqdzDq5twgevk,solana,Meteora DAMM V2,8ZiTzKdMhtjK63maxmMBg3HTvvfymrPmtSuXfwUzawnw,7,So11111111111111111111111111111111111111112,SOL,2026-10-03T06:17:30Z,2.6290175006539294e-05,28020.7209560414,,0.000156414686957615,119.47785902618055,,,0.0,0.0,0.0,0.0,0.0,0.0,0,0,0,0,0,0,0,0,0,0,0,0,0,0,0,0,0,0,0,0,0,0,0,0,0.0,0.0,0.0,0.0,0.0,0.0,snapshot,,,,,,,/home/runner/work/Solana-Memecoin-Analysis/Solana-Memecoin-Analysis/data/cache/2026-10-05/000414322622_multi_pools_48036b6635e3.json,2
2026-10-05T00:02:58.856965+00:00,135Ng2RLF5yxEKpWZiYj5Wsv9jvkmoYA2TsDFbQazQhh,solana,Pump.fun,9rBFy8YnFqX79yGDECdve8g6jYDQxBL7iuuaB8aDpump,vats,So11111111111111111111111111111111111111112,SOL,2026-10-03T06:17:21Z,3.3396161928602213e-06,3339.616193,,2694.4676,119.41648581331708,100.0,,0.0,0.0,0.0,0.0,0.0,0.0,0,0,0,0,0,0,0,0,0,0,0,0,0,0,0,0,0,0,0,0,0,0,0,0,0.0,0.0,0.0,0.0,0.0,0.0,snapshot,,,,,,,/home/runner/work/Solana-Memecoin-Analysis/Solana-Memecoin-Analysis/data/cache/2026-10-05/000414322622_multi_pools_48036b6635e3.json,2
2026-10-05T00:02:58.856965+00:00,CH5kD1bvnTXXfawEimYTefH8S4z4E7nhJi5Eg6cUWERM,solana,Meteora DAMM V2,GBJXAKc45xKaSohiacsqPPq8zHTUDz8H7TaX9Ce4Zc6v,PHROG,So11111111111111111111111111111111111111112,SOL,2026-10-03T06:24:53Z,4.035209806000517e-10,0.4035187929,,0.7167,119.17875738039208,100.0,,0.0,0.0,0.0,0.0,0.0,0.0,0,0,0,0,0,0,0,0,0,0,0,0,0,0,0,0,0,0,0,0,0,0,0,0,0.0,0.0,0.0,0.0,0.0,0.0,snapshot,,,,,,,/home/runner/work/Solana-Memecoin-Analysis/Solana-Memecoin-Analysis/data/cache/2026-10-05/000414322622_multi_pools_48036b6635e3.json,2
2026-10-05T00:02:58.856965+00:00,8kkbxbS6kzcPE9QedRmQD8xuUT4TT7PQbA4qVLAQbmm5,solana,Pump.fun,81gnECUw5AQN9pFWkJ34bVxtqZxkJ31nWSFSrdiypump,INUX,So11111111111111111111111111111111111111112,SOL,2026-10-03T06:24:52Z,9.228020313040838e-07,1845.6040626,,749.4978,119.57517699249208,100.0,,0.0,0.0,0.0,0.0,0.0,0.0,0,0,0,0,0,0,0,0,0,0,0,0,0,0,0,0,0,0,0,0,0,0,0,0,0.0,0.0,0.0,0.0,0.0,0.0,snapshot,,,,,,,/home/runner/work/Solana-Memecoin-Analysis/Solana-Memecoin-Analysis/data/cache/2026-10-05/000414322622_multi_pools_48036b6635e3.json,2
2026-10-05T00:02:58.856965+00:00,AbDr8y7h1CL59zLg1rmRXhWuV49hdrGcd3eDDuCftCMe,solana,PumpSwap,39KgNMZhUKimV9HBDJ1oqWxxkV9noQBN24oYN1yfonWu,제로,So11111111111111111111111111111111111111112,SOL,2026-10-03T06:24:48Z,5.692488276880574e-05,45517.0851944313,,6.196218745e-07,119.56818457471806,100.0,,0.0,0.0,0.0,0.0,0.0,0.0,0,0,0,0,0,0,0,0,0,0,0,0,0,0,0,0,0,0,0,0,0,0,0,0,0.0,0.0,0.0,0.0,0.0,0.0,snapshot,,,,,,,/home/runner/work/Solana-Memecoin-Analysis/Solana-Memecoin-Analysis/data/cache/2026-10-05/000414322622_multi_pools_48036b6635e3.json,2
2026-10-05T00:02:58.856965+00:00,DqFKNfy8sGVjNyc8nuXDMpaiWEoSbfRV2hrFBivhkjCe,solana,Pump.fun,7Voe9KL4BruteVUzkccjz2qGsxC7d825VXg6BKhHpump,Y/NO,So11111111111111111111111111111111111111112,SOL,2026-10-03T06:24:39Z,3.34892777339776e-06,3348.927773,,2694.3947,119.75267906069422,100.0,,0.0,0.0,0.0,0.0,0.0,0.0,0,0,0,0,0,0,0,0,0,0,0,0,0,0,0,0,0,0,0,0,0,0,0,0,0.0,0.0,0.0,0.0,0.0,0.0,snapshot,,,,,,,/home/runner/work/Solana-Memecoin-Analysis/Solana-Memecoin-Analysis/data/cache/2026-10-05/000414322622_multi_pools_48036b6635e3.json,2
2026-10-05T00:02:58.856965+00:00,2VGto6QdfcqNVoTGXGvgKtxreg3VjxepTRRBVGbtLNFc,solana,Pump.fun,7u7Jh8vjp2nnoFVZBE9cjn77PpFnSZeDeCn2w8287oEF,CATGPT,So11111111111111111111111111111111111111112,SOL,2026-10-03T06:24:29Z,3.352709848641697e-06,3352.709849,,2699.9586,119.64072877365736,,,0.0,0.0,0.0,0.0,0.0,0.0,0,0,0,0,0,0,0,0,0,0,0,0,0,0,0,0,0,0,0,0,0,0,0,0,0.0,0.0,0.0,0.0,0.0,0.0,snapshot,,,,,,,/home/runner/work/Solana-Memecoin-Analysis/Solana-Memecoin-Analysis/data/cache/2026-10-05/000414322622_multi_pools_48036b6635e3.json,2
2026-10-05T00:02:58.856965+00:00,9DUaneeXAnjbeiAzfKW3Kvnozu2YZMY33cC9PMoxP1f,solana,Pump.fun,H66ZNEuvs7Y4fgAmEgmKsYvTKFTBHFES1rikXgcepump,KOJI,So11111111111111111111111111111111111111112,SOL,2026-10-03T06:24:28Z,1.8410303318207502e-06,3682.060664,,1515.3108,119.48079143808759,,,0.0,0.0,0.0,0.0,0.0,0.0,0,0,0,0,0,0,0,0,0,0,0,0,0,0,0,0,0,0,0,0,0,0,0,0,0.0,0.0,0.0,0.0,0.0,0.0,snapshot,,,,,,,/home/runner/work/Solana-Memecoin-Analysis/Solana-Memecoin-Analysis/data/cache/2026-10-05/000414322622_multi_pools_48036b6635e3.json,2
2026-10-05T00:02:58.856965+00:00,H66fE5NjgZRest7ky99qwfFUr3bYF8yNnjoU4t1UTdGp,solana,Pump.fun,BdUJguyusXCPoye3KnoGPzyVMoE94VpUKEoA82hZpump,GOOPER,EPjFWdd5AufqSSqeM2qN1xzybapC8G4wEGGkZwyTDt1v,USDC,2026-10-03T06:24:23Z,8.694802450631708e-06,17389.604902,,6364.5118,0.9987223203400597,,,0.0,0.0,0.0,0.0,0.0,0.0,0,0,0,0,0,0,0,0,0,0,0,0,0,0,0,0,0,0,0,0,0,0,0,0,0.0,0.0,0.0,0.0,0.0,0.0,snapshot,,,,,,,/home/runner/work/Solana-Memecoin-Analysis/Solana-Memecoin-Analysis/data/cache/2026-10-05/000414322622_multi_pools_48036b6635e3.json,2
2026-10-05T00:02:58.856965+00:00,FKs7rJTXVSjriwou9rtwNJ8SStZXNiaFgt4rPJMEpMyk,solana,Pump.fun,FX3W6zWJNCjMfrJ2Ka2pzkCqzshz64aFb1C5WqYQpump,MI,So11111111111111111111111111111111111111112,SOL,2026-10-03T06:34:48Z,3.900885034998067e-09,7.80177007,,5.2602,119.07332945935997,,,0.0,0.0,0.0,0.0,0.0,0.0,0,0,0,0,0,0,0,0,0,0,0,0,0,0,0,0,0,0,0,0,0,0,0,0,0.0,0.0,0.0,0.0,0.0,0.0,snapshot,,,,,,,/home/runner/work/Solana-Memecoin-Analysis/Solana-Memecoin-Analysis/data/cache/2026-10-05/000429676202_multi_pools_7ace4ef3af6e.json,2
2026-10-05T00:02:58.856965+00:00,56XjZkFL6mFoj8362Q3dYtz9UzYSznNWGiX4ADopgsdh,solana,Pump.fun,4H1zWALQiCHQPrnus2bSnmK51HTADZcoXmz2krUspump,TXT,So11111111111111111111111111111111111111112,SOL,2026-10-03T06:34:46Z,3.3720621973766847e-06,3372.062197,,2721.8011,119.36611713540819,100.0,,0.0,0.0,0.0,0.0,0.0,0.0,0,0,0,0,0,0,0,0,0,0,0,0,0,0,0,0,0,0,0,0,0,0,0,0,0.0,0.0,0.0,0.0,0.0,0.0,snapshot,,,,,,,/home/runner/work/Solana-Memecoin-Analysis/Solana-Memecoin-Analysis/data/cache/2026-10-05/000429676202_multi_pools_7ace4ef3af6e.json,2
2026-10-05T00:02:58.856965+00:00,8y5JGTmacx3rVVReWsfyWFUdD2aNifqZx6xwtTg6z6VS,solana,PumpSwap,HZxurfDsZb7DCQuKZbGCt7pZJziGxkXiQHuP1ysKpump,ITR,So11111111111111111111111111111111111111112,SOL,2026-10-03T06:34:32Z,3.34864478356468e-06,3284.3707719958,,3389.1283,121.39215115736953,100.0,,0.0,0.0,0.0,0.0,8.1111506464,81.7615681006,0,0,0,0,0,0,0,0,0,0,0,0,0,0,0,0,0,2,0,2,0,14,0,14,0.0,0.0,0.0,0.0,-0.232,-4.241,snapshot,,,,,,,/home/runner/work/Solana-Memecoin-Analysis/Solana-Memecoin-Analysis/data/cache/2026-10-05/000429676202_multi_pools_7ace4ef3af6e.json,2
2026-10-05T00:02:58.856965+00:00,HSHZ3bNoinays7cqZU7QeYuvUdsp3XLYVnNiYLPqkXsx,solana,PumpSwap,2dbj4A9SHYetyXF49qtdYaqw52T74zcSgyeBfWbQpump,ITR,So11111111111111111111111111111111111111112,SOL,2026-10-03T06:34:26Z,4.859175563928145e-05,37916.6613118074,,5.99659341743049e-07,119.47778859688117,100.0,,0.0,0.0,0.0,0.0,0.0,0.0,0,0,0,0,0,0,0,0,0,0,0,0,0,0,0,0,0,0,0,0,0,0,0,0,0.0,0.0,0.0,0.0,0.0,0.0,snapshot,,,,,,,/home/runner/work/Solana-Memecoin-Analysis/Solana-Memecoin-Analysis/data/cache/2026-10-05/000429676202_multi_pools_7ace4ef3af6e.json,2
2026-10-05T00:02:58.856965+00:00,CjY1Go1MX8W6rmz2RKSV2D3ppenACXCvjRrUga9iJNDA,solana,Pump.fun,GVnEueMK82XD8Pu56G51FJHvMWCo9y84mtwMA56Ypump,SARA,So11111111111111111111111111111111111111112,SOL,2026-10-03T06:34:24Z,3.376246867963145e-06,3376.246868,,2724.2065,119.40858888736494,,,0.0,0.0,0.0,0.0,0.0,0.0,0,0,0,0,0,0,0,0,0,0,0,0,0,0,0,0,0,0,0,0,0,0,0,0,0.0,0.0,0.0,0.0,0.0,0.0,snapshot,,,,,,,/home/runner/work/Solana-Memecoin-Analysis/Solana-Memecoin-Analysis/data/cache/2026-10-05/000429676202_multi_pools_7ace4ef3af6e.json,2
2026-10-05T00:02:58.856965+00:00,GQmAbPtazMHZcpybWo28nHx36gPMksg23C4fj6GXhbVS,solana,Pump.fun,67xhA8mycUUqgxzk5jD27LQ5MxccALpn2RHpgVEjpump,CODE,So11111111111111111111111111111111111111112,SOL,2026-10-03T06:43:50Z,3.3380892463612176e-06,3338.089246,,2694.9778,119.33968673868333,100.0,,0.0,0.0,0.0,0.0,0.0,0.0,0,0,0,0,0,0,0,0,0,0,0,0,0,0,0,0,0,0,0,0,0,0,0,0,0.0,0.0,0.0,0.0,0.0,0.0,snapshot,,,,,,,/home/runner/work/Solana-Memecoin-Analysis/Solana-Memecoin-Analysis/data/cache/2026-10-05/000429676202_multi_pools_7ace4ef3af6e.json,2
2026-10-05T00:02:58.856965+00:00,7cXRrZP1XUJqiZJwzfxbp8nG2R3X9AUHewMSFtewGpic,solana,Pump.fun,F9HEVYePFNRt9ARmVdh3SxUsvR75KLo8uSn3VNrjckV,Sol,So11111111111111111111111111111111111111112,SOL,2026-10-03T06:43:48Z,3.3418447056430706e-06,3341.844706,,2694.1396,119.51091732664639,100.0,,0.0,0.0,0.0,0.0,0.0,0.0,0,0,0,0,0,0,0,0,0,0,0,0,0,0,0,0,0,0,0,0,0,0,0,0,0.0,0.0,0.0,0.0,0.0,0.0,snapshot,,,,,,,/home/runner/work/Solana-Memecoin-Analysis/Solana-Memecoin-Analysis/data/cache/2026-10-05/000429676202_multi_pools_7ace4ef3af6e.json,2
2026-10-05T00:02:58.856965+00:00,5mdaRJjcyx62XYP3kMDE55G7TWC9viHR2FPyyvKWTDSG,solana,PumpSwap,Hnb7oiBG98xb3JgFCjhEA7KYNPBnZJKFDzf8AxatBAGS,🍟,So11111111111111111111111111111111111111112,SOL,2026-10-03T06:43:40Z,6.345700690708403e-05,63457.00691,,6.331300719e-07,119.52825852583125,100.0,,0.0,0.0,0.0,0.0,0.0,0.0,0,0,0,0,0,0,0,0,0,0,0,0,0,0,0,0,0,0,0,0,0,0,0,0,0.0,0.0,0.0,0.0,0.0,0.0,snapshot,,,,,,,/home/runner/work/Solana-Memecoin-Analysis/Solana-Memecoin-Analysis/data/cache/2026-10-05/000429676202_multi_pools_7ace4ef3af6e.json,2
2026-10-05T00:02:58.856965+00:00,FP9qDyGiSNa8rFJP4aReyXYdHW7b4B1Dj4WqvUhRsCgJ,solana,Meteora DBC,BHqK4cirn1YQutohmJM17LSQfdsQxij7vx9xeQ3w61xL,TODD,So11111111111111111111111111111111111111112,SOL,2026-10-03T06:43:37Z,4.5433686554937125e-05,45433.68655,,0.0,119.45905994846437,,,0.0,0.0,0.0,0.0,0.0,0.0,0,0,0,0,0,0,0,0,0,0,0,0,0,0,0,0,0,0,0,0,0,0,0,0,0.0,0.0,0.0,0.0,0.0,0.0,snapshot,,,,,,,/home/runner/work/Solana-Memecoin-Analysis/Solana-Memecoin-Analysis/data/cache/2026-10-05/000429676202_multi_pools_7ace4ef3af6e.json,2
2026-10-05T00:02:58.856965+00:00,3Jr1x91oJbaJAK9LBdLrPEig2VpPh5VnMqtuYdLE8adD,solana,Pump.fun,3D4C4fbSZrrjfZCejmh6rzqHhiY2f6mj3HBmP75zpump,boofperc,So11111111111111111111111111111111111111112,SOL,2026-10-03T06:43:33Z,2.4408412304090066e-06,4881.68246,,0.0,119.5337229807586,100.0,,0.0,0.0,0.0,0.0,0.0,0.0,0,0,0,0,0,0,0,0,0,0,0,0,0,0,0,0,0,0,0,0,0,0,0,0,0.0,0.0,0.0,0.0,0.0,0.0,snapshot,,,,,,,/home/runner/work/Solana-Memecoin-Analysis/Solana-Memecoin-Analysis/data/cache/2026-10-05/000429676202_multi_pools_7ace4ef3af6e.json,2
2026-10-05T00:02:58.856965+00:00,Fz6uQ6WuCuHjsSjmoZkyAx1zCCybDAoMLEaThZqhYP5H,solana,Pump.fun,48b9ukKjspYJr7zhQZZWcG2TBWbi8tLUDt3EnKSFpump,BOB,So11111111111111111111111111111111111111112,SOL,2026-10-03T06:43:32Z,3.34606788460772e-06,6692.13577,,2696.6421,119.46425666847709,100.0,,0.0,0.0,0.0,0.0,0.0,0.0,0,0,0,0,0,0,0,0,0,0,0,0,0,0,0,0,0,0,0,0,0,0,0,0,0.0,0.0,0.0,0.0,0.0,0.0,snapshot,,,,,,,/home/runner/work/Solana-Memecoin-Analysis/Solana-Memecoin-Analysis/data/cache/2026-10-05/000429676202_multi_pools_7ace4ef3af6e.json,2
2026-10-05T00:02:58.856965+00:00,J6xqUjRjd9RVS3bUvr9Sj34eDKgXxFqzwSZnMtwkCeTQ,solana,Pump.fun,GkAR59Mvv6iSGmknRGVFoYZpte3vBsLCwKJ7U8UV3ahm,AI,So11111111111111111111111111111111111111112,SOL,2026-10-03T06:43:25Z,3.410349145767132e-06,3410.349146,,2749.3655,119.51088876517338,100.0,,0.0,0.0,0.0,0.0,0.0,0.0,0,0,0,0,0,0,0,0,0,0,0,0,0,0,0,0,0,0,0,0,0,0,0,0,0.0,0.0,0.0,0.0,0.0,0.0,snapshot,,,,,,,/home/runner/work/Solana-Memecoin-Analysis/Solana-Memecoin-Analysis/data/cache/2026-10-05/000429676202_multi_pools_7ace4ef3af6e.json,2
2026-10-05T00:02:58.856965+00:00,AdbXTRqbYMYyshMWeHPUBD6kXdTMFVTeBDkzuHFF39yL,solana,Pump.fun,Fv3Rga4T6QpHjHEBYohR6RVBb4vK1MQgB121gpYNpump,$RoadCash,So11111111111111111111111111111111111111112,SOL,2026-10-03T06:52:01Z,2.02798110108061e-05,40559.62202,,16232.3332,119.33571739114977,,,0.0,0.0,0.0,0.0,0.0,0.0,0,0,0,0,0,0,0,0,0,0,0,0,0,0,0,0,0,0,0,0,0,0,0,0,0.0,0.0,0.0,0.0,0.0,0.0,snapshot,,,,,,,/home/runner/work/Solana-Memecoin-Analysis/Solana-Memecoin-Analysis/data/cache/2026-10-05/000429676202_multi_pools_7ace4ef3af6e.json,2
2026-10-05T00:02:58.856965+00:00,CC72PLVoFAF7QSm1Qe5ByAgSWCiw94MtzK63N2ouQt2u,solana,Pump.fun,DNvb8Few3g5DDbFdHXWUCrsEQwUpEtasQCJEaeBQsb68,TODD,So11111111111111111111111111111111111111112,SOL,2026-10-03T06:51:42Z,3.3367631562770646e-06,3336.763156,,2694.6863,119.30513338430772,100.0,,0.0,0.0,0.0,0.0,0.0,0.0,0,0,0,0,0,0,0,0,0,0,0,0,0,0,0,0,0,0,0,0,0,0,0,0,0.0,0.0,0.0,0.0,0.0,0.0,snapshot,,,,,,,/home/runner/work/Solana-Memecoin-Analysis/Solana-Memecoin-Analysis/data/cache/2026-10-05/000429676202_multi_pools_7ace4ef3af6e.json,2
2026-10-05T00:02:58.856965+00:00,BtzCMrFHhDfv6zE6Jm3MqSwQbf1QAiVVPYjQ6zEkj8Zs,solana,PumpSwap,3pFVKbxcoJ5iHnuhQH9ZLAiGyPeRJp3gZWT1U1KSmoon,Ebovial,So11111111111111111111111111111111111111112,SOL,2026-10-03T06:51:38Z,0.10980349615701651,87842.79696,,0.00372879868795405,119.40641347207338,100.0,,0.0,0.0,0.0,0.0,0.0,0.0,0,0,0,0,0,0,0,0,0,0,0,0,0,0,0,0,0,0,0,0,0,0,0,0,0.0,0.0,0.0,0.0,0.0,0.0,snapshot,,,,,,,/home/runner/work/Solana-Memecoin-Analysis/Solana-Memecoin-Analysis/data/cache/2026-10-05/000429676202_multi_pools_7ace4ef3af6e.json,2
2026-10-05T00:02:58.856965+00:00,GQQSfu8YcZQoA1xW9a3LgopG9FcepEXmJzsMgPUTBLt4,solana,Pump.fun,AoS3ch2wstWL3sEpMVB1BhorWM58gbGLqRghRm41pump,DCK,So11111111111111111111111111111111111111112,SOL,2026-10-03T06:51:25Z,3.342634637302502e-06,3342.634637,,2693.8723,119.55096303065761,100.0,,0.0,0.0,0.0,0.0,0.0,0.0,0,0,0,0,0,0,0,0,0,0,0,0,0,0,0,0,0,0,0,0,0,0,0,0,0.0,0.0,0.0,0.0,0.0,0.0,snapshot,,,,,,,/home/runner/work/Solana-Memecoin-Analysis/Solana-Memecoin-Analysis/data/cache/2026-10-05/000429676202_multi_pools_7ace4ef3af6e.json,2
2026-10-05T00:02:58.856965+00:00,HJZ213r8ba1CREELx8cDu6CvgagLwuxyNzqoAQFSw2E1,solana,Pump.fun,2LUbVgD9mzKL9Kk43kL6VpjcYq1LUm4wR85VWLXApump,100001,So11111111111111111111111111111111111111112,SOL,2026-10-03T07:00:49Z,6.805036816545668e-06,13610.073634,,4581.4173,119.30538097171484,,,0.0,0.0,0.0,0.0,0.0,0.0,0,0,0,0,0,0,0,0,0,0,0,0,0,0,0,0,0,0,0,0,0,0,0,0,0.0,0.0,0.0,0.0,0.0,0.0,snapshot,,,,,,,/home/runner/work/Solana-Memecoin-Analysis/Solana-Memecoin-Analysis/data/cache/2026-10-05/000429676202_multi_pools_7ace4ef3af6e.json,2
2026-10-05T00:02:58.856965+00:00,8sQEarQyti8rmjppUrqg79FV9iGc3Q7sxqYnvF89toYd,solana,Meteora DAMM V2,9UCnGAeUCTVy7S8Fo6iaU5w7Y8xKvmXpZnGZE2jWD9Js,제로,So11111111111111111111111111111111111111112,SOL,2026-10-03T07:00:45Z,5.279474386454214e-05,558899.737902248,,4.87218771560088e-07,119.30545552904412,,,0.0,0.0,0.0,0.0,0.0,0.0,0,0,0,0,0,0,0,0,0,0,0,0,0,0,0,0,0,0,0,0,0,0,0,0,0.0,0.0,0.0,0.0,0.0,0.0,snapshot,,,,,,,/home/runner/work/Solana-Memecoin-Analysis/Solana-Memecoin-Analysis/data/cache/2026-10-05/000429676202_multi_pools_7ace4ef3af6e.json,2
2026-10-05T00:02:58.856965+00:00,HYNqd7k6E6qdesZaDLx44Cqu8Yp2hXPh78Z3h7n3ZFVL,solana,Pump.fun,C8C9StXJMvuteDWfNjFvrhofub9fiqHKURcva2Ttpump,DEITY,So11111111111111111111111111111111111111112,SOL,2026-10-03T07:00:44Z,3.3470929468908615e-06,3347.092947,,2697.4439,119.55182961540702,100.0,,0.0,0.0,0.0,0.0,0.0,0.0,0,0,0,0,0,0,0,0,0,0,0,0,0,0,0,0,0,0,0,0,0,0,0,0,0.0,0.0,0.0,0.0,0.0,0.0,snapshot,,,,,,,/home/runner/work/Solana-Memecoin-Analysis/Solana-Memecoin-Analysis/data/cache/2026-10-05/000429676202_multi_pools_7ace4ef3af6e.json,2
2026-10-05T00:02:58.856965+00:00,HArqN6SjXbXLXbQouZ23mU13eAYBVjqEh6eTtS6KzJHo,solana,Pump.fun,4E52EbWwPNztVPEUXEpnrZr137TJPxf1zuZk16VGpump,.;';';';,So11111111111111111111111111111111111111112,SOL,2026-10-03T07:00:40Z,5.615288190960507e-07,1123.0576382,,459.2399,119.36541859607195,,,0.0,0.0,0.0,0.0,0.0,0.0,0,0,0,0,0,0,0,0,0,0,0,0,0,0,0,0,0,0,0,0,0,0,0,0,0.0,0.0,0.0,0.0,0.0,0.0,snapshot,,,,,,,/home/runner/work/Solana-Memecoin-Analysis/Solana-Memecoin-Analysis/data/cache/2026-10-05/000429676202_multi_pools_7ace4ef3af6e.json,2
2026-10-05T00:02:58.856965+00:00,6ZnicS4tFqgYyydHXTTaoUnUR4XcX8xvvwtF1paGwyjb,solana,Meteora DAMM V2,7iZNTAgnZhF7nQKy1p8Xzf4uAX4VRgbxrTPWpEgjAwVk,ANVRC,So11111111111111111111111111111111111111112,SOL,2026-10-03T07:00:38Z,4.054966294105467e-10,0.4054966294,,0.7653,119.25882614226761,,,0.0,0.0,0.0,0.0,0.0,0.0,0,0,0,0,0,0,0,0,0,0,0,0,0,0,0,0,0,0,0,0,0,0,0,0,0.0,0.0,0.0,0.0,0.0,0.0,snapshot,,,,,,,/home/runner/work/Solana-Memecoin-Analysis/Solana-Memecoin-Analysis/data/cache/2026-10-05/000429676202_multi_pools_7ace4ef3af6e.json,2
2026-10-05T00:02:58.856965+00:00,GJ6MiiEobo69Qdmt9VjheuekK2XjaAxTDZaruxdpNjdY,solana,Pump.fun,AEGwruuyUvAqgk4qTBUAWyrP9t3HPFQoMmhLPknNDGsP,+ paid,So11111111111111111111111111111111111111112,SOL,2026-10-03T07:00:29Z,3.3370357456472106e-06,3337.035746,,2693.8723,119.35066681314122,,,0.0,0.0,0.0,0.0,0.0,0.0,0,0,0,0,0,0,0,0,0,0,0,0,0,0,0,0,0,0,0,0,0,0,0,0,0.0,0.0,0.0,0.0,0.0,0.0,snapshot,,,,,,,/home/runner/work/Solana-Memecoin-Analysis/Solana-Memecoin-Analysis/data/cache/2026-10-05/000429676202_multi_pools_7ace4ef3af6e.json,2
2026-10-05T00:02:58.856965+00:00,48Yd9B7WwHjZRsj9m2y6MCzHK1LLJ6HpUwMm68EbA24R,solana,Pump.fun,GMEgn9RiK7j6V7wAtRZbCgRBgEmTgvpf3wbjs5j3pump,trench,So11111111111111111111111111111111111111112,SOL,2026-10-03T07:00:29Z,1.2075885985175319e-06,2405.958402,,902.9058,119.30538097171485,,,0.0,0.0,0.0,0.0,0.0,0.0,0,0,0,0,0,0,0,0,0,0,0,0,0,0,0,0,0,0,0,0,0,0,0,0,0.0,0.0,0.0,0.0,0.0,0.0,snapshot,,,,,,,/home/runner/work/Solana-Memecoin-Analysis/Solana-Memecoin-Analysis/data/cache/2026-10-05/000429676202_multi_pools_7ace4ef3af6e.json,2
2026-10-05T00:02:58.856965+00:00,HvHPfz57M4z6Vj1Yu7maEk71umSwxfj28Lo5TAegrzZt,solana,Meteora DAMM V2,Chc9gFh9JxrNGhCtnHphm2VHjHRBmkC5b4zop7aJpump,PRINTR,So11111111111111111111111111111111111111112,SOL,2026-10-03T07:10:14Z,4.534535870634963e-05,479972.5351,,7.33077652156913e-07,119.33020201387295,,,0.0,0.0,0.0,0.0,0.0,0.0,0,0,0,0,0,0,0,0,0,0,0,0,0,0,0,0,0,0,0,0,0,0,0,0,0.0,0.0,0.0,0.0,0.0,0.0,snapshot,,,,,,,/home/runner/work/Solana-Memecoin-Analysis/Solana-Memecoin-Analysis/data/cache/2026-10-05/000429676202_multi_pools_7ace4ef3af6e.json,2
2026-10-05T00:02:58.856965+00:00,FKbePCbtT8h1YneYdAsM7ZQS2L6Y59NouiQFcgBJPc9m,solana,Pump.fun,3bJSEXqh2WvDjREWUGMNbcyZcsctXpBkhfif3K5upump,Crypto,So11111111111111111111111111111111111111112,SOL,2026-10-03T07:10:15Z,3.346243576152138e-06,3346.243576,,2702.7163,119.28822149741674,100.0,,0.0,0.0,0.0,0.0,0.0,0.0,0,0,0,0,0,0,0,0,0,0,0,0,0,0,0,0,0,0,0,0,0,0,0,0,0.0,0.0,0.0,0.0,0.0,0.0,snapshot,,,,,,,/home/runner/work/Solana-Memecoin-Analysis/Solana-Memecoin-Analysis/data/cache/2026-10-05/000429676202_multi_pools_7ace4ef3af6e.json,2
2026-10-05T00:02:58.856965+00:00,FsFfSFCktVXkg7JvdN1VsDD3tbJmjNYLUT7nsBzAZiqf,solana,Meteora DBC,Chc9gFh9JxrNGhCtnHphm2VHjHRBmkC5b4zop7aJpump,PRINTR,So11111111111111111111111111111111111111112,SOL,2026-10-03T07:10:14Z,5.424077438390304e-12,0.005424077438,,0.0,119.32968628803411,,,0.0,0.0,0.0,0.0,0.0,0.0,0,0,0,0,0,0,0,0,0,0,0,0,0,0,0,0,0,0,0,0,0,0,0,0,0.0,0.0,0.0,0.0,0.0,0.0,snapshot,,,,,,,/home/runner/work/Solana-Memecoin-Analysis/Solana-Memecoin-Analysis/data/cache/2026-10-05/000429676202_multi_pools_7ace4ef3af6e.json,2
2026-10-05T00:02:58.856965+00:00,AdkEdfrVcBpUGkSSi8ZrABDGzV6msCZ51yBx9v6SkyDe,solana,Pump.fun,G9Es3MHFS9MCiTgnBPSGgFoMxDzs1em91kPX75pKpump,pumpepe,So11111111111111111111111111111111111111112,SOL,2026-10-03T07:10:02Z,3.220972600720812e-07,644.1945202,,260.2518,119.23720662781943,100.0,,0.0,0.0,0.0,0.0,0.0,0.0,0,0,0,0,0,0,0,0,0,0,0,0,0,0,0,0,0,0,0,0,0,0,0,0,0.0,0.0,0.0,0.0,0.0,0.0,snapshot,,,,,,,/home/runner/work/Solana-Memecoin-Analysis/Solana-Memecoin-Analysis/data/cache/2026-10-05/000429676202_multi_pools_7ace4ef3af6e.json,2
2026-10-05T00:02:58.856965+00:00,AwZzUfKWGRvp6P8wwjYy7FWYhXoj3DC2MiS1rn545MG3,solana,Meteora DAMM V2,BmNs1UtwdjxomHqym1Ltc1tdzYRnmbE46swxovNk6AzX,FROGE,So11111111111111111111111111111111111111112,SOL,2026-10-03T07:09:48Z,6.569341742744339e-10,0.6569129472,,1.1905,119.36102116383672,100.0,,0.0,0.0,0.0,0.0,0.0,0.0,0,0,0,0,0,0,0,0,0,0,0,0,0,0,0,0,0,0,0,0,0,0,0,0,0.0,0.0,0.0,0.0,0.0,0.0,snapshot,,,,,,,/home/runner/work/Solana-Memecoin-Analysis/Solana-Memecoin-Analysis/data/cache/2026-10-05/000429676202_multi_pools_7ace4ef3af6e.json,2
2026-10-05T00:02:58.856965+00:00,aekRmG9wbTLPvQCGvKqXaZKiha6gRMYTsUeUKPL9MqN,solana,PumpSwap,4HakB68Wxu65LF78C9PTwtjGsatL3KWB8kiYbszpMH4p,FROGE,So11111111111111111111111111111111111111112,SOL,2026-10-03T07:09:45Z,0.0007137534654658042,713753.4655,,2.28899233778184e-06,119.17075412161341,100.0,,0.0,0.0,0.0,0.0,0.0,0.0,0,0,0,0,0,0,0,0,0,0,0,0,0,0,0,0,0,0,0,0,0,0,0,0,0.0,0.0,0.0,0.0,0.0,0.0,snapshot,,,,,,,/home/runner/work/Solana-Memecoin-Analysis/Solana-Memecoin-Analysis/data/cache/2026-10-05/000429676202_multi_pools_7ace4ef3af6e.json,2
2026-10-05T00:02:58.856965+00:00,GVkgxkuoYQXHEjfqsp24VqxRK8aauBTB4ScezTfZUfyR,solana,StonkFun,DjoUoAcoS8Rvaphn9VZddv9HX2JzJnNU9AsV4fvW9K12,ANONDOGINU,So11111111111111111111111111111111111111112,SOL,2026-10-03T07:18:05Z,3.338985743847488e-06,3338.985744,,3395.336,119.4804085382587,100.0,,0.0,0.0,0.0,0.0,0.0,0.0,0,0,0,0,0,0,0,0,0,0,0,0,0,0,0,0,0,0,0,0,0,0,0,0,0.0,0.0,0.0,0.0,0.0,0.0,snapshot,,,,,,,/home/runner/work/Solana-Memecoin-Analysis/Solana-Memecoin-Analysis/data/cache/2026-10-05/000429676202_multi_pools_7ace4ef3af6e.json,2
2026-10-05T00:02:58.856965+00:00,37KZF5od7E5WqYoG5ejNrLLGFjGCxpZaSZWCGBYE7dTo,solana,Pump.fun,EfS3iAnXWnmw8TvRRZJFT1H4y8wxVHP9ghJ4Vxeapump,SI,So11111111111111111111111111111111111111112,SOL,2026-10-03T07:18:03Z,3.5304952144692174e-06,3530.495214,,2847.0495,119.35321341131545,100.0,,0.0,0.0,0.0,0.0,0.0,0.0,0,0,0,0,0,0,0,0,0,0,0,0,0,0,0,0,0,0,0,0,0,0,0,0,0.0,0.0,0.0,0.0,0.0,0.0,snapshot,,,,,,,/home/runner/work/Solana-Memecoin-Analysis/Solana-Memecoin-Analysis/data/cache/2026-10-05/000444270569_multi_pools_da04f0c69ed7.json,2
2026-10-05T00:02:58.856965+00:00,6kZEvq6WzGQjDz8AA3RmcpPCyghY3JUxTghyqVVAhVfy,solana,Pump.fun,5V9k7WAnUnE7QgWpPj91DXVnv2GoNGLQjLFeJadXpump,Fox,So11111111111111111111111111111111111111112,SOL,2026-10-03T07:18:02Z,7.143679083140669e-06,14287.358166,,4479.6637,119.48044022140537,,,0.0,0.0,0.0,0.0,0.0,0.0,0,0,0,0,0,0,0,0,0,0,0,0,0,0,0,0,0,0,0,0,0,0,0,0,0.0,0.0,0.0,0.0,0.0,0.0,snapshot,,,,,,,/home/runner/work/Solana-Memecoin-Analysis/Solana-Memecoin-Analysis/data/cache/2026-10-05/000444270569_multi_pools_da04f0c69ed7.json,2
2026-10-05T00:02:58.856965+00:00,4ufeyKuiCeoe9BNmEFMxiV2TC8jvkaXQcVAGUUkDEUvP,solana,Pump.fun,3LMEuNhyWvMcJEAY6PXk4C3Ut9LQpkayyHitHRH8pump,888,So11111111111111111111111111111111111111112,SOL,2026-10-03T07:17:48Z,2.9177925757190356e-07,583.5585152,,236.6842,119.26506498585056,100.0,,0.0,0.0,0.0,0.0,0.0,0.0,0,0,0,0,0,0,0,0,0,0,0,0,0,0,0,0,0,0,0,0,0,0,0,0,0.0,0.0,0.0,0.0,0.0,0.0,snapshot,,,,,,,/home/runner/work/Solana-Memecoin-Analysis/Solana-Memecoin-Analysis/data/cache/2026-10-05/000444270569_multi_pools_da04f0c69ed7.json,2
2026-10-05T00:02:58.856965+00:00,J1DqHsYtXkEznrWg5HBDMjFuyAns7weGZvKNLeYYSKLe,solana,Pump.fun,ABhbXiBtL8w7BzRzLxSC5tFwzPfxiRM8ykaUWHgCTnHK,PAT,So11111111111111111111111111111111111111112,SOL,2026-10-03T07:17:39Z,3.3439800632037752e-06,3343.980063,,2781.7163,119.4812809267784,100.0,,0.0,0.0,0.0,0.0,0.0,0.0,0,0,0,0,0,0,0,0,0,0,0,0,0,0,0,0,0,0,0,0,0,0,0,0,0.0,0.0,0.0,0.0,0.0,0.0,snapshot,,,,,,,/home/runner/work/Solana-Memecoin-Analysis/Solana-Memecoin-Analysis/data/cache/2026-10-05/000444270569_multi_pools_da04f0c69ed7.json,2
2026-10-05T00:02:58.856965+00:00,CYpKsNKk6YixgGPtPfTLpVT8VvBoRYqTVYVT3833TpaK,solana,Pump.fun,635PaZnoY7D45S2XMd1xHXZ8fAtkgUMUzkkoBqRnwEyd,HIKIKOMORI,So11111111111111111111111111111111111111112,SOL,2026-10-03T07:17:32Z,3.3324862488797152e-06,3332.486249,,2693.9088,119.18625557089817,100.0,,0.0,0.0,0.0,0.0,0.0,0.0,0,0,0,0,0,0,0,0,0,0,0,0,0,0,0,0,0,0,0,0,0,0,0,0,0.0,0.0,0.0,0.0,0.0,0.0,snapshot,,,,,,,/home/runner/work/Solana-Memecoin-Analysis/Solana-Memecoin-Analysis/data/cache/2026-10-05/000444270569_multi_pools_da04f0c69ed7.json,2
2026-10-05T00:02:58.856965+00:00,9uH3ky1sjPjUReom5xcbD6pyFGu3yp698LiZTW2PQtag,solana,Meteora DAMM V2,Arj1sLvuDHh9S3ASWcfYeiceXTux4fC8zdqXg4Ynpump,Chiichi,So11111111111111111111111111111111111111112,SOL,2026-10-03T07:26:25Z,0.002399190003178866,1872014.35529764,,0.0121,119.41433886692964,,,0.0,0.0,0.0,0.0,0.0,0.0,0,0,0,0,0,0,0,0,0,0,0,0,0,0,0,0,0,0,0,0,0,0,0,0,0.0,0.0,0.0,0.0,0.0,0.0,snapshot,,,,,,,/home/runner/work/Solana-Memecoin-Analysis/Solana-Memecoin-Analysis/data/cache/2026-10-05/000444270569_multi_pools_da04f0c69ed7.json,2
2026-10-05T00:02:58.856965+00:00,53kcUE2YwK4fWbUCanBvuuxeB8XkvVm6DEUbdssE8znX,solana,Pump.fun,FWcBWdC7QxodMJ5uAfkGJvj3g69fk67YaUVYpkWFpump,BOOBIE,So11111111111111111111111111111111111111112,SOL,2026-10-03T07:26:21Z,4.369820377780485e-07,873.9640756,,339.434,119.28871076152771,,,0.0,0.0,0.0,0.0,0.0,0.0,0,0,0,0,0,0,0,0,0,0,0,0,0,0,0,0,0,0,0,0,0,0,0,0,0.0,0.0,0.0,0.0,0.0,0.0,snapshot,,,,,,,/home/runner/work/Solana-Memecoin-Analysis/Solana-Memecoin-Analysis/data/cache/2026-10-05/000444270569_multi_pools_da04f0c69ed7.json,2
2026-10-05T00:02:58.856965+00:00,H6tLhb8bPWhju3GKjUSStGmfm5SzLX2G8B6d1utySnZ2,solana,Pump.fun,ms2h8PXByzqfc48dpf1my1NZYXRngcd73kg8NCipump,SARP,So11111111111111111111111111111111111111112,SOL,2026-10-03T07:26:14Z,1.2778622390653437e-05,12775.262153206,,0.0,119.22454690452444,,,0.0,0.0,0.0,0.0,0.0,0.0,0,0,0,0,0,0,0,0,0,0,0,0,0,0,0,0,0,0,0,0,0,0,0,0,0.0,0.0,0.0,0.0,0.0,0.0,snapshot,,,,,,,/home/runner/work/Solana-Memecoin-Analysis/Solana-Memecoin-Analysis/data/cache/2026-10-05/000444270569_multi_pools_da04f0c69ed7.json,2
2026-10-05T00:02:58.856965+00:00,JXRNPzzStxzvrmTL7ivXmZ3REJjkJzg8z8YQxfzQizz,solana,Pump.fun,HeVSMN1kK6yQVeLFtC5Vo12syHhfs1mjjBcAUs5kmuQ5,VIKIN,So11111111111111111111111111111111111111112,SOL,2026-10-03T07:26:02Z,8.987382373443327e-08,179.74764746,,87.3458,119.23902040712561,,,0.0,0.0,0.0,0.0,0.0,0.0,0,0,0,0,0,0,0,0,0,0,0,0,0,0,0,0,0,0,0,0,0,0,0,0,0.0,0.0,0.0,0.0,0.0,0.0,snapshot,,,,,,,/home/runner/work/Solana-Memecoin-Analysis/Solana-Memecoin-Analysis/data/cache/2026-10-05/000444270569_multi_pools_da04f0c69ed7.json,2
2026-10-05T00:02:58.856965+00:00,fSh3xEZYnNcTZfTQMhw85udZ3K6aouGPLQnCj9uQd4Y,solana,Pump.fun,E7LFUx7Lwi56eqU1oCgBVQ1N7nmx5g5swibtoTsWpump,BOOBIE,So11111111111111111111111111111111111111112,SOL,2026-10-03T07:26:00Z,2.1465527813553024e-07,429.3105562,,173.489,119.24924441527551,,,0.0,0.0,0.0,0.0,0.0,0.0,0,0,0,0,0,0,0,0,0,0,0,0,0,0,0,0,0,0,0,0,0,0,0,0,0.0,0.0,0.0,0.0,0.0,0.0,snapshot,,,,,,,/home/runner/work/Solana-Memecoin-Analysis/Solana-Memecoin-Analysis/data/cache/2026-10-05/000444270569_multi_pools_da04f0c69ed7.json,2
2026-10-05T00:02:58.856965+00:00,55h7KjMb3yfXq5oYN8qmoCVFMVKUYZexxtxcPfji6i5f,solana,Pump.fun,CRKRyeNzMmTk9vb54jZds93y7QTyMye4NSsY7Aiipump,Feather,So11111111111111111111111111111111111111112,SOL,2026-10-03T07:35:27Z,3.241461289876679e-08,64.8292258,,26.4467,119.07741586705525,,,0.0,0.0,0.0,0.0,0.0,0.0,0,0,0,0,0,0,0,0,0,0,0,0,0,0,0,0,0,0,0,0,0,0,0,0,0.0,0.0,0.0,0.0,0.0,0.0,snapshot,,,,,,,/home/runner/work/Solana-Memecoin-Analysis/Solana-Memecoin-Analysis/data/cache/2026-10-05/000444270569_multi_pools_da04f0c69ed7.json,2
2026-10-05T00:02:58.856965+00:00,HGYywWxmR7o7ptdp89mkyZ8EUY3bMKW4jvX2pNn5pUPU,solana,Pump.fun,ASbzXooTXz36RYyJNwFpftkzhYTwjFBJu3aN5Brppump,ABU,So11111111111111111111111111111111111111112,SOL,2026-10-03T07:35:25Z,3.343436020864571e-06,3343.436021,,2698.2457,119.38607032500902,,,0.0,0.0,0.0,0.0,0.0,0.0,0,0,0,0,0,0,0,0,0,0,0,0,0,0,0,0,0,0,0,0,0,0,0,0,0.0,0.0,0.0,0.0,0.0,0.0,snapshot,,,,,,,/home/runner/work/Solana-Memecoin-Analysis/Solana-Memecoin-Analysis/data/cache/2026-10-05/000444270569_multi_pools_da04f0c69ed7.json,2
2026-10-05T00:02:58.856965+00:00,ERodKZjFr7coH7V5Jzhf5yfMv8oWmKZgWiWHQVaWti87,solana,Meteora DAMM V2,2vnPT8WLxres1bGkSKKGVZMZNLGfhd95q9eorAQu3PoS,김치,So11111111111111111111111111111111111111112,SOL,2026-10-03T07:35:21Z,0.00010789569632474027,107895.696515791,,0.000307403492,119.37246085923351,0.0,,0.0,0.0,0.0,0.0,0.0,0.0,0,0,0,0,0,0,0,0,0,0,0,0,0,0,0,0,0,0,0,0,0,0,0,0,0.0,0.0,0.0,0.0,0.0,0.0,snapshot,,,,,,,/home/runner/work/Solana-Memecoin-Analysis/Solana-Memecoin-Analysis/data/cache/2026-10-05/000444270569_multi_pools_da04f0c69ed7.json,2
2026-10-05T00:02:58.856965+00:00,3bn2MBpsdwhNkY4wdWd8EPAknsnLkyVU9uKx6RDt1h41,solana,Pump.fun,5sbMHBVQWJngx19qm3M8Sae1hFeFjmgopcuPKqPLpump,Chiichi,So11111111111111111111111111111111111111112,SOL,2026-10-03T07:34:49Z,3.3352533271173817e-06,3335.253327,,2693.8237,119.28886055929262,100.0,,0.0,0.0,0.0,0.0,0.0,0.0,0,0,0,0,0,0,0,0,0,0,0,0,0,0,0,0,0,0,0,0,0,0,0,0,0.0,0.0,0.0,0.0,0.0,0.0,snapshot,,,,,,,/home/runner/work/Solana-Memecoin-Analysis/Solana-Memecoin-Analysis/data/cache/2026-10-05/000444270569_multi_pools_da04f0c69ed7.json,2
2026-10-05T00:02:58.856965+00:00,A8JMWc6ijm7dUUBFTgRcPG9hqGsN9gipKj39q1hbhQZk,solana,PumpSwap,8dBnKHwNYH3hz2fFTJczVwzBTpJFAMtc53k3uA4zpump,FILLED,CARDSccUMFKoPRZxt5vt3ksUbxEFEcnZ3H2pd3dKxYjp,CARDS,2026-10-02T16:21:26Z,0.0002790601304016223,283048.068253998,283048.068686056,62239.9862,0.23591306788211946,100.0,,327.0484831516,2039.5888370858,2751.6165340898,5292.0887197959,60702.9292515741,411186.533599368,4,3,4,3,11,9,7,5,16,14,11,9,26,34,19,27,309,316,181,236,2017,1721,1006,1132,-2.386,-6.552,-9.142,-18.343,-25.239,-41.688,snapshot,,,,,,,/home/runner/work/Solana-Memecoin-Analysis/Solana-Memecoin-Analysis/data/cache/2026-10-05/000444270569_multi_pools_da04f0c69ed7.json,2
2026-10-05T00:02:58.856965+00:00,6dcxY1p9pEgUhcdQb7FPWhsB9boSEtqbFD3YkeHpk81o,solana,Meteora DAMM V2,EhbTmPsCUksNWY7nHf3xGbELAtdAPP3GCPVMVrdo1zvb,airtime,So11111111111111111111111111111111111111112,SOL,2026-10-03T07:45:03Z,1.3243014827438243e-05,13091.81252,,23883.9025,119.18363134929129,,,0.0,0.0,0.0,0.0,0.0,0.0,0,0,0,0,0,0,0,0,0,0,0,0,0,0,0,0,0,0,0,0,0,0,0,0,0.0,0.0,0.0,0.0,0.0,0.0,snapshot,,,,,,,/home/runner/work/Solana-Memecoin-Analysis/Solana-Memecoin-Analysis/data/cache/2026-10-05/000444270569_multi_pools_da04f0c69ed7.json,2
2026-10-05T00:02:58.856965+00:00,FD2D4dg6B1wy43Bzw1qJYBLbbDaTyR2tij8sfYj7Baa8,solana,Pump.fun,2x49WnAkXGfy5uMUt7gfa5CzWopuYoDEfM8SCypMpump,aqiang,So11111111111111111111111111111111111111112,SOL,2026-10-03T07:45:03Z,3.2762163829556086e-06,3276.216383,,2648.7781,119.17014310286987,,,0.0,0.0,0.0,0.0,0.0,0.0,0,0,0,0,0,0,0,0,0,0,0,0,0,0,0,0,0,0,0,0,0,0,0,0,0.0,0.0,0.0,0.0,0.0,0.0,snapshot,,,,,,,/home/runner/work/Solana-Memecoin-Analysis/Solana-Memecoin-Analysis/data/cache/2026-10-05/000444270569_multi_pools_da04f0c69ed7.json,2
2026-10-05T00:02:58.856965+00:00,CFSxEf3ntk11vPTBnbCUkRrefpJXfaSMXEtv2B4XKx5a,solana,Pump.fun,HxvRk5oXb71BgdDprej5aANfsGxZEHpXpxkjnyTFpump,WLDA,So11111111111111111111111111111111111111112,SOL,2026-10-03T07:44:58Z,3.346602700329085e-06,3346.6027,,2697.3467,119.60423766379637,,,0.0,0.0,0.0,0.0,0.0,0.0,0,0,0,0,0,0,0,0,0,0,0,0,0,0,0,0,0,0,0,0,0,0,0,0,0.0,0.0,0.0,0.0,0.0,0.0,snapshot,,,,,,,/home/runner/work/Solana-Memecoin-Analysis/Solana-Memecoin-Analysis/data/cache/2026-10-05/000444270569_multi_pools_da04f0c69ed7.json,2
2026-10-05T00:02:58.856965+00:00,83APQfCtVZGUZQhofvmFXFHL74xzXazz9z1rUC3W9WRk,solana,Pump.fun,HSgGzn6LtpdrH5XiAeZrXKB9JNRw1CpU2ifTeXFVpump,INUX,So11111111111111111111111111111111111111112,SOL,2026-10-03T07:44:48Z,2.841352443014636e-05,56827.04886,,18543.4873,119.27887278490937,100.0,,0.0,0.0,0.0,0.0,0.0,0.0,0,0,0,0,0,0,0,0,0,0,0,0,0,0,0,0,0,0,0,0,0,0,0,0,0.0,0.0,0.0,0.0,0.0,0.0,snapshot,,,,,,,/home/runner/work/Solana-Memecoin-Analysis/Solana-Memecoin-Analysis/data/cache/2026-10-05/000444270569_multi_pools_da04f0c69ed7.json,2
2026-10-05T00:02:58.856965+00:00,CPkzUqS8u67AfXWMoMAB3BWzHxv24DLkXL27gskMHcoy,solana,Pump.fun,CFYnsDmyZSdcBF4uu7G2TL5DFsnXwUisLhfJSUgu68xR,DIAMO,So11111111111111111111111111111111111111112,SOL,2026-10-03T07:44:42Z,6.566373129789249e-05,131327.4626,,47416.7572,119.16972008315871,100.0,,0.0,0.0,0.0,0.0,0.0,0.0,0,0,0,0,0,0,0,0,0,0,0,0,0,0,0,0,0,0,0,0,0,0,0,0,0.0,0.0,0.0,0.0,0.0,0.0,snapshot,,,,,,,/home/runner/work/Solana-Memecoin-Analysis/Solana-Memecoin-Analysis/data/cache/2026-10-05/000444270569_multi_pools_da04f0c69ed7.json,2
2026-10-05T00:02:58.856965+00:00,BD3vqeZFtSyrHBrfoNyYruSrMM2Qsz6JMmbhkPZUC2V7,solana,Pump.fun,5m2UNyHp7oUoDpfW9hNiVp97zfgHEk8Mi2Z3aB2npump,FCAT,So11111111111111111111111111111111111111112,SOL,2026-10-03T07:53:44Z,3.3346501527573225e-06,3334.650153,,2694.6134,119.2328439278534,100.0,,0.0,0.0,0.0,0.0,0.0,0.0,0,0,0,0,0,0,0,0,0,0,0,0,0,0,0,0,0,0,0,0,0,0,0,0,0.0,0.0,0.0,0.0,0.0,0.0,snapshot,,,,,,,/home/runner/work/Solana-Memecoin-Analysis/Solana-Memecoin-Analysis/data/cache/2026-10-05/000444270569_multi_pools_da04f0c69ed7.json,2
2026-10-05T00:02:58.856965+00:00,2d8ddEvc49Fi9ThiGaoKVLNFZxrA3PLpx5qKn97224Ky,solana,Meteora DAMM V2,7ATSFULoTqLBgACYo4seZtoaGpYtahjPQ4D19mQgi1CM,Polymarket,So11111111111111111111111111111111111111112,SOL,2026-10-03T07:53:30Z,1.0367416818377987e-05,14847.13817,,1.20906907277547e-07,119.17976377785752,,,0.0,0.0,0.0,0.0,0.0,0.0,0,0,0,0,0,0,0,0,0,0,0,0,0,0,0,0,0,0,0,0,0,0,0,0,0.0,0.0,0.0,0.0,0.0,0.0,snapshot,,,,,,,/home/runner/work/Solana-Memecoin-Analysis/Solana-Memecoin-Analysis/data/cache/2026-10-05/000444270569_multi_pools_da04f0c69ed7.json,2
2026-10-05T00:02:58.856965+00:00,7zoy8Pc9yFctdpL46Z3nYP18L99dMfqe3VUoJ6QER5jB,solana,Pump.fun,CENBz8j2yqASvSk9k2qtYdpLw7vQXLyN41zKVh2Phpuy,Penguin,So11111111111111111111111111111111111111112,SOL,2026-10-03T07:53:09Z,3.433488347367166e-06,3433.4843749678,,2738.5536,120.79213714988714,100.0,,0.0,0.0,0.0,0.0,0.0,45.9046384177,0,0,0,0,0,0,0,0,0,0,0,0,0,0,0,0,0,0,0,0,0,1,0,1,0.0,0.0,0.0,0.0,0.0,0.0,snapshot,,,,,,,/home/runner/work/Solana-Memecoin-Analysis/Solana-Memecoin-Analysis/data/cache/2026-10-05/000444270569_multi_pools_da04f0c69ed7.json,2
2026-10-05T00:02:58.856965+00:00,Fi2Uj4DohEhnapJJtTVkvn7JoDbkqzvp2uGb9Qodg7YR,solana,Meteora DBC,CNv9GH1LcEqFBVUDYsTkTG8kLDUXscjGyNwxoPijkawi,GRAND,So11111111111111111111111111111111111111112,SOL,2026-10-03T07:53:06Z,7.503858245544464e-05,75037.4277855187,,0.0,119.37477257260505,,,0.0,0.0,0.0,0.0,0.0,0.0,0,0,0,0,0,0,0,0,0,0,0,0,0,0,0,0,0,0,0,0,0,0,0,0,0.0,0.0,0.0,0.0,0.0,0.0,snapshot,,,,,,,/home/runner/work/Solana-Memecoin-Analysis/Solana-Memecoin-Analysis/data/cache/2026-10-05/000444270569_multi_pools_da04f0c69ed7.json,2
2026-10-05T00:02:58.856965+00:00,ASpf9Nh4G9qD15n51SrP8BhJ8J1GFL8QodMXRerAYhsA,solana,Pump.fun,DasNZrCWUCHZp1wKj5mrXTgoSWtHcr4bnKrvNSGQpump,kitty,EPjFWdd5AufqSSqeM2qN1xzybapC8G4wEGGkZwyTDt1v,USDC,2026-10-03T07:53:01Z,3.759916125955091e-06,7519.832252,,3035.6023,0.9955702598064843,,,0.0,0.0,0.0,0.0,0.0,0.0,0,0,0,0,0,0,0,0,0,0,0,0,0,0,0,0,0,0,0,0,0,0,0,0,0.0,0.0,0.0,0.0,0.0,0.0,snapshot,,,,,,,/home/runner/work/Solana-Memecoin-Analysis/Solana-Memecoin-Analysis/data/cache/2026-10-05/000444270569_multi_pools_da04f0c69ed7.json,2
2026-10-05T00:02:58.856965+00:00,9x795G8oyNsucB1PhsAtocTmQdMTQzTcbaQCfMn4V1AQ,solana,Pump.fun,B3ZpkVmvQ3EAWk5SN7hsEHzkYxQBBZsCSuAHpt1Dpump,LP,So11111111111111111111111111111111111111112,SOL,2026-10-03T07:52:59Z,4.823138861136892e-05,24162.2446581567,,0.0,119.35361937497075,,,0.0,0.0,0.0,0.0,0.0,0.0,0,0,0,0,0,0,0,0,0,0,0,0,0,0,0,0,0,0,0,0,0,0,0,0,0.0,0.0,0.0,0.0,0.0,0.0,snapshot,,,,,,,/home/runner/work/Solana-Memecoin-Analysis/Solana-Memecoin-Analysis/data/cache/2026-10-05/000444270569_multi_pools_da04f0c69ed7.json,2
2026-10-05T00:02:58.856965+00:00,H9idzqyQYCgsd42NXEBSxEhuDL1SUzTij5cfvt2QxYvA,solana,PumpSwap,B3ZpkVmvQ3EAWk5SN7hsEHzkYxQBBZsCSuAHpt1Dpump,LP,So11111111111111111111111111111111111111112,SOL,2026-10-03T07:52:59Z,2.591913258913396e-06,2524.4582830244,,2803.1458,121.91257566221768,100.0,,0.0,0.0,0.0,0.0,0.3545103102,4.7215418663,0,0,0,0,0,0,0,0,0,0,0,0,0,0,0,0,0,1,0,1,1,5,1,5,0.0,0.0,0.0,0.0,0.0,1.694,snapshot,,,,,,,/home/runner/work/Solana-Memecoin-Analysis/Solana-Memecoin-Analysis/data/cache/2026-10-05/000444270569_multi_pools_da04f0c69ed7.json,2
2026-10-05T00:02:58.856965+00:00,FDnpLkirrjgHYfpjFnMzQNvfusi9mC9VScWTdkv9jjWz,solana,Pump.fun,425HdMsUx3uJDxngc5TCrNATE87EAvTi8VP4hs5tpump,HANS,So11111111111111111111111111111111111111112,SOL,2026-10-03T08:01:29Z,6.093423521478205e-08,121.86847042,,34.2702,119.14323232506281,,,0.0,0.0,0.0,0.0,0.0,0.0,0,0,0,0,0,0,0,0,0,0,0,0,0,0,0,0,0,0,0,0,0,0,0,0,0.0,0.0,0.0,0.0,0.0,0.0,snapshot,,,,,,,/home/runner/work/Solana-Memecoin-Analysis/Solana-Memecoin-Analysis/data/cache/2026-10-05/000444270569_multi_pools_da04f0c69ed7.json,2
2026-10-05T00:02:58.856965+00:00,DUqtxeEzHJTKaCLu5z2wUviKfR84pQZkG6c6jGSEAK3n,solana,Pump.fun,DfyUAic1yx73wFfYXLcNuNKMkqpzipSzZGXedu7upump,VOXEL,So11111111111111111111111111111111111111112,SOL,2026-10-03T08:01:21Z,3.3420245105938066e-06,3342.024511,,2698.1364,119.3405097810306,,,0.0,0.0,0.0,0.0,0.0,0.0,0,0,0,0,0,0,0,0,0,0,0,0,0,0,0,0,0,0,0,0,0,0,0,0,0.0,0.0,0.0,0.0,0.0,0.0,snapshot,,,,,,,/home/runner/work/Solana-Memecoin-Analysis/Solana-Memecoin-Analysis/data/cache/2026-10-05/000444270569_multi_pools_da04f0c69ed7.json,2
2026-10-05T00:02:58.856965+00:00,7zapkKnoBnqRwQJ1owKCk4XqLg65NVuFjzgPEco34pnc,solana,Meteora DAMM V2,5JCygYPdU8cPGcNssBhdAkboEVEdL3aYU7nHrf2Rpump,PRINTR,So11111111111111111111111111111111111111112,SOL,2026-10-03T08:01:14Z,0.0004954010770964432,495358.8977,,0.000183672009171795,119.3083722939367,,,0.0,0.0,0.0,0.0,0.0,0.0,0,0,0,0,0,0,0,0,0,0,0,0,0,0,0,0,0,0,0,0,0,0,0,0,0.0,0.0,0.0,0.0,0.0,0.0,snapshot,,,,,,,/home/runner/work/Solana-Memecoin-Analysis/Solana-Memecoin-Analysis/data/cache/2026-10-05/000444270569_multi_pools_da04f0c69ed7.json,2
2026-10-05T00:02:58.856965+00:00,GaRinypEZNczWB9UBDDrRQsgenTQv5NiMzAYTVe11zoZ,solana,Pump.fun,9ZzYJpLQMVqEz3sAy9WPNoyPBh4o6kTgWKuDFsfCojhS,BYBIT,So11111111111111111111111111111111111111112,SOL,2026-10-03T08:01:03Z,3.3352887946538987e-06,3335.284613,,2693.8602,119.28892912958774,,,0.0,0.0,0.0,0.0,0.0,0.0,0,0,0,0,0,0,0,0,0,0,0,0,0,0,0,0,0,0,0,0,0,0,0,0,0.0,0.0,0.0,0.0,0.0,0.0,snapshot,,,,,,,/home/runner/work/Solana-Memecoin-Analysis/Solana-Memecoin-Analysis/data/cache/2026-10-05/000452561475_multi_pools_958acbbc71ed.json,2
2026-10-05T00:02:58.856965+00:00,AJvJncYxt8uT2vYTWrUKuLc7BMQdBAmLEKyMZErhRjLv,solana,Meteora DAMM V2,HGRyUKMRHpDnTVDdFfo8ZUWnexvbXzg7mQ1pP7BvBWVW,CAREBOND,So11111111111111111111111111111111111111112,SOL,2026-10-03T08:11:29Z,4.2929704582463783e-10,0.4292970458,,0.8018,119.67011104722822,,,0.0,0.0,0.0,0.0,0.0,0.0,0,0,0,0,0,0,0,0,0,0,0,0,0,0,0,0,0,0,0,0,0,0,0,0,0.0,0.0,0.0,0.0,0.0,0.0,snapshot,,,,,,,/home/runner/work/Solana-Memecoin-Analysis/Solana-Memecoin-Analysis/data/cache/2026-10-05/000452561475_multi_pools_958acbbc71ed.json,2
2026-10-05T00:02:58.856965+00:00,E2uPHC1Cs2jzvZQJCbGQ93HcDuUsqgWsDDTSrokVqpBa,solana,Pump.fun,237KgNVR1C7urxZDDzB4Zq1ampPHyBxstryNrknrpump,ALB,So11111111111111111111111111111111111111112,SOL,2026-10-03T08:11:12Z,3.350177624805545e-06,3350.177625,,2707.8671,119.20177075309262,,,0.0,0.0,0.0,0.0,0.0,0.0,0,0,0,0,0,0,0,0,0,0,0,0,0,0,0,0,0,0,0,0,0,0,0,0,0.0,0.0,0.0,0.0,0.0,0.0,snapshot,,,,,,,/home/runner/work/Solana-Memecoin-Analysis/Solana-Memecoin-Analysis/data/cache/2026-10-05/000452561475_multi_pools_958acbbc71ed.json,2
2026-10-05T00:02:58.856965+00:00,D2JTeUxRdocWZ9rvs2kba6KGWtKpXdqPFaabqTV2kKJJ,solana,Pump.fun,FBG5VCPNEVFZ6Xps5vFXWCYvh3bbTUrzyeuwD3Qnpump,Maltese,So11111111111111111111111111111111111111112,SOL,2026-10-03T08:11:03Z,3.33527099769364e-06,3335.270998,,2693.848,119.28892912958774,100.0,,0.0,0.0,0.0,0.0,0.0,0.0,0,0,0,0,0,0,0,0,0,0,0,0,0,0,0,0,0,0,0,0,0,0,0,0,0.0,0.0,0.0,0.0,0.0,0.0,snapshot,,,,,,,/home/runner/work/Solana-Memecoin-Analysis/Solana-Memecoin-Analysis/data/cache/2026-10-05/000452561475_multi_pools_958acbbc71ed.json,2
2026-10-05T00:02:58.856965+00:00,C8CM7jqbUj2p8tJdSyzf1LGqs1AhtB4MynFnT4mUSAqM,solana,Meteora DAMM V2,CmLkQtGDJAmMMrAb9rDinr3jVBuaiC6fpTJnmBqPbonk,tOpenAI,So11111111111111111111111111111111111111112,SOL,2026-10-03T08:11:01Z,0.0004933897051970751,498939.029,,0.00017951989152575,119.3432239462217,100.0,,0.0,0.0,0.0,0.0,0.0,0.0,0,0,0,0,0,0,0,0,0,0,0,0,0,0,0,0,0,0,0,0,0,0,0,0,0.0,0.0,0.0,0.0,0.0,0.0,snapshot,,,,,,,/home/runner/work/Solana-Memecoin-Analysis/Solana-Memecoin-Analysis/data/cache/2026-10-05/000452561475_multi_pools_958acbbc71ed.json,2
2026-10-05T00:02:58.856965+00:00,G8NnVXJ9Y7DndYn4ZCpzmEZvTtxYuTiYZofczYmUbpuD,solana,Pump.fun,pLeYMpJo1zTzW2Fyg5Yn3Abg4nJKR8Hzc5tuUdVpump,PePe,So11111111111111111111111111111111111111112,SOL,2026-10-03T08:11:01Z,3.3604583685909105e-06,3360.458369,,2716.0064,119.208849896063,100.0,,0.0,0.0,0.0,0.0,0.0,0.0,0,0,0,0,0,0,0,0,0,0,0,0,0,0,0,0,0,0,0,0,0,0,0,0,0.0,0.0,0.0,0.0,0.0,0.0,snapshot,,,,,,,/home/runner/work/Solana-Memecoin-Analysis/Solana-Memecoin-Analysis/data/cache/2026-10-05/000452561475_multi_pools_958acbbc71ed.json,2
2026-10-05T00:02:58.856965+00:00,EZR2aTSDGhvoUGDdoxzVyu3C85ATK6353Qa8eKZJrhUa,solana,Pump.fun,H9ri9posDhR2CZnea4gCcLux4rt4KLXUwdm3m7phpump,NANOFILTER,So11111111111111111111111111111111111111112,SOL,2026-10-03T08:11:00Z,3.3352625546340223e-06,3335.268109,,2693.8359,119.28892912958774,100.0,,0.0,0.0,0.0,0.0,0.0,0.0,0,0,0,0,0,0,0,0,0,0,0,0,0,0,0,0,0,0,0,0,0,0,0,0,0.0,0.0,0.0,0.0,0.0,0.0,snapshot,,,,,,,/home/runner/work/Solana-Memecoin-Analysis/Solana-Memecoin-Analysis/data/cache/2026-10-05/000452561475_multi_pools_958acbbc71ed.json,2
2026-10-05T00:02:58.856965+00:00,7qcjoK4UYTqxquzRoS6AFGyKQ4DdatQDx7UF81mzcvmu,solana,Pump.fun,GyhGZFQ5XrbF33UpQA1t2pkzpHAfFZwC59hoEm7kpump,PUNCH,So11111111111111111111111111111111111111112,SOL,2026-10-03T08:10:43Z,3.370283091202245e-06,3370.283091,,2725.8222,119.12721357791881,100.0,,0.0,0.0,0.0,0.0,0.0,0.0,0,0,0,0,0,0,0,0,0,0,0,0,0,0,0,0,0,0,0,0,0,0,0,0,0.0,0.0,0.0,0.0,0.0,0.0,snapshot,,,,,,,/home/runner/work/Solana-Memecoin-Analysis/Solana-Memecoin-Analysis/data/cache/2026-10-05/000452561475_multi_pools_958acbbc71ed.json,2
2026-10-05T00:02:58.856965+00:00,21kreTT3dK7SfD9SzeMGHzNuh5CY6qC6NNZZS8rXjkFR,solana,Pump.fun,i16D6R35Xcf3327zfRamMuE789nKHueYSo47nadpump,CH03,So11111111111111111111111111111111111111112,SOL,2026-10-03T08:20:23Z,3.3416789167710967e-06,3341.678917,,2694.6134,119.48410486451836,100.0,,0.0,0.0,0.0,0.0,0.0,0.0,0,0,0,0,0,0,0,0,0,0,0,0,0,0,0,0,0,0,0,0,0,0,0,0,0.0,0.0,0.0,0.0,0.0,0.0,snapshot,,,,,,,/home/runner/work/Solana-Memecoin-Analysis/Solana-Memecoin-Analysis/data/cache/2026-10-05/000452561475_multi_pools_958acbbc71ed.json,2
2026-10-05T00:02:58.856965+00:00,2mFirX7vVnnVZUW47oz2pPeaLUdy62PYfgZMqadGWmyT,solana,Pump.fun,CiC4gARfRsuVDfwywHeTZykKYgDHa2Vpjpbksrw8KFds,SOL,So11111111111111111111111111111111111111112,SOL,2026-10-03T08:20:15Z,9.810372260896976e-08,196.20744522,,95.5581,119.20020934865833,100.0,,0.0,0.0,0.0,0.0,0.0,0.0,0,0,0,0,0,0,0,0,0,0,0,0,0,0,0,0,0,0,0,0,0,0,0,0,0.0,0.0,0.0,0.0,0.0,0.0,snapshot,,,,,,,/home/runner/work/Solana-Memecoin-Analysis/Solana-Memecoin-Analysis/data/cache/2026-10-05/000452561475_multi_pools_958acbbc71ed.json,2
2026-10-05T00:02:58.856965+00:00,4VZfLjkgD2XG5SsEyad3buZqmJtXAGMcsqP7sf9MoXJj,solana,Pump.fun,9MDrpPAEsR2LVHWqK39xorZeQfMEEJz3Ux6JaksJpump,Send,So11111111111111111111111111111111111111112,SOL,2026-10-03T08:20:11Z,3.3275739159631506e-06,3327.573916,,2693.7994,119.01626979302962,100.0,,0.0,0.0,0.0,0.0,0.0,0.0,0,0,0,0,0,0,0,0,0,0,0,0,0,0,0,0,0,0,0,0,0,0,0,0,0.0,0.0,0.0,0.0,0.0,0.0,snapshot,,,,,,,/home/runner/work/Solana-Memecoin-Analysis/Solana-Memecoin-Analysis/data/cache/2026-10-05/000452561475_multi_pools_958acbbc71ed.json,2
2026-10-05T00:02:58.856965+00:00,78k3eaVUQNsWRgzUyGFtmEMjbeuEDAH1Ty83DfwaN1zc,solana,Pump.fun,A2CFcrRAq1ADwWsKKj7Sb7c3mLbBCUT37WQqdJ8Upump,ELIZABETH,So11111111111111111111111111111111111111112,SOL,2026-10-03T08:20:10Z,1.4220937431918735e-05,28542.97454,,10993.9997,119.24667174943114,100.0,,0.0,0.0,0.0,0.0,0.0,0.0,0,0,0,0,0,0,0,0,0,0,0,0,0,0,0,0,0,0,0,0,0,0,0,0,0.0,0.0,0.0,0.0,0.0,0.0,snapshot,,,,,,,/home/runner/work/Solana-Memecoin-Analysis/Solana-Memecoin-Analysis/data/cache/2026-10-05/000452561475_multi_pools_958acbbc71ed.json,2
2026-10-05T00:02:58.856965+00:00,3sa9KqNzVv5Cfs6xs4gw6qbE1V56cNbGXanJFRfWhxXL,solana,Meteora DBC,2ipebN9AJt2JUqvNAC1sQtzuHJWWgiR1qzZ6tFyMpump,ween,So11111111111111111111111111111111111111112,SOL,2026-10-03T08:20:09Z,5.421383308101906e-12,0.004228859476,,0.0,119.27041543031031,,,0.0,0.0,0.0,0.0,0.0,0.0,0,0,0,0,0,0,0,0,0,0,0,0,0,0,0,0,0,0,0,0,0,0,0,0,0.0,0.0,0.0,0.0,0.0,0.0,snapshot,,,,,,,/home/runner/work/Solana-Memecoin-Analysis/Solana-Memecoin-Analysis/data/cache/2026-10-05/000452561475_multi_pools_958acbbc71ed.json,2
2026-10-05T00:02:58.856965+00:00,EBDGHrJzGNgpumAitkMzhrexfkxorEBqgCFSjjhH4Y1m,solana,Pump.fun,2jcofgvBARZwpLSRt4BfxbEv8vMT4gyLxpMs5sJCpump,IQ,So11111111111111111111111111111111111111112,SOL,2026-10-03T08:20:05Z,3.3718915839629455e-06,3371.891584,,2727.5837,119.10696008098806,,,0.0,0.0,0.0,0.0,0.0,0.0,0,0,0,0,0,0,0,0,0,0,0,0,0,0,0,0,0,0,0,0,0,0,0,0,0.0,0.0,0.0,0.0,0.0,0.0,snapshot,,,,,,,/home/runner/work/Solana-Memecoin-Analysis/Solana-Memecoin-Analysis/data/cache/2026-10-05/000452561475_multi_pools_958acbbc71ed.json,2
2026-10-05T00:02:58.856965+00:00,58mZkwT8tBmV5U4YFrdDVSDcmHLVM2LRbTNHsSfVna4t,solana,Pump.fun,8UcRZwdmuiXcHB2myfeuuqdY7uc9ES86PzYDZTobxVHz,MOO,So11111111111111111111111111111111111111112,SOL,2026-10-03T08:28:58Z,4.5855620350267974e-07,917.112407,,404.6093,119.1997806741802,,,0.0,0.0,0.0,0.0,0.0,0.0,0,0,0,0,0,0,0,0,0,0,0,0,0,0,0,0,0,0,0,0,0,0,0,0,0.0,0.0,0.0,0.0,0.0,0.0,snapshot,,,,,,,/home/runner/work/Solana-Memecoin-Analysis/Solana-Memecoin-Analysis/data/cache/2026-10-05/000452561475_multi_pools_958acbbc71ed.json,2
2026-10-05T00:02:58.856965+00:00,6kU1mEz6cQT6UZUjkcToxJAK2yQ3kPNnH5bAtDQndNo6,solana,Pump.fun,4rsWWY4Ms6AeS3zXZsgyu8JKxcKZ2DRAyT9KpVAMAft2,TSMC,So11111111111111111111111111111111111111112,SOL,2026-10-03T08:28:51Z,3.3377858367815348e-06,3439.987864,,2698.1728,119.1872952760769,,,0.0,0.0,0.0,0.0,0.0,0.0,0,0,0,0,0,0,0,0,0,0,0,0,0,0,0,0,0,0,0,0,0,0,0,0,0.0,0.0,0.0,0.0,0.0,0.0,snapshot,,,,,,,/home/runner/work/Solana-Memecoin-Analysis/Solana-Memecoin-Analysis/data/cache/2026-10-05/000452561475_multi_pools_958acbbc71ed.json,2
2026-10-05T00:02:58.856965+00:00,5CTwwfwTcX6p8EHXg4B9Ho9kWasYKw4kxXWSmuHW7QfX,solana,Pump.fun,GWZZLq6VjY3XA2LjHewdp3Pvivk8wxz6bA5wfgf4pump,Neko,So11111111111111111111111111111111111111112,SOL,2026-10-03T08:37:23Z,7.252941316631362e-07,1450.5882634,,622.5244,119.09176519079008,100.0,,0.0,0.0,0.0,0.0,0.0,0.0,0,0,0,0,0,0,0,0,0,0,0,0,0,0,0,0,0,0,0,0,0,0,0,0,0.0,0.0,0.0,0.0,0.0,0.0,snapshot,,,,,,,/home/runner/work/Solana-Memecoin-Analysis/Solana-Memecoin-Analysis/data/cache/2026-10-05/000452561475_multi_pools_958acbbc71ed.json,2
2026-10-05T00:02:58.856965+00:00,8RBpQiVdCLNoeSQG1tZc1XPc8j4nYhT9pWyVuaUCmvoY,solana,Pump.fun,zKUhwG2bbyJKn4o3WPDd3i1GsApd4VHaiGYLJM5pump,HUH,So11111111111111111111111111111111111111112,SOL,2026-10-03T08:37:12Z,4.342092427496253e-06,8684.184854,,3360.8472,119.09437812740832,100.0,,0.0,0.0,0.0,0.0,0.0,0.0,0,0,0,0,0,0,0,0,0,0,0,0,0,0,0,0,0,0,0,0,0,0,0,0,0.0,0.0,0.0,0.0,0.0,0.0,snapshot,,,,,,,/home/runner/work/Solana-Memecoin-Analysis/Solana-Memecoin-Analysis/data/cache/2026-10-05/000452561475_multi_pools_958acbbc71ed.json,2
2026-10-05T00:02:58.856965+00:00,ETTQyYXLpLiC9zZLVbxDmTteSUW6DzUCkYCDp2VTT4nj,solana,Pump.fun,GNEPJLgfrMCGC874jLgJZYdBXZ7mTMumsovDMKLg5sym,Fatso,So11111111111111111111111111111111111111112,SOL,2026-10-03T08:37:05Z,3.4942470514399854e-06,3494.247051,,2826.8105,119.0962721364144,,,0.0,0.0,0.0,0.0,0.0,0.0,0,0,0,0,0,0,0,0,0,0,0,0,0,0,0,0,0,0,0,0,0,0,0,0,0.0,0.0,0.0,0.0,0.0,0.0,snapshot,,,,,,,/home/runner/work/Solana-Memecoin-Analysis/Solana-Memecoin-Analysis/data/cache/2026-10-05/000452561475_multi_pools_958acbbc71ed.json,2
2026-10-05T00:02:58.856965+00:00,5YpYDr8KWjWCwCoXxiefDUkDqCUZifQLm8QomD2B2Ten,solana,Meteora DAMM V2,shibbDjMz6jhJXqxSRofXTmZBzVvXtscX6Jm8FgQDMh,SHIB,So11111111111111111111111111111111111111112,SOL,2026-10-03T08:37:03Z,0.053088182611344854,4689507.23410346,,0.0243,121.53110111643251,,,0.0,0.0,0.0,0.0,0.007899521573,3.2403960881,0,0,0,0,0,0,0,0,0,0,0,0,0,0,0,0,1,0,1,0,2,1,2,1,0.0,0.0,0.0,0.0,0.0,962595.621,snapshot,,,,,,,/home/runner/work/Solana-Memecoin-Analysis/Solana-Memecoin-Analysis/data/cache/2026-10-05/000452561475_multi_pools_958acbbc71ed.json,2
2026-10-05T00:02:58.856965+00:00,Hv2Cdf9e6Pz3EbFNK3DS4RTcAsL2sRNqosFoNZSsjuWh,solana,Pump.fun,3KcF5PJo7tBk95NV7QHcXV9BPbzGXt6RTZrZ9ownst4b,Fatso,So11111111111111111111111111111111111111112,SOL,2026-10-03T08:37:00Z,3.3297465464623272e-06,3329.737891,,2693.8116,119.092358267886,,,0.0,0.0,0.0,0.0,0.0,0.0,0,0,0,0,0,0,0,0,0,0,0,0,0,0,0,0,0,0,0,0,0,0,0,0,0.0,0.0,0.0,0.0,0.0,0.0,snapshot,,,,,,,/home/runner/work/Solana-Memecoin-Analysis/Solana-Memecoin-Analysis/data/cache/2026-10-05/000452561475_multi_pools_958acbbc71ed.json,2
2026-10-05T00:02:58.856965+00:00,9Jc8ArTAJCNsxwkpucLxX1StWfBtE7quX9vuBSMqHFPA,solana,Pump.fun,2NWZT2xpkf3gRK5ERaPeeSyz5kL6tpmduWeXXuCrpump,BULLEN,So11111111111111111111111111111111111111112,SOL,2026-10-03T08:36:49Z,3.331787845658198e-06,3331.787846,,2694.5162,119.13484564680112,100.0,,0.0,0.0,0.0,0.0,0.0,0.0,0,0,0,0,0,0,0,0,0,0,0,0,0,0,0,0,0,0,0,0,0,0,0,0,0.0,0.0,0.0,0.0,0.0,0.0,snapshot,,,,,,,/home/runner/work/Solana-Memecoin-Analysis/Solana-Memecoin-Analysis/data/cache/2026-10-05/000452561475_multi_pools_958acbbc71ed.json,2
2026-10-05T00:02:58.856965+00:00,4n7YfH3TBkwV4qZoVx9vPaLqSW4SgBMCVP5Nr2i2s6z8,solana,Pump.fun,WWSs9gf73d4rx3CHWnjtqS6iEyCqT6KPSAi8Bbbpump,SCRVAN,So11111111111111111111111111111111111111112,SOL,2026-10-03T08:45:12Z,1.100078594121408e-06,2200.157188,,892.9321,119.19079616964467,100.0,,0.0,0.0,0.0,0.0,0.0,0.0,0,0,0,0,0,0,0,0,0,0,0,0,0,0,0,0,0,0,0,0,0,0,0,0,0.0,0.0,0.0,0.0,0.0,0.0,snapshot,,,,,,,/home/runner/work/Solana-Memecoin-Analysis/Solana-Memecoin-Analysis/data/cache/2026-10-05/000452561475_multi_pools_958acbbc71ed.json,2
2026-10-05T00:02:58.856965+00:00,4FMhSYWJw4juKjTMHxYu3CS1SaaEPbqjRQtAFZg7niBU,solana,Pump.fun,7q8qTG3ZatoXFmb6iqGPFqsZr6ZWXpoUEo3XLj3apump,Neko,So11111111111111111111111111111111111111112,SOL,2026-10-03T08:45:09Z,5.211783116284025e-06,10423.566232,,4154.3824,119.19070706785097,100.0,,0.0,0.0,0.0,0.0,0.0,0.0,0,0,0,0,0,0,0,0,0,0,0,0,0,0,0,0,0,0,0,0,0,0,0,0,0.0,0.0,0.0,0.0,0.0,0.0,snapshot,,,,,,,/home/runner/work/Solana-Memecoin-Analysis/Solana-Memecoin-Analysis/data/cache/2026-10-05/000452561475_multi_pools_958acbbc71ed.json,2
2026-10-05T00:02:58.856965+00:00,DsnQdYuBZtbs9SFmzFB6oiYKqjMc7LCfPxVVKGBBACQv,solana,Pump.fun,GCti8pLVqX4pCNfSQ8sRfAY8KcE7VFVvQ2sji8tY5bPx,PINU,So11111111111111111111111111111111111111112,SOL,2026-10-03T08:45:06Z,3.351167744369657e-06,3351.167744,,2695.4395,119.7864492610196,100.0,,0.0,0.0,0.0,0.0,0.0,0.0,0,0,0,0,0,0,0,0,0,0,0,0,0,0,0,0,0,0,0,0,0,0,0,0,0.0,0.0,0.0,0.0,0.0,0.0,snapshot,,,,,,,/home/runner/work/Solana-Memecoin-Analysis/Solana-Memecoin-Analysis/data/cache/2026-10-05/000452561475_multi_pools_958acbbc71ed.json,2
2026-10-05T00:02:58.856965+00:00,2KURKm5hcdkHcjrZuFDKkP2Rj7Bus4qDPPKGanZub1Sq,solana,Pump.fun,2fBjXeoDWNm1DsctLMtAXAYEv4rfhvQrEUM82HRqpump,Ghosti,So11111111111111111111111111111111111111112,SOL,2026-10-03T08:44:53Z,3.3316742735591963e-06,3331.674274,,2693.8359,119.16039231309495,100.0,,0.0,0.0,0.0,0.0,0.0,0.0,0,0,0,0,0,0,0,0,0,0,0,0,0,0,0,0,0,0,0,0,0,0,0,0,0.0,0.0,0.0,0.0,0.0,0.0,snapshot,,,,,,,/home/runner/work/Solana-Memecoin-Analysis/Solana-Memecoin-Analysis/data/cache/2026-10-05/000452561475_multi_pools_958acbbc71ed.json,2
2026-10-05T00:02:58.856965+00:00,7UaEVMApGpEFt6znNbMKd3j8rTY6L7dDRUbGDctQEDqA,solana,Pump.fun,29fFQXCrNzUdjnH7acx9gCV245LchTAnFZB99Am59Gsk,FUCKCANCER,So11111111111111111111111111111111111111112,SOL,2026-10-03T08:44:51Z,3.335413164317513e-06,3335.413164,,2694.5283,119.2638902999601,,,0.0,0.0,0.0,0.0,0.0,0.0,0,0,0,0,0,0,0,0,0,0,0,0,0,0,0,0,0,0,0,0,0,0,0,0,0.0,0.0,0.0,0.0,0.0,0.0,snapshot,,,,,,,/home/runner/work/Solana-Memecoin-Analysis/Solana-Memecoin-Analysis/data/cache/2026-10-05/000452561475_multi_pools_958acbbc71ed.json,2
2026-10-05T00:02:58.856965+00:00,G4xHJUcLX2cZvqy9JqMh5WhyzCFk3Dv718ShRxnZLRt2,solana,Pump.fun,T3tnqmtiVG9AAuYt582f4ACa2f2NYXemMCESv64pump,GrenCAT,So11111111111111111111111111111111111111112,SOL,2026-10-03T08:44:49Z,7.282477734547168e-06,14876.741158,,8830.2159,119.19533724826482,100.0,,0.0,0.0,0.0,0.0,0.0,0.0,0,0,0,0,0,0,0,0,0,0,0,0,0,0,0,0,0,0,0,0,0,0,0,0,0.0,0.0,0.0,0.0,0.0,0.0,snapshot,,,,,,,/home/runner/work/Solana-Memecoin-Analysis/Solana-Memecoin-Analysis/data/cache/2026-10-05/000452561475_multi_pools_958acbbc71ed.json,2
2026-10-05T00:02:58.856965+00:00,2kU8b5JRGiwPuo3Vt54Nft2bfaxGv7LoUoqz2o7nRNa4,solana,Pump.fun,8Jvuc661GVGA8bKhDr2RkapYHiW4i5GXdoRAQ5PQpump,inuchef,So11111111111111111111111111111111111111112,SOL,2026-10-03T08:44:48Z,3.3982120734834567e-06,3398.212073,,2722.6758,120.25281238467235,,,0.0,0.0,0.0,0.0,0.0,38.6971926841,0,0,0,0,0,0,0,0,0,0,0,0,0,0,0,0,0,0,0,0,0,1,0,1,0.0,0.0,0.0,0.0,0.0,0.0,snapshot,,,,,,,/home/runner/work/Solana-Memecoin-Analysis/Solana-Memecoin-Analysis/data/cache/2026-10-05/000452561475_multi_pools_958acbbc71ed.json,2
2026-10-05T00:02:58.856965+00:00,4yYhmEuoj9Fma3M5xfMoXzkNV2t9uNa4zz5PcWdudcLp,solana,Pump.fun,41yFR8cbpmJMXMmkowXdGEEGafmoN3u7z3MiZw1iz3gW,Sol,So11111111111111111111111111111111111111112,SOL,2026-10-03T08:44:48Z,3.3825762966168077e-06,3382.576297,,2694.1031,120.97746794880857,,,0.0,0.0,0.0,0.0,0.0,0.1803268361,0,0,0,0,0,0,0,0,0,0,0,0,0,0,0,0,0,0,0,0,0,1,0,1,0.0,0.0,0.0,0.0,0.0,0.0,snapshot,,,,,,,/home/runner/work/Solana-Memecoin-Analysis/Solana-Memecoin-Analysis/data/cache/2026-10-05/000452561475_multi_pools_958acbbc71ed.json,2
2026-10-05T00:02:58.856965+00:00,DMW5rCNo6UCBx3WFEDuywFCgNrbG1pe2H2ChTEtFXvJm,solana,Pump.fun,5fkmPSaP42z1mM1gjY747dQ4DxieneFnuC1nyDjWpump,$BASED,So11111111111111111111111111111111111111112,SOL,2026-10-03T08:44:48Z,3.337875365200815e-06,3337.875365,,2697.5897,119.2162786541233,,,0.0,0.0,0.0,0.0,0.0,0.0,0,0,0,0,0,0,0,0,0,0,0,0,0,0,0,0,0,0,0,0,0,0,0,0,0.0,0.0,0.0,0.0,0.0,0.0,snapshot,,,,,,,/home/runner/work/Solana-Memecoin-Analysis/Solana-Memecoin-Analysis/data/cache/2026-10-05/000507126140_multi_pools_946174a05f29.json,2
2026-10-05T00:02:58.856965+00:00,BoiL8W7CfhoGfjr3VHFH34GfKdkmGm7y1YyXbweLfcX7,solana,PumpSwap,8Y6pHi3cMhxhtHuzgGAsWgAJMyw3zaQLeFFf3qvRpump,PRINTR,So11111111111111111111111111111111111111112,SOL,2026-10-03T05:28:52Z,3.102044979608018e-05,31020.4498,,16279.8642,121.29627002107469,100.0,,47.4060270495,50.6924518718,648.9424876915,799.9034377281,6565.2857985716,154038.911049702,0,3,0,3,0,4,0,4,5,9,4,9,10,16,8,16,105,117,64,91,1740,1507,686,850,-0.787,-1.044,-1.21,-1.71,13.829,-65.425,snapshot,,,,,,,/home/runner/work/Solana-Memecoin-Analysis/Solana-Memecoin-Analysis/data/cache/2026-10-05/000507126140_multi_pools_946174a05f29.json,2
2026-10-05T00:02:58.856965+00:00,5t9t6uWjPvwB7Bz39WAX5drbhx6LjJ18Qekq1grjvSon,solana,PumpSwap,HJdSDeL1Qmz4sdY1S1XdTVP8NDatW3GtZ9iRteJfbonk,BAZGOAT,So11111111111111111111111111111111111111112,SOL,2026-10-03T08:54:27Z,0.0010627465075499555,4374.379450097,,0.00157493519425653,119.24159067625988,4.48238778114726e-06,,0.0,0.0,0.0,0.0,0.0,0.0,0,0,0,0,0,0,0,0,0,0,0,0,0,0,0,0,0,0,0,0,0,0,0,0,0.0,0.0,0.0,0.0,0.0,0.0,snapshot,,,,,,,/home/runner/work/Solana-Memecoin-Analysis/Solana-Memecoin-Analysis/data/cache/2026-10-05/000507126140_multi_pools_946174a05f29.json,2
2026-10-05T00:02:58.856965+00:00,8gg8ox3xNhezSqGiKp44PssULgfayfg8caNrHrMW3iD3,solana,Pump.fun,5Med3H4nGd56pCUu8ZnVtE6VW8HgMhpERTnoN3n5pump,NAN,So11111111111111111111111111111111111111112,SOL,2026-10-03T09:11:06Z,3.338724185937027e-06,3338.724186,,2696.6786,119.2867771713916,,,0.0,0.0,0.0,0.0,0.0,0.0,0,0,0,0,0,0,0,0,0,0,0,0,0,0,0,0,0,0,0,0,0,0,0,0,0.0,0.0,0.0,0.0,0.0,0.0,snapshot,,,,,,,/home/runner/work/Solana-Memecoin-Analysis/Solana-Memecoin-Analysis/data/cache/2026-10-05/000507126140_multi_pools_946174a05f29.json,2
2026-10-05T00:02:58.856965+00:00,CnhQ3fXbeFaM6XGUX1xfAfqGh8MF8LKCqf6cBqahSReh,solana,Meteora DAMM V2,Bs1wfGY3jCSDQGNFENh7ZRcoh583m1Uugg7X7mvC5A4J,SPOOKS,So11111111111111111111111111111111111111112,SOL,2026-10-03T09:10:56Z,0.00015874690045607483,158746.9005,,0.000187565190584894,119.36258312601719,,,0.0,0.0,0.0,0.0,0.0,0.0,0,0,0,0,0,0,0,0,0,0,0,0,0,0,0,0,0,0,0,0,0,0,0,0,0.0,0.0,0.0,0.0,0.0,0.0,snapshot,,,,,,,/home/runner/work/Solana-Memecoin-Analysis/Solana-Memecoin-Analysis/data/cache/2026-10-05/000507126140_multi_pools_946174a05f29.json,2
2026-10-05T00:02:58.856965+00:00,DHFewvPZNUtf6FR1jY75YcRJYRSs9tG3qnpyeLJvE4YJ,solana,Pump.fun,6LgEh9EoWQXbwhVcWbKEFY7KyHRLUcRDT4dqN6gMpump,Americ.ai,So11111111111111111111111111111111111111112,SOL,2026-10-03T09:10:52Z,1.2221892018359663e-09,2.444378404,,2.1745,120.97268105942109,,,0.0,0.0,0.0,0.0,0.0,0.1425268675,0,0,0,0,0,0,0,0,0,0,0,0,0,0,0,0,0,0,0,0,0,1,0,1,0.0,0.0,0.0,0.0,0.0,0.0,snapshot,,,,,,,/home/runner/work/Solana-Memecoin-Analysis/Solana-Memecoin-Analysis/data/cache/2026-10-05/000507126140_multi_pools_946174a05f29.json,2
2026-10-05T00:02:58.856965+00:00,BXmXntwSHAHS6oibfNtMSwHokCT3FtojTbcdFenq4uQA,solana,Pump.fun,2HMDcpqN2ib4oer4mivTerk8AdxeBuGcNeTSTVbepump,$REKT,So11111111111111111111111111111111111111112,SOL,2026-10-03T09:10:49Z,3.335686224387023e-06,3335.686224,,2693.8237,119.3043387310093,,,0.0,0.0,0.0,0.0,0.0,0.0,0,0,0,0,0,0,0,0,0,0,0,0,0,0,0,0,0,0,0,0,0,0,0,0,0.0,0.0,0.0,0.0,0.0,0.0,snapshot,,,,,,,/home/runner/work/Solana-Memecoin-Analysis/Solana-Memecoin-Analysis/data/cache/2026-10-05/000507126140_multi_pools_946174a05f29.json,2
2026-10-05T00:02:58.856965+00:00,D5Gct17ziDtDE1v6scZPufzbm8YaTM5bt3UVsqHZvmWG,solana,PumpSwap,EJxAsgHwqxumxUVRvVVnXcBYtt7Zmwn9SSBvRqxiGzrH,AI,So11111111111111111111111111111111111111112,SOL,2026-10-03T09:19:43Z,5.7607094025561065e-05,57607.09403,,6.198899031e-07,119.13697134595336,100.0,,0.0,0.0,0.0,0.0,0.0,0.0,0,0,0,0,0,0,0,0,0,0,0,0,0,0,0,0,0,0,0,0,0,0,0,0,0.0,0.0,0.0,0.0,0.0,0.0,snapshot,,,,,,,/home/runner/work/Solana-Memecoin-Analysis/Solana-Memecoin-Analysis/data/cache/2026-10-05/000507126140_multi_pools_946174a05f29.json,2
2026-10-05T00:02:58.856965+00:00,kGrKBCAUQzgEbN2mBRcwcqHGshGSL5DKCiU1dk5XSRH,solana,Pump.fun,4Reb6mCqevvEVhn6KHEcFzakEivHZDyQPayYr15YQx2J,ce,So11111111111111111111111111111111111111112,SOL,2026-10-03T09:28:40Z,3.2172162969971358e-06,3217.216297,,2601.3878,119.1560399918829,100.0,,0.0,0.0,0.0,0.0,0.0,0.0,0,0,0,0,0,0,0,0,0,0,0,0,0,0,0,0,0,0,0,0,0,0,0,0,0.0,0.0,0.0,0.0,0.0,0.0,snapshot,,,,,,,/home/runner/work/Solana-Memecoin-Analysis/Solana-Memecoin-Analysis/data/cache/2026-10-05/000507126140_multi_pools_946174a05f29.json,2
2026-10-05T00:02:58.856965+00:00,FWRkr42fPeQ43LDYpHmS2ZBJUJpnHtcutep2t1t4CDVW,solana,Pump.fun,7tnDeD5gABjX8DUajvvc12PWxicqtXaY1JD4cKpgpump,Flora,So11111111111111111111111111111111111111112,SOL,2026-10-03T09:28:22Z,3.332920458969658e-06,3332.915077,,2693.8359,119.20495157531757,,,0.0,0.0,0.0,0.0,0.0,0.0,0,0,0,0,0,0,0,0,0,0,0,0,0,0,0,0,0,0,0,0,0,0,0,0,0.0,0.0,0.0,0.0,0.0,0.0,snapshot,,,,,,,/home/runner/work/Solana-Memecoin-Analysis/Solana-Memecoin-Analysis/data/cache/2026-10-05/000507126140_multi_pools_946174a05f29.json,2
2026-10-05T00:02:58.856965+00:00,CAaz1Q7bmHbP2jYkM5zsEGTcvgqDSTHAw9gjmfZwmAZm,solana,Pump.fun,9jRrZea2q8DdMUi3FbvdKPkRdQWrgNu5XqV4ZHpSpump,Rico,So11111111111111111111111111111111111111112,SOL,2026-10-03T09:28:11Z,3.469436800033416e-06,3469.4368,,2765.9235,120.82502449580869,100.0,,0.0,0.0,0.0,0.0,0.3936155487,3.4609018471,0,0,0,0,0,0,0,0,0,0,0,0,0,0,0,0,0,1,0,1,0,3,0,3,0.0,0.0,0.0,0.0,0.0,0.471,snapshot,,,,,,,/home/runner/work/Solana-Memecoin-Analysis/Solana-Memecoin-Analysis/data/cache/2026-10-05/000507126140_multi_pools_946174a05f29.json,2
2026-10-05T00:02:58.856965+00:00,FnwnGDFWGDDNCcUpyd1RdjHny9a9k5vCyuu4ryEibiZB,solana,PumpSwap,AjJtFuCmQhv2TvvWga9uwTQ1PeGfXNBTn9yFHPEM24ML,DeepSeek,So11111111111111111111111111111111111111112,SOL,2026-10-03T09:28:07Z,0.00015194195807273576,151941.9581,,9.03760331351144e-07,119.27770153289961,100.0,,0.0,0.0,0.0,0.0,0.0,0.0,0,0,0,0,0,0,0,0,0,0,0,0,0,0,0,0,0,0,0,0,0,0,0,0,0.0,0.0,0.0,0.0,0.0,0.0,snapshot,,,,,,,/home/runner/work/Solana-Memecoin-Analysis/Solana-Memecoin-Analysis/data/cache/2026-10-05/000507126140_multi_pools_946174a05f29.json,2
2026-10-05T00:02:58.856965+00:00,DNN6kgktxFAyYiN6yix9cGkWVcUUYeGzoJSDAtzTv3xH,solana,Pump.fun,JBLDarntRzC4qC5CjiPMj6HVUYMJrEz85K1zFXAqpump,Album,So11111111111111111111111111111111111111112,SOL,2026-10-03T09:28:03Z,3.4255551914175877e-06,3425.555191,,2780.1127,121.26729818447008,100.0,,0.0,0.0,0.0,0.0,0.0,211.9584409089,0,0,0,0,0,0,0,0,0,0,0,0,0,0,0,0,0,0,0,0,0,3,0,3,0.0,0.0,0.0,0.0,0.0,-6.325,snapshot,,,,,,,/home/runner/work/Solana-Memecoin-Analysis/Solana-Memecoin-Analysis/data/cache/2026-10-05/000507126140_multi_pools_946174a05f29.json,2
2026-10-05T00:02:58.856965+00:00,Agg4KQeLmb8SmkR57agJenvzzfz7SrRkAnLMdvvVbzR5,solana,Pump.fun,65B1T8BUAkSHdoZWN9sweuVLeoZYC2xACWbn7GA4pump,LOBBY,So11111111111111111111111111111111111111112,SOL,2026-10-03T09:37:50Z,3.383929939454798e-06,3383.929939,,2735.9295,119.16726706596299,,,0.0,0.0,0.0,0.0,0.0,0.0,0,0,0,0,0,0,0,0,0,0,0,0,0,0,0,0,0,0,0,0,0,0,0,0,0.0,0.0,0.0,0.0,0.0,0.0,snapshot,,,,,,,/home/runner/work/Solana-Memecoin-Analysis/Solana-Memecoin-Analysis/data/cache/2026-10-05/000507126140_multi_pools_946174a05f29.json,2
2026-10-05T00:02:58.856965+00:00,HVURoTBGBq2zrxNQrcVaRhyJqwXKmywxsq2eq8GUcGVU,solana,Meteora DBC,AhbWEvDuQrAnDdiAYo7RJ4x7fjpSSk2BjCkujymXwnH8,MONAWEEN,So11111111111111111111111111111111111111112,SOL,2026-10-03T09:37:48Z,8.006713520718512e-05,80067.1315311228,,0.0,119.2427228741039,,,0.0,0.0,0.0,0.0,0.0,0.0,0,0,0,0,0,0,0,0,0,0,0,0,0,0,0,0,0,0,0,0,0,0,0,0,0.0,0.0,0.0,0.0,0.0,0.0,snapshot,,,,,,,/home/runner/work/Solana-Memecoin-Analysis/Solana-Memecoin-Analysis/data/cache/2026-10-05/000507126140_multi_pools_946174a05f29.json,2
2026-10-05T00:02:58.856965+00:00,5wttrB43mCLM3o5UuKuUFnquwSRbfx8VnZVciWD7g9S9,solana,Pump.fun,J7wixVd1pZAFL5GRPT4dLp7cS6NowPab8HS5BXEXpump,OYAJI,So11111111111111111111111111111111111111112,SOL,2026-10-03T09:37:38Z,6.040269117749544e-06,12080.538236,,4368.2522,119.24234600303149,,,0.0,0.0,0.0,0.0,0.0,0.0,0,0,0,0,0,0,0,0,0,0,0,0,0,0,0,0,0,0,0,0,0,0,0,0,0.0,0.0,0.0,0.0,0.0,0.0,snapshot,,,,,,,/home/runner/work/Solana-Memecoin-Analysis/Solana-Memecoin-Analysis/data/cache/2026-10-05/000507126140_multi_pools_946174a05f29.json,2
2026-10-05T00:02:58.856965+00:00,BAYzwDpvUBnmKnf6wzCC1LNq2Q77mY3jMtgRNeMjP4Go,solana,Meteora DAMM V2,GUT6mzGR889qXoS1te5TUu5uqrziz4kUmuQLAnTGZyGv,MONAWEEN,So11111111111111111111111111111111111111112,SOL,2026-10-03T09:37:11Z,4.288589665102539e-10,0.4288435269,,0.7289,119.38586459240663,,,0.0,0.0,0.0,0.0,0.0,0.0,0,0,0,0,0,0,0,0,0,0,0,0,0,0,0,0,0,0,0,0,0,0,0,0,0.0,0.0,0.0,0.0,0.0,0.0,snapshot,,,,,,,/home/runner/work/Solana-Memecoin-Analysis/Solana-Memecoin-Analysis/data/cache/2026-10-05/000507126140_multi_pools_946174a05f29.json,2
2026-10-05T00:02:58.856965+00:00,BLeKndzQoimTmGStvvd1G8kbksdTYz7scXdQQP1UVaYi,solana,Pump.fun,26W6FHK4RQsQXdx286GhiHbTu82D71U3mFCiNzZFpump,ALPHABEAR,So11111111111111111111111111111111111111112,SOL,2026-10-03T09:44:52Z,3.334817801529752e-06,3334.817802,,2693.7994,119.275324002399,100.0,,0.0,0.0,0.0,0.0,0.0,0.0,0,0,0,0,0,0,0,0,0,0,0,0,0,0,0,0,0,0,0,0,0,0,0,0,0.0,0.0,0.0,0.0,0.0,0.0,snapshot,,,,,,,/home/runner/work/Solana-Memecoin-Analysis/Solana-Memecoin-Analysis/data/cache/2026-10-05/000507126140_multi_pools_946174a05f29.json,2
2026-10-05T00:02:58.856965+00:00,GF8DudZx6JNWiBsF3UZzBcXwLjm84sMUmbzRscYAG2pQ,solana,Pump.fun,2LmjDGfSxXq4ZCDWy8HMX2a6zxhLTyZKVQkyQJjcpump,ZCAT,So11111111111111111111111111111111111111112,SOL,2026-10-03T09:44:29Z,3.3653140329718037e-06,3365.314033,,2718.3632,119.27797047179436,100.0,,0.0,0.0,0.0,0.0,0.0,0.0,0,0,0,0,0,0,0,0,0,0,0,0,0,0,0,0,0,0,0,0,0,0,0,0,0.0,0.0,0.0,0.0,0.0,0.0,snapshot,,,,,,,/home/runner/work/Solana-Memecoin-Analysis/Solana-Memecoin-Analysis/data/cache/2026-10-05/000507126140_multi_pools_946174a05f29.json,2
2026-10-05T00:02:58.856965+00:00,7yut2k6WYN6SnoaBRKcjqPCLzzNFsVctkTUE9RRaYhN6,solana,Meteora DAMM V2,ErJvjoPrr2WK5mTGPCA7mS4fLBU3ttNTWXZtr9HHpump,MONAWEEN,So11111111111111111111111111111111111111112,SOL,2026-10-03T09:44:18Z,4.344394216635849e-05,152456.724721157,,0.000172864974613813,119.29481253996735,,,0.0,0.0,0.0,0.0,0.0,0.0,0,0,0,0,0,0,0,0,0,0,0,0,0,0,0,0,0,0,0,0,0,0,0,0,0.0,0.0,0.0,0.0,0.0,0.0,snapshot,,,,,,,/home/runner/work/Solana-Memecoin-Analysis/Solana-Memecoin-Analysis/data/cache/2026-10-05/000507126140_multi_pools_946174a05f29.json,2
2026-10-05T00:02:58.856965+00:00,7fRVAyTXtJ3EHV1NHQjT41Wz2MqDgCpHk7ymyVNDdoR2,solana,PumpSwap,Hz5wiC9dLMoVGVMo69AXyE3THdBYW8ypRfNvQEXqjups,PCAT,So11111111111111111111111111111111111111112,SOL,2026-10-03T09:44:17Z,6.348395116442835e-05,63483.95116,,6.323890805e-07,119.29704069967973,100.0,,0.0,0.0,0.0,0.0,0.0,0.0,0,0,0,0,0,0,0,0,0,0,0,0,0,0,0,0,0,0,0,0,0,0,0,0,0.0,0.0,0.0,0.0,0.0,0.0,snapshot,,,,,,,/home/runner/work/Solana-Memecoin-Analysis/Solana-Memecoin-Analysis/data/cache/2026-10-05/000507126140_multi_pools_946174a05f29.json,2
2026-10-05T00:02:58.856965+00:00,Fhxm4uyLSeEqpRTXCy8g8gh5mvuh5Uw1DRicQVijrYaE,solana,Pump.fun,Bo4pQm3xpqQKVQ2XheHZMY2jZSGNTvjY3KUpBBoZpump,agentz402,So11111111111111111111111111111111111111112,SOL,2026-10-03T09:54:42Z,3.3328087429012742e-06,3332.808743,,2693.848,119.20069269151583,100.0,,0.0,0.0,0.0,0.0,0.0,0.0,0,0,0,0,0,0,0,0,0,0,0,0,0,0,0,0,0,0,0,0,0,0,0,0,0.0,0.0,0.0,0.0,0.0,0.0,snapshot,,,,,,,/home/runner/work/Solana-Memecoin-Analysis/Solana-Memecoin-Analysis/data/cache/2026-10-05/000507126140_multi_pools_946174a05f29.json,2
2026-10-05T00:02:58.856965+00:00,HGBzBiVmSh38QtU7AWi6x4nuSezZuhB6fw7gF7h6iJUk,solana,Pump.fun,7YZ6ZrnSuZHC84tPPJqweMPrZd3xCbUgQSrxdTfQpump,Bro,So11111111111111111111111111111111111111112,SOL,2026-10-03T09:54:36Z,3.33585245213438e-06,3335.8154240118,,2694.1274,119.29693419547468,100.0,,0.0,0.0,0.0,0.0,0.0,0.0,0,0,0,0,0,0,0,0,0,0,0,0,0,0,0,0,0,0,0,0,0,0,0,0,0.0,0.0,0.0,0.0,0.0,0.0,snapshot,,,,,,,/home/runner/work/Solana-Memecoin-Analysis/Solana-Memecoin-Analysis/data/cache/2026-10-05/000507126140_multi_pools_946174a05f29.json,2
2026-10-05T00:02:58.856965+00:00,3U735rX1zGzYctSmNceLZ5r8uLuDhQ24hzfKDUAHEAbw,solana,Meteora DAMM V2,4k3Dyjzvzp8eMZWUXbBCjEvwSkkk59S5iCNLY3QrkX6R,RAY,BhWQdgq3u8z4JhRGwXttegDum2UZ9WdfXNcmmo2hrREV,POOP,2026-10-03T09:54:30Z,2.0566951853807507,1141460457.83086,555027149.213176,2.06792669162133e-06,6.207641522742698e-06,,,0.0,0.0,0.0,0.0,0.0,0.0,0,0,0,0,0,0,0,0,0,0,0,0,0,0,0,0,0,0,0,0,0,0,0,0,0.0,0.0,0.0,0.0,0.0,0.0,snapshot,,,,,,,/home/runner/work/Solana-Memecoin-Analysis/Solana-Memecoin-Analysis/data/cache/2026-10-05/000507126140_multi_pools_946174a05f29.json,2
2026-10-05T00:02:58.856965+00:00,7ggytb89nmgkn35KuEggpa1CpovrqVqAShcvgc4XdMtM,solana,Meteora DAMM V2,CfkvUM7ctAmyXbmZSg2TsTfMgxjXY7Bb7wcXkhoquxtS,Pterminal,So11111111111111111111111111111111111111112,SOL,2026-10-03T10:00:59Z,1.3293568260096434e-05,13481.4036552782,,2.884326538e-05,119.17844216735959,,,0.0,0.0,0.0,0.0,0.0,0.0,0,0,0,0,0,0,0,0,0,0,0,0,0,0,0,0,0,0,0,0,0,0,0,0,0.0,0.0,0.0,0.0,0.0,0.0,snapshot,,,,,,,/home/runner/work/Solana-Memecoin-Analysis/Solana-Memecoin-Analysis/data/cache/2026-10-05/000507126140_multi_pools_946174a05f29.json,2
2026-10-05T00:02:58.856965+00:00,BdvZEYhUrWLRAREFKJpvD3zumcXoR55wPjFPxH6c1Naw,solana,Pump.fun,3HJYekZV2wjkYV6BvK6EuqVqfdWNR5D3Qp39qY6tpump,STONK,Xsv9hRk1z5ystj9MhnA7Lq4vjSsLwzL2nxrwmwtD3re,GLDx,2026-10-03T10:00:51Z,4.010648759163931e-06,4817.349747,,3684.367,378.8669169152906,,,0.0,0.0,0.0,0.0,0.0,0.0,0,0,0,0,0,0,0,0,0,0,0,0,0,0,0,0,0,0,0,0,0,0,0,0,0.0,0.0,0.0,0.0,0.0,0.0,snapshot,,,,,,,/home/runner/work/Solana-Memecoin-Analysis/Solana-Memecoin-Analysis/data/cache/2026-10-05/000507126140_multi_pools_946174a05f29.json,2
2026-10-05T00:02:58.856965+00:00,4RJx7xsopUG3f2G2kaYF3S342njpaFnjLYmBcaSEXp5t,solana,Pump.fun,G39ziVDno1ufqvixikzmHXheNttk2rwLVC93Myo8pump,dogeween,So11111111111111111111111111111111111111112,SOL,2026-10-03T10:00:48Z,3.337061968542254e-06,3337.061969,,2694.5769,119.32049498144204,,,0.0,0.0,0.0,0.0,0.0,0.0,0,0,0,0,0,0,0,0,0,0,0,0,0,0,0,0,0,0,0,0,0,0,0,0,0.0,0.0,0.0,0.0,0.0,0.0,snapshot,,,,,,,/home/runner/work/Solana-Memecoin-Analysis/Solana-Memecoin-Analysis/data/cache/2026-10-05/000507126140_multi_pools_946174a05f29.json,2
2026-10-05T00:02:58.856965+00:00,DBhWiZfvXn5E6Ma533gAucnLREj5LjNSjRmAJL4mxqwt,solana,PumpSwap,AiM8keB1CxoxLdLaTA55nwjub7Pi2GnM5PbCYKhcpump,Run,So11111111111111111111111111111111111111112,SOL,2026-10-03T10:00:42Z,2.3452137791805676e-06,2282.8609937224,,2388.1983,120.75573618526633,100.0,,0.0,0.0,0.0,0.0,0.0,120.8425090703,0,0,0,0,0,0,0,0,0,0,0,0,0,0,0,0,0,0,0,0,2,2,2,2,0.0,0.0,0.0,0.0,0.0,-3.056,snapshot,,,,,,,/home/runner/work/Solana-Memecoin-Analysis/Solana-Memecoin-Analysis/data/cache/2026-10-05/000507126140_multi_pools_946174a05f29.json,2
2026-10-05T00:02:58.856965+00:00,B6tHFND2efSY91BzJModWKQZmvRjAL7yPkmoKKu74HX2,solana,Meteora DBC,G6R6Nvaaiti3DSBFxoCsTzyn3jLjCujWoZKimPmURV9E,DOT,So11111111111111111111111111111111111111112,SOL,2026-10-03T10:12:13Z,5.1882731058181794e-12,0.003997207807,,0.0,119.33026431693104,,,0.0,0.0,0.0,0.0,0.0,0.0,0,0,0,0,0,0,0,0,0,0,0,0,0,0,0,0,0,0,0,0,0,0,0,0,0.0,0.0,0.0,0.0,0.0,0.0,snapshot,,,,,,,/home/runner/work/Solana-Memecoin-Analysis/Solana-Memecoin-Analysis/data/cache/2026-10-05/000507126140_multi_pools_946174a05f29.json,2
2026-10-05T00:02:58.856965+00:00,2NXqCXT9RdJRKEZY6KXRBio7FENi3aPENvUCKHMUPiaM,solana,Pump.fun,AUWBgaLyRoMhpPQLWHXZbq7vHVKWx7q6jiisYmaUpump,PRBN,So11111111111111111111111111111111111111112,SOL,2026-10-03T10:12:07Z,3.3574320388364635e-06,3357.432039,,2710.3089,119.35227590630836,,,0.0,0.0,0.0,0.0,0.0,0.0,0,0,0,0,0,0,0,0,0,0,0,0,0,0,0,0,0,0,0,0,0,0,0,0,0.0,0.0,0.0,0.0,0.0,0.0,snapshot,,,,,,,/home/runner/work/Solana-Memecoin-Analysis/Solana-Memecoin-Analysis/data/cache/2026-10-05/000507126140_multi_pools_946174a05f29.json,2
2026-10-05T00:02:58.856965+00:00,3kBYK86Re9KFojfYRwE65tV39rR53QEWLLjd2RNc8hFX,solana,Pump.fun,EKiEc33iWXjwR1E34YNuHgTVjn5gtdoB9xEnitzipump,SUB3,So11111111111111111111111111111111111111112,SOL,2026-10-03T10:12:05Z,3.3379030398129597e-06,3337.90304,,2695.0993,119.32751927478485,,,0.0,0.0,0.0,0.0,0.0,0.0,0,0,0,0,0,0,0,0,0,0,0,0,0,0,0,0,0,0,0,0,0,0,0,0,0.0,0.0,0.0,0.0,0.0,0.0,snapshot,,,,,,,/home/runner/work/Solana-Memecoin-Analysis/Solana-Memecoin-Analysis/data/cache/2026-10-05/000514320232_multi_pools_3726336c03d6.json,2
2026-10-05T00:02:58.856965+00:00,E87en6uNmD1jmhPzyg3PrSwZHg3P3n7cFFNZ2dp8XENc,solana,Pump.fun,JAwTgeomFk1VswAifjFJR1kdye5H4uN2XiqQG7Cbpump,e/inu,So11111111111111111111111111111111111111112,SOL,2026-10-03T10:11:33Z,3.370121585499546e-06,3370.121585,,2782.6395,119.34503733696079,,,0.0,0.0,0.0,0.0,0.0,0.0,0,0,0,0,0,0,0,0,0,0,0,0,0,0,0,0,0,0,0,0,0,0,0,0,0.0,0.0,0.0,0.0,0.0,0.0,snapshot,,,,,,,/home/runner/work/Solana-Memecoin-Analysis/Solana-Memecoin-Analysis/data/cache/2026-10-05/000514320232_multi_pools_3726336c03d6.json,2
2026-10-05T00:02:58.856965+00:00,65smf3moUKAeHwduXDZDv9SYDw1eZCDf1HHxH6NKsX2j,solana,Pump.fun,Ft1qeEeGbC2b4F8tM3AaQDrAxtJ9jk7rqmPUD6SPpump,🫏,So11111111111111111111111111111111111111112,SOL,2026-10-03T10:20:09Z,1.0781896739943913e-06,2156.379348,,871.1989,119.32049498144204,,,0.0,0.0,0.0,0.0,0.0,0.0,0,0,0,0,0,0,0,0,0,0,0,0,0,0,0,0,0,0,0,0,0,0,0,0,0.0,0.0,0.0,0.0,0.0,0.0,snapshot,,,,,,,/home/runner/work/Solana-Memecoin-Analysis/Solana-Memecoin-Analysis/data/cache/2026-10-05/000514320232_multi_pools_3726336c03d6.json,2
2026-10-05T00:02:58.856965+00:00,5mWUSn3NwpCKrZc8eRciF1ZsGaPUtG9UkNkRCiT67HEa,solana,Meteora DBC,AagJtdrQ1BLfPNCVca1csKKyAD5KB2NYtvjmPsQpirWb,pumptom,So11111111111111111111111111111111111111112,SOL,2026-10-03T10:20:06Z,8.03394334373849e-05,80338.513259894,,0.0,119.26478675067871,,,0.0,0.0,0.0,0.0,0.0,0.0,0,0,0,0,0,0,0,0,0,0,0,0,0,0,0,0,0,0,0,0,0,0,0,0,0.0,0.0,0.0,0.0,0.0,0.0,snapshot,,,,,,,/home/runner/work/Solana-Memecoin-Analysis/Solana-Memecoin-Analysis/data/cache/2026-10-05/000514320232_multi_pools_3726336c03d6.json,2
2026-10-05T00:02:58.856965+00:00,rsp7GFNNipDDr7t72ZYvNaMfDWctBv9xWM972ZUErxm,solana,Pump.fun,3s737WV9qyfinhuGwt9R7tX4ETXzCrqGm1GAxXGXpump,bleck,So11111111111111111111111111111111111111112,SOL,2026-10-03T10:20:04Z,3.2615089277587995e-06,6523.017856,,2035.875,119.32725778121785,100.0,,0.0,0.0,0.0,0.0,0.0,0.0,0,0,0,0,0,0,0,0,0,0,0,0,0,0,0,0,0,0,0,0,0,0,0,0,0.0,0.0,0.0,0.0,0.0,0.0,snapshot,,,,,,,/home/runner/work/Solana-Memecoin-Analysis/Solana-Memecoin-Analysis/data/cache/2026-10-05/000514320232_multi_pools_3726336c03d6.json,2
2026-10-05T00:02:58.856965+00:00,ELYVvwbnn5gK76u8tfqMHKMjHMrYQ2kNvFPiwHgmRyVP,solana,Pump.fun,HdXN5JUPjXC9mqXTJHnkUJXymrmPvNV2FV1Xxcfypump,34%,So11111111111111111111111111111111111111112,SOL,2026-10-03T10:20:01Z,5.6341250817341775e-06,11268.250164,,4436.7197,119.34225005605884,,,0.0,0.0,0.0,0.0,0.0,0.0,0,0,0,0,0,0,0,0,0,0,0,0,0,0,0,0,0,0,0,0,0,0,0,0,0.0,0.0,0.0,0.0,0.0,0.0,snapshot,,,,,,,/home/runner/work/Solana-Memecoin-Analysis/Solana-Memecoin-Analysis/data/cache/2026-10-05/000514320232_multi_pools_3726336c03d6.json,2
2026-10-05T00:02:58.856965+00:00,9QgDrzC1MzB1ayYa6tkYm4tVRWrYg68aH3Gqn1KgrJMZ,solana,Pump.fun,DF6JF6nRpzPN4pmbxhR7eMhhRcLKkMRqgrzX1mF3pump,jords,So11111111111111111111111111111111111111112,SOL,2026-10-03T10:19:55Z,3.1790376141960846e-06,3179.037614,,2566.5709,119.33916461435248,,,0.0,0.0,0.0,0.0,0.0,0.0,0,0,0,0,0,0,0,0,0,0,0,0,0,0,0,0,0,0,0,0,0,0,0,0,0.0,0.0,0.0,0.0,0.0,0.0,snapshot,,,,,,,/home/runner/work/Solana-Memecoin-Analysis/Solana-Memecoin-Analysis/data/cache/2026-10-05/000514320232_multi_pools_3726336c03d6.json,2
2026-10-05T00:02:58.856965+00:00,2bL315hefR5ZMEzqWvQPnfm6jsFRvz8momZcfcAG94EJ,solana,Pump.fun,BWpDfucgkp2sWNQSRkscJTo83MC2m4SMS3RME8tazmoB,THEF,So11111111111111111111111111111111111111112,SOL,2026-10-03T10:19:54Z,1.225440980055027e-07,247.7463498,,146.2162,119.27026620575347,,,0.0,0.0,0.0,0.0,0.0,0.0,0,0,0,0,0,0,0,0,0,0,0,0,0,0,0,0,0,0,0,0,0,0,0,0,0.0,0.0,0.0,0.0,0.0,0.0,snapshot,,,,,,,/home/runner/work/Solana-Memecoin-Analysis/Solana-Memecoin-Analysis/data/cache/2026-10-05/000514320232_multi_pools_3726336c03d6.json,2
2026-10-05T00:02:58.856965+00:00,EBf1fRr4NYx3KvjP9kAToHYk4GJhFaEvGoqLWewAxCSu,solana,FluxBeam,GajvhToKW7R6URdWJy9TLLZZs6XsQ3cY6WFUJwRFcQ8p,SÍ,So11111111111111111111111111111111111111112,SOL,2026-10-03T10:19:42Z,0.0015179737801030795,1507411.71593588,,577.6853,119.20644955112294,0.0,,0.0,0.0,0.0,0.0,0.0,0.0,0,0,0,0,0,0,0,0,0,0,0,0,0,0,0,0,0,0,0,0,0,0,0,0,0.0,0.0,0.0,0.0,0.0,0.0,snapshot,,,,,,,/home/runner/work/Solana-Memecoin-Analysis/Solana-Memecoin-Analysis/data/cache/2026-10-05/000514320232_multi_pools_3726336c03d6.json,2
2026-10-05T00:02:58.856965+00:00,9qhL9tfHJJ5rezuaZLphgfnysN5Q6Fqo8eJ36ne3gY6x,solana,Meteora DAMM V2,7FNxWvSQn75VHXiTxBL3xZYfsTnZuLNCZNroJPUkpump,pumptom,So11111111111111111111111111111111111111112,SOL,2026-10-03T10:29:09Z,0.004018315504404612,3135808.11668952,,0.0001746526462,119.38923801028656,100.0,,0.0,0.0,0.0,0.0,0.0,0.0,0,0,0,0,0,0,0,0,0,0,0,0,0,0,0,0,0,0,0,0,0,0,0,0,0.0,0.0,0.0,0.0,0.0,0.0,snapshot,,,,,,,/home/runner/work/Solana-Memecoin-Analysis/Solana-Memecoin-Analysis/data/cache/2026-10-05/000514320232_multi_pools_3726336c03d6.json,2
2026-10-05T00:02:58.856965+00:00,7CKrXABtpWTaKsTWfJJKrCaSYG9fsqCwssUavndZLP7J,solana,Pump.fun,Ef1VnRfHiDKKjps9p2LG8NQeQY94pQNnH46JTaREAwDQ,BRAIN,So11111111111111111111111111111111111111112,SOL,2026-10-03T10:29:04Z,3.342036773040351e-06,3348.086135,,2697.4925,119.36941211585444,100.0,,0.0,0.0,0.0,0.0,0.0,0.0,0,0,0,0,0,0,0,0,0,0,0,0,0,0,0,0,0,0,0,0,0,0,0,0,0.0,0.0,0.0,0.0,0.0,0.0,snapshot,,,,,,,/home/runner/work/Solana-Memecoin-Analysis/Solana-Memecoin-Analysis/data/cache/2026-10-05/000514320232_multi_pools_3726336c03d6.json,2
2026-10-05T00:02:58.856965+00:00,5jbHosopSVE3W8Gjnh82HnVJq2gvcj2G6xafTjNpbdVC,solana,Pump.fun,865cKm3G3q8gxrpzprsYH4kLvPf5vF2qXREtXVuipump,vrl,So11111111111111111111111111111111111111112,SOL,2026-10-03T10:29:00Z,8.356700600149374e-07,1671.34012,,945.5462,119.4436703491218,,,0.0,0.0,0.0,0.0,0.0,0.0,0,0,0,0,0,0,0,0,0,0,0,0,0,0,0,0,0,0,0,0,0,0,0,0,0.0,0.0,0.0,0.0,0.0,0.0,snapshot,,,,,,,/home/runner/work/Solana-Memecoin-Analysis/Solana-Memecoin-Analysis/data/cache/2026-10-05/000514320232_multi_pools_3726336c03d6.json,2
2026-10-05T00:02:58.856965+00:00,7VwhG1AdCRHvAYFPZrZEsEL3H7pKpBEk7guHwbUYHZe6,solana,Pump.fun,31Kto791QCzV8TBhq3U4obSeeyeE6jjEhjcipUkopump,ily,So11111111111111111111111111111111111111112,SOL,2026-10-03T10:29:00Z,3.347982031627024e-06,3347.982032,,2702.6798,119.35225548590189,,,0.0,0.0,0.0,0.0,0.0,0.0,0,0,0,0,0,0,0,0,0,0,0,0,0,0,0,0,0,0,0,0,0,0,0,0,0.0,0.0,0.0,0.0,0.0,0.0,snapshot,,,,,,,/home/runner/work/Solana-Memecoin-Analysis/Solana-Memecoin-Analysis/data/cache/2026-10-05/000514320232_multi_pools_3726336c03d6.json,2
2026-10-05T00:02:58.856965+00:00,2c23Yx8YLGA3tPB7qk9KskFY2LteScp5dNFAatok9pBh,solana,Pump.fun,9bwpRaU3bVwjD11oWwMp8TnpRaP9AWs8SobrVFELpump,Fletcher,So11111111111111111111111111111111111111112,SOL,2026-10-03T10:28:31Z,3.335911076843327e-06,3335.911077,,2694.4919,119.28288183218274,100.0,,0.0,0.0,0.0,0.0,0.0,0.0,0,0,0,0,0,0,0,0,0,0,0,0,0,0,0,0,0,0,0,0,0,0,0,0,0.0,0.0,0.0,0.0,0.0,0.0,snapshot,,,,,,,/home/runner/work/Solana-Memecoin-Analysis/Solana-Memecoin-Analysis/data/cache/2026-10-05/000514320232_multi_pools_3726336c03d6.json,2
2026-10-05T00:02:58.856965+00:00,DLnvNRiHZbAz87ug7xFxJcsEmALRu26QaTEWGLHoYhJb,solana,Pump.fun,DHiKdZ75swmfeeTbN41eKKN8jHKCs838XZgDo94Kpump,$LA BEAST,So11111111111111111111111111111111111111112,SOL,2026-10-03T10:38:05Z,6.063474449396726e-06,12126.948898,,4824.8802,119.43966662576175,,,0.0,0.0,0.0,0.0,0.0,0.0,0,0,0,0,0,0,0,0,0,0,0,0,0,0,0,0,0,0,0,0,0,0,0,0,0.0,0.0,0.0,0.0,0.0,0.0,snapshot,,,,,,,/home/runner/work/Solana-Memecoin-Analysis/Solana-Memecoin-Analysis/data/cache/2026-10-05/000514320232_multi_pools_3726336c03d6.json,2
2026-10-05T00:02:58.856965+00:00,F2W83QqRWNtPKYr91P1JFucBWAXB9p9DZn5VEhRhgVg6,solana,Pump.fun,4tdXvt55qDZ2qrQ9AUcxtZPVgjTSkn4iFuDRxtR8pump,WCS,So11111111111111111111111111111111111111112,SOL,2026-10-03T10:38:03Z,9.548286408953856e-06,19096.572818,,7583.4541,119.32544054413549,,,0.0,0.0,0.0,0.0,0.0,0.0,0,0,0,0,0,0,0,0,0,0,0,0,0,0,0,0,0,0,0,0,0,0,0,0,0.0,0.0,0.0,0.0,0.0,0.0,snapshot,,,,,,,/home/runner/work/Solana-Memecoin-Analysis/Solana-Memecoin-Analysis/data/cache/2026-10-05/000514320232_multi_pools_3726336c03d6.json,2
2026-10-05T00:02:58.856965+00:00,A19b1uhTfpLdCcHrEeK9Yi8775hZY1qruYvPTPq9k1jf,solana,Pump.fun,GDZWWwy1qvecLEn2YXEFENDNazD3ZNf8c6hzP8GFpump,PWO,So11111111111111111111111111111111111111112,SOL,2026-10-03T10:38:03Z,3.401345580811543e-06,3401.345581,,2694.2246,121.63509106283583,,,0.0,0.0,0.0,0.0,0.0,0.5912353362,0,0,0,0,0,0,0,0,0,0,0,0,0,0,0,0,0,0,0,0,0,1,0,1,0.0,0.0,0.0,0.0,0.0,0.0,snapshot,,,,,,,/home/runner/work/Solana-Memecoin-Analysis/Solana-Memecoin-Analysis/data/cache/2026-10-05/000514320232_multi_pools_3726336c03d6.json,2
2026-10-05T00:02:58.856965+00:00,GPLvtBk7y3EDBk5VMYQpBYjhNzNDZkhdCVdq24pHaZFc,solana,Pump.fun,BgLSrHmcgwsRtTB93vQhmEsKTPpebAAWxZUDssVCpump,CHAROC,So11111111111111111111111111111111111111112,SOL,2026-10-03T10:38:01Z,3.309018729706408e-06,6618.03746,,3007.9043,119.39984610819586,,,0.0,0.0,0.0,0.0,0.0,0.0,0,0,0,0,0,0,0,0,0,0,0,0,0,0,0,0,0,0,0,0,0,0,0,0,0.0,0.0,0.0,0.0,0.0,0.0,snapshot,,,,,,,/home/runner/work/Solana-Memecoin-Analysis/Solana-Memecoin-Analysis/data/cache/2026-10-05/000514320232_multi_pools_3726336c03d6.json,2
2026-10-05T00:02:58.856965+00:00,HncvHSdxpWXeFeGhr99QAjbTNpME6WaKZfVUZvYoFySv,solana,Pump.fun,6HSo2Vwsr4qxa8ALqPtRy6STcg9RrQG5nVSLHSLtpump,AI,So11111111111111111111111111111111111111112,SOL,2026-10-03T10:37:58Z,3.3348341576308485e-06,3334.851929,,2693.7994,119.2754341421986,,,0.0,0.0,0.0,0.0,0.0,0.0,0,0,0,0,0,0,0,0,0,0,0,0,0,0,0,0,0,0,0,0,0,0,0,0,0.0,0.0,0.0,0.0,0.0,0.0,snapshot,,,,,,,/home/runner/work/Solana-Memecoin-Analysis/Solana-Memecoin-Analysis/data/cache/2026-10-05/000514320232_multi_pools_3726336c03d6.json,2
2026-10-05T00:02:58.856965+00:00,H3ie4rh6u9mtgSUHZKeLbLfHfX6pWjeX7caKavKjrNfn,solana,Pump.fun,6FM52HnDRao1QwT8QRDNytkTCTYiiY8Uq78x9Q2Wpump,AI,So11111111111111111111111111111111111111112,SOL,2026-10-03T10:37:58Z,3.3348728722748473e-06,3334.872872,,2693.8237,119.27574534300528,,,0.0,0.0,0.0,0.0,0.0,0.0,0,0,0,0,0,0,0,0,0,0,0,0,0,0,0,0,0,0,0,0,0,0,0,0,0.0,0.0,0.0,0.0,0.0,0.0,snapshot,,,,,,,/home/runner/work/Solana-Memecoin-Analysis/Solana-Memecoin-Analysis/data/cache/2026-10-05/000514320232_multi_pools_3726336c03d6.json,2
2026-10-05T00:02:58.856965+00:00,4m3hHcjK67b8Jd585WnCQ14cdrJVyPYhN6xAJYWNvw9x,solana,Pump.fun,4LGYPAu3YVJWNnwgTN1jRh9azyLzqLub762uykeDLYfy,Cats,So11111111111111111111111111111111111111112,SOL,2026-10-03T10:37:52Z,3.2237791988762197e-06,3223.779199,,2601.4364,119.39911018877855,,,0.0,0.0,0.0,0.0,0.0,0.0,0,0,0,0,0,0,0,0,0,0,0,0,0,0,0,0,0,0,0,0,0,0,0,0,0.0,0.0,0.0,0.0,0.0,0.0,snapshot,,,,,,,/home/runner/work/Solana-Memecoin-Analysis/Solana-Memecoin-Analysis/data/cache/2026-10-05/000514320232_multi_pools_3726336c03d6.json,2
2026-10-05T00:02:58.856965+00:00,jiaGTcBicDaQX3TEYpBfPJLavVdj9sZXs5DzM2pv3jT,solana,Pump.fun,4Poap3MsezrKxtt7HF6AHz6cs7ux3PQHrGo7Xc2ipump,GhostRoyal,So11111111111111111111111111111111111111112,SOL,2026-10-03T10:37:49Z,3.462386124220299e-06,3462.386124,,2790.7181,119.53656526812807,,,0.0,0.0,0.0,0.0,0.0,0.0,0,0,0,0,0,0,0,0,0,0,0,0,0,0,0,0,0,0,0,0,0,0,0,0,0.0,0.0,0.0,0.0,0.0,0.0,snapshot,,,,,,,/home/runner/work/Solana-Memecoin-Analysis/Solana-Memecoin-Analysis/data/cache/2026-10-05/000514320232_multi_pools_3726336c03d6.json,2
2026-10-05T00:02:58.856965+00:00,CgoTkjf5boE3NfEGQwRvSWNuXSUv8RirqxtopTSY9iR9,solana,Pump.fun,2Lk6aFrpnoqgGtossGUGmPbshfHsK6b98zevkVkCpump,uinhim,So11111111111111111111111111111111111111112,SOL,2026-10-03T10:47:03Z,4.786938779322138e-06,9599.876446,,3738.7668,119.36102116383672,100.0,,0.0,0.0,0.0,0.0,0.0,0.0,0,0,0,0,0,0,0,0,0,0,0,0,0,0,0,0,0,0,0,0,0,0,0,0,0.0,0.0,0.0,0.0,0.0,0.0,snapshot,,,,,,,/home/runner/work/Solana-Memecoin-Analysis/Solana-Memecoin-Analysis/data/cache/2026-10-05/000514320232_multi_pools_3726336c03d6.json,2
2026-10-05T00:02:58.856965+00:00,Cww2MnVfTfCXzh8yX5s2qoUQgXbhxJ87erUQA35uWVsS,solana,Meteora DAMM V2,CJLuzqkiQsvMfiw1T1VJmqjo4Po1zTvYMimtPHUwcjcQ,calico,So11111111111111111111111111111111111111112,SOL,2026-10-03T10:47:00Z,6.505106003951763e-10,0.650496581,,1.2148,119.23710178581558,100.0,,0.0,0.0,0.0,0.0,0.0,0.0,0,0,0,0,0,0,0,0,0,0,0,0,0,0,0,0,0,0,0,0,0,0,0,0,0.0,0.0,0.0,0.0,0.0,0.0,snapshot,,,,,,,/home/runner/work/Solana-Memecoin-Analysis/Solana-Memecoin-Analysis/data/cache/2026-10-05/000514320232_multi_pools_3726336c03d6.json,2
2026-10-05T00:02:58.856965+00:00,H7b3M3NN7RCAasgcWyL9a3Jufx7ifsdyizETdGmPWXVE,solana,Meteora DBC,2zSE6bgdHqTMPKEvqBVPd16mmeByvgW5KzVaTaLLrYSW,NIUMA社区,So11111111111111111111111111111111111111112,SOL,2026-10-03T10:46:59Z,9.543744890720472e-05,95436.1902478907,,0.0,119.43570449030796,,,0.0,0.0,0.0,0.0,0.0,0.0,0,0,0,0,0,0,0,0,0,0,0,0,0,0,0,0,0,0,0,0,0,0,0,0,0.0,0.0,0.0,0.0,0.0,0.0,snapshot,,,,,,,/home/runner/work/Solana-Memecoin-Analysis/Solana-Memecoin-Analysis/data/cache/2026-10-05/000514320232_multi_pools_3726336c03d6.json,2
2026-10-05T00:02:58.856965+00:00,HWXPTzhbPX4xxaocy7QxZo1vfRRLyu93YsqaYYpBiuik,solana,Meteora DAMM V2,7QLwBYbbWcEPRYWJiHDR96Fs6pTx8ockNEVkPEagc13m,SS,So11111111111111111111111111111111111111112,SOL,2026-10-03T10:46:44Z,6.275790116234193e-10,0.6275312518,,1.1784,119.23710176834777,,,0.0,0.0,0.0,0.0,0.0,0.0,0,0,0,0,0,0,0,0,0,0,0,0,0,0,0,0,0,0,0,0,0,0,0,0,0.0,0.0,0.0,0.0,0.0,0.0,snapshot,,,,,,,/home/runner/work/Solana-Memecoin-Analysis/Solana-Memecoin-Analysis/data/cache/2026-10-05/000514320232_multi_pools_3726336c03d6.json,2
2026-10-05T00:02:58.856965+00:00,CRZ1P6E93DtR3Fx9t5PmTCEbGGudV9RP8FV1HBcYhjvR,solana,Pump.fun,DdghfaGNMkn4j1c8tYWL7yMsPpaUHMt7h4e4pNMCpump,CHAOS,So11111111111111111111111111111111111111112,SOL,2026-10-03T10:46:34Z,3.334847021265216e-06,3334.847021,,2693.8116,119.27558530792918,,,0.0,0.0,0.0,0.0,0.0,0.0,0,0,0,0,0,0,0,0,0,0,0,0,0,0,0,0,0,0,0,0,0,0,0,0,0.0,0.0,0.0,0.0,0.0,0.0,snapshot,,,,,,,/home/runner/work/Solana-Memecoin-Analysis/Solana-Memecoin-Analysis/data/cache/2026-10-05/000514320232_multi_pools_3726336c03d6.json,2
2026-10-05T00:02:58.856965+00:00,Dym7MD6GcP6SYotZfCUNkxrJtWSp2JW1ammCD1n4a9F9,solana,Pump.fun,8frPBCE9zndaxWtRGbUd26ykBJgD1G4YpSGW5R6pump,USMS,So11111111111111111111111111111111111111112,SOL,2026-10-03T10:46:26Z,8.518709055955853e-07,1703.7418112,,712.3485,119.36125551114989,,,0.0,0.0,0.0,0.0,0.0,0.0,0,0,0,0,0,0,0,0,0,0,0,0,0,0,0,0,0,0,0,0,0,0,0,0,0.0,0.0,0.0,0.0,0.0,0.0,snapshot,,,,,,,/home/runner/work/Solana-Memecoin-Analysis/Solana-Memecoin-Analysis/data/cache/2026-10-05/000514320232_multi_pools_3726336c03d6.json,2
2026-10-05T00:02:58.856965+00:00,5HFAXsB1woF1Hx9cpfBNgNQX54XUG6shgi2k2Y2pfk3d,solana,Pump.fun,6SsTKfzNuUzQz8fGnRgFmBVxY83TsaUx4kpMjMQipump,SI,So11111111111111111111111111111111111111112,SOL,2026-10-03T10:54:45Z,3.3521240029418114e-06,3352.124003,,2702.6555,119.5008832970818,100.0,,0.0,0.0,0.0,0.0,0.0,0.0,0,0,0,0,0,0,0,0,0,0,0,0,0,0,0,0,0,0,0,0,0,0,0,0,0.0,0.0,0.0,0.0,0.0,0.0,snapshot,,,,,,,/home/runner/work/Solana-Memecoin-Analysis/Solana-Memecoin-Analysis/data/cache/2026-10-05/000514320232_multi_pools_3726336c03d6.json,2
2026-10-05T00:02:58.856965+00:00,4sbJxeS7pbADfQjMUDuVmxGWxyXs3N1MBgPZinXWokjv,solana,Pump.fun,46fU2bMgGLHSduiHSSn1Nc9LZGBtcyhK8G9oaeSstce3,Bombed,So11111111111111111111111111111111111111112,SOL,2026-10-03T10:54:45Z,3.3751888177127866e-06,3375.188818,,2716.5167,119.70654297109965,100.0,,0.0,0.0,0.0,0.0,0.0,9.0682198931,0,0,0,0,0,0,0,0,0,0,0,0,0,0,0,0,0,0,0,0,0,2,0,2,0.0,0.0,0.0,0.0,0.0,-0.091,snapshot,,,,,,,/home/runner/work/Solana-Memecoin-Analysis/Solana-Memecoin-Analysis/data/cache/2026-10-05/000514320232_multi_pools_3726336c03d6.json,2
2026-10-05T00:02:58.856965+00:00,6xq7454cXfJFgNhSpHGCHdzTNN9Matdq7btGhnb99gGs,solana,PumpSwap,7NkJ7JTqvTDM6jb4grsD1K3PvMquqG5rhyVELmKUpump,Contraband,So11111111111111111111111111111111111111112,SOL,2026-10-03T10:54:44Z,5.187780225663893e-05,40495.4349374578,,6.081691052e-07,119.56291803308059,100.0,,0.0,0.0,0.0,0.0,0.0,0.0,0,0,0,0,0,0,0,0,0,0,0,0,0,0,0,0,0,0,0,0,0,0,0,0,0.0,0.0,0.0,0.0,0.0,0.0,snapshot,,,,,,,/home/runner/work/Solana-Memecoin-Analysis/Solana-Memecoin-Analysis/data/cache/2026-10-05/000529531557_multi_pools_bf92366e89d2.json,2
2026-10-05T00:02:58.856965+00:00,67G7jPFjhfocn6vRsvC3BiGSTH6hviLEFToCtTxxQLZc,solana,Meteora DBC,7NkJ7JTqvTDM6jb4grsD1K3PvMquqG5rhyVELmKUpump,Contraband,So11111111111111111111111111111111111111112,SOL,2026-10-03T10:54:41Z,5.429104013018517e-12,0.004237919086,,0.0,119.4402709137702,,,0.0,0.0,0.0,0.0,0.0,0.0,0,0,0,0,0,0,0,0,0,0,0,0,0,0,0,0,0,0,0,0,0,0,0,0,0.0,0.0,0.0,0.0,0.0,0.0,snapshot,,,,,,,/home/runner/work/Solana-Memecoin-Analysis/Solana-Memecoin-Analysis/data/cache/2026-10-05/000529531557_multi_pools_bf92366e89d2.json,2
2026-10-05T00:02:58.856965+00:00,AseHA4v46uuN27F74gxMBF6KAw1Aqx4VYzm494ZC7z2h,solana,Pump.fun,6uL9ehBcdbpU1VrqzjmWbWTvRqnnbKoxeh32py3bpump,PUMPE,So11111111111111111111111111111111111111112,SOL,2026-10-03T10:54:32Z,3.334835813314847e-06,3334.848507,,2693.7994,119.2752473273947,100.0,,0.0,0.0,0.0,0.0,0.0,0.0,0,0,0,0,0,0,0,0,0,0,0,0,0,0,0,0,0,0,0,0,0,0,0,0,0.0,0.0,0.0,0.0,0.0,0.0,snapshot,,,,,,,/home/runner/work/Solana-Memecoin-Analysis/Solana-Memecoin-Analysis/data/cache/2026-10-05/000529531557_multi_pools_bf92366e89d2.json,2
2026-10-05T00:02:58.856965+00:00,3t9BUtxfZvaKaf6vY5HCdxGKZgzAsMbMuezaAoqPYB9w,solana,Pump.fun,BDXGadXRNkNFmLh4E2TfHbjZbD1tgu7TNACEEhXaRJmD,Marlboro,So11111111111111111111111111111111111111112,SOL,2026-10-03T10:54:25Z,3.898175505137109e-06,3898.175505,,3079.7976,121.20480516792942,100.0,,0.0,0.0,0.0,0.0,0.0,941.1571606443,0,0,0,0,0,0,0,0,0,0,0,0,0,0,0,0,0,0,0,0,17,15,15,13,0.0,0.0,0.0,0.0,0.0,11.979,snapshot,,,,,,,/home/runner/work/Solana-Memecoin-Analysis/Solana-Memecoin-Analysis/data/cache/2026-10-05/000529531557_multi_pools_bf92366e89d2.json,2
2026-10-05T00:02:58.856965+00:00,CeCoQPK8VnjjsTDiF1tsAZMpuH6sCCuHhTqqGEGC1rDo,solana,Pump.fun,6kDS7hgVqpenaWZSgzrtbA2PGn5hz1eDkE3JQvC8pump,HAND,So11111111111111111111111111111111111111112,SOL,2026-10-03T10:54:24Z,2.5661314400020816e-05,51882.61406,,20320.374,119.4402709137702,100.0,,0.0,0.0,0.0,0.0,0.0,0.0,0,0,0,0,0,0,0,0,0,0,0,0,0,0,0,0,0,0,0,0,0,0,0,0,0.0,0.0,0.0,0.0,0.0,0.0,snapshot,,,,,,,/home/runner/work/Solana-Memecoin-Analysis/Solana-Memecoin-Analysis/data/cache/2026-10-05/000529531557_multi_pools_bf92366e89d2.json,2
2026-10-05T00:02:58.856965+00:00,G1LH5UjgrHUhFpPdHteXfvgvh38hZwpc8TRpQfzfWH59,solana,StonkFun,7yKfQX4dLpxk4wvGTqpY16tmzRoLNCsGVBgrhuDQBUwb,FORGE,Xsa62P5mvPszXL1krVUnU5ar38bBSVcWAB6fmPCo5Zu,METAx,2026-10-03T10:54:23Z,3.3763644384813777e-06,3376.364438,,3433.2021,729.7184473976157,100.0,,0.0,0.0,0.0,0.0,0.0,0.0,0,0,0,0,0,0,0,0,0,0,0,0,0,0,0,0,0,0,0,0,0,0,0,0,0.0,0.0,0.0,0.0,0.0,0.0,snapshot,,,,,,,/home/runner/work/Solana-Memecoin-Analysis/Solana-Memecoin-Analysis/data/cache/2026-10-05/000529531557_multi_pools_bf92366e89d2.json,2
2026-10-05T00:02:58.856965+00:00,GAfT3R6mB9KwQjSd9fo5Ha7f7nfq5SeSwCetndhLqkuQ,solana,Pump.fun,3TN79xxhWmTq2VV8e3cwCUfCr9et9hz5ujTQZCDBpump,MUSEGOD,So11111111111111111111111111111111111111112,SOL,2026-10-03T10:54:22Z,3.3348552769077402e-06,3334.855277,,2693.7994,119.27545559100385,100.0,,0.0,0.0,0.0,0.0,0.0,0.0,0,0,0,0,0,0,0,0,0,0,0,0,0,0,0,0,0,0,0,0,0,0,0,0,0.0,0.0,0.0,0.0,0.0,0.0,snapshot,,,,,,,/home/runner/work/Solana-Memecoin-Analysis/Solana-Memecoin-Analysis/data/cache/2026-10-05/000529531557_multi_pools_bf92366e89d2.json,2
2026-10-05T00:02:58.856965+00:00,62SpNGHa8pYhwN1TDj5gZ5QFnFXCVdYEG8rE7n6QSL7w,solana,Raydium Launchlab,5QxgCp9M4onDPTXA27DWhXVVDTX3WUSS11t2Y85nDDY4,BIRMAN,So11111111111111111111111111111111111111112,SOL,2026-10-03T11:01:27Z,8.998857590329331e-07,899.885759,,916.767,119.25491415580883,,,0.0,0.0,0.0,0.0,0.0,0.0,0,0,0,0,0,0,0,0,0,0,0,0,0,0,0,0,0,0,0,0,0,0,0,0,0.0,0.0,0.0,0.0,0.0,0.0,snapshot,,,,,,,/home/runner/work/Solana-Memecoin-Analysis/Solana-Memecoin-Analysis/data/cache/2026-10-05/000529531557_multi_pools_bf92366e89d2.json,2
2026-10-05T00:02:58.856965+00:00,8PeUoScDT1ruDofYogNLKGUkZHpmPxucLzX7DjZXpBGB,solana,Bags.fm,5gjWQAPpF3L1jYGw5PkbpMC2do4EVLEppj9r9CB5BAGS,SPEED,So11111111111111111111111111111111111111112,SOL,2026-10-03T11:01:24Z,6.682595678453447e-05,66825.95678,,68032.4793,119.32806887956194,,,0.0,0.0,0.0,0.0,0.0,0.0,0,0,0,0,0,0,0,0,0,0,0,0,0,0,0,0,0,0,0,0,0,0,0,0,0.0,0.0,0.0,0.0,0.0,0.0,snapshot,,,,,,,/home/runner/work/Solana-Memecoin-Analysis/Solana-Memecoin-Analysis/data/cache/2026-10-05/000529531557_multi_pools_bf92366e89d2.json,2
2026-10-05T00:02:58.856965+00:00,GmLKMDwhqpH8Epb66jBYMzV5Sj8H457gWRcsxt3RRXeD,solana,Pump.fun,8ZGUpfSrBiKLPaAMsY3Y9q1VJhZkwu9XnzKfkTkipump,BVRN,So11111111111111111111111111111111111111112,SOL,2026-10-03T11:01:10Z,3.399217319296009e-06,3399.217319,,2745.7818,119.26783936447195,,,0.0,0.0,0.0,0.0,0.0,0.0,0,0,0,0,0,0,0,0,0,0,0,0,0,0,0,0,0,0,0,0,0,0,0,0,0.0,0.0,0.0,0.0,0.0,0.0,snapshot,,,,,,,/home/runner/work/Solana-Memecoin-Analysis/Solana-Memecoin-Analysis/data/cache/2026-10-05/000529531557_multi_pools_bf92366e89d2.json,2
2026-10-05T00:02:58.856965+00:00,6VfryfXP25hPq3YnENcEJY9iWJMuj9RLNMFgDgdUtF9z,solana,Pump.fun,6wXcHcFgM6MveNQjFq7hs9poJEeeqpztjo2k24k6pump,TECH,So11111111111111111111111111111111111111112,SOL,2026-10-03T11:01:05Z,3.3328082054314884e-06,3332.808205,,2693.848,119.20092106028184,,,0.0,0.0,0.0,0.0,0.0,0.0,0,0,0,0,0,0,0,0,0,0,0,0,0,0,0,0,0,0,0,0,0,0,0,0,0.0,0.0,0.0,0.0,0.0,0.0,snapshot,,,,,,,/home/runner/work/Solana-Memecoin-Analysis/Solana-Memecoin-Analysis/data/cache/2026-10-05/000529531557_multi_pools_bf92366e89d2.json,2
2026-10-05T00:02:58.856965+00:00,GdbYXCujngwWQAMWkMerf9v2Ex26XvwBW1RiGPT7GAVE,solana,Pump.fun,4tJFwKiCRkngDoNpZncQRdN58RCd3rirkgHpnFKBpump,speedrun,So11111111111111111111111111111111111111112,SOL,2026-10-03T11:13:20Z,1.7207202394462968e-07,344.1440478,,140.3243,119.37143324520176,100.0,,0.0,0.0,0.0,0.0,0.0,0.0,0,0,0,0,0,0,0,0,0,0,0,0,0,0,0,0,0,0,0,0,0,0,0,0,0.0,0.0,0.0,0.0,0.0,0.0,snapshot,,,,,,,/home/runner/work/Solana-Memecoin-Analysis/Solana-Memecoin-Analysis/data/cache/2026-10-05/000529531557_multi_pools_bf92366e89d2.json,2
2026-10-05T00:02:58.856965+00:00,kr7TsZN8JdUrES7B2xV4XbVsL7nQcp9VJiXoqzbm5Qz,solana,Pump.fun,4dcLiKNntX6zzBgJCZzgvWdXzkRdNWcwKjEv1bTzpump,calicoca,So11111111111111111111111111111111111111112,SOL,2026-10-03T11:13:19Z,3.354109493441037e-06,3354.109493,,2729.4545,119.17866667803304,100.0,,0.0,0.0,0.0,0.0,0.0,0.0,0,0,0,0,0,0,0,0,0,0,0,0,0,0,0,0,0,0,0,0,0,0,0,0,0.0,0.0,0.0,0.0,0.0,0.0,snapshot,,,,,,,/home/runner/work/Solana-Memecoin-Analysis/Solana-Memecoin-Analysis/data/cache/2026-10-05/000529531557_multi_pools_bf92366e89d2.json,2
2026-10-05T00:02:58.856965+00:00,GWU8vdAHhQ1GsBsLrPNFVs5CgsejPvnbmHLvtiKekSzW,solana,Pump.fun,4ojTvsusZEcahcbZqodhaJ5zyJtXiGqPyEqc2hDepump,EYE MONEY,So11111111111111111111111111111111111111112,SOL,2026-10-03T11:13:06Z,8.908574739199248e-07,1781.7149478,,614.7739,119.37171374754924,100.0,,0.0,0.0,0.0,0.0,0.0,0.0,0,0,0,0,0,0,0,0,0,0,0,0,0,0,0,0,0,0,0,0,0,0,0,0,0.0,0.0,0.0,0.0,0.0,0.0,snapshot,,,,,,,/home/runner/work/Solana-Memecoin-Analysis/Solana-Memecoin-Analysis/data/cache/2026-10-05/000529531557_multi_pools_bf92366e89d2.json,2
2026-10-05T00:02:58.856965+00:00,HsF7Wdnb5wJwARNBis3pFAjMxECcz91wtHeu4VJN1cTZ,solana,Pump.fun,SNZ6tBKqFALjVczyRwT7fnZLhA7T3zdSQX2j4nWpump,ch,So11111111111111111111111111111111111111112,SOL,2026-10-03T11:22:30Z,3.601842336314577e-06,7203.684672,,2869.8639,119.19934144799103,100.0,,0.0,0.0,0.0,0.0,0.0,0.0,0,0,0,0,0,0,0,0,0,0,0,0,0,0,0,0,0,0,0,0,0,0,0,0,0.0,0.0,0.0,0.0,0.0,0.0,snapshot,,,,,,,/home/runner/work/Solana-Memecoin-Analysis/Solana-Memecoin-Analysis/data/cache/2026-10-05/000529531557_multi_pools_bf92366e89d2.json,2
2026-10-05T00:02:58.856965+00:00,3QRwMqofedajhMnx51Bxa9QiWHkvG5fuVNs9LySktxwY,solana,Pump.fun,J9vbJ8kLRL3V7viDX3P8LwbaP7sNPXB1Eca1uScTpump,ㅤㅤ,So11111111111111111111111111111111111111112,SOL,2026-10-03T11:22:23Z,3.333301252336486e-06,3333.325221,,2693.8602,119.21794533306989,100.0,,0.0,0.0,0.0,0.0,0.0,0.0,0,0,0,0,0,0,0,0,0,0,0,0,0,0,0,0,0,0,0,0,0,0,0,0,0.0,0.0,0.0,0.0,0.0,0.0,snapshot,,,,,,,/home/runner/work/Solana-Memecoin-Analysis/Solana-Memecoin-Analysis/data/cache/2026-10-05/000529531557_multi_pools_bf92366e89d2.json,2
2026-10-05T00:02:58.856965+00:00,ESXHWYaWZoeR59ti3J3vCH9xmHTwcDWtw92zztbwYAEy,solana,Pump.fun,26WFytwK9H9MPoXSPdUhnCL42ygS8yGH4f2UzkVrpump,ANON,So11111111111111111111111111111111111111112,SOL,2026-10-03T11:30:11Z,3.3400039082292914e-06,3340.003908,,2692.2987,119.46084934270557,100.0,,0.0,0.0,0.0,0.0,0.0,0.0,0,0,0,0,0,0,0,0,0,0,0,0,0,0,0,0,0,0,0,0,0,0,0,0,0.0,0.0,0.0,0.0,0.0,0.0,snapshot,,,,,,,/home/runner/work/Solana-Memecoin-Analysis/Solana-Memecoin-Analysis/data/cache/2026-10-05/000529531557_multi_pools_bf92366e89d2.json,2
2026-10-05T00:02:58.856965+00:00,BYBiFxCqGUKqU8N4Ew4oKh6exJxNj1aHXaZR4st98Nmg,solana,PumpSwap,EFgTSFx875rECmUz8s6AbuuNdcfD66JAJo4ZVGFtpump,SP,So11111111111111111111111111111111111111112,SOL,2026-10-03T11:38:21Z,3.2070682189182768e-06,2694.7579262376,,3214.8271,119.28334221452346,100.0,,0.0,0.0,0.0,0.0,0.0,0.0,0,0,0,0,0,0,0,0,0,0,0,0,0,0,0,0,0,0,0,0,0,0,0,0,0.0,0.0,0.0,0.0,0.0,0.0,snapshot,,,,,,,/home/runner/work/Solana-Memecoin-Analysis/Solana-Memecoin-Analysis/data/cache/2026-10-05/000529531557_multi_pools_bf92366e89d2.json,2
2026-10-05T00:02:58.856965+00:00,Foxnq4uYD95xw8c82HoGUNmdJbjjC8dSRy4Q26pVEfUj,solana,Pump.fun,8PX9rC7k3V7SoRsJRVnqNybn5LzCSS3SghASmJzypump,MGOAT,So11111111111111111111111111111111111111112,SOL,2026-10-03T11:38:07Z,9.212385737833413e-07,1842.4771476,,666.7854,119.3024207122418,100.0,,0.0,0.0,0.0,0.0,0.0,0.0,0,0,0,0,0,0,0,0,0,0,0,0,0,0,0,0,0,0,0,0,0,0,0,0,0.0,0.0,0.0,0.0,0.0,0.0,snapshot,,,,,,,/home/runner/work/Solana-Memecoin-Analysis/Solana-Memecoin-Analysis/data/cache/2026-10-05/000529531557_multi_pools_bf92366e89d2.json,2
2026-10-05T00:02:58.856965+00:00,HXw4x9AxDzvNPtdvxBBVMnAK2h5xju3A7CUqBoSCpAWL,solana,PumpSwap,CupNbhkSZVspzADFxkbeCewjneBC7bqAXau6jWbepump,KIN,So11111111111111111111111111111111111111112,SOL,2026-10-03T11:37:53Z,6.468015158908643e-05,64680.15159,,6.362963124e-07,119.38765126459178,100.0,,0.0,0.0,0.0,0.0,0.0,0.0,0,0,0,0,0,0,0,0,0,0,0,0,0,0,0,0,0,0,0,0,0,0,0,0,0.0,0.0,0.0,0.0,0.0,0.0,snapshot,,,,,,,/home/runner/work/Solana-Memecoin-Analysis/Solana-Memecoin-Analysis/data/cache/2026-10-05/000529531557_multi_pools_bf92366e89d2.json,2
2026-10-05T00:02:58.856965+00:00,9X2VGnZMYp2c1RZr5UZ1j6skZXJ9aG9yxivN6mYjB4n9,solana,Pump.fun,whDzW9SNXveboAhh3KptCL9AcxLqDKFbnvtiKtPpump,Tromerosauru,So11111111111111111111111111111111111111112,SOL,2026-10-03T11:37:53Z,3.353423345538397e-06,3353.423346,,2701.0527,119.55112804896953,100.0,,0.0,0.0,0.0,0.0,0.0,0.0,0,0,0,0,0,0,0,0,0,0,0,0,0,0,0,0,0,0,0,0,0,0,0,0,0.0,0.0,0.0,0.0,0.0,0.0,snapshot,,,,,,,/home/runner/work/Solana-Memecoin-Analysis/Solana-Memecoin-Analysis/data/cache/2026-10-05/000529531557_multi_pools_bf92366e89d2.json,2
2026-10-05T00:02:58.856965+00:00,AbFnckVX7R47dA4zwhPcn7xnBE8pi4ZREFhw6is1tPVo,solana,Pump.fun,6VE6baKfm5WhLRn9gsA2knGotvunFAymsnFBsuZKpump,sports,So11111111111111111111111111111111111111112,SOL,2026-10-03T11:47:13Z,3.339907383758554e-06,3339.913976,,2692.323,119.45554871933169,,,0.0,0.0,0.0,0.0,0.0,0.0,0,0,0,0,0,0,0,0,0,0,0,0,0,0,0,0,0,0,0,0,0,0,0,0,0.0,0.0,0.0,0.0,0.0,0.0,snapshot,,,,,,,/home/runner/work/Solana-Memecoin-Analysis/Solana-Memecoin-Analysis/data/cache/2026-10-05/000529531557_multi_pools_bf92366e89d2.json,2
2026-10-05T00:02:58.856965+00:00,HUzP5PXvG6fKdb3LaiC2o67Xg7yJUdEvzCXomnRnkhWU,solana,Pump.fun,4ckW8bJVMutQ1AhucV87Er9Ugs4ye3XhDj18fNzkpump,GREAT,So11111111111111111111111111111111111111112,SOL,2026-10-03T11:47:10Z,3.388758283341286e-08,67.77516566,,44.8506,119.44887650555012,,,0.0,0.0,0.0,0.0,0.0,0.0,0,0,0,0,0,0,0,0,0,0,0,0,0,0,0,0,0,0,0,0,0,0,0,0,0.0,0.0,0.0,0.0,0.0,0.0,snapshot,,,,,,,/home/runner/work/Solana-Memecoin-Analysis/Solana-Memecoin-Analysis/data/cache/2026-10-05/000529531557_multi_pools_bf92366e89d2.json,2
2026-10-05T00:02:58.856965+00:00,5PEKpahU66P7z1VPjsX5TbETTXEAo1RPz4J8qWCboHds,solana,Pump.fun,26WHvvnqsVey7FNKcrhsobtzkJzYJWWF5UTuQkhxpump,GrokBot,So11111111111111111111111111111111111111112,SOL,2026-10-03T11:47:06Z,3.3399519780771264e-06,3339.957372,,2692.3351,119.45663319655314,100.0,,0.0,0.0,0.0,0.0,0.0,0.0,0,0,0,0,0,0,0,0,0,0,0,0,0,0,0,0,0,0,0,0,0,0,0,0,0.0,0.0,0.0,0.0,0.0,0.0,snapshot,,,,,,,/home/runner/work/Solana-Memecoin-Analysis/Solana-Memecoin-Analysis/data/cache/2026-10-05/000529531557_multi_pools_bf92366e89d2.json,2
2026-10-05T00:02:58.856965+00:00,3nvXiw3jr9Ajtq5FNqcCVuHPTi7ykpcBSDLX9KrumnfW,solana,Pump.fun,39v6x5TFXneC949AapeUMngCZnHbP2Dxxx3wis9Dwwfz,CryptoDad,So11111111111111111111111111111111111111112,SOL,2026-10-03T11:47:03Z,3.3399606279437207e-06,3339.956958,,2692.3716,119.45554871933169,100.0,,0.0,0.0,0.0,0.0,0.0,0.0,0,0,0,0,0,0,0,0,0,0,0,0,0,0,0,0,0,0,0,0,0,0,0,0,0.0,0.0,0.0,0.0,0.0,0.0,snapshot,,,,,,,/home/runner/work/Solana-Memecoin-Analysis/Solana-Memecoin-Analysis/data/cache/2026-10-05/000529531557_multi_pools_bf92366e89d2.json,2
2026-10-05T00:02:58.856965+00:00,ENKKfSrLnXgh663twxtj3XgFCJZfFXbebdyFPxQ3pwAB,solana,Meteora DAMM V2,Fi5bmidHsEo3HM5pDbWKfDg1wG6uGHjKbB25J7yKHyzq,SOOK,So11111111111111111111111111111111111111112,SOL,2026-10-03T11:46:54Z,6.592492854759829e-10,0.6592382518,,1.1413,119.60968977986576,,,0.0,0.0,0.0,0.0,0.0,0.0,0,0,0,0,0,0,0,0,0,0,0,0,0,0,0,0,0,0,0,0,0,0,0,0,0.0,0.0,0.0,0.0,0.0,0.0,snapshot,,,,,,,/home/runner/work/Solana-Memecoin-Analysis/Solana-Memecoin-Analysis/data/cache/2026-10-05/000529531557_multi_pools_bf92366e89d2.json,2
2026-10-05T00:02:58.856965+00:00,DsSh3FCZrbTsC7kfMHddx7BRwmQtCj4aiHWDy4mP2qg7,solana,Pump.fun,ERm7bBA7DFVhYNhQmyVLMQBPRrvc4AjrwUGwytVzCGG,OCAT,So11111111111111111111111111111111111111112,SOL,2026-10-03T11:46:53Z,3.3399926959998564e-06,3339.996985,,2692.3716,119.45663319655314,100.0,,0.0,0.0,0.0,0.0,0.0,0.0,0,0,0,0,0,0,0,0,0,0,0,0,0,0,0,0,0,0,0,0,0,0,0,0,0.0,0.0,0.0,0.0,0.0,0.0,snapshot,,,,,,,/home/runner/work/Solana-Memecoin-Analysis/Solana-Memecoin-Analysis/data/cache/2026-10-05/000529531557_multi_pools_bf92366e89d2.json,2
2026-10-05T00:02:58.856965+00:00,9wjpveUjsawA9DqLyFx14WgSERXfhfEZqeyaZcR3uTZh,solana,PumpSwap,AgE3QQwtQ2qJ8Rbt8pUoyB4NmpDerh7QYDado9iNvRxe,TikTok,So11111111111111111111111111111111111111112,SOL,2026-10-03T11:46:48Z,2.877000031710881e-05,28770.00032,,4.28518768075928e-07,119.648262331265,100.0,,0.0,0.0,0.0,0.0,0.0,0.0,0,0,0,0,0,0,0,0,0,0,0,0,0,0,0,0,0,0,0,0,0,0,0,0,0.0,0.0,0.0,0.0,0.0,0.0,snapshot,,,,,,,/home/runner/work/Solana-Memecoin-Analysis/Solana-Memecoin-Analysis/data/cache/2026-10-05/000529531557_multi_pools_bf92366e89d2.json,2
2026-10-05T00:02:58.856965+00:00,F8cmeHxqKZhYJPWmrMSmaevErJHprwDvTT9t3ri7TrNC,solana,Meteora DBC,6CzSwEXS1iupY77coLjjbHgypAcoJktqUSCUa9tDnuXG,LOAN,XsoCS1TfEyfFhfvj8EtZ528L3CaKBDBRqRapnBbDF2W,SPYx,2026-10-03T11:46:48Z,3.1367314953788367e-06,3375.282668,,3450.3246,776.7070151497192,,,0.0,0.0,0.0,0.0,0.0,0.0,0,0,0,0,0,0,0,0,0,0,0,0,0,0,0,0,0,0,0,0,0,0,0,0,0.0,0.0,0.0,0.0,0.0,0.0,snapshot,,,,,,,/home/runner/work/Solana-Memecoin-Analysis/Solana-Memecoin-Analysis/data/cache/2026-10-05/000529531557_multi_pools_bf92366e89d2.json,2
2026-10-05T00:02:58.856965+00:00,CxQ4wLPSbZL2CCvqF3LfG2iTjLom5vwRHcyyd7Sbxe4U,solana,Pump.fun,95Ytusjq3DgAKjCDSSNnC39RbHxMG8gBLb714Z2Spump,EMPTY,So11111111111111111111111111111111111111112,SOL,2026-10-03T11:46:45Z,3.131137224974576e-08,62.6227445,,56.4215,120.80997589047422,,,0.0,0.0,0.0,0.0,0.0,0.09925288541,0,0,0,0,0,0,0,0,0,0,0,0,0,0,0,0,0,0,0,0,0,1,0,1,0.0,0.0,0.0,0.0,0.0,0.0,snapshot,,,,,,,/home/runner/work/Solana-Memecoin-Analysis/Solana-Memecoin-Analysis/data/cache/2026-10-05/000529531557_multi_pools_bf92366e89d2.json,2
2026-10-05T00:02:58.856965+00:00,HNaBCWJPrdDHsuYfmjeAbnRLu1RHkgzPyHRRgwwpsF6e,solana,Pump.fun,yBTJWPV6ZznKD1FtEpQURMe1GMi6GghgYgA2BMVpump,AI,So11111111111111111111111111111111111111112,SOL,2026-10-03T11:56:08Z,1.3688294971103524e-06,2737.658994,,1105.0586,119.25713851237984,,,0.0,0.0,0.0,0.0,0.0,0.0,0,0,0,0,0,0,0,0,0,0,0,0,0,0,0,0,0,0,0,0,0,0,0,0,0.0,0.0,0.0,0.0,0.0,0.0,snapshot,,,,,,,/home/runner/work/Solana-Memecoin-Analysis/Solana-Memecoin-Analysis/data/cache/2026-10-05/000544311621_multi_pools_6fcc99cedce7.json,2
2026-10-05T00:02:58.856965+00:00,3gtwDE11y291gJ1tBbRmGJHK7Vm6v3bdit7Xj3A4ftM6,solana,Meteora DBC,Wu5TD5Kgb8wMguh7eJfZmHsFAi4PVnd1z3EvZLmspec,SPEC,So11111111111111111111111111111111111111112,SOL,2026-10-03T11:55:59Z,3.6433652815147613e-06,3643.365282,,3648.8842,121.40113634652849,,,0.0,0.0,0.0,0.0,0.01101533211,0.01101533211,0,0,0,0,0,0,0,0,0,0,0,0,0,0,0,0,0,1,0,1,0,1,0,1,0.0,0.0,0.0,0.0,0.0,0.0,snapshot,,,,,,,/home/runner/work/Solana-Memecoin-Analysis/Solana-Memecoin-Analysis/data/cache/2026-10-05/000544311621_multi_pools_6fcc99cedce7.json,2
2026-10-05T00:02:58.856965+00:00,Awdwg57JM7eRXaF6zW3Vvk76oUM3ifSp7yRHkAQR31Ae,solana,Pump.fun,86JoWMNnPiwG6o6TxGTFM52xY4rdT3AMrfxBcZ5cpump,TripleT,So11111111111111111111111111111111111111112,SOL,2026-10-03T11:55:55Z,3.340935620438974e-06,3340.93562,,2695.7348,119.34103814299607,,,0.0,0.0,0.0,0.0,0.0,0.0,0,0,0,0,0,0,0,0,0,0,0,0,0,0,0,0,0,0,0,0,0,0,0,0,0.0,0.0,0.0,0.0,0.0,0.0,snapshot,,,,,,,/home/runner/work/Solana-Memecoin-Analysis/Solana-Memecoin-Analysis/data/cache/2026-10-05/000544311621_multi_pools_6fcc99cedce7.json,2
2026-10-05T00:02:58.856965+00:00,ArpeNRrZHSovbLVgcBVjXHeU1wooBgmsJNoyKNxA2tki,solana,Pump.fun,GJVmJqMn9b5A8onwKVkqJqQXV48tMJKmpyjsZS1Hpump,TripleT,So11111111111111111111111111111111111111112,SOL,2026-10-03T11:55:55Z,3.335499788063661e-06,3335.499788,,2693.1729,119.2602195649218,,,0.0,0.0,0.0,0.0,0.0,0.0,0,0,0,0,0,0,0,0,0,0,0,0,0,0,0,0,0,0,0,0,0,0,0,0,0.0,0.0,0.0,0.0,0.0,0.0,snapshot,,,,,,,/home/runner/work/Solana-Memecoin-Analysis/Solana-Memecoin-Analysis/data/cache/2026-10-05/000544311621_multi_pools_6fcc99cedce7.json,2
2026-10-05T00:02:58.856965+00:00,BJ2s8RW1YXS5ukiUUyr45Gm5yreJD8Hc3U8bAZ6UEQ7L,solana,Pump.fun,5uEepMmEEPvQs9bU49Rax1bCDdgABGhzkYUvg2Snpump,$TI,So11111111111111111111111111111111111111112,SOL,2026-10-03T12:04:59Z,4.206986232460515e-09,8.413972464,,0.0,119.8322734814178,,,0.0,0.0,0.0,0.0,0.0,0.0,0,0,0,0,0,0,0,0,0,0,0,0,0,0,0,0,0,0,0,0,0,0,0,0,0.0,0.0,0.0,0.0,0.0,0.0,snapshot,,,,,,,/home/runner/work/Solana-Memecoin-Analysis/Solana-Memecoin-Analysis/data/cache/2026-10-05/000544311621_multi_pools_6fcc99cedce7.json,2
2026-10-05T00:02:58.856965+00:00,9j6kwbEEG9uW2kDETebjYN7DvMGhGf6MPGu4aKbEz5KB,solana,Pump.fun,F1eh3brJucuoC1qKT9iQ1TAmTADavTMH6W3UaWGepump,GENNYAF,So11111111111111111111111111111111111111112,SOL,2026-10-03T12:04:56Z,5.088431728667641e-06,10176.863458,,4079.3041,119.41574742422362,100.0,,0.0,0.0,0.0,0.0,0.0,0.0,0,0,0,0,0,0,0,0,0,0,0,0,0,0,0,0,0,0,0,0,0,0,0,0,0.0,0.0,0.0,0.0,0.0,0.0,snapshot,,,,,,,/home/runner/work/Solana-Memecoin-Analysis/Solana-Memecoin-Analysis/data/cache/2026-10-05/000544311621_multi_pools_6fcc99cedce7.json,2
2026-10-05T00:02:58.856965+00:00,3h6c6KW2knDmLBAS2vBmZy4fRSW1XQBza2VT8qFnmzrM,solana,Pump.fun,9VDe8TtHeqmsuF6oGdyBxD2mNJiJkzhQvoKbUee9mx9U,TJR,So11111111111111111111111111111111111111112,SOL,2026-10-03T12:04:53Z,3.3890784689071724e-06,3489.589343,,2813.932,119.41556379389539,100.0,,0.0,0.0,0.0,0.0,0.0,0.0,0,0,0,0,0,0,0,0,0,0,0,0,0,0,0,0,0,0,0,0,0,0,0,0,0.0,0.0,0.0,0.0,0.0,0.0,snapshot,,,,,,,/home/runner/work/Solana-Memecoin-Analysis/Solana-Memecoin-Analysis/data/cache/2026-10-05/000544311621_multi_pools_6fcc99cedce7.json,2
2026-10-05T00:02:58.856965+00:00,2V11ZuoRyYSnu4JwovZtJXaFLJqwDs6REh9HVLtdA3Mu,solana,Pump.fun,DTVwEMwFGuLKVosL6MpUrDX6jKPNAZQPcQ4fPv8hpump,VICKTOR,So11111111111111111111111111111111111111112,SOL,2026-10-03T12:04:51Z,3.3943644543001322e-06,3394.364454,,2738.9584,119.33627616665324,100.0,,0.0,0.0,0.0,0.0,0.0,0.0,0,0,0,0,0,0,0,0,0,0,0,0,0,0,0,0,0,0,0,0,0,0,0,0,0.0,0.0,0.0,0.0,0.0,0.0,snapshot,,,,,,,/home/runner/work/Solana-Memecoin-Analysis/Solana-Memecoin-Analysis/data/cache/2026-10-05/000544311621_multi_pools_6fcc99cedce7.json,2
2026-10-05T00:02:58.856965+00:00,2YkjAHLqo5CtaVCMKkcDLuAnKz7wpyRJ8RjjQhghq6QF,solana,Pump.fun,FfWSe2EqPFpy19H13dniDUh1BWz2XZPbDKX37XWwfans,RILEY,So11111111111111111111111111111111111111112,SOL,2026-10-03T12:04:48Z,3.4212267092256697e-06,3421.226709,,2758.7611,119.41730000218476,100.0,,0.0,0.0,0.0,0.0,0.0,0.0,0,0,0,0,0,0,0,0,0,0,0,0,0,0,0,0,0,0,0,0,0,0,0,0,0.0,0.0,0.0,0.0,0.0,0.0,snapshot,,,,,,,/home/runner/work/Solana-Memecoin-Analysis/Solana-Memecoin-Analysis/data/cache/2026-10-05/000544311621_multi_pools_6fcc99cedce7.json,2
2026-10-05T00:02:58.856965+00:00,9JnmqkTYtbH6t9ExsQTiiXcbdEopGHRbCvB6XMriWcQe,solana,Pump.fun,4DgFvthhN179iQU2tQVRu9mpdPE961ycBHCBacs7pump,NINION,So11111111111111111111111111111111111111112,SOL,2026-10-03T12:04:38Z,3.380569806198334e-06,3380.569806,,2725.967,119.41776311496804,100.0,,0.0,0.0,0.0,0.0,0.0,0.0,0,0,0,0,0,0,0,0,0,0,0,0,0,0,0,0,0,0,0,0,0,0,0,0,0.0,0.0,0.0,0.0,0.0,0.0,snapshot,,,,,,,/home/runner/work/Solana-Memecoin-Analysis/Solana-Memecoin-Analysis/data/cache/2026-10-05/000544311621_multi_pools_6fcc99cedce7.json,2
2026-10-05T00:02:58.856965+00:00,9DSn2aLCfFK8JiCwvsKUQTUuZaQbHcUSktFrXBscbeLb,solana,Pump.fun,2XHRfsth69attUcWs1QtXQ3ECtMbczpwZ3ydUcJwpump,idk,So11111111111111111111111111111111111111112,SOL,2026-10-03T12:04:28Z,7.838944544747462e-06,15677.88909,,6272.6733,119.31747245837022,100.0,,0.0,0.0,0.0,0.0,0.0,0.0,0,0,0,0,0,0,0,0,0,0,0,0,0,0,0,0,0,0,0,0,0,0,0,0,0.0,0.0,0.0,0.0,0.0,0.0,snapshot,,,,,,,/home/runner/work/Solana-Memecoin-Analysis/Solana-Memecoin-Analysis/data/cache/2026-10-05/000544311621_multi_pools_6fcc99cedce7.json,2
2026-10-05T00:02:58.856965+00:00,2G3a4pQGhMMJr55NNKetgbBxHPjSEr8WGejMRFVPjPmx,solana,Pump.fun,8hF9NBaevUVbhZzHV4oNNZXetmzxwWhqxBHXCLzdpump,$BWIZ,So11111111111111111111111111111111111111112,SOL,2026-10-03T12:04:19Z,9.930087217606538e-08,198.60174436,,75.7749,119.79051381236545,100.0,,0.0,0.0,0.0,0.0,0.0,0.0,0,0,0,0,0,0,0,0,0,0,0,0,0,0,0,0,0,0,0,0,0,0,0,0,0.0,0.0,0.0,0.0,0.0,0.0,snapshot,,,,,,,/home/runner/work/Solana-Memecoin-Analysis/Solana-Memecoin-Analysis/data/cache/2026-10-05/000544311621_multi_pools_6fcc99cedce7.json,2
2026-10-05T00:02:58.856965+00:00,51e2iB9hfQBekSzKN5zvpPtdosW6AJyoL47Y9SX9iuY2,solana,Pump.fun,E28bDa9QT2DeQygWSjX8sWuFzPxYKz4T2wXdSCzjpump,INUX,So11111111111111111111111111111111111111112,SOL,2026-10-03T12:15:00Z,3.540562519360185e-07,708.1125038,,284.9239,119.26961830702467,100.0,,0.0,0.0,0.0,0.0,0.0,0.0,0,0,0,0,0,0,0,0,0,0,0,0,0,0,0,0,0,0,0,0,0,0,0,0,0.0,0.0,0.0,0.0,0.0,0.0,snapshot,,,,,,,/home/runner/work/Solana-Memecoin-Analysis/Solana-Memecoin-Analysis/data/cache/2026-10-05/000544311621_multi_pools_6fcc99cedce7.json,2
2026-10-05T00:02:58.856965+00:00,7s244bQSkmxqLKSdKBambvSRAR8h7aD7pEY1Ui5H7pJU,solana,PumpSwap,5jPEoAyxZNPvbxj4QEGoLtSHdRxs6jL5pzUvvGH9pDhp,calico,So11111111111111111111111111111111111111112,SOL,2026-10-03T12:14:45Z,5.434356836322147e-05,54343.56836,,6.114089283e-07,119.60778784920235,100.0,,0.0,0.0,0.0,0.0,0.0,0.0,0,0,0,0,0,0,0,0,0,0,0,0,0,0,0,0,0,0,0,0,0,0,0,0,0.0,0.0,0.0,0.0,0.0,0.0,snapshot,,,,,,,/home/runner/work/Solana-Memecoin-Analysis/Solana-Memecoin-Analysis/data/cache/2026-10-05/000544311621_multi_pools_6fcc99cedce7.json,2
2026-10-05T00:02:58.856965+00:00,93M79gS4C5FApdKGuUyNKqcc5Knw7A7gapT4s4KfxLSG,solana,Meteora DBC,23EyEf9qwnYFH6tayYtYjebHseJ363YwkR3FTxYtjups,DUST,So11111111111111111111111111111111111111112,SOL,2026-10-03T12:14:41Z,5.427766042613741e-12,0.005427766043,,0.0,119.41083556914653,,,0.0,0.0,0.0,0.0,0.0,0.0,0,0,0,0,0,0,0,0,0,0,0,0,0,0,0,0,0,0,0,0,0,0,0,0,0.0,0.0,0.0,0.0,0.0,0.0,snapshot,,,,,,,/home/runner/work/Solana-Memecoin-Analysis/Solana-Memecoin-Analysis/data/cache/2026-10-05/000544311621_multi_pools_6fcc99cedce7.json,2
2026-10-05T00:02:58.856965+00:00,CMSu8EL3y9pP22GDWeHBFhpwc5vxWN86K3McvYXbfNiX,solana,Pump.fun,J9jvSk7agNZrv1LvXf2w7TZ3SLu2Mq8wt6KEQpdr3B76,Claimavenue,So11111111111111111111111111111111111111112,SOL,2026-10-03T12:14:40Z,3.3368318490221577e-06,3336.831849,,2694.504,119.31524881628324,,,0.0,0.0,0.0,0.0,0.0,0.0,0,0,0,0,0,0,0,0,0,0,0,0,0,0,0,0,0,0,0,0,0,0,0,0,0.0,0.0,0.0,0.0,0.0,0.0,snapshot,,,,,,,/home/runner/work/Solana-Memecoin-Analysis/Solana-Memecoin-Analysis/data/cache/2026-10-05/000544311621_multi_pools_6fcc99cedce7.json,2
2026-10-05T00:02:58.856965+00:00,AR9M9dCSmVYgLcaZ47GuCsVQJcy5wao53x4fqwijHaNu,solana,Pump.fun,GfgH1F1c7fjVdbj4gwtyEZyZtL2UFoKdEZ6yNEFppump,STONK69,So11111111111111111111111111111111111111112,SOL,2026-10-03T12:14:27Z,4.880956208604779e-08,97.61912418,,57.83,119.50280123630675,,,0.0,0.0,0.0,0.0,0.0,0.0,0,0,0,0,0,0,0,0,0,0,0,0,0,0,0,0,0,0,0,0,0,0,0,0,0.0,0.0,0.0,0.0,0.0,0.0,snapshot,,,,,,,/home/runner/work/Solana-Memecoin-Analysis/Solana-Memecoin-Analysis/data/cache/2026-10-05/000544311621_multi_pools_6fcc99cedce7.json,2
2026-10-05T00:02:58.856965+00:00,GJGYo4wr2zu6vkZqiLkUaRRGomSsemnLPrRFaUeopDgE,solana,Raydium,Xsf9mBktVB9BSU5kf4nHxPq5hCBJ2j2ui3ecFGxPRGc,GMEx,Ct5Truec2Bz49zPDh3uK4KsDuH6hY1DTYzMZamti7YEy,DFV,2026-10-03T12:23:07Z,25.307808902347514,18218180.8034599,2000417.19387828,29294.1353,0.00010465480333396167,100.0,,0.0,0.0,0.0,0.0,7841.3198029201,27905.6194455356,0,0,0,0,0,0,0,0,0,0,0,0,0,0,0,0,25,39,20,24,115,162,70,83,0.0,0.0,0.0,0.0,-0.12,-0.013,snapshot,,,,,,,/home/runner/work/Solana-Memecoin-Analysis/Solana-Memecoin-Analysis/data/cache/2026-10-05/000544311621_multi_pools_6fcc99cedce7.json,2
2026-10-05T00:02:58.856965+00:00,2YvNvhZYGZzpwPQF69xbac73v7oUM5zAavU8EgqPRqBN,solana,Meteora DBC,BdURG262mvRhPoF5ionjF6R8YMdxv7Ket4NcoGaNfair,FAIR,So11111111111111111111111111111111111111112,SOL,2026-10-03T12:22:59Z,3.6029717984351675e-06,3602.971798,,3714.4378,119.24724663595116,,,0.0,0.0,0.0,0.0,0.0,0.0,0,0,0,0,0,0,0,0,0,0,0,0,0,0,0,0,0,0,0,0,0,0,0,0,0.0,0.0,0.0,0.0,0.0,0.0,snapshot,,,,,,,/home/runner/work/Solana-Memecoin-Analysis/Solana-Memecoin-Analysis/data/cache/2026-10-05/000544311621_multi_pools_6fcc99cedce7.json,2
2026-10-05T00:02:58.856965+00:00,Et3ZUrwWDywnwRaKAQT4X9bJvBv6G8pcLnokxJTjgQFh,solana,Pump.fun,CmkCHAuzzwfEScpqoAyrBVnhmo3hPLbtRa4H2jMWpump,PPS,So11111111111111111111111111111111111111112,SOL,2026-10-03T12:22:53Z,3.3756589266721507e-06,3375.658927,,2727.8247,119.16307905920841,100.0,,0.0,0.0,0.0,0.0,0.0,0.0,0,0,0,0,0,0,0,0,0,0,0,0,0,0,0,0,0,0,0,0,0,0,0,0,0.0,0.0,0.0,0.0,0.0,0.0,snapshot,,,,,,,/home/runner/work/Solana-Memecoin-Analysis/Solana-Memecoin-Analysis/data/cache/2026-10-05/000544311621_multi_pools_6fcc99cedce7.json,2
2026-10-05T00:02:58.856965+00:00,UBmYP5sDpbSzzQ8sroco26Dii11bEK2nprxAbpRUqq6,solana,StonkFun,8WX9EwmRXB1gJtE2AgX7Xo3DfrVkPrndqq3qYXdczwP6,SWORDINU,So11111111111111111111111111111111111111112,SOL,2026-10-03T12:22:40Z,3.317874832003916e-06,3317.874832,,3365.2736,119.72637951810057,100.0,,0.0,0.0,0.0,0.0,0.0,0.0,0,0,0,0,0,0,0,0,0,0,0,0,0,0,0,0,0,0,0,0,0,0,0,0,0.0,0.0,0.0,0.0,0.0,0.0,snapshot,,,,,,,/home/runner/work/Solana-Memecoin-Analysis/Solana-Memecoin-Analysis/data/cache/2026-10-05/000544311621_multi_pools_6fcc99cedce7.json,2
2026-10-05T00:02:58.856965+00:00,5Ks9cKzZZ3Hy6CcvNAuKFHLpGNU86taxYT9J2hpTHveL,solana,Meteora DBC,GBK8FJxTM4TrQmbtVSJntvztiNMu9dQQm6mFno4cXhbq,ZCAT,So11111111111111111111111111111111111111112,SOL,2026-10-03T12:31:50Z,5.426481082278078e-12,0.005426481082,,0.0,119.38256644587369,,,0.0,0.0,0.0,0.0,0.0,0.0,0,0,0,0,0,0,0,0,0,0,0,0,0,0,0,0,0,0,0,0,0,0,0,0,0.0,0.0,0.0,0.0,0.0,0.0,snapshot,,,,,,,/home/runner/work/Solana-Memecoin-Analysis/Solana-Memecoin-Analysis/data/cache/2026-10-05/000544311621_multi_pools_6fcc99cedce7.json,2
2026-10-05T00:02:58.856965+00:00,3ji4QrQkbDydJyENeGZoGsZ4WVwZPZdG2zWtWGFXYh3j,solana,Meteora DBC,B1pmjH6wsJ1gJheFXsiZd4NRFJgGVU88rSuzzqhmpump,STARS,So11111111111111111111111111111111111111112,SOL,2026-10-03T12:31:38Z,5.42394724005615e-12,0.00542394724,,0.0,119.32682192509932,,,0.0,0.0,0.0,0.0,0.0,0.0,0,0,0,0,0,0,0,0,0,0,0,0,0,0,0,0,0,0,0,0,0,0,0,0,0.0,0.0,0.0,0.0,0.0,0.0,snapshot,,,,,,,/home/runner/work/Solana-Memecoin-Analysis/Solana-Memecoin-Analysis/data/cache/2026-10-05/000544311621_multi_pools_6fcc99cedce7.json,2
2026-10-05T00:02:58.856965+00:00,48zGCJtyThU586PbMtnJJRfdhFHsKSpkC4ZAxnacAwe2,solana,Pump.fun,EbBjNFVYspKw2FFcm5fCbgFcrGJHqSUaSnwNBSxdpump,NOHUMAN,So11111111111111111111111111111111111111112,SOL,2026-10-03T12:31:31Z,4.1092574741993635e-07,821.8514948,,335.5539,119.52082800873924,,,0.0,0.0,0.0,0.0,0.0,0.0,0,0,0,0,0,0,0,0,0,0,0,0,0,0,0,0,0,0,0,0,0,0,0,0,0.0,0.0,0.0,0.0,0.0,0.0,snapshot,,,,,,,/home/runner/work/Solana-Memecoin-Analysis/Solana-Memecoin-Analysis/data/cache/2026-10-05/000544311621_multi_pools_6fcc99cedce7.json,2
2026-10-05T00:02:58.856965+00:00,7NtaEh6K3Xizz4b5CYtrVeZHV5aQxn9MZXKZhpGr6Fc,solana,Pump.fun,9bKo2JMakpvzm8uYnHKrhdcxqLea4bzsXVq1WHArVFUd,NEWSJACK,So11111111111111111111111111111111111111112,SOL,2026-10-03T12:31:31Z,3.3391738619374966e-06,3339.173862,,2695.1762,119.30271865099911,100.0,,0.0,0.0,0.0,0.0,0.0,0.0,0,0,0,0,0,0,0,0,0,0,0,0,0,0,0,0,0,0,0,0,0,0,0,0,0.0,0.0,0.0,0.0,0.0,0.0,snapshot,,,,,,,/home/runner/work/Solana-Memecoin-Analysis/Solana-Memecoin-Analysis/data/cache/2026-10-05/000544311621_multi_pools_6fcc99cedce7.json,2
2026-10-05T00:02:58.856965+00:00,2nWCEqVCcywvLfARbT9xCWUoGtUwR1HMaa4H3HJJoaDk,solana,Pump.fun,FSdu8QvTJneu1kL2xae5TzpkGS8BWo85JPNd9RNDpump,MM,So11111111111111111111111111111111111111112,SOL,2026-10-03T12:31:24Z,3.3389248574194873e-06,3338.924857,,2696.7879,119.28939223189366,,,0.0,0.0,0.0,0.0,0.0,0.0,0,0,0,0,0,0,0,0,0,0,0,0,0,0,0,0,0,0,0,0,0,0,0,0,0.0,0.0,0.0,0.0,0.0,0.0,snapshot,,,,,,,/home/runner/work/Solana-Memecoin-Analysis/Solana-Memecoin-Analysis/data/cache/2026-10-05/000544311621_multi_pools_6fcc99cedce7.json,2
2026-10-05T00:02:58.856965+00:00,7n6hZGa5Lb2EUAxrrS9REnxGxGW86pvxmfezZ3sQue44,solana,Pump.fun,FFAUVH7zdtYNW5uhTpNGi81vwDwWTWgxSmkWPCPbpump,Gulugulu,So11111111111111111111111111111111111111112,SOL,2026-10-03T12:31:19Z,3.3487883112136963e-06,3348.788311,,2702.7648,119.37709400882993,,,0.0,0.0,0.0,0.0,0.0,0.0,0,0,0,0,0,0,0,0,0,0,0,0,0,0,0,0,0,0,0,0,0,0,0,0,0.0,0.0,0.0,0.0,0.0,0.0,snapshot,,,,,,,/home/runner/work/Solana-Memecoin-Analysis/Solana-Memecoin-Analysis/data/cache/2026-10-05/000544311621_multi_pools_6fcc99cedce7.json,2
2026-10-05T00:02:58.856965+00:00,ER2xMzWXXotwHfmrh6CVarcJbQ4fmzgFT4LUjnLYnPx,solana,Meteora DBC,JCjuAGJFyBpfsz2Hr9gP7NXCWTcNC7S2ckdr5krofi96,제로,So11111111111111111111111111111111111111112,SOL,2026-10-03T12:40:23Z,5.189627191343768e-12,0.005189627191,,0.0,119.36140827955224,,,0.0,0.0,0.0,0.0,0.0,0.0,0,0,0,0,0,0,0,0,0,0,0,0,0,0,0,0,0,0,0,0,0,0,0,0,0.0,0.0,0.0,0.0,0.0,0.0,snapshot,,,,,,,/home/runner/work/Solana-Memecoin-Analysis/Solana-Memecoin-Analysis/data/cache/2026-10-05/000544311621_multi_pools_6fcc99cedce7.json,2
2026-10-05T00:02:58.856965+00:00,92rJW67Ay8g81kqLD9XkkGSem365Ti3kSXRTMcPhTf8e,solana,PumpSwap,Ena9kPZdHmPR6AWtJLSRFPVCVuoyEh42ZSrRhRcqBAGS,KSHIELD,So11111111111111111111111111111111111111112,SOL,2026-10-03T12:40:17Z,0.09096082045701996,90960.82046,,0.000898976309802257,119.33654355546767,100.0,,0.0,0.0,0.0,0.0,0.0,0.0,0,0,0,0,0,0,0,0,0,0,0,0,0,0,0,0,0,0,0,0,0,0,0,0,0.0,0.0,0.0,0.0,0.0,0.0,snapshot,,,,,,,/home/runner/work/Solana-Memecoin-Analysis/Solana-Memecoin-Analysis/data/cache/2026-10-05/000544311621_multi_pools_6fcc99cedce7.json,2
2026-10-05T00:02:58.856965+00:00,Hq9jZ4yiGvEnUC7EtAgq1b2ajwNNV9gVhKYRMbLvswiN,solana,Pump.fun,GZAkDBNo2pqozib52yuPEmWJwSgZGP8rs1oQQhsdpump,CASHED,So11111111111111111111111111111111111111112,SOL,2026-10-03T12:40:16Z,3.3377110431123506e-06,3337.711043,,2692.6751,119.3615082574549,,,0.0,0.0,0.0,0.0,0.0,0.0,0,0,0,0,0,0,0,0,0,0,0,0,0,0,0,0,0,0,0,0,0,0,0,0,0.0,0.0,0.0,0.0,0.0,0.0,snapshot,,,,,,,/home/runner/work/Solana-Memecoin-Analysis/Solana-Memecoin-Analysis/data/cache/2026-10-05/000544311621_multi_pools_6fcc99cedce7.json,2
2026-10-05T00:02:58.856965+00:00,HSqVWoEVErP3iXouLS4ZkwjMVc8TwLECAqCgy2VUpV23,solana,Pump.fun,798Q6NQr62ZzZPkmJMQzC3QkTJ6Xf5SyHuTBbPeTpump,CATE,So11111111111111111111111111111111111111112,SOL,2026-10-03T12:40:13Z,3.334998862575318e-06,3334.998863,,2734.3689,119.22457694886758,100.0,,0.0,0.0,0.0,0.0,0.0,0.0,0,0,0,0,0,0,0,0,0,0,0,0,0,0,0,0,0,0,0,0,0,0,0,0,0.0,0.0,0.0,0.0,0.0,0.0,snapshot,,,,,,,/home/runner/work/Solana-Memecoin-Analysis/Solana-Memecoin-Analysis/data/cache/2026-10-05/000551634759_multi_pools_6398cd22978c.json,2
2026-10-05T00:02:58.856965+00:00,DNBf25ZZK7FaWwvDUpVkzrL1UH5LeZJ4JmCXZVp3iaJ3,solana,Pump.fun,qm65fKq5joP1K41bJttKxVv11j4YSnW82S4cKHipump,POSH,So11111111111111111111111111111111111111112,SOL,2026-10-03T12:40:11Z,2.3267496732201016e-07,464.1658180607,,0.0,119.28300516679882,,,0.0,0.0,0.0,0.0,0.0,0.0,0,0,0,0,0,0,0,0,0,0,0,0,0,0,0,0,0,0,0,0,0,0,0,0,0.0,0.0,0.0,0.0,0.0,0.0,snapshot,,,,,,,/home/runner/work/Solana-Memecoin-Analysis/Solana-Memecoin-Analysis/data/cache/2026-10-05/000551634759_multi_pools_6398cd22978c.json,2
2026-10-05T00:02:58.856965+00:00,JDKgSrTYwK5Z7YQpTUufXZgacA4BR4SJa1EqmNEGq66n,solana,Pump.fun,AXp3cxYyrrUG6evSpdtprTFxWsiFo7zFCEdKXuGemhjR,HELP,So11111111111111111111111111111111111111112,SOL,2026-10-03T12:40:03Z,3.339608057811767e-06,3339.608058,,2695.9776,119.28285166505935,100.0,,0.0,0.0,0.0,0.0,0.0,0.0,0,0,0,0,0,0,0,0,0,0,0,0,0,0,0,0,0,0,0,0,0,0,0,0,0.0,0.0,0.0,0.0,0.0,0.0,snapshot,,,,,,,/home/runner/work/Solana-Memecoin-Analysis/Solana-Memecoin-Analysis/data/cache/2026-10-05/000551634759_multi_pools_6398cd22978c.json,2
2026-10-05T00:02:58.856965+00:00,FvwjUAWF9RAidhtG4YQrbBsF9rdcCnSoKg2Lvzh742Nh,solana,Pump.fun,4y3tEdXfLRwD5p1QBcSEWfSHAiJfDXy2JwYmLqBipump,ceo,So11111111111111111111111111111111111111112,SOL,2026-10-03T12:49:30Z,3.449823375620841e-06,3449.823376,,2781.1197,119.44760954085798,100.0,,0.0,0.0,0.0,0.0,0.0,0.0,0,0,0,0,0,0,0,0,0,0,0,0,0,0,0,0,0,0,0,0,0,0,0,0,0.0,0.0,0.0,0.0,0.0,0.0,snapshot,,,,,,,/home/runner/work/Solana-Memecoin-Analysis/Solana-Memecoin-Analysis/data/cache/2026-10-05/000551634759_multi_pools_6398cd22978c.json,2
2026-10-05T00:02:58.856965+00:00,Euz7EUF76mjVaEokkchHwuzs3ARDpchWSd6fdNgTh97H,solana,Pump.fun,BrnPCZ7qCFgrVHWarQKMvUQnAYU17NLGcYPnjHhLpump,KAIGEN,So11111111111111111111111111111111111111112,SOL,2026-10-03T12:49:28Z,3.3824467480072584e-06,3382.446748,,2694.478,120.880600402693,100.0,,0.0,0.0,0.0,0.0,0.0,2.9473726899,0,0,0,0,0,0,0,0,0,0,0,0,0,0,0,0,0,0,0,0,0,1,0,1,0.0,0.0,0.0,0.0,0.0,0.0,snapshot,,,,,,,/home/runner/work/Solana-Memecoin-Analysis/Solana-Memecoin-Analysis/data/cache/2026-10-05/000551634759_multi_pools_6398cd22978c.json,2
2026-10-05T00:02:58.856965+00:00,6M1hT4YtRVDJuozTrTAb7g5er6cqn5kU28A2yS44KWG4,solana,Pump.fun,3jdviSiR8GTzbYD2bPpVYY3uhquuPiUAzhVeykQNpump,Anthropic,So11111111111111111111111111111111111111112,SOL,2026-10-03T12:56:34Z,3.3431868141819772e-06,3343.186814,,2698.7337,119.28887868877534,,,0.0,0.0,0.0,0.0,0.0,0.0,0,0,0,0,0,0,0,0,0,0,0,0,0,0,0,0,0,0,0,0,0,0,0,0,0.0,0.0,0.0,0.0,0.0,0.0,snapshot,,,,,,,/home/runner/work/Solana-Memecoin-Analysis/Solana-Memecoin-Analysis/data/cache/2026-10-05/000551634759_multi_pools_6398cd22978c.json,2
2026-10-05T00:02:58.856965+00:00,6qvR5iiUtKKZq4yuKrKR1PxWso9GgDFhBWgWMGujBk4w,solana,PumpSwap,7NTJpw4UKDo816xeqzFJ27uChJpNgWYNm3Qgu6McwWJi,gen0,So11111111111111111111111111111111111111112,SOL,2026-10-03T12:56:28Z,5.458317042751656e-05,54760.07782,,6.168289429e-07,119.42592202818051,100.0,,0.0,0.0,0.0,0.0,0.0,0.0,0,0,0,0,0,0,0,0,0,0,0,0,0,0,0,0,0,0,0,0,0,0,0,0,0.0,0.0,0.0,0.0,0.0,0.0,snapshot,,,,,,,/home/runner/work/Solana-Memecoin-Analysis/Solana-Memecoin-Analysis/data/cache/2026-10-05/000551634759_multi_pools_6398cd22978c.json,2
2026-10-05T00:02:58.856965+00:00,AYFnk6eTeogzVhCFa5WNVu7ZXZ4BZuZcivXBNuCoeyVY,solana,Pump.fun,3QVCSStKsnBinhKWY1tf9DX2D2uV4v96w3LPa4F1pump,RI,So11111111111111111111111111111111111111112,SOL,2026-10-03T12:56:25Z,3.3396824288785114e-06,3339.682429,,2693.1243,119.41203089737091,,,0.0,0.0,0.0,0.0,0.0,0.0,0,0,0,0,0,0,0,0,0,0,0,0,0,0,0,0,0,0,0,0,0,0,0,0,0.0,0.0,0.0,0.0,0.0,0.0,snapshot,,,,,,,/home/runner/work/Solana-Memecoin-Analysis/Solana-Memecoin-Analysis/data/cache/2026-10-05/000551634759_multi_pools_6398cd22978c.json,2
2026-10-05T00:02:58.856965+00:00,vt27FxpT7hmzYSjmNU8QiXFCGhMUFdwVEpDCYQytU4j,solana,Pump.fun,7uqtVK4iGiG8BcGNaqy9haTdYcMxTfXq6wwoxiR2pump,CPR,So11111111111111111111111111111111111111112,SOL,2026-10-03T12:56:23Z,3.3418654809463305e-06,3341.865481,,2696.0442,119.36113490187502,,,0.0,0.0,0.0,0.0,0.0,0.0,0,0,0,0,0,0,0,0,0,0,0,0,0,0,0,0,0,0,0,0,0,0,0,0,0.0,0.0,0.0,0.0,0.0,0.0,snapshot,,,,,,,/home/runner/work/Solana-Memecoin-Analysis/Solana-Memecoin-Analysis/data/cache/2026-10-05/000551634759_multi_pools_6398cd22978c.json,2
2026-10-05T00:02:58.856965+00:00,3tMCzQAZWpbKVTcXi3sa7zj6MZMVv1uACFtpAbaErYcW,solana,Pump.fun,9K19EbwVDqmRxv8VV8PBuBgDC7zDBpCTkSU79fBFpump,CRACKED,So11111111111111111111111111111111111111112,SOL,2026-10-03T12:56:08Z,3.3837639473151842e-06,3383.763947,,2694.0349,120.94711756569072,,,0.0,0.0,0.0,0.0,0.0,2.3651878887,0,0,0,0,0,0,0,0,0,0,0,0,0,0,0,0,0,0,0,0,0,1,0,1,0.0,0.0,0.0,0.0,0.0,0.0,snapshot,,,,,,,/home/runner/work/Solana-Memecoin-Analysis/Solana-Memecoin-Analysis/data/cache/2026-10-05/000551634759_multi_pools_6398cd22978c.json,2
2026-10-05T00:02:58.856965+00:00,F4GvvQx1uCzqWYNZUuiHBc59nzE9CxuLeyQvyCr9bLCk,solana,Pump.fun,Cj8NgJfJhW954GuTv5NGj1CdPwCevyMfdW7EbPJapump,ch,So11111111111111111111111111111111111111112,SOL,2026-10-03T12:56:03Z,2.830511271446683e-06,5661.022542,,2293.1964,119.48522869972395,,,0.0,0.0,0.0,0.0,0.0,0.0,0,0,0,0,0,0,0,0,0,0,0,0,0,0,0,0,0,0,0,0,0,0,0,0,0.0,0.0,0.0,0.0,0.0,0.0,snapshot,,,,,,,/home/runner/work/Solana-Memecoin-Analysis/Solana-Memecoin-Analysis/data/cache/2026-10-05/000551634759_multi_pools_6398cd22978c.json,2
2026-10-05T00:02:58.856965+00:00,9qoHx4xBhximpRZf8zsz65Be9yjxH2gH9xr9XpW6Vhna,solana,Pump.fun,CBtQTKyufBL3oP1ihscy8pniVfs8qpX5X8Mh2S6Upump,catrump,EPjFWdd5AufqSSqeM2qN1xzybapC8G4wEGGkZwyTDt1v,USDC,2026-10-03T13:05:17Z,4.026595676129279e-06,4026.595676,,3235.8603,1.0038775065418724,,,0.0,0.0,0.0,0.0,0.0,0.0,0,0,0,0,0,0,0,0,0,0,0,0,0,0,0,0,0,0,0,0,0,0,0,0,0.0,0.0,0.0,0.0,0.0,0.0,snapshot,,,,,,,/home/runner/work/Solana-Memecoin-Analysis/Solana-Memecoin-Analysis/data/cache/2026-10-05/000551634759_multi_pools_6398cd22978c.json,2
2026-10-05T00:02:58.856965+00:00,2yYz2p89F2USdJ2kdaSsBsaAZjw427ySe43KF7wX7VkA,solana,Meteora DAMM V2,FqRjW2kEPkYK5rUwo5dWqqXFhGMxHNihEAoZje19xJYP,DUST,So11111111111111111111111111111111111111112,SOL,2026-10-03T13:05:13Z,1.7904362728402253e-09,1.790436273,,1.6998,119.38543413828869,100.0,,0.0,0.0,0.0,0.0,0.0,0.0,0,0,0,0,0,0,0,0,0,0,0,0,0,0,0,0,0,0,0,0,0,0,0,0,0.0,0.0,0.0,0.0,0.0,0.0,snapshot,,,,,,,/home/runner/work/Solana-Memecoin-Analysis/Solana-Memecoin-Analysis/data/cache/2026-10-05/000551634759_multi_pools_6398cd22978c.json,2
2026-10-05T00:02:58.856965+00:00,AhFVoibrkFbZcYTS1up3YfUekdhyVVzwLW9rLYwnZKDk,solana,Pump.fun,7QXLqxuLvtWnRJT82X7RGgcDurircfhuwUQR65eUPH6U,Bamboo,So11111111111111111111111111111111111111112,SOL,2026-10-03T13:05:12Z,3.339028236806212e-06,3339.028237,,2692.2866,119.4258699793976,100.0,,0.0,0.0,0.0,0.0,0.0,0.0,0,0,0,0,0,0,0,0,0,0,0,0,0,0,0,0,0,0,0,0,0,0,0,0,0.0,0.0,0.0,0.0,0.0,0.0,snapshot,,,,,,,/home/runner/work/Solana-Memecoin-Analysis/Solana-Memecoin-Analysis/data/cache/2026-10-05/000551634759_multi_pools_6398cd22978c.json,2
2026-10-05T00:02:58.856965+00:00,HNtL4Bbu16FgX3riPAUdzQiFtahR6r37Md6xyLGekcNu,solana,Pump.fun,EutZi7nJ4qX84rrSeioqZcfxn1SfyzDkrnRuRAh9pump,Monk,So11111111111111111111111111111111111111112,SOL,2026-10-03T13:05:11Z,1.4716860838028766e-08,29.43372168,,0.0,119.29800988742159,,,0.0,0.0,0.0,0.0,0.0,0.0,0,0,0,0,0,0,0,0,0,0,0,0,0,0,0,0,0,0,0,0,0,0,0,0,0.0,0.0,0.0,0.0,0.0,0.0,snapshot,,,,,,,/home/runner/work/Solana-Memecoin-Analysis/Solana-Memecoin-Analysis/data/cache/2026-10-05/000551634759_multi_pools_6398cd22978c.json,2
2026-10-05T00:02:58.856965+00:00,Fpi61LwCXW8YDZvFHnJwK9K7RChNZeqX7GLUHD3eigbw,solana,Meteora DBC,5c414QAhvt9VGVkGmv9buX2ri4jZz78JpTCxDDJGSv3Z,Milly,So11111111111111111111111111111111111111112,SOL,2026-10-03T13:05:07Z,8.045771287781343e-05,80454.3441316623,,0.0,119.5017377993384,,,0.0,0.0,0.0,0.0,0.0,0.0,0,0,0,0,0,0,0,0,0,0,0,0,0,0,0,0,0,0,0,0,0,0,0,0,0.0,0.0,0.0,0.0,0.0,0.0,snapshot,,,,,,,/home/runner/work/Solana-Memecoin-Analysis/Solana-Memecoin-Analysis/data/cache/2026-10-05/000551634759_multi_pools_6398cd22978c.json,2
2026-10-05T00:02:58.856965+00:00,GyheShpaUjUQMLHhx8HorqEr2e3Ln7ju7pccCZN2mQba,solana,Pump.fun,7XUiXJhgp4wdCiLuTpvgZJh622GfbrYiDHBzNWZLXLTE,Bamboo,So11111111111111111111111111111111111111112,SOL,2026-10-03T13:05:07Z,3.561636389629728e-06,3561.63639,,2871.774,119.4261202494831,,,0.0,0.0,0.0,0.0,0.0,0.0,0,0,0,0,0,0,0,0,0,0,0,0,0,0,0,0,0,0,0,0,0,0,0,0,0.0,0.0,0.0,0.0,0.0,0.0,snapshot,,,,,,,/home/runner/work/Solana-Memecoin-Analysis/Solana-Memecoin-Analysis/data/cache/2026-10-05/000551634759_multi_pools_6398cd22978c.json,2
2026-10-05T00:02:58.856965+00:00,3vkQh9N7Z8EK73uXgFoM1JzvUp3s5sVN68sNqmVNXNho,solana,Pump.fun,7ugFXkMrdUC3rQ2oY4LQtQDkPoQJaWDR2mwsRA1T8tYd,Bamboo,So11111111111111111111111111111111111111112,SOL,2026-10-03T13:05:03Z,3.3390648618522967e-06,3339.064862,,2692.2925,119.42717993477427,,,0.0,0.0,0.0,0.0,0.0,0.0,0,0,0,0,0,0,0,0,0,0,0,0,0,0,0,0,0,0,0,0,0,0,0,0,0.0,0.0,0.0,0.0,0.0,0.0,snapshot,,,,,,,/home/runner/work/Solana-Memecoin-Analysis/Solana-Memecoin-Analysis/data/cache/2026-10-05/000551634759_multi_pools_6398cd22978c.json,2
2026-10-05T00:02:58.856965+00:00,FYA92uPs4VCyHF1EaSU37wx9EeK2rFkQ15KFJUUbyDyN,solana,Pump.fun,6day3exhnFLKgu8frzTVDJvqGEVhB3VsKEmu83wHSEoN,Bamboo,So11111111111111111111111111111111111111112,SOL,2026-10-03T13:05:02Z,3.3387309709130213e-06,3338.730971,,2692.0254,119.42718049089086,,,0.0,0.0,0.0,0.0,0.0,0.0,0,0,0,0,0,0,0,0,0,0,0,0,0,0,0,0,0,0,0,0,0,0,0,0,0.0,0.0,0.0,0.0,0.0,0.0,snapshot,,,,,,,/home/runner/work/Solana-Memecoin-Analysis/Solana-Memecoin-Analysis/data/cache/2026-10-05/000551634759_multi_pools_6398cd22978c.json,2
2026-10-05T00:02:58.856965+00:00,GniVGfbodkY9jfjKJehLVW2xB5G3bfyW9cjVY8Z8H7is,solana,Meteora DBC,TtacFC3jscGXf2ZanUwVCgPV8JSbXbm4wus8BVqQQQQ,Q,So11111111111111111111111111111111111111112,SOL,2026-10-03T13:05:01Z,3.587046854404479e-06,3587.046854,,3644.2238,119.53487873288898,,,0.0,0.0,0.0,0.0,0.0,0.0,0,0,0,0,0,0,0,0,0,0,0,0,0,0,0,0,0,0,0,0,0,0,0,0,0.0,0.0,0.0,0.0,0.0,0.0,snapshot,,,,,,,/home/runner/work/Solana-Memecoin-Analysis/Solana-Memecoin-Analysis/data/cache/2026-10-05/000551634759_multi_pools_6398cd22978c.json,2
2026-10-05T00:02:58.856965+00:00,AWeS5NzS8os6sxRmJhvhMSjdQFaLesjznBKAHB7LF3Kq,solana,Pump.fun,YTMou9RsTwXNGmfxPGvi8oLkyAGSGUkUhCKoEKhUhtM,Lulu,So11111111111111111111111111111111111111112,SOL,2026-10-03T13:16:18Z,3.3381022023087427e-06,3338.102202,,2693.763,119.39358471429124,100.0,,0.0,0.0,0.0,0.0,0.0,0.0,0,0,0,0,0,0,0,0,0,0,0,0,0,0,0,0,0,0,0,0,0,0,0,0,0.0,0.0,0.0,0.0,0.0,0.0,snapshot,,,,,,,/home/runner/work/Solana-Memecoin-Analysis/Solana-Memecoin-Analysis/data/cache/2026-10-05/000551634759_multi_pools_6398cd22978c.json,2
2026-10-05T00:02:58.856965+00:00,BxWiz3CjnoDYQVJ2r8RtYKATRMtJKifDqv2g3DW3JD6v,solana,Meteora DAMM V2,27UiE8dMB5pKVZRTn9Dwmsnkv1WHAHvyAwUWMbrX5LiY,GAKU,So11111111111111111111111111111111111111112,SOL,2026-10-03T13:16:16Z,7.3047527756405e-05,73047.52776,,0.0001864166733,119.40003087062705,,,0.0,0.0,0.0,0.0,0.0,0.0,0,0,0,0,0,0,0,0,0,0,0,0,0,0,0,0,0,0,0,0,0,0,0,0,0.0,0.0,0.0,0.0,0.0,0.0,snapshot,,,,,,,/home/runner/work/Solana-Memecoin-Analysis/Solana-Memecoin-Analysis/data/cache/2026-10-05/000551634759_multi_pools_6398cd22978c.json,2
2026-10-05T00:02:58.856965+00:00,BKhW9WNKd6DfEGNmbXirimuVA4e3H5dwXKMUtL8xdrVv,solana,Pump.fun,F3noEE5YWNwKrS5HJdyRnQ3szqVwewX7HfnvQ6D3pump,Binobee,So11111111111111111111111111111111111111112,SOL,2026-10-03T13:16:15Z,3.3482099273754305e-06,3348.209927,,2702.0359,119.38856157170454,,,0.0,0.0,0.0,0.0,0.0,0.0,0,0,0,0,0,0,0,0,0,0,0,0,0,0,0,0,0,0,0,0,0,0,0,0,0.0,0.0,0.0,0.0,0.0,0.0,snapshot,,,,,,,/home/runner/work/Solana-Memecoin-Analysis/Solana-Memecoin-Analysis/data/cache/2026-10-05/000551634759_multi_pools_6398cd22978c.json,2
2026-10-05T00:02:58.856965+00:00,AKw85dzPd8QSTu2URG7dwRfVTdhNRBJXX4fW2vCCfA4b,solana,Pump.fun,4qemaaYDmpS1LGmT24WNizDWNep4Rh1ggctBgzhgYQgC,TRUMP,So11111111111111111111111111111111111111112,SOL,2026-10-03T13:16:07Z,1.279675284030461e-05,12738.2533540189,,0.0,119.39370399976951,,,0.0,0.0,0.0,0.0,0.0,0.0,0,0,0,0,0,0,0,0,0,0,0,0,0,0,0,0,0,0,0,0,0,0,0,0,0.0,0.0,0.0,0.0,0.0,0.0,snapshot,,,,,,,/home/runner/work/Solana-Memecoin-Analysis/Solana-Memecoin-Analysis/data/cache/2026-10-05/000551634759_multi_pools_6398cd22978c.json,2
2026-10-05T00:02:58.856965+00:00,GANQf5EzKK9XDf3ECCAdwxT5n57gtJr7zcRVRvxBi2AG,solana,Meteora DBC,H8rku1HzNqarxQztWrEKyTsMyZF2DctHEeViUaJTnq4x,LAYOVER,So11111111111111111111111111111111111111112,SOL,2026-10-03T13:16:03Z,1.1999266180652788e-07,119.9926618,,121.5846,119.85373506705004,,,0.0,0.0,0.0,0.0,0.0,0.0,0,0,0,0,0,0,0,0,0,0,0,0,0,0,0,0,0,0,0,0,0,0,0,0,0.0,0.0,0.0,0.0,0.0,0.0,snapshot,,,,,,,/home/runner/work/Solana-Memecoin-Analysis/Solana-Memecoin-Analysis/data/cache/2026-10-05/000551634759_multi_pools_6398cd22978c.json,2
2026-10-05T00:02:58.856965+00:00,CDFhbfVgJSp6QdWx3PQPHmVj7QvCRa8uJPYS9kxNfynd,solana,PumpSwap,eUgTGMw4d8J5gvaUGseReRo8MQ71WETo2eXFrCapump,beer,So11111111111111111111111111111111111111112,SOL,2026-10-03T13:24:14Z,2.3410582204247445e-09,4.68211644,,5.3422,121.07773448317418,,,0.0,0.0,0.0,0.0,0.0,1.6502212564,0,0,0,0,0,0,0,0,0,0,0,0,0,0,0,0,0,0,0,0,2,4,1,4,0.0,0.0,0.0,0.0,0.0,9.384,snapshot,,,,,,,/home/runner/work/Solana-Memecoin-Analysis/Solana-Memecoin-Analysis/data/cache/2026-10-05/000551634759_multi_pools_6398cd22978c.json,2
2026-10-05T00:02:58.856965+00:00,4AQ2cNXEYgbDBaMKGcYm1xSapWjVSykeH3m4SkkyVtjC,solana,Pump.fun,VBDByS4ZMQmpkdeR2MuYc26JqKH7ieUvbg6iCcipump,PEBBLE,So11111111111111111111111111111111111111112,SOL,2026-10-03T13:24:06Z,3.581731064244968e-06,3581.731064,,2888.602,119.40017764838092,100.0,,0.0,0.0,0.0,0.0,0.0,0.0,0,0,0,0,0,0,0,0,0,0,0,0,0,0,0,0,0,0,0,0,0,0,0,0,0.0,0.0,0.0,0.0,0.0,0.0,snapshot,,,,,,,/home/runner/work/Solana-Memecoin-Analysis/Solana-Memecoin-Analysis/data/cache/2026-10-05/000551634759_multi_pools_6398cd22978c.json,2
2026-10-05T00:02:58.856965+00:00,AF1uCoqZ2wGZhJX8C5iWa11hZk7dWJarstWkP1oX6RYR,solana,Pump.fun,H5b8jD4eHcxwRkPimGmpZUJ6P7jv9myNGcb41rMCpump,TOAD,So11111111111111111111111111111111111111112,SOL,2026-10-03T13:24:05Z,6.211217186808552e-07,1242.2434374,,946.9863,119.24158825954265,,,0.0,0.0,0.0,0.0,0.0,0.0,0,0,0,0,0,0,0,0,0,0,0,0,0,0,0,0,0,0,0,0,0,0,0,0,0.0,0.0,0.0,0.0,0.0,0.0,snapshot,,,,,,,/home/runner/work/Solana-Memecoin-Analysis/Solana-Memecoin-Analysis/data/cache/2026-10-05/000551634759_multi_pools_6398cd22978c.json,2
2026-10-05T00:02:58.856965+00:00,BnaPHRFLnTXEGkyBFDBbUC1CpXA44XhCoF6rPKkWmHSE,solana,Pump.fun,EVqR997AvhbLSrvytATtx91sdhDXdJEe2rdnJ9QYpump,MEMO,So11111111111111111111111111111111111111112,SOL,2026-10-03T13:31:46Z,3.3404475557850048e-06,3340.447556,,2693.9864,119.40134816635822,,,0.0,0.0,0.0,0.0,0.0,0.0,0,0,0,0,0,0,0,0,0,0,0,0,0,0,0,0,0,0,0,0,0,0,0,0,0.0,0.0,0.0,0.0,0.0,0.0,snapshot,,,,,,,/home/runner/work/Solana-Memecoin-Analysis/Solana-Memecoin-Analysis/data/cache/2026-10-05/000551634759_multi_pools_6398cd22978c.json,2
2026-10-05T00:02:58.856965+00:00,4vnLT3t7XSHf3vtMAmoEyX58j8UHuwCGSVeatf17tEHD,solana,Pump.fun,E1QJEw71MkqBE1Fkc9DGoJGX5e3zPhNvfD2rSUerpump,solcat,So11111111111111111111111111111111111111112,SOL,2026-10-03T13:31:45Z,3.4089728546351734e-06,3408.972855,,2749.2422,119.40129634674045,,,0.0,0.0,0.0,0.0,0.0,0.0,0,0,0,0,0,0,0,0,0,0,0,0,0,0,0,0,0,0,0,0,0,0,0,0,0.0,0.0,0.0,0.0,0.0,0.0,snapshot,,,,,,,/home/runner/work/Solana-Memecoin-Analysis/Solana-Memecoin-Analysis/data/cache/2026-10-05/000551634759_multi_pools_6398cd22978c.json,2
2026-10-05T00:02:58.856965+00:00,F2asCw75B1eBtFvRAxX2Kj3n5Leyc5tZmbj6vakSyqUD,solana,Pump.fun,8dVoHP6RdU9S5hPxZWD4a6VgAJJn1MGnauoYdEjMJh3p,SGP,So11111111111111111111111111111111111111112,SOL,2026-10-03T13:31:29Z,3.3492174513224404e-06,3349.217451,,2700.8827,119.40901707188885,100.0,,0.0,0.0,0.0,0.0,0.0,0.0,0,0,0,0,0,0,0,0,0,0,0,0,0,0,0,0,0,0,0,0,0,0,0,0,0.0,0.0,0.0,0.0,0.0,0.0,snapshot,,,,,,,/home/runner/work/Solana-Memecoin-Analysis/Solana-Memecoin-Analysis/data/cache/2026-10-05/000606736835_multi_pools_30e96a68f3e4.json,2
2026-10-05T00:02:58.856965+00:00,9KBF3KqYErfs1NXRK35gb4J8wnAD2i9ePZAzcwn7yhFT,solana,PumpSwap,HAcEqEVru6dRbe1grLFTPBxjxGgjn1tVpR7bLgYXdust,DUST,So11111111111111111111111111111111111111112,SOL,2026-10-03T07:19:25Z,1.3072624508778937e-05,12701.1617023248,12701.1617807605,10103.4414,121.24396135889785,100.0,,11.1479910155,356.0002200474,787.8092909839,845.0301375203,10191.5445446845,196070.480591732,2,0,2,0,4,7,4,6,15,15,13,12,18,20,16,17,158,191,100,154,2330,2253,894,1247,0.172,-3.265,5.971,8.111,-47.198,-90.13,snapshot,,,,,,,/home/runner/work/Solana-Memecoin-Analysis/Solana-Memecoin-Analysis/data/cache/2026-10-05/000606736835_multi_pools_30e96a68f3e4.json,2
2026-10-05T00:02:58.856965+00:00,YjQJcSMVEGy7pgMadnqq8TkGVQzPSqosUksvhAhGstD,solana,PumpSwap,2np4uNTEo6erTt6jryvLxGFy8cGnEkEQ3TzpGcJUpump,boofperc,So11111111111111111111111111111111111111112,SOL,2026-10-03T13:40:48Z,8.802499397963874e-08,176.04998796,,295.0133,121.59688498343984,,,0.0,0.0,0.0,0.0,0.0,5.8548154639,0,0,0,0,0,0,0,0,0,0,0,0,0,0,0,0,0,0,0,0,0,2,0,2,0.0,0.0,0.0,0.0,0.0,-2.749,snapshot,,,,,,,/home/runner/work/Solana-Memecoin-Analysis/Solana-Memecoin-Analysis/data/cache/2026-10-05/000606736835_multi_pools_30e96a68f3e4.json,2
2026-10-05T00:02:58.856965+00:00,4ZCSoJNRtfFMJxY5fVMS3vFBdaeh2h7YFJuZihRzjiSz,solana,Pump.fun,DgeWsm294KHSCkhhqUU7q7G5CXADfENHpGtW7W37pump,$JEW,So11111111111111111111111111111111111111112,SOL,2026-10-03T13:40:36Z,3.336434735565937e-06,3336.434736,,2692.4201,119.32732038584884,,,0.0,0.0,0.0,0.0,0.0,0.0,0,0,0,0,0,0,0,0,0,0,0,0,0,0,0,0,0,0,0,0,0,0,0,0,0.0,0.0,0.0,0.0,0.0,0.0,snapshot,,,,,,,/home/runner/work/Solana-Memecoin-Analysis/Solana-Memecoin-Analysis/data/cache/2026-10-05/000606736835_multi_pools_30e96a68f3e4.json,2
2026-10-05T00:02:58.856965+00:00,J2vHxXrSCSJBoCCwMJEUTkjAkLUCAL6GuVrERnM1RHi1,solana,Pump.fun,6UYjcZuzuxxQ4cYifg6msLa1qbC2ab67nEKxHFunpump,si,So11111111111111111111111111111111111111112,SOL,2026-10-03T13:40:28Z,3.3797322825735773e-06,3379.732283,,2708.1312,120.1741809117437,,,0.0,0.0,0.0,0.0,0.0,21.2273287705,0,0,0,0,0,0,0,0,0,0,0,0,0,0,0,0,0,0,0,0,0,1,0,1,0.0,0.0,0.0,0.0,0.0,0.0,snapshot,,,,,,,/home/runner/work/Solana-Memecoin-Analysis/Solana-Memecoin-Analysis/data/cache/2026-10-05/000606736835_multi_pools_30e96a68f3e4.json,2
2026-10-05T00:02:58.856965+00:00,8yoZVgXdrGg4u35SBddmpzmv58CLpcNx4jcqD2gp7355,solana,Pump.fun,J72rxjo24oVrPymohazLXfRDkRkPUy2eyqjGxgtfpump,AKat,So11111111111111111111111111111111111111112,SOL,2026-10-03T13:40:27Z,3.351055863038998e-06,3351.055898,,2700.8949,119.47387451710883,,,0.0,0.0,0.0,0.0,0.0,0.0,0,0,0,0,0,0,0,0,0,0,0,0,0,0,0,0,0,0,0,0,0,0,0,0,0.0,0.0,0.0,0.0,0.0,0.0,snapshot,,,,,,,/home/runner/work/Solana-Memecoin-Analysis/Solana-Memecoin-Analysis/data/cache/2026-10-05/000606736835_multi_pools_30e96a68f3e4.json,2
2026-10-05T00:02:58.856965+00:00,BxNg2ZM4QS3N5YyYsmPuk5HguYdiE75WUrVA8iRZuTBx,solana,Pump.fun,FKKezKGg1UiU54QmLwRd74VEpBYueUV958oqKXUqpump,CHIMP,So11111111111111111111111111111111111111112,SOL,2026-10-03T13:40:25Z,3.0348331827434396e-06,6069.666366,,2445.0498,119.39602418741937,,,0.0,0.0,0.0,0.0,0.0,0.0,0,0,0,0,0,0,0,0,0,0,0,0,0,0,0,0,0,0,0,0,0,0,0,0,0.0,0.0,0.0,0.0,0.0,0.0,snapshot,,,,,,,/home/runner/work/Solana-Memecoin-Analysis/Solana-Memecoin-Analysis/data/cache/2026-10-05/000606736835_multi_pools_30e96a68f3e4.json,2
2026-10-05T00:02:58.856965+00:00,BMoFpwNZQg6K1vWa2rUyUAgNSaw6hNViZhsZTP6KLDh3,solana,Pump.fun,2ug6zoCddDhxeXcjUuVMWJtJnyMZTG7M9S1n5gZMmoLT,MOLT,So11111111111111111111111111111111111111112,SOL,2026-10-03T13:50:19Z,3.3753252556696464e-06,3375.325256,,2696.6454,119.38387974093013,,,0.0,0.0,0.0,0.0,0.0,0.0,0,0,0,0,0,0,0,0,0,0,0,0,0,0,0,0,0,0,0,0,0,0,0,0,0.0,0.0,0.0,0.0,0.0,0.0,snapshot,,,,,,,/home/runner/work/Solana-Memecoin-Analysis/Solana-Memecoin-Analysis/data/cache/2026-10-05/000606736835_multi_pools_30e96a68f3e4.json,2
2026-10-05T00:02:58.856965+00:00,8HoUWUbbZQe38D13uDtmxqitiJHrhJakCaSegFsgJ8AY,solana,Pump.fun,ABCT38wbPaqdoZhD5H1hLj8RuSSeBRyfVpTMc1PLzscy,Dividend,So11111111111111111111111111111111111111112,SOL,2026-10-03T13:50:11Z,3.3362890689149674e-06,3336.289069,,2692.2623,119.32873454424603,,,0.0,0.0,0.0,0.0,0.0,0.0,0,0,0,0,0,0,0,0,0,0,0,0,0,0,0,0,0,0,0,0,0,0,0,0,0.0,0.0,0.0,0.0,0.0,0.0,snapshot,,,,,,,/home/runner/work/Solana-Memecoin-Analysis/Solana-Memecoin-Analysis/data/cache/2026-10-05/000606736835_multi_pools_30e96a68f3e4.json,2
2026-10-05T00:02:58.856965+00:00,3138gYMArozGht4ezxhxCoAb23xQBfsxDYfTWd1iByM3,solana,Meteora DBC,Fao9BFhd7qTnSLeDaEKt55oeHxhXouG9iSmLochrCPrS,DOTPAD,So11111111111111111111111111111111111111112,SOL,2026-10-03T13:50:10Z,5.9277188458069925e-05,59277.18846,,0.0,119.32723134467604,,,0.0,0.0,0.0,0.0,0.0,0.0,0,0,0,0,0,0,0,0,0,0,0,0,0,0,0,0,0,0,0,0,0,0,0,0,0.0,0.0,0.0,0.0,0.0,0.0,snapshot,,,,,,,/home/runner/work/Solana-Memecoin-Analysis/Solana-Memecoin-Analysis/data/cache/2026-10-05/000606736835_multi_pools_30e96a68f3e4.json,2
2026-10-05T00:02:58.856965+00:00,FtgYPWbhPkoUT9zgsVVzADSKuxfMEZQmYAMueTzZPVMd,solana,Meteora DAMM V2,EFXqpzLD5bijDzef3fdrVJqziafp5QxCvcaBzEVN1HY3,S.H.R.O.O.M.,So11111111111111111111111111111111111111112,SOL,2026-10-03T13:57:10Z,4.685076492746308e-10,0.4685076493,,0.8742,119.83405640519229,,,0.0,0.0,0.0,0.0,0.0,0.0,0,0,0,0,0,0,0,0,0,0,0,0,0,0,0,0,0,0,0,0,0,0,0,0,0.0,0.0,0.0,0.0,0.0,0.0,snapshot,,,,,,,/home/runner/work/Solana-Memecoin-Analysis/Solana-Memecoin-Analysis/data/cache/2026-10-05/000606736835_multi_pools_30e96a68f3e4.json,2
2026-10-05T00:02:58.856965+00:00,Lrs3ta5AZvfj4N15xvPKS1exYt8tCn8nkYdwKHV8YEU,solana,Pump.fun,3N6YHjYNsYAGb2N7AbHC6YUoXGfCzX21v4fEiS94pump,PRSM,So11111111111111111111111111111111111111112,SOL,2026-10-03T13:57:09Z,3.3735177146789804e-06,3373.517715,,2724.8317,119.21822027074629,,,0.0,0.0,0.0,0.0,0.0,0.0,0,0,0,0,0,0,0,0,0,0,0,0,0,0,0,0,0,0,0,0,0,0,0,0,0.0,0.0,0.0,0.0,0.0,0.0,snapshot,,,,,,,/home/runner/work/Solana-Memecoin-Analysis/Solana-Memecoin-Analysis/data/cache/2026-10-05/000606736835_multi_pools_30e96a68f3e4.json,2
2026-10-05T00:02:58.856965+00:00,CAYr4m28ChJgbADGBKA3JF6tiZUitrH9GkaS1MtEFobA,solana,Pump.fun,9zTefe57wASqqWv4ueMJX5cwMDBpEfj1aadrDQogpump,$PONZI,So11111111111111111111111111111111111111112,SOL,2026-10-03T13:57:08Z,1.072662709993075e-06,2316.967448,,867.9089,119.32857783578372,,,0.0,0.0,0.0,0.0,0.0,0.0,0,0,0,0,0,0,0,0,0,0,0,0,0,0,0,0,0,0,0,0,0,0,0,0,0.0,0.0,0.0,0.0,0.0,0.0,snapshot,,,,,,,/home/runner/work/Solana-Memecoin-Analysis/Solana-Memecoin-Analysis/data/cache/2026-10-05/000606736835_multi_pools_30e96a68f3e4.json,2
2026-10-05T00:02:58.856965+00:00,CADtduQ3D6qQBiT1Dg51fUeviintYuHQ9jeh1hTVVwJT,solana,Meteora DBC,GcJDLaG176f7Eith8nTTZ6M6GMgFnMB79gvHExGxyXuL,STET,So11111111111111111111111111111111111111112,SOL,2026-10-03T13:57:01Z,1.2212200594388934e-07,179.386907,,123.6608,119.92911889662632,,,0.0,0.0,0.0,0.0,0.0,0.0,0,0,0,0,0,0,0,0,0,0,0,0,0,0,0,0,0,0,0,0,0,0,0,0,0.0,0.0,0.0,0.0,0.0,0.0,snapshot,,,,,,,/home/runner/work/Solana-Memecoin-Analysis/Solana-Memecoin-Analysis/data/cache/2026-10-05/000606736835_multi_pools_30e96a68f3e4.json,2
2026-10-05T00:02:58.856965+00:00,55yNY9q4PdXExosdXio5pAEduz1h89uN2oE7y4BjrBm5,solana,Meteora DAMM V2,9c2RaNvN9HgbyKb5D1yCxxi1iYNp6crr1iMUZqJKk6V5,COSMO,So11111111111111111111111111111111111111112,SOL,2026-10-03T14:06:06Z,4.6133876279981694e-10,0.4613387628,,0.9349,119.83475985710699,,,0.0,0.0,0.0,0.0,0.0,0.0,0,0,0,0,0,0,0,0,0,0,0,0,0,0,0,0,0,0,0,0,0,0,0,0,0.0,0.0,0.0,0.0,0.0,0.0,snapshot,,,,,,,/home/runner/work/Solana-Memecoin-Analysis/Solana-Memecoin-Analysis/data/cache/2026-10-05/000606736835_multi_pools_30e96a68f3e4.json,2
2026-10-05T00:02:58.856965+00:00,4XnD74HPqmU1FuCiZUahFUmF5eKebtYkprNPJrcty7Fg,solana,Pump.fun,4BnHxKbxghbGLWpnraKrGVGTSd79k3pFW5y74nHxpump,JUMP,So11111111111111111111111111111111111111112,SOL,2026-10-03T14:06:05Z,5.715215228497156e-08,114.30430456,,62.9414,119.1684587256343,,,0.0,0.0,0.0,0.0,0.0,0.0,0,0,0,0,0,0,0,0,0,0,0,0,0,0,0,0,0,0,0,0,0,0,0,0,0.0,0.0,0.0,0.0,0.0,0.0,snapshot,,,,,,,/home/runner/work/Solana-Memecoin-Analysis/Solana-Memecoin-Analysis/data/cache/2026-10-05/000606736835_multi_pools_30e96a68f3e4.json,2
2026-10-05T00:02:58.856965+00:00,DfrGkzZiYM2N8kQLfaEZQyi5hQ6YvrgMJcmqavX3bBq4,solana,PumpSwap,FKs8hX1RWKjiWGcGV9MF2YLwRTUaYXqX3Un2MpUbpump,RUSS,So11111111111111111111111111111111111111112,SOL,2026-10-03T14:06:04Z,6.399056649031328e-05,63990.5629233336,,6.232270866e-07,119.15655400206936,100.0,,0.0,0.0,0.0,0.0,0.0,0.0,0,0,0,0,0,0,0,0,0,0,0,0,0,0,0,0,0,0,0,0,0,0,0,0,0.0,0.0,0.0,0.0,0.0,0.0,snapshot,,,,,,,/home/runner/work/Solana-Memecoin-Analysis/Solana-Memecoin-Analysis/data/cache/2026-10-05/000606736835_multi_pools_30e96a68f3e4.json,2
2026-10-05T00:02:58.856965+00:00,6w928XTh4P1otZCQsDC4H6B9Kw61xEqHWoLdJDmBJjvz,solana,Meteora DBC,FKs8hX1RWKjiWGcGV9MF2YLwRTUaYXqX3Un2MpUbpump,RUSS,So11111111111111111111111111111111111111112,SOL,2026-10-03T14:06:00Z,5.4179167621242966e-12,0.00541791646,,0.0,119.19415142989554,,,0.0,0.0,0.0,0.0,0.0,0.0,0,0,0,0,0,0,0,0,0,0,0,0,0,0,0,0,0,0,0,0,0,0,0,0,0.0,0.0,0.0,0.0,0.0,0.0,snapshot,,,,,,,/home/runner/work/Solana-Memecoin-Analysis/Solana-Memecoin-Analysis/data/cache/2026-10-05/000606736835_multi_pools_30e96a68f3e4.json,2
2026-10-05T00:02:58.856965+00:00,DzJMMBTTtgc6bvYnZFntKVbjSTPRqHV1VhXztN4wxe1c,solana,Pump.fun,H1qPju6JxArxzabX95ZnNdRS8f81pSckSDz8BRH3QMKL,dog?,So11111111111111111111111111111111111111112,SOL,2026-10-03T14:05:50Z,3.3393632001911682e-06,3339.3632,,2692.9179,119.40999684510109,100.0,,0.0,0.0,0.0,0.0,0.0,0.0,0,0,0,0,0,0,0,0,0,0,0,0,0,0,0,0,0,0,0,0,0,0,0,0,0.0,0.0,0.0,0.0,0.0,0.0,snapshot,,,,,,,/home/runner/work/Solana-Memecoin-Analysis/Solana-Memecoin-Analysis/data/cache/2026-10-05/000606736835_multi_pools_30e96a68f3e4.json,2
2026-10-05T00:02:58.856965+00:00,5yResaHjTy3sJBmrV7Lr7WyJd84StchwjqpF6qsjTbT6,solana,Meteora DBC,9c2RaNvN9HgbyKb5D1yCxxi1iYNp6crr1iMUZqJKk6V5,COSMO,So11111111111111111111111111111111111111112,SOL,2026-10-03T14:05:45Z,5.315618535470143e-05,53156.18535,,0.0,119.1902161094495,,,0.0,0.0,0.0,0.0,0.0,0.0,0,0,0,0,0,0,0,0,0,0,0,0,0,0,0,0,0,0,0,0,0,0,0,0,0.0,0.0,0.0,0.0,0.0,0.0,snapshot,,,,,,,/home/runner/work/Solana-Memecoin-Analysis/Solana-Memecoin-Analysis/data/cache/2026-10-05/000606736835_multi_pools_30e96a68f3e4.json,2
2026-10-05T00:02:58.856965+00:00,7aLSVtyYbHYrDbuJEUyAD9b21a3djUAxSS94MGgfRHvP,solana,Pump.fun,8jsTGAusDnVj8Zm3ff2ZmhpSqX3pSZYghxP246Jepump,MUSK MASK,So11111111111111111111111111111111111111112,SOL,2026-10-03T14:05:43Z,3.809673604963761e-06,9036.178332,,3501.88,119.20057382303769,,,0.0,0.0,0.0,0.0,0.0,0.0,0,0,0,0,0,0,0,0,0,0,0,0,0,0,0,0,0,0,0,0,0,0,0,0,0.0,0.0,0.0,0.0,0.0,0.0,snapshot,,,,,,,/home/runner/work/Solana-Memecoin-Analysis/Solana-Memecoin-Analysis/data/cache/2026-10-05/000606736835_multi_pools_30e96a68f3e4.json,2
2026-10-05T00:02:58.856965+00:00,Gv4HAUMYUaH2X8o6q6nzrtZ5jJC5VLMYY4qKQzv4jm7V,solana,Meteora DBC,2TJoJLVCf3iirsyitBTo42ydWe7eMV9G5LTHfzNotbhb,COSMO,So11111111111111111111111111111111111111112,SOL,2026-10-03T14:16:39Z,5.343430483011978e-05,53434.30483,,0.0,119.20813999037104,,,0.0,0.0,0.0,0.0,0.0,0.0,0,0,0,0,0,0,0,0,0,0,0,0,0,0,0,0,0,0,0,0,0,0,0,0,0.0,0.0,0.0,0.0,0.0,0.0,snapshot,,,,,,,/home/runner/work/Solana-Memecoin-Analysis/Solana-Memecoin-Analysis/data/cache/2026-10-05/000606736835_multi_pools_30e96a68f3e4.json,2
2026-10-05T00:02:58.856965+00:00,BvkymLtpXPSBP4M3gR2XTbivM4cz638x1prpiF41afb3,solana,Pump.fun,8poWAa3vgvpDkvWJhxswv8nKm9HBR9U72swqnJzHpump,SQUASH,So11111111111111111111111111111111111111112,SOL,2026-10-03T14:16:36Z,3.3954999574033216e-06,3397.675652,,2736.5978,119.4789829120994,,,0.0,0.0,0.0,0.0,0.0,0.0,0,0,0,0,0,0,0,0,0,0,0,0,0,0,0,0,0,0,0,0,0,0,0,0,0.0,0.0,0.0,0.0,0.0,0.0,snapshot,,,,,,,/home/runner/work/Solana-Memecoin-Analysis/Solana-Memecoin-Analysis/data/cache/2026-10-05/000606736835_multi_pools_30e96a68f3e4.json,2
2026-10-05T00:02:58.856965+00:00,83sV7ptXTo8ByLm1jBmJkERK3bPPvoBs9rx5Naeh3Zya,solana,Pump.fun,TKHaGhRg4J2m9PUBychZrGRYVHywZyDB1puwRv32vTh,BOO,So11111111111111111111111111111111111111112,SOL,2026-10-03T14:16:21Z,3.356886662951936e-06,3356.886663,,2711.7807,119.201295372093,,,0.0,0.0,0.0,0.0,0.0,0.0,0,0,0,0,0,0,0,0,0,0,0,0,0,0,0,0,0,0,0,0,0,0,0,0,0.0,0.0,0.0,0.0,0.0,0.0,snapshot,,,,,,,/home/runner/work/Solana-Memecoin-Analysis/Solana-Memecoin-Analysis/data/cache/2026-10-05/000606736835_multi_pools_30e96a68f3e4.json,2
2026-10-05T00:02:58.856965+00:00,BDUX4MTyzuUMh47wCYuZQ8ZhoZzG9Xz3mX4uRvTtFkMS,solana,Pump.fun,D72cb9tv6PRJ9EhsEPtjV9jmpSSaYY9jXrfd9zxxNMW9,PCAT315,So11111111111111111111111111111111111111112,SOL,2026-10-03T14:24:49Z,3.335560864202624e-06,3335.560864,,2692.3665,119.2979660752281,,,0.0,0.0,0.0,0.0,0.0,0.0,0,0,0,0,0,0,0,0,0,0,0,0,0,0,0,0,0,0,0,0,0,0,0,0,0.0,0.0,0.0,0.0,0.0,0.0,snapshot,,,,,,,/home/runner/work/Solana-Memecoin-Analysis/Solana-Memecoin-Analysis/data/cache/2026-10-05/000606736835_multi_pools_30e96a68f3e4.json,2
2026-10-05T00:02:58.856965+00:00,9DLjqnEdzgvoBCKgzLy2Q9nBKqxRufq9CCWXg9T6qvx9,solana,Pump.fun,9q2UtTV1KeuDckNoEfiXpDHddnsQhQAKV88a78NuCPn1,save,So11111111111111111111111111111111111111112,SOL,2026-10-03T14:24:47Z,3.3385694715514417e-06,3338.569472,,2693.2528,119.36616049461314,,,0.0,0.0,0.0,0.0,0.0,0.0,0,0,0,0,0,0,0,0,0,0,0,0,0,0,0,0,0,0,0,0,0,0,0,0,0.0,0.0,0.0,0.0,0.0,0.0,snapshot,,,,,,,/home/runner/work/Solana-Memecoin-Analysis/Solana-Memecoin-Analysis/data/cache/2026-10-05/000606736835_multi_pools_30e96a68f3e4.json,2
2026-10-05T00:02:58.856965+00:00,PckXiv81Vq7xPPkE1t8BM3ocwT4pLX1SnfZqBKU29ga,solana,PumpSwap,EutZi7nJ4qX84rrSeioqZcfxn1SfyzDkrnRuRAh9pump,Monk,So11111111111111111111111111111111111111112,SOL,2026-10-03T14:24:47Z,5.037880965109919e-10,1.007576193,,1.2736,121.62033414356006,100.0,,0.0,0.0,0.0,0.0,0.04214936102,1.2969661046,0,0,0,0,0,0,0,0,0,0,0,0,0,0,0,0,1,1,1,1,6,6,2,5,0.0,0.0,0.0,0.0,3.448,-46.474,snapshot,,,,,,,/home/runner/work/Solana-Memecoin-Analysis/Solana-Memecoin-Analysis/data/cache/2026-10-05/000606736835_multi_pools_30e96a68f3e4.json,2
2026-10-05T00:02:58.856965+00:00,ch8XuC8GgFCsy61BPkVq3fb2fH5qS6cg5r378pQy2rF,solana,Pump.fun,8VEyEPVut56yAYWdw4RwPwpWc42AvJDbguLn4LGwpump,FINALSPARK,So11111111111111111111111111111111111111112,SOL,2026-10-03T14:24:42Z,3.371540222584246e-06,3371.540223,,2718.8713,119.40940316951342,100.0,,0.0,0.0,0.0,0.0,0.0,0.0,0,0,0,0,0,0,0,0,0,0,0,0,0,0,0,0,0,0,0,0,0,0,0,0,0.0,0.0,0.0,0.0,0.0,0.0,snapshot,,,,,,,/home/runner/work/Solana-Memecoin-Analysis/Solana-Memecoin-Analysis/data/cache/2026-10-05/000606736835_multi_pools_30e96a68f3e4.json,2
2026-10-05T00:02:58.856965+00:00,5tghVNp1MSumkAv4TXyfJfN6vJfQjxD1ZD4nfGnFAz8F,solana,Pump.fun,Tr4aCd18vu7i5MgtQrDvCuYAjgVFJQdHGQaLCoSpump,EWEF,So11111111111111111111111111111111111111112,SOL,2026-10-03T14:32:34Z,3.1816036508601836e-06,3181.603651,,2565.1363,119.43549209110077,,,0.0,0.0,0.0,0.0,0.0,0.0,0,0,0,0,0,0,0,0,0,0,0,0,0,0,0,0,0,0,0,0,0,0,0,0,0.0,0.0,0.0,0.0,0.0,0.0,snapshot,,,,,,,/home/runner/work/Solana-Memecoin-Analysis/Solana-Memecoin-Analysis/data/cache/2026-10-05/000606736835_multi_pools_30e96a68f3e4.json,2
2026-10-05T00:02:58.856965+00:00,CXjDrvWsm1WdHYywqT4SzsBjT4b4egABaN1pWu5ywfr6,solana,Pump.fun,u9b2GNjQ9RWPAYpbWkEYfBxtBh3QFKn5L8bgtZvpump,SATINU,So11111111111111111111111111111111111111112,SOL,2026-10-03T14:32:29Z,4.1085372955368657e-07,821.7074592,,709.0364,119.3410330005378,,,0.0,0.0,0.0,0.0,0.0,0.0,0,0,0,0,0,0,0,0,0,0,0,0,0,0,0,0,0,0,0,0,0,0,0,0,0.0,0.0,0.0,0.0,0.0,0.0,snapshot,,,,,,,/home/runner/work/Solana-Memecoin-Analysis/Solana-Memecoin-Analysis/data/cache/2026-10-05/000606736835_multi_pools_30e96a68f3e4.json,2
2026-10-05T00:02:58.856965+00:00,HDP1BVzx56yaFqAW9Y77XpzbPpeBLjPNXE4RHVqCSEAT,solana,Pump.fun,2aPRMy2TZEksmsSum1JjjZdnDHuAnVk8WEddnYXxpump,THEHEIST,So11111111111111111111111111111111111111112,SOL,2026-10-03T14:32:20Z,3.3388561505512667e-06,3436.595833,,2772.4758,119.36033820970918,,,0.0,0.0,0.0,0.0,0.0,0.0,0,0,0,0,0,0,0,0,0,0,0,0,0,0,0,0,0,0,0,0,0,0,0,0,0.0,0.0,0.0,0.0,0.0,0.0,snapshot,,,,,,,/home/runner/work/Solana-Memecoin-Analysis/Solana-Memecoin-Analysis/data/cache/2026-10-05/000614374099_multi_pools_94a4cfb067f8.json,2
2026-10-05T00:02:58.856965+00:00,GsVxsfBpd2dtYSYYZ15FXdUJgMGoVHgPfxtSaxnExUqk,solana,Pump.fun,5jdKYhFn8v2XdUiET6gnywDBewkHKPANwH3gQz7Tpump,STAMP,So11111111111111111111111111111111111111112,SOL,2026-10-03T14:41:53Z,3.3646970322151984e-06,3364.697032,,2699.6757,120.01439421853962,100.0,,0.0,0.0,0.0,0.0,0.0,9.8881007934,0,0,0,0,0,0,0,0,0,0,0,0,0,0,0,0,0,0,0,0,0,1,0,1,0.0,0.0,0.0,0.0,0.0,0.0,snapshot,,,,,,,/home/runner/work/Solana-Memecoin-Analysis/Solana-Memecoin-Analysis/data/cache/2026-10-05/000614374099_multi_pools_94a4cfb067f8.json,2
2026-10-05T00:02:58.856965+00:00,E3hEW4pdfA1WGP34vZ4iLwT4xFrA74NorvsEBpAe12za,solana,Meteora DBC,65ge9m5dL8imMvpKyADRxJLuFsxDF8RnSdC1FYGK4V5e,Chin,So11111111111111111111111111111111111111112,SOL,2026-10-03T14:41:43Z,5.323629545947336e-05,53234.9872389146,,0.0,119.30248232993615,,,0.0,0.0,0.0,0.0,0.0,0.0,0,0,0,0,0,0,0,0,0,0,0,0,0,0,0,0,0,0,0,0,0,0,0,0,0.0,0.0,0.0,0.0,0.0,0.0,snapshot,,,,,,,/home/runner/work/Solana-Memecoin-Analysis/Solana-Memecoin-Analysis/data/cache/2026-10-05/000614374099_multi_pools_94a4cfb067f8.json,2
2026-10-05T00:02:58.856965+00:00,GDo6ZCgW5aqD3wWaGhhLqMxopbSAmWgsymdTxFm7qCPA,solana,Pump.fun,DG7PjD1WBostSZmtjjbHLkWCNC5sGXkZLRF5rcGmpump,PRINTR,So11111111111111111111111111111111111111112,SOL,2026-10-03T14:41:37Z,3.3622490189821643e-06,3447.717478,,2712.6671,119.35250370054125,,,0.0,0.0,0.0,0.0,0.0,0.0,0,0,0,0,0,0,0,0,0,0,0,0,0,0,0,0,0,0,0,0,0,0,0,0,0.0,0.0,0.0,0.0,0.0,0.0,snapshot,,,,,,,/home/runner/work/Solana-Memecoin-Analysis/Solana-Memecoin-Analysis/data/cache/2026-10-05/000614374099_multi_pools_94a4cfb067f8.json,2
2026-10-05T00:02:58.856965+00:00,BXQ9oYLPi2iYizi8RS3Bt1PmKznqSK3JdrqUT76pNGug,solana,Meteora DBC,GSii8biFhSep7qLJPxmfWpji5tj5ht5rmpogj5mDy2ze,CULTURE,So11111111111111111111111111111111111111112,SOL,2026-10-03T14:41:32Z,3.130813996015814e-05,31308.13996,,0.0,119.61729821635015,,,0.0,0.0,0.0,0.0,0.0,0.0,0,0,0,0,0,0,0,0,0,0,0,0,0,0,0,0,0,0,0,0,0,0,0,0,0.0,0.0,0.0,0.0,0.0,0.0,snapshot,,,,,,,/home/runner/work/Solana-Memecoin-Analysis/Solana-Memecoin-Analysis/data/cache/2026-10-05/000614374099_multi_pools_94a4cfb067f8.json,2
2026-10-05T00:02:58.856965+00:00,FgjSx9dYuGGJ2GJUrb5k5FF1Yut6kyVAxC45YRcShXH2,solana,Pump.fun,TxwNpQR2T3GwApXq6iW34tsKRmvF9KP7fmhRRhwpump,OTTER,So11111111111111111111111111111111111111112,SOL,2026-10-03T14:41:24Z,5.163993590132837e-07,1032.798718,,441.7667,119.27463549426186,,,0.0,0.0,0.0,0.0,0.0,0.0,0,0,0,0,0,0,0,0,0,0,0,0,0,0,0,0,0,0,0,0,0,0,0,0,0.0,0.0,0.0,0.0,0.0,0.0,snapshot,,,,,,,/home/runner/work/Solana-Memecoin-Analysis/Solana-Memecoin-Analysis/data/cache/2026-10-05/000614374099_multi_pools_94a4cfb067f8.json,2
2026-10-05T00:02:58.856965+00:00,8xu7kWK4xsVFq2Gtt7ziZ4Peag1oCrjJdaruwMu1Hx5G,solana,Bags.fm,EKX47qGyvopvxjxi1C8NYkEfeU6TWosjdZumjTijBAGS,CHIN,So11111111111111111111111111111111111111112,SOL,2026-10-03T14:41:24Z,6.685016938035243e-05,66850.16938,,67994.4275,119.371292028927,,,0.0,0.0,0.0,0.0,0.0,0.0,0,0,0,0,0,0,0,0,0,0,0,0,0,0,0,0,0,0,0,0,0,0,0,0,0.0,0.0,0.0,0.0,0.0,0.0,snapshot,,,,,,,/home/runner/work/Solana-Memecoin-Analysis/Solana-Memecoin-Analysis/data/cache/2026-10-05/000614374099_multi_pools_94a4cfb067f8.json,2
2026-10-05T00:02:58.856965+00:00,CeTe7GnDikGH9eBKzcVaxMZe4sCoarCzWXouk72hPyAB,solana,Meteora DAMM V2,5sCJEvzDfxxLbXw1eZpeQ9PGHytyb2DfpKyeEhgyyb4v,万锅共酱会,So11111111111111111111111111111111111111112,SOL,2026-10-03T14:51:04Z,4.571752008958938e-10,0.4571752009,,0.9349,119.94860434107086,,,0.0,0.0,0.0,0.0,0.0,0.0,0,0,0,0,0,0,0,0,0,0,0,0,0,0,0,0,0,0,0,0,0,0,0,0,0.0,0.0,0.0,0.0,0.0,0.0,snapshot,,,,,,,/home/runner/work/Solana-Memecoin-Analysis/Solana-Memecoin-Analysis/data/cache/2026-10-05/000614374099_multi_pools_94a4cfb067f8.json,2
2026-10-05T00:02:58.856965+00:00,8kKjouxQMutsqGAvhLTkmyt3zaWcEgNMQ6zYgnWHgbdb,solana,Pump.fun,7PJucQ8AtRqpyJfJ4xKY73GoPkHcGtEUXFRn9UiJpump,stockla,So11111111111111111111111111111111111111112,SOL,2026-10-03T14:50:59Z,3.742682391492047e-06,3477.751831,,3012.913,119.61738049460844,,,0.0,0.0,0.0,0.0,0.0,0.0,0,0,0,0,0,0,0,0,0,0,0,0,0,0,0,0,0,0,0,0,0,0,0,0,0.0,0.0,0.0,0.0,0.0,0.0,snapshot,,,,,,,/home/runner/work/Solana-Memecoin-Analysis/Solana-Memecoin-Analysis/data/cache/2026-10-05/000614374099_multi_pools_94a4cfb067f8.json,2
2026-10-05T00:02:58.856965+00:00,G5hQJNh1b74gstEWj14sBkZgt8W9K3i6uX8rLDzsVmZq,solana,Pump.fun,FFaxf8SLa5YSmSgo7Ln98QrEvffTGqVtsTzoxAVtpump,BOO,So11111111111111111111111111111111111111112,SOL,2026-10-03T14:50:56Z,3.35058422137168e-06,3350.584221,,2695.584,119.69234102532265,100.0,,0.0,0.0,0.0,0.0,0.0,0.0,0,0,0,0,0,0,0,0,0,0,0,0,0,0,0,0,0,0,0,0,0,0,0,0,0.0,0.0,0.0,0.0,0.0,0.0,snapshot,,,,,,,/home/runner/work/Solana-Memecoin-Analysis/Solana-Memecoin-Analysis/data/cache/2026-10-05/000614374099_multi_pools_94a4cfb067f8.json,2
2026-10-05T00:02:58.856965+00:00,8DAq2Rw6C7gvt4btSz6yVzwUpbFWnuHzvJPFA7SSQrPz,solana,Pump.fun,CLjtXtmT6cwe5WEgvB5Cd8Fbmacuktmhe6yeJqsYpump,BPCATE,So11111111111111111111111111111111111111112,SOL,2026-10-03T14:50:52Z,4.5010289819676323e-07,900.2057964,,394.6093,119.67349500227358,,,0.0,0.0,0.0,0.0,0.0,0.0,0,0,0,0,0,0,0,0,0,0,0,0,0,0,0,0,0,0,0,0,0,0,0,0,0.0,0.0,0.0,0.0,0.0,0.0,snapshot,,,,,,,/home/runner/work/Solana-Memecoin-Analysis/Solana-Memecoin-Analysis/data/cache/2026-10-05/000614374099_multi_pools_94a4cfb067f8.json,2
2026-10-05T00:02:58.856965+00:00,HxLgxAf78tGJ5giYWJjvFWf3kqzYxjCfxo8E8zv1uJi1,solana,Meteora DAMM V2,Eh9NF48VbmmdBb2k7tpMErYjHWWbwXAw1YZD2AtQpngT,GG,So11111111111111111111111111111111111111112,SOL,2026-10-03T14:50:46Z,7.618089510849011e-10,0.6344974697,,1.1899,121.23497164447834,,,0.0,0.0,0.0,0.0,0.0,0.07054566012,0,0,0,0,0,0,0,0,0,0,0,0,0,0,0,0,0,0,0,0,0,1,0,1,0.0,0.0,0.0,0.0,0.0,0.0,snapshot,,,,,,,/home/runner/work/Solana-Memecoin-Analysis/Solana-Memecoin-Analysis/data/cache/2026-10-05/000614374099_multi_pools_94a4cfb067f8.json,2
2026-10-05T00:02:58.856965+00:00,74fWzehNkDj2QAMKLURuoA5rE4pw8Vu3yk84dfNzj7tZ,solana,Pump.fun,Ca39MN9oXU55cczxiDd1YMWGvBYSctAV3zrQpz6ppump,beer,So11111111111111111111111111111111111111112,SOL,2026-10-03T14:50:44Z,2.2537878875734046e-06,4507.575776,,1829.5708,119.69234102532265,,,0.0,0.0,0.0,0.0,0.0,0.0,0,0,0,0,0,0,0,0,0,0,0,0,0,0,0,0,0,0,0,0,0,0,0,0,0.0,0.0,0.0,0.0,0.0,0.0,snapshot,,,,,,,/home/runner/work/Solana-Memecoin-Analysis/Solana-Memecoin-Analysis/data/cache/2026-10-05/000614374099_multi_pools_94a4cfb067f8.json,2
2026-10-05T00:02:58.856965+00:00,6iztbuYYiRMaEvq2hmtgab5wy7AA1jrTVjfwND7HcJxf,solana,Pump.fun,95ZpJmzc5gsGAqGvspReUi4qtecn3Kcq1Dm4EcGHfXbZ,ANEW,So11111111111111111111111111111111111111112,SOL,2026-10-03T14:59:47Z,3.348299217508466e-06,3348.299218,,2695.9969,119.59248105102448,,,0.0,0.0,0.0,0.0,0.0,0.0,0,0,0,0,0,0,0,0,0,0,0,0,0,0,0,0,0,0,0,0,0,0,0,0,0.0,0.0,0.0,0.0,0.0,0.0,snapshot,,,,,,,/home/runner/work/Solana-Memecoin-Analysis/Solana-Memecoin-Analysis/data/cache/2026-10-05/000614374099_multi_pools_94a4cfb067f8.json,2
2026-10-05T00:02:58.856965+00:00,AkY93J3RgHmsCJgpr3qD5NTtUBgCQWtqvVJomQ6ssp4G,solana,Pump.fun,2vn9mf7qPfzEzGio5mHzC5YPJk7V3ZUA84eDttKQpump,h0st,So11111111111111111111111111111111111111112,SOL,2026-10-03T14:59:46Z,3.395758604784045e-06,3395.758605,,2694.8677,121.33804744234,100.0,,0.0,0.0,0.0,0.0,0.0,0.1778232139,0,0,0,0,0,0,0,0,0,0,0,0,0,0,0,0,0,0,0,0,0,1,0,1,0.0,0.0,0.0,0.0,0.0,0.0,snapshot,,,,,,,/home/runner/work/Solana-Memecoin-Analysis/Solana-Memecoin-Analysis/data/cache/2026-10-05/000614374099_multi_pools_94a4cfb067f8.json,2
2026-10-05T00:02:58.856965+00:00,AeuXBhVRmCXVnc9k1WJamne3k4xB8NqbyekBEq3Rrc6o,solana,Pump.fun,FJdCMYChWRUXqddHaxVX98epz6kFFS9bwxxahXJEpump,FAIR,So11111111111111111111111111111111111111112,SOL,2026-10-03T14:59:46Z,3.4751555480229346e-06,3608.717167,,2903.1179,119.69806746903548,,,0.0,0.0,0.0,0.0,0.0,0.0,0,0,0,0,0,0,0,0,0,0,0,0,0,0,0,0,0,0,0,0,0,0,0,0,0.0,0.0,0.0,0.0,0.0,0.0,snapshot,,,,,,,/home/runner/work/Solana-Memecoin-Analysis/Solana-Memecoin-Analysis/data/cache/2026-10-05/000614374099_multi_pools_94a4cfb067f8.json,2
2026-10-05T00:02:58.856965+00:00,8pU7J2KGgUEqw5c2rejbN1Q5oDKVnEVi63qz38uBVc3o,solana,Meteora DAMM V2,87HaYAknYA5zLZ3H2Hy4qrgG4CWSfJWbmBBRzFfzSRb3,USELESS,So11111111111111111111111111111111111111112,SOL,2026-10-03T14:59:34Z,5.511318851461639e-10,0.5510767728,,1.0563,119.56136949883796,,,0.0,0.0,0.0,0.0,0.0,0.0,0,0,0,0,0,0,0,0,0,0,0,0,0,0,0,0,0,0,0,0,0,0,0,0,0.0,0.0,0.0,0.0,0.0,0.0,snapshot,,,,,,,/home/runner/work/Solana-Memecoin-Analysis/Solana-Memecoin-Analysis/data/cache/2026-10-05/000614374099_multi_pools_94a4cfb067f8.json,2
2026-10-05T00:02:58.856965+00:00,GMam576BeHefdazcZe18maFKrwUER2QgnggPXKrsF5uy,solana,Meteora DBC,rrn6yatADrCcLiFCeQSXiLuu1aKhZnPnVq6AdCck6bQ,Catana,So11111111111111111111111111111111111111112,SOL,2026-10-03T15:08:57Z,5.383868728463281e-11,0.05383858548,,0.0,119.61159615237935,,,0.0,0.0,0.0,0.0,0.0,0.0,0,0,0,0,0,0,0,0,0,0,0,0,0,0,0,0,0,0,0,0,0,0,0,0,0.0,0.0,0.0,0.0,0.0,0.0,snapshot,,,,,,,/home/runner/work/Solana-Memecoin-Analysis/Solana-Memecoin-Analysis/data/cache/2026-10-05/000614374099_multi_pools_94a4cfb067f8.json,2
2026-10-05T00:02:58.856965+00:00,HndLN5BzE1dNJiGF7K5JN8o5KnDNQViZkJjCnhRSg2M4,solana,Meteora DAMM V2,FVxkrKRmRTU2SZYe4m9VA8AmHRSa28foJrVm5rY8xXZS,AI,So11111111111111111111111111111111111111112,SOL,2026-10-03T15:08:52Z,0.00014416611886204094,144166.1189,,0.000194879914650261,119.48426313246766,,,0.0,0.0,0.0,0.0,0.0,0.0,0,0,0,0,0,0,0,0,0,0,0,0,0,0,0,0,0,0,0,0,0,0,0,0,0.0,0.0,0.0,0.0,0.0,0.0,snapshot,,,,,,,/home/runner/work/Solana-Memecoin-Analysis/Solana-Memecoin-Analysis/data/cache/2026-10-05/000614374099_multi_pools_94a4cfb067f8.json,2
2026-10-05T00:02:58.856965+00:00,FDoAYWqaWxxiPKyXwqZWHQKLkgukHrrZuoJsGX98zBPk,solana,Pump.fun,FcxhBCP6gDqbFREBHnXfogk9KRbxuwdemxahh7jFpump,$AURA,So11111111111111111111111111111111111111112,SOL,2026-10-03T15:08:46Z,3.4913933715035796e-06,11765.745532,,4609.4252,119.61144413991008,100.0,,0.0,0.0,0.0,0.0,0.0,0.0,0,0,0,0,0,0,0,0,0,0,0,0,0,0,0,0,0,0,0,0,0,0,0,0,0.0,0.0,0.0,0.0,0.0,0.0,snapshot,,,,,,,/home/runner/work/Solana-Memecoin-Analysis/Solana-Memecoin-Analysis/data/cache/2026-10-05/000614374099_multi_pools_94a4cfb067f8.json,2
2026-10-05T00:02:58.856965+00:00,86EVwtydUyAD9DNLKdu4bUFwaUX3XFkmKWYA8S4c3tdp,solana,Pump.fun,98GGz1dC9nqRurWwbwVXczYa6ifb8vLfTwLAqTjpump,Troll,So11111111111111111111111111111111111111112,SOL,2026-10-03T15:08:38Z,1.918238432608232e-05,38364.76866,,14045.0148,119.5764649258912,,,0.0,0.0,0.0,0.0,0.0,0.0,0,0,0,0,0,0,0,0,0,0,0,0,0,0,0,0,0,0,0,0,0,0,0,0,0.0,0.0,0.0,0.0,0.0,0.0,snapshot,,,,,,,/home/runner/work/Solana-Memecoin-Analysis/Solana-Memecoin-Analysis/data/cache/2026-10-05/000614374099_multi_pools_94a4cfb067f8.json,2
2026-10-05T00:02:58.856965+00:00,86oGfELNnZ4iSKWevUvYgvT1qeEEf1wxASTt5Jw5AvN5,solana,Pump.fun,8i5sXjAwW7aZN1j3N42Zb3sJ43USuyQ1ggQN8MFdpump,CFK,So11111111111111111111111111111111111111112,SOL,2026-10-03T15:16:26Z,3.3451390596340676e-06,3345.13906,,2696.9085,119.51388569655224,,,0.0,0.0,0.0,0.0,0.0,0.0,0,0,0,0,0,0,0,0,0,0,0,0,0,0,0,0,0,0,0,0,0,0,0,0,0.0,0.0,0.0,0.0,0.0,0.0,snapshot,,,,,,,/home/runner/work/Solana-Memecoin-Analysis/Solana-Memecoin-Analysis/data/cache/2026-10-05/000614374099_multi_pools_94a4cfb067f8.json,2
2026-10-05T00:02:58.856965+00:00,nxXaSgFW698awfVDz8TXHwyWK4o7BYoe9pZsd7xAetV,solana,Pump.fun,AZg9tWGxdpJErskFiKyn1ff7ZkcG1RaDg2V9SLz5pump,PUMPKINCAT,So11111111111111111111111111111111111111112,SOL,2026-10-03T15:16:24Z,3.3575698446514426e-06,3357.569845,,2708.0249,119.46549043753889,,,0.0,0.0,0.0,0.0,0.0,0.0,0,0,0,0,0,0,0,0,0,0,0,0,0,0,0,0,0,0,0,0,0,0,0,0,0.0,0.0,0.0,0.0,0.0,0.0,snapshot,,,,,,,/home/runner/work/Solana-Memecoin-Analysis/Solana-Memecoin-Analysis/data/cache/2026-10-05/000614374099_multi_pools_94a4cfb067f8.json,2
2026-10-05T00:02:58.856965+00:00,CBePDpr9N8pswcPNPaN4vbGxSZ43YWUCCYEsE3NHieXP,solana,Pump.fun,Gm5DgMebz6E7C96KZoDbwmCwhgrNCtybYUjE5PoCDhLj,RAMP,So11111111111111111111111111111111111111112,SOL,2026-10-03T15:16:24Z,3.5961410732026577e-06,3596.141073,,2898.2426,119.55645411107558,100.0,,0.0,0.0,0.0,0.0,0.0,0.0,0,0,0,0,0,0,0,0,0,0,0,0,0,0,0,0,0,0,0,0,0,0,0,0,0.0,0.0,0.0,0.0,0.0,0.0,snapshot,,,,,,,/home/runner/work/Solana-Memecoin-Analysis/Solana-Memecoin-Analysis/data/cache/2026-10-05/000614374099_multi_pools_94a4cfb067f8.json,2
2026-10-05T00:02:58.856965+00:00,4R3wxr73hCUwZiFK8E8PXU9RzQLTHHYJL3Mv5NV1y842,solana,PumpSwap,AW7xdc8qXMzq3uZaAHDEd29MpHJTbNG1N3XJzBkYpump,SUKI,So11111111111111111111111111111111111111112,SOL,2026-10-03T15:16:22Z,2.259542491917088e-06,2247.6033225255,,2347.3211,121.7907046242135,100.0,,0.0,0.0,0.0,0.0,0.0,0.1636380344,0,0,0,0,0,0,0,0,0,0,0,0,0,0,0,0,0,0,0,0,0,2,0,2,0.0,0.0,0.0,0.0,0.0,1.068,snapshot,,,,,,,/home/runner/work/Solana-Memecoin-Analysis/Solana-Memecoin-Analysis/data/cache/2026-10-05/000614374099_multi_pools_94a4cfb067f8.json,2
2026-10-05T00:02:58.856965+00:00,J2xnkiDSje8bJKxXXPUF4KU1uk35fvcV9LfVfmvpYGgW,solana,PumpSwap,FqXmaEScjPhHjmjShPDaCbYWoiUtjmJoubFCSLNJpump,help,So11111111111111111111111111111111111111112,SOL,2026-10-03T15:16:19Z,5.5188223571166435e-09,11.037644714,,8.966,119.53043017700637,100.0,,0.0,0.0,0.0,0.0,0.0,0.0,0,0,0,0,0,0,0,0,0,0,0,0,0,0,0,0,0,0,0,0,0,0,0,0,0.0,0.0,0.0,0.0,0.0,0.0,snapshot,,,,,,,/home/runner/work/Solana-Memecoin-Analysis/Solana-Memecoin-Analysis/data/cache/2026-10-05/000614374099_multi_pools_94a4cfb067f8.json,2
2026-10-05T00:02:58.856965+00:00,2rSjjNdRTqx1fPUEhQwJ3Ko5BH7DAGQbv9hChPDfSGyn,solana,Meteora DAMM V2,4WQSriaWKeiJCs5UYbL8hMWQDQVQzHDGNaJ6BWD1uaAd,26259,So11111111111111111111111111111111111111112,SOL,2026-10-03T15:16:09Z,5.878298765988252e-08,29.5138868417,,1.19464816792497e-07,119.46518688766179,,,0.0,0.0,0.0,0.0,0.0,0.0,0,0,0,0,0,0,0,0,0,0,0,0,0,0,0,0,0,0,0,0,0,0,0,0,0.0,0.0,0.0,0.0,0.0,0.0,snapshot,,,,,,,/home/runner/work/Solana-Memecoin-Analysis/Solana-Memecoin-Analysis/data/cache/2026-10-05/000614374099_multi_pools_94a4cfb067f8.json,2
2026-10-05T00:02:58.856965+00:00,EmKw5rngoY2TcMCwVJVFg8BQywehAE6A3WajaKJXx4Yg,solana,Pump.fun,4JNKMKvQcNYeJfqWowXWsm6bXibeYRnFFGM2x3E9pump,uinhim,So11111111111111111111111111111111111111112,SOL,2026-10-03T15:25:45Z,1.1824751688518433e-06,2364.950338,,954.2234,119.50152899548925,100.0,,0.0,0.0,0.0,0.0,0.0,0.0,0,0,0,0,0,0,0,0,0,0,0,0,0,0,0,0,0,0,0,0,0,0,0,0,0.0,0.0,0.0,0.0,0.0,0.0,snapshot,,,,,,,/home/runner/work/Solana-Memecoin-Analysis/Solana-Memecoin-Analysis/data/cache/2026-10-05/000614374099_multi_pools_94a4cfb067f8.json,2
2026-10-05T00:02:58.856965+00:00,AfgVJAfzvPqpbYZsta3wL2Hg1D1rfYuaGKYckAzRvvWf,solana,Pump.fun,76zcikdGNa8v1hKHgc8f8p9a489Si7v6ZCFthVY7vkxH,gogovota,So11111111111111111111111111111111111111112,SOL,2026-10-03T15:25:39Z,3.343434678433009e-06,3343.434678,,2692.8037,119.56047060771641,100.0,,0.0,0.0,0.0,0.0,0.0,0.0,0,0,0,0,0,0,0,0,0,0,0,0,0,0,0,0,0,0,0,0,0,0,0,0,0.0,0.0,0.0,0.0,0.0,0.0,snapshot,,,,,,,/home/runner/work/Solana-Memecoin-Analysis/Solana-Memecoin-Analysis/data/cache/2026-10-05/000614374099_multi_pools_94a4cfb067f8.json,2
2026-10-05T00:02:58.856965+00:00,DQ9xWHgRVYjRgmMVnvLtnCLhPPkfnygcXi7pmbTtce2R,solana,Pump.fun,G8mMTYArptPdqk1YWheXcZsZF25nBDRjcjR2Dcrkpump,SuanLi,So11111111111111111111111111111111111111112,SOL,2026-10-03T15:25:37Z,3.4527827209214674e-06,3452.782721,,2782.2376,119.50166161693258,100.0,,0.0,0.0,0.0,0.0,0.0,0.0,0,0,0,0,0,0,0,0,0,0,0,0,0,0,0,0,0,0,0,0,0,0,0,0,0.0,0.0,0.0,0.0,0.0,0.0,snapshot,,,,,,,/home/runner/work/Solana-Memecoin-Analysis/Solana-Memecoin-Analysis/data/cache/2026-10-05/000614374099_multi_pools_94a4cfb067f8.json,2
2026-10-05T00:02:58.856965+00:00,9EstqHJ6dLgvGjqzvXLv3QtUupFwxzfPFCSifW3TmKd4,solana,Pump.fun,C9ctd76SpGL557fJR3XpNNEHJGYpW4TVDiPbAh8sDZnG,SLEMBOSSI,So11111111111111111111111111111111111111112,SOL,2026-10-03T15:25:31Z,3.3747001112008363e-06,3374.700111,,2718.8713,119.52131653517988,,,0.0,0.0,0.0,0.0,0.0,0.0,0,0,0,0,0,0,0,0,0,0,0,0,0,0,0,0,0,0,0,0,0,0,0,0,0.0,0.0,0.0,0.0,0.0,0.0,snapshot,,,,,,,/home/runner/work/Solana-Memecoin-Analysis/Solana-Memecoin-Analysis/data/cache/2026-10-05/000629491212_multi_pools_1da155efa022.json,2
2026-10-05T00:02:58.856965+00:00,8cXxxnaoxQT6iZqSeg782ijoMRYQufiZt9vvLhS57Tj9,solana,Pump.fun,5suo18g2AeG1PUizLjUVssJwJjH9HN4CZFrJr3aezZpw,NGU,So11111111111111111111111111111111111111112,SOL,2026-10-03T15:25:28Z,3.3770778133436397e-06,3377.077813,,2714.4033,119.79951883115166,100.0,,0.0,0.0,0.0,0.0,0.0,0.0,0,0,0,0,0,0,0,0,0,0,0,0,0,0,0,0,0,0,0,0,0,0,0,0,0.0,0.0,0.0,0.0,0.0,0.0,snapshot,,,,,,,/home/runner/work/Solana-Memecoin-Analysis/Solana-Memecoin-Analysis/data/cache/2026-10-05/000629491212_multi_pools_1da155efa022.json,2
2026-10-05T00:02:58.856965+00:00,6obqTwd8CgWiQaksc6cPHfBirgiXhaEdyHTCtkNWXBuY,solana,Pump.fun,2rXaD5CjrKXAMoiP33RMjK31L7reKg1HFsbRfQ9Lpump,Butt,So11111111111111111111111111111111111111112,SOL,2026-10-03T15:25:27Z,1.795630436141438e-07,359.1260872,,149.7648,119.4260917971518,,,0.0,0.0,0.0,0.0,0.0,0.0,0,0,0,0,0,0,0,0,0,0,0,0,0,0,0,0,0,0,0,0,0,0,0,0,0.0,0.0,0.0,0.0,0.0,0.0,snapshot,,,,,,,/home/runner/work/Solana-Memecoin-Analysis/Solana-Memecoin-Analysis/data/cache/2026-10-05/000629491212_multi_pools_1da155efa022.json,2
2026-10-05T00:02:58.856965+00:00,GhjRg8hQXe65Ry61951MKTjvAzKPoTCeJYBgoFXwjwMN,solana,Pump.fun,GbHdLtB4zPwU4bhUySGsX8fSZFZa6CYNb5zsyVy6pump,$FROINK,So11111111111111111111111111111111111111112,SOL,2026-10-03T15:25:25Z,5.36912563633685e-09,10.738251272,,9.7374,120.07409012068229,,,0.0,0.0,0.0,0.0,0.0,0.02342237246,0,0,0,0,0,0,0,0,0,0,0,0,0,0,0,0,0,0,0,0,0,1,0,1,0.0,0.0,0.0,0.0,0.0,0.0,snapshot,,,,,,,/home/runner/work/Solana-Memecoin-Analysis/Solana-Memecoin-Analysis/data/cache/2026-10-05/000629491212_multi_pools_1da155efa022.json,2
2026-10-05T00:02:58.856965+00:00,BGUq3X32Y5hDeyYF4sQ3LBmPbkMusHPtAn6x1iLXbaXo,solana,PumpSwap,FUHwYHw31mUFAa9UgTPYPx1dxG5a4xEDnCQ7wK2Gpump,Poop,So11111111111111111111111111111111111111112,SOL,2026-10-03T15:25:22Z,6.272145810099809e-05,62721.4581,,6.33085242356358e-07,119.45150141896964,100.0,,0.0,0.0,0.0,0.0,0.0,0.0,0,0,0,0,0,0,0,0,0,0,0,0,0,0,0,0,0,0,0,0,0,0,0,0,0.0,0.0,0.0,0.0,0.0,0.0,snapshot,,,,,,,/home/runner/work/Solana-Memecoin-Analysis/Solana-Memecoin-Analysis/data/cache/2026-10-05/000629491212_multi_pools_1da155efa022.json,2
2026-10-05T00:02:58.856965+00:00,9tn34chcDMZ2FWfmfAbgi4ADPgSsG1YNdsuMpRvVY6eK,solana,Meteora DBC,FUHwYHw31mUFAa9UgTPYPx1dxG5a4xEDnCQ7wK2Gpump,Poop,So11111111111111111111111111111111111111112,SOL,2026-10-03T15:25:19Z,5.428525741569413e-12,0.005428525742,,0.0,119.42754894374033,,,0.0,0.0,0.0,0.0,0.0,0.0,0,0,0,0,0,0,0,0,0,0,0,0,0,0,0,0,0,0,0,0,0,0,0,0,0.0,0.0,0.0,0.0,0.0,0.0,snapshot,,,,,,,/home/runner/work/Solana-Memecoin-Analysis/Solana-Memecoin-Analysis/data/cache/2026-10-05/000629491212_multi_pools_1da155efa022.json,2
2026-10-05T00:02:58.856965+00:00,91Kepk9Gn9XoTST9a2Pu3i7Q3p1mTqP4sxL8dzC8SwDM,solana,Pump.fun,HkFfhfTRzfh6pW1UP8s8daRfV3yxCz6BhQDA4jQxXPc8,BUCK,So11111111111111111111111111111111111111112,SOL,2026-10-03T15:34:23Z,3.3414352251463873e-06,3341.435225,,2694.9646,119.46787149016102,100.0,,0.0,0.0,0.0,0.0,0.0,0.0,0,0,0,0,0,0,0,0,0,0,0,0,0,0,0,0,0,0,0,0,0,0,0,0,0.0,0.0,0.0,0.0,0.0,0.0,snapshot,,,,,,,/home/runner/work/Solana-Memecoin-Analysis/Solana-Memecoin-Analysis/data/cache/2026-10-05/000629491212_multi_pools_1da155efa022.json,2
2026-10-05T00:02:58.856965+00:00,Go56of4hbQjLoAni52LUD1MwUAwhYXs4DDhovhJUXmWj,solana,Pump.fun,6tV46qVMS8J6Uh2bnuXr3om2Ze9HnX1fRihcFvsUpump,WKP,So11111111111111111111111111111111111111112,SOL,2026-10-03T15:34:20Z,6.87910159472075e-07,1375.820319,,557.0221,119.39507776889323,,,0.0,0.0,0.0,0.0,0.0,0.0,0,0,0,0,0,0,0,0,0,0,0,0,0,0,0,0,0,0,0,0,0,0,0,0,0.0,0.0,0.0,0.0,0.0,0.0,snapshot,,,,,,,/home/runner/work/Solana-Memecoin-Analysis/Solana-Memecoin-Analysis/data/cache/2026-10-05/000629491212_multi_pools_1da155efa022.json,2
2026-10-05T00:02:58.856965+00:00,GL9p9M2moVfmCjP4JjZvtP7bjM7GGJ9e9JtMdLJJSWxz,solana,Pump.fun,mtnQLBfS5BvZ3WeAyVVp7ZwUs1YvDEAwrrhh9ddpump,RUCK,So11111111111111111111111111111111111111112,SOL,2026-10-03T15:34:19Z,3.4012004481200395e-06,3401.200448,,2743.7066,119.44419925843584,,,0.0,0.0,0.0,0.0,0.0,0.0,0,0,0,0,0,0,0,0,0,0,0,0,0,0,0,0,0,0,0,0,0,0,0,0,0.0,0.0,0.0,0.0,0.0,0.0,snapshot,,,,,,,/home/runner/work/Solana-Memecoin-Analysis/Solana-Memecoin-Analysis/data/cache/2026-10-05/000629491212_multi_pools_1da155efa022.json,2
2026-10-05T00:02:58.856965+00:00,HZA6Ntg3P6fMyMJL4AQc4wV4D5EFdFTxunD9QidrHYbq,solana,Pump.fun,A7WfrwumtXLewvtKWxFUfb6e1N8dAFR1K4kAVzDvWA4P,VIRAL ASF,So11111111111111111111111111111111111111112,SOL,2026-10-03T15:34:11Z,3.34391339000025e-06,3343.91339,,2694.0534,119.59664902675986,,,0.0,0.0,0.0,0.0,0.0,0.0,0,0,0,0,0,0,0,0,0,0,0,0,0,0,0,0,0,0,0,0,0,0,0,0,0.0,0.0,0.0,0.0,0.0,0.0,snapshot,,,,,,,/home/runner/work/Solana-Memecoin-Analysis/Solana-Memecoin-Analysis/data/cache/2026-10-05/000629491212_multi_pools_1da155efa022.json,2
2026-10-05T00:02:58.856965+00:00,5VVfCrX5qSdLTA2i4a6v6rr3q7nEzyvhxu82u3kX1KKi,solana,Pump.fun,G8Ukntxv8STQhYBhx1yxck85haQXsYCQWum95Fj3pump,NIGA,So11111111111111111111111111111111111111112,SOL,2026-10-03T15:34:05Z,3.428464971611235e-06,3428.464972,,2765.0768,119.4710756672948,,,0.0,0.0,0.0,0.0,0.0,0.0,0,0,0,0,0,0,0,0,0,0,0,0,0,0,0,0,0,0,0,0,0,0,0,0,0.0,0.0,0.0,0.0,0.0,0.0,snapshot,,,,,,,/home/runner/work/Solana-Memecoin-Analysis/Solana-Memecoin-Analysis/data/cache/2026-10-05/000629491212_multi_pools_1da155efa022.json,2
2026-10-05T00:02:58.856965+00:00,9bHRQq8u6YrjyfrxQyGkanSk8hEcfCmLm9cd4uiTa8R6,solana,Pump.fun,BC9a7RTY2pMUFEqsEt7X6NCnFZFbT7HBYEb88kHDA7ma,RATWIZARD,So11111111111111111111111111111111111111112,SOL,2026-10-03T15:34:01Z,3.9170002810262205e-07,783.4000562,,396.4723,119.39617401730276,,,0.0,0.0,0.0,0.0,0.0,0.0,0,0,0,0,0,0,0,0,0,0,0,0,0,0,0,0,0,0,0,0,0,0,0,0,0.0,0.0,0.0,0.0,0.0,0.0,snapshot,,,,,,,/home/runner/work/Solana-Memecoin-Analysis/Solana-Memecoin-Analysis/data/cache/2026-10-05/000629491212_multi_pools_1da155efa022.json,2
2026-10-05T00:02:58.856965+00:00,DvUA3V7nSAUHvHS7JNcGwfqqmQatM2UbM1b49k1YdN4m,solana,PumpSwap,3eMVbLZndiVZc4kPvLwUs4wdW1ChQ9R47seZv3Jppump,$MAIGA,So11111111111111111111111111111111111111112,SOL,2026-10-03T15:44:10Z,7.83306936893817e-07,1566.6138738,,43.2663,121.61611514269434,100.0,,0.0,0.0,0.0,6.3244778276,50.6284142089,257.2056595841,0,0,0,0,0,0,0,0,0,0,0,0,2,1,2,1,16,13,9,13,85,52,22,41,0.0,0.0,0.0,-7.31,-21.111,108.411,snapshot,,,,,,,/home/runner/work/Solana-Memecoin-Analysis/Solana-Memecoin-Analysis/data/cache/2026-10-05/000629491212_multi_pools_1da155efa022.json,2
2026-10-05T00:02:58.856965+00:00,GVQfAxseqSzNeJyuF2AbFmCtgiSXKjMcKQcu3BwKFCX8,solana,Pump.fun,4zfUGLdiHoLr7Xq3ENgEkSXeCdekPnof5sopRHKWjdgG,Cody,So11111111111111111111111111111111111111112,SOL,2026-10-03T15:44:02Z,3.402250592574936e-06,3402.250593,,2694.102,121.68118194859285,100.0,,0.0,0.0,0.0,0.0,0.0,0.1806865773,0,0,0,0,0,0,0,0,0,0,0,0,0,0,0,0,0,0,0,0,0,1,0,1,0.0,0.0,0.0,0.0,0.0,0.0,snapshot,,,,,,,/home/runner/work/Solana-Memecoin-Analysis/Solana-Memecoin-Analysis/data/cache/2026-10-05/000629491212_multi_pools_1da155efa022.json,2
2026-10-05T00:02:58.856965+00:00,5BecNxrpffBRjoKqvS3PfmkSkp6CSDGmuNrmgswhzCG7,solana,Pump.fun,8nbukFfypp4qJaDy7fmZ3sNNrHu2SoZEsAWA7Qzov4pu,HHDFFD,So11111111111111111111111111111111111111112,SOL,2026-10-03T15:43:58Z,3.2256478602898945e-06,3225.64786,,2601.5627,119.46831980155683,100.0,,0.0,0.0,0.0,0.0,0.0,0.0,0,0,0,0,0,0,0,0,0,0,0,0,0,0,0,0,0,0,0,0,0,0,0,0,0.0,0.0,0.0,0.0,0.0,0.0,snapshot,,,,,,,/home/runner/work/Solana-Memecoin-Analysis/Solana-Memecoin-Analysis/data/cache/2026-10-05/000629491212_multi_pools_1da155efa022.json,2
2026-10-05T00:02:58.856965+00:00,CGdFUU1Jh9Qvf1ZhbxPe4X3UKDttAXgXahAFxLqv5kW4,solana,Pump.fun,6CyUi9jEU53BLVsk5zGtzjvEFEqDHKiq6P5p3z5cpump,PEPPERONI,So11111111111111111111111111111111111111112,SOL,2026-10-03T15:43:54Z,3.3731903659701588e-06,3373.190366,,2720.5748,119.46784608398205,100.0,,0.0,0.0,0.0,0.0,0.0,0.0,0,0,0,0,0,0,0,0,0,0,0,0,0,0,0,0,0,0,0,0,0,0,0,0,0.0,0.0,0.0,0.0,0.0,0.0,snapshot,,,,,,,/home/runner/work/Solana-Memecoin-Analysis/Solana-Memecoin-Analysis/data/cache/2026-10-05/000629491212_multi_pools_1da155efa022.json,2
2026-10-05T00:02:58.856965+00:00,2w1yZqKhYCo8KUEAEqXLh1oZDqGbu9JQ6qLpxggazFSZ,solana,PumpSwap,DNuSWa6nCjRoTHREpQBxAejEUw51rXkAbknbZgyZ1ETj,CLAUDIA,So11111111111111111111111111111111111111112,SOL,2026-10-03T15:52:02Z,1.3305368860660439e-08,13.3053688733,,0.002418847695,120.09424598305299,100.0,,0.0,0.0,0.0,0.0,0.0,0.01140895337,0,0,0,0,0,0,0,0,0,0,0,0,0,0,0,0,0,0,0,0,2,1,2,1,0.0,0.0,0.0,0.0,0.0,0.0,snapshot,,,,,,,/home/runner/work/Solana-Memecoin-Analysis/Solana-Memecoin-Analysis/data/cache/2026-10-05/000629491212_multi_pools_1da155efa022.json,2
2026-10-05T00:02:58.856965+00:00,AdCF3xhUMYAoDg3NfuaDmFcqiC1YiaHo5h24W8hJUmcX,solana,Meteora DBC,D5iousJw4z7RCt8zMwDNb3vovaMrg96MwLrE3r6cTKSY,T-Sol,So11111111111111111111111111111111111111112,SOL,2026-10-03T15:52:00Z,5.375195885280574e-05,53749.0832965583,,0.0,119.59205608274665,,,0.0,0.0,0.0,0.0,0.0,0.0,0,0,0,0,0,0,0,0,0,0,0,0,0,0,0,0,0,0,0,0,0,0,0,0,0.0,0.0,0.0,0.0,0.0,0.0,snapshot,,,,,,,/home/runner/work/Solana-Memecoin-Analysis/Solana-Memecoin-Analysis/data/cache/2026-10-05/000629491212_multi_pools_1da155efa022.json,2
2026-10-05T00:02:58.856965+00:00,B6QTPbMACCg82J9KPK6qB9NeNdMdMkF5hi9bDHgxJwsG,solana,Pump.fun,AAwBHLmvXv5skK2mW6tjRJpjqtJF6DFHz6Ro12jbpump,FDFDE,So11111111111111111111111111111111111111112,SOL,2026-10-03T15:51:55Z,3.2319663401872278e-06,3231.9663335356,,2601.5722,119.70233734151437,,,0.0,0.0,0.0,0.0,0.0,0.0,0,0,0,0,0,0,0,0,0,0,0,0,0,0,0,0,0,0,0,0,0,0,0,0,0.0,0.0,0.0,0.0,0.0,0.0,snapshot,,,,,,,/home/runner/work/Solana-Memecoin-Analysis/Solana-Memecoin-Analysis/data/cache/2026-10-05/000629491212_multi_pools_1da155efa022.json,2
2026-10-05T00:02:58.856965+00:00,6qYou9vZpZdi5KCPKA1DUYiji6dKLGvWM73QKcU1V8zd,solana,Meteora DBC,EgZpKFPzusmvh7r1K55UX19CuFuPmxdB3R5VjDYmE6Gp,CPU,So11111111111111111111111111111111111111112,SOL,2026-10-03T15:51:54Z,4.778471610519097e-05,47784.71611,,0.0,119.52932457387597,,,0.0,0.0,0.0,0.0,0.0,0.0,0,0,0,0,0,0,0,0,0,0,0,0,0,0,0,0,0,0,0,0,0,0,0,0,0.0,0.0,0.0,0.0,0.0,0.0,snapshot,,,,,,,/home/runner/work/Solana-Memecoin-Analysis/Solana-Memecoin-Analysis/data/cache/2026-10-05/000629491212_multi_pools_1da155efa022.json,2
2026-10-05T00:02:58.856965+00:00,3tZX8U9oaP3Pz6MqinA3cSQ9q1NRNNT5Bb7S6XvZvrv6,solana,Meteora DBC,Gerqc355xCvEfqFiGxdr96P6QH5WcPPc3ZFQFEKJVXPb,COINED,So11111111111111111111111111111111111111112,SOL,2026-10-03T15:51:54Z,3.7509845407329893e-06,3750.984541,,3808.7931,119.66666155549692,,,0.0,0.0,0.0,0.0,0.0,0.0,0,0,0,0,0,0,0,0,0,0,0,0,0,0,0,0,0,0,0,0,0,0,0,0,0.0,0.0,0.0,0.0,0.0,0.0,snapshot,,,,,,,/home/runner/work/Solana-Memecoin-Analysis/Solana-Memecoin-Analysis/data/cache/2026-10-05/000629491212_multi_pools_1da155efa022.json,2
2026-10-05T00:02:58.856965+00:00,2qWF4dn1JnqhCpAYJQnKVaKezzuUiG4xdnbnCSK1Pgcw,solana,PumpSwap,6hTLdzZaaCjmqtn7RtaEMQsCbXT5Pg8q76tRViEGpump,ABU,So11111111111111111111111111111111111111112,SOL,2026-10-02T22:46:57Z,0.0006305087771859247,609079.23347231,609079.701611831,79368.0513,121.41088365470635,100.0,,1014.2859954131,3197.6415162515,10020.0972803717,28618.1609450909,264189.699348692,1030635.19227567,7,12,7,8,27,41,19,25,70,70,49,44,149,186,99,121,1211,1470,536,565,5069,5952,1774,1905,-1.099,-3.471,-11.599,2.065,-1.092,71.453,snapshot,,,,,,,/home/runner/work/Solana-Memecoin-Analysis/Solana-Memecoin-Analysis/data/cache/2026-10-05/000629491212_multi_pools_1da155efa022.json,2
2026-10-05T00:02:58.856965+00:00,GJXuviZUaETcAP3L8M7owB56Ufa8FxVHxFrC75YNKrSC,solana,Meteora DAMM V2,F8p154vb7BzFRJdAtuhtu7n7PQe32m5UGv4Th42tAsGr,T-Sol,So11111111111111111111111111111111111111112,SOL,2026-10-03T15:59:41Z,9.567781830931416e-05,90598.978411198,,0.0002847657558,119.57673194413367,,,0.0,0.0,0.0,0.0,0.0,0.0,0,0,0,0,0,0,0,0,0,0,0,0,0,0,0,0,0,0,0,0,0,0,0,0,0.0,0.0,0.0,0.0,0.0,0.0,snapshot,,,,,,,/home/runner/work/Solana-Memecoin-Analysis/Solana-Memecoin-Analysis/data/cache/2026-10-05/000629491212_multi_pools_1da155efa022.json,2
2026-10-05T00:02:58.856965+00:00,HxB3F94jJuQNJzH9eW1HdtGSx7MZCywVuYLt5FY2abjc,solana,Pump.fun,DfRrz6q7pWEMpj5rdNSgGdAcq7xo6gDF4iLka3XXshEN,test,So11111111111111111111111111111111111111112,SOL,2026-10-03T15:58:42Z,3.344057701691995e-06,3344.057702,,2694.9502,119.56246400280249,,,0.0,0.0,0.0,0.0,0.0,0.0,0,0,0,0,0,0,0,0,0,0,0,0,0,0,0,0,0,0,0,0,0,0,0,0,0.0,0.0,0.0,0.0,0.0,0.0,snapshot,,,,,,,/home/runner/work/Solana-Memecoin-Analysis/Solana-Memecoin-Analysis/data/cache/2026-10-05/000629491212_multi_pools_1da155efa022.json,2
2026-10-05T00:02:58.856965+00:00,41GpLB3ewYaA4qg2vsBxkQsBL6g5YidDMB2m4oaHbahY,solana,Meteora DAMM V2,4Mswwf6JR7SHp237PtNpwtQhsyJMSGyhX9duk16CtDsm,ETH,So11111111111111111111111111111111111111112,SOL,2026-10-03T15:58:37Z,6.284334292679393e-10,0.6284334293,,1.1785,119.65919949200497,100.0,,0.0,0.0,0.0,0.0,0.0,0.0,0,0,0,0,0,0,0,0,0,0,0,0,0,0,0,0,0,0,0,0,0,0,0,0,0.0,0.0,0.0,0.0,0.0,0.0,snapshot,,,,,,,/home/runner/work/Solana-Memecoin-Analysis/Solana-Memecoin-Analysis/data/cache/2026-10-05/000629491212_multi_pools_1da155efa022.json,2
2026-10-05T00:02:58.856965+00:00,AuE2W8x9Wrv6tnNxwEXJ1YPDLzccarnZhLQNeYvsrsLc,solana,Pump.fun,9T66WEMdJjj3cuwJjNQotzLpfStfKtZfupFFEdbnpump,KOSMOS,So11111111111111111111111111111111111111112,SOL,2026-10-03T15:58:36Z,3.3437098052062167e-06,3343.709805,,2694.7315,119.55984136397453,,,0.0,0.0,0.0,0.0,0.0,0.0,0,0,0,0,0,0,0,0,0,0,0,0,0,0,0,0,0,0,0,0,0,0,0,0,0.0,0.0,0.0,0.0,0.0,0.0,snapshot,,,,,,,/home/runner/work/Solana-Memecoin-Analysis/Solana-Memecoin-Analysis/data/cache/2026-10-05/000629491212_multi_pools_1da155efa022.json,2
2026-10-05T00:02:58.856965+00:00,Brx5MD2KqPNfZ9AYWDzQKYqpWcrPL2LSybfmin6WpMAh,solana,Pump.fun,EQjUMsQciTQSKY84guR4PxPRuYQQUakchy3Nw1Qppump,DEX,So11111111111111111111111111111111111111112,SOL,2026-10-03T15:58:30Z,2.3199512342222433e-09,4.639902468,,4.0699,119.95404202329743,,,0.0,0.0,0.0,0.0,0.0,0.0,0,0,0,0,0,0,0,0,0,0,0,0,0,0,0,0,0,0,0,0,0,0,0,0,0.0,0.0,0.0,0.0,0.0,0.0,snapshot,,,,,,,/home/runner/work/Solana-Memecoin-Analysis/Solana-Memecoin-Analysis/data/cache/2026-10-05/000629491212_multi_pools_1da155efa022.json,2
2026-10-05T00:02:58.856965+00:00,7jP79hSyYJxNzykk6bcf197Zmcq2NYCR4MojUnHvBtf3,solana,Meteora DBC,2212P4GUtmxWuuux6xUDd7KzXhvPDkW1TrKJEb3W1joR,DAM,So11111111111111111111111111111111111111112,SOL,2026-10-03T15:58:27Z,3.5606808984748254e-05,35605.5529962019,,32557.2992,119.6354816006021,,,0.0,0.0,0.0,0.0,0.0,0.0,0,0,0,0,0,0,0,0,0,0,0,0,0,0,0,0,0,0,0,0,0,0,0,0,0.0,0.0,0.0,0.0,0.0,0.0,snapshot,,,,,,,/home/runner/work/Solana-Memecoin-Analysis/Solana-Memecoin-Analysis/data/cache/2026-10-05/000629491212_multi_pools_1da155efa022.json,2
2026-10-05T00:02:58.856965+00:00,FBZtUgJankqaZrtd4Xvu4kkFPHvB3rAueCTsjWEiHVww,solana,Pump.fun,AYjuhN4joSYNKYYC5se3VTHsDfLUekT2T7NB7fZNpump,SISST,So11111111111111111111111111111111111111112,SOL,2026-10-03T16:09:58Z,9.093028893764949e-07,1818.6057788,,735.3389,119.51486132881807,100.0,,0.0,0.0,0.0,0.0,0.0,0.0,0,0,0,0,0,0,0,0,0,0,0,0,0,0,0,0,0,0,0,0,0,0,0,0,0.0,0.0,0.0,0.0,0.0,0.0,snapshot,,,,,,,/home/runner/work/Solana-Memecoin-Analysis/Solana-Memecoin-Analysis/data/cache/2026-10-05/000629491212_multi_pools_1da155efa022.json,2
2026-10-05T00:02:58.856965+00:00,7yEtyXhD2eHDbKYx9rfWC5ht3x5aJvrDcWL9coFhddEY,solana,Pump.fun,HGFDocLQuKrZEq7JVUCm6JDrCKNsWp3u7zseqqiLpump,Odyssey,So11111111111111111111111111111111111111112,SOL,2026-10-03T16:09:51Z,1.281640969851996e-05,12764.6401159917,,0.0,119.5771024869183,,,0.0,0.0,0.0,0.0,0.0,0.0,0,0,0,0,0,0,0,0,0,0,0,0,0,0,0,0,0,0,0,0,0,0,0,0,0.0,0.0,0.0,0.0,0.0,0.0,snapshot,,,,,,,/home/runner/work/Solana-Memecoin-Analysis/Solana-Memecoin-Analysis/data/cache/2026-10-05/000629491212_multi_pools_1da155efa022.json,2
2026-10-05T00:02:58.856965+00:00,CgjpUZxVbFRH9uNCq8wT9Y98h8ZomZrKrJDYhTzQQNWh,solana,Pump.fun,4Li8HaFBACxuKHsyG9EWsRPpqX84cofPRCeZTFtqpump,motion,So11111111111111111111111111111111111111112,SOL,2026-10-03T16:09:50Z,3.3442686845361577e-06,3344.268685,,2694.959,119.56997042249189,,,0.0,0.0,0.0,0.0,0.0,0.0,0,0,0,0,0,0,0,0,0,0,0,0,0,0,0,0,0,0,0,0,0,0,0,0,0.0,0.0,0.0,0.0,0.0,0.0,snapshot,,,,,,,/home/runner/work/Solana-Memecoin-Analysis/Solana-Memecoin-Analysis/data/cache/2026-10-05/000644565069_multi_pools_76aa61566d05.json,2
2026-10-05T00:02:58.856965+00:00,4VWUyvLkrSSAwKtg684PkjbcLHdrM6yLDV4aNquR1DWp,solana,Pump.fun,8AurCVkV2hK5KBatGMGCHkwzzLj9oh6JSDWKjwLnpump,vfvfee,So11111111111111111111111111111111111111112,SOL,2026-10-03T16:09:47Z,3.2266015272977146e-06,3226.601527,,2601.5807,119.50364076652546,,,0.0,0.0,0.0,0.0,0.0,0.0,0,0,0,0,0,0,0,0,0,0,0,0,0,0,0,0,0,0,0,0,0,0,0,0,0.0,0.0,0.0,0.0,0.0,0.0,snapshot,,,,,,,/home/runner/work/Solana-Memecoin-Analysis/Solana-Memecoin-Analysis/data/cache/2026-10-05/000644565069_multi_pools_76aa61566d05.json,2
2026-10-05T00:02:58.856965+00:00,EgHdFtNXvYMd9pNe5fqFTjAoY7caUgJdEbFqfGEcc3kT,solana,Pump.fun,E16sGAmT3ytrBvrPrR4mt4K91PorRxqVbg2Na1PJpump,Helpy,So11111111111111111111111111111111111111112,SOL,2026-10-03T16:09:40Z,3.342872173071823e-06,3342.872173,,2694.4642,119.54153395636881,100.0,,0.0,0.0,0.0,0.0,0.0,0.0,0,0,0,0,0,0,0,0,0,0,0,0,0,0,0,0,0,0,0,0,0,0,0,0,0.0,0.0,0.0,0.0,0.0,0.0,snapshot,,,,,,,/home/runner/work/Solana-Memecoin-Analysis/Solana-Memecoin-Analysis/data/cache/2026-10-05/000644565069_multi_pools_76aa61566d05.json,2
2026-10-05T00:02:58.856965+00:00,c9zbqccYjUsveJokTWP8wtEyVLBmCGVbCnarvB4xpv5,solana,Pump.fun,Fwwi5gnYx4XqhDepmKXZKobQGoZhPvRqvEaDVVYypump,OWNED,So11111111111111111111111111111111111111112,SOL,2026-10-03T16:09:38Z,3.3579314397710226e-06,3357.93144,,2705.8082,119.57701777387584,100.0,,0.0,0.0,0.0,0.0,0.0,0.0,0,0,0,0,0,0,0,0,0,0,0,0,0,0,0,0,0,0,0,0,0,0,0,0,0.0,0.0,0.0,0.0,0.0,0.0,snapshot,,,,,,,/home/runner/work/Solana-Memecoin-Analysis/Solana-Memecoin-Analysis/data/cache/2026-10-05/000644565069_multi_pools_76aa61566d05.json,2
2026-10-05T00:02:58.856965+00:00,14keJehndfsU94CCA8bZ7Q8yQcL3zqYdvobnsVRJv47S,solana,Pump.fun,GBhVd6cD7kVen4shwkpRfNVZ9MQ16uJ96ePbJ5qFpump,speedrun,So11111111111111111111111111111111111111112,SOL,2026-10-03T16:19:24Z,1.8748669647300024e-05,33756.75642,,14919.3277,119.48530383988066,100.0,,0.0,0.0,0.0,0.0,0.0,0.0,0,0,0,0,0,0,0,0,0,0,0,0,0,0,0,0,0,0,0,0,0,0,0,0,0.0,0.0,0.0,0.0,0.0,0.0,snapshot,,,,,,,/home/runner/work/Solana-Memecoin-Analysis/Solana-Memecoin-Analysis/data/cache/2026-10-05/000644565069_multi_pools_76aa61566d05.json,2
2026-10-05T00:02:58.856965+00:00,3xq46fcnLD5En2GTTU8YJjeQNT8hcdDkn13HQrhZkGL5,solana,Pump.fun,BebwXtnYZ9CfgMkf8AproWU3Vj7CwVLgW4hht5JYpump,KALCODE,So11111111111111111111111111111111111111112,SOL,2026-10-03T16:19:17Z,3.3425408793570734e-06,3342.540879,,2694.2212,119.54083011417568,,,0.0,0.0,0.0,0.0,0.0,0.0,0,0,0,0,0,0,0,0,0,0,0,0,0,0,0,0,0,0,0,0,0,0,0,0,0.0,0.0,0.0,0.0,0.0,0.0,snapshot,,,,,,,/home/runner/work/Solana-Memecoin-Analysis/Solana-Memecoin-Analysis/data/cache/2026-10-05/000644565069_multi_pools_76aa61566d05.json,2
2026-10-05T00:02:58.856965+00:00,8wnmooifmkyudxbGJDf4TNyy5Tq5SVvUMKnkAwNPtKWJ,solana,Pump.fun,Ec77UoSWgCQUp8YYGaF2xWev9qSoPvU551btRBsXpump,PEPPYSEA,So11111111111111111111111111111111111111112,SOL,2026-10-03T16:19:11Z,3.3600920691295547e-06,3360.092069,,2707.9983,119.55678654599743,100.0,,0.0,0.0,0.0,0.0,0.0,0.0,0,0,0,0,0,0,0,0,0,0,0,0,0,0,0,0,0,0,0,0,0,0,0,0,0.0,0.0,0.0,0.0,0.0,0.0,snapshot,,,,,,,/home/runner/work/Solana-Memecoin-Analysis/Solana-Memecoin-Analysis/data/cache/2026-10-05/000644565069_multi_pools_76aa61566d05.json,2
2026-10-05T00:02:58.856965+00:00,CFUGVp3gGtgnyqWGAfEMQ8bST8MKxQMAG5aauimbNNUz,solana,Pump.fun,815y6UG5kPgwaFYH7gGAWQwwDsVKqUcQfHW3buxpump,dollone,So11111111111111111111111111111111111111112,SOL,2026-10-03T16:19:08Z,3.3546841472079483e-06,3354.684147,,2705.4834,119.4755421534605,,,0.0,0.0,0.0,0.0,0.0,0.0,0,0,0,0,0,0,0,0,0,0,0,0,0,0,0,0,0,0,0,0,0,0,0,0,0.0,0.0,0.0,0.0,0.0,0.0,snapshot,,,,,,,/home/runner/work/Solana-Memecoin-Analysis/Solana-Memecoin-Analysis/data/cache/2026-10-05/000644565069_multi_pools_76aa61566d05.json,2
2026-10-05T00:02:58.856965+00:00,FrBoLcbt6JVwBqFb3sfwDmTEHfwyHXFWHjYRwvREJCzg,solana,Pump.fun,BNDUKEsP5xd9cwq71Dtv1YzRSPWqTpFnPb7grbQDpump,COOL,So11111111111111111111111111111111111111112,SOL,2026-10-03T16:18:55Z,9.53618785274399e-06,19099.138694,,7395.4982,119.56003846003757,100.0,,0.0,0.0,0.0,0.0,0.0,0.0,0,0,0,0,0,0,0,0,0,0,0,0,0,0,0,0,0,0,0,0,0,0,0,0,0.0,0.0,0.0,0.0,0.0,0.0,snapshot,,,,,,,/home/runner/work/Solana-Memecoin-Analysis/Solana-Memecoin-Analysis/data/cache/2026-10-05/000644565069_multi_pools_76aa61566d05.json,2
2026-10-05T00:02:58.856965+00:00,CGBhf9YWioYaKpZs2EFqDFbVqRDig2sq5Ygy4cgeTS1x,solana,Pump.fun,DQ3AQxZPsLwmkp3NLHS5SVcvYsnhSJn2ef1hCjXppump,SISY,So11111111111111111111111111111111111111112,SOL,2026-10-03T16:26:59Z,1.4653151548266617e-06,2641.033276,,1184.3309,119.45670960019832,100.0,,0.0,0.0,0.0,0.0,0.0,0.0,0,0,0,0,0,0,0,0,0,0,0,0,0,0,0,0,0,0,0,0,0,0,0,0,0.0,0.0,0.0,0.0,0.0,0.0,snapshot,,,,,,,/home/runner/work/Solana-Memecoin-Analysis/Solana-Memecoin-Analysis/data/cache/2026-10-05/000644565069_multi_pools_76aa61566d05.json,2
2026-10-05T00:02:58.856965+00:00,HbSwJS3FRARP4uMoTMFLsnSjMMU3BccdMArahu6YRhBc,solana,Pump.fun,6vExysLDGtYU5gh5whxSF4Tm2Tc6BtoMUm4znDxhpump,POS,So11111111111111111111111111111111111111112,SOL,2026-10-03T16:26:48Z,3.343034148046127e-06,3343.034148,,2694.8651,119.52983664666199,100.0,,0.0,0.0,0.0,0.0,0.0,0.0,0,0,0,0,0,0,0,0,0,0,0,0,0,0,0,0,0,0,0,0,0,0,0,0,0.0,0.0,0.0,0.0,0.0,0.0,snapshot,,,,,,,/home/runner/work/Solana-Memecoin-Analysis/Solana-Memecoin-Analysis/data/cache/2026-10-05/000644565069_multi_pools_76aa61566d05.json,2
2026-10-05T00:02:58.856965+00:00,D2whfp44RDsDxNaNiYZuZ3p8kpKztJC5mc4nCfLJhMPs,solana,Pump.fun,E8WbEYy7TvFNwFqWNw8VYAcgjsnvuanfsTA5fMoeRLJj,GRONK,So11111111111111111111111111111111111111112,SOL,2026-10-03T16:26:39Z,3.3980942661053627e-06,3398.094266,,2693.9782,121.53849517403744,,,0.0,0.0,0.0,0.0,0.0,0.1925551626,0,0,0,0,0,0,0,0,0,0,0,0,0,0,0,0,0,0,0,0,0,2,0,2,0.0,0.0,0.0,0.0,0.0,0.0,snapshot,,,,,,,/home/runner/work/Solana-Memecoin-Analysis/Solana-Memecoin-Analysis/data/cache/2026-10-05/000644565069_multi_pools_76aa61566d05.json,2
2026-10-05T00:02:58.856965+00:00,7CJj6781CSzUcTevpdePRgW87WyjwT44Rb7EL5ufM5cp,solana,Pump.fun,3f7N86EvdvNgdScFkWaXBDfyTs1y4sDmArKZW9Fkpump,DROYD,So11111111111111111111111111111111111111112,SOL,2026-10-03T16:34:41Z,4.891668386185665e-05,44063.1940078363,,0.0,119.5530885144726,,,0.0,0.0,0.0,0.0,0.0,0.0,0,0,0,0,0,0,0,0,0,0,0,0,0,0,0,0,0,0,0,0,0,0,0,0,0.0,0.0,0.0,0.0,0.0,0.0,snapshot,,,,,,,/home/runner/work/Solana-Memecoin-Analysis/Solana-Memecoin-Analysis/data/cache/2026-10-05/000644565069_multi_pools_76aa61566d05.json,2
2026-10-05T00:02:58.856965+00:00,3Uz42MxfRFdi5kQ4yLSs9Pr2HWtthzXg4mZbWTRrLk3a,solana,Pump.fun,EriRnNP3Dbc2jrX9fnqS7E4cMUrBX85xreyrv1tb2NP2,RICH,So11111111111111111111111111111111111111112,SOL,2026-10-03T16:34:33Z,3.3468497859212025e-06,3346.849786,,2694.959,119.66237031291502,100.0,,0.0,0.0,0.0,0.0,0.0,0.0,0,0,0,0,0,0,0,0,0,0,0,0,0,0,0,0,0,0,0,0,0,0,0,0,0.0,0.0,0.0,0.0,0.0,0.0,snapshot,,,,,,,/home/runner/work/Solana-Memecoin-Analysis/Solana-Memecoin-Analysis/data/cache/2026-10-05/000644565069_multi_pools_76aa61566d05.json,2
2026-10-05T00:02:58.856965+00:00,6vKeH39n9tqpNtxCrC6qzYGrpunBFtjDvyFGxsnFa4ee,solana,Meteora DBC,ANYgWS4gpgrKgZeHDN8itLwcAQ1tBabEsR2rjpVMitV7,PPCHK,So11111111111111111111111111111111111111112,SOL,2026-10-03T16:34:30Z,4.781669975340513e-06,4781.669975,,4860.139,119.53017192203487,,,0.0,0.0,0.0,0.0,0.0,0.0,0,0,0,0,0,0,0,0,0,0,0,0,0,0,0,0,0,0,0,0,0,0,0,0,0.0,0.0,0.0,0.0,0.0,0.0,snapshot,,,,,,,/home/runner/work/Solana-Memecoin-Analysis/Solana-Memecoin-Analysis/data/cache/2026-10-05/000644565069_multi_pools_76aa61566d05.json,2
2026-10-05T00:02:58.856965+00:00,87UQYjzNGurhxTBZh9G8DHjduqz9aTvmTb5po3bT8buJ,solana,Pump.fun,6H7e8BpVpDDt7n69HW9uNHokQ32jGS6G5ideSLnDpump,DC,So11111111111111111111111111111111111111112,SOL,2026-10-03T16:43:57Z,3.360235962241342e-06,3360.2238685606,,2704.2531,119.72817856624937,100.0,,0.0,0.0,0.0,0.0,0.0,0.0,0,0,0,0,0,0,0,0,0,0,0,0,0,0,0,0,0,0,0,0,0,0,0,0,0.0,0.0,0.0,0.0,0.0,0.0,snapshot,,,,,,,/home/runner/work/Solana-Memecoin-Analysis/Solana-Memecoin-Analysis/data/cache/2026-10-05/000644565069_multi_pools_76aa61566d05.json,2
2026-10-05T00:02:58.856965+00:00,ACXP8ZgAHSzp4HgXRpo9gpp1zz5W3WxCmqWkDQ3JJusp,solana,Meteora DAMM V2,J8Q6f6PgmShLjUuHuAMrEfPDMqTZGNBT3HbsUPhMVieM,CLAUDIA,So11111111111111111111111111111111111111112,SOL,2026-10-03T16:43:56Z,2.0654260901115513e-05,21045.19631,,0.0001876489169,119.58841751078366,,,0.0,0.0,0.0,0.0,0.0,0.0,0,0,0,0,0,0,0,0,0,0,0,0,0,0,0,0,0,0,0,0,0,0,0,0,0.0,0.0,0.0,0.0,0.0,0.0,snapshot,,,,,,,/home/runner/work/Solana-Memecoin-Analysis/Solana-Memecoin-Analysis/data/cache/2026-10-05/000644565069_multi_pools_76aa61566d05.json,2
2026-10-05T00:02:58.856965+00:00,2kLaRg3wVeExGX2iJfB3y5iHiPwCvxTBYijyNmr7D5qQ,solana,Pump.fun,3eQAkKxMT8rnQ4ouuzEUXadeY2motowucDzJ5yJspump,AMY,So11111111111111111111111111111111111111112,SOL,2026-10-03T16:43:44Z,3.3541145537876957e-06,3354.114554,,2694.7039,119.9335179026937,,,0.0,0.0,0.0,0.0,0.0,0.0,0,0,0,0,0,0,0,0,0,0,0,0,0,0,0,0,0,0,0,0,0,0,0,0,0.0,0.0,0.0,0.0,0.0,0.0,snapshot,,,,,,,/home/runner/work/Solana-Memecoin-Analysis/Solana-Memecoin-Analysis/data/cache/2026-10-05/000644565069_multi_pools_76aa61566d05.json,2
2026-10-05T00:02:58.856965+00:00,BGbCNyg49GRCfATKs8fLVeHvXUo5azaYmR3KeFbtWVKU,solana,Meteora DAMM V2,7TSECmhdx5bCJEMwejp5DSMJiaSDBukViMJir2rhPL3y,TOLYBOT,So11111111111111111111111111111111111111112,SOL,2026-10-03T16:43:42Z,6.332605023140091e-10,0.6332605023,,1.2757,119.87313840745237,,,0.0,0.0,0.0,0.0,0.0,0.0,0,0,0,0,0,0,0,0,0,0,0,0,0,0,0,0,0,0,0,0,0,0,0,0,0.0,0.0,0.0,0.0,0.0,0.0,snapshot,,,,,,,/home/runner/work/Solana-Memecoin-Analysis/Solana-Memecoin-Analysis/data/cache/2026-10-05/000644565069_multi_pools_76aa61566d05.json,2
2026-10-05T00:02:58.856965+00:00,3S7rXkVAH9xDQeKx6NpBwbXx4fcSXwfFUoBZgcpNkwoz,solana,PumpSwap,7YA14odptfVp6pEvJ9p2DH6SCZCBmn1Ms7RnL7mKpump,SWAMP,So11111111111111111111111111111111111111112,SOL,2026-10-03T16:52:14Z,2.2916534526979533e-09,5.2794058,,10.6725,119.60234080751765,,,0.0,0.0,0.0,0.0,0.0,0.0,0,0,0,0,0,0,0,0,0,0,0,0,0,0,0,0,0,0,0,0,0,0,0,0,0.0,0.0,0.0,0.0,0.0,0.0,snapshot,,,,,,,/home/runner/work/Solana-Memecoin-Analysis/Solana-Memecoin-Analysis/data/cache/2026-10-05/000644565069_multi_pools_76aa61566d05.json,2
2026-10-05T00:02:58.856965+00:00,GMyz5y6XjAhzrYyYP8yn8srizJCmCziJepvKavhhepci,solana,Pump.fun,C4ok4pEwRdSDPz3cuDZaf1oEbZHef8q5pywGoonvpump,$MAGNET,So11111111111111111111111111111111111111112,SOL,2026-10-03T16:51:57Z,7.045113487061003e-06,14090.226974,,5658.5722,119.59485849756436,100.0,,0.0,0.0,0.0,0.0,0.0,0.0,0,0,0,0,0,0,0,0,0,0,0,0,0,0,0,0,0,0,0,0,0,0,0,0,0.0,0.0,0.0,0.0,0.0,0.0,snapshot,,,,,,,/home/runner/work/Solana-Memecoin-Analysis/Solana-Memecoin-Analysis/data/cache/2026-10-05/000644565069_multi_pools_76aa61566d05.json,2
2026-10-05T00:02:58.856965+00:00,5M9MamAtEcCNb44txri397KKHrkN8ix5sMqqqvRJ9d1N,solana,Pump.fun,JDAxtUkn3xGpYR5LobbpjYWbFJrSj6qSr634WJFkFXNE,Gabriele,So11111111111111111111111111111111111111112,SOL,2026-10-03T16:51:52Z,3.3490154944715993e-06,3349.015494,,2692.93,119.7553912423487,,,0.0,0.0,0.0,0.0,0.0,0.0,0,0,0,0,0,0,0,0,0,0,0,0,0,0,0,0,0,0,0,0,0,0,0,0,0.0,0.0,0.0,0.0,0.0,0.0,snapshot,,,,,,,/home/runner/work/Solana-Memecoin-Analysis/Solana-Memecoin-Analysis/data/cache/2026-10-05/000644565069_multi_pools_76aa61566d05.json,2
2026-10-05T00:02:58.856965+00:00,6VspEY941JADRZVMwv31aoF4bcUPqobisrNK38HnrFDM,solana,Pump.fun,5EgMrBmN26Dx8nLjibwQzSJ2s16KBFcXp1NtYWFopump,ZERO,So11111111111111111111111111111111111111112,SOL,2026-10-03T16:51:52Z,3.3458282525038493e-06,3345.828253,,2692.3837,119.6654966628023,,,0.0,0.0,0.0,0.0,0.0,0.0,0,0,0,0,0,0,0,0,0,0,0,0,0,0,0,0,0,0,0,0,0,0,0,0,0.0,0.0,0.0,0.0,0.0,0.0,snapshot,,,,,,,/home/runner/work/Solana-Memecoin-Analysis/Solana-Memecoin-Analysis/data/cache/2026-10-05/000644565069_multi_pools_76aa61566d05.json,2
2026-10-05T00:02:58.856965+00:00,4khzRc7chCvSxzpYJzBLUgHf1P6SUdDZL1icA6wgNChN,solana,Meteora DBC,DAuqMVafpwja9sLXmMzd2tvDvpLzLJ6AmQLq6Y21pDsf,LIEGE,So11111111111111111111111111111111111111112,SOL,2026-10-03T16:51:51Z,5.9412953403718244e-05,59411.1784899088,,0.0,119.68468767281878,,,0.0,0.0,0.0,0.0,0.0,0.0,0,0,0,0,0,0,0,0,0,0,0,0,0,0,0,0,0,0,0,0,0,0,0,0,0.0,0.0,0.0,0.0,0.0,0.0,snapshot,,,,,,,/home/runner/work/Solana-Memecoin-Analysis/Solana-Memecoin-Analysis/data/cache/2026-10-05/000644565069_multi_pools_76aa61566d05.json,2
2026-10-05T00:02:58.856965+00:00,HL5AZ4NjccaHXCM8kQi27zU1mrigCZeYWL4Y5x1XxPzv,solana,Pump.fun,AWeEzYJ1NqFg4tKjxeAzqNjFfrF7LKVefof13WgPpump,ULTRA,So11111111111111111111111111111111111111112,SOL,2026-10-03T16:51:49Z,5.891794495759713e-08,117.83588992,,18.7345,119.78687514514141,,,0.0,0.0,0.0,0.0,0.0,0.0,0,0,0,0,0,0,0,0,0,0,0,0,0,0,0,0,0,0,0,0,0,0,0,0,0.0,0.0,0.0,0.0,0.0,0.0,snapshot,,,,,,,/home/runner/work/Solana-Memecoin-Analysis/Solana-Memecoin-Analysis/data/cache/2026-10-05/000644565069_multi_pools_76aa61566d05.json,2
2026-10-05T00:02:58.856965+00:00,52HVj41TxVqkB2aXRv3P39ddy3H9masz6ZariuRj2rM8,solana,Pump.fun,5FrtEjHFPL5zGDMtsUqMhx13CbdQVpDyygjzFgx8pump,sol,So11111111111111111111111111111111111111112,SOL,2026-10-03T16:51:33Z,3.3459788307431243e-06,6691.957662,,2694.1085,119.66919379497635,,,0.0,0.0,0.0,0.0,0.0,0.0,0,0,0,0,0,0,0,0,0,0,0,0,0,0,0,0,0,0,0,0,0,0,0,0,0.0,0.0,0.0,0.0,0.0,0.0,snapshot,,,,,,,/home/runner/work/Solana-Memecoin-Analysis/Solana-Memecoin-Analysis/data/cache/2026-10-05/000644565069_multi_pools_76aa61566d05.json,2
2026-10-05T00:02:58.856965+00:00,E1Tgt96gKcVTK3kgMyK1dvHP2puS3wu6cBcs7eN9MGuG,solana,Pump.fun,F9jFo4VKeMmcZQSRLZ3uVkhgjXRu7iK5rWDSyTXc7ACs,CAT,So11111111111111111111111111111111111111112,SOL,2026-10-03T16:51:32Z,3.3799562023261225e-06,3379.956202,,2720.9164,119.61866973934424,,,0.0,0.0,0.0,0.0,0.0,0.0,0,0,0,0,0,0,0,0,0,0,0,0,0,0,0,0,0,0,0,0,0,0,0,0,0.0,0.0,0.0,0.0,0.0,0.0,snapshot,,,,,,,/home/runner/work/Solana-Memecoin-Analysis/Solana-Memecoin-Analysis/data/cache/2026-10-05/000644565069_multi_pools_76aa61566d05.json,2
2026-10-05T00:02:58.856965+00:00,6394sZ7fyrVCYURzKsaeW8zRKd3Kp1u1MVihFnFXaK7h,solana,Meteora DBC,4XXopURzYa8C7HatkEhTnAiBGqHzPbrVcpipo7aAkvxh,IDOL,So11111111111111111111111111111111111111112,SOL,2026-10-03T17:00:09Z,5.3832993519120234e-05,53832.99352,,0.0,119.66031112949723,,,0.0,0.0,0.0,0.0,0.0,0.0,0,0,0,0,0,0,0,0,0,0,0,0,0,0,0,0,0,0,0,0,0,0,0,0,0.0,0.0,0.0,0.0,0.0,0.0,snapshot,,,,,,,/home/runner/work/Solana-Memecoin-Analysis/Solana-Memecoin-Analysis/data/cache/2026-10-05/000644565069_multi_pools_76aa61566d05.json,2
2026-10-05T00:02:58.856965+00:00,7XZzRJHwdHt2Bf6ajRNwoiWFixHR56B5uAQ73xxkaPWE,solana,Pump.fun,GXZZ9GpEfKwsce8m3wSK5FLE3Y9uFpui2rG3wM3Tpump,GLASTO,So11111111111111111111111111111111111111112,SOL,2026-10-03T17:00:06Z,9.103879593630035e-07,1820.7759188,,1111.5857,119.58208441299688,100.0,,0.0,0.0,0.0,0.0,0.0,0.0,0,0,0,0,0,0,0,0,0,0,0,0,0,0,0,0,0,0,0,0,0,0,0,0,0.0,0.0,0.0,0.0,0.0,0.0,snapshot,,,,,,,/home/runner/work/Solana-Memecoin-Analysis/Solana-Memecoin-Analysis/data/cache/2026-10-05/000644565069_multi_pools_76aa61566d05.json,2
2026-10-05T00:02:58.856965+00:00,DD5a1C5nn9viHPojh26xoiHUfzAUSRbFbvuKXLjtYp62,solana,Pump.fun,D1hm3AzsGsC7vZuxiYdJ4gc2p4CvgRj25JoiV8xS3Hkc,MONDO,So11111111111111111111111111111111111111112,SOL,2026-10-03T16:59:51Z,3.3477554340848493e-06,3347.755434,,2695.8216,119.65670731008308,,,0.0,0.0,0.0,0.0,0.0,0.0,0,0,0,0,0,0,0,0,0,0,0,0,0,0,0,0,0,0,0,0,0,0,0,0,0.0,0.0,0.0,0.0,0.0,0.0,snapshot,,,,,,,/home/runner/work/Solana-Memecoin-Analysis/Solana-Memecoin-Analysis/data/cache/2026-10-05/000644565069_multi_pools_76aa61566d05.json,2
2026-10-05T00:02:58.856965+00:00,7WjTPDsQsvmSp74pR9eqhPg49KpPV4xERG5WSRjKYBFw,solana,PumpSwap,HpYREzBTQACtX2PQeibkPQMGFmPy15Tzb5EvNuaSZ8Gp,Coinbase,So11111111111111111111111111111111111111112,SOL,2026-10-03T17:10:20Z,5.618231825183945e-05,56182.31825,,6.18287743107796e-07,119.81483954791914,100.0,,0.0,0.0,0.0,0.0,0.0,0.0,0,0,0,0,0,0,0,0,0,0,0,0,0,0,0,0,0,0,0,0,0,0,0,0,0.0,0.0,0.0,0.0,0.0,0.0,snapshot,,,,,,,/home/runner/work/Solana-Memecoin-Analysis/Solana-Memecoin-Analysis/data/cache/2026-10-05/000651865682_multi_pools_e512bf052a2c.json,2
2026-10-05T00:02:58.856965+00:00,6oZfFFVjiZVYwDgzF5BUCiHJXtQjimAkMHyo8wrsBAbj,solana,Pump.fun,CNiLAivyY9AcJC5Lp3vST4wxbEYwk5p2UhGZHDo7pump,STL,So11111111111111111111111111111111111111112,SOL,2026-10-03T17:10:09Z,3.3498239603150986e-06,3349.82396,,2693.1972,119.77261780184433,,,0.0,0.0,0.0,0.0,0.0,0.0,0,0,0,0,0,0,0,0,0,0,0,0,0,0,0,0,0,0,0,0,0,0,0,0,0.0,0.0,0.0,0.0,0.0,0.0,snapshot,,,,,,,/home/runner/work/Solana-Memecoin-Analysis/Solana-Memecoin-Analysis/data/cache/2026-10-05/000651865682_multi_pools_e512bf052a2c.json,2
2026-10-05T00:02:58.856965+00:00,GipTHaUvNpQSsbndUARvTr2KxUbycNULLVTeST8Dkv2p,solana,Pump.fun,DohMXcY4FBjDMg5ouYBQ56PuHWo6oDPZe7pRpCzspump,evlve,So11111111111111111111111111111111111111112,SOL,2026-10-03T17:10:08Z,3.3742756896794854e-06,3374.27569,,2711.446,119.83468227849315,,,0.0,0.0,0.0,0.0,0.0,0.0,0,0,0,0,0,0,0,0,0,0,0,0,0,0,0,0,0,0,0,0,0,0,0,0,0.0,0.0,0.0,0.0,0.0,0.0,snapshot,,,,,,,/home/runner/work/Solana-Memecoin-Analysis/Solana-Memecoin-Analysis/data/cache/2026-10-05/000651865682_multi_pools_e512bf052a2c.json,2
2026-10-05T00:02:58.856965+00:00,3nPncPJGxmDSV428FPgveWdVMJmsgbdfS8By5wSUU3id,solana,Pump.fun,2GbfqSgHMroLiJF16NtJ47K3rHqjeeYdEWxctbHjpump,DOOR,So11111111111111111111111111111111111111112,SOL,2026-10-03T17:10:06Z,3.398268257601116e-06,3398.268258,,2729.1727,119.90052600665305,,,0.0,0.0,0.0,0.0,0.0,0.0,0,0,0,0,0,0,0,0,0,0,0,0,0,0,0,0,0,0,0,0,0,0,0,0,0.0,0.0,0.0,0.0,0.0,0.0,snapshot,,,,,,,/home/runner/work/Solana-Memecoin-Analysis/Solana-Memecoin-Analysis/data/cache/2026-10-05/000651865682_multi_pools_e512bf052a2c.json,2
2026-10-05T00:02:58.856965+00:00,AYxoymnLsaJsp6nb5nbc9fdd7RK484TRFJ4o2Z1cUkL7,solana,Meteora DBC,GoheMcrYQqK7oCmqiPPHvCRvjMvJ32w8vXaSfT7onCPv,COIN,So11111111111111111111111111111111111111112,SOL,2026-10-03T17:10:04Z,3.426382558581135e-06,3426.382559,,3424.239,121.57277018732916,,,0.0,0.0,0.0,0.0,0.0,75.5379902964,0,0,0,0,0,0,0,0,0,0,0,0,0,0,0,0,0,0,0,0,7,6,6,6,0.0,0.0,0.0,0.0,0.0,1.965,snapshot,,,,,,,/home/runner/work/Solana-Memecoin-Analysis/Solana-Memecoin-Analysis/data/cache/2026-10-05/000651865682_multi_pools_e512bf052a2c.json,2
2026-10-05T00:02:58.856965+00:00,GmzqMgQyGH1b81Yv1epTQ6HDa7Vt97amcrBDtf1T2xKH,solana,Pump.fun,5HhsmTWBmhntHqPg3EHiWH7Vz8ajBjyqZtyob6w93c59,PFUNTRADER,So11111111111111111111111111111111111111112,SOL,2026-10-03T17:10:02Z,3.3553530030504963e-06,3355.3530018622,,2698.6852,119.72617428504897,100.0,,0.0,0.0,0.0,0.0,0.0,0.0,0,0,0,0,0,0,0,0,0,0,0,0,0,0,0,0,0,0,0,0,0,0,0,0,0.0,0.0,0.0,0.0,0.0,0.0,snapshot,,,,,,,/home/runner/work/Solana-Memecoin-Analysis/Solana-Memecoin-Analysis/data/cache/2026-10-05/000651865682_multi_pools_e512bf052a2c.json,2
2026-10-05T00:02:58.856965+00:00,Bus8tCJ2b72NzCJrVe5odw8eCCG6VFm3S1Pk4R8RzfvJ,solana,PumpSwap,4mkNDiEALDutn8Py1GmJnvVuTdHVuL9y6AmcL9KTZx7F,DROYD,So11111111111111111111111111111111111111112,SOL,2026-10-03T17:19:35Z,2.6065160192036043e-05,25423.0505105455,,13137.415,121.45181947958274,100.0,,0.0,23.8493905962,30.2422550787,410.0861798485,7177.6887667311,469748.265754673,0,0,0,0,2,0,1,0,2,1,1,1,8,9,7,9,67,96,39,64,3077,2757,1162,1061,0.0,0.328,1.758,-3.066,-26.154,274.623,snapshot,,,,,,,/home/runner/work/Solana-Memecoin-Analysis/Solana-Memecoin-Analysis/data/cache/2026-10-05/000651865682_multi_pools_e512bf052a2c.json,2
2026-10-05T00:02:58.856965+00:00,BvsiyNP1WpQ9ShvccmLV2gXE88cxWm8qkjRaVX8h8zqn,solana,PumpSwap,BXnLLGaBpvCRiS1mksB8DWanJj3qVhxgTuoc6Afjpump,GTA6 Coin,So11111111111111111111111111111111111111112,SOL,2026-10-03T17:19:27Z,2.158521776686402e-06,2149.6101185984,,2237.0015,120.11034824889681,100.0,,0.0,0.0,0.0,0.0,0.0,2.6571366149,0,0,0,0,0,0,0,0,0,0,0,0,0,0,0,0,0,0,0,0,0,1,0,1,0.0,0.0,0.0,0.0,0.0,0.0,snapshot,,,,,,,/home/runner/work/Solana-Memecoin-Analysis/Solana-Memecoin-Analysis/data/cache/2026-10-05/000651865682_multi_pools_e512bf052a2c.json,2
2026-10-05T00:02:58.856965+00:00,G32pBiU9TqefUybGrUoGtPeHkxkpBEkZxDbf6BMfGxrj,solana,Pump.fun,JBShGsLiM2WGmL3kExcf6vhvvfvKhLAYWexud5Wz1Gvk,ABEAR,XsP7xzNPvEHS1m6qfanPUGjNmdnmsLKEoNAnHjdxxyZ,MSTRx,2026-10-03T17:19:24Z,4.172618360158275e-06,4425.741744,,3673.0835,162.38416648977352,,,0.0,0.0,0.0,0.0,0.0,0.0,0,0,0,0,0,0,0,0,0,0,0,0,0,0,0,0,0,0,0,0,0,0,0,0,0.0,0.0,0.0,0.0,0.0,0.0,snapshot,,,,,,,/home/runner/work/Solana-Memecoin-Analysis/Solana-Memecoin-Analysis/data/cache/2026-10-05/000651865682_multi_pools_e512bf052a2c.json,2
2026-10-05T00:02:58.856965+00:00,9wZhP7kvaMeZ3WLMZyR6McZk6eYC9BmhwL7J4ux79HYa,solana,Pump.fun,CopAmHVzY3Scf3GRA2m1qrd7yxh4eH8wnqN9J8Wzpump,TRADERS,So11111111111111111111111111111111111111112,SOL,2026-10-03T17:27:33Z,3.390275585540682e-06,3390.275586,,2728.0071,119.67206141061924,,,0.0,0.0,0.0,0.0,0.0,0.0,0,0,0,0,0,0,0,0,0,0,0,0,0,0,0,0,0,0,0,0,0,0,0,0,0.0,0.0,0.0,0.0,0.0,0.0,snapshot,,,,,,,/home/runner/work/Solana-Memecoin-Analysis/Solana-Memecoin-Analysis/data/cache/2026-10-05/000651865682_multi_pools_e512bf052a2c.json,2
2026-10-05T00:02:58.856965+00:00,FdvjoE8jrBSekzkaDDEghryf7TyeHj8mGpwbmJzRh3a3,solana,Raydium (CLMM),4PLcGYYiAUqhCLc57cjtfsq7EfPDLtvtAXGvrXNyBWoV,PI,EPjFWdd5AufqSSqeM2qN1xzybapC8G4wEGGkZwyTDt1v,USDC,2026-10-03T17:27:31Z,0.08884414512637723,88844145.0411558,,88104578.4103,1.0020810967334586,0.0,,0.0,0.0,14.8370409917,14.8370409917,83553.028961486,344026.283287817,0,0,0,0,0,0,0,0,2,2,2,2,2,2,2,2,10,10,3,3,47,47,5,5,0.0,0.0,0.024,0.024,0.404,-0.063,snapshot,,,,,,,/home/runner/work/Solana-Memecoin-Analysis/Solana-Memecoin-Analysis/data/cache/2026-10-05/000651865682_multi_pools_e512bf052a2c.json,2
2026-10-05T00:02:58.856965+00:00,8KGbwyf8iHvP7z14s9Tbu8v3jFywHMDPuSdfR19C7cC2,solana,Pump.fun,9q4B3co8nNK9pxYtSyjHui5zoMDjhdgdkJgQk2sFG4zf,TRUMPKIN,So11111111111111111111111111111111111111112,SOL,2026-10-03T17:27:29Z,3.347538068314337e-06,3347.538068,,2694.8597,119.67118137092196,,,0.0,0.0,0.0,0.0,0.0,0.0,0,0,0,0,0,0,0,0,0,0,0,0,0,0,0,0,0,0,0,0,0,0,0,0,0.0,0.0,0.0,0.0,0.0,0.0,snapshot,,,,,,,/home/runner/work/Solana-Memecoin-Analysis/Solana-Memecoin-Analysis/data/cache/2026-10-05/000651865682_multi_pools_e512bf052a2c.json,2
2026-10-05T00:02:58.856965+00:00,XCdR3T8SYCKvtdrZCKitSgCfjaJjA6C1QJA23nTKTBx,solana,Pump.fun,D5fXnTpxhkM6dkoWnGMFcQJMYQtWG2gSuhWKvW3Jpump,POS,So11111111111111111111111111111111111111112,SOL,2026-10-03T17:27:27Z,3.6182551564628587e-06,3618.255156,,2910.3615,119.77127419146971,,,0.0,0.0,0.0,0.0,0.0,0.0,0,0,0,0,0,0,0,0,0,0,0,0,0,0,0,0,0,0,0,0,0,0,0,0,0.0,0.0,0.0,0.0,0.0,0.0,snapshot,,,,,,,/home/runner/work/Solana-Memecoin-Analysis/Solana-Memecoin-Analysis/data/cache/2026-10-05/000651865682_multi_pools_e512bf052a2c.json,2
2026-10-05T00:02:58.856965+00:00,27ipvPCE7jN5Gmy1jEM12AoDUS8RHwLienFNTxgwrSDP,solana,StonkFun,27CsGY6PMF4KYTAdANhyXMaaWhUieh8sdHwYwjewVLUN,Vezaro,So11111111111111111111111111111111111111112,SOL,2026-10-03T17:27:12Z,3.4889621996994728e-06,3763.521452,,3540.6896,119.67116412894747,100.0,,0.0,0.0,0.0,0.0,0.0,0.0,0,0,0,0,0,0,0,0,0,0,0,0,0,0,0,0,0,0,0,0,0,0,0,0,0.0,0.0,0.0,0.0,0.0,0.0,snapshot,,,,,,,/home/runner/work/Solana-Memecoin-Analysis/Solana-Memecoin-Analysis/data/cache/2026-10-05/000651865682_multi_pools_e512bf052a2c.json,2
2026-10-05T00:02:58.856965+00:00,7iDssJHGu6eg27Dc2UXbEEQidyH2Kz3r8d94h9pJKwVh,solana,Pump.fun,7XhaF4xNAhBGQF8YbB8SNSz8MJoasL28HE5MweHUpump,CA IN X,So11111111111111111111111111111111111111112,SOL,2026-10-03T17:36:49Z,3.3444147325458964e-06,3344.414733,,2693.1972,119.57921140858932,,,0.0,0.0,0.0,0.0,0.0,0.0,0,0,0,0,0,0,0,0,0,0,0,0,0,0,0,0,0,0,0,0,0,0,0,0,0.0,0.0,0.0,0.0,0.0,0.0,snapshot,,,,,,,/home/runner/work/Solana-Memecoin-Analysis/Solana-Memecoin-Analysis/data/cache/2026-10-05/000651865682_multi_pools_e512bf052a2c.json,2
2026-10-05T00:02:58.856965+00:00,EosXhRhJrZM6nLFQ89qG2LY9jtJd9sRq5G1NsNNmdEjo,solana,Pump.fun,66kEREmk594h2LSWW2YtWgzcNz4aRpofto6eWzpzpump,Decuween,So11111111111111111111111111111111111111112,SOL,2026-10-03T17:36:42Z,3.6773959628146926e-07,735.4791926,,284.7444,119.8262140918796,,,0.0,0.0,0.0,0.0,0.0,0.0,0,0,0,0,0,0,0,0,0,0,0,0,0,0,0,0,0,0,0,0,0,0,0,0,0.0,0.0,0.0,0.0,0.0,0.0,snapshot,,,,,,,/home/runner/work/Solana-Memecoin-Analysis/Solana-Memecoin-Analysis/data/cache/2026-10-05/000651865682_multi_pools_e512bf052a2c.json,2
2026-10-05T00:02:58.856965+00:00,5ubUuqeHF794tFcHyijSeAaGBkmZgYYCM9SAf4k5Dgpm,solana,Pump.fun,FRDShedDzmnbL8g39aaynzoYAzF1fSRLT7n1Uyhu1LBn,PUMPKART,So11111111111111111111111111111111111111112,SOL,2026-10-03T17:36:42Z,5.443246663697306e-06,5443.246664,,4051.7156,121.53627809908967,100.0,,0.0,0.0,0.0,0.0,599.9683872544,9848.1932500003,0,0,0,0,0,0,0,0,0,0,0,0,0,0,0,0,3,9,3,9,102,106,56,60,0.0,0.0,0.0,0.0,-13.972,9.277,snapshot,,,,,,,/home/runner/work/Solana-Memecoin-Analysis/Solana-Memecoin-Analysis/data/cache/2026-10-05/000651865682_multi_pools_e512bf052a2c.json,2
2026-10-05T00:02:58.856965+00:00,HFuF4ee5WK68UJzth23eZYsN3bZZi211efb2W8oMBj4M,solana,PumpSwap,CMAA6YP18bxCH1vkxfKVqVKMGxH9eiqnHYg1EGGibonk,Aiden,So11111111111111111111111111111111111111112,SOL,2026-10-03T17:36:26Z,0.0043122490156219705,4312249.016,,6.316149852e-07,119.80312329298478,100.0,,0.0,0.0,0.0,0.0,0.0,0.0,0,0,0,0,0,0,0,0,0,0,0,0,0,0,0,0,0,0,0,0,0,0,0,0,0.0,0.0,0.0,0.0,0.0,0.0,snapshot,,,,,,,/home/runner/work/Solana-Memecoin-Analysis/Solana-Memecoin-Analysis/data/cache/2026-10-05/000651865682_multi_pools_e512bf052a2c.json,2
2026-10-05T00:02:58.856965+00:00,82Vppj9v7PNUeNj2CZ7YVVDJHYrAiXsTy1tPzszBag74,solana,Pump.fun,BeDkDhBrcrpk497vpTRDDBQfkAaHkcWmrR5P1sfjvCS4,AGENTINU,So11111111111111111111111111111111111111112,SOL,2026-10-03T17:44:49Z,3.350289583482853e-06,3350.289583,,2693.2822,119.78540087622439,,,0.0,0.0,0.0,0.0,0.0,0.0,0,0,0,0,0,0,0,0,0,0,0,0,0,0,0,0,0,0,0,0,0,0,0,0,0.0,0.0,0.0,0.0,0.0,0.0,snapshot,,,,,,,/home/runner/work/Solana-Memecoin-Analysis/Solana-Memecoin-Analysis/data/cache/2026-10-05/000651865682_multi_pools_e512bf052a2c.json,2
2026-10-05T00:02:58.856965+00:00,2AxAoP59cmAtPCaVjZqepK9BrusyTjDX99NTP25nCPvg,solana,Pump.fun,7FW9V1N7SNj3WyVokKzo9FFFacQ9v5mJgJtSCXPnpump,CHAROC,So11111111111111111111111111111111111111112,SOL,2026-10-03T17:44:49Z,4.535555435631699e-06,9125.448628,,3639.5485,119.97173931065836,,,0.0,0.0,0.0,0.0,0.0,0.0,0,0,0,0,0,0,0,0,0,0,0,0,0,0,0,0,0,0,0,0,0,0,0,0,0.0,0.0,0.0,0.0,0.0,0.0,snapshot,,,,,,,/home/runner/work/Solana-Memecoin-Analysis/Solana-Memecoin-Analysis/data/cache/2026-10-05/000651865682_multi_pools_e512bf052a2c.json,2
2026-10-05T00:02:58.856965+00:00,7M2AhQgg44EJ2HdrkEDe7Uxebv7wc7mi8y4Eko6CtHj5,solana,Pump.fun,EP5xJWNThNBR3ARjrsDZqkLdoYh2tu6fB96CuTGUuGsx,TJR,So11111111111111111111111111111111111111112,SOL,2026-10-03T17:44:44Z,3.3784102635261017e-06,3527.101132,,2696.3661,120.65254807374242,,,0.0,0.0,0.0,0.0,0.0,318.4684435451,0,0,0,0,0,0,0,0,0,0,0,0,0,0,0,0,0,0,0,0,3,2,2,2,0.0,0.0,0.0,0.0,0.0,0.398,snapshot,,,,,,,/home/runner/work/Solana-Memecoin-Analysis/Solana-Memecoin-Analysis/data/cache/2026-10-05/000651865682_multi_pools_e512bf052a2c.json,2
2026-10-05T00:02:58.856965+00:00,6rQmnH9xbpKHZoAwUA8CF1cCiVNcrcyDDQRDCagzUzFX,solana,Pump.fun,5FkAaM1Gspjsn3vCAc8vCtK79w8cRP8NW6qnWZzSJLRk,gib,So11111111111111111111111111111111111111112,SOL,2026-10-03T17:44:43Z,3.3974568822567083e-06,3397.456882,,2727.485,119.94824454841684,100.0,,0.0,0.0,0.0,0.0,0.0,0.0,0,0,0,0,0,0,0,0,0,0,0,0,0,0,0,0,0,0,0,0,0,0,0,0,0.0,0.0,0.0,0.0,0.0,0.0,snapshot,,,,,,,/home/runner/work/Solana-Memecoin-Analysis/Solana-Memecoin-Analysis/data/cache/2026-10-05/000651865682_multi_pools_e512bf052a2c.json,2
2026-10-05T00:02:58.856965+00:00,3Zqu3K2SUh1sVJsJ9JDQb8fWBiCzQnjgJhxmXYqsPPny,solana,Meteora DAMM V2,EiANP1giZxquCCDDWfYTBuQDQEn1DKqnFPYNCKGZ6aSe,Aiden,So11111111111111111111111111111111111111112,SOL,2026-10-03T17:44:39Z,3.4721009972952614e-05,34717.0590144043,,2.402160506e-07,120.02349725160398,,,0.0,0.0,0.0,0.0,0.0,0.0,0,0,0,0,0,0,0,0,0,0,0,0,0,0,0,0,0,0,0,0,0,0,0,0,0.0,0.0,0.0,0.0,0.0,0.0,snapshot,,,,,,,/home/runner/work/Solana-Memecoin-Analysis/Solana-Memecoin-Analysis/data/cache/2026-10-05/000651865682_multi_pools_e512bf052a2c.json,2
2026-10-05T00:02:58.856965+00:00,7LUX1yTX2fWsRaoxuo1WTrcN8QUGtZT2aJ53cJEuMJnd,solana,Pump.fun,H7piLuAfGrkwEtAKqVBe1wNHA7BLA1dtvNM8hG5Mpump,ELON,XsDoVfqeBukxuZHWhdvWHBhgEHjGNst4MLodqsJHzoB,TSLAx,2026-10-03T17:53:27Z,4.039253736457795e-06,4039.253736,,3243.4658,370.1332483358258,,,0.0,0.0,0.0,0.0,0.0,0.0,0,0,0,0,0,0,0,0,0,0,0,0,0,0,0,0,0,0,0,0,0,0,0,0,0.0,0.0,0.0,0.0,0.0,0.0,snapshot,,,,,,,/home/runner/work/Solana-Memecoin-Analysis/Solana-Memecoin-Analysis/data/cache/2026-10-05/000651865682_multi_pools_e512bf052a2c.json,2
2026-10-05T00:02:58.856965+00:00,A1Ptm9ZgTSwg3jYq7GgZEXf2xAtojWHAYedyZcx8b4gx,solana,Pump.fun,SFg5muFVB4nAAQwsx9yEWcQyrkvz6kKKSvA2QWiQGo3,CCAT,So11111111111111111111111111111111111111112,SOL,2026-10-03T17:53:24Z,3.3604811296228596e-06,3360.48113,,2695.674,120.04315541700201,100.0,,0.0,0.0,0.0,0.0,0.0,4.5016130462,0,0,0,0,0,0,0,0,0,0,0,0,0,0,0,0,0,0,0,0,0,1,0,1,0.0,0.0,0.0,0.0,0.0,0.0,snapshot,,,,,,,/home/runner/work/Solana-Memecoin-Analysis/Solana-Memecoin-Analysis/data/cache/2026-10-05/000651865682_multi_pools_e512bf052a2c.json,2
2026-10-05T00:02:58.856965+00:00,DbJTP4rePLXFyH3yoAXfTD5pirYDRinnFH6TMnUhmFtf,solana,Meteora DBC,8GgSdDp7vJYLmUSXRD8QVc5YZPhdNBf1QVcBqzit2cjB,RVSN,So11111111111111111111111111111111111111112,SOL,2026-10-03T17:53:21Z,7.04549018144533e-06,7045.490181,,7135.0696,119.87234438790502,100.0,,0.0,0.0,0.0,0.0,0.0,0.0,0,0,0,0,0,0,0,0,0,0,0,0,0,0,0,0,0,0,0,0,0,0,0,0,0.0,0.0,0.0,0.0,0.0,0.0,snapshot,,,,,,,/home/runner/work/Solana-Memecoin-Analysis/Solana-Memecoin-Analysis/data/cache/2026-10-05/000651865682_multi_pools_e512bf052a2c.json,2
2026-10-05T00:02:58.856965+00:00,9oyiWNGq9SvpfJ29def6NXU7E4qkY6mFegU5B9cvRuHw,solana,Meteora DAMM V2,4aghjCkRAuqriXBdGdSy9nii3WQdZQfeVRnWPvw9ubwC,SETTLE,So11111111111111111111111111111111111111112,SOL,2026-10-03T17:53:20Z,8.242568165627291e-10,0.8242568166,,1.4206,119.78228412422217,,,0.0,0.0,0.0,0.0,0.0,0.0,0,0,0,0,0,0,0,0,0,0,0,0,0,0,0,0,0,0,0,0,0,0,0,0,0.0,0.0,0.0,0.0,0.0,0.0,snapshot,,,,,,,/home/runner/work/Solana-Memecoin-Analysis/Solana-Memecoin-Analysis/data/cache/2026-10-05/000651865682_multi_pools_e512bf052a2c.json,2
2026-10-05T00:02:58.856965+00:00,D5oN2fHnJCe3FvHXdkRnidiHZ1qwA8zFsimdvtLa21kA,solana,PumpSwap,EWiji42N8P4px8WzLbuh2w1hjW8aJzn3KJu6vYfJpump,STENKS,So11111111111111111111111111111111111111112,SOL,2026-10-03T17:53:17Z,7.689332337844197e-10,1.5378664676,,3.2904,122.0182598460047,100.0,,0.0,0.0,0.0,0.0,0.002021964584,0.002021964584,0,0,0,0,0,0,0,0,0,0,0,0,0,0,0,0,0,1,0,1,0,1,0,1,0.0,0.0,0.0,0.0,0.0,0.0,snapshot,,,,,,,/home/runner/work/Solana-Memecoin-Analysis/Solana-Memecoin-Analysis/data/cache/2026-10-05/000651865682_multi_pools_e512bf052a2c.json,2
2026-10-05T00:02:58.856965+00:00,8fE3UCRDmiVdSikcgY5LtmD6uW5fmKgrWs1nQo3uWzmZ,solana,Pump.fun,BcZsJrpSVN3RiGErdQPtLygZazECqthTX68eKrZehmDE,YOYO,So11111111111111111111111111111111111111112,SOL,2026-10-03T17:53:06Z,3.352341919962044e-06,3352.34192,,2692.3473,119.9001013800795,100.0,,0.0,0.0,0.0,0.0,0.0,0.0,0,0,0,0,0,0,0,0,0,0,0,0,0,0,0,0,0,0,0,0,0,0,0,0,0.0,0.0,0.0,0.0,0.0,0.0,snapshot,,,,,,,/home/runner/work/Solana-Memecoin-Analysis/Solana-Memecoin-Analysis/data/cache/2026-10-05/000651865682_multi_pools_e512bf052a2c.json,2
2026-10-05T00:02:58.856965+00:00,5RrAwRp7GDAGtZjrxESfhYGdySAXS61ZaiPDj6E5mnHD,solana,Pump.fun,GUmkqGAATBtA4tYu9ZHWfeTCyqDKMgDPMfzeFdQkpump,QUANTS,So11111111111111111111111111111111111111112,SOL,2026-10-03T18:02:38Z,3.35376491319467e-06,3353.764913,,2696.536,119.81961643549687,100.0,,0.0,0.0,0.0,0.0,0.0,0.0,0,0,0,0,0,0,0,0,0,0,0,0,0,0,0,0,0,0,0,0,0,0,0,0,0.0,0.0,0.0,0.0,0.0,0.0,snapshot,,,,,,,/home/runner/work/Solana-Memecoin-Analysis/Solana-Memecoin-Analysis/data/cache/2026-10-05/000651865682_multi_pools_e512bf052a2c.json,2
2026-10-05T00:02:58.856965+00:00,4Tee1K6ipoBRBrd4qjPQAJiAT8Bt575SN7GpthF5ARYh,solana,Pump.fun,2jwcLCuQvx6igb3iDy3VoREnM5JAUkaxMZfCc9kHpump,PUPU,So11111111111111111111111111111111111111112,SOL,2026-10-03T18:02:26Z,3.352632106533562e-06,3352.632107,,2694.4346,119.87234438790502,,,0.0,0.0,0.0,0.0,0.0,0.0,0,0,0,0,0,0,0,0,0,0,0,0,0,0,0,0,0,0,0,0,0,0,0,0,0.0,0.0,0.0,0.0,0.0,0.0,snapshot,,,,,,,/home/runner/work/Solana-Memecoin-Analysis/Solana-Memecoin-Analysis/data/cache/2026-10-05/000706639222_multi_pools_c3511541f89e.json,2
2026-10-05T00:02:58.856965+00:00,5Qrs5p8xsKaF6QYnw6EcbS4gp7Njfa7kuokHSKC37ikL,solana,Pump.fun,5jsU6vkoTbt1Q7fBXfouMZYZBD9BNyeAMQbxw5Fopump,RFATCAT,So11111111111111111111111111111111111111112,SOL,2026-10-03T18:02:22Z,3.3487414875652078e-06,3348.741488,,2695.9165,119.66756510962637,100.0,,0.0,0.0,0.0,0.0,0.0,0.0,0,0,0,0,0,0,0,0,0,0,0,0,0,0,0,0,0,0,0,0,0,0,0,0,0.0,0.0,0.0,0.0,0.0,0.0,snapshot,,,,,,,/home/runner/work/Solana-Memecoin-Analysis/Solana-Memecoin-Analysis/data/cache/2026-10-05/000706639222_multi_pools_c3511541f89e.json,2
2026-10-05T00:02:58.856965+00:00,C7Mt9CbdMX4aANqGpMseUYagcgQksNxaFfWJmzH8fuYc,solana,Pump.fun,4A4SwnaC6FfauvLoStsiWeRuJFUXkeJWeRSQPoZdpump,PUMP,So11111111111111111111111111111111111111112,SOL,2026-10-03T18:10:46Z,3.3531714095629113e-06,3353.17141,,2698.4151,119.73466998318834,100.0,,0.0,0.0,0.0,0.0,0.0,0.0,0,0,0,0,0,0,0,0,0,0,0,0,0,0,0,0,0,0,0,0,0,0,0,0,0.0,0.0,0.0,0.0,0.0,0.0,snapshot,,,,,,,/home/runner/work/Solana-Memecoin-Analysis/Solana-Memecoin-Analysis/data/cache/2026-10-05/000706639222_multi_pools_c3511541f89e.json,2
2026-10-05T00:02:58.856965+00:00,5cKKNGZoE6g14KgK3ntxQrXswnk7SpvX4pxgzTQsuqXZ,solana,Meteora DAMM V2,CPqq6ceui3H6Ye2J41dmZFkD6iJWKARqKquJjsrvTmku,Clanker,So11111111111111111111111111111111111111112,SOL,2026-10-03T18:10:41Z,1.93001244445436e-05,20946.5907,,4.07034935739338e-07,122.00234198825564,0.0,,0.0,0.0,0.0,0.0,0.3498328255,1.975690927,0,0,0,0,0,0,0,0,0,0,0,0,0,0,0,0,2,10,2,5,20,28,7,9,0.0,0.0,0.0,0.0,-23.054,-31.566,snapshot,,,,,,,/home/runner/work/Solana-Memecoin-Analysis/Solana-Memecoin-Analysis/data/cache/2026-10-05/000706639222_multi_pools_c3511541f89e.json,2
2026-10-05T00:02:58.856965+00:00,A8XMrvBrNwtBAU54ErNJNQhmdVB19nhYTiJEcboJ733J,solana,Pump.fun,7XGxifnGMVKdWmBYiJazWdUrvXK9AjXtba5VkC6Bpump,axecat,So11111111111111111111111111111111111111112,SOL,2026-10-03T18:10:40Z,3.3757181642330767e-06,3375.718164,,2759.3429,119.784339324967,100.0,,0.0,0.0,0.0,0.0,0.0,0.0,0,0,0,0,0,0,0,0,0,0,0,0,0,0,0,0,0,0,0,0,0,0,0,0,0.0,0.0,0.0,0.0,0.0,0.0,snapshot,,,,,,,/home/runner/work/Solana-Memecoin-Analysis/Solana-Memecoin-Analysis/data/cache/2026-10-05/000706639222_multi_pools_c3511541f89e.json,2
2026-10-05T00:02:58.856965+00:00,AuA9j5n1RMMeykr1fEzW6EovgDy4SGB6iCNKYR8Qth3,solana,PumpSwap,7FaJPxJvAMvCHhZRJ3FaFBsiTWyqcf5Ao1oQJuUsbonk,Aiden,So11111111111111111111111111111111111111112,SOL,2026-10-03T18:10:40Z,0.004204325055660829,4204325.056,,6.236319025e-07,119.82326408633365,100.0,,0.0,0.0,0.0,0.0,0.0,0.0,0,0,0,0,0,0,0,0,0,0,0,0,0,0,0,0,0,0,0,0,0,0,0,0,0.0,0.0,0.0,0.0,0.0,0.0,snapshot,,,,,,,/home/runner/work/Solana-Memecoin-Analysis/Solana-Memecoin-Analysis/data/cache/2026-10-05/000706639222_multi_pools_c3511541f89e.json,2
2026-10-05T00:02:58.856965+00:00,2hJ4WfLs3k4JKSYBnaDPUNeSiB7UiHPSwT5pqPwSfA1i,solana,Pump.fun,B6wFbmnxTzQX6L3Tyxaw6vcAXM8Siyo8r8PaGdsypump,Myagi,So11111111111111111111111111111111111111112,SOL,2026-10-03T18:10:37Z,4.290934941241771e-06,8581.869882,,3439.1708,119.80647396576921,100.0,,0.0,0.0,0.0,0.0,0.0,0.0,0,0,0,0,0,0,0,0,0,0,0,0,0,0,0,0,0,0,0,0,0,0,0,0,0.0,0.0,0.0,0.0,0.0,0.0,snapshot,,,,,,,/home/runner/work/Solana-Memecoin-Analysis/Solana-Memecoin-Analysis/data/cache/2026-10-05/000706639222_multi_pools_c3511541f89e.json,2
2026-10-05T00:02:58.856965+00:00,Cb2T885VV1GPZUgR4hF8n2jG6hTUwJBz24Re4PxPy667,solana,Pump.fun,EdJLa4Qfbpxxyucayc8skKk7dy7oQp6Pbkm518ZGpump,CAT,So11111111111111111111111111111111111111112,SOL,2026-10-03T18:10:36Z,3.3518450376529574e-06,3351.845038,,2693.7863,119.88266654895044,100.0,,0.0,0.0,0.0,0.0,0.0,0.0,0,0,0,0,0,0,0,0,0,0,0,0,0,0,0,0,0,0,0,0,0,0,0,0,0.0,0.0,0.0,0.0,0.0,0.0,snapshot,,,,,,,/home/runner/work/Solana-Memecoin-Analysis/Solana-Memecoin-Analysis/data/cache/2026-10-05/000706639222_multi_pools_c3511541f89e.json,2
2026-10-05T00:02:58.856965+00:00,79wqDbzrq42z5fJ8bG9iaxmFoiT2CTnha1xLHSJ1YNwk,solana,Pump.fun,7GSg3b5jaQcT8A6h8uLVrtHuKsfybtZYp9igGBSdowzB,Niggabot,So11111111111111111111111111111111111111112,SOL,2026-10-03T18:10:35Z,3.3956916602687955e-06,3395.69166,,2694.0171,121.45107132995129,100.0,,0.0,0.0,0.0,0.0,0.0,0.04499835063,0,0,0,0,0,0,0,0,0,0,0,0,0,0,0,0,0,0,0,0,0,1,0,1,0.0,0.0,0.0,0.0,0.0,0.0,snapshot,,,,,,,/home/runner/work/Solana-Memecoin-Analysis/Solana-Memecoin-Analysis/data/cache/2026-10-05/000706639222_multi_pools_c3511541f89e.json,2
2026-10-05T00:02:58.856965+00:00,2mqRF6LjqT7aR1xMbyuN3AKscSCFmJ7nivw72SzrRkR1,solana,Pump.fun,45p2kcpnib2Pmr5SqgSx4Bx34jY28Xc5n3bVdosAc68a,AI,So11111111111111111111111111111111111111112,SOL,2026-10-03T18:10:32Z,3.528615140236487e-06,3528.61514,,2837.571,119.82030281661373,100.0,,0.0,0.0,0.0,0.0,0.0,0.0,0,0,0,0,0,0,0,0,0,0,0,0,0,0,0,0,0,0,0,0,0,0,0,0,0.0,0.0,0.0,0.0,0.0,0.0,snapshot,,,,,,,/home/runner/work/Solana-Memecoin-Analysis/Solana-Memecoin-Analysis/data/cache/2026-10-05/000706639222_multi_pools_c3511541f89e.json,2
2026-10-05T00:02:58.856965+00:00,97fEE8Q7EPg19PpLkfwTQZJMELAsECQhwJCGBhZQyf7Q,solana,Meteora DBC,9nZC8RZLbmCbhUM4vmGkpv3fUULXUPrGFghk8vPW3D2Z,cash,So11111111111111111111111111111111111111112,SOL,2026-10-03T18:20:01Z,4.6554473234443753e-05,46554.47323,,0.0,119.71595104654553,,,0.0,0.0,0.0,0.0,0.0,0.0,0,0,0,0,0,0,0,0,0,0,0,0,0,0,0,0,0,0,0,0,0,0,0,0,0.0,0.0,0.0,0.0,0.0,0.0,snapshot,,,,,,,/home/runner/work/Solana-Memecoin-Analysis/Solana-Memecoin-Analysis/data/cache/2026-10-05/000706639222_multi_pools_c3511541f89e.json,2
2026-10-05T00:02:58.856965+00:00,EeeWuwDdFyxEaXKyDz98icrHFV4xxtKy3FhoKqyn5kqu,solana,Pump.fun,DmirZUQKzDniUpLZ6118huBxTh24iBgAbRaNU1eupump,speedrun,So11111111111111111111111111111111111111112,SOL,2026-10-03T18:19:57Z,1.9986426958518085e-08,39.97285392,,16.7293,119.77899862453008,,,0.0,0.0,0.0,0.0,0.0,0.0,0,0,0,0,0,0,0,0,0,0,0,0,0,0,0,0,0,0,0,0,0,0,0,0,0.0,0.0,0.0,0.0,0.0,0.0,snapshot,,,,,,,/home/runner/work/Solana-Memecoin-Analysis/Solana-Memecoin-Analysis/data/cache/2026-10-05/000706639222_multi_pools_c3511541f89e.json,2
2026-10-05T00:02:58.856965+00:00,3ybim5urscG2zFu8L1sYXNYosFAqfsa276XfKG6ER7w1,solana,Pump.fun,5ppK3Wy4eG4EQCwTGcEL6fMvBXMQaW2RsHeqths2nBBx,NI,So11111111111111111111111111111111111111112,SOL,2026-10-03T18:19:53Z,3.348918737448856e-06,3348.918737,,2694.9526,119.7363628165168,,,0.0,0.0,0.0,0.0,0.0,0.0,0,0,0,0,0,0,0,0,0,0,0,0,0,0,0,0,0,0,0,0,0,0,0,0,0.0,0.0,0.0,0.0,0.0,0.0,snapshot,,,,,,,/home/runner/work/Solana-Memecoin-Analysis/Solana-Memecoin-Analysis/data/cache/2026-10-05/000706639222_multi_pools_c3511541f89e.json,2
2026-10-05T00:02:58.856965+00:00,ESMaqfgiHw856zV7MLD27DxyGThBe6uW6z3HbTayV83H,solana,Pump.fun,6GJpxnCuihQCCwNWhenqsoyhGA3ruFhLkM8TSvWHpump,LIMFORK,So11111111111111111111111111111111111111112,SOL,2026-10-03T18:19:43Z,3.353681957186982e-06,3353.681957,,2699.2534,119.71548157494342,,,0.0,0.0,0.0,0.0,0.0,0.0,0,0,0,0,0,0,0,0,0,0,0,0,0,0,0,0,0,0,0,0,0,0,0,0,0.0,0.0,0.0,0.0,0.0,0.0,snapshot,,,,,,,/home/runner/work/Solana-Memecoin-Analysis/Solana-Memecoin-Analysis/data/cache/2026-10-05/000706639222_multi_pools_c3511541f89e.json,2
2026-10-05T00:02:58.856965+00:00,DBDaTigF55SPzuv8uN2XnvvTxk9S9HuwhWj1KARPBiup,solana,Pump.fun,Nh6BNzCuqyx7H8J8ew2915h1t6TG1rstNUVcenXLDDH,agentz402,So11111111111111111111111111111111111111112,SOL,2026-10-03T18:19:33Z,3.4227095668766842e-06,3422.709567,,2755.2243,119.69775972159974,100.0,,0.0,0.0,0.0,0.0,0.0,0.0,0,0,0,0,0,0,0,0,0,0,0,0,0,0,0,0,0,0,0,0,0,0,0,0,0.0,0.0,0.0,0.0,0.0,0.0,snapshot,,,,,,,/home/runner/work/Solana-Memecoin-Analysis/Solana-Memecoin-Analysis/data/cache/2026-10-05/000706639222_multi_pools_c3511541f89e.json,2
2026-10-05T00:02:58.856965+00:00,84YMHoc3FYkLmF9Rfo9hdBuhM5H5HPu118hLwd7tx8cY,solana,Pump.fun,HAe4st3hKAGEVXfnBE8ns7Z1hePne128EitGtEikpump,cash,So11111111111111111111111111111111111111112,SOL,2026-10-03T18:19:31Z,3.3739879089871525e-06,3373.987909,,2713.9173,119.78943725779104,,,0.0,0.0,0.0,0.0,0.0,0.0,0,0,0,0,0,0,0,0,0,0,0,0,0,0,0,0,0,0,0,0,0,0,0,0,0.0,0.0,0.0,0.0,0.0,0.0,snapshot,,,,,,,/home/runner/work/Solana-Memecoin-Analysis/Solana-Memecoin-Analysis/data/cache/2026-10-05/000706639222_multi_pools_c3511541f89e.json,2
2026-10-05T00:02:58.856965+00:00,B8w7i4HK6fRQjkhp1HYbyFTWEe7ucSdYv5wJGShLRbuX,solana,Pump.fun,96ZYCkJ5A5ovnVXqvMi496Tkib1z7Qfc99dLQVZYyZ8h,simulator,So11111111111111111111111111111111111111112,SOL,2026-10-03T18:29:02Z,3.3904598962742856e-06,3390.459896,,2694.1143,121.25951398112052,100.0,,0.0,0.0,0.0,0.0,0.1797090249,0.2274279205,0,0,0,0,0,0,0,0,0,0,0,0,0,0,0,0,0,1,0,1,1,2,1,2,0.0,0.0,0.0,0.0,0.0,0.133,snapshot,,,,,,,/home/runner/work/Solana-Memecoin-Analysis/Solana-Memecoin-Analysis/data/cache/2026-10-05/000706639222_multi_pools_c3511541f89e.json,2
2026-10-05T00:02:58.856965+00:00,GHf5xFGdRcKEvKePAjE1DPEAwnY6oW8MYjRb54rY6ANB,solana,Meteora DBC,S4PwxRzMnbGWV321UU5HnGsDDdi2VvAi3bngoehSPEC,SPEC,So11111111111111111111111111111111111111112,SOL,2026-10-03T18:29:01Z,1.9116045489996133e-06,1911.604549,,1946.1022,119.71987605478051,,,0.0,0.0,0.0,0.0,0.0,0.0,0,0,0,0,0,0,0,0,0,0,0,0,0,0,0,0,0,0,0,0,0,0,0,0,0.0,0.0,0.0,0.0,0.0,0.0,snapshot,,,,,,,/home/runner/work/Solana-Memecoin-Analysis/Solana-Memecoin-Analysis/data/cache/2026-10-05/000706639222_multi_pools_c3511541f89e.json,2
2026-10-05T00:02:58.856965+00:00,5hBeLfhRwpGsULPRcAxcMznULHbsCawxQm978ypQsjvn,solana,Pump.fun,GLmQEybas9WWkVBwdZTgfLPxBsSeNdwpsHh8Dk785eEz,MOJIM,So11111111111111111111111111111111111111112,SOL,2026-10-03T18:29:01Z,3.3856852728129454e-06,3385.68942,,2694.0535,121.09151237665556,100.0,,0.0,0.0,0.0,0.0,0.0,0.1976926711,0,0,0,0,0,0,0,0,0,0,0,0,0,0,0,0,0,0,0,0,1,1,1,1,0.0,0.0,0.0,0.0,0.0,0.0,snapshot,,,,,,,/home/runner/work/Solana-Memecoin-Analysis/Solana-Memecoin-Analysis/data/cache/2026-10-05/000706639222_multi_pools_c3511541f89e.json,2
2026-10-05T00:02:58.856965+00:00,AveZdW9oMgfVssMENAncVN4D7RAWoBxB3Coy4wQjXCF6,solana,Pump.fun,snvvGZ81TzTYqzg8goC6DLqD5EeJaT8teZ5uvWdRSoL,HPL,So11111111111111111111111111111111111111112,SOL,2026-10-03T18:28:57Z,3.3856923157975436e-06,3385.696196,,2694.0535,121.09151237665556,100.0,,0.0,0.0,0.0,0.0,0.0,0.2113266067,0,0,0,0,0,0,0,0,0,0,0,0,0,0,0,0,0,0,0,0,1,1,1,1,0.0,0.0,0.0,0.0,0.0,0.0,snapshot,,,,,,,/home/runner/work/Solana-Memecoin-Analysis/Solana-Memecoin-Analysis/data/cache/2026-10-05/000706639222_multi_pools_c3511541f89e.json,2
2026-10-05T00:02:58.856965+00:00,zBX9mdZpXNXAtM8JZufLQh1hZs9Mu9F2t4KfmRcCe1G,solana,Pump.fun,UEiyE3JuCkqWAvAR85c9DmFp3DMR964XvoyJ7jDocrN,TURTLE,So11111111111111111111111111111111111111112,SOL,2026-10-03T18:28:56Z,3.348354445929512e-06,3348.354446,,2694.0292,119.75732914302272,100.0,,0.0,0.0,0.0,0.0,0.0,0.0,0,0,0,0,0,0,0,0,0,0,0,0,0,0,0,0,0,0,0,0,0,0,0,0,0.0,0.0,0.0,0.0,0.0,0.0,snapshot,,,,,,,/home/runner/work/Solana-Memecoin-Analysis/Solana-Memecoin-Analysis/data/cache/2026-10-05/000706639222_multi_pools_c3511541f89e.json,2
2026-10-05T00:02:58.856965+00:00,4ECvjKjLWs4YMdpWewXWGTbwnfBgyH1RBXNmViPJ4jdk,solana,Pump.fun,DHnyjw9LYMAk6G8j2CGmCPuUmpYWvfY3kbndzSZdpump,SOOTS,EPjFWdd5AufqSSqeM2qN1xzybapC8G4wEGGkZwyTDt1v,USDC,2026-10-03T18:28:56Z,1.310830527464854e-07,262.1661054,,115.7567,0.9963098895136999,100.0,,0.0,0.0,0.0,0.0,0.0,0.0,0,0,0,0,0,0,0,0,0,0,0,0,0,0,0,0,0,0,0,0,0,0,0,0,0.0,0.0,0.0,0.0,0.0,0.0,snapshot,,,,,,,/home/runner/work/Solana-Memecoin-Analysis/Solana-Memecoin-Analysis/data/cache/2026-10-05/000706639222_multi_pools_c3511541f89e.json,2
2026-10-05T00:02:58.856965+00:00,FLbnQtjVJKUAW1QFPVnWUymmiFyBtAupEay3YuxHZqsQ,solana,Pump.fun,HjnDefr7Db69wFWkjQ9hbJgjzw9jUjkHVpKMGfhVpump,BLOB,So11111111111111111111111111111111111111112,SOL,2026-10-03T18:37:16Z,3.389897411527189e-06,3389.897412,,2726.9169,119.7806817860137,,,0.0,0.0,0.0,0.0,0.0,0.0,0,0,0,0,0,0,0,0,0,0,0,0,0,0,0,0,0,0,0,0,0,0,0,0,0.0,0.0,0.0,0.0,0.0,0.0,snapshot,,,,,,,/home/runner/work/Solana-Memecoin-Analysis/Solana-Memecoin-Analysis/data/cache/2026-10-05/000706639222_multi_pools_c3511541f89e.json,2
2026-10-05T00:02:58.856965+00:00,J5ns45mnFzY6yEKCiMWCmEwMWEm5WiyW9T2nXfy9eHRf,solana,Meteora DBC,DWJf9yisRHefQ9fvUF6nN51ynpNNrAYEjEVe1Y3xFAxL,SPEC,So11111111111111111111111111111111111111112,SOL,2026-10-03T18:37:14Z,2.4881420270542402e-06,4952.209594,,2538.578,119.81552448527053,,,0.0,0.0,0.0,0.0,0.0,0.0,0,0,0,0,0,0,0,0,0,0,0,0,0,0,0,0,0,0,0,0,0,0,0,0,0.0,0.0,0.0,0.0,0.0,0.0,snapshot,,,,,,,/home/runner/work/Solana-Memecoin-Analysis/Solana-Memecoin-Analysis/data/cache/2026-10-05/000706639222_multi_pools_c3511541f89e.json,2
2026-10-05T00:02:58.856965+00:00,AwmaWjsRQ55hYGJfiHcqTwzQX9QLBtGZHPQnjhjDpPkz,solana,Meteora,3Dgwn5E7H5a8k6iGrz3qirkaJqUaJrKHEZ2xPcLRpump,knightcat,So11111111111111111111111111111111111111112,SOL,2026-10-03T18:37:13Z,0.0017339125498232486,1733912.55,,152692.5304,121.31780022365147,,,5596.6734534812,9735.8962032471,13883.5879716516,43841.6616244583,230041.475978864,1427965.88023869,0,9,0,6,2,23,2,18,5,37,4,26,35,59,26,45,360,373,234,248,2508,2657,1327,1558,-10.283,-13.005,-15.221,9.259,-49.608,214.913,snapshot,,,,,,,/home/runner/work/Solana-Memecoin-Analysis/Solana-Memecoin-Analysis/data/cache/2026-10-05/000706639222_multi_pools_c3511541f89e.json,2
2026-10-05T00:02:58.856965+00:00,DZsK3eqMBnmJM52iyY5V1tto2YbYWYV66RXRnNM1rhQ6,solana,Pump.fun,5Jhbrcyqz2cPXArAx16A56VmGFdkccASL2kV7awpa4e3,SHIPPED,So11111111111111111111111111111111111111112,SOL,2026-10-03T18:37:12Z,3.3856862819225186e-06,3385.690382,,2694.0535,121.091387752848,,,0.0,0.0,0.0,0.0,0.0,0.1999648686,0,0,0,0,0,0,0,0,0,0,0,0,0,0,0,0,0,0,0,0,1,1,1,1,0.0,0.0,0.0,0.0,0.0,0.0,snapshot,,,,,,,/home/runner/work/Solana-Memecoin-Analysis/Solana-Memecoin-Analysis/data/cache/2026-10-05/000706639222_multi_pools_c3511541f89e.json,2
2026-10-05T00:02:58.856965+00:00,5jLrJB4mBPbSmBhfjMaEM2AA4j11JNa7DGR2NmM2F1dW,solana,Pump.fun,HTmrVR7ajQgVVVaMx6mYEyuMkhReASaBSWL2pNUa1hN1,AGI,So11111111111111111111111111111111111111112,SOL,2026-10-03T18:37:06Z,3.3856954395214645e-06,3385.69544,,2694.0535,121.09129369816644,,,0.0,0.0,0.0,0.0,0.0,0.2181434227,0,0,0,0,0,0,0,0,0,0,0,0,0,0,0,0,0,0,0,0,1,1,1,1,0.0,0.0,0.0,0.0,0.0,0.0,snapshot,,,,,,,/home/runner/work/Solana-Memecoin-Analysis/Solana-Memecoin-Analysis/data/cache/2026-10-05/000706639222_multi_pools_c3511541f89e.json,2
2026-10-05T00:02:58.856965+00:00,GUFWEZ1EtbCKdChPJ5BbFW4FevFqFzwEjAQoUncZhuFD,solana,Pump.fun,HVQFYgZR74YDYadW8Rg5RLk4yYZynn7Gn1L7RDb5pump,buns,So11111111111111111111111111111111111111112,SOL,2026-10-03T18:37:03Z,3.3930290678741287e-06,3393.029068,,2699.8851,121.09129369816644,,,0.0,0.0,0.0,0.0,0.0,0.211326225,0,0,0,0,0,0,0,0,0,0,0,0,0,0,0,0,0,0,0,0,1,1,1,1,0.0,0.0,0.0,0.0,0.0,0.0,snapshot,,,,,,,/home/runner/work/Solana-Memecoin-Analysis/Solana-Memecoin-Analysis/data/cache/2026-10-05/000706639222_multi_pools_c3511541f89e.json,2
2026-10-05T00:02:58.856965+00:00,D4Sdm7bjR2wv3PjQxnt1EUa7UqrKuPvC6HxoZ5nheWs3,solana,Pump.fun,6VPa6CAniEqZA3VpssyLnCaC4J2YMfKu2dXjjiLEKWUL,coiner,So11111111111111111111111111111111111111112,SOL,2026-10-03T18:37:01Z,3.3856947403955636e-06,3385.69846,,2694.0535,121.091387752848,100.0,,0.0,0.0,0.0,0.0,0.0,0.2204157509,0,0,0,0,0,0,0,0,0,0,0,0,0,0,0,0,0,0,0,0,1,1,1,1,0.0,0.0,0.0,0.0,0.0,0.0,snapshot,,,,,,,/home/runner/work/Solana-Memecoin-Analysis/Solana-Memecoin-Analysis/data/cache/2026-10-05/000706639222_multi_pools_c3511541f89e.json,2
2026-10-05T00:02:58.856965+00:00,9rjEyHCFb1CNrwEoasm6KZYyDxEic7pBDtQWAqP4uQrZ,solana,Meteora DAMM V2,F53mZuNMnxaqBQ89VjdwxDgpPoUZUAaYQ1T2jr2bZK5C,guy,So11111111111111111111111111111111111111112,SOL,2026-10-03T18:36:57Z,6.633695571994205e-10,0.6633695572,,1.142,119.82664153812469,,,0.0,0.0,0.0,0.0,0.0,0.0,0,0,0,0,0,0,0,0,0,0,0,0,0,0,0,0,0,0,0,0,0,0,0,0,0.0,0.0,0.0,0.0,0.0,0.0,snapshot,,,,,,,/home/runner/work/Solana-Memecoin-Analysis/Solana-Memecoin-Analysis/data/cache/2026-10-05/000706639222_multi_pools_c3511541f89e.json,2
2026-10-05T00:02:58.856965+00:00,5ZU8QiBkDktzUZzHBrGgSr37ZSivEUJgYSJ9uehVyVoy,solana,PumpSwap,HhMJF9TNzCZgKXcDQaCyNHDEgN8jvrbBwXbfJoCpPNai,Goonette,So11111111111111111111111111111111111111112,SOL,2026-10-03T18:36:54Z,3.830276270283952e-06,3830.27627,,3670.6114,121.44655578868826,100.0,,0.0,0.0,0.0,0.0,53.9926395764,166.8259909287,0,0,0,0,0,0,0,0,0,0,0,0,0,0,0,0,0,1,0,1,0,6,0,6,0.0,0.0,0.0,0.0,0.0,-5.406,snapshot,,,,,,,/home/runner/work/Solana-Memecoin-Analysis/Solana-Memecoin-Analysis/data/cache/2026-10-05/000714258538_multi_pools_c1bf0d27ecc0.json,2
2026-10-05T00:02:58.856965+00:00,5NPAuHDx6PJVmvf4mK2xcdJm9PA7kenaS4T8s2xpxSN4,solana,Pump.fun,D2mCVVk8moM1y2sBhSqBgd221V9bKie4D9FYGHuapump,KIM,So11111111111111111111111111111111111111112,SOL,2026-10-03T18:36:53Z,3.3856322744936857e-06,3385.644302,,2694.0049,121.09167108083219,,,0.0,0.0,0.0,0.0,0.0,0.06817013043,0,0,0,0,0,0,0,0,0,0,0,0,0,0,0,0,0,0,0,0,1,1,1,1,0.0,0.0,0.0,0.0,0.0,0.0,snapshot,,,,,,,/home/runner/work/Solana-Memecoin-Analysis/Solana-Memecoin-Analysis/data/cache/2026-10-05/000714258538_multi_pools_c1bf0d27ecc0.json,2
2026-10-05T00:02:58.856965+00:00,JCqwyuTgzhFFZo7Y2PCpqHNy9iGy1sadeozQESy5aC2K,solana,Pump.fun,bhmfoD5n747caLSfrZrr9yKgDJhvRphvSg3EJRYpump,DOOB,EPjFWdd5AufqSSqeM2qN1xzybapC8G4wEGGkZwyTDt1v,USDC,2026-10-03T18:36:51Z,3.317443104112293e-09,6.634886208,,4.2279,0.9994035593023239,,,0.0,0.0,0.0,0.0,0.0,132.6074223497,0,0,0,0,0,0,0,0,0,0,0,0,0,0,0,0,0,0,0,0,34,41,3,3,0.0,0.0,0.0,0.0,0.0,-98.317,snapshot,,,,,,,/home/runner/work/Solana-Memecoin-Analysis/Solana-Memecoin-Analysis/data/cache/2026-10-05/000714258538_multi_pools_c1bf0d27ecc0.json,2
2026-10-05T00:02:58.856965+00:00,GiM3W2ZHdbk2rDwcKcMUdrxyPu1z56bJKMQDHLrEAubu,solana,Pump.fun,5pJ2oKsFUzctuZEvBjYH4TcCAEXzGn5c4dTyYQVfm1Rb,TERP,So11111111111111111111111111111111111111112,SOL,2026-10-03T18:46:46Z,3.3862305000379598e-06,3386.234555,,2694.0535,121.11083199460641,100.0,,0.0,0.0,0.0,0.0,0.0,0.2022697438,0,0,0,0,0,0,0,0,0,0,0,0,0,0,0,0,0,0,0,0,1,1,1,1,0.0,0.0,0.0,0.0,0.0,0.0,snapshot,,,,,,,/home/runner/work/Solana-Memecoin-Analysis/Solana-Memecoin-Analysis/data/cache/2026-10-05/000714258538_multi_pools_c1bf0d27ecc0.json,2
2026-10-05T00:02:58.856965+00:00,8yB1XXSPXxVTjougQKKzPNeqRzW9j5uMWxkYJyynaBf8,solana,Pump.fun,5y6BZMxFgHoMMHTkkwt61FAe1yfUp3FsVTfbMPxUpump,LaMisery,So11111111111111111111111111111111111111112,SOL,2026-10-03T18:54:54Z,6.7273579478491685e-06,13454.715896,,4982.1711,119.81118998671799,,,0.0,0.0,0.0,0.0,0.0,0.0,0,0,0,0,0,0,0,0,0,0,0,0,0,0,0,0,0,0,0,0,0,0,0,0,0.0,0.0,0.0,0.0,0.0,0.0,snapshot,,,,,,,/home/runner/work/Solana-Memecoin-Analysis/Solana-Memecoin-Analysis/data/cache/2026-10-05/000714258538_multi_pools_c1bf0d27ecc0.json,2
2026-10-05T00:02:58.856965+00:00,B5SDgMhxg2nrdJ9M6YmnygTUKkcxg7T6JeHUB7XMmmyf,solana,Pump.fun,5k6d2jYTHUDhjATHCeex9DTXiif38yoEQXBpAzoDpump,CENTLER,So11111111111111111111111111111111111111112,SOL,2026-10-03T18:54:50Z,3.379294372500919e-06,3379.302558,,2694.0249,120.86453489102819,,,0.0,0.0,0.0,0.0,0.0,0.09979506658,0,0,0,0,0,0,0,0,0,0,0,0,0,0,0,0,0,0,0,0,1,1,1,1,0.0,0.0,0.0,0.0,0.0,0.0,snapshot,,,,,,,/home/runner/work/Solana-Memecoin-Analysis/Solana-Memecoin-Analysis/data/cache/2026-10-05/000714258538_multi_pools_c1bf0d27ecc0.json,2
2026-10-05T00:02:58.856965+00:00,6VTQUsdXcd4Watpt62NrJH3DdGAJ7fGXtf5FqqoKV2H4,solana,Pump.fun,9xbJ8FVTsdk7xsiK6rjx372n76jtUrWWKcJ2nKdipump,BPCATE,So11111111111111111111111111111111111111112,SOL,2026-10-03T18:54:49Z,1.8628057114283014e-07,372.5611422,,147.9037,119.85853143224845,,,0.0,0.0,0.0,0.0,0.0,0.0,0,0,0,0,0,0,0,0,0,0,0,0,0,0,0,0,0,0,0,0,0,0,0,0,0.0,0.0,0.0,0.0,0.0,0.0,snapshot,,,,,,,/home/runner/work/Solana-Memecoin-Analysis/Solana-Memecoin-Analysis/data/cache/2026-10-05/000714258538_multi_pools_c1bf0d27ecc0.json,2
2026-10-05T00:02:58.856965+00:00,AU3BcKC7JrD9Z8GgfWERztEn9gS84wYLNM4UdVPrn6SW,solana,Pump.fun,4Qz3S7f2WJyu7gCeaXW2LBQr1j8DtQtDMiMHSY66pump,uinhim,So11111111111111111111111111111111111111112,SOL,2026-10-03T18:54:43Z,6.239574634019211e-06,12489.361136,,4969.9612,119.81220470394447,,,0.0,0.0,0.0,0.0,0.0,0.0,0,0,0,0,0,0,0,0,0,0,0,0,0,0,0,0,0,0,0,0,0,0,0,0,0.0,0.0,0.0,0.0,0.0,0.0,snapshot,,,,,,,/home/runner/work/Solana-Memecoin-Analysis/Solana-Memecoin-Analysis/data/cache/2026-10-05/000714258538_multi_pools_c1bf0d27ecc0.json,2
2026-10-05T00:02:58.856965+00:00,6HgULxYUmSKD5gfrpCjtdzwYd6Csh1GzdfR81Xs7reY4,solana,Pump.fun,b4k3EP8UidVSPPgzKftwpLGAKpvpFiJAF227HrDpump,Agency v2,So11111111111111111111111111111111111111112,SOL,2026-10-03T18:54:42Z,3.385452924099859e-06,3385.452924,,2720.5951,119.90214751624455,,,0.0,0.0,0.0,0.0,0.0,0.0,0,0,0,0,0,0,0,0,0,0,0,0,0,0,0,0,0,0,0,0,0,0,0,0,0.0,0.0,0.0,0.0,0.0,0.0,snapshot,,,,,,,/home/runner/work/Solana-Memecoin-Analysis/Solana-Memecoin-Analysis/data/cache/2026-10-05/000714258538_multi_pools_c1bf0d27ecc0.json,2
2026-10-05T00:02:58.856965+00:00,J6HyANrobDDGwdATnN4zebbzk4TGofy2xn7KUWEgGfwE,solana,Meteora DAMM V2,CnujiKU5aatBYJkea1j4qi2hkstYcgCvExufRG5cpump,weirds,So11111111111111111111111111111111111111112,SOL,2026-10-03T18:54:40Z,3.0034626880400095e-06,2980.024599134,,1.8636236274842e-07,121.38603227075566,,,0.0,0.0,0.0,0.0,0.01638055951,0.01638055951,0,0,0,0,0,0,0,0,0,0,0,0,0,0,0,0,0,2,0,2,0,2,0,2,0.0,0.0,0.0,0.0,0.0,0.0,snapshot,,,,,,,/home/runner/work/Solana-Memecoin-Analysis/Solana-Memecoin-Analysis/data/cache/2026-10-05/000714258538_multi_pools_c1bf0d27ecc0.json,2
2026-10-05T00:02:58.856965+00:00,JCKeCa3fVdvfzxJuqJSjQt45SZz6CnHcMasd8rd1E9Wa,solana,Pump.fun,BiPqAXc1ZQb3XTYyiXq7bcJ2UHqgEqA36DgXaJ88pump,LMAO,So11111111111111111111111111111111111111112,SOL,2026-10-03T18:54:37Z,4.4451040020276626e-07,889.0208004,,361.34,119.87358614379937,,,0.0,0.0,0.0,0.0,0.0,0.0,0,0,0,0,0,0,0,0,0,0,0,0,0,0,0,0,0,0,0,0,0,0,0,0,0.0,0.0,0.0,0.0,0.0,0.0,snapshot,,,,,,,/home/runner/work/Solana-Memecoin-Analysis/Solana-Memecoin-Analysis/data/cache/2026-10-05/000714258538_multi_pools_c1bf0d27ecc0.json,2
2026-10-05T00:02:58.856965+00:00,Ffp4eeuELHW7Jtd5Mun5ZZHxv8jyQWspPkMmj9ZZTEub,solana,Pump.fun,G2Hrtddh436BT61F8EW6UNxegwp1F14mp4YJT2rapump,SKW,So11111111111111111111111111111111111111112,SOL,2026-10-03T18:54:35Z,3.381102358191624e-06,3381.102358,,2694.8753,120.8907396392183,100.0,,0.0,0.0,0.0,0.0,0.0,1.3096667153,0,0,0,0,0,0,0,0,0,0,0,0,0,0,0,0,0,0,0,0,1,2,1,2,0.0,0.0,0.0,0.0,0.0,-0.078,snapshot,,,,,,,/home/runner/work/Solana-Memecoin-Analysis/Solana-Memecoin-Analysis/data/cache/2026-10-05/000714258538_multi_pools_c1bf0d27ecc0.json,2
2026-10-05T00:02:58.856965+00:00,BZH3DMUuKiNNEFAtNDPcXa2zC36fomLygXctPhQfwutD,solana,Pump.fun,ANRXv9GTPp65Qt1fyBxpcFTwisKKn2m8swDqrBhypump,Spaghetti,So11111111111111111111111111111111111111112,SOL,2026-10-03T18:54:35Z,3.3815532809142127e-06,3381.553281,,2694.0492,120.94385768897615,,,0.0,0.0,0.0,0.0,0.0,0.179295036,0,0,0,0,0,0,0,0,0,0,0,0,0,0,0,0,0,0,0,0,1,1,1,1,0.0,0.0,0.0,0.0,0.0,0.0,snapshot,,,,,,,/home/runner/work/Solana-Memecoin-Analysis/Solana-Memecoin-Analysis/data/cache/2026-10-05/000714258538_multi_pools_c1bf0d27ecc0.json,2
2026-10-05T00:02:58.856965+00:00,6u6LJuLiErbWA5WTFXsWRfYbepJwiWuUgLpBj1WKQBgU,solana,Pump.fun,ANw2fMoatEwvVU2KNiegioNua9wKBiFJdvWWywv5pump,DOOB,So11111111111111111111111111111111111111112,SOL,2026-10-03T19:03:11Z,2.6245532105879356e-09,5.249106422,,4.0578,119.70206815336702,,,0.0,0.0,0.0,0.0,0.0,0.0,0,0,0,0,0,0,0,0,0,0,0,0,0,0,0,0,0,0,0,0,0,0,0,0,0.0,0.0,0.0,0.0,0.0,0.0,snapshot,,,,,,,/home/runner/work/Solana-Memecoin-Analysis/Solana-Memecoin-Analysis/data/cache/2026-10-05/000714258538_multi_pools_c1bf0d27ecc0.json,2
2026-10-05T00:02:58.856965+00:00,HNt9Yo78Wa5vvidz4XsB8KM2iVVf7xevazKFVqXUdZj,solana,Pump.fun,6dgTDHSKUefFEBbFAPd775Y9PLaUUBixXmpvjSmjpump,kittylick,So11111111111111111111111111111111111111112,SOL,2026-10-03T19:02:52Z,1.0073826140377638e-05,20147.88714,,7867.861,119.72884863416763,100.0,,0.0,0.0,0.0,0.0,0.0,0.0,0,0,0,0,0,0,0,0,0,0,0,0,0,0,0,0,0,0,0,0,0,0,0,0,0.0,0.0,0.0,0.0,0.0,0.0,snapshot,,,,,,,/home/runner/work/Solana-Memecoin-Analysis/Solana-Memecoin-Analysis/data/cache/2026-10-05/000714258538_multi_pools_c1bf0d27ecc0.json,2
2026-10-05T00:02:58.856965+00:00,GSPHDY8myo9L1kVez74MGckY5ebjXriiJAesZytN3U6t,solana,Pump.fun,CUfsGDwx8HBt8apA9jPHG2DDW95rL6qTFYvB9rfGpump,INU,So11111111111111111111111111111111111111112,SOL,2026-10-03T19:12:26Z,3.394002956803231e-06,3393.9925162634,,2694.1343,121.38555727711957,100.0,,0.0,0.0,0.0,0.0,0.1796971154,0.320422369,0,0,0,0,0,0,0,0,0,0,0,0,0,0,0,0,0,1,0,1,1,2,1,2,0.0,0.0,0.0,0.0,0.0,0.349,snapshot,,,,,,,/home/runner/work/Solana-Memecoin-Analysis/Solana-Memecoin-Analysis/data/cache/2026-10-05/000714258538_multi_pools_c1bf0d27ecc0.json,2
2026-10-05T00:02:58.856965+00:00,DtujButhBnuKKkZQhiEwtKW28qmBA9H7smpJyKGxKxGi,solana,Meteora DBC,62SZKZwnvNJTHeosXbMmUVpJY5m1DgFWTZv8k21B1Zfj,CLAUDIA,So11111111111111111111111111111111111111112,SOL,2026-10-03T19:12:18Z,5.2021441094083755e-12,0.004007891425,,0.0,119.64929735374304,,,0.0,0.0,0.0,0.0,0.0,0.0,0,0,0,0,0,0,0,0,0,0,0,0,0,0,0,0,0,0,0,0,0,0,0,0,0.0,0.0,0.0,0.0,0.0,0.0,snapshot,,,,,,,/home/runner/work/Solana-Memecoin-Analysis/Solana-Memecoin-Analysis/data/cache/2026-10-05/000714258538_multi_pools_c1bf0d27ecc0.json,2
2026-10-05T00:02:58.856965+00:00,22GGD6a6LRHp2qjZr2auJSzoQDuLpgiUoALZT6KxuCnT,solana,Pump.fun,FLc5hFjNE2VYCC3xbdDsoEskHzm5N4d5B7ss3iMNCVyC,SATOGAMES,So11111111111111111111111111111111111111112,SOL,2026-10-03T19:12:15Z,3.38176870945918e-06,3381.768709,,2694.0371,120.95229092691937,,,0.0,0.0,0.0,0.0,0.0,0.1361829663,0,0,0,0,0,0,0,0,0,0,0,0,0,0,0,0,0,0,0,0,1,1,1,1,0.0,0.0,0.0,0.0,0.0,0.0,snapshot,,,,,,,/home/runner/work/Solana-Memecoin-Analysis/Solana-Memecoin-Analysis/data/cache/2026-10-05/000714258538_multi_pools_c1bf0d27ecc0.json,2
2026-10-05T00:02:58.856965+00:00,6SCL35L8z3DzxZWC5rVxSqTnAbW1DcSMh79QpJ2jsHoz,solana,Pump.fun,GaaVK4GtCU3MaCiTZ4usETxioRdG7T6tGZxL9UpMiWsQ,KIBBLE,So11111111111111111111111111111111111111112,SOL,2026-10-03T19:20:14Z,3.5050650632004094e-06,3505.065063,,2775.2799,121.45601854297882,100.0,,0.0,0.0,6.4403754217,18.8752093852,18.8752093852,60986.1044166804,0,0,0,0,0,0,0,0,0,1,0,1,0,2,0,2,0,2,0,2,530,472,256,265,0.0,0.0,0.0,-0.634,-0.634,-10.298,snapshot,,,,,,,/home/runner/work/Solana-Memecoin-Analysis/Solana-Memecoin-Analysis/data/cache/2026-10-05/000714258538_multi_pools_c1bf0d27ecc0.json,2
2026-10-05T00:02:58.856965+00:00,HJptHs2qw3sLwCjuMk3USdo7HJiNLBv71MncEsYofD7z,solana,Pump.fun,3jkGpCa5Npn38vGBkWkeCLnixqVPdSaQakahm7ykgzbV,GORK,So11111111111111111111111111111111111111112,SOL,2026-10-03T19:20:12Z,3.381773287941595e-06,3381.773288,,2694.0371,120.95246234104957,,,0.0,0.0,0.0,0.0,0.0,246.2308151482,0,0,0,0,0,0,0,0,0,0,0,0,0,0,0,0,0,0,0,0,3,3,3,3,0.0,0.0,0.0,0.0,0.0,-5.718,snapshot,,,,,,,/home/runner/work/Solana-Memecoin-Analysis/Solana-Memecoin-Analysis/data/cache/2026-10-05/000714258538_multi_pools_c1bf0d27ecc0.json,2
2026-10-05T00:02:58.856965+00:00,FDoQLg4UU8i816gDJHbQxNcYvgeYvt9uNSryUFgqwbUi,solana,Pump.fun,6qkAXAtSaNSysebN2yGU5tGw42LxJbT3Tzh2AZt8pump,NOVBEAR,So11111111111111111111111111111111111111112,SOL,2026-10-03T19:20:11Z,9.32989318392344e-06,18659.786368,,7458.4711,119.70283452292611,,,0.0,0.0,0.0,0.0,0.0,0.0,0,0,0,0,0,0,0,0,0,0,0,0,0,0,0,0,0,0,0,0,0,0,0,0,0.0,0.0,0.0,0.0,0.0,0.0,snapshot,,,,,,,/home/runner/work/Solana-Memecoin-Analysis/Solana-Memecoin-Analysis/data/cache/2026-10-05/000714258538_multi_pools_c1bf0d27ecc0.json,2
2026-10-05T00:02:58.856965+00:00,2FB5tppMj8jhLFnxEPeL7uf5D7Dms85NL3Yx7Hi8HPHp,solana,Pump.fun,Aro4DqMtcYyCXzcpt57uCKrcdiifpkXUDUeu4fGLpump,tung,So11111111111111111111111111111111111111112,SOL,2026-10-03T19:20:10Z,4.895687795812028e-05,48618.5416861253,,0.0,119.7011530731543,100.0,,0.0,0.0,0.0,0.0,0.0,0.0,0,0,0,0,0,0,0,0,0,0,0,0,0,0,0,0,0,0,0,0,0,0,0,0,0.0,0.0,0.0,0.0,0.0,0.0,snapshot,,,,,,,/home/runner/work/Solana-Memecoin-Analysis/Solana-Memecoin-Analysis/data/cache/2026-10-05/000714258538_multi_pools_c1bf0d27ecc0.json,2
2026-10-05T00:02:58.856965+00:00,CttiPqymM57xJ2bKPXPYYW8xFhgvnMH2C6BSFZcZZtA2,solana,Pump.fun,6ehCiQi6ACNJc1CKR5DKm4bqNj6mr3VXLv5fj93Ypump,Agriрepe,So11111111111111111111111111111111111111112,SOL,2026-10-03T19:20:11Z,3.3817468049847394e-06,3381.757103,,2694.0128,120.95280374785176,,,0.0,0.0,0.0,0.0,0.0,0.07944047102,0,0,0,0,0,0,0,0,0,0,0,0,0,0,0,0,0,0,0,0,1,1,1,1,0.0,0.0,0.0,0.0,0.0,0.0,snapshot,,,,,,,/home/runner/work/Solana-Memecoin-Analysis/Solana-Memecoin-Analysis/data/cache/2026-10-05/000714258538_multi_pools_c1bf0d27ecc0.json,2
2026-10-05T00:02:58.856965+00:00,FXLYw2hE7DSU9zqwX6r5kUZzx2qpWDuMRoyNTVx9MPfR,solana,Pump.fun,D4nXnET9aYeZWNqJdDn3uRCsGaSEfMwaaEb6hJcFpump,MAVENA,So11111111111111111111111111111111111111112,SOL,2026-10-03T19:29:13Z,3.500395759109701e-06,3500.395759,,2779.1667,121.28444292253862,100.0,,0.0,0.0,0.0,0.0,0.0,117.3913618484,0,0,0,0,0,0,0,0,0,0,0,0,0,0,0,0,0,0,0,0,0,1,0,1,0.0,0.0,0.0,0.0,0.0,0.0,snapshot,,,,,,,/home/runner/work/Solana-Memecoin-Analysis/Solana-Memecoin-Analysis/data/cache/2026-10-05/000714258538_multi_pools_c1bf0d27ecc0.json,2
2026-10-05T00:02:58.856965+00:00,LcgyaLUAQ9y2g9BEAvaaGnigtdsTwGFgUKHEozkCcFu,solana,Pump.fun,H4GKXYDeriVR7RuWjh2Ke3WatVgWtrJPAkgj5Hmtpump,beer,So11111111111111111111111111111111111111112,SOL,2026-10-03T19:28:59Z,1.7290778926537135e-06,3458.155786,,1394.1182,119.71790805193442,100.0,,0.0,0.0,0.0,0.0,0.0,0.0,0,0,0,0,0,0,0,0,0,0,0,0,0,0,0,0,0,0,0,0,0,0,0,0,0.0,0.0,0.0,0.0,0.0,0.0,snapshot,,,,,,,/home/runner/work/Solana-Memecoin-Analysis/Solana-Memecoin-Analysis/data/cache/2026-10-05/000714258538_multi_pools_c1bf0d27ecc0.json,2
2026-10-05T00:02:58.856965+00:00,C2agfYkMTrQp9G34KXcX5J44eLuUseqySZmkQUQ2fXK7,solana,PumpSwap,H7TuvDxEKygh27zGfGcjKG8JGWgrbyKpPtvJEpGosfas,CLAUDIA,So11111111111111111111111111111111111111112,SOL,2026-10-03T15:34:50Z,0.0003792038022077416,355498.22653071,355498.227385687,69210.9044,121.33029318279821,100.0,,343.9000957655,3761.3080187348,6682.1964052133,10202.651777029,244021.476922131,2873772.30883608,3,4,3,3,40,40,35,27,70,85,51,47,133,173,79,87,1291,1725,640,811,13077,13368,4253,5498,1.441,-7.812,-8.479,-10.348,4.437,-68.326,snapshot,,,,,,,/home/runner/work/Solana-Memecoin-Analysis/Solana-Memecoin-Analysis/data/cache/2026-10-05/000714258538_multi_pools_c1bf0d27ecc0.json,2
2026-10-05T00:02:58.856965+00:00,7mPfGSGBjERdwtUQ96TP5o68N6Beft4XF3TRsHr52doN,solana,Meteora DAMM V2,6sMfyrC3yPhS3dA6nRckgwDRxhrbLYaos8ErijUqpump,Aiden,So11111111111111111111111111111111111111112,SOL,2026-10-03T19:37:42Z,0.0030026491025992226,5555169.61416802,,0.0243,119.53963863458779,100.0,,0.0,0.0,0.0,0.0,0.0,0.0,0,0,0,0,0,0,0,0,0,0,0,0,0,0,0,0,0,0,0,0,0,0,0,0,0.0,0.0,0.0,0.0,0.0,0.0,snapshot,,,,,,,/home/runner/work/Solana-Memecoin-Analysis/Solana-Memecoin-Analysis/data/cache/2026-10-05/000714258538_multi_pools_c1bf0d27ecc0.json,2
2026-10-05T00:02:58.856965+00:00,6h3xNXByuuD4eJeWRxf47WHoBYFSJnjq2MD7EcVJhLDc,solana,Meteora DAMM V2,HnMMbjqN17XSfBxQ4tPbc3GDak9oty3FsC4LdseF8V8g,CLAUDIA,So11111111111111111111111111111111111111112,SOL,2026-10-03T19:37:40Z,4.3120254896222124e-05,33204.6467152134,,3.682196114e-05,119.88762228836153,,,0.0,0.0,0.0,0.0,0.0,0.0,0,0,0,0,0,0,0,0,0,0,0,0,0,0,0,0,0,0,0,0,0,0,0,0,0.0,0.0,0.0,0.0,0.0,0.0,snapshot,,,,,,,/home/runner/work/Solana-Memecoin-Analysis/Solana-Memecoin-Analysis/data/cache/2026-10-05/000714258538_multi_pools_c1bf0d27ecc0.json,2
2026-10-05T00:02:58.856965+00:00,EPewbiASY3P1vV11yXFmtCQu68RdLQ6CCMy1tv6f6RBQ,solana,Pump.fun,BhWeSLq8UPMd9jSsoaRjguRLBhA3ZrmavTasUkTpump,GrenCAT,So11111111111111111111111111111111111111112,SOL,2026-10-03T19:37:41Z,4.375774435990324e-06,8751.548872,,3516.1473,119.59772464193391,,,0.0,0.0,0.0,0.0,0.0,0.0,0,0,0,0,0,0,0,0,0,0,0,0,0,0,0,0,0,0,0,0,0,0,0,0,0.0,0.0,0.0,0.0,0.0,0.0,snapshot,,,,,,,/home/runner/work/Solana-Memecoin-Analysis/Solana-Memecoin-Analysis/data/cache/2026-10-05/000714258538_multi_pools_c1bf0d27ecc0.json,2
2026-10-05T00:02:58.856965+00:00,CDDMBYgdTdk8dCbD5JHnzEgTGk78U97r5y9xuWPMYiqm,solana,PumpSwap,72yTvjxQXHfpwrr5WfTHZ84VuEmU6g9hAbc5HB6Apump,MOON,So11111111111111111111111111111111111111112,SOL,2026-10-03T19:37:31Z,0.00448108804018644,4481088.04,,6.414991555e-07,119.86910507498729,100.0,,0.0,0.0,0.0,0.0,0.0,0.0,0,0,0,0,0,0,0,0,0,0,0,0,0,0,0,0,0,0,0,0,0,0,0,0,0.0,0.0,0.0,0.0,0.0,0.0,snapshot,,,,,,,/home/runner/work/Solana-Memecoin-Analysis/Solana-Memecoin-Analysis/data/cache/2026-10-05/000714258538_multi_pools_c1bf0d27ecc0.json,2
2026-10-05T00:02:58.856965+00:00,G63Bj9zG9dsHwprm3AMqRBYWxNM1JLJ31ddSpePsigN7,solana,Pump.fun,HwRg3nKUWyRY8egPWLRiT7hzLHGRtBsY8uuHsv7rR8RV,BALD,So11111111111111111111111111111111111111112,SOL,2026-10-03T19:37:23Z,3.39490995497402e-06,3394.909955,,2899.4167,119.59761882918171,100.0,,0.0,0.0,0.0,0.0,0.0,0.0,0,0,0,0,0,0,0,0,0,0,0,0,0,0,0,0,0,0,0,0,0,0,0,0,0.0,0.0,0.0,0.0,0.0,0.0,snapshot,,,,,,,/home/runner/work/Solana-Memecoin-Analysis/Solana-Memecoin-Analysis/data/cache/2026-10-05/000729378344_multi_pools_d691a503e11e.json,2
2026-10-05T00:02:58.856965+00:00,oAnup7o4Ae5ZCBxuuY8W5z2n9Wn3D4UKQGWYLCd43QG,solana,Pump.fun,EjoCGmo6P6p6wVG45YSVQMmkQYtqCmGecqTCxDwspump,SCAT,So11111111111111111111111111111111111111112,SOL,2026-10-03T19:37:21Z,3.346499481665668e-06,3346.499482,,2693.1923,119.65364457622962,,,0.0,0.0,0.0,0.0,0.0,0.0,0,0,0,0,0,0,0,0,0,0,0,0,0,0,0,0,0,0,0,0,0,0,0,0,0.0,0.0,0.0,0.0,0.0,0.0,snapshot,,,,,,,/home/runner/work/Solana-Memecoin-Analysis/Solana-Memecoin-Analysis/data/cache/2026-10-05/000729378344_multi_pools_d691a503e11e.json,2
2026-10-05T00:02:58.856965+00:00,DRpkWZfuSuV6EaZLmvh9rtfUng3Bt6UbEE4gL5sugpyJ,solana,Pump.fun,2PGMzEzbzgTwwWPHnTA2cMMwtLozj8VFysWoA6nDpump,nothing,So11111111111111111111111111111111111111112,SOL,2026-10-03T19:45:20Z,3.3604490957676337e-06,3412.532924,,4005.2943,119.57797971756307,,,0.0,0.0,0.0,0.0,0.0,0.0,0,0,0,0,0,0,0,0,0,0,0,0,0,0,0,0,0,0,0,0,0,0,0,0,0.0,0.0,0.0,0.0,0.0,0.0,snapshot,,,,,,,/home/runner/work/Solana-Memecoin-Analysis/Solana-Memecoin-Analysis/data/cache/2026-10-05/000729378344_multi_pools_d691a503e11e.json,2
2026-10-05T00:02:58.856965+00:00,8LRExDKgDVQkdzeQr3vk4jdxJSidb7yeMozYkd3mPaU,solana,Pump.fun,aLSwsJLxvZ1n2JipkCdvsnhnc46V4PWGKABT4N8pump,NOFLY,So11111111111111111111111111111111111111112,SOL,2026-10-03T19:45:10Z,3.3742354897247846e-06,3374.23549,,2693.0952,120.64952448156882,100.0,,0.0,0.0,0.0,0.0,1.0689578031,4.3015986075,0,0,0,0,0,0,0,0,0,0,0,0,0,0,0,0,0,1,0,1,0,2,0,1,0.0,0.0,0.0,0.0,0.0,-0.788,snapshot,,,,,,,/home/runner/work/Solana-Memecoin-Analysis/Solana-Memecoin-Analysis/data/cache/2026-10-05/000729378344_multi_pools_d691a503e11e.json,2
2026-10-05T00:02:58.856965+00:00,FiKn6LEmnu2W8YYFmgacMfCEChLMwg9WHGAcCstdUurs,solana,Pump.fun,DW8sJSpGfuXfGoUDwFpncC7AMd99jWdfpdFmAT75Nay,malfoid,So11111111111111111111111111111111111111112,SOL,2026-10-03T19:45:15Z,4.9155641904972664e-05,49155.6419,,0.0,119.83123293168033,,,0.0,0.0,0.0,0.0,0.0,0.0,0,0,0,0,0,0,0,0,0,0,0,0,0,0,0,0,0,0,0,0,0,0,0,0,0.0,0.0,0.0,0.0,0.0,0.0,snapshot,,,,,,,/home/runner/work/Solana-Memecoin-Analysis/Solana-Memecoin-Analysis/data/cache/2026-10-05/000729378344_multi_pools_d691a503e11e.json,2
2026-10-05T00:02:58.856965+00:00,4No49WBgy3i37G69Ebntg6DB8Mb4kQtEWGCqWXQB72AW,solana,Pump.fun,6mahtAgpdVib98Fh4aaKZHCgRDDn1fzRyznDSZkCpump,WINNER,So11111111111111111111111111111111111111112,SOL,2026-10-03T19:54:33Z,1.2556034897096444e-07,251.120698,,80.025,119.73435969700284,,,0.0,0.0,0.0,0.0,0.0,0.0,0,0,0,0,0,0,0,0,0,0,0,0,0,0,0,0,0,0,0,0,0,0,0,0,0.0,0.0,0.0,0.0,0.0,0.0,snapshot,,,,,,,/home/runner/work/Solana-Memecoin-Analysis/Solana-Memecoin-Analysis/data/cache/2026-10-05/000729378344_multi_pools_d691a503e11e.json,2
2026-10-05T00:02:58.856965+00:00,48uN9xe8b6gmAEymdfgQp3SSLDELGH78hPfhKjj6ZLLY,solana,Pump.fun,2Jrkp1PWkz33BAy5s5MUwqUs5odMgYj1fZYaxC8RygpG,SATOSHI,So11111111111111111111111111111111111111112,SOL,2026-10-03T19:54:32Z,4.987525774146274e-05,49875.25774,,0.0,121.61545709251429,100.0,,0.0,0.0,0.0,0.0,0.0,70558.3212064632,0,0,0,0,0,0,0,0,0,0,0,0,0,0,0,0,0,0,0,0,908,518,410,270,0.0,0.0,0.0,0.0,0.0,479.273,snapshot,,,,,,,/home/runner/work/Solana-Memecoin-Analysis/Solana-Memecoin-Analysis/data/cache/2026-10-05/000729378344_multi_pools_d691a503e11e.json,2
2026-10-05T00:02:58.856965+00:00,5Gm4SE61nZ513rpr7DFHK7UfDuxPFdxWykmYTvM929Sc,solana,Pump.fun,AP3NcmQ1yNfBaDTwKSXu1NhsneFpK4Rpavo7zqr91TEY,JARVIS,So11111111111111111111111111111111111111112,SOL,2026-10-03T19:54:31Z,4.4893846278755595e-05,46945.1654031703,,0.0,119.85920716171225,,,0.0,0.0,0.0,0.0,0.0,10960.9142473236,0,0,0,0,0,0,0,0,0,0,0,0,0,0,0,0,0,0,0,0,98,52,65,37,0.0,0.0,0.0,0.0,0.0,166.996,snapshot,,,,,,,/home/runner/work/Solana-Memecoin-Analysis/Solana-Memecoin-Analysis/data/cache/2026-10-05/000729378344_multi_pools_d691a503e11e.json,2
2026-10-05T00:02:58.856965+00:00,6qQK9twxxZZBEz5UU8rkTo8YUsZdtc86JHfi2uCyEwqi,solana,Meteora DAMM V2,47NKykdw5KctLpB4QvSwWVMJc89pUhnGAoPnkVKdVTgg,humancoin,So11111111111111111111111111111111111111112,SOL,2026-10-03T19:54:24Z,6.694140426793778e-10,0.6693947963,,1.2263,119.67713690198819,,,0.0,0.0,0.0,0.0,0.0,0.009333859261,0,0,0,0,0,0,0,0,0,0,0,0,0,0,0,0,0,0,0,0,0,1,0,1,0.0,0.0,0.0,0.0,0.0,0.0,snapshot,,,,,,,/home/runner/work/Solana-Memecoin-Analysis/Solana-Memecoin-Analysis/data/cache/2026-10-05/000729378344_multi_pools_d691a503e11e.json,2
2026-10-05T00:02:58.856965+00:00,4wP9CQ2R1WAqL75mdEAj3ZFWN9NDtdYUvGfLMox5m8aL,solana,Pump.fun,GsXMCLWWjoeUwLfVV5H2tNRBrsVxzoKTZ3oFnDtUpump,CCAT,So11111111111111111111111111111111111111112,SOL,2026-10-03T19:54:17Z,3.388323128681725e-06,3388.3132024561,,2704.7754,120.62910480804577,100.0,,0.0,0.0,0.0,0.0,0.0,57.1254400341,0,0,0,0,0,0,0,0,0,0,0,0,0,0,0,0,0,0,0,0,0,2,0,2,0.0,0.0,0.0,0.0,0.0,-1.338,snapshot,,,,,,,/home/runner/work/Solana-Memecoin-Analysis/Solana-Memecoin-Analysis/data/cache/2026-10-05/000729378344_multi_pools_d691a503e11e.json,2
2026-10-05T00:02:58.856965+00:00,8dAM78oLAkwJhAX64mpaBCEkqdyTTGXTV92gNeqTqiRg,solana,Meteora DBC,5nHW7dxTjdWv7MimgZGuF6RB15ifnquEQjeazkSxswap,LMAO,So11111111111111111111111111111111111111112,SOL,2026-10-03T19:54:16Z,3.6189084573405626e-06,3818.872318,,3498.9443,119.72938769498542,,,0.0,0.0,0.0,0.0,0.0,0.0,0,0,0,0,0,0,0,0,0,0,0,0,0,0,0,0,0,0,0,0,0,0,0,0,0.0,0.0,0.0,0.0,0.0,0.0,snapshot,,,,,,,/home/runner/work/Solana-Memecoin-Analysis/Solana-Memecoin-Analysis/data/cache/2026-10-05/000729378344_multi_pools_d691a503e11e.json,2
2026-10-05T00:02:58.856965+00:00,8oAvRHHK8d1ze81tp8EibUcw6ivW8mLGsWtTVSHFGuRK,solana,Raydium Launchlab,28bsnH3g1WRFWD6cT8MtMSHwgPhoLCL4CiDwXhojSf7c,MECH,So11111111111111111111111111111111111111112,SOL,2026-10-03T20:02:58Z,9.045417081334826e-07,904.5417081,,916.2625,119.87193009556034,,,0.0,0.0,0.0,0.0,0.0,0.0,0,0,0,0,0,0,0,0,0,0,0,0,0,0,0,0,0,0,0,0,0,0,0,0,0.0,0.0,0.0,0.0,0.0,0.0,snapshot,,,,,,,/home/runner/work/Solana-Memecoin-Analysis/Solana-Memecoin-Analysis/data/cache/2026-10-05/000729378344_multi_pools_d691a503e11e.json,2
2026-10-05T00:02:58.856965+00:00,4kJQZeS53sV9qRqkt4zR3Fx11q7uARyf1KS17vYxDeNw,solana,Pump.fun,C8ANKimZbofi75QetFeAAMNcTjKLtsA2YnTdPN5kpump,$PLUG🔌,So11111111111111111111111111111111111111112,SOL,2026-10-03T20:02:52Z,2.8357649193380775e-07,567.1529838,,233.4943,119.85052305645983,100.0,,0.0,0.0,0.0,0.0,0.0,0.0,0,0,0,0,0,0,0,0,0,0,0,0,0,0,0,0,0,0,0,0,0,0,0,0,0.0,0.0,0.0,0.0,0.0,0.0,snapshot,,,,,,,/home/runner/work/Solana-Memecoin-Analysis/Solana-Memecoin-Analysis/data/cache/2026-10-05/000729378344_multi_pools_d691a503e11e.json,2
2026-10-05T00:02:58.856965+00:00,GturhrLo27H3nXk4bVLDDrcq3jspaYmntcsErguxfCG9,solana,Meteora DAMM V2,Fe4rK6hNRvBEHEZcYTtgkoeRL8aPBHE7zyV2XAt1uzQJ,SWORDDOG,So11111111111111111111111111111111111111112,SOL,2026-10-03T20:02:51Z,4.5442052439832467e-10,0.6251889907,,0.7649,119.56151392458906,100.0,,0.0,0.0,0.0,0.0,0.0,0.0,0,0,0,0,0,0,0,0,0,0,0,0,0,0,0,0,0,0,0,0,0,0,0,0,0.0,0.0,0.0,0.0,0.0,0.0,snapshot,,,,,,,/home/runner/work/Solana-Memecoin-Analysis/Solana-Memecoin-Analysis/data/cache/2026-10-05/000729378344_multi_pools_d691a503e11e.json,2
2026-10-05T00:02:58.856965+00:00,6GAjwq2nDKnWkNfruurEX6Z1RJnjFprHLU5X1pzkg6ff,solana,Pump.fun,6Dn7tGocv4WzCEuZjLSNPHTDW4bxkY7pEfxwQxzgpump,$JEANCAT,So11111111111111111111111111111111111111112,SOL,2026-10-03T20:02:44Z,2.4175484898105036e-07,483.509698,,213.5943,119.83191791392304,100.0,,0.0,0.0,0.0,0.0,0.0,0.0,0,0,0,0,0,0,0,0,0,0,0,0,0,0,0,0,0,0,0,0,0,0,0,0,0.0,0.0,0.0,0.0,0.0,0.0,snapshot,,,,,,,/home/runner/work/Solana-Memecoin-Analysis/Solana-Memecoin-Analysis/data/cache/2026-10-05/000729378344_multi_pools_d691a503e11e.json,2
2026-10-05T00:02:58.856965+00:00,VYC29H4MLKFN9YdSveEyfaZ7RDK5tkbXBMspvEvEE8R,solana,Pump.fun,M9w9LVyHn4TyjdK9o2NrrTuXYF3ie8M2PFG9GKJpump,Block,So11111111111111111111111111111111111111112,SOL,2026-10-03T20:02:41Z,3.398009875797975e-06,3398.009876,,2692.4517,121.52904796918277,100.0,,0.0,0.0,0.0,0.0,0.0,0.1940816465,0,0,0,0,0,0,0,0,0,0,0,0,0,0,0,0,0,0,0,0,0,1,0,1,0.0,0.0,0.0,0.0,0.0,0.0,snapshot,,,,,,,/home/runner/work/Solana-Memecoin-Analysis/Solana-Memecoin-Analysis/data/cache/2026-10-05/000729378344_multi_pools_d691a503e11e.json,2
2026-10-05T00:02:58.856965+00:00,CShZ8mVfotgDnHtw9n7Qu3rQB2riTu4mPWYaVbtcmBq3,solana,Pump.fun,48fj4URR6EtqW7k9VFuAXBbaYcX2xVjM4WffctpApump,Settle,So11111111111111111111111111111111111111112,SOL,2026-10-03T20:02:32Z,3.371994323204035e-06,3371.994323,,2706.0381,119.99274414629811,,,0.0,0.0,0.0,0.0,0.0,0.0,0,0,0,0,0,0,0,0,0,0,0,0,0,0,0,0,0,0,0,0,0,0,0,0,0.0,0.0,0.0,0.0,0.0,0.0,snapshot,,,,,,,/home/runner/work/Solana-Memecoin-Analysis/Solana-Memecoin-Analysis/data/cache/2026-10-05/000729378344_multi_pools_d691a503e11e.json,2
2026-10-05T00:02:58.856965+00:00,AahrbC5vBE7E5FmHAcTuPMTZV6P5zKGNVk1kws1tJ4at,solana,Pump.fun,3jgu4MLF1GGENN6wQiTcMAiH4kowmfsQ2c28DirbMhSo,water,So11111111111111111111111111111111111111112,SOL,2026-10-03T20:12:48Z,3.5020685382494985e-06,3579.372054,,2752.2367,119.82895351321743,,,0.0,0.0,0.0,0.0,0.0,0.0,0,0,0,0,0,0,0,0,0,0,0,0,0,0,0,0,0,0,0,0,0,0,0,0,0.0,0.0,0.0,0.0,0.0,0.0,snapshot,,,,,,,/home/runner/work/Solana-Memecoin-Analysis/Solana-Memecoin-Analysis/data/cache/2026-10-05/000729378344_multi_pools_d691a503e11e.json,2
2026-10-05T00:02:58.856965+00:00,HoTZL7T7HpbJL1NVSE4K43VWqZGgtn4Xqkh6wmWYwf9N,solana,Pump.fun,6Cy1qBdVnNDiXWYcDNP88mfdZte19BhqUyqNK5TWpump,GrenCAT,So11111111111111111111111111111111111111112,SOL,2026-10-03T20:12:38Z,4.390459329702671e-06,8780.91866,,3517.2279,119.90413675638949,,,0.0,0.0,0.0,0.0,0.0,0.0,0,0,0,0,0,0,0,0,0,0,0,0,0,0,0,0,0,0,0,0,0,0,0,0,0.0,0.0,0.0,0.0,0.0,0.0,snapshot,,,,,,,/home/runner/work/Solana-Memecoin-Analysis/Solana-Memecoin-Analysis/data/cache/2026-10-05/000729378344_multi_pools_d691a503e11e.json,2
2026-10-05T00:02:58.856965+00:00,9jVHJExmBDEy1jLLpw2tuqJCWbfyoR4FXSYPRNJTgsQ8,solana,Meteora DBC,14m2Qs2fX2n3fZbnRiWwxTVnfNJYZvdvbpoYRrpbTNzu,SPEC,So11111111111111111111111111111111111111112,SOL,2026-10-03T20:12:35Z,5.96164919856832e-12,0.005961649199,,0.0,119.82913094979078,,,0.0,0.0,0.0,0.0,0.0,0.0,0,0,0,0,0,0,0,0,0,0,0,0,0,0,0,0,0,0,0,0,0,0,0,0,0.0,0.0,0.0,0.0,0.0,0.0,snapshot,,,,,,,/home/runner/work/Solana-Memecoin-Analysis/Solana-Memecoin-Analysis/data/cache/2026-10-05/000729378344_multi_pools_d691a503e11e.json,2
2026-10-05T00:02:58.856965+00:00,BT8QzXixgayFGxYub3jEGtCBN5nrsSn8cSQFY9SU8wQd,solana,Pump.fun,8yMW7yJSjeVvpyYarbJ4SQKwYczoqou26d4skJSDpump,BRAIN,So11111111111111111111111111111111111111112,SOL,2026-10-03T20:12:29Z,3.3510754587279733e-06,3351.075459,,2694.6857,119.75063138007616,,,0.0,0.0,0.0,0.0,0.0,0.0,0,0,0,0,0,0,0,0,0,0,0,0,0,0,0,0,0,0,0,0,0,0,0,0,0.0,0.0,0.0,0.0,0.0,0.0,snapshot,,,,,,,/home/runner/work/Solana-Memecoin-Analysis/Solana-Memecoin-Analysis/data/cache/2026-10-05/000729378344_multi_pools_d691a503e11e.json,2
2026-10-05T00:02:58.856965+00:00,Gg1aBfm4WSYUvD17AmWpTZSMzXpwMM9Fx2c6Cb6gFWiW,solana,Pump.fun,GMrdj3X6SsqufhhsZFLMV4PWNyCLgsJd2aZt2A6jpump,$NNAI,So11111111111111111111111111111111111111112,SOL,2026-10-03T20:12:24Z,2.4942995331091847e-08,49.88599066,,16.4154,119.67128398949096,,,0.0,0.0,0.0,0.0,0.0,0.0,0,0,0,0,0,0,0,0,0,0,0,0,0,0,0,0,0,0,0,0,0,0,0,0,0.0,0.0,0.0,0.0,0.0,0.0,snapshot,,,,,,,/home/runner/work/Solana-Memecoin-Analysis/Solana-Memecoin-Analysis/data/cache/2026-10-05/000729378344_multi_pools_d691a503e11e.json,2
2026-10-05T00:02:58.856965+00:00,CpFYmqZaDCrkNoNxfeJvw2cbzxmF2bSANy26iukLJqS7,solana,Pump.fun,PSeAhah1z6Ta3P1rg8VUrFi1aenactB8o3Ph6ADpump,CHAROC,So11111111111111111111111111111111111111112,SOL,2026-10-03T20:21:50Z,6.5080267947243756e-06,13016.05359,,5094.7424,119.91565196874785,,,0.0,0.0,0.0,0.0,0.0,0.0,0,0,0,0,0,0,0,0,0,0,0,0,0,0,0,0,0,0,0,0,0,0,0,0,0.0,0.0,0.0,0.0,0.0,0.0,snapshot,,,,,,,/home/runner/work/Solana-Memecoin-Analysis/Solana-Memecoin-Analysis/data/cache/2026-10-05/000729378344_multi_pools_d691a503e11e.json,2
2026-10-05T00:02:58.856965+00:00,9hytHDWAhB9viTRnDzQEnKKkPE4j8kY94y2GmKh6MKsf,solana,StonkFun,BbtXjzzZDWuqhu5XimUv12HMiaw8FYgWZ85B8a9AQ12h,VNVDA,Xsc9qvGR1efVDFGLrVsmkzv3qi45LTBjeUKSPmx9qEh,NVDAx,2026-10-03T20:21:48Z,3.3713053259495463e-06,3371.305326,,3439.8605,234.75200314897535,,,0.0,0.0,0.0,0.0,0.0,0.0,0,0,0,0,0,0,0,0,0,0,0,0,0,0,0,0,0,0,0,0,0,0,0,0,0.0,0.0,0.0,0.0,0.0,0.0,snapshot,,,,,,,/home/runner/work/Solana-Memecoin-Analysis/Solana-Memecoin-Analysis/data/cache/2026-10-05/000729378344_multi_pools_d691a503e11e.json,2
2026-10-05T00:02:58.856965+00:00,6kQpb457EpiitFNtRyEBwyQqa8GFzkKKwjzKpvJCTtXR,solana,Pump.fun,FaUX2GurbWT2WbpPYjs63byNC3b7wa1xFr1wV63npump,$SLJK,So11111111111111111111111111111111111111112,SOL,2026-10-03T20:21:47Z,2.3073500783258568e-08,46.14700156,,15.4198,119.60092505464651,,,0.0,0.0,0.0,0.0,0.0,0.0,0,0,0,0,0,0,0,0,0,0,0,0,0,0,0,0,0,0,0,0,0,0,0,0,0.0,0.0,0.0,0.0,0.0,0.0,snapshot,,,,,,,/home/runner/work/Solana-Memecoin-Analysis/Solana-Memecoin-Analysis/data/cache/2026-10-05/000729378344_multi_pools_d691a503e11e.json,2
2026-10-05T00:02:58.856965+00:00,68RA5eGZSQvzuMtNRfnzyu7vddSqMWThdBGRvj6xfs9d,solana,Pump.fun,2yUrEXCSsdWQV4M31QaBpRz1pj3ETxgJeavcwXNopump,CHUBZ,So11111111111111111111111111111111111111112,SOL,2026-10-03T20:21:45Z,3.3513213232399394e-06,3351.321323,,2693.082,119.83066062819299,100.0,,0.0,0.0,0.0,0.0,0.0,0.0,0,0,0,0,0,0,0,0,0,0,0,0,0,0,0,0,0,0,0,0,0,0,0,0,0.0,0.0,0.0,0.0,0.0,0.0,snapshot,,,,,,,/home/runner/work/Solana-Memecoin-Analysis/Solana-Memecoin-Analysis/data/cache/2026-10-05/000729378344_multi_pools_d691a503e11e.json,2
2026-10-05T00:02:58.856965+00:00,42iEa6n1LBGGKsr4tf1YLvQk7CdQfe5SXwiKkVS1qSPu,solana,PumpSwap,CLRecUxD5a3RhgCHQae7Aeb8Zn4AQFdX5BwRz6Aqpump,Go,So11111111111111111111111111111111111111112,SOL,2026-10-03T20:21:44Z,7.716293997511497e-10,1.5432587996,,2.0519,119.6026273155915,100.0,,0.0,0.0,0.0,0.0,0.0,0.0,0,0,0,0,0,0,0,0,0,0,0,0,0,0,0,0,0,0,0,0,0,0,0,0,0.0,0.0,0.0,0.0,0.0,0.0,snapshot,,,,,,,/home/runner/work/Solana-Memecoin-Analysis/Solana-Memecoin-Analysis/data/cache/2026-10-05/000729378344_multi_pools_d691a503e11e.json,2
2026-10-05T00:02:58.856965+00:00,hzYsG1UjTJPQ4yqJTsK3Bxfh38vGorwFzNPRjJwW4x1,solana,Meteora DBC,FsMvZphj3EL15f727iEgteVdBBQbGDSUMEbjwCavGBWN,KASH,So11111111111111111111111111111111111111112,SOL,2026-10-03T20:21:42Z,3.457039670442305e-06,3457.03967,,3502.7416,119.92518143159928,,,0.0,0.0,0.0,0.0,0.0,0.0,0,0,0,0,0,0,0,0,0,0,0,0,0,0,0,0,0,0,0,0,0,0,0,0,0.0,0.0,0.0,0.0,0.0,0.0,snapshot,,,,,,,/home/runner/work/Solana-Memecoin-Analysis/Solana-Memecoin-Analysis/data/cache/2026-10-05/000729378344_multi_pools_d691a503e11e.json,2
2026-10-05T00:02:58.856965+00:00,4qah6ubHgFFLveL9Dq2wzEyPYJHRQz49TbQsgsHK1NWB,solana,Meteora DAMM V2,876ZEEg9MkPX9fPfwimJqDiXL6UVSTbLg5WjepLkpUUD,good,So11111111111111111111111111111111111111112,SOL,2026-10-03T20:21:40Z,6.553027477982757e-10,0.6552795514,,1.2991,119.7866412798865,,,0.0,0.0,0.0,0.0,0.0,0.009244294467,0,0,0,0,0,0,0,0,0,0,0,0,0,0,0,0,0,0,0,0,0,1,0,1,0.0,0.0,0.0,0.0,0.0,0.0,snapshot,,,,,,,/home/runner/work/Solana-Memecoin-Analysis/Solana-Memecoin-Analysis/data/cache/2026-10-05/000729378344_multi_pools_d691a503e11e.json,2
2026-10-05T00:02:58.856965+00:00,2tsL2aTHEZFDYX2mo7RE9JTCd7tcp64yUJHVeNYwcQpq,solana,Meteora DAMM V2,7gKYBt9Z1yGdZGPq8d1G7gHuGgps7EKepdBemnwntbim,ROBIN,So11111111111111111111111111111111111111112,SOL,2026-10-03T20:29:47Z,4.322415939331959e-10,0.4322415939,,0.8256,119.81610355934471,,,0.0,0.0,0.0,0.0,0.0,0.007734608749,0,0,0,0,0,0,0,0,0,0,0,0,0,0,0,0,0,0,0,0,0,1,0,1,0.0,0.0,0.0,0.0,0.0,0.0,snapshot,,,,,,,/home/runner/work/Solana-Memecoin-Analysis/Solana-Memecoin-Analysis/data/cache/2026-10-05/000729378344_multi_pools_d691a503e11e.json,2
2026-10-05T00:02:58.856965+00:00,4wcvUMVJcreYDVkhZVBejHVQQ6MGavCKgYH5REfvTm9Q,solana,Pump.fun,GCVJqf2UPiaMvi5wzHM5YhmQw9vq27XorcLcMBy3pump,$LA BEAST,So11111111111111111111111111111111111111112,SOL,2026-10-03T20:29:43Z,3.000028904903463e-07,600.005781,,192.2615,119.93550818305833,,,0.0,0.0,0.0,0.0,0.0,0.0,0,0,0,0,0,0,0,0,0,0,0,0,0,0,0,0,0,0,0,0,0,0,0,0,0.0,0.0,0.0,0.0,0.0,0.0,snapshot,,,,,,,/home/runner/work/Solana-Memecoin-Analysis/Solana-Memecoin-Analysis/data/cache/2026-10-05/000744248644_multi_pools_0a8eb63eac5b.json,2
2026-10-05T00:02:58.856965+00:00,5XoZBaPYogQNSGzzToJP3Y3hcVqu7PLWyZihKWXCqVaF,solana,Pump.fun,28C9hraygMTNifVy9QmLqncw1Ce2N836WUetyHLcpump,DERP,So11111111111111111111111111111111111111112,SOL,2026-10-03T20:29:39Z,4.2349918220493425e-06,8469.983644,,3368.9295,119.98509529101231,100.0,,0.0,0.0,0.0,0.0,0.0,0.0,0,0,0,0,0,0,0,0,0,0,0,0,0,0,0,0,0,0,0,0,0,0,0,0,0.0,0.0,0.0,0.0,0.0,0.0,snapshot,,,,,,,/home/runner/work/Solana-Memecoin-Analysis/Solana-Memecoin-Analysis/data/cache/2026-10-05/000744248644_multi_pools_0a8eb63eac5b.json,2
2026-10-05T00:02:58.856965+00:00,5ADvETC43iLQajVxRGA776zrpG1c3Pp1Ti89LYwTgeJ2,solana,Pump.fun,8gXbb2WZAjUFce1qpV94ZusfagahTTpEEGKTSJJ3pump,AFB,So11111111111111111111111111111111111111112,SOL,2026-10-03T20:29:34Z,3.238077439480614e-06,3238.077439,,2599.9563,119.9286741260435,,,0.0,0.0,0.0,0.0,0.0,0.0,0,0,0,0,0,0,0,0,0,0,0,0,0,0,0,0,0,0,0,0,0,0,0,0,0.0,0.0,0.0,0.0,0.0,0.0,snapshot,,,,,,,/home/runner/work/Solana-Memecoin-Analysis/Solana-Memecoin-Analysis/data/cache/2026-10-05/000744248644_multi_pools_0a8eb63eac5b.json,2
2026-10-05T00:02:58.856965+00:00,GByRXa57qCTWyE4cpzUDdARU2nCbS3rLArngGY8KQs8a,solana,PumpSwap,BytmgQKCXetufAZPSaFgpX6KMt4JL4QJDm7geFs9GjXf,STEVECOIN,So11111111111111111111111111111111111111112,SOL,2026-10-03T20:29:33Z,1.2612533094937262e-05,12612.5260502915,,0.0121,119.81406227127846,100.0,,0.0,0.0,0.0,0.0,0.0,0.0,0,0,0,0,0,0,0,0,0,0,0,0,0,0,0,0,0,0,0,0,0,0,0,0,0.0,0.0,0.0,0.0,0.0,0.0,snapshot,,,,,,,/home/runner/work/Solana-Memecoin-Analysis/Solana-Memecoin-Analysis/data/cache/2026-10-05/000744248644_multi_pools_0a8eb63eac5b.json,2
2026-10-05T00:02:58.856965+00:00,5LZjeQoCK7VWLP4hj7BaFHCknrZxbpvwLQSJ8L7pbXbK,solana,PumpSwap,7DyVKgR6fBdyXEJikfhrjcFjG16D9TswaFnTt385pump,DONT,So11111111111111111111111111111111111111112,SOL,2026-10-03T20:39:04Z,2.575623576132948e-10,0.5984394138,,1.1292,119.52241507187837,,,0.0,0.0,0.0,0.0,0.0,0.0,0,0,0,0,0,0,0,0,0,0,0,0,0,0,0,0,0,0,0,0,0,0,0,0,0.0,0.0,0.0,0.0,0.0,0.0,snapshot,,,,,,,/home/runner/work/Solana-Memecoin-Analysis/Solana-Memecoin-Analysis/data/cache/2026-10-05/000744248644_multi_pools_0a8eb63eac5b.json,2
2026-10-05T00:02:58.856965+00:00,AkLWnd2knHtYnaMEKgDGCjTYSiDsZqNLab7fWXtNrPJS,solana,Meteora DAMM V2,71j2Qix1jC7Meh8BBo3ueHTMsGqX3kfAHNL8rbdZqZ7X,STEVECOIN,So11111111111111111111111111111111111111112,SOL,2026-10-03T20:39:01Z,7.259068525659124e-05,72590.19114,,5.68364104328323e-05,119.89119494243748,0.0,,0.0,0.0,0.0,0.0,0.0,0.0,0,0,0,0,0,0,0,0,0,0,0,0,0,0,0,0,0,0,0,0,0,0,0,0,0.0,0.0,0.0,0.0,0.0,0.0,snapshot,,,,,,,/home/runner/work/Solana-Memecoin-Analysis/Solana-Memecoin-Analysis/data/cache/2026-10-05/000744248644_multi_pools_0a8eb63eac5b.json,2
2026-10-05T00:02:58.856965+00:00,5j3EKAnvXcftVWASQn5D2UUYBvJisoYdkSqJNMLzEVXZ,solana,Pump.fun,FCAf5h1EuZtNHXNBuBUZoB1XDwHjXKbTHm7tZz12jwst,GTA6,So11111111111111111111111111111111111111112,SOL,2026-10-03T20:39:00Z,3.3516414703668755e-06,3351.64147,,2693.1549,119.8392059413068,100.0,,0.0,0.0,0.0,0.0,0.0,0.0,0,0,0,0,0,0,0,0,0,0,0,0,0,0,0,0,0,0,0,0,0,0,0,0,0.0,0.0,0.0,0.0,0.0,0.0,snapshot,,,,,,,/home/runner/work/Solana-Memecoin-Analysis/Solana-Memecoin-Analysis/data/cache/2026-10-05/000744248644_multi_pools_0a8eb63eac5b.json,2
2026-10-05T00:02:58.856965+00:00,DcAa1oriB9vvbCsXTZYEHz3Hje2xJ8V1JGBF8MvwUBC4,solana,Pump.fun,DL9AdsLmBLjTBVAY7LPiCHF6H64kpYpWoKTrYgcJpump,AIORSI,So11111111111111111111111111111111111111112,SOL,2026-10-03T20:38:55Z,2.190044172350474e-06,4380.088344,,1689.9588,119.88730444258253,,,0.0,0.0,0.0,0.0,0.0,0.0,0,0,0,0,0,0,0,0,0,0,0,0,0,0,0,0,0,0,0,0,0,0,0,0,0.0,0.0,0.0,0.0,0.0,0.0,snapshot,,,,,,,/home/runner/work/Solana-Memecoin-Analysis/Solana-Memecoin-Analysis/data/cache/2026-10-05/000744248644_multi_pools_0a8eb63eac5b.json,2
2026-10-05T00:02:58.856965+00:00,8GuSCF7gTbzhWfkTXF2FZDHEkcrhrBF6G7zyofmFxj7d,solana,Pump.fun,J2SfQLPjtKDqXfitfJ4EPupzCqmsearqv5TcuBn7qVzE,Ponta,So11111111111111111111111111111111111111112,SOL,2026-10-03T20:38:53Z,3.2378183234713343e-06,3237.81832154,,2599.9563,119.91907724640781,,,0.0,0.0,0.0,0.0,0.0,0.0,0,0,0,0,0,0,0,0,0,0,0,0,0,0,0,0,0,0,0,0,0,0,0,0,0.0,0.0,0.0,0.0,0.0,0.0,snapshot,,,,,,,/home/runner/work/Solana-Memecoin-Analysis/Solana-Memecoin-Analysis/data/cache/2026-10-05/000744248644_multi_pools_0a8eb63eac5b.json,2
2026-10-05T00:02:58.856965+00:00,HtvJi9utzQ2tnXATVkENc9xt21Na3pqE9rJwpvWSWqXi,solana,Pump.fun,7SKaJDnC3w7k497vaJnJzAMhag5jcczHgR2rFRnJnA5,MIND,So11111111111111111111111111111111111111112,SOL,2026-10-03T20:38:51Z,3.3477758978628183e-06,3347.775898,,2693.7255,119.67574043019282,,,0.0,0.0,0.0,0.0,0.0,0.0,0,0,0,0,0,0,0,0,0,0,0,0,0,0,0,0,0,0,0,0,0,0,0,0,0.0,0.0,0.0,0.0,0.0,0.0,snapshot,,,,,,,/home/runner/work/Solana-Memecoin-Analysis/Solana-Memecoin-Analysis/data/cache/2026-10-05/000744248644_multi_pools_0a8eb63eac5b.json,2
2026-10-05T00:02:58.856965+00:00,FmuBsmKLoXS5fktDyN1C2zNEqDFwALoFEgX5pJuoUoVT,solana,Meteora DBC,5F37Agk99Y7aLnavoB9AUgLJ7Wgwof65foGs8JvUjups,Grokkybara,So11111111111111111111111111111111111111112,SOL,2026-10-03T20:38:48Z,5.450855216207831e-12,0.005450855216,,0.0,119.91879731433325,,,0.0,0.0,0.0,0.0,0.0,0.0,0,0,0,0,0,0,0,0,0,0,0,0,0,0,0,0,0,0,0,0,0,0,0,0,0.0,0.0,0.0,0.0,0.0,0.0,snapshot,,,,,,,/home/runner/work/Solana-Memecoin-Analysis/Solana-Memecoin-Analysis/data/cache/2026-10-05/000744248644_multi_pools_0a8eb63eac5b.json,2
2026-10-05T00:02:58.856965+00:00,HsvLWmELaDbhMR9P6FuMBsWcmKRgp1r4UM9z3DmTTKxb,solana,Pump.fun,C53QFLf4gkgypPfuiAC8RT6rQUhQCW1vRGQSyky5pump,Loopy,So11111111111111111111111111111111111111112,SOL,2026-10-03T20:38:48Z,3.343987064586785e-06,3343.987065,,2692.9727,119.57333250365747,100.0,,0.0,0.0,0.0,0.0,0.0,0.0,0,0,0,0,0,0,0,0,0,0,0,0,0,0,0,0,0,0,0,0,0,0,0,0,0.0,0.0,0.0,0.0,0.0,0.0,snapshot,,,,,,,/home/runner/work/Solana-Memecoin-Analysis/Solana-Memecoin-Analysis/data/cache/2026-10-05/000744248644_multi_pools_0a8eb63eac5b.json,2
2026-10-05T00:02:58.856965+00:00,jD3r74LDQBnyjBPhjVYSpkAH2SGenTMa6Ax7ZUS66my,solana,Pump.fun,548QHL9mVKo4fqm54hWqVmTcpjpHeLDzGQAEMYV3pump,$RATZ,So11111111111111111111111111111111111111112,SOL,2026-10-03T20:47:44Z,7.326578173075564e-06,12659.544824,,5871.0503,119.88923994695948,,,0.0,0.0,0.0,0.0,0.0,0.0,0,0,0,0,0,0,0,0,0,0,0,0,0,0,0,0,0,0,0,0,0,0,0,0,0.0,0.0,0.0,0.0,0.0,0.0,snapshot,,,,,,,/home/runner/work/Solana-Memecoin-Analysis/Solana-Memecoin-Analysis/data/cache/2026-10-05/000744248644_multi_pools_0a8eb63eac5b.json,2
2026-10-05T00:02:58.856965+00:00,ApGdG3aQp915j6FURKFXcGoP1XKUG7qLYZCJ6uC4JsxR,solana,Pump.fun,5xVwUuVSEyWtw5TfkgaevtZucp9Z3Dp6grsSJ3Rvpump,ULTRA,EPjFWdd5AufqSSqeM2qN1xzybapC8G4wEGGkZwyTDt1v,USDC,2026-10-03T20:54:47Z,5.4825746402573686e-06,10965.14928,,4172.8349,1.0010294620012359,,,0.0,0.0,0.0,0.0,0.0,0.0,0,0,0,0,0,0,0,0,0,0,0,0,0,0,0,0,0,0,0,0,0,0,0,0,0.0,0.0,0.0,0.0,0.0,0.0,snapshot,,,,,,,/home/runner/work/Solana-Memecoin-Analysis/Solana-Memecoin-Analysis/data/cache/2026-10-05/000744248644_multi_pools_0a8eb63eac5b.json,2
2026-10-05T00:02:58.856965+00:00,A9QK1EDwaGzdEMCbt6q2N8WhZPqtLy5tdXMKLQJQ66tU,solana,Pump.fun,8TprbeNBbA6af2VM8MjhUDTMtLJF3tEN7u6kbbtqVQQS,HAUS,So11111111111111111111111111111111111111112,SOL,2026-10-03T20:54:37Z,3.3447715216681574e-06,3344.771522,,2692.3905,119.62738974536593,100.0,,0.0,0.0,0.0,0.0,0.0,0.0,0,0,0,0,0,0,0,0,0,0,0,0,0,0,0,0,0,0,0,0,0,0,0,0,0.0,0.0,0.0,0.0,0.0,0.0,snapshot,,,,,,,/home/runner/work/Solana-Memecoin-Analysis/Solana-Memecoin-Analysis/data/cache/2026-10-05/000744248644_multi_pools_0a8eb63eac5b.json,2
2026-10-05T00:02:58.856965+00:00,BzWj6DXLaZiSUZYa7Gf1FMZjqMCJUEjACzKjGz49SWug,solana,Pump.fun,eYyvAb9rAajPMHYyuDfEWb4zxWofY7cxepELtPJpump,PENGUIN,So11111111111111111111111111111111111111112,SOL,2026-10-03T20:54:35Z,3.3483326375062253e-06,3348.332638,,2693.1311,119.72171176812753,100.0,,0.0,0.0,0.0,0.0,0.0,0.0,0,0,0,0,0,0,0,0,0,0,0,0,0,0,0,0,0,0,0,0,0,0,0,0,0.0,0.0,0.0,0.0,0.0,0.0,snapshot,,,,,,,/home/runner/work/Solana-Memecoin-Analysis/Solana-Memecoin-Analysis/data/cache/2026-10-05/000744248644_multi_pools_0a8eb63eac5b.json,2
2026-10-05T00:02:58.856965+00:00,3qDT2otzFejCtGSFFwiFwoazdmqkYva8Ut3CBY7gwjX5,solana,Pump.fun,3JawjP8VHmAgNYjeZKbfqCPsvXvKvLjT7AQXV23CMPNg,CH,So11111111111111111111111111111111111111112,SOL,2026-10-03T21:05:02Z,3.3523300953506544e-06,3352.330095,,2700.5617,119.53492732380707,100.0,,0.0,0.0,0.0,0.0,0.0,0.0,0,0,0,0,0,0,0,0,0,0,0,0,0,0,0,0,0,0,0,0,0,0,0,0,0.0,0.0,0.0,0.0,0.0,0.0,snapshot,,,,,,,/home/runner/work/Solana-Memecoin-Analysis/Solana-Memecoin-Analysis/data/cache/2026-10-05/000744248644_multi_pools_0a8eb63eac5b.json,2
2026-10-05T00:02:58.856965+00:00,6NVrVipQtkbiHHW746uvVJAYPWxv9534hGDfcG5pCMxP,solana,Pump.fun,Z1iUfkowEvXQKQFrFbq8u5qHceUkDaE3aQrJM4e9rvE,SWORDSY,So11111111111111111111111111111111111111112,SOL,2026-10-03T21:05:02Z,3.5018310698136836e-06,3501.83107,,2744.0528,119.53504061262593,100.0,,0.0,0.0,0.0,0.0,0.0,0.0,0,0,0,0,0,0,0,0,0,0,0,0,0,0,0,0,0,0,0,0,0,0,0,0,0.0,0.0,0.0,0.0,0.0,0.0,snapshot,,,,,,,/home/runner/work/Solana-Memecoin-Analysis/Solana-Memecoin-Analysis/data/cache/2026-10-05/000744248644_multi_pools_0a8eb63eac5b.json,2
2026-10-05T00:02:58.856965+00:00,Tw8yPuGHY4cRzQRzjaMkWzmPmByvwiMxixmUSREi883,solana,Pump.fun,8oYpWcGkcTFbiYoe2xhKNkccBNsxT36WeNi27AaNpump,CHAROC,So11111111111111111111111111111111111111112,SOL,2026-10-03T21:04:58Z,2.436431551093079e-07,487.2863102,,196.8632,121.36384683692647,100.0,,0.0,0.0,0.0,0.0,0.0,0.6917587565,0,0,0,0,0,0,0,0,0,0,0,0,0,0,0,0,0,0,0,0,0,1,0,1,0.0,0.0,0.0,0.0,0.0,0.0,snapshot,,,,,,,/home/runner/work/Solana-Memecoin-Analysis/Solana-Memecoin-Analysis/data/cache/2026-10-05/000744248644_multi_pools_0a8eb63eac5b.json,2
2026-10-05T00:02:58.856965+00:00,2mghwdVFsjcLVnBED191S36TL9TdZ1tvfTrccKFa7M5s,solana,Meteora DBC,Ca92BYL3gbWkmhgwgcjEY9pbx9fbsED5LcfoEUvAbonk,mink,So11111111111111111111111111111111111111112,SOL,2026-10-03T21:04:56Z,5.440080433524205e-12,0.005440080434,,0.0,119.6817521297718,,,0.0,0.0,0.0,0.0,0.0,0.0,0,0,0,0,0,0,0,0,0,0,0,0,0,0,0,0,0,0,0,0,0,0,0,0,0.0,0.0,0.0,0.0,0.0,0.0,snapshot,,,,,,,/home/runner/work/Solana-Memecoin-Analysis/Solana-Memecoin-Analysis/data/cache/2026-10-05/000744248644_multi_pools_0a8eb63eac5b.json,2
2026-10-05T00:02:58.856965+00:00,92GHrNXSCqgfYm4qAjyBWSY61ceMuUdMUkfnGut4uYXB,solana,Meteora DAMM V2,Ca92BYL3gbWkmhgwgcjEY9pbx9fbsED5LcfoEUvAbonk,mink,So11111111111111111111111111111111111111112,SOL,2026-10-03T21:04:56Z,6.260621998495437e-07,626.0621998,,0.0121,119.77259208578398,,,0.0,0.0,0.0,0.0,0.0,0.0,0,0,0,0,0,0,0,0,0,0,0,0,0,0,0,0,0,0,0,0,0,0,0,0,0.0,0.0,0.0,0.0,0.0,0.0,snapshot,,,,,,,/home/runner/work/Solana-Memecoin-Analysis/Solana-Memecoin-Analysis/data/cache/2026-10-05/000744248644_multi_pools_0a8eb63eac5b.json,2
2026-10-05T00:02:58.856965+00:00,BeJ9spmyvBSXB8ddRKLHfVbF6ihumX7smM5KJCCE3q88,solana,Pump.fun,BJhoYwH5UkTuy7XdPc5QbL5epVwg7U2fkgDtGRfdpump,SAW,So11111111111111111111111111111111111111112,SOL,2026-10-03T21:04:55Z,3.348960350989837e-06,3348.960351,,2696.7857,119.58184547788464,100.0,,0.0,0.0,0.0,0.0,0.0,0.0,0,0,0,0,0,0,0,0,0,0,0,0,0,0,0,0,0,0,0,0,0,0,0,0,0.0,0.0,0.0,0.0,0.0,0.0,snapshot,,,,,,,/home/runner/work/Solana-Memecoin-Analysis/Solana-Memecoin-Analysis/data/cache/2026-10-05/000744248644_multi_pools_0a8eb63eac5b.json,2
2026-10-05T00:02:58.856965+00:00,DAG5hauH2fwFRK7AeZhgAD6G19fDakz1iCv4uUxXwbh6,solana,Pump.fun,FagvtEJ6Pk8rknV5pQdL6CbAXRxtnym6ux6nF4Kxpump,CAPA,So11111111111111111111111111111111111111112,SOL,2026-10-03T21:04:49Z,9.439388796121344e-07,1887.8777592,,761.6031,119.60800662612952,100.0,,0.0,0.0,0.0,0.0,0.0,0.0,0,0,0,0,0,0,0,0,0,0,0,0,0,0,0,0,0,0,0,0,0,0,0,0,0.0,0.0,0.0,0.0,0.0,0.0,snapshot,,,,,,,/home/runner/work/Solana-Memecoin-Analysis/Solana-Memecoin-Analysis/data/cache/2026-10-05/000744248644_multi_pools_0a8eb63eac5b.json,2
2026-10-05T00:02:58.856965+00:00,CJBzEgmhQfS3HUASKkHNaafTEsL4gvEpAt1ki1Szgpfj,solana,Raydium Launchlab,9nyfmog5CcAmQW582NS4TdNPaXk3juUjS9vjU7y8M7Wo,TIDE$,EPjFWdd5AufqSSqeM2qN1xzybapC8G4wEGGkZwyTDt1v,USDC,2026-10-03T21:04:44Z,1.2765413842314515e-09,1.276541384,,0.0,0.9972390160968412,,,0.0,0.0,0.0,0.0,0.0,0.0,0,0,0,0,0,0,0,0,0,0,0,0,0,0,0,0,0,0,0,0,0,0,0,0,0.0,0.0,0.0,0.0,0.0,0.0,snapshot,,,,,,,/home/runner/work/Solana-Memecoin-Analysis/Solana-Memecoin-Analysis/data/cache/2026-10-05/000744248644_multi_pools_0a8eb63eac5b.json,2
2026-10-05T00:02:58.856965+00:00,6PoecFgixAKejogJcXQhgqsYRrPAV1hVNc8Yw8XfJDgZ,solana,Meteora DAMM V2,7LLmeiW7WBqRMCxdqNjGqvtTTNsPA1V52PRRgQhJiouZ,Sirius,So11111111111111111111111111111111111111112,SOL,2026-10-03T21:13:21Z,4.293870862242729e-10,0.4293651189,,0.9592,120.01542632406581,,,0.0,0.0,0.0,0.0,0.0,0.007334382734,0,0,0,0,0,0,0,0,0,0,0,0,0,0,0,0,0,0,0,0,0,1,0,1,0.0,0.0,0.0,0.0,0.0,0.0,snapshot,,,,,,,/home/runner/work/Solana-Memecoin-Analysis/Solana-Memecoin-Analysis/data/cache/2026-10-05/000744248644_multi_pools_0a8eb63eac5b.json,2
2026-10-05T00:02:58.856965+00:00,FkghRQigwhK2RkkNDXzXWfta3yeeRkuZj4y7sfVsB12n,solana,Pump.fun,HX7mfuMkAbLya4vpJFz7fTxXjNE4wFAZLipBhSPSpump,DOGE PAID,So11111111111111111111111111111111111111112,SOL,2026-10-03T21:13:14Z,4.982381440881613e-07,996.4762882,,389.5983,119.67645465434708,,,0.0,0.0,0.0,0.0,0.0,0.0,0,0,0,0,0,0,0,0,0,0,0,0,0,0,0,0,0,0,0,0,0,0,0,0,0.0,0.0,0.0,0.0,0.0,0.0,snapshot,,,,,,,/home/runner/work/Solana-Memecoin-Analysis/Solana-Memecoin-Analysis/data/cache/2026-10-05/000744248644_multi_pools_0a8eb63eac5b.json,2
2026-10-05T00:02:58.856965+00:00,3jXQKhUveYjZsBFb26LxB69hQqUToyEv2bphwiBXMFS8,solana,Raydium,HvsG4t1NXUhCqhK9NCKVCLV6sn9kELEdj5YUQnmToCWd,Nailong,So11111111111111111111111111111111111111112,SOL,2026-10-03T21:13:10Z,4.849126086137827e-08,48.49126086,,73.1691,119.56245399159904,100.0,,0.0,0.0,0.0,0.0,0.0,0.0,0,0,0,0,0,0,0,0,0,0,0,0,0,0,0,0,0,0,0,0,0,0,0,0,0.0,0.0,0.0,0.0,0.0,0.0,snapshot,,,,,,,/home/runner/work/Solana-Memecoin-Analysis/Solana-Memecoin-Analysis/data/cache/2026-10-05/000744248644_multi_pools_0a8eb63eac5b.json,2
2026-10-05T00:02:58.856965+00:00,7gTEFZBJvERTDqmwZFSAvswfWA9C3wengqqYfQqkQQ25,solana,PumpSwap,4zj1sJ5fHyqudkbCeXqRegWeGF5JwDeBLKT5Z6mypump,Fox,So11111111111111111111111111111111111111112,SOL,2026-10-03T21:13:10Z,4.5912679741634247e-10,0.9182535948,,1.6148,119.78519632304439,,,0.0,0.0,0.0,0.0,0.0,0.0,0,0,0,0,0,0,0,0,0,0,0,0,0,0,0,0,0,0,0,0,0,0,0,0,0.0,0.0,0.0,0.0,0.0,0.0,snapshot,,,,,,,/home/runner/work/Solana-Memecoin-Analysis/Solana-Memecoin-Analysis/data/cache/2026-10-05/000744248644_multi_pools_0a8eb63eac5b.json,2
2026-10-05T00:02:58.856965+00:00,Gksqdp7EHZKvqq5zRjLCZ1TcQ2guqzsyDnBvBsGPRdK1,solana,PumpSwap,CoMPVC25qaNrhjd3tcbR8Y5fPgi2zwzzg9FiTznjpump,🍆,So11111111111111111111111111111111111111112,SOL,2026-10-03T21:13:09Z,2.9123514778120656e-06,2912.351478,,2873.6867,121.59996527835618,100.0,,0.0,0.0,0.0,0.0,0.0,85.6931725677,0,0,0,0,0,0,0,0,0,0,0,0,0,0,0,0,0,0,0,0,5,16,4,6,0.0,0.0,0.0,0.0,0.0,-5.011,snapshot,,,,,,,/home/runner/work/Solana-Memecoin-Analysis/Solana-Memecoin-Analysis/data/cache/2026-10-05/000744248644_multi_pools_0a8eb63eac5b.json,2
2026-10-05T00:02:58.856965+00:00,E9xgUz9vPWkvBUsnmfPv8vzKWsxCAp5VEimzD7dhhPpv,solana,Pump.fun,E2gihUxuDu9dKAzCmcia9qNGPFsSvhR87yKpw3V6pump,Horse,So11111111111111111111111111111111111111112,SOL,2026-10-03T21:13:09Z,3.348851224581979e-06,3348.851225,,2697.1378,119.56273589900246,,,0.0,0.0,0.0,0.0,0.0,0.0,0,0,0,0,0,0,0,0,0,0,0,0,0,0,0,0,0,0,0,0,0,0,0,0,0.0,0.0,0.0,0.0,0.0,0.0,snapshot,,,,,,,/home/runner/work/Solana-Memecoin-Analysis/Solana-Memecoin-Analysis/data/cache/2026-10-05/000744248644_multi_pools_0a8eb63eac5b.json,2
2026-10-05T00:02:58.856965+00:00,6RMk3hTpF4PzbR6KeNFPckJwCDTPf5jfXNfJR7H9jpRL,solana,Pump.fun,EsZhHrLVZ8bDtQgDA2CbZkxiccJDHokG7q5eY6Xvpump,CHAROC,So11111111111111111111111111111111111111112,SOL,2026-10-03T21:13:03Z,7.797062994799923e-07,2583.711686,,625.9944,119.56112358954728,100.0,,0.0,0.0,0.0,0.0,0.0,0.0,0,0,0,0,0,0,0,0,0,0,0,0,0,0,0,0,0,0,0,0,0,0,0,0,0.0,0.0,0.0,0.0,0.0,0.0,snapshot,,,,,,,/home/runner/work/Solana-Memecoin-Analysis/Solana-Memecoin-Analysis/data/cache/2026-10-05/000751606586_multi_pools_d94f3be8a937.json,2
2026-10-05T00:02:58.856965+00:00,GcEEtqUFwFiWPy6jLzfFm9ZsEJxh4stwvs1PDmRM41V1,solana,Pump.fun,4TdTJiVwX44Drc27NUWHxnT7XeN7uuzzt6TUFdUVpump,BBYAPE,So11111111111111111111111111111111111111112,SOL,2026-10-03T21:13:03Z,2.2011206687821015e-06,4402.241338,,1798.529,119.63792772399441,,,0.0,0.0,0.0,0.0,0.0,0.0,0,0,0,0,0,0,0,0,0,0,0,0,0,0,0,0,0,0,0,0,0,0,0,0,0.0,0.0,0.0,0.0,0.0,0.0,snapshot,,,,,,,/home/runner/work/Solana-Memecoin-Analysis/Solana-Memecoin-Analysis/data/cache/2026-10-05/000751606586_multi_pools_d94f3be8a937.json,2
2026-10-05T00:02:58.856965+00:00,GbiLUDYdqc7Yh8WpyZqGDtYHpnzbfZTrMwz6mGYbAAut,solana,Pump.fun,6i6YcN2xtxh5QVhYSE6eNmkXscWG9xqcTqX4GTSwigzr,UNC,So11111111111111111111111111111111111111112,SOL,2026-10-03T21:22:55Z,3.3544425383138617e-06,3354.442538,,2701.1688,119.58353867718357,,,0.0,0.0,0.0,0.0,0.0,0.0,0,0,0,0,0,0,0,0,0,0,0,0,0,0,0,0,0,0,0,0,0,0,0,0,0.0,0.0,0.0,0.0,0.0,0.0,snapshot,,,,,,,/home/runner/work/Solana-Memecoin-Analysis/Solana-Memecoin-Analysis/data/cache/2026-10-05/000751606586_multi_pools_d94f3be8a937.json,2
2026-10-05T00:02:58.856965+00:00,2LJ1Tt6psyjc16iy9zZ12RWHJj7afr6kgqDxMqW5fEzy,solana,Pump.fun,56amZKHDYSXfpP4Hf6p9byRyE9G2F4xGf8HMa4dcpump,PUMP,So11111111111111111111111111111111111111112,SOL,2026-10-03T21:22:54Z,4.4593630060819666e-07,891.8726012,,428.6213,119.60092561740895,,,0.0,0.0,0.0,0.0,0.0,0.0,0,0,0,0,0,0,0,0,0,0,0,0,0,0,0,0,0,0,0,0,0,0,0,0,0.0,0.0,0.0,0.0,0.0,0.0,snapshot,,,,,,,/home/runner/work/Solana-Memecoin-Analysis/Solana-Memecoin-Analysis/data/cache/2026-10-05/000751606586_multi_pools_d94f3be8a937.json,2
2026-10-05T00:02:58.856965+00:00,HrPaQZ1yedZvfEA2scxBPJAiVhWJ18TWRkhCt7md8YsM,solana,PumpSwap,5VRNMHNMmdDSL3ByMfJyLzaP9p9xGedcVRuscndrpump,RHEA,So11111111111111111111111111111111111111112,SOL,2026-10-03T21:22:35Z,2.1087031849246634e-06,2108.355168125,,2182.2375,119.99976006355976,100.0,,0.0,0.0,0.0,0.0,0.0,2.8636986341,0,0,0,0,0,0,0,0,0,0,0,0,0,0,0,0,0,0,0,0,0,1,0,1,0.0,0.0,0.0,0.0,0.0,0.0,snapshot,,,,,,,/home/runner/work/Solana-Memecoin-Analysis/Solana-Memecoin-Analysis/data/cache/2026-10-05/000751606586_multi_pools_d94f3be8a937.json,2
2026-10-05T00:02:58.856965+00:00,FNDGZa3EADTiSdpJ4ZFHbyjxLf8oxqqsLU6Hmyh4padG,solana,PumpSwap,8ZKfL2pFdokGnZfSWv2QcNkrHBwmSaUw5LheH3Srpump,jorkinu,So11111111111111111111111111111111111111112,SOL,2026-10-03T21:30:09Z,3.3660515736925307e-05,33660.51574,,14959.0399,121.31171336435463,100.0,,49.9317967714,49.9317967714,141.9083244264,143.1096722675,3347.8684368104,34743.4480574191,0,1,0,1,0,1,0,1,3,1,3,1,4,1,4,1,39,39,29,30,383,332,156,163,0.0,0.0,-0.713,-0.149,-16.711,-15.166,snapshot,,,,,,,/home/runner/work/Solana-Memecoin-Analysis/Solana-Memecoin-Analysis/data/cache/2026-10-05/000751606586_multi_pools_d94f3be8a937.json,2
2026-10-05T00:02:58.856965+00:00,FvaxxYStM3KcxFNfoutReArw9Q2dtBc6nshB4YLZEsUi,solana,Pump.fun,s9evfwRe7nDQxiBus5HWtN9CabKAStTcntHEZAQpump,⬆️,So11111111111111111111111111111111111111112,SOL,2026-10-03T21:38:35Z,2.3438530524613747e-06,6760.435892,,2287.2295,119.60233379739658,100.0,,0.0,0.0,0.0,0.0,0.0,0.0,0,0,0,0,0,0,0,0,0,0,0,0,0,0,0,0,0,0,0,0,0,0,0,0,0.0,0.0,0.0,0.0,0.0,0.0,snapshot,,,,,,,/home/runner/work/Solana-Memecoin-Analysis/Solana-Memecoin-Analysis/data/cache/2026-10-05/000751606586_multi_pools_d94f3be8a937.json,2
2026-10-05T00:02:58.856965+00:00,7ab9kqtq7DS7yNc1ViYJ12PAHQZmww4Lx6Zrm1uJ5HYx,solana,Pump.fun,2sKCvYMHuBCbssF31aqCS1hAV7SmtJsKW4azaqDUpump,MM,So11111111111111111111111111111111111111112,SOL,2026-10-03T21:38:31Z,4.661856204653416e-07,932.371241,,406.6126,119.59290728424703,100.0,,0.0,0.0,0.0,0.0,0.0,0.0,0,0,0,0,0,0,0,0,0,0,0,0,0,0,0,0,0,0,0,0,0,0,0,0,0.0,0.0,0.0,0.0,0.0,0.0,snapshot,,,,,,,/home/runner/work/Solana-Memecoin-Analysis/Solana-Memecoin-Analysis/data/cache/2026-10-05/000751606586_multi_pools_d94f3be8a937.json,2
2026-10-05T00:02:58.856965+00:00,371ZubrnTzCQ2hS62umTZnwHoXoNXiWjb9wFbhVF18ML,solana,PumpSwap,DhyD91H8neLdwHvoUCEgs97G8QdVsVfiQQauY1Kspump,ALGOBLIN,So11111111111111111111111111111111111111112,SOL,2026-10-03T21:38:31Z,3.239922030619365e-10,0.6479844062,,1.0932,121.28724866939196,100.0,,0.0,0.0,0.0,0.0,0.0,0.1182963051,0,0,0,0,0,0,0,0,0,0,0,0,0,0,0,0,0,0,0,0,0,1,0,1,0.0,0.0,0.0,0.0,0.0,0.0,snapshot,,,,,,,/home/runner/work/Solana-Memecoin-Analysis/Solana-Memecoin-Analysis/data/cache/2026-10-05/000751606586_multi_pools_d94f3be8a937.json,2
2026-10-05T00:02:58.856965+00:00,CLoauEwaSmG3vrVCoJQ1dbzUNyhKVqCpU42MS4kosksB,solana,Pump.fun,6Q62oFkWg7jVwfDBsCkCmmMWREfFPDytvkdarRdZpump,GG,So11111111111111111111111111111111111111112,SOL,2026-10-03T21:38:22Z,1.3074817518738749e-05,26149.63504,,10425.3373,120.00131551986874,100.0,,0.0,0.0,0.0,0.0,0.0,0.7429153042,0,0,0,0,0,0,0,0,0,0,0,0,0,0,0,0,0,0,0,0,0,1,0,1,0.0,0.0,0.0,0.0,0.0,0.0,snapshot,,,,,,,/home/runner/work/Solana-Memecoin-Analysis/Solana-Memecoin-Analysis/data/cache/2026-10-05/000751606586_multi_pools_d94f3be8a937.json,2
2026-10-05T00:02:58.856965+00:00,29Fp4BdU28EW9yhBp6qVg5xqBvkG6Vd9zD9Ti1N6xj4L,solana,Pump.fun,EMVBGnnRCQBbCaXGJivfgqNecLDHVCt8NE2DQgbppump,HALH,So11111111111111111111111111111111111111112,SOL,2026-10-03T21:38:18Z,5.660487239869848e-06,11320.97448,,4449.5502,119.51756047026981,100.0,,0.0,0.0,0.0,0.0,0.0,0.0,0,0,0,0,0,0,0,0,0,0,0,0,0,0,0,0,0,0,0,0,0,0,0,0,0.0,0.0,0.0,0.0,0.0,0.0,snapshot,,,,,,,/home/runner/work/Solana-Memecoin-Analysis/Solana-Memecoin-Analysis/data/cache/2026-10-05/000751606586_multi_pools_d94f3be8a937.json,2
2026-10-05T00:02:58.856965+00:00,Ge4zCjcKdomnbndcztUKh9wWYJxRJqYghHyTSA7L5AKQ,solana,Pump.fun,EpvZ33XtJRRkUZquCvBFYfqh9du9BRyTFLf7jatzpump,PNP,So11111111111111111111111111111111111111112,SOL,2026-10-03T21:38:16Z,3.3439552388247587e-06,3343.955239,,2693.7693,119.59169811102075,100.0,,0.0,0.0,0.0,0.0,0.0,0.0,0,0,0,0,0,0,0,0,0,0,0,0,0,0,0,0,0,0,0,0,0,0,0,0,0.0,0.0,0.0,0.0,0.0,0.0,snapshot,,,,,,,/home/runner/work/Solana-Memecoin-Analysis/Solana-Memecoin-Analysis/data/cache/2026-10-05/000751606586_multi_pools_d94f3be8a937.json,2
2026-10-05T00:02:58.856965+00:00,5trG4pQXw1KRf2BXs6Rkz71jueAQYUsuNSHt3rVD238p,solana,Pump.fun,4ok9Cr8BCQ36YcTNCgR3aq9d1n7TqtSyVzTKRPSnmCqi,INSANETEK,So11111111111111111111111111111111111111112,SOL,2026-10-03T21:48:19Z,3.342881278761542e-06,3342.881279,,2693.6235,119.55973507858722,,,0.0,0.0,0.0,0.0,0.0,0.0,0,0,0,0,0,0,0,0,0,0,0,0,0,0,0,0,0,0,0,0,0,0,0,0,0.0,0.0,0.0,0.0,0.0,0.0,snapshot,,,,,,,/home/runner/work/Solana-Memecoin-Analysis/Solana-Memecoin-Analysis/data/cache/2026-10-05/000751606586_multi_pools_d94f3be8a937.json,2
2026-10-05T00:02:58.856965+00:00,3adboJhcSU5pdqZcv5zqiP8KGEJx9dv1QVdG7e4XTrDc,solana,Pump.fun,Bqi83R3Bzf23p6qmu39BioGzEHB9SF9LVp1BQGjGpump,BlDDY⠀,So11111111111111111111111111111111111111112,SOL,2026-10-03T21:48:10Z,3.398060057316981e-06,3398.060057,,2738.082,119.55983534391973,100.0,,0.0,0.0,0.0,0.0,0.0,0.0,0,0,0,0,0,0,0,0,0,0,0,0,0,0,0,0,0,0,0,0,0,0,0,0,0.0,0.0,0.0,0.0,0.0,0.0,snapshot,,,,,,,/home/runner/work/Solana-Memecoin-Analysis/Solana-Memecoin-Analysis/data/cache/2026-10-05/000751606586_multi_pools_d94f3be8a937.json,2
2026-10-05T00:02:58.856965+00:00,2hhYtmo1U3S3EkzgEm7HhKbGeDs27a8HEx6NEJCGJBhR,solana,Meteora DBC,8cfa56FZW8uo9Pu82nc16tGDUn97ycGxNTAMXJcu3yr8,BUTTHOLE,So11111111111111111111111111111111111111112,SOL,2026-10-03T21:48:10Z,5.955439552711056e-05,59554.39553,,0.0,119.64212466533299,,,0.0,0.0,0.0,0.0,0.0,0.0,0,0,0,0,0,0,0,0,0,0,0,0,0,0,0,0,0,0,0,0,0,0,0,0,0.0,0.0,0.0,0.0,0.0,0.0,snapshot,,,,,,,/home/runner/work/Solana-Memecoin-Analysis/Solana-Memecoin-Analysis/data/cache/2026-10-05/000751606586_multi_pools_d94f3be8a937.json,2
2026-10-05T00:02:58.856965+00:00,4AsxEjnhEwEvEbH87SepHwg16keNKL1aqFHQ2j9dAHdU,solana,Pump.fun,BgKqsXmMUewpFzMBvnmQC74Y4m8xSiqo6eLKQ3p7pump,INU,So11111111111111111111111111111111111111112,SOL,2026-10-03T21:48:03Z,3.4061516418178822e-06,3406.151642,,2695.9072,121.71957945244314,,,0.0,0.0,0.0,0.0,0.0,3.2133533219,0,0,0,0,0,0,0,0,0,0,0,0,0,0,0,0,0,0,0,0,0,1,0,1,0.0,0.0,0.0,0.0,0.0,0.0,snapshot,,,,,,,/home/runner/work/Solana-Memecoin-Analysis/Solana-Memecoin-Analysis/data/cache/2026-10-05/000751606586_multi_pools_d94f3be8a937.json,2
2026-10-05T00:02:58.856965+00:00,FMGmFHubzCXoZpMqXvc7KGwekpxbZkU25PQFNAvU4Wjv,solana,Pump.fun,G7Y4EPYCfkvnrBpcRt46seB1Eu2TH34HLECPLK2cDAYC,1B,So11111111111111111111111111111111111111112,SOL,2026-10-03T21:48:02Z,3.3449603187512848e-06,3344.960319,,2693.6114,119.63488589836071,,,0.0,0.0,0.0,0.0,0.0,0.0,0,0,0,0,0,0,0,0,0,0,0,0,0,0,0,0,0,0,0,0,0,0,0,0,0.0,0.0,0.0,0.0,0.0,0.0,snapshot,,,,,,,/home/runner/work/Solana-Memecoin-Analysis/Solana-Memecoin-Analysis/data/cache/2026-10-05/000751606586_multi_pools_d94f3be8a937.json,2
2026-10-05T00:02:58.856965+00:00,22NUrzX81QmoD1U7QuZuT9oyN2sQGA8DaQHfJVzkYKkk,solana,PumpSwap,AmSLUTYUyGH3h8rX8Legnvt3i9VRbaHjKvxJChNApump,ch,So11111111111111111111111111111111111111112,SOL,2026-10-03T21:56:42Z,3.164727326123481e-10,0.6329454652,,1.3121,121.28553080908,100.0,,0.0,0.0,0.0,0.0,0.0,0.06161256451,0,0,0,0,0,0,0,0,0,0,0,0,0,0,0,0,0,0,0,0,0,1,0,1,0.0,0.0,0.0,0.0,0.0,0.0,snapshot,,,,,,,/home/runner/work/Solana-Memecoin-Analysis/Solana-Memecoin-Analysis/data/cache/2026-10-05/000751606586_multi_pools_d94f3be8a937.json,2
2026-10-05T00:02:58.856965+00:00,71A3P3bckvHqxD9P8YzY9ctArBQTcxeKaBXyQ1JeGA1G,solana,Pump.fun,AH2xDdkKr8ExNKBEfP3UyFc9mEwYB6F4PFNARJhcpump,turtul man,So11111111111111111111111111111111111111112,SOL,2026-10-03T21:56:42Z,3.347937090824258e-06,3347.937091,,2698.4783,119.544971898745,,,0.0,0.0,0.0,0.0,0.0,0.0,0,0,0,0,0,0,0,0,0,0,0,0,0,0,0,0,0,0,0,0,0,0,0,0,0.0,0.0,0.0,0.0,0.0,0.0,snapshot,,,,,,,/home/runner/work/Solana-Memecoin-Analysis/Solana-Memecoin-Analysis/data/cache/2026-10-05/000751606586_multi_pools_d94f3be8a937.json,2
2026-10-05T00:02:58.856965+00:00,hA7DAydxUenCt7HrZLpD95hJ1dGzzLLF4e8GjMP64ig,solana,Pump.fun,7p4MxT5thoVVVKHKZqonpdWu7xpZHJrGaKyHGJvWpump,lptp,So11111111111111111111111111111111111111112,SOL,2026-10-03T21:56:29Z,5.927912807786419e-07,1185.5825616,,358.6057,119.58284755297572,,,0.0,0.0,0.0,0.0,0.0,0.0,0,0,0,0,0,0,0,0,0,0,0,0,0,0,0,0,0,0,0,0,0,0,0,0,0.0,0.0,0.0,0.0,0.0,0.0,snapshot,,,,,,,/home/runner/work/Solana-Memecoin-Analysis/Solana-Memecoin-Analysis/data/cache/2026-10-05/000751606586_multi_pools_d94f3be8a937.json,2
2026-10-05T00:02:58.856965+00:00,33vHbocsHFPkphGv1WbSjYBTjykiYRxJX3NzmvPaxzBe,solana,Bags.fm,8a3kQcfWefikXPTSCELWX8q9faEuoakFFCZKQK5wBAGS,SPEC,So11111111111111111111111111111111111111112,SOL,2026-10-03T21:56:29Z,6.693761797061931e-05,66937.61797,,68037.4132,119.52744497966782,,,0.0,0.0,0.0,0.0,0.0,0.0,0,0,0,0,0,0,0,0,0,0,0,0,0,0,0,0,0,0,0,0,0,0,0,0,0.0,0.0,0.0,0.0,0.0,0.0,snapshot,,,,,,,/home/runner/work/Solana-Memecoin-Analysis/Solana-Memecoin-Analysis/data/cache/2026-10-05/000751606586_multi_pools_d94f3be8a937.json,2
2026-10-05T00:02:58.856965+00:00,AgZ49gJ22WnLEPJDQ9pw27eZUHnukumdKbmMNHqC5mF,solana,Pump.fun,6iwne5X8ZYXwoWmKz4MgLy6rTC3F1kMSN2sQWCBepump,DICE,So11111111111111111111111111111111111111112,SOL,2026-10-03T21:56:19Z,8.397663861809577e-06,16795.327724,,6691.8832,119.52795420081853,,,0.0,0.0,0.0,0.0,0.0,0.0,0,0,0,0,0,0,0,0,0,0,0,0,0,0,0,0,0,0,0,0,0,0,0,0,0.0,0.0,0.0,0.0,0.0,0.0,snapshot,,,,,,,/home/runner/work/Solana-Memecoin-Analysis/Solana-Memecoin-Analysis/data/cache/2026-10-05/000751606586_multi_pools_d94f3be8a937.json,2
2026-10-05T00:02:58.856965+00:00,6zLmcqrnRhpfRK8Z3kwkjcwPfnjhbsxjj2VydMAMoaZL,solana,Pump.fun,2UjTT3GZnXMuNs5qq8Wgmg42sthv7vBCeKhWaFpUpump,ECHO,So11111111111111111111111111111111111111112,SOL,2026-10-03T22:04:45Z,3.3633980210484225e-06,3363.398021,,2706.4873,119.7214362139932,100.0,,0.0,0.0,0.0,0.0,0.0,0.0,0,0,0,0,0,0,0,0,0,0,0,0,0,0,0,0,0,0,0,0,0,0,0,0,0.0,0.0,0.0,0.0,0.0,0.0,snapshot,,,,,,,/home/runner/work/Solana-Memecoin-Analysis/Solana-Memecoin-Analysis/data/cache/2026-10-05/000751606586_multi_pools_d94f3be8a937.json,2
2026-10-05T00:02:58.856965+00:00,3smKrq8i8m8aCbMDxgUKBHb6xPXbc2vqQuiEHbsReZpg,solana,PumpSwap,9i93D7nAWE7t64TCwGN9cfHLqVRMLdXz7CMwazRupump,YEOWCOIN,So11111111111111111111111111111111111111112,SOL,2026-10-03T22:04:43Z,2.8269260648858214e-10,0.565385213,,1.0448,119.59304407107001,100.0,,0.0,0.0,0.0,0.0,0.0,0.0,0,0,0,0,0,0,0,0,0,0,0,0,0,0,0,0,0,0,0,0,0,0,0,0,0.0,0.0,0.0,0.0,0.0,0.0,snapshot,,,,,,,/home/runner/work/Solana-Memecoin-Analysis/Solana-Memecoin-Analysis/data/cache/2026-10-05/000751606586_multi_pools_d94f3be8a937.json,2
2026-10-05T00:02:58.856965+00:00,5smbiT2iFpYdKphKQBBUGP6zcsNN282YXyoX6xiPJ4Pn,solana,StonkFun,9g3uuW6Vea1dzBAy8FaRAQDZho6ybbdHWQEQyxjAwr3R,FLOWER,So11111111111111111111111111111111111111112,SOL,2026-10-03T22:04:43Z,3.351406009931144e-06,3351.40601,,3403.7957,119.67978734266566,100.0,,0.0,0.0,0.0,0.0,0.0,0.0,0,0,0,0,0,0,0,0,0,0,0,0,0,0,0,0,0,0,0,0,0,0,0,0,0.0,0.0,0.0,0.0,0.0,0.0,snapshot,,,,,,,/home/runner/work/Solana-Memecoin-Analysis/Solana-Memecoin-Analysis/data/cache/2026-10-05/000751606586_multi_pools_d94f3be8a937.json,2
2026-10-05T00:02:58.856965+00:00,BnjChVV9xdMNeLF8eH5zX1rB8oc6gWRCgWkHAm9uQurT,solana,Pump.fun,DL8gqNCnG25krhLoUSe8w4Kbp4LRGTCx97rSNSzfpump,VENT,So11111111111111111111111111111111111111112,SOL,2026-10-03T22:04:37Z,3.3528745966018507e-06,3352.874597,,2698.0208,119.7216045520693,100.0,,0.0,0.0,0.0,0.0,0.0,0.0,0,0,0,0,0,0,0,0,0,0,0,0,0,0,0,0,0,0,0,0,0,0,0,0,0.0,0.0,0.0,0.0,0.0,0.0,snapshot,,,,,,,/home/runner/work/Solana-Memecoin-Analysis/Solana-Memecoin-Analysis/data/cache/2026-10-05/000751606586_multi_pools_d94f3be8a937.json,2
2026-10-05T00:02:58.856965+00:00,EHkqRUJxkUgwNrTscWgoq7E6LwhWcZyStx2ZsmXhsfdT,solana,Pump.fun,neB8NAG7SxY5nq4j5nYEF43QjgWdTgsdXLLyzYxpump,pGPT,So11111111111111111111111111111111111111112,SOL,2026-10-03T22:13:51Z,3.345763033091574e-06,3345.763033,,2694.8584,119.62781357381597,,,0.0,0.0,0.0,0.0,0.0,0.0,0,0,0,0,0,0,0,0,0,0,0,0,0,0,0,0,0,0,0,0,0,0,0,0,0.0,0.0,0.0,0.0,0.0,0.0,snapshot,,,,,,,/home/runner/work/Solana-Memecoin-Analysis/Solana-Memecoin-Analysis/data/cache/2026-10-05/000751606586_multi_pools_d94f3be8a937.json,2
2026-10-05T00:02:58.856965+00:00,F7dSoh77Dvbohx2xk7DTdHicA1VFnifSaZeSQXiHQSyS,solana,PumpSwap,ADGaXMQq4nj8P24Ln4Ajdy8erpvYWPe3Gb3UwSKdpump,01101110,So11111111111111111111111111111111111111112,SOL,2026-10-03T22:13:33Z,6.213971503660215e-10,1.2427943008,,3.3167,119.82600141606999,,,0.0,0.0,0.0,0.0,0.0,0.0,0,0,0,0,0,0,0,0,0,0,0,0,0,0,0,0,0,0,0,0,0,0,0,0,0.0,0.0,0.0,0.0,0.0,0.0,snapshot,,,,,,,/home/runner/work/Solana-Memecoin-Analysis/Solana-Memecoin-Analysis/data/cache/2026-10-05/000751606586_multi_pools_d94f3be8a937.json,2
2026-10-05T00:02:58.856965+00:00,G5PFRsDLBaMgYX8wpBQ8CaRyWkS34QvxSnufQ8iys6HA,solana,Pump.fun,DN7siCfGA85NhVJiiULXLaFptjTeZd8rpskRfJyfpump,GJP,So11111111111111111111111111111111111111112,SOL,2026-10-03T22:13:28Z,5.512293588629061e-06,11024.587178,,4284.1091,119.71072706879072,,,0.0,0.0,0.0,0.0,0.0,0.0,0,0,0,0,0,0,0,0,0,0,0,0,0,0,0,0,0,0,0,0,0,0,0,0,0.0,0.0,0.0,0.0,0.0,0.0,snapshot,,,,,,,/home/runner/work/Solana-Memecoin-Analysis/Solana-Memecoin-Analysis/data/cache/2026-10-05/000751606586_multi_pools_d94f3be8a937.json,2
2026-10-05T00:02:58.856965+00:00,265o25JHSzrLLxpzgPE3UDcS9dB9ajsZVQTAxxDATr5w,solana,Meteora DBC,BET7JfRvUBaH4kSJcLgqwSq6488AqtxcUteG2N5ZjFzV,ROMANTIKA,So11111111111111111111111111111111111111112,SOL,2026-10-03T22:22:28Z,5.059315809565128e-06,5059.31581,,5216.6403,119.71678659195346,,,0.0,0.0,0.0,0.0,0.0,0.0,0,0,0,0,0,0,0,0,0,0,0,0,0,0,0,0,0,0,0,0,0,0,0,0,0.0,0.0,0.0,0.0,0.0,0.0,snapshot,,,,,,,/home/runner/work/Solana-Memecoin-Analysis/Solana-Memecoin-Analysis/data/cache/2026-10-05/000751606586_multi_pools_d94f3be8a937.json,2
2026-10-05T00:02:58.856965+00:00,8nSvEEYgW12bUYD5mqZzwmQ6rEM99kBN87SZLfYgsart,solana,Pump.fun,GMUqtr5coZ82C88t6F9WUkaNQoyJKx5rGRspga9Vpump,LAUNCHPUP,So11111111111111111111111111111111111111112,SOL,2026-10-03T22:22:17Z,3.3620280499104064e-06,3362.02805,,2704.6748,119.77312709095686,,,0.0,0.0,0.0,0.0,0.0,0.0,0,0,0,0,0,0,0,0,0,0,0,0,0,0,0,0,0,0,0,0,0,0,0,0,0.0,0.0,0.0,0.0,0.0,0.0,snapshot,,,,,,,/home/runner/work/Solana-Memecoin-Analysis/Solana-Memecoin-Analysis/data/cache/2026-10-05/000806760620_multi_pools_89759cb0383e.json,2
2026-10-05T00:02:58.856965+00:00,AFn6rFcEsoGKBpvqAt3gcDFFQARDmwpkKNtNPHBbcxJe,solana,Pump.fun,81dEhqQF71P9bJPwDBWr6ANV72w41HN2g35h4zZKpump,$BWIZ,So11111111111111111111111111111111111111112,SOL,2026-10-03T22:22:09Z,1.6857579548553247e-06,3371.51591,,1364.7964,119.70833820107607,,,0.0,0.0,0.0,0.0,0.0,0.0,0,0,0,0,0,0,0,0,0,0,0,0,0,0,0,0,0,0,0,0,0,0,0,0,0.0,0.0,0.0,0.0,0.0,0.0,snapshot,,,,,,,/home/runner/work/Solana-Memecoin-Analysis/Solana-Memecoin-Analysis/data/cache/2026-10-05/000806760620_multi_pools_89759cb0383e.json,2
2026-10-05T00:02:58.856965+00:00,93iqj7ibpoJassBHqebfsXPeT6Wu2sdx7NrK6rQX4DXj,solana,Pump.fun,BztYaknzDdrqakpLHKnwERGJGQYLAj8eWViCqQngpump,Bully,So11111111111111111111111111111111111111112,SOL,2026-10-03T22:22:04Z,3.352483365157687e-06,3352.483365,,2698.4302,119.70960814624225,,,0.0,0.0,0.0,0.0,0.0,0.0,0,0,0,0,0,0,0,0,0,0,0,0,0,0,0,0,0,0,0,0,0,0,0,0,0.0,0.0,0.0,0.0,0.0,0.0,snapshot,,,,,,,/home/runner/work/Solana-Memecoin-Analysis/Solana-Memecoin-Analysis/data/cache/2026-10-05/000806760620_multi_pools_89759cb0383e.json,2
2026-10-05T00:02:58.856965+00:00,6BjrgicXxeiuDnThfr3g5n4YB5VR87V2dzvCqKEkwrwa,solana,Pump.fun,BkocCHdikJSwp1UAjWXgo6fGyRDd4CDdq7Nx1NXbt7s8,NIGGABUTT,So11111111111111111111111111111111111111112,SOL,2026-10-03T22:31:36Z,3.3947145814120685e-06,3394.714581,,2695.7695,121.33688861156668,100.0,,0.0,0.0,0.0,0.0,0.0,144.6964960058,0,0,0,0,0,0,0,0,0,0,0,0,0,0,0,0,0,0,0,0,0,4,0,4,0.0,0.0,0.0,0.0,0.0,-5.912,snapshot,,,,,,,/home/runner/work/Solana-Memecoin-Analysis/Solana-Memecoin-Analysis/data/cache/2026-10-05/000806760620_multi_pools_89759cb0383e.json,2
2026-10-05T00:02:58.856965+00:00,APE6DNiZw389hCqBznrTTsB8WS4gwkxuYLfCiFnhTQKB,solana,Pump.fun,GZv44SZn2sBvYC6fSe4dhT8vjbedg6wYipUxuJeWpump,ULTRA,So11111111111111111111111111111111111111112,SOL,2026-10-03T22:31:31Z,3.1953931942272865e-06,6390.786388,,2559.833,119.7254589173271,,,0.0,0.0,0.0,0.0,0.0,0.0,0,0,0,0,0,0,0,0,0,0,0,0,0,0,0,0,0,0,0,0,0,0,0,0,0.0,0.0,0.0,0.0,0.0,0.0,snapshot,,,,,,,/home/runner/work/Solana-Memecoin-Analysis/Solana-Memecoin-Analysis/data/cache/2026-10-05/000806760620_multi_pools_89759cb0383e.json,2
2026-10-05T00:02:58.856965+00:00,6NbAFiDHwPuaa6N1pwoUY8BnnNgeyLmY8qYPTqjktzV8,solana,PumpSwap,9onMZWUq2LEtUeeExT6UXx3cRwKRfPzqjKdzNhnVpump,cap,So11111111111111111111111111111111111111112,SOL,2026-10-03T22:31:27Z,2.462938474414551e-10,0.4925876948,,0.9841,121.29808451400821,,,0.0,0.0,0.0,0.0,0.0,0.1088344637,0,0,0,0,0,0,0,0,0,0,0,0,0,0,0,0,0,0,0,0,0,1,0,1,0.0,0.0,0.0,0.0,0.0,0.0,snapshot,,,,,,,/home/runner/work/Solana-Memecoin-Analysis/Solana-Memecoin-Analysis/data/cache/2026-10-05/000806760620_multi_pools_89759cb0383e.json,2
2026-10-05T00:02:58.856965+00:00,gHGCgB6VUvxo4xLF9BgXSs1VGWQr43kdMJwQKyQXUzS,solana,Pump.fun,5YSKtAoqoxewGKFNp3FgYy2bifUJ2TKjCUPefqJHpump,Pim Paddo,So11111111111111111111111111111111111111112,SOL,2026-10-03T22:31:27Z,3.3496428629073624e-06,3349.642863,,2697.3246,119.65726836459646,100.0,,0.0,0.0,0.0,0.0,0.0,4.4487694094,0,0,0,0,0,0,0,0,0,0,0,0,0,0,0,0,0,0,0,0,0,1,0,1,0.0,0.0,0.0,0.0,0.0,0.0,snapshot,,,,,,,/home/runner/work/Solana-Memecoin-Analysis/Solana-Memecoin-Analysis/data/cache/2026-10-05/000806760620_multi_pools_89759cb0383e.json,2
2026-10-05T00:02:58.856965+00:00,97yt9gFZC29oNd3kgxnwpFQugB7w2U3R5uMr47NPPYvB,solana,Pump.fun,6CNH5FFmprpLPHhPJhhJHBYZ2SCCqfKjJGPMiz4ypump,ILLUMINAT,So11111111111111111111111111111111111111112,SOL,2026-10-03T22:31:25Z,7.742563793922535e-07,1548.5127588,,584.4337,120.98223100277026,,,0.0,0.0,0.0,0.0,0.0,5.3003371577,0,0,0,0,0,0,0,0,0,0,0,0,0,0,0,0,0,0,0,0,0,1,0,1,0.0,0.0,0.0,0.0,0.0,0.0,snapshot,,,,,,,/home/runner/work/Solana-Memecoin-Analysis/Solana-Memecoin-Analysis/data/cache/2026-10-05/000806760620_multi_pools_89759cb0383e.json,2
2026-10-05T00:02:58.856965+00:00,2ZNnMyqXRCoiq8PZFQpHoSEL8xD2vSsbXHWFoygMd2oo,solana,Pump.fun,DnKxASEpGEeQh5G8dcPm6MYvdporRHyAaTCJanQJpump,Vampinu,So11111111111111111111111111111111111111112,SOL,2026-10-03T22:31:21Z,3.372028730728052e-06,3372.028731,,2694.3481,120.58962139370972,100.0,,0.0,0.0,0.0,0.0,0.0,5.8414436532,0,0,0,0,0,0,0,0,0,0,0,0,0,0,0,0,0,0,0,0,0,2,0,2,0.0,0.0,0.0,0.0,0.0,0.224,snapshot,,,,,,,/home/runner/work/Solana-Memecoin-Analysis/Solana-Memecoin-Analysis/data/cache/2026-10-05/000806760620_multi_pools_89759cb0383e.json,2
2026-10-05T00:02:58.856965+00:00,AQtRnzsh8vEhFkk9tutfXqBhY9NtEMx1G5x8faU18zvt,solana,PumpSwap,DvAjnbMY4ud5FSdWDmiJuE6RTqFNb2f7HAjujqTwpump,GNB,So11111111111111111111111111111111111111112,SOL,2026-10-03T22:31:19Z,1.3762983784419853e-10,0.2752596756,,0.5589,121.27302157070278,,,0.0,0.0,0.0,0.0,0.0,0.006291037994,0,0,0,0,0,0,0,0,0,0,0,0,0,0,0,0,0,0,0,0,0,1,0,1,0.0,0.0,0.0,0.0,0.0,0.0,snapshot,,,,,,,/home/runner/work/Solana-Memecoin-Analysis/Solana-Memecoin-Analysis/data/cache/2026-10-05/000806760620_multi_pools_89759cb0383e.json,2
2026-10-05T00:02:58.856965+00:00,G22pwWGpQWYfoEvvJehvCiGoYdsboYP9s1nA9N4J3MD3,solana,Meteora DBC,5nPV1vC2mM2f1MPHmpjpr3cg9ryP6yfKXvzCuMowrotU,SPURDO,So11111111111111111111111111111111111111112,SOL,2026-10-03T22:40:01Z,3.51097238026508e-05,35109.720823115,,0.0,119.84451805102938,,,0.0,0.0,0.0,0.0,0.0,0.0,0,0,0,0,0,0,0,0,0,0,0,0,0,0,0,0,0,0,0,0,0,0,0,0,0.0,0.0,0.0,0.0,0.0,0.0,snapshot,,,,,,,/home/runner/work/Solana-Memecoin-Analysis/Solana-Memecoin-Analysis/data/cache/2026-10-05/000806760620_multi_pools_89759cb0383e.json,2
2026-10-05T00:02:58.856965+00:00,8mgx6XvV1g5uhrx54JMedz4HmLvhyQH7D8Trd5hxWP1K,solana,Pump.fun,8zJKetP69dBmgPQjDJaL7Tc82arNQgyKhcBDtKj4pump,Fox,So11111111111111111111111111111111111111112,SOL,2026-10-03T22:39:57Z,5.368564819160658e-07,1073.7129638,,435.1816,120.01787172101776,,,0.0,0.0,0.0,0.0,0.0,1.4250294395,0,0,0,0,0,0,0,0,0,0,0,0,0,0,0,0,0,0,0,0,0,1,0,1,0.0,0.0,0.0,0.0,0.0,0.0,snapshot,,,,,,,/home/runner/work/Solana-Memecoin-Analysis/Solana-Memecoin-Analysis/data/cache/2026-10-05/000806760620_multi_pools_89759cb0383e.json,2
2026-10-05T00:02:58.856965+00:00,6YuKn1qTptjgg56vqUorxcuBGNqLEnwiR85gnP3r3PFh,solana,Manifest,BXoHJddsWJLHtAopeiSbKUSELsu8hSFMs8baGMDkpump,CRAWL,So11111111111111111111111111111111111111112,SOL,2026-10-03T22:39:57Z,0.00240579979630657,2380788.56641566,,,121.41,,,0.0,0.0,0.0,0.0,2.4057994908,12295.3143884827,0,0,0,0,0,0,0,0,0,0,0,0,0,0,0,0,0,1,0,1,441,382,3,4,0.0,0.0,0.0,0.0,0.0,182.138,snapshot,,,,,,,/home/runner/work/Solana-Memecoin-Analysis/Solana-Memecoin-Analysis/data/cache/2026-10-05/000806760620_multi_pools_89759cb0383e.json,2
2026-10-05T00:02:58.856965+00:00,GUK4dnpCDWcvLvuns3Kx21n4VJH9WKZteZsmuWVyjF2F,solana,Pump.fun,BUzQLf46honmQHK41q1jkJWaXPwmEX18fHTR9zKPpump,Harry,So11111111111111111111111111111111111111112,SOL,2026-10-03T22:39:53Z,3.3570622772876535e-06,3357.062277,,2699.0615,119.84461733222548,,,0.0,0.0,0.0,0.0,0.0,0.0,0,0,0,0,0,0,0,0,0,0,0,0,0,0,0,0,0,0,0,0,0,0,0,0,0.0,0.0,0.0,0.0,0.0,0.0,snapshot,,,,,,,/home/runner/work/Solana-Memecoin-Analysis/Solana-Memecoin-Analysis/data/cache/2026-10-05/000806760620_multi_pools_89759cb0383e.json,2
2026-10-05T00:02:58.856965+00:00,4adhE7pFazgTqRzk5YgeBu6uAjAsT6Lr2NFJd3F63uPp,solana,Pump.fun,Z9crBJjvRgpEE6j8iMqrC6eKrrFhJuvV66iWomSAp4n,Gnosis,So11111111111111111111111111111111111111112,SOL,2026-10-03T22:39:49Z,3.3553368722437013e-06,3355.336872,,2697.6765,119.84462021133778,100.0,,0.0,0.0,0.0,0.0,0.0,0.0,0,0,0,0,0,0,0,0,0,0,0,0,0,0,0,0,0,0,0,0,0,0,0,0,0.0,0.0,0.0,0.0,0.0,0.0,snapshot,,,,,,,/home/runner/work/Solana-Memecoin-Analysis/Solana-Memecoin-Analysis/data/cache/2026-10-05/000806760620_multi_pools_89759cb0383e.json,2
2026-10-05T00:02:58.856965+00:00,EX3UVvTUvrjfEgg5Kz7DDKvtMe3Zz5Yav9Utf1a89Pv7,solana,Pump.fun,94248pcEFgmJPeWxt2SnQ1vdBZqxxkh79cRSBRFzpump,wApe,So11111111111111111111111111111111111111112,SOL,2026-10-03T22:39:48Z,6.660986377710599e-06,13321.972756,,5188.4048,119.84462021133778,,,0.0,0.0,0.0,0.0,0.0,0.0,0,0,0,0,0,0,0,0,0,0,0,0,0,0,0,0,0,0,0,0,0,0,0,0,0.0,0.0,0.0,0.0,0.0,0.0,snapshot,,,,,,,/home/runner/work/Solana-Memecoin-Analysis/Solana-Memecoin-Analysis/data/cache/2026-10-05/000806760620_multi_pools_89759cb0383e.json,2
2026-10-05T00:02:58.856965+00:00,8edT91mx7oJKLPmvYs1v6uXD3veKHfdg7i26APYGd7L,solana,Pump.fun,5FYfsY2CpSpp5TLYGr2aofHDB1BM37kaDdh9DQBnpump,ME,So11111111111111111111111111111111111111112,SOL,2026-10-03T22:39:42Z,3.39586911733057e-06,3395.869117,,2837.8774,119.7696238975221,,,0.0,0.0,0.0,0.0,0.0,0.0,0,0,0,0,0,0,0,0,0,0,0,0,0,0,0,0,0,0,0,0,0,0,0,0,0.0,0.0,0.0,0.0,0.0,0.0,snapshot,,,,,,,/home/runner/work/Solana-Memecoin-Analysis/Solana-Memecoin-Analysis/data/cache/2026-10-05/000806760620_multi_pools_89759cb0383e.json,2
2026-10-05T00:02:58.856965+00:00,7jy3j6D3JzXmBpUxUCo4trerLm8y8GrFohZ5cZe9ZqCX,solana,Pump.fun,GmufVbcwWe1khZWnoDuxRNVQHZSnDxVeiLBR8P2apump,GORDON,So11111111111111111111111111111111111111112,SOL,2026-10-03T22:39:32Z,3.3569187773343318e-06,3356.918777,,2700.6413,119.76970762772707,,,0.0,0.0,0.0,0.0,0.0,0.0,0,0,0,0,0,0,0,0,0,0,0,0,0,0,0,0,0,0,0,0,0,0,0,0,0.0,0.0,0.0,0.0,0.0,0.0,snapshot,,,,,,,/home/runner/work/Solana-Memecoin-Analysis/Solana-Memecoin-Analysis/data/cache/2026-10-05/000806760620_multi_pools_89759cb0383e.json,2
2026-10-05T00:02:58.856965+00:00,HdpR282ugNSGG4tXeyZXPBwE7NyxGkvWEspYKwGw2zH1,solana,Pump.fun,GizvgHcCPBSGvmgjyKG9AmBDFERnWe53WhmYp6p4pump,INSIDER,So11111111111111111111111111111111111111112,SOL,2026-10-03T22:49:50Z,3.4005012727887806e-06,3400.501273,,2855.2025,119.64005736279377,,,0.0,0.0,0.0,0.0,0.0,0.0,0,0,0,0,0,0,0,0,0,0,0,0,0,0,0,0,0,0,0,0,0,0,0,0,0.0,0.0,0.0,0.0,0.0,0.0,snapshot,,,,,,,/home/runner/work/Solana-Memecoin-Analysis/Solana-Memecoin-Analysis/data/cache/2026-10-05/000806760620_multi_pools_89759cb0383e.json,2
2026-10-05T00:02:58.856965+00:00,G9VqE5CmuY4TGkxokhoeyjHQvJhH7MoXrcEBPWagDDQY,solana,Meteora DAMM V2,CQqBmp13RrYGUYENtZcVFtmvm3z8SQJsx5XAqp7MZLUr,Jimmy,So11111111111111111111111111111111111111112,SOL,2026-10-03T22:49:48Z,2.5518438564492548e-05,25336.8051506736,,0.0002326094363,119.70098485705016,,,0.0,0.0,0.0,0.0,0.0,0.0,0,0,0,0,0,0,0,0,0,0,0,0,0,0,0,0,0,0,0,0,0,0,0,0,0.0,0.0,0.0,0.0,0.0,0.0,snapshot,,,,,,,/home/runner/work/Solana-Memecoin-Analysis/Solana-Memecoin-Analysis/data/cache/2026-10-05/000806760620_multi_pools_89759cb0383e.json,2
2026-10-05T00:02:58.856965+00:00,85U7KGvHJw7KzvBJ34DoGgafgXPAWNxGw9qWYY2ngVCp,solana,Pump.fun,GjDvUrbzGHETqWqPtfTyKwf7cVN27BYJvVPCDAW3pump,DERP,So11111111111111111111111111111111111111112,SOL,2026-10-03T22:49:47Z,3.226492137798573e-07,645.2984276,,282.3092,119.74157199708205,,,0.0,0.0,0.0,0.0,0.0,0.0,0,0,0,0,0,0,0,0,0,0,0,0,0,0,0,0,0,0,0,0,0,0,0,0,0.0,0.0,0.0,0.0,0.0,0.0,snapshot,,,,,,,/home/runner/work/Solana-Memecoin-Analysis/Solana-Memecoin-Analysis/data/cache/2026-10-05/000806760620_multi_pools_89759cb0383e.json,2
2026-10-05T00:02:58.856965+00:00,usHCzF5DuHEoGxtAqtjWJCvuFy6UKwLDYMTLBPR61CE,solana,Meteora DBC,A8tXvPsQ4GcdJ5xptyMLwLAVuqQXS7sHdLf4G4YV68v2,Vesuvius,So11111111111111111111111111111111111111112,SOL,2026-10-03T22:49:38Z,4.833341128333287e-05,48333.4079463902,,0.0,119.74192505257479,,,0.0,0.0,0.0,0.0,0.0,0.0,0,0,0,0,0,0,0,0,0,0,0,0,0,0,0,0,0,0,0,0,0,0,0,0,0.0,0.0,0.0,0.0,0.0,0.0,snapshot,,,,,,,/home/runner/work/Solana-Memecoin-Analysis/Solana-Memecoin-Analysis/data/cache/2026-10-05/000806760620_multi_pools_89759cb0383e.json,2
2026-10-05T00:02:58.856965+00:00,6n92uKV4kauAfDfRzsHUQkfN9bfq8q3wquX3gqbiqfit,solana,Pump.fun,24U7bmmWZmGVAczp8sDjGLQ4FsukfiGGU5tnczcFPs3X,HOTDOG,So11111111111111111111111111111111111111112,SOL,2026-10-03T22:49:37Z,3.3443843806256327e-06,3344.384381,,2694.5668,119.5913963163632,,,0.0,0.0,0.0,0.0,0.0,0.0,0,0,0,0,0,0,0,0,0,0,0,0,0,0,0,0,0,0,0,0,0,0,0,0,0.0,0.0,0.0,0.0,0.0,0.0,snapshot,,,,,,,/home/runner/work/Solana-Memecoin-Analysis/Solana-Memecoin-Analysis/data/cache/2026-10-05/000806760620_multi_pools_89759cb0383e.json,2
2026-10-05T00:02:58.856965+00:00,HE3hSGHr37CmtM6hMWeHQUVgFGWwDtFZ7PCJFCzUVkFe,solana,Pump.fun,7PF78N5kWexToa69BBj2TrCpKsBn7M7PeYKiz1rNpump,sol,So11111111111111111111111111111111111111112,SOL,2026-10-03T22:49:32Z,3.3862785339289936e-06,3386.278534,,2727.5638,119.6246922031483,,,0.0,0.0,0.0,0.0,0.0,0.0,0,0,0,0,0,0,0,0,0,0,0,0,0,0,0,0,0,0,0,0,0,0,0,0,0.0,0.0,0.0,0.0,0.0,0.0,snapshot,,,,,,,/home/runner/work/Solana-Memecoin-Analysis/Solana-Memecoin-Analysis/data/cache/2026-10-05/000806760620_multi_pools_89759cb0383e.json,2
2026-10-05T00:02:58.856965+00:00,3TptDFJZLS7PkjrmKrRPk2CLtopESdtuTeQxFoDyX1ZH,solana,Pump.fun,CbvwF34b8dkjGHvGSV6fcvBtCfWVuPBGgEujGrMDpump,SPLICE,So11111111111111111111111111111111111111112,SOL,2026-10-03T22:56:10Z,3.3474629033619706e-06,3347.462903,,2695.7681,119.64881479778295,,,0.0,0.0,0.0,0.0,0.0,0.0,0,0,0,0,0,0,0,0,0,0,0,0,0,0,0,0,0,0,0,0,0,0,0,0,0.0,0.0,0.0,0.0,0.0,0.0,snapshot,,,,,,,/home/runner/work/Solana-Memecoin-Analysis/Solana-Memecoin-Analysis/data/cache/2026-10-05/000806760620_multi_pools_89759cb0383e.json,2
2026-10-05T00:02:58.856965+00:00,AZHWetFLBgicVsTyH2fyUZKRMzaK1w9Gwt6nKwFDa2pJ,solana,Pump.fun,FuDJq8oxq3s4KyhcsJ4ok4n23CgwWxQjiyMk3eiUovr1,KOAN,So11111111111111111111111111111111111111112,SOL,2026-10-03T22:56:09Z,3.4031801833082854e-06,3403.180183,,2694.1279,121.71446540664844,,,0.0,0.0,0.0,0.0,0.1806809856,0.1806809856,0,0,0,0,0,0,0,0,0,0,0,0,0,0,0,0,0,1,0,1,0,1,0,1,0.0,0.0,0.0,0.0,0.0,0.0,snapshot,,,,,,,/home/runner/work/Solana-Memecoin-Analysis/Solana-Memecoin-Analysis/data/cache/2026-10-05/000806760620_multi_pools_89759cb0383e.json,2
2026-10-05T00:02:58.856965+00:00,6JBdyF1EQda9tz3zA3jc8CpqjzTecbvePd1U6mabk9Pm,solana,Pump.fun,53YDcYi2S5tqVzPnjv3RcFHEXEi8vXTZywZsam3gpump,EAGLE,So11111111111111111111111111111111111111112,SOL,2026-10-03T22:56:09Z,3.3540553263977164e-06,3354.055326,,2699.8138,119.70437230656701,,,0.0,0.0,0.0,0.0,0.0,0.0,0,0,0,0,0,0,0,0,0,0,0,0,0,0,0,0,0,0,0,0,0,0,0,0,0.0,0.0,0.0,0.0,0.0,0.0,snapshot,,,,,,,/home/runner/work/Solana-Memecoin-Analysis/Solana-Memecoin-Analysis/data/cache/2026-10-05/000806760620_multi_pools_89759cb0383e.json,2
2026-10-05T00:02:58.856965+00:00,3N68oQqW54iHMXNYaWmhNsQB6eQNahqkdCgYa6821ULt,solana,Pump.fun,5EgtkoUrK1ZpVmuJTLUe4bgfpAcyLsiGBGtYxpk5pump,SCRVAN,So11111111111111111111111111111111111111112,SOL,2026-10-03T22:56:08Z,4.689698032685735e-07,937.9396066,,639.7877,119.64881479778295,,,0.0,0.0,0.0,0.0,0.0,0.0,0,0,0,0,0,0,0,0,0,0,0,0,0,0,0,0,0,0,0,0,0,0,0,0,0.0,0.0,0.0,0.0,0.0,0.0,snapshot,,,,,,,/home/runner/work/Solana-Memecoin-Analysis/Solana-Memecoin-Analysis/data/cache/2026-10-05/000806760620_multi_pools_89759cb0383e.json,2
2026-10-05T00:02:58.856965+00:00,7tSt29xJpzhiVB8E5YPQYtM28FS5rADaw57gk2wPiQ1E,solana,Pump.fun,67NGwsq6oMAgbquvWaYofXw1UkxaWdaaw7EN4Xhipump,DOOYET,So11111111111111111111111111111111111111112,SOL,2026-10-03T22:56:06Z,2.9829754165696663e-06,5965.950834,,2400.6889,119.78693297261408,,,0.0,0.0,0.0,0.0,0.0,0.0,0,0,0,0,0,0,0,0,0,0,0,0,0,0,0,0,0,0,0,0,0,0,0,0,0.0,0.0,0.0,0.0,0.0,0.0,snapshot,,,,,,,/home/runner/work/Solana-Memecoin-Analysis/Solana-Memecoin-Analysis/data/cache/2026-10-05/000806760620_multi_pools_89759cb0383e.json,2
2026-10-05T00:02:58.856965+00:00,5pX8UuZa7WsWXTt4g3BgY2CY2cC9dSCNAUD3W54Mp6Jk,solana,Pump.fun,Htgz5Lm7VJ8MxQAryJaLU5rHQj17eLQj4NZw2hGKquM9,GROKIPEDIA,So11111111111111111111111111111111111111112,SOL,2026-10-03T22:55:58Z,3.345073109187687e-06,3345.073109,,2695.7316,119.56492507700237,,,0.0,0.0,0.0,0.0,0.0,0.0,0,0,0,0,0,0,0,0,0,0,0,0,0,0,0,0,0,0,0,0,0,0,0,0,0.0,0.0,0.0,0.0,0.0,0.0,snapshot,,,,,,,/home/runner/work/Solana-Memecoin-Analysis/Solana-Memecoin-Analysis/data/cache/2026-10-05/000806760620_multi_pools_89759cb0383e.json,2
2026-10-05T00:02:58.856965+00:00,91WjLFLXk758t9yUqWSpTW8SZFNUwZ2numTpeoSGapJf,solana,Pump.fun,HCJRnRjZzqSm2K88uD4KjNdFG38HLMPF2qtampjfpump,PC,So11111111111111111111111111111111111111112,SOL,2026-10-03T22:55:57Z,3.380721876087259e-06,3380.721876,,2709.0714,120.24418089361292,,,0.0,0.0,0.0,0.0,0.0,20.1891462331,0,0,0,0,0,0,0,0,0,0,0,0,0,0,0,0,0,0,0,0,0,1,0,1,0.0,0.0,0.0,0.0,0.0,0.0,snapshot,,,,,,,/home/runner/work/Solana-Memecoin-Analysis/Solana-Memecoin-Analysis/data/cache/2026-10-05/000814210032_multi_pools_98715219a080.json,2
2026-10-05T00:02:58.856965+00:00,AS2uTmQJdfYS1aucD3SnAnpvoLELpCecntobbMXiLuYP,solana,Pump.fun,Lpnjg4NFABcHQHkhuhQZ8HGuYhCpWV511NUhiWLpump,FOMOJIFUN,So11111111111111111111111111111111111111112,SOL,2026-10-03T22:55:53Z,4.0938256920001865e-06,4093.825692,,3203.4456,121.85746278803958,100.0,,0.0,0.0,0.0,0.0,842.9992696269,19534.2627272252,0,0,0,0,0,0,0,0,0,0,0,0,0,0,0,0,0,13,0,13,228,224,117,120,0.0,0.0,0.0,0.0,-28.822,-17.179,snapshot,,,,,,,/home/runner/work/Solana-Memecoin-Analysis/Solana-Memecoin-Analysis/data/cache/2026-10-05/000814210032_multi_pools_98715219a080.json,2
2026-10-05T00:02:58.856965+00:00,4paPYYN3f1RyM7RRyWWxXipdXcLeje3G6C8a4isc32WC,solana,Pump.fun,Bur9VUXRohUMjDFt7Fa2oPYEXk7WquH7cQU32kiWpump,GTC,So11111111111111111111111111111111111111112,SOL,2026-10-03T22:55:51Z,3.3480070113396535e-06,3348.007011,,2694.784,119.71158550532454,,,0.0,0.0,0.0,0.0,0.0,0.0,0,0,0,0,0,0,0,0,0,0,0,0,0,0,0,0,0,0,0,0,0,0,0,0,0.0,0.0,0.0,0.0,0.0,0.0,snapshot,,,,,,,/home/runner/work/Solana-Memecoin-Analysis/Solana-Memecoin-Analysis/data/cache/2026-10-05/000814210032_multi_pools_98715219a080.json,2
2026-10-05T00:02:58.856965+00:00,AhaHwynmhJWYTNQthjkDoY88sa3JSnwuaWDMyGV3L7Ze,solana,Pump.fun,Ggb3NrWMetzBuDah1kRYNQXifMZQDCRGVKi2b6aZpump,jim,So11111111111111111111111111111111111111112,SOL,2026-10-03T22:55:50Z,3.4740707764455565e-06,3474.061452673,,2899.2789,119.66717212349504,,,0.0,0.0,0.0,0.0,0.0,0.0,0,0,0,0,0,0,0,0,0,0,0,0,0,0,0,0,0,0,0,0,0,0,0,0,0.0,0.0,0.0,0.0,0.0,0.0,snapshot,,,,,,,/home/runner/work/Solana-Memecoin-Analysis/Solana-Memecoin-Analysis/data/cache/2026-10-05/000814210032_multi_pools_98715219a080.json,2
2026-10-05T00:02:58.856965+00:00,ALgfbXfmjMWsuGmuwqMrBD9NcQUTLGiEk1haZECDnxAU,solana,Pump.fun,Gvf7tYCaKu78on5VMxEnNrFVMZty8AMxxt5ggQoEpump,$CCOW,So11111111111111111111111111111111111111112,SOL,2026-10-03T23:07:45Z,6.011895630129685e-06,12023.79126,,4831.362,119.52444240805708,,,0.0,0.0,0.0,0.0,0.0,0.0,0,0,0,0,0,0,0,0,0,0,0,0,0,0,0,0,0,0,0,0,0,0,0,0,0.0,0.0,0.0,0.0,0.0,0.0,snapshot,,,,,,,/home/runner/work/Solana-Memecoin-Analysis/Solana-Memecoin-Analysis/data/cache/2026-10-05/000814210032_multi_pools_98715219a080.json,2
2026-10-05T00:02:58.856965+00:00,E1QswjYJ855uk6t3Rm3bQTdMN9ZWGNUQqbSTVN1t6AZ4,solana,Pump.fun,3cEuKZ8TbRNLFYDD7mRw8XUHonHAWEu9J4QjFwdrpump,fg,So11111111111111111111111111111111111111112,SOL,2026-10-03T23:07:42Z,5.044183975288693e-08,100.8836795,,43.7735,119.7275176498314,,,0.0,0.0,0.0,0.0,0.0,0.6215377508,0,0,0,0,0,0,0,0,0,0,0,0,0,0,0,0,0,0,0,0,0,2,0,2,0.0,0.0,0.0,0.0,0.0,0.0,snapshot,,,,,,,/home/runner/work/Solana-Memecoin-Analysis/Solana-Memecoin-Analysis/data/cache/2026-10-05/000814210032_multi_pools_98715219a080.json,2
2026-10-05T00:02:58.856965+00:00,HYjT6mmWLqYBa9XKMpeTtUjMEL2REj4UU4ZQ2hfzF9Dt,solana,Pump.fun,9aAZk9MQgbFVy2PsJ2hvfK9XZiZsL8saAf2W6s1apump,wind,So11111111111111111111111111111111111111112,SOL,2026-10-03T23:15:49Z,1.178991522675793e-09,2.357983046,,2.1261,120.86805190723011,,,0.0,0.0,0.0,0.0,0.0,0.6563802972,0,0,0,0,0,0,0,0,0,0,0,0,0,0,0,0,0,0,0,0,0,16,0,12,0.0,0.0,0.0,0.0,0.0,-36.561,snapshot,,,,,,,/home/runner/work/Solana-Memecoin-Analysis/Solana-Memecoin-Analysis/data/cache/2026-10-05/000814210032_multi_pools_98715219a080.json,2
2026-10-05T00:02:58.856965+00:00,DNGLxghEN59bfJE9G6hKU6rS6TR9HApc5USZe3EbTqEd,solana,Meteora DBC,2zxKW6cTvHmx5v41sGZc6N5NDaeNYpKAe2KNgKN3maAL,SAW,So11111111111111111111111111111111111111112,SOL,2026-10-03T23:15:48Z,5.928898114720425e-05,59288.98115,,0.0,119.60304502148544,,,0.0,0.0,0.0,0.0,0.0,0.0,0,0,0,0,0,0,0,0,0,0,0,0,0,0,0,0,0,0,0,0,0,0,0,0,0.0,0.0,0.0,0.0,0.0,0.0,snapshot,,,,,,,/home/runner/work/Solana-Memecoin-Analysis/Solana-Memecoin-Analysis/data/cache/2026-10-05/000814210032_multi_pools_98715219a080.json,2
2026-10-05T00:02:58.856965+00:00,FQbbLt6DwS1Jgd3GLEWSHzmZzHmvgm4jmEmoTxE38jMU,solana,Pump.fun,8bXsYKv6NB2b4WAXdQirSD5jdqGT8qjVsKkq6ic3pump,tsor,So11111111111111111111111111111111111111112,SOL,2026-10-03T23:15:46Z,4.4647071072281604e-06,8929.414214,,3588.2464,119.71105015105115,,,0.0,0.0,0.0,0.0,0.0,0.0,0,0,0,0,0,0,0,0,0,0,0,0,0,0,0,0,0,0,0,0,0,0,0,0,0.0,0.0,0.0,0.0,0.0,0.0,snapshot,,,,,,,/home/runner/work/Solana-Memecoin-Analysis/Solana-Memecoin-Analysis/data/cache/2026-10-05/000814210032_multi_pools_98715219a080.json,2
2026-10-05T00:02:58.856965+00:00,7MUdeVvfue9e7euKGRzqGQZGEEhZrS1P9SoWoRUQAsKV,solana,Pump.fun,KEedsaMQZ4jKhH7Hh2qzocXaNJtDe46wJRj2ZPUpump,DUVE,So11111111111111111111111111111111111111112,SOL,2026-10-03T23:15:43Z,3.4525862522267853e-06,3452.586252,,2782.6833,119.55164500359673,100.0,,0.0,0.0,0.0,0.0,0.0,0.0,0,0,0,0,0,0,0,0,0,0,0,0,0,0,0,0,0,0,0,0,0,0,0,0,0.0,0.0,0.0,0.0,0.0,0.0,snapshot,,,,,,,/home/runner/work/Solana-Memecoin-Analysis/Solana-Memecoin-Analysis/data/cache/2026-10-05/000814210032_multi_pools_98715219a080.json,2
2026-10-05T00:02:58.856965+00:00,7jLAmij7bDAXyEyB4iHTcBuUWyyMa3jQiBm6dVMRpxZ9,solana,Pump.fun,8qMFP1QLBxysfsVAaxJPxUcpCLWaSEGxVvJHCQH5pump,DOOREA,So11111111111111111111111111111111111111112,SOL,2026-10-03T23:24:44Z,1.0445295197839596e-07,208.905904,,53.505,119.70378669590706,100.0,,0.0,0.0,0.0,0.0,0.0,0.0,0,0,0,0,0,0,0,0,0,0,0,0,0,0,0,0,0,0,0,0,0,0,0,0,0.0,0.0,0.0,0.0,0.0,0.0,snapshot,,,,,,,/home/runner/work/Solana-Memecoin-Analysis/Solana-Memecoin-Analysis/data/cache/2026-10-05/000814210032_multi_pools_98715219a080.json,2
2026-10-05T00:02:58.856965+00:00,JktCEDo6W5PRKTTgYYR3gznE6DqVNcYGizu9iAhrSYC,solana,Meteora DBC,6cyXawSBhyXDnWWjL6pGTjqbYc2xSNWTHNFShjL4pump,CRAWL,So11111111111111111111111111111111111111112,SOL,2026-10-03T23:24:39Z,5.442692312074895e-12,0.004246406075,,0.0,119.7392134495292,,,0.0,0.0,0.0,0.0,0.0,0.0,0,0,0,0,0,0,0,0,0,0,0,0,0,0,0,0,0,0,0,0,0,0,0,0,0.0,0.0,0.0,0.0,0.0,0.0,snapshot,,,,,,,/home/runner/work/Solana-Memecoin-Analysis/Solana-Memecoin-Analysis/data/cache/2026-10-05/000814210032_multi_pools_98715219a080.json,2
2026-10-05T00:02:58.856965+00:00,9ULhqaQ7hP9rmQm5gCXPS1edmE34U2nE5C4NPAcYSDvA,solana,Pump.fun,DNcfcSe3GLDaRgWbQCoF3FTqmW8dWHCHeJRztV4Rpump,COMRADES,So11111111111111111111111111111111111111112,SOL,2026-10-03T23:24:32Z,3.567708956749696e-06,3567.708957,,2827.0278,121.60011310005163,,,0.0,0.0,0.0,0.0,0.0,616.5032393437,0,0,0,0,0,0,0,0,0,0,0,0,0,0,0,0,0,0,0,0,1,3,1,3,0.0,0.0,0.0,0.0,0.0,-3.461,snapshot,,,,,,,/home/runner/work/Solana-Memecoin-Analysis/Solana-Memecoin-Analysis/data/cache/2026-10-05/000814210032_multi_pools_98715219a080.json,2
2026-10-05T00:02:58.856965+00:00,B5mNmMf3Uo2SVdk8Ymwwrx9gfcn1FxfdKb1PzgwpYhpF,solana,Pump.fun,Fz51fP4ZHCN65nk5D2u7t7bYwhncFDMGj9YXyHh5pump,HEDGEHOG,So11111111111111111111111111111111111111112,SOL,2026-10-03T23:24:31Z,3.3594086349695145e-06,3359.408635,,2705.8276,119.62928088683051,,,0.0,0.0,0.0,0.0,0.0,0.0,0,0,0,0,0,0,0,0,0,0,0,0,0,0,0,0,0,0,0,0,0,0,0,0,0.0,0.0,0.0,0.0,0.0,0.0,snapshot,,,,,,,/home/runner/work/Solana-Memecoin-Analysis/Solana-Memecoin-Analysis/data/cache/2026-10-05/000814210032_multi_pools_98715219a080.json,2
2026-10-05T00:02:58.856965+00:00,3PeiAwF9vPfws1yHofDNo7Lo6M6pNTvgZ8BDQD22HWjt,solana,Pump.fun,wtVAfqrhfv5d9EwJAeD1LrnfT4feMtkAqEF8Xripump,JUMP,So11111111111111111111111111111111111111112,SOL,2026-10-03T23:24:30Z,9.222892358924495e-07,1844.5784718,,699.7803,119.7196153205528,,,0.0,0.0,0.0,0.0,0.0,0.0,0,0,0,0,0,0,0,0,0,0,0,0,0,0,0,0,0,0,0,0,0,0,0,0,0.0,0.0,0.0,0.0,0.0,0.0,snapshot,,,,,,,/home/runner/work/Solana-Memecoin-Analysis/Solana-Memecoin-Analysis/data/cache/2026-10-05/000814210032_multi_pools_98715219a080.json,2
2026-10-05T00:02:58.856965+00:00,3tJVuaaL3zNXJbWNRSfpqYv72ZFHzuJnikkPsf6ftbi6,solana,Pump.fun,26XWVfdfMLixevHUYB3eBBKUYvCqeuYfGnKsMGeLpump,$Sol,So11111111111111111111111111111111111111112,SOL,2026-10-03T23:32:21Z,3.379874705993749e-06,3379.874706,,2720.5888,119.70476740623643,100.0,,0.0,0.0,0.0,0.0,0.0,0.0,0,0,0,0,0,0,0,0,0,0,0,0,0,0,0,0,0,0,0,0,0,0,0,0,0.0,0.0,0.0,0.0,0.0,0.0,snapshot,,,,,,,/home/runner/work/Solana-Memecoin-Analysis/Solana-Memecoin-Analysis/data/cache/2026-10-05/000814210032_multi_pools_98715219a080.json,2
2026-10-05T00:02:58.856965+00:00,4wj6YDmxuQyKZuxqbvgCGSLjxmY9eXovAZniRpuG7sFy,solana,Meteora DBC,DmgMTQJgWX88xe9W8pKk9g6eShDnCGUbpeujW1ecpump,SI,So11111111111111111111111111111111111111112,SOL,2026-10-03T23:32:13Z,5.441084041481911e-12,0.005441084041,,0.0,119.70383150162989,,,0.0,0.0,0.0,0.0,0.0,0.0,0,0,0,0,0,0,0,0,0,0,0,0,0,0,0,0,0,0,0,0,0,0,0,0,0.0,0.0,0.0,0.0,0.0,0.0,snapshot,,,,,,,/home/runner/work/Solana-Memecoin-Analysis/Solana-Memecoin-Analysis/data/cache/2026-10-05/000814210032_multi_pools_98715219a080.json,2
2026-10-05T00:02:58.856965+00:00,Ht1TztsPcAiyjuJDVKZV8i4xunPpWpuUgPvsAmGC5b5u,solana,Meteora DAMM V2,6QtyBSwzahxZvTZrMDQqpY1LRws9J7gHJupEzC3kFVwR,TikTok🔥,So11111111111111111111111111111111111111112,SOL,2026-10-03T23:32:02Z,4.779249452497818e-10,0.4778911299,,1.0327,120.78283307276503,,,0.0,0.0,0.0,0.0,0.0,0.09041420516,0,0,0,0,0,0,0,0,0,0,0,0,0,0,0,0,0,0,0,0,1,4,1,4,0.0,0.0,0.0,0.0,0.0,-29.101,snapshot,,,,,,,/home/runner/work/Solana-Memecoin-Analysis/Solana-Memecoin-Analysis/data/cache/2026-10-05/000814210032_multi_pools_98715219a080.json,2
2026-10-05T00:02:58.856965+00:00,GgEcXRCTdQEL2v2symzmgGsua5BHtyr2WTLGXEvStbRd,solana,Pump.fun,9gE6mTzkAkGjx3symrYXnaW2fLcLgQaLHvSh7Tdppump,SI,So11111111111111111111111111111111111111112,SOL,2026-10-03T23:31:59Z,3.522209653343563e-06,3522.209653,,2827.295,120.03786605978573,100.0,,0.0,0.0,0.0,0.0,0.0,178.1949763759,0,0,0,0,0,0,0,0,0,0,0,0,0,0,0,0,0,0,0,0,0,1,0,1,0.0,0.0,0.0,0.0,0.0,0.0,snapshot,,,,,,,/home/runner/work/Solana-Memecoin-Analysis/Solana-Memecoin-Analysis/data/cache/2026-10-05/000814210032_multi_pools_98715219a080.json,2
2026-10-05T00:02:58.856965+00:00,Fz822zWo2rmn1ABwg2H2JmFKFfDkrCmDKtwBiwb5Qtqw,solana,Pump.fun,2G8beCkfMwK7htzwxYp7ZowbLSMMovaxwbe3n2Rjpump,PFA,So11111111111111111111111111111111111111112,SOL,2026-10-03T23:31:58Z,3.379686452182527e-06,3379.686452,,2694.2737,120.86758622057765,,,0.0,0.0,0.0,0.0,0.0,5.6444542518,0,0,0,0,0,0,0,0,0,0,0,0,0,0,0,0,0,0,0,0,1,2,1,2,0.0,0.0,0.0,0.0,0.0,0.979,snapshot,,,,,,,/home/runner/work/Solana-Memecoin-Analysis/Solana-Memecoin-Analysis/data/cache/2026-10-05/000814210032_multi_pools_98715219a080.json,2
2026-10-05T00:02:58.856965+00:00,CGTanA4LiSgERzZu2ngKzPDPESEqWfZNSRkmTFcEyXdb,solana,Meteora DAMM V2,87tKBUQ6KEAKcsjVUbTZ7EuDnaE1ouGxW9V4Z3PEpump,CRAWL,So11111111111111111111111111111111111111112,SOL,2026-10-03T23:41:24Z,0.00765933247439261,7659332.474,,0.0001873808925,120.5744783659499,,,0.0,0.0,0.0,0.0,0.0,0.0130525186,0,0,0,0,0,0,0,0,0,0,0,0,0,0,0,0,0,0,0,0,1,2,1,2,0.0,0.0,0.0,0.0,0.0,13685.929,snapshot,,,,,,,/home/runner/work/Solana-Memecoin-Analysis/Solana-Memecoin-Analysis/data/cache/2026-10-05/000814210032_multi_pools_98715219a080.json,2
2026-10-05T00:02:58.856965+00:00,9DLFzMYsmNHjFUnBCCcrVJ2nL3Z83a6QfFC5Z7QByHMp,solana,Pump.fun,EyCaHzWBAou67wWTeuXZtbin3d2P8WVRcyu7zbcbhKf9,READCOPIEDOG,So11111111111111111111111111111111111111112,SOL,2026-10-03T23:41:23Z,3.3447879737831574e-06,3344.787974,,2694.0793,119.62792893073157,,,0.0,0.0,0.0,0.0,0.0,0.0,0,0,0,0,0,0,0,0,0,0,0,0,0,0,0,0,0,0,0,0,0,0,0,0,0.0,0.0,0.0,0.0,0.0,0.0,snapshot,,,,,,,/home/runner/work/Solana-Memecoin-Analysis/Solana-Memecoin-Analysis/data/cache/2026-10-05/000814210032_multi_pools_98715219a080.json,2
2026-10-05T00:02:58.856965+00:00,GpiQmCMWvWsDHFQMZbfncDX4pmSp3t9Ld3ZEM7A5phQD,solana,Pump.fun,51xrDJdQw4b48WfqXBBe3Ct27jjvEV6pnaPhjPs6pump,OLDG,So11111111111111111111111111111111111111112,SOL,2026-10-03T23:50:11Z,3.398384881238631e-06,3398.384881,,2699.3278,121.3088152684889,,,0.0,0.0,0.0,0.0,7.2025353727,9.2535587229,0,0,0,0,0,0,0,0,0,0,0,0,0,0,0,0,0,1,0,1,1,2,1,2,0.0,0.0,0.0,0.0,0.0,0.906,snapshot,,,,,,,/home/runner/work/Solana-Memecoin-Analysis/Solana-Memecoin-Analysis/data/cache/2026-10-05/000814210032_multi_pools_98715219a080.json,2
2026-10-05T00:02:58.856965+00:00,A38SiutZmp86TNCmTSWAw2qer1sedyGQWFQqdDvqxZb4,solana,Pump.fun,CoiJ3wga45DiVRMJUwtafywerha5zDz8odrqvzk2pump,UNCLEGRANDPA,So11111111111111111111111111111111111111112,SOL,2026-10-03T23:50:09Z,3.38550295892856e-06,3385.502959,,2725.7644,119.6767494185363,100.0,,0.0,0.0,0.0,0.0,0.0,42.3421911592,0,0,0,0,0,0,0,0,0,0,0,0,0,0,0,0,0,0,0,0,0,1,0,1,0.0,0.0,0.0,0.0,0.0,0.0,snapshot,,,,,,,/home/runner/work/Solana-Memecoin-Analysis/Solana-Memecoin-Analysis/data/cache/2026-10-05/000814210032_multi_pools_98715219a080.json,2
2026-10-05T00:02:58.856965+00:00,EMtW8vwz1orvQxGscuS5epwtNJUQvdxrUycF4iZ7jDdb,solana,Meteora DBC,tNXRG2QMhi6LWZzdfiDxcDhf6xv7fH2kmi4ksvtcTX8,TYCOON,So11111111111111111111111111111111111111112,SOL,2026-10-03T23:50:05Z,5.383785176034027e-05,53837.85176,,0.0,119.67817208664367,,,0.0,0.0,0.0,0.0,0.0,0.0,0,0,0,0,0,0,0,0,0,0,0,0,0,0,0,0,0,0,0,0,0,0,0,0,0.0,0.0,0.0,0.0,0.0,0.0,snapshot,,,,,,,/home/runner/work/Solana-Memecoin-Analysis/Solana-Memecoin-Analysis/data/cache/2026-10-05/000814210032_multi_pools_98715219a080.json,2
2026-10-05T00:02:58.856965+00:00,Gx4hEU412Rem96C7GgQDcBKKv2Kgf6GfWNHMX9sFhpwa,solana,Pump.fun,6eknZTSqdaucUvW2tsj991nXnZdmejX5572fdN6iAaRM,TENGRIHARDBBB,So11111111111111111111111111111111111111112,SOL,2026-10-03T23:50:04Z,1.9946481480855e-06,3989.296296,,1499.7305,119.69726117994426,,,0.0,0.0,0.0,0.0,0.0,0.0,0,0,0,0,0,0,0,0,0,0,0,0,0,0,0,0,0,0,0,0,0,0,0,0,0.0,0.0,0.0,0.0,0.0,0.0,snapshot,,,,,,,/home/runner/work/Solana-Memecoin-Analysis/Solana-Memecoin-Analysis/data/cache/2026-10-05/000814210032_multi_pools_98715219a080.json,2
2026-10-05T00:02:58.856965+00:00,G3mrbVyz27XWjmBB8jLAt68T5V3KHiKV57W5hdVLWB7s,solana,Pump.fun,nCMUUYgoWy7ezqP2Qb8U1NSV4223rdACV5QxXg5pump,BPCATE,So11111111111111111111111111111111111111112,SOL,2026-10-03T23:50:01Z,3.396291492618505e-06,6792.582986,,2731.681,119.67817208664367,,,0.0,0.0,0.0,0.0,0.0,0.0,0,0,0,0,0,0,0,0,0,0,0,0,0,0,0,0,0,0,0,0,0,0,0,0,0.0,0.0,0.0,0.0,0.0,0.0,snapshot,,,,,,,/home/runner/work/Solana-Memecoin-Analysis/Solana-Memecoin-Analysis/data/cache/2026-10-05/000814210032_multi_pools_98715219a080.json,2
2026-10-05T00:02:58.856965+00:00,2CUr2G7SjTnguDw5ARkTGs7ePEvJkAftaPRow9Wvbt6y,solana,Meteora DAMM V2,5Ab3PqJ36a2NTXe2PcVU3Urd2ZRg6aLAAT25c9MZBLc3,ORBTOPIA,So11111111111111111111111111111111111111112,SOL,2026-10-03T23:59:14Z,0.015206932557944551,15206932.56,,0.0121,120.46508796502664,,,0.0,0.0,0.0,0.0,0.0,0.02975265552,0,0,0,0,0,0,0,0,0,0,0,0,0,0,0,0,0,0,0,0,3,4,3,4,0.0,0.0,0.0,0.0,0.0,34155.425,snapshot,,,,,,,/home/runner/work/Solana-Memecoin-Analysis/Solana-Memecoin-Analysis/data/cache/2026-10-05/000814210032_multi_pools_98715219a080.json,2
2026-10-05T00:02:58.856965+00:00,H6BdJ5tWAnSHyMCbcrrW3nLJomTrY4qcXpf47W7o8uKy,solana,Meteora DBC,5Ab3PqJ36a2NTXe2PcVU3Urd2ZRg6aLAAT25c9MZBLc3,ORBTOPIA,So11111111111111111111111111111111111111112,SOL,2026-10-03T23:59:14Z,5.196449964453754e-12,0.005196449964,,0.0,119.51833203857257,,,0.0,0.0,0.0,0.0,0.0,0.0,0,0,0,0,0,0,0,0,0,0,0,0,0,0,0,0,0,0,0,0,0,0,0,0,0.0,0.0,0.0,0.0,0.0,0.0,snapshot,,,,,,,/home/runner/work/Solana-Memecoin-Analysis/Solana-Memecoin-Analysis/data/cache/2026-10-05/000814210032_multi_pools_98715219a080.json,2
2026-10-05T00:02:58.856965+00:00,Ej7bbAKGZyVKvq1XVy1L99nJTo6aXckQCeRReBDRL32y,solana,Pump.fun,BTWZa2j3bgYV4pGmtxay4EkBAP6UN3YK4No6iYQD4fj4,TENGRIHARDBBB,So11111111111111111111111111111111111111112,SOL,2026-10-03T23:59:08Z,4.135421601714038e-06,8270.843204,,3210.2613,119.51811708008769,,,0.0,0.0,0.0,0.0,0.0,0.0,0,0,0,0,0,0,0,0,0,0,0,0,0,0,0,0,0,0,0,0,0,0,0,0,0.0,0.0,0.0,0.0,0.0,0.0,snapshot,,,,,,,/home/runner/work/Solana-Memecoin-Analysis/Solana-Memecoin-Analysis/data/cache/2026-10-05/000814210032_multi_pools_98715219a080.json,2
2026-10-05T00:02:58.856965+00:00,HYQsRfqzuPpFKNjaAGVQtD4cdQexgt9bTzjNSZ6KUwML,solana,Meteora DBC,BTizVTGHykYHdpSB41Vrq65zfMARMDQQRB3t47f59HAQ,fred,So11111111111111111111111111111111111111112,SOL,2026-10-03T23:59:00Z,2.9901760425337515e-10,0.2990176043,,0.0,119.54768966285361,,,0.0,0.0,0.0,0.0,0.0,0.0,0,0,0,0,0,0,0,0,0,0,0,0,0,0,0,0,0,0,0,0,0,0,0,0,0.0,0.0,0.0,0.0,0.0,0.0,snapshot,,,,,,,/home/runner/work/Solana-Memecoin-Analysis/Solana-Memecoin-Analysis/data/cache/2026-10-05/000829086470_multi_pools_1879cd8eae39.json,2
2026-10-05T00:02:58.856965+00:00,9U2aarmNasWnNCrCsmTyBvVfpadJECGrMCaTRGMo7XEu,solana,Pump.fun,8hbYyd9Z2D6wJnwiYq4rZnuTRvpfcRjCyT5AVkrGpump,BBA,So11111111111111111111111111111111111111112,SOL,2026-10-03T23:59:00Z,7.845315029043582e-07,1569.0630058,,634.3813,119.51621137542097,,,0.0,0.0,0.0,0.0,0.0,0.0,0,0,0,0,0,0,0,0,0,0,0,0,0,0,0,0,0,0,0,0,0,0,0,0,0.0,0.0,0.0,0.0,0.0,0.0,snapshot,,,,,,,/home/runner/work/Solana-Memecoin-Analysis/Solana-Memecoin-Analysis/data/cache/2026-10-05/000829086470_multi_pools_1879cd8eae39.json,2
2026-10-05T00:02:58.856965+00:00,85RJipoEs3TFQhywfUXkwdFjF7rA4McyP9QuDv1AaW9,solana,Pump.fun,49LBU3B2PT78EShjLnC85tznDh3qjFkbZX2nZ9T6pump,BPCATE,So11111111111111111111111111111111111111112,SOL,2026-10-03T23:58:50Z,3.731096400232339e-06,7462.1928,,2999.0115,119.52584911044896,100.0,,0.0,0.0,0.0,0.0,0.0,0.0,0,0,0,0,0,0,0,0,0,0,0,0,0,0,0,0,0,0,0,0,0,0,0,0,0.0,0.0,0.0,0.0,0.0,0.0,snapshot,,,,,,,/home/runner/work/Solana-Memecoin-Analysis/Solana-Memecoin-Analysis/data/cache/2026-10-05/000829086470_multi_pools_1879cd8eae39.json,2
2026-10-05T00:02:58.856965+00:00,EUTHs32EKg9zkQgovthoEYQuWX4sMxiHXEavm1NNL1mF,solana,Pump.fun,2zTSmzdSFYgBeeR33K6obn8cKtcy7TvCnAfWeJ5Rpump,eye,So11111111111111111111111111111111111111112,SOL,2026-10-04T00:07:48Z,3.640968321387951e-06,7281.93694,,2929.2023,119.68310140601001,,,0.0,0.0,0.0,0.0,0.0,37.1838291915,0,0,0,0,0,0,0,0,0,0,0,0,0,0,0,0,0,0,0,0,7,6,4,3,0.0,0.0,0.0,0.0,0.0,8.527,snapshot,,,,,,,/home/runner/work/Solana-Memecoin-Analysis/Solana-Memecoin-Analysis/data/cache/2026-10-05/000829086470_multi_pools_1879cd8eae39.json,2
2026-10-05T00:02:58.856965+00:00,5tienhRaYUbD83X4Liw3BQVGpcJgZXuhoeXWjNdLLpK2,solana,Pump.fun,Dt9nDRbapdirCxeRvg38nudHGoZ79RNkfWCtpnd6BmC8,SUPERGIGA,So11111111111111111111111111111111111111112,SOL,2026-10-04T00:07:43Z,3.3489556439241292e-06,3348.955644,,2696.1933,119.68296916552542,,,0.0,0.0,0.0,0.0,0.0,170.2317391316,0,0,0,0,0,0,0,0,0,0,0,0,0,0,0,0,0,0,0,0,7,12,7,7,0.0,0.0,0.0,0.0,0.0,-2.463,snapshot,,,,,,,/home/runner/work/Solana-Memecoin-Analysis/Solana-Memecoin-Analysis/data/cache/2026-10-05/000829086470_multi_pools_1879cd8eae39.json,2
2026-10-05T00:02:58.856965+00:00,9U9FAdaE7N3dMZFq6fjTogErDQyGi8e7SBmPcZbUy5bs,solana,Pump.fun,FBkHm65PTw9CAFtTCjSMRCxCaN27ejZBv7RKutgfawJZ,MIBOT,So11111111111111111111111111111111111111112,SOL,2026-10-04T00:07:29Z,3.3464533200328256e-06,3346.45332,,2694.7111,119.65925285395656,,,0.0,0.0,0.0,0.0,0.0,1237.0923249844,0,0,0,0,0,0,0,0,0,0,0,0,0,0,0,0,0,0,0,0,11,9,9,9,0.0,0.0,0.0,0.0,0.0,-4.681,snapshot,,,,,,,/home/runner/work/Solana-Memecoin-Analysis/Solana-Memecoin-Analysis/data/cache/2026-10-05/000829086470_multi_pools_1879cd8eae39.json,2
2026-10-05T00:02:58.856965+00:00,FMLpdQr1bDXb7xNw6yQm5GHaGXjzwiVAL8NpvTEmcWVu,solana,Meteora DAMM V2,AWCeztKaxugQWLaP3Hr8i8BUverTzr1sFRmcwAibBshV,fred,So11111111111111111111111111111111111111112,SOL,2026-10-04T00:07:26Z,8.012847104168578e-05,80128.47104,,8.602539869e-05,119.6282455518525,0.0,,0.0,0.0,0.0,0.0,0.0,205503.562370224,0,0,0,0,0,0,0,0,0,0,0,0,0,0,0,0,0,0,0,0,1398,320,1080,50,0.0,0.0,0.0,0.0,0.0,687.861,snapshot,,,,,,,/home/runner/work/Solana-Memecoin-Analysis/Solana-Memecoin-Analysis/data/cache/2026-10-05/000829086470_multi_pools_1879cd8eae39.json,2
2026-10-05T00:02:58.856965+00:00,2yhzc8QaroityJLB2CAXyh92mwLvi481q496L57W5kah,solana,Pump.fun,ErYdeuFMypvHdZDhf7D7eqVnbFWMvhrjgMXWSGyybkF4,ADRAIN,So11111111111111111111111111111111111111112,SOL,2026-10-04T00:15:37Z,3.363005976426752e-06,3363.005976,,2695.6101,120.21153005639457,,,0.0,0.0,0.0,0.0,0.0,123.4308215947,0,0,0,0,0,0,0,0,0,0,0,0,0,0,0,0,0,0,0,0,6,6,6,6,0.0,0.0,0.0,0.0,0.0,-0.4,snapshot,,,,,,,/home/runner/work/Solana-Memecoin-Analysis/Solana-Memecoin-Analysis/data/cache/2026-10-05/000829086470_multi_pools_1879cd8eae39.json,2
2026-10-05T00:02:58.856965+00:00,DN5eRTuYRfB2YwaZqyWym54BFjPXurCAgVY1EC57S1yh,solana,Pump.fun,D8NrhNBynJhXQDbQ59NqgiKjHaRb9pCfpHL5dHm7pump,ЛЕХА,So11111111111111111111111111111111111111112,SOL,2026-10-04T00:15:22Z,3.348242428492586e-06,3348.242428,,2719.4347,119.71731693790397,,,0.0,0.0,0.0,0.0,0.0,422.6621120907,0,0,0,0,0,0,0,0,0,0,0,0,0,0,0,0,0,0,0,0,25,10,8,8,0.0,0.0,0.0,0.0,0.0,-3.148,snapshot,,,,,,,/home/runner/work/Solana-Memecoin-Analysis/Solana-Memecoin-Analysis/data/cache/2026-10-05/000829086470_multi_pools_1879cd8eae39.json,2
2026-10-05T00:02:58.856965+00:00,GQQfqh1p2hwD9FauEffG4z7ZYNqBHXujGZh7NsTLQhB9,solana,Pump.fun,73Ch1LwHELJj5h93cwvnvjSeZntb9cJ3DU4EaZXqpump,PUMP,So11111111111111111111111111111111111111112,SOL,2026-10-04T00:15:10Z,5.17879070634095e-07,1035.7581412,,422.609,119.72351973083121,,,0.0,0.0,0.0,0.0,0.0,2594.9748451751,0,0,0,0,0,0,0,0,0,0,0,0,0,0,0,0,0,0,0,0,39,33,8,8,0.0,0.0,0.0,0.0,0.0,-85.514,snapshot,,,,,,,/home/runner/work/Solana-Memecoin-Analysis/Solana-Memecoin-Analysis/data/cache/2026-10-05/000829086470_multi_pools_1879cd8eae39.json,2
2026-10-05T00:02:58.856965+00:00,BHv18fso9MWL8LJJ6sYYKdQ9DXewM4h8CT8agKsCENyX,solana,Pump.fun,4ssRXCt3ciPebg1FbGumDgHabfitnTQ3EhR13gxZpump,NURO,So11111111111111111111111111111111111111112,SOL,2026-10-04T00:14:55Z,3.9220491881039835e-08,78.44098376,,35.7307,119.95522976313774,100.0,,0.0,0.0,0.0,0.0,0.0,1631.8679266278,0,0,0,0,0,0,0,0,0,0,0,0,0,0,0,0,0,0,0,0,129,107,15,15,0.0,0.0,0.0,0.0,0.0,-98.846,snapshot,,,,,,,/home/runner/work/Solana-Memecoin-Analysis/Solana-Memecoin-Analysis/data/cache/2026-10-05/000829086470_multi_pools_1879cd8eae39.json,2
2026-10-05T00:02:58.856965+00:00,DW5tCmGjTj99n7idCY3sFV1ZbPfxHw4ZPqyiz8ykppEV,solana,Pump.fun,ASjELc1et6vyD6Ck5QNF1YUvLaLjpoCfG3xZ7BPkiuxE,PUMPBOT,So11111111111111111111111111111111111111112,SOL,2026-10-04T00:24:44Z,3.354481111751018e-06,3354.481112,,2694.7597,119.94437799317893,,,0.0,0.0,0.0,0.0,0.0,581.7727975716,0,0,0,0,0,0,0,0,0,0,0,0,0,0,0,0,0,0,0,0,3,3,3,3,0.0,0.0,0.0,0.0,0.0,-11.737,snapshot,,,,,,,/home/runner/work/Solana-Memecoin-Analysis/Solana-Memecoin-Analysis/data/cache/2026-10-05/000829086470_multi_pools_1879cd8eae39.json,2
2026-10-05T00:02:58.856965+00:00,CJzxtHtymwnfNTQebPeGQ44g79Dey9VuypXi18qsLbVA,solana,Pump.fun,HsZxyTLjpXxqVfNLRoFLYziFxNbQryr1rGDUVq8mpump,PUCat,So11111111111111111111111111111111111111112,SOL,2026-10-04T00:24:39Z,3.3611581645007985e-06,3361.158165,,2697.9428,120.04117597723224,,,0.0,0.0,0.0,0.0,0.0,42.3208869136,0,0,0,0,0,0,0,0,0,0,0,0,0,0,0,0,0,0,0,0,4,3,3,3,0.0,0.0,0.0,0.0,0.0,0.083,snapshot,,,,,,,/home/runner/work/Solana-Memecoin-Analysis/Solana-Memecoin-Analysis/data/cache/2026-10-05/000829086470_multi_pools_1879cd8eae39.json,2
2026-10-05T00:02:58.856965+00:00,95cKYiKuXokHc2VMvQWr6tdoeb6tx2MvAF6dT13HHTjT,solana,Pump.fun,5UcsMpY6ENZ5vJCtvxfYSGDSQePgu75t14CoZdoTZccp,SIDIR,So11111111111111111111111111111111111111112,SOL,2026-10-04T00:24:33Z,3.5186815866163785e-06,3518.681587,,2827.0278,119.92908735371584,,,0.0,0.0,0.0,0.0,0.0,1058.5681260227,0,0,0,0,0,0,0,0,0,0,0,0,0,0,0,0,0,0,0,0,4,4,4,4,0.0,0.0,0.0,0.0,0.0,0.041,snapshot,,,,,,,/home/runner/work/Solana-Memecoin-Analysis/Solana-Memecoin-Analysis/data/cache/2026-10-05/000829086470_multi_pools_1879cd8eae39.json,2
2026-10-05T00:02:58.856965+00:00,EpYELARpLDsScMy1DEq12FBYp5BFNnbNojmpCEyaBjdB,solana,Pump.fun,8w999UnLmHyRayDWZDPNjjmYJuuW9EocRtEcqvwZpump,$MISTAKE,So11111111111111111111111111111111111111112,SOL,2026-10-04T00:24:30Z,1.2257580497268055e-06,2451.5161,,990.1212,119.98901586946062,,,0.0,0.0,0.0,0.0,0.0,95.4815188758,0,0,0,0,0,0,0,0,0,0,0,0,0,0,0,0,0,0,0,0,7,14,2,2,0.0,0.0,0.0,0.0,0.0,-63.666,snapshot,,,,,,,/home/runner/work/Solana-Memecoin-Analysis/Solana-Memecoin-Analysis/data/cache/2026-10-05/000829086470_multi_pools_1879cd8eae39.json,2
2026-10-05T00:02:58.856965+00:00,Ax3SeW4VCy5oqPJw3eLFwJA66JwrKmccGbvnBHwd1vUu,solana,Pump.fun,E2boyxN4yWZvQSCMr6sLKnxF2b9taoFJ4xkb3BU3pump,VOSS,So11111111111111111111111111111111111111112,SOL,2026-10-04T00:24:30Z,3.4804377426099426e-06,3615.41524,,2797.4445,119.88000709024753,100.0,,0.0,0.0,0.0,0.0,0.0,392.5762363828,0,0,0,0,0,0,0,0,0,0,0,0,0,0,0,0,0,0,0,0,5,5,5,5,0.0,0.0,0.0,0.0,0.0,6.378,snapshot,,,,,,,/home/runner/work/Solana-Memecoin-Analysis/Solana-Memecoin-Analysis/data/cache/2026-10-05/000829086470_multi_pools_1879cd8eae39.json,2
2026-10-05T00:02:58.856965+00:00,7cLFboF9mv4PrJfdapCsBEWAVCcDFMnPt3sHXhcWobiW,solana,Pump.fun,2KyXiqPDFzbH55dLJBdoZcUB9a1amzBwgGvmMooVpump,TOAD,So11111111111111111111111111111111111111112,SOL,2026-10-04T00:33:25Z,1.6920104082361061e-06,3384.020816,,1344.6949,119.85262807572171,,,0.0,0.0,0.0,0.0,0.0,578.7430481575,0,0,0,0,0,0,0,0,0,0,0,0,0,0,0,0,0,0,0,0,103,18,5,5,0.0,0.0,0.0,0.0,0.0,-50.327,snapshot,,,,,,,/home/runner/work/Solana-Memecoin-Analysis/Solana-Memecoin-Analysis/data/cache/2026-10-05/000829086470_multi_pools_1879cd8eae39.json,2
2026-10-05T00:02:58.856965+00:00,8Vs1NrpsFreEhbnnpkYeJa4uGFxLUjHTWEpSoCdhmtBF,solana,Pump.fun,GwejyLMGnibenRj1WHrxmqiat7VJFnEPWB9pnhght2oW,HYEIHWHTEHRSE,So11111111111111111111111111111111111111112,SOL,2026-10-04T00:33:19Z,2.8760182459465603e-06,5752.036492,,2284.6522,120.03441985196483,100.0,,0.0,0.0,0.0,0.0,0.0,1501.5275878011,0,0,0,0,0,0,0,0,0,0,0,0,0,0,0,0,0,0,0,0,9,5,3,3,0.0,0.0,0.0,0.0,0.0,-21.992,snapshot,,,,,,,/home/runner/work/Solana-Memecoin-Analysis/Solana-Memecoin-Analysis/data/cache/2026-10-05/000829086470_multi_pools_1879cd8eae39.json,2
2026-10-05T00:02:58.856965+00:00,FXMyvRcJQBgXhtNCAjfuEsj9WR5PKJXCn5kwY4MgPs8r,solana,Pump.fun,HXZrrwL6YwG4xBbFdKihho5jGMF7HzkJGGujzmbMKMmd,FKBOTS,So11111111111111111111111111111111111111112,SOL,2026-10-04T00:33:16Z,3.516432394686087e-06,3516.432395,,2827.0278,119.85242695440344,,,0.0,0.0,0.0,0.0,0.0,278.6708790909,0,0,0,0,0,0,0,0,0,0,0,0,0,0,0,0,0,0,0,0,3,5,3,5,0.0,0.0,0.0,0.0,0.0,-5.816,snapshot,,,,,,,/home/runner/work/Solana-Memecoin-Analysis/Solana-Memecoin-Analysis/data/cache/2026-10-05/000829086470_multi_pools_1879cd8eae39.json,2
2026-10-05T00:02:58.856965+00:00,6gU82dZbfEE37qLCQDRthS9Kz7JX4kgznXs5aBodLkDR,solana,Pump.fun,F5XmP5A1XVCU2WftRXwhydJhC2q7pqEVke2cJr71pump,BTCMAS,So11111111111111111111111111111111111111112,SOL,2026-10-04T00:33:09Z,3.394746904788926e-06,3394.746905,,2694.8933,121.37830002642572,,,0.0,0.0,0.0,0.0,0.0,132.3431125339,0,0,0,0,0,0,0,0,0,0,0,0,0,0,0,0,0,0,0,0,5,2,1,1,0.0,0.0,0.0,0.0,0.0,1.218,snapshot,,,,,,,/home/runner/work/Solana-Memecoin-Analysis/Solana-Memecoin-Analysis/data/cache/2026-10-05/000829086470_multi_pools_1879cd8eae39.json,2
2026-10-05T00:02:58.856965+00:00,84ey7K4sNP2A34Bo8y9UHGTiCp2a9q5TeYAhbco9Vb6B,solana,Pump.fun,G9oQSroC4j6jtJCfDyDdv6EMg9YbaYEw5SVTWruFpump,dryercat,So11111111111111111111111111111111111111112,SOL,2026-10-04T00:33:00Z,8.908961734507398e-07,1855.7825284,,1008.3086,119.8589925154405,,,0.0,0.0,0.0,0.0,0.0,27.4754887235,0,0,0,0,0,0,0,0,0,0,0,0,0,0,0,0,0,0,0,0,3,8,2,2,0.0,0.0,0.0,0.0,0.0,-72.402,snapshot,,,,,,,/home/runner/work/Solana-Memecoin-Analysis/Solana-Memecoin-Analysis/data/cache/2026-10-05/000829086470_multi_pools_1879cd8eae39.json,2
2026-10-05T00:02:58.856965+00:00,FqvVQaD8chrdnM3PzPAPiaubuDjaUt2FNyp9kxNtMFwf,solana,Pump.fun,CgiLjrTZtFQGP6EKsZX1qzhBRRSoxXW8jRcK1Wdtpump,att,So11111111111111111111111111111111111111112,SOL,2026-10-04T00:32:58Z,8.5336642578005e-06,18280.426798,,6826.8882,119.85885808461836,,,0.0,0.0,0.0,0.0,0.0,63.525652241,0,0,0,0,0,0,0,0,0,0,0,0,0,0,0,0,0,0,0,0,5,2,2,2,0.0,0.0,0.0,0.0,0.0,171.863,snapshot,,,,,,,/home/runner/work/Solana-Memecoin-Analysis/Solana-Memecoin-Analysis/data/cache/2026-10-05/000829086470_multi_pools_1879cd8eae39.json,2
2026-10-05T00:02:58.856965+00:00,6kvm3Gk2dXkJ9V16S9k1rXtnh3fmcr1aKRRSVQZ5vRTH,solana,Meteora DAMM V2,8Gqp5c7oR6sFRYu3iMHbDomqJBKBiTuqQZpUxe6EmUiG,GS,So11111111111111111111111111111111111111112,SOL,2026-10-04T00:42:13Z,4.2216317528001035e-10,0.422148295,,0.8018,120.09215131545781,,,0.0,0.0,0.0,0.0,0.0,10709.4959866089,0,0,0,0,0,0,0,0,0,0,0,0,0,0,0,0,0,0,0,0,295,358,141,127,0.0,0.0,0.0,0.0,0.0,-99.999,snapshot,,,,,,,/home/runner/work/Solana-Memecoin-Analysis/Solana-Memecoin-Analysis/data/cache/2026-10-05/000829086470_multi_pools_1879cd8eae39.json,2
2026-10-05T00:02:58.856965+00:00,7qqRAFHAs1cTR66FGaoGQfksDjoajKhnMq1qQKoorzm1,solana,Pump.fun,5YkFVHfTYKkNjBBsF6Z6jwXz1KQiS2Pf4Lk9tpbCpump,360,So11111111111111111111111111111111111111112,SOL,2026-10-04T00:42:12Z,3.4007794276984313e-06,3400.779428,,2696.4086,121.52605491001384,,,0.0,0.0,0.0,0.0,0.0,222.1741019267,0,0,0,0,0,0,0,0,0,0,0,0,0,0,0,0,0,0,0,0,2,2,2,2,0.0,0.0,0.0,0.0,0.0,-5.588,snapshot,,,,,,,/home/runner/work/Solana-Memecoin-Analysis/Solana-Memecoin-Analysis/data/cache/2026-10-05/000829086470_multi_pools_1879cd8eae39.json,2
2026-10-05T00:02:58.856965+00:00,HvqT6AM14AFG3ZLQs46jes3hEHkGdLeEHABS9G97cgjX,solana,Meteora DAMM V2,7qJQ8gePQEXCqmVhbTQ4q619qyaMVoGBLnWJdit1pump,swordcat,So11111111111111111111111111111111111111112,SOL,2026-10-04T00:42:10Z,0.007971262046071905,7971262.046,,0.0121,120.72177147227623,,,0.0,0.0,0.0,0.0,0.0,0.1175063988,0,0,0,0,0,0,0,0,0,0,0,0,0,0,0,0,0,0,0,0,14,8,7,5,0.0,0.0,0.0,0.0,0.0,1005.8,snapshot,,,,,,,/home/runner/work/Solana-Memecoin-Analysis/Solana-Memecoin-Analysis/data/cache/2026-10-05/000829086470_multi_pools_1879cd8eae39.json,2
2026-10-05T00:02:58.856965+00:00,BBkAYL4dtZxHZtWapwWrBfiewrjLguCwqeJMa8xBaDfb,solana,Meteora DBC,7qJQ8gePQEXCqmVhbTQ4q619qyaMVoGBLnWJdit1pump,swordcat,So11111111111111111111111111111111111111112,SOL,2026-10-04T00:42:10Z,5.456511508455866e-12,0.005456511508,,0.0,120.04323572569038,,,0.0,0.0,0.0,0.0,0.0,0.001200432357,0,0,0,0,0,0,0,0,0,0,0,0,0,0,0,0,0,0,0,0,1,0,1,0,0.0,0.0,0.0,0.0,0.0,0.0,snapshot,,,,,,,/home/runner/work/Solana-Memecoin-Analysis/Solana-Memecoin-Analysis/data/cache/2026-10-05/000829086470_multi_pools_1879cd8eae39.json,2
2026-10-05T00:02:58.856965+00:00,CKFZP3DsmMrW2D4PE4RampdFExW4idwv8QTBBJpPgPsz,solana,Pump.fun,8PYFLnm4R74Xa2DYbk1P6znVmJUgFbRFh9cDYMWYpump,AIrdrop,So11111111111111111111111111111111111111112,SOL,2026-10-04T00:42:09Z,3.3573780726034075e-06,3357.378073,,2694.89,120.04234994821718,,,0.0,0.0,0.0,0.0,0.0,14.2541994734,0,0,0,0,0,0,0,0,0,0,0,0,0,0,0,0,0,0,0,0,2,2,2,2,0.0,0.0,0.0,0.0,0.0,-0.329,snapshot,,,,,,,/home/runner/work/Solana-Memecoin-Analysis/Solana-Memecoin-Analysis/data/cache/2026-10-05/000829086470_multi_pools_1879cd8eae39.json,2
2026-10-05T00:02:58.856965+00:00,BMg59zjgmRpcxkuFm6LVr3ueBbbfKU5tsYiaSMCEvQ35,solana,Pump.fun,4DBCRzDE6bY9St5SsNzwVHFn4xc6kG7CmqhabGdnpump,AIrdrop,So11111111111111111111111111111111111111112,SOL,2026-10-04T00:42:09Z,3.354224071653656e-06,3354.224072,,2694.5134,119.94644590887734,100.0,,0.0,0.0,0.0,0.0,0.0,63.541218861,0,0,0,0,0,0,0,0,0,0,0,0,0,0,0,0,0,0,0,0,5,5,5,5,0.0,0.0,0.0,0.0,0.0,-1.087,snapshot,,,,,,,/home/runner/work/Solana-Memecoin-Analysis/Solana-Memecoin-Analysis/data/cache/2026-10-05/000829086470_multi_pools_1879cd8eae39.json,2
2026-10-05T00:02:58.856965+00:00,8E2Mu7euwVp5HXZnv1G7DQRYC9qfm5su4srwsDRhWAkD,solana,Pump.fun,Hi3isAk3Rk55hymkdYb6mSbLWXym4c4QmNBhrzoUpump,AIrdrop,So11111111111111111111111111111111111111112,SOL,2026-10-04T00:42:09Z,3.357389860312522e-06,3357.38986,,2694.89,120.04277141528821,100.0,,0.0,0.0,0.0,0.0,0.0,37.9590780356,0,0,0,0,0,0,0,0,0,0,0,0,0,0,0,0,0,0,0,0,3,3,3,3,0.0,0.0,0.0,0.0,0.0,-0.132,snapshot,,,,,,,/home/runner/work/Solana-Memecoin-Analysis/Solana-Memecoin-Analysis/data/cache/2026-10-05/000829086470_multi_pools_1879cd8eae39.json,2
2026-10-05T00:02:58.856965+00:00,5fZjuj8HMWhp2KXsAymSsVx3Z9YJrAWVZCVzE7FxFGmd,solana,Pump.fun,BRW6V1m2eqJJpTD9785jY9q2RCLK7rEFucFksqZvpump,AIrdrop,So11111111111111111111111111111111111111112,SOL,2026-10-04T00:42:09Z,3.35632311608771e-06,3356.323116,,2695.7404,119.96694975721424,100.0,,0.0,0.0,0.0,0.0,0.0,67.976165969,0,0,0,0,0,0,0,0,0,0,0,0,0,0,0,0,0,0,0,0,4,6,4,6,0.0,0.0,0.0,0.0,0.0,-0.164,snapshot,,,,,,,/home/runner/work/Solana-Memecoin-Analysis/Solana-Memecoin-Analysis/data/cache/2026-10-05/000829086470_multi_pools_1879cd8eae39.json,2
2026-10-05T00:02:58.856965+00:00,5oEbnwxUuJx1Ss53scVJ9YtAMSCWhiKGBWtKPdhLn4rB,solana,Pump.fun,EHdP2Q29h8J4Uqy3rcRwjnFLzgC33yac5zuxLBvEpump,AIrdrop,So11111111111111111111111111111111111111112,SOL,2026-10-04T00:42:09Z,3.357389860312522e-06,3357.38986,,2694.89,120.04277141528821,100.0,,0.0,0.0,0.0,0.0,0.0,38.4564767953,0,0,0,0,0,0,0,0,0,0,0,0,0,0,0,0,0,0,0,0,3,3,3,3,0.0,0.0,0.0,0.0,0.0,-0.629,snapshot,,,,,,,/home/runner/work/Solana-Memecoin-Analysis/Solana-Memecoin-Analysis/data/cache/2026-10-05/000844115630_multi_pools_171372927eeb.json,2
2026-10-05T00:02:58.856965+00:00,9v41HMe59ScVDKF4wwRKQoxNtNuLKkLfL33zD4XZfPCq,solana,Pump.fun,3MXxNAtGM7eeA6uLbgAMPrDEQtTiErzWaNVEmCwGpump,$AA,So11111111111111111111111111111111111111112,SOL,2026-10-04T00:49:32Z,4.5634145507752166e-05,91268.29102,,36101.6837,119.96460182426726,100.0,,0.0,0.0,0.0,0.0,0.0,748.6329660174,0,0,0,0,0,0,0,0,0,0,0,0,0,0,0,0,0,0,0,0,18,5,5,4,0.0,0.0,0.0,0.0,0.0,1257.63,snapshot,,,,,,,/home/runner/work/Solana-Memecoin-Analysis/Solana-Memecoin-Analysis/data/cache/2026-10-05/000844115630_multi_pools_171372927eeb.json,2
2026-10-05T00:02:58.856965+00:00,7Gvt7pkXZBvfCtystpTdK4szSbuRzQrzJ8dhJv6CobZz,solana,Pump.fun,68eJD2JDY6qAASiu3Cj4dwYGUjDwXbamXf8frYe3pump,VS,So11111111111111111111111111111111111111112,SOL,2026-10-04T00:49:28Z,3.371426896322488e-06,3371.426896,,2704.1024,120.13352759607642,,,0.0,0.0,0.0,0.0,0.0,5609.046694261,0,0,0,0,0,0,0,0,0,0,0,0,0,0,0,0,0,0,0,0,58,66,53,54,0.0,0.0,0.0,0.0,0.0,-12.612,snapshot,,,,,,,/home/runner/work/Solana-Memecoin-Analysis/Solana-Memecoin-Analysis/data/cache/2026-10-05/000844115630_multi_pools_171372927eeb.json,2
2026-10-05T00:02:58.856965+00:00,7VtG69WRMtBjanx9R6tKfYxKCL7LfNh4PWctkCLSHDpX,solana,Pump.fun,Gkv8phLvVj9E4Ubr3bpdzoZ4vVrQPaANczTr11Rzpump,mayhem,So11111111111111111111111111111111111111112,SOL,2026-10-04T00:49:26Z,2.4649902586006084e-08,49.29980518,,0.0,121.22489551529554,100.0,,0.0,0.0,0.0,0.0,0.0,949.2303710592,0,0,0,0,0,0,0,0,0,0,0,0,0,0,0,0,0,0,0,0,253,253,31,31,0.0,0.0,0.0,0.0,0.0,-99.267,snapshot,,,,,,,/home/runner/work/Solana-Memecoin-Analysis/Solana-Memecoin-Analysis/data/cache/2026-10-05/000844115630_multi_pools_171372927eeb.json,2
2026-10-05T00:02:58.856965+00:00,9Q1psBmeyZqaJEXUsLpiFMbMSSiYFy7Q71UcFLkWHJt4,solana,Pump.fun,2jEJtyP9NhtriGd8Mc6T2qneQ39w7KiiTGpRcJfwg1vB,PROPHET,So11111111111111111111111111111111111111112,SOL,2026-10-04T00:49:24Z,3.3577197938942984e-06,3357.719794,,2694.7961,120.05867087528296,100.0,,0.0,0.0,0.0,0.0,0.0,417.1527619519,0,0,0,0,0,0,0,0,0,0,0,0,0,0,0,0,0,0,0,0,4,4,4,4,0.0,0.0,0.0,0.0,0.0,-10.545,snapshot,,,,,,,/home/runner/work/Solana-Memecoin-Analysis/Solana-Memecoin-Analysis/data/cache/2026-10-05/000844115630_multi_pools_171372927eeb.json,2
2026-10-05T00:02:58.856965+00:00,DHEX5qEng3GqBXwGr4MZafFmR336tirsJ2nrQwoXqXh7,solana,Pump.fun,5AoophQi9Lzkg6XLRzUNM9AcWUxs9n6FGSMnL3Zppump,MUMMYJEAN,So11111111111111111111111111111111111111112,SOL,2026-10-04T00:49:15Z,8.274121686740476e-07,1654.8243374,,666.2607,119.96566342849273,,,0.0,0.0,0.0,0.0,0.0,19.5785021678,0,0,0,0,0,0,0,0,0,0,0,0,0,0,0,0,0,0,0,0,5,10,2,2,0.0,0.0,0.0,0.0,0.0,-75.384,snapshot,,,,,,,/home/runner/work/Solana-Memecoin-Analysis/Solana-Memecoin-Analysis/data/cache/2026-10-05/000844115630_multi_pools_171372927eeb.json,2
2026-10-05T00:02:58.856965+00:00,A27we14B4fwRG3q7KWTZJkC7p519nUQi68o9wRoMqJ5E,solana,Meteora DBC,ERoTLMdX7ui4w2jZnFokZ9CdHp2Xx1yFGAG36szbCpfq,ANSEMBOT,So11111111111111111111111111111111111111112,SOL,2026-10-04T00:49:15Z,4.194819666760229e-06,4194.819667,,4263.5339,120.21424038147435,,,0.0,0.0,0.0,0.0,0.0,2121.6463379969,0,0,0,0,0,0,0,0,0,0,0,0,0,0,0,0,0,0,0,0,3,1,1,1,0.0,0.0,0.0,0.0,0.0,5.805,snapshot,,,,,,,/home/runner/work/Solana-Memecoin-Analysis/Solana-Memecoin-Analysis/data/cache/2026-10-05/000844115630_multi_pools_171372927eeb.json,2
2026-10-05T00:02:58.856965+00:00,BTKS1a21rbBqcX9cM5xYrAwsSp2UTu8YE8b2AzpH7WBK,solana,PumpSwap,AVKpeeWaCku3Mni5THbY4bkBnMrPzAEnnQKtP3wPpump,CARNAGE,So11111111111111111111111111111111111111112,SOL,2026-10-03T23:33:59Z,0.00010808993911062206,105352.350060934,,41194.5213,121.3109162738704,68.3402482822242,,29.8136352559,497.2454647643,714.8860466861,1821.6181919451,11351.1173113369,154256.769322386,3,0,3,0,11,6,11,6,22,7,21,7,48,17,45,17,255,104,219,90,6073,3766,5690,3556,0.073,-0.564,1.229,1.918,33.522,106.572,snapshot,,,,,,,/home/runner/work/Solana-Memecoin-Analysis/Solana-Memecoin-Analysis/data/cache/2026-10-05/000844115630_multi_pools_171372927eeb.json,2
2026-10-05T00:02:58.856965+00:00,3yMqnMybBGTy79skkKdz1xc8QA8TiVvTVas1WSrEafPn,solana,Pump.fun,9SaDfPge4hsK9QNK96Wt41skwpfqMq3G53cGdzF9pump,$AURA,So11111111111111111111111111111111111111112,SOL,2026-10-04T01:00:23Z,1.4358089965088467e-06,2871.617994,,1185.9698,120.04939263218941,100.0,,0.0,0.0,0.0,0.0,0.0,265.7596425436,0,0,0,0,0,0,0,0,0,0,0,0,0,0,0,0,0,0,0,0,12,5,2,2,0.0,0.0,0.0,0.0,0.0,-59.618,snapshot,,,,,,,/home/runner/work/Solana-Memecoin-Analysis/Solana-Memecoin-Analysis/data/cache/2026-10-05/000844115630_multi_pools_171372927eeb.json,2
2026-10-05T00:02:58.856965+00:00,31QpqGbggSSHoQoY3VJT6W5WURtfE525SjtfzMdqtCfx,solana,Pump.fun,AedBja51x7cQ1ZGguanEvNHWGG6Y6uUK97q4t5x6pump,MEMЕ500,So11111111111111111111111111111111111111112,SOL,2026-10-04T01:00:21Z,3.3599755949512208e-06,3359.975595,,2694.8778,120.1362185661564,100.0,,0.0,0.0,0.0,0.0,0.0,1493.9883437869,0,0,0,0,0,0,0,0,0,0,0,0,0,0,0,0,0,0,0,0,12,8,12,8,0.0,0.0,0.0,0.0,0.0,-17.886,snapshot,,,,,,,/home/runner/work/Solana-Memecoin-Analysis/Solana-Memecoin-Analysis/data/cache/2026-10-05/000844115630_multi_pools_171372927eeb.json,2
2026-10-05T00:02:58.856965+00:00,HLcUjD2Tj8PDavTtSwxwwGkT6pp1FS6LwueBJcvWoBT6,solana,Pump.fun,CSWd4rqHDNxZDeTcaMG345zMTjoh2VKrdVRLkz6gY9Aj,FROK,So11111111111111111111111111111111111111112,SOL,2026-10-04T01:00:07Z,3.359249173346909e-06,3359.249173,,2695.3395,120.08951596046735,100.0,,0.0,0.0,0.0,0.0,0.0,54495.326273455,0,0,0,0,0,0,0,0,0,0,0,0,0,0,0,0,0,0,0,0,528,496,301,297,0.0,0.0,0.0,0.0,0.0,-28.259,snapshot,,,,,,,/home/runner/work/Solana-Memecoin-Analysis/Solana-Memecoin-Analysis/data/cache/2026-10-05/000844115630_multi_pools_171372927eeb.json,2
2026-10-05T00:02:58.856965+00:00,J6pHTKbpEfCrBZ3TXBJ8kTHKwNsMBtTAtXypF4pvL2bB,solana,Pump.fun,DLfPA8YSDNztNo9R6mcTWXqaCuSywPwwmG8JwwALpump,POWER,So11111111111111111111111111111111111111112,SOL,2026-10-04T01:00:03Z,9.416368082073182e-07,1883.2736164,,0.0,119.97983274755087,100.0,,0.0,0.0,0.0,0.0,0.0,3803.4107853402,0,0,0,0,0,0,0,0,0,0,0,0,0,0,0,0,0,0,0,0,129,110,10,8,0.0,0.0,0.0,0.0,0.0,-72.175,snapshot,,,,,,,/home/runner/work/Solana-Memecoin-Analysis/Solana-Memecoin-Analysis/data/cache/2026-10-05/000844115630_multi_pools_171372927eeb.json,2
2026-10-05T00:02:58.856965+00:00,42WTKUwwxbh8L5DpcPYFc5nAjvxYm5KwrnwZEQeJHzzW,solana,Pump.fun,HYbk9FY74c8FynNRzsFn6gzXMehhd3tDjmca8a5mpump,ARROW,So11111111111111111111111111111111111111112,SOL,2026-10-04T01:00:01Z,3.369717621214236e-06,3369.717621,,2702.872,120.12808352461431,100.0,,0.0,0.0,0.0,0.0,0.0,23.7212558597,0,0,0,0,0,0,0,0,0,0,0,0,0,0,0,0,0,0,0,0,1,1,1,1,0.0,0.0,0.0,0.0,0.0,0.065,snapshot,,,,,,,/home/runner/work/Solana-Memecoin-Analysis/Solana-Memecoin-Analysis/data/cache/2026-10-05/000844115630_multi_pools_171372927eeb.json,2
2026-10-05T00:02:58.856965+00:00,7q8JjJgmgTcPmf9PoYvBqfhmQSz4f2wk9xLE7MgtxjJH,solana,Meteora DBC,4BnviZms4oh2TFdKRghwrPyGDrzBxoTAuGw8PWC13xb3,gork,So11111111111111111111111111111111111111112,SOL,2026-10-04T01:09:43Z,9.915229037556405e-05,99152.29038,,0.0,120.2348995293729,,,0.0,0.0,0.0,0.0,0.0,7282.7211337465,0,0,0,0,0,0,0,0,0,0,0,0,0,0,0,0,0,0,0,0,224,225,148,120,0.0,0.0,0.0,0.0,0.0,23.635,snapshot,,,,,,,/home/runner/work/Solana-Memecoin-Analysis/Solana-Memecoin-Analysis/data/cache/2026-10-05/000844115630_multi_pools_171372927eeb.json,2
2026-10-05T00:02:58.856965+00:00,pkHtSew2DaK6oArHPb2Y4ZgVauxypX5aF8yrdN3N1iy,solana,Pump.fun,3Ar8L8j2tUhsoxChMUqNMNRUD5ewbiiLBEW6djkmpump,Fox,So11111111111111111111111111111111111111112,SOL,2026-10-04T01:09:39Z,9.18638418180174e-06,18372.768364,,7196.1493,120.15897327954374,,,0.0,0.0,0.0,0.0,0.0,436.671370094,0,0,0,0,0,0,0,0,0,0,0,0,0,0,0,0,0,0,0,0,18,13,2,2,0.0,0.0,0.0,0.0,0.0,169.017,snapshot,,,,,,,/home/runner/work/Solana-Memecoin-Analysis/Solana-Memecoin-Analysis/data/cache/2026-10-05/000844115630_multi_pools_171372927eeb.json,2
2026-10-05T00:02:58.856965+00:00,GJJa57mTQjuTteY7STWMC9277ramKusZiSidAhT7BKk7,solana,Meteora DAMM V2,8atVSQSUDhUsmVRhYCs4iyxVibA2TnYRzTnbqvoxPzS,gork,So11111111111111111111111111111111111111112,SOL,2026-10-04T01:09:37Z,7.193023170769743e-10,0.7192926341,,1.5186,120.14541706070464,,,0.0,0.0,0.0,0.0,0.0,250.9437340336,0,0,0,0,0,0,0,0,0,0,0,0,0,0,0,0,0,0,0,0,10,12,8,12,0.0,0.0,0.0,0.0,0.0,-66.96,snapshot,,,,,,,/home/runner/work/Solana-Memecoin-Analysis/Solana-Memecoin-Analysis/data/cache/2026-10-05/000844115630_multi_pools_171372927eeb.json,2
2026-10-05T00:02:58.856965+00:00,9cW8D2vAFGRm1d2GqMUq8YFd9yMs6q677LLSeT7eyrN6,solana,Pump.fun,Gt56UT1zr6Hq7Wncmah8Zmw8QRW6SvALdBo8c1wxfPL7,FR33DOM,So11111111111111111111111111111111111111112,SOL,2026-10-04T01:09:35Z,3.36887645692987e-06,3368.876457,,2707.5042,119.89126711416905,100.0,,0.0,0.0,0.0,0.0,0.0,43634.7091200543,0,0,0,0,0,0,0,0,0,0,0,0,0,0,0,0,0,0,0,0,376,413,284,284,0.0,0.0,0.0,0.0,0.0,-48.595,snapshot,,,,,,,/home/runner/work/Solana-Memecoin-Analysis/Solana-Memecoin-Analysis/data/cache/2026-10-05/000844115630_multi_pools_171372927eeb.json,2
2026-10-05T00:02:58.856965+00:00,ChEihb8ggDdTohVLpeKPP2xEki6j9rBGLoxrc1e3J2xt,solana,Meteora DAMM V2,7nqF8Hp3WYKyWoUi3EXXeMVhp4qgXXa3CBB67zgjpump,PUMPFOLIO,So11111111111111111111111111111111111111112,SOL,2026-10-04T01:09:29Z,0.008156064346827276,8156064.347,,0.0486,120.77327003136033,,,0.0,0.0,0.0,0.0,0.0,0.2511183165,0,0,0,0,0,0,0,0,0,0,0,0,0,0,0,0,0,0,0,0,21,12,10,6,0.0,0.0,0.0,0.0,0.0,2.644,snapshot,,,,,,,/home/runner/work/Solana-Memecoin-Analysis/Solana-Memecoin-Analysis/data/cache/2026-10-05/000844115630_multi_pools_171372927eeb.json,2
2026-10-05T00:02:58.856965+00:00,FCUYPGey9qL7jmW3FevTKXpqiHbFxo15s7sgC4ziB2B3,solana,Pump.fun,48b2HaRvtc3dt4su9yUF3PJjFGH5F1e1nP2EUiqUYT9V,reCAPTCHA,So11111111111111111111111111111111111111112,SOL,2026-10-04T01:17:40Z,3.356077473480024e-06,3356.077473,,2694.6713,120.00587453163247,100.0,,0.0,0.0,0.0,0.0,0.0,2397.7696432874,0,0,0,0,0,0,0,0,0,0,0,0,0,0,0,0,0,0,0,0,13,20,13,13,0.0,0.0,0.0,0.0,0.0,-23.023,snapshot,,,,,,,/home/runner/work/Solana-Memecoin-Analysis/Solana-Memecoin-Analysis/data/cache/2026-10-05/000844115630_multi_pools_171372927eeb.json,2
2026-10-05T00:02:58.856965+00:00,B4zsM5YcQDZFKQEsb4vpPW5dszge1NxzP45iZJzFYjQr,solana,Pump.fun,3tg2mdpVMYEW8XyKkKsGndUCrrdknd9D6ZwtFEJB7z5Y,SPLOTTO,So11111111111111111111111111111111111111112,SOL,2026-10-04T01:17:33Z,3.4607502217324897e-06,3460.7501490069,,2742.4784,121.58114267604647,100.0,,0.0,0.0,0.0,0.0,0.0,30333.7394194622,0,0,0,0,0,0,0,0,0,0,0,0,0,0,0,0,0,0,0,0,244,208,148,151,0.0,0.0,0.0,0.0,0.0,-30.827,snapshot,,,,,,,/home/runner/work/Solana-Memecoin-Analysis/Solana-Memecoin-Analysis/data/cache/2026-10-05/000844115630_multi_pools_171372927eeb.json,2
2026-10-05T00:02:58.856965+00:00,BAy7kYdZHtd7m3ymU1x6b6TDgLmK4LeNL6wvR4KiNQpS,solana,Pump.fun,HHUXZFKQViVkHnqqyQVqp6rEMVnoo9z6ohfyHn2Spump,Life,So11111111111111111111111111111111111111112,SOL,2026-10-04T01:17:31Z,3.1862993570698544e-06,4188.308304,,1686.1165,119.98864115354357,100.0,,0.0,0.0,0.0,0.0,0.0,19.30305946,0,0,0,0,0,0,0,0,0,0,0,0,0,0,0,0,0,0,0,0,6,2,3,2,0.0,0.0,0.0,0.0,0.0,-37.738,snapshot,,,,,,,/home/runner/work/Solana-Memecoin-Analysis/Solana-Memecoin-Analysis/data/cache/2026-10-05/000844115630_multi_pools_171372927eeb.json,2
2026-10-05T00:02:58.856965+00:00,G3GUrBoDXgcNTkUJvXdoSRjvuDeZRE1P6f9Ta4SkjKPA,solana,Pump.fun,4KLeQRcZMgsTeHfgHnJXMEeegmK2gmCsvaKvFNpk7V1E,EGGBOT,So11111111111111111111111111111111111111112,SOL,2026-10-04T01:17:29Z,3.3557134354524363e-06,3355.713435,,2694.9629,119.97979121051982,100.0,,0.0,0.0,0.0,0.0,0.0,2049.4872883061,0,0,0,0,0,0,0,0,0,0,0,0,0,0,0,0,0,0,0,0,7,8,7,7,0.0,0.0,0.0,0.0,0.0,-18.77,snapshot,,,,,,,/home/runner/work/Solana-Memecoin-Analysis/Solana-Memecoin-Analysis/data/cache/2026-10-05/000844115630_multi_pools_171372927eeb.json,2
2026-10-05T00:02:58.856965+00:00,FuV4z5vm3PvUwsQ3JwHr4cpC6cgL4RF1yBcgiZzdKxG1,solana,Pump.fun,D3jxbc2YGmnnALLH3wuKkXLMcsa6tuGbUP4HwUYRh27U,CASINU,So11111111111111111111111111111111111111112,SOL,2026-10-04T01:17:29Z,3.3557164238630824e-06,3355.716424,,2694.9629,119.97990354691078,,,0.0,0.0,0.0,0.0,0.0,2044.7791913013,0,0,0,0,0,0,0,0,0,0,0,0,0,0,0,0,0,0,0,0,8,12,8,12,0.0,0.0,0.0,0.0,0.0,-34.025,snapshot,,,,,,,/home/runner/work/Solana-Memecoin-Analysis/Solana-Memecoin-Analysis/data/cache/2026-10-05/000844115630_multi_pools_171372927eeb.json,2
2026-10-05T00:02:58.856965+00:00,5VbavvxS1NLmyNJLS3QbDoRFsUHKn6rBzmfVQdWWSniq,solana,PumpSwap,9dSMwFfPezQ8WPcW1uZV7ns4rcviEj2LssSAg75WBLXd,Aiden,So11111111111111111111111111111111111111112,SOL,2026-10-03T17:19:28Z,0.0003182371358269514,312062.072037443,,64930.6016,121.35075950465082,100.0,,2064.6617495248,5644.1532384363,7189.3499548168,24693.8329014648,275364.59672002,4010238.89520104,5,14,4,9,16,37,14,21,33,73,29,42,134,210,96,115,1946,2146,871,985,22683,20997,7653,8303,5.251,1.747,2.236,-6.83,-5.359,-54.674,snapshot,,,,,,,/home/runner/work/Solana-Memecoin-Analysis/Solana-Memecoin-Analysis/data/cache/2026-10-05/000844115630_multi_pools_171372927eeb.json,2
2026-10-05T00:02:58.856965+00:00,4qu31d16exo9yqUGoEUyZ7FECd4ZN85onWN3fBMnUnXT,solana,Pump.fun,D3pR2tmePd6yXzAdqFfCTDZJfxfpnhPufxWsTEiNnAgu,PCUBE,So11111111111111111111111111111111111111112,SOL,2026-10-04T01:25:16Z,3.377144221652186e-06,3377.144222,,2711.7409,119.99907430816852,100.0,,0.0,0.0,0.0,0.0,0.0,71.1251391819,0,0,0,0,0,0,0,0,0,0,0,0,0,0,0,0,0,0,0,0,3,3,3,3,0.0,0.0,0.0,0.0,0.0,-1.139,snapshot,,,,,,,/home/runner/work/Solana-Memecoin-Analysis/Solana-Memecoin-Analysis/data/cache/2026-10-05/000844115630_multi_pools_171372927eeb.json,2
2026-10-05T00:02:58.856965+00:00,4Sm3fzLTKDhRYCGcSPXWh5LyjWqXp8eXx53doMd9E3ox,solana,Pump.fun,Fyb3KqPs1WZHxV9KJ1NtVpRwS2mUp5FQgE8M4JDZpump,BPCATE,So11111111111111111111111111111111111111112,SOL,2026-10-04T01:25:09Z,7.666500046590778e-07,1533.3000094,,2209.1401,119.99836145514472,,,0.0,0.0,0.0,0.0,0.0,45.9287391065,0,0,0,0,0,0,0,0,0,0,0,0,0,0,0,0,0,0,0,0,4,8,3,2,0.0,0.0,0.0,0.0,0.0,-77.209,snapshot,,,,,,,/home/runner/work/Solana-Memecoin-Analysis/Solana-Memecoin-Analysis/data/cache/2026-10-05/000844115630_multi_pools_171372927eeb.json,2
2026-10-05T00:02:58.856965+00:00,134vXb5r5g2K48ywB7sHTWLeNFrVLy37G9umAq2yr61U,solana,Pump.fun,898vdEZTQPwu1Aoh5DzT6Z4Ra8cbrXMYxwgSh1VooekY,SI,So11111111111111111111111111111111111111112,SOL,2026-10-04T01:25:06Z,3.371442596624308e-06,3371.442597,,2705.8972,120.05503227560607,,,0.0,0.0,0.0,0.0,0.0,7607.5624125883,0,0,0,0,0,0,0,0,0,0,0,0,0,0,0,0,0,0,0,0,39,57,32,37,0.0,0.0,0.0,0.0,0.0,-31.66,snapshot,,,,,,,/home/runner/work/Solana-Memecoin-Analysis/Solana-Memecoin-Analysis/data/cache/2026-10-05/000844115630_multi_pools_171372927eeb.json,2
2026-10-05T00:02:58.856965+00:00,DSU1dHy5xWNUF8LUetuGBaFjgQHmYx53rb5cZi4wXUMp,solana,Pump.fun,GDSV2h2GCHHNNmceNPRmDMgD66bkSB9j8rznhwpDcksz,CRYPTOS,So11111111111111111111111111111111111111112,SOL,2026-10-04T01:25:02Z,3.365545709308649e-06,3365.545709,,2702.872,119.97935777421415,,,0.0,0.0,0.0,0.0,0.0,23.7089141655,0,0,0,0,0,0,0,0,0,0,0,0,0,0,0,0,0,0,0,0,1,1,1,1,0.0,0.0,0.0,0.0,0.0,-0.078,snapshot,,,,,,,/home/runner/work/Solana-Memecoin-Analysis/Solana-Memecoin-Analysis/data/cache/2026-10-05/000844115630_multi_pools_171372927eeb.json,2
2026-10-05T00:02:58.856965+00:00,AkdnnHWsKjSD5XSUxtb1xUL5AggRA4SxYaADfMcyXRtE,solana,Pump.fun,4oi2ST15KtDieNH767LrJDZFqnZHN4H9V7AZaKgdpump,DOGE PAID,So11111111111111111111111111111111111111112,SOL,2026-10-04T01:25:00Z,3.190849650165326e-07,638.16993,,260.6857,120.14904607637139,,,0.0,0.0,0.0,0.0,0.0,111.0057416982,0,0,0,0,0,0,0,0,0,0,0,0,0,0,0,0,0,0,0,0,15,19,3,3,0.0,0.0,0.0,0.0,0.0,-90.526,snapshot,,,,,,,/home/runner/work/Solana-Memecoin-Analysis/Solana-Memecoin-Analysis/data/cache/2026-10-05/000844115630_multi_pools_171372927eeb.json,2
2026-10-05T00:02:58.856965+00:00,J3DETpdFKNviLkeS9tejcXYW3FJBah14DxTCthF2mjwz,solana,Pump.fun,3aDwnsAZiyANYtRy6qSsmA1AJZPPq9t7a7Td8qx1pump,$AA,So11111111111111111111111111111111111111112,SOL,2026-10-04T01:24:57Z,4.991943589729804e-08,99.8388718,,47.6371,119.99635385753395,,,0.0,0.0,0.0,0.0,0.0,692.3921063287,0,0,0,0,0,0,0,0,0,0,0,0,0,0,0,0,0,0,0,0,36,44,9,9,0.0,0.0,0.0,0.0,0.0,-98.516,snapshot,,,,,,,/home/runner/work/Solana-Memecoin-Analysis/Solana-Memecoin-Analysis/data/cache/2026-10-05/000844115630_multi_pools_171372927eeb.json,2
2026-10-05T00:02:58.856965+00:00,BzUPhVFnNPbieHuoGt2D5sydQh3xmUZ4TEFwdX7XGvGR,solana,Pump.fun,G9FwsYdvCkCPkmdRM8q3hRLQPeZ6RhxsZo1xfUAqDx94,DOGEMINER,So11111111111111111111111111111111111111112,SOL,2026-10-04T01:33:21Z,3.4747683299768055e-06,3474.76833,,2755.0061,121.408532640369,100.0,,0.3459020151,0.3459020151,5.0857284221,5.0857284221,227.1398994304,55334.3215976061,1,0,1,0,1,0,1,0,2,1,2,1,2,1,2,1,2,7,2,7,719,633,332,319,0.0,0.0,-0.128,-0.128,-9.159,3.347,snapshot,,,,,,,/home/runner/work/Solana-Memecoin-Analysis/Solana-Memecoin-Analysis/data/cache/2026-10-05/000851637528_multi_pools_eeda16605883.json,2
2026-10-05T00:02:58.856965+00:00,59Tax7cqv8APnyE4pf4attokTy4T8bS6A6Xkt4uvteJm,solana,PumpSwap,HsjxPEsZzzofcngPeoRTXnLnZxu8KZtnxCfJZTiapump,zfly,So11111111111111111111111111111111111111112,SOL,2026-10-04T01:33:19Z,0.004418238461869031,4418238.462,,6.374908315e-07,119.97216746459756,100.0,,0.0,0.0,0.0,0.0,0.0,3029.0692479018,0,0,0,0,0,0,0,0,0,0,0,0,0,0,0,0,0,0,0,0,2176,275,217,149,0.0,0.0,0.0,0.0,0.0,9308.581,snapshot,,,,,,,/home/runner/work/Solana-Memecoin-Analysis/Solana-Memecoin-Analysis/data/cache/2026-10-05/000851637528_multi_pools_eeda16605883.json,2
2026-10-05T00:02:58.856965+00:00,JCguVfGkAvumALGH7VKFMJVJ6bWf4g6iyMwAyUhL797j,solana,Pump.fun,8ba4dA6YZnJ146yP8m2Zj8wgnSnQfTE79KRgihWRUXNs,TASU,So11111111111111111111111111111111111111112,SOL,2026-10-04T01:33:13Z,3.367678389556488e-06,3367.67839,,2702.872,120.0553863379522,100.0,,0.0,0.0,0.0,0.0,0.0,292.6990077608,0,0,0,0,0,0,0,0,0,0,0,0,0,0,0,0,0,0,0,0,5,5,5,5,0.0,0.0,0.0,0.0,0.0,-5.211,snapshot,,,,,,,/home/runner/work/Solana-Memecoin-Analysis/Solana-Memecoin-Analysis/data/cache/2026-10-05/000851637528_multi_pools_eeda16605883.json,2
2026-10-05T00:02:58.856965+00:00,HdALPCfmqTCVJW22f9wUXk5eJ6MJp8nFDfmcfD9gGJvv,solana,Meteora DAMM V2,EHdoTG1MuC6M6HHaKqADDyt64L9HoTeXSdKTFCu9jups,Greg,So11111111111111111111111111111111111111112,SOL,2026-10-04T01:43:43Z,0.01719531413205341,17195314.13,,0.000191227672,120.99531923979295,,,0.0,0.0,0.0,0.0,0.0,0.1538513832,0,0,0,0,0,0,0,0,0,0,0,0,0,0,0,0,0,0,0,0,13,8,8,7,0.0,0.0,0.0,0.0,0.0,2288.085,snapshot,,,,,,,/home/runner/work/Solana-Memecoin-Analysis/Solana-Memecoin-Analysis/data/cache/2026-10-05/000851637528_multi_pools_eeda16605883.json,2
2026-10-05T00:02:58.856965+00:00,Ex1fs8bCGkKDeTV43uMrVoh2iVYAFBPAGnDt8dao9QkY,solana,Pump.fun,HErJdVWNNbGvXSpJeHbSoG1MPVbU8BXP9PEbSgVsuS1C,SPLICEINU,So11111111111111111111111111111111111111112,SOL,2026-10-04T01:43:34Z,3.3533224028950393e-06,3353.322403,,2694.6591,119.90787146519325,,,0.0,0.0,0.0,0.0,0.0,1210.3550362273,0,0,0,0,0,0,0,0,0,0,0,0,0,0,0,0,0,0,0,0,3,7,3,7,0.0,0.0,0.0,0.0,0.0,-26.689,snapshot,,,,,,,/home/runner/work/Solana-Memecoin-Analysis/Solana-Memecoin-Analysis/data/cache/2026-10-05/000851637528_multi_pools_eeda16605883.json,2
2026-10-05T00:02:58.856965+00:00,9JcZNGQsz1J9B3xFkB28xxtPRkAkrdwXfRpZse7G5hzp,solana,Pump.fun,HbSBvEazCTHK8UudaYKc9pTQDNqcg3Uw8bCsTFApump,BGC,So11111111111111111111111111111111111111112,SOL,2026-10-04T01:43:33Z,3.578244211647378e-06,3578.2442119414,,2873.6049,119.98300122179934,,,0.0,0.0,0.0,0.0,0.0,239.9660024436,0,0,0,0,0,0,0,0,0,0,0,0,0,0,0,0,0,0,0,0,0,1,0,1,0.0,0.0,0.0,0.0,0.0,0.0,snapshot,,,,,,,/home/runner/work/Solana-Memecoin-Analysis/Solana-Memecoin-Analysis/data/cache/2026-10-05/000851637528_multi_pools_eeda16605883.json,2
2026-10-05T00:02:58.856965+00:00,2te2EqQRP3UWcGekH4iaycZjHpWr67Lm5ayHeSj2ocqb,solana,Pump.fun,5fcm8HXfhn3N6NWek6Saekh1soxZVw7DtyUyqm1epump,BER,So11111111111111111111111111111111111111112,SOL,2026-10-04T01:51:53Z,3.3582724453246237e-06,3358.272445,,2694.89,120.07432805758188,,,0.0,0.0,0.0,0.0,0.0,37.9635651234,0,0,0,0,0,0,0,0,0,0,0,0,0,0,0,0,0,0,0,0,3,3,3,3,0.0,0.0,0.0,0.0,0.0,-0.077,snapshot,,,,,,,/home/runner/work/Solana-Memecoin-Analysis/Solana-Memecoin-Analysis/data/cache/2026-10-05/000851637528_multi_pools_eeda16605883.json,2
2026-10-05T00:02:58.856965+00:00,5GAErs3WqpuASeDMrj3xGcuuSwhoCVZrbDeU6EbhT1UN,solana,Pump.fun,5fDDBJsvuXdxG8BpgJUcFu5zTT13xgaooXCPRmQBpump,SOOTS,So11111111111111111111111111111111111111112,SOL,2026-10-04T01:51:48Z,2.8633376319194047e-06,5726.675264,,2299.5424,120.02154037516836,,,0.0,0.0,0.0,0.0,0.0,263.2477098035,0,0,0,0,0,0,0,0,0,0,0,0,0,0,0,0,0,0,0,0,4,4,4,4,0.0,0.0,0.0,0.0,0.0,-14.827,snapshot,,,,,,,/home/runner/work/Solana-Memecoin-Analysis/Solana-Memecoin-Analysis/data/cache/2026-10-05/000851637528_multi_pools_eeda16605883.json,2
2026-10-05T00:02:58.856965+00:00,GtYwMptxLV2v3oxGqsDzFRkMMKPF7vXUmgCxNqtu565s,solana,Pump.fun,14Nig7Nt8DKGx11FrhY9ddk1ySsMQN3B4x4XMnt1BX7g,ted,So11111111111111111111111111111111111111112,SOL,2026-10-04T01:59:43Z,3.3607486920008312e-06,3360.748692,,2694.8292,120.16574005147909,,,0.0,0.0,0.0,0.0,0.0,245.4073092454,0,0,0,0,0,0,0,0,0,0,0,0,0,0,0,0,0,0,0,0,4,4,4,4,0.0,0.0,0.0,0.0,0.0,-6.266,snapshot,,,,,,,/home/runner/work/Solana-Memecoin-Analysis/Solana-Memecoin-Analysis/data/cache/2026-10-05/000851637528_multi_pools_eeda16605883.json,2
2026-10-05T00:02:58.856965+00:00,33HijSNKBrZJjxtHesoyuz333YpDVhMbbQdwz6Gf52M8,solana,Pump.fun,AmqC9ojxDjyJy6q7hTjLhHyPyC1bCgzyDqKc96hNgvQj,puter,So11111111111111111111111111111111111111112,SOL,2026-10-04T01:59:26Z,3.634053517369508e-06,3634.053517,,2915.7262,120.09372371460992,,,0.0,0.0,0.0,0.0,0.0,593.2916737481,0,0,0,0,0,0,0,0,0,0,0,0,0,0,0,0,0,0,0,0,2,2,2,2,0.0,0.0,0.0,0.0,0.0,0.0,snapshot,,,,,,,/home/runner/work/Solana-Memecoin-Analysis/Solana-Memecoin-Analysis/data/cache/2026-10-05/000851637528_multi_pools_eeda16605883.json,2
2026-10-05T00:02:58.856965+00:00,2hdExBkYRAqb8ZF1CDHKUtG9xzsnQVLwqBQppXCqZEVe,solana,PumpSwap,AzAcAx5t9Hy5WdBquMf56HW2ttc9DjRUXJvt8LsJfDS1,CRAWL,So11111111111111111111111111111111111111112,SOL,2026-10-04T02:05:18Z,0.005680979796829978,4542098.44453191,,6.49421253737901e-07,120.33080523026398,100.0,,0.0,0.0,0.0,0.0,0.0,2944.7269668992,0,0,0,0,0,0,0,0,0,0,0,0,0,0,0,0,0,0,0,0,1567,156,115,80,0.0,0.0,0.0,0.0,0.0,10902.02,snapshot,,,,,,,/home/runner/work/Solana-Memecoin-Analysis/Solana-Memecoin-Analysis/data/cache/2026-10-05/000851637528_multi_pools_eeda16605883.json,2
2026-10-05T00:02:58.856965+00:00,E8A84KDuw2xYDWFqcyuGEuYdZZtcqdUr95hYJ474cMS1,solana,Pump.fun,5RSim2PgP6LbFpBpuwDWZbDeBvbebqgA7nML54X2pump,GOOPER,So11111111111111111111111111111111111111112,SOL,2026-10-04T02:05:15Z,7.007168285340758e-07,1401.433657,,564.0151,120.20226317253716,,,0.0,0.0,0.0,0.0,0.0,36.0298066348,0,0,0,0,0,0,0,0,0,0,0,0,0,0,0,0,0,0,0,0,9,11,2,2,0.0,0.0,0.0,0.0,0.0,-79.22,snapshot,,,,,,,/home/runner/work/Solana-Memecoin-Analysis/Solana-Memecoin-Analysis/data/cache/2026-10-05/000851637528_multi_pools_eeda16605883.json,2
2026-10-05T00:02:58.856965+00:00,BEqCxvvyN36GS1kJkJjk3oWMVAjR3Zy55LaP9TRRtDT8,solana,Pump.fun,AGHoyuxw4s7SoXxf5q8VE7KQKXjrRKgtB83tpEBSpump,knightinu,So11111111111111111111111111111111111111112,SOL,2026-10-04T02:05:14Z,3.3829811946298683e-06,3382.981195,,2736.8048,120.06119993386338,,,0.0,0.0,0.0,0.0,0.0,483.8500426279,0,0,0,0,0,0,0,0,0,0,0,0,0,0,0,0,0,0,0,0,8,8,8,8,0.0,0.0,0.0,0.0,0.0,-3.999,snapshot,,,,,,,/home/runner/work/Solana-Memecoin-Analysis/Solana-Memecoin-Analysis/data/cache/2026-10-05/000851637528_multi_pools_eeda16605883.json,2
2026-10-05T00:02:58.856965+00:00,DZsRELuceTVfuBxHavXWSp8WjkioiNPJj16CNki8kNni,solana,Pump.fun,5SJywGdtZBtJh1bCCEjpckYyXT1EPBodNbYU4eYR2Nq1,catana,So11111111111111111111111111111111111111112,SOL,2026-10-04T02:17:08Z,3.3555083609306895e-06,3355.508361,,2693.7358,120.02731161953291,100.0,,0.0,0.0,0.0,0.0,0.0,0.001200153089,0,0,0,0,0,0,0,0,0,0,0,0,0,0,0,0,0,0,0,0,0,1,0,1,0.0,0.0,0.0,0.0,0.0,0.0,snapshot,,,,,,,/home/runner/work/Solana-Memecoin-Analysis/Solana-Memecoin-Analysis/data/cache/2026-10-05/000851637528_multi_pools_eeda16605883.json,2
2026-10-05T00:02:58.856965+00:00,8CLN1vScDZmMQa2HLhPs81uNAMpL3N1Pz8Gc77zvHWUk,solana,Pump.fun,2ZXXoAGx8ohZFDM8UvjwqA9coE3PRXDjw4qJt9SBy53t,catana,So11111111111111111111111111111111111111112,SOL,2026-10-04T02:17:06Z,3.3555083609500187e-06,3355.508361,,2693.7358,120.02731162022431,100.0,,0.0,0.0,0.0,0.0,0.0,0.002400252003,0,0,0,0,0,0,0,0,0,0,0,0,0,0,0,0,0,0,0,0,1,1,1,1,0.0,0.0,0.0,0.0,0.0,0.005,snapshot,,,,,,,/home/runner/work/Solana-Memecoin-Analysis/Solana-Memecoin-Analysis/data/cache/2026-10-05/000851637528_multi_pools_eeda16605883.json,2
2026-10-05T00:02:58.856965+00:00,2aFmssb7xY23DFDTCCQ38tMSiCH3HWksf4kDveaS9LeL,solana,Pump.fun,4qyPGdNmdpH3atkH3p18GW6GYgnkNCsP4cznuQfdmvgz,catana,So11111111111111111111111111111111111111112,SOL,2026-10-04T02:17:03Z,3.3554260440388116e-06,3355.426044,,2694.0031,120.01236468852316,100.0,,0.0,0.0,0.0,0.0,0.0,0.001200123647,0,0,0,0,0,0,0,0,0,0,0,0,0,0,0,0,0,0,0,0,1,0,1,0,0.0,0.0,0.0,0.0,0.0,0.0,snapshot,,,,,,,/home/runner/work/Solana-Memecoin-Analysis/Solana-Memecoin-Analysis/data/cache/2026-10-05/000851637528_multi_pools_eeda16605883.json,2
2026-10-05T00:02:58.856965+00:00,FZDzEfbM24ftaPMBpgDtYNKkmTRnCLFEmbnfXkAE3KC4,solana,Pump.fun,FfJbWxjVWyRZCr85HQ9ZiuPCwNCC3oVnUkxCP2xSpump,GAY,So11111111111111111111111111111111111111112,SOL,2026-10-04T02:16:58Z,3.3007314427442143e-07,674.7503778,,300.0127,119.96084736630576,,,0.0,0.0,0.0,0.0,0.0,906.3630362949,0,0,0,0,0,0,0,0,0,0,0,0,0,0,0,0,0,0,0,0,24,34,4,4,0.0,0.0,0.0,0.0,0.0,-90.014,snapshot,,,,,,,/home/runner/work/Solana-Memecoin-Analysis/Solana-Memecoin-Analysis/data/cache/2026-10-05/000851637528_multi_pools_eeda16605883.json,2
2026-10-05T00:02:58.856965+00:00,GBgMY3udQULyHrbBvYyc5bBnLtpiFPAuDpjtSi8E5kWz,solana,Pump.fun,4Hk2pT2TvAWun9JK4nf1v33YmSNQhuSya74TUxVmpaid,WHIRL,So11111111111111111111111111111111111111112,SOL,2026-10-04T02:16:55Z,3.3950062560342887e-06,3395.006256,,2695.3152,121.36890804098047,100.0,,0.0,0.0,0.0,0.0,0.0,5231.2700747759,0,0,0,0,0,0,0,0,0,0,0,0,0,0,0,0,0,0,0,0,40,43,38,40,0.0,0.0,0.0,0.0,0.0,-0.772,snapshot,,,,,,,/home/runner/work/Solana-Memecoin-Analysis/Solana-Memecoin-Analysis/data/cache/2026-10-05/000851637528_multi_pools_eeda16605883.json,2
2026-10-05T00:02:58.856965+00:00,AgF8ZQ7g4nr3553Kp6eqW48H6hMH49PRXsGxA9YSC69k,solana,Pump.fun,zKBMLBS6Nrf8e1VyUvtz1i4zqPgK6qsxXmEHQuACF6Q,catana,So11111111111111111111111111111111111111112,SOL,2026-10-04T02:16:52Z,3.3568198504945487e-06,3356.81985,,2694.7563,120.02855367131043,100.0,,0.0,0.0,0.0,0.0,0.0,1105.3281855618,0,0,0,0,0,0,0,0,0,0,0,0,0,0,0,0,0,0,0,0,5,5,5,5,0.0,0.0,0.0,0.0,0.0,-9.054,snapshot,,,,,,,/home/runner/work/Solana-Memecoin-Analysis/Solana-Memecoin-Analysis/data/cache/2026-10-05/000851637528_multi_pools_eeda16605883.json,2
2026-10-05T00:02:58.856965+00:00,FLRWTn7iFKs8suVh9KEnE9djqhF3hAtoEgK62XEsGiBR,solana,Meteora DAMM V2,4fB69bDwQDjNZPY6YKwvLBeG4GW6zLUzxQHbgFQPym11,SPLICE,So11111111111111111111111111111111111111112,SOL,2026-10-04T02:16:50Z,0.0142791624268871,14279162.43,,0.1215,120.9725998790361,,,0.0,0.0,0.0,0.0,0.0,0.1920416261,0,0,0,0,0,0,0,0,0,0,0,0,0,0,0,0,0,0,0,0,18,9,11,5,0.0,0.0,0.0,0.0,0.0,1881.344,snapshot,,,,,,,/home/runner/work/Solana-Memecoin-Analysis/Solana-Memecoin-Analysis/data/cache/2026-10-05/000851637528_multi_pools_eeda16605883.json,2
2026-10-05T00:02:58.856965+00:00,D76kBrdnHgSTGFg1KqzH3A88rqGgqhxzUFCLNMYbvUrT,solana,Pump.fun,4HQiUR6C3it5MMRXbdv3H26uSwBZrbECPHPAa5N2pump,UNB,EPjFWdd5AufqSSqeM2qN1xzybapC8G4wEGGkZwyTDt1v,USDC,2026-10-04T02:16:43Z,2.7042596890963636e-07,540.8519378,,215.7822,1.003789397529191,,,0.0,0.0,0.0,0.0,0.0,228.3627496089,0,0,0,0,0,0,0,0,0,0,0,0,0,0,0,0,0,0,0,0,52,50,4,4,0.0,0.0,0.0,0.0,0.0,-93.269,snapshot,,,,,,,/home/runner/work/Solana-Memecoin-Analysis/Solana-Memecoin-Analysis/data/cache/2026-10-05/000851637528_multi_pools_eeda16605883.json,2
2026-10-05T00:02:58.856965+00:00,3MVcZEqqDVMr5wxnZZXSYLxkpLQUbahVcwRK5aSqukWV,solana,Meteora DAMM V2,EWhT2Avw7e44z2rxyjK7hKPPfVWdVwE75xLRfDosQ7NA,TEMPLE,So11111111111111111111111111111111111111112,SOL,2026-10-04T02:25:00Z,7.534740987713619e-10,0.75345199,,1.3364,120.98851083746248,,,0.0,0.0,0.0,0.0,0.0,5117.0472501606,0,0,0,0,0,0,0,0,0,0,0,0,0,0,0,0,0,0,0,0,145,174,106,124,0.0,0.0,0.0,0.0,0.0,-99.998,snapshot,,,,,,,/home/runner/work/Solana-Memecoin-Analysis/Solana-Memecoin-Analysis/data/cache/2026-10-05/000851637528_multi_pools_eeda16605883.json,2
2026-10-05T00:02:58.856965+00:00,3He3A1VLnts9a7BcU1jRpWE3KhXxzpe4YDKKzj1z12Ya,solana,Pump.fun,DAUXHofhwFe7gTztNrZEbubFj2F3uWcBp1b7PGJ6pump,$GP,So11111111111111111111111111111111111111112,SOL,2026-10-04T02:24:54Z,6.140520656365149e-07,1228.1041312,,506.3549,119.98049548251406,,,0.0,0.0,0.0,0.0,0.0,393.1386476399,0,0,0,0,0,0,0,0,0,0,0,0,0,0,0,0,0,0,0,0,26,31,4,4,0.0,0.0,0.0,0.0,0.0,-81.765,snapshot,,,,,,,/home/runner/work/Solana-Memecoin-Analysis/Solana-Memecoin-Analysis/data/cache/2026-10-05/000851637528_multi_pools_eeda16605883.json,2
2026-10-05T00:02:58.856965+00:00,JE9NgUq8mXAH2gUDVoPXShPDjWmJ2BuqLJGXmNnXdTUB,solana,Meteora DAMM V2,FzKEkyZEEhivTi8woLzp7rQR7bAgH8NK9L5Q6K3krAfV,CHIPPY,So11111111111111111111111111111111111111112,SOL,2026-10-04T02:24:39Z,6.211143708999065e-10,0.6210548264,,1.1299,120.49006306971998,,,0.0,0.0,0.0,0.0,0.0,20354.8117868244,0,0,0,0,0,0,0,0,0,0,0,0,0,0,0,0,0,0,0,0,500,601,161,152,0.0,0.0,0.0,0.0,0.0,-99.999,snapshot,,,,,,,/home/runner/work/Solana-Memecoin-Analysis/Solana-Memecoin-Analysis/data/cache/2026-10-05/000851637528_multi_pools_eeda16605883.json,2
2026-10-05T00:02:58.856965+00:00,4wBVwxMhSffkG8okowk2SJJKBpckHJNmo2KhFRewK2UG,solana,Pump.fun,a8PndauyZ86fvcU8tAb5kgcBztq9xKbGwaWCyWLpump,GANTEX,So11111111111111111111111111111111111111112,SOL,2026-10-04T02:24:31Z,3.4714423924830662e-06,3365.7674,,2787.4062,120.00124645592324,,,0.0,0.0,0.0,0.0,0.0,1637.1631800234,0,0,0,0,0,0,0,0,0,0,0,0,0,0,0,0,0,0,0,0,12,12,12,12,0.0,0.0,0.0,0.0,0.0,-21.755,snapshot,,,,,,,/home/runner/work/Solana-Memecoin-Analysis/Solana-Memecoin-Analysis/data/cache/2026-10-05/000851637528_multi_pools_eeda16605883.json,2
2026-10-05T00:02:58.856965+00:00,CJt4dEnSTPL9LaRCwiFn9MfZXcsJze4wx5wszbLA69uh,solana,Pump.fun,BT56dsMbRtxwhDPf4RsPG8YKSPSEvLQeMwXRbby2akzH,Elon,So11111111111111111111111111111111111111112,SOL,2026-10-04T02:24:28Z,3.514741575394979e-06,3552.587324,,2787.6006,121.44155888795098,100.0,,0.0,0.0,0.0,0.0,0.0,16049.8308405429,0,0,0,0,0,0,0,0,0,0,0,0,0,0,0,0,0,0,0,0,163,172,116,117,0.0,0.0,0.0,0.0,0.0,-29.749,snapshot,,,,,,,/home/runner/work/Solana-Memecoin-Analysis/Solana-Memecoin-Analysis/data/cache/2026-10-05/000851637528_multi_pools_eeda16605883.json,2
2026-10-05T00:02:58.856965+00:00,FkdRSQWw9jtY1Vjp7pvJ3jjjsmr22nNBfJMAVtVnpppZ,solana,Pump.fun,Awg8DhFUH98rFrcX28cryNb2ko9eyfa4kUnputeLpump,stardust,So11111111111111111111111111111111111111112,SOL,2026-10-04T02:24:23Z,5.539586939685898e-10,1.107917388,,0.9962,120.68014125195154,,,0.0,0.0,0.0,0.0,0.01339851722,2046.940541404,0,0,0,0,0,0,0,0,0,0,0,0,0,0,0,0,0,2,0,2,241,234,29,28,0.0,0.0,0.0,0.0,-1.208,-99.984,snapshot,,,,,,,/home/runner/work/Solana-Memecoin-Analysis/Solana-Memecoin-Analysis/data/cache/2026-10-05/000851637528_multi_pools_eeda16605883.json,2
2026-10-05T00:02:58.856965+00:00,p1BwAVHNoWKnjYQTeX1WSvSn6cNkVYKpiqvu2FznBDe,solana,Pump.fun,E4Dtwp9xJTGnk2VaYR2iGS6YzK9gBm2icwYoGsy2pump,ELONS,So11111111111111111111111111111111111111112,SOL,2026-10-04T02:24:20Z,1.2000123877540303e-09,2.400024776,,2.1626,120.5485371048044,,,0.0,0.0,0.0,0.0,0.0,2164.9639487943,0,0,0,0,0,0,0,0,0,0,0,0,0,0,0,0,0,0,0,0,197,188,31,29,0.0,0.0,0.0,0.0,0.0,-99.964,snapshot,,,,,,,/home/runner/work/Solana-Memecoin-Analysis/Solana-Memecoin-Analysis/data/cache/2026-10-05/000851637528_multi_pools_eeda16605883.json,2
2026-10-05T00:02:58.856965+00:00,5UhYj9kGwuNam9SXCU7Cfw4vNAsxrFP4qHYHm9cSBRLc,solana,Pump.fun,2TbYdSCY8Yk3gW3FGryQMn7U9Sonh95VvtLp2ga2pump,SICAT,So11111111111111111111111111111111111111112,SOL,2026-10-04T02:33:07Z,3.385200004761871e-06,3385.200005,,2716.224,120.08653432746506,100.0,,0.0,0.0,0.0,0.0,0.0,59.4515410581,0,0,0,0,0,0,0,0,0,0,0,0,0,0,0,0,0,0,0,0,1,1,1,1,0.0,0.0,0.0,0.0,0.0,-0.015,snapshot,,,,,,,/home/runner/work/Solana-Memecoin-Analysis/Solana-Memecoin-Analysis/data/cache/2026-10-05/000851637528_multi_pools_eeda16605883.json,2
2026-10-05T00:02:58.856965+00:00,2ABs9Cpf8N3Eb5wKCLxTr3aR6bsakcEpFSxFTohVY5QM,solana,Pump.fun,B4HVedXhz1KSTStGDYVXtRE1MFqTo2uqhkBA8S7bpump,WEIRDCAT,So11111111111111111111111111111111111111112,SOL,2026-10-04T02:33:00Z,4.433484913951652e-09,8.866969828,,6.8279,120.66027992918691,100.0,,0.0,0.0,0.0,0.0,0.0,789.1267963853,0,0,0,0,0,0,0,0,0,0,0,0,0,0,0,0,0,0,0,0,103,105,23,23,0.0,0.0,0.0,0.0,0.0,-99.869,snapshot,,,,,,,/home/runner/work/Solana-Memecoin-Analysis/Solana-Memecoin-Analysis/data/cache/2026-10-05/000851637528_multi_pools_eeda16605883.json,2
2026-10-05T00:02:58.856965+00:00,8pgQzMFReQuKpVVuFTw2QDoRXABTNFtDpjsW2CEY4nRE,solana,Pump.fun,4JmjnNfXSAaEJhB7Br7ucYnVozugSJhNaZocMf7Epump,$GP,So11111111111111111111111111111111111111112,SOL,2026-10-04T02:32:49Z,5.218512176140067e-07,1043.7024352,,424.7244,120.0286159634322,100.0,,0.0,0.0,0.0,0.0,0.0,310.5163066912,0,0,0,0,0,0,0,0,0,0,0,0,0,0,0,0,0,0,0,0,19,20,4,4,0.0,0.0,0.0,0.0,0.0,-84.49,snapshot,,,,,,,/home/runner/work/Solana-Memecoin-Analysis/Solana-Memecoin-Analysis/data/cache/2026-10-05/000906694945_multi_pools_191177f7abe3.json,2
2026-10-05T00:02:58.856965+00:00,4khSjeT4yMTCB9dAwnYk3AtCAVZT3G92KoxHCqyB23hC,solana,Pump.fun,8zJEdSg19nA26MRFSgDCvyNdvvxcMdYiy3t71mPZTBKH,COOK,So11111111111111111111111111111111111111112,SOL,2026-10-04T02:32:43Z,3.384408623149485e-06,3384.408623,,2715.738,120.08013610104248,,,0.0,0.0,0.0,0.0,0.0,130.909497408,0,0,0,0,0,0,0,0,0,0,0,0,0,0,0,0,0,0,0,0,6,6,6,6,0.0,0.0,0.0,0.0,0.0,0.784,snapshot,,,,,,,/home/runner/work/Solana-Memecoin-Analysis/Solana-Memecoin-Analysis/data/cache/2026-10-05/000906694945_multi_pools_191177f7abe3.json,2
2026-10-05T00:02:58.856965+00:00,7GziYoMS7bvJ9yzQWKxeqnPoYXBEJDonR9sdzMYFHEzj,solana,Pump.fun,7WnbqV6LPiX2ihdTYfGG6EcdXf9uVjyVeMX4pphApump,fg,So11111111111111111111111111111111111111112,SOL,2026-10-04T02:43:17Z,7.199840661800254e-06,14399.681324,,5738.1951,120.01564531333726,,,0.0,0.0,0.0,0.0,0.0,104.0154430697,0,0,0,0,0,0,0,0,0,0,0,0,0,0,0,0,0,0,0,0,8,2,3,2,0.0,0.0,0.0,0.0,0.0,113.176,snapshot,,,,,,,/home/runner/work/Solana-Memecoin-Analysis/Solana-Memecoin-Analysis/data/cache/2026-10-05/000906694945_multi_pools_191177f7abe3.json,2
2026-10-05T00:02:58.856965+00:00,HjT42sxjkPrL8f2YrRBQAZBc8FtKmAhDpc5pRjozFUs4,solana,Meteora DBC,C43Uh4iKKFTVnmXXrEGedm4jk9PcYy1QdvE4MgA5pump,PERCY,So11111111111111111111111111111111111111112,SOL,2026-10-04T02:43:15Z,5.455313166965795e-12,0.005455313167,,0.0,120.01687221674342,,,0.0,0.0,0.0,0.0,0.0,0.001200168722,0,0,0,0,0,0,0,0,0,0,0,0,0,0,0,0,0,0,0,0,1,0,1,0,0.0,0.0,0.0,0.0,0.0,0.0,snapshot,,,,,,,/home/runner/work/Solana-Memecoin-Analysis/Solana-Memecoin-Analysis/data/cache/2026-10-05/000906694945_multi_pools_191177f7abe3.json,2
2026-10-05T00:02:58.856965+00:00,E8yUctCnRfD9Ug72QoSQz9eDaVpUyvhTNgBjCahoxHi4,solana,PumpSwap,2grH6RdwN6Vphn3pAfGufDJqLqR578r1r2GUQwtdBAGS,SPLICE,So11111111111111111111111111111111111111112,SOL,2026-10-04T02:43:13Z,0.0045699807235319075,4569980.724,,6.49745489e-07,120.81154169131787,2.34751595708782e-09,,0.0,0.0,0.0,0.0,0.0,3511.9485336752,0,0,0,0,0,0,0,0,0,0,0,0,0,0,0,0,0,0,0,0,2302,284,221,142,0.0,0.0,0.0,0.0,0.0,9628.74,snapshot,,,,,,,/home/runner/work/Solana-Memecoin-Analysis/Solana-Memecoin-Analysis/data/cache/2026-10-05/000906694945_multi_pools_191177f7abe3.json,2
2026-10-05T00:02:58.856965+00:00,AYFvVvxTZ7cqPRoFog97wwMr6uKkT5v9VwKw5Ye1w9zH,solana,Meteora DAMM V2,2grH6RdwN6Vphn3pAfGufDJqLqR578r1r2GUQwtdBAGS,SPLICE,So11111111111111111111111111111111111111112,SOL,2026-10-04T02:43:10Z,0.007716616766980071,7716616.767,,0.2308,120.9570632437012,,,0.0,0.0,0.0,0.0,0.0,0.1539478552,0,0,0,0,0,0,0,0,0,0,0,0,0,0,0,0,0,0,0,0,15,10,9,9,0.0,0.0,0.0,0.0,0.0,-63.559,snapshot,,,,,,,/home/runner/work/Solana-Memecoin-Analysis/Solana-Memecoin-Analysis/data/cache/2026-10-05/000906694945_multi_pools_191177f7abe3.json,2
2026-10-05T00:02:58.856965+00:00,2PJukT8pZxUnc26PM7qXTwpQDj8ihvhKQBD9dQ2hVt9M,solana,Pump.fun,Aek1rn453nGxPFoeb7mSQ4Yo4QhrCDpELopiFGupump,BS,So11111111111111111111111111111111111111112,SOL,2026-10-04T02:43:00Z,5.295769891289306e-06,10591.539782,,4240.2457,120.01505697797691,100.0,,0.0,0.0,0.0,0.0,0.0,68.8654234783,0,0,0,0,0,0,0,0,0,0,0,0,0,0,0,0,0,0,0,0,17,12,2,2,0.0,0.0,0.0,0.0,0.0,57.41,snapshot,,,,,,,/home/runner/work/Solana-Memecoin-Analysis/Solana-Memecoin-Analysis/data/cache/2026-10-05/000906694945_multi_pools_191177f7abe3.json,2
2026-10-05T00:02:58.856965+00:00,9yd8GPBu43vfc4cCafZhXCH4o5uQbGDVVmdBfgjfy7e,solana,Pump.fun,61RGqbARZV3fSevcUUsSDTcgzCbQcMpBgGkUeBi5pump,dog,So11111111111111111111111111111111111111112,SOL,2026-10-04T02:51:18Z,3.3768895857793135e-06,3376.889586,,2700.8795,120.47239971247303,,,0.0,0.0,0.0,0.0,0.0,5129.181396909,0,0,0,0,0,0,0,0,0,0,0,0,0,0,0,0,0,0,0,0,45,45,33,34,0.0,0.0,0.0,0.0,0.0,-1.053,snapshot,,,,,,,/home/runner/work/Solana-Memecoin-Analysis/Solana-Memecoin-Analysis/data/cache/2026-10-05/000906694945_multi_pools_191177f7abe3.json,2
2026-10-05T00:02:58.856965+00:00,FKYQWtokk9sNnobdaQtWbboVm8Q38FAS8PXdWFCZNY3X,solana,Meteora DBC,D4eptsxu1mHfEBxP7wKCmotVVBvSWv6gDMbJBuNv3WxL,SLEUTHY,So11111111111111111111111111111111111111112,SOL,2026-10-04T02:51:10Z,4.6884766103522655e-05,46884.7661,,0.0,120.14732113188316,,,0.0,0.0,0.0,0.0,0.0,9887.6660715419,0,0,0,0,0,0,0,0,0,0,0,0,0,0,0,0,0,0,0,0,203,206,123,116,0.0,0.0,0.0,0.0,0.0,42.465,snapshot,,,,,,,/home/runner/work/Solana-Memecoin-Analysis/Solana-Memecoin-Analysis/data/cache/2026-10-05/000906694945_multi_pools_191177f7abe3.json,2
2026-10-05T00:02:58.856965+00:00,6Zn3J5iYE3XhycPv4G833eSksgjhHo5rH86ZxPPRfFTu,solana,Pump.fun,GCXDhA6Uw3M2afihrQ5ypipqpbeUemoV4G9TuEwQpump,$BPHIL,EPjFWdd5AufqSSqeM2qN1xzybapC8G4wEGGkZwyTDt1v,USDC,2026-10-04T02:50:44Z,4.000000512856894e-06,4000.000513,,3226.1265,0.9980330417537573,,,0.0,0.0,0.0,0.0,0.0,16.9390411927,0,0,0,0,0,0,0,0,0,0,0,0,0,0,0,0,0,0,0,0,1,1,1,1,0.0,0.0,0.0,0.0,0.0,-0.628,snapshot,,,,,,,/home/runner/work/Solana-Memecoin-Analysis/Solana-Memecoin-Analysis/data/cache/2026-10-05/000906694945_multi_pools_191177f7abe3.json,2
2026-10-05T00:02:58.856965+00:00,2B8tftZ5ww8TREMr3pgkgERLNjJyJxEAPWMENViGMsL4,solana,PumpSwap,BXoHJddsWJLHtAopeiSbKUSELsu8hSFMs8baGMDkpump,CRAWL,So11111111111111111111111111111111111111112,SOL,2026-10-03T22:08:10Z,0.0027824488605770205,2753521.90399183,,201335.9394,121.35065701948818,100.0,,3035.2138886943,13941.5107394622,20779.5271412466,100081.814699065,1254684.40713217,11771862.7966575,6,17,6,17,55,44,48,43,114,100,87,92,344,395,225,303,4356,4116,2011,2282,42364,39025,12254,12592,2.125,-1.083,-0.178,17.266,-30.846,310.277,snapshot,,,,,,,/home/runner/work/Solana-Memecoin-Analysis/Solana-Memecoin-Analysis/data/cache/2026-10-05/000906694945_multi_pools_191177f7abe3.json,2
2026-10-05T00:02:58.856965+00:00,7pPQYaMasMtgjt3ebKSp4sBGHWyUAtNYaHeP7qn79oAL,solana,Pump.fun,6q6s4HRGHUQVMgRjjEpy4HtEACAT9hgEnaZftGXcpump,HOLD,So11111111111111111111111111111111111111112,SOL,2026-10-04T03:00:19Z,6.271611623165139e-06,12543.223246,,4979.1122,120.27262991265047,100.0,,0.0,0.0,0.0,0.0,0.0,141.6278344842,0,0,0,0,0,0,0,0,0,0,0,0,0,0,0,0,0,0,0,0,8,3,2,2,0.0,0.0,0.0,0.0,0.0,85.009,snapshot,,,,,,,/home/runner/work/Solana-Memecoin-Analysis/Solana-Memecoin-Analysis/data/cache/2026-10-05/000906694945_multi_pools_191177f7abe3.json,2
2026-10-05T00:02:58.856965+00:00,b6T92Nun75xU3zbvzuasrfK9P8uYmLYHjQ98FtfeSDA,solana,Pump.fun,7qpwboXVNT8dxA66rDGf6WyMA3ysGwRBweQQL5P4pump,COIN,So11111111111111111111111111111111111111112,SOL,2026-10-04T03:00:16Z,8.421670280213927e-06,16843.34056,,6720.3375,120.4158701243591,,,0.0,0.0,0.0,0.0,0.0,35.7863718663,0,0,0,0,0,0,0,0,0,0,0,0,0,0,0,0,0,0,0,0,8,2,3,2,0.0,0.0,0.0,0.0,0.0,149.963,snapshot,,,,,,,/home/runner/work/Solana-Memecoin-Analysis/Solana-Memecoin-Analysis/data/cache/2026-10-05/000906694945_multi_pools_191177f7abe3.json,2
2026-10-05T00:02:58.856965+00:00,7bNmmRhmxs4ghN3wcHBfpTFXAo3kHHJLxa9nnLe33gE,solana,Meteora DBC,J4nfZZxULhz3z9VJhMwBKJT59D5PhwEBpqcG1Je9y4VF,PUNY,So11111111111111111111111111111111111111112,SOL,2026-10-04T03:00:00Z,3.592831349298062e-05,35923.1146141591,,0.0,120.34818685973627,,,0.0,0.0,0.0,0.0,0.0,6339.7690812008,0,0,0,0,0,0,0,0,0,0,0,0,0,0,0,0,0,0,0,0,142,158,95,104,0.0,0.0,0.0,0.0,0.0,81.601,snapshot,,,,,,,/home/runner/work/Solana-Memecoin-Analysis/Solana-Memecoin-Analysis/data/cache/2026-10-05/000906694945_multi_pools_191177f7abe3.json,2
2026-10-05T00:02:58.856965+00:00,EybTZS98oJwXVeWXVKgJJ7FJy2kRDG3xSsNUC3okUtg4,solana,Meteora DBC,AsrokEiRauuiebGfhj2rCQsX9VR2PT6qEsdDWPUPwSov,ZFLY,So11111111111111111111111111111111111111112,SOL,2026-10-04T03:08:31Z,6.0069283531247305e-05,60068.8159895679,,0.0,120.21701107902702,,,0.0,0.0,0.0,0.0,0.0,6341.6838748108,0,0,0,0,0,0,0,0,0,0,0,0,0,0,0,0,0,0,0,0,251,240,144,127,0.0,0.0,0.0,0.0,0.0,35.759,snapshot,,,,,,,/home/runner/work/Solana-Memecoin-Analysis/Solana-Memecoin-Analysis/data/cache/2026-10-05/000906694945_multi_pools_191177f7abe3.json,2
2026-10-05T00:02:58.856965+00:00,J2ja4wwWXf11kr1T4XgjkNRerxhbbkYZYTk2J5nKqvDe,solana,Meteora DBC,71jok8N6HHMb7Pty1VUiv3Rx5NstWrdUcCfVrAAyVnyx,SPLICE,So11111111111111111111111111111111111111112,SOL,2026-10-04T03:17:25Z,5.228600303967429e-12,0.004031381996,,0.0,120.25778974131832,,,0.0,0.0,0.0,0.0,0.0,0.001202577897,0,0,0,0,0,0,0,0,0,0,0,0,0,0,0,0,0,0,0,0,1,0,1,0,0.0,0.0,0.0,0.0,0.0,0.0,snapshot,,,,,,,/home/runner/work/Solana-Memecoin-Analysis/Solana-Memecoin-Analysis/data/cache/2026-10-05/000906694945_multi_pools_191177f7abe3.json,2
2026-10-05T00:02:58.856965+00:00,4nciR3wgvTpvqDeqTJDxC58t99K1P8Lv3bLiG1reo99V,solana,Pump.fun,2cE9GXiyVV1E3pE5RHRSg8iiVyX4kGVJ8zuviVRGpump,APC,So11111111111111111111111111111111111111112,SOL,2026-10-04T03:17:22Z,1.5722588646770687e-05,31445.1773,,12290.0109,120.21402765636104,,,0.0,0.0,0.0,0.0,0.0,335.7446001941,0,0,0,0,0,0,0,0,0,0,0,0,0,0,0,0,0,0,0,0,85,59,3,3,0.0,0.0,0.0,0.0,0.0,366.36,snapshot,,,,,,,/home/runner/work/Solana-Memecoin-Analysis/Solana-Memecoin-Analysis/data/cache/2026-10-05/000906694945_multi_pools_191177f7abe3.json,2
2026-10-05T00:02:58.856965+00:00,8fH3cqYT4kqnbPYgHA5G6nLnpJhaMrnqGE1Syw7qKeJB,solana,Pump.fun,GHT5PZ5nz8t7VcxFjzCpCvmodUuW2N23sdEuvxS4z9P8,UIIZTO,So11111111111111111111111111111111111111112,SOL,2026-10-04T03:17:11Z,3.3725090220194345e-06,3372.509022,,2702.872,120.22759501690271,,,0.0,0.0,0.0,0.0,0.0,23.7517598585,0,0,0,0,0,0,0,0,0,0,0,0,0,0,0,0,0,0,0,0,1,1,1,1,0.0,0.0,0.0,0.0,0.0,-0.026,snapshot,,,,,,,/home/runner/work/Solana-Memecoin-Analysis/Solana-Memecoin-Analysis/data/cache/2026-10-05/000906694945_multi_pools_191177f7abe3.json,2
2026-10-05T00:02:58.856965+00:00,CMGrp8okMUEfmdoepExk9n4bZ3LafgX4GA74qRjvjyR3,solana,Pump.fun,BDZhZNrdxp611kUSVLGSeu7kvf2qnUyTQjhN3gY7pump,Black,So11111111111111111111111111111111111111112,SOL,2026-10-04T03:17:07Z,3.3644445345831e-06,3364.444535,,2696.6516,120.21645007688177,,,0.0,0.0,0.0,0.0,0.0,33.4813437217,0,0,0,0,0,0,0,0,0,0,0,0,0,0,0,0,0,0,0,0,5,4,4,4,0.0,0.0,0.0,0.0,0.0,-0.269,snapshot,,,,,,,/home/runner/work/Solana-Memecoin-Analysis/Solana-Memecoin-Analysis/data/cache/2026-10-05/000906694945_multi_pools_191177f7abe3.json,2
2026-10-05T00:02:58.856965+00:00,46YDNJFRRKEtkR8srwRwFgyTx6gGxXZk9jAJhnqnqWnP,solana,Pump.fun,AZRMG3MmmBeE3Mtohbx7Limqpzk4npLGNXoxNVghpump,FERSPE,So11111111111111111111111111111111111111112,SOL,2026-10-04T03:25:33Z,1.4211007242823698e-06,3812.47458,,1103.3673,120.21417093765815,,,0.0,0.0,0.0,0.0,0.0,145.7760729288,0,0,0,0,0,0,0,0,0,0,0,0,0,0,0,0,0,0,0,0,19,16,2,2,0.0,0.0,0.0,0.0,0.0,-43.477,snapshot,,,,,,,/home/runner/work/Solana-Memecoin-Analysis/Solana-Memecoin-Analysis/data/cache/2026-10-05/000906694945_multi_pools_191177f7abe3.json,2
2026-10-05T00:02:58.856965+00:00,67v3xki2z7gsHyfeVkV9Ug2KuT9RXTsK3VAyjSv44A8U,solana,Meteora DBC,ASD4VAx8XcZHqZjGegdivZaXvRfusAspQU9d5cXap37q,Prime,So11111111111111111111111111111111111111112,SOL,2026-10-04T03:25:17Z,3.546071980520891e-05,34983.719856712,,0.0,120.30862167500379,,,0.0,0.0,0.0,0.0,0.0,6049.4700171981,0,0,0,0,0,0,0,0,0,0,0,0,0,0,0,0,0,0,0,0,128,157,98,113,0.0,0.0,0.0,0.0,0.0,7.506,snapshot,,,,,,,/home/runner/work/Solana-Memecoin-Analysis/Solana-Memecoin-Analysis/data/cache/2026-10-05/000906694945_multi_pools_191177f7abe3.json,2
2026-10-05T00:02:58.856965+00:00,BprznZ4B4ojHe9BzfpauxBSRpGQjZG3U1pwXmWkEKSj9,solana,Pump.fun,F59ynrC1ChTfs4awAck4N5vTjF8BqTpzDR3VMWuDWZfZ,DEG,So11111111111111111111111111111111111111112,SOL,2026-10-04T03:25:13Z,3.3718891040645318e-06,3371.889104,,2702.6169,120.21651900239885,100.0,,0.0,0.0,0.0,0.0,0.0,147.9819018034,0,0,0,0,0,0,0,0,0,0,0,0,0,0,0,0,0,0,0,0,8,8,8,8,0.0,0.0,0.0,0.0,0.0,0.257,snapshot,,,,,,,/home/runner/work/Solana-Memecoin-Analysis/Solana-Memecoin-Analysis/data/cache/2026-10-05/000906694945_multi_pools_191177f7abe3.json,2
2026-10-05T00:02:58.856965+00:00,3cnmQN9LWf8c82xnWZsDqVYnfoo5VQ1vE7ZBVF3C7LtZ,solana,Pump.fun,DMfjJ1croBooRoL1wmXRqD3DGeVMoqC4K55KUzF1pump,YOUR FATHE,So11111111111111111111111111111111111111112,SOL,2026-10-04T03:25:09Z,1.5212418232295266e-06,3042.483646,,1218.396,120.28996506086833,,,0.0,0.0,0.0,0.0,0.0,23.9752360306,0,0,0,0,0,0,0,0,0,0,0,0,0,0,0,0,0,0,0,0,10,12,2,2,0.0,0.0,0.0,0.0,0.0,-54.828,snapshot,,,,,,,/home/runner/work/Solana-Memecoin-Analysis/Solana-Memecoin-Analysis/data/cache/2026-10-05/000906694945_multi_pools_191177f7abe3.json,2
2026-10-05T00:02:58.856965+00:00,C7moJFh1nzsWDdp9H4PUFCpE9aP6BGBPJ1CWZLwa1kA8,solana,Pump.fun,8NUaJxfx5vZBvqtAqNJrdutR35ek3aPxJDh6DY9gpump,CHATIA,So11111111111111111111111111111111111111112,SOL,2026-10-04T03:25:07Z,3.418528740947019e-06,3418.528741,,2738.3477,120.28930707549408,,,0.0,0.0,0.0,0.0,0.0,230.1590022799,0,0,0,0,0,0,0,0,0,0,0,0,0,0,0,0,0,0,0,0,5,5,5,5,0.0,0.0,0.0,0.0,0.0,0.243,snapshot,,,,,,,/home/runner/work/Solana-Memecoin-Analysis/Solana-Memecoin-Analysis/data/cache/2026-10-05/000906694945_multi_pools_191177f7abe3.json,2
2026-10-05T00:02:58.856965+00:00,54LNAPo3tzc529hTsfheQiTL78GoBwD5DVE6KEX7W7jF,solana,Pump.fun,4fNq4Ly2fvpVY7fJDWqwobo6pfHgQW91PrpULVjupump,BOOBIES,So11111111111111111111111111111111111111112,SOL,2026-10-04T03:25:05Z,3.5981577419185408e-06,3598.157742,,2883.7738,120.22493077950264,,,0.0,0.0,0.0,0.0,0.0,508.2833622556,0,0,0,0,0,0,0,0,0,0,0,0,0,0,0,0,0,0,0,0,14,1,1,1,0.0,0.0,0.0,0.0,0.0,0.301,snapshot,,,,,,,/home/runner/work/Solana-Memecoin-Analysis/Solana-Memecoin-Analysis/data/cache/2026-10-05/000906694945_multi_pools_191177f7abe3.json,2
2026-10-05T00:02:58.856965+00:00,84def5hKMCdkoVoZR769krD43yReUNBYYZ7QTRpYMNBC,solana,PumpSwap,HvWYjJfss5tSmYkA2yAEoaPeh92KyPJd6wW1hXYgpump,PUTER,So11111111111111111111111111111111111111112,SOL,2026-10-04T03:34:41Z,0.004489036007067137,4489036.007,,6.4346514e-07,120.51335126664851,2.34751595708782e-09,,0.0,0.0,0.0,0.0,0.0,3428.9045881121,0,0,0,0,0,0,0,0,0,0,0,0,0,0,0,0,0,0,0,0,2541,281,217,152,0.0,0.0,0.0,0.0,0.0,9420.291,snapshot,,,,,,,/home/runner/work/Solana-Memecoin-Analysis/Solana-Memecoin-Analysis/data/cache/2026-10-05/000906694945_multi_pools_191177f7abe3.json,2
2026-10-05T00:02:58.856965+00:00,FnPVRaHd1fBVMA74tNv3nQ2veeZ79w53sfeY64yJYbYX,solana,Pump.fun,3mFYTqxTn7xJ2Ko7q9L5TTaucNG1H1TwUgV3LkL3pump,SOOTS,So11111111111111111111111111111111111111112,SOL,2026-10-04T03:34:30Z,6.35564067706465e-06,12711.281354,,4906.1927,120.62969318442396,,,0.0,0.0,0.0,0.0,0.0,522.7957998482,0,0,0,0,0,0,0,0,0,0,0,0,0,0,0,0,0,0,0,0,16,8,8,8,0.0,0.0,0.0,0.0,0.0,85.666,snapshot,,,,,,,/home/runner/work/Solana-Memecoin-Analysis/Solana-Memecoin-Analysis/data/cache/2026-10-05/000906694945_multi_pools_191177f7abe3.json,2
2026-10-05T00:02:58.856965+00:00,BuUg8GQH7g5DUd5xZ1qhCwTYukJKJtuWQunHnJTtPVw5,solana,Pump.fun,Hws3f6YEEuNBN5JAuW33oZ9SfRJAu2XyLT4hJc38knGm,AGENCINU,So11111111111111111111111111111111111111112,SOL,2026-10-04T03:34:23Z,3.4553742960788832e-06,3455.374296,,2738.044,121.59193231251555,100.0,,0.0,0.0,0.0,0.0,0.0,69870.7018654848,0,0,0,0,0,0,0,0,0,0,0,0,0,0,0,0,0,0,0,0,619,551,325,320,0.0,0.0,0.0,0.0,0.0,-24.564,snapshot,,,,,,,/home/runner/work/Solana-Memecoin-Analysis/Solana-Memecoin-Analysis/data/cache/2026-10-05/000906694945_multi_pools_191177f7abe3.json,2
2026-10-05T00:02:58.856965+00:00,3YTpQgfqRKFt6fZcReCZPjS83vC569o575UkgdLKaukr,solana,Pump.fun,9tbgepsNyb4dSssNyoJ9Dx6YBLmKBDM1HcZ8fQCSywta,Butt,So11111111111111111111111111111111111111112,SOL,2026-10-04T03:34:15Z,3.385198901893465e-06,3385.198902,,2704.6944,120.5983369766148,,,0.0,0.0,0.0,0.0,0.0,6923.1150342971,0,0,0,0,0,0,0,0,0,0,0,0,0,0,0,0,0,0,0,0,53,49,47,47,0.0,0.0,0.0,0.0,0.0,-28.97,snapshot,,,,,,,/home/runner/work/Solana-Memecoin-Analysis/Solana-Memecoin-Analysis/data/cache/2026-10-05/000906694945_multi_pools_191177f7abe3.json,2
2026-10-05T00:02:58.856965+00:00,2u6wVPuFLvwqrsCptfqTSLeiYizVwj9ss6PeKvQboSMy,solana,Pump.fun,Hkw94PYaGNHqAEoKnNCPVtBuTh28qfJMmmChMiQAfuJG,MIND,So11111111111111111111111111111111111111112,SOL,2026-10-04T03:34:08Z,3.488978961947058e-06,3488.978962,,2782.6923,120.81180431728707,,,0.0,0.0,0.0,0.0,0.0,238.3241636855,0,0,0,0,0,0,0,0,0,0,0,0,0,0,0,0,0,0,0,0,1,1,1,1,0.0,0.0,0.0,0.0,0.0,0.266,snapshot,,,,,,,/home/runner/work/Solana-Memecoin-Analysis/Solana-Memecoin-Analysis/data/cache/2026-10-05/000906694945_multi_pools_191177f7abe3.json,2
2026-10-05T00:02:58.856965+00:00,RxQi9TxTLpGyikSXNLCDeeg4xvTRQcTjSZim99dncMH,solana,Meteora DAMM V2,9xPDuPGxME1htrRvTVuvkXsRczDJdRa5RBxNeFuSxtE2,CRAWL,So11111111111111111111111111111111111111112,SOL,2026-10-04T03:42:42Z,0.0030238514781333373,2417599.61981673,,0.0121,120.88045858035571,,,0.0,0.0,0.0,0.0,0.0,0.2031352568,0,0,0,0,0,0,0,0,0,0,0,0,0,0,0,0,0,0,0,0,18,7,10,6,0.0,0.0,0.0,0.0,0.0,-97.778,snapshot,,,,,,,/home/runner/work/Solana-Memecoin-Analysis/Solana-Memecoin-Analysis/data/cache/2026-10-05/000914076226_multi_pools_54bab5af7ef9.json,2
2026-10-05T00:02:58.856965+00:00,4ut4orWHSPk7Rzrgn7RewmK1ZpLLcjYYgHnFAM5GXhgd,solana,Meteora DBC,9xPDuPGxME1htrRvTVuvkXsRczDJdRa5RBxNeFuSxtE2,CRAWL,So11111111111111111111111111111111111111112,SOL,2026-10-04T03:42:42Z,6.014585210407461e-12,0.004808721269,,0.0,120.89314462844791,,,0.0,0.0,0.0,0.0,0.0,0.001205909118,0,0,0,0,0,0,0,0,0,0,0,0,0,0,0,0,0,0,0,0,1,0,1,0,0.0,0.0,0.0,0.0,0.0,0.0,snapshot,,,,,,,/home/runner/work/Solana-Memecoin-Analysis/Solana-Memecoin-Analysis/data/cache/2026-10-05/000914076226_multi_pools_54bab5af7ef9.json,2
2026-10-05T00:02:58.856965+00:00,AuT96N3BQKn2saeVnzVjuW2AF6eHBdwVShNYRd73aSzn,solana,Bags.fm,2zd8GQuyTMU3JnKgdY4ijaMSwWnjzd5Xyk4d17RzBAGS,CATALYST,So11111111111111111111111111111111111111112,SOL,2026-10-04T03:42:41Z,3.5056295248897356e-06,3505.629525,,3523.9888,120.88371077085903,,,0.0,0.0,0.0,0.0,0.0,71.4749015609,0,0,0,0,0,0,0,0,0,0,0,0,0,0,0,0,0,0,0,0,2,1,2,1,0.0,0.0,0.0,0.0,0.0,-0.82,snapshot,,,,,,,/home/runner/work/Solana-Memecoin-Analysis/Solana-Memecoin-Analysis/data/cache/2026-10-05/000914076226_multi_pools_54bab5af7ef9.json,2
2026-10-05T00:02:58.856965+00:00,2xEYZsJCLmS25rPRCTDaxjd7AXhjnDpkbZua6L6iVccE,solana,Pump.fun,CN5bCBvqkm2uNrpjLyDe9f9ygCiBYEGPkD2Zjx1kCxAJ,TAXCOIN,So11111111111111111111111111111111111111112,SOL,2026-10-04T03:42:36Z,3.3748371655074006e-06,3374.837166,,2694.9629,120.66371467070384,,,0.0,0.0,0.0,0.0,0.0,3985.74006778,0,0,0,0,0,0,0,0,0,0,0,0,0,0,0,0,0,0,0,0,19,24,19,24,0.0,0.0,0.0,0.0,0.0,-30.36,snapshot,,,,,,,/home/runner/work/Solana-Memecoin-Analysis/Solana-Memecoin-Analysis/data/cache/2026-10-05/000914076226_multi_pools_54bab5af7ef9.json,2
2026-10-05T00:02:58.856965+00:00,5Wc5cn68gSvHrnr7wFpaHDE8Rr1DaB99V1VV4rpr7Vsq,solana,Pump.fun,8vku7StC1bBh9r9Eto8u5YVsFP3vqQmeqzHNxDwzpump,FROBERT,So11111111111111111111111111111111111111112,SOL,2026-10-04T03:42:29Z,2.3615827002502842e-09,4.7231654,,2.5149,120.83821026474246,100.0,,0.0,0.0,0.0,0.0,0.0,642.8321691263,0,0,0,0,0,0,0,0,0,0,0,0,0,0,0,0,0,0,0,0,205,191,33,32,0.0,0.0,0.0,0.0,0.0,-99.93,snapshot,,,,,,,/home/runner/work/Solana-Memecoin-Analysis/Solana-Memecoin-Analysis/data/cache/2026-10-05/000914076226_multi_pools_54bab5af7ef9.json,2
2026-10-05T00:02:58.856965+00:00,4oss6FirkJ81D8WCRw1ZNR69QmahR83hCJ52tV9KwP6p,solana,Pump.fun,DsXYRCrT3TfPWYYyma2Fr5tv26ZJLezF89JF9GfVpump,CHECKWEBSITE,So11111111111111111111111111111111111111112,SOL,2026-10-04T03:42:25Z,3.3816846444803604e-06,3381.684644,,2694.89,120.91178111211488,100.0,,0.0,0.0,0.0,0.0,0.0,2.388380448,0,0,0,0,0,0,0,0,0,0,0,0,0,0,0,0,0,0,0,0,1,1,1,1,0.0,0.0,0.0,0.0,0.0,0.0,snapshot,,,,,,,/home/runner/work/Solana-Memecoin-Analysis/Solana-Memecoin-Analysis/data/cache/2026-10-05/000914076226_multi_pools_54bab5af7ef9.json,2
2026-10-05T00:02:58.856965+00:00,D5zYp2pRPvTRihL9mC74X9pcBqyEh1X4kjd6xFST8qaT,solana,StonkFun,BYvK4tmDKYENu6Ege9GkfNEr1TFZfhB9d7B9AvM4ju88,INCOME,XsvNBAYkrDRNhA7wPHQfX3ZUXZyZLdnCQDfHZ56bzpg,HOODx,2026-10-04T03:42:24Z,3.538297245040726e-06,3538.297245,,3556.3664,113.06820292758508,,,0.0,0.0,0.0,0.0,0.0,430.1107629787,0,0,0,0,0,0,0,0,0,0,0,0,0,0,0,0,0,0,0,0,1,1,1,1,0.0,0.0,0.0,0.0,0.0,-2.494,snapshot,,,,,,,/home/runner/work/Solana-Memecoin-Analysis/Solana-Memecoin-Analysis/data/cache/2026-10-05/000914076226_multi_pools_54bab5af7ef9.json,2
2026-10-05T00:02:58.856965+00:00,J14YUE9DjTJr2pDHUY7hZRjgZkGmWXWe7abkaWcggn8K,solana,Pump.fun,2dn6EDE5LUiq6Z8YDC9Xqjzqjpa4y8NwTqqZW1sTcfN5,HARVOS,So11111111111111111111111111111111111111112,SOL,2026-10-04T03:42:10Z,3.3925078554863857e-06,3392.507855,,2702.872,120.94053948500536,,,0.0,0.0,0.0,0.0,0.0,203.0640993422,0,0,0,0,0,0,0,0,0,0,0,0,0,0,0,0,0,0,0,0,2,2,2,2,0.0,0.0,0.0,0.0,0.0,-0.045,snapshot,,,,,,,/home/runner/work/Solana-Memecoin-Analysis/Solana-Memecoin-Analysis/data/cache/2026-10-05/000914076226_multi_pools_54bab5af7ef9.json,2
2026-10-05T00:02:58.856965+00:00,Eotjy9zKEahZBwvsoZ6R1GCNf1YLdEk6V8oz2yxrzsRp,solana,Pump.fun,2Pa9GhyGmrrDN3MgMZN8Z6qTwxgJ54prTA2u7nibiRoF,TAXCOIN,So11111111111111111111111111111111111111112,SOL,2026-10-04T03:42:03Z,3.3772074576308213e-06,3377.207458,,2694.9629,120.7484607551239,,,0.0,0.0,0.0,0.0,0.0,3210.7252084855,0,0,0,0,0,0,0,0,0,0,0,0,0,0,0,0,0,0,0,0,12,14,12,12,0.0,0.0,0.0,0.0,0.0,-35.248,snapshot,,,,,,,/home/runner/work/Solana-Memecoin-Analysis/Solana-Memecoin-Analysis/data/cache/2026-10-05/000914076226_multi_pools_54bab5af7ef9.json,2
2026-10-05T00:02:58.856965+00:00,54RzsaKbbyNoErHmsRqYJgVQQEUtkyrUwN4aWUjaKuQ7,solana,Pump.fun,BHua4UxeyHjd5gkKtQ81MVTtvidusRREiYNrgxmDpump,GOOP,So11111111111111111111111111111111111111112,SOL,2026-10-04T03:42:03Z,3.3985224347361826e-06,3398.522435,,2707.3065,120.95650302270685,,,0.0,0.0,0.0,0.0,0.0,81.3056654317,0,0,0,0,0,0,0,0,0,0,0,0,0,0,0,0,0,0,0,0,2,2,2,2,0.0,0.0,0.0,0.0,0.0,-0.013,snapshot,,,,,,,/home/runner/work/Solana-Memecoin-Analysis/Solana-Memecoin-Analysis/data/cache/2026-10-05/000914076226_multi_pools_54bab5af7ef9.json,2
2026-10-05T00:02:58.856965+00:00,3jWvWG7L8MPSnouPbf6fHdSU7onmo91THveSh1kWQRbv,solana,Pump.fun,BCS4Wh8N7FDioxWb265P88oYtwEQjPg4DWf2wC9Bpump,FERSPE,So11111111111111111111111111111111111111112,SOL,2026-10-04T03:50:41Z,5.157876875666436e-06,10315.753752,,4108.4874,120.72649420098735,100.0,,0.0,0.0,0.0,0.0,0.0,51.8262486575,0,0,0,0,0,0,0,0,0,0,0,0,0,0,0,0,0,0,0,0,9,7,2,2,0.0,0.0,0.0,0.0,0.0,52.51,snapshot,,,,,,,/home/runner/work/Solana-Memecoin-Analysis/Solana-Memecoin-Analysis/data/cache/2026-10-05/000914076226_multi_pools_54bab5af7ef9.json,2
2026-10-05T00:02:58.856965+00:00,8F4k6jz4MogpwNLzCaETfifmQZT19MRDzfCS3XSBixBK,solana,Pump.fun,J4qLctaA9raMwWuEUAcDkZqpYeKjhV4bA8spBZVzpump,TOAD,So11111111111111111111111111111111111111112,SOL,2026-10-04T03:50:33Z,2.586304169165832e-05,51717.899,,19883.9255,120.72625530491918,100.0,,0.0,0.0,0.0,0.0,0.0,895.2316413217,0,0,0,0,0,0,0,0,0,0,0,0,0,0,0,0,0,0,0,0,21,8,3,3,0.0,0.0,0.0,0.0,0.0,659.912,snapshot,,,,,,,/home/runner/work/Solana-Memecoin-Analysis/Solana-Memecoin-Analysis/data/cache/2026-10-05/000914076226_multi_pools_54bab5af7ef9.json,2
2026-10-05T00:02:58.856965+00:00,8ZsFb5yvhTeJxpomMwcAfgi3umBc5qCfofPi2F5k8WAS,solana,Pump.fun,2XBwJkJG1c95kGFjekGqKDvakzm6rXu4CH1eii1qpump,PAD,So11111111111111111111111111111111111111112,SOL,2026-10-04T04:00:37Z,3.3733959603505674e-06,3373.39596,,2695.0601,120.60777119969227,100.0,,0.0,0.0,0.0,0.0,0.0,108.6976750801,0,0,0,0,0,0,0,0,0,0,0,0,0,0,0,0,0,0,0,0,4,4,4,4,0.0,0.0,0.0,0.0,0.0,-1.34,snapshot,,,,,,,/home/runner/work/Solana-Memecoin-Analysis/Solana-Memecoin-Analysis/data/cache/2026-10-05/000914076226_multi_pools_54bab5af7ef9.json,2
2026-10-05T00:02:58.856965+00:00,FecuKPWcVdEfLoVXnRN8xPBcDW192frMDdUR2ai8rK4k,solana,Pump.fun,FwsdksERMqoQRJ7F2dsRiksVE3P3Q6KoPiSkYvwHpump,FERSPE,So11111111111111111111111111111111111111112,SOL,2026-10-04T04:00:33Z,1.924090065151403e-07,384.818013,,157.4295,120.6755824041506,100.0,,0.0,0.0,0.0,0.0,0.0,127.6092474469,0,0,0,0,0,0,0,0,0,0,0,0,0,0,0,0,0,0,0,0,36,34,4,4,0.0,0.0,0.0,0.0,0.0,-94.306,snapshot,,,,,,,/home/runner/work/Solana-Memecoin-Analysis/Solana-Memecoin-Analysis/data/cache/2026-10-05/000914076226_multi_pools_54bab5af7ef9.json,2
2026-10-05T00:02:58.856965+00:00,D19jLD9BnYBb74uKZ9ZrP4r4EDezWJ4cRMpQs4feb3zB,solana,Meteora DAMM V2,keWGKtCfh6nWmCG334rDZszfozhaRgioM8LNK4uYhYk,FRANK,So11111111111111111111111111111111111111112,SOL,2026-10-04T04:00:15Z,6.420725459084842e-10,0.642067826,,1.1177,120.85837414804483,100.0,,0.0,0.0,0.0,0.0,0.0,1.5292787426,0,0,0,0,0,0,0,0,0,0,0,0,0,0,0,0,0,0,0,0,15,8,12,8,0.0,0.0,0.0,0.0,0.0,-78.011,snapshot,,,,,,,/home/runner/work/Solana-Memecoin-Analysis/Solana-Memecoin-Analysis/data/cache/2026-10-05/000914076226_multi_pools_54bab5af7ef9.json,2
2026-10-05T00:02:58.856965+00:00,F8uqs6mLqne4SoY1Ao5KXLFfvrcsbdzbKhMYEwYjuRPQ,solana,Pump.fun,B4tMhKDqQ9Zn8TYLrgYGtgrRWHniHk9UTstZZrQsp52f,TENGRIHARDBBB,So11111111111111111111111111111111111111112,SOL,2026-10-04T04:00:13Z,8.454626408845776e-07,1690.9252818,,820.3392,120.6334382060158,100.0,,0.0,0.0,0.0,0.0,0.0,1539.0368418548,0,0,0,0,0,0,0,0,0,0,0,0,0,0,0,0,0,0,0,0,4,8,2,2,0.0,0.0,0.0,0.0,0.0,-78.518,snapshot,,,,,,,/home/runner/work/Solana-Memecoin-Analysis/Solana-Memecoin-Analysis/data/cache/2026-10-05/000914076226_multi_pools_54bab5af7ef9.json,2
2026-10-05T00:02:58.856965+00:00,9jX5XJ9TFmvrWAgAZzmhksBSuW3poeuwEXAWZdVipbJ7,solana,Meteora DAMM V2,Baxr579yqJLcSWNo85naJ3j66wj9S6nQS22AC6PPhMan,Minds,So11111111111111111111111111111111111111112,SOL,2026-10-04T04:00:05Z,6.261228732491952e-10,0.6261228732,,1.3607,120.77871959778282,100.0,,0.0,0.0,0.0,0.0,0.0,24331.75953336,0,0,0,0,0,0,0,0,0,0,0,0,0,0,0,0,0,0,0,0,785,844,152,149,0.0,0.0,0.0,0.0,0.0,-99.999,snapshot,,,,,,,/home/runner/work/Solana-Memecoin-Analysis/Solana-Memecoin-Analysis/data/cache/2026-10-05/000914076226_multi_pools_54bab5af7ef9.json,2
2026-10-05T00:02:58.856965+00:00,FbLCemNUyM8jtLK2zrpT2hXK9LKGDPzTn4gBLLHx4dxW,solana,Pump.fun,2pZXmhomMMyxhbRQpjTNhuxtj8rHvS9T1yxA6QCdpump,$AURA,So11111111111111111111111111111111111111112,SOL,2026-10-04T04:08:52Z,1.5704092366585875e-06,3140.818474,,1253.7503,120.45864045561748,,,0.0,0.0,0.0,0.0,0.0,201.7307696606,0,0,0,0,0,0,0,0,0,0,0,0,0,0,0,0,0,0,0,0,35,28,2,2,0.0,0.0,0.0,0.0,0.0,-53.543,snapshot,,,,,,,/home/runner/work/Solana-Memecoin-Analysis/Solana-Memecoin-Analysis/data/cache/2026-10-05/000914076226_multi_pools_54bab5af7ef9.json,2
2026-10-05T00:02:58.856965+00:00,22VK6BkJgTmakByEs1nW5mFL4VZTb2aQn9KCBQZrvzLu,solana,Pump.fun,4s7VttV5CYVBVeEVrwvVMc8FbHYDJmrGzG9XVE4P1S4N,TENGRIHARDBBB,So11111111111111111111111111111111111111112,SOL,2026-10-04T04:08:49Z,8.761901351762328e-07,2634.964306,,1286.7718,120.51093676079792,,,0.0,0.0,0.0,0.0,0.0,1205.1572221077,0,0,0,0,0,0,0,0,0,0,0,0,0,0,0,0,0,0,0,0,1,6,1,2,0.0,0.0,0.0,0.0,0.0,-69.567,snapshot,,,,,,,/home/runner/work/Solana-Memecoin-Analysis/Solana-Memecoin-Analysis/data/cache/2026-10-05/000914076226_multi_pools_54bab5af7ef9.json,2
2026-10-05T00:02:58.856965+00:00,5Tw9GUknvnmYHN73EAKQendvirfpcRUKKoJXdYSiGb4,solana,Meteora DAMM V2,AVaPvU7i4MvzdSS3FXFdfE2dfv7m5f5HBeMefqh7RgM1,Mentor,So11111111111111111111111111111111111111112,SOL,2026-10-04T04:08:40Z,6.6720120498121e-10,0.667201205,,1.2149,120.7209281302374,,,0.0,0.0,0.0,0.0,0.0,152.2428168368,0,0,0,0,0,0,0,0,0,0,0,0,0,0,0,0,0,0,0,0,12,7,10,7,0.0,0.0,0.0,0.0,0.0,-25.538,snapshot,,,,,,,/home/runner/work/Solana-Memecoin-Analysis/Solana-Memecoin-Analysis/data/cache/2026-10-05/000914076226_multi_pools_54bab5af7ef9.json,2
2026-10-05T00:02:58.856965+00:00,AUwMPie1esk4gj7x37gF4byLvbarTXc8Vg9JtYfqir1u,solana,Pump.fun,GbbjWeqCkszZAwh4MBp6MGWMXhBqmDVEYNMPZqBZpump,MHM,So11111111111111111111111111111111111111112,SOL,2026-10-04T04:08:39Z,3.3779984934201127e-06,3377.998493,,2700.2235,120.54125906099871,,,0.0,0.0,0.0,0.0,0.0,108.7235299324,0,0,0,0,0,0,0,0,0,0,0,0,0,0,0,0,0,0,0,0,2,2,2,2,0.0,0.0,0.0,0.0,0.0,0.012,snapshot,,,,,,,/home/runner/work/Solana-Memecoin-Analysis/Solana-Memecoin-Analysis/data/cache/2026-10-05/000914076226_multi_pools_54bab5af7ef9.json,2
2026-10-05T00:02:58.856965+00:00,AUKbJb1SrsgkANCsFp8PWCMovj8gFtXQSHWyJbrQchxZ,solana,Pump.fun,9rWrogwzMmXjJ8ZwFkckiW8g5aGtPMj9PhLKpR33LQg2,GPHUNT,So11111111111111111111111111111111111111112,SOL,2026-10-04T04:08:31Z,3.371125891619401e-06,3371.125892,,2694.732,120.54103584360713,,,0.0,0.0,0.0,0.0,0.0,1.9739977993,0,0,0,0,0,0,0,0,0,0,0,0,0,0,0,0,0,0,0,0,1,1,1,1,0.0,0.0,0.0,0.0,0.0,0.002,snapshot,,,,,,,/home/runner/work/Solana-Memecoin-Analysis/Solana-Memecoin-Analysis/data/cache/2026-10-05/000914076226_multi_pools_54bab5af7ef9.json,2
2026-10-05T00:02:58.856965+00:00,996RcHpJfigVJq2yXQtYEBeMwaqGxWfSErLqdyVgcwFH,solana,PumpSwap,Duvx58zLNwUV23oYTSfq1EAVB3S4s11oRGKkF1rcpump,KIBBLE,So11111111111111111111111111111111111111112,SOL,2026-10-04T04:08:29Z,2.484740858627509e-06,2484.7408589981,,2469.1576,121.33705651142348,100.0,,0.0,0.0,0.0,0.0,24.0965483421,164144.864290772,0,0,0,0,0,0,0,0,0,0,0,0,0,0,0,0,1,0,1,0,1432,1402,529,597,0.0,0.0,0.0,0.0,0.0,-95.014,snapshot,,,,,,,/home/runner/work/Solana-Memecoin-Analysis/Solana-Memecoin-Analysis/data/cache/2026-10-05/000914076226_multi_pools_54bab5af7ef9.json,2
2026-10-05T00:02:58.856965+00:00,AXTY8n6oA57amCR6DV6sp9UEwLdyT1Y6g83UVfodmfqD,solana,Pump.fun,8KR3hyXhARCebihXsFRXNQjTJYG4w3nBoHqkEDAfpump,qsol,So11111111111111111111111111111111111111112,SOL,2026-10-04T04:08:29Z,3.3738689638227e-06,3373.868964,,2697.2591,120.52643270578356,,,0.0,0.0,0.0,0.0,0.0,568.4045082388,0,0,0,0,0,0,0,0,0,0,0,0,0,0,0,0,0,0,0,0,10,4,4,4,0.0,0.0,0.0,0.0,0.0,-9.55,snapshot,,,,,,,/home/runner/work/Solana-Memecoin-Analysis/Solana-Memecoin-Analysis/data/cache/2026-10-05/000914076226_multi_pools_54bab5af7ef9.json,2
2026-10-05T00:02:58.856965+00:00,F8ciuzmfZxGnQB5vKEEq5z27VQSqyUUwLor6HkHpuVYB,solana,Pump.fun,6UeSkRhPfkL5iAFm2XsDbAgcszFyNFXstTX4PxU7pump,LRCX,So11111111111111111111111111111111111111112,SOL,2026-10-04T04:08:20Z,1.291998293682105e-05,12702.5827996902,,0.0,120.54344080026526,,,0.0,0.0,0.0,0.0,0.0,10246.8384671928,0,0,0,0,0,0,0,0,0,0,0,0,0,0,0,0,0,0,0,0,1,0,1,0,0.0,0.0,0.0,0.0,0.0,0.0,snapshot,,,,,,,/home/runner/work/Solana-Memecoin-Analysis/Solana-Memecoin-Analysis/data/cache/2026-10-05/000914076226_multi_pools_54bab5af7ef9.json,2
2026-10-05T00:02:58.856965+00:00,EXibJbHD1aYhriAt3FJNfKPNoXsuvgHMwvViXQFWvBsi,solana,Pump.fun,4TKADdWjNCrc9JqnGaVdwzaeadK3rMzcJ13JMoUMpump,BONTA,So11111111111111111111111111111111111111112,SOL,2026-10-04T04:18:00Z,3.3693974604634566e-06,3369.39746,,2695.0722,120.46429427344516,100.0,,0.0,0.0,0.0,0.0,0.0,4953.5370830925,0,0,0,0,0,0,0,0,0,0,0,0,0,0,0,0,0,0,0,0,28,25,20,21,0.0,0.0,0.0,0.0,0.0,-33.087,snapshot,,,,,,,/home/runner/work/Solana-Memecoin-Analysis/Solana-Memecoin-Analysis/data/cache/2026-10-05/000914076226_multi_pools_54bab5af7ef9.json,2
2026-10-05T00:02:58.856965+00:00,B8zN8cDcX6XY33gC3xBu51qRtaS1qeg8aXto9pGhUuXp,solana,Meteora DBC,49sAEFc6ssJMky8ukQNCnkg42AoD1wzhCTQrunpseaF3,Mentor,So11111111111111111111111111111111111111112,SOL,2026-10-04T04:17:53Z,4.2757952910470966e-05,42755.0363558566,,0.0,120.56493708152378,,,0.0,0.0,0.0,0.0,0.0,10733.7872961993,0,0,0,0,0,0,0,0,0,0,0,0,0,0,0,0,0,0,0,0,270,296,160,176,0.0,0.0,0.0,0.0,0.0,157.885,snapshot,,,,,,,/home/runner/work/Solana-Memecoin-Analysis/Solana-Memecoin-Analysis/data/cache/2026-10-05/000914076226_multi_pools_54bab5af7ef9.json,2
2026-10-05T00:02:58.856965+00:00,3RBbeuXtVQBM2Qd7vcGtAacswsqc1Xe59o3AHMnEW5yN,solana,Meteora DAMM V2,EtPuAnkuTTXcuJoyMKFe8gLheJZgZVCmfHzpoqUheki6,KIBBLE,So11111111111111111111111111111111111111112,SOL,2026-10-04T04:17:52Z,4.4745336450058897e-10,0.4474533645,,0.7775,121.30064719965786,18.1482547203804,,0.0,0.0,0.0,0.0,0.0,33712.866219215,0,0,0,0,0,0,0,0,0,0,0,0,0,0,0,0,0,0,0,0,929,995,221,214,0.0,0.0,0.0,0.0,0.0,-99.999,snapshot,,,,,,,/home/runner/work/Solana-Memecoin-Analysis/Solana-Memecoin-Analysis/data/cache/2026-10-05/000914076226_multi_pools_54bab5af7ef9.json,2
2026-10-05T00:02:58.856965+00:00,9Fw1UTwAMbHhnkwAN37RbwEaEKnKDDLfP5uKwpVyUeWm,solana,Pump.fun,9tTSERpw8e77reQwodL9PXH3FnKsodn9vzqiM5G1pump,MONY,So11111111111111111111111111111111111111112,SOL,2026-10-04T04:17:50Z,8.814951515547408e-06,14265.485184,,6957.6724,120.56411126759401,100.0,,0.0,0.0,0.0,0.0,0.0,175.5653120704,0,0,0,0,0,0,0,0,0,0,0,0,0,0,0,0,0,0,0,0,7,2,2,2,0.0,0.0,0.0,0.0,0.0,109.891,snapshot,,,,,,,/home/runner/work/Solana-Memecoin-Analysis/Solana-Memecoin-Analysis/data/cache/2026-10-05/000914076226_multi_pools_54bab5af7ef9.json,2
2026-10-05T00:02:58.856965+00:00,8fVhrpf2brwrQ7LnPtTNy89Jx8HpKogDDU6R7kfMvmMp,solana,Pump.fun,8JR3UKBZo5HPJTaUvrJz75X1tSsH5XctJPKcVk8Mo4e,Adolf,So11111111111111111111111111111111111111112,SOL,2026-10-04T04:17:37Z,3.681161511644302e-06,3681.161512,,2926.6362,120.95245061644073,100.0,,0.0,0.0,0.0,0.0,0.0,14100.2027621021,0,0,0,0,0,0,0,0,0,0,0,0,0,0,0,0,0,0,0,0,116,107,76,75,0.0,0.0,0.0,0.0,0.0,0.13,snapshot,,,,,,,/home/runner/work/Solana-Memecoin-Analysis/Solana-Memecoin-Analysis/data/cache/2026-10-05/000914076226_multi_pools_54bab5af7ef9.json,2
2026-10-05T00:02:58.856965+00:00,8SWN7LKpg37AKaHo3c9wZ781UoSuwC5Gd5y2nwHLdXpo,solana,Pump.fun,8egCyERGFcnqMaCEgXSeLPCzyJcvarGiM4VxJ87uMtTo,JARVIS,So11111111111111111111111111111111111111112,SOL,2026-10-04T04:26:04Z,3.3798739762095704e-06,3379.873976,,2702.872,120.49015049826936,,,0.0,0.0,0.0,0.0,0.0,202.3652991548,0,0,0,0,0,0,0,0,0,0,0,0,0,0,0,0,0,0,0,0,2,2,2,2,0.0,0.0,0.0,0.0,0.0,-0.06,snapshot,,,,,,,/home/runner/work/Solana-Memecoin-Analysis/Solana-Memecoin-Analysis/data/cache/2026-10-05/000929089062_multi_pools_ad468b80b509.json,2
2026-10-05T00:02:58.856965+00:00,4e28f2uov5XbBf3tfiqwBq9GnHhQ2T3wjmMbViANKnbs,solana,Pump.fun,BXgMdVRFZm4vdkCLyKoABsZV7Q11qDUGkMjUGiWtpump,niggachillin,So11111111111111111111111111111111111111112,SOL,2026-10-04T04:34:48Z,3.374194809944742e-06,3374.19481,,2694.6591,120.65420450404591,,,0.0,0.0,0.0,0.0,0.0,1249.6512061019,0,0,0,0,0,0,0,0,0,0,0,0,0,0,0,0,0,0,0,0,6,6,6,6,0.0,0.0,0.0,0.0,0.0,-5.22,snapshot,,,,,,,/home/runner/work/Solana-Memecoin-Analysis/Solana-Memecoin-Analysis/data/cache/2026-10-05/000929089062_multi_pools_ad468b80b509.json,2
2026-10-05T00:02:58.856965+00:00,8kRwGwZFoTB3DxXFyFSvjSbLrNChFoUqKXXeV4F8q8z8,solana,Pump.fun,63fTPVB9UUQW2zZR87dJY9DWiN7mPJ2bXcy4x8eapump,BettyBoop,So11111111111111111111111111111111111111112,SOL,2026-10-04T04:34:43Z,3.3941062761164494e-06,3394.106276,,2710.5625,120.65383470685342,100.0,,0.0,0.0,0.0,0.0,0.0,21.7597923281,0,0,0,0,0,0,0,0,0,0,0,0,0,0,0,0,0,0,0,0,2,0,2,0,0.0,0.0,0.0,0.0,0.0,0.601,snapshot,,,,,,,/home/runner/work/Solana-Memecoin-Analysis/Solana-Memecoin-Analysis/data/cache/2026-10-05/000929089062_multi_pools_ad468b80b509.json,2
2026-10-05T00:02:58.856965+00:00,Ej5QMwyzF19NeySDzdyBD9mLSSN7ae6EHmuwkaFLGvS4,solana,Pump.fun,8pwg1MCVLswZK6bpWGu1NjQZjmRFj9M8BKxda9Ezpump,OYAJI,So11111111111111111111111111111111111111112,SOL,2026-10-04T04:34:38Z,6.1160443090706824e-06,12232.088618,,4772.0532,120.72868185003945,100.0,,0.0,0.0,0.0,0.0,0.0,561.7081953828,0,0,0,0,0,0,0,0,0,0,0,0,0,0,0,0,0,0,0,0,17,1,2,1,0.0,0.0,0.0,0.0,0.0,79.526,snapshot,,,,,,,/home/runner/work/Solana-Memecoin-Analysis/Solana-Memecoin-Analysis/data/cache/2026-10-05/000929089062_multi_pools_ad468b80b509.json,2
2026-10-05T00:02:58.856965+00:00,4KwzhiBt3Lc74LkMWh5qhsN7TTLApKBC2vdaPHLWmCjn,solana,Pump.fun,6ZVCiFc4bbTvHB8aDK16uqryJsjVH2MHcJM1c9qhtYvy,miquela,So11111111111111111111111111111111111111112,SOL,2026-10-04T04:34:36Z,3.3699625678512107e-06,3369.962568,,2694.8535,120.49429142021077,100.0,,0.0,0.0,0.0,0.0,0.0,358.3321793462,0,0,0,0,0,0,0,0,0,0,0,0,0,0,0,0,0,0,0,0,5,10,5,10,0.0,0.0,0.0,0.0,0.0,-9.169,snapshot,,,,,,,/home/runner/work/Solana-Memecoin-Analysis/Solana-Memecoin-Analysis/data/cache/2026-10-05/000929089062_multi_pools_ad468b80b509.json,2
2026-10-05T00:02:58.856965+00:00,ANMEfjGmgw3p29ftjzsUHSE5gMxzHHEbfaNheAL349uT,solana,Pump.fun,3BZApkHNS7sYrYHPJ2YaQt7P2gyiwqez4dRgMsijqsne,ETFONEHOME,So11111111111111111111111111111111111111112,SOL,2026-10-04T04:43:24Z,3.3939493255410215e-06,3393.949326,,2711.7409,120.5962051317157,,,0.0,0.0,0.0,0.0,0.0,62.2282050612,0,0,0,0,0,0,0,0,0,0,0,0,0,0,0,0,0,0,0,0,3,3,3,3,0.0,0.0,0.0,0.0,0.0,-0.775,snapshot,,,,,,,/home/runner/work/Solana-Memecoin-Analysis/Solana-Memecoin-Analysis/data/cache/2026-10-05/000929089062_multi_pools_ad468b80b509.json,2
2026-10-05T00:02:58.856965+00:00,H9V6gpcDEQ9CwBjdkCGL9WCoNHYAavnYNQFB57g8PyHA,solana,Pump.fun,Aa9GnpdHgNQrbcfYEsW7RqYYF3WKL6Siw9WNL2zNpump,$GOAT,So11111111111111111111111111111111111111112,SOL,2026-10-04T04:43:20Z,1.0699901867912652e-07,213.9980374,,88.3977,120.45764509413641,,,0.0,0.0,0.0,0.0,0.0,670.961281921,0,0,0,0,0,0,0,0,0,0,0,0,0,0,0,0,0,0,0,0,93,75,7,7,0.0,0.0,0.0,0.0,0.0,-96.833,snapshot,,,,,,,/home/runner/work/Solana-Memecoin-Analysis/Solana-Memecoin-Analysis/data/cache/2026-10-05/000929089062_multi_pools_ad468b80b509.json,2
2026-10-05T00:02:58.856965+00:00,8vLikQ5QzwGi7us9TiM6q6Nj1L5SoWgdaxoYjkkbhdsJ,solana,Meteora DBC,E5NixhNHXkDMXJCuVU2hy2tjdrpaDmbAaFCAT3Fg85tE,Agency,So11111111111111111111111111111111111111112,SOL,2026-10-04T04:43:17Z,4.601313941220328e-05,46011.4076297436,,0.0,120.46094155159652,,,0.0,0.0,0.0,0.0,0.0,10501.6775558852,0,0,0,0,0,0,0,0,0,0,0,0,0,0,0,0,0,0,0,0,197,232,131,132,0.0,0.0,0.0,0.0,0.0,192.085,snapshot,,,,,,,/home/runner/work/Solana-Memecoin-Analysis/Solana-Memecoin-Analysis/data/cache/2026-10-05/000929089062_multi_pools_ad468b80b509.json,2
2026-10-05T00:02:58.856965+00:00,4zMWupv1USCkxhJXLTyDy8ki9gs3zruvkVcEAcohU666,solana,Pump.fun,FjGLiwwp2UksMSroruvX1QCRQvG4tnGTVDNxJhuYpump,APPLE,So11111111111111111111111111111111111111112,SOL,2026-10-04T04:43:15Z,3.4580119326192847e-06,3456.5036648451,,2742.0289,121.50232675343207,100.0,,0.0,0.0,0.0,0.0,0.0,14741.6443050021,0,0,0,0,0,0,0,0,0,0,0,0,0,0,0,0,0,0,0,0,222,193,138,130,0.0,0.0,0.0,0.0,0.0,-30.564,snapshot,,,,,,,/home/runner/work/Solana-Memecoin-Analysis/Solana-Memecoin-Analysis/data/cache/2026-10-05/000929089062_multi_pools_ad468b80b509.json,2
2026-10-05T00:02:58.856965+00:00,BRmFsmS7iUwr8DJFyr3xuTG3xC21onWGgXdYRGoxA4BW,solana,Pump.fun,5H1ugipGhmBwTXqHyJm2gLEPmZR8WiRs2DEQ4JHTpump,wApe,So11111111111111111111111111111111111111112,SOL,2026-10-04T04:43:08Z,7.233537727018535e-08,144.67075454,,62.3741,120.96107627209135,,,0.0,0.0,0.0,0.0,0.0,816.2547978232,0,0,0,0,0,0,0,0,0,0,0,0,0,0,0,0,0,0,0,0,90,83,14,13,0.0,0.0,0.0,0.0,0.0,-97.868,snapshot,,,,,,,/home/runner/work/Solana-Memecoin-Analysis/Solana-Memecoin-Analysis/data/cache/2026-10-05/000929089062_multi_pools_ad468b80b509.json,2
2026-10-05T00:02:58.856965+00:00,Gab8FYQaihC3G1xSRpYyCoBdC2EpFN5cjA1axEAhUXF,solana,Pump.fun,8uyxJYVrbGvXyrxFqkpKcwLQ7yjSaRDmVSD3XagnpgZi,DROYD,So11111111111111111111111111111111111111112,SOL,2026-10-04T04:43:04Z,3.3730542316088575e-06,3370.290681,,2697.3198,120.49470640389484,,,0.0,0.0,0.0,0.0,0.0,3728.2657832097,0,0,0,0,0,0,0,0,0,0,0,0,0,0,0,0,0,0,0,0,26,26,20,22,0.0,0.0,0.0,0.0,0.0,-32.858,snapshot,,,,,,,/home/runner/work/Solana-Memecoin-Analysis/Solana-Memecoin-Analysis/data/cache/2026-10-05/000929089062_multi_pools_ad468b80b509.json,2
2026-10-05T00:02:58.856965+00:00,HfAfPGZqWgVwGpRq2gtQxNmRQu6GJtGXaAh3s8B6XGN6,solana,Meteora DBC,9XNZ7FDLeeXeiG2uKhVsMXjrqRxMzTcLHEr9DrLv8zB,Mr Beast,So11111111111111111111111111111111111111112,SOL,2026-10-04T04:42:59Z,1.2056143320040874e-12,0.001205614332,,0.0,120.53719537638916,,,0.0,0.0,0.0,0.0,0.0,0.001202358524,0,0,0,0,0,0,0,0,0,0,0,0,0,0,0,0,0,0,0,0,1,0,1,0,0.0,0.0,0.0,0.0,0.0,0.0,snapshot,,,,,,,/home/runner/work/Solana-Memecoin-Analysis/Solana-Memecoin-Analysis/data/cache/2026-10-05/000929089062_multi_pools_ad468b80b509.json,2
2026-10-05T00:02:58.856965+00:00,HZuZint4yJrQcBp1kg49VnkH2uY97L9Nvcsfe2zyYGqr,solana,Pump.fun,A18Pe4uTU1RyTjLNfEeLEfJLreYkiNoegZoLPMpMpump,SNAPSNAP,So11111111111111111111111111111111111111112,SOL,2026-10-04T04:52:58Z,5.294131536141301e-06,10588.263072,,4089.4496,120.55871598031997,,,0.0,0.0,0.0,0.0,0.0,356.0383979832,0,0,0,0,0,0,0,0,0,0,0,0,0,0,0,0,0,0,0,0,15,8,4,4,0.0,0.0,0.0,0.0,0.0,56.374,snapshot,,,,,,,/home/runner/work/Solana-Memecoin-Analysis/Solana-Memecoin-Analysis/data/cache/2026-10-05/000929089062_multi_pools_ad468b80b509.json,2
2026-10-05T00:02:58.856965+00:00,88Ae7gUWKZ8kikPPSUkbmPuFuqQkPbrWs1ENK84H4Sys,solana,Pump.fun,AHARKvGPfZcZL8Xf4o6aY89eiBeHurx1UF9wkBUNpump,TRUMPCAT,So11111111111111111111111111111111111111112,SOL,2026-10-04T04:52:54Z,4.3227398107628864e-07,864.5479622,,339.2668,120.57664619679285,,,0.0,0.0,0.0,0.0,0.0,986.34729556,0,0,0,0,0,0,0,0,0,0,0,0,0,0,0,0,0,0,0,0,48,53,4,3,0.0,0.0,0.0,0.0,0.0,-87.384,snapshot,,,,,,,/home/runner/work/Solana-Memecoin-Analysis/Solana-Memecoin-Analysis/data/cache/2026-10-05/000929089062_multi_pools_ad468b80b509.json,2
2026-10-05T00:02:58.856965+00:00,GL5i4AsWEjFKmVSvWsgrMwB8pE483CZMeEUNi1ZzRfaX,solana,Pump.fun,D1rQHraATZs2mTB8HXwWXSDxbq8jy5mi9JrG9WVApump,kitty,So11111111111111111111111111111111111111112,SOL,2026-10-04T04:52:45Z,3.3810555136782993e-06,3381.055514,,2695.9834,120.8403596999771,,,0.0,0.0,0.0,0.0,0.946143281,717.1706419968,0,0,0,0,0,0,0,0,0,0,0,0,0,0,0,0,0,1,0,1,11,15,11,11,0.0,0.0,0.0,0.0,0.0,-2.957,snapshot,,,,,,,/home/runner/work/Solana-Memecoin-Analysis/Solana-Memecoin-Analysis/data/cache/2026-10-05/000929089062_multi_pools_ad468b80b509.json,2
2026-10-05T00:02:58.856965+00:00,BHWQWbAqz8yPbe4tYoUw9YNYUAcUnGJvHCwFEFR4qGqg,solana,Pump.fun,GE9RNZ4jtofjxyvXveUhvKWqz4ttQUdt1u9payynpump,SOL.BOT,So11111111111111111111111111111111111111112,SOL,2026-10-04T04:52:42Z,3.397500140592594e-06,3397.500141,,2695.8498,121.43400490574896,,,0.0,0.0,0.0,0.0,0.0,27301.1992025209,0,0,0,0,0,0,0,0,0,0,0,0,0,0,0,0,0,0,0,0,206,210,129,129,0.0,0.0,0.0,0.0,0.0,-2.417,snapshot,,,,,,,/home/runner/work/Solana-Memecoin-Analysis/Solana-Memecoin-Analysis/data/cache/2026-10-05/000929089062_multi_pools_ad468b80b509.json,2
2026-10-05T00:02:58.856965+00:00,DZatDQRWoKtCg5yKbAZp2mzM5yjpVUQpKaYKniJT1swQ,solana,Pump.fun,7c5QEcwadH16eTYrNHawwFRkXLe1c7BGTCDDrHjZpump,Tom,So11111111111111111111111111111111111111112,SOL,2026-10-04T04:52:42Z,3.373514686630438e-06,3373.514687,,2697.5507,120.50069431149933,,,0.0,0.0,0.0,0.0,0.0,9.523299067,0,0,0,0,0,0,0,0,0,0,0,0,0,0,0,0,0,0,0,0,1,1,1,1,0.0,0.0,0.0,0.0,0.0,-0.047,snapshot,,,,,,,/home/runner/work/Solana-Memecoin-Analysis/Solana-Memecoin-Analysis/data/cache/2026-10-05/000929089062_multi_pools_ad468b80b509.json,2
2026-10-05T00:02:58.856965+00:00,42rr6AtgzEDGuXXs2dnPHx6ekQyqtbFUWPBvUejowPYg,solana,Pump.fun,S9JJBoHqQfMKWvMVsJc7HCFV6UcPgmQoKbSqsntjism,CLAUDE,So11111111111111111111111111111111111111112,SOL,2026-10-04T04:52:41Z,3.794165937113299e-06,3555.841293,,2842.017,120.55700612047275,,,0.0,0.0,0.0,0.0,0.0,1188.3700590794,0,0,0,0,0,0,0,0,0,0,0,0,0,0,0,0,0,0,0,0,10,15,5,7,0.0,0.0,0.0,0.0,0.0,-14.552,snapshot,,,,,,,/home/runner/work/Solana-Memecoin-Analysis/Solana-Memecoin-Analysis/data/cache/2026-10-05/000929089062_multi_pools_ad468b80b509.json,2
2026-10-05T00:02:58.856965+00:00,98teaiicd6YiTVWaLHTyriW7GYqJoxw4342QJkFfveWF,solana,PumpSwap,88oNFQZTqo7yBxu4HT22uiuaEErbgJxA8iKpT7SmF5Ek,AGENT,So11111111111111111111111111111111111111112,SOL,2026-10-04T05:01:07Z,2.161248846400198e-05,21612.48846,,11905.359,121.35032255129191,100.0,,89.2913755029,137.0456134594,289.8982750277,2059.5000909961,64911.2382512944,611590.042381631,2,5,2,5,3,13,3,13,7,15,7,15,24,56,20,48,545,470,245,283,5723,4592,1940,1835,-3.562,-3.01,-1.371,-23.461,-69.627,-55.713,snapshot,,,,,,,/home/runner/work/Solana-Memecoin-Analysis/Solana-Memecoin-Analysis/data/cache/2026-10-05/000929089062_multi_pools_ad468b80b509.json,2
2026-10-05T00:02:58.856965+00:00,GyA6aGaf3m4dP9CY3MfVVdc6tV71uQ2a4VW3eaayVJRV,solana,Pump.fun,32vFHKtotiaEp53XFmnYDeq1wj1No24zb5SDxY71pump,MCH,So11111111111111111111111111111111111111112,SOL,2026-10-04T05:01:07Z,8.55201085247923e-07,1710.4021704,,672.9571,120.65291230934275,,,0.0,0.0,0.0,0.0,0.0,807.5440863791,0,0,0,0,0,0,0,0,0,0,0,0,0,0,0,0,0,0,0,0,76,75,10,10,0.0,0.0,0.0,0.0,0.0,-74.72,snapshot,,,,,,,/home/runner/work/Solana-Memecoin-Analysis/Solana-Memecoin-Analysis/data/cache/2026-10-05/000929089062_multi_pools_ad468b80b509.json,2
2026-10-05T00:02:58.856965+00:00,7AcAizBR41zY8z3YaRgkwi6t43gC78G9E99NoCtoWxPy,solana,Meteora DAMM V2,ASSETYQMPdAJZaZND45fZFZZBrg4HfPzWWEedryFTR4i,NULL,So11111111111111111111111111111111111111112,SOL,2026-10-04T05:01:02Z,1.6430019699817872e-06,1643.00197,,1703.016,120.61820146120843,,,0.0,0.0,0.0,0.0,0.0,479.6086525064,0,0,0,0,0,0,0,0,0,0,0,0,0,0,0,0,0,0,0,0,6,6,6,6,0.0,0.0,0.0,0.0,0.0,9.107,snapshot,,,,,,,/home/runner/work/Solana-Memecoin-Analysis/Solana-Memecoin-Analysis/data/cache/2026-10-05/000929089062_multi_pools_ad468b80b509.json,2
2026-10-05T00:02:58.856965+00:00,9ghpn12dPf498yuNLaG9S689HKRKS3Sd42BbZAdjBydx,solana,Pump.fun,DobXUCBSbxhfrWSXTeZ48oiuvjhS3y3ydeym4gqupump,q&amp;k,So11111111111111111111111111111111111111112,SOL,2026-10-04T05:00:59Z,2.324418708043065e-08,46.4849034853,,0.0,120.6347375166899,,,0.0,0.0,0.0,0.0,0.0,594.7338673106,0,0,0,0,0,0,0,0,0,0,0,0,0,0,0,0,0,0,0,0,182,171,26,24,0.0,0.0,0.0,0.0,0.0,-99.312,snapshot,,,,,,,/home/runner/work/Solana-Memecoin-Analysis/Solana-Memecoin-Analysis/data/cache/2026-10-05/000929089062_multi_pools_ad468b80b509.json,2
2026-10-05T00:02:58.856965+00:00,H6FSdpkRnj8sSZttfKpWdNDhwwJj9wyR45LrQBGJBBp4,solana,Pump.fun,AQ6kDR41XdGEgvezWmBSAprzFgWzGoeVJEtVaFESpump,MIND,So11111111111111111111111111111111111111112,SOL,2026-10-04T05:00:25Z,6.213405949716346e-07,1242.68119,,674.8038,120.60295059571779,,,0.0,0.0,0.0,0.0,0.0,125.373500929,0,0,0,0,0,0,0,0,0,0,0,0,0,0,0,0,0,0,0,0,24,23,3,2,0.0,0.0,0.0,0.0,0.0,-81.633,snapshot,,,,,,,/home/runner/work/Solana-Memecoin-Analysis/Solana-Memecoin-Analysis/data/cache/2026-10-05/000929089062_multi_pools_ad468b80b509.json,2
2026-10-05T00:02:58.856965+00:00,9qYiHYL4bUKpMVR8rs2ycCAQMtALAByGdnGJGDA3LQ56,solana,Pump.fun,DGVgpYAgXsKVtVcmEvcXnmNtKR2z7GLqf3mg39JZpump,OnceHuman,So11111111111111111111111111111111111111112,SOL,2026-10-04T05:00:21Z,3.384048222532774e-06,3384.048223,,2702.7748,120.64291944394326,,,0.0,0.0,0.0,0.0,0.0,264.7927096815,0,0,0,0,0,0,0,0,0,0,0,0,0,0,0,0,0,0,0,0,2,2,2,2,0.0,0.0,0.0,0.0,0.0,-2.878,snapshot,,,,,,,/home/runner/work/Solana-Memecoin-Analysis/Solana-Memecoin-Analysis/data/cache/2026-10-05/000929089062_multi_pools_ad468b80b509.json,2
2026-10-05T00:02:58.856965+00:00,C1Y8xdT75esz1u8Pf1qHu9mDYEZR4g1VBqxruwTnYi86,solana,FluxBeam,GbyVmhUM6PGWhUEmAwG3CgVpKjZHAh1GAzhYajFWRP6a,SÍ,So11111111111111111111111111111111111111112,SOL,2026-10-04T05:10:25Z,0.0015370312736732589,1526473.35842952,,577.7316,120.70303412697127,0.0,,0.0,0.0,0.0,0.0,0.0,10863.6113432477,0,0,0,0,0,0,0,0,0,0,0,0,0,0,0,0,0,0,0,0,301,0,21,0,0.0,0.0,0.0,0.0,0.0,918.425,snapshot,,,,,,,/home/runner/work/Solana-Memecoin-Analysis/Solana-Memecoin-Analysis/data/cache/2026-10-05/000929089062_multi_pools_ad468b80b509.json,2
2026-10-05T00:02:58.856965+00:00,H9ztz4mDEAXR7jjW8QJUGutaqqu4x2nw3d76YYn758yw,solana,Pump.fun,Ebo8ThjtxtTiA4r3L2iw75VYRrFQYwNbSDka3hnwXXru,TSI,So11111111111111111111111111111111111111112,SOL,2026-10-04T05:10:03Z,3.3999852826352525e-06,3399.985283,,2711.7409,120.8106790233629,,,0.0,0.0,0.0,0.0,0.0,59.9106553885,0,0,0,0,0,0,0,0,0,0,0,0,0,0,0,0,0,0,0,0,2,2,2,2,0.0,0.0,0.0,0.0,0.0,-0.678,snapshot,,,,,,,/home/runner/work/Solana-Memecoin-Analysis/Solana-Memecoin-Analysis/data/cache/2026-10-05/000929089062_multi_pools_ad468b80b509.json,2
2026-10-05T00:02:58.856965+00:00,ELJPREyGDQvPHg79iCTpnot8QMyzREaoSRxExShAtocq,solana,PumpSwap,FS4ZT5dgm2NYjG5oZoqpe2tvfvaucyx6RQA4CRyEpump,CAC,So11111111111111111111111111111111111111112,SOL,2026-10-04T05:17:49Z,2.738111436926393e-10,0.5476222874,,0.8626,121.17546589285328,,,0.0,0.0,0.0,0.0,0.0,25.1450904066,0,0,0,0,0,0,0,0,0,0,0,0,0,0,0,0,0,0,0,0,22,14,12,9,0.0,0.0,0.0,0.0,0.0,-99.771,snapshot,,,,,,,/home/runner/work/Solana-Memecoin-Analysis/Solana-Memecoin-Analysis/data/cache/2026-10-05/000929089062_multi_pools_ad468b80b509.json,2
2026-10-05T00:02:58.856965+00:00,5rexdVSXMnb3srsFQz8fKc3JLro4zc5mfxVxaSQmhv1F,solana,Pump.fun,D91fnbL5NEpBEM4SksUpLKke5Y8rZnARZrXAuyqLpump,DORACK,So11111111111111111111111111111111111111112,SOL,2026-10-04T05:17:47Z,1.3951933915668117e-07,333.1512234,,104.6776,120.78361942202261,,,0.0,0.0,0.0,0.0,0.0,678.080086455,0,0,0,0,0,0,0,0,0,0,0,0,0,0,0,0,0,0,0,0,39,41,6,5,0.0,0.0,0.0,0.0,0.0,-95.08,snapshot,,,,,,,/home/runner/work/Solana-Memecoin-Analysis/Solana-Memecoin-Analysis/data/cache/2026-10-05/000929089062_multi_pools_ad468b80b509.json,2
2026-10-05T00:02:58.856965+00:00,4n58ec2qaDCGsTdyMvoESHveV8xtdaR7Kj7LLmGY6tu4,solana,Pump.fun,Dzywsyz82Mdcvttxcq15yq2Vs1Ej1kVYkMgzkKy7pump,uinhim,So11111111111111111111111111111111111111112,SOL,2026-10-04T05:17:46Z,1.664950328977907e-07,332.9900658,,128.1864,120.68834622925344,,,0.0,0.0,0.0,0.0,0.0,308.8360491128,0,0,0,0,0,0,0,0,0,0,0,0,0,0,0,0,0,0,0,0,29,35,7,7,0.0,0.0,0.0,0.0,0.0,-95.081,snapshot,,,,,,,/home/runner/work/Solana-Memecoin-Analysis/Solana-Memecoin-Analysis/data/cache/2026-10-05/000929089062_multi_pools_ad468b80b509.json,2
2026-10-05T00:02:58.856965+00:00,3zD2gvVpMLAjLJUbA75LoyMm8uH9SiDE4HSdS9V6P9tB,solana,Pump.fun,FBZYUBgWieaYnc3PhovkhK3u8Ct8PXssv4aWaaabpump,LTRMP,So11111111111111111111111111111111111111112,SOL,2026-10-04T05:17:46Z,3.377446148974555e-06,3377.446149,,2695.789,120.71963667054206,,,0.0,0.0,0.0,0.0,0.0,2.4099730668,0,0,0,0,0,0,0,0,0,0,0,0,0,0,0,0,0,0,0,0,0,1,0,1,0.0,0.0,0.0,0.0,0.0,0.0,snapshot,,,,,,,/home/runner/work/Solana-Memecoin-Analysis/Solana-Memecoin-Analysis/data/cache/2026-10-05/000929089062_multi_pools_ad468b80b509.json,2
2026-10-05T00:02:58.856965+00:00,8xMMdYq9botfPwCJe3omN5uMHXMygNhwv2ipHmchwwe3,solana,Pump.fun,3v5V79XLJ42MCe7imGw6hmWEPVujJSUyA1at3yHApump,Poker,So11111111111111111111111111111111111111112,SOL,2026-10-04T05:17:33Z,9.690056358442354e-09,19.380112716,,5.212,120.86483864284902,,,0.0,0.0,0.0,0.0,0.0,712.6036043143,0,0,0,0,0,0,0,0,0,0,0,0,0,0,0,0,0,0,0,0,106,108,25,24,0.0,0.0,0.0,0.0,0.0,-99.714,snapshot,,,,,,,/home/runner/work/Solana-Memecoin-Analysis/Solana-Memecoin-Analysis/data/cache/2026-10-05/000944052710_multi_pools_f06df9726ce5.json,2
2026-10-05T00:02:58.856965+00:00,P6DP1B7kYcJyf3M3595Db4KBHpX3Nx7roTjjHw6ZH4a,solana,PumpSwap,DBUrDQ4bLwAxsouGzybXXLrv9Ny33gSmeJGJ3ghVpump,AMG,So11111111111111111111111111111111111111112,SOL,2026-10-04T05:17:31Z,5.985700140061152e-09,11.97140028,,23.8611,121.28153174102813,,,0.0,0.0,0.0,0.0,0.0,3264.3807482532,0,0,0,0,0,0,0,0,0,0,0,0,0,0,0,0,0,0,0,0,228,217,37,33,0.0,0.0,0.0,0.0,0.0,-95.31,snapshot,,,,,,,/home/runner/work/Solana-Memecoin-Analysis/Solana-Memecoin-Analysis/data/cache/2026-10-05/000944052710_multi_pools_f06df9726ce5.json,2
2026-10-05T00:02:58.856965+00:00,G8kktbtoejDFrPvvy9Vy226BYMAJUZeZVLnY8PRRWus1,solana,Pump.fun,AN76TSaSo61VWz8vMXw9uKHS8c7xV53TJYvBViBbpump,Calculato,So11111111111111111111111111111111111111112,SOL,2026-10-04T05:16:47Z,7.244147406423893e-06,14488.294812,,6105.5387,120.7168593673637,100.0,,0.0,0.0,0.0,0.0,0.0,207.4719818869,0,0,0,0,0,0,0,0,0,0,0,0,0,0,0,0,0,0,0,0,20,14,3,3,0.0,0.0,0.0,0.0,0.0,113.571,snapshot,,,,,,,/home/runner/work/Solana-Memecoin-Analysis/Solana-Memecoin-Analysis/data/cache/2026-10-05/000944052710_multi_pools_f06df9726ce5.json,2
2026-10-05T00:02:58.856965+00:00,6DK9xXC7HgX38pLfmHJ4M6BQ5nSQFqSE4GKjTSM1RbDm,solana,Meteora DBC,7af1pkxU6v2FUajWhuUWPFB4DWs7gSLDapnMEhvTPRkE,TERMINAL,So11111111111111111111111111111111111111112,SOL,2026-10-04T05:26:22Z,5.244227458266083e-12,0.005244227458,,0.0,120.61721423863105,,,0.0,0.0,0.0,0.0,0.0,0.001206172142,0,0,0,0,0,0,0,0,0,0,0,0,0,0,0,0,0,0,0,0,1,0,1,0,0.0,0.0,0.0,0.0,0.0,0.0,snapshot,,,,,,,/home/runner/work/Solana-Memecoin-Analysis/Solana-Memecoin-Analysis/data/cache/2026-10-05/000944052710_multi_pools_f06df9726ce5.json,2
2026-10-05T00:02:58.856965+00:00,DyCkV64hXMEXHVScxJnDDhFD7u9Kz3XzdSDScWahrHvk,solana,Pump.fun,C5kd3UkY2cttbqhEM6PrmvEiGBW2f7vQbxQKxieobSqT,TRENDSAPP,So11111111111111111111111111111111111111112,SOL,2026-10-04T05:26:20Z,3.3729833747457826e-06,3372.983375,,2694.0881,120.63635082442649,,,0.0,0.0,0.0,0.0,0.0,0.1206363508,0,0,0,0,0,0,0,0,0,0,0,0,0,0,0,0,0,0,0,0,1,0,1,0,0.0,0.0,0.0,0.0,0.0,0.0,snapshot,,,,,,,/home/runner/work/Solana-Memecoin-Analysis/Solana-Memecoin-Analysis/data/cache/2026-10-05/000944052710_multi_pools_f06df9726ce5.json,2
2026-10-05T00:02:58.856965+00:00,84m8F2x2mEwyrFLFnAF6hMAd1m558oV8747jSPBgLFxw,solana,Pump.fun,DGYdwysGZq26Ehb4AuUYv1e1NhbpqW1EvXoJoWgWVMEU,CATPIANO,So11111111111111111111111111111111111111112,SOL,2026-10-04T05:26:15Z,3.3990024818817117e-06,3399.002482,,2711.7409,120.77575745267659,,,0.0,0.0,0.0,0.0,0.0,2695.3521489654,0,0,0,0,0,0,0,0,0,0,0,0,0,0,0,0,0,0,0,0,22,22,22,22,0.0,0.0,0.0,0.0,0.0,0.132,snapshot,,,,,,,/home/runner/work/Solana-Memecoin-Analysis/Solana-Memecoin-Analysis/data/cache/2026-10-05/000944052710_multi_pools_f06df9726ce5.json,2
2026-10-05T00:02:58.856965+00:00,AxGznqXFSAthSebAWJj8aUdsPotUHsY3vnZqFDwPgqiG,solana,Pump.fun,75pLs3VpuYvpfkVHvFXjVB5csFqHUuV8skK3et29adrY,RECEIPT,So11111111111111111111111111111111111111112,SOL,2026-10-04T05:26:07Z,3.3760311267608855e-06,3376.031127,,2694.7685,120.71484854185516,,,0.0,0.0,0.0,0.0,0.0,1170.091558207,0,0,0,0,0,0,0,0,0,0,0,0,0,0,0,0,0,0,0,0,5,11,5,11,0.0,0.0,0.0,0.0,0.0,-5.196,snapshot,,,,,,,/home/runner/work/Solana-Memecoin-Analysis/Solana-Memecoin-Analysis/data/cache/2026-10-05/000944052710_multi_pools_f06df9726ce5.json,2
2026-10-05T00:02:58.856965+00:00,9dA6SMBeLwqJiKns14ZiYZ6x3Uf8GkHZs7NC3ovc3w9L,solana,Pump.fun,8c1DzwJR9EQM7Sfyxk68F7ZZVRKi5g8772un7wTVpump,Human,So11111111111111111111111111111111111111112,SOL,2026-10-04T05:35:52Z,6.6204932864441315e-06,13240.986572,,4806.1803,120.78535914468756,,,0.0,0.0,0.0,0.0,0.0,1084.8528459686,0,0,0,0,0,0,0,0,0,0,0,0,0,0,0,0,0,0,0,0,39,21,6,4,0.0,0.0,0.0,0.0,0.0,95.601,snapshot,,,,,,,/home/runner/work/Solana-Memecoin-Analysis/Solana-Memecoin-Analysis/data/cache/2026-10-05/000944052710_multi_pools_f06df9726ce5.json,2
2026-10-05T00:02:58.856965+00:00,GyiWVMC6DqFcQfoHGz6QuZgxVbVCCUUDppbAZKCXetNU,solana,Pump.fun,3Mi2inLEv1avahknT5KZtTRv5qgZyTkUt59LxMkvLkjH,KOL,So11111111111111111111111111111111111111112,SOL,2026-10-04T05:35:32Z,3.3772590865231486e-06,3377.259087,,2694.1124,120.78846082092507,,,0.0,0.0,0.0,0.0,0.0,59.5631767742,0,0,0,0,0,0,0,0,0,0,0,0,0,0,0,0,0,0,0,0,3,3,3,3,0.0,0.0,0.0,0.0,0.0,-0.272,snapshot,,,,,,,/home/runner/work/Solana-Memecoin-Analysis/Solana-Memecoin-Analysis/data/cache/2026-10-05/000944052710_multi_pools_f06df9726ce5.json,2
2026-10-05T00:02:58.856965+00:00,B3aMomEi9Gypp5jbAu3dYZE5jY7M1Jx1pUk7xgoETXdy,solana,Pump.fun,5hsaA8KZvCrCnNzgLMc3NQ99P7Su3aGc45iExsF3pump,DTA,So11111111111111111111111111111111111111112,SOL,2026-10-04T05:35:30Z,4.41303934937924e-06,8826.078698,,3517.8656,120.6510153124419,,,0.0,0.0,0.0,0.0,0.0,171.201333523,0,0,0,0,0,0,0,0,0,0,0,0,0,0,0,0,0,0,0,0,18,10,4,4,0.0,0.0,0.0,0.0,0.0,30.485,snapshot,,,,,,,/home/runner/work/Solana-Memecoin-Analysis/Solana-Memecoin-Analysis/data/cache/2026-10-05/000944052710_multi_pools_f06df9726ce5.json,2
2026-10-05T00:02:58.856965+00:00,4VSnBHZ8zR2nDspZRGJHfLSNfp2BnsmQkLWtxKkgNZGA,solana,Meteora DAMM V2,31CVoCtaCJUCDw1TYgrLABDX3tr8tNkBA5Wh6RRR5dfH,Mentor,So11111111111111111111111111111111111111112,SOL,2026-10-04T05:35:28Z,0.00936861230961935,9368612.31,,0.0002313549096,121.20845727704082,,,0.0,0.0,0.0,0.0,0.0,0.1390367269,0,0,0,0,0,0,0,0,0,0,0,0,0,0,0,0,0,0,0,0,14,9,10,7,0.0,0.0,0.0,0.0,0.0,1192.303,snapshot,,,,,,,/home/runner/work/Solana-Memecoin-Analysis/Solana-Memecoin-Analysis/data/cache/2026-10-05/000944052710_multi_pools_f06df9726ce5.json,2
2026-10-05T00:02:58.856965+00:00,3RqELhaMmY2vLACteovmakpYmuZBZSZi4jg9u2ufQXY1,solana,Pump.fun,FUiKb2YdQA52nQvZiB11arz7rGTsY46PrDR6kRsJpump,CASINU,So11111111111111111111111111111111111111112,SOL,2026-10-04T05:35:18Z,1.077974592319446e-05,21559.49184,,8420.1462,120.76383890821579,100.0,,0.0,0.0,0.0,0.0,0.0,275.0881766195,0,0,0,0,0,0,0,0,0,0,0,0,0,0,0,0,0,0,0,0,17,6,4,3,0.0,0.0,0.0,0.0,0.0,218.781,snapshot,,,,,,,/home/runner/work/Solana-Memecoin-Analysis/Solana-Memecoin-Analysis/data/cache/2026-10-05/000944052710_multi_pools_f06df9726ce5.json,2
2026-10-05T00:02:58.856965+00:00,FWmLpSWYva6UkZoLUSm27hdUxBdBvPG7vfhbsFidcJCV,solana,Pump.fun,Gr79DQZ8SjDgv3HVSDrEeyy34tmhtyDxT6DBLGRDpump,awh,So11111111111111111111111111111111111111112,SOL,2026-10-04T05:35:15Z,3.3789848815764045e-06,3378.984882,,2694.2704,120.84274717941578,100.0,,0.0,0.0,0.0,0.0,0.0,814.5324245809,0,0,0,0,0,0,0,0,0,0,0,0,0,0,0,0,0,0,0,0,11,10,9,9,0.0,0.0,0.0,0.0,0.0,0.075,snapshot,,,,,,,/home/runner/work/Solana-Memecoin-Analysis/Solana-Memecoin-Analysis/data/cache/2026-10-05/000944052710_multi_pools_f06df9726ce5.json,2
2026-10-05T00:02:58.856965+00:00,7GFthA1XXqojrVJHBk3RkzAq1EV5D1HgAehuNCJvkR9X,solana,Meteora DAMM V2,3SyQqjRSLpWnGkwzcr8PzBXmzNNkWLc5dVJpuyeVTfYr,Backrooms,So11111111111111111111111111111111111111112,SOL,2026-10-04T05:44:17Z,1.4113057510429421e-05,14306.37505,,3.410317146e-05,120.92355719604521,0.0,,0.0,0.0,0.0,0.0,0.0,68789.3410743507,0,0,0,0,0,0,0,0,0,0,0,0,0,0,0,0,0,0,0,0,553,363,362,89,0.0,0.0,0.0,0.0,0.0,39.158,snapshot,,,,,,,/home/runner/work/Solana-Memecoin-Analysis/Solana-Memecoin-Analysis/data/cache/2026-10-05/000944052710_multi_pools_f06df9726ce5.json,2
2026-10-05T00:02:58.856965+00:00,73WbZuNXd6toeHv7kqR4UMRB5QnRepaQ8kd2wNNm2FrD,solana,Meteora DAMM V2,FpeGKFxgKjGdThKr6bvQPhWu98HBFzsrwjjnUETB4ejP,LOOONG,So11111111111111111111111111111111111111112,SOL,2026-10-04T05:44:07Z,2.931131184595755e-09,2.9310706755,,2.685,121.31827016411076,100.0,,0.0,0.0,0.0,0.0,0.08062460993,11716.7832789204,0,0,0,0,0,0,0,0,0,0,0,0,0,0,0,0,1,1,1,1,276,286,159,154,0.0,0.0,0.0,0.0,-6.132,-99.994,snapshot,,,,,,,/home/runner/work/Solana-Memecoin-Analysis/Solana-Memecoin-Analysis/data/cache/2026-10-05/000944052710_multi_pools_f06df9726ce5.json,2
2026-10-05T00:02:58.856965+00:00,8FRWbvvZvzMQgd2Vjk3XdfV7ghLcBWJwtn6jbnqBfLNq,solana,PumpSwap,EtfekZLHwW34nrCTbnauTD7qcc6friR7f2wTRLX9FpZ,Aiden,So11111111111111111111111111111111111111112,SOL,2026-10-04T05:44:05Z,0.0002125874250958028,212587.4251,,1.206513754e-06,120.96530374090996,100.0,,0.0,0.0,0.0,0.0,0.0,23843281.6353494,0,0,0,0,0,0,0,0,0,0,0,0,0,0,0,0,0,0,0,0,22509,14286,4981,57,0.0,0.0,0.0,0.0,0.0,73.231,snapshot,,,,,,,/home/runner/work/Solana-Memecoin-Analysis/Solana-Memecoin-Analysis/data/cache/2026-10-05/000944052710_multi_pools_f06df9726ce5.json,2
2026-10-05T00:02:58.856965+00:00,E2w3nZSEEP5mJD1ZCHztqp9j1zJtLZ98Ar3JGfh78k97,solana,Pump.fun,H3M3hfkyVW7ZwRKXiRwZVVZ4YL3DVWU2KCBaTpHadUkz,TRUMP,So11111111111111111111111111111111111111112,SOL,2026-10-04T05:43:57Z,3.376385310236479e-06,3376.38531,,2695.3395,120.70201660002456,,,0.0,0.0,0.0,0.0,0.0,344.0353905568,0,0,0,0,0,0,0,0,0,0,0,0,0,0,0,0,0,0,0,0,4,4,4,4,0.0,0.0,0.0,0.0,0.0,-6.086,snapshot,,,,,,,/home/runner/work/Solana-Memecoin-Analysis/Solana-Memecoin-Analysis/data/cache/2026-10-05/000944052710_multi_pools_f06df9726ce5.json,2
2026-10-05T00:02:58.856965+00:00,9G93CLCAEhD94P3PFvRL6iz8X3eMRijvEC5QMA9X2ZMK,solana,Pump.fun,6pDL1fuSH6gKs7wW17RhDmCSP9bzcSSh1JJfuUMwpump,SI,So11111111111111111111111111111111111111112,SOL,2026-10-04T05:43:46Z,3.378516416449375e-06,3378.5164159966,,2694.6348,120.80980919878452,,,0.0,0.0,0.0,0.0,0.0,6088.8360512944,0,0,0,0,0,0,0,0,0,0,0,0,0,0,0,0,0,0,0,0,32,32,32,32,0.0,0.0,0.0,0.0,0.0,-29.604,snapshot,,,,,,,/home/runner/work/Solana-Memecoin-Analysis/Solana-Memecoin-Analysis/data/cache/2026-10-05/000944052710_multi_pools_f06df9726ce5.json,2
2026-10-05T00:02:58.856965+00:00,DhucTDw24KYATSmZRCoGQJERnLKxuRjDrUZuuFry5GsA,solana,Pump.fun,BPavmqRMfTggBhA4TyWWvBqACfjqESM9swJx9Ykrpump,krakencode,So11111111111111111111111111111111111111112,SOL,2026-10-04T05:52:51Z,3.404012676903961e-06,3404.012677,,2700.2235,121.42459560644802,100.0,,0.0,0.0,0.0,0.0,0.0,19381.067907178,0,0,0,0,0,0,0,0,0,0,0,0,0,0,0,0,0,0,0,0,229,250,172,173,0.0,0.0,0.0,0.0,0.0,-2.277,snapshot,,,,,,,/home/runner/work/Solana-Memecoin-Analysis/Solana-Memecoin-Analysis/data/cache/2026-10-05/000944052710_multi_pools_f06df9726ce5.json,2
2026-10-05T00:02:58.856965+00:00,5Uzjc9zykyKCCzrJGuNAoNoQRyhu95YoUDCNy9dGgz9x,solana,Meteora DAMM V2,AkKx8Cmmd5bdjd6DfAzZ39FNN7qWGo6PLMSvX6Z5amya,knightcat,So11111111111111111111111111111111111111112,SOL,2026-10-04T05:52:48Z,0.008007328485341593,8007328.485,,0.0121,121.3005264525089,100.0,,0.0,0.0,0.0,0.0,0.0,0.1321678521,0,0,0,0,0,0,0,0,0,0,0,0,0,0,0,0,0,0,0,0,12,7,9,5,0.0,0.0,0.0,0.0,0.0,1003.762,snapshot,,,,,,,/home/runner/work/Solana-Memecoin-Analysis/Solana-Memecoin-Analysis/data/cache/2026-10-05/000944052710_multi_pools_f06df9726ce5.json,2
2026-10-05T00:02:58.856965+00:00,3rssUqjz8xBMSYJumyT37xbUWDKuFUUMZ1mF3YyWtquL,solana,Pump.fun,4czR58FzMEjkBHhSFAkSpg9X9rrkPumNbtN39SYZpump,TLC,So11111111111111111111111111111111111111112,SOL,2026-10-04T05:52:44Z,3.404490550538634e-06,3404.490551,,2695.6068,121.69483082389081,100.0,,0.0,0.0,0.0,0.0,0.0,5175.5411865827,0,0,0,0,0,0,0,0,0,0,0,0,0,0,0,0,0,0,0,0,25,26,20,21,0.0,0.0,0.0,0.0,0.0,-32.306,snapshot,,,,,,,/home/runner/work/Solana-Memecoin-Analysis/Solana-Memecoin-Analysis/data/cache/2026-10-05/000944052710_multi_pools_f06df9726ce5.json,2
2026-10-05T00:02:58.856965+00:00,E5mPdr5yiMDeqBWYyhDRZNPXYM9StP1xvFvLTzcqH26N,solana,Pump.fun,EMZ96aHJc85RUyjV7PC7NDxiVNzs9SuWyGRBekwfpump,AItonomy,So11111111111111111111111111111111111111112,SOL,2026-10-04T05:52:42Z,3.4162543909129352e-06,3416.254391,,2713.5147,121.3094124421004,,,0.0,0.0,0.0,0.0,0.0,76.4722738541,0,0,0,0,0,0,0,0,0,0,0,0,0,0,0,0,0,0,0,0,5,5,5,5,0.0,0.0,0.0,0.0,0.0,0.415,snapshot,,,,,,,/home/runner/work/Solana-Memecoin-Analysis/Solana-Memecoin-Analysis/data/cache/2026-10-05/000944052710_multi_pools_f06df9726ce5.json,2
2026-10-05T00:02:58.856965+00:00,D8NT7AJrMAb7pq2UT31SgAAgvJGiZfZVE4bVYXhXyZuC,solana,Pump.fun,AvhaZraMpSrE16fyc73RynMvEXQj8wP27FBZdhKvpump,Goycorp,So11111111111111111111111111111111111111112,SOL,2026-10-04T05:52:41Z,3.3888416680815087e-06,3388.841668,,2699.5917,120.95672302636555,,,0.0,0.0,0.0,0.0,0.0,242.7276903037,0,0,0,0,0,0,0,0,0,0,0,0,0,0,0,0,0,0,0,0,10,10,10,10,0.0,0.0,0.0,0.0,0.0,-4.288,snapshot,,,,,,,/home/runner/work/Solana-Memecoin-Analysis/Solana-Memecoin-Analysis/data/cache/2026-10-05/000944052710_multi_pools_f06df9726ce5.json,2
2026-10-05T00:02:58.856965+00:00,J5NhupxUNBVDj9RJpXRaZvFv8EyjEiEMTJwfGvUQHgdW,solana,Meteora DAMM V2,E5F5ip49HX4gaQp58cbUWSD3ikcLJduGUDWiwDJjCeyC,Mentor,So11111111111111111111111111111111111111112,SOL,2026-10-04T05:52:40Z,4.3139063552690685e-10,0.4313906131,,0.9355,121.26967724103936,,,0.0,0.0,0.0,0.0,0.0,2162.8079493292,0,0,0,0,0,0,0,0,0,0,0,0,0,0,0,0,0,0,0,0,107,99,82,78,0.0,0.0,0.0,0.0,0.0,-99.999,snapshot,,,,,,,/home/runner/work/Solana-Memecoin-Analysis/Solana-Memecoin-Analysis/data/cache/2026-10-05/000944052710_multi_pools_f06df9726ce5.json,2
2026-10-05T00:02:58.856965+00:00,HtTi1Q4prDE6ExJyhSWQTr5opjrUhcoNv56n9HVZyTDc,solana,Pump.fun,FVMc4FNY512fnkQkjiPV19RRkcbhJWRzfJrtmMQRpump,PixelWar,So11111111111111111111111111111111111111112,SOL,2026-10-04T05:52:34Z,3.4080959871711176e-06,3408.095987,,2706.5168,121.33158435117151,100.0,,0.0,0.0,0.0,0.0,0.0,33804.9437337013,0,0,0,0,0,0,0,0,0,0,0,0,0,0,0,0,0,0,0,0,459,368,249,244,0.0,0.0,0.0,0.0,0.0,-3.848,snapshot,,,,,,,/home/runner/work/Solana-Memecoin-Analysis/Solana-Memecoin-Analysis/data/cache/2026-10-05/000944052710_multi_pools_f06df9726ce5.json,2
2026-10-05T00:02:58.856965+00:00,DcKLbFcP4D5ZKoRtD31y8XK2sbcUwfgXWVpmfzWgZF75,solana,Meteora DAMM V2,CgoHJDxxogQtsJ7pF4pzcrztPSj6K1ycjJUwH1BHBAGS,Aiden,So11111111111111111111111111111111111111112,SOL,2026-10-04T06:02:10Z,0.017737633093774834,17737633.09,,0.0003583514888,121.30096740581905,,,0.0,0.0,0.0,0.0,0.0,0.1464101433,0,0,0,0,0,0,0,0,0,0,0,0,0,0,0,0,0,0,0,0,13,7,9,5,0.0,0.0,0.0,0.0,0.0,2346.994,snapshot,,,,,,,/home/runner/work/Solana-Memecoin-Analysis/Solana-Memecoin-Analysis/data/cache/2026-10-05/000944052710_multi_pools_f06df9726ce5.json,2
2026-10-05T00:02:58.856965+00:00,B4ftuX94c7GV6CNzcyNhiUbuCuLebtXXRT1dYz89wbnP,solana,PumpSwap,AVo2q2xWerpPkNocwdCi1CPXAiUwJLrt9p1fUtECGGvS,knightcat,So11111111111111111111111111111111111111112,SOL,2026-10-04T06:01:12Z,0.005291036488768484,4076350.94689908,,4.812452134e-07,120.89655977076481,100.0,,0.0,0.0,0.0,0.0,0.0,266.8879160325,0,0,0,0,0,0,0,0,0,0,0,0,0,0,0,0,0,0,0,0,475,48,201,42,0.0,0.0,0.0,0.0,0.0,11597.574,snapshot,,,,,,,/home/runner/work/Solana-Memecoin-Analysis/Solana-Memecoin-Analysis/data/cache/2026-10-05/000944052710_multi_pools_f06df9726ce5.json,2
2026-10-05T00:02:58.856965+00:00,G6MX5UsByxXXi6LXYS7Zj64j5mEoS2Lx8hEEQeidRAxc,solana,Meteora DAMM V2,CEe2RyWvHRpHS6y2ohQm6AdwccDbYYhS89q9BSqo9NCj,QUEST,So11111111111111111111111111111111111111112,SOL,2026-10-04T06:10:15Z,6.76976297719893e-10,0.6769664336,,1.1785,121.25421564810219,,,0.0,0.0,0.0,0.0,0.0,33905.8640884352,0,0,0,0,0,0,0,0,0,0,0,0,0,0,0,0,0,0,0,0,737,823,210,214,0.0,0.0,0.0,0.0,0.0,-99.999,snapshot,,,,,,,/home/runner/work/Solana-Memecoin-Analysis/Solana-Memecoin-Analysis/data/cache/2026-10-05/000944052710_multi_pools_f06df9726ce5.json,2
2026-10-05T00:02:58.856965+00:00,8FzH7zQwJ3j4Y7fnxDooyqpukfJK3s7eUd39tCTteDQy,solana,Pump.fun,6LaLU9bwBRJdXctVvckzNT3s3iyjoekRkXUC7KeXpump,FRANKLIN,So11111111111111111111111111111111111111112,SOL,2026-10-04T06:10:14Z,3.3779741232773473e-06,3377.974123,,2694.8778,120.7795322965974,,,0.0,0.0,0.0,0.0,0.0,85.9447814196,0,0,0,0,0,0,0,0,0,0,0,0,0,0,0,0,0,0,0,0,4,4,4,4,0.0,0.0,0.0,0.0,0.0,-1.978,snapshot,,,,,,,/home/runner/work/Solana-Memecoin-Analysis/Solana-Memecoin-Analysis/data/cache/2026-10-05/000944052710_multi_pools_f06df9726ce5.json,2
2026-10-05T00:02:58.856965+00:00,9J8MDttQvDVuJzN7hLQjq6F9AkpH2vYH7iCgrTJnF69n,solana,Meteora DAMM V2,cG2yia7qd63Sg8a6YACLXSuPvf4dP4K8pjPRgFvh11R,TDOC261368,So11111111111111111111111111111111111111112,SOL,2026-10-04T06:10:04Z,5.4651954815474606e-05,51649.6183616496,,0.000159209467112273,120.86047869030773,0.0,,0.0,0.0,0.0,0.0,0.0,877096.679991022,0,0,0,0,0,0,0,0,0,0,0,0,0,0,0,0,0,0,0,0,2610,1377,1166,66,0.0,0.0,0.0,0.0,0.0,738.641,snapshot,,,,,,,/home/runner/work/Solana-Memecoin-Analysis/Solana-Memecoin-Analysis/data/cache/2026-10-05/000944052710_multi_pools_f06df9726ce5.json,2
2026-10-05T00:02:58.856965+00:00,4Sex9G6fFnf28ULdYsmJ6P4yCZGkFN24WMZYGcPjDfLo,solana,Pump.fun,4rQsvY8JskikX5Yk4fkcEYMj6ii2B1oTgUv7FjYApump,Backrooms,So11111111111111111111111111111111111111112,SOL,2026-10-04T06:09:55Z,3.397196896399876e-06,3397.196896,,2699.6039,121.25429105594468,100.0,,0.0,0.0,0.0,0.0,0.0,1965.7866547127,0,0,0,0,0,0,0,0,0,0,0,0,0,0,0,0,0,0,0,0,43,20,21,19,0.0,0.0,0.0,0.0,0.0,-2.706,snapshot,,,,,,,/home/runner/work/Solana-Memecoin-Analysis/Solana-Memecoin-Analysis/data/cache/2026-10-05/000951579963_multi_pools_871c6da2b69e.json,2
2026-10-05T00:02:58.856965+00:00,ALQQZr9AXAsvc1QAKNMiDTPE11rLWYAmjbWDJEQtnnYe,solana,Pump.fun,3HxaZRn2VsEN58XUKabofTKnAN3fURYRu2QWn2napump,CHAROC,So11111111111111111111111111111111111111112,SOL,2026-10-04T06:19:46Z,4.503824741824868e-06,9007.649484,,3584.9414,120.87894180525153,100.0,,0.0,0.0,0.0,0.0,0.0,31.3957839116,0,0,0,0,0,0,0,0,0,0,0,0,0,0,0,0,0,0,0,0,2,1,2,1,0.0,0.0,0.0,0.0,0.0,32.849,snapshot,,,,,,,/home/runner/work/Solana-Memecoin-Analysis/Solana-Memecoin-Analysis/data/cache/2026-10-05/000951579963_multi_pools_871c6da2b69e.json,2
2026-10-05T00:02:58.856965+00:00,Bt4huvFngsMhvz3MpVctHQGQS5xsS8k8d9AKqbpBHHga,solana,Meteora DAMM V2,8jdYStqnS4StjGUBL3hQAEGTAsMVXEvcvZXxu8c4b9vB,TERMINAL,So11111111111111111111111111111111111111112,SOL,2026-10-04T06:19:31Z,0.02465051029908472,19717438.3977763,,0.1458,121.2200724031527,100.0,,0.0,0.0,0.0,0.0,0.0,0.1621034057,0,0,0,0,0,0,0,0,0,0,0,0,0,0,0,0,0,0,0,0,15,11,9,4,0.0,0.0,0.0,0.0,0.0,208.146,snapshot,,,,,,,/home/runner/work/Solana-Memecoin-Analysis/Solana-Memecoin-Analysis/data/cache/2026-10-05/000951579963_multi_pools_871c6da2b69e.json,2
2026-10-05T00:02:58.856965+00:00,H9pWGTUqDwrGkGTuhdoEq8LGadcjULBuEsT4t68YMd4i,solana,Pump.fun,CuNepvC7pnt9Ua9XDBB3cUFuWyuY9FSChMuPy82zpump,GENNY TEK?!,So11111111111111111111111111111111111111112,SOL,2026-10-04T06:19:24Z,3.3802498081852187e-06,3380.249808,,2694.89,120.86047869030773,100.0,,0.0,0.0,0.0,0.0,0.0,2.3866136803,0,0,0,0,0,0,0,0,0,0,0,0,0,0,0,0,0,0,0,0,1,1,1,1,0.0,0.0,0.0,0.0,0.0,0.063,snapshot,,,,,,,/home/runner/work/Solana-Memecoin-Analysis/Solana-Memecoin-Analysis/data/cache/2026-10-05/000951579963_multi_pools_871c6da2b69e.json,2
2026-10-05T00:02:58.856965+00:00,5VyeHxue929Zw2YELrUUtfeczkaZEzZju7fJXz9FM9cY,solana,Pump.fun,F4veY8ky7N64YPtsEgbmAt2M1NSzVz3c7EJVTFnnpump,SIA,So11111111111111111111111111111111111111112,SOL,2026-10-04T06:27:38Z,3.864549380181253e-08,72.91624128,,0.0,120.86477950286418,100.0,,0.0,0.0,0.0,0.0,0.0,1905.5229095266,0,0,0,0,0,0,0,0,0,0,0,0,0,0,0,0,0,0,0,0,339,287,34,28,0.0,0.0,0.0,0.0,0.0,-98.92,snapshot,,,,,,,/home/runner/work/Solana-Memecoin-Analysis/Solana-Memecoin-Analysis/data/cache/2026-10-05/000951579963_multi_pools_871c6da2b69e.json,2
2026-10-05T00:02:58.856965+00:00,Fj9vc91JTMw98mdVXbYMcToNW4WNR6WnoRtvuy3TwhVW,solana,Meteora DBC,38Nv272uqPFs9uFpCqbvhmCsrh3gvA9N8ZBuVJjDccsS,LANDED,So11111111111111111111111111111111111111112,SOL,2026-10-04T06:27:30Z,4.5531246311888144e-05,45531.24631,,0.0,120.60383675261953,,,0.0,0.0,0.0,0.0,0.0,8077.9759472666,0,0,0,0,0,0,0,0,0,0,0,0,0,0,0,0,0,0,0,0,271,289,114,114,0.0,0.0,0.0,0.0,0.0,206.739,snapshot,,,,,,,/home/runner/work/Solana-Memecoin-Analysis/Solana-Memecoin-Analysis/data/cache/2026-10-05/000951579963_multi_pools_871c6da2b69e.json,2
2026-10-05T00:02:58.856965+00:00,7cNdTqjJgS66NiA6ffSKz2U1fVDSvwUe8unAVYW4xK6b,solana,Pump.fun,GJCY2moWNmaECPwrVRSMHTZmxcnbmhMnurw4FQFL5ihE,SPLIT,So11111111111111111111111111111111111111112,SOL,2026-10-04T06:27:30Z,3.414293565949325e-06,3414.293566,,2714.9483,121.17361706251404,,,0.0,0.0,0.0,0.0,10.8459492257,3479.3205911853,0,0,0,0,0,0,0,0,0,0,0,0,0,0,0,0,0,1,0,1,70,44,42,41,0.0,0.0,0.0,0.0,0.0,-5.4,snapshot,,,,,,,/home/runner/work/Solana-Memecoin-Analysis/Solana-Memecoin-Analysis/data/cache/2026-10-05/000951579963_multi_pools_871c6da2b69e.json,2
2026-10-05T00:02:58.856965+00:00,ECsTCYJc4Sz33DftCJjPDh66eszQTLTp8YSbXfYhRHWZ,solana,Pump.fun,qsnXiTuyUAJ5WUDXQhE8CuCY64gCWuegSC6WXg9hGPN,APE,So11111111111111111111111111111111111111112,SOL,2026-10-04T06:27:24Z,3.3801974570762243e-06,3380.197457,,2694.6834,120.86786517757973,,,0.0,0.0,0.0,0.0,0.0,4084.1373382283,0,0,0,0,0,0,0,0,0,0,0,0,0,0,0,0,0,0,0,0,29,36,29,29,0.0,0.0,0.0,0.0,0.0,-25.483,snapshot,,,,,,,/home/runner/work/Solana-Memecoin-Analysis/Solana-Memecoin-Analysis/data/cache/2026-10-05/000951579963_multi_pools_871c6da2b69e.json,2
2026-10-05T00:02:58.856965+00:00,4k42KytHbYqGaDFpq2MVpDn1KKiU9SwpCDZbYuNRRLBD,solana,Pump.fun,GNzB1omqAYfppjpSrCsvfJEKyrDWEqQPNA9DV6Prpump,PumpCat,So11111111111111111111111111111111111111112,SOL,2026-10-04T06:27:11Z,3.409562096367966e-06,3409.562096,,2718.9819,120.82800144430547,100.0,,0.0,0.0,0.0,0.0,0.0,1885.5753128704,0,0,0,0,0,0,0,0,0,0,0,0,0,0,0,0,0,0,0,0,13,15,13,13,0.0,0.0,0.0,0.0,0.0,-27.457,snapshot,,,,,,,/home/runner/work/Solana-Memecoin-Analysis/Solana-Memecoin-Analysis/data/cache/2026-10-05/000951579963_multi_pools_871c6da2b69e.json,2
2026-10-05T00:02:58.856965+00:00,GyLxmpLsQoZ1qeW3VCfGaAtNa9KMen3os19aSRqvw7nL,solana,Pump.fun,DUQEBAsy1yRwuNMJDt2mMD32du8CCSHNZtsMcjS9pump,solo,EPjFWdd5AufqSSqeM2qN1xzybapC8G4wEGGkZwyTDt1v,USDC,2026-10-04T06:27:03Z,3.989351340201396e-06,3989.35134,,3185.2322,0.9967733329912485,,,0.0,0.0,0.0,0.0,0.0,2.1847484732,0,0,0,0,0,0,0,0,0,0,0,0,0,0,0,0,0,0,0,0,4,0,2,0,0.0,0.0,0.0,0.0,0.0,0.123,snapshot,,,,,,,/home/runner/work/Solana-Memecoin-Analysis/Solana-Memecoin-Analysis/data/cache/2026-10-05/000951579963_multi_pools_871c6da2b69e.json,2
2026-10-05T00:02:58.856965+00:00,uHH5ToegeXx2GAwqSBS4uoWU7UWuwLGfK19cp17A5es,solana,Pump.fun,EsqVKeUdmPjr267ktdirJ61LozXAqwR8JiYgnf65GRam,GRAM,So11111111111111111111111111111111111111112,SOL,2026-10-04T06:27:02Z,3.374429399408081e-06,3374.429399,,2695.7769,120.61243857706974,,,0.0,0.0,0.0,0.0,0.0,2.3897034121,0,0,0,0,0,0,0,0,0,0,0,0,0,0,0,0,0,0,0,0,0,1,0,1,0.0,0.0,0.0,0.0,0.0,0.0,snapshot,,,,,,,/home/runner/work/Solana-Memecoin-Analysis/Solana-Memecoin-Analysis/data/cache/2026-10-05/000951579963_multi_pools_871c6da2b69e.json,2
2026-10-05T00:02:58.856965+00:00,3qDqVbvwFMgWzqb9eBFFuj8fCb6FjgD75HdgNRU6fjA7,solana,Pump.fun,8kyNg9tVpL3heMHVA1wVBL1nmD5gVRVPMM3szym8pump,OTC,So11111111111111111111111111111111111111112,SOL,2026-10-04T06:35:38Z,3.3886835342227117e-06,3407.097547,,2701.402,120.86987751788146,100.0,,0.0,0.0,0.0,0.0,0.0,44.2068377234,0,0,0,0,0,0,0,0,0,0,0,0,0,0,0,0,0,0,0,0,2,2,2,2,0.0,0.0,0.0,0.0,0.0,0.551,snapshot,,,,,,,/home/runner/work/Solana-Memecoin-Analysis/Solana-Memecoin-Analysis/data/cache/2026-10-05/000951579963_multi_pools_871c6da2b69e.json,2
2026-10-05T00:02:58.856965+00:00,Brcoexp1hJ5zP3p8GKg47ckB6yYTVSpQTyNhKCkvvfTz,solana,Pump.fun,3rPJKCQYqJ8mLmbTQ33JHuLzZgWJMGndnEmxsKsJpump,proven,So11111111111111111111111111111111111111112,SOL,2026-10-04T06:35:22Z,3.394437760010925e-06,3394.43776,,2694.4283,121.38835231546928,100.0,,0.0,0.0,0.0,0.0,0.0,11489.3661862748,0,0,0,0,0,0,0,0,0,0,0,0,0,0,0,0,0,0,0,0,100,115,87,66,0.0,0.0,0.0,0.0,0.0,-22.618,snapshot,,,,,,,/home/runner/work/Solana-Memecoin-Analysis/Solana-Memecoin-Analysis/data/cache/2026-10-05/000951579963_multi_pools_871c6da2b69e.json,2
2026-10-05T00:02:58.856965+00:00,G6VZ5bqn8uEwEnRHQoAW4CdK8n5R4HF8xgunz3N1wRMm,solana,PumpSwap,HKPWKoN3XJ9tVjhMYSU165LNcsVpovrsbJc2voAXBAGS,DUVE,So11111111111111111111111111111111111111112,SOL,2026-10-04T06:35:13Z,4.996144921586915e-05,38983.2135599021,,6.0878384836227e-07,120.89750369122679,100.0,,0.0,0.0,0.0,0.0,0.0,376.9566669031,0,0,0,0,0,0,0,0,0,0,0,0,0,0,0,0,0,0,0,0,650,80,210,66,0.0,0.0,0.0,0.0,0.0,5.593,snapshot,,,,,,,/home/runner/work/Solana-Memecoin-Analysis/Solana-Memecoin-Analysis/data/cache/2026-10-05/000951579963_multi_pools_871c6da2b69e.json,2
2026-10-05T00:02:58.856965+00:00,CvJ8ADRQYXF8wJsjJCwG5pESdLMKoxZmRktNBhiuVRWG,solana,Pump.fun,WD4F3dp1SVtQ2K8ucDeWP13ZhotmhEdXi4FNs1YkLRM,SWORDCAT,So11111111111111111111111111111111111111112,SOL,2026-10-04T06:44:53Z,3.40839900037464e-06,3408.399,,2711.7409,121.10964118605158,,,0.0,0.0,0.0,0.0,0.0,55.0914380614,0,0,0,0,0,0,0,0,0,0,0,0,0,0,0,0,0,0,0,0,3,3,3,3,0.0,0.0,0.0,0.0,0.0,0.266,snapshot,,,,,,,/home/runner/work/Solana-Memecoin-Analysis/Solana-Memecoin-Analysis/data/cache/2026-10-05/000951579963_multi_pools_871c6da2b69e.json,2
2026-10-05T00:02:58.856965+00:00,D93JXxjrnDpwjHyjgeQAocu2BVjZg3Vte5mYJYSLKefh,solana,Meteora DBC,9GNuni6fc7vcWgZSgzjYBNdTA7N4G3xHBKYXm7wApump,POST,So11111111111111111111111111111111111111112,SOL,2026-10-04T06:44:52Z,5.490375189288764e-12,0.005490375189,,0.0,120.78823659565349,,,0.0,0.0,0.0,0.0,0.0,0.001207882366,0,0,0,0,0,0,0,0,0,0,0,0,0,0,0,0,0,0,0,0,1,0,1,0,0.0,0.0,0.0,0.0,0.0,0.0,snapshot,,,,,,,/home/runner/work/Solana-Memecoin-Analysis/Solana-Memecoin-Analysis/data/cache/2026-10-05/000951579963_multi_pools_871c6da2b69e.json,2
2026-10-05T00:02:58.856965+00:00,H9rpCsv7ycwyXJA2xSd8CftSqoRB3AoHn15kcaQFBJv5,solana,Pump.fun,41ZbQkWBsdU9r4FnPWYfafVTkY58FuEaBvaNBx1jTsfF,NOTLAUGH,So11111111111111111111111111111111111111112,SOL,2026-10-04T06:44:31Z,3.384620970739833e-06,3384.620971,,2695.5736,121.0132318035482,,,0.0,0.0,0.0,0.0,0.0,2.6009497341,0,0,0,0,0,0,0,0,0,0,0,0,0,0,0,0,0,0,0,0,1,1,1,1,0.0,0.0,0.0,0.0,0.0,0.186,snapshot,,,,,,,/home/runner/work/Solana-Memecoin-Analysis/Solana-Memecoin-Analysis/data/cache/2026-10-05/000951579963_multi_pools_871c6da2b69e.json,2
2026-10-05T00:02:58.856965+00:00,7GgR5SKjQkXhx2y9xaMjVvNjBf2ALGWBaxxpgvmK6E6C,solana,Pump.fun,3HuqJTmJzQyKtL5w9F6FF8etqv7SXt7npwWwLRzSpump,MASYANYA,So11111111111111111111111111111111111111112,SOL,2026-10-04T06:44:21Z,3.5314111330775796e-06,3462.409792,,2708.8435,120.7596490290549,,,0.0,0.0,0.0,0.0,0.0,357.9819139206,0,0,0,0,0,0,0,0,0,0,0,0,0,0,0,0,0,0,0,0,4,7,4,4,0.0,0.0,0.0,0.0,0.0,0.802,snapshot,,,,,,,/home/runner/work/Solana-Memecoin-Analysis/Solana-Memecoin-Analysis/data/cache/2026-10-05/000951579963_multi_pools_871c6da2b69e.json,2
2026-10-05T00:02:58.856965+00:00,FoWv3MnfNaPt3UWtHG4q9gp3qau1xEho7a2KtCBe6WY3,solana,Pump.fun,7G2hDwzdjXLgEBXcCxWBuZ1RVDhqt9Zn924ZqKRo5otA,CEO,So11111111111111111111111111111111111111112,SOL,2026-10-04T06:44:15Z,3.4072759353702534e-06,3407.275935,,2714.8709,120.95747822417616,,,0.0,0.0,0.0,0.0,0.0,1478.1884045434,0,0,0,0,0,0,0,0,0,0,0,0,0,0,0,0,0,0,0,0,9,7,5,7,0.0,0.0,0.0,0.0,0.0,-10.11,snapshot,,,,,,,/home/runner/work/Solana-Memecoin-Analysis/Solana-Memecoin-Analysis/data/cache/2026-10-05/000951579963_multi_pools_871c6da2b69e.json,2
2026-10-05T00:02:58.856965+00:00,D1sJvpVihE2FNgsjwaPjzp7yYmEC8E4BK4iiRffwjpJX,solana,Meteora DAMM V2,4X1uV3RDE4aCEvvSFfhDWrya4Qkw4Hs27Lce76fysauY,DIRECT,So11111111111111111111111111111111111111112,SOL,2026-10-04T06:53:14Z,4.3440990016564123e-10,0.4343850986,,0.8747,121.33262300690231,100.0,,0.0,0.0,0.0,0.0,0.0,12771.3669304722,0,0,0,0,0,0,0,0,0,0,0,0,0,0,0,0,0,0,0,0,398,494,197,208,0.0,0.0,0.0,0.0,0.0,-99.999,snapshot,,,,,,,/home/runner/work/Solana-Memecoin-Analysis/Solana-Memecoin-Analysis/data/cache/2026-10-05/000951579963_multi_pools_871c6da2b69e.json,2
2026-10-05T00:02:58.856965+00:00,F4ismxt7krjsvhYwYT2Qf63V812jnMzTKnMi78HFtMhU,solana,Pump.fun,JBn9iEtHRECBvn28X9A5ETyQdAtxjb8vbvvzHisCA8p9,CUZHAT,So11111111111111111111111111111111111111112,SOL,2026-10-04T06:53:00Z,3.4046252526291592e-06,3404.625253,,2711.7409,120.97554971514937,100.0,,0.0,0.0,0.0,0.0,0.0,55.6246518424,0,0,0,0,0,0,0,0,0,0,0,0,0,0,0,0,0,0,0,0,4,4,4,4,0.0,0.0,0.0,0.0,0.0,0.016,snapshot,,,,,,,/home/runner/work/Solana-Memecoin-Analysis/Solana-Memecoin-Analysis/data/cache/2026-10-05/000951579963_multi_pools_871c6da2b69e.json,2
2026-10-05T00:02:58.856965+00:00,2jFzrtwg3orPxAb4nc5gMUeSKQpZmdMbPv6vj5CY3wV8,solana,Pump.fun,BWsreLLXvQ96uhixGg2iH16qoqHWD2snDP7k1GojJ5Cj,MORT,So11111111111111111111111111111111111111112,SOL,2026-10-04T06:52:57Z,3.4931617219273798e-06,3493.161722,,2782.6923,120.95663934555445,100.0,,0.0,0.0,0.0,0.0,0.0,238.9267240778,0,0,0,0,0,0,0,0,0,0,0,0,0,0,0,0,0,0,0,0,1,1,1,1,0.0,0.0,0.0,0.0,0.0,0.0,snapshot,,,,,,,/home/runner/work/Solana-Memecoin-Analysis/Solana-Memecoin-Analysis/data/cache/2026-10-05/000951579963_multi_pools_871c6da2b69e.json,2
2026-10-05T00:02:58.856965+00:00,DrenZ6BaiVc2RZvFJxX9sRL8NyDQALm77xfphvoMpvUG,solana,Meteora DAMM V2,5bkHGEthwmuDJrHD9wx2nAxckNSbRZ59NVJXyz4KBEjy,LIFE,So11111111111111111111111111111111111111112,SOL,2026-10-04T06:52:56Z,4.380135418797521e-10,0.4379955802,,0.7897,121.40545282647227,100.0,,0.0,0.0,0.0,0.0,0.0,146.0551739061,0,0,0,0,0,0,0,0,0,0,0,0,0,0,0,0,0,0,0,0,17,14,13,14,0.0,0.0,0.0,0.0,0.0,-99.713,snapshot,,,,,,,/home/runner/work/Solana-Memecoin-Analysis/Solana-Memecoin-Analysis/data/cache/2026-10-05/000951579963_multi_pools_871c6da2b69e.json,2
2026-10-05T00:02:58.856965+00:00,H9NZoXJCfzAhe5SfzyGpDJuEa85fyYLM5rX2bcLWYSod,solana,Pump.fun,986TxG4UQ6BV6WiR7CtVEq1sehw6dmEP6u2fRKZxpump,GNB,So11111111111111111111111111111111111111112,SOL,2026-10-04T06:52:48Z,5.822919723198488e-06,11645.839446,,4449.8196,120.9567639566796,,,0.0,0.0,0.0,0.0,0.0,764.2319865613,0,0,0,0,0,0,0,0,0,0,0,0,0,0,0,0,0,0,0,0,4,1,2,1,0.0,0.0,0.0,0.0,0.0,61.653,snapshot,,,,,,,/home/runner/work/Solana-Memecoin-Analysis/Solana-Memecoin-Analysis/data/cache/2026-10-05/000951579963_multi_pools_871c6da2b69e.json,2
2026-10-05T00:02:58.856965+00:00,967UDgk9AoxMaN9de71azAFCnw3CKsgRM3jn7Cc4Go9Y,solana,Pump.fun,CC64yoYAKfwsbx1Yt1exAScXF1ZsyvRRtyxWW5Q4pump,CGPT,So11111111111111111111111111111111111111112,SOL,2026-10-04T06:52:42Z,3.7866425560319147e-08,75.73285112,,36.3869,120.9589010278854,,,0.0,0.0,0.0,0.0,0.0,127.047900207,0,0,0,0,0,0,0,0,0,0,0,0,0,0,0,0,0,0,0,0,18,29,10,9,0.0,0.0,0.0,0.0,0.0,-98.883,snapshot,,,,,,,/home/runner/work/Solana-Memecoin-Analysis/Solana-Memecoin-Analysis/data/cache/2026-10-05/000951579963_multi_pools_871c6da2b69e.json,2
2026-10-05T00:02:58.856965+00:00,AxtPBuTCnRvsPrkkSFdTjMojDkMeMDqK1u4b5c3MaiWt,solana,Pump.fun,CTT2kR28fwtdPxEdDE4uEHfXpDNT9B3M9iD2Ybxkpump,FAT,So11111111111111111111111111111111111111112,SOL,2026-10-04T07:00:01Z,2.4073302894587967e-07,361.0873128,,111.5298,120.97543679193141,,,0.0,0.0,0.0,0.0,0.0,1556.1990358413,0,0,0,0,0,0,0,0,0,0,0,0,0,0,0,0,0,0,0,0,73,73,12,12,0.0,0.0,0.0,0.0,0.0,-94.67,snapshot,,,,,,,/home/runner/work/Solana-Memecoin-Analysis/Solana-Memecoin-Analysis/data/cache/2026-10-05/000951579963_multi_pools_871c6da2b69e.json,2
2026-10-05T00:02:58.856965+00:00,8kKg99CQDorMHyxYEopwfUjWFYtWhNN3tjnFZ6EPVRum,solana,Pump.fun,1kHEix6CwRDob3aoi3w7XegJJZbm2fmGsWKeMTsd7eM,NOVEL,So11111111111111111111111111111111111111112,SOL,2026-10-04T06:59:53Z,3.384111342601034e-06,3384.111343,,2697.66,120.87393418417584,,,0.0,0.0,0.0,0.0,0.0,9.8670642271,0,0,0,0,0,0,0,0,0,0,0,0,0,0,0,0,0,0,0,0,1,1,1,1,0.0,0.0,0.0,0.0,0.0,0.0,snapshot,,,,,,,/home/runner/work/Solana-Memecoin-Analysis/Solana-Memecoin-Analysis/data/cache/2026-10-05/000951579963_multi_pools_871c6da2b69e.json,2
2026-10-05T00:02:58.856965+00:00,Bf9n8PnUYKnPKqt2znSpBKEjirPxcfmHjDkk34owdV59,solana,Pump.fun,EBGgtKYWhJa1KuHrVk3TUEHfvoot3vJMZJ4bSrvZpump,INU,So11111111111111111111111111111111111111112,SOL,2026-10-04T06:59:26Z,4.907067211981299e-06,9814.134424,,3595.414,120.8933155802643,,,0.0,0.0,0.0,0.0,0.0,1554.5163785207,0,0,0,0,0,0,0,0,0,0,0,0,0,0,0,0,0,0,0,0,35,5,3,3,0.0,0.0,0.0,0.0,0.0,43.76,snapshot,,,,,,,/home/runner/work/Solana-Memecoin-Analysis/Solana-Memecoin-Analysis/data/cache/2026-10-05/000951579963_multi_pools_871c6da2b69e.json,2
2026-10-05T00:02:58.856965+00:00,6zVZpvY98SX5GAPs5JhxSyBHN25MD1EcMmXbVAGJMtt6,solana,Meteora DAMM V2,FKoYw9dvyshcRmHw3PuisPCPhwRRTViLQ3m9tapYN1hD,Treasury,So11111111111111111111111111111111111111112,SOL,2026-10-04T06:59:22Z,6.681542916052004e-10,0.6681182784,,1.142,121.40548064003005,,,0.0,0.0,0.0,0.0,0.0,1.1426711112,0,0,0,0,0,0,0,0,0,0,0,0,0,0,0,0,0,0,0,0,15,12,11,12,0.0,0.0,0.0,0.0,0.0,-68.74,snapshot,,,,,,,/home/runner/work/Solana-Memecoin-Analysis/Solana-Memecoin-Analysis/data/cache/2026-10-05/000951579963_multi_pools_871c6da2b69e.json,2
2026-10-05T00:02:58.856965+00:00,6Y7dEapt4NuBbrQRsxR2yXCgKd95PViSNvitaHvmyk3k,solana,Meteora DAMM V2,7B3tpD6bEL7vgTMsSb2qm5KryXmWe6TqxExnZoL6Qo3B,TestAny,So11111111111111111111111111111111111111112,SOL,2026-10-04T06:59:17Z,1.4138682802098395e-05,14214.2812898807,,2.0550369840253e-05,120.96955695205442,,,0.0,0.0,0.0,0.0,0.0,44639.2786514235,0,0,0,0,0,0,0,0,0,0,0,0,0,0,0,0,0,0,0,0,346,268,256,83,0.0,0.0,0.0,0.0,0.0,38.356,snapshot,,,,,,,/home/runner/work/Solana-Memecoin-Analysis/Solana-Memecoin-Analysis/data/cache/2026-10-05/000951579963_multi_pools_871c6da2b69e.json,2
2026-10-05T00:02:58.856965+00:00,5ttfLpTwmCMuzMvaUfzpjVbKkm87ZkeGDP7wkV5VpJmj,solana,Pump.fun,BAxRXgTnvXfREYvkvTYhtsahqMGmiDT5KX5otWk6nptr,FUCKCANCER,So11111111111111111111111111111111111111112,SOL,2026-10-04T06:59:14Z,3.409699807711906e-06,3409.699808,,2711.7409,121.1558623913304,,,0.0,0.0,0.0,0.0,0.0,64.8081824668,0,0,0,0,0,0,0,0,0,0,0,0,0,0,0,0,0,0,0,0,5,4,4,4,0.0,0.0,0.0,0.0,0.0,-0.475,snapshot,,,,,,,/home/runner/work/Solana-Memecoin-Analysis/Solana-Memecoin-Analysis/data/cache/2026-10-05/001006842769_multi_pools_955990f6c944.json,2
2026-10-05T00:02:58.856965+00:00,APD4xWP7NcGwN3mTgpLues2acdoJ2yq7ENhbzzYLXCVp,solana,Pump.fun,5MV9PdJvGxieTujyHj6hsf4b3kPTP2BGf2fAdnSFpump,FOMOGUY,So11111111111111111111111111111111111111112,SOL,2026-10-04T06:59:14Z,3.381174186415533e-06,3381.1741826188,,2694.89,120.89343404001312,,,0.0,0.0,0.0,0.0,0.0,2.3941185024,0,0,0,0,0,0,0,0,0,0,0,0,0,0,0,0,0,0,0,0,1,1,1,1,0.0,0.0,0.0,0.0,0.0,-0.006,snapshot,,,,,,,/home/runner/work/Solana-Memecoin-Analysis/Solana-Memecoin-Analysis/data/cache/2026-10-05/001006842769_multi_pools_955990f6c944.json,2
2026-10-05T00:02:58.856965+00:00,81RrjFNUGTv9EhXdpgaokQZh2dXuUYVCJdH54sXkALms,solana,Pump.fun,7A6Gdgrcyc2BdXkzH83tKEpEpWtiEzXDSSuvXAEEZN7X,Rasmr,So11111111111111111111111111111111111111112,SOL,2026-10-04T06:59:13Z,3.3898648605089698e-06,3389.864861,,2701.1468,120.92349898960599,,,0.0,0.0,0.0,0.0,0.0,1701.5419607358,0,0,0,0,0,0,0,0,0,0,0,0,0,0,0,0,0,0,0,0,33,22,9,9,0.0,0.0,0.0,0.0,0.0,-21.651,snapshot,,,,,,,/home/runner/work/Solana-Memecoin-Analysis/Solana-Memecoin-Analysis/data/cache/2026-10-05/001006842769_multi_pools_955990f6c944.json,2
2026-10-05T00:02:58.856965+00:00,Am3yP4WZFfEqNbxMAEjvf33oHrAsLDoCboRHUzvJF5wi,solana,Pump.fun,66yx2gdSWoEh4MWJ4YQ8LbsdLZCZBU2uNvtHaRgzpump,INU,So11111111111111111111111111111111111111112,SOL,2026-10-04T07:09:59Z,3.8043946987353398e-06,7608.789398,,2966.0604,121.04403476224269,,,0.0,0.0,0.0,0.0,0.0,584.4736900142,0,0,0,0,0,0,0,0,0,0,0,0,0,0,0,0,0,0,0,0,17,5,5,5,0.0,0.0,0.0,0.0,0.0,11.297,snapshot,,,,,,,/home/runner/work/Solana-Memecoin-Analysis/Solana-Memecoin-Analysis/data/cache/2026-10-05/001006842769_multi_pools_955990f6c944.json,2
2026-10-05T00:02:58.856965+00:00,EuZvHbbQRd88ARkaMV3MX4XyEqUSM8RhtPoJd4oKPRMN,solana,Meteora DAMM V2,5RoTd6EoFrFvT2R9oRA4DjR535YYn1ynZgkehDHddGCV,TestAny,So11111111111111111111111111111111111111112,SOL,2026-10-04T07:09:54Z,2.722777857941002e-05,27742.94563,,7.467281732e-05,121.20667014361187,0.0,,0.0,0.0,0.0,0.0,0.0,228219.520265522,0,0,0,0,0,0,0,0,0,0,0,0,0,0,0,0,0,0,0,0,1211,696,628,100,0.0,0.0,0.0,0.0,0.0,169.626,snapshot,,,,,,,/home/runner/work/Solana-Memecoin-Analysis/Solana-Memecoin-Analysis/data/cache/2026-10-05/001006842769_multi_pools_955990f6c944.json,2
2026-10-05T00:02:58.856965+00:00,5UKAmRkZE1J6oJjB2jCX8dYTkMzFKRt7QTVRcDnuuxhk,solana,Meteora DAMM V2,AeD1aXDrPJhzXxoKweoT3oLSYwQubsLuDVNt3YmT4svX,TestAny,So11111111111111111111111111111111111111112,SOL,2026-10-04T07:09:49Z,0.00024237774197875594,245837.366745837,,0.0002910069298,121.15548185510124,,,0.0,0.0,0.0,0.0,0.0,1599287.04373489,0,0,0,0,0,0,0,0,0,0,0,0,0,0,0,0,0,0,0,0,4851,2309,2047,65,0.0,0.0,0.0,0.0,0.0,3882.588,snapshot,,,,,,,/home/runner/work/Solana-Memecoin-Analysis/Solana-Memecoin-Analysis/data/cache/2026-10-05/001006842769_multi_pools_955990f6c944.json,2
2026-10-05T00:02:58.856965+00:00,AtJHfr96YSeXwcAEaddTjkNQG73yz1m79ThQyEJz3PRY,solana,Meteora DBC,ENXCegyk4e8Ueaf1oVyAWFMXyrt3KgajJtYWb8z5M2cL,TestAny,So11111111111111111111111111111111111111112,SOL,2026-10-04T07:09:43Z,5.263340275420073e-12,0.005263340275,,0.0,121.05680897011679,,,0.0,0.0,0.0,0.0,0.0,0.00121056809,0,0,0,0,0,0,0,0,0,0,0,0,0,0,0,0,0,0,0,0,1,0,1,0,0.0,0.0,0.0,0.0,0.0,0.0,snapshot,,,,,,,/home/runner/work/Solana-Memecoin-Analysis/Solana-Memecoin-Analysis/data/cache/2026-10-05/001006842769_multi_pools_955990f6c944.json,2
2026-10-05T00:02:58.856965+00:00,BJQS668xfxw6dssaWbWBwSCiqEsjmp7PBsEvoNEg8XyG,solana,Pump.fun,BY41XU27og5QnAAzSz3hRkmtuj89SLKffXR3LTNcsjkC,GAYNES,So11111111111111111111111111111111111111112,SOL,2026-10-04T07:09:40Z,3.496148687172123e-06,3496.148687,,2783.3229,121.06006807086636,100.0,,0.0,0.0,0.0,0.0,0.0,243.92520115,0,0,0,0,0,0,0,0,0,0,0,0,0,0,0,0,0,0,0,0,2,2,2,2,0.0,0.0,0.0,0.0,0.0,3.226,snapshot,,,,,,,/home/runner/work/Solana-Memecoin-Analysis/Solana-Memecoin-Analysis/data/cache/2026-10-05/001006842769_multi_pools_955990f6c944.json,2
2026-10-05T00:02:58.856965+00:00,7q3aEx6p5yV3GWXQHzdnePxCpEaYLY4UGttFLq4Tsn9k,solana,Pump.fun,49fazQVDwX2RyjnTAofxgfQ1DwJk3nMvxCEDs1k1pump,PTW,So11111111111111111111111111111111111111112,SOL,2026-10-04T07:20:06Z,3.4020267457410244e-06,3402.026746,,2694.2704,121.6671811647577,100.0,,0.0,0.0,0.0,0.0,0.0,1.6662720986,0,0,0,0,0,0,0,0,0,0,0,0,0,0,0,0,0,0,0,0,2,2,1,1,0.0,0.0,0.0,0.0,0.0,0.574,snapshot,,,,,,,/home/runner/work/Solana-Memecoin-Analysis/Solana-Memecoin-Analysis/data/cache/2026-10-05/001006842769_multi_pools_955990f6c944.json,2
2026-10-05T00:02:58.856965+00:00,AxpifdSp3FaKvFR77ZJDHR2PY8jwoWU5RCNgCSMLF62E,solana,Pump.fun,E1B3wWgKBdsVAF5bbUxRc4LrPT1Q7SVPapk2pzxndNbo,XEXOTZY,So11111111111111111111111111111111111111112,SOL,2026-10-04T07:19:57Z,3.3871478118981557e-06,3387.147812,,2694.8171,121.11002886767963,100.0,,0.0,0.0,0.0,0.0,0.0,291.9428112397,0,0,0,0,0,0,0,0,0,0,0,0,0,0,0,0,0,0,0,0,9,4,3,4,0.0,0.0,0.0,0.0,0.0,-8.184,snapshot,,,,,,,/home/runner/work/Solana-Memecoin-Analysis/Solana-Memecoin-Analysis/data/cache/2026-10-05/001006842769_multi_pools_955990f6c944.json,2
2026-10-05T00:02:58.856965+00:00,HQC2RHarYpC48a5Bo59S3GEzb1XXKC93gUb7pGHi1i9c,solana,Meteora DAMM V2,H9ZcMdZazUhSHEjduMpFB2Wx7gDE9meShNS35NdARTwM,SQUAD,So11111111111111111111111111111111111111112,SOL,2026-10-04T07:19:47Z,6.80590454907954e-10,0.6805407501,,1.3364,121.27089800697925,100.0,,0.0,0.0,0.0,0.0,0.0,11638.8934466393,0,0,0,0,0,0,0,0,0,0,0,0,0,0,0,0,0,0,0,0,279,360,146,161,0.0,0.0,0.0,0.0,0.0,-99.999,snapshot,,,,,,,/home/runner/work/Solana-Memecoin-Analysis/Solana-Memecoin-Analysis/data/cache/2026-10-05/001006842769_multi_pools_955990f6c944.json,2
2026-10-05T00:02:58.856965+00:00,7ob3AdxRRsekMGZ4vosLnQ6GULVbM6VrjVbPLM4RCmpZ,solana,Pump.fun,6rVPAm9KRJBnSjS1bESJ2H1vWCY1PAxuVrbwjcygpump,memeswif,So11111111111111111111111111111111111111112,SOL,2026-10-04T07:19:42Z,3.4403079369778312e-06,3440.307937,,2738.4449,121.05102624726436,100.0,,0.0,0.0,0.0,0.0,0.0,1711.6821345245,0,0,0,0,0,0,0,0,0,0,0,0,0,0,0,0,0,0,0,0,9,9,9,9,0.0,0.0,0.0,0.0,0.0,-1.937,snapshot,,,,,,,/home/runner/work/Solana-Memecoin-Analysis/Solana-Memecoin-Analysis/data/cache/2026-10-05/001006842769_multi_pools_955990f6c944.json,2
2026-10-05T00:02:58.856965+00:00,CJPX9E4X1WCxbueVsPaiEFd7KR92soHC5gtKh4Gv75Df,solana,Meteora,88oNFQZTqo7yBxu4HT22uiuaEErbgJxA8iKpT7SmF5Ek,AGENT,So11111111111111111111111111111111111111112,SOL,2026-10-04T07:19:23Z,7.749220496691602e-05,77492.20497,,1.3364,120.97105000452021,,,0.0,0.0,0.0,0.0,0.0,1.146891003,0,0,0,0,0,0,0,0,0,0,0,0,0,0,0,0,0,0,0,0,6,9,5,7,0.0,0.0,0.0,0.0,0.0,-3.202,snapshot,,,,,,,/home/runner/work/Solana-Memecoin-Analysis/Solana-Memecoin-Analysis/data/cache/2026-10-05/001006842769_multi_pools_955990f6c944.json,2
2026-10-05T00:02:58.856965+00:00,9ztpHT7TtbcyUg5TwZtLZY1DsqZBddGTXLFS11tb4ds2,solana,Pump.fun,BMvhi5Enwr45L1oy1GrbyDE7tDdejzMNLVawwXRaz2SH,Claudeguy,So11111111111111111111111111111111111111112,SOL,2026-10-04T07:25:44Z,3.4032942395376474e-06,3403.2942399966,,2704.165,121.29421380156336,,,0.0,0.0,0.0,0.0,0.0,11670.0452398364,0,0,0,0,0,0,0,0,0,0,0,0,0,0,0,0,0,0,0,0,121,78,64,63,0.0,0.0,0.0,0.0,0.0,-52.527,snapshot,,,,,,,/home/runner/work/Solana-Memecoin-Analysis/Solana-Memecoin-Analysis/data/cache/2026-10-05/001006842769_multi_pools_955990f6c944.json,2
2026-10-05T00:02:58.856965+00:00,5zrYSmejd7KBuHdxX8nhAWiBqBya3rwyJQLYn2F59uJ1,solana,Pump.fun,9TST9r6HqdM5ZGzQxeGFKMsVrapjsY4ycxU28GFDpaid,FR/ACC,So11111111111111111111111111111111111111112,SOL,2026-10-04T07:25:39Z,3.4227959355266498e-06,3422.795936,,2719.0998,121.31824171251391,,,0.0,0.0,0.0,0.0,25.1983054287,12481.4160926493,0,0,0,0,0,0,0,0,0,0,0,0,0,0,0,0,0,1,0,1,123,132,94,92,0.0,0.0,0.0,0.0,0.0,-0.482,snapshot,,,,,,,/home/runner/work/Solana-Memecoin-Analysis/Solana-Memecoin-Analysis/data/cache/2026-10-05/001006842769_multi_pools_955990f6c944.json,2
2026-10-05T00:02:58.856965+00:00,EFyBoFo3qcxwmMuejr9ogZfGMv8qb21aLvjcJgBAvcPN,solana,Meteora DBC,8G84JDczpzpYhbRtBDnjGdsimCSM58smzmPbudvKq84Y,AlyciaAI,So11111111111111111111111111111111111111112,SOL,2026-10-04T07:25:33Z,8.312102348634536e-05,83121.02349,,0.0,121.15611481827565,,,0.0,0.0,0.0,0.0,0.0,6381.3549274153,0,0,0,0,0,0,0,0,0,0,0,0,0,0,0,0,0,0,0,0,183,195,139,128,0.0,0.0,0.0,0.0,0.0,25.916,snapshot,,,,,,,/home/runner/work/Solana-Memecoin-Analysis/Solana-Memecoin-Analysis/data/cache/2026-10-05/001006842769_multi_pools_955990f6c944.json,2
2026-10-05T00:02:58.856965+00:00,AcFj1ETodBGzvwNtWKJYJHwwxM22g4vJ5gd1bCKvkFNL,solana,PumpSwap,EKdXohreFkSd3Kc27AndiF31yPpQNmQZ3dc569XCpump,TestAny,So11111111111111111111111111111111111111112,SOL,2026-10-04T07:25:29Z,0.004356516101647543,3398967.04381031,,6.087914744e-07,120.90584054514935,100.0,,0.0,0.0,0.0,0.0,0.0,398.5944273126,0,0,0,0,0,0,0,0,0,0,0,0,0,0,0,0,0,0,0,0,735,103,218,78,0.0,0.0,0.0,0.0,0.0,9089.306,snapshot,,,,,,,/home/runner/work/Solana-Memecoin-Analysis/Solana-Memecoin-Analysis/data/cache/2026-10-05/001006842769_multi_pools_955990f6c944.json,2
2026-10-05T00:02:58.856965+00:00,6uXgnXmYct6KcCTuPaewwmiu6Uat6k8pAj3A3fGM23j7,solana,Pump.fun,Bt8i2jcQEm4vE2AWfPvdNzgNX1FJXfFHTX6YJE6v6evj,BUY,So11111111111111111111111111111111111111112,SOL,2026-10-04T07:25:25Z,3.4015877431634078e-06,3401.587743,,2711.7409,120.86761878292695,,,0.0,0.0,0.0,0.0,0.0,74.1527492027,0,0,0,0,0,0,0,0,0,0,0,0,0,0,0,0,0,0,0,0,4,4,4,4,0.0,0.0,0.0,0.0,0.0,-0.214,snapshot,,,,,,,/home/runner/work/Solana-Memecoin-Analysis/Solana-Memecoin-Analysis/data/cache/2026-10-05/001006842769_multi_pools_955990f6c944.json,2
2026-10-05T00:02:58.856965+00:00,FyGruQN3kw7qsuJmNTnrQTm9jLC4YhTP1MXVQhHEkwQZ,solana,Pump.fun,57grzMBALebiodaQhGMCSijSHiqretT5wptEf2TfDfnt,QUDIN,So11111111111111111111111111111111111111112,SOL,2026-10-04T07:34:48Z,3.3818233270802263e-06,3381.823327,,2694.6986,120.95296152882281,100.0,,0.0,0.0,0.0,0.0,0.0,7.8751651357,0,0,0,0,0,0,0,0,0,0,0,0,0,0,0,0,0,0,0,0,4,4,3,2,0.0,0.0,0.0,0.0,0.0,-0.045,snapshot,,,,,,,/home/runner/work/Solana-Memecoin-Analysis/Solana-Memecoin-Analysis/data/cache/2026-10-05/001006842769_multi_pools_955990f6c944.json,2
2026-10-05T00:02:58.856965+00:00,4R2uqkoz9UTHzQfDrqMNhaTWg6XN1LWUwQaC24MFPjmk,solana,Pump.fun,AjZNP9gVUA6wfcJGHL5ruyPiSbcLbJDcEW1zNJPDpump,ELONMAXX,So11111111111111111111111111111111111111112,SOL,2026-10-04T07:34:47Z,3.380972003125541e-06,3380.971999619,,2695.5007,120.88620500332792,100.0,,0.0,0.0,0.0,0.0,0.0,2.3937474825,0,0,0,0,0,0,0,0,0,0,0,0,0,0,0,0,0,0,0,0,1,1,1,1,0.0,0.0,0.0,0.0,0.0,0.014,snapshot,,,,,,,/home/runner/work/Solana-Memecoin-Analysis/Solana-Memecoin-Analysis/data/cache/2026-10-05/001006842769_multi_pools_955990f6c944.json,2
2026-10-05T00:02:58.856965+00:00,7J9xPfunvvtWh6U34w4qZv6AzjdZPKG1bfsd53gGeVpp,solana,PumpSwap,JCrF2QPyUdSJPwG47xoDvY9Hgauk5t1CWw4uw7pHpump,IOF,So11111111111111111111111111111111111111112,SOL,2026-10-04T07:34:46Z,6.25313666107536e-05,62530.604478353,,62443.5421,121.51803458941805,100.0,,0.0,0.0,599201.401134511,613149.03114083,751507.01046153,1615585.38494581,0,0,0,0,0,0,0,0,237,17,121,14,1075,51,505,20,9233,348,2574,22,26438,985,2650,47,0.0,0.0,-99.979,-99.979,-99.975,-97.895,snapshot,,,,,,,/home/runner/work/Solana-Memecoin-Analysis/Solana-Memecoin-Analysis/data/cache/2026-10-05/001006842769_multi_pools_955990f6c944.json,2
2026-10-05T00:02:58.856965+00:00,GkNeJ6Yhtjjd8T9QqSoxwUmL22pia3UNuqrYg31A7cd1,solana,Pump.fun,DH4LVQGCwnkKXk9pDTPvzbMcxtnJH2qi4idEf4Zsyh7o,SATINU,So11111111111111111111111111111111111111112,SOL,2026-10-04T07:34:44Z,3.3957496371095573e-06,3395.749637,,2705.2952,120.97480597411135,100.0,,0.0,0.0,0.0,0.0,0.0,57.6881651908,0,0,0,0,0,0,0,0,0,0,0,0,0,0,0,0,0,0,0,0,4,5,4,5,0.0,0.0,0.0,0.0,0.0,0.434,snapshot,,,,,,,/home/runner/work/Solana-Memecoin-Analysis/Solana-Memecoin-Analysis/data/cache/2026-10-05/001006842769_multi_pools_955990f6c944.json,2
2026-10-05T00:02:58.856965+00:00,F2aKHN6kyxcBKZm322hHTV53z7wpuWstG5PxpfAUs9fr,solana,Meteora DAMM V2,EodR3sdFq15qGh7gTAj3AipSLWggg333VQ2UpvpFU4Gh,TestAny,So11111111111111111111111111111111111111112,SOL,2026-10-04T07:34:32Z,6.640632545425766e-10,0.6640579565,,1.1785,121.27026413396395,100.0,,0.0,0.0,0.0,0.0,0.0,56119.765832854,0,0,0,0,0,0,0,0,0,0,0,0,0,0,0,0,0,0,0,0,939,1180,179,166,0.0,0.0,0.0,0.0,0.0,-99.999,snapshot,,,,,,,/home/runner/work/Solana-Memecoin-Analysis/Solana-Memecoin-Analysis/data/cache/2026-10-05/001006842769_multi_pools_955990f6c944.json,2
2026-10-05T00:02:58.856965+00:00,64gPsvbaHB8TU6UY58E3oM2KV7EhGkHnx38fYGaZRd4U,solana,Pump.fun,A7J33HydzNx73ZAxdoXWvYTua46NUeMZ91SYB5Zxpump,Boobs,So11111111111111111111111111111111111111112,SOL,2026-10-04T07:34:23Z,2.7659039915558495e-07,553.1807984,,158.5942,121.05267537931684,,,0.0,0.0,0.0,0.0,0.0,261.232016511,0,0,0,0,0,0,0,0,0,0,0,0,0,0,0,0,0,0,0,0,35,37,4,3,0.0,0.0,0.0,0.0,0.0,-91.92,snapshot,,,,,,,/home/runner/work/Solana-Memecoin-Analysis/Solana-Memecoin-Analysis/data/cache/2026-10-05/001006842769_multi_pools_955990f6c944.json,2
2026-10-05T00:02:58.856965+00:00,5Zr2Ymyp5QLuVL9SpVkVk6jmihyGjMaSjBNWNuMQ9Yv1,solana,Meteora DBC,4qgN866yUMnwHgzb9cCwuC7i5DYn5fprFuShd6YGswnp,LOFI,So11111111111111111111111111111111111111112,SOL,2026-10-04T07:44:57Z,5.8913110817038797e-05,46766.6147767507,,0.0,120.88778220185517,,,0.0,0.0,0.0,0.0,0.0,8020.6290576714,0,0,0,0,0,0,0,0,0,0,0,0,0,0,0,0,0,0,0,0,159,191,106,124,0.0,0.0,0.0,0.0,0.0,219.228,snapshot,,,,,,,/home/runner/work/Solana-Memecoin-Analysis/Solana-Memecoin-Analysis/data/cache/2026-10-05/001006842769_multi_pools_955990f6c944.json,2
2026-10-05T00:02:58.856965+00:00,HMSEHmJTnMRRhEc8CyjWcYSHkcr4sZhvUnwcabz7YZq4,solana,Pump.fun,5WtPS6qm48dagG6DXkV7BKm87ZtL9u6qKLB8aNfqpump,niggachillin,So11111111111111111111111111111111111111112,SOL,2026-10-04T07:44:40Z,3.3793548075669194e-06,3379.354808,,2694.0274,120.8672506960927,,,0.0,0.0,0.0,0.0,0.0,185.7222822986,0,0,0,0,0,0,0,0,0,0,0,0,0,0,0,0,0,0,0,0,3,3,3,3,0.0,0.0,0.0,0.0,0.0,-4.389,snapshot,,,,,,,/home/runner/work/Solana-Memecoin-Analysis/Solana-Memecoin-Analysis/data/cache/2026-10-05/001006842769_multi_pools_955990f6c944.json,2
2026-10-05T00:02:58.856965+00:00,54TqDwhKpUWEfwWdTNxx2Pnqh1JdhfyJRhmM2tMnQKwL,solana,Pump.fun,EYWSqBUAWuqSEjaYbeSrrmXz1E4kM8yF1j5TYFW6pump,SATINU,So11111111111111111111111111111111111111112,SOL,2026-10-04T07:44:22Z,3.6249360939249983e-06,7249.872188,,2881.7935,120.84455458409374,100.0,,0.0,0.0,0.0,0.0,0.0,315.8637562136,0,0,0,0,0,0,0,0,0,0,0,0,0,0,0,0,0,0,0,0,41,6,3,3,0.0,0.0,0.0,0.0,0.0,5.514,snapshot,,,,,,,/home/runner/work/Solana-Memecoin-Analysis/Solana-Memecoin-Analysis/data/cache/2026-10-05/001006842769_multi_pools_955990f6c944.json,2
2026-10-05T00:02:58.856965+00:00,8ZRJAJZ1YKi9tHZc9ANT8N1bzwnmp3RVT5XvNFq9F9JD,solana,Pump.fun,5h2oRc3b2scSBiEhN5NpXa8r7KMm9zsL4e7McUZFpump,sol,So11111111111111111111111111111111111111112,SOL,2026-10-04T07:44:21Z,3.0753270988619433e-07,615.0654198,,251.9261,120.88152375326004,100.0,,0.0,0.0,0.0,0.0,0.0,2726.6898600854,0,0,0,0,0,0,0,0,0,0,0,0,0,0,0,0,0,0,0,0,59,51,10,10,0.0,0.0,0.0,0.0,0.0,-91.459,snapshot,,,,,,,/home/runner/work/Solana-Memecoin-Analysis/Solana-Memecoin-Analysis/data/cache/2026-10-05/001006842769_multi_pools_955990f6c944.json,2
2026-10-05T00:02:58.856965+00:00,DpBCftRBqjMBhkYDoh41rrFUct5QPnRhiv7bCJrHPCQH,solana,Pump.fun,A4kga12BtLUe7Z1rGcVuTf3YFowLRPvoShxJ4J1h36nX,NIKI,So11111111111111111111111111111111111111112,SOL,2026-10-04T07:44:09Z,3.486611132585005e-06,3486.611133,,2782.3508,120.77212943790893,100.0,,0.0,0.0,0.0,0.0,0.0,1632.0313265919,0,0,0,0,0,0,0,0,0,0,0,0,0,0,0,0,0,0,0,0,8,6,5,5,0.0,0.0,0.0,0.0,0.0,3.253,snapshot,,,,,,,/home/runner/work/Solana-Memecoin-Analysis/Solana-Memecoin-Analysis/data/cache/2026-10-05/001006842769_multi_pools_955990f6c944.json,2
2026-10-05T00:02:58.856965+00:00,J6ffVGjRPnmMUABqKxsjCFAahiLqg2RcxFWSTYVMc5gS,solana,Pump.fun,EMdeSW65aCMdwKB3JBNVfpaq9eRKMwpA2ydiLyetpump,BOB,So11111111111111111111111111111111111111112,SOL,2026-10-04T07:53:56Z,3.3796450919097744e-06,3379.64126,,2694.8688,120.86711178210201,100.0,,0.0,0.0,0.0,0.0,0.0,0.332601382,0,0,0,0,0,0,0,0,0,0,0,0,0,0,0,0,0,0,0,0,2,1,2,1,0.0,0.0,0.0,0.0,0.0,-0.013,snapshot,,,,,,,/home/runner/work/Solana-Memecoin-Analysis/Solana-Memecoin-Analysis/data/cache/2026-10-05/001006842769_multi_pools_955990f6c944.json,2
2026-10-05T00:02:58.856965+00:00,BPs6ySeWPJCNDVbwtHsn4K3ng7vpgUsm7xucvpJtxsn5,solana,Pump.fun,HqoFeXvxVcjPdHVb8vAz6sNVim3JUYtUni8uYiYqpump,BOB,So11111111111111111111111111111111111111112,SOL,2026-10-04T07:53:56Z,3.3796412599996586e-06,3379.64126,,2694.8688,120.86711178210201,100.0,,0.0,0.0,0.0,0.0,0.0,0.3326014669,0,0,0,0,0,0,0,0,0,0,0,0,0,0,0,0,0,0,0,0,2,1,2,1,0.0,0.0,0.0,0.0,0.0,-0.014,snapshot,,,,,,,/home/runner/work/Solana-Memecoin-Analysis/Solana-Memecoin-Analysis/data/cache/2026-10-05/001014353615_multi_pools_14eeb0a2b188.json,2
2026-10-05T00:02:58.856965+00:00,32JtueVWmXyZAzHU9UvhD4JPVd5ScnjT2Q5YBRtbkgg5,solana,Meteora DBC,BwCZA38iXaYYB1uttvQ8g1T72a6UXxCVGRQ5YGJmuCYD,LIFE,So11111111111111111111111111111111111111112,SOL,2026-10-04T07:53:54Z,4.0045015635004264e-05,40045.01564,,0.0,120.95961874866128,,,0.0,0.0,0.0,0.0,0.0,11073.4782539047,0,0,0,0,0,0,0,0,0,0,0,0,0,0,0,0,0,0,0,0,516,515,190,173,0.0,0.0,0.0,0.0,0.0,42.752,snapshot,,,,,,,/home/runner/work/Solana-Memecoin-Analysis/Solana-Memecoin-Analysis/data/cache/2026-10-05/001014353615_multi_pools_14eeb0a2b188.json,2
2026-10-05T00:02:58.856965+00:00,9SSMsSQ4z5tspMdq5pJwh8iswpad2MKDtK7hbZDNnhKU,solana,Pump.fun,8qvYy4gwSUZYCeuo1uNPH3tAq8A83FFMK8Co4AYKpump,OUROBOROS,So11111111111111111111111111111111111111112,SOL,2026-10-04T08:03:34Z,3.385651476194635e-06,3385.651476,,2694.6622,121.0911594828559,100.0,,0.0,0.0,0.0,0.0,0.0,95.809017934,0,0,0,0,0,0,0,0,0,0,0,0,0,0,0,0,0,0,0,0,2,2,2,2,0.0,0.0,0.0,0.0,0.0,-1.294,snapshot,,,,,,,/home/runner/work/Solana-Memecoin-Analysis/Solana-Memecoin-Analysis/data/cache/2026-10-05/001014353615_multi_pools_14eeb0a2b188.json,2
2026-10-05T00:02:58.856965+00:00,Cb3T3RsvkzVZpw2rJPuZkZm8ZHy9k2FHtS26tSFcuSki,solana,PumpSwap,6TYskBUeFFXcWv9SvDnWnZr4qHW1asEugH69XJuMLTTF,Aladdin's,So11111111111111111111111111111111111111112,SOL,2026-10-04T08:03:28Z,2.16715137793184e-06,2159.8366269962,,2172.0997,120.86726803360641,100.0,,0.0,0.0,0.0,0.0,0.0,86985.9035777026,0,0,0,0,0,0,0,0,0,0,0,0,0,0,0,0,0,0,0,0,4090,4632,340,920,0.0,0.0,0.0,0.0,0.0,-99.573,snapshot,,,,,,,/home/runner/work/Solana-Memecoin-Analysis/Solana-Memecoin-Analysis/data/cache/2026-10-05/001014353615_multi_pools_14eeb0a2b188.json,2
2026-10-05T00:02:58.856965+00:00,4Z5qKyWt4o4Bpx4uo1st2y2BXdqzYStH3nHadvvDbsYS,solana,Pump.fun,mhUuV3iuG7m5sTmfSc7aWJuSbmnztsufZGzGzPHpump,SLOPPY,So11111111111111111111111111111111111111112,SOL,2026-10-04T08:03:27Z,3.385685019250274e-06,3385.689474,,2694.6743,121.09175705758393,100.0,,0.0,0.0,0.0,0.0,0.0,397.1067986184,0,0,0,0,0,0,0,0,0,0,0,0,0,0,0,0,0,0,0,0,6,6,6,6,0.0,0.0,0.0,0.0,0.0,-6.396,snapshot,,,,,,,/home/runner/work/Solana-Memecoin-Analysis/Solana-Memecoin-Analysis/data/cache/2026-10-05/001014353615_multi_pools_14eeb0a2b188.json,2
2026-10-05T00:02:58.856965+00:00,AnZS5qAJb8wAqMHVvJAPeXkomxYqtRr1GHMdT9LMYG1S,solana,Pump.fun,72SLMFroG5Ettt3kV9tyZjXwcuMC9YdmQGcUJkJPpump,DUST,So11111111111111111111111111111111111111112,SOL,2026-10-04T08:03:25Z,3.4710025568680142e-06,3612.981076,,2923.265,120.88506282244603,100.0,,0.0,0.0,0.0,0.0,0.0,1068.526344854,0,0,0,0,0,0,0,0,0,0,0,0,0,0,0,0,0,0,0,0,18,19,18,18,0.0,0.0,0.0,0.0,0.0,-0.035,snapshot,,,,,,,/home/runner/work/Solana-Memecoin-Analysis/Solana-Memecoin-Analysis/data/cache/2026-10-05/001014353615_multi_pools_14eeb0a2b188.json,2
2026-10-05T00:02:58.856965+00:00,88ynu5wVC43DNPXzt8FoVb6zA29k93zHNWKBnSBmSmpM,solana,Pump.fun,9fKhh5MkR4ynzSY57bVqMURU3au4gPonREDUGM4REDQ5,ATLAS LIVE,So11111111111111111111111111111111111111112,SOL,2026-10-04T08:03:25Z,3.384148186541613e-06,3384.148187,,2695.5979,120.9956432327093,,,0.0,0.0,0.0,0.0,0.0,2.748415057,0,0,0,0,0,0,0,0,0,0,0,0,0,0,0,0,0,0,0,0,2,2,2,2,0.0,0.0,0.0,0.0,0.0,-0.089,snapshot,,,,,,,/home/runner/work/Solana-Memecoin-Analysis/Solana-Memecoin-Analysis/data/cache/2026-10-05/001014353615_multi_pools_14eeb0a2b188.json,2
2026-10-05T00:02:58.856965+00:00,AdHuJHgoqaXpHB5fjzLtUHFzLYATN4sRzNhupdbqK5ar,solana,Pump.fun,GLkCnCgStCUgfbEdgV4pp5aqHnxCtFBHzBWWjKUvpump,SLOPPY,So11111111111111111111111111111111111111112,SOL,2026-10-04T08:03:23Z,3.417684424684201e-06,3417.684425,,2727.8173,120.74730755355415,100.0,,0.0,0.0,0.0,0.0,0.0,6494.4693320395,0,0,0,0,0,0,0,0,0,0,0,0,0,0,0,0,0,0,0,0,34,64,30,34,0.0,0.0,0.0,0.0,0.0,-59.537,snapshot,,,,,,,/home/runner/work/Solana-Memecoin-Analysis/Solana-Memecoin-Analysis/data/cache/2026-10-05/001014353615_multi_pools_14eeb0a2b188.json,2
2026-10-05T00:02:58.856965+00:00,Gh3xNhUmGwL2vaFF4vp5jfyfRrDytxQvuGzZ18iTatd3,solana,Pump.fun,8bLhGa3U6BHhngyA5P5wHEK2YJfvHck8uS9v3TT88s5L,ATLAS LIVE,So11111111111111111111111111111111111111112,SOL,2026-10-04T08:03:21Z,3.382563821560356e-06,3382.563822,,2695.5662,120.93919895181,,,0.0,0.0,0.0,0.0,0.0,19.5143310889,0,0,0,0,0,0,0,0,0,0,0,0,0,0,0,0,0,0,0,0,4,4,4,4,0.0,0.0,0.0,0.0,0.0,-0.596,snapshot,,,,,,,/home/runner/work/Solana-Memecoin-Analysis/Solana-Memecoin-Analysis/data/cache/2026-10-05/001014353615_multi_pools_14eeb0a2b188.json,2
2026-10-05T00:02:58.856965+00:00,Bm5Uwhg4HyUXe6pFJuXumvPpepNxV6SvoCDjEssEuate,solana,Meteora DAMM V2,CgyucDeYtu6odDbdYiHdXMLzGbXqchcpofC4yv2o9WGV,AIDEN,So11111111111111111111111111111111111111112,SOL,2026-10-04T08:03:18Z,5.414346157910987e-10,0.5414222077,,1.1299,121.20487465315856,,,0.0,0.0,0.0,0.0,0.0,2179.0878992219,0,0,0,0,0,0,0,0,0,0,0,0,0,0,0,0,0,0,0,0,82,92,61,69,0.0,0.0,0.0,0.0,0.0,-99.999,snapshot,,,,,,,/home/runner/work/Solana-Memecoin-Analysis/Solana-Memecoin-Analysis/data/cache/2026-10-05/001014353615_multi_pools_14eeb0a2b188.json,2
2026-10-05T00:02:58.856965+00:00,zpPibTPzTgE8rRJP6NgVjb1PNJnd4qSnqtnBzXWfwMX,solana,Pump.fun,7WYkC2VLhitjYmYt94fnAaDiRmrAssMM6WA9FFZnpump,a,So11111111111111111111111111111111111111112,SOL,2026-10-04T08:03:09Z,3.4512509627086755e-07,690.2501926,,270.914,120.85840426479224,,,0.0,0.0,0.0,0.0,0.0,565.2014219732,0,0,0,0,0,0,0,0,0,0,0,0,0,0,0,0,0,0,0,0,94,87,4,4,0.0,0.0,0.0,0.0,0.0,-89.847,snapshot,,,,,,,/home/runner/work/Solana-Memecoin-Analysis/Solana-Memecoin-Analysis/data/cache/2026-10-05/001014353615_multi_pools_14eeb0a2b188.json,2
2026-10-05T00:02:58.856965+00:00,7jz7yfAEG6YNgRUBP3Qubx9h33ZVKmijTFqtFJgwnwEA,solana,PumpSwap,98S3A9sgLHhdUHUdpviZQrbEGsXFMf4ZXfNRBpeMpump,SOLMAS,So11111111111111111111111111111111111111112,SOL,2026-10-03T20:35:12Z,6.042676382241058e-06,5773.7232405691,,5245.91,121.49174045699529,100.0,,0.0,22.4955475563,37.1293388023,125.1681458164,1201.7818648564,93468.7105622953,0,0,0,0,1,2,1,2,3,3,3,3,5,6,5,6,49,36,33,35,6075,14024,3804,4151,0.0,1.856,0.904,4.315,47.258,-96.71,snapshot,,,,,,,/home/runner/work/Solana-Memecoin-Analysis/Solana-Memecoin-Analysis/data/cache/2026-10-05/001014353615_multi_pools_14eeb0a2b188.json,2
2026-10-05T00:02:58.856965+00:00,2zvLwRC1CgBZBuTTHyjWBSgprP151oZ1g9F7gQrQpvbd,solana,PumpSwap,6BQcAsj3KRby3G8PNUscgaFXrJmjdfmnaM1MMKZ9x12k,bHooks,So11111111111111111111111111111111111111112,SOL,2026-10-04T08:12:36Z,0.0005343050601706321,534305.0602,,1.90336725772658e-06,120.77713235095213,2.45292524173253e-09,,0.0,0.0,0.0,0.0,0.0,3431771.71233937,0,0,0,0,0,0,0,0,0,0,0,0,0,0,0,0,0,0,0,0,8473,6071,2116,119,0.0,0.0,0.0,0.0,0.0,647.484,snapshot,,,,,,,/home/runner/work/Solana-Memecoin-Analysis/Solana-Memecoin-Analysis/data/cache/2026-10-05/001014353615_multi_pools_14eeb0a2b188.json,2
2026-10-05T00:02:58.856965+00:00,HQzazaopqBkVWaU3qgGx6upyvzT8xgjR1wScvG7xRmFN,solana,Pump.fun,2RtDumz6KgHcCFZoTv3zSjsK7bW594DqTQftNE8xpump,knightcat,So11111111111111111111111111111111111111112,SOL,2026-10-04T08:12:25Z,3.3765873560831014e-06,3376.587356,,2691.8794,120.89187826567148,100.0,,0.0,0.0,0.0,0.0,0.0,0.0002383991109,0,0,0,0,0,0,0,0,0,0,0,0,0,0,0,0,0,0,0,0,1,1,1,1,0.0,0.0,0.0,0.0,0.0,-0.203,snapshot,,,,,,,/home/runner/work/Solana-Memecoin-Analysis/Solana-Memecoin-Analysis/data/cache/2026-10-05/001014353615_multi_pools_14eeb0a2b188.json,2
2026-10-05T00:02:58.856965+00:00,HnxT5uPLKtLNEXNcCP9xaA6xnhNkJ4vdNRgsug38uLGB,solana,Pump.fun,3hCMLXVSwUVkpMU1HYtohvdS9Lba82L7pQtPLqXJpump,knightcat,So11111111111111111111111111111111111111112,SOL,2026-10-04T08:12:25Z,3.3765873336144962e-06,3376.587334,,2691.8794,120.89187746122853,100.0,,0.0,0.0,0.0,0.0,0.0,0.0002383991413,0,0,0,0,0,0,0,0,0,0,0,0,0,0,0,0,0,0,0,0,1,1,1,1,0.0,0.0,0.0,0.0,0.0,-0.203,snapshot,,,,,,,/home/runner/work/Solana-Memecoin-Analysis/Solana-Memecoin-Analysis/data/cache/2026-10-05/001014353615_multi_pools_14eeb0a2b188.json,2
2026-10-05T00:02:58.856965+00:00,AdtyDLeFSnGbmJajDDk3tRWniEkvW7APjk3XRDfEZAbE,solana,Pump.fun,69vttFHLE2S1Gf3qa669CoDdnLQPzxu6pwSZREtjpump,knightcat,So11111111111111111111111111111111111111112,SOL,2026-10-04T08:12:25Z,3.3765873560831014e-06,3376.587356,,2691.8794,120.89187826567148,100.0,,0.0,0.0,0.0,0.0,0.0,0.0002383991109,0,0,0,0,0,0,0,0,0,0,0,0,0,0,0,0,0,0,0,0,1,1,1,1,0.0,0.0,0.0,0.0,0.0,-0.203,snapshot,,,,,,,/home/runner/work/Solana-Memecoin-Analysis/Solana-Memecoin-Analysis/data/cache/2026-10-05/001014353615_multi_pools_14eeb0a2b188.json,2
2026-10-05T00:02:58.856965+00:00,2ZSt1z4f2iKoYoXxTVB4Af8DY9sLTFy7DaAYFAiJZezV,solana,Pump.fun,HrRQFSkSWNi6Cm6baSHuq1zRaVnYSnHri4u4CvSHpump,knightcat,So11111111111111111111111111111111111111112,SOL,2026-10-04T08:12:18Z,3.3765938404811707e-06,3376.59384,,2691.8794,120.89211042642414,100.0,,0.0,0.0,0.0,0.0,0.0,0.0002383991216,0,0,0,0,0,0,0,0,0,0,0,0,0,0,0,0,0,0,0,0,1,1,1,1,0.0,0.0,0.0,0.0,0.0,-0.203,snapshot,,,,,,,/home/runner/work/Solana-Memecoin-Analysis/Solana-Memecoin-Analysis/data/cache/2026-10-05/001014353615_multi_pools_14eeb0a2b188.json,2
2026-10-05T00:02:58.856965+00:00,CoAFjUtQakzNNStzR8e1mddaQarCQxkQJS2RGtLwi5Aa,solana,Pump.fun,Gv7vGB8VZmYuvyV9Gv3z79HVmvp3nHhASZUbXnVgT3C9,AGENTHYPER,So11111111111111111111111111111111111111112,SOL,2026-10-04T08:21:32Z,3.3773542949250553e-06,3377.354295,,2694.6622,120.79438383520568,,,0.0,0.0,0.0,0.0,0.0,120.2143949279,0,0,0,0,0,0,0,0,0,0,0,0,0,0,0,0,0,0,0,0,2,3,2,3,0.0,0.0,0.0,0.0,0.0,-1.751,snapshot,,,,,,,/home/runner/work/Solana-Memecoin-Analysis/Solana-Memecoin-Analysis/data/cache/2026-10-05/001014353615_multi_pools_14eeb0a2b188.json,2
2026-10-05T00:02:58.856965+00:00,Ai4fYFbJzbqoSP8AZ3WdB1yV4cLuRtD6DKQMvg26pY5z,solana,Pump.fun,4uxiyvCqX2fb9HnnjaLLssAKpdazY7fbGTMupwQCpump,Hunter,So11111111111111111111111111111111111111112,SOL,2026-10-04T08:21:30Z,3.3772442799493247e-06,3377.24428,,2694.6622,120.79067176903573,,,0.0,0.0,0.0,0.0,0.0,168.8702500177,0,0,0,0,0,0,0,0,0,0,0,0,0,0,0,0,0,0,0,0,5,5,5,5,0.0,0.0,0.0,0.0,0.0,-0.197,snapshot,,,,,,,/home/runner/work/Solana-Memecoin-Analysis/Solana-Memecoin-Analysis/data/cache/2026-10-05/001014353615_multi_pools_14eeb0a2b188.json,2
2026-10-05T00:02:58.856965+00:00,6Lj4bvHm7GPq3dmZBhFujCnftv5eLC2WYrFAKqKRFVz,solana,Pump.fun,BRqE4ak197VLzmbsU9YhFtRwkgHByQwgKTptMQtnpump,DICE,So11111111111111111111111111111111111111112,SOL,2026-10-04T08:21:23Z,5.307595699677497e-06,10615.1914,,4187.4341,120.94996886294331,100.0,,0.0,0.0,0.0,0.0,0.0,691.4934088954,0,0,0,0,0,0,0,0,0,0,0,0,0,0,0,0,0,0,0,0,24,9,3,3,0.0,0.0,0.0,0.0,0.0,47.354,snapshot,,,,,,,/home/runner/work/Solana-Memecoin-Analysis/Solana-Memecoin-Analysis/data/cache/2026-10-05/001014353615_multi_pools_14eeb0a2b188.json,2
2026-10-05T00:02:58.856965+00:00,8Co58U22uzyZLbn8sT6LXfXAG8xghtoHcs13MPHvKHdU,solana,Pump.fun,14fgjRz2hDPWo3JufrkCNfNQ8HAF4HMQk25Tnr2npump,JOSE,So11111111111111111111111111111111111111112,SOL,2026-10-04T08:28:53Z,3.377293152428075e-06,3377.2967879966,,2694.6865,120.79086106528061,100.0,,0.0,0.0,0.0,0.0,0.0,2365.389018342,0,0,0,0,0,0,0,0,0,0,0,0,0,0,0,0,0,0,0,0,13,19,13,14,0.0,0.0,0.0,0.0,0.0,-27.831,snapshot,,,,,,,/home/runner/work/Solana-Memecoin-Analysis/Solana-Memecoin-Analysis/data/cache/2026-10-05/001014353615_multi_pools_14eeb0a2b188.json,2
2026-10-05T00:02:58.856965+00:00,yEj7uufApxu2o2zijn5NHww9PyU7THurvPqM1UFQScJ,solana,Pump.fun,6Ztb1WpWq3eEN6coxg9wj9oUjAymTX3hyCkC2nnopump,BRAINROT,So11111111111111111111111111111111111111112,SOL,2026-10-04T08:28:52Z,4.955387282726272e-06,9491.493656,,3811.756,121.05010470821121,100.0,,0.0,0.0,0.0,0.0,0.0,816.4226910224,0,0,0,0,0,0,0,0,0,0,0,0,0,0,0,0,0,0,0,0,5,3,2,2,0.0,0.0,0.0,0.0,0.0,31.665,snapshot,,,,,,,/home/runner/work/Solana-Memecoin-Analysis/Solana-Memecoin-Analysis/data/cache/2026-10-05/001014353615_multi_pools_14eeb0a2b188.json,2
2026-10-05T00:02:58.856965+00:00,GYQSHU1EtRocCjunhz9TDrrXv3cwRvnAY72G8nLCmkcR,solana,Pump.fun,7xvXBUo16kydupfZATsJktYxKZrAopFb6wZYwv29pump,DICE,So11111111111111111111111111111111111111112,SOL,2026-10-04T08:28:52Z,3.411770317607769e-06,3411.770318,,2716.8395,121.02908920787748,100.0,,0.0,0.0,0.0,0.0,0.0,59.9148511526,0,0,0,0,0,0,0,0,0,0,0,0,0,0,0,0,0,0,0,0,1,1,1,1,0.0,0.0,0.0,0.0,0.0,-0.004,snapshot,,,,,,,/home/runner/work/Solana-Memecoin-Analysis/Solana-Memecoin-Analysis/data/cache/2026-10-05/001014353615_multi_pools_14eeb0a2b188.json,2
2026-10-05T00:02:58.856965+00:00,DZKjJSjAzWaiaDJtABMpr6ABRUA1cJ63WB8BukPCxfTN,solana,Pump.fun,Cm9bSKJmbs67uhdgDe3bWPuZBkrFF7zyxo8NZC4JCWYZ,BACK,So11111111111111111111111111111111111111112,SOL,2026-10-04T08:28:47Z,3.377692045656356e-06,3377.692046,,2694.6379,120.8079990376141,100.0,,0.0,0.0,0.0,0.0,0.0,71.7821247348,0,0,0,0,0,0,0,0,0,0,0,0,0,0,0,0,0,0,0,0,2,2,2,2,0.0,0.0,0.0,0.0,0.0,-1.161,snapshot,,,,,,,/home/runner/work/Solana-Memecoin-Analysis/Solana-Memecoin-Analysis/data/cache/2026-10-05/001014353615_multi_pools_14eeb0a2b188.json,2
2026-10-05T00:02:58.856965+00:00,Gw5tyw1t15on1MaKLDgSCKEYDwkLwzWJZx5asEXxwcMP,solana,Pump.fun,C2NjDt3kbnP7eRXTiqzMjbmm5VVVbm5zBwSsEnPYpump,Suisei,So11111111111111111111111111111111111111112,SOL,2026-10-04T08:28:38Z,3.3772096885652925e-06,3377.213477,,2694.6865,120.78795182906747,100.0,,0.0,0.0,0.0,0.0,0.0,2212.5879160429,0,0,0,0,0,0,0,0,0,0,0,0,0,0,0,0,0,0,0,0,25,36,22,22,0.0,0.0,0.0,0.0,0.0,-10.645,snapshot,,,,,,,/home/runner/work/Solana-Memecoin-Analysis/Solana-Memecoin-Analysis/data/cache/2026-10-05/001014353615_multi_pools_14eeb0a2b188.json,2
2026-10-05T00:02:58.856965+00:00,74AB4MZ4aB5uDb7BZA2YT9eoCAmMfjoeQjW6QtbLcyvR,solana,Pump.fun,AvEQYqQRDsDcixMhNBBpeuhPyitQu37rUsgMkuJapump,a,So11111111111111111111111111111111111111112,SOL,2026-10-04T08:38:26Z,1.45902703750682e-07,291.8054076,,139.1643,120.75751826630653,100.0,,0.0,0.0,0.0,0.0,0.0,475.2814112473,0,0,0,0,0,0,0,0,0,0,0,0,0,0,0,0,0,0,0,0,33,31,8,6,0.0,0.0,0.0,0.0,0.0,-95.695,snapshot,,,,,,,/home/runner/work/Solana-Memecoin-Analysis/Solana-Memecoin-Analysis/data/cache/2026-10-05/001014353615_multi_pools_14eeb0a2b188.json,2
2026-10-05T00:02:58.856965+00:00,7aNPNWaQKqn7GuQF3hCKae1dgqiTHN25HG2nBgm5pRkG,solana,Pump.fun,ALpCgPcEdn9wiQcyRpRnyRyDHBxuT783FKrm2sA3f7td,KNIGHTCAT,So11111111111111111111111111111111111111112,SOL,2026-10-04T08:38:21Z,3.3777376931957477e-06,3377.737693,,2694.6986,120.80660837146293,,,0.0,0.0,0.0,0.0,0.0,241.8774901643,0,0,0,0,0,0,0,0,0,0,0,0,0,0,0,0,0,0,0,0,2,2,2,2,0.0,0.0,0.0,0.0,0.0,-3.238,snapshot,,,,,,,/home/runner/work/Solana-Memecoin-Analysis/Solana-Memecoin-Analysis/data/cache/2026-10-05/001014353615_multi_pools_14eeb0a2b188.json,2
2026-10-05T00:02:58.856965+00:00,DVRxAEJ4HvQE5dfcD9TKmMLPsRt6n9FQ6DiU8BoytJvx,solana,Pump.fun,EwnQuBNQimirT97HVXjcRk7QXKXP1EH1W5WqoqMQpump,FFF,So11111111111111111111111111111111111111112,SOL,2026-10-04T08:38:20Z,3.379828813269498e-06,3379.828813,,2694.6136,120.88394987055207,100.0,,0.0,0.0,0.0,0.0,0.0,525.4814500811,0,0,0,0,0,0,0,0,0,0,0,0,0,0,0,0,0,0,0,0,4,12,4,4,0.0,0.0,0.0,0.0,0.0,0.0,snapshot,,,,,,,/home/runner/work/Solana-Memecoin-Analysis/Solana-Memecoin-Analysis/data/cache/2026-10-05/001014353615_multi_pools_14eeb0a2b188.json,2
2026-10-05T00:02:58.856965+00:00,7Nn1rcpqrzxywXKRijjPwsaSqACXFnwbW21VDGSdbjxW,solana,Pump.fun,HiCcQBW5eYDrRGoi1rivQuZNnWToUbyU8NkUfpNppump,TEST,So11111111111111111111111111111111111111112,SOL,2026-10-04T08:38:11Z,3.3773572942881474e-06,3377.357294,,2694.6986,120.79283584418386,,,0.0,0.0,0.0,0.0,0.0,0.238681622,0,0,0,0,0,0,0,0,0,0,0,0,0,0,0,0,0,0,0,0,1,1,1,1,0.0,0.0,0.0,0.0,0.0,-0.066,snapshot,,,,,,,/home/runner/work/Solana-Memecoin-Analysis/Solana-Memecoin-Analysis/data/cache/2026-10-05/001014353615_multi_pools_14eeb0a2b188.json,2
2026-10-05T00:02:58.856965+00:00,77tycTJPgffTJcwnj3jMCxeWERq56MPJX3UwYBjgackm,solana,Pump.fun,BvTLqzscaHtEN63e2xGpsAEz6LSv418w7UQ1KF1upump,DOOROC,So11111111111111111111111111111111111111112,SOL,2026-10-04T08:38:09Z,1.381625191298499e-07,276.3250382,,111.2148,120.79248940437492,,,0.0,0.0,0.0,0.0,0.0,138.0890734124,0,0,0,0,0,0,0,0,0,0,0,0,0,0,0,0,0,0,0,0,22,31,6,6,0.0,0.0,0.0,0.0,0.0,-95.945,snapshot,,,,,,,/home/runner/work/Solana-Memecoin-Analysis/Solana-Memecoin-Analysis/data/cache/2026-10-05/001014353615_multi_pools_14eeb0a2b188.json,2
