request_timestamp_utc,pool_address,network,dex,base_token_address,base_token_symbol,quote_token_address,quote_token_symbol,pool_created_at,price_usd,fdv_usd,market_cap_usd,reserve_usd,volume_usd_m5,volume_usd_h1,volume_usd_h24,buys_m5,sells_m5,buyers_m5,sellers_m5,buys_h1,sells_h1,buyers_h1,sellers_h1,buys_h24,sells_h24,buyers_h24,sellers_h24,source,ohlcv_timeframe,ohlcv_open,ohlcv_high,ohlcv_low,ohlcv_close,ohlcv_volume,raw_cache_path
2026-09-28T01:45:03.110691+00:00,3dcwhqJp6JBTJPq8ga335HWgSQVS7uQmdmeX7iGjMNpj,solana,PumpSwap,CTPoyCwkjMvoJwU4xvZZqoD8tiYk6yDchySiN5gGpump,fone,So11111111111111111111111111111111111111112,SOL,2026-08-27T00:03:44Z,0.008080088835115618,8012585.41405357,8012585.47500496,699778.9965,2075.1436541162,219407.731412868,3499544.62399739,6,11,6,11,748,327,354,230,11041,14304,3092,3745,snapshot,,,,,,,/home/runner/work/Solana-Memecoin-Analysis/Solana-Memecoin-Analysis/data/cache/2026-09-28/014511274666_multi_pools_ce06fb779bc1.json
2026-09-28T01:45:03.110691+00:00,364hvUrAhVcGA4a4CjRNCeTzPr3XkotZePBPtWUZTvLr,solana,PumpSwap,8DMRzhGGVhDMsbZRiH3Hnv7vPE8Know6hyJdzG8b5pmG,DDOS,So11111111111111111111111111111111111111112,SOL,2026-09-26T01:44:57Z,0.00011181597376477626,110848.5407,,8.556844509e-07,0.0,0.0,0.0,0,0,0,0,0,0,0,0,0,0,0,0,snapshot,,,,,,,/home/runner/work/Solana-Memecoin-Analysis/Solana-Memecoin-Analysis/data/cache/2026-09-28/014511274666_multi_pools_ce06fb779bc1.json
2026-09-28T01:45:03.110691+00:00,ERXreoRwqXj4ec8NZKRfXmzKQqk4eSufzQHbHvCYBqe3,solana,Meteora DAMM V2,8DMRzhGGVhDMsbZRiH3Hnv7vPE8Know6hyJdzG8b5pmG,DDOS,So11111111111111111111111111111111111111112,SOL,2026-09-26T01:44:50Z,3.844108668038945e-06,3844.108668,,0.0853,0.0,0.0,0.0,0,0,0,0,0,0,0,0,0,0,0,0,snapshot,,,,,,,/home/runner/work/Solana-Memecoin-Analysis/Solana-Memecoin-Analysis/data/cache/2026-09-28/014511274666_multi_pools_ce06fb779bc1.json
2026-09-28T01:45:03.110691+00:00,7qjiQZ5QYxW1XZLP1U1ASdjH8KVabf6guWaupbU8ZQuH,solana,Pump.fun,4ZvcJsA7cWtaUqKRBpkQSx7GqBZWvftW3bwsjX8mJETs,PLANET,So11111111111111111111111111111111111111112,SOL,2026-09-26T01:44:49Z,3.5379532564706095e-06,3786.767423,,3208.0912,0.0,0.0,0.0,0,0,0,0,0,0,0,0,0,0,0,0,snapshot,,,,,,,/home/runner/work/Solana-Memecoin-Analysis/Solana-Memecoin-Analysis/data/cache/2026-09-28/014511274666_multi_pools_ce06fb779bc1.json
2026-09-28T01:45:03.110691+00:00,jyjX1ZnB5zZ3n3am5yFCnfTnvntgX8EfKwgPBfuPJCV,solana,Pump.fun,HtjFoRFa4612Tq981Xc5Nfuwi1RVyz6CvXFc7aSapump,TIPS,So11111111111111111111111111111111111111112,SOL,2026-09-26T01:44:49Z,3.410587861572369e-06,3410.587862,,2702.8142,0.0,0.0,0.0,0,0,0,0,0,0,0,0,0,0,0,0,snapshot,,,,,,,/home/runner/work/Solana-Memecoin-Analysis/Solana-Memecoin-Analysis/data/cache/2026-09-28/014511274666_multi_pools_ce06fb779bc1.json
2026-09-28T01:45:03.110691+00:00,99f6oPH3aE9L4iEj22ijwVjiAJUidJHBbqBsxLdkLc8G,solana,Pump.fun,76rXydoewfk5vRKaEmEmdphTyS7UYTgJKJWtAfd3pump,PLANET,So11111111111111111111111111111111111111112,SOL,2026-09-26T01:44:45Z,3.412359607689158e-06,3412.359608,,2702.9361,0.0,0.0,0.0,0,0,0,0,0,0,0,0,0,0,0,0,snapshot,,,,,,,/home/runner/work/Solana-Memecoin-Analysis/Solana-Memecoin-Analysis/data/cache/2026-09-28/014511274666_multi_pools_ce06fb779bc1.json
2026-09-28T01:45:03.110691+00:00,4JAnKFddd5fFTk5PxDj3PpTWJuTEfSWQEjZJcgKQ9KwW,solana,PumpSwap,CbcyNo7m1amFWqEQm2m4PLv1UNvpcL3C1Ujm6AkzpKoU,e/acc,So11111111111111111111111111111111111111112,SOL,2026-09-25T21:15:15Z,0.008233945514617692,8149342.42262266,0.0,448268.4341,205308.416133042,6383291.4549469,18313529.7330225,592,515,341,322,15394,12279,4926,4104,48164,38707,12372,11287,snapshot,,,,,,,/home/runner/work/Solana-Memecoin-Analysis/Solana-Memecoin-Analysis/data/cache/2026-09-28/014511274666_multi_pools_ce06fb779bc1.json
2026-09-28T01:45:03.110691+00:00,3yXXas5wQqC6LzV9x22GEqVr9Dgg1VC6yynkVGhRWJWM,solana,PumpSwap,5NhN6zzDkzwXFGPFqtpTopV4ttBeZ6CWy1oRL9Rkpump,Bagwork,So11111111111111111111111111111111111111112,SOL,2026-09-25T14:14:54Z,0.00013680977463581125,130974.653909446,130974.653909448,40016.3183,1519.1795873261,8011.8332150058,355640.990576359,3,11,3,10,74,51,47,48,2179,2220,883,988,snapshot,,,,,,,/home/runner/work/Solana-Memecoin-Analysis/Solana-Memecoin-Analysis/data/cache/2026-09-28/014511274666_multi_pools_ce06fb779bc1.json
2026-09-28T01:45:03.110691+00:00,DTre5JvnzVP9NaBgr7pWrG77nsZefgMLBLQTwTCrzqbE,solana,Pump.fun,Fzok3s8QpvDbx2zmNBeTFn4AohDKKEit7rLfBTCMpump,$WYD,So11111111111111111111111111111111111111112,SOL,2026-09-26T06:40:13Z,7.400308798552142e-08,148.00617598,,0.0,0.0,0.0,0.0,0,0,0,0,0,0,0,0,0,0,0,0,snapshot,,,,,,,/home/runner/work/Solana-Memecoin-Analysis/Solana-Memecoin-Analysis/data/cache/2026-09-28/014511274666_multi_pools_ce06fb779bc1.json
2026-09-28T01:45:03.110691+00:00,GYermLV9vZD1Na4dvf3WAxxj6LY4ksi9e2uvobxLeSN6,solana,PumpSwap,uL7tn5so4AzesQwoUd1T8VpweJ7FprDXyquEJkXpump,WOAR,So11111111111111111111111111111111111111112,SOL,2026-09-26T06:40:04Z,2.3435705381976585e-06,2341.6129044993,,2268.5559,0.0,0.0,22621.2403363639,0,0,0,0,0,0,0,0,430,287,13,12,snapshot,,,,,,,/home/runner/work/Solana-Memecoin-Analysis/Solana-Memecoin-Analysis/data/cache/2026-09-28/014511274666_multi_pools_ce06fb779bc1.json
2026-09-28T01:45:03.110691+00:00,EoiNWADPghznjVcuz2i3tfEXASNXkvVeU1Lv8bvJQrsg,solana,Pump.fun,26K73Eb7aco7Ks6snVJKEMPWSHYFzeihNb1FG9Vzpump,BalloonHorn,So11111111111111111111111111111111111111112,SOL,2026-09-26T06:39:55Z,3.391652360859525e-06,3391.652361,,2704.1119,0.0,0.0,0.0,0,0,0,0,0,0,0,0,0,0,0,0,snapshot,,,,,,,/home/runner/work/Solana-Memecoin-Analysis/Solana-Memecoin-Analysis/data/cache/2026-09-28/014511274666_multi_pools_ce06fb779bc1.json
2026-09-28T01:45:03.110691+00:00,CPRoWXCgq3ELsnqsGDMLmAVRnNSmyN4k1ddc6efGdd91,solana,PumpSwap,CMuvWQ6qQbSt7NUQdPGcVKCoDgETieuqS68qu6BaeVgR,Cream,So11111111111111111111111111111111111111112,SOL,2026-09-26T00:19:08Z,6.104049000755233e-05,60117.0525900425,,26922.9004,309.3100892403,6503.2803253989,145751.852383013,1,10,1,10,59,66,43,58,1131,1383,547,870,snapshot,,,,,,,/home/runner/work/Solana-Memecoin-Analysis/Solana-Memecoin-Analysis/data/cache/2026-09-28/014511274666_multi_pools_ce06fb779bc1.json
2026-09-28T01:45:03.110691+00:00,Ax9GpoBxTKb19NMj4eJhNsy163xuUGmFKrLpELeQK7LX,solana,PumpSwap,jLz71QZfjnZZMLjUaCBw7KmUyftkkNq8NkWi2u9dyap,YAP,So11111111111111111111111111111111111111112,SOL,2026-09-25T14:11:13Z,0.0016812911428539903,1672971.8382554,,147239.1631,6580.1225988743,74525.7255032863,1577716.86798185,18,43,13,35,243,280,163,181,6033,5454,2069,2218,snapshot,,,,,,,/home/runner/work/Solana-Memecoin-Analysis/Solana-Memecoin-Analysis/data/cache/2026-09-28/014511274666_multi_pools_ce06fb779bc1.json
2026-09-28T01:45:03.110691+00:00,DGvB8KyD79wFBJ7Kr7mW54qSfi7Yk3UrhJkcnTSd6frb,solana,PumpSwap,BdzaE3T7uU59pBVDBHZVZh3yWrrpo4oPrXdv4nPDpump,JIANCO,Xsv9hRk1z5ystj9MhnA7Lq4vjSsLwzL2nxrwmwtD3re,GLDx,2026-09-26T00:06:55Z,0.00010985231827806129,97447.3983564265,98845.1002786271,54285.9877,396.0046884257,11701.837967642,67415.4664448484,40,17,40,17,512,200,498,200,2098,952,1896,764,snapshot,,,,,,,/home/runner/work/Solana-Memecoin-Analysis/Solana-Memecoin-Analysis/data/cache/2026-09-28/014511274666_multi_pools_ce06fb779bc1.json
2026-09-28T01:45:03.110691+00:00,6tuhHpYSinf41V39KW3JmpVUaxehcabCbHZqqFnwR6xf,solana,PumpSwap,GY9mZfyPpxXxBXBxS2hB2XjhP3kfUsywTvgveozxpump,ELON,So11111111111111111111111111111111111111112,SOL,2026-09-15T19:26:05Z,0.0023708317643287543,2200306.99532924,2200306.99532924,234335.0362,13939.2185387089,435467.848082437,1635649.29564474,88,24,39,19,976,982,408,446,4637,4678,1556,1883,snapshot,,,,,,,/home/runner/work/Solana-Memecoin-Analysis/Solana-Memecoin-Analysis/data/cache/2026-09-28/014511274666_multi_pools_ce06fb779bc1.json
2026-09-28T01:45:03.110691+00:00,3QaH1ifhQgUXHQdX3DHi9oMrWzTQfKLcomoCyeRRLMh6,solana,PumpSwap,5wW9mhbwq1HTFh341iimpmrqBB4mfxdXiYhdYBL7hUnp,KARDASHEV,So11111111111111111111111111111111111111112,SOL,2026-09-26T07:26:05Z,0.000714003320881971,714916.5518,,98706.3438,26847.0046967704,722951.033055847,2078426.56307925,180,160,139,116,3134,2853,1504,1289,10642,9461,3629,3525,snapshot,,,,,,,/home/runner/work/Solana-Memecoin-Analysis/Solana-Memecoin-Analysis/data/cache/2026-09-28/014511274666_multi_pools_ce06fb779bc1.json
2026-09-28T01:45:03.110691+00:00,5FcxJGy2y12FkrRJ35RsoboiV7KUnmMddK5C4HMbWDbD,solana,Pump.fun,P7mcaNSNxvYQJWYXiq9uJnb5PqehDaR5UAjm1uEpump,BLAST,So11111111111111111111111111111111111111112,SOL,2026-09-26T11:47:19Z,3.3911489066643912e-06,3391.148907,,2705.6167,0.0,0.0,0.0,0,0,0,0,0,0,0,0,0,0,0,0,snapshot,,,,,,,/home/runner/work/Solana-Memecoin-Analysis/Solana-Memecoin-Analysis/data/cache/2026-09-28/014511274666_multi_pools_ce06fb779bc1.json
2026-09-28T01:45:03.110691+00:00,ajdJFV2vE9K6QnC1oN3nxKgnYhcwkjtApLPpvVi7CMf,solana,Pump.fun,FfG5dsXnaqHzL2vdDmJ4pmpzBbzPpdM4c9aXxnP2Rxia,X,So11111111111111111111111111111111111111112,SOL,2026-09-26T11:47:10Z,3.4015701019225485e-06,3401.570102,,2713.9242,0.0,0.0,0.0,0,0,0,0,0,0,0,0,0,0,0,0,snapshot,,,,,,,/home/runner/work/Solana-Memecoin-Analysis/Solana-Memecoin-Analysis/data/cache/2026-09-28/014511274666_multi_pools_ce06fb779bc1.json
2026-09-28T01:45:03.110691+00:00,6deFvLfNPRxTJ6GPqTuXji3E8gD8H3t22ES5twcMEFtb,solana,Pump.fun,9bmBBkW4rKndeac6tEob45viGdsJc9yrZ3saBw1kpump,$GOAT,So11111111111111111111111111111111111111112,SOL,2026-09-26T11:46:58Z,1.0926664031247564e-06,2185.332806,,868.0244,0.0,0.0,0.0,0,0,0,0,0,0,0,0,0,0,0,0,snapshot,,,,,,,/home/runner/work/Solana-Memecoin-Analysis/Solana-Memecoin-Analysis/data/cache/2026-09-28/014511274666_multi_pools_ce06fb779bc1.json
2026-09-28T01:45:03.110691+00:00,6hBBBSNYQ3QXD3C3pNQwpHhRhWtNMCYKd8uZXnmRu9sL,solana,Pump.fun,BGFCotxiujzZtZhdqowfkVtcFAehJ33buRbUoWWXTFDS,TTEST,So11111111111111111111111111111111111111112,SOL,2026-09-26T11:46:53Z,3.389495997277402e-06,3389.495997,,2705.1044,0.0,0.0,0.0,0,0,0,0,0,0,0,0,0,0,0,0,snapshot,,,,,,,/home/runner/work/Solana-Memecoin-Analysis/Solana-Memecoin-Analysis/data/cache/2026-09-28/014511274666_multi_pools_ce06fb779bc1.json
2026-09-28T01:45:03.110691+00:00,79b539gZHKGeg6szrmMU7kdS9VixSnuUsNpM8FocYfUQ,solana,Pump.fun,B25P28ydBNRyDpMnm9oSzdNjRPHaJ5ujrRMLq6FZpump,WORM,So11111111111111111111111111111111111111112,SOL,2026-09-26T11:46:45Z,3.406345983028803e-06,3406.345983,,2716.9617,0.0,0.0,0.0,0,0,0,0,0,0,0,0,0,0,0,0,snapshot,,,,,,,/home/runner/work/Solana-Memecoin-Analysis/Solana-Memecoin-Analysis/data/cache/2026-09-28/014511274666_multi_pools_ce06fb779bc1.json
2026-09-28T01:45:03.110691+00:00,FtDBJCmzGoJqyNoFHwwuMHxwCKWreGvxXdE5zwwhcTg6,solana,Pump.fun,4kpsLXBz1pkxNKZonv8WCigWNGKrhKLAbLN3qqMBpump,UNIFOMO,So11111111111111111111111111111111111111112,SOL,2026-09-26T15:07:26Z,3.401201587412753e-06,3401.201587,,2705.5802,0.0,0.0,0.2805724964,0,0,0,0,0,0,0,0,0,1,0,1,snapshot,,,,,,,/home/runner/work/Solana-Memecoin-Analysis/Solana-Memecoin-Analysis/data/cache/2026-09-28/014511274666_multi_pools_ce06fb779bc1.json
2026-09-28T01:45:03.110691+00:00,EDRVX5LB6fRovfPC6NxW4Y4s1rtfKWmj6V5unbynx8p7,solana,Pump.fun,Bn2mZB2zprvmj7U3o1MknSoPf16SZDiD4PrRzXKGpump,After 1 m,So11111111111111111111111111111111111111112,SOL,2026-09-26T15:07:26Z,3.353693823768598e-07,670.7387648,,273.9505,0.0,0.0,0.0,0,0,0,0,0,0,0,0,0,0,0,0,snapshot,,,,,,,/home/runner/work/Solana-Memecoin-Analysis/Solana-Memecoin-Analysis/data/cache/2026-09-28/014511274666_multi_pools_ce06fb779bc1.json
2026-09-28T01:45:03.110691+00:00,HjBhUN8jhLeqDxTyjGGBXwrr1KfmQ6wwY66k3SxDk4CC,solana,Pump.fun,7BwGAk8aE8gT9eqinkiT138q4HGZtoUy52vCY2d6pump,Pokerable,So11111111111111111111111111111111111111112,SOL,2026-09-26T15:06:54Z,3.3990250573750786e-06,3399.025057,,2706.0437,0.0,0.0,0.0,0,0,0,0,0,0,0,0,0,0,0,0,snapshot,,,,,,,/home/runner/work/Solana-Memecoin-Analysis/Solana-Memecoin-Analysis/data/cache/2026-09-28/014511274666_multi_pools_ce06fb779bc1.json
2026-09-28T01:45:03.110691+00:00,EP88Ktqm6491WEm1ZJsEryXYYjuoLh5cEyz5exyxr1Cb,solana,PumpSwap,FYM6PhwAS3QwTBwvgLj8JYeMgpNfKsWtW3hGxPM9eFkt,DEBT,So11111111111111111111111111111111111111112,SOL,2026-09-26T12:02:36Z,1.9897751719444432e-05,19938.5384399889,,14390.0421,0.0,2228.7848613312,50120.953894788,0,0,0,0,34,34,22,27,611,877,320,601,snapshot,,,,,,,/home/runner/work/Solana-Memecoin-Analysis/Solana-Memecoin-Analysis/data/cache/2026-09-28/014511274666_multi_pools_ce06fb779bc1.json
2026-09-28T01:45:03.110691+00:00,EpjEComYHRJuxVkZHKiDsbyJaUpBjZ9VZGr1WzbUpNb3,solana,Pump.fun,BAhBgdk27mCACnLpSMZCar5a434m9tv84pReXe5Upump,BREW,So11111111111111111111111111111111111111112,SOL,2026-09-26T18:33:30Z,3.3998714424479337e-06,3399.659600009,,2715.7052,0.0,0.0,0.0,0,0,0,0,0,0,0,0,0,0,0,0,snapshot,,,,,,,/home/runner/work/Solana-Memecoin-Analysis/Solana-Memecoin-Analysis/data/cache/2026-09-28/014511274666_multi_pools_ce06fb779bc1.json
2026-09-28T01:45:03.110691+00:00,DCffxCe3R7cqdRCkiozwCXrmv8iTbuxZ3MZPJwuvXkVA,solana,Meteora DBC,7xQuGDUHXPaW5gmFqBtbUuKe1fM1d5bMVJAv96fuk4du,UPTOBER,So11111111111111111111111111111111111111112,SOL,2026-09-26T18:33:19Z,6.0363500251168395e-05,60363.50025,,0.0,0.0,0.0,0.0,0,0,0,0,0,0,0,0,0,0,0,0,snapshot,,,,,,,/home/runner/work/Solana-Memecoin-Analysis/Solana-Memecoin-Analysis/data/cache/2026-09-28/014511274666_multi_pools_ce06fb779bc1.json
2026-09-28T01:45:03.110691+00:00,CTw76ybfSHK1wKRfGGK8o3eJTTefo94rXNaVgPs4XA8r,solana,Pump.fun,8dCNEr8yrnjH2oWrHeyhoAzqtSEbFtdi6nMWUJdRpump,LMAO,So11111111111111111111111111111111111111112,SOL,2026-09-26T18:33:08Z,1.0753456043987174e-06,2150.691208,,858.0945,0.0,0.0,0.0,0,0,0,0,0,0,0,0,0,0,0,0,snapshot,,,,,,,/home/runner/work/Solana-Memecoin-Analysis/Solana-Memecoin-Analysis/data/cache/2026-09-28/014511274666_multi_pools_ce06fb779bc1.json
2026-09-28T01:45:03.110691+00:00,HeZQbDWxCUmcevw9jtA5XnGhP3VkUBVFPjEMXnbMBrxF,solana,StonkFun,EndWvwB12MoDetHno7DS7RBUeShZkaYba85qexzMHNtk,Wobrin,So11111111111111111111111111111111111111112,SOL,2026-09-26T18:33:08Z,3.6962033254842567e-06,3696.203325,,3487.9805,0.0,0.0,0.0,0,0,0,0,0,0,0,0,0,0,0,0,snapshot,,,,,,,/home/runner/work/Solana-Memecoin-Analysis/Solana-Memecoin-Analysis/data/cache/2026-09-28/014511274666_multi_pools_ce06fb779bc1.json
2026-09-28T01:45:03.110691+00:00,HkdJvWcCWcNnzgsMYuGhRLZxjv5FriC78cEaPTvoSUfG,solana,Pump.fun,B7uFSEUs84cyyMF3ek5Gxr4rN5amu7P7XYSKzmkvDC91,MUSK,So11111111111111111111111111111111111111112,SOL,2026-09-26T18:33:07Z,3.5387975569180837e-06,3538.797557,,2819.4812,0.0,0.0,154.1616191654,0,0,0,0,0,0,0,0,0,1,0,1,snapshot,,,,,,,/home/runner/work/Solana-Memecoin-Analysis/Solana-Memecoin-Analysis/data/cache/2026-09-28/014511274666_multi_pools_ce06fb779bc1.json
2026-09-28T01:45:03.110691+00:00,9Hr6NXw5WSffxNQnqxwZyhRw81uz3PpB7RF9J3i9nMt1,solana,PumpSwap,9U1f18idDeySFnYrurxqT1f5n5nE4g4Uk5LLzP69bh1,SOLCAT,So11111111111111111111111111111111111111112,SOL,2026-09-17T19:15:42Z,0.00028037723315972043,278044.807176713,,67254.0584,264.6887534815,27970.8760380815,329947.736240463,8,3,5,3,153,103,90,90,2261,2233,845,987,snapshot,,,,,,,/home/runner/work/Solana-Memecoin-Analysis/Solana-Memecoin-Analysis/data/cache/2026-09-28/014518739644_multi_pools_131466c11ad6.json
2026-09-28T01:45:03.110691+00:00,8kfP3e6NzfBZ3UkMJH8T5ZivtPjFs4fVpVVMswVV1b7c,solana,Pump.fun,6nRP49zu6bYwRQe1VRXVrsGwJsXePiqECK1RKoS4pump,MONKEY,So11111111111111111111111111111111111111112,SOL,2026-09-26T21:30:09Z,3.3953456555077412e-06,3395.345656,,2705.0638,0.0,0.0,0.0,0,0,0,0,0,0,0,0,0,0,0,0,snapshot,,,,,,,/home/runner/work/Solana-Memecoin-Analysis/Solana-Memecoin-Analysis/data/cache/2026-09-28/014518739644_multi_pools_131466c11ad6.json
2026-09-28T01:45:03.110691+00:00,34V5C6HgJt42Vum7gMao6XwbtL2sjCjNypAQPePQV1SS,solana,Pump.fun,EiLRJvbMHnVKa4xZYCM5VrMn55HtxCLFwpuJ5ZWFpump,brump,So11111111111111111111111111111111111111112,SOL,2026-09-26T21:29:54Z,4.81655534233984e-06,9633.110684,,3832.6109,0.0,0.0,0.0,0,0,0,0,0,0,0,0,0,0,0,0,snapshot,,,,,,,/home/runner/work/Solana-Memecoin-Analysis/Solana-Memecoin-Analysis/data/cache/2026-09-28/014518739644_multi_pools_131466c11ad6.json
2026-09-28T01:45:03.110691+00:00,6BZF1A29Pkke5bjkW2SM64HnaYYRWVFAHKNRK3emoCwe,solana,PumpSwap,DRKGYsGALqr5p2aTcGLK9zqiPB5wk7JV78bJv4mPpump,SPLIT,So11111111111111111111111111111111111111112,SOL,2026-09-26T19:31:01Z,2.6200569626871852e-05,26069.56678185,,15894.2013,195.0031877609,1966.3572177125,339294.748263984,3,7,3,7,41,47,35,38,3692,3909,1426,2274,snapshot,,,,,,,/home/runner/work/Solana-Memecoin-Analysis/Solana-Memecoin-Analysis/data/cache/2026-09-28/014518739644_multi_pools_131466c11ad6.json
2026-09-28T01:45:03.110691+00:00,XWyU8ejbqtiLW2gU88AdseJcGvEkETuvC5U2DUXS9qe,solana,Meteora DBC,45jZ61XkJo42zatnbemH3AmB7a8hh8KgQF3y71hxVHDg,poop/acc,So11111111111111111111111111111111111111112,SOL,2026-09-26T23:47:38Z,4.727917041271841e-05,47278.1921830049,,0.0,0.0,0.0,0.0,0,0,0,0,0,0,0,0,0,0,0,0,snapshot,,,,,,,/home/runner/work/Solana-Memecoin-Analysis/Solana-Memecoin-Analysis/data/cache/2026-09-28/014518739644_multi_pools_131466c11ad6.json
2026-09-28T01:45:03.110691+00:00,6z97EVK4VuAQue6raNRowNYjMnPoza98Uh2Y3dSHbmEW,solana,Pump.fun,2poUtsnTahLXB9Fm7nGLPjRVr5UDjcwn1QZyWWnPpump,jonesy,So11111111111111111111111111111111111111112,SOL,2026-09-26T23:47:24Z,3.445913924723263e-06,3445.913925,,2748.5286,0.0,0.0,0.0,0,0,0,0,0,0,0,0,0,0,0,0,snapshot,,,,,,,/home/runner/work/Solana-Memecoin-Analysis/Solana-Memecoin-Analysis/data/cache/2026-09-28/014518739644_multi_pools_131466c11ad6.json
2026-09-28T01:45:03.110691+00:00,DJiueR96EmzBUm6e8corMDdckwqwLefEgdYJpJXtHs71,solana,Pump.fun,EfYWVrMsX8n6pYNcpFrFQueTQ8x2CrmVoC3PoSTzpump,SLOP,So11111111111111111111111111111111111111112,SOL,2026-09-26T23:47:23Z,1.1016979814686559e-05,22033.95962,,8047.8777,0.0,0.0,0.0,0,0,0,0,0,0,0,0,0,0,0,0,snapshot,,,,,,,/home/runner/work/Solana-Memecoin-Analysis/Solana-Memecoin-Analysis/data/cache/2026-09-28/014518739644_multi_pools_131466c11ad6.json
2026-09-28T01:45:03.110691+00:00,GkkRUcvuqwPrkG5kXUU1coEJSrhJAMyEEhQ63pJLEC3t,solana,Meteora DBC,6Q7JkUuTvsN6AunjJaSHhcvCaiBUCXk4KqkpWkejkSV7,PAID,So11111111111111111111111111111111111111112,SOL,2026-09-27T01:54:01Z,3.3631748153080365e-05,33631.7460133105,,0.0,0.0,0.0,17774.676240135,0,0,0,0,0,0,0,0,447,587,190,205,snapshot,,,,,,,/home/runner/work/Solana-Memecoin-Analysis/Solana-Memecoin-Analysis/data/cache/2026-09-28/014518739644_multi_pools_131466c11ad6.json
2026-09-28T01:45:03.110691+00:00,Cb1MeGdbSjoELTmK9LAArvy6W5QJW1C5MuHsu581Nb44,solana,Pump.fun,E2RCys9nDguBGLJoQZYnr9CSDTFsyP7JLuY7oWMQpump,$broke,So11111111111111111111111111111111111111112,SOL,2026-09-27T01:54:00Z,3.39430585509129e-06,3394.234744,,2705.076,0.0,0.0,9.3757011081,0,0,0,0,0,0,0,0,13,12,12,12,snapshot,,,,,,,/home/runner/work/Solana-Memecoin-Analysis/Solana-Memecoin-Analysis/data/cache/2026-09-28/014518739644_multi_pools_131466c11ad6.json
2026-09-28T01:45:03.110691+00:00,9bG8pWDsnsdZWoFWi6umqxGBtmhJurLeF9EQybnvYVQ6,solana,Meteora DBC,945tMXftfUEfhSzdPTTucjNAP6ACqiNCXp8aHTfiupY,pls,So11111111111111111111111111111111111111112,SOL,2026-09-27T01:53:37Z,4.568008884028584e-05,45678.4007121432,,0.0,0.0,0.0,1732.5158286673,0,0,0,0,0,0,0,0,63,54,60,31,snapshot,,,,,,,/home/runner/work/Solana-Memecoin-Analysis/Solana-Memecoin-Analysis/data/cache/2026-09-28/014518739644_multi_pools_131466c11ad6.json
2026-09-28T01:45:03.110691+00:00,7KztkRMktp7jLozYJ82JFhK6npE9VbJxnLgQawX7Es3z,solana,Pump.fun,BYwWdp6jujVzAZSWkiewN17ib7eMyCKSnAabfBUYpump,Niggapad,So11111111111111111111111111111111111111112,SOL,2026-09-27T01:53:35Z,3.4411425209616946e-06,3441.142521,,2740.6481,0.0,0.0,153.4875466193,0,0,0,0,0,0,0,0,2,2,2,2,snapshot,,,,,,,/home/runner/work/Solana-Memecoin-Analysis/Solana-Memecoin-Analysis/data/cache/2026-09-28/014518739644_multi_pools_131466c11ad6.json
2026-09-28T01:45:03.110691+00:00,DC5JB9jeyEPegne1iem1Z6xdDYJnDvcgkbCu5ZiGHRom,solana,Pump.fun,AeLsbx98SaBsnUAZSVkBV8qsq4yi2HrwGwckq93WFsvN,ALIVE,So11111111111111111111111111111111111111112,SOL,2026-09-27T01:53:34Z,3.4000180579595674e-06,3400.018058,,2716.055,0.0,0.0,2695.5305758865,0,0,0,0,0,0,0,0,5,8,5,5,snapshot,,,,,,,/home/runner/work/Solana-Memecoin-Analysis/Solana-Memecoin-Analysis/data/cache/2026-09-28/014518739644_multi_pools_131466c11ad6.json
2026-09-28T01:45:03.110691+00:00,7rZ5eyRfGRavGTFG9jSoG77MNnVkQRr6DNeGpxiFk2ca,solana,PumpSwap,DAemPFNc3RtibBDKkUA4eL2Ns11q9VRdbpptmqm8DGqN,CAKE,So11111111111111111111111111111111111111112,SOL,2026-09-27T00:25:27Z,0.0006256409856585629,625640.9857,,90319.1122,17331.5223905991,239834.646048958,9114701.07143174,45,62,38,51,1187,1169,555,585,43876,36262,9343,9298,snapshot,,,,,,,/home/runner/work/Solana-Memecoin-Analysis/Solana-Memecoin-Analysis/data/cache/2026-09-28/014518739644_multi_pools_131466c11ad6.json
2026-09-28T01:45:03.110691+00:00,4aE7RyYHugztSy3rdKq51bvNkaRj2E7NJU7jPWxzhC3Q,solana,PumpSwap,7cXWSNTq71PZREBmGCBvZirkNwoGokWBQz9fWferViiV,ASTEROID,So11111111111111111111111111111111111111112,SOL,2026-09-15T21:57:08Z,0.0006406164134515997,638802.4346,,84756.637,9858.8071345485,52415.0674452426,1794877.58209422,33,14,31,12,187,322,118,209,8301,7713,2797,3008,snapshot,,,,,,,/home/runner/work/Solana-Memecoin-Analysis/Solana-Memecoin-Analysis/data/cache/2026-09-28/014518739644_multi_pools_131466c11ad6.json
2026-09-28T01:45:03.110691+00:00,B3JUKme6NLvUDWxoMzwCbpS3H76qdnAPqVvdz8M1a4mf,solana,PumpSwap,FLSgmF6hRJ5wakj91c1dXR2brS76qVsdqQmunLmZnsfc,MITSUNAKA,So11111111111111111111111111111111111111112,SOL,2026-09-27T07:27:33Z,1.4458668286330992e-05,14458.66829,,3.781607428e-07,0.0,0.0,29742.1684035644,0,0,0,0,0,0,0,0,336,613,140,129,snapshot,,,,,,,/home/runner/work/Solana-Memecoin-Analysis/Solana-Memecoin-Analysis/data/cache/2026-09-28/014518739644_multi_pools_131466c11ad6.json
2026-09-28T01:45:03.110691+00:00,Btw6GWj8mhJpBxRg2RWRehvu6JekfNAYVN3jfkLVk5y7,solana,Pump.fun,GvV4ypbFWjVDYm8rt2j8WGmbxhuQ3sU4sxeNkF5vpump,Pikachu,So11111111111111111111111111111111111111112,SOL,2026-09-27T07:27:13Z,2.1334366896350454e-09,4.26687338,,3.6231,0.0,0.0,866.8332364523,0,0,0,0,0,0,0,0,215,217,30,28,snapshot,,,,,,,/home/runner/work/Solana-Memecoin-Analysis/Solana-Memecoin-Analysis/data/cache/2026-09-28/014518739644_multi_pools_131466c11ad6.json
2026-09-28T01:45:03.110691+00:00,7zregNEH8qkz3bkQzCzvQ3FnJaTkJvNGhjmundynFqKe,solana,Pump.fun,5EVmTokcvP7ZDUv4TzPDEvge1HYAPJavFH5CKVRZpump,RIP JACK,So11111111111111111111111111111111111111112,SOL,2026-09-27T07:27:08Z,3.3973745706224427e-06,3397.374571,,2706.7839,0.0,0.0,135.3549651378,0,0,0,0,0,0,0,0,2,4,2,2,snapshot,,,,,,,/home/runner/work/Solana-Memecoin-Analysis/Solana-Memecoin-Analysis/data/cache/2026-09-28/014518739644_multi_pools_131466c11ad6.json
2026-09-28T01:45:03.110691+00:00,AQB9ihwudzy364jisT8jcCURSE8wCSYg7wu7gLZ6nGQn,solana,PumpSwap,J1yxV53EmVRmt9RUj6PPufMfdAYUbtgwXCuNYTBTsYzJ,JACK,So11111111111111111111111111111111111111112,SOL,2026-09-27T00:36:10Z,0.00016145488120716722,161454.8812,,47652.1218,655.2031470479,20724.3761123381,11748027.1041869,8,12,7,10,168,157,134,104,64918,54374,16441,14195,snapshot,,,,,,,/home/runner/work/Solana-Memecoin-Analysis/Solana-Memecoin-Analysis/data/cache/2026-09-28/014518739644_multi_pools_131466c11ad6.json
2026-09-28T01:45:03.110691+00:00,55y7dKFPXNqzHevBxUKZJFD11JYG1yoNoSEskJnBCh1W,solana,PumpSwap,8DwNVMzpcc3mq7Tk4gyWeTkvmFhnXcnDDCLayFFhXvex,HEISENBERG,So11111111111111111111111111111111111111112,SOL,2026-09-26T22:18:30Z,1.2753576013725695e-05,12614.86712,,9653.879,14.5325348608,868.0112846595,126714.223345545,0,3,0,3,16,20,14,18,1762,2130,704,1291,snapshot,,,,,,,/home/runner/work/Solana-Memecoin-Analysis/Solana-Memecoin-Analysis/data/cache/2026-09-28/014518739644_multi_pools_131466c11ad6.json
2026-09-28T01:45:03.110691+00:00,3dcChqQHfnsNsvR6r6SKDnRjCPqFD66wABZqeBw4Pnch,solana,Pump.fun,FW6ExLE8ziQtzRJXJQ4rx9uT3wd6tKsvgxWhRrE475bp,WOW,So11111111111111111111111111111111111111112,SOL,2026-09-27T13:13:23Z,3.427662575436349e-06,3427.662575,,2705.2346,0.0,0.0,10942.6257249229,0,0,0,0,0,0,0,0,111,89,74,78,snapshot,,,,,,,/home/runner/work/Solana-Memecoin-Analysis/Solana-Memecoin-Analysis/data/cache/2026-09-28/014518739644_multi_pools_131466c11ad6.json
2026-09-28T01:45:03.110691+00:00,2Tq8nGm6RsbzPxfAgvacGX6u43wE4stc79Qx6XKykqLM,solana,Pump.fun,87UUPxDJ1pTfVLAqVdA1mvznJC89UyvKHVNMVvWGpump,BONUS,So11111111111111111111111111111111111111112,SOL,2026-09-27T13:13:15Z,3.4385023766174806e-06,3438.502377,,2710.6021,0.0,0.0,19.5094897647,0,0,0,0,0,0,0,0,21,20,21,20,snapshot,,,,,,,/home/runner/work/Solana-Memecoin-Analysis/Solana-Memecoin-Analysis/data/cache/2026-09-28/014518739644_multi_pools_131466c11ad6.json
2026-09-28T01:45:03.110691+00:00,HZyj33yYCVce1UojkL8uaYGf6Bex7Y7Sg1rjZnKmggus,solana,Pump.fun,C7TzxS9gkKFXvkYVdRewuYNwj2sNeAzWUSKAJyapump,Backpacknami,So11111111111111111111111111111111111111112,SOL,2026-09-27T13:13:08Z,3.4382313170044863e-06,3438.231317,,2713.3103,0.0,0.0,823.5757832207,0,0,0,0,0,0,0,0,6,6,6,5,snapshot,,,,,,,/home/runner/work/Solana-Memecoin-Analysis/Solana-Memecoin-Analysis/data/cache/2026-09-28/014518739644_multi_pools_131466c11ad6.json
2026-09-28T01:45:03.110691+00:00,4N5Pt51CcHwimd2Wn7jLidv64KxS2EDm557GZzFoacGS,solana,Meteora DBC,Cn7uvTGiWtzvFHrkCsHztb5HHKCGGncLXY2xKtHCvbjz,NEARPAD,So11111111111111111111111111111111111111112,SOL,2026-09-27T13:12:58Z,5.40560638568308e-05,54055.961458302,,0.0,0.0,0.0,6243.3462222854,0,0,0,0,0,0,0,0,203,201,158,139,snapshot,,,,,,,/home/runner/work/Solana-Memecoin-Analysis/Solana-Memecoin-Analysis/data/cache/2026-09-28/014518739644_multi_pools_131466c11ad6.json
2026-09-28T01:45:03.110691+00:00,9TT3NbWogWjbQh7b3s1hfcqYF7VJHmg8uNcXDjtPRnh4,solana,Orca,AQVcP67EpMyu4cBZZjqMu91cVsWy1aX98JmcZm1FyY9,AQUA,So11111111111111111111111111111111111111112,SOL,2026-09-16T09:33:31Z,0.0021956886463435957,2127683.32502307,2127759.4477107,291657.0446,211.6098743553,24276.0567908892,2488401.05178183,5,2,5,2,58,38,48,18,8318,5769,3036,2210,snapshot,,,,,,,/home/runner/work/Solana-Memecoin-Analysis/Solana-Memecoin-Analysis/data/cache/2026-09-28/014518739644_multi_pools_131466c11ad6.json
2026-09-28T01:45:03.110691+00:00,8N2XJYyVBMrd4B5LUTd5pFe3uWwp5h4cWib9AxTxbHxv,solana,PumpSwap,6uPEdkU2xPg1iyfLzV1ssUwvve8nndA2sd6nBFrb1n58,NEARPAD,So11111111111111111111111111111111111111112,SOL,2026-09-27T12:11:00Z,8.686272906841666e-05,83728.9478008497,,29921.691,749.9452877462,26198.7627455557,6658958.57404191,13,9,12,9,321,269,197,216,40656,37196,11127,9964,snapshot,,,,,,,/home/runner/work/Solana-Memecoin-Analysis/Solana-Memecoin-Analysis/data/cache/2026-09-28/014518739644_multi_pools_131466c11ad6.json
2026-09-28T01:45:03.110691+00:00,GX1kpv4WAUfk5C3hudcosFP3hZz3uHZT9wL1QhTM3CPC,solana,Meteora,HCy7vxTApN2Lcv6Rw1MZazXsEofXFLxWCVbJBhF8pump,Newscum,So11111111111111111111111111111111111111112,SOL,2026-09-27T17:45:29Z,2.906073735809683e-05,29060.7372656105,,108.7431,10.0801809699,13.5085634425,155801.110576574,1,0,1,0,2,3,1,3,1973,1390,853,646,snapshot,,,,,,,/home/runner/work/Solana-Memecoin-Analysis/Solana-Memecoin-Analysis/data/cache/2026-09-28/014518739644_multi_pools_131466c11ad6.json
2026-09-28T01:45:03.110691+00:00,4kK8yoJ2ohrDp5F6tFshUS8sboYBbTBLgCTmosKBv8i6,solana,PumpSwap,AzzCRDu99QeTgLCHmqQTgM8quLLiodjXVJ5FN5wEpump,pumpkoin,So11111111111111111111111111111111111111112,SOL,2026-09-27T20:25:50Z,2.689401183480313e-06,2614.78410065,,2794.5944,0.0,0.003129747508,373331.024234613,0,0,0,0,0,1,0,1,3054,6184,602,473,snapshot,,,,,,,/home/runner/work/Solana-Memecoin-Analysis/Solana-Memecoin-Analysis/data/cache/2026-09-28/014518739644_multi_pools_131466c11ad6.json
2026-09-28T01:45:03.110691+00:00,GumJV1EPzb7i3oMmFnuqHwC4G8ZMPpkEeCSkBFAqo8er,solana,Pump.fun,BjisTufDR6yZEBKHynbpZXcvhXBDh6RPeHfKj3QTpump,STRIPED,So11111111111111111111111111111111111111112,SOL,2026-09-27T20:25:45Z,3.541345884849099e-06,3541.3458849999,,2807.1688,0.0,0.0,127823.738242011,0,0,0,0,0,0,0,0,1532,1446,798,774,snapshot,,,,,,,/home/runner/work/Solana-Memecoin-Analysis/Solana-Memecoin-Analysis/data/cache/2026-09-28/014518739644_multi_pools_131466c11ad6.json
2026-09-28T01:45:03.110691+00:00,D73A46Q2yjqh6jvp8QFnCKpWH8MS1PNjGcELjH6drgux,solana,Meteora DBC,4WBpkZtNbGxZpS7z9i7tL6WsWyRG8F5xMZssLAtmgqUf,METAx,So11111111111111111111111111111111111111112,SOL,2026-09-27T20:25:45Z,5.338670323597628e-12,0.005338670324,,0.0,0.0,0.0,0.001227893998,0,0,0,0,0,0,0,0,1,0,1,0,snapshot,,,,,,,/home/runner/work/Solana-Memecoin-Analysis/Solana-Memecoin-Analysis/data/cache/2026-09-28/014518739644_multi_pools_131466c11ad6.json
2026-09-28T01:45:03.110691+00:00,8PtacMHtkEAZPVCuFx1HNTHVXbCsUehnz2Xbojen3YKm,solana,Meteora DAMM V2,CwCxiHcdB6DxTGeCk1HLBmRAnRpQLC6Cwbq5NXfYW88r,Musers,So11111111111111111111111111111111111111112,SOL,2026-09-27T20:25:43Z,1.4311243391011707e-05,14311.2434043112,,2.810732058e-05,0.0,0.0,70083.6538760928,0,0,0,0,0,0,0,0,455,352,325,105,snapshot,,,,,,,/home/runner/work/Solana-Memecoin-Analysis/Solana-Memecoin-Analysis/data/cache/2026-09-28/014518739644_multi_pools_131466c11ad6.json
2026-09-28T01:45:03.110691+00:00,B1SS1fQFxcfGivJRNgNbxSZZy5dkasAjdHjkyqj5NJEb,solana,Pump.fun,5S3aRDgfVygUKCaSWLWUWGRya5wu2VhtTYvGLunKpump,PUMP,So11111111111111111111111111111111111111112,SOL,2026-09-27T23:15:02Z,4.394247645595072e-06,8784.60246,,3384.741,0.0,0.0,720.402526173,0,0,0,0,0,0,0,0,12,10,6,5,snapshot,,,,,,,/home/runner/work/Solana-Memecoin-Analysis/Solana-Memecoin-Analysis/data/cache/2026-09-28/014525993988_multi_pools_e762b412958e.json
2026-09-28T01:45:03.110691+00:00,8MNKJHaf9MNGBtYtAkdpzzwiK7ZtXMq2dstochyFRotv,solana,Pump.fun,9xBuCxveoD8FcjG3sE8AfiS6ZwgSVit2UcvtCgWXpump,dv's  feet,So11111111111111111111111111111111111111112,SOL,2026-09-27T23:14:57Z,3.404201370755914e-06,3404.201405,,2710.7684,0.0,0.0,76.1934863316,0,0,0,0,0,0,0,0,6,6,6,6,snapshot,,,,,,,/home/runner/work/Solana-Memecoin-Analysis/Solana-Memecoin-Analysis/data/cache/2026-09-28/014525993988_multi_pools_e762b412958e.json
2026-09-28T01:45:03.110691+00:00,DdawFMHHeLZRHEPCZmMDQKh7nbwQyBETKiboqHYWtWga,solana,Pump.fun,4LhZ2gaYkH4APexbuHQpNjJtn8uKiyqSPeFAYYcmpump,TT,So11111111111111111111111111111111111111112,SOL,2026-09-27T23:14:54Z,3.4021441920886774e-06,3402.144192,,2703.165,0.0,0.0,1600.6088236834,0,0,0,0,0,0,0,0,15,15,15,15,snapshot,,,,,,,/home/runner/work/Solana-Memecoin-Analysis/Solana-Memecoin-Analysis/data/cache/2026-09-28/014525993988_multi_pools_e762b412958e.json
2026-09-28T01:45:03.110691+00:00,GehngEbFezkDDiP8WXD3csv7KeoXeuBdLH75zk8zSnYv,solana,Pump.fun,4yt1SS6JL6cvTaSAcb2VZ8b7c7tnHAJKU2ZixtFkpump,FHC,So11111111111111111111111111111111111111112,SOL,2026-09-27T23:14:52Z,1.743617461802923e-06,3487.234924,,1386.1938,0.0,0.0,108.9463535098,0,0,0,0,0,0,0,0,10,9,3,4,snapshot,,,,,,,/home/runner/work/Solana-Memecoin-Analysis/Solana-Memecoin-Analysis/data/cache/2026-09-28/014525993988_multi_pools_e762b412958e.json
2026-09-28T01:45:03.110691+00:00,4PfVVao9XBBvC2isLT2m2pmxgUopAHQizCuMtawZfdik,solana,Pump.fun,DyAfMfUBVekuUHkzmJfKZ3oYYfNjFWqj8YB115m8pump,RUPERT,So11111111111111111111111111111111111111112,SOL,2026-09-27T23:14:52Z,3.3956014835129925e-06,3395.601484,,2703.4574,0.0,0.0,2.0174299158,0,0,0,0,0,0,0,0,2,0,2,0,snapshot,,,,,,,/home/runner/work/Solana-Memecoin-Analysis/Solana-Memecoin-Analysis/data/cache/2026-09-28/014525993988_multi_pools_e762b412958e.json
2026-09-28T01:45:03.110691+00:00,7HVJQvYWX2apdWi1DuqHL9xaSAniUiWdrsE3ChFgS9fC,solana,Pump.fun,7a3vBrpxjiNaycqq8ouWTUB1NrS497tHRTTZsyFxpump,memecoin,So11111111111111111111111111111111111111112,SOL,2026-09-27T23:14:44Z,3.422987775634639e-06,3422.987741,,2722.1369,0.0,0.0,4320.6142678096,0,0,0,0,0,0,0,0,58,55,49,51,snapshot,,,,,,,/home/runner/work/Solana-Memecoin-Analysis/Solana-Memecoin-Analysis/data/cache/2026-09-28/014525993988_multi_pools_e762b412958e.json
2026-09-28T01:45:03.110691+00:00,4NUVgppjK1Biohf6AQYwwbQ8EvteZszm7KqXqHMMkdSj,solana,Pump.fun,DTyERaVygP6QE3gyFf44JiJ9hxWBEFRUZ8FhupbSpump,GPTCHAN,So11111111111111111111111111111111111111112,SOL,2026-09-27T23:14:42Z,3.4018875309727884e-06,3401.887531,,2703.3356,0.0,0.0,162.5857437718,0,0,0,0,0,0,0,0,16,14,14,14,snapshot,,,,,,,/home/runner/work/Solana-Memecoin-Analysis/Solana-Memecoin-Analysis/data/cache/2026-09-28/014525993988_multi_pools_e762b412958e.json
2026-09-28T01:45:03.110691+00:00,9D26YyQ8gzRMmraKnFiACsgEPW2WCaTKWa1Ly5UXdWwg,solana,Pump.fun,Egmh6Bz3w7czqTTiV5f7SEZnZPKsFavugzEkc77wpump,crimingfun,So11111111111111111111111111111111111111112,SOL,2026-09-27T23:14:37Z,5.488605684319767e-06,5636.603214,,4065.8889,0.0,2128.278715331,37425.4196999113,0,0,0,0,16,24,16,24,465,330,262,261,snapshot,,,,,,,/home/runner/work/Solana-Memecoin-Analysis/Solana-Memecoin-Analysis/data/cache/2026-09-28/014525993988_multi_pools_e762b412958e.json
2026-09-28T01:45:03.110691+00:00,2Eg7VWCESpqfkU8YaPu1NHFmAE1ZFQnnshKJBkBRHiaU,solana,PumpSwap,9D5bQtJxpX9d4QYGM76M2F48TdNKGCiBXqDLyLxAmoon,GLDANVL,So11111111111111111111111111111111111111112,SOL,2026-09-27T23:14:35Z,0.10537627893108323,84301.02312,,0.0244,0.0,0.0,36262.5109052245,0,0,0,0,0,0,0,0,209,64,209,64,snapshot,,,,,,,/home/runner/work/Solana-Memecoin-Analysis/Solana-Memecoin-Analysis/data/cache/2026-09-28/014525993988_multi_pools_e762b412958e.json
2026-09-28T01:45:03.110691+00:00,JH3HWBTy7yUADKdBse19qf7hht4qKVDB73H8FqEx8nW,solana,Meteora DAMM V2,3q952dApu1r2fi6pHotgrxrFsA2MwmNKSLWbYwzvAG22,all/in,So11111111111111111111111111111111111111112,SOL,2026-09-28T01:44:26Z,1.553690388991619e-05,15536.9039366107,,25213.2503,7094.7908516907,7094.7908516907,7094.7908516907,72,36,59,23,72,36,59,23,72,36,59,23,snapshot,,,,,,,/home/runner/work/Solana-Memecoin-Analysis/Solana-Memecoin-Analysis/data/cache/2026-09-28/014525993988_multi_pools_e762b412958e.json
2026-09-28T01:45:03.110691+00:00,5P5puapLgFK1T3QQ3mhTwKYfV6EnFGy8WawX5oBmAQin,solana,Orca,8KLse1JEw4hY6w3kjqddyKNpAGFbKHzV26gbhxLt6bsf,Zolik,Es9vMFrzaCERmJfrF4H2FYD4KCoNkY11McCe8BenwNYB,USDT,2026-09-28T01:44:25Z,3.0771126411330025e-06,3077.112641,,3038.13612466363,41.568294017,41.568294017,41.568294017,1,0,1,0,1,0,1,0,1,0,1,0,snapshot,,,,,,,/home/runner/work/Solana-Memecoin-Analysis/Solana-Memecoin-Analysis/data/cache/2026-09-28/014525993988_multi_pools_e762b412958e.json
2026-09-28T01:45:03.110691+00:00,34KsDfgNAKMMrcAus7nQwRtXyoF8BQNEB8mBXuA2gVfg,solana,Pump.fun,AiZFQsRjewkVt8pMaUTq1KFwTcq6yHaWvaSFWZrJpump,WORLPEACE,So11111111111111111111111111111111111111112,SOL,2026-09-28T01:44:13Z,1.2289015826661972e-06,2457.803166,,965.9595,66.5392970368,66.5392970368,66.5392970368,17,6,4,2,17,6,4,2,17,6,4,2,snapshot,,,,,,,/home/runner/work/Solana-Memecoin-Analysis/Solana-Memecoin-Analysis/data/cache/2026-09-28/014525993988_multi_pools_e762b412958e.json
2026-09-28T01:45:03.110691+00:00,7kAxgJc1RwTkfzdHP3uiK7i2gF3MWiKhiut7dQJv7ebh,solana,Pump.fun,6MRborqyXGe8C1W9dBqazEi7cqTfRDvZRQ7hxSmApump,DIAMOND,So11111111111111111111111111111111111111112,SOL,2026-09-28T01:44:08Z,4.281056898950368e-06,4281.056899,,3340.7846,2346.2085139485,2346.2085139485,2346.2085139485,53,40,44,22,53,40,44,22,53,40,44,22,snapshot,,,,,,,/home/runner/work/Solana-Memecoin-Analysis/Solana-Memecoin-Analysis/data/cache/2026-09-28/014525993988_multi_pools_e762b412958e.json
2026-09-28T01:45:00+00:00,JH3HWBTy7yUADKdBse19qf7hht4qKVDB73H8FqEx8nW,solana,Meteora DAMM V2,,,,,2026-09-28T01:44:26Z,1.5535902611029528e-05,,,,,,,,,,,,,,,,,,,ohlcv_backfill,minute,1.522571276621044e-05,1.5640487622060968e-05,1.522571276621044e-05,1.5535902611029528e-05,1030.329723846068,/home/runner/work/Solana-Memecoin-Analysis/Solana-Memecoin-Analysis/data/cache/2026-09-28/014536301347_ohlcv_068de7f26884.json
2026-09-28T01:40:00+00:00,JH3HWBTy7yUADKdBse19qf7hht4qKVDB73H8FqEx8nW,solana,Meteora DAMM V2,,,,,2026-09-28T01:44:26Z,1.522571276621044e-05,,,,,,,,,,,,,,,,,,,ohlcv_backfill,minute,1.0295610016403468e-05,1.5390561992754742e-05,1.0291522422022102e-05,1.522571276621044e-05,6064.698127476231,/home/runner/work/Solana-Memecoin-Analysis/Solana-Memecoin-Analysis/data/cache/2026-09-28/014536301347_ohlcv_068de7f26884.json
2026-09-28T01:40:00+00:00,5P5puapLgFK1T3QQ3mhTwKYfV6EnFGy8WawX5oBmAQin,solana,Orca,,,,,2026-09-28T01:44:25Z,3.0771126411330025e-06,,,,,,,,,,,,,,,,,,,ohlcv_backfill,minute,3.0771126411330025e-06,3.0771126411330025e-06,3.0771126411330025e-06,3.0771126411330025e-06,41.56829401699389,/home/runner/work/Solana-Memecoin-Analysis/Solana-Memecoin-Analysis/data/cache/2026-09-28/014607190001_ohlcv_add56692c2fc.json
2026-09-28T01:45:00+00:00,34KsDfgNAKMMrcAus7nQwRtXyoF8BQNEB8mBXuA2gVfg,solana,Pump.fun,,,,,2026-09-28T01:44:13Z,1.2275660535504764e-06,,,,,,,,,,,,,,,,,,,ohlcv_backfill,minute,1.2289015826661972e-06,1.2289015826661972e-06,1.2275660535504764e-06,1.2275660535504764e-06,23.906648376138154,/home/runner/work/Solana-Memecoin-Analysis/Solana-Memecoin-Analysis/data/cache/2026-09-28/014618788547_ohlcv_63409aebbc24.json
2026-09-28T01:40:00+00:00,34KsDfgNAKMMrcAus7nQwRtXyoF8BQNEB8mBXuA2gVfg,solana,Pump.fun,,,,,2026-09-28T01:44:13Z,1.2289015826661972e-06,,,,,,,,,,,,,,,,,,,ohlcv_backfill,minute,3.3910998413729835e-06,3.65127132901288e-06,9.93666958159008e-07,1.2289015826661972e-06,66.53929703677356,/home/runner/work/Solana-Memecoin-Analysis/Solana-Memecoin-Analysis/data/cache/2026-09-28/014618788547_ohlcv_63409aebbc24.json
2026-09-28T01:45:00+00:00,7kAxgJc1RwTkfzdHP3uiK7i2gF3MWiKhiut7dQJv7ebh,solana,Pump.fun,,,,,2026-09-28T01:44:08Z,3.4114540342874213e-06,,,,,,,,,,,,,,,,,,,ohlcv_backfill,minute,4.281056898950368e-06,4.281056898950368e-06,3.411438172755142e-06,3.4114540342874213e-06,440.1484279316753,/home/runner/work/Solana-Memecoin-Analysis/Solana-Memecoin-Analysis/data/cache/2026-09-28/014627102392_ohlcv_a01163690a3c.json
2026-09-28T01:40:00+00:00,7kAxgJc1RwTkfzdHP3uiK7i2gF3MWiKhiut7dQJv7ebh,solana,Pump.fun,,,,,2026-09-28T01:44:08Z,4.281056898950368e-06,,,,,,,,,,,,,,,,,,,ohlcv_backfill,minute,4.2983539534354e-06,4.608933890465274e-06,4.263681809469973e-06,4.281056898950368e-06,2346.2085139484507,/home/runner/work/Solana-Memecoin-Analysis/Solana-Memecoin-Analysis/data/cache/2026-09-28/014627102392_ohlcv_a01163690a3c.json
2026-09-28T07:42:29.569132+00:00,CPRoWXCgq3ELsnqsGDMLmAVRnNSmyN4k1ddc6efGdd91,solana,PumpSwap,CMuvWQ6qQbSt7NUQdPGcVKCoDgETieuqS68qu6BaeVgR,Cream,So11111111111111111111111111111111111111112,SOL,2026-09-26T00:19:08Z,5.8344032615409745e-05,57461.3879534237,,26068.0495,23.3270071694,712.7985066445,99114.4710958808,1,0,1,0,6,9,6,9,758,885,410,610,snapshot,,,,,,,/home/runner/work/Solana-Memecoin-Analysis/Solana-Memecoin-Analysis/data/cache/2026-09-28/074237624753_multi_pools_7f167ab7611b.json
2026-09-28T07:42:29.569132+00:00,Ax9GpoBxTKb19NMj4eJhNsy163xuUGmFKrLpELeQK7LX,solana,PumpSwap,jLz71QZfjnZZMLjUaCBw7KmUyftkkNq8NkWi2u9dyap,YAP,So11111111111111111111111111111111111111112,SOL,2026-09-25T14:11:13Z,0.0017449874114597507,1748388.57191106,,149514.278,139.4057969948,35323.4248548302,1298124.14760626,2,2,2,2,145,181,108,122,5323,4714,1965,1964,snapshot,,,,,,,/home/runner/work/Solana-Memecoin-Analysis/Solana-Memecoin-Analysis/data/cache/2026-09-28/074237624753_multi_pools_7f167ab7611b.json
2026-09-28T07:42:29.569132+00:00,DGvB8KyD79wFBJ7Kr7mW54qSfi7Yk3UrhJkcnTSd6frb,solana,PumpSwap,BdzaE3T7uU59pBVDBHZVZh3yWrrpo4oPrXdv4nPDpump,JIANCO,Xsv9hRk1z5ystj9MhnA7Lq4vjSsLwzL2nxrwmwtD3re,GLDx,2026-09-26T00:06:55Z,0.0001427590930405926,125379.995976933,126380.693110449,61289.2442,48.5301158497,4298.1380530508,67968.1807234377,2,0,2,0,78,46,67,33,2325,1085,2121,878,snapshot,,,,,,,/home/runner/work/Solana-Memecoin-Analysis/Solana-Memecoin-Analysis/data/cache/2026-09-28/074237624753_multi_pools_7f167ab7611b.json
2026-09-28T07:42:29.569132+00:00,6tuhHpYSinf41V39KW3JmpVUaxehcabCbHZqqFnwR6xf,solana,PumpSwap,GY9mZfyPpxXxBXBxS2hB2XjhP3kfUsywTvgveozxpump,ELON,So11111111111111111111111111111111111111112,SOL,2026-09-15T19:26:05Z,0.0023688228876131492,2198441.97349703,2198442.59711564,230848.7054,119.2509165329,18049.1824828234,1342848.50854866,0,3,0,3,53,68,40,57,3482,3533,1203,1444,snapshot,,,,,,,/home/runner/work/Solana-Memecoin-Analysis/Solana-Memecoin-Analysis/data/cache/2026-09-28/074237624753_multi_pools_7f167ab7611b.json
2026-09-28T07:42:29.569132+00:00,3QaH1ifhQgUXHQdX3DHi9oMrWzTQfKLcomoCyeRRLMh6,solana,PumpSwap,5wW9mhbwq1HTFh341iimpmrqBB4mfxdXiYhdYBL7hUnp,KARDASHEV,So11111111111111111111111111111111111111112,SOL,2026-09-26T07:26:05Z,0.000615749838245551,615749.8382,,92028.7943,2121.9617820767,48117.3374443033,2244799.84507808,19,11,19,9,327,288,217,183,11586,10399,3914,3729,snapshot,,,,,,,/home/runner/work/Solana-Memecoin-Analysis/Solana-Memecoin-Analysis/data/cache/2026-09-28/074237624753_multi_pools_7f167ab7611b.json
2026-09-28T07:42:29.569132+00:00,5FcxJGy2y12FkrRJ35RsoboiV7KUnmMddK5C4HMbWDbD,solana,Pump.fun,P7mcaNSNxvYQJWYXiq9uJnb5PqehDaR5UAjm1uEpump,BLAST,So11111111111111111111111111111111111111112,SOL,2026-09-26T11:47:19Z,3.3911489066643912e-06,3391.148907,,2620.6251,0.0,0.0,0.0,0,0,0,0,0,0,0,0,0,0,0,0,snapshot,,,,,,,/home/runner/work/Solana-Memecoin-Analysis/Solana-Memecoin-Analysis/data/cache/2026-09-28/074237624753_multi_pools_7f167ab7611b.json
2026-09-28T07:42:29.569132+00:00,ajdJFV2vE9K6QnC1oN3nxKgnYhcwkjtApLPpvVi7CMf,solana,Pump.fun,FfG5dsXnaqHzL2vdDmJ4pmpzBbzPpdM4c9aXxnP2Rxia,X,So11111111111111111111111111111111111111112,SOL,2026-09-26T11:47:10Z,3.4015701019225485e-06,3401.570102,,2628.6716,0.0,0.0,0.0,0,0,0,0,0,0,0,0,0,0,0,0,snapshot,,,,,,,/home/runner/work/Solana-Memecoin-Analysis/Solana-Memecoin-Analysis/data/cache/2026-09-28/074237624753_multi_pools_7f167ab7611b.json
2026-09-28T07:42:29.569132+00:00,6deFvLfNPRxTJ6GPqTuXji3E8gD8H3t22ES5twcMEFtb,solana,Pump.fun,9bmBBkW4rKndeac6tEob45viGdsJc9yrZ3saBw1kpump,$GOAT,So11111111111111111111111111111111111111112,SOL,2026-09-26T11:46:58Z,1.0926664031247564e-06,2185.332806,,840.7571,0.0,0.0,0.0,0,0,0,0,0,0,0,0,0,0,0,0,snapshot,,,,,,,/home/runner/work/Solana-Memecoin-Analysis/Solana-Memecoin-Analysis/data/cache/2026-09-28/074237624753_multi_pools_7f167ab7611b.json
2026-09-28T07:42:29.569132+00:00,6hBBBSNYQ3QXD3C3pNQwpHhRhWtNMCYKd8uZXnmRu9sL,solana,Pump.fun,BGFCotxiujzZtZhdqowfkVtcFAehJ33buRbUoWWXTFDS,TTEST,So11111111111111111111111111111111111111112,SOL,2026-09-26T11:46:53Z,3.389495997277402e-06,3389.495997,,2620.1288,0.0,0.0,0.0,0,0,0,0,0,0,0,0,0,0,0,0,snapshot,,,,,,,/home/runner/work/Solana-Memecoin-Analysis/Solana-Memecoin-Analysis/data/cache/2026-09-28/074237624753_multi_pools_7f167ab7611b.json
2026-09-28T07:42:29.569132+00:00,79b539gZHKGeg6szrmMU7kdS9VixSnuUsNpM8FocYfUQ,solana,Pump.fun,B25P28ydBNRyDpMnm9oSzdNjRPHaJ5ujrRMLq6FZpump,WORM,So11111111111111111111111111111111111111112,SOL,2026-09-26T11:46:45Z,3.406345983028803e-06,3406.345983,,2633.2499,0.0,0.0,0.0,0,0,0,0,0,0,0,0,0,0,0,0,snapshot,,,,,,,/home/runner/work/Solana-Memecoin-Analysis/Solana-Memecoin-Analysis/data/cache/2026-09-28/074237624753_multi_pools_7f167ab7611b.json
2026-09-28T07:42:29.569132+00:00,FtDBJCmzGoJqyNoFHwwuMHxwCKWreGvxXdE5zwwhcTg6,solana,Pump.fun,4kpsLXBz1pkxNKZonv8WCigWNGKrhKLAbLN3qqMBpump,UNIFOMO,So11111111111111111111111111111111111111112,SOL,2026-09-26T15:07:26Z,3.401201587412753e-06,3401.201587,,2622.219,0.0,0.0,0.2805724964,0,0,0,0,0,0,0,0,0,1,0,1,snapshot,,,,,,,/home/runner/work/Solana-Memecoin-Analysis/Solana-Memecoin-Analysis/data/cache/2026-09-28/074237624753_multi_pools_7f167ab7611b.json
2026-09-28T07:42:29.569132+00:00,EDRVX5LB6fRovfPC6NxW4Y4s1rtfKWmj6V5unbynx8p7,solana,Pump.fun,Bn2mZB2zprvmj7U3o1MknSoPf16SZDiD4PrRzXKGpump,After 1 m,So11111111111111111111111111111111111111112,SOL,2026-09-26T15:07:26Z,3.353693823768598e-07,670.7387648,,265.5099,0.0,0.0,0.0,0,0,0,0,0,0,0,0,0,0,0,0,snapshot,,,,,,,/home/runner/work/Solana-Memecoin-Analysis/Solana-Memecoin-Analysis/data/cache/2026-09-28/074237624753_multi_pools_7f167ab7611b.json
2026-09-28T07:42:29.569132+00:00,HjBhUN8jhLeqDxTyjGGBXwrr1KfmQ6wwY66k3SxDk4CC,solana,Pump.fun,7BwGAk8aE8gT9eqinkiT138q4HGZtoUy52vCY2d6pump,Pokerable,So11111111111111111111111111111111111111112,SOL,2026-09-26T15:06:54Z,3.3990250573750786e-06,3399.025057,,2622.6682,0.0,0.0,0.0,0,0,0,0,0,0,0,0,0,0,0,0,snapshot,,,,,,,/home/runner/work/Solana-Memecoin-Analysis/Solana-Memecoin-Analysis/data/cache/2026-09-28/074237624753_multi_pools_7f167ab7611b.json
2026-09-28T07:42:29.569132+00:00,EP88Ktqm6491WEm1ZJsEryXYYjuoLh5cEyz5exyxr1Cb,solana,PumpSwap,FYM6PhwAS3QwTBwvgLj8JYeMgpNfKsWtW3hGxPM9eFkt,DEBT,So11111111111111111111111111111111111111112,SOL,2026-09-26T12:02:36Z,1.5005862407161688e-05,14854.2704636054,,11967.2537,7.532723352,365.5370654334,33581.5165467191,0,3,0,3,4,8,4,8,406,601,218,428,snapshot,,,,,,,/home/runner/work/Solana-Memecoin-Analysis/Solana-Memecoin-Analysis/data/cache/2026-09-28/074237624753_multi_pools_7f167ab7611b.json
2026-09-28T07:42:29.569132+00:00,EpjEComYHRJuxVkZHKiDsbyJaUpBjZ9VZGr1WzbUpNb3,solana,Pump.fun,BAhBgdk27mCACnLpSMZCar5a434m9tv84pReXe5Upump,BREW,So11111111111111111111111111111111111111112,SOL,2026-09-26T18:33:30Z,3.3998714424479337e-06,3399.659600009,,2629.8677,0.0,0.0,0.0,0,0,0,0,0,0,0,0,0,0,0,0,snapshot,,,,,,,/home/runner/work/Solana-Memecoin-Analysis/Solana-Memecoin-Analysis/data/cache/2026-09-28/074237624753_multi_pools_7f167ab7611b.json
2026-09-28T07:42:29.569132+00:00,DCffxCe3R7cqdRCkiozwCXrmv8iTbuxZ3MZPJwuvXkVA,solana,Meteora DBC,7xQuGDUHXPaW5gmFqBtbUuKe1fM1d5bMVJAv96fuk4du,UPTOBER,So11111111111111111111111111111111111111112,SOL,2026-09-26T18:33:19Z,6.0363500251168395e-05,60363.50025,,0.0,0.0,0.0,0.0,0,0,0,0,0,0,0,0,0,0,0,0,snapshot,,,,,,,/home/runner/work/Solana-Memecoin-Analysis/Solana-Memecoin-Analysis/data/cache/2026-09-28/074237624753_multi_pools_7f167ab7611b.json
2026-09-28T07:42:29.569132+00:00,CTw76ybfSHK1wKRfGGK8o3eJTTefo94rXNaVgPs4XA8r,solana,Pump.fun,8dCNEr8yrnjH2oWrHeyhoAzqtSEbFtdi6nMWUJdRpump,LMAO,So11111111111111111111111111111111111111112,SOL,2026-09-26T18:33:08Z,1.0753456043987174e-06,2150.691208,,830.972,0.0,0.0,0.0,0,0,0,0,0,0,0,0,0,0,0,0,snapshot,,,,,,,/home/runner/work/Solana-Memecoin-Analysis/Solana-Memecoin-Analysis/data/cache/2026-09-28/074237624753_multi_pools_7f167ab7611b.json
2026-09-28T07:42:29.569132+00:00,HeZQbDWxCUmcevw9jtA5XnGhP3VkUBVFPjEMXnbMBrxF,solana,StonkFun,EndWvwB12MoDetHno7DS7RBUeShZkaYba85qexzMHNtk,Wobrin,So11111111111111111111111111111111111111112,SOL,2026-09-26T18:33:08Z,3.6962033254842567e-06,3696.203325,,3377.7625,0.0,0.0,0.0,0,0,0,0,0,0,0,0,0,0,0,0,snapshot,,,,,,,/home/runner/work/Solana-Memecoin-Analysis/Solana-Memecoin-Analysis/data/cache/2026-09-28/074237624753_multi_pools_7f167ab7611b.json
2026-09-28T07:42:29.569132+00:00,HkdJvWcCWcNnzgsMYuGhRLZxjv5FriC78cEaPTvoSUfG,solana,Pump.fun,B7uFSEUs84cyyMF3ek5Gxr4rN5amu7P7XYSKzmkvDC91,MUSK,So11111111111111111111111111111111111111112,SOL,2026-09-26T18:33:07Z,3.5387975569180837e-06,3538.797557,,2730.3635,0.0,0.0,0.0,0,0,0,0,0,0,0,0,0,0,0,0,snapshot,,,,,,,/home/runner/work/Solana-Memecoin-Analysis/Solana-Memecoin-Analysis/data/cache/2026-09-28/074237624753_multi_pools_7f167ab7611b.json
2026-09-28T07:42:29.569132+00:00,9Hr6NXw5WSffxNQnqxwZyhRw81uz3PpB7RF9J3i9nMt1,solana,PumpSwap,9U1f18idDeySFnYrurxqT1f5n5nE4g4Uk5LLzP69bh1,SOLCAT,So11111111111111111111111111111111111111112,SOL,2026-09-17T19:15:42Z,0.00028848575269766017,286085.87283363,,68075.576,12.3728651321,2884.5134791611,287145.339254028,0,1,0,1,23,17,19,15,1839,1855,713,806,snapshot,,,,,,,/home/runner/work/Solana-Memecoin-Analysis/Solana-Memecoin-Analysis/data/cache/2026-09-28/074237624753_multi_pools_7f167ab7611b.json
2026-09-28T07:42:29.569132+00:00,8kfP3e6NzfBZ3UkMJH8T5ZivtPjFs4fVpVVMswVV1b7c,solana,Pump.fun,6nRP49zu6bYwRQe1VRXVrsGwJsXePiqECK1RKoS4pump,MONKEY,So11111111111111111111111111111111111111112,SOL,2026-09-26T21:30:09Z,3.3953456555077412e-06,3395.345656,,2618.6608,0.0,0.0,0.0,0,0,0,0,0,0,0,0,0,0,0,0,snapshot,,,,,,,/home/runner/work/Solana-Memecoin-Analysis/Solana-Memecoin-Analysis/data/cache/2026-09-28/074237624753_multi_pools_7f167ab7611b.json
2026-09-28T07:42:29.569132+00:00,34V5C6HgJt42Vum7gMao6XwbtL2sjCjNypAQPePQV1SS,solana,Pump.fun,EiLRJvbMHnVKa4xZYCM5VrMn55HtxCLFwpuJ5ZWFpump,brump,So11111111111111111111111111111111111111112,SOL,2026-09-26T21:29:54Z,4.81655534233984e-06,9633.110684,,3710.1927,0.0,0.0,0.0,0,0,0,0,0,0,0,0,0,0,0,0,snapshot,,,,,,,/home/runner/work/Solana-Memecoin-Analysis/Solana-Memecoin-Analysis/data/cache/2026-09-28/074237624753_multi_pools_7f167ab7611b.json
2026-09-28T07:42:29.569132+00:00,6BZF1A29Pkke5bjkW2SM64HnaYYRWVFAHKNRK3emoCwe,solana,PumpSwap,DRKGYsGALqr5p2aTcGLK9zqiPB5wk7JV78bJv4mPpump,SPLIT,So11111111111111111111111111111111111111112,SOL,2026-09-26T19:31:01Z,2.0650962128687248e-05,19142.57285655,,13191.3305,47.7947509537,414.1206146712,163799.28693457,0,2,0,2,12,20,8,20,2066,2295,938,1478,snapshot,,,,,,,/home/runner/work/Solana-Memecoin-Analysis/Solana-Memecoin-Analysis/data/cache/2026-09-28/074237624753_multi_pools_7f167ab7611b.json
2026-09-28T07:42:29.569132+00:00,XWyU8ejbqtiLW2gU88AdseJcGvEkETuvC5U2DUXS9qe,solana,Meteora DBC,45jZ61XkJo42zatnbemH3AmB7a8hh8KgQF3y71hxVHDg,poop/acc,So11111111111111111111111111111111111111112,SOL,2026-09-26T23:47:38Z,4.727917041271841e-05,47278.1921830049,,0.0,0.0,0.0,0.0,0,0,0,0,0,0,0,0,0,0,0,0,snapshot,,,,,,,/home/runner/work/Solana-Memecoin-Analysis/Solana-Memecoin-Analysis/data/cache/2026-09-28/074237624753_multi_pools_7f167ab7611b.json
2026-09-28T07:42:29.569132+00:00,6z97EVK4VuAQue6raNRowNYjMnPoza98Uh2Y3dSHbmEW,solana,Pump.fun,2poUtsnTahLXB9Fm7nGLPjRVr5UDjcwn1QZyWWnPpump,jonesy,So11111111111111111111111111111111111111112,SOL,2026-09-26T23:47:24Z,3.445913924723263e-06,3445.913925,,2660.6682,0.0,0.0,0.0,0,0,0,0,0,0,0,0,0,0,0,0,snapshot,,,,,,,/home/runner/work/Solana-Memecoin-Analysis/Solana-Memecoin-Analysis/data/cache/2026-09-28/074237624753_multi_pools_7f167ab7611b.json
2026-09-28T07:42:29.569132+00:00,DJiueR96EmzBUm6e8corMDdckwqwLefEgdYJpJXtHs71,solana,Pump.fun,EfYWVrMsX8n6pYNcpFrFQueTQ8x2CrmVoC3PoSTzpump,SLOP,So11111111111111111111111111111111111111112,SOL,2026-09-26T23:47:23Z,1.1016979814686559e-05,22033.95962,,7790.6165,0.0,0.0,0.0,0,0,0,0,0,0,0,0,0,0,0,0,snapshot,,,,,,,/home/runner/work/Solana-Memecoin-Analysis/Solana-Memecoin-Analysis/data/cache/2026-09-28/074237624753_multi_pools_7f167ab7611b.json
2026-09-28T07:42:29.569132+00:00,GkkRUcvuqwPrkG5kXUU1coEJSrhJAMyEEhQ63pJLEC3t,solana,Meteora DBC,6Q7JkUuTvsN6AunjJaSHhcvCaiBUCXk4KqkpWkejkSV7,PAID,So11111111111111111111111111111111111111112,SOL,2026-09-27T01:54:01Z,3.3631748153080365e-05,33631.7460133105,,0.0,0.0,0.0,0.0,0,0,0,0,0,0,0,0,0,0,0,0,snapshot,,,,,,,/home/runner/work/Solana-Memecoin-Analysis/Solana-Memecoin-Analysis/data/cache/2026-09-28/074237624753_multi_pools_7f167ab7611b.json
2026-09-28T07:42:29.569132+00:00,Cb1MeGdbSjoELTmK9LAArvy6W5QJW1C5MuHsu581Nb44,solana,Pump.fun,E2RCys9nDguBGLJoQZYnr9CSDTFsyP7JLuY7oWMQpump,$broke,So11111111111111111111111111111111111111112,SOL,2026-09-27T01:54:00Z,3.39430585509129e-06,3394.234744,,2618.5879,0.0,0.0,0.0,0,0,0,0,0,0,0,0,0,0,0,0,snapshot,,,,,,,/home/runner/work/Solana-Memecoin-Analysis/Solana-Memecoin-Analysis/data/cache/2026-09-28/074237624753_multi_pools_7f167ab7611b.json
2026-09-28T07:42:29.569132+00:00,9bG8pWDsnsdZWoFWi6umqxGBtmhJurLeF9EQybnvYVQ6,solana,Meteora DBC,945tMXftfUEfhSzdPTTucjNAP6ACqiNCXp8aHTfiupY,pls,So11111111111111111111111111111111111111112,SOL,2026-09-27T01:53:37Z,4.568008884028584e-05,45678.4007121432,,0.0,0.0,0.0,0.0,0,0,0,0,0,0,0,0,0,0,0,0,snapshot,,,,,,,/home/runner/work/Solana-Memecoin-Analysis/Solana-Memecoin-Analysis/data/cache/2026-09-28/074237624753_multi_pools_7f167ab7611b.json
2026-09-28T07:42:29.569132+00:00,7KztkRMktp7jLozYJ82JFhK6npE9VbJxnLgQawX7Es3z,solana,Pump.fun,BYwWdp6jujVzAZSWkiewN17ib7eMyCKSnAabfBUYpump,Niggapad,So11111111111111111111111111111111111111112,SOL,2026-09-27T01:53:35Z,3.4411425209616946e-06,3441.142521,,2653.0226,0.0,0.0,0.0,0,0,0,0,0,0,0,0,0,0,0,0,snapshot,,,,,,,/home/runner/work/Solana-Memecoin-Analysis/Solana-Memecoin-Analysis/data/cache/2026-09-28/074237624753_multi_pools_7f167ab7611b.json
2026-09-28T07:42:29.569132+00:00,DC5JB9jeyEPegne1iem1Z6xdDYJnDvcgkbCu5ZiGHRom,solana,Pump.fun,AeLsbx98SaBsnUAZSVkBV8qsq4yi2HrwGwckq93WFsvN,ALIVE,So11111111111111111111111111111111111111112,SOL,2026-09-27T01:53:34Z,3.4000180579595674e-06,3400.018058,,2629.2159,0.0,0.0,0.0,0,0,0,0,0,0,0,0,0,0,0,0,snapshot,,,,,,,/home/runner/work/Solana-Memecoin-Analysis/Solana-Memecoin-Analysis/data/cache/2026-09-28/074245043747_multi_pools_d89a7e0cf430.json
2026-09-28T07:42:29.569132+00:00,7rZ5eyRfGRavGTFG9jSoG77MNnVkQRr6DNeGpxiFk2ca,solana,PumpSwap,DAemPFNc3RtibBDKkUA4eL2Ns11q9VRdbpptmqm8DGqN,CAKE,So11111111111111111111111111111111111111112,SOL,2026-09-27T00:25:27Z,0.00047668078413602526,476680.7841,,78812.6524,1026.107135051,11489.0263048776,1701795.74959223,7,8,6,7,110,144,69,71,10610,10377,2924,3589,snapshot,,,,,,,/home/runner/work/Solana-Memecoin-Analysis/Solana-Memecoin-Analysis/data/cache/2026-09-28/074245043747_multi_pools_d89a7e0cf430.json
2026-09-28T07:42:29.569132+00:00,4aE7RyYHugztSy3rdKq51bvNkaRj2E7NJU7jPWxzhC3Q,solana,PumpSwap,7cXWSNTq71PZREBmGCBvZirkNwoGokWBQz9fWferViiV,ASTEROID,So11111111111111111111111111111111111111112,SOL,2026-09-15T21:57:08Z,0.0006068087741548877,606808.7742,,82461.137,194.2798205146,19338.739911483,1468181.50333274,1,4,1,4,99,93,83,75,7115,6497,2505,2607,snapshot,,,,,,,/home/runner/work/Solana-Memecoin-Analysis/Solana-Memecoin-Analysis/data/cache/2026-09-28/074245043747_multi_pools_d89a7e0cf430.json
2026-09-28T07:42:29.569132+00:00,B3JUKme6NLvUDWxoMzwCbpS3H76qdnAPqVvdz8M1a4mf,solana,PumpSwap,FLSgmF6hRJ5wakj91c1dXR2brS76qVsdqQmunLmZnsfc,MITSUNAKA,So11111111111111111111111111111111111111112,SOL,2026-09-27T07:27:33Z,1.4458668286330992e-05,14458.66829,,3.781607428e-07,0.0,0.0,18147.0747911204,0,0,0,0,0,0,0,0,203,366,111,110,snapshot,,,,,,,/home/runner/work/Solana-Memecoin-Analysis/Solana-Memecoin-Analysis/data/cache/2026-09-28/074245043747_multi_pools_d89a7e0cf430.json
2026-09-28T07:42:29.569132+00:00,Btw6GWj8mhJpBxRg2RWRehvu6JekfNAYVN3jfkLVk5y7,solana,Pump.fun,GvV4ypbFWjVDYm8rt2j8WGmbxhuQ3sU4sxeNkF5vpump,Pikachu,So11111111111111111111111111111111111111112,SOL,2026-09-27T07:27:13Z,2.1334366896350454e-09,4.26687338,,3.5062,0.0,0.0,2.1014157481,0,0,0,0,0,0,0,0,1,10,1,10,snapshot,,,,,,,/home/runner/work/Solana-Memecoin-Analysis/Solana-Memecoin-Analysis/data/cache/2026-09-28/074245043747_multi_pools_d89a7e0cf430.json
2026-09-28T07:42:29.569132+00:00,7zregNEH8qkz3bkQzCzvQ3FnJaTkJvNGhjmundynFqKe,solana,Pump.fun,5EVmTokcvP7ZDUv4TzPDEvge1HYAPJavFH5CKVRZpump,RIP JACK,So11111111111111111111111111111111111111112,SOL,2026-09-27T07:27:08Z,3.3973745706224427e-06,3397.374571,,2619.4981,0.0,0.0,0.0,0,0,0,0,0,0,0,0,0,0,0,0,snapshot,,,,,,,/home/runner/work/Solana-Memecoin-Analysis/Solana-Memecoin-Analysis/data/cache/2026-09-28/074245043747_multi_pools_d89a7e0cf430.json
2026-09-28T07:42:29.569132+00:00,AQB9ihwudzy364jisT8jcCURSE8wCSYg7wu7gLZ6nGQn,solana,PumpSwap,J1yxV53EmVRmt9RUj6PPufMfdAYUbtgwXCuNYTBTsYzJ,JACK,So11111111111111111111111111111111111111112,SOL,2026-09-27T00:36:10Z,0.00013535137332294986,135351.3733,,42708.8958,149.980266077,5889.294816548,3219027.52983248,1,4,1,4,41,89,34,72,20316,18158,5746,5886,snapshot,,,,,,,/home/runner/work/Solana-Memecoin-Analysis/Solana-Memecoin-Analysis/data/cache/2026-09-28/074245043747_multi_pools_d89a7e0cf430.json
2026-09-28T07:42:29.569132+00:00,55y7dKFPXNqzHevBxUKZJFD11JYG1yoNoSEskJnBCh1W,solana,PumpSwap,8DwNVMzpcc3mq7Tk4gyWeTkvmFhnXcnDDCLayFFhXvex,HEISENBERG,So11111111111111111111111111111111111111112,SOL,2026-09-26T22:18:30Z,1.3439971478490161e-05,13439.97148,,9904.2816,0.0,282.7862587728,45408.4875519117,0,0,0,0,3,9,3,8,596,843,296,574,snapshot,,,,,,,/home/runner/work/Solana-Memecoin-Analysis/Solana-Memecoin-Analysis/data/cache/2026-09-28/074245043747_multi_pools_d89a7e0cf430.json
2026-09-28T07:42:29.569132+00:00,3dcChqQHfnsNsvR6r6SKDnRjCPqFD66wABZqeBw4Pnch,solana,Pump.fun,FW6ExLE8ziQtzRJXJQ4rx9uT3wd6tKsvgxWhRrE475bp,WOW,So11111111111111111111111111111111111111112,SOL,2026-09-27T13:13:23Z,3.427662575436349e-06,3427.662575,,2617.7704,0.0,0.0,10942.6257249229,0,0,0,0,0,0,0,0,111,89,74,78,snapshot,,,,,,,/home/runner/work/Solana-Memecoin-Analysis/Solana-Memecoin-Analysis/data/cache/2026-09-28/074245043747_multi_pools_d89a7e0cf430.json
2026-09-28T07:42:29.569132+00:00,2Tq8nGm6RsbzPxfAgvacGX6u43wE4stc79Qx6XKykqLM,solana,Pump.fun,87UUPxDJ1pTfVLAqVdA1mvznJC89UyvKHVNMVvWGpump,BONUS,So11111111111111111111111111111111111111112,SOL,2026-09-27T13:13:15Z,3.3315548811340067e-06,3331.554881,,2624.3337,0.0,0.0,27.257979586,0,0,0,0,0,0,0,0,22,20,21,20,snapshot,,,,,,,/home/runner/work/Solana-Memecoin-Analysis/Solana-Memecoin-Analysis/data/cache/2026-09-28/074245043747_multi_pools_d89a7e0cf430.json
2026-09-28T07:42:29.569132+00:00,HZyj33yYCVce1UojkL8uaYGf6Bex7Y7Sg1rjZnKmggus,solana,Pump.fun,C7TzxS9gkKFXvkYVdRewuYNwj2sNeAzWUSKAJyapump,Backpacknami,So11111111111111111111111111111111111111112,SOL,2026-09-27T13:13:08Z,3.4382313170044863e-06,3438.231317,,2625.585,0.0,0.0,823.5757832207,0,0,0,0,0,0,0,0,6,6,6,5,snapshot,,,,,,,/home/runner/work/Solana-Memecoin-Analysis/Solana-Memecoin-Analysis/data/cache/2026-09-28/074245043747_multi_pools_d89a7e0cf430.json
2026-09-28T07:42:29.569132+00:00,4N5Pt51CcHwimd2Wn7jLidv64KxS2EDm557GZzFoacGS,solana,Meteora DBC,Cn7uvTGiWtzvFHrkCsHztb5HHKCGGncLXY2xKtHCvbjz,NEARPAD,So11111111111111111111111111111111111111112,SOL,2026-09-27T13:12:58Z,5.40560638568308e-05,54055.961458302,,0.0,0.0,0.0,6243.3462222854,0,0,0,0,0,0,0,0,203,201,158,139,snapshot,,,,,,,/home/runner/work/Solana-Memecoin-Analysis/Solana-Memecoin-Analysis/data/cache/2026-09-28/074245043747_multi_pools_d89a7e0cf430.json
2026-09-28T07:42:29.569132+00:00,9TT3NbWogWjbQh7b3s1hfcqYF7VJHmg8uNcXDjtPRnh4,solana,Orca,AQVcP67EpMyu4cBZZjqMu91cVsWy1aX98JmcZm1FyY9,AQUA,So11111111111111111111111111111111111111112,SOL,2026-09-16T09:33:31Z,0.0025073136316852685,2429442.52996084,2429491.49580306,309645.0238,95.7659663963,3221.1553988667,1891876.23418073,2,1,2,1,36,16,29,6,6237,4465,2434,1832,snapshot,,,,,,,/home/runner/work/Solana-Memecoin-Analysis/Solana-Memecoin-Analysis/data/cache/2026-09-28/074245043747_multi_pools_d89a7e0cf430.json
2026-09-28T07:42:29.569132+00:00,8N2XJYyVBMrd4B5LUTd5pFe3uWwp5h4cWib9AxTxbHxv,solana,PumpSwap,6uPEdkU2xPg1iyfLzV1ssUwvve8nndA2sd6nBFrb1n58,NEARPAD,So11111111111111111111111111111111111111112,SOL,2026-09-27T12:11:00Z,8.42123920686932e-05,81174.2280642774,,29260.7454,202.8490434402,9953.1392345965,6735212.67481927,4,1,4,1,84,108,63,81,41520,38056,11326,10214,snapshot,,,,,,,/home/runner/work/Solana-Memecoin-Analysis/Solana-Memecoin-Analysis/data/cache/2026-09-28/074245043747_multi_pools_d89a7e0cf430.json
2026-09-28T07:42:29.569132+00:00,GX1kpv4WAUfk5C3hudcosFP3hZz3uHZT9wL1QhTM3CPC,solana,Meteora,HCy7vxTApN2Lcv6Rw1MZazXsEofXFLxWCVbJBhF8pump,Newscum,So11111111111111111111111111111111111111112,SOL,2026-09-27T17:45:29Z,4.714367836312072e-05,47143.678206877,,114.0422,0.0,0.0,155861.835888598,0,0,0,0,0,0,0,0,2002,1404,861,654,snapshot,,,,,,,/home/runner/work/Solana-Memecoin-Analysis/Solana-Memecoin-Analysis/data/cache/2026-09-28/074245043747_multi_pools_d89a7e0cf430.json
2026-09-28T07:42:29.569132+00:00,4kK8yoJ2ohrDp5F6tFshUS8sboYBbTBLgCTmosKBv8i6,solana,PumpSwap,AzzCRDu99QeTgLCHmqQTgM8quLLiodjXVJ5FN5wEpump,pumpkoin,So11111111111111111111111111111111111111112,SOL,2026-09-27T20:25:50Z,2.5579435035546245e-06,2486.9736976761,,2652.3647,0.0,0.0,373367.882736042,0,0,0,0,0,0,0,0,3054,6193,602,478,snapshot,,,,,,,/home/runner/work/Solana-Memecoin-Analysis/Solana-Memecoin-Analysis/data/cache/2026-09-28/074245043747_multi_pools_d89a7e0cf430.json
2026-09-28T07:42:29.569132+00:00,GumJV1EPzb7i3oMmFnuqHwC4G8ZMPpkEeCSkBFAqo8er,solana,Pump.fun,BjisTufDR6yZEBKHynbpZXcvhXBDh6RPeHfKj3QTpump,STRIPED,So11111111111111111111111111111111111111112,SOL,2026-09-27T20:25:45Z,3.433632331692353e-06,3433.6323319999,,2715.9155,0.0,0.04410409364,127829.782926205,0,0,0,0,0,1,0,1,1532,1450,798,777,snapshot,,,,,,,/home/runner/work/Solana-Memecoin-Analysis/Solana-Memecoin-Analysis/data/cache/2026-09-28/074245043747_multi_pools_d89a7e0cf430.json
2026-09-28T07:42:29.569132+00:00,D73A46Q2yjqh6jvp8QFnCKpWH8MS1PNjGcELjH6drgux,solana,Meteora DBC,4WBpkZtNbGxZpS7z9i7tL6WsWyRG8F5xMZssLAtmgqUf,METAx,So11111111111111111111111111111111111111112,SOL,2026-09-27T20:25:45Z,5.338670323597628e-12,0.005338670324,,0.0,0.0,0.0,0.001227893998,0,0,0,0,0,0,0,0,1,0,1,0,snapshot,,,,,,,/home/runner/work/Solana-Memecoin-Analysis/Solana-Memecoin-Analysis/data/cache/2026-09-28/074245043747_multi_pools_d89a7e0cf430.json
2026-09-28T07:42:29.569132+00:00,8PtacMHtkEAZPVCuFx1HNTHVXbCsUehnz2Xbojen3YKm,solana,Meteora DAMM V2,CwCxiHcdB6DxTGeCk1HLBmRAnRpQLC6Cwbq5NXfYW88r,Musers,So11111111111111111111111111111111111111112,SOL,2026-09-27T20:25:43Z,1.4311243391011707e-05,14311.2434043112,,2.810732058e-05,0.0,0.0,70083.6538760928,0,0,0,0,0,0,0,0,455,352,325,105,snapshot,,,,,,,/home/runner/work/Solana-Memecoin-Analysis/Solana-Memecoin-Analysis/data/cache/2026-09-28/074245043747_multi_pools_d89a7e0cf430.json
2026-09-28T07:42:29.569132+00:00,B1SS1fQFxcfGivJRNgNbxSZZy5dkasAjdHjkyqj5NJEb,solana,Pump.fun,5S3aRDgfVygUKCaSWLWUWGRya5wu2VhtTYvGLunKpump,PUMP,So11111111111111111111111111111111111111112,SOL,2026-09-27T23:15:02Z,4.394247645595072e-06,8784.60246,,3279.9484,0.0,0.0,720.402526173,0,0,0,0,0,0,0,0,12,10,6,5,snapshot,,,,,,,/home/runner/work/Solana-Memecoin-Analysis/Solana-Memecoin-Analysis/data/cache/2026-09-28/074245043747_multi_pools_d89a7e0cf430.json
2026-09-28T07:42:29.569132+00:00,8MNKJHaf9MNGBtYtAkdpzzwiK7ZtXMq2dstochyFRotv,solana,Pump.fun,9xBuCxveoD8FcjG3sE8AfiS6ZwgSVit2UcvtCgWXpump,dv's  feet,So11111111111111111111111111111111111111112,SOL,2026-09-27T23:14:57Z,3.404201370755914e-06,3404.201405,,2626.8422,0.0,0.0,76.1934863316,0,0,0,0,0,0,0,0,6,6,6,6,snapshot,,,,,,,/home/runner/work/Solana-Memecoin-Analysis/Solana-Memecoin-Analysis/data/cache/2026-09-28/074245043747_multi_pools_d89a7e0cf430.json
2026-09-28T07:42:29.569132+00:00,DdawFMHHeLZRHEPCZmMDQKh7nbwQyBETKiboqHYWtWga,solana,Pump.fun,4LhZ2gaYkH4APexbuHQpNjJtn8uKiyqSPeFAYYcmpump,TT,So11111111111111111111111111111111111111112,SOL,2026-09-27T23:14:54Z,3.4021441920886774e-06,3402.144192,,2619.4742,0.0,0.0,1600.6088236834,0,0,0,0,0,0,0,0,15,15,15,15,snapshot,,,,,,,/home/runner/work/Solana-Memecoin-Analysis/Solana-Memecoin-Analysis/data/cache/2026-09-28/074245043747_multi_pools_d89a7e0cf430.json
2026-09-28T07:42:29.569132+00:00,GehngEbFezkDDiP8WXD3csv7KeoXeuBdLH75zk8zSnYv,solana,Pump.fun,4yt1SS6JL6cvTaSAcb2VZ8b7c7tnHAJKU2ZixtFkpump,FHC,So11111111111111111111111111111111111111112,SOL,2026-09-27T23:14:52Z,1.743617461802923e-06,3487.234924,,1343.2768,0.0,0.0,108.9463535098,0,0,0,0,0,0,0,0,10,9,3,4,snapshot,,,,,,,/home/runner/work/Solana-Memecoin-Analysis/Solana-Memecoin-Analysis/data/cache/2026-09-28/074245043747_multi_pools_d89a7e0cf430.json
2026-09-28T07:42:29.569132+00:00,4PfVVao9XBBvC2isLT2m2pmxgUopAHQizCuMtawZfdik,solana,Pump.fun,DyAfMfUBVekuUHkzmJfKZ3oYYfNjFWqj8YB115m8pump,RUPERT,So11111111111111111111111111111111111111112,SOL,2026-09-27T23:14:52Z,3.307627271461261e-06,3307.627271,,2627.2532,0.0,1.6734678528,3.6908977686,0,0,0,0,1,0,1,0,3,0,3,0,snapshot,,,,,,,/home/runner/work/Solana-Memecoin-Analysis/Solana-Memecoin-Analysis/data/cache/2026-09-28/074245043747_multi_pools_d89a7e0cf430.json
2026-09-28T07:42:29.569132+00:00,7HVJQvYWX2apdWi1DuqHL9xaSAniUiWdrsE3ChFgS9fC,solana,Pump.fun,7a3vBrpxjiNaycqq8ouWTUB1NrS497tHRTTZsyFxpump,memecoin,So11111111111111111111111111111111111111112,SOL,2026-09-27T23:14:44Z,3.422987775634639e-06,3422.987741,,2637.8587,0.0,0.0,4320.6142678096,0,0,0,0,0,0,0,0,58,55,49,51,snapshot,,,,,,,/home/runner/work/Solana-Memecoin-Analysis/Solana-Memecoin-Analysis/data/cache/2026-09-28/074245043747_multi_pools_d89a7e0cf430.json
2026-09-28T07:42:29.569132+00:00,4NUVgppjK1Biohf6AQYwwbQ8EvteZszm7KqXqHMMkdSj,solana,Pump.fun,DTyERaVygP6QE3gyFf44JiJ9hxWBEFRUZ8FhupbSpump,GPTCHAN,So11111111111111111111111111111111111111112,SOL,2026-09-27T23:14:42Z,3.4018875309727884e-06,3401.887531,,2619.6395,0.0,0.0,162.5857437718,0,0,0,0,0,0,0,0,16,14,14,14,snapshot,,,,,,,/home/runner/work/Solana-Memecoin-Analysis/Solana-Memecoin-Analysis/data/cache/2026-09-28/074245043747_multi_pools_d89a7e0cf430.json
2026-09-28T07:42:29.569132+00:00,9D26YyQ8gzRMmraKnFiACsgEPW2WCaTKWa1Ly5UXdWwg,solana,Pump.fun,Egmh6Bz3w7czqTTiV5f7SEZnZPKsFavugzEkc77wpump,crimingfun,So11111111111111111111111111111111111111112,SOL,2026-09-27T23:14:37Z,5.34413293515809e-06,5344.132935,,3935.487,0.0,0.0,37428.218847141,0,0,0,0,0,0,0,0,465,331,262,262,snapshot,,,,,,,/home/runner/work/Solana-Memecoin-Analysis/Solana-Memecoin-Analysis/data/cache/2026-09-28/074245043747_multi_pools_d89a7e0cf430.json
2026-09-28T07:42:29.569132+00:00,2Eg7VWCESpqfkU8YaPu1NHFmAE1ZFQnnshKJBkBRHiaU,solana,PumpSwap,9D5bQtJxpX9d4QYGM76M2F48TdNKGCiBXqDLyLxAmoon,GLDANVL,So11111111111111111111111111111111111111112,SOL,2026-09-27T23:14:35Z,0.10537627893108323,84301.02312,,0.0236,0.0,0.0,36262.5109052245,0,0,0,0,0,0,0,0,209,64,209,64,snapshot,,,,,,,/home/runner/work/Solana-Memecoin-Analysis/Solana-Memecoin-Analysis/data/cache/2026-09-28/074245043747_multi_pools_d89a7e0cf430.json
2026-09-28T07:42:29.569132+00:00,JH3HWBTy7yUADKdBse19qf7hht4qKVDB73H8FqEx8nW,solana,Meteora DAMM V2,3q952dApu1r2fi6pHotgrxrFsA2MwmNKSLWbYwzvAG22,all/in,So11111111111111111111111111111111111111112,SOL,2026-09-28T01:44:26Z,2.1360702369894476e-05,19807.5903894228,,0.000184587289388277,0.0,0.0,542493.744422348,0,0,0,0,0,0,0,0,3018,1611,1836,83,snapshot,,,,,,,/home/runner/work/Solana-Memecoin-Analysis/Solana-Memecoin-Analysis/data/cache/2026-09-28/074245043747_multi_pools_d89a7e0cf430.json
2026-09-28T07:42:29.569132+00:00,5P5puapLgFK1T3QQ3mhTwKYfV6EnFGy8WawX5oBmAQin,solana,Orca,8KLse1JEw4hY6w3kjqddyKNpAGFbKHzV26gbhxLt6bsf,Zolik,Es9vMFrzaCERmJfrF4H2FYD4KCoNkY11McCe8BenwNYB,USDT,2026-09-28T01:44:25Z,3.5577069443123278e-06,43.3803333079,,6281.9256,0.0,0.0,275.4000244469,0,0,0,0,0,0,0,0,5,0,5,0,snapshot,,,,,,,/home/runner/work/Solana-Memecoin-Analysis/Solana-Memecoin-Analysis/data/cache/2026-09-28/074245043747_multi_pools_d89a7e0cf430.json
2026-09-28T07:42:29.569132+00:00,34KsDfgNAKMMrcAus7nQwRtXyoF8BQNEB8mBXuA2gVfg,solana,Pump.fun,AiZFQsRjewkVt8pMaUTq1KFwTcq6yHaWvaSFWZrJpump,WORLPEACE,So11111111111111111111111111111111111111112,SOL,2026-09-28T01:44:13Z,1.0766303002518032e-06,2153.2606,,828.6755,0.0,0.0,129.7797800227,0,0,0,0,0,0,0,0,30,17,4,4,snapshot,,,,,,,/home/runner/work/Solana-Memecoin-Analysis/Solana-Memecoin-Analysis/data/cache/2026-09-28/074252431619_multi_pools_d1c21f4071d9.json
2026-09-28T07:42:29.569132+00:00,7kAxgJc1RwTkfzdHP3uiK7i2gF3MWiKhiut7dQJv7ebh,solana,Pump.fun,6MRborqyXGe8C1W9dBqazEi7cqTfRDvZRQ7hxSmApump,DIAMOND,So11111111111111111111111111111111111111112,SOL,2026-09-28T01:44:08Z,3.396745290959319e-06,3396.745291,,2626.5665,0.0,0.0,2799.5848425162,0,0,0,0,0,0,0,0,53,74,44,44,snapshot,,,,,,,/home/runner/work/Solana-Memecoin-Analysis/Solana-Memecoin-Analysis/data/cache/2026-09-28/074252431619_multi_pools_d1c21f4071d9.json
2026-09-28T07:42:29.569132+00:00,Drj5Z8kC33nTjqqf2Q2UoQ6qad26Wzc9aREFhAq4R6Qz,solana,PumpSwap,6UhUkSBc9RBB9gVJcjCWtcQv4t771rQF7bdn2qK7pump,INSTA,So11111111111111111111111111111111111111112,SOL,2026-09-27T23:04:15Z,0.0008344201286906632,819481.755769747,,89450.4309,823.9295130411,45176.9663388655,3401965.93839035,7,8,7,7,281,158,205,108,14171,9617,6106,4233,snapshot,,,,,,,/home/runner/work/Solana-Memecoin-Analysis/Solana-Memecoin-Analysis/data/cache/2026-09-28/074252431619_multi_pools_d1c21f4071d9.json
2026-09-28T07:42:29.569132+00:00,si9vpHXMQJFqoBwAwHUUtHrRagjYb2FBFKQwyX2gPuC,solana,PumpSwap,3iUTyNYW6xKv5kZUjtbrEDTsuJTrSVwvB3bQtxkLpump,bukangi,SKHYhSjuRWHgikq8eRKbtBbpABgJSkd7ytQV14i9EQ3,SKHY,2026-09-27T13:56:05Z,0.001141535690386569,1142078.792,,117430.7134,1489.6387322315,44844.9606841343,6042727.24367924,9,13,7,13,137,208,98,138,30167,23595,9084,7847,snapshot,,,,,,,/home/runner/work/Solana-Memecoin-Analysis/Solana-Memecoin-Analysis/data/cache/2026-09-28/074252431619_multi_pools_d1c21f4071d9.json
2026-09-28T07:42:29.569132+00:00,GZwsYYmc2a54HhX9ZGYTzo7LBChq1SSRDiV6RvvCBXzx,solana,PumpSwap,92BVgXufGjaMUyANA97dvg8LqNb5VMg2wgRfve9tPdCG,DELREY,So11111111111111111111111111111111111111112,SOL,2026-09-27T13:25:31Z,0.0007653571570113163,765357.157,,83611.6052,7614.8087620346,146928.286599894,1945594.89631725,16,26,15,24,489,508,326,293,10819,7176,3486,2781,snapshot,,,,,,,/home/runner/work/Solana-Memecoin-Analysis/Solana-Memecoin-Analysis/data/cache/2026-09-28/074252431619_multi_pools_d1c21f4071d9.json
2026-09-28T07:42:29.569132+00:00,GLE7xAHyVCnhv2yiBqdNrWJHD6cMnTMQhEYrGPdvWkaw,solana,Pump.fun,GaxjzrsyqYo2YXqEeNZGsm7wJCWi4cxQhXHkWWyJpump,Rider,So11111111111111111111111111111111111111112,SOL,2026-09-28T07:41:47Z,6.3926948536553145e-09,26.74964832,,13.1555,580.5807450133,580.5807450133,580.5807450133,86,88,27,16,86,88,27,16,86,88,27,16,snapshot,,,,,,,/home/runner/work/Solana-Memecoin-Analysis/Solana-Memecoin-Analysis/data/cache/2026-09-28/074252431619_multi_pools_d1c21f4071d9.json
2026-09-28T07:42:29.569132+00:00,9AnmWcYmAXVmc2uFB38aPt7gioLmzZkB2qbY1dfStpHH,solana,Pump.fun,CvFrxPqeLo1HhJa6onxsd7WRkewmwKtCb8YVjz7Hpump,CHONKS,So11111111111111111111111111111111111111112,SOL,2026-09-28T07:41:46Z,5.4170673697189886e-06,10834.13474,,4285.53558332554,38.6213508672,38.6213508672,38.6213508672,3,1,2,1,3,1,2,1,3,1,2,1,snapshot,,,,,,,/home/runner/work/Solana-Memecoin-Analysis/Solana-Memecoin-Analysis/data/cache/2026-09-28/074252431619_multi_pools_d1c21f4071d9.json
2026-09-28T07:42:29.569132+00:00,42K3pzTArPBitB4F1ALYQm2qoCoUJy9L8eX7gqy1mGgM,solana,Pump.fun,2psZVyyoRwybfLZPXfSLwGijd6nDdK5STeyv6Wcjpump,MLK,So11111111111111111111111111111111111111112,SOL,2026-09-28T07:41:26Z,2.4384749506051737e-06,3480.610048,,4601.0198,124.8677332011,124.8677332011,124.8677332011,19,19,2,1,19,19,2,1,19,19,2,1,snapshot,,,,,,,/home/runner/work/Solana-Memecoin-Analysis/Solana-Memecoin-Analysis/data/cache/2026-09-28/074252431619_multi_pools_d1c21f4071d9.json
2026-09-28T07:42:29.569132+00:00,4b1TJHJayTvtmiLGfZ87os7hQgRspGbp9f3SAAXARaqy,solana,Pump.fun,6rUxzHbCqJJZUrzsubFTrLDmJWDG9UyRVz7W1jjQdwMa,MINTCLIP,So11111111111111111111111111111111111111112,SOL,2026-09-28T07:41:24Z,3.949730161958646e-06,4016.55051,,3147.9971,389.0111964,389.0111964,389.0111964,16,4,16,4,16,4,16,4,16,4,16,4,snapshot,,,,,,,/home/runner/work/Solana-Memecoin-Analysis/Solana-Memecoin-Analysis/data/cache/2026-09-28/074252431619_multi_pools_d1c21f4071d9.json
2026-09-28T07:42:29.569132+00:00,3BKVYcJgqmzHRQCg3NgifEC77hQLczyZ8kmZyvwMwREb,solana,Meteora DAMM V2,GFCg1WqNBHwRHHaw5eXH2SioKTpuqjcCn8tznxPunvSZ,TEST1,So11111111111111111111111111111111111111112,SOL,2026-09-28T07:41:22Z,2.9288377403806637e-06,2928.83774,,2.92883384380444,0.5620994246,0.5620994246,0.5620994246,1,0,1,0,1,0,1,0,1,0,1,0,snapshot,,,,,,,/home/runner/work/Solana-Memecoin-Analysis/Solana-Memecoin-Analysis/data/cache/2026-09-28/074252431619_multi_pools_d1c21f4071d9.json
2026-09-28T07:42:29.569132+00:00,FkaYyJ7YUA8FpbQiZo6fH9iRBLGifRoaAafV5vJFBztA,solana,Pump.fun,7cE5SmNbSWazw755o5PuDqiHmXQTok4ib8JUGe2Npump,VTOR,So11111111111111111111111111111111111111112,SOL,2026-09-28T07:41:14Z,3.481245710841361e-06,3481.245711,,2758.5355,373.4449647798,373.4449647798,373.4449647798,18,8,18,8,18,8,18,8,18,8,18,8,snapshot,,,,,,,/home/runner/work/Solana-Memecoin-Analysis/Solana-Memecoin-Analysis/data/cache/2026-09-28/074252431619_multi_pools_d1c21f4071d9.json
2026-09-28T07:40:00+00:00,Drj5Z8kC33nTjqqf2Q2UoQ6qad26Wzc9aREFhAq4R6Qz,solana,PumpSwap,,,,,2026-09-27T23:04:15Z,0.0008344201286906632,,,,,,,,,,,,,,,,,,,ohlcv_backfill,minute,0.0008490750492332568,0.000856344774540996,0.0008253342031689397,0.0008344201286906632,824.2918305861879,/home/runner/work/Solana-Memecoin-Analysis/Solana-Memecoin-Analysis/data/cache/2026-09-28/074259888557_ohlcv_9269f4a92a0e.json
2026-09-28T07:35:00+00:00,Drj5Z8kC33nTjqqf2Q2UoQ6qad26Wzc9aREFhAq4R6Qz,solana,PumpSwap,,,,,2026-09-27T23:04:15Z,0.0008490750492332568,,,,,,,,,,,,,,,,,,,ohlcv_backfill,minute,0.0007823367731666667,0.0008692712164278031,0.0007599658993222161,0.0008490750492332568,7296.001185778359,/home/runner/work/Solana-Memecoin-Analysis/Solana-Memecoin-Analysis/data/cache/2026-09-28/074259888557_ohlcv_9269f4a92a0e.json
2026-09-28T07:30:00+00:00,Drj5Z8kC33nTjqqf2Q2UoQ6qad26Wzc9aREFhAq4R6Qz,solana,PumpSwap,,,,,2026-09-27T23:04:15Z,0.0007823367731666667,,,,,,,,,,,,,,,,,,,ohlcv_backfill,minute,0.0008152058641864665,0.0008228162309858652,0.0007591475824831427,0.0007823367731666667,2448.526534608621,/home/runner/work/Solana-Memecoin-Analysis/Solana-Memecoin-Analysis/data/cache/2026-09-28/074259888557_ohlcv_9269f4a92a0e.json
2026-09-28T07:25:00+00:00,Drj5Z8kC33nTjqqf2Q2UoQ6qad26Wzc9aREFhAq4R6Qz,solana,PumpSwap,,,,,2026-09-27T23:04:15Z,0.0008152058641864665,,,,,,,,,,,,,,,,,,,ohlcv_backfill,minute,0.0008344143308282001,0.0008447610374608395,0.0008115634922330405,0.0008152058641864665,3342.2643990517167,/home/runner/work/Solana-Memecoin-Analysis/Solana-Memecoin-Analysis/data/cache/2026-09-28/074259888557_ohlcv_9269f4a92a0e.json
2026-09-28T07:20:00+00:00,Drj5Z8kC33nTjqqf2Q2UoQ6qad26Wzc9aREFhAq4R6Qz,solana,PumpSwap,,,,,2026-09-27T23:04:15Z,0.0008344143308282001,,,,,,,,,,,,,,,,,,,ohlcv_backfill,minute,0.0007674305108388505,0.0008384588725562013,0.0007610140554399609,0.0008344143308282001,5319.565900783421,/home/runner/work/Solana-Memecoin-Analysis/Solana-Memecoin-Analysis/data/cache/2026-09-28/074259888557_ohlcv_9269f4a92a0e.json
2026-09-28T07:15:00+00:00,Drj5Z8kC33nTjqqf2Q2UoQ6qad26Wzc9aREFhAq4R6Qz,solana,PumpSwap,,,,,2026-09-27T23:04:15Z,0.0007674305108388505,,,,,,,,,,,,,,,,,,,ohlcv_backfill,minute,0.0007179774528096899,0.0007674305108388505,0.0007047511317277559,0.0007674305108388505,4158.318984444269,/home/runner/work/Solana-Memecoin-Analysis/Solana-Memecoin-Analysis/data/cache/2026-09-28/074259888557_ohlcv_9269f4a92a0e.json
2026-09-28T07:10:00+00:00,Drj5Z8kC33nTjqqf2Q2UoQ6qad26Wzc9aREFhAq4R6Qz,solana,PumpSwap,,,,,2026-09-27T23:04:15Z,0.0007179774528096899,,,,,,,,,,,,,,,,,,,ohlcv_backfill,minute,0.0008012258646445909,0.0008012258646445909,0.0007175114846450478,0.0007179774528096899,6074.949972330347,/home/runner/work/Solana-Memecoin-Analysis/Solana-Memecoin-Analysis/data/cache/2026-09-28/074259888557_ohlcv_9269f4a92a0e.json
2026-09-28T07:05:00+00:00,Drj5Z8kC33nTjqqf2Q2UoQ6qad26Wzc9aREFhAq4R6Qz,solana,PumpSwap,,,,,2026-09-27T23:04:15Z,0.0008012258646445909,,,,,,,,,,,,,,,,,,,ohlcv_backfill,minute,0.0008129348664905269,0.0008297626135756033,0.0007980992836069668,0.0008012258646445909,1567.4554587907892,/home/runner/work/Solana-Memecoin-Analysis/Solana-Memecoin-Analysis/data/cache/2026-09-28/074259888557_ohlcv_9269f4a92a0e.json
2026-09-28T07:00:00+00:00,Drj5Z8kC33nTjqqf2Q2UoQ6qad26Wzc9aREFhAq4R6Qz,solana,PumpSwap,,,,,2026-09-27T23:04:15Z,0.0008129348664905269,,,,,,,,,,,,,,,,,,,ohlcv_backfill,minute,0.0007911900064472886,0.0008129348664905269,0.0007909665304471173,0.0008129348664905269,1601.3531283885632,/home/runner/work/Solana-Memecoin-Analysis/Solana-Memecoin-Analysis/data/cache/2026-09-28/074259888557_ohlcv_9269f4a92a0e.json
2026-09-28T06:55:00+00:00,Drj5Z8kC33nTjqqf2Q2UoQ6qad26Wzc9aREFhAq4R6Qz,solana,PumpSwap,,,,,2026-09-27T23:04:15Z,0.0007911900064472886,,,,,,,,,,,,,,,,,,,ohlcv_backfill,minute,0.0007502496415084174,0.0007911900064472886,0.0007253780268517229,0.0007911900064472886,5648.9221533965565,/home/runner/work/Solana-Memecoin-Analysis/Solana-Memecoin-Analysis/data/cache/2026-09-28/074259888557_ohlcv_9269f4a92a0e.json
2026-09-28T06:50:00+00:00,Drj5Z8kC33nTjqqf2Q2UoQ6qad26Wzc9aREFhAq4R6Qz,solana,PumpSwap,,,,,2026-09-27T23:04:15Z,0.0007502496415084174,,,,,,,,,,,,,,,,,,,ohlcv_backfill,minute,0.0007245764360337457,0.0007509263673503165,0.0007233013053105297,0.0007502496415084174,1729.9776038585169,/home/runner/work/Solana-Memecoin-Analysis/Solana-Memecoin-Analysis/data/cache/2026-09-28/074259888557_ohlcv_9269f4a92a0e.json
2026-09-28T06:45:00+00:00,Drj5Z8kC33nTjqqf2Q2UoQ6qad26Wzc9aREFhAq4R6Qz,solana,PumpSwap,,,,,2026-09-27T23:04:15Z,0.0007245764360337457,,,,,,,,,,,,,,,,,,,ohlcv_backfill,minute,0.0006965401064877279,0.0007347760866561856,0.000686121614056038,0.0007245764360337457,5165.7015043932115,/home/runner/work/Solana-Memecoin-Analysis/Solana-Memecoin-Analysis/data/cache/2026-09-28/074259888557_ohlcv_9269f4a92a0e.json
2026-09-28T06:40:00+00:00,Drj5Z8kC33nTjqqf2Q2UoQ6qad26Wzc9aREFhAq4R6Qz,solana,PumpSwap,,,,,2026-09-27T23:04:15Z,0.0006965401064877279,,,,,,,,,,,,,,,,,,,ohlcv_backfill,minute,0.0007489923329292792,0.000755857827363578,0.0006777044215505552,0.0006965401064877279,6951.168554619364,/home/runner/work/Solana-Memecoin-Analysis/Solana-Memecoin-Analysis/data/cache/2026-09-28/074259888557_ohlcv_9269f4a92a0e.json
2026-09-28T06:35:00+00:00,Drj5Z8kC33nTjqqf2Q2UoQ6qad26Wzc9aREFhAq4R6Qz,solana,PumpSwap,,,,,2026-09-27T23:04:15Z,0.0007489923329292792,,,,,,,,,,,,,,,,,,,ohlcv_backfill,minute,0.0008134952881714792,0.0008237189232370049,0.0007489923329292792,0.0007489923329292792,2436.053504611862,/home/runner/work/Solana-Memecoin-Analysis/Solana-Memecoin-Analysis/data/cache/2026-09-28/074259888557_ohlcv_9269f4a92a0e.json
2026-09-28T06:30:00+00:00,Drj5Z8kC33nTjqqf2Q2UoQ6qad26Wzc9aREFhAq4R6Qz,solana,PumpSwap,,,,,2026-09-27T23:04:15Z,0.0008134952881714792,,,,,,,,,,,,,,,,,,,ohlcv_backfill,minute,0.0008269965860306526,0.0008389246937069407,0.0008120067061906366,0.0008134952881714792,1573.132496158437,/home/runner/work/Solana-Memecoin-Analysis/Solana-Memecoin-Analysis/data/cache/2026-09-28/074259888557_ohlcv_9269f4a92a0e.json
2026-09-28T06:25:00+00:00,Drj5Z8kC33nTjqqf2Q2UoQ6qad26Wzc9aREFhAq4R6Qz,solana,PumpSwap,,,,,2026-09-27T23:04:15Z,0.0008269965860306526,,,,,,,,,,,,,,,,,,,ohlcv_backfill,minute,0.0008541093577042812,0.0009194542893246531,0.0008269965860306526,0.0008269965860306526,9128.71174344634,/home/runner/work/Solana-Memecoin-Analysis/Solana-Memecoin-Analysis/data/cache/2026-09-28/074259888557_ohlcv_9269f4a92a0e.json
2026-09-28T06:20:00+00:00,Drj5Z8kC33nTjqqf2Q2UoQ6qad26Wzc9aREFhAq4R6Qz,solana,PumpSwap,,,,,2026-09-27T23:04:15Z,0.0008541093577042812,,,,,,,,,,,,,,,,,,,ohlcv_backfill,minute,0.0007569722377204878,0.0008653566130240589,0.0007569722377204878,0.0008541093577042812,8606.653048678767,/home/runner/work/Solana-Memecoin-Analysis/Solana-Memecoin-Analysis/data/cache/2026-09-28/074259888557_ohlcv_9269f4a92a0e.json
2026-09-28T06:15:00+00:00,Drj5Z8kC33nTjqqf2Q2UoQ6qad26Wzc9aREFhAq4R6Qz,solana,PumpSwap,,,,,2026-09-27T23:04:15Z,0.0007569722377204878,,,,,,,,,,,,,,,,,,,ohlcv_backfill,minute,0.0007553788498921155,0.0007718150171653006,0.0007452194702790811,0.0007569722377204878,1593.7477499839476,/home/runner/work/Solana-Memecoin-Analysis/Solana-Memecoin-Analysis/data/cache/2026-09-28/074259888557_ohlcv_9269f4a92a0e.json
2026-09-28T06:10:00+00:00,Drj5Z8kC33nTjqqf2Q2UoQ6qad26Wzc9aREFhAq4R6Qz,solana,PumpSwap,,,,,2026-09-27T23:04:15Z,0.0007553788498921155,,,,,,,,,,,,,,,,,,,ohlcv_backfill,minute,0.0007438143977010566,0.000777116682312597,0.0007364368669111725,0.0007553788498921155,2709.182655587799,/home/runner/work/Solana-Memecoin-Analysis/Solana-Memecoin-Analysis/data/cache/2026-09-28/074259888557_ohlcv_9269f4a92a0e.json
2026-09-28T06:05:00+00:00,Drj5Z8kC33nTjqqf2Q2UoQ6qad26Wzc9aREFhAq4R6Qz,solana,PumpSwap,,,,,2026-09-27T23:04:15Z,0.0007438143977010566,,,,,,,,,,,,,,,,,,,ohlcv_backfill,minute,0.0007599161399015729,0.0007806450082939183,0.0007340937078554275,0.0007438143977010566,2719.9049364673306,/home/runner/work/Solana-Memecoin-Analysis/Solana-Memecoin-Analysis/data/cache/2026-09-28/074259888557_ohlcv_9269f4a92a0e.json
2026-09-28T06:00:00+00:00,Drj5Z8kC33nTjqqf2Q2UoQ6qad26Wzc9aREFhAq4R6Qz,solana,PumpSwap,,,,,2026-09-27T23:04:15Z,0.0007599161399015729,,,,,,,,,,,,,,,,,,,ohlcv_backfill,minute,0.0006918838511530424,0.0007944881161519624,0.0006544061347823695,0.0007599161399015729,18221.210962701018,/home/runner/work/Solana-Memecoin-Analysis/Solana-Memecoin-Analysis/data/cache/2026-09-28/074259888557_ohlcv_9269f4a92a0e.json
2026-09-28T05:55:00+00:00,Drj5Z8kC33nTjqqf2Q2UoQ6qad26Wzc9aREFhAq4R6Qz,solana,PumpSwap,,,,,2026-09-27T23:04:15Z,0.0006918838511530424,,,,,,,,,,,,,,,,,,,ohlcv_backfill,minute,0.0007925495368384677,0.0007925495368384677,0.0006497126201256095,0.0006918838511530424,12720.63516118732,/home/runner/work/Solana-Memecoin-Analysis/Solana-Memecoin-Analysis/data/cache/2026-09-28/074259888557_ohlcv_9269f4a92a0e.json
2026-09-28T05:50:00+00:00,Drj5Z8kC33nTjqqf2Q2UoQ6qad26Wzc9aREFhAq4R6Qz,solana,PumpSwap,,,,,2026-09-27T23:04:15Z,0.0007925495368384677,,,,,,,,,,,,,,,,,,,ohlcv_backfill,minute,0.0009026133657318673,0.0009137246115827434,0.0007449624011162916,0.0007925495368384677,10885.617041293079,/home/runner/work/Solana-Memecoin-Analysis/Solana-Memecoin-Analysis/data/cache/2026-09-28/074259888557_ohlcv_9269f4a92a0e.json
2026-09-28T05:45:00+00:00,Drj5Z8kC33nTjqqf2Q2UoQ6qad26Wzc9aREFhAq4R6Qz,solana,PumpSwap,,,,,2026-09-27T23:04:15Z,0.0009026133657318673,,,,,,,,,,,,,,,,,,,ohlcv_backfill,minute,0.0008999184202926934,0.0009240636189867481,0.0008998824897172361,0.0009026133657318673,1846.6492656602782,/home/runner/work/Solana-Memecoin-Analysis/Solana-Memecoin-Analysis/data/cache/2026-09-28/074259888557_ohlcv_9269f4a92a0e.json
2026-09-28T05:40:00+00:00,Drj5Z8kC33nTjqqf2Q2UoQ6qad26Wzc9aREFhAq4R6Qz,solana,PumpSwap,,,,,2026-09-27T23:04:15Z,0.0008999184202926934,,,,,,,,,,,,,,,,,,,ohlcv_backfill,minute,0.0009196879305629168,0.0009201079185013992,0.0008704993816553494,0.0008999184202926934,4521.702121971755,/home/runner/work/Solana-Memecoin-Analysis/Solana-Memecoin-Analysis/data/cache/2026-09-28/074259888557_ohlcv_9269f4a92a0e.json
2026-09-28T05:35:00+00:00,Drj5Z8kC33nTjqqf2Q2UoQ6qad26Wzc9aREFhAq4R6Qz,solana,PumpSwap,,,,,2026-09-27T23:04:15Z,0.0009196879305629168,,,,,,,,,,,,,,,,,,,ohlcv_backfill,minute,0.0009029728881583918,0.0009293883179060565,0.0009028471723787899,0.0009196879305629168,2293.2810710338385,/home/runner/work/Solana-Memecoin-Analysis/Solana-Memecoin-Analysis/data/cache/2026-09-28/074259888557_ohlcv_9269f4a92a0e.json
2026-09-28T05:30:00+00:00,Drj5Z8kC33nTjqqf2Q2UoQ6qad26Wzc9aREFhAq4R6Qz,solana,PumpSwap,,,,,2026-09-27T23:04:15Z,0.0009029728881583918,,,,,,,,,,,,,,,,,,,ohlcv_backfill,minute,0.0008892456878294127,0.0009292226344516287,0.0008762692447352896,0.0009029728881583918,4135.711724006872,/home/runner/work/Solana-Memecoin-Analysis/Solana-Memecoin-Analysis/data/cache/2026-09-28/074259888557_ohlcv_9269f4a92a0e.json
2026-09-28T05:25:00+00:00,Drj5Z8kC33nTjqqf2Q2UoQ6qad26Wzc9aREFhAq4R6Qz,solana,PumpSwap,,,,,2026-09-27T23:04:15Z,0.0008892456878294127,,,,,,,,,,,,,,,,,,,ohlcv_backfill,minute,0.0008144117914579884,0.0008892456878294127,0.0008144117914579884,0.0008892456878294127,5996.775334648621,/home/runner/work/Solana-Memecoin-Analysis/Solana-Memecoin-Analysis/data/cache/2026-09-28/074259888557_ohlcv_9269f4a92a0e.json
2026-09-28T05:20:00+00:00,Drj5Z8kC33nTjqqf2Q2UoQ6qad26Wzc9aREFhAq4R6Qz,solana,PumpSwap,,,,,2026-09-27T23:04:15Z,0.0008144117914579884,,,,,,,,,,,,,,,,,,,ohlcv_backfill,minute,0.0008496175848600766,0.0008813689957908132,0.0008144107787613984,0.0008144117914579884,3910.2646925180356,/home/runner/work/Solana-Memecoin-Analysis/Solana-Memecoin-Analysis/data/cache/2026-09-28/074259888557_ohlcv_9269f4a92a0e.json
2026-09-28T05:15:00+00:00,Drj5Z8kC33nTjqqf2Q2UoQ6qad26Wzc9aREFhAq4R6Qz,solana,PumpSwap,,,,,2026-09-27T23:04:15Z,0.0008496175848600766,,,,,,,,,,,,,,,,,,,ohlcv_backfill,minute,0.0007790104440452956,0.0008703904440737793,0.0007790104440452956,0.0008496175848600766,8168.840278035835,/home/runner/work/Solana-Memecoin-Analysis/Solana-Memecoin-Analysis/data/cache/2026-09-28/074259888557_ohlcv_9269f4a92a0e.json
2026-09-28T05:10:00+00:00,Drj5Z8kC33nTjqqf2Q2UoQ6qad26Wzc9aREFhAq4R6Qz,solana,PumpSwap,,,,,2026-09-27T23:04:15Z,0.0007790104440452956,,,,,,,,,,,,,,,,,,,ohlcv_backfill,minute,0.0008945836976885496,0.0009396733586908032,0.0007240264836316045,0.0007790104440452956,17076.11476227846,/home/runner/work/Solana-Memecoin-Analysis/Solana-Memecoin-Analysis/data/cache/2026-09-28/074259888557_ohlcv_9269f4a92a0e.json
2026-09-28T05:05:00+00:00,Drj5Z8kC33nTjqqf2Q2UoQ6qad26Wzc9aREFhAq4R6Qz,solana,PumpSwap,,,,,2026-09-27T23:04:15Z,0.0008945836976885496,,,,,,,,,,,,,,,,,,,ohlcv_backfill,minute,0.0009261821735250739,0.0009540812961670667,0.0008834147494694761,0.0008945836976885496,10566.140422237264,/home/runner/work/Solana-Memecoin-Analysis/Solana-Memecoin-Analysis/data/cache/2026-09-28/074259888557_ohlcv_9269f4a92a0e.json
2026-09-28T05:00:00+00:00,Drj5Z8kC33nTjqqf2Q2UoQ6qad26Wzc9aREFhAq4R6Qz,solana,PumpSwap,,,,,2026-09-27T23:04:15Z,0.0009261821735250739,,,,,,,,,,,,,,,,,,,ohlcv_backfill,minute,0.001146879622289113,0.0011720713309159808,0.0009250609993962689,0.0009261821735250739,12663.771260812915,/home/runner/work/Solana-Memecoin-Analysis/Solana-Memecoin-Analysis/data/cache/2026-09-28/074259888557_ohlcv_9269f4a92a0e.json
2026-09-28T04:55:00+00:00,Drj5Z8kC33nTjqqf2Q2UoQ6qad26Wzc9aREFhAq4R6Qz,solana,PumpSwap,,,,,2026-09-27T23:04:15Z,0.001146879622289113,,,,,,,,,,,,,,,,,,,ohlcv_backfill,minute,0.0011236093627799324,0.0011548206093098107,0.0011216229264540477,0.001146879622289113,3536.179455855461,/home/runner/work/Solana-Memecoin-Analysis/Solana-Memecoin-Analysis/data/cache/2026-09-28/074259888557_ohlcv_9269f4a92a0e.json
2026-09-28T04:50:00+00:00,Drj5Z8kC33nTjqqf2Q2UoQ6qad26Wzc9aREFhAq4R6Qz,solana,PumpSwap,,,,,2026-09-27T23:04:15Z,0.0011236093627799324,,,,,,,,,,,,,,,,,,,ohlcv_backfill,minute,0.0011457291818849746,0.0011652725423988719,0.0011180838958386057,0.0011236093627799324,3049.5383326922856,/home/runner/work/Solana-Memecoin-Analysis/Solana-Memecoin-Analysis/data/cache/2026-09-28/074259888557_ohlcv_9269f4a92a0e.json
2026-09-28T04:45:00+00:00,Drj5Z8kC33nTjqqf2Q2UoQ6qad26Wzc9aREFhAq4R6Qz,solana,PumpSwap,,,,,2026-09-27T23:04:15Z,0.0011457291818849746,,,,,,,,,,,,,,,,,,,ohlcv_backfill,minute,0.0010917792007706022,0.0011544448817864682,0.0010909485305987652,0.0011457291818849746,3179.963387122527,/home/runner/work/Solana-Memecoin-Analysis/Solana-Memecoin-Analysis/data/cache/2026-09-28/074259888557_ohlcv_9269f4a92a0e.json
2026-09-28T04:40:00+00:00,Drj5Z8kC33nTjqqf2Q2UoQ6qad26Wzc9aREFhAq4R6Qz,solana,PumpSwap,,,,,2026-09-27T23:04:15Z,0.0010917792007706022,,,,,,,,,,,,,,,,,,,ohlcv_backfill,minute,0.0010523381111277258,0.0011680766674744074,0.001040214999649794,0.0010917792007706022,7721.602062355382,/home/runner/work/Solana-Memecoin-Analysis/Solana-Memecoin-Analysis/data/cache/2026-09-28/074259888557_ohlcv_9269f4a92a0e.json
2026-09-28T04:35:00+00:00,Drj5Z8kC33nTjqqf2Q2UoQ6qad26Wzc9aREFhAq4R6Qz,solana,PumpSwap,,,,,2026-09-27T23:04:15Z,0.0010523381111277258,,,,,,,,,,,,,,,,,,,ohlcv_backfill,minute,0.0010040191491340062,0.0010635758237583191,0.0009868061748668539,0.0010523381111277258,4281.399032695937,/home/runner/work/Solana-Memecoin-Analysis/Solana-Memecoin-Analysis/data/cache/2026-09-28/074259888557_ohlcv_9269f4a92a0e.json
2026-09-28T04:30:00+00:00,Drj5Z8kC33nTjqqf2Q2UoQ6qad26Wzc9aREFhAq4R6Qz,solana,PumpSwap,,,,,2026-09-27T23:04:15Z,0.0010040191491340062,,,,,,,,,,,,,,,,,,,ohlcv_backfill,minute,0.0010328019762817452,0.0010413852021721097,0.0009914611269451552,0.0010040191491340062,3281.277055423956,/home/runner/work/Solana-Memecoin-Analysis/Solana-Memecoin-Analysis/data/cache/2026-09-28/074259888557_ohlcv_9269f4a92a0e.json
2026-09-28T04:25:00+00:00,Drj5Z8kC33nTjqqf2Q2UoQ6qad26Wzc9aREFhAq4R6Qz,solana,PumpSwap,,,,,2026-09-27T23:04:15Z,0.0010328019762817452,,,,,,,,,,,,,,,,,,,ohlcv_backfill,minute,0.0009087082226390958,0.0010359600410404944,0.0008979014368524858,0.0010328019762817452,8419.159097042979,/home/runner/work/Solana-Memecoin-Analysis/Solana-Memecoin-Analysis/data/cache/2026-09-28/074259888557_ohlcv_9269f4a92a0e.json
2026-09-28T04:20:00+00:00,Drj5Z8kC33nTjqqf2Q2UoQ6qad26Wzc9aREFhAq4R6Qz,solana,PumpSwap,,,,,2026-09-27T23:04:15Z,0.0009087082226390958,,,,,,,,,,,,,,,,,,,ohlcv_backfill,minute,0.0009637891123437557,0.000992530622285488,0.0008872696542900676,0.0009087082226390958,12085.862634286343,/home/runner/work/Solana-Memecoin-Analysis/Solana-Memecoin-Analysis/data/cache/2026-09-28/074259888557_ohlcv_9269f4a92a0e.json
2026-09-28T04:15:00+00:00,Drj5Z8kC33nTjqqf2Q2UoQ6qad26Wzc9aREFhAq4R6Qz,solana,PumpSwap,,,,,2026-09-27T23:04:15Z,0.0009637891123437557,,,,,,,,,,,,,,,,,,,ohlcv_backfill,minute,0.001094447849569135,0.0011074473070715855,0.0009501867542386167,0.0009637891123437557,8904.523729994577,/home/runner/work/Solana-Memecoin-Analysis/Solana-Memecoin-Analysis/data/cache/2026-09-28/074259888557_ohlcv_9269f4a92a0e.json
2026-09-28T04:10:00+00:00,Drj5Z8kC33nTjqqf2Q2UoQ6qad26Wzc9aREFhAq4R6Qz,solana,PumpSwap,,,,,2026-09-27T23:04:15Z,0.001094447849569135,,,,,,,,,,,,,,,,,,,ohlcv_backfill,minute,0.001183251294691439,0.0011865678794253389,0.0010889719874942394,0.001094447849569135,4072.6841570432234,/home/runner/work/Solana-Memecoin-Analysis/Solana-Memecoin-Analysis/data/cache/2026-09-28/074259888557_ohlcv_9269f4a92a0e.json
2026-09-28T04:05:00+00:00,Drj5Z8kC33nTjqqf2Q2UoQ6qad26Wzc9aREFhAq4R6Qz,solana,PumpSwap,,,,,2026-09-27T23:04:15Z,0.001183251294691439,,,,,,,,,,,,,,,,,,,ohlcv_backfill,minute,0.0011697411588021932,0.001239312555601001,0.001156937888636899,0.001183251294691439,7340.657296659045,/home/runner/work/Solana-Memecoin-Analysis/Solana-Memecoin-Analysis/data/cache/2026-09-28/074259888557_ohlcv_9269f4a92a0e.json
2026-09-28T04:00:00+00:00,Drj5Z8kC33nTjqqf2Q2UoQ6qad26Wzc9aREFhAq4R6Qz,solana,PumpSwap,,,,,2026-09-27T23:04:15Z,0.0011697411588021932,,,,,,,,,,,,,,,,,,,ohlcv_backfill,minute,0.0010821827934462708,0.0011697411588021932,0.0010769271202808104,0.0011697411588021932,3726.910494444239,/home/runner/work/Solana-Memecoin-Analysis/Solana-Memecoin-Analysis/data/cache/2026-09-28/074259888557_ohlcv_9269f4a92a0e.json
2026-09-28T03:55:00+00:00,Drj5Z8kC33nTjqqf2Q2UoQ6qad26Wzc9aREFhAq4R6Qz,solana,PumpSwap,,,,,2026-09-27T23:04:15Z,0.0010821827934462708,,,,,,,,,,,,,,,,,,,ohlcv_backfill,minute,0.0009912461780247981,0.001099423014203391,0.0009818281225397781,0.0010821827934462708,7655.230407431809,/home/runner/work/Solana-Memecoin-Analysis/Solana-Memecoin-Analysis/data/cache/2026-09-28/074259888557_ohlcv_9269f4a92a0e.json
2026-09-28T03:50:00+00:00,Drj5Z8kC33nTjqqf2Q2UoQ6qad26Wzc9aREFhAq4R6Qz,solana,PumpSwap,,,,,2026-09-27T23:04:15Z,0.0009912461780247981,,,,,,,,,,,,,,,,,,,ohlcv_backfill,minute,0.0009719537144058713,0.0010008257119288797,0.0009600120494221666,0.0009912461780247981,1795.8027616993647,/home/runner/work/Solana-Memecoin-Analysis/Solana-Memecoin-Analysis/data/cache/2026-09-28/074259888557_ohlcv_9269f4a92a0e.json
2026-09-28T03:45:00+00:00,Drj5Z8kC33nTjqqf2Q2UoQ6qad26Wzc9aREFhAq4R6Qz,solana,PumpSwap,,,,,2026-09-27T23:04:15Z,0.0009719537144058713,,,,,,,,,,,,,,,,,,,ohlcv_backfill,minute,0.0009682898623114479,0.0009987841101454713,0.0009466695305996142,0.0009719537144058713,7223.158484514115,/home/runner/work/Solana-Memecoin-Analysis/Solana-Memecoin-Analysis/data/cache/2026-09-28/074259888557_ohlcv_9269f4a92a0e.json
2026-09-28T03:40:00+00:00,Drj5Z8kC33nTjqqf2Q2UoQ6qad26Wzc9aREFhAq4R6Qz,solana,PumpSwap,,,,,2026-09-27T23:04:15Z,0.0009682898623114479,,,,,,,,,,,,,,,,,,,ohlcv_backfill,minute,0.0010179361768550851,0.0010423286641152902,0.0009682898623114479,0.0009682898623114479,3835.2956361965066,/home/runner/work/Solana-Memecoin-Analysis/Solana-Memecoin-Analysis/data/cache/2026-09-28/074259888557_ohlcv_9269f4a92a0e.json
2026-09-28T03:35:00+00:00,Drj5Z8kC33nTjqqf2Q2UoQ6qad26Wzc9aREFhAq4R6Qz,solana,PumpSwap,,,,,2026-09-27T23:04:15Z,0.0010179361768550851,,,,,,,,,,,,,,,,,,,ohlcv_backfill,minute,0.000998112962554423,0.001022765926033369,0.0009701486271587407,0.0010179361768550851,4685.945650908187,/home/runner/work/Solana-Memecoin-Analysis/Solana-Memecoin-Analysis/data/cache/2026-09-28/074259888557_ohlcv_9269f4a92a0e.json
2026-09-28T03:30:00+00:00,Drj5Z8kC33nTjqqf2Q2UoQ6qad26Wzc9aREFhAq4R6Qz,solana,PumpSwap,,,,,2026-09-27T23:04:15Z,0.000998112962554423,,,,,,,,,,,,,,,,,,,ohlcv_backfill,minute,0.0009438824314858893,0.000998112962554423,0.0008561250046735284,0.000998112962554423,10308.614629257585,/home/runner/work/Solana-Memecoin-Analysis/Solana-Memecoin-Analysis/data/cache/2026-09-28/074259888557_ohlcv_9269f4a92a0e.json
2026-09-28T03:25:00+00:00,Drj5Z8kC33nTjqqf2Q2UoQ6qad26Wzc9aREFhAq4R6Qz,solana,PumpSwap,,,,,2026-09-27T23:04:15Z,0.0009438824314858893,,,,,,,,,,,,,,,,,,,ohlcv_backfill,minute,0.001042394375081229,0.001044896333397977,0.0009253334535313207,0.0009438824314858893,4897.177015810688,/home/runner/work/Solana-Memecoin-Analysis/Solana-Memecoin-Analysis/data/cache/2026-09-28/074259888557_ohlcv_9269f4a92a0e.json
2026-09-28T03:20:00+00:00,Drj5Z8kC33nTjqqf2Q2UoQ6qad26Wzc9aREFhAq4R6Qz,solana,PumpSwap,,,,,2026-09-27T23:04:15Z,0.001042394375081229,,,,,,,,,,,,,,,,,,,ohlcv_backfill,minute,0.0011528824933113551,0.0011618194618952741,0.0010165744275753242,0.001042394375081229,6791.377021368128,/home/runner/work/Solana-Memecoin-Analysis/Solana-Memecoin-Analysis/data/cache/2026-09-28/074259888557_ohlcv_9269f4a92a0e.json
2026-09-28T03:15:00+00:00,Drj5Z8kC33nTjqqf2Q2UoQ6qad26Wzc9aREFhAq4R6Qz,solana,PumpSwap,,,,,2026-09-27T23:04:15Z,0.0011528824933113551,,,,,,,,,,,,,,,,,,,ohlcv_backfill,minute,0.0010233949550029484,0.0012699391918371916,0.0009647890186624786,0.0011528824933113551,25683.368154532018,/home/runner/work/Solana-Memecoin-Analysis/Solana-Memecoin-Analysis/data/cache/2026-09-28/074259888557_ohlcv_9269f4a92a0e.json
2026-09-28T03:10:00+00:00,Drj5Z8kC33nTjqqf2Q2UoQ6qad26Wzc9aREFhAq4R6Qz,solana,PumpSwap,,,,,2026-09-27T23:04:15Z,0.0010233949550029484,,,,,,,,,,,,,,,,,,,ohlcv_backfill,minute,0.0008360777969133601,0.0011011670391849837,0.0008338265165837925,0.0010233949550029484,31703.462678570806,/home/runner/work/Solana-Memecoin-Analysis/Solana-Memecoin-Analysis/data/cache/2026-09-28/074259888557_ohlcv_9269f4a92a0e.json
2026-09-28T03:05:00+00:00,Drj5Z8kC33nTjqqf2Q2UoQ6qad26Wzc9aREFhAq4R6Qz,solana,PumpSwap,,,,,2026-09-27T23:04:15Z,0.0008360777969133601,,,,,,,,,,,,,,,,,,,ohlcv_backfill,minute,0.001164351336990986,0.0012280407975450475,0.0008146683961197046,0.0008360777969133601,34518.647116272834,/home/runner/work/Solana-Memecoin-Analysis/Solana-Memecoin-Analysis/data/cache/2026-09-28/074259888557_ohlcv_9269f4a92a0e.json
2026-09-28T03:00:00+00:00,Drj5Z8kC33nTjqqf2Q2UoQ6qad26Wzc9aREFhAq4R6Qz,solana,PumpSwap,,,,,2026-09-27T23:04:15Z,0.001164351336990986,,,,,,,,,,,,,,,,,,,ohlcv_backfill,minute,0.0012562647463794103,0.0013123293625137802,0.001143762649628069,0.001164351336990986,13609.104448727281,/home/runner/work/Solana-Memecoin-Analysis/Solana-Memecoin-Analysis/data/cache/2026-09-28/074259888557_ohlcv_9269f4a92a0e.json
2026-09-28T02:55:00+00:00,Drj5Z8kC33nTjqqf2Q2UoQ6qad26Wzc9aREFhAq4R6Qz,solana,PumpSwap,,,,,2026-09-27T23:04:15Z,0.0012562647463794103,,,,,,,,,,,,,,,,,,,ohlcv_backfill,minute,0.0011308000757820488,0.0012936657676949964,0.0011308000757820488,0.0012562647463794103,24640.605525408966,/home/runner/work/Solana-Memecoin-Analysis/Solana-Memecoin-Analysis/data/cache/2026-09-28/074259888557_ohlcv_9269f4a92a0e.json
2026-09-28T02:50:00+00:00,Drj5Z8kC33nTjqqf2Q2UoQ6qad26Wzc9aREFhAq4R6Qz,solana,PumpSwap,,,,,2026-09-27T23:04:15Z,0.0011308000757820488,,,,,,,,,,,,,,,,,,,ohlcv_backfill,minute,0.0013797920410570806,0.0014014685169104909,0.0010890806733342504,0.0011308000757820488,32146.120539320396,/home/runner/work/Solana-Memecoin-Analysis/Solana-Memecoin-Analysis/data/cache/2026-09-28/074259888557_ohlcv_9269f4a92a0e.json
2026-09-28T02:45:00+00:00,Drj5Z8kC33nTjqqf2Q2UoQ6qad26Wzc9aREFhAq4R6Qz,solana,PumpSwap,,,,,2026-09-27T23:04:15Z,0.0013797920410570806,,,,,,,,,,,,,,,,,,,ohlcv_backfill,minute,0.00144409935160844,0.0014875743827999419,0.0013536138049661999,0.0013797920410570806,13936.022166203793,/home/runner/work/Solana-Memecoin-Analysis/Solana-Memecoin-Analysis/data/cache/2026-09-28/074259888557_ohlcv_9269f4a92a0e.json
2026-09-28T02:40:00+00:00,Drj5Z8kC33nTjqqf2Q2UoQ6qad26Wzc9aREFhAq4R6Qz,solana,PumpSwap,,,,,2026-09-27T23:04:15Z,0.00144409935160844,,,,,,,,,,,,,,,,,,,ohlcv_backfill,minute,0.001563820643823371,0.0016540715217925254,0.00144409935160844,0.00144409935160844,18136.34218317409,/home/runner/work/Solana-Memecoin-Analysis/Solana-Memecoin-Analysis/data/cache/2026-09-28/074259888557_ohlcv_9269f4a92a0e.json
2026-09-28T02:35:00+00:00,Drj5Z8kC33nTjqqf2Q2UoQ6qad26Wzc9aREFhAq4R6Qz,solana,PumpSwap,,,,,2026-09-27T23:04:15Z,0.001563820643823371,,,,,,,,,,,,,,,,,,,ohlcv_backfill,minute,0.0014858327126117258,0.0015832475576474897,0.0014858327126117258,0.001563820643823371,13481.415057751476,/home/runner/work/Solana-Memecoin-Analysis/Solana-Memecoin-Analysis/data/cache/2026-09-28/074259888557_ohlcv_9269f4a92a0e.json
2026-09-28T02:30:00+00:00,Drj5Z8kC33nTjqqf2Q2UoQ6qad26Wzc9aREFhAq4R6Qz,solana,PumpSwap,,,,,2026-09-27T23:04:15Z,0.0014858327126117258,,,,,,,,,,,,,,,,,,,ohlcv_backfill,minute,0.0015430365158580369,0.001599012959774809,0.0014024544969606094,0.0014858327126117258,25833.771155634695,/home/runner/work/Solana-Memecoin-Analysis/Solana-Memecoin-Analysis/data/cache/2026-09-28/074259888557_ohlcv_9269f4a92a0e.json
2026-09-28T02:25:00+00:00,Drj5Z8kC33nTjqqf2Q2UoQ6qad26Wzc9aREFhAq4R6Qz,solana,PumpSwap,,,,,2026-09-27T23:04:15Z,0.0015430365158580369,,,,,,,,,,,,,,,,,,,ohlcv_backfill,minute,0.0013277744610112083,0.0016862129146007602,0.0013180856204985409,0.0015430365158580369,32498.50673101103,/home/runner/work/Solana-Memecoin-Analysis/Solana-Memecoin-Analysis/data/cache/2026-09-28/074259888557_ohlcv_9269f4a92a0e.json
2026-09-28T02:20:00+00:00,Drj5Z8kC33nTjqqf2Q2UoQ6qad26Wzc9aREFhAq4R6Qz,solana,PumpSwap,,,,,2026-09-27T23:04:15Z,0.0013277744610112083,,,,,,,,,,,,,,,,,,,ohlcv_backfill,minute,0.0014989314759858187,0.0015386988239426444,0.0012953796989752604,0.0013277744610112083,29812.87169313501,/home/runner/work/Solana-Memecoin-Analysis/Solana-Memecoin-Analysis/data/cache/2026-09-28/074259888557_ohlcv_9269f4a92a0e.json
2026-09-28T02:15:00+00:00,Drj5Z8kC33nTjqqf2Q2UoQ6qad26Wzc9aREFhAq4R6Qz,solana,PumpSwap,,,,,2026-09-27T23:04:15Z,0.0014989314759858187,,,,,,,,,,,,,,,,,,,ohlcv_backfill,minute,0.001240021155764312,0.0015178094982548024,0.001232361523240013,0.0014989314759858187,40280.90966202539,/home/runner/work/Solana-Memecoin-Analysis/Solana-Memecoin-Analysis/data/cache/2026-09-28/074259888557_ohlcv_9269f4a92a0e.json
2026-09-28T02:10:00+00:00,Drj5Z8kC33nTjqqf2Q2UoQ6qad26Wzc9aREFhAq4R6Qz,solana,PumpSwap,,,,,2026-09-27T23:04:15Z,0.001240021155764312,,,,,,,,,,,,,,,,,,,ohlcv_backfill,minute,0.0010705905385096047,0.001264772615625367,0.0010654675573797995,0.001240021155764312,19171.593674062486,/home/runner/work/Solana-Memecoin-Analysis/Solana-Memecoin-Analysis/data/cache/2026-09-28/074259888557_ohlcv_9269f4a92a0e.json
2026-09-28T02:05:00+00:00,Drj5Z8kC33nTjqqf2Q2UoQ6qad26Wzc9aREFhAq4R6Qz,solana,PumpSwap,,,,,2026-09-27T23:04:15Z,0.0010705905385096047,,,,,,,,,,,,,,,,,,,ohlcv_backfill,minute,0.001193734199909495,0.0012136984282010495,0.0009887663405249727,0.0010705905385096047,27094.532271515007,/home/runner/work/Solana-Memecoin-Analysis/Solana-Memecoin-Analysis/data/cache/2026-09-28/074259888557_ohlcv_9269f4a92a0e.json
2026-09-28T02:00:00+00:00,Drj5Z8kC33nTjqqf2Q2UoQ6qad26Wzc9aREFhAq4R6Qz,solana,PumpSwap,,,,,2026-09-27T23:04:15Z,0.001193734199909495,,,,,,,,,,,,,,,,,,,ohlcv_backfill,minute,0.001123733655083753,0.0012003993174386283,0.0011015554054360616,0.001193734199909495,14108.851163994797,/home/runner/work/Solana-Memecoin-Analysis/Solana-Memecoin-Analysis/data/cache/2026-09-28/074259888557_ohlcv_9269f4a92a0e.json
2026-09-28T01:55:00+00:00,Drj5Z8kC33nTjqqf2Q2UoQ6qad26Wzc9aREFhAq4R6Qz,solana,PumpSwap,,,,,2026-09-27T23:04:15Z,0.001123733655083753,,,,,,,,,,,,,,,,,,,ohlcv_backfill,minute,0.001021254658759936,0.0011890402080442322,0.0010001446472716637,0.001123733655083753,31615.665113650542,/home/runner/work/Solana-Memecoin-Analysis/Solana-Memecoin-Analysis/data/cache/2026-09-28/074259888557_ohlcv_9269f4a92a0e.json
2026-09-28T01:50:00+00:00,Drj5Z8kC33nTjqqf2Q2UoQ6qad26Wzc9aREFhAq4R6Qz,solana,PumpSwap,,,,,2026-09-27T23:04:15Z,0.001021254658759936,,,,,,,,,,,,,,,,,,,ohlcv_backfill,minute,0.0008631406471396134,0.001101059316986669,0.0008384343585818663,0.001021254658759936,32505.016742443186,/home/runner/work/Solana-Memecoin-Analysis/Solana-Memecoin-Analysis/data/cache/2026-09-28/074259888557_ohlcv_9269f4a92a0e.json
2026-09-28T01:45:00+00:00,Drj5Z8kC33nTjqqf2Q2UoQ6qad26Wzc9aREFhAq4R6Qz,solana,PumpSwap,,,,,2026-09-27T23:04:15Z,0.0008631406471396134,,,,,,,,,,,,,,,,,,,ohlcv_backfill,minute,0.0010073469879043246,0.0010488737457799448,0.0008371211976514169,0.0008631406471396134,41127.46304910212,/home/runner/work/Solana-Memecoin-Analysis/Solana-Memecoin-Analysis/data/cache/2026-09-28/074259888557_ohlcv_9269f4a92a0e.json
2026-09-28T01:40:00+00:00,Drj5Z8kC33nTjqqf2Q2UoQ6qad26Wzc9aREFhAq4R6Qz,solana,PumpSwap,,,,,2026-09-27T23:04:15Z,0.0010073469879043246,,,,,,,,,,,,,,,,,,,ohlcv_backfill,minute,0.0011317724160714406,0.0011761534924025691,0.00097164036752991,0.0010073469879043246,27552.13413002844,/home/runner/work/Solana-Memecoin-Analysis/Solana-Memecoin-Analysis/data/cache/2026-09-28/074259888557_ohlcv_9269f4a92a0e.json
2026-09-28T01:35:00+00:00,Drj5Z8kC33nTjqqf2Q2UoQ6qad26Wzc9aREFhAq4R6Qz,solana,PumpSwap,,,,,2026-09-27T23:04:15Z,0.0011317724160714406,,,,,,,,,,,,,,,,,,,ohlcv_backfill,minute,0.001004837602743194,0.0011566644119879264,0.0009925896820565968,0.0011317724160714406,36448.843070659925,/home/runner/work/Solana-Memecoin-Analysis/Solana-Memecoin-Analysis/data/cache/2026-09-28/074259888557_ohlcv_9269f4a92a0e.json
2026-09-28T01:30:00+00:00,Drj5Z8kC33nTjqqf2Q2UoQ6qad26Wzc9aREFhAq4R6Qz,solana,PumpSwap,,,,,2026-09-27T23:04:15Z,0.001004837602743194,,,,,,,,,,,,,,,,,,,ohlcv_backfill,minute,0.0011625986311364499,0.0012554166116417011,0.0009710052898535933,0.001004837602743194,45342.64253244943,/home/runner/work/Solana-Memecoin-Analysis/Solana-Memecoin-Analysis/data/cache/2026-09-28/074259888557_ohlcv_9269f4a92a0e.json
2026-09-28T01:25:00+00:00,Drj5Z8kC33nTjqqf2Q2UoQ6qad26Wzc9aREFhAq4R6Qz,solana,PumpSwap,,,,,2026-09-27T23:04:15Z,0.0011625986311364499,,,,,,,,,,,,,,,,,,,ohlcv_backfill,minute,0.0011116506599029503,0.001309496834954144,0.0011116506599029503,0.0011625986311364499,28441.63434662553,/home/runner/work/Solana-Memecoin-Analysis/Solana-Memecoin-Analysis/data/cache/2026-09-28/074259888557_ohlcv_9269f4a92a0e.json
2026-09-28T01:20:00+00:00,Drj5Z8kC33nTjqqf2Q2UoQ6qad26Wzc9aREFhAq4R6Qz,solana,PumpSwap,,,,,2026-09-27T23:04:15Z,0.0011116506599029503,,,,,,,,,,,,,,,,,,,ohlcv_backfill,minute,0.0011351650662549191,0.001276414692568204,0.0010396651261043884,0.0011116506599029503,46547.75032054986,/home/runner/work/Solana-Memecoin-Analysis/Solana-Memecoin-Analysis/data/cache/2026-09-28/074259888557_ohlcv_9269f4a92a0e.json
2026-09-28T01:15:00+00:00,Drj5Z8kC33nTjqqf2Q2UoQ6qad26Wzc9aREFhAq4R6Qz,solana,PumpSwap,,,,,2026-09-27T23:04:15Z,0.0011351650662549191,,,,,,,,,,,,,,,,,,,ohlcv_backfill,minute,0.0013035200850356145,0.001307019219550949,0.0010774364694722113,0.0011351650662549191,37780.069066527634,/home/runner/work/Solana-Memecoin-Analysis/Solana-Memecoin-Analysis/data/cache/2026-09-28/074259888557_ohlcv_9269f4a92a0e.json
2026-09-28T01:10:00+00:00,Drj5Z8kC33nTjqqf2Q2UoQ6qad26Wzc9aREFhAq4R6Qz,solana,PumpSwap,,,,,2026-09-27T23:04:15Z,0.0013035200850356145,,,,,,,,,,,,,,,,,,,ohlcv_backfill,minute,0.0011214223301281702,0.0014675247749371216,0.0010270485885259602,0.0013035200850356145,51429.17754436102,/home/runner/work/Solana-Memecoin-Analysis/Solana-Memecoin-Analysis/data/cache/2026-09-28/074259888557_ohlcv_9269f4a92a0e.json
2026-09-28T01:05:00+00:00,Drj5Z8kC33nTjqqf2Q2UoQ6qad26Wzc9aREFhAq4R6Qz,solana,PumpSwap,,,,,2026-09-27T23:04:15Z,0.0011214223301281702,,,,,,,,,,,,,,,,,,,ohlcv_backfill,minute,0.001004601238914186,0.0011985856803789152,0.0009876239883225,0.0011214223301281702,67796.25643055442,/home/runner/work/Solana-Memecoin-Analysis/Solana-Memecoin-Analysis/data/cache/2026-09-28/074259888557_ohlcv_9269f4a92a0e.json
2026-09-28T01:00:00+00:00,Drj5Z8kC33nTjqqf2Q2UoQ6qad26Wzc9aREFhAq4R6Qz,solana,PumpSwap,,,,,2026-09-27T23:04:15Z,0.001004601238914186,,,,,,,,,,,,,,,,,,,ohlcv_backfill,minute,0.0008193537944102432,0.0011624307612793493,0.0008193537944102432,0.001004601238914186,168398.56318965348,/home/runner/work/Solana-Memecoin-Analysis/Solana-Memecoin-Analysis/data/cache/2026-09-28/074259888557_ohlcv_9269f4a92a0e.json
2026-09-28T00:55:00+00:00,Drj5Z8kC33nTjqqf2Q2UoQ6qad26Wzc9aREFhAq4R6Qz,solana,PumpSwap,,,,,2026-09-27T23:04:15Z,0.0008193537944102432,,,,,,,,,,,,,,,,,,,ohlcv_backfill,minute,0.0009390345966663124,0.0009390345966663124,0.0006445951918870104,0.0008193537944102432,45510.613100348666,/home/runner/work/Solana-Memecoin-Analysis/Solana-Memecoin-Analysis/data/cache/2026-09-28/074259888557_ohlcv_9269f4a92a0e.json
2026-09-28T00:50:00+00:00,Drj5Z8kC33nTjqqf2Q2UoQ6qad26Wzc9aREFhAq4R6Qz,solana,PumpSwap,,,,,2026-09-27T23:04:15Z,0.0009390345966663124,,,,,,,,,,,,,,,,,,,ohlcv_backfill,minute,0.0010135854896985322,0.0010277668103890667,0.0009221502342183316,0.0009390345966663124,15625.859582001958,/home/runner/work/Solana-Memecoin-Analysis/Solana-Memecoin-Analysis/data/cache/2026-09-28/074259888557_ohlcv_9269f4a92a0e.json
2026-09-28T00:45:00+00:00,Drj5Z8kC33nTjqqf2Q2UoQ6qad26Wzc9aREFhAq4R6Qz,solana,PumpSwap,,,,,2026-09-27T23:04:15Z,0.0010135854896985322,,,,,,,,,,,,,,,,,,,ohlcv_backfill,minute,0.0009896419132775318,0.0010673687172120527,0.0008569381757605609,0.0010135854896985322,48857.91644138787,/home/runner/work/Solana-Memecoin-Analysis/Solana-Memecoin-Analysis/data/cache/2026-09-28/074259888557_ohlcv_9269f4a92a0e.json
2026-09-28T00:40:00+00:00,Drj5Z8kC33nTjqqf2Q2UoQ6qad26Wzc9aREFhAq4R6Qz,solana,PumpSwap,,,,,2026-09-27T23:04:15Z,0.0009896419132775318,,,,,,,,,,,,,,,,,,,ohlcv_backfill,minute,0.000840568151987739,0.001048273477836043,0.0008381825583406348,0.0009896419132775318,36118.046083417656,/home/runner/work/Solana-Memecoin-Analysis/Solana-Memecoin-Analysis/data/cache/2026-09-28/074259888557_ohlcv_9269f4a92a0e.json
2026-09-28T00:35:00+00:00,Drj5Z8kC33nTjqqf2Q2UoQ6qad26Wzc9aREFhAq4R6Qz,solana,PumpSwap,,,,,2026-09-27T23:04:15Z,0.000840568151987739,,,,,,,,,,,,,,,,,,,ohlcv_backfill,minute,0.0008069433608906356,0.0010634008167672165,0.0007282661103430597,0.000840568151987739,115800.87452623174,/home/runner/work/Solana-Memecoin-Analysis/Solana-Memecoin-Analysis/data/cache/2026-09-28/074259888557_ohlcv_9269f4a92a0e.json
2026-09-28T00:30:00+00:00,Drj5Z8kC33nTjqqf2Q2UoQ6qad26Wzc9aREFhAq4R6Qz,solana,PumpSwap,,,,,2026-09-27T23:04:15Z,0.0008069433608906356,,,,,,,,,,,,,,,,,,,ohlcv_backfill,minute,0.0007924812755803789,0.0008631319783337806,0.000672501237586369,0.0008069433608906356,35996.907784629446,/home/runner/work/Solana-Memecoin-Analysis/Solana-Memecoin-Analysis/data/cache/2026-09-28/074259888557_ohlcv_9269f4a92a0e.json
2026-09-28T00:25:00+00:00,Drj5Z8kC33nTjqqf2Q2UoQ6qad26Wzc9aREFhAq4R6Qz,solana,PumpSwap,,,,,2026-09-27T23:04:15Z,0.0007924812755803789,,,,,,,,,,,,,,,,,,,ohlcv_backfill,minute,0.0008577923444100796,0.0008999417771979896,0.000715502932382472,0.0007924812755803789,33956.93823571156,/home/runner/work/Solana-Memecoin-Analysis/Solana-Memecoin-Analysis/data/cache/2026-09-28/074259888557_ohlcv_9269f4a92a0e.json
2026-09-28T00:20:00+00:00,Drj5Z8kC33nTjqqf2Q2UoQ6qad26Wzc9aREFhAq4R6Qz,solana,PumpSwap,,,,,2026-09-27T23:04:15Z,0.0008577923444100796,,,,,,,,,,,,,,,,,,,ohlcv_backfill,minute,0.0007287767290728033,0.0008784607914946805,0.0006804063150080662,0.0008577923444100796,41464.22707184609,/home/runner/work/Solana-Memecoin-Analysis/Solana-Memecoin-Analysis/data/cache/2026-09-28/074259888557_ohlcv_9269f4a92a0e.json
2026-09-28T00:15:00+00:00,Drj5Z8kC33nTjqqf2Q2UoQ6qad26Wzc9aREFhAq4R6Qz,solana,PumpSwap,,,,,2026-09-27T23:04:15Z,0.0007287767290728033,,,,,,,,,,,,,,,,,,,ohlcv_backfill,minute,0.0007022905960190716,0.0007468733321964359,0.0006518968574194795,0.0007287767290728033,20048.381609380842,/home/runner/work/Solana-Memecoin-Analysis/Solana-Memecoin-Analysis/data/cache/2026-09-28/074259888557_ohlcv_9269f4a92a0e.json
2026-09-28T00:10:00+00:00,Drj5Z8kC33nTjqqf2Q2UoQ6qad26Wzc9aREFhAq4R6Qz,solana,PumpSwap,,,,,2026-09-27T23:04:15Z,0.0007022905960190716,,,,,,,,,,,,,,,,,,,ohlcv_backfill,minute,0.0007075835438289137,0.0007583193402747167,0.000519411256026452,0.0007022905960190716,54244.277078957326,/home/runner/work/Solana-Memecoin-Analysis/Solana-Memecoin-Analysis/data/cache/2026-09-28/074259888557_ohlcv_9269f4a92a0e.json
2026-09-28T00:05:00+00:00,Drj5Z8kC33nTjqqf2Q2UoQ6qad26Wzc9aREFhAq4R6Qz,solana,PumpSwap,,,,,2026-09-27T23:04:15Z,0.0007075835438289137,,,,,,,,,,,,,,,,,,,ohlcv_backfill,minute,0.0006597960444849278,0.0008157201777480169,0.0006517639050599185,0.0007075835438289137,34431.2333431544,/home/runner/work/Solana-Memecoin-Analysis/Solana-Memecoin-Analysis/data/cache/2026-09-28/074259888557_ohlcv_9269f4a92a0e.json
2026-09-28T00:00:00+00:00,Drj5Z8kC33nTjqqf2Q2UoQ6qad26Wzc9aREFhAq4R6Qz,solana,PumpSwap,,,,,2026-09-27T23:04:15Z,0.0006597960444849278,,,,,,,,,,,,,,,,,,,ohlcv_backfill,minute,0.0007460137971962457,0.0007460137971962457,0.0006171836659342768,0.0006597960444849278,34372.500750369,/home/runner/work/Solana-Memecoin-Analysis/Solana-Memecoin-Analysis/data/cache/2026-09-28/074259888557_ohlcv_9269f4a92a0e.json
2026-09-27T23:55:00+00:00,Drj5Z8kC33nTjqqf2Q2UoQ6qad26Wzc9aREFhAq4R6Qz,solana,PumpSwap,,,,,2026-09-27T23:04:15Z,0.0007460137971962457,,,,,,,,,,,,,,,,,,,ohlcv_backfill,minute,0.0008330615052900118,0.0009124993759422325,0.0005720261565054055,0.0007460137971962457,76606.49843536841,/home/runner/work/Solana-Memecoin-Analysis/Solana-Memecoin-Analysis/data/cache/2026-09-28/074259888557_ohlcv_9269f4a92a0e.json
2026-09-27T23:50:00+00:00,Drj5Z8kC33nTjqqf2Q2UoQ6qad26Wzc9aREFhAq4R6Qz,solana,PumpSwap,,,,,2026-09-27T23:04:15Z,0.0008330615052900118,,,,,,,,,,,,,,,,,,,ohlcv_backfill,minute,0.0008094666307995805,0.0009450810848697727,0.0004817674676329344,0.0008330615052900118,109330.7176197349,/home/runner/work/Solana-Memecoin-Analysis/Solana-Memecoin-Analysis/data/cache/2026-09-28/074259888557_ohlcv_9269f4a92a0e.json
2026-09-27T23:45:00+00:00,Drj5Z8kC33nTjqqf2Q2UoQ6qad26Wzc9aREFhAq4R6Qz,solana,PumpSwap,,,,,2026-09-27T23:04:15Z,0.0008094666307995805,,,,,,,,,,,,,,,,,,,ohlcv_backfill,minute,0.000674563262720244,0.0009476670946154554,0.0006655233877844058,0.0008094666307995805,83446.41267686989,/home/runner/work/Solana-Memecoin-Analysis/Solana-Memecoin-Analysis/data/cache/2026-09-28/074259888557_ohlcv_9269f4a92a0e.json
2026-09-27T23:40:00+00:00,Drj5Z8kC33nTjqqf2Q2UoQ6qad26Wzc9aREFhAq4R6Qz,solana,PumpSwap,,,,,2026-09-27T23:04:15Z,0.000674563262720244,,,,,,,,,,,,,,,,,,,ohlcv_backfill,minute,0.000707458929840329,0.0007546410631884846,0.0005756709868106364,0.000674563262720244,94903.72799109171,/home/runner/work/Solana-Memecoin-Analysis/Solana-Memecoin-Analysis/data/cache/2026-09-28/074259888557_ohlcv_9269f4a92a0e.json
2026-09-27T23:35:00+00:00,Drj5Z8kC33nTjqqf2Q2UoQ6qad26Wzc9aREFhAq4R6Qz,solana,PumpSwap,,,,,2026-09-27T23:04:15Z,0.000707458929840329,,,,,,,,,,,,,,,,,,,ohlcv_backfill,minute,0.0005765044495717338,0.0007805968882968868,0.0005379166834926948,0.000707458929840329,89137.81250749137,/home/runner/work/Solana-Memecoin-Analysis/Solana-Memecoin-Analysis/data/cache/2026-09-28/074259888557_ohlcv_9269f4a92a0e.json
2026-09-27T23:30:00+00:00,Drj5Z8kC33nTjqqf2Q2UoQ6qad26Wzc9aREFhAq4R6Qz,solana,PumpSwap,,,,,2026-09-27T23:04:15Z,0.0005765044495717338,,,,,,,,,,,,,,,,,,,ohlcv_backfill,minute,0.00047161685926837846,0.0005919876895908694,0.0004324298330065671,0.0005765044495717338,45683.610834657025,/home/runner/work/Solana-Memecoin-Analysis/Solana-Memecoin-Analysis/data/cache/2026-09-28/074259888557_ohlcv_9269f4a92a0e.json
2026-09-27T23:25:00+00:00,Drj5Z8kC33nTjqqf2Q2UoQ6qad26Wzc9aREFhAq4R6Qz,solana,PumpSwap,,,,,2026-09-27T23:04:15Z,0.00047161685926837846,,,,,,,,,,,,,,,,,,,ohlcv_backfill,minute,0.00035587574055551,0.0005780302889839665,0.0003210563684012027,0.00047161685926837846,66795.32597472759,/home/runner/work/Solana-Memecoin-Analysis/Solana-Memecoin-Analysis/data/cache/2026-09-28/074259888557_ohlcv_9269f4a92a0e.json
2026-09-27T23:20:00+00:00,Drj5Z8kC33nTjqqf2Q2UoQ6qad26Wzc9aREFhAq4R6Qz,solana,PumpSwap,,,,,2026-09-27T23:04:15Z,0.00035587574055551,,,,,,,,,,,,,,,,,,,ohlcv_backfill,minute,0.00032819213659476934,0.00039890528426869107,0.0002797633072958271,0.00035587574055551,120600.97127377133,/home/runner/work/Solana-Memecoin-Analysis/Solana-Memecoin-Analysis/data/cache/2026-09-28/074259888557_ohlcv_9269f4a92a0e.json
2026-09-27T23:15:00+00:00,Drj5Z8kC33nTjqqf2Q2UoQ6qad26Wzc9aREFhAq4R6Qz,solana,PumpSwap,,,,,2026-09-27T23:04:15Z,0.00032819213659476934,,,,,,,,,,,,,,,,,,,ohlcv_backfill,minute,0.0003622578140593394,0.00036451567327749006,0.00026549443873355374,0.00032819213659476934,97016.14962042887,/home/runner/work/Solana-Memecoin-Analysis/Solana-Memecoin-Analysis/data/cache/2026-09-28/074259888557_ohlcv_9269f4a92a0e.json
2026-09-27T23:10:00+00:00,Drj5Z8kC33nTjqqf2Q2UoQ6qad26Wzc9aREFhAq4R6Qz,solana,PumpSwap,,,,,2026-09-27T23:04:15Z,0.0003622578140593394,,,,,,,,,,,,,,,,,,,ohlcv_backfill,minute,0.00031078579963819106,0.00038199194896344025,0.00027135005349520995,0.0003622578140593394,120769.56673062478,/home/runner/work/Solana-Memecoin-Analysis/Solana-Memecoin-Analysis/data/cache/2026-09-28/074259888557_ohlcv_9269f4a92a0e.json
2026-09-27T23:05:00+00:00,Drj5Z8kC33nTjqqf2Q2UoQ6qad26Wzc9aREFhAq4R6Qz,solana,PumpSwap,,,,,2026-09-27T23:04:15Z,0.00031078579963819106,,,,,,,,,,,,,,,,,,,ohlcv_backfill,minute,0.00034051989794982784,0.0003466557065267892,0.0002249640085639216,0.00031078579963819106,238886.153903252,/home/runner/work/Solana-Memecoin-Analysis/Solana-Memecoin-Analysis/data/cache/2026-09-28/074259888557_ohlcv_9269f4a92a0e.json
2026-09-27T23:00:00+00:00,Drj5Z8kC33nTjqqf2Q2UoQ6qad26Wzc9aREFhAq4R6Qz,solana,PumpSwap,,,,,2026-09-27T23:04:15Z,0.00034051989794982784,,,,,,,,,,,,,,,,,,,ohlcv_backfill,minute,7.385543505280024e-05,0.00035442311389343025,3.1342669749046274e-05,0.00034051989794982784,420982.9031451331,/home/runner/work/Solana-Memecoin-Analysis/Solana-Memecoin-Analysis/data/cache/2026-09-28/074259888557_ohlcv_9269f4a92a0e.json
2026-09-28T07:40:00+00:00,si9vpHXMQJFqoBwAwHUUtHrRagjYb2FBFKQwyX2gPuC,solana,PumpSwap,,,,,2026-09-27T13:56:05Z,0.001141535690386569,,,,,,,,,,,,,,,,,,,ohlcv_backfill,minute,0.0011726932768505874,0.0011977981936280822,0.001141535690386569,0.001141535690386569,1550.128022660702,/home/runner/work/Solana-Memecoin-Analysis/Solana-Memecoin-Analysis/data/cache/2026-09-28/074307617289_ohlcv_7d5543910b43.json
2026-09-28T07:35:00+00:00,si9vpHXMQJFqoBwAwHUUtHrRagjYb2FBFKQwyX2gPuC,solana,PumpSwap,,,,,2026-09-27T13:56:05Z,0.0011726932768505874,,,,,,,,,,,,,,,,,,,ohlcv_backfill,minute,0.001102610865342661,0.0011745926466861522,0.001102610865342661,0.0011726932768505874,3828.4801769998094,/home/runner/work/Solana-Memecoin-Analysis/Solana-Memecoin-Analysis/data/cache/2026-09-28/074307617289_ohlcv_7d5543910b43.json
2026-09-28T07:30:00+00:00,si9vpHXMQJFqoBwAwHUUtHrRagjYb2FBFKQwyX2gPuC,solana,PumpSwap,,,,,2026-09-27T13:56:05Z,0.001102610865342661,,,,,,,,,,,,,,,,,,,ohlcv_backfill,minute,0.001149021602087014,0.001149021602087014,0.001102353828046353,0.001102610865342661,856.5043393699112,/home/runner/work/Solana-Memecoin-Analysis/Solana-Memecoin-Analysis/data/cache/2026-09-28/074307617289_ohlcv_7d5543910b43.json
2026-09-28T07:25:00+00:00,si9vpHXMQJFqoBwAwHUUtHrRagjYb2FBFKQwyX2gPuC,solana,PumpSwap,,,,,2026-09-27T13:56:05Z,0.001149021602087014,,,,,,,,,,,,,,,,,,,ohlcv_backfill,minute,0.0011258055962400722,0.0011496629748725985,0.0011258055962400722,0.001149021602087014,1130.704779767483,/home/runner/work/Solana-Memecoin-Analysis/Solana-Memecoin-Analysis/data/cache/2026-09-28/074307617289_ohlcv_7d5543910b43.json
2026-09-28T07:20:00+00:00,si9vpHXMQJFqoBwAwHUUtHrRagjYb2FBFKQwyX2gPuC,solana,PumpSwap,,,,,2026-09-27T13:56:05Z,0.0011258055962400722,,,,,,,,,,,,,,,,,,,ohlcv_backfill,minute,0.0011296778516960804,0.0011301344253117278,0.0010839943800826173,0.0011258055962400722,1864.6167005274563,/home/runner/work/Solana-Memecoin-Analysis/Solana-Memecoin-Analysis/data/cache/2026-09-28/074307617289_ohlcv_7d5543910b43.json
2026-09-28T07:15:00+00:00,si9vpHXMQJFqoBwAwHUUtHrRagjYb2FBFKQwyX2gPuC,solana,PumpSwap,,,,,2026-09-27T13:56:05Z,0.0011296778516960804,,,,,,,,,,,,,,,,,,,ohlcv_backfill,minute,0.0011325401230210812,0.0011325401230210812,0.001129124173723316,0.0011296778516960804,976.9610901983104,/home/runner/work/Solana-Memecoin-Analysis/Solana-Memecoin-Analysis/data/cache/2026-09-28/074307617289_ohlcv_7d5543910b43.json
2026-09-28T07:10:00+00:00,si9vpHXMQJFqoBwAwHUUtHrRagjYb2FBFKQwyX2gPuC,solana,PumpSwap,,,,,2026-09-27T13:56:05Z,0.0011325401230210812,,,,,,,,,,,,,,,,,,,ohlcv_backfill,minute,0.0011770397343126766,0.0011770397343126766,0.0010964997768996105,0.0011325401230210812,829.7836293182324,/home/runner/work/Solana-Memecoin-Analysis/Solana-Memecoin-Analysis/data/cache/2026-09-28/074307617289_ohlcv_7d5543910b43.json
2026-09-28T07:05:00+00:00,si9vpHXMQJFqoBwAwHUUtHrRagjYb2FBFKQwyX2gPuC,solana,PumpSwap,,,,,2026-09-27T13:56:05Z,0.0011770397343126766,,,,,,,,,,,,,,,,,,,ohlcv_backfill,minute,0.0011948769013819715,0.0012523358826917685,0.0011770397343126766,0.0011770397343126766,6126.60858237957,/home/runner/work/Solana-Memecoin-Analysis/Solana-Memecoin-Analysis/data/cache/2026-09-28/074307617289_ohlcv_7d5543910b43.json
2026-09-28T07:00:00+00:00,si9vpHXMQJFqoBwAwHUUtHrRagjYb2FBFKQwyX2gPuC,solana,PumpSwap,,,,,2026-09-27T13:56:05Z,0.0011948769013819715,,,,,,,,,,,,,,,,,,,ohlcv_backfill,minute,0.0011924743828758929,0.0011964007077106928,0.00119247100858473,0.0011948769013819715,3349.612913666875,/home/runner/work/Solana-Memecoin-Analysis/Solana-Memecoin-Analysis/data/cache/2026-09-28/074307617289_ohlcv_7d5543910b43.json
2026-09-28T06:55:00+00:00,si9vpHXMQJFqoBwAwHUUtHrRagjYb2FBFKQwyX2gPuC,solana,PumpSwap,,,,,2026-09-27T13:56:05Z,0.0011924743828758929,,,,,,,,,,,,,,,,,,,ohlcv_backfill,minute,0.0011520813940535156,0.0011924743828758929,0.0011065121207779745,0.0011924743828758929,4506.383341108815,/home/runner/work/Solana-Memecoin-Analysis/Solana-Memecoin-Analysis/data/cache/2026-09-28/074307617289_ohlcv_7d5543910b43.json
2026-09-28T06:50:00+00:00,si9vpHXMQJFqoBwAwHUUtHrRagjYb2FBFKQwyX2gPuC,solana,PumpSwap,,,,,2026-09-27T13:56:05Z,0.0011520813940535156,,,,,,,,,,,,,,,,,,,ohlcv_backfill,minute,0.0011758883218542747,0.0011759273516722937,0.001150482178409302,0.0011520813940535156,1998.8560245571498,/home/runner/work/Solana-Memecoin-Analysis/Solana-Memecoin-Analysis/data/cache/2026-09-28/074307617289_ohlcv_7d5543910b43.json
2026-09-28T06:45:00+00:00,si9vpHXMQJFqoBwAwHUUtHrRagjYb2FBFKQwyX2gPuC,solana,PumpSwap,,,,,2026-09-27T13:56:05Z,0.0011758883218542747,,,,,,,,,,,,,,,,,,,ohlcv_backfill,minute,0.0010665483393298297,0.0011929935296966531,0.0010651014874539786,0.0011758883218542747,17687.22358609483,/home/runner/work/Solana-Memecoin-Analysis/Solana-Memecoin-Analysis/data/cache/2026-09-28/074307617289_ohlcv_7d5543910b43.json
2026-09-28T06:40:00+00:00,si9vpHXMQJFqoBwAwHUUtHrRagjYb2FBFKQwyX2gPuC,solana,PumpSwap,,,,,2026-09-27T13:56:05Z,0.0010665483393298297,,,,,,,,,,,,,,,,,,,ohlcv_backfill,minute,0.0009264701593237483,0.0010754496998297669,0.0009258844119049365,0.0010665483393298297,8430.403226300816,/home/runner/work/Solana-Memecoin-Analysis/Solana-Memecoin-Analysis/data/cache/2026-09-28/074307617289_ohlcv_7d5543910b43.json
2026-09-28T06:35:00+00:00,si9vpHXMQJFqoBwAwHUUtHrRagjYb2FBFKQwyX2gPuC,solana,PumpSwap,,,,,2026-09-27T13:56:05Z,0.0009264701593237483,,,,,,,,,,,,,,,,,,,ohlcv_backfill,minute,0.0009468673368911634,0.0009523505108511004,0.0009257384429607605,0.0009264701593237483,1765.4392148366355,/home/runner/work/Solana-Memecoin-Analysis/Solana-Memecoin-Analysis/data/cache/2026-09-28/074307617289_ohlcv_7d5543910b43.json
2026-09-28T06:30:00+00:00,si9vpHXMQJFqoBwAwHUUtHrRagjYb2FBFKQwyX2gPuC,solana,PumpSwap,,,,,2026-09-27T13:56:05Z,0.0009468673368911634,,,,,,,,,,,,,,,,,,,ohlcv_backfill,minute,0.0008885502878774374,0.0009468673368911634,0.0008879320543217216,0.0009468673368911634,6153.826513027914,/home/runner/work/Solana-Memecoin-Analysis/Solana-Memecoin-Analysis/data/cache/2026-09-28/074307617289_ohlcv_7d5543910b43.json
2026-09-28T06:25:00+00:00,si9vpHXMQJFqoBwAwHUUtHrRagjYb2FBFKQwyX2gPuC,solana,PumpSwap,,,,,2026-09-27T13:56:05Z,0.0008885502878774374,,,,,,,,,,,,,,,,,,,ohlcv_backfill,minute,0.0009845841960595576,0.0009845841960595576,0.0008882067328176222,0.0008885502878774374,13716.200608850904,/home/runner/work/Solana-Memecoin-Analysis/Solana-Memecoin-Analysis/data/cache/2026-09-28/074307617289_ohlcv_7d5543910b43.json
2026-09-28T06:20:00+00:00,si9vpHXMQJFqoBwAwHUUtHrRagjYb2FBFKQwyX2gPuC,solana,PumpSwap,,,,,2026-09-27T13:56:05Z,0.0009845841960595576,,,,,,,,,,,,,,,,,,,ohlcv_backfill,minute,0.0010056019601950923,0.0010287711935475085,0.0009629379889934744,0.0009845841960595576,5999.593669799214,/home/runner/work/Solana-Memecoin-Analysis/Solana-Memecoin-Analysis/data/cache/2026-09-28/074307617289_ohlcv_7d5543910b43.json
2026-09-28T06:15:00+00:00,si9vpHXMQJFqoBwAwHUUtHrRagjYb2FBFKQwyX2gPuC,solana,PumpSwap,,,,,2026-09-27T13:56:05Z,0.0010056019601950923,,,,,,,,,,,,,,,,,,,ohlcv_backfill,minute,0.001257222852890846,0.001257222852890846,0.0009581783050597367,0.0010056019601950923,16143.644572626656,/home/runner/work/Solana-Memecoin-Analysis/Solana-Memecoin-Analysis/data/cache/2026-09-28/074307617289_ohlcv_7d5543910b43.json
2026-09-28T06:10:00+00:00,si9vpHXMQJFqoBwAwHUUtHrRagjYb2FBFKQwyX2gPuC,solana,PumpSwap,,,,,2026-09-27T13:56:05Z,0.001257222852890846,,,,,,,,,,,,,,,,,,,ohlcv_backfill,minute,0.001254926661024303,0.001258338337038149,0.0012543961242347738,0.001257222852890846,2789.882142237818,/home/runner/work/Solana-Memecoin-Analysis/Solana-Memecoin-Analysis/data/cache/2026-09-28/074307617289_ohlcv_7d5543910b43.json
2026-09-28T06:05:00+00:00,si9vpHXMQJFqoBwAwHUUtHrRagjYb2FBFKQwyX2gPuC,solana,PumpSwap,,,,,2026-09-27T13:56:05Z,0.001254926661024303,,,,,,,,,,,,,,,,,,,ohlcv_backfill,minute,0.001155249369599599,0.0013337052280809254,0.001155249369599599,0.001254926661024303,11154.435863509234,/home/runner/work/Solana-Memecoin-Analysis/Solana-Memecoin-Analysis/data/cache/2026-09-28/074307617289_ohlcv_7d5543910b43.json
2026-09-28T06:00:00+00:00,si9vpHXMQJFqoBwAwHUUtHrRagjYb2FBFKQwyX2gPuC,solana,PumpSwap,,,,,2026-09-27T13:56:05Z,0.001155249369599599,,,,,,,,,,,,,,,,,,,ohlcv_backfill,minute,0.0011609465760677533,0.001206932970099508,0.001155093558946982,0.001155249369599599,3683.682984435746,/home/runner/work/Solana-Memecoin-Analysis/Solana-Memecoin-Analysis/data/cache/2026-09-28/074307617289_ohlcv_7d5543910b43.json
2026-09-28T05:55:00+00:00,si9vpHXMQJFqoBwAwHUUtHrRagjYb2FBFKQwyX2gPuC,solana,PumpSwap,,,,,2026-09-27T13:56:05Z,0.0011609465760677533,,,,,,,,,,,,,,,,,,,ohlcv_backfill,minute,0.0010671313943726732,0.001161656523558974,0.0010667533177083587,0.0011609465760677533,3767.1378248328765,/home/runner/work/Solana-Memecoin-Analysis/Solana-Memecoin-Analysis/data/cache/2026-09-28/074307617289_ohlcv_7d5543910b43.json
2026-09-28T05:50:00+00:00,si9vpHXMQJFqoBwAwHUUtHrRagjYb2FBFKQwyX2gPuC,solana,PumpSwap,,,,,2026-09-27T13:56:05Z,0.0010671313943726732,,,,,,,,,,,,,,,,,,,ohlcv_backfill,minute,0.0011327220265703979,0.0011327220265703979,0.0010639517417323516,0.0010671313943726732,4775.206874359517,/home/runner/work/Solana-Memecoin-Analysis/Solana-Memecoin-Analysis/data/cache/2026-09-28/074307617289_ohlcv_7d5543910b43.json
2026-09-28T05:45:00+00:00,si9vpHXMQJFqoBwAwHUUtHrRagjYb2FBFKQwyX2gPuC,solana,PumpSwap,,,,,2026-09-27T13:56:05Z,0.0011327220265703979,,,,,,,,,,,,,,,,,,,ohlcv_backfill,minute,0.0011812490042949397,0.0012076314198309383,0.0011269598617858157,0.0011327220265703979,4405.877335040212,/home/runner/work/Solana-Memecoin-Analysis/Solana-Memecoin-Analysis/data/cache/2026-09-28/074307617289_ohlcv_7d5543910b43.json
2026-09-28T05:40:00+00:00,si9vpHXMQJFqoBwAwHUUtHrRagjYb2FBFKQwyX2gPuC,solana,PumpSwap,,,,,2026-09-27T13:56:05Z,0.0011812490042949397,,,,,,,,,,,,,,,,,,,ohlcv_backfill,minute,0.0011740546250709688,0.0011812490042949397,0.0011244496609917702,0.0011812490042949397,4237.127563119923,/home/runner/work/Solana-Memecoin-Analysis/Solana-Memecoin-Analysis/data/cache/2026-09-28/074307617289_ohlcv_7d5543910b43.json
2026-09-28T05:35:00+00:00,si9vpHXMQJFqoBwAwHUUtHrRagjYb2FBFKQwyX2gPuC,solana,PumpSwap,,,,,2026-09-27T13:56:05Z,0.0011740546250709688,,,,,,,,,,,,,,,,,,,ohlcv_backfill,minute,0.0011271005859361744,0.0011740546250709688,0.0011040144168551504,0.0011740546250709688,4297.847311972435,/home/runner/work/Solana-Memecoin-Analysis/Solana-Memecoin-Analysis/data/cache/2026-09-28/074307617289_ohlcv_7d5543910b43.json
2026-09-28T05:30:00+00:00,si9vpHXMQJFqoBwAwHUUtHrRagjYb2FBFKQwyX2gPuC,solana,PumpSwap,,,,,2026-09-27T13:56:05Z,0.0011271005859361744,,,,,,,,,,,,,,,,,,,ohlcv_backfill,minute,0.0010678884180378074,0.0011748426605844384,0.0010661046451251606,0.0011271005859361744,7478.4824091017845,/home/runner/work/Solana-Memecoin-Analysis/Solana-Memecoin-Analysis/data/cache/2026-09-28/074307617289_ohlcv_7d5543910b43.json
2026-09-28T05:25:00+00:00,si9vpHXMQJFqoBwAwHUUtHrRagjYb2FBFKQwyX2gPuC,solana,PumpSwap,,,,,2026-09-27T13:56:05Z,0.0010678884180378074,,,,,,,,,,,,,,,,,,,ohlcv_backfill,minute,0.001157361138706982,0.001183615570792548,0.0010677471545078722,0.0010678884180378074,5371.371509085605,/home/runner/work/Solana-Memecoin-Analysis/Solana-Memecoin-Analysis/data/cache/2026-09-28/074307617289_ohlcv_7d5543910b43.json
2026-09-28T05:20:00+00:00,si9vpHXMQJFqoBwAwHUUtHrRagjYb2FBFKQwyX2gPuC,solana,PumpSwap,,,,,2026-09-27T13:56:05Z,0.001157361138706982,,,,,,,,,,,,,,,,,,,ohlcv_backfill,minute,0.001027256693899492,0.0011590033258948701,0.0010263171188066367,0.001157361138706982,6880.679495066775,/home/runner/work/Solana-Memecoin-Analysis/Solana-Memecoin-Analysis/data/cache/2026-09-28/074307617289_ohlcv_7d5543910b43.json
2026-09-28T05:15:00+00:00,si9vpHXMQJFqoBwAwHUUtHrRagjYb2FBFKQwyX2gPuC,solana,PumpSwap,,,,,2026-09-27T13:56:05Z,0.001027256693899492,,,,,,,,,,,,,,,,,,,ohlcv_backfill,minute,0.0010099957957522907,0.0010525333798902128,0.0009220865675432391,0.001027256693899492,19553.68994140613,/home/runner/work/Solana-Memecoin-Analysis/Solana-Memecoin-Analysis/data/cache/2026-09-28/074307617289_ohlcv_7d5543910b43.json
2026-09-28T05:10:00+00:00,si9vpHXMQJFqoBwAwHUUtHrRagjYb2FBFKQwyX2gPuC,solana,PumpSwap,,,,,2026-09-27T13:56:05Z,0.0010099957957522907,,,,,,,,,,,,,,,,,,,ohlcv_backfill,minute,0.0011169303036606911,0.0011169303036606911,0.0010057680073196108,0.0010099957957522907,11149.031996720501,/home/runner/work/Solana-Memecoin-Analysis/Solana-Memecoin-Analysis/data/cache/2026-09-28/074307617289_ohlcv_7d5543910b43.json
2026-09-28T05:05:00+00:00,si9vpHXMQJFqoBwAwHUUtHrRagjYb2FBFKQwyX2gPuC,solana,PumpSwap,,,,,2026-09-27T13:56:05Z,0.0011169303036606911,,,,,,,,,,,,,,,,,,,ohlcv_backfill,minute,0.0010930463911122735,0.0011495779732716863,0.001074052807322932,0.0011169303036606911,6886.5116865105165,/home/runner/work/Solana-Memecoin-Analysis/Solana-Memecoin-Analysis/data/cache/2026-09-28/074307617289_ohlcv_7d5543910b43.json
2026-09-28T05:00:00+00:00,si9vpHXMQJFqoBwAwHUUtHrRagjYb2FBFKQwyX2gPuC,solana,PumpSwap,,,,,2026-09-27T13:56:05Z,0.0010930463911122735,,,,,,,,,,,,,,,,,,,ohlcv_backfill,minute,0.0012605038346264336,0.001262740583992153,0.0010923700136734678,0.0010930463911122735,16193.87701613853,/home/runner/work/Solana-Memecoin-Analysis/Solana-Memecoin-Analysis/data/cache/2026-09-28/074307617289_ohlcv_7d5543910b43.json
2026-09-28T04:55:00+00:00,si9vpHXMQJFqoBwAwHUUtHrRagjYb2FBFKQwyX2gPuC,solana,PumpSwap,,,,,2026-09-27T13:56:05Z,0.0012605038346264336,,,,,,,,,,,,,,,,,,,ohlcv_backfill,minute,0.0013392662569028232,0.0013438972446586177,0.0012575233047747206,0.0012605038346264336,8954.4276540962,/home/runner/work/Solana-Memecoin-Analysis/Solana-Memecoin-Analysis/data/cache/2026-09-28/074307617289_ohlcv_7d5543910b43.json
2026-09-28T04:50:00+00:00,si9vpHXMQJFqoBwAwHUUtHrRagjYb2FBFKQwyX2gPuC,solana,PumpSwap,,,,,2026-09-27T13:56:05Z,0.0013392662569028232,,,,,,,,,,,,,,,,,,,ohlcv_backfill,minute,0.001337434055239776,0.0014339473828204625,0.0013084797101364965,0.0013392662569028232,8324.507961893642,/home/runner/work/Solana-Memecoin-Analysis/Solana-Memecoin-Analysis/data/cache/2026-09-28/074307617289_ohlcv_7d5543910b43.json
2026-09-28T04:45:00+00:00,si9vpHXMQJFqoBwAwHUUtHrRagjYb2FBFKQwyX2gPuC,solana,PumpSwap,,,,,2026-09-27T13:56:05Z,0.001337434055239776,,,,,,,,,,,,,,,,,,,ohlcv_backfill,minute,0.0012635971460496064,0.00139116097367804,0.0012631284421623214,0.001337434055239776,7593.392209768658,/home/runner/work/Solana-Memecoin-Analysis/Solana-Memecoin-Analysis/data/cache/2026-09-28/074307617289_ohlcv_7d5543910b43.json
2026-09-28T04:40:00+00:00,si9vpHXMQJFqoBwAwHUUtHrRagjYb2FBFKQwyX2gPuC,solana,PumpSwap,,,,,2026-09-27T13:56:05Z,0.0012635971460496064,,,,,,,,,,,,,,,,,,,ohlcv_backfill,minute,0.001266372475059995,0.0012674953104453756,0.0012269172523454853,0.0012635971460496064,6596.627446416436,/home/runner/work/Solana-Memecoin-Analysis/Solana-Memecoin-Analysis/data/cache/2026-09-28/074307617289_ohlcv_7d5543910b43.json
2026-09-28T04:35:00+00:00,si9vpHXMQJFqoBwAwHUUtHrRagjYb2FBFKQwyX2gPuC,solana,PumpSwap,,,,,2026-09-27T13:56:05Z,0.001266372475059995,,,,,,,,,,,,,,,,,,,ohlcv_backfill,minute,0.001212061475586557,0.0012673659499851568,0.001164108024772098,0.001266372475059995,6375.4616543545635,/home/runner/work/Solana-Memecoin-Analysis/Solana-Memecoin-Analysis/data/cache/2026-09-28/074307617289_ohlcv_7d5543910b43.json
2026-09-28T04:30:00+00:00,si9vpHXMQJFqoBwAwHUUtHrRagjYb2FBFKQwyX2gPuC,solana,PumpSwap,,,,,2026-09-27T13:56:05Z,0.001212061475586557,,,,,,,,,,,,,,,,,,,ohlcv_backfill,minute,0.0011652787018741246,0.0012386549127866556,0.0011418322822319981,0.001212061475586557,11804.983493180196,/home/runner/work/Solana-Memecoin-Analysis/Solana-Memecoin-Analysis/data/cache/2026-09-28/074307617289_ohlcv_7d5543910b43.json
2026-09-28T04:25:00+00:00,si9vpHXMQJFqoBwAwHUUtHrRagjYb2FBFKQwyX2gPuC,solana,PumpSwap,,,,,2026-09-27T13:56:05Z,0.0011652787018741246,,,,,,,,,,,,,,,,,,,ohlcv_backfill,minute,0.0013429701812872625,0.0013465994179883154,0.001165266521336007,0.0011652787018741246,17712.79571059316,/home/runner/work/Solana-Memecoin-Analysis/Solana-Memecoin-Analysis/data/cache/2026-09-28/074307617289_ohlcv_7d5543910b43.json
2026-09-28T04:20:00+00:00,si9vpHXMQJFqoBwAwHUUtHrRagjYb2FBFKQwyX2gPuC,solana,PumpSwap,,,,,2026-09-27T13:56:05Z,0.0013429701812872625,,,,,,,,,,,,,,,,,,,ohlcv_backfill,minute,0.0012371611939967129,0.0013437458587929984,0.0011858081766483205,0.0013429701812872625,20368.957686373225,/home/runner/work/Solana-Memecoin-Analysis/Solana-Memecoin-Analysis/data/cache/2026-09-28/074307617289_ohlcv_7d5543910b43.json
2026-09-28T04:15:00+00:00,si9vpHXMQJFqoBwAwHUUtHrRagjYb2FBFKQwyX2gPuC,solana,PumpSwap,,,,,2026-09-27T13:56:05Z,0.0012371611939967129,,,,,,,,,,,,,,,,,,,ohlcv_backfill,minute,0.0012848106086925212,0.001430587780354486,0.0012338631036635293,0.0012371611939967129,21872.5204507255,/home/runner/work/Solana-Memecoin-Analysis/Solana-Memecoin-Analysis/data/cache/2026-09-28/074307617289_ohlcv_7d5543910b43.json
2026-09-28T04:10:00+00:00,si9vpHXMQJFqoBwAwHUUtHrRagjYb2FBFKQwyX2gPuC,solana,PumpSwap,,,,,2026-09-27T13:56:05Z,0.0012848106086925212,,,,,,,,,,,,,,,,,,,ohlcv_backfill,minute,0.0012366639469976364,0.0013476708095557356,0.0011808306885809955,0.0012848106086925212,16452.086399121956,/home/runner/work/Solana-Memecoin-Analysis/Solana-Memecoin-Analysis/data/cache/2026-09-28/074307617289_ohlcv_7d5543910b43.json
2026-09-28T04:05:00+00:00,si9vpHXMQJFqoBwAwHUUtHrRagjYb2FBFKQwyX2gPuC,solana,PumpSwap,,,,,2026-09-27T13:56:05Z,0.0012366639469976364,,,,,,,,,,,,,,,,,,,ohlcv_backfill,minute,0.0010920318248615127,0.001285382545688914,0.0010920318248615127,0.0012366639469976364,14434.799201899172,/home/runner/work/Solana-Memecoin-Analysis/Solana-Memecoin-Analysis/data/cache/2026-09-28/074307617289_ohlcv_7d5543910b43.json
2026-09-28T04:00:00+00:00,si9vpHXMQJFqoBwAwHUUtHrRagjYb2FBFKQwyX2gPuC,solana,PumpSwap,,,,,2026-09-27T13:56:05Z,0.0010920318248615127,,,,,,,,,,,,,,,,,,,ohlcv_backfill,minute,0.001234180692614394,0.0012625203091462776,0.0010434160437566683,0.0010920318248615127,21764.496239285912,/home/runner/work/Solana-Memecoin-Analysis/Solana-Memecoin-Analysis/data/cache/2026-09-28/074307617289_ohlcv_7d5543910b43.json
2026-09-28T03:55:00+00:00,si9vpHXMQJFqoBwAwHUUtHrRagjYb2FBFKQwyX2gPuC,solana,PumpSwap,,,,,2026-09-27T13:56:05Z,0.001234180692614394,,,,,,,,,,,,,,,,,,,ohlcv_backfill,minute,0.0012629091542618988,0.0014476193394532732,0.0011859366052537402,0.001234180692614394,49020.96175259957,/home/runner/work/Solana-Memecoin-Analysis/Solana-Memecoin-Analysis/data/cache/2026-09-28/074307617289_ohlcv_7d5543910b43.json
2026-09-28T03:50:00+00:00,si9vpHXMQJFqoBwAwHUUtHrRagjYb2FBFKQwyX2gPuC,solana,PumpSwap,,,,,2026-09-27T13:56:05Z,0.0012629091542618988,,,,,,,,,,,,,,,,,,,ohlcv_backfill,minute,0.001066335818182381,0.0012661352403418175,0.0009879068503735444,0.0012629091542618988,41817.30745567372,/home/runner/work/Solana-Memecoin-Analysis/Solana-Memecoin-Analysis/data/cache/2026-09-28/074307617289_ohlcv_7d5543910b43.json
2026-09-28T03:45:00+00:00,si9vpHXMQJFqoBwAwHUUtHrRagjYb2FBFKQwyX2gPuC,solana,PumpSwap,,,,,2026-09-27T13:56:05Z,0.001066335818182381,,,,,,,,,,,,,,,,,,,ohlcv_backfill,minute,0.0008330283608015763,0.001066336377642122,0.0008139391829757252,0.001066335818182381,29130.632302199876,/home/runner/work/Solana-Memecoin-Analysis/Solana-Memecoin-Analysis/data/cache/2026-09-28/074307617289_ohlcv_7d5543910b43.json
2026-09-28T03:40:00+00:00,si9vpHXMQJFqoBwAwHUUtHrRagjYb2FBFKQwyX2gPuC,solana,PumpSwap,,,,,2026-09-27T13:56:05Z,0.0008330283608015763,,,,,,,,,,,,,,,,,,,ohlcv_backfill,minute,0.0008778286839032127,0.0009692513594692438,0.0008153288012976779,0.0008330283608015763,20141.97151087023,/home/runner/work/Solana-Memecoin-Analysis/Solana-Memecoin-Analysis/data/cache/2026-09-28/074307617289_ohlcv_7d5543910b43.json
2026-09-28T03:35:00+00:00,si9vpHXMQJFqoBwAwHUUtHrRagjYb2FBFKQwyX2gPuC,solana,PumpSwap,,,,,2026-09-27T13:56:05Z,0.0008778286839032127,,,,,,,,,,,,,,,,,,,ohlcv_backfill,minute,0.0008342249359276583,0.0008783820216022506,0.0008342249359276583,0.0008778286839032127,3788.4687992928775,/home/runner/work/Solana-Memecoin-Analysis/Solana-Memecoin-Analysis/data/cache/2026-09-28/074307617289_ohlcv_7d5543910b43.json
2026-09-28T03:30:00+00:00,si9vpHXMQJFqoBwAwHUUtHrRagjYb2FBFKQwyX2gPuC,solana,PumpSwap,,,,,2026-09-27T13:56:05Z,0.0008342249359276583,,,,,,,,,,,,,,,,,,,ohlcv_backfill,minute,0.0008315970255575657,0.000834931209897155,0.000794985154630933,0.0008342249359276583,4608.368666853871,/home/runner/work/Solana-Memecoin-Analysis/Solana-Memecoin-Analysis/data/cache/2026-09-28/074307617289_ohlcv_7d5543910b43.json
2026-09-28T03:25:00+00:00,si9vpHXMQJFqoBwAwHUUtHrRagjYb2FBFKQwyX2gPuC,solana,PumpSwap,,,,,2026-09-27T13:56:05Z,0.0008315970255575657,,,,,,,,,,,,,,,,,,,ohlcv_backfill,minute,0.0008694690725928763,0.0008883557711418666,0.0008310680719022472,0.0008315970255575657,2220.387597883371,/home/runner/work/Solana-Memecoin-Analysis/Solana-Memecoin-Analysis/data/cache/2026-09-28/074307617289_ohlcv_7d5543910b43.json
2026-09-28T03:20:00+00:00,si9vpHXMQJFqoBwAwHUUtHrRagjYb2FBFKQwyX2gPuC,solana,PumpSwap,,,,,2026-09-27T13:56:05Z,0.0008694690725928763,,,,,,,,,,,,,,,,,,,ohlcv_backfill,minute,0.0008028223450932406,0.0008694710642325082,0.0008021892327498875,0.0008694690725928763,4042.143370645579,/home/runner/work/Solana-Memecoin-Analysis/Solana-Memecoin-Analysis/data/cache/2026-09-28/074307617289_ohlcv_7d5543910b43.json
2026-09-28T03:15:00+00:00,si9vpHXMQJFqoBwAwHUUtHrRagjYb2FBFKQwyX2gPuC,solana,PumpSwap,,,,,2026-09-27T13:56:05Z,0.0008028223450932406,,,,,,,,,,,,,,,,,,,ohlcv_backfill,minute,0.0007695487067952765,0.0008036991001826913,0.0007536377883590455,0.0008028223450932406,3494.2470574285,/home/runner/work/Solana-Memecoin-Analysis/Solana-Memecoin-Analysis/data/cache/2026-09-28/074307617289_ohlcv_7d5543910b43.json
2026-09-28T03:10:00+00:00,si9vpHXMQJFqoBwAwHUUtHrRagjYb2FBFKQwyX2gPuC,solana,PumpSwap,,,,,2026-09-27T13:56:05Z,0.0007695487067952765,,,,,,,,,,,,,,,,,,,ohlcv_backfill,minute,0.0007997081230520403,0.0008346840392307443,0.0007672804446823782,0.0007695487067952765,5495.793023265652,/home/runner/work/Solana-Memecoin-Analysis/Solana-Memecoin-Analysis/data/cache/2026-09-28/074307617289_ohlcv_7d5543910b43.json
2026-09-28T03:05:00+00:00,si9vpHXMQJFqoBwAwHUUtHrRagjYb2FBFKQwyX2gPuC,solana,PumpSwap,,,,,2026-09-27T13:56:05Z,0.0007997081230520403,,,,,,,,,,,,,,,,,,,ohlcv_backfill,minute,0.0008424771914218441,0.0008698967775207946,0.0007995271859336869,0.0007997081230520403,3242.3545092752324,/home/runner/work/Solana-Memecoin-Analysis/Solana-Memecoin-Analysis/data/cache/2026-09-28/074307617289_ohlcv_7d5543910b43.json
2026-09-28T03:00:00+00:00,si9vpHXMQJFqoBwAwHUUtHrRagjYb2FBFKQwyX2gPuC,solana,PumpSwap,,,,,2026-09-27T13:56:05Z,0.0008424771914218441,,,,,,,,,,,,,,,,,,,ohlcv_backfill,minute,0.0007879325498579979,0.000843001796124243,0.0007831738612060061,0.0008424771914218441,2129.2454725248285,/home/runner/work/Solana-Memecoin-Analysis/Solana-Memecoin-Analysis/data/cache/2026-09-28/074307617289_ohlcv_7d5543910b43.json
2026-09-28T02:55:00+00:00,si9vpHXMQJFqoBwAwHUUtHrRagjYb2FBFKQwyX2gPuC,solana,PumpSwap,,,,,2026-09-27T13:56:05Z,0.0007879325498579979,,,,,,,,,,,,,,,,,,,ohlcv_backfill,minute,0.0007395033698618853,0.0007883278338421813,0.0007395033698618853,0.0007879325498579979,4286.163778354169,/home/runner/work/Solana-Memecoin-Analysis/Solana-Memecoin-Analysis/data/cache/2026-09-28/074307617289_ohlcv_7d5543910b43.json
2026-09-28T02:50:00+00:00,si9vpHXMQJFqoBwAwHUUtHrRagjYb2FBFKQwyX2gPuC,solana,PumpSwap,,,,,2026-09-27T13:56:05Z,0.0007395033698618853,,,,,,,,,,,,,,,,,,,ohlcv_backfill,minute,0.0007697388657301002,0.000787066586263296,0.0007389693368551571,0.0007395033698618853,4199.429978721534,/home/runner/work/Solana-Memecoin-Analysis/Solana-Memecoin-Analysis/data/cache/2026-09-28/074307617289_ohlcv_7d5543910b43.json
2026-09-28T02:45:00+00:00,si9vpHXMQJFqoBwAwHUUtHrRagjYb2FBFKQwyX2gPuC,solana,PumpSwap,,,,,2026-09-27T13:56:05Z,0.0007697388657301002,,,,,,,,,,,,,,,,,,,ohlcv_backfill,minute,0.0007560345910451869,0.0007697388657301002,0.0007116889541291617,0.0007697388657301002,2921.2965195581733,/home/runner/work/Solana-Memecoin-Analysis/Solana-Memecoin-Analysis/data/cache/2026-09-28/074307617289_ohlcv_7d5543910b43.json
2026-09-28T02:40:00+00:00,si9vpHXMQJFqoBwAwHUUtHrRagjYb2FBFKQwyX2gPuC,solana,PumpSwap,,,,,2026-09-27T13:56:05Z,0.0007560345910451869,,,,,,,,,,,,,,,,,,,ohlcv_backfill,minute,0.0007451333689534591,0.0007564699021807147,0.0007111279843065809,0.0007560345910451869,2810.775052993048,/home/runner/work/Solana-Memecoin-Analysis/Solana-Memecoin-Analysis/data/cache/2026-09-28/074307617289_ohlcv_7d5543910b43.json
2026-09-28T02:35:00+00:00,si9vpHXMQJFqoBwAwHUUtHrRagjYb2FBFKQwyX2gPuC,solana,PumpSwap,,,,,2026-09-27T13:56:05Z,0.0007451333689534591,,,,,,,,,,,,,,,,,,,ohlcv_backfill,minute,0.0007997775741688576,0.0007998875581200761,0.000641940428667656,0.0007451333689534591,14614.462306475496,/home/runner/work/Solana-Memecoin-Analysis/Solana-Memecoin-Analysis/data/cache/2026-09-28/074307617289_ohlcv_7d5543910b43.json
2026-09-28T02:30:00+00:00,si9vpHXMQJFqoBwAwHUUtHrRagjYb2FBFKQwyX2gPuC,solana,PumpSwap,,,,,2026-09-27T13:56:05Z,0.0007997775741688576,,,,,,,,,,,,,,,,,,,ohlcv_backfill,minute,0.0009070018339487579,0.0009072746779602019,0.0007997775741688576,0.0007997775741688576,5574.78662953643,/home/runner/work/Solana-Memecoin-Analysis/Solana-Memecoin-Analysis/data/cache/2026-09-28/074307617289_ohlcv_7d5543910b43.json
2026-09-28T02:25:00+00:00,si9vpHXMQJFqoBwAwHUUtHrRagjYb2FBFKQwyX2gPuC,solana,PumpSwap,,,,,2026-09-27T13:56:05Z,0.0009070018339487579,,,,,,,,,,,,,,,,,,,ohlcv_backfill,minute,0.0008912037873851058,0.0009089635660526836,0.0008717715566632317,0.0009070018339487579,4220.568238825673,/home/runner/work/Solana-Memecoin-Analysis/Solana-Memecoin-Analysis/data/cache/2026-09-28/074307617289_ohlcv_7d5543910b43.json
2026-09-28T02:20:00+00:00,si9vpHXMQJFqoBwAwHUUtHrRagjYb2FBFKQwyX2gPuC,solana,PumpSwap,,,,,2026-09-27T13:56:05Z,0.0008912037873851058,,,,,,,,,,,,,,,,,,,ohlcv_backfill,minute,0.0008098209739954992,0.0008919519385391719,0.000809371940924198,0.0008912037873851058,6440.770542381734,/home/runner/work/Solana-Memecoin-Analysis/Solana-Memecoin-Analysis/data/cache/2026-09-28/074307617289_ohlcv_7d5543910b43.json
2026-09-28T02:15:00+00:00,si9vpHXMQJFqoBwAwHUUtHrRagjYb2FBFKQwyX2gPuC,solana,PumpSwap,,,,,2026-09-27T13:56:05Z,0.0008098209739954992,,,,,,,,,,,,,,,,,,,ohlcv_backfill,minute,0.000801537320813185,0.0008405283517083416,0.0007902093495781178,0.0008098209739954992,4526.155271259044,/home/runner/work/Solana-Memecoin-Analysis/Solana-Memecoin-Analysis/data/cache/2026-09-28/074307617289_ohlcv_7d5543910b43.json
2026-09-28T02:10:00+00:00,si9vpHXMQJFqoBwAwHUUtHrRagjYb2FBFKQwyX2gPuC,solana,PumpSwap,,,,,2026-09-27T13:56:05Z,0.000801537320813185,,,,,,,,,,,,,,,,,,,ohlcv_backfill,minute,0.0008050254448020796,0.0008422442684739576,0.0007885789000114391,0.000801537320813185,3822.461525465625,/home/runner/work/Solana-Memecoin-Analysis/Solana-Memecoin-Analysis/data/cache/2026-09-28/074307617289_ohlcv_7d5543910b43.json
2026-09-28T02:05:00+00:00,si9vpHXMQJFqoBwAwHUUtHrRagjYb2FBFKQwyX2gPuC,solana,PumpSwap,,,,,2026-09-27T13:56:05Z,0.0008050254448020796,,,,,,,,,,,,,,,,,,,ohlcv_backfill,minute,0.0007853617579273644,0.0008422982300500856,0.0007853617579273644,0.0008050254448020796,5654.159535587106,/home/runner/work/Solana-Memecoin-Analysis/Solana-Memecoin-Analysis/data/cache/2026-09-28/074307617289_ohlcv_7d5543910b43.json
2026-09-28T02:00:00+00:00,si9vpHXMQJFqoBwAwHUUtHrRagjYb2FBFKQwyX2gPuC,solana,PumpSwap,,,,,2026-09-27T13:56:05Z,0.0007853617579273644,,,,,,,,,,,,,,,,,,,ohlcv_backfill,minute,0.0007092751936582329,0.0008565121406299458,0.0006848203365480583,0.0007853617579273644,32435.08524601425,/home/runner/work/Solana-Memecoin-Analysis/Solana-Memecoin-Analysis/data/cache/2026-09-28/074307617289_ohlcv_7d5543910b43.json
2026-09-28T01:55:00+00:00,si9vpHXMQJFqoBwAwHUUtHrRagjYb2FBFKQwyX2gPuC,solana,PumpSwap,,,,,2026-09-27T13:56:05Z,0.0007092751936582329,,,,,,,,,,,,,,,,,,,ohlcv_backfill,minute,0.000685897219148536,0.0007173348721478343,0.000663367864815572,0.0007092751936582329,4929.172679827477,/home/runner/work/Solana-Memecoin-Analysis/Solana-Memecoin-Analysis/data/cache/2026-09-28/074307617289_ohlcv_7d5543910b43.json
2026-09-28T01:50:00+00:00,si9vpHXMQJFqoBwAwHUUtHrRagjYb2FBFKQwyX2gPuC,solana,PumpSwap,,,,,2026-09-27T13:56:05Z,0.000685897219148536,,,,,,,,,,,,,,,,,,,ohlcv_backfill,minute,0.0006727103726923993,0.0007032732275931364,0.0006727103726923993,0.000685897219148536,7814.690601165489,/home/runner/work/Solana-Memecoin-Analysis/Solana-Memecoin-Analysis/data/cache/2026-09-28/074307617289_ohlcv_7d5543910b43.json
2026-09-28T01:45:00+00:00,si9vpHXMQJFqoBwAwHUUtHrRagjYb2FBFKQwyX2gPuC,solana,PumpSwap,,,,,2026-09-27T13:56:05Z,0.0006727103726923993,,,,,,,,,,,,,,,,,,,ohlcv_backfill,minute,0.0006876065015295604,0.0007223781820776961,0.0006457056693244549,0.0006727103726923993,14256.857781095929,/home/runner/work/Solana-Memecoin-Analysis/Solana-Memecoin-Analysis/data/cache/2026-09-28/074307617289_ohlcv_7d5543910b43.json
2026-09-28T01:40:00+00:00,si9vpHXMQJFqoBwAwHUUtHrRagjYb2FBFKQwyX2gPuC,solana,PumpSwap,,,,,2026-09-27T13:56:05Z,0.0006876065015295604,,,,,,,,,,,,,,,,,,,ohlcv_backfill,minute,0.0007051424526084247,0.0007657506729149558,0.0006876065015295604,0.0006876065015295604,15075.805259002262,/home/runner/work/Solana-Memecoin-Analysis/Solana-Memecoin-Analysis/data/cache/2026-09-28/074307617289_ohlcv_7d5543910b43.json
2026-09-28T01:35:00+00:00,si9vpHXMQJFqoBwAwHUUtHrRagjYb2FBFKQwyX2gPuC,solana,PumpSwap,,,,,2026-09-27T13:56:05Z,0.0007051424526084247,,,,,,,,,,,,,,,,,,,ohlcv_backfill,minute,0.0007974366622365837,0.0007974366622365837,0.0006066299842193317,0.0007051424526084247,42977.83578354149,/home/runner/work/Solana-Memecoin-Analysis/Solana-Memecoin-Analysis/data/cache/2026-09-28/074307617289_ohlcv_7d5543910b43.json
2026-09-28T01:30:00+00:00,si9vpHXMQJFqoBwAwHUUtHrRagjYb2FBFKQwyX2gPuC,solana,PumpSwap,,,,,2026-09-27T13:56:05Z,0.0007974366622365837,,,,,,,,,,,,,,,,,,,ohlcv_backfill,minute,0.0008302426321480708,0.0008312145099744266,0.000729144809210868,0.0007974366622365837,13432.474880309665,/home/runner/work/Solana-Memecoin-Analysis/Solana-Memecoin-Analysis/data/cache/2026-09-28/074307617289_ohlcv_7d5543910b43.json
2026-09-28T01:25:00+00:00,si9vpHXMQJFqoBwAwHUUtHrRagjYb2FBFKQwyX2gPuC,solana,PumpSwap,,,,,2026-09-27T13:56:05Z,0.0008302426321480708,,,,,,,,,,,,,,,,,,,ohlcv_backfill,minute,0.0007969538149137753,0.0008320466193767074,0.0007965849190237149,0.0008302426321480708,7755.905079875849,/home/runner/work/Solana-Memecoin-Analysis/Solana-Memecoin-Analysis/data/cache/2026-09-28/074307617289_ohlcv_7d5543910b43.json
2026-09-28T01:20:00+00:00,si9vpHXMQJFqoBwAwHUUtHrRagjYb2FBFKQwyX2gPuC,solana,PumpSwap,,,,,2026-09-27T13:56:05Z,0.0007969538149137753,,,,,,,,,,,,,,,,,,,ohlcv_backfill,minute,0.0007335953269790976,0.000809322604431298,0.0007335953269790976,0.0007969538149137753,11510.203754784317,/home/runner/work/Solana-Memecoin-Analysis/Solana-Memecoin-Analysis/data/cache/2026-09-28/074307617289_ohlcv_7d5543910b43.json
2026-09-28T01:15:00+00:00,si9vpHXMQJFqoBwAwHUUtHrRagjYb2FBFKQwyX2gPuC,solana,PumpSwap,,,,,2026-09-27T13:56:05Z,0.0007335953269790976,,,,,,,,,,,,,,,,,,,ohlcv_backfill,minute,0.0007192173905443071,0.0007628716941017402,0.0007191776402312936,0.0007335953269790976,3527.765877225787,/home/runner/work/Solana-Memecoin-Analysis/Solana-Memecoin-Analysis/data/cache/2026-09-28/074307617289_ohlcv_7d5543910b43.json
2026-09-28T01:10:00+00:00,si9vpHXMQJFqoBwAwHUUtHrRagjYb2FBFKQwyX2gPuC,solana,PumpSwap,,,,,2026-09-27T13:56:05Z,0.0007192173905443071,,,,,,,,,,,,,,,,,,,ohlcv_backfill,minute,0.0007523042441786038,0.0007523042441786038,0.0006909540696352773,0.0007192173905443071,6581.144845906361,/home/runner/work/Solana-Memecoin-Analysis/Solana-Memecoin-Analysis/data/cache/2026-09-28/074307617289_ohlcv_7d5543910b43.json
2026-09-28T01:05:00+00:00,si9vpHXMQJFqoBwAwHUUtHrRagjYb2FBFKQwyX2gPuC,solana,PumpSwap,,,,,2026-09-27T13:56:05Z,0.0007523042441786038,,,,,,,,,,,,,,,,,,,ohlcv_backfill,minute,0.0006986541118927372,0.0007528429495731778,0.0006964086774823451,0.0007523042441786038,12392.845660158975,/home/runner/work/Solana-Memecoin-Analysis/Solana-Memecoin-Analysis/data/cache/2026-09-28/074307617289_ohlcv_7d5543910b43.json
2026-09-28T01:00:00+00:00,si9vpHXMQJFqoBwAwHUUtHrRagjYb2FBFKQwyX2gPuC,solana,PumpSwap,,,,,2026-09-27T13:56:05Z,0.0006986541118927372,,,,,,,,,,,,,,,,,,,ohlcv_backfill,minute,0.0007945909856182765,0.0008464048372471723,0.0006975305212723209,0.0006986541118927372,21869.833391467917,/home/runner/work/Solana-Memecoin-Analysis/Solana-Memecoin-Analysis/data/cache/2026-09-28/074307617289_ohlcv_7d5543910b43.json
2026-09-28T00:55:00+00:00,si9vpHXMQJFqoBwAwHUUtHrRagjYb2FBFKQwyX2gPuC,solana,PumpSwap,,,,,2026-09-27T13:56:05Z,0.0007945909856182765,,,,,,,,,,,,,,,,,,,ohlcv_backfill,minute,0.0009000626377315791,0.0009000626377315791,0.0007936814235640292,0.0007945909856182765,8660.399608181851,/home/runner/work/Solana-Memecoin-Analysis/Solana-Memecoin-Analysis/data/cache/2026-09-28/074307617289_ohlcv_7d5543910b43.json
2026-09-28T00:50:00+00:00,si9vpHXMQJFqoBwAwHUUtHrRagjYb2FBFKQwyX2gPuC,solana,PumpSwap,,,,,2026-09-27T13:56:05Z,0.0009000626377315791,,,,,,,,,,,,,,,,,,,ohlcv_backfill,minute,0.0007729324651733178,0.0009013469515421215,0.0007729324651733178,0.0009000626377315791,6481.614616790962,/home/runner/work/Solana-Memecoin-Analysis/Solana-Memecoin-Analysis/data/cache/2026-09-28/074307617289_ohlcv_7d5543910b43.json
2026-09-28T00:45:00+00:00,si9vpHXMQJFqoBwAwHUUtHrRagjYb2FBFKQwyX2gPuC,solana,PumpSwap,,,,,2026-09-27T13:56:05Z,0.0007729324651733178,,,,,,,,,,,,,,,,,,,ohlcv_backfill,minute,0.0007958947450446582,0.0008300167541934021,0.0007726801295265215,0.0007729324651733178,6667.290724619851,/home/runner/work/Solana-Memecoin-Analysis/Solana-Memecoin-Analysis/data/cache/2026-09-28/074307617289_ohlcv_7d5543910b43.json
2026-09-28T00:40:00+00:00,si9vpHXMQJFqoBwAwHUUtHrRagjYb2FBFKQwyX2gPuC,solana,PumpSwap,,,,,2026-09-27T13:56:05Z,0.0007958947450446582,,,,,,,,,,,,,,,,,,,ohlcv_backfill,minute,0.0008259915337083165,0.0008259915337083165,0.0007450570507544727,0.0007958947450446582,14625.221982731124,/home/runner/work/Solana-Memecoin-Analysis/Solana-Memecoin-Analysis/data/cache/2026-09-28/074307617289_ohlcv_7d5543910b43.json
2026-09-28T00:35:00+00:00,si9vpHXMQJFqoBwAwHUUtHrRagjYb2FBFKQwyX2gPuC,solana,PumpSwap,,,,,2026-09-27T13:56:05Z,0.0008259915337083165,,,,,,,,,,,,,,,,,,,ohlcv_backfill,minute,0.0009320080745061479,0.0009320080745061479,0.0008259915337083165,0.0008259915337083165,18137.277532402073,/home/runner/work/Solana-Memecoin-Analysis/Solana-Memecoin-Analysis/data/cache/2026-09-28/074307617289_ohlcv_7d5543910b43.json
2026-09-28T00:30:00+00:00,si9vpHXMQJFqoBwAwHUUtHrRagjYb2FBFKQwyX2gPuC,solana,PumpSwap,,,,,2026-09-27T13:56:05Z,0.0009320080745061479,,,,,,,,,,,,,,,,,,,ohlcv_backfill,minute,0.000902863543274584,0.00097883373128179,0.0008787264706731748,0.0009320080745061479,9630.754601743425,/home/runner/work/Solana-Memecoin-Analysis/Solana-Memecoin-Analysis/data/cache/2026-09-28/074307617289_ohlcv_7d5543910b43.json
2026-09-28T00:25:00+00:00,si9vpHXMQJFqoBwAwHUUtHrRagjYb2FBFKQwyX2gPuC,solana,PumpSwap,,,,,2026-09-27T13:56:05Z,0.000902863543274584,,,,,,,,,,,,,,,,,,,ohlcv_backfill,minute,0.0009336614621638552,0.0009336614621638552,0.0008798143578681888,0.000902863543274584,6171.123379996975,/home/runner/work/Solana-Memecoin-Analysis/Solana-Memecoin-Analysis/data/cache/2026-09-28/074307617289_ohlcv_7d5543910b43.json
2026-09-28T00:20:00+00:00,si9vpHXMQJFqoBwAwHUUtHrRagjYb2FBFKQwyX2gPuC,solana,PumpSwap,,,,,2026-09-27T13:56:05Z,0.0009336614621638552,,,,,,,,,,,,,,,,,,,ohlcv_backfill,minute,0.001035128894019908,0.0010385564286772859,0.0009336614621638552,0.0009336614621638552,7276.737668321664,/home/runner/work/Solana-Memecoin-Analysis/Solana-Memecoin-Analysis/data/cache/2026-09-28/074307617289_ohlcv_7d5543910b43.json
2026-09-28T00:15:00+00:00,si9vpHXMQJFqoBwAwHUUtHrRagjYb2FBFKQwyX2gPuC,solana,PumpSwap,,,,,2026-09-27T13:56:05Z,0.001035128894019908,,,,,,,,,,,,,,,,,,,ohlcv_backfill,minute,0.0009334871135669915,0.0010356214986244107,0.0009334871135669915,0.001035128894019908,11814.911055448087,/home/runner/work/Solana-Memecoin-Analysis/Solana-Memecoin-Analysis/data/cache/2026-09-28/074307617289_ohlcv_7d5543910b43.json
2026-09-28T00:10:00+00:00,si9vpHXMQJFqoBwAwHUUtHrRagjYb2FBFKQwyX2gPuC,solana,PumpSwap,,,,,2026-09-27T13:56:05Z,0.0009334871135669915,,,,,,,,,,,,,,,,,,,ohlcv_backfill,minute,0.0009639363574825542,0.000972708727007196,0.0008930815158407575,0.0009334871135669915,12968.25852101686,/home/runner/work/Solana-Memecoin-Analysis/Solana-Memecoin-Analysis/data/cache/2026-09-28/074307617289_ohlcv_7d5543910b43.json
2026-09-28T00:05:00+00:00,si9vpHXMQJFqoBwAwHUUtHrRagjYb2FBFKQwyX2gPuC,solana,PumpSwap,,,,,2026-09-27T13:56:05Z,0.0009639363574825542,,,,,,,,,,,,,,,,,,,ohlcv_backfill,minute,0.001092548409781755,0.001092548409781755,0.0009639363574825542,0.0009639363574825542,7015.451138139012,/home/runner/work/Solana-Memecoin-Analysis/Solana-Memecoin-Analysis/data/cache/2026-09-28/074307617289_ohlcv_7d5543910b43.json
2026-09-28T00:00:00+00:00,si9vpHXMQJFqoBwAwHUUtHrRagjYb2FBFKQwyX2gPuC,solana,PumpSwap,,,,,2026-09-27T13:56:05Z,0.001092548409781755,,,,,,,,,,,,,,,,,,,ohlcv_backfill,minute,0.001257982233559032,0.0012835792152135548,0.0010659683410721378,0.001092548409781755,16956.945512685063,/home/runner/work/Solana-Memecoin-Analysis/Solana-Memecoin-Analysis/data/cache/2026-09-28/074307617289_ohlcv_7d5543910b43.json
2026-09-27T23:55:00+00:00,si9vpHXMQJFqoBwAwHUUtHrRagjYb2FBFKQwyX2gPuC,solana,PumpSwap,,,,,2026-09-27T13:56:05Z,0.001257982233559032,,,,,,,,,,,,,,,,,,,ohlcv_backfill,minute,0.001281016595840272,0.001281016595840272,0.0011842355095838075,0.001257982233559032,6515.784751664417,/home/runner/work/Solana-Memecoin-Analysis/Solana-Memecoin-Analysis/data/cache/2026-09-28/074307617289_ohlcv_7d5543910b43.json
2026-09-27T23:50:00+00:00,si9vpHXMQJFqoBwAwHUUtHrRagjYb2FBFKQwyX2gPuC,solana,PumpSwap,,,,,2026-09-27T13:56:05Z,0.001281016595840272,,,,,,,,,,,,,,,,,,,ohlcv_backfill,minute,0.0011553260059192958,0.001281016595840272,0.0010933932450885885,0.001281016595840272,7767.536577557446,/home/runner/work/Solana-Memecoin-Analysis/Solana-Memecoin-Analysis/data/cache/2026-09-28/074307617289_ohlcv_7d5543910b43.json
2026-09-27T23:45:00+00:00,si9vpHXMQJFqoBwAwHUUtHrRagjYb2FBFKQwyX2gPuC,solana,PumpSwap,,,,,2026-09-27T13:56:05Z,0.0011553260059192958,,,,,,,,,,,,,,,,,,,ohlcv_backfill,minute,0.0011811000372804578,0.0011976302264710985,0.001112409473661873,0.0011553260059192958,5169.46303536574,/home/runner/work/Solana-Memecoin-Analysis/Solana-Memecoin-Analysis/data/cache/2026-09-28/074307617289_ohlcv_7d5543910b43.json
2026-09-27T23:40:00+00:00,si9vpHXMQJFqoBwAwHUUtHrRagjYb2FBFKQwyX2gPuC,solana,PumpSwap,,,,,2026-09-27T13:56:05Z,0.0011811000372804578,,,,,,,,,,,,,,,,,,,ohlcv_backfill,minute,0.0012330315553678944,0.0012471356293903841,0.001158357827881028,0.0011811000372804578,8003.59651001799,/home/runner/work/Solana-Memecoin-Analysis/Solana-Memecoin-Analysis/data/cache/2026-09-28/074307617289_ohlcv_7d5543910b43.json
2026-09-27T23:35:00+00:00,si9vpHXMQJFqoBwAwHUUtHrRagjYb2FBFKQwyX2gPuC,solana,PumpSwap,,,,,2026-09-27T13:56:05Z,0.0012330315553678944,,,,,,,,,,,,,,,,,,,ohlcv_backfill,minute,0.0012285655190196008,0.0012370016125614156,0.0011805853142852667,0.0012330315553678944,10312.580309224746,/home/runner/work/Solana-Memecoin-Analysis/Solana-Memecoin-Analysis/data/cache/2026-09-28/074307617289_ohlcv_7d5543910b43.json
2026-09-27T23:30:00+00:00,si9vpHXMQJFqoBwAwHUUtHrRagjYb2FBFKQwyX2gPuC,solana,PumpSwap,,,,,2026-09-27T13:56:05Z,0.0012285655190196008,,,,,,,,,,,,,,,,,,,ohlcv_backfill,minute,0.001169511485668112,0.0013415608930381945,0.0011381380632727613,0.0012285655190196008,26729.165463102796,/home/runner/work/Solana-Memecoin-Analysis/Solana-Memecoin-Analysis/data/cache/2026-09-28/074307617289_ohlcv_7d5543910b43.json
2026-09-27T23:25:00+00:00,si9vpHXMQJFqoBwAwHUUtHrRagjYb2FBFKQwyX2gPuC,solana,PumpSwap,,,,,2026-09-27T13:56:05Z,0.001169511485668112,,,,,,,,,,,,,,,,,,,ohlcv_backfill,minute,0.0010118729758366424,0.0012376567077228822,0.0010113953391617321,0.001169511485668112,18705.54765187666,/home/runner/work/Solana-Memecoin-Analysis/Solana-Memecoin-Analysis/data/cache/2026-09-28/074307617289_ohlcv_7d5543910b43.json
2026-09-27T23:20:00+00:00,si9vpHXMQJFqoBwAwHUUtHrRagjYb2FBFKQwyX2gPuC,solana,PumpSwap,,,,,2026-09-27T13:56:05Z,0.0010118729758366424,,,,,,,,,,,,,,,,,,,ohlcv_backfill,minute,0.000928949254946393,0.0010118729758366424,0.000928949254946393,0.0010118729758366424,7186.281326368629,/home/runner/work/Solana-Memecoin-Analysis/Solana-Memecoin-Analysis/data/cache/2026-09-28/074307617289_ohlcv_7d5543910b43.json
2026-09-27T23:15:00+00:00,si9vpHXMQJFqoBwAwHUUtHrRagjYb2FBFKQwyX2gPuC,solana,PumpSwap,,,,,2026-09-27T13:56:05Z,0.000928949254946393,,,,,,,,,,,,,,,,,,,ohlcv_backfill,minute,0.0008643939963365874,0.0009295448089436179,0.0008584403812152883,0.000928949254946393,4041.3232591967108,/home/runner/work/Solana-Memecoin-Analysis/Solana-Memecoin-Analysis/data/cache/2026-09-28/074307617289_ohlcv_7d5543910b43.json
2026-09-27T23:10:00+00:00,si9vpHXMQJFqoBwAwHUUtHrRagjYb2FBFKQwyX2gPuC,solana,PumpSwap,,,,,2026-09-27T13:56:05Z,0.0008643939963365874,,,,,,,,,,,,,,,,,,,ohlcv_backfill,minute,0.0009482650783787812,0.0009691333944928937,0.0008643939963365874,0.0008643939963365874,9653.518572128894,/home/runner/work/Solana-Memecoin-Analysis/Solana-Memecoin-Analysis/data/cache/2026-09-28/074307617289_ohlcv_7d5543910b43.json
2026-09-27T23:05:00+00:00,si9vpHXMQJFqoBwAwHUUtHrRagjYb2FBFKQwyX2gPuC,solana,PumpSwap,,,,,2026-09-27T13:56:05Z,0.0009482650783787812,,,,,,,,,,,,,,,,,,,ohlcv_backfill,minute,0.0009110071600237885,0.0009683916739524019,0.0009110071600237885,0.0009482650783787812,7348.937039318708,/home/runner/work/Solana-Memecoin-Analysis/Solana-Memecoin-Analysis/data/cache/2026-09-28/074307617289_ohlcv_7d5543910b43.json
2026-09-27T23:00:00+00:00,si9vpHXMQJFqoBwAwHUUtHrRagjYb2FBFKQwyX2gPuC,solana,PumpSwap,,,,,2026-09-27T13:56:05Z,0.0009110071600237885,,,,,,,,,,,,,,,,,,,ohlcv_backfill,minute,0.0009867985564686603,0.0010225432591162654,0.0009110067359589572,0.0009110071600237885,8783.271067263213,/home/runner/work/Solana-Memecoin-Analysis/Solana-Memecoin-Analysis/data/cache/2026-09-28/074307617289_ohlcv_7d5543910b43.json
2026-09-27T22:55:00+00:00,si9vpHXMQJFqoBwAwHUUtHrRagjYb2FBFKQwyX2gPuC,solana,PumpSwap,,,,,2026-09-27T13:56:05Z,0.0009867985564686603,,,,,,,,,,,,,,,,,,,ohlcv_backfill,minute,0.0010869247367012284,0.001087405560892979,0.0009460641158109188,0.0009867985564686603,11161.189282737547,/home/runner/work/Solana-Memecoin-Analysis/Solana-Memecoin-Analysis/data/cache/2026-09-28/074307617289_ohlcv_7d5543910b43.json
2026-09-27T22:50:00+00:00,si9vpHXMQJFqoBwAwHUUtHrRagjYb2FBFKQwyX2gPuC,solana,PumpSwap,,,,,2026-09-27T13:56:05Z,0.0010869247367012284,,,,,,,,,,,,,,,,,,,ohlcv_backfill,minute,0.0010262659643687074,0.0011593957672845843,0.0010260223873649172,0.0010869247367012284,25247.2500334203,/home/runner/work/Solana-Memecoin-Analysis/Solana-Memecoin-Analysis/data/cache/2026-09-28/074307617289_ohlcv_7d5543910b43.json
2026-09-27T22:45:00+00:00,si9vpHXMQJFqoBwAwHUUtHrRagjYb2FBFKQwyX2gPuC,solana,PumpSwap,,,,,2026-09-27T13:56:05Z,0.0010262659643687074,,,,,,,,,,,,,,,,,,,ohlcv_backfill,minute,0.0009287086219307369,0.0010262659643687074,0.0009281488175481453,0.0010262659643687074,11885.950002280817,/home/runner/work/Solana-Memecoin-Analysis/Solana-Memecoin-Analysis/data/cache/2026-09-28/074307617289_ohlcv_7d5543910b43.json
2026-09-27T22:40:00+00:00,si9vpHXMQJFqoBwAwHUUtHrRagjYb2FBFKQwyX2gPuC,solana,PumpSwap,,,,,2026-09-27T13:56:05Z,0.0009287086219307369,,,,,,,,,,,,,,,,,,,ohlcv_backfill,minute,0.000910629363615693,0.0009492508272329786,0.0008899748744219328,0.0009287086219307369,13984.047329294885,/home/runner/work/Solana-Memecoin-Analysis/Solana-Memecoin-Analysis/data/cache/2026-09-28/074307617289_ohlcv_7d5543910b43.json
2026-09-27T22:35:00+00:00,si9vpHXMQJFqoBwAwHUUtHrRagjYb2FBFKQwyX2gPuC,solana,PumpSwap,,,,,2026-09-27T13:56:05Z,0.000910629363615693,,,,,,,,,,,,,,,,,,,ohlcv_backfill,minute,0.0008767568106658587,0.0009482632475941905,0.000840709344984744,0.000910629363615693,9716.13066009906,/home/runner/work/Solana-Memecoin-Analysis/Solana-Memecoin-Analysis/data/cache/2026-09-28/074307617289_ohlcv_7d5543910b43.json
2026-09-27T22:30:00+00:00,si9vpHXMQJFqoBwAwHUUtHrRagjYb2FBFKQwyX2gPuC,solana,PumpSwap,,,,,2026-09-27T13:56:05Z,0.0008767568106658587,,,,,,,,,,,,,,,,,,,ohlcv_backfill,minute,0.0008813494041144547,0.0008813494041144547,0.000826791195214943,0.0008767568106658587,6546.886566962571,/home/runner/work/Solana-Memecoin-Analysis/Solana-Memecoin-Analysis/data/cache/2026-09-28/074307617289_ohlcv_7d5543910b43.json
2026-09-27T22:25:00+00:00,si9vpHXMQJFqoBwAwHUUtHrRagjYb2FBFKQwyX2gPuC,solana,PumpSwap,,,,,2026-09-27T13:56:05Z,0.0008813494041144547,,,,,,,,,,,,,,,,,,,ohlcv_backfill,minute,0.0008733791067870892,0.0008832577001854256,0.0008071162774109127,0.0008813494041144547,10406.453352238563,/home/runner/work/Solana-Memecoin-Analysis/Solana-Memecoin-Analysis/data/cache/2026-09-28/074307617289_ohlcv_7d5543910b43.json
2026-09-27T22:20:00+00:00,si9vpHXMQJFqoBwAwHUUtHrRagjYb2FBFKQwyX2gPuC,solana,PumpSwap,,,,,2026-09-27T13:56:05Z,0.0008733791067870892,,,,,,,,,,,,,,,,,,,ohlcv_backfill,minute,0.000897782803792186,0.0009346149638842483,0.0008733791067870892,0.0008733791067870892,15607.221497271521,/home/runner/work/Solana-Memecoin-Analysis/Solana-Memecoin-Analysis/data/cache/2026-09-28/074307617289_ohlcv_7d5543910b43.json
2026-09-27T22:15:00+00:00,si9vpHXMQJFqoBwAwHUUtHrRagjYb2FBFKQwyX2gPuC,solana,PumpSwap,,,,,2026-09-27T13:56:05Z,0.000897782803792186,,,,,,,,,,,,,,,,,,,ohlcv_backfill,minute,0.0009128967650375212,0.0009128967650375212,0.0008246240594324777,0.000897782803792186,19757.29409721045,/home/runner/work/Solana-Memecoin-Analysis/Solana-Memecoin-Analysis/data/cache/2026-09-28/074307617289_ohlcv_7d5543910b43.json
2026-09-27T22:10:00+00:00,si9vpHXMQJFqoBwAwHUUtHrRagjYb2FBFKQwyX2gPuC,solana,PumpSwap,,,,,2026-09-27T13:56:05Z,0.0009128967650375212,,,,,,,,,,,,,,,,,,,ohlcv_backfill,minute,0.0008799847132570761,0.0009541967207523227,0.0007984515812062969,0.0009128967650375212,39543.79733404815,/home/runner/work/Solana-Memecoin-Analysis/Solana-Memecoin-Analysis/data/cache/2026-09-28/074307617289_ohlcv_7d5543910b43.json
2026-09-27T22:05:00+00:00,si9vpHXMQJFqoBwAwHUUtHrRagjYb2FBFKQwyX2gPuC,solana,PumpSwap,,,,,2026-09-27T13:56:05Z,0.0008799847132570761,,,,,,,,,,,,,,,,,,,ohlcv_backfill,minute,0.0010524192174329592,0.0010561376856801532,0.0008329656108181683,0.0008799847132570761,69507.50743802782,/home/runner/work/Solana-Memecoin-Analysis/Solana-Memecoin-Analysis/data/cache/2026-09-28/074307617289_ohlcv_7d5543910b43.json
2026-09-27T22:00:00+00:00,si9vpHXMQJFqoBwAwHUUtHrRagjYb2FBFKQwyX2gPuC,solana,PumpSwap,,,,,2026-09-27T13:56:05Z,0.0010524192174329592,,,,,,,,,,,,,,,,,,,ohlcv_backfill,minute,0.001216893758031893,0.0012682723735584597,0.000984716257041041,0.0010524192174329592,27470.351126049383,/home/runner/work/Solana-Memecoin-Analysis/Solana-Memecoin-Analysis/data/cache/2026-09-28/074307617289_ohlcv_7d5543910b43.json
2026-09-27T21:55:00+00:00,si9vpHXMQJFqoBwAwHUUtHrRagjYb2FBFKQwyX2gPuC,solana,PumpSwap,,,,,2026-09-27T13:56:05Z,0.001216893758031893,,,,,,,,,,,,,,,,,,,ohlcv_backfill,minute,0.001335070213828888,0.0013713428049081432,0.0011540160086592154,0.001216893758031893,19890.28877066692,/home/runner/work/Solana-Memecoin-Analysis/Solana-Memecoin-Analysis/data/cache/2026-09-28/074307617289_ohlcv_7d5543910b43.json
2026-09-27T21:50:00+00:00,si9vpHXMQJFqoBwAwHUUtHrRagjYb2FBFKQwyX2gPuC,solana,PumpSwap,,,,,2026-09-27T13:56:05Z,0.001335070213828888,,,,,,,,,,,,,,,,,,,ohlcv_backfill,minute,0.0013443431968229998,0.0014565036812249253,0.0013348647713301853,0.001335070213828888,14315.485193343695,/home/runner/work/Solana-Memecoin-Analysis/Solana-Memecoin-Analysis/data/cache/2026-09-28/074307617289_ohlcv_7d5543910b43.json
2026-09-27T21:45:00+00:00,si9vpHXMQJFqoBwAwHUUtHrRagjYb2FBFKQwyX2gPuC,solana,PumpSwap,,,,,2026-09-27T13:56:05Z,0.0013443431968229998,,,,,,,,,,,,,,,,,,,ohlcv_backfill,minute,0.0013001051649108642,0.0013443431968229998,0.0012640102927142392,0.0013443431968229998,8217.704008639761,/home/runner/work/Solana-Memecoin-Analysis/Solana-Memecoin-Analysis/data/cache/2026-09-28/074307617289_ohlcv_7d5543910b43.json
2026-09-27T21:40:00+00:00,si9vpHXMQJFqoBwAwHUUtHrRagjYb2FBFKQwyX2gPuC,solana,PumpSwap,,,,,2026-09-27T13:56:05Z,0.0013001051649108642,,,,,,,,,,,,,,,,,,,ohlcv_backfill,minute,0.001393159722238407,0.0013975197422033618,0.0013001051649108642,0.0013001051649108642,9481.548734938124,/home/runner/work/Solana-Memecoin-Analysis/Solana-Memecoin-Analysis/data/cache/2026-09-28/074307617289_ohlcv_7d5543910b43.json
2026-09-27T21:35:00+00:00,si9vpHXMQJFqoBwAwHUUtHrRagjYb2FBFKQwyX2gPuC,solana,PumpSwap,,,,,2026-09-27T13:56:05Z,0.001393159722238407,,,,,,,,,,,,,,,,,,,ohlcv_backfill,minute,0.0013830205143870145,0.0014236215040095465,0.0013718188508841497,0.001393159722238407,6705.658086547653,/home/runner/work/Solana-Memecoin-Analysis/Solana-Memecoin-Analysis/data/cache/2026-09-28/074307617289_ohlcv_7d5543910b43.json
2026-09-27T21:30:00+00:00,si9vpHXMQJFqoBwAwHUUtHrRagjYb2FBFKQwyX2gPuC,solana,PumpSwap,,,,,2026-09-27T13:56:05Z,0.0013830205143870145,,,,,,,,,,,,,,,,,,,ohlcv_backfill,minute,0.0013185557909903968,0.0013830205143870145,0.001265606914072951,0.0013830205143870145,6864.852349837201,/home/runner/work/Solana-Memecoin-Analysis/Solana-Memecoin-Analysis/data/cache/2026-09-28/074307617289_ohlcv_7d5543910b43.json
2026-09-27T21:25:00+00:00,si9vpHXMQJFqoBwAwHUUtHrRagjYb2FBFKQwyX2gPuC,solana,PumpSwap,,,,,2026-09-27T13:56:05Z,0.0013185557909903968,,,,,,,,,,,,,,,,,,,ohlcv_backfill,minute,0.0012778359607515989,0.0013192215451902224,0.0012665305255144357,0.0013185557909903968,5412.222998308575,/home/runner/work/Solana-Memecoin-Analysis/Solana-Memecoin-Analysis/data/cache/2026-09-28/074307617289_ohlcv_7d5543910b43.json
2026-09-27T21:20:00+00:00,si9vpHXMQJFqoBwAwHUUtHrRagjYb2FBFKQwyX2gPuC,solana,PumpSwap,,,,,2026-09-27T13:56:05Z,0.0012778359607515989,,,,,,,,,,,,,,,,,,,ohlcv_backfill,minute,0.0011937754977385448,0.0013474506542028714,0.0011937754977385448,0.0012778359607515989,20212.41071912307,/home/runner/work/Solana-Memecoin-Analysis/Solana-Memecoin-Analysis/data/cache/2026-09-28/074307617289_ohlcv_7d5543910b43.json
2026-09-27T21:15:00+00:00,si9vpHXMQJFqoBwAwHUUtHrRagjYb2FBFKQwyX2gPuC,solana,PumpSwap,,,,,2026-09-27T13:56:05Z,0.0011937754977385448,,,,,,,,,,,,,,,,,,,ohlcv_backfill,minute,0.0012442808462549979,0.001248563524245187,0.001168840988582573,0.0011937754977385448,8494.28026669202,/home/runner/work/Solana-Memecoin-Analysis/Solana-Memecoin-Analysis/data/cache/2026-09-28/074307617289_ohlcv_7d5543910b43.json
2026-09-27T21:10:00+00:00,si9vpHXMQJFqoBwAwHUUtHrRagjYb2FBFKQwyX2gPuC,solana,PumpSwap,,,,,2026-09-27T13:56:05Z,0.0012442808462549979,,,,,,,,,,,,,,,,,,,ohlcv_backfill,minute,0.0014007142067469119,0.0014019816735239183,0.0011924316462512724,0.0012442808462549979,37039.551641898935,/home/runner/work/Solana-Memecoin-Analysis/Solana-Memecoin-Analysis/data/cache/2026-09-28/074307617289_ohlcv_7d5543910b43.json
2026-09-27T21:05:00+00:00,si9vpHXMQJFqoBwAwHUUtHrRagjYb2FBFKQwyX2gPuC,solana,PumpSwap,,,,,2026-09-27T13:56:05Z,0.0014007142067469119,,,,,,,,,,,,,,,,,,,ohlcv_backfill,minute,0.001398110982317363,0.0014015916397529294,0.0013159061906057536,0.0014007142067469119,11619.880610477441,/home/runner/work/Solana-Memecoin-Analysis/Solana-Memecoin-Analysis/data/cache/2026-09-28/074307617289_ohlcv_7d5543910b43.json
2026-09-27T21:00:00+00:00,si9vpHXMQJFqoBwAwHUUtHrRagjYb2FBFKQwyX2gPuC,solana,PumpSwap,,,,,2026-09-27T13:56:05Z,0.001398110982317363,,,,,,,,,,,,,,,,,,,ohlcv_backfill,minute,0.0015423261616838231,0.0015425256216997278,0.0013959554196421025,0.001398110982317363,12990.390891339544,/home/runner/work/Solana-Memecoin-Analysis/Solana-Memecoin-Analysis/data/cache/2026-09-28/074307617289_ohlcv_7d5543910b43.json
2026-09-27T20:55:00+00:00,si9vpHXMQJFqoBwAwHUUtHrRagjYb2FBFKQwyX2gPuC,solana,PumpSwap,,,,,2026-09-27T13:56:05Z,0.0015423261616838231,,,,,,,,,,,,,,,,,,,ohlcv_backfill,minute,0.0013034730933430688,0.0015423261616838231,0.0013034729902501937,0.0015423261616838231,33620.64288184853,/home/runner/work/Solana-Memecoin-Analysis/Solana-Memecoin-Analysis/data/cache/2026-09-28/074307617289_ohlcv_7d5543910b43.json
2026-09-27T20:50:00+00:00,si9vpHXMQJFqoBwAwHUUtHrRagjYb2FBFKQwyX2gPuC,solana,PumpSwap,,,,,2026-09-27T13:56:05Z,0.0013034730933430688,,,,,,,,,,,,,,,,,,,ohlcv_backfill,minute,0.0012665649863659865,0.0013285232822151218,0.001265058242991803,0.0013034730933430688,8724.750325561885,/home/runner/work/Solana-Memecoin-Analysis/Solana-Memecoin-Analysis/data/cache/2026-09-28/074307617289_ohlcv_7d5543910b43.json
2026-09-27T20:45:00+00:00,si9vpHXMQJFqoBwAwHUUtHrRagjYb2FBFKQwyX2gPuC,solana,PumpSwap,,,,,2026-09-27T13:56:05Z,0.0012665649863659865,,,,,,,,,,,,,,,,,,,ohlcv_backfill,minute,0.0012434671254171418,0.0012925963717786372,0.0011885424516897168,0.0012665649863659865,19220.677767202113,/home/runner/work/Solana-Memecoin-Analysis/Solana-Memecoin-Analysis/data/cache/2026-09-28/074307617289_ohlcv_7d5543910b43.json
2026-09-27T20:40:00+00:00,si9vpHXMQJFqoBwAwHUUtHrRagjYb2FBFKQwyX2gPuC,solana,PumpSwap,,,,,2026-09-27T13:56:05Z,0.0012434671254171418,,,,,,,,,,,,,,,,,,,ohlcv_backfill,minute,0.0012922876027079073,0.0013183110891662332,0.0012162166997229773,0.0012434671254171418,12111.540211166126,/home/runner/work/Solana-Memecoin-Analysis/Solana-Memecoin-Analysis/data/cache/2026-09-28/074307617289_ohlcv_7d5543910b43.json
2026-09-27T20:35:00+00:00,si9vpHXMQJFqoBwAwHUUtHrRagjYb2FBFKQwyX2gPuC,solana,PumpSwap,,,,,2026-09-27T13:56:05Z,0.0012922876027079073,,,,,,,,,,,,,,,,,,,ohlcv_backfill,minute,0.0011935320492866448,0.0012951076840419598,0.001123623773906438,0.0012922876027079073,19870.395944883967,/home/runner/work/Solana-Memecoin-Analysis/Solana-Memecoin-Analysis/data/cache/2026-09-28/074307617289_ohlcv_7d5543910b43.json
2026-09-27T20:30:00+00:00,si9vpHXMQJFqoBwAwHUUtHrRagjYb2FBFKQwyX2gPuC,solana,PumpSwap,,,,,2026-09-27T13:56:05Z,0.0011935320492866448,,,,,,,,,,,,,,,,,,,ohlcv_backfill,minute,0.0011888299350416487,0.001240627390488637,0.0010405601394752983,0.0011935320492866448,62668.52228309518,/home/runner/work/Solana-Memecoin-Analysis/Solana-Memecoin-Analysis/data/cache/2026-09-28/074307617289_ohlcv_7d5543910b43.json
2026-09-27T20:25:00+00:00,si9vpHXMQJFqoBwAwHUUtHrRagjYb2FBFKQwyX2gPuC,solana,PumpSwap,,,,,2026-09-27T13:56:05Z,0.0011888299350416487,,,,,,,,,,,,,,,,,,,ohlcv_backfill,minute,0.0014555233575336104,0.0014838490654627994,0.0011888299350416487,0.0011888299350416487,32085.68614413458,/home/runner/work/Solana-Memecoin-Analysis/Solana-Memecoin-Analysis/data/cache/2026-09-28/074307617289_ohlcv_7d5543910b43.json
2026-09-27T20:20:00+00:00,si9vpHXMQJFqoBwAwHUUtHrRagjYb2FBFKQwyX2gPuC,solana,PumpSwap,,,,,2026-09-27T13:56:05Z,0.0014555233575336104,,,,,,,,,,,,,,,,,,,ohlcv_backfill,minute,0.0014027524302013992,0.0014569169098156648,0.001316110384476676,0.0014555233575336104,25372.196423701575,/home/runner/work/Solana-Memecoin-Analysis/Solana-Memecoin-Analysis/data/cache/2026-09-28/074307617289_ohlcv_7d5543910b43.json
2026-09-27T20:15:00+00:00,si9vpHXMQJFqoBwAwHUUtHrRagjYb2FBFKQwyX2gPuC,solana,PumpSwap,,,,,2026-09-27T13:56:05Z,0.0014027524302013992,,,,,,,,,,,,,,,,,,,ohlcv_backfill,minute,0.0014040718558822913,0.0014943027613236026,0.0013735139388022994,0.0014027524302013992,26037.617682283315,/home/runner/work/Solana-Memecoin-Analysis/Solana-Memecoin-Analysis/data/cache/2026-09-28/074307617289_ohlcv_7d5543910b43.json
2026-09-27T20:10:00+00:00,si9vpHXMQJFqoBwAwHUUtHrRagjYb2FBFKQwyX2gPuC,solana,PumpSwap,,,,,2026-09-27T13:56:05Z,0.0014040718558822913,,,,,,,,,,,,,,,,,,,ohlcv_backfill,minute,0.001515251312604924,0.0015794355528057293,0.0014037279789290344,0.0014040718558822913,25185.961239276552,/home/runner/work/Solana-Memecoin-Analysis/Solana-Memecoin-Analysis/data/cache/2026-09-28/074307617289_ohlcv_7d5543910b43.json
2026-09-27T20:05:00+00:00,si9vpHXMQJFqoBwAwHUUtHrRagjYb2FBFKQwyX2gPuC,solana,PumpSwap,,,,,2026-09-27T13:56:05Z,0.001515251312604924,,,,,,,,,,,,,,,,,,,ohlcv_backfill,minute,0.001691829908142339,0.001691829908142339,0.0015152480082840916,0.001515251312604924,29905.61014183931,/home/runner/work/Solana-Memecoin-Analysis/Solana-Memecoin-Analysis/data/cache/2026-09-28/074307617289_ohlcv_7d5543910b43.json
2026-09-27T20:00:00+00:00,si9vpHXMQJFqoBwAwHUUtHrRagjYb2FBFKQwyX2gPuC,solana,PumpSwap,,,,,2026-09-27T13:56:05Z,0.001691829908142339,,,,,,,,,,,,,,,,,,,ohlcv_backfill,minute,0.0018122375742573985,0.0018122375742573985,0.0016718214630036003,0.001691829908142339,18083.997934570627,/home/runner/work/Solana-Memecoin-Analysis/Solana-Memecoin-Analysis/data/cache/2026-09-28/074307617289_ohlcv_7d5543910b43.json
2026-09-27T19:55:00+00:00,si9vpHXMQJFqoBwAwHUUtHrRagjYb2FBFKQwyX2gPuC,solana,PumpSwap,,,,,2026-09-27T13:56:05Z,0.0018122375742573985,,,,,,,,,,,,,,,,,,,ohlcv_backfill,minute,0.0018535935643942281,0.0018535935643942281,0.001740529120747152,0.0018122375742573985,12569.512828289404,/home/runner/work/Solana-Memecoin-Analysis/Solana-Memecoin-Analysis/data/cache/2026-09-28/074307617289_ohlcv_7d5543910b43.json
2026-09-27T19:50:00+00:00,si9vpHXMQJFqoBwAwHUUtHrRagjYb2FBFKQwyX2gPuC,solana,PumpSwap,,,,,2026-09-27T13:56:05Z,0.0018535935643942281,,,,,,,,,,,,,,,,,,,ohlcv_backfill,minute,0.001779415812434049,0.0018547583434163784,0.0017092166226128052,0.0018535935643942281,16796.096273291616,/home/runner/work/Solana-Memecoin-Analysis/Solana-Memecoin-Analysis/data/cache/2026-09-28/074307617289_ohlcv_7d5543910b43.json
2026-09-27T19:45:00+00:00,si9vpHXMQJFqoBwAwHUUtHrRagjYb2FBFKQwyX2gPuC,solana,PumpSwap,,,,,2026-09-27T13:56:05Z,0.001779415812434049,,,,,,,,,,,,,,,,,,,ohlcv_backfill,minute,0.001962186401372158,0.001962186401372158,0.0017045335404408722,0.001779415812434049,18189.819329143353,/home/runner/work/Solana-Memecoin-Analysis/Solana-Memecoin-Analysis/data/cache/2026-09-28/074307617289_ohlcv_7d5543910b43.json
2026-09-27T19:40:00+00:00,si9vpHXMQJFqoBwAwHUUtHrRagjYb2FBFKQwyX2gPuC,solana,PumpSwap,,,,,2026-09-27T13:56:05Z,0.001962186401372158,,,,,,,,,,,,,,,,,,,ohlcv_backfill,minute,0.0019639179280279977,0.002046316206616012,0.0018833232932052365,0.001962186401372158,22552.605393278798,/home/runner/work/Solana-Memecoin-Analysis/Solana-Memecoin-Analysis/data/cache/2026-09-28/074307617289_ohlcv_7d5543910b43.json
2026-09-27T19:35:00+00:00,si9vpHXMQJFqoBwAwHUUtHrRagjYb2FBFKQwyX2gPuC,solana,PumpSwap,,,,,2026-09-27T13:56:05Z,0.0019639179280279977,,,,,,,,,,,,,,,,,,,ohlcv_backfill,minute,0.0019594153626154823,0.0021196892882227006,0.001879088889079522,0.0019639179280279977,22888.32130427325,/home/runner/work/Solana-Memecoin-Analysis/Solana-Memecoin-Analysis/data/cache/2026-09-28/074307617289_ohlcv_7d5543910b43.json
2026-09-27T19:30:00+00:00,si9vpHXMQJFqoBwAwHUUtHrRagjYb2FBFKQwyX2gPuC,solana,PumpSwap,,,,,2026-09-27T13:56:05Z,0.0019594153626154823,,,,,,,,,,,,,,,,,,,ohlcv_backfill,minute,0.0017742332996725793,0.001962121192539847,0.0017345571440949851,0.0019594153626154823,32181.33910136494,/home/runner/work/Solana-Memecoin-Analysis/Solana-Memecoin-Analysis/data/cache/2026-09-28/074307617289_ohlcv_7d5543910b43.json
2026-09-27T19:25:00+00:00,si9vpHXMQJFqoBwAwHUUtHrRagjYb2FBFKQwyX2gPuC,solana,PumpSwap,,,,,2026-09-27T13:56:05Z,0.0017742332996725793,,,,,,,,,,,,,,,,,,,ohlcv_backfill,minute,0.001960822759520211,0.002045336750133784,0.0017714392424279849,0.0017742332996725793,18684.669391431307,/home/runner/work/Solana-Memecoin-Analysis/Solana-Memecoin-Analysis/data/cache/2026-09-28/074307617289_ohlcv_7d5543910b43.json
2026-09-27T19:20:00+00:00,si9vpHXMQJFqoBwAwHUUtHrRagjYb2FBFKQwyX2gPuC,solana,PumpSwap,,,,,2026-09-27T13:56:05Z,0.001960822759520211,,,,,,,,,,,,,,,,,,,ohlcv_backfill,minute,0.001879260766042884,0.002017960515088867,0.0018781225662978642,0.001960822759520211,16741.15218171552,/home/runner/work/Solana-Memecoin-Analysis/Solana-Memecoin-Analysis/data/cache/2026-09-28/074307617289_ohlcv_7d5543910b43.json
2026-09-27T19:15:00+00:00,si9vpHXMQJFqoBwAwHUUtHrRagjYb2FBFKQwyX2gPuC,solana,PumpSwap,,,,,2026-09-27T13:56:05Z,0.001879260766042884,,,,,,,,,,,,,,,,,,,ohlcv_backfill,minute,0.0019967892712717808,0.002084757045397301,0.001879260766042884,0.001879260766042884,20740.948656041346,/home/runner/work/Solana-Memecoin-Analysis/Solana-Memecoin-Analysis/data/cache/2026-09-28/074307617289_ohlcv_7d5543910b43.json
2026-09-27T19:10:00+00:00,si9vpHXMQJFqoBwAwHUUtHrRagjYb2FBFKQwyX2gPuC,solana,PumpSwap,,,,,2026-09-27T13:56:05Z,0.0019967892712717808,,,,,,,,,,,,,,,,,,,ohlcv_backfill,minute,0.0020442022562754637,0.00225246392998714,0.0019888167847544607,0.0019967892712717808,35875.47197563967,/home/runner/work/Solana-Memecoin-Analysis/Solana-Memecoin-Analysis/data/cache/2026-09-28/074307617289_ohlcv_7d5543910b43.json
2026-09-27T19:05:00+00:00,si9vpHXMQJFqoBwAwHUUtHrRagjYb2FBFKQwyX2gPuC,solana,PumpSwap,,,,,2026-09-27T13:56:05Z,0.0020442022562754637,,,,,,,,,,,,,,,,,,,ohlcv_backfill,minute,0.00181170437765962,0.002245379769811296,0.0018105401133830937,0.0020442022562754637,66465.21224462385,/home/runner/work/Solana-Memecoin-Analysis/Solana-Memecoin-Analysis/data/cache/2026-09-28/074307617289_ohlcv_7d5543910b43.json
2026-09-27T19:00:00+00:00,si9vpHXMQJFqoBwAwHUUtHrRagjYb2FBFKQwyX2gPuC,solana,PumpSwap,,,,,2026-09-27T13:56:05Z,0.00181170437765962,,,,,,,,,,,,,,,,,,,ohlcv_backfill,minute,0.0017397972668598445,0.0018145166170607534,0.0016871904117352378,0.00181170437765962,8505.29374640686,/home/runner/work/Solana-Memecoin-Analysis/Solana-Memecoin-Analysis/data/cache/2026-09-28/074307617289_ohlcv_7d5543910b43.json
2026-09-27T18:55:00+00:00,si9vpHXMQJFqoBwAwHUUtHrRagjYb2FBFKQwyX2gPuC,solana,PumpSwap,,,,,2026-09-27T13:56:05Z,0.0017397972668598445,,,,,,,,,,,,,,,,,,,ohlcv_backfill,minute,0.001811455524764137,0.0018495466284255524,0.0016347516466108645,0.0017397972668598445,29163.79125106512,/home/runner/work/Solana-Memecoin-Analysis/Solana-Memecoin-Analysis/data/cache/2026-09-28/074307617289_ohlcv_7d5543910b43.json
2026-09-27T18:50:00+00:00,si9vpHXMQJFqoBwAwHUUtHrRagjYb2FBFKQwyX2gPuC,solana,PumpSwap,,,,,2026-09-27T13:56:05Z,0.001811455524764137,,,,,,,,,,,,,,,,,,,ohlcv_backfill,minute,0.00188114764054616,0.00196549356031599,0.0018095000804181818,0.001811455524764137,16543.267347910398,/home/runner/work/Solana-Memecoin-Analysis/Solana-Memecoin-Analysis/data/cache/2026-09-28/074307617289_ohlcv_7d5543910b43.json
2026-09-27T18:45:00+00:00,si9vpHXMQJFqoBwAwHUUtHrRagjYb2FBFKQwyX2gPuC,solana,PumpSwap,,,,,2026-09-27T13:56:05Z,0.00188114764054616,,,,,,,,,,,,,,,,,,,ohlcv_backfill,minute,0.0017745523980290943,0.0020438936520719582,0.001760040620688788,0.00188114764054616,37269.035009082705,/home/runner/work/Solana-Memecoin-Analysis/Solana-Memecoin-Analysis/data/cache/2026-09-28/074307617289_ohlcv_7d5543910b43.json
2026-09-27T18:40:00+00:00,si9vpHXMQJFqoBwAwHUUtHrRagjYb2FBFKQwyX2gPuC,solana,PumpSwap,,,,,2026-09-27T13:56:05Z,0.0017745523980290943,,,,,,,,,,,,,,,,,,,ohlcv_backfill,minute,0.0016049480043739213,0.001783865987799773,0.0016042792589663554,0.0017745523980290943,19489.281225076113,/home/runner/work/Solana-Memecoin-Analysis/Solana-Memecoin-Analysis/data/cache/2026-09-28/074307617289_ohlcv_7d5543910b43.json
2026-09-27T18:35:00+00:00,si9vpHXMQJFqoBwAwHUUtHrRagjYb2FBFKQwyX2gPuC,solana,PumpSwap,,,,,2026-09-27T13:56:05Z,0.0016049480043739213,,,,,,,,,,,,,,,,,,,ohlcv_backfill,minute,0.0016756539656392,0.001773796045447349,0.0016049436054541583,0.0016049480043739213,28528.678843857128,/home/runner/work/Solana-Memecoin-Analysis/Solana-Memecoin-Analysis/data/cache/2026-09-28/074307617289_ohlcv_7d5543910b43.json
2026-09-27T18:30:00+00:00,si9vpHXMQJFqoBwAwHUUtHrRagjYb2FBFKQwyX2gPuC,solana,PumpSwap,,,,,2026-09-27T13:56:05Z,0.0016756539656392,,,,,,,,,,,,,,,,,,,ohlcv_backfill,minute,0.0018103138451283098,0.0018492926116557991,0.0016115518453341034,0.0016756539656392,37708.419708346184,/home/runner/work/Solana-Memecoin-Analysis/Solana-Memecoin-Analysis/data/cache/2026-09-28/074307617289_ohlcv_7d5543910b43.json
2026-09-27T18:25:00+00:00,si9vpHXMQJFqoBwAwHUUtHrRagjYb2FBFKQwyX2gPuC,solana,PumpSwap,,,,,2026-09-27T13:56:05Z,0.0018103138451283098,,,,,,,,,,,,,,,,,,,ohlcv_backfill,minute,0.0018408530895567964,0.0019434427944015386,0.001751447214955997,0.0018103138451283098,21328.245571849606,/home/runner/work/Solana-Memecoin-Analysis/Solana-Memecoin-Analysis/data/cache/2026-09-28/074307617289_ohlcv_7d5543910b43.json
2026-09-27T18:20:00+00:00,si9vpHXMQJFqoBwAwHUUtHrRagjYb2FBFKQwyX2gPuC,solana,PumpSwap,,,,,2026-09-27T13:56:05Z,0.0018408530895567964,,,,,,,,,,,,,,,,,,,ohlcv_backfill,minute,0.0020374620944292555,0.002082155166754604,0.0018390116919143175,0.0018408530895567964,49501.37410604609,/home/runner/work/Solana-Memecoin-Analysis/Solana-Memecoin-Analysis/data/cache/2026-09-28/074307617289_ohlcv_7d5543910b43.json
2026-09-27T18:15:00+00:00,si9vpHXMQJFqoBwAwHUUtHrRagjYb2FBFKQwyX2gPuC,solana,PumpSwap,,,,,2026-09-27T13:56:05Z,0.0020374620944292555,,,,,,,,,,,,,,,,,,,ohlcv_backfill,minute,0.0018690616698851603,0.002108644433714685,0.0014736167008449245,0.0020374620944292555,95112.26271610004,/home/runner/work/Solana-Memecoin-Analysis/Solana-Memecoin-Analysis/data/cache/2026-09-28/074307617289_ohlcv_7d5543910b43.json
2026-09-27T18:10:00+00:00,si9vpHXMQJFqoBwAwHUUtHrRagjYb2FBFKQwyX2gPuC,solana,PumpSwap,,,,,2026-09-27T13:56:05Z,0.0018690616698851603,,,,,,,,,,,,,,,,,,,ohlcv_backfill,minute,0.0017283846546856767,0.00197587442727277,0.0015617116083518562,0.0018690616698851603,51773.5511204164,/home/runner/work/Solana-Memecoin-Analysis/Solana-Memecoin-Analysis/data/cache/2026-09-28/074307617289_ohlcv_7d5543910b43.json
2026-09-27T18:05:00+00:00,si9vpHXMQJFqoBwAwHUUtHrRagjYb2FBFKQwyX2gPuC,solana,PumpSwap,,,,,2026-09-27T13:56:05Z,0.0017283846546856767,,,,,,,,,,,,,,,,,,,ohlcv_backfill,minute,0.0020912202812446014,0.0020912202812446014,0.001684825035241615,0.0017283846546856767,65341.48539504366,/home/runner/work/Solana-Memecoin-Analysis/Solana-Memecoin-Analysis/data/cache/2026-09-28/074307617289_ohlcv_7d5543910b43.json
2026-09-27T18:00:00+00:00,si9vpHXMQJFqoBwAwHUUtHrRagjYb2FBFKQwyX2gPuC,solana,PumpSwap,,,,,2026-09-27T13:56:05Z,0.0020912202812446014,,,,,,,,,,,,,,,,,,,ohlcv_backfill,minute,0.0016922077192378516,0.002092535276886187,0.0016922077192378516,0.0020912202812446014,34376.61205480233,/home/runner/work/Solana-Memecoin-Analysis/Solana-Memecoin-Analysis/data/cache/2026-09-28/074307617289_ohlcv_7d5543910b43.json
2026-09-27T17:55:00+00:00,si9vpHXMQJFqoBwAwHUUtHrRagjYb2FBFKQwyX2gPuC,solana,PumpSwap,,,,,2026-09-27T13:56:05Z,0.0016922077192378516,,,,,,,,,,,,,,,,,,,ohlcv_backfill,minute,0.0019457414592232208,0.0020711359782780345,0.001677556456490769,0.0016922077192378516,50246.817724976565,/home/runner/work/Solana-Memecoin-Analysis/Solana-Memecoin-Analysis/data/cache/2026-09-28/074307617289_ohlcv_7d5543910b43.json
2026-09-27T17:50:00+00:00,si9vpHXMQJFqoBwAwHUUtHrRagjYb2FBFKQwyX2gPuC,solana,PumpSwap,,,,,2026-09-27T13:56:05Z,0.0019457414592232208,,,,,,,,,,,,,,,,,,,ohlcv_backfill,minute,0.0017287026820929294,0.0019457414592232208,0.0015595354240897086,0.0019457414592232208,54729.42443676102,/home/runner/work/Solana-Memecoin-Analysis/Solana-Memecoin-Analysis/data/cache/2026-09-28/074307617289_ohlcv_7d5543910b43.json
2026-09-27T17:45:00+00:00,si9vpHXMQJFqoBwAwHUUtHrRagjYb2FBFKQwyX2gPuC,solana,PumpSwap,,,,,2026-09-27T13:56:05Z,0.0017287026820929294,,,,,,,,,,,,,,,,,,,ohlcv_backfill,minute,0.0019259431074587624,0.0019491482162814736,0.0015949170801706298,0.0017287026820929294,100083.80680718919,/home/runner/work/Solana-Memecoin-Analysis/Solana-Memecoin-Analysis/data/cache/2026-09-28/074307617289_ohlcv_7d5543910b43.json
2026-09-27T17:40:00+00:00,si9vpHXMQJFqoBwAwHUUtHrRagjYb2FBFKQwyX2gPuC,solana,PumpSwap,,,,,2026-09-27T13:56:05Z,0.0019259431074587624,,,,,,,,,,,,,,,,,,,ohlcv_backfill,minute,0.0021051665303863285,0.0022144906231023995,0.0017804451713327905,0.0019259431074587624,101085.35864022665,/home/runner/work/Solana-Memecoin-Analysis/Solana-Memecoin-Analysis/data/cache/2026-09-28/074307617289_ohlcv_7d5543910b43.json
2026-09-27T17:35:00+00:00,si9vpHXMQJFqoBwAwHUUtHrRagjYb2FBFKQwyX2gPuC,solana,PumpSwap,,,,,2026-09-27T13:56:05Z,0.0021051665303863285,,,,,,,,,,,,,,,,,,,ohlcv_backfill,minute,0.0021444088461051156,0.0021949894544189288,0.0016951376973804897,0.0021051665303863285,113846.43000232491,/home/runner/work/Solana-Memecoin-Analysis/Solana-Memecoin-Analysis/data/cache/2026-09-28/074307617289_ohlcv_7d5543910b43.json
2026-09-27T17:30:00+00:00,si9vpHXMQJFqoBwAwHUUtHrRagjYb2FBFKQwyX2gPuC,solana,PumpSwap,,,,,2026-09-27T13:56:05Z,0.0021444088461051156,,,,,,,,,,,,,,,,,,,ohlcv_backfill,minute,0.002139889923584945,0.0026178423516273913,0.0020147800513153264,0.0021444088461051156,216949.1601106318,/home/runner/work/Solana-Memecoin-Analysis/Solana-Memecoin-Analysis/data/cache/2026-09-28/074307617289_ohlcv_7d5543910b43.json
2026-09-27T17:25:00+00:00,si9vpHXMQJFqoBwAwHUUtHrRagjYb2FBFKQwyX2gPuC,solana,PumpSwap,,,,,2026-09-27T13:56:05Z,0.002139889923584945,,,,,,,,,,,,,,,,,,,ohlcv_backfill,minute,0.0014458090825963108,0.0025054719156710676,0.0013536755336108603,0.002139889923584945,354682.26970058406,/home/runner/work/Solana-Memecoin-Analysis/Solana-Memecoin-Analysis/data/cache/2026-09-28/074307617289_ohlcv_7d5543910b43.json
2026-09-27T17:20:00+00:00,si9vpHXMQJFqoBwAwHUUtHrRagjYb2FBFKQwyX2gPuC,solana,PumpSwap,,,,,2026-09-27T13:56:05Z,0.0014458090825963108,,,,,,,,,,,,,,,,,,,ohlcv_backfill,minute,0.001659671563229654,0.0016597362601626295,0.0013842401952928875,0.0014458090825963108,35612.1093712651,/home/runner/work/Solana-Memecoin-Analysis/Solana-Memecoin-Analysis/data/cache/2026-09-28/074307617289_ohlcv_7d5543910b43.json
2026-09-27T17:15:00+00:00,si9vpHXMQJFqoBwAwHUUtHrRagjYb2FBFKQwyX2gPuC,solana,PumpSwap,,,,,2026-09-27T13:56:05Z,0.001659671563229654,,,,,,,,,,,,,,,,,,,ohlcv_backfill,minute,0.0015875385626238176,0.0017390969113116124,0.001559898359742194,0.001659671563229654,39641.18440107066,/home/runner/work/Solana-Memecoin-Analysis/Solana-Memecoin-Analysis/data/cache/2026-09-28/074307617289_ohlcv_7d5543910b43.json
2026-09-27T17:10:00+00:00,si9vpHXMQJFqoBwAwHUUtHrRagjYb2FBFKQwyX2gPuC,solana,PumpSwap,,,,,2026-09-27T13:56:05Z,0.0015875385626238176,,,,,,,,,,,,,,,,,,,ohlcv_backfill,minute,0.0015646289982166118,0.0017246128824209303,0.0014687820273044901,0.0015875385626238176,35878.44476758232,/home/runner/work/Solana-Memecoin-Analysis/Solana-Memecoin-Analysis/data/cache/2026-09-28/074307617289_ohlcv_7d5543910b43.json
2026-09-27T17:05:00+00:00,si9vpHXMQJFqoBwAwHUUtHrRagjYb2FBFKQwyX2gPuC,solana,PumpSwap,,,,,2026-09-27T13:56:05Z,0.0015646289982166118,,,,,,,,,,,,,,,,,,,ohlcv_backfill,minute,0.0015905785483947914,0.0017108212110611087,0.0014672017568654661,0.0015646289982166118,45168.69291377925,/home/runner/work/Solana-Memecoin-Analysis/Solana-Memecoin-Analysis/data/cache/2026-09-28/074307617289_ohlcv_7d5543910b43.json
2026-09-27T17:00:00+00:00,si9vpHXMQJFqoBwAwHUUtHrRagjYb2FBFKQwyX2gPuC,solana,PumpSwap,,,,,2026-09-27T13:56:05Z,0.0015905785483947914,,,,,,,,,,,,,,,,,,,ohlcv_backfill,minute,0.0014962037290398818,0.0017506536942302209,0.0011941419554103853,0.0015905785483947914,128326.30597327402,/home/runner/work/Solana-Memecoin-Analysis/Solana-Memecoin-Analysis/data/cache/2026-09-28/074307617289_ohlcv_7d5543910b43.json
2026-09-27T16:55:00+00:00,si9vpHXMQJFqoBwAwHUUtHrRagjYb2FBFKQwyX2gPuC,solana,PumpSwap,,,,,2026-09-27T13:56:05Z,0.0014962037290398818,,,,,,,,,,,,,,,,,,,ohlcv_backfill,minute,0.0015949997809618698,0.0016289166697234937,0.0014357651498464652,0.0014962037290398818,39045.74907418583,/home/runner/work/Solana-Memecoin-Analysis/Solana-Memecoin-Analysis/data/cache/2026-09-28/074307617289_ohlcv_7d5543910b43.json
2026-09-27T16:50:00+00:00,si9vpHXMQJFqoBwAwHUUtHrRagjYb2FBFKQwyX2gPuC,solana,PumpSwap,,,,,2026-09-27T13:56:05Z,0.0015949997809618698,,,,,,,,,,,,,,,,,,,ohlcv_backfill,minute,0.0014001536862823997,0.0017566911530239064,0.0013057618046157437,0.0015949997809618698,117326.39874874153,/home/runner/work/Solana-Memecoin-Analysis/Solana-Memecoin-Analysis/data/cache/2026-09-28/074307617289_ohlcv_7d5543910b43.json
2026-09-27T16:45:00+00:00,si9vpHXMQJFqoBwAwHUUtHrRagjYb2FBFKQwyX2gPuC,solana,PumpSwap,,,,,2026-09-27T13:56:05Z,0.0014001536862823997,,,,,,,,,,,,,,,,,,,ohlcv_backfill,minute,0.001279487889275947,0.0015732981562133464,0.0010652228500264503,0.0014001536862823997,99086.69799713707,/home/runner/work/Solana-Memecoin-Analysis/Solana-Memecoin-Analysis/data/cache/2026-09-28/074307617289_ohlcv_7d5543910b43.json
2026-09-27T16:40:00+00:00,si9vpHXMQJFqoBwAwHUUtHrRagjYb2FBFKQwyX2gPuC,solana,PumpSwap,,,,,2026-09-27T13:56:05Z,0.001279487889275947,,,,,,,,,,,,,,,,,,,ohlcv_backfill,minute,0.00134640953232511,0.001421189786947976,0.001161942418189268,0.001279487889275947,61906.31417498835,/home/runner/work/Solana-Memecoin-Analysis/Solana-Memecoin-Analysis/data/cache/2026-09-28/074307617289_ohlcv_7d5543910b43.json
2026-09-27T16:35:00+00:00,si9vpHXMQJFqoBwAwHUUtHrRagjYb2FBFKQwyX2gPuC,solana,PumpSwap,,,,,2026-09-27T13:56:05Z,0.00134640953232511,,,,,,,,,,,,,,,,,,,ohlcv_backfill,minute,0.0011895015191334523,0.0014210000742960333,0.001165514307557583,0.00134640953232511,112247.81026026951,/home/runner/work/Solana-Memecoin-Analysis/Solana-Memecoin-Analysis/data/cache/2026-09-28/074307617289_ohlcv_7d5543910b43.json
2026-09-27T16:30:00+00:00,si9vpHXMQJFqoBwAwHUUtHrRagjYb2FBFKQwyX2gPuC,solana,PumpSwap,,,,,2026-09-27T13:56:05Z,0.0011895015191334523,,,,,,,,,,,,,,,,,,,ohlcv_backfill,minute,0.000829504729970052,0.0013212246052109308,0.0007265451208195563,0.0011895015191334523,132078.7611522526,/home/runner/work/Solana-Memecoin-Analysis/Solana-Memecoin-Analysis/data/cache/2026-09-28/074307617289_ohlcv_7d5543910b43.json
2026-09-27T16:25:00+00:00,si9vpHXMQJFqoBwAwHUUtHrRagjYb2FBFKQwyX2gPuC,solana,PumpSwap,,,,,2026-09-27T13:56:05Z,0.000829504729970052,,,,,,,,,,,,,,,,,,,ohlcv_backfill,minute,0.0009662536393786867,0.0010130654263731246,0.0007809101490424251,0.000829504729970052,29257.737243472977,/home/runner/work/Solana-Memecoin-Analysis/Solana-Memecoin-Analysis/data/cache/2026-09-28/074307617289_ohlcv_7d5543910b43.json
2026-09-27T16:20:00+00:00,si9vpHXMQJFqoBwAwHUUtHrRagjYb2FBFKQwyX2gPuC,solana,PumpSwap,,,,,2026-09-27T13:56:05Z,0.0009662536393786867,,,,,,,,,,,,,,,,,,,ohlcv_backfill,minute,0.0008907305878863195,0.0009662536393786867,0.0008792169964525756,0.0009662536393786867,10972.837551019911,/home/runner/work/Solana-Memecoin-Analysis/Solana-Memecoin-Analysis/data/cache/2026-09-28/074307617289_ohlcv_7d5543910b43.json
2026-09-27T16:15:00+00:00,si9vpHXMQJFqoBwAwHUUtHrRagjYb2FBFKQwyX2gPuC,solana,PumpSwap,,,,,2026-09-27T13:56:05Z,0.0008907305878863195,,,,,,,,,,,,,,,,,,,ohlcv_backfill,minute,0.0008739950571162097,0.0009185377004034562,0.0007522139946726447,0.0008907305878863195,25724.051276281767,/home/runner/work/Solana-Memecoin-Analysis/Solana-Memecoin-Analysis/data/cache/2026-09-28/074307617289_ohlcv_7d5543910b43.json
2026-09-27T16:10:00+00:00,si9vpHXMQJFqoBwAwHUUtHrRagjYb2FBFKQwyX2gPuC,solana,PumpSwap,,,,,2026-09-27T13:56:05Z,0.0008739950571162097,,,,,,,,,,,,,,,,,,,ohlcv_backfill,minute,0.0009732684829608694,0.0010366675198089136,0.000813826507614746,0.0008739950571162097,25685.50384466924,/home/runner/work/Solana-Memecoin-Analysis/Solana-Memecoin-Analysis/data/cache/2026-09-28/074307617289_ohlcv_7d5543910b43.json
2026-09-27T16:05:00+00:00,si9vpHXMQJFqoBwAwHUUtHrRagjYb2FBFKQwyX2gPuC,solana,PumpSwap,,,,,2026-09-27T13:56:05Z,0.0009732684829608694,,,,,,,,,,,,,,,,,,,ohlcv_backfill,minute,0.0008692384446459286,0.0009756971413137204,0.0008591486014214353,0.0009732684829608694,23133.672324449006,/home/runner/work/Solana-Memecoin-Analysis/Solana-Memecoin-Analysis/data/cache/2026-09-28/074307617289_ohlcv_7d5543910b43.json
2026-09-27T16:00:00+00:00,si9vpHXMQJFqoBwAwHUUtHrRagjYb2FBFKQwyX2gPuC,solana,PumpSwap,,,,,2026-09-27T13:56:05Z,0.0008692384446459286,,,,,,,,,,,,,,,,,,,ohlcv_backfill,minute,0.0009676165838807736,0.0009752313397834358,0.0008684596262431016,0.0008692384446459286,33756.492650101514,/home/runner/work/Solana-Memecoin-Analysis/Solana-Memecoin-Analysis/data/cache/2026-09-28/074307617289_ohlcv_7d5543910b43.json
2026-09-27T15:55:00+00:00,si9vpHXMQJFqoBwAwHUUtHrRagjYb2FBFKQwyX2gPuC,solana,PumpSwap,,,,,2026-09-27T13:56:05Z,0.0009676165838807736,,,,,,,,,,,,,,,,,,,ohlcv_backfill,minute,0.0010312690225792647,0.0012882077941227454,0.0009676161178142719,0.0009676165838807736,45543.078256845634,/home/runner/work/Solana-Memecoin-Analysis/Solana-Memecoin-Analysis/data/cache/2026-09-28/074307617289_ohlcv_7d5543910b43.json
2026-09-27T15:50:00+00:00,si9vpHXMQJFqoBwAwHUUtHrRagjYb2FBFKQwyX2gPuC,solana,PumpSwap,,,,,2026-09-27T13:56:05Z,0.0010312690225792647,,,,,,,,,,,,,,,,,,,ohlcv_backfill,minute,0.0009669089994585308,0.0010854188602963963,0.0008600361899791047,0.0010312690225792647,78674.67201913489,/home/runner/work/Solana-Memecoin-Analysis/Solana-Memecoin-Analysis/data/cache/2026-09-28/074307617289_ohlcv_7d5543910b43.json
2026-09-27T15:45:00+00:00,si9vpHXMQJFqoBwAwHUUtHrRagjYb2FBFKQwyX2gPuC,solana,PumpSwap,,,,,2026-09-27T13:56:05Z,0.0009669089994585308,,,,,,,,,,,,,,,,,,,ohlcv_backfill,minute,0.0007214278306636616,0.0011003152441594682,0.0007198765954425172,0.0009669089994585308,47544.0105928519,/home/runner/work/Solana-Memecoin-Analysis/Solana-Memecoin-Analysis/data/cache/2026-09-28/074307617289_ohlcv_7d5543910b43.json
2026-09-27T15:40:00+00:00,si9vpHXMQJFqoBwAwHUUtHrRagjYb2FBFKQwyX2gPuC,solana,PumpSwap,,,,,2026-09-27T13:56:05Z,0.0007214278306636616,,,,,,,,,,,,,,,,,,,ohlcv_backfill,minute,0.0007480907648109043,0.0007650131507293581,0.0006103969959060466,0.0007214278306636616,17774.62042741072,/home/runner/work/Solana-Memecoin-Analysis/Solana-Memecoin-Analysis/data/cache/2026-09-28/074307617289_ohlcv_7d5543910b43.json
2026-09-27T15:35:00+00:00,si9vpHXMQJFqoBwAwHUUtHrRagjYb2FBFKQwyX2gPuC,solana,PumpSwap,,,,,2026-09-27T13:56:05Z,0.0007480907648109043,,,,,,,,,,,,,,,,,,,ohlcv_backfill,minute,0.0008088206840495103,0.0008441178901240507,0.0007027049753838413,0.0007480907648109043,26307.82220888939,/home/runner/work/Solana-Memecoin-Analysis/Solana-Memecoin-Analysis/data/cache/2026-09-28/074307617289_ohlcv_7d5543910b43.json
2026-09-27T15:30:00+00:00,si9vpHXMQJFqoBwAwHUUtHrRagjYb2FBFKQwyX2gPuC,solana,PumpSwap,,,,,2026-09-27T13:56:05Z,0.0008088206840495103,,,,,,,,,,,,,,,,,,,ohlcv_backfill,minute,0.0007793315781483086,0.0008622576325564067,0.000728340161974584,0.0008088206840495103,28722.58999149556,/home/runner/work/Solana-Memecoin-Analysis/Solana-Memecoin-Analysis/data/cache/2026-09-28/074307617289_ohlcv_7d5543910b43.json
2026-09-27T15:25:00+00:00,si9vpHXMQJFqoBwAwHUUtHrRagjYb2FBFKQwyX2gPuC,solana,PumpSwap,,,,,2026-09-27T13:56:05Z,0.0007793315781483086,,,,,,,,,,,,,,,,,,,ohlcv_backfill,minute,0.0006677108862726688,0.0008902500359246912,0.0006677108862726688,0.0007793315781483086,87612.38541402883,/home/runner/work/Solana-Memecoin-Analysis/Solana-Memecoin-Analysis/data/cache/2026-09-28/074307617289_ohlcv_7d5543910b43.json
2026-09-27T15:20:00+00:00,si9vpHXMQJFqoBwAwHUUtHrRagjYb2FBFKQwyX2gPuC,solana,PumpSwap,,,,,2026-09-27T13:56:05Z,0.0006677108862726688,,,,,,,,,,,,,,,,,,,ohlcv_backfill,minute,0.000749343882330282,0.0007557600784904903,0.0006253721151668458,0.0006677108862726688,27199.08974764034,/home/runner/work/Solana-Memecoin-Analysis/Solana-Memecoin-Analysis/data/cache/2026-09-28/074307617289_ohlcv_7d5543910b43.json
2026-09-27T15:15:00+00:00,si9vpHXMQJFqoBwAwHUUtHrRagjYb2FBFKQwyX2gPuC,solana,PumpSwap,,,,,2026-09-27T13:56:05Z,0.000749343882330282,,,,,,,,,,,,,,,,,,,ohlcv_backfill,minute,0.0008124761155414362,0.0008125287697132847,0.0006534682445961704,0.000749343882330282,26475.670705824552,/home/runner/work/Solana-Memecoin-Analysis/Solana-Memecoin-Analysis/data/cache/2026-09-28/074307617289_ohlcv_7d5543910b43.json
2026-09-27T15:10:00+00:00,si9vpHXMQJFqoBwAwHUUtHrRagjYb2FBFKQwyX2gPuC,solana,PumpSwap,,,,,2026-09-27T13:56:05Z,0.0008124761155414362,,,,,,,,,,,,,,,,,,,ohlcv_backfill,minute,0.0006696391374838808,0.0008169408850758745,0.0006696391374838808,0.0008124761155414362,28789.96364951127,/home/runner/work/Solana-Memecoin-Analysis/Solana-Memecoin-Analysis/data/cache/2026-09-28/074307617289_ohlcv_7d5543910b43.json
2026-09-27T15:05:00+00:00,si9vpHXMQJFqoBwAwHUUtHrRagjYb2FBFKQwyX2gPuC,solana,PumpSwap,,,,,2026-09-27T13:56:05Z,0.0006696391374838808,,,,,,,,,,,,,,,,,,,ohlcv_backfill,minute,0.0005671258822781887,0.0006951667450728317,0.0005296553262980679,0.0006696391374838808,34878.998895597804,/home/runner/work/Solana-Memecoin-Analysis/Solana-Memecoin-Analysis/data/cache/2026-09-28/074307617289_ohlcv_7d5543910b43.json
2026-09-27T15:00:00+00:00,si9vpHXMQJFqoBwAwHUUtHrRagjYb2FBFKQwyX2gPuC,solana,PumpSwap,,,,,2026-09-27T13:56:05Z,0.0005671258822781887,,,,,,,,,,,,,,,,,,,ohlcv_backfill,minute,0.0005798123872445846,0.0005927481514171665,0.0004553767803175021,0.0005671258822781887,44470.59057588696,/home/runner/work/Solana-Memecoin-Analysis/Solana-Memecoin-Analysis/data/cache/2026-09-28/074307617289_ohlcv_7d5543910b43.json
2026-09-27T14:55:00+00:00,si9vpHXMQJFqoBwAwHUUtHrRagjYb2FBFKQwyX2gPuC,solana,PumpSwap,,,,,2026-09-27T13:56:05Z,0.0005798123872445846,,,,,,,,,,,,,,,,,,,ohlcv_backfill,minute,0.0007998815304065274,0.0007999075793606847,0.000505663682459815,0.0005798123872445846,71969.34553699652,/home/runner/work/Solana-Memecoin-Analysis/Solana-Memecoin-Analysis/data/cache/2026-09-28/074307617289_ohlcv_7d5543910b43.json
2026-09-27T14:50:00+00:00,si9vpHXMQJFqoBwAwHUUtHrRagjYb2FBFKQwyX2gPuC,solana,PumpSwap,,,,,2026-09-27T13:56:05Z,0.0007998815304065274,,,,,,,,,,,,,,,,,,,ohlcv_backfill,minute,0.0007118520744382659,0.0008257274075040541,0.0006573755378660776,0.0007998815304065274,50555.77344993889,/home/runner/work/Solana-Memecoin-Analysis/Solana-Memecoin-Analysis/data/cache/2026-09-28/074307617289_ohlcv_7d5543910b43.json
2026-09-27T14:45:00+00:00,si9vpHXMQJFqoBwAwHUUtHrRagjYb2FBFKQwyX2gPuC,solana,PumpSwap,,,,,2026-09-27T13:56:05Z,0.0007118520744382659,,,,,,,,,,,,,,,,,,,ohlcv_backfill,minute,0.0006932463833569479,0.0007315173226920891,0.000533748270147023,0.0007118520744382659,48244.82699686338,/home/runner/work/Solana-Memecoin-Analysis/Solana-Memecoin-Analysis/data/cache/2026-09-28/074307617289_ohlcv_7d5543910b43.json
2026-09-27T14:40:00+00:00,si9vpHXMQJFqoBwAwHUUtHrRagjYb2FBFKQwyX2gPuC,solana,PumpSwap,,,,,2026-09-27T13:56:05Z,0.0006932463833569479,,,,,,,,,,,,,,,,,,,ohlcv_backfill,minute,0.000640300069961448,0.0007381456840270864,0.0005177710333854707,0.0006932463833569479,56947.298771055735,/home/runner/work/Solana-Memecoin-Analysis/Solana-Memecoin-Analysis/data/cache/2026-09-28/074307617289_ohlcv_7d5543910b43.json
2026-09-27T14:35:00+00:00,si9vpHXMQJFqoBwAwHUUtHrRagjYb2FBFKQwyX2gPuC,solana,PumpSwap,,,,,2026-09-27T13:56:05Z,0.000640300069961448,,,,,,,,,,,,,,,,,,,ohlcv_backfill,minute,0.0006824676669593569,0.0008685709750350272,0.0005676520007377629,0.000640300069961448,89795.37200642619,/home/runner/work/Solana-Memecoin-Analysis/Solana-Memecoin-Analysis/data/cache/2026-09-28/074307617289_ohlcv_7d5543910b43.json
2026-09-27T14:30:00+00:00,si9vpHXMQJFqoBwAwHUUtHrRagjYb2FBFKQwyX2gPuC,solana,PumpSwap,,,,,2026-09-27T13:56:05Z,0.0006824676669593569,,,,,,,,,,,,,,,,,,,ohlcv_backfill,minute,0.0006611422749422053,0.001042528692017228,0.0006095694538576342,0.0006824676669593569,134011.34694346657,/home/runner/work/Solana-Memecoin-Analysis/Solana-Memecoin-Analysis/data/cache/2026-09-28/074307617289_ohlcv_7d5543910b43.json
2026-09-27T14:25:00+00:00,si9vpHXMQJFqoBwAwHUUtHrRagjYb2FBFKQwyX2gPuC,solana,PumpSwap,,,,,2026-09-27T13:56:05Z,0.0006611422749422053,,,,,,,,,,,,,,,,,,,ohlcv_backfill,minute,0.0005185605150411376,0.0007083672299063062,0.0004964160885293414,0.0006611422749422053,116900.52046522456,/home/runner/work/Solana-Memecoin-Analysis/Solana-Memecoin-Analysis/data/cache/2026-09-28/074307617289_ohlcv_7d5543910b43.json
2026-09-27T14:20:00+00:00,si9vpHXMQJFqoBwAwHUUtHrRagjYb2FBFKQwyX2gPuC,solana,PumpSwap,,,,,2026-09-27T13:56:05Z,0.0005185605150411376,,,,,,,,,,,,,,,,,,,ohlcv_backfill,minute,0.000401592759353388,0.0006927458902475911,0.000364666025858202,0.0005185605150411376,121271.62948085585,/home/runner/work/Solana-Memecoin-Analysis/Solana-Memecoin-Analysis/data/cache/2026-09-28/074307617289_ohlcv_7d5543910b43.json
2026-09-27T14:15:00+00:00,si9vpHXMQJFqoBwAwHUUtHrRagjYb2FBFKQwyX2gPuC,solana,PumpSwap,,,,,2026-09-27T13:56:05Z,0.000401592759353388,,,,,,,,,,,,,,,,,,,ohlcv_backfill,minute,0.00034381183286157747,0.00041291440823649925,0.00026490207922685795,0.000401592759353388,82515.05349217211,/home/runner/work/Solana-Memecoin-Analysis/Solana-Memecoin-Analysis/data/cache/2026-09-28/074307617289_ohlcv_7d5543910b43.json
2026-09-27T14:10:00+00:00,si9vpHXMQJFqoBwAwHUUtHrRagjYb2FBFKQwyX2gPuC,solana,PumpSwap,,,,,2026-09-27T13:56:05Z,0.00034381183286157747,,,,,,,,,,,,,,,,,,,ohlcv_backfill,minute,0.0003814631772837613,0.0004090012457365111,0.00028836532797245866,0.00034381183286157747,96064.96306787641,/home/runner/work/Solana-Memecoin-Analysis/Solana-Memecoin-Analysis/data/cache/2026-09-28/074307617289_ohlcv_7d5543910b43.json
2026-09-27T14:05:00+00:00,si9vpHXMQJFqoBwAwHUUtHrRagjYb2FBFKQwyX2gPuC,solana,PumpSwap,,,,,2026-09-27T13:56:05Z,0.0003814631772837613,,,,,,,,,,,,,,,,,,,ohlcv_backfill,minute,0.0002021499901871536,0.00042983807043304485,0.0002021499901871536,0.0003814631772837613,130579.51661743977,/home/runner/work/Solana-Memecoin-Analysis/Solana-Memecoin-Analysis/data/cache/2026-09-28/074307617289_ohlcv_7d5543910b43.json
2026-09-27T14:00:00+00:00,si9vpHXMQJFqoBwAwHUUtHrRagjYb2FBFKQwyX2gPuC,solana,PumpSwap,,,,,2026-09-27T13:56:05Z,0.0002021499901871536,,,,,,,,,,,,,,,,,,,ohlcv_backfill,minute,0.00021466155273252357,0.00027012258584049284,0.00018802228536134738,0.0002021499901871536,35886.63875461851,/home/runner/work/Solana-Memecoin-Analysis/Solana-Memecoin-Analysis/data/cache/2026-09-28/074307617289_ohlcv_7d5543910b43.json
2026-09-28T07:40:00+00:00,GZwsYYmc2a54HhX9ZGYTzo7LBChq1SSRDiV6RvvCBXzx,solana,PumpSwap,,,,,2026-09-27T13:25:31Z,0.0007746842946447419,,,,,,,,,,,,,,,,,,,ohlcv_backfill,minute,0.0006776805900125292,0.0007746842946447419,0.0006589962564929637,0.0007746842946447419,7638.363322749288,/home/runner/work/Solana-Memecoin-Analysis/Solana-Memecoin-Analysis/data/cache/2026-09-28/074314913637_ohlcv_b8494b5cd13c.json
2026-09-28T07:35:00+00:00,GZwsYYmc2a54HhX9ZGYTzo7LBChq1SSRDiV6RvvCBXzx,solana,PumpSwap,,,,,2026-09-27T13:25:31Z,0.0006776805900125292,,,,,,,,,,,,,,,,,,,ohlcv_backfill,minute,0.0006858302113108947,0.000693926522186159,0.0006460261493899438,0.0006776805900125292,4429.604597994419,/home/runner/work/Solana-Memecoin-Analysis/Solana-Memecoin-Analysis/data/cache/2026-09-28/074314913637_ohlcv_b8494b5cd13c.json
2026-09-28T07:30:00+00:00,GZwsYYmc2a54HhX9ZGYTzo7LBChq1SSRDiV6RvvCBXzx,solana,PumpSwap,,,,,2026-09-27T13:25:31Z,0.0006858302113108947,,,,,,,,,,,,,,,,,,,ohlcv_backfill,minute,0.0006700402743859824,0.0007569753828605613,0.0006700402743859824,0.0006858302113108947,8524.396887729585,/home/runner/work/Solana-Memecoin-Analysis/Solana-Memecoin-Analysis/data/cache/2026-09-28/074314913637_ohlcv_b8494b5cd13c.json
2026-09-28T07:25:00+00:00,GZwsYYmc2a54HhX9ZGYTzo7LBChq1SSRDiV6RvvCBXzx,solana,PumpSwap,,,,,2026-09-27T13:25:31Z,0.0006700402743859824,,,,,,,,,,,,,,,,,,,ohlcv_backfill,minute,0.0007140355086602989,0.0007327621362425939,0.0006697057429144258,0.0006700402743859824,3912.970094666545,/home/runner/work/Solana-Memecoin-Analysis/Solana-Memecoin-Analysis/data/cache/2026-09-28/074314913637_ohlcv_b8494b5cd13c.json
2026-09-28T07:20:00+00:00,GZwsYYmc2a54HhX9ZGYTzo7LBChq1SSRDiV6RvvCBXzx,solana,PumpSwap,,,,,2026-09-27T13:25:31Z,0.0007140355086602989,,,,,,,,,,,,,,,,,,,ohlcv_backfill,minute,0.0006882062392992467,0.0007742758000294051,0.000666551490627398,0.0007140355086602989,14301.37797133547,/home/runner/work/Solana-Memecoin-Analysis/Solana-Memecoin-Analysis/data/cache/2026-09-28/074314913637_ohlcv_b8494b5cd13c.json
2026-09-28T07:15:00+00:00,GZwsYYmc2a54HhX9ZGYTzo7LBChq1SSRDiV6RvvCBXzx,solana,PumpSwap,,,,,2026-09-27T13:25:31Z,0.0006882062392992467,,,,,,,,,,,,,,,,,,,ohlcv_backfill,minute,0.0005704509577872253,0.0007001587273561656,0.0005704509577872253,0.0006882062392992467,13157.687162946213,/home/runner/work/Solana-Memecoin-Analysis/Solana-Memecoin-Analysis/data/cache/2026-09-28/074314913637_ohlcv_b8494b5cd13c.json
2026-09-28T07:10:00+00:00,GZwsYYmc2a54HhX9ZGYTzo7LBChq1SSRDiV6RvvCBXzx,solana,PumpSwap,,,,,2026-09-27T13:25:31Z,0.0005704509577872253,,,,,,,,,,,,,,,,,,,ohlcv_backfill,minute,0.0007100087823697398,0.0010584536941598088,0.0005245794133581847,0.0005704509577872253,51708.293344548954,/home/runner/work/Solana-Memecoin-Analysis/Solana-Memecoin-Analysis/data/cache/2026-09-28/074314913637_ohlcv_b8494b5cd13c.json
2026-09-28T07:05:00+00:00,GZwsYYmc2a54HhX9ZGYTzo7LBChq1SSRDiV6RvvCBXzx,solana,PumpSwap,,,,,2026-09-27T13:25:31Z,0.0007100087823697398,,,,,,,,,,,,,,,,,,,ohlcv_backfill,minute,0.0006533486041928344,0.0007289868908912149,0.0006531238284686386,0.0007100087823697398,7238.27006915186,/home/runner/work/Solana-Memecoin-Analysis/Solana-Memecoin-Analysis/data/cache/2026-09-28/074314913637_ohlcv_b8494b5cd13c.json
2026-09-28T07:00:00+00:00,GZwsYYmc2a54HhX9ZGYTzo7LBChq1SSRDiV6RvvCBXzx,solana,PumpSwap,,,,,2026-09-27T13:25:31Z,0.0006533486041928344,,,,,,,,,,,,,,,,,,,ohlcv_backfill,minute,0.0006242759035404319,0.0006895112745077557,0.0006206447026568056,0.0006533486041928344,6263.856268504318,/home/runner/work/Solana-Memecoin-Analysis/Solana-Memecoin-Analysis/data/cache/2026-09-28/074314913637_ohlcv_b8494b5cd13c.json
2026-09-28T06:55:00+00:00,GZwsYYmc2a54HhX9ZGYTzo7LBChq1SSRDiV6RvvCBXzx,solana,PumpSwap,,,,,2026-09-27T13:25:31Z,0.0006242759035404319,,,,,,,,,,,,,,,,,,,ohlcv_backfill,minute,0.0006102131982115514,0.0006466787440689896,0.0005816559321922208,0.0006242759035404319,7575.292731578483,/home/runner/work/Solana-Memecoin-Analysis/Solana-Memecoin-Analysis/data/cache/2026-09-28/074314913637_ohlcv_b8494b5cd13c.json
2026-09-28T06:50:00+00:00,GZwsYYmc2a54HhX9ZGYTzo7LBChq1SSRDiV6RvvCBXzx,solana,PumpSwap,,,,,2026-09-27T13:25:31Z,0.0006102131982115514,,,,,,,,,,,,,,,,,,,ohlcv_backfill,minute,0.00048825522389974477,0.0006518181879967524,0.0004805552532601202,0.0006102131982115514,20321.27965030397,/home/runner/work/Solana-Memecoin-Analysis/Solana-Memecoin-Analysis/data/cache/2026-09-28/074314913637_ohlcv_b8494b5cd13c.json
2026-09-28T06:45:00+00:00,GZwsYYmc2a54HhX9ZGYTzo7LBChq1SSRDiV6RvvCBXzx,solana,PumpSwap,,,,,2026-09-27T13:25:31Z,0.00048825522389974477,,,,,,,,,,,,,,,,,,,ohlcv_backfill,minute,0.0004653991096544619,0.00048825522389974477,0.00046442092409942887,0.00048825522389974477,1880.4490590993742,/home/runner/work/Solana-Memecoin-Analysis/Solana-Memecoin-Analysis/data/cache/2026-09-28/074314913637_ohlcv_b8494b5cd13c.json
2026-09-28T06:40:00+00:00,GZwsYYmc2a54HhX9ZGYTzo7LBChq1SSRDiV6RvvCBXzx,solana,PumpSwap,,,,,2026-09-27T13:25:31Z,0.0004653991096544619,,,,,,,,,,,,,,,,,,,ohlcv_backfill,minute,0.0004537461554533282,0.0004714493375690084,0.0004512878058747598,0.0004653991096544619,856.0783832402599,/home/runner/work/Solana-Memecoin-Analysis/Solana-Memecoin-Analysis/data/cache/2026-09-28/074314913637_ohlcv_b8494b5cd13c.json
2026-09-28T06:35:00+00:00,GZwsYYmc2a54HhX9ZGYTzo7LBChq1SSRDiV6RvvCBXzx,solana,PumpSwap,,,,,2026-09-27T13:25:31Z,0.0004537461554533282,,,,,,,,,,,,,,,,,,,ohlcv_backfill,minute,0.00047406679800556564,0.0004929350516673785,0.0004535308335954598,0.0004537461554533282,3504.5420932021616,/home/runner/work/Solana-Memecoin-Analysis/Solana-Memecoin-Analysis/data/cache/2026-09-28/074314913637_ohlcv_b8494b5cd13c.json
2026-09-28T06:30:00+00:00,GZwsYYmc2a54HhX9ZGYTzo7LBChq1SSRDiV6RvvCBXzx,solana,PumpSwap,,,,,2026-09-27T13:25:31Z,0.00047406679800556564,,,,,,,,,,,,,,,,,,,ohlcv_backfill,minute,0.0004035932619099858,0.0004740669060709624,0.0003994091195960902,0.00047406679800556564,4999.003863076684,/home/runner/work/Solana-Memecoin-Analysis/Solana-Memecoin-Analysis/data/cache/2026-09-28/074314913637_ohlcv_b8494b5cd13c.json
2026-09-28T06:25:00+00:00,GZwsYYmc2a54HhX9ZGYTzo7LBChq1SSRDiV6RvvCBXzx,solana,PumpSwap,,,,,2026-09-27T13:25:31Z,0.0004035932619099858,,,,,,,,,,,,,,,,,,,ohlcv_backfill,minute,0.00041047086290383293,0.0004200352180000714,0.00039603977524975946,0.0004035932619099858,2773.1426841850594,/home/runner/work/Solana-Memecoin-Analysis/Solana-Memecoin-Analysis/data/cache/2026-09-28/074314913637_ohlcv_b8494b5cd13c.json
2026-09-28T06:20:00+00:00,GZwsYYmc2a54HhX9ZGYTzo7LBChq1SSRDiV6RvvCBXzx,solana,PumpSwap,,,,,2026-09-27T13:25:31Z,0.00041047086290383293,,,,,,,,,,,,,,,,,,,ohlcv_backfill,minute,0.00044163622582251116,0.00044225500972336574,0.00041047086290383293,0.00041047086290383293,3827.3888388171567,/home/runner/work/Solana-Memecoin-Analysis/Solana-Memecoin-Analysis/data/cache/2026-09-28/074314913637_ohlcv_b8494b5cd13c.json
2026-09-28T06:15:00+00:00,GZwsYYmc2a54HhX9ZGYTzo7LBChq1SSRDiV6RvvCBXzx,solana,PumpSwap,,,,,2026-09-27T13:25:31Z,0.00044163622582251116,,,,,,,,,,,,,,,,,,,ohlcv_backfill,minute,0.0004542297403848112,0.000460010489862714,0.00044147856860377824,0.00044163622582251116,733.9715234176098,/home/runner/work/Solana-Memecoin-Analysis/Solana-Memecoin-Analysis/data/cache/2026-09-28/074314913637_ohlcv_b8494b5cd13c.json
2026-09-28T06:10:00+00:00,GZwsYYmc2a54HhX9ZGYTzo7LBChq1SSRDiV6RvvCBXzx,solana,PumpSwap,,,,,2026-09-27T13:25:31Z,0.0004542297403848112,,,,,,,,,,,,,,,,,,,ohlcv_backfill,minute,0.00046898939457509705,0.00046898939457509705,0.0004538598176016408,0.0004542297403848112,1750.8043708947962,/home/runner/work/Solana-Memecoin-Analysis/Solana-Memecoin-Analysis/data/cache/2026-09-28/074314913637_ohlcv_b8494b5cd13c.json
2026-09-28T06:05:00+00:00,GZwsYYmc2a54HhX9ZGYTzo7LBChq1SSRDiV6RvvCBXzx,solana,PumpSwap,,,,,2026-09-27T13:25:31Z,0.00046898939457509705,,,,,,,,,,,,,,,,,,,ohlcv_backfill,minute,0.0004840499956717403,0.00048700929235442566,0.0004616936793643707,0.00046898939457509705,2545.5446574985876,/home/runner/work/Solana-Memecoin-Analysis/Solana-Memecoin-Analysis/data/cache/2026-09-28/074314913637_ohlcv_b8494b5cd13c.json
2026-09-28T06:00:00+00:00,GZwsYYmc2a54HhX9ZGYTzo7LBChq1SSRDiV6RvvCBXzx,solana,PumpSwap,,,,,2026-09-27T13:25:31Z,0.0004840499956717403,,,,,,,,,,,,,,,,,,,ohlcv_backfill,minute,0.00045759487728122344,0.0004851912591611302,0.00045759487728122344,0.0004840499956717403,2878.2255029112625,/home/runner/work/Solana-Memecoin-Analysis/Solana-Memecoin-Analysis/data/cache/2026-09-28/074314913637_ohlcv_b8494b5cd13c.json
2026-09-28T05:55:00+00:00,GZwsYYmc2a54HhX9ZGYTzo7LBChq1SSRDiV6RvvCBXzx,solana,PumpSwap,,,,,2026-09-27T13:25:31Z,0.00045759487728122344,,,,,,,,,,,,,,,,,,,ohlcv_backfill,minute,0.00045146176350415726,0.00046488583626344375,0.00044723759989774337,0.00045759487728122344,2055.7108875695276,/home/runner/work/Solana-Memecoin-Analysis/Solana-Memecoin-Analysis/data/cache/2026-09-28/074314913637_ohlcv_b8494b5cd13c.json
2026-09-28T05:50:00+00:00,GZwsYYmc2a54HhX9ZGYTzo7LBChq1SSRDiV6RvvCBXzx,solana,PumpSwap,,,,,2026-09-27T13:25:31Z,0.00045146176350415726,,,,,,,,,,,,,,,,,,,ohlcv_backfill,minute,0.00042633039756831886,0.00045173702096318015,0.0004204431342022636,0.00045146176350415726,1346.8987967054618,/home/runner/work/Solana-Memecoin-Analysis/Solana-Memecoin-Analysis/data/cache/2026-09-28/074314913637_ohlcv_b8494b5cd13c.json
2026-09-28T05:45:00+00:00,GZwsYYmc2a54HhX9ZGYTzo7LBChq1SSRDiV6RvvCBXzx,solana,PumpSwap,,,,,2026-09-27T13:25:31Z,0.00042633039756831886,,,,,,,,,,,,,,,,,,,ohlcv_backfill,minute,0.0004254399293880948,0.0004327810739642142,0.00041684994287286687,0.00042633039756831886,1171.0481162819906,/home/runner/work/Solana-Memecoin-Analysis/Solana-Memecoin-Analysis/data/cache/2026-09-28/074314913637_ohlcv_b8494b5cd13c.json
2026-09-28T05:40:00+00:00,GZwsYYmc2a54HhX9ZGYTzo7LBChq1SSRDiV6RvvCBXzx,solana,PumpSwap,,,,,2026-09-27T13:25:31Z,0.0004254399293880948,,,,,,,,,,,,,,,,,,,ohlcv_backfill,minute,0.000436540108881866,0.000436540108881866,0.0004136934669452973,0.0004254399293880948,1908.1093911937107,/home/runner/work/Solana-Memecoin-Analysis/Solana-Memecoin-Analysis/data/cache/2026-09-28/074314913637_ohlcv_b8494b5cd13c.json
2026-09-28T05:35:00+00:00,GZwsYYmc2a54HhX9ZGYTzo7LBChq1SSRDiV6RvvCBXzx,solana,PumpSwap,,,,,2026-09-27T13:25:31Z,0.000436540108881866,,,,,,,,,,,,,,,,,,,ohlcv_backfill,minute,0.000410109304546139,0.0004442297148492583,0.0003906724125574416,0.000436540108881866,4243.925731759832,/home/runner/work/Solana-Memecoin-Analysis/Solana-Memecoin-Analysis/data/cache/2026-09-28/074314913637_ohlcv_b8494b5cd13c.json
2026-09-28T05:30:00+00:00,GZwsYYmc2a54HhX9ZGYTzo7LBChq1SSRDiV6RvvCBXzx,solana,PumpSwap,,,,,2026-09-27T13:25:31Z,0.000410109304546139,,,,,,,,,,,,,,,,,,,ohlcv_backfill,minute,0.0004572229922298416,0.0004581514747095818,0.00040260514115152726,0.000410109304546139,5057.96814255851,/home/runner/work/Solana-Memecoin-Analysis/Solana-Memecoin-Analysis/data/cache/2026-09-28/074314913637_ohlcv_b8494b5cd13c.json
2026-09-28T05:25:00+00:00,GZwsYYmc2a54HhX9ZGYTzo7LBChq1SSRDiV6RvvCBXzx,solana,PumpSwap,,,,,2026-09-27T13:25:31Z,0.0004572229922298416,,,,,,,,,,,,,,,,,,,ohlcv_backfill,minute,0.00042689873885305723,0.0004580888723436435,0.0004224159826207205,0.0004572229922298416,2753.750510797316,/home/runner/work/Solana-Memecoin-Analysis/Solana-Memecoin-Analysis/data/cache/2026-09-28/074314913637_ohlcv_b8494b5cd13c.json
2026-09-28T05:20:00+00:00,GZwsYYmc2a54HhX9ZGYTzo7LBChq1SSRDiV6RvvCBXzx,solana,PumpSwap,,,,,2026-09-27T13:25:31Z,0.00042689873885305723,,,,,,,,,,,,,,,,,,,ohlcv_backfill,minute,0.00043036106390768197,0.0004316479700879659,0.00040781723320507736,0.00042689873885305723,3056.16418748774,/home/runner/work/Solana-Memecoin-Analysis/Solana-Memecoin-Analysis/data/cache/2026-09-28/074314913637_ohlcv_b8494b5cd13c.json
2026-09-28T05:15:00+00:00,GZwsYYmc2a54HhX9ZGYTzo7LBChq1SSRDiV6RvvCBXzx,solana,PumpSwap,,,,,2026-09-27T13:25:31Z,0.00043036106390768197,,,,,,,,,,,,,,,,,,,ohlcv_backfill,minute,0.0003850680921107052,0.0004743800513471079,0.0003850243479937287,0.00043036106390768197,16389.359573585898,/home/runner/work/Solana-Memecoin-Analysis/Solana-Memecoin-Analysis/data/cache/2026-09-28/074314913637_ohlcv_b8494b5cd13c.json
2026-09-28T05:10:00+00:00,GZwsYYmc2a54HhX9ZGYTzo7LBChq1SSRDiV6RvvCBXzx,solana,PumpSwap,,,,,2026-09-27T13:25:31Z,0.0003850680921107052,,,,,,,,,,,,,,,,,,,ohlcv_backfill,minute,0.0004987210872760516,0.0005003420230138455,0.00037875305782477926,0.0003850680921107052,17348.16017538818,/home/runner/work/Solana-Memecoin-Analysis/Solana-Memecoin-Analysis/data/cache/2026-09-28/074314913637_ohlcv_b8494b5cd13c.json
2026-09-28T05:05:00+00:00,GZwsYYmc2a54HhX9ZGYTzo7LBChq1SSRDiV6RvvCBXzx,solana,PumpSwap,,,,,2026-09-27T13:25:31Z,0.0004987210872760516,,,,,,,,,,,,,,,,,,,ohlcv_backfill,minute,0.0005402468838566011,0.0005559206561986489,0.0004726205019376781,0.0004987210872760516,6784.2248083848835,/home/runner/work/Solana-Memecoin-Analysis/Solana-Memecoin-Analysis/data/cache/2026-09-28/074314913637_ohlcv_b8494b5cd13c.json
2026-09-28T05:00:00+00:00,GZwsYYmc2a54HhX9ZGYTzo7LBChq1SSRDiV6RvvCBXzx,solana,PumpSwap,,,,,2026-09-27T13:25:31Z,0.0005402468838566011,,,,,,,,,,,,,,,,,,,ohlcv_backfill,minute,0.0005686103095050877,0.0005727993179099605,0.0005394468074926607,0.0005402468838566011,2243.4306539275944,/home/runner/work/Solana-Memecoin-Analysis/Solana-Memecoin-Analysis/data/cache/2026-09-28/074314913637_ohlcv_b8494b5cd13c.json
2026-09-28T04:55:00+00:00,GZwsYYmc2a54HhX9ZGYTzo7LBChq1SSRDiV6RvvCBXzx,solana,PumpSwap,,,,,2026-09-27T13:25:31Z,0.0005686103095050877,,,,,,,,,,,,,,,,,,,ohlcv_backfill,minute,0.0005853531050605601,0.0005853531050605601,0.0005628240048755611,0.0005686103095050877,1913.3028759515319,/home/runner/work/Solana-Memecoin-Analysis/Solana-Memecoin-Analysis/data/cache/2026-09-28/074314913637_ohlcv_b8494b5cd13c.json
2026-09-28T04:50:00+00:00,GZwsYYmc2a54HhX9ZGYTzo7LBChq1SSRDiV6RvvCBXzx,solana,PumpSwap,,,,,2026-09-27T13:25:31Z,0.0005853531050605601,,,,,,,,,,,,,,,,,,,ohlcv_backfill,minute,0.0005438284955750159,0.0005937263819303838,0.0005438284955750159,0.0005853531050605601,2148.367118615464,/home/runner/work/Solana-Memecoin-Analysis/Solana-Memecoin-Analysis/data/cache/2026-09-28/074314913637_ohlcv_b8494b5cd13c.json
2026-09-28T04:45:00+00:00,GZwsYYmc2a54HhX9ZGYTzo7LBChq1SSRDiV6RvvCBXzx,solana,PumpSwap,,,,,2026-09-27T13:25:31Z,0.0005438284955750159,,,,,,,,,,,,,,,,,,,ohlcv_backfill,minute,0.0005325552396580313,0.0005519851294638466,0.0004975140698392565,0.0005438284955750159,4583.4466728301,/home/runner/work/Solana-Memecoin-Analysis/Solana-Memecoin-Analysis/data/cache/2026-09-28/074314913637_ohlcv_b8494b5cd13c.json
2026-09-28T04:40:00+00:00,GZwsYYmc2a54HhX9ZGYTzo7LBChq1SSRDiV6RvvCBXzx,solana,PumpSwap,,,,,2026-09-27T13:25:31Z,0.0005325552396580313,,,,,,,,,,,,,,,,,,,ohlcv_backfill,minute,0.0005333868057843634,0.000539951081613253,0.0005099457993301066,0.0005325552396580313,2352.4611580243686,/home/runner/work/Solana-Memecoin-Analysis/Solana-Memecoin-Analysis/data/cache/2026-09-28/074314913637_ohlcv_b8494b5cd13c.json
2026-09-28T04:35:00+00:00,GZwsYYmc2a54HhX9ZGYTzo7LBChq1SSRDiV6RvvCBXzx,solana,PumpSwap,,,,,2026-09-27T13:25:31Z,0.0005333868057843634,,,,,,,,,,,,,,,,,,,ohlcv_backfill,minute,0.0005609593203061197,0.0005612199268108211,0.0005270966592086384,0.0005333868057843634,3547.3702005011432,/home/runner/work/Solana-Memecoin-Analysis/Solana-Memecoin-Analysis/data/cache/2026-09-28/074314913637_ohlcv_b8494b5cd13c.json
2026-09-28T04:30:00+00:00,GZwsYYmc2a54HhX9ZGYTzo7LBChq1SSRDiV6RvvCBXzx,solana,PumpSwap,,,,,2026-09-27T13:25:31Z,0.0005609593203061197,,,,,,,,,,,,,,,,,,,ohlcv_backfill,minute,0.0005762358357980267,0.0005857840240607335,0.000553348021721076,0.0005609593203061197,1402.6778487328197,/home/runner/work/Solana-Memecoin-Analysis/Solana-Memecoin-Analysis/data/cache/2026-09-28/074314913637_ohlcv_b8494b5cd13c.json
2026-09-28T04:25:00+00:00,GZwsYYmc2a54HhX9ZGYTzo7LBChq1SSRDiV6RvvCBXzx,solana,PumpSwap,,,,,2026-09-27T13:25:31Z,0.0005762358357980267,,,,,,,,,,,,,,,,,,,ohlcv_backfill,minute,0.0005463817471325423,0.0005774309833789924,0.0005398916749224599,0.0005762358357980267,1648.432998097014,/home/runner/work/Solana-Memecoin-Analysis/Solana-Memecoin-Analysis/data/cache/2026-09-28/074314913637_ohlcv_b8494b5cd13c.json
2026-09-28T04:20:00+00:00,GZwsYYmc2a54HhX9ZGYTzo7LBChq1SSRDiV6RvvCBXzx,solana,PumpSwap,,,,,2026-09-27T13:25:31Z,0.0005463817471325423,,,,,,,,,,,,,,,,,,,ohlcv_backfill,minute,0.0005170483659062739,0.0005539992207598055,0.0005170483659062739,0.0005463817471325423,3624.767979860348,/home/runner/work/Solana-Memecoin-Analysis/Solana-Memecoin-Analysis/data/cache/2026-09-28/074314913637_ohlcv_b8494b5cd13c.json
2026-09-28T04:15:00+00:00,GZwsYYmc2a54HhX9ZGYTzo7LBChq1SSRDiV6RvvCBXzx,solana,PumpSwap,,,,,2026-09-27T13:25:31Z,0.0005170483659062739,,,,,,,,,,,,,,,,,,,ohlcv_backfill,minute,0.000555015504028429,0.0005559554237645486,0.0005065642320855671,0.0005170483659062739,5333.0523873244865,/home/runner/work/Solana-Memecoin-Analysis/Solana-Memecoin-Analysis/data/cache/2026-09-28/074314913637_ohlcv_b8494b5cd13c.json
2026-09-28T04:10:00+00:00,GZwsYYmc2a54HhX9ZGYTzo7LBChq1SSRDiV6RvvCBXzx,solana,PumpSwap,,,,,2026-09-27T13:25:31Z,0.000555015504028429,,,,,,,,,,,,,,,,,,,ohlcv_backfill,minute,0.0005782146760202009,0.0005791586987729409,0.0005483280706933446,0.000555015504028429,2488.029727797496,/home/runner/work/Solana-Memecoin-Analysis/Solana-Memecoin-Analysis/data/cache/2026-09-28/074314913637_ohlcv_b8494b5cd13c.json
2026-09-28T04:05:00+00:00,GZwsYYmc2a54HhX9ZGYTzo7LBChq1SSRDiV6RvvCBXzx,solana,PumpSwap,,,,,2026-09-27T13:25:31Z,0.0005782146760202009,,,,,,,,,,,,,,,,,,,ohlcv_backfill,minute,0.0005490974392888293,0.0005827243586469335,0.0005366707475739664,0.0005782146760202009,4966.31690107695,/home/runner/work/Solana-Memecoin-Analysis/Solana-Memecoin-Analysis/data/cache/2026-09-28/074314913637_ohlcv_b8494b5cd13c.json
2026-09-28T04:00:00+00:00,GZwsYYmc2a54HhX9ZGYTzo7LBChq1SSRDiV6RvvCBXzx,solana,PumpSwap,,,,,2026-09-27T13:25:31Z,0.0005490974392888293,,,,,,,,,,,,,,,,,,,ohlcv_backfill,minute,0.0006045056938081926,0.0006055526433409342,0.0005484897029838029,0.0005490974392888293,2252.8748595728207,/home/runner/work/Solana-Memecoin-Analysis/Solana-Memecoin-Analysis/data/cache/2026-09-28/074314913637_ohlcv_b8494b5cd13c.json
2026-09-28T03:55:00+00:00,GZwsYYmc2a54HhX9ZGYTzo7LBChq1SSRDiV6RvvCBXzx,solana,PumpSwap,,,,,2026-09-27T13:25:31Z,0.0006045056938081926,,,,,,,,,,,,,,,,,,,ohlcv_backfill,minute,0.0005540280198125038,0.0006139336009569921,0.0005341228976828439,0.0006045056938081926,8101.9707883416495,/home/runner/work/Solana-Memecoin-Analysis/Solana-Memecoin-Analysis/data/cache/2026-09-28/074314913637_ohlcv_b8494b5cd13c.json
2026-09-28T03:50:00+00:00,GZwsYYmc2a54HhX9ZGYTzo7LBChq1SSRDiV6RvvCBXzx,solana,PumpSwap,,,,,2026-09-27T13:25:31Z,0.0005540280198125038,,,,,,,,,,,,,,,,,,,ohlcv_backfill,minute,0.0006190731489477705,0.0006325878843344004,0.0004978622149658246,0.0005540280198125038,19017.425523466707,/home/runner/work/Solana-Memecoin-Analysis/Solana-Memecoin-Analysis/data/cache/2026-09-28/074314913637_ohlcv_b8494b5cd13c.json
2026-09-28T03:45:00+00:00,GZwsYYmc2a54HhX9ZGYTzo7LBChq1SSRDiV6RvvCBXzx,solana,PumpSwap,,,,,2026-09-27T13:25:31Z,0.0006190731489477705,,,,,,,,,,,,,,,,,,,ohlcv_backfill,minute,0.0007287133083437982,0.0007432310241173708,0.0005962525741836777,0.0006190731489477705,10771.88608083438,/home/runner/work/Solana-Memecoin-Analysis/Solana-Memecoin-Analysis/data/cache/2026-09-28/074314913637_ohlcv_b8494b5cd13c.json
2026-09-28T03:40:00+00:00,GZwsYYmc2a54HhX9ZGYTzo7LBChq1SSRDiV6RvvCBXzx,solana,PumpSwap,,,,,2026-09-27T13:25:31Z,0.0007287133083437982,,,,,,,,,,,,,,,,,,,ohlcv_backfill,minute,0.0007063983527265695,0.0007646009393845722,0.0006802297816613537,0.0007287133083437982,11847.171012812474,/home/runner/work/Solana-Memecoin-Analysis/Solana-Memecoin-Analysis/data/cache/2026-09-28/074314913637_ohlcv_b8494b5cd13c.json
2026-09-28T03:35:00+00:00,GZwsYYmc2a54HhX9ZGYTzo7LBChq1SSRDiV6RvvCBXzx,solana,PumpSwap,,,,,2026-09-27T13:25:31Z,0.0007063983527265695,,,,,,,,,,,,,,,,,,,ohlcv_backfill,minute,0.0006227079387077945,0.0007131923493420865,0.0006129442979587799,0.0007063983527265695,10481.788457606288,/home/runner/work/Solana-Memecoin-Analysis/Solana-Memecoin-Analysis/data/cache/2026-09-28/074314913637_ohlcv_b8494b5cd13c.json
2026-09-28T03:30:00+00:00,GZwsYYmc2a54HhX9ZGYTzo7LBChq1SSRDiV6RvvCBXzx,solana,PumpSwap,,,,,2026-09-27T13:25:31Z,0.0006227079387077945,,,,,,,,,,,,,,,,,,,ohlcv_backfill,minute,0.0006077027915346978,0.0006422711630356372,0.000580654329235096,0.0006227079387077945,12894.419346228746,/home/runner/work/Solana-Memecoin-Analysis/Solana-Memecoin-Analysis/data/cache/2026-09-28/074314913637_ohlcv_b8494b5cd13c.json
2026-09-28T03:25:00+00:00,GZwsYYmc2a54HhX9ZGYTzo7LBChq1SSRDiV6RvvCBXzx,solana,PumpSwap,,,,,2026-09-27T13:25:31Z,0.0006077027915346978,,,,,,,,,,,,,,,,,,,ohlcv_backfill,minute,0.0006381764296451545,0.0006592332196729832,0.0005761598350740217,0.0006077027915346978,10518.20400212241,/home/runner/work/Solana-Memecoin-Analysis/Solana-Memecoin-Analysis/data/cache/2026-09-28/074314913637_ohlcv_b8494b5cd13c.json
2026-09-28T03:20:00+00:00,GZwsYYmc2a54HhX9ZGYTzo7LBChq1SSRDiV6RvvCBXzx,solana,PumpSwap,,,,,2026-09-27T13:25:31Z,0.0006381764296451545,,,,,,,,,,,,,,,,,,,ohlcv_backfill,minute,0.00079238948059882,0.0008099835737375291,0.0006290761280378183,0.0006381764296451545,23396.945438274917,/home/runner/work/Solana-Memecoin-Analysis/Solana-Memecoin-Analysis/data/cache/2026-09-28/074314913637_ohlcv_b8494b5cd13c.json
2026-09-28T03:15:00+00:00,GZwsYYmc2a54HhX9ZGYTzo7LBChq1SSRDiV6RvvCBXzx,solana,PumpSwap,,,,,2026-09-27T13:25:31Z,0.00079238948059882,,,,,,,,,,,,,,,,,,,ohlcv_backfill,minute,0.0006678396395471146,0.0009340334352072211,0.0006562700358831399,0.00079238948059882,52986.06338565815,/home/runner/work/Solana-Memecoin-Analysis/Solana-Memecoin-Analysis/data/cache/2026-09-28/074314913637_ohlcv_b8494b5cd13c.json
2026-09-28T03:10:00+00:00,GZwsYYmc2a54HhX9ZGYTzo7LBChq1SSRDiV6RvvCBXzx,solana,PumpSwap,,,,,2026-09-27T13:25:31Z,0.0006678396395471146,,,,,,,,,,,,,,,,,,,ohlcv_backfill,minute,0.0007203314496927951,0.0007622241412095844,0.0006001848930372048,0.0006678396395471146,16141.865040807315,/home/runner/work/Solana-Memecoin-Analysis/Solana-Memecoin-Analysis/data/cache/2026-09-28/074314913637_ohlcv_b8494b5cd13c.json
2026-09-28T03:05:00+00:00,GZwsYYmc2a54HhX9ZGYTzo7LBChq1SSRDiV6RvvCBXzx,solana,PumpSwap,,,,,2026-09-27T13:25:31Z,0.0007203314496927951,,,,,,,,,,,,,,,,,,,ohlcv_backfill,minute,0.0007800265790789932,0.0008231236887415428,0.000567943867398222,0.0007203314496927951,39595.880570234396,/home/runner/work/Solana-Memecoin-Analysis/Solana-Memecoin-Analysis/data/cache/2026-09-28/074314913637_ohlcv_b8494b5cd13c.json
2026-09-28T03:00:00+00:00,GZwsYYmc2a54HhX9ZGYTzo7LBChq1SSRDiV6RvvCBXzx,solana,PumpSwap,,,,,2026-09-27T13:25:31Z,0.0007800265790789932,,,,,,,,,,,,,,,,,,,ohlcv_backfill,minute,0.0006527250963896924,0.0008205511135328329,0.0006173603957089721,0.0007800265790789932,18922.511069848002,/home/runner/work/Solana-Memecoin-Analysis/Solana-Memecoin-Analysis/data/cache/2026-09-28/074314913637_ohlcv_b8494b5cd13c.json
2026-09-28T02:55:00+00:00,GZwsYYmc2a54HhX9ZGYTzo7LBChq1SSRDiV6RvvCBXzx,solana,PumpSwap,,,,,2026-09-27T13:25:31Z,0.0006527250963896924,,,,,,,,,,,,,,,,,,,ohlcv_backfill,minute,0.0005992282906157793,0.0008175970029387342,0.000578102843075293,0.0006527250963896924,27707.363046467704,/home/runner/work/Solana-Memecoin-Analysis/Solana-Memecoin-Analysis/data/cache/2026-09-28/074314913637_ohlcv_b8494b5cd13c.json
2026-09-28T02:50:00+00:00,GZwsYYmc2a54HhX9ZGYTzo7LBChq1SSRDiV6RvvCBXzx,solana,PumpSwap,,,,,2026-09-27T13:25:31Z,0.0005992282906157793,,,,,,,,,,,,,,,,,,,ohlcv_backfill,minute,0.0004696929523381515,0.0006219509374361616,0.0004696929523381515,0.0005992282906157793,15389.100149880018,/home/runner/work/Solana-Memecoin-Analysis/Solana-Memecoin-Analysis/data/cache/2026-09-28/074314913637_ohlcv_b8494b5cd13c.json
2026-09-28T02:45:00+00:00,GZwsYYmc2a54HhX9ZGYTzo7LBChq1SSRDiV6RvvCBXzx,solana,PumpSwap,,,,,2026-09-27T13:25:31Z,0.0004696929523381515,,,,,,,,,,,,,,,,,,,ohlcv_backfill,minute,0.0005119571262779291,0.0005722273400663702,0.0004696929523381515,0.0004696929523381515,7240.756374157581,/home/runner/work/Solana-Memecoin-Analysis/Solana-Memecoin-Analysis/data/cache/2026-09-28/074314913637_ohlcv_b8494b5cd13c.json
2026-09-28T02:40:00+00:00,GZwsYYmc2a54HhX9ZGYTzo7LBChq1SSRDiV6RvvCBXzx,solana,PumpSwap,,,,,2026-09-27T13:25:31Z,0.0005119571262779291,,,,,,,,,,,,,,,,,,,ohlcv_backfill,minute,0.000522025110970863,0.0005287077496939883,0.0005083347801935191,0.0005119571262779291,1765.217206000884,/home/runner/work/Solana-Memecoin-Analysis/Solana-Memecoin-Analysis/data/cache/2026-09-28/074314913637_ohlcv_b8494b5cd13c.json
2026-09-28T02:35:00+00:00,GZwsYYmc2a54HhX9ZGYTzo7LBChq1SSRDiV6RvvCBXzx,solana,PumpSwap,,,,,2026-09-27T13:25:31Z,0.000522025110970863,,,,,,,,,,,,,,,,,,,ohlcv_backfill,minute,0.0005332351672245691,0.0005370379635597295,0.0005027819140454876,0.000522025110970863,2198.5944142697062,/home/runner/work/Solana-Memecoin-Analysis/Solana-Memecoin-Analysis/data/cache/2026-09-28/074314913637_ohlcv_b8494b5cd13c.json
2026-09-28T02:30:00+00:00,GZwsYYmc2a54HhX9ZGYTzo7LBChq1SSRDiV6RvvCBXzx,solana,PumpSwap,,,,,2026-09-27T13:25:31Z,0.0005332351672245691,,,,,,,,,,,,,,,,,,,ohlcv_backfill,minute,0.0004942439884504953,0.0005332351672245691,0.0004652436102382845,0.0005332351672245691,4375.806143864877,/home/runner/work/Solana-Memecoin-Analysis/Solana-Memecoin-Analysis/data/cache/2026-09-28/074314913637_ohlcv_b8494b5cd13c.json
2026-09-28T02:25:00+00:00,GZwsYYmc2a54HhX9ZGYTzo7LBChq1SSRDiV6RvvCBXzx,solana,PumpSwap,,,,,2026-09-27T13:25:31Z,0.0004942439884504953,,,,,,,,,,,,,,,,,,,ohlcv_backfill,minute,0.00040781800356655504,0.0005587182223157919,0.0004059977915267295,0.0004942439884504953,11400.487348469418,/home/runner/work/Solana-Memecoin-Analysis/Solana-Memecoin-Analysis/data/cache/2026-09-28/074314913637_ohlcv_b8494b5cd13c.json
2026-09-28T02:20:00+00:00,GZwsYYmc2a54HhX9ZGYTzo7LBChq1SSRDiV6RvvCBXzx,solana,PumpSwap,,,,,2026-09-27T13:25:31Z,0.00040781800356655504,,,,,,,,,,,,,,,,,,,ohlcv_backfill,minute,0.00040990393620483586,0.00042031320687818116,0.00040630019149951103,0.00040781800356655504,1354.9876170342984,/home/runner/work/Solana-Memecoin-Analysis/Solana-Memecoin-Analysis/data/cache/2026-09-28/074314913637_ohlcv_b8494b5cd13c.json
2026-09-28T02:15:00+00:00,GZwsYYmc2a54HhX9ZGYTzo7LBChq1SSRDiV6RvvCBXzx,solana,PumpSwap,,,,,2026-09-27T13:25:31Z,0.00040990393620483586,,,,,,,,,,,,,,,,,,,ohlcv_backfill,minute,0.0003773265073300023,0.0004457943438579649,0.000373554513588843,0.00040990393620483586,5872.115089288679,/home/runner/work/Solana-Memecoin-Analysis/Solana-Memecoin-Analysis/data/cache/2026-09-28/074314913637_ohlcv_b8494b5cd13c.json
2026-09-28T02:10:00+00:00,GZwsYYmc2a54HhX9ZGYTzo7LBChq1SSRDiV6RvvCBXzx,solana,PumpSwap,,,,,2026-09-27T13:25:31Z,0.0003773265073300023,,,,,,,,,,,,,,,,,,,ohlcv_backfill,minute,0.0003438735332924744,0.000387093853481509,0.0003267994184315654,0.0003773265073300023,5776.320981278188,/home/runner/work/Solana-Memecoin-Analysis/Solana-Memecoin-Analysis/data/cache/2026-09-28/074314913637_ohlcv_b8494b5cd13c.json
2026-09-28T02:05:00+00:00,GZwsYYmc2a54HhX9ZGYTzo7LBChq1SSRDiV6RvvCBXzx,solana,PumpSwap,,,,,2026-09-27T13:25:31Z,0.0003438735332924744,,,,,,,,,,,,,,,,,,,ohlcv_backfill,minute,0.00039887266891055063,0.00039887266891055063,0.00033565287825668773,0.0003438735332924744,5381.334254834058,/home/runner/work/Solana-Memecoin-Analysis/Solana-Memecoin-Analysis/data/cache/2026-09-28/074314913637_ohlcv_b8494b5cd13c.json
2026-09-28T02:00:00+00:00,GZwsYYmc2a54HhX9ZGYTzo7LBChq1SSRDiV6RvvCBXzx,solana,PumpSwap,,,,,2026-09-27T13:25:31Z,0.00039887266891055063,,,,,,,,,,,,,,,,,,,ohlcv_backfill,minute,0.0003860353621146844,0.0004165454313960253,0.0003606869213637799,0.00039887266891055063,9453.7856930431,/home/runner/work/Solana-Memecoin-Analysis/Solana-Memecoin-Analysis/data/cache/2026-09-28/074314913637_ohlcv_b8494b5cd13c.json
2026-09-28T01:55:00+00:00,GZwsYYmc2a54HhX9ZGYTzo7LBChq1SSRDiV6RvvCBXzx,solana,PumpSwap,,,,,2026-09-27T13:25:31Z,0.0003860353621146844,,,,,,,,,,,,,,,,,,,ohlcv_backfill,minute,0.00040873948244973774,0.00042122131353405055,0.0003794802875340613,0.0003860353621146844,3001.8507435724036,/home/runner/work/Solana-Memecoin-Analysis/Solana-Memecoin-Analysis/data/cache/2026-09-28/074314913637_ohlcv_b8494b5cd13c.json
2026-09-28T01:50:00+00:00,GZwsYYmc2a54HhX9ZGYTzo7LBChq1SSRDiV6RvvCBXzx,solana,PumpSwap,,,,,2026-09-27T13:25:31Z,0.00040873948244973774,,,,,,,,,,,,,,,,,,,ohlcv_backfill,minute,0.0005143554514406032,0.0005186874366827426,0.00039852662675145197,0.00040873948244973774,9054.91058329143,/home/runner/work/Solana-Memecoin-Analysis/Solana-Memecoin-Analysis/data/cache/2026-09-28/074314913637_ohlcv_b8494b5cd13c.json
2026-09-28T01:45:00+00:00,GZwsYYmc2a54HhX9ZGYTzo7LBChq1SSRDiV6RvvCBXzx,solana,PumpSwap,,,,,2026-09-27T13:25:31Z,0.0005143554514406032,,,,,,,,,,,,,,,,,,,ohlcv_backfill,minute,0.00043163127356507167,0.0005234133106447552,0.00043163127356507167,0.0005143554514406032,11864.060943734565,/home/runner/work/Solana-Memecoin-Analysis/Solana-Memecoin-Analysis/data/cache/2026-09-28/074314913637_ohlcv_b8494b5cd13c.json
2026-09-28T01:40:00+00:00,GZwsYYmc2a54HhX9ZGYTzo7LBChq1SSRDiV6RvvCBXzx,solana,PumpSwap,,,,,2026-09-27T13:25:31Z,0.00043163127356507167,,,,,,,,,,,,,,,,,,,ohlcv_backfill,minute,0.0004065436732179138,0.00046208635090505513,0.00040583109295757344,0.00043163127356507167,4543.451530147567,/home/runner/work/Solana-Memecoin-Analysis/Solana-Memecoin-Analysis/data/cache/2026-09-28/074314913637_ohlcv_b8494b5cd13c.json
2026-09-28T01:35:00+00:00,GZwsYYmc2a54HhX9ZGYTzo7LBChq1SSRDiV6RvvCBXzx,solana,PumpSwap,,,,,2026-09-27T13:25:31Z,0.0004065436732179138,,,,,,,,,,,,,,,,,,,ohlcv_backfill,minute,0.00040499617074793036,0.0004926071664449201,0.0003914467526883655,0.0004065436732179138,10176.244884992539,/home/runner/work/Solana-Memecoin-Analysis/Solana-Memecoin-Analysis/data/cache/2026-09-28/074314913637_ohlcv_b8494b5cd13c.json
2026-09-28T01:30:00+00:00,GZwsYYmc2a54HhX9ZGYTzo7LBChq1SSRDiV6RvvCBXzx,solana,PumpSwap,,,,,2026-09-27T13:25:31Z,0.00040499617074793036,,,,,,,,,,,,,,,,,,,ohlcv_backfill,minute,0.00039846032399007257,0.00042775863374794744,0.00036259186673788193,0.00040499617074793036,6802.306096885095,/home/runner/work/Solana-Memecoin-Analysis/Solana-Memecoin-Analysis/data/cache/2026-09-28/074314913637_ohlcv_b8494b5cd13c.json
2026-09-28T01:25:00+00:00,GZwsYYmc2a54HhX9ZGYTzo7LBChq1SSRDiV6RvvCBXzx,solana,PumpSwap,,,,,2026-09-27T13:25:31Z,0.00039846032399007257,,,,,,,,,,,,,,,,,,,ohlcv_backfill,minute,0.0003876625159574839,0.0004160209604741843,0.00036961986083551963,0.00039846032399007257,9505.341371966317,/home/runner/work/Solana-Memecoin-Analysis/Solana-Memecoin-Analysis/data/cache/2026-09-28/074314913637_ohlcv_b8494b5cd13c.json
2026-09-28T01:20:00+00:00,GZwsYYmc2a54HhX9ZGYTzo7LBChq1SSRDiV6RvvCBXzx,solana,PumpSwap,,,,,2026-09-27T13:25:31Z,0.0003876625159574839,,,,,,,,,,,,,,,,,,,ohlcv_backfill,minute,0.00042735578725502796,0.000443334650822646,0.0003282744914134951,0.0003876625159574839,26189.927062657625,/home/runner/work/Solana-Memecoin-Analysis/Solana-Memecoin-Analysis/data/cache/2026-09-28/074314913637_ohlcv_b8494b5cd13c.json
2026-09-28T01:15:00+00:00,GZwsYYmc2a54HhX9ZGYTzo7LBChq1SSRDiV6RvvCBXzx,solana,PumpSwap,,,,,2026-09-27T13:25:31Z,0.00042735578725502796,,,,,,,,,,,,,,,,,,,ohlcv_backfill,minute,0.0005037859545206092,0.0005141765105166116,0.00042735578725502796,0.00042735578725502796,13783.274102442005,/home/runner/work/Solana-Memecoin-Analysis/Solana-Memecoin-Analysis/data/cache/2026-09-28/074314913637_ohlcv_b8494b5cd13c.json
2026-09-28T01:10:00+00:00,GZwsYYmc2a54HhX9ZGYTzo7LBChq1SSRDiV6RvvCBXzx,solana,PumpSwap,,,,,2026-09-27T13:25:31Z,0.0005037859545206092,,,,,,,,,,,,,,,,,,,ohlcv_backfill,minute,0.0004865127050641604,0.0005096692671265552,0.0004625702868025421,0.0005037859545206092,4647.412677331593,/home/runner/work/Solana-Memecoin-Analysis/Solana-Memecoin-Analysis/data/cache/2026-09-28/074314913637_ohlcv_b8494b5cd13c.json
2026-09-28T01:05:00+00:00,GZwsYYmc2a54HhX9ZGYTzo7LBChq1SSRDiV6RvvCBXzx,solana,PumpSwap,,,,,2026-09-27T13:25:31Z,0.0004865127050641604,,,,,,,,,,,,,,,,,,,ohlcv_backfill,minute,0.0004240733766494043,0.0005003998716993677,0.0004240733766494043,0.0004865127050641604,6685.77262596098,/home/runner/work/Solana-Memecoin-Analysis/Solana-Memecoin-Analysis/data/cache/2026-09-28/074314913637_ohlcv_b8494b5cd13c.json
2026-09-28T01:00:00+00:00,GZwsYYmc2a54HhX9ZGYTzo7LBChq1SSRDiV6RvvCBXzx,solana,PumpSwap,,,,,2026-09-27T13:25:31Z,0.0004240733766494043,,,,,,,,,,,,,,,,,,,ohlcv_backfill,minute,0.00043123486790346384,0.0005105320532670055,0.000397545238101546,0.0004240733766494043,16700.345789358507,/home/runner/work/Solana-Memecoin-Analysis/Solana-Memecoin-Analysis/data/cache/2026-09-28/074314913637_ohlcv_b8494b5cd13c.json
2026-09-28T00:55:00+00:00,GZwsYYmc2a54HhX9ZGYTzo7LBChq1SSRDiV6RvvCBXzx,solana,PumpSwap,,,,,2026-09-27T13:25:31Z,0.00043123486790346384,,,,,,,,,,,,,,,,,,,ohlcv_backfill,minute,0.00037856812555972323,0.0005450587624066726,0.0003642928835676989,0.00043123486790346384,29777.850855940655,/home/runner/work/Solana-Memecoin-Analysis/Solana-Memecoin-Analysis/data/cache/2026-09-28/074314913637_ohlcv_b8494b5cd13c.json
2026-09-28T00:50:00+00:00,GZwsYYmc2a54HhX9ZGYTzo7LBChq1SSRDiV6RvvCBXzx,solana,PumpSwap,,,,,2026-09-27T13:25:31Z,0.00037856812555972323,,,,,,,,,,,,,,,,,,,ohlcv_backfill,minute,0.00047637873539401154,0.0005139193566920417,0.0003706070541960433,0.00037856812555972323,22432.88836856207,/home/runner/work/Solana-Memecoin-Analysis/Solana-Memecoin-Analysis/data/cache/2026-09-28/074314913637_ohlcv_b8494b5cd13c.json
2026-09-28T00:45:00+00:00,GZwsYYmc2a54HhX9ZGYTzo7LBChq1SSRDiV6RvvCBXzx,solana,PumpSwap,,,,,2026-09-27T13:25:31Z,0.00047637873539401154,,,,,,,,,,,,,,,,,,,ohlcv_backfill,minute,0.00033805819759934354,0.0004931875552132419,0.0003350495884284821,0.00047637873539401154,27179.423409095587,/home/runner/work/Solana-Memecoin-Analysis/Solana-Memecoin-Analysis/data/cache/2026-09-28/074314913637_ohlcv_b8494b5cd13c.json
2026-09-28T00:40:00+00:00,GZwsYYmc2a54HhX9ZGYTzo7LBChq1SSRDiV6RvvCBXzx,solana,PumpSwap,,,,,2026-09-27T13:25:31Z,0.00033805819759934354,,,,,,,,,,,,,,,,,,,ohlcv_backfill,minute,0.0003038488967793697,0.00034526508438992076,0.00027869839179445335,0.00033805819759934354,26945.931741660283,/home/runner/work/Solana-Memecoin-Analysis/Solana-Memecoin-Analysis/data/cache/2026-09-28/074314913637_ohlcv_b8494b5cd13c.json
2026-09-28T00:35:00+00:00,GZwsYYmc2a54HhX9ZGYTzo7LBChq1SSRDiV6RvvCBXzx,solana,PumpSwap,,,,,2026-09-27T13:25:31Z,0.0003038488967793697,,,,,,,,,,,,,,,,,,,ohlcv_backfill,minute,0.0004456525443143519,0.00047086707615157515,0.000287865821410719,0.0003038488967793697,54065.990721782975,/home/runner/work/Solana-Memecoin-Analysis/Solana-Memecoin-Analysis/data/cache/2026-09-28/074314913637_ohlcv_b8494b5cd13c.json
2026-09-28T00:30:00+00:00,GZwsYYmc2a54HhX9ZGYTzo7LBChq1SSRDiV6RvvCBXzx,solana,PumpSwap,,,,,2026-09-27T13:25:31Z,0.0004456525443143519,,,,,,,,,,,,,,,,,,,ohlcv_backfill,minute,0.0003547651720731231,0.000508219931646779,0.00034097630277700675,0.0004456525443143519,82659.15254073105,/home/runner/work/Solana-Memecoin-Analysis/Solana-Memecoin-Analysis/data/cache/2026-09-28/074314913637_ohlcv_b8494b5cd13c.json
2026-09-28T00:25:00+00:00,GZwsYYmc2a54HhX9ZGYTzo7LBChq1SSRDiV6RvvCBXzx,solana,PumpSwap,,,,,2026-09-27T13:25:31Z,0.0003547651720731231,,,,,,,,,,,,,,,,,,,ohlcv_backfill,minute,0.00027816811463001015,0.0003684816035262965,0.00023520503838381508,0.0003547651720731231,59932.286695935196,/home/runner/work/Solana-Memecoin-Analysis/Solana-Memecoin-Analysis/data/cache/2026-09-28/074314913637_ohlcv_b8494b5cd13c.json
2026-09-28T00:20:00+00:00,GZwsYYmc2a54HhX9ZGYTzo7LBChq1SSRDiV6RvvCBXzx,solana,PumpSwap,,,,,2026-09-27T13:25:31Z,0.00027816811463001015,,,,,,,,,,,,,,,,,,,ohlcv_backfill,minute,0.00037197804160533086,0.0005181202615848953,0.00024822967484756166,0.00027816811463001015,87100.29674520255,/home/runner/work/Solana-Memecoin-Analysis/Solana-Memecoin-Analysis/data/cache/2026-09-28/074314913637_ohlcv_b8494b5cd13c.json
2026-09-28T00:15:00+00:00,GZwsYYmc2a54HhX9ZGYTzo7LBChq1SSRDiV6RvvCBXzx,solana,PumpSwap,,,,,2026-09-27T13:25:31Z,0.00037197804160533086,,,,,,,,,,,,,,,,,,,ohlcv_backfill,minute,0.0002924910719303736,0.00042935291207249184,0.0002897144440162371,0.00037197804160533086,48098.090546820786,/home/runner/work/Solana-Memecoin-Analysis/Solana-Memecoin-Analysis/data/cache/2026-09-28/074314913637_ohlcv_b8494b5cd13c.json
2026-09-28T00:10:00+00:00,GZwsYYmc2a54HhX9ZGYTzo7LBChq1SSRDiV6RvvCBXzx,solana,PumpSwap,,,,,2026-09-27T13:25:31Z,0.0002924910719303736,,,,,,,,,,,,,,,,,,,ohlcv_backfill,minute,0.0002720699976344606,0.00031838502652467863,0.0002277584017331585,0.0002924910719303736,48658.39801970011,/home/runner/work/Solana-Memecoin-Analysis/Solana-Memecoin-Analysis/data/cache/2026-09-28/074314913637_ohlcv_b8494b5cd13c.json
2026-09-28T00:05:00+00:00,GZwsYYmc2a54HhX9ZGYTzo7LBChq1SSRDiV6RvvCBXzx,solana,PumpSwap,,,,,2026-09-27T13:25:31Z,0.0002720699976344606,,,,,,,,,,,,,,,,,,,ohlcv_backfill,minute,0.00040032080070002307,0.0004144979905799787,0.0002412601459492939,0.0002720699976344606,83292.77033353291,/home/runner/work/Solana-Memecoin-Analysis/Solana-Memecoin-Analysis/data/cache/2026-09-28/074314913637_ohlcv_b8494b5cd13c.json
2026-09-28T00:00:00+00:00,GZwsYYmc2a54HhX9ZGYTzo7LBChq1SSRDiV6RvvCBXzx,solana,PumpSwap,,,,,2026-09-27T13:25:31Z,0.00040032080070002307,,,,,,,,,,,,,,,,,,,ohlcv_backfill,minute,0.0005794130867792128,0.0006160433670764684,0.0003678918750983446,0.00040032080070002307,114557.37296271518,/home/runner/work/Solana-Memecoin-Analysis/Solana-Memecoin-Analysis/data/cache/2026-09-28/074314913637_ohlcv_b8494b5cd13c.json
2026-09-27T23:55:00+00:00,GZwsYYmc2a54HhX9ZGYTzo7LBChq1SSRDiV6RvvCBXzx,solana,PumpSwap,,,,,2026-09-27T13:25:31Z,0.0005794130867792128,,,,,,,,,,,,,,,,,,,ohlcv_backfill,minute,0.000285935592800211,0.0006486693227244817,0.00026774261209442285,0.0005794130867792128,135852.86366710492,/home/runner/work/Solana-Memecoin-Analysis/Solana-Memecoin-Analysis/data/cache/2026-09-28/074314913637_ohlcv_b8494b5cd13c.json
2026-09-27T23:50:00+00:00,GZwsYYmc2a54HhX9ZGYTzo7LBChq1SSRDiV6RvvCBXzx,solana,PumpSwap,,,,,2026-09-27T13:25:31Z,0.000285935592800211,,,,,,,,,,,,,,,,,,,ohlcv_backfill,minute,0.00017868435418616838,0.00028799910143558974,0.00016421432906372018,0.000285935592800211,28200.53752561115,/home/runner/work/Solana-Memecoin-Analysis/Solana-Memecoin-Analysis/data/cache/2026-09-28/074314913637_ohlcv_b8494b5cd13c.json
2026-09-27T23:45:00+00:00,GZwsYYmc2a54HhX9ZGYTzo7LBChq1SSRDiV6RvvCBXzx,solana,PumpSwap,,,,,2026-09-27T13:25:31Z,0.00017868435418616838,,,,,,,,,,,,,,,,,,,ohlcv_backfill,minute,0.00014619645875154285,0.00021599079979822163,0.00013167598103523177,0.00017868435418616838,56980.406213170136,/home/runner/work/Solana-Memecoin-Analysis/Solana-Memecoin-Analysis/data/cache/2026-09-28/074314913637_ohlcv_b8494b5cd13c.json
2026-09-27T23:40:00+00:00,GZwsYYmc2a54HhX9ZGYTzo7LBChq1SSRDiV6RvvCBXzx,solana,PumpSwap,,,,,2026-09-27T13:25:31Z,0.00014619645875154285,,,,,,,,,,,,,,,,,,,ohlcv_backfill,minute,0.00015555158408178115,0.00021805113993948763,9.998503414235347e-05,0.00014619645875154285,88460.12964579785,/home/runner/work/Solana-Memecoin-Analysis/Solana-Memecoin-Analysis/data/cache/2026-09-28/074314913637_ohlcv_b8494b5cd13c.json
2026-09-27T23:35:00+00:00,GZwsYYmc2a54HhX9ZGYTzo7LBChq1SSRDiV6RvvCBXzx,solana,PumpSwap,,,,,2026-09-27T13:25:31Z,0.00015555158408178115,,,,,,,,,,,,,,,,,,,ohlcv_backfill,minute,1.0814409492175078e-05,0.0002031785659520868,1.0814409492175078e-05,0.00015555158408178115,172427.18970646386,/home/runner/work/Solana-Memecoin-Analysis/Solana-Memecoin-Analysis/data/cache/2026-09-28/074314913637_ohlcv_b8494b5cd13c.json
2026-09-27T23:30:00+00:00,GZwsYYmc2a54HhX9ZGYTzo7LBChq1SSRDiV6RvvCBXzx,solana,PumpSwap,,,,,2026-09-27T13:25:31Z,1.0814409492175078e-05,,,,,,,,,,,,,,,,,,,ohlcv_backfill,minute,1.0595452793704767e-05,1.0814409492175078e-05,1.0595452793704767e-05,1.0814409492175078e-05,59.455736047414526,/home/runner/work/Solana-Memecoin-Analysis/Solana-Memecoin-Analysis/data/cache/2026-09-28/074314913637_ohlcv_b8494b5cd13c.json
2026-09-27T23:25:00+00:00,GZwsYYmc2a54HhX9ZGYTzo7LBChq1SSRDiV6RvvCBXzx,solana,PumpSwap,,,,,2026-09-27T13:25:31Z,1.0595452793704767e-05,,,,,,,,,,,,,,,,,,,ohlcv_backfill,minute,1.0329781508023557e-05,1.0950241821051678e-05,1.0258323759752048e-05,1.0595452793704767e-05,161.09146360900314,/home/runner/work/Solana-Memecoin-Analysis/Solana-Memecoin-Analysis/data/cache/2026-09-28/074314913637_ohlcv_b8494b5cd13c.json
2026-09-27T23:20:00+00:00,GZwsYYmc2a54HhX9ZGYTzo7LBChq1SSRDiV6RvvCBXzx,solana,PumpSwap,,,,,2026-09-27T13:25:31Z,1.0329781508023557e-05,,,,,,,,,,,,,,,,,,,ohlcv_backfill,minute,1.0191191742811862e-05,1.0329781508023557e-05,1.0191191742811862e-05,1.0329781508023557e-05,34.52527868408636,/home/runner/work/Solana-Memecoin-Analysis/Solana-Memecoin-Analysis/data/cache/2026-09-28/074314913637_ohlcv_b8494b5cd13c.json
2026-09-27T23:05:00+00:00,GZwsYYmc2a54HhX9ZGYTzo7LBChq1SSRDiV6RvvCBXzx,solana,PumpSwap,,,,,2026-09-27T13:25:31Z,1.0191191742811862e-05,,,,,,,,,,,,,,,,,,,ohlcv_backfill,minute,1.0076386298680808e-05,1.0191191742811862e-05,1.00556521891735e-05,1.0191191742811862e-05,7.06024293747621,/home/runner/work/Solana-Memecoin-Analysis/Solana-Memecoin-Analysis/data/cache/2026-09-28/074314913637_ohlcv_b8494b5cd13c.json
2026-09-27T23:00:00+00:00,GZwsYYmc2a54HhX9ZGYTzo7LBChq1SSRDiV6RvvCBXzx,solana,PumpSwap,,,,,2026-09-27T13:25:31Z,1.0076386298680808e-05,,,,,,,,,,,,,,,,,,,ohlcv_backfill,minute,1.017401760715364e-05,1.017401760715364e-05,1.0076386298680808e-05,1.0076386298680808e-05,0.09880520132426152,/home/runner/work/Solana-Memecoin-Analysis/Solana-Memecoin-Analysis/data/cache/2026-09-28/074314913637_ohlcv_b8494b5cd13c.json
2026-09-27T22:40:00+00:00,GZwsYYmc2a54HhX9ZGYTzo7LBChq1SSRDiV6RvvCBXzx,solana,PumpSwap,,,,,2026-09-27T13:25:31Z,1.017401760715364e-05,,,,,,,,,,,,,,,,,,,ohlcv_backfill,minute,1.0196565121229379e-05,1.0196565121229379e-05,1.0166555542009556e-05,1.017401760715364e-05,0.47409395314276825,/home/runner/work/Solana-Memecoin-Analysis/Solana-Memecoin-Analysis/data/cache/2026-09-28/074314913637_ohlcv_b8494b5cd13c.json
2026-09-27T22:30:00+00:00,GZwsYYmc2a54HhX9ZGYTzo7LBChq1SSRDiV6RvvCBXzx,solana,PumpSwap,,,,,2026-09-27T13:25:31Z,1.0196565121229379e-05,,,,,,,,,,,,,,,,,,,ohlcv_backfill,minute,1.007326623172571e-05,1.0196565121229379e-05,1.007326623172571e-05,1.0196565121229379e-05,0.23769573956348328,/home/runner/work/Solana-Memecoin-Analysis/Solana-Memecoin-Analysis/data/cache/2026-09-28/074314913637_ohlcv_b8494b5cd13c.json
2026-09-27T22:20:00+00:00,GZwsYYmc2a54HhX9ZGYTzo7LBChq1SSRDiV6RvvCBXzx,solana,PumpSwap,,,,,2026-09-27T13:25:31Z,1.007326623172571e-05,,,,,,,,,,,,,,,,,,,ohlcv_backfill,minute,1.0091468254303405e-05,1.0091468254303405e-05,1.007326623172571e-05,1.007326623172571e-05,3.549153374155017,/home/runner/work/Solana-Memecoin-Analysis/Solana-Memecoin-Analysis/data/cache/2026-09-28/074314913637_ohlcv_b8494b5cd13c.json
2026-09-27T22:15:00+00:00,GZwsYYmc2a54HhX9ZGYTzo7LBChq1SSRDiV6RvvCBXzx,solana,PumpSwap,,,,,2026-09-27T13:25:31Z,1.0091468254303405e-05,,,,,,,,,,,,,,,,,,,ohlcv_backfill,minute,1.0326035255637201e-05,1.0326035255637201e-05,1.0091468254303405e-05,1.0091468254303405e-05,8.69443459718668,/home/runner/work/Solana-Memecoin-Analysis/Solana-Memecoin-Analysis/data/cache/2026-09-28/074314913637_ohlcv_b8494b5cd13c.json
2026-09-27T22:00:00+00:00,GZwsYYmc2a54HhX9ZGYTzo7LBChq1SSRDiV6RvvCBXzx,solana,PumpSwap,,,,,2026-09-27T13:25:31Z,1.0326035255637201e-05,,,,,,,,,,,,,,,,,,,ohlcv_backfill,minute,1.0193668101132149e-05,1.0326035255637201e-05,1.0193668101132149e-05,1.0326035255637201e-05,8.896528821769431,/home/runner/work/Solana-Memecoin-Analysis/Solana-Memecoin-Analysis/data/cache/2026-09-28/074314913637_ohlcv_b8494b5cd13c.json
2026-09-27T21:55:00+00:00,GZwsYYmc2a54HhX9ZGYTzo7LBChq1SSRDiV6RvvCBXzx,solana,PumpSwap,,,,,2026-09-27T13:25:31Z,1.0193668101132149e-05,,,,,,,,,,,,,,,,,,,ohlcv_backfill,minute,1.0285138596078833e-05,1.0285138596078833e-05,1.0193668101132149e-05,1.0193668101132149e-05,1.999914942954966,/home/runner/work/Solana-Memecoin-Analysis/Solana-Memecoin-Analysis/data/cache/2026-09-28/074314913637_ohlcv_b8494b5cd13c.json
2026-09-27T21:35:00+00:00,GZwsYYmc2a54HhX9ZGYTzo7LBChq1SSRDiV6RvvCBXzx,solana,PumpSwap,,,,,2026-09-27T13:25:31Z,1.0285138596078833e-05,,,,,,,,,,,,,,,,,,,ohlcv_backfill,minute,1.0213659617886326e-05,1.0285138596078833e-05,1.0213659617886326e-05,1.0285138596078833e-05,2.4180075384513375,/home/runner/work/Solana-Memecoin-Analysis/Solana-Memecoin-Analysis/data/cache/2026-09-28/074314913637_ohlcv_b8494b5cd13c.json
2026-09-27T21:15:00+00:00,GZwsYYmc2a54HhX9ZGYTzo7LBChq1SSRDiV6RvvCBXzx,solana,PumpSwap,,,,,2026-09-27T13:25:31Z,1.0213659617886326e-05,,,,,,,,,,,,,,,,,,,ohlcv_backfill,minute,1.0228246755106996e-05,1.0228246755106996e-05,1.0213659617886326e-05,1.0213659617886326e-05,5.106829808943163,/home/runner/work/Solana-Memecoin-Analysis/Solana-Memecoin-Analysis/data/cache/2026-09-28/074314913637_ohlcv_b8494b5cd13c.json
2026-09-27T21:10:00+00:00,GZwsYYmc2a54HhX9ZGYTzo7LBChq1SSRDiV6RvvCBXzx,solana,PumpSwap,,,,,2026-09-27T13:25:31Z,1.0228246755106996e-05,,,,,,,,,,,,,,,,,,,ohlcv_backfill,minute,1.0205356346134019e-05,1.0324924583926447e-05,1.0205356346134019e-05,1.0228246755106996e-05,25.977438447033652,/home/runner/work/Solana-Memecoin-Analysis/Solana-Memecoin-Analysis/data/cache/2026-09-28/074314913637_ohlcv_b8494b5cd13c.json
2026-09-27T21:05:00+00:00,GZwsYYmc2a54HhX9ZGYTzo7LBChq1SSRDiV6RvvCBXzx,solana,PumpSwap,,,,,2026-09-27T13:25:31Z,1.0205356346134019e-05,,,,,,,,,,,,,,,,,,,ohlcv_backfill,minute,9.806655194567055e-06,1.0205356346134019e-05,9.806655194567055e-06,1.0205356346134019e-05,82.36175627322535,/home/runner/work/Solana-Memecoin-Analysis/Solana-Memecoin-Analysis/data/cache/2026-09-28/074314913637_ohlcv_b8494b5cd13c.json
2026-09-27T21:00:00+00:00,GZwsYYmc2a54HhX9ZGYTzo7LBChq1SSRDiV6RvvCBXzx,solana,PumpSwap,,,,,2026-09-27T13:25:31Z,9.806655194567055e-06,,,,,,,,,,,,,,,,,,,ohlcv_backfill,minute,9.033537096478888e-06,9.806655194567055e-06,8.84865907396601e-06,9.806655194567055e-06,293.4262586172423,/home/runner/work/Solana-Memecoin-Analysis/Solana-Memecoin-Analysis/data/cache/2026-09-28/074314913637_ohlcv_b8494b5cd13c.json
2026-09-27T20:50:00+00:00,GZwsYYmc2a54HhX9ZGYTzo7LBChq1SSRDiV6RvvCBXzx,solana,PumpSwap,,,,,2026-09-27T13:25:31Z,9.033537096478888e-06,,,,,,,,,,,,,,,,,,,ohlcv_backfill,minute,8.822841882169021e-06,9.033537096478888e-06,8.822841882169021e-06,9.033537096478888e-06,31.291507285580025,/home/runner/work/Solana-Memecoin-Analysis/Solana-Memecoin-Analysis/data/cache/2026-09-28/074314913637_ohlcv_b8494b5cd13c.json
2026-09-27T20:45:00+00:00,GZwsYYmc2a54HhX9ZGYTzo7LBChq1SSRDiV6RvvCBXzx,solana,PumpSwap,,,,,2026-09-27T13:25:31Z,8.822841882169021e-06,,,,,,,,,,,,,,,,,,,ohlcv_backfill,minute,8.931094853838261e-06,8.931094853838261e-06,8.822841882169021e-06,8.822841882169021e-06,1.600998572380718,/home/runner/work/Solana-Memecoin-Analysis/Solana-Memecoin-Analysis/data/cache/2026-09-28/074314913637_ohlcv_b8494b5cd13c.json
2026-09-27T20:35:00+00:00,GZwsYYmc2a54HhX9ZGYTzo7LBChq1SSRDiV6RvvCBXzx,solana,PumpSwap,,,,,2026-09-27T13:25:31Z,8.931094853838261e-06,,,,,,,,,,,,,,,,,,,ohlcv_backfill,minute,9.10562447279565e-06,9.10562447279565e-06,8.931094853838261e-06,8.931094853838261e-06,0.24011968083032334,/home/runner/work/Solana-Memecoin-Analysis/Solana-Memecoin-Analysis/data/cache/2026-09-28/074314913637_ohlcv_b8494b5cd13c.json
2026-09-27T20:10:00+00:00,GZwsYYmc2a54HhX9ZGYTzo7LBChq1SSRDiV6RvvCBXzx,solana,PumpSwap,,,,,2026-09-27T13:25:31Z,9.10562447279565e-06,,,,,,,,,,,,,,,,,,,ohlcv_backfill,minute,9.412327115347854e-06,9.53325524229155e-06,9.10562447279565e-06,9.10562447279565e-06,139.20758170436926,/home/runner/work/Solana-Memecoin-Analysis/Solana-Memecoin-Analysis/data/cache/2026-09-28/074314913637_ohlcv_b8494b5cd13c.json
2026-09-27T20:05:00+00:00,GZwsYYmc2a54HhX9ZGYTzo7LBChq1SSRDiV6RvvCBXzx,solana,PumpSwap,,,,,2026-09-27T13:25:31Z,9.412327115347854e-06,,,,,,,,,,,,,,,,,,,ohlcv_backfill,minute,9.42584548896897e-06,9.42584548896897e-06,9.412327115347854e-06,9.412327115347854e-06,2.3943894419316,/home/runner/work/Solana-Memecoin-Analysis/Solana-Memecoin-Analysis/data/cache/2026-09-28/074314913637_ohlcv_b8494b5cd13c.json
2026-09-27T20:00:00+00:00,GZwsYYmc2a54HhX9ZGYTzo7LBChq1SSRDiV6RvvCBXzx,solana,PumpSwap,,,,,2026-09-27T13:25:31Z,9.42584548896897e-06,,,,,,,,,,,,,,,,,,,ohlcv_backfill,minute,9.567560652345101e-06,9.567560652345101e-06,9.42584548896897e-06,9.42584548896897e-06,7.600756730321864,/home/runner/work/Solana-Memecoin-Analysis/Solana-Memecoin-Analysis/data/cache/2026-09-28/074314913637_ohlcv_b8494b5cd13c.json
2026-09-27T19:55:00+00:00,GZwsYYmc2a54HhX9ZGYTzo7LBChq1SSRDiV6RvvCBXzx,solana,PumpSwap,,,,,2026-09-27T13:25:31Z,9.567560652345101e-06,,,,,,,,,,,,,,,,,,,ohlcv_backfill,minute,9.703778175492421e-06,9.703778175492421e-06,9.567560652345101e-06,9.567560652345101e-06,0.24053513151638775,/home/runner/work/Solana-Memecoin-Analysis/Solana-Memecoin-Analysis/data/cache/2026-09-28/074314913637_ohlcv_b8494b5cd13c.json
2026-09-27T19:45:00+00:00,GZwsYYmc2a54HhX9ZGYTzo7LBChq1SSRDiV6RvvCBXzx,solana,PumpSwap,,,,,2026-09-27T13:25:31Z,9.703778175492421e-06,,,,,,,,,,,,,,,,,,,ohlcv_backfill,minute,1.0625533541629626e-05,1.0625533541629626e-05,9.703778175492421e-06,9.703778175492421e-06,270.1993528750591,/home/runner/work/Solana-Memecoin-Analysis/Solana-Memecoin-Analysis/data/cache/2026-09-28/074314913637_ohlcv_b8494b5cd13c.json
2026-09-27T19:40:00+00:00,GZwsYYmc2a54HhX9ZGYTzo7LBChq1SSRDiV6RvvCBXzx,solana,PumpSwap,,,,,2026-09-27T13:25:31Z,1.0625533541629626e-05,,,,,,,,,,,,,,,,,,,ohlcv_backfill,minute,1.0743821258252673e-05,1.0743821258252673e-05,1.0625533541629626e-05,1.0625533541629626e-05,1.3465739384741964,/home/runner/work/Solana-Memecoin-Analysis/Solana-Memecoin-Analysis/data/cache/2026-09-28/074314913637_ohlcv_b8494b5cd13c.json
2026-09-27T19:20:00+00:00,GZwsYYmc2a54HhX9ZGYTzo7LBChq1SSRDiV6RvvCBXzx,solana,PumpSwap,,,,,2026-09-27T13:25:31Z,1.0743821258252673e-05,,,,,,,,,,,,,,,,,,,ohlcv_backfill,minute,1.0739217565369483e-05,1.0743821258252673e-05,1.0739217565369483e-05,1.0743821258252673e-05,8.406893036349002,/home/runner/work/Solana-Memecoin-Analysis/Solana-Memecoin-Analysis/data/cache/2026-09-28/074314913637_ohlcv_b8494b5cd13c.json
2026-09-27T19:15:00+00:00,GZwsYYmc2a54HhX9ZGYTzo7LBChq1SSRDiV6RvvCBXzx,solana,PumpSwap,,,,,2026-09-27T13:25:31Z,1.0739217565369483e-05,,,,,,,,,,,,,,,,,,,ohlcv_backfill,minute,1.0656133709811807e-05,1.078979139641314e-05,1.058287215175132e-05,1.0739217565369483e-05,21.119481739984526,/home/runner/work/Solana-Memecoin-Analysis/Solana-Memecoin-Analysis/data/cache/2026-09-28/074314913637_ohlcv_b8494b5cd13c.json
2026-09-27T19:10:00+00:00,GZwsYYmc2a54HhX9ZGYTzo7LBChq1SSRDiV6RvvCBXzx,solana,PumpSwap,,,,,2026-09-27T13:25:31Z,1.0656133709811807e-05,,,,,,,,,,,,,,,,,,,ohlcv_backfill,minute,1.071648379606373e-05,1.071648379606373e-05,1.0656133709811807e-05,1.0656133709811807e-05,12.340849176372567,/home/runner/work/Solana-Memecoin-Analysis/Solana-Memecoin-Analysis/data/cache/2026-09-28/074314913637_ohlcv_b8494b5cd13c.json
2026-09-27T19:05:00+00:00,GZwsYYmc2a54HhX9ZGYTzo7LBChq1SSRDiV6RvvCBXzx,solana,PumpSwap,,,,,2026-09-27T13:25:31Z,1.071648379606373e-05,,,,,,,,,,,,,,,,,,,ohlcv_backfill,minute,1.2710445227329366e-05,1.2710445227329366e-05,1.071648379606373e-05,1.071648379606373e-05,430.6925865570593,/home/runner/work/Solana-Memecoin-Analysis/Solana-Memecoin-Analysis/data/cache/2026-09-28/074314913637_ohlcv_b8494b5cd13c.json
2026-09-27T18:50:00+00:00,GZwsYYmc2a54HhX9ZGYTzo7LBChq1SSRDiV6RvvCBXzx,solana,PumpSwap,,,,,2026-09-27T13:25:31Z,1.2710445227329366e-05,,,,,,,,,,,,,,,,,,,ohlcv_backfill,minute,1.2757290025762929e-05,1.2757290025762929e-05,1.2710445227329366e-05,1.2710445227329366e-05,9.5543984644118,/home/runner/work/Solana-Memecoin-Analysis/Solana-Memecoin-Analysis/data/cache/2026-09-28/074314913637_ohlcv_b8494b5cd13c.json
2026-09-27T18:45:00+00:00,GZwsYYmc2a54HhX9ZGYTzo7LBChq1SSRDiV6RvvCBXzx,solana,PumpSwap,,,,,2026-09-27T13:25:31Z,1.2757290025762929e-05,,,,,,,,,,,,,,,,,,,ohlcv_backfill,minute,1.2829052447917944e-05,1.2829052447917944e-05,1.2757290025762929e-05,1.2757290025762929e-05,11.415514219701892,/home/runner/work/Solana-Memecoin-Analysis/Solana-Memecoin-Analysis/data/cache/2026-09-28/074314913637_ohlcv_b8494b5cd13c.json
2026-09-27T18:25:00+00:00,GZwsYYmc2a54HhX9ZGYTzo7LBChq1SSRDiV6RvvCBXzx,solana,PumpSwap,,,,,2026-09-27T13:25:31Z,1.2829052447917944e-05,,,,,,,,,,,,,,,,,,,ohlcv_backfill,minute,1.2972326632226238e-05,1.2972326632226238e-05,1.2829052447917944e-05,1.2829052447917944e-05,25.847150668281994,/home/runner/work/Solana-Memecoin-Analysis/Solana-Memecoin-Analysis/data/cache/2026-09-28/074314913637_ohlcv_b8494b5cd13c.json
2026-09-27T18:15:00+00:00,GZwsYYmc2a54HhX9ZGYTzo7LBChq1SSRDiV6RvvCBXzx,solana,PumpSwap,,,,,2026-09-27T13:25:31Z,1.2972326632226238e-05,,,,,,,,,,,,,,,,,,,ohlcv_backfill,minute,1.4088132133788568e-05,1.4088132133788568e-05,1.2972326632226238e-05,1.2972326632226238e-05,177.07310658624436,/home/runner/work/Solana-Memecoin-Analysis/Solana-Memecoin-Analysis/data/cache/2026-09-28/074314913637_ohlcv_b8494b5cd13c.json
2026-09-27T18:10:00+00:00,GZwsYYmc2a54HhX9ZGYTzo7LBChq1SSRDiV6RvvCBXzx,solana,PumpSwap,,,,,2026-09-27T13:25:31Z,1.4088132133788568e-05,,,,,,,,,,,,,,,,,,,ohlcv_backfill,minute,1.44238208135026e-05,1.44238208135026e-05,1.4088132133788568e-05,1.4088132133788568e-05,142.36362388372723,/home/runner/work/Solana-Memecoin-Analysis/Solana-Memecoin-Analysis/data/cache/2026-09-28/074314913637_ohlcv_b8494b5cd13c.json
2026-09-27T18:05:00+00:00,GZwsYYmc2a54HhX9ZGYTzo7LBChq1SSRDiV6RvvCBXzx,solana,PumpSwap,,,,,2026-09-27T13:25:31Z,1.44238208135026e-05,,,,,,,,,,,,,,,,,,,ohlcv_backfill,minute,1.5642601312294327e-05,1.5642601312294327e-05,1.44238208135026e-05,1.44238208135026e-05,199.70390665846023,/home/runner/work/Solana-Memecoin-Analysis/Solana-Memecoin-Analysis/data/cache/2026-09-28/074314913637_ohlcv_b8494b5cd13c.json
2026-09-27T18:00:00+00:00,GZwsYYmc2a54HhX9ZGYTzo7LBChq1SSRDiV6RvvCBXzx,solana,PumpSwap,,,,,2026-09-27T13:25:31Z,1.5642601312294327e-05,,,,,,,,,,,,,,,,,,,ohlcv_backfill,minute,1.5526919725257023e-05,1.5642601312294327e-05,1.5526919725257023e-05,1.5642601312294327e-05,28.061125676732328,/home/runner/work/Solana-Memecoin-Analysis/Solana-Memecoin-Analysis/data/cache/2026-09-28/074314913637_ohlcv_b8494b5cd13c.json
2026-09-27T17:55:00+00:00,GZwsYYmc2a54HhX9ZGYTzo7LBChq1SSRDiV6RvvCBXzx,solana,PumpSwap,,,,,2026-09-27T13:25:31Z,1.5526919725257023e-05,,,,,,,,,,,,,,,,,,,ohlcv_backfill,minute,1.442250562770195e-05,1.55278472490793e-05,1.442250562770195e-05,1.5526919725257023e-05,211.429224640845,/home/runner/work/Solana-Memecoin-Analysis/Solana-Memecoin-Analysis/data/cache/2026-09-28/074314913637_ohlcv_b8494b5cd13c.json
2026-09-27T17:45:00+00:00,GZwsYYmc2a54HhX9ZGYTzo7LBChq1SSRDiV6RvvCBXzx,solana,PumpSwap,,,,,2026-09-27T13:25:31Z,1.442250562770195e-05,,,,,,,,,,,,,,,,,,,ohlcv_backfill,minute,1.4221156544467952e-05,1.442250562770195e-05,1.4221156544467952e-05,1.442250562770195e-05,0.47744797938516365,/home/runner/work/Solana-Memecoin-Analysis/Solana-Memecoin-Analysis/data/cache/2026-09-28/074314913637_ohlcv_b8494b5cd13c.json
2026-09-27T17:40:00+00:00,GZwsYYmc2a54HhX9ZGYTzo7LBChq1SSRDiV6RvvCBXzx,solana,PumpSwap,,,,,2026-09-27T13:25:31Z,1.4221156544467952e-05,,,,,,,,,,,,,,,,,,,ohlcv_backfill,minute,1.5808728145104154e-05,1.5808728145104154e-05,1.4221156544467952e-05,1.4221156544467952e-05,262.05627346354913,/home/runner/work/Solana-Memecoin-Analysis/Solana-Memecoin-Analysis/data/cache/2026-09-28/074314913637_ohlcv_b8494b5cd13c.json
2026-09-27T17:35:00+00:00,GZwsYYmc2a54HhX9ZGYTzo7LBChq1SSRDiV6RvvCBXzx,solana,PumpSwap,,,,,2026-09-27T13:25:31Z,1.5808728145104154e-05,,,,,,,,,,,,,,,,,,,ohlcv_backfill,minute,1.5656404306041656e-05,1.5808728145104154e-05,1.5656404306041656e-05,1.5808728145104154e-05,2.632135611404051,/home/runner/work/Solana-Memecoin-Analysis/Solana-Memecoin-Analysis/data/cache/2026-09-28/074314913637_ohlcv_b8494b5cd13c.json
2026-09-27T17:30:00+00:00,GZwsYYmc2a54HhX9ZGYTzo7LBChq1SSRDiV6RvvCBXzx,solana,PumpSwap,,,,,2026-09-27T13:25:31Z,1.5656404306041656e-05,,,,,,,,,,,,,,,,,,,ohlcv_backfill,minute,1.6187700928340417e-05,1.6187700928340417e-05,1.5656404306041656e-05,1.5656404306041656e-05,105.88222249166556,/home/runner/work/Solana-Memecoin-Analysis/Solana-Memecoin-Analysis/data/cache/2026-09-28/074314913637_ohlcv_b8494b5cd13c.json
2026-09-27T17:25:00+00:00,GZwsYYmc2a54HhX9ZGYTzo7LBChq1SSRDiV6RvvCBXzx,solana,PumpSwap,,,,,2026-09-27T13:25:31Z,1.6187700928340417e-05,,,,,,,,,,,,,,,,,,,ohlcv_backfill,minute,1.593543266483143e-05,1.639596314585305e-05,1.593543266483143e-05,1.6187700928340417e-05,61.321608394093744,/home/runner/work/Solana-Memecoin-Analysis/Solana-Memecoin-Analysis/data/cache/2026-09-28/074314913637_ohlcv_b8494b5cd13c.json
2026-09-27T17:20:00+00:00,GZwsYYmc2a54HhX9ZGYTzo7LBChq1SSRDiV6RvvCBXzx,solana,PumpSwap,,,,,2026-09-27T13:25:31Z,1.593543266483143e-05,,,,,,,,,,,,,,,,,,,ohlcv_backfill,minute,1.626803678929132e-05,1.626803678929132e-05,1.593543266483143e-05,1.593543266483143e-05,26.02044438132388,/home/runner/work/Solana-Memecoin-Analysis/Solana-Memecoin-Analysis/data/cache/2026-09-28/074314913637_ohlcv_b8494b5cd13c.json
2026-09-27T17:15:00+00:00,GZwsYYmc2a54HhX9ZGYTzo7LBChq1SSRDiV6RvvCBXzx,solana,PumpSwap,,,,,2026-09-27T13:25:31Z,1.626803678929132e-05,,,,,,,,,,,,,,,,,,,ohlcv_backfill,minute,1.5282792482612045e-05,1.626803678929132e-05,1.5282792482612045e-05,1.626803678929132e-05,149.95582885543763,/home/runner/work/Solana-Memecoin-Analysis/Solana-Memecoin-Analysis/data/cache/2026-09-28/074314913637_ohlcv_b8494b5cd13c.json
2026-09-27T17:10:00+00:00,GZwsYYmc2a54HhX9ZGYTzo7LBChq1SSRDiV6RvvCBXzx,solana,PumpSwap,,,,,2026-09-27T13:25:31Z,1.5282792482612045e-05,,,,,,,,,,,,,,,,,,,ohlcv_backfill,minute,1.4990231453140984e-05,1.5282792482612045e-05,1.4990231453140984e-05,1.5282792482612045e-05,63.16554761850047,/home/runner/work/Solana-Memecoin-Analysis/Solana-Memecoin-Analysis/data/cache/2026-09-28/074314913637_ohlcv_b8494b5cd13c.json
2026-09-27T17:05:00+00:00,GZwsYYmc2a54HhX9ZGYTzo7LBChq1SSRDiV6RvvCBXzx,solana,PumpSwap,,,,,2026-09-27T13:25:31Z,1.4990231453140984e-05,,,,,,,,,,,,,,,,,,,ohlcv_backfill,minute,1.5305025003188024e-05,1.5305025003188024e-05,1.4990231453140984e-05,1.4990231453140984e-05,34.31730914894012,/home/runner/work/Solana-Memecoin-Analysis/Solana-Memecoin-Analysis/data/cache/2026-09-28/074314913637_ohlcv_b8494b5cd13c.json
2026-09-27T17:00:00+00:00,GZwsYYmc2a54HhX9ZGYTzo7LBChq1SSRDiV6RvvCBXzx,solana,PumpSwap,,,,,2026-09-27T13:25:31Z,1.5305025003188024e-05,,,,,,,,,,,,,,,,,,,ohlcv_backfill,minute,1.4532168971154145e-05,1.5305025003188024e-05,1.4532168971154145e-05,1.5305025003188024e-05,134.37607427074298,/home/runner/work/Solana-Memecoin-Analysis/Solana-Memecoin-Analysis/data/cache/2026-09-28/074314913637_ohlcv_b8494b5cd13c.json
2026-09-27T16:55:00+00:00,GZwsYYmc2a54HhX9ZGYTzo7LBChq1SSRDiV6RvvCBXzx,solana,PumpSwap,,,,,2026-09-27T13:25:31Z,1.4532168971154145e-05,,,,,,,,,,,,,,,,,,,ohlcv_backfill,minute,1.4605722218519366e-05,1.4624589713782922e-05,1.43917873212305e-05,1.4532168971154145e-05,44.07033337741267,/home/runner/work/Solana-Memecoin-Analysis/Solana-Memecoin-Analysis/data/cache/2026-09-28/074314913637_ohlcv_b8494b5cd13c.json
2026-09-27T16:50:00+00:00,GZwsYYmc2a54HhX9ZGYTzo7LBChq1SSRDiV6RvvCBXzx,solana,PumpSwap,,,,,2026-09-27T13:25:31Z,1.4605722218519366e-05,,,,,,,,,,,,,,,,,,,ohlcv_backfill,minute,1.4223609453503442e-05,1.4605722218519366e-05,1.4223609453503442e-05,1.4605722218519366e-05,23.88649406521328,/home/runner/work/Solana-Memecoin-Analysis/Solana-Memecoin-Analysis/data/cache/2026-09-28/074314913637_ohlcv_b8494b5cd13c.json
2026-09-27T16:40:00+00:00,GZwsYYmc2a54HhX9ZGYTzo7LBChq1SSRDiV6RvvCBXzx,solana,PumpSwap,,,,,2026-09-27T13:25:31Z,1.4223609453503442e-05,,,,,,,,,,,,,,,,,,,ohlcv_backfill,minute,1.4708698531621456e-05,1.4708698531621456e-05,1.4223609453503442e-05,1.4223609453503442e-05,113.21132016089157,/home/runner/work/Solana-Memecoin-Analysis/Solana-Memecoin-Analysis/data/cache/2026-09-28/074314913637_ohlcv_b8494b5cd13c.json
2026-09-27T16:35:00+00:00,GZwsYYmc2a54HhX9ZGYTzo7LBChq1SSRDiV6RvvCBXzx,solana,PumpSwap,,,,,2026-09-27T13:25:31Z,1.4708698531621456e-05,,,,,,,,,,,,,,,,,,,ohlcv_backfill,minute,1.2807780918749873e-05,1.4708698531621456e-05,1.2807780918749873e-05,1.4708698531621456e-05,416.3414949061295,/home/runner/work/Solana-Memecoin-Analysis/Solana-Memecoin-Analysis/data/cache/2026-09-28/074314913637_ohlcv_b8494b5cd13c.json
2026-09-27T16:30:00+00:00,GZwsYYmc2a54HhX9ZGYTzo7LBChq1SSRDiV6RvvCBXzx,solana,PumpSwap,,,,,2026-09-27T13:25:31Z,1.2807780918749873e-05,,,,,,,,,,,,,,,,,,,ohlcv_backfill,minute,1.2658350943065491e-05,1.2807780918749873e-05,1.2591935103480602e-05,1.2807780918749873e-05,39.833497580535195,/home/runner/work/Solana-Memecoin-Analysis/Solana-Memecoin-Analysis/data/cache/2026-09-28/074314913637_ohlcv_b8494b5cd13c.json
2026-09-27T16:25:00+00:00,GZwsYYmc2a54HhX9ZGYTzo7LBChq1SSRDiV6RvvCBXzx,solana,PumpSwap,,,,,2026-09-27T13:25:31Z,1.2658350943065491e-05,,,,,,,,,,,,,,,,,,,ohlcv_backfill,minute,1.28356072164469e-05,1.28356072164469e-05,1.2658350943065491e-05,1.2658350943065491e-05,6.801930904267627,/home/runner/work/Solana-Memecoin-Analysis/Solana-Memecoin-Analysis/data/cache/2026-09-28/074314913637_ohlcv_b8494b5cd13c.json
2026-09-27T16:20:00+00:00,GZwsYYmc2a54HhX9ZGYTzo7LBChq1SSRDiV6RvvCBXzx,solana,PumpSwap,,,,,2026-09-27T13:25:31Z,1.28356072164469e-05,,,,,,,,,,,,,,,,,,,ohlcv_backfill,minute,1.2714535313693105e-05,1.28356072164469e-05,1.2673696652256807e-05,1.28356072164469e-05,16.15128558888502,/home/runner/work/Solana-Memecoin-Analysis/Solana-Memecoin-Analysis/data/cache/2026-09-28/074314913637_ohlcv_b8494b5cd13c.json
2026-09-27T16:15:00+00:00,GZwsYYmc2a54HhX9ZGYTzo7LBChq1SSRDiV6RvvCBXzx,solana,PumpSwap,,,,,2026-09-27T13:25:31Z,1.2714535313693105e-05,,,,,,,,,,,,,,,,,,,ohlcv_backfill,minute,1.2889571892531957e-05,1.2889571892531957e-05,1.2714535313693105e-05,1.2714535313693105e-05,33.558437086834644,/home/runner/work/Solana-Memecoin-Analysis/Solana-Memecoin-Analysis/data/cache/2026-09-28/074314913637_ohlcv_b8494b5cd13c.json
2026-09-27T16:10:00+00:00,GZwsYYmc2a54HhX9ZGYTzo7LBChq1SSRDiV6RvvCBXzx,solana,PumpSwap,,,,,2026-09-27T13:25:31Z,1.2889571892531957e-05,,,,,,,,,,,,,,,,,,,ohlcv_backfill,minute,1.3219901589101858e-05,1.3219901589101858e-05,1.2889571892531957e-05,1.2889571892531957e-05,57.22696283494829,/home/runner/work/Solana-Memecoin-Analysis/Solana-Memecoin-Analysis/data/cache/2026-09-28/074314913637_ohlcv_b8494b5cd13c.json
2026-09-27T16:05:00+00:00,GZwsYYmc2a54HhX9ZGYTzo7LBChq1SSRDiV6RvvCBXzx,solana,PumpSwap,,,,,2026-09-27T13:25:31Z,1.3219901589101858e-05,,,,,,,,,,,,,,,,,,,ohlcv_backfill,minute,1.2930399733709927e-05,1.3219901589101858e-05,1.2914603001026528e-05,1.3219901589101858e-05,64.91980994529258,/home/runner/work/Solana-Memecoin-Analysis/Solana-Memecoin-Analysis/data/cache/2026-09-28/074314913637_ohlcv_b8494b5cd13c.json
2026-09-27T16:00:00+00:00,GZwsYYmc2a54HhX9ZGYTzo7LBChq1SSRDiV6RvvCBXzx,solana,PumpSwap,,,,,2026-09-27T13:25:31Z,1.2930399733709927e-05,,,,,,,,,,,,,,,,,,,ohlcv_backfill,minute,1.222298244177059e-05,1.2930399733709927e-05,1.222298244177059e-05,1.2930399733709927e-05,139.49979394291321,/home/runner/work/Solana-Memecoin-Analysis/Solana-Memecoin-Analysis/data/cache/2026-09-28/074314913637_ohlcv_b8494b5cd13c.json
2026-09-27T15:55:00+00:00,GZwsYYmc2a54HhX9ZGYTzo7LBChq1SSRDiV6RvvCBXzx,solana,PumpSwap,,,,,2026-09-27T13:25:31Z,1.222298244177059e-05,,,,,,,,,,,,,,,,,,,ohlcv_backfill,minute,1.2402080276138234e-05,1.2402080276138234e-05,1.2200217439064021e-05,1.222298244177059e-05,70.51753792340659,/home/runner/work/Solana-Memecoin-Analysis/Solana-Memecoin-Analysis/data/cache/2026-09-28/074314913637_ohlcv_b8494b5cd13c.json
2026-09-27T15:50:00+00:00,GZwsYYmc2a54HhX9ZGYTzo7LBChq1SSRDiV6RvvCBXzx,solana,PumpSwap,,,,,2026-09-27T13:25:31Z,1.2402080276138234e-05,,,,,,,,,,,,,,,,,,,ohlcv_backfill,minute,1.2309442881821303e-05,1.253629829470796e-05,1.2309442881821303e-05,1.2402080276138234e-05,59.614673510515594,/home/runner/work/Solana-Memecoin-Analysis/Solana-Memecoin-Analysis/data/cache/2026-09-28/074314913637_ohlcv_b8494b5cd13c.json
2026-09-27T15:45:00+00:00,GZwsYYmc2a54HhX9ZGYTzo7LBChq1SSRDiV6RvvCBXzx,solana,PumpSwap,,,,,2026-09-27T13:25:31Z,1.2309442881821303e-05,,,,,,,,,,,,,,,,,,,ohlcv_backfill,minute,1.2374709255768707e-05,1.2374709255768707e-05,1.2309442881821303e-05,1.2309442881821303e-05,12.229274391638338,/home/runner/work/Solana-Memecoin-Analysis/Solana-Memecoin-Analysis/data/cache/2026-09-28/074314913637_ohlcv_b8494b5cd13c.json
2026-09-27T15:40:00+00:00,GZwsYYmc2a54HhX9ZGYTzo7LBChq1SSRDiV6RvvCBXzx,solana,PumpSwap,,,,,2026-09-27T13:25:31Z,1.2374709255768707e-05,,,,,,,,,,,,,,,,,,,ohlcv_backfill,minute,1.2472404316623838e-05,1.2472404316623838e-05,1.2374709255768707e-05,1.2374709255768707e-05,27.42277864566951,/home/runner/work/Solana-Memecoin-Analysis/Solana-Memecoin-Analysis/data/cache/2026-09-28/074314913637_ohlcv_b8494b5cd13c.json
2026-09-27T15:35:00+00:00,GZwsYYmc2a54HhX9ZGYTzo7LBChq1SSRDiV6RvvCBXzx,solana,PumpSwap,,,,,2026-09-27T13:25:31Z,1.2472404316623838e-05,,,,,,,,,,,,,,,,,,,ohlcv_backfill,minute,1.250839852731747e-05,1.250839852731747e-05,1.2472404316623838e-05,1.2472404316623838e-05,5.092058550062105,/home/runner/work/Solana-Memecoin-Analysis/Solana-Memecoin-Analysis/data/cache/2026-09-28/074314913637_ohlcv_b8494b5cd13c.json
2026-09-27T15:25:00+00:00,GZwsYYmc2a54HhX9ZGYTzo7LBChq1SSRDiV6RvvCBXzx,solana,PumpSwap,,,,,2026-09-27T13:25:31Z,1.250839852731747e-05,,,,,,,,,,,,,,,,,,,ohlcv_backfill,minute,1.2573375528946657e-05,1.2573375528946657e-05,1.250839852731747e-05,1.250839852731747e-05,12.23684573023431,/home/runner/work/Solana-Memecoin-Analysis/Solana-Memecoin-Analysis/data/cache/2026-09-28/074314913637_ohlcv_b8494b5cd13c.json
2026-09-27T15:20:00+00:00,GZwsYYmc2a54HhX9ZGYTzo7LBChq1SSRDiV6RvvCBXzx,solana,PumpSwap,,,,,2026-09-27T13:25:31Z,1.2573375528946657e-05,,,,,,,,,,,,,,,,,,,ohlcv_backfill,minute,1.3159944855494142e-05,1.3159944855494142e-05,1.2573375528946657e-05,1.2573375528946657e-05,133.16174805541422,/home/runner/work/Solana-Memecoin-Analysis/Solana-Memecoin-Analysis/data/cache/2026-09-28/074314913637_ohlcv_b8494b5cd13c.json
2026-09-27T15:15:00+00:00,GZwsYYmc2a54HhX9ZGYTzo7LBChq1SSRDiV6RvvCBXzx,solana,PumpSwap,,,,,2026-09-27T13:25:31Z,1.3159944855494142e-05,,,,,,,,,,,,,,,,,,,ohlcv_backfill,minute,1.1104199849278291e-05,1.45752756542305e-05,1.104559896602518e-05,1.3159944855494142e-05,1128.9809600099045,/home/runner/work/Solana-Memecoin-Analysis/Solana-Memecoin-Analysis/data/cache/2026-09-28/074314913637_ohlcv_b8494b5cd13c.json
2026-09-27T15:10:00+00:00,GZwsYYmc2a54HhX9ZGYTzo7LBChq1SSRDiV6RvvCBXzx,solana,PumpSwap,,,,,2026-09-27T13:25:31Z,1.1104199849278291e-05,,,,,,,,,,,,,,,,,,,ohlcv_backfill,minute,1.680174239138171e-05,1.680174239138171e-05,1.0825936379918628e-05,1.1104199849278291e-05,1748.1673042801324,/home/runner/work/Solana-Memecoin-Analysis/Solana-Memecoin-Analysis/data/cache/2026-09-28/074314913637_ohlcv_b8494b5cd13c.json
2026-09-27T15:05:00+00:00,GZwsYYmc2a54HhX9ZGYTzo7LBChq1SSRDiV6RvvCBXzx,solana,PumpSwap,,,,,2026-09-27T13:25:31Z,1.680174239138171e-05,,,,,,,,,,,,,,,,,,,ohlcv_backfill,minute,1.834380035273939e-05,1.834380035273939e-05,1.619804989031209e-05,1.680174239138171e-05,616.8845784490283,/home/runner/work/Solana-Memecoin-Analysis/Solana-Memecoin-Analysis/data/cache/2026-09-28/074314913637_ohlcv_b8494b5cd13c.json
2026-09-27T15:00:00+00:00,GZwsYYmc2a54HhX9ZGYTzo7LBChq1SSRDiV6RvvCBXzx,solana,PumpSwap,,,,,2026-09-27T13:25:31Z,1.834380035273939e-05,,,,,,,,,,,,,,,,,,,ohlcv_backfill,minute,2.414204854348595e-05,2.4538235647878348e-05,1.834380035273939e-05,1.834380035273939e-05,1102.334039418694,/home/runner/work/Solana-Memecoin-Analysis/Solana-Memecoin-Analysis/data/cache/2026-09-28/074314913637_ohlcv_b8494b5cd13c.json
2026-09-27T14:55:00+00:00,GZwsYYmc2a54HhX9ZGYTzo7LBChq1SSRDiV6RvvCBXzx,solana,PumpSwap,,,,,2026-09-27T13:25:31Z,2.414204854348595e-05,,,,,,,,,,,,,,,,,,,ohlcv_backfill,minute,2.317741120313948e-05,2.4514751477603566e-05,2.317741120313948e-05,2.414204854348595e-05,145.07726303845075,/home/runner/work/Solana-Memecoin-Analysis/Solana-Memecoin-Analysis/data/cache/2026-09-28/074314913637_ohlcv_b8494b5cd13c.json
2026-09-27T14:50:00+00:00,GZwsYYmc2a54HhX9ZGYTzo7LBChq1SSRDiV6RvvCBXzx,solana,PumpSwap,,,,,2026-09-27T13:25:31Z,2.317741120313948e-05,,,,,,,,,,,,,,,,,,,ohlcv_backfill,minute,2.2206450636943814e-05,2.4119728793395327e-05,2.2206450636943814e-05,2.317741120313948e-05,306.27179162745387,/home/runner/work/Solana-Memecoin-Analysis/Solana-Memecoin-Analysis/data/cache/2026-09-28/074314913637_ohlcv_b8494b5cd13c.json
2026-09-27T14:45:00+00:00,GZwsYYmc2a54HhX9ZGYTzo7LBChq1SSRDiV6RvvCBXzx,solana,PumpSwap,,,,,2026-09-27T13:25:31Z,2.2206450636943814e-05,,,,,,,,,,,,,,,,,,,ohlcv_backfill,minute,2.1090128962621303e-05,2.2206450636943814e-05,2.0818888015565442e-05,2.2206450636943814e-05,198.59167441491445,/home/runner/work/Solana-Memecoin-Analysis/Solana-Memecoin-Analysis/data/cache/2026-09-28/074314913637_ohlcv_b8494b5cd13c.json
2026-09-27T14:40:00+00:00,GZwsYYmc2a54HhX9ZGYTzo7LBChq1SSRDiV6RvvCBXzx,solana,PumpSwap,,,,,2026-09-27T13:25:31Z,2.1090128962621303e-05,,,,,,,,,,,,,,,,,,,ohlcv_backfill,minute,2.083198338008654e-05,2.1090128962621303e-05,2.083198338008654e-05,2.1090128962621303e-05,3.832279147412257,/home/runner/work/Solana-Memecoin-Analysis/Solana-Memecoin-Analysis/data/cache/2026-09-28/074314913637_ohlcv_b8494b5cd13c.json
2026-09-27T14:35:00+00:00,GZwsYYmc2a54HhX9ZGYTzo7LBChq1SSRDiV6RvvCBXzx,solana,PumpSwap,,,,,2026-09-27T13:25:31Z,2.083198338008654e-05,,,,,,,,,,,,,,,,,,,ohlcv_backfill,minute,2.264296908013001e-05,2.264296908013001e-05,2.083198338008654e-05,2.083198338008654e-05,274.22760408375296,/home/runner/work/Solana-Memecoin-Analysis/Solana-Memecoin-Analysis/data/cache/2026-09-28/074314913637_ohlcv_b8494b5cd13c.json
2026-09-27T14:30:00+00:00,GZwsYYmc2a54HhX9ZGYTzo7LBChq1SSRDiV6RvvCBXzx,solana,PumpSwap,,,,,2026-09-27T13:25:31Z,2.264296908013001e-05,,,,,,,,,,,,,,,,,,,ohlcv_backfill,minute,2.2425672222228832e-05,2.264296908013001e-05,2.225651667104741e-05,2.264296908013001e-05,74.69208873873647,/home/runner/work/Solana-Memecoin-Analysis/Solana-Memecoin-Analysis/data/cache/2026-09-28/074314913637_ohlcv_b8494b5cd13c.json
2026-09-27T14:25:00+00:00,GZwsYYmc2a54HhX9ZGYTzo7LBChq1SSRDiV6RvvCBXzx,solana,PumpSwap,,,,,2026-09-27T13:25:31Z,2.2425672222228832e-05,,,,,,,,,,,,,,,,,,,ohlcv_backfill,minute,2.352621355387114e-05,2.3961823398405048e-05,2.1700397053875332e-05,2.2425672222228832e-05,648.2071910645901,/home/runner/work/Solana-Memecoin-Analysis/Solana-Memecoin-Analysis/data/cache/2026-09-28/074314913637_ohlcv_b8494b5cd13c.json
2026-09-27T14:20:00+00:00,GZwsYYmc2a54HhX9ZGYTzo7LBChq1SSRDiV6RvvCBXzx,solana,PumpSwap,,,,,2026-09-27T13:25:31Z,2.352621355387114e-05,,,,,,,,,,,,,,,,,,,ohlcv_backfill,minute,1.737435586489624e-05,2.389873717374183e-05,1.737435586489624e-05,2.352621355387114e-05,1162.7175808842308,/home/runner/work/Solana-Memecoin-Analysis/Solana-Memecoin-Analysis/data/cache/2026-09-28/074314913637_ohlcv_b8494b5cd13c.json
2026-09-27T14:15:00+00:00,GZwsYYmc2a54HhX9ZGYTzo7LBChq1SSRDiV6RvvCBXzx,solana,PumpSwap,,,,,2026-09-27T13:25:31Z,1.737435586489624e-05,,,,,,,,,,,,,,,,,,,ohlcv_backfill,minute,1.9481997627316042e-05,1.9481997627316042e-05,1.737435586489624e-05,1.737435586489624e-05,453.0380207835288,/home/runner/work/Solana-Memecoin-Analysis/Solana-Memecoin-Analysis/data/cache/2026-09-28/074314913637_ohlcv_b8494b5cd13c.json
2026-09-27T14:10:00+00:00,GZwsYYmc2a54HhX9ZGYTzo7LBChq1SSRDiV6RvvCBXzx,solana,PumpSwap,,,,,2026-09-27T13:25:31Z,1.9481997627316042e-05,,,,,,,,,,,,,,,,,,,ohlcv_backfill,minute,2.098129496625876e-05,2.098129496625876e-05,1.9481997627316042e-05,1.9481997627316042e-05,324.2820239206534,/home/runner/work/Solana-Memecoin-Analysis/Solana-Memecoin-Analysis/data/cache/2026-09-28/074314913637_ohlcv_b8494b5cd13c.json
2026-09-27T14:05:00+00:00,GZwsYYmc2a54HhX9ZGYTzo7LBChq1SSRDiV6RvvCBXzx,solana,PumpSwap,,,,,2026-09-27T13:25:31Z,2.098129496625876e-05,,,,,,,,,,,,,,,,,,,ohlcv_backfill,minute,1.773913968644175e-05,2.2742137835997837e-05,1.773913968644175e-05,2.098129496625876e-05,1283.8797079841065,/home/runner/work/Solana-Memecoin-Analysis/Solana-Memecoin-Analysis/data/cache/2026-09-28/074314913637_ohlcv_b8494b5cd13c.json
2026-09-27T14:00:00+00:00,GZwsYYmc2a54HhX9ZGYTzo7LBChq1SSRDiV6RvvCBXzx,solana,PumpSwap,,,,,2026-09-27T13:25:31Z,1.773913968644175e-05,,,,,,,,,,,,,,,,,,,ohlcv_backfill,minute,1.504380343579946e-05,1.773913968644175e-05,1.5030162826248387e-05,1.773913968644175e-05,678.5377148416088,/home/runner/work/Solana-Memecoin-Analysis/Solana-Memecoin-Analysis/data/cache/2026-09-28/074314913637_ohlcv_b8494b5cd13c.json
2026-09-27T13:55:00+00:00,GZwsYYmc2a54HhX9ZGYTzo7LBChq1SSRDiV6RvvCBXzx,solana,PumpSwap,,,,,2026-09-27T13:25:31Z,1.504380343579946e-05,,,,,,,,,,,,,,,,,,,ohlcv_backfill,minute,1.72262542218154e-05,1.7315679785077824e-05,1.504380343579946e-05,1.504380343579946e-05,563.1235730772315,/home/runner/work/Solana-Memecoin-Analysis/Solana-Memecoin-Analysis/data/cache/2026-09-28/074314913637_ohlcv_b8494b5cd13c.json
2026-09-27T13:50:00+00:00,GZwsYYmc2a54HhX9ZGYTzo7LBChq1SSRDiV6RvvCBXzx,solana,PumpSwap,,,,,2026-09-27T13:25:31Z,1.72262542218154e-05,,,,,,,,,,,,,,,,,,,ohlcv_backfill,minute,1.781078758074754e-05,1.8769723995081944e-05,1.72262542218154e-05,1.72262542218154e-05,531.6348767143597,/home/runner/work/Solana-Memecoin-Analysis/Solana-Memecoin-Analysis/data/cache/2026-09-28/074314913637_ohlcv_b8494b5cd13c.json
2026-09-27T13:45:00+00:00,GZwsYYmc2a54HhX9ZGYTzo7LBChq1SSRDiV6RvvCBXzx,solana,PumpSwap,,,,,2026-09-27T13:25:31Z,1.781078758074754e-05,,,,,,,,,,,,,,,,,,,ohlcv_backfill,minute,2.491502700268236e-05,2.491502700268236e-05,1.781078758074754e-05,1.781078758074754e-05,2876.1071836762058,/home/runner/work/Solana-Memecoin-Analysis/Solana-Memecoin-Analysis/data/cache/2026-09-28/074314913637_ohlcv_b8494b5cd13c.json
2026-09-27T13:40:00+00:00,GZwsYYmc2a54HhX9ZGYTzo7LBChq1SSRDiV6RvvCBXzx,solana,PumpSwap,,,,,2026-09-27T13:25:31Z,2.491502700268236e-05,,,,,,,,,,,,,,,,,,,ohlcv_backfill,minute,3.7799397514143816e-05,3.948700349365065e-05,2.1576142019464458e-05,2.491502700268236e-05,6122.293725513771,/home/runner/work/Solana-Memecoin-Analysis/Solana-Memecoin-Analysis/data/cache/2026-09-28/074314913637_ohlcv_b8494b5cd13c.json
2026-09-27T13:35:00+00:00,GZwsYYmc2a54HhX9ZGYTzo7LBChq1SSRDiV6RvvCBXzx,solana,PumpSwap,,,,,2026-09-27T13:25:31Z,3.7799397514143816e-05,,,,,,,,,,,,,,,,,,,ohlcv_backfill,minute,4.9215286397132066e-05,5.304537111094493e-05,3.3153642366756845e-05,3.7799397514143816e-05,8758.795387176884,/home/runner/work/Solana-Memecoin-Analysis/Solana-Memecoin-Analysis/data/cache/2026-09-28/074314913637_ohlcv_b8494b5cd13c.json
2026-09-27T13:30:00+00:00,GZwsYYmc2a54HhX9ZGYTzo7LBChq1SSRDiV6RvvCBXzx,solana,PumpSwap,,,,,2026-09-27T13:25:31Z,4.9215286397132066e-05,,,,,,,,,,,,,,,,,,,ohlcv_backfill,minute,5.077955833916402e-05,5.565390887832792e-05,4.228473460680821e-05,4.9215286397132066e-05,7532.610293162562,/home/runner/work/Solana-Memecoin-Analysis/Solana-Memecoin-Analysis/data/cache/2026-09-28/074314913637_ohlcv_b8494b5cd13c.json
2026-09-27T13:25:00+00:00,GZwsYYmc2a54HhX9ZGYTzo7LBChq1SSRDiV6RvvCBXzx,solana,PumpSwap,,,,,2026-09-27T13:25:31Z,5.077955833916402e-05,,,,,,,,,,,,,,,,,,,ohlcv_backfill,minute,4.8827122123908546e-05,6.412715823102659e-05,4.20078579743389e-05,5.077955833916402e-05,13227.672901919528,/home/runner/work/Solana-Memecoin-Analysis/Solana-Memecoin-Analysis/data/cache/2026-09-28/074314913637_ohlcv_b8494b5cd13c.json
2026-09-28T07:40:00+00:00,GLE7xAHyVCnhv2yiBqdNrWJHD6cMnTMQhEYrGPdvWkaw,solana,Pump.fun,,,,,2026-09-28T07:41:47Z,7.423350298466413e-09,,,,,,,,,,,,,,,,,,,ohlcv_backfill,minute,3.314518932816203e-06,5.0496066750915554e-06,4.384460969018411e-09,7.423350298466413e-09,613.9070174636468,/home/runner/work/Solana-Memecoin-Analysis/Solana-Memecoin-Analysis/data/cache/2026-09-28/074329855017_ohlcv_66f10664d6fe.json
2026-09-28T07:40:00+00:00,9AnmWcYmAXVmc2uFB38aPt7gioLmzZkB2qbY1dfStpHH,solana,Pump.fun,,,,,2026-09-28T07:41:46Z,5.4170673697189886e-06,,,,,,,,,,,,,,,,,,,ohlcv_backfill,minute,3.3190112577776757e-06,5.4170673697189886e-06,3.3190112577776757e-06,5.4170673697189886e-06,38.62135086719668,/home/runner/work/Solana-Memecoin-Analysis/Solana-Memecoin-Analysis/data/cache/2026-09-28/074337569447_ohlcv_49654c730693.json
2026-09-28T07:40:00+00:00,42K3pzTArPBitB4F1ALYQm2qoCoUJy9L8eX7gqy1mGgM,solana,Pump.fun,,,,,2026-09-28T07:41:26Z,1.6512828833543956e-06,,,,,,,,,,,,,,,,,,,ohlcv_backfill,minute,3.3150350941672006e-06,7.287548666638761e-06,1.5916213211446521e-06,1.6512828833543956e-06,184.48732091037576,/home/runner/work/Solana-Memecoin-Analysis/Solana-Memecoin-Analysis/data/cache/2026-09-28/074352484502_ohlcv_49950ac77e87.json
2026-09-28T07:40:00+00:00,4b1TJHJayTvtmiLGfZ87os7hQgRspGbp9f3SAAXARaqy,solana,Pump.fun,,,,,2026-09-28T07:41:24Z,3.4082825527865674e-06,,,,,,,,,,,,,,,,,,,ohlcv_backfill,minute,3.5862632586676625e-06,4.016550510291883e-06,3.4082825527865674e-06,3.4082825527865674e-06,811.9112817728764,/home/runner/work/Solana-Memecoin-Analysis/Solana-Memecoin-Analysis/data/cache/2026-09-28/074407379522_ohlcv_ac84ed9681c0.json
2026-09-28T07:40:00+00:00,3BKVYcJgqmzHRQCg3NgifEC77hQLczyZ8kmZyvwMwREb,solana,Meteora DAMM V2,,,,,2026-09-28T07:41:22Z,2.9288377403806637e-06,,,,,,,,,,,,,,,,,,,ohlcv_backfill,minute,2.9288377403806637e-06,2.9288377403806637e-06,2.9288377403806637e-06,2.9288377403806637e-06,0.5620994245685281,/home/runner/work/Solana-Memecoin-Analysis/Solana-Memecoin-Analysis/data/cache/2026-09-28/074414830347_ohlcv_a716267e24a3.json
2026-09-28T07:40:00+00:00,FkaYyJ7YUA8FpbQiZo6fH9iRBLGifRoaAafV5vJFBztA,solana,Pump.fun,,,,,2026-09-28T07:41:14Z,3.476855244094029e-06,,,,,,,,,,,,,,,,,,,ohlcv_backfill,minute,3.394960062529149e-06,3.7572984170004e-06,3.394960062529149e-06,3.476855244094029e-06,373.49327974402445,/home/runner/work/Solana-Memecoin-Analysis/Solana-Memecoin-Analysis/data/cache/2026-09-28/074429820616_ohlcv_e58d4003ee05.json
