request_timestamp_utc,pool_address,network,dex,base_token_address,base_token_symbol,quote_token_address,quote_token_symbol,pool_created_at,price_usd,fdv_usd,market_cap_usd,reserve_usd,volume_usd_m5,volume_usd_h1,volume_usd_h24,buys_m5,sells_m5,buyers_m5,sellers_m5,buys_h1,sells_h1,buyers_h1,sellers_h1,buys_h24,sells_h24,buyers_h24,sellers_h24,source,ohlcv_timeframe,ohlcv_open,ohlcv_high,ohlcv_low,ohlcv_close,ohlcv_volume,raw_cache_path
2026-09-23T01:51:21.128495+00:00,Q2sPHPdUWFMg7M7wwrQKLrn619cAucfRsmhVJffodSp,solana,Raydium,Dz9mQ9NzkBcCsuGPFJ3r1bS4wgqKMHBPiVuniW8Mbonk,USELESS,So11111111111111111111111111111111111111112,SOL,2025-05-10T14:23:18Z,0.34119872780856997,340884618.932338,341178379.397095,6284583.3671,11264.7929761641,100562.313073168,6219426.80242921,56,9,14,9,248,309,73,139,11975,11505,2622,3045,snapshot,,,,,,,/home/runner/work/Solana-Memecoin-Analysis/Solana-Memecoin-Analysis/data/cache/2026-09-23/015129255846_multi_pools_6413abddd365.json
2026-09-23T01:51:21.128495+00:00,GTHKH8s82ZR8GTSFZ1dUu6wfdxhy59wpMShxzG5zjiPm,solana,Orca,A7bdiYdS5GjqGFtxf17ppRHtDKPkkRqbKtR27dxvQXaS,ZEC,EPjFWdd5AufqSSqeM2qN1xzybapC8G4wEGGkZwyTDt1v,USDC,2025-10-24T00:47:07Z,1589.7379529627585,160163346.861715,160178112.422159,3015624.7868,26312.4256072265,329272.008685924,14534899.0923537,34,27,7,16,564,724,227,282,30310,29777,6905,7826,snapshot,,,,,,,/home/runner/work/Solana-Memecoin-Analysis/Solana-Memecoin-Analysis/data/cache/2026-09-23/015129255846_multi_pools_6413abddd365.json
2026-09-23T01:51:21.128495+00:00,4w2cysotX6czaUGmmWg13hDpY4QEMG2CzeKYEQyK9Ama,solana,PumpSwap,5UUH9RTDiSpq6HKS6bp4NdU9PNJpXRXuiw6ShBTBhgH2,TROLL,So11111111111111111111111111111111111111112,SOL,2025-04-20T18:30:26Z,0.05749031366091728,57418341.9013373,57418346.6024079,3768787.3374,3142.9516692858,60714.5606938426,1573590.12393104,8,15,7,13,250,145,114,116,3993,3697,1776,1821,snapshot,,,,,,,/home/runner/work/Solana-Memecoin-Analysis/Solana-Memecoin-Analysis/data/cache/2026-09-23/015129255846_multi_pools_6413abddd365.json
2026-09-23T01:51:21.128495+00:00,DZUF7qh38pfQ9qb4gfKh4qW7dn2C9s1asdiDxYXQpP7T,solana,Pump.fun,6e67b79muM59CF7axW6WwQodfjQeHLVuwrTNiwSGpump,MEMERS,So11111111111111111111111111111111111111112,SOL,2026-09-21T06:10:52Z,3.146152699e-06,3146.152699,,2637.1428,0.0,0.0,0.0,0,0,0,0,0,0,0,0,0,0,0,0,snapshot,,,,,,,/home/runner/work/Solana-Memecoin-Analysis/Solana-Memecoin-Analysis/data/cache/2026-09-23/015129255846_multi_pools_6413abddd365.json
2026-09-23T01:51:21.128495+00:00,CFTVxuqCt5Pt6mtsWhwpK7VkmEkRU9FSa5dVzKJZwcEP,solana,PumpSwap,AMR4jmVMB4mp4nrgr8rF7vMbYN32RBQ34rSbmUaSGnZY,HUNBIKN,So11111111111111111111111111111111111111112,SOL,2026-09-21T06:10:37Z,0.0001480490925,148049.0925,,8.577877158e-07,0.0,0.0,0.0,0,0,0,0,0,0,0,0,0,0,0,0,snapshot,,,,,,,/home/runner/work/Solana-Memecoin-Analysis/Solana-Memecoin-Analysis/data/cache/2026-09-23/015129255846_multi_pools_6413abddd365.json
2026-09-23T01:51:21.128495+00:00,CYmqRFN9RbmECCTkoRvAWtRW6mDz2hdyxo9CjCToGrWN,solana,Pump.fun,Adq8MPqb3GHL2Ld6m6Bx2KeRNmvWK62RL8QVcdbdpump,BCAT,So11111111111111111111111111111111111111112,SOL,2026-09-21T06:10:28Z,3.910939263e-06,3910.939263,,3227.2618,0.0,0.0,0.0,0,0,0,0,0,0,0,0,0,0,0,0,snapshot,,,,,,,/home/runner/work/Solana-Memecoin-Analysis/Solana-Memecoin-Analysis/data/cache/2026-09-23/015129255846_multi_pools_6413abddd365.json
2026-09-23T01:51:21.128495+00:00,54Vp27uLaw4wNLo5n7r4fcC6zLamoQc28xBARjss4EUJ,solana,Meteora,CWZ6BsdnjkDVTGkmL6bGbJXXig6ceef12KvyGQW14cMt,ANTFUN,Es9vMFrzaCERmJfrF4H2FYD4KCoNkY11McCe8BenwNYB,USDT,2026-07-10T04:29:57Z,0.01764420448230782,156557862.054529,33305906.0740504,18492428.874,10691.6297032892,135230.996911471,14474011.8146167,41,39,28,26,579,392,237,231,21681,13414,4788,4371,snapshot,,,,,,,/home/runner/work/Solana-Memecoin-Analysis/Solana-Memecoin-Analysis/data/cache/2026-09-23/015129255846_multi_pools_6413abddd365.json
2026-09-23T01:51:21.128495+00:00,A8F3bDC17pfoGqUZanM1wh68jnKCDRGWECRVPkiMhjGc,solana,PumpSwap,DUcjrSmisJATtaQY3K7LvKmCr357uWkjoSGRFnNEpump,FUKYEAH,So11111111111111111111111111111111111111112,SOL,2026-09-01T15:30:45Z,0.0001171537697008532,117153.7697,,33526.1607,0.0,0.0,180.1549619516,0,0,0,0,0,0,0,0,6,38,5,34,snapshot,,,,,,,/home/runner/work/Solana-Memecoin-Analysis/Solana-Memecoin-Analysis/data/cache/2026-09-23/015129255846_multi_pools_6413abddd365.json
2026-09-23T01:51:21.128495+00:00,7kXuEjAZ8xcH5G2XmKaUcMeraxvVVZndf7qryDiSW7o5,solana,PumpSwap,CDAC33JvozJ1UjxBMkvZgJcVXoxdH9iGxeBXUJdXpump,JEANJAK,So11111111111111111111111111111111111111112,SOL,2026-09-20T16:06:10Z,3.3730927825168623e-06,3344.2507819759,,3826.2538,0.0,6.1789348575,663.1890102375,0,0,0,0,4,1,4,1,18,25,14,21,snapshot,,,,,,,/home/runner/work/Solana-Memecoin-Analysis/Solana-Memecoin-Analysis/data/cache/2026-09-23/015129255846_multi_pools_6413abddd365.json
2026-09-23T01:51:21.128495+00:00,2uF4Xh61rDwxnG9woyxsVQP7zuA6kLFpb3NvnRQeoiSd,solana,PumpSwap,pumpCmXqMfrsAkQ5r49WcJnRayYRqmXz6ae8H7H9Dfn,PUMP,EPjFWdd5AufqSSqeM2qN1xzybapC8G4wEGGkZwyTDt1v,USDC,2025-07-14T16:55:54Z,0.004359936230683714,3647498977.30862,2046072257.52283,22915396.8334,51290.6706914054,225090.158505589,15091718.1553752,85,146,36,71,987,1088,480,528,64006,63182,14161,13643,snapshot,,,,,,,/home/runner/work/Solana-Memecoin-Analysis/Solana-Memecoin-Analysis/data/cache/2026-09-23/015129255846_multi_pools_6413abddd365.json
2026-09-23T01:51:21.128495+00:00,FnzKY6x7entQ1eR3D225dQyT7ybfka4PskBMQhb8L3CC,solana,PumpSwap,9cRCn9rGT8V2imeM2BaKs13yhMEais3ruM3rPvTGpump,ANSEM,So11111111111111111111111111111111111111112,SOL,2026-06-16T21:05:48Z,0.16809361793723307,167650237.21416,167650288.810781,2616371.4158,538.5075862884,123820.179916525,2546045.72093228,1,3,1,2,165,123,77,61,3954,4214,1237,1307,snapshot,,,,,,,/home/runner/work/Solana-Memecoin-Analysis/Solana-Memecoin-Analysis/data/cache/2026-09-23/015129255846_multi_pools_6413abddd365.json
2026-09-23T01:51:21.128495+00:00,4eqkszEHPm3LUiebdPuZcuPYmJs7ZffS7JpY9pYZw9Tt,solana,Pump.fun,Xx6FwiPRzg3cLprRysJuciERCA21TQDLMxNScn7pump,HANS,So11111111111111111111111111111111111111112,SOL,2026-09-21T12:46:03Z,3.102888e-07,620.5776,,256.7283,0.0,0.0,0.0,0,0,0,0,0,0,0,0,0,0,0,0,snapshot,,,,,,,/home/runner/work/Solana-Memecoin-Analysis/Solana-Memecoin-Analysis/data/cache/2026-09-23/015129255846_multi_pools_6413abddd365.json
2026-09-23T01:51:21.128495+00:00,5PrruTiPk5C86dSCP8BLDdtUZZsu6dqyJH4scReotnbv,solana,Meteora DAMM V2,AnoyszvFn9wcMHVonWcy8SjbD2oY3k7eEpXiXeZRijmQ,ZECPASS,So11111111111111111111111111111111111111112,SOL,2026-09-21T12:45:54Z,2.5931743854456475e-05,25931.7438759317,,6.91773012930159e-05,0.0,0.0,0.0,0,0,0,0,0,0,0,0,0,0,0,0,snapshot,,,,,,,/home/runner/work/Solana-Memecoin-Analysis/Solana-Memecoin-Analysis/data/cache/2026-09-23/015129255846_multi_pools_6413abddd365.json
2026-09-23T01:51:21.128495+00:00,9buyZva6vdNL5PSxkx25KHM5SrT5XipCC5fTNoyfSooz,solana,Pump.fun,FWzSeiHowXS4uTSZkcxiVEt3nLb61r8KXE9XPex8pump,$TWO,So11111111111111111111111111111111111111112,SOL,2026-09-21T12:45:27Z,3.362727091e-06,3362.727091,,2677.7706,0.0,0.0,0.0,0,0,0,0,0,0,0,0,0,0,0,0,snapshot,,,,,,,/home/runner/work/Solana-Memecoin-Analysis/Solana-Memecoin-Analysis/data/cache/2026-09-23/015129255846_multi_pools_6413abddd365.json
2026-09-23T01:51:21.128495+00:00,5xe56Apf9u5wF8ESA5aB97F6sEHxRNhy6c98LnSLpNfW,solana,Raydium Launchlab,3NJd5RV7TtBH58jzYhjKLcc2CUTdooAm2F1grxtcNaG9,Wonk.fun,So11111111111111111111111111111111111111112,SOL,2026-09-21T12:45:27Z,1.2112189343171975e-06,1211.218934,,1243.0679,0.0,0.0,0.0,0,0,0,0,0,0,0,0,0,0,0,0,snapshot,,,,,,,/home/runner/work/Solana-Memecoin-Analysis/Solana-Memecoin-Analysis/data/cache/2026-09-23/015129255846_multi_pools_6413abddd365.json
2026-09-23T01:51:21.128495+00:00,FdYPSUq2Zrw9vJXkA8uZFVNhNcCvUUuAcSWWVk6MZZhU,solana,PumpSwap,FvMLDEUDKUr9C34e8Nynz5Aqfdk34a2RBKQxygLpfomo,FAMILY,So11111111111111111111111111111111111111112,SOL,2026-09-21T12:36:53Z,6.952014646019975e-05,69520.14646,,26364.231,43.6101807184,5726.9377837287,262869.958018705,2,4,2,4,67,54,50,47,2816,2477,1103,1398,snapshot,,,,,,,/home/runner/work/Solana-Memecoin-Analysis/Solana-Memecoin-Analysis/data/cache/2026-09-23/015129255846_multi_pools_6413abddd365.json
2026-09-23T01:51:21.128495+00:00,987VwvJZ5FRjWCY9ZwC2tRUGL8FbMT1aF4pUrT7XjPjD,solana,Raydium (CLMM),CFNRDaxFcvRwRSNnA5cHrCCr6AHhk9dNkHWpRUjNupFL,RAYCAT,4k3Dyjzvzp8eMZWUXbBCjEvwSkkk59S5iCNLY3QrkX6R,RAY,2026-08-13T12:29:41Z,0.003893601227684993,3750152.64659189,3750223.7147705,448549.7573,1583.8955467344,37837.6186440445,810306.824700268,10,5,10,4,100,67,60,54,2366,1486,1075,888,snapshot,,,,,,,/home/runner/work/Solana-Memecoin-Analysis/Solana-Memecoin-Analysis/data/cache/2026-09-23/015129255846_multi_pools_6413abddd365.json
2026-09-23T01:51:21.128495+00:00,8k4GbJEM3nGHBq7pimMBRVHeKiVyTRFhhqMgAGDdALqU,solana,Pump.fun,FFThkz5Pcaj8UTjFb4gxLXuTthnzEqSNk1TEFMPcpump,DNS,EPjFWdd5AufqSSqeM2qN1xzybapC8G4wEGGkZwyTDt1v,USDC,2026-09-21T18:11:49Z,3.99308667506526e-06,3993.086675,,3204.4777,0.0,0.0,0.0,0,0,0,0,0,0,0,0,0,0,0,0,snapshot,,,,,,,/home/runner/work/Solana-Memecoin-Analysis/Solana-Memecoin-Analysis/data/cache/2026-09-23/015129255846_multi_pools_6413abddd365.json
2026-09-23T01:51:21.128495+00:00,3PB6PUJoz7PUMsBRE4U75kK4qyYRBb7Jf9TZraYQkeYV,solana,Pump.fun,q4kBj3UrcX4zA1LoMCcdVaodpLR31aD3qoWYv8Kpump,WASH,So11111111111111111111111111111111111111112,SOL,2026-09-21T18:11:13Z,3.349452210312158e-06,3482.643443,,2685.3336,0.0,0.0,0.0,0,0,0,0,0,0,0,0,0,0,0,0,snapshot,,,,,,,/home/runner/work/Solana-Memecoin-Analysis/Solana-Memecoin-Analysis/data/cache/2026-09-23/015129255846_multi_pools_6413abddd365.json
2026-09-23T01:51:21.128495+00:00,93ktdU2yHkvpfrevYaaJVP1mNPpDZkcGjL7E6JYgHiCe,solana,Pump.fun,EsDcuQ6y3oTjN76pbc5pFYofdBRp3NWfp1KY4Lvjpump,X7,So11111111111111111111111111111111111111112,SOL,2026-09-21T18:11:11Z,3.313964005358452e-06,3313.964005,,2634.3703,0.0,0.0,0.0,0,0,0,0,0,0,0,0,0,0,0,0,snapshot,,,,,,,/home/runner/work/Solana-Memecoin-Analysis/Solana-Memecoin-Analysis/data/cache/2026-09-23/015129255846_multi_pools_6413abddd365.json
2026-09-23T01:51:21.128495+00:00,9qhfjT9mkQXvKaewYnBPbrjqdWfaHChahHUTAQzHCVhW,solana,Pump.fun,Hd2tVcHbJMRFY3He6WcpYBtQtE7HFazU8932bUQBpump,$DZILLA,So11111111111111111111111111111111111111112,SOL,2026-09-21T18:11:06Z,3.2968814712694716e-06,3296.881471,,2653.9743,0.0,0.0,16.0496413743,0,0,0,0,0,0,0,0,0,2,0,1,snapshot,,,,,,,/home/runner/work/Solana-Memecoin-Analysis/Solana-Memecoin-Analysis/data/cache/2026-09-23/015129255846_multi_pools_6413abddd365.json
2026-09-23T01:51:21.128495+00:00,7LkLGUUwAASDy85V3YEogtkwdzDKEYFhADp41MXr6wZ,solana,PumpSwap,9DdHxVe1BSPaTy3iGEwvWsooRchNLK61XFAvzot59FwD,CLIP,So11111111111111111111111111111111111111112,SOL,2026-09-21T14:09:22Z,0.0003493849805950748,338053.641375132,338429.232191947,68416.6895,915.4899336906,23716.3835295918,1353380.52381177,8,8,8,5,162,167,123,95,8729,8433,2911,3395,snapshot,,,,,,,/home/runner/work/Solana-Memecoin-Analysis/Solana-Memecoin-Analysis/data/cache/2026-09-23/015129255846_multi_pools_6413abddd365.json
2026-09-23T01:51:21.128495+00:00,2RoczZJ3Q5YbiYGSFgpPnvZJ4V7QZkM6jwyp3AjWhQYB,solana,Raydium Launchlab,9hwoF7Kq54YrnUw7KBkpEsHbyUCfTAjvYZcZ6FjdCQkb,X,So11111111111111111111111111111111111111112,SOL,2026-09-21T21:58:58Z,7.015127800835393e-05,70151.27801,,69984.6851,0.0,0.0,0.0,0,0,0,0,0,0,0,0,0,0,0,0,snapshot,,,,,,,/home/runner/work/Solana-Memecoin-Analysis/Solana-Memecoin-Analysis/data/cache/2026-09-23/015129255846_multi_pools_6413abddd365.json
2026-09-23T01:51:21.128495+00:00,Ec3RqTXRRgv4whTE1PePMNgRH3ujL699v3GciX5BUY2s,solana,Meteora,CzLTZppPdZtTjyq3WGpHLstoc3GLhu7zH5Zg6xUa6Gv5,COPX,EPjFWdd5AufqSSqeM2qN1xzybapC8G4wEGGkZwyTDt1v,USDC,2026-09-21T21:58:57Z,89.17868230381112,1383615.52120209,,494.6361,0.0,0.0,59753.3991160368,0,0,0,0,0,0,0,0,1523,1766,926,1183,snapshot,,,,,,,/home/runner/work/Solana-Memecoin-Analysis/Solana-Memecoin-Analysis/data/cache/2026-09-23/015129255846_multi_pools_6413abddd365.json
2026-09-23T01:51:21.128495+00:00,DphpDdHUFkR3VzWD1n2CpGNidRg7yUm83hFRkMvRJvEC,solana,Pump.fun,4Yr1ju3fSRUb2cwBSpJgcykB6vWCgFAdE4ZMXaiVPhFv,AUTH,So11111111111111111111111111111111111111112,SOL,2026-09-21T21:58:35Z,3.3304690814722947e-06,3330.469081,,2633.0642,0.0,0.0,0.0,0,0,0,0,0,0,0,0,0,0,0,0,snapshot,,,,,,,/home/runner/work/Solana-Memecoin-Analysis/Solana-Memecoin-Analysis/data/cache/2026-09-23/015129255846_multi_pools_6413abddd365.json
2026-09-23T01:51:21.128495+00:00,9zRNk3B1JUXGmeGwkYQs1fFQEW6bBoBoEcYVCUpffycA,solana,Pump.fun,3A7GzV3MZs44KaJFkYaJXssF1JhrJmANFZ9UDLTe4ddY,AUTH,So11111111111111111111111111111111111111112,SOL,2026-09-21T21:58:34Z,3.3304657085513022e-06,3330.465709,,2633.0642,0.0,0.0,0.0,0,0,0,0,0,0,0,0,0,0,0,0,snapshot,,,,,,,/home/runner/work/Solana-Memecoin-Analysis/Solana-Memecoin-Analysis/data/cache/2026-09-23/015129255846_multi_pools_6413abddd365.json
2026-09-23T01:51:21.128495+00:00,BFbxjtNhWHpgpz37P7dqEDe4pu9zHq8iiDsbE6oM7QPk,solana,Pump.fun,34EpDKQq1uSHdQme7EARYgAbtkZKiLoWihvAbbTpZ2RE,MONET,So11111111111111111111111111111111111111112,SOL,2026-09-22T00:43:51Z,3.30338187e-06,3303.38187,,2632.898,0.0,0.0,0.0,0,0,0,0,0,0,0,0,0,0,0,0,snapshot,,,,,,,/home/runner/work/Solana-Memecoin-Analysis/Solana-Memecoin-Analysis/data/cache/2026-09-23/015129255846_multi_pools_6413abddd365.json
2026-09-23T01:51:21.128495+00:00,GFZtLpELpFg7Ns9xX6Zg1KXcAzTh41i2mtFVccwG2QBk,solana,Pump.fun,Amw3QgYbdcpwSXH6sAV35mgaBpXFzGnW5ZdrFYLoA9fe,MONET,So11111111111111111111111111111111111111112,SOL,2026-09-22T00:43:40Z,3.286688295e-06,3286.688295,,2632.898,0.0,0.0,0.0,0,0,0,0,0,0,0,0,0,0,0,0,snapshot,,,,,,,/home/runner/work/Solana-Memecoin-Analysis/Solana-Memecoin-Analysis/data/cache/2026-09-23/015129255846_multi_pools_6413abddd365.json
2026-09-23T01:51:21.128495+00:00,2WZidSjCd3wvQtRTYo4vvBVwxrmB2ZCNmRBFP5rRysaX,solana,Pump.fun,6zWvHQqph1LyKoEudbTdFberGzTSc9pDn1DgacVpump,PROMOTE,So11111111111111111111111111111111111111112,SOL,2026-09-22T00:43:40Z,3.2965157972056686e-06,3296.515797,,2633.5748,0.0,0.0,0.0,0,0,0,0,0,0,0,0,0,0,0,0,snapshot,,,,,,,/home/runner/work/Solana-Memecoin-Analysis/Solana-Memecoin-Analysis/data/cache/2026-09-23/015129255846_multi_pools_6413abddd365.json
2026-09-23T01:51:21.128495+00:00,4iPY4h2H9TpLfgkCb3p1V3Xw1aMbuA8GqAXrchYCLhgw,solana,Pump.fun,AJXsayDApZpHGbUHM9QcZFyYseJBH494Sv4H3me6pump,Dawg,So11111111111111111111111111111111111111112,SOL,2026-09-22T00:43:35Z,2.707744043318365e-09,5.415488086,,4.049,0.0,0.0,1.5454887352,0,0,0,0,0,0,0,0,0,10,0,10,snapshot,,,,,,,/home/runner/work/Solana-Memecoin-Analysis/Solana-Memecoin-Analysis/data/cache/2026-09-23/015129255846_multi_pools_6413abddd365.json
2026-09-23T01:51:21.128495+00:00,58oQChx4yWmvKdwLLZzBi4ChoCc2fqCUWBkwMihLYQo2,solana,Raydium,So11111111111111111111111111111111111111112,SOL,EPjFWdd5AufqSSqeM2qN1xzybapC8G4wEGGkZwyTDt1v,USDC,2022-04-28T09:46:08Z,117.98910162884302,1454468438.10444,1458110488.89817,42393210.1035,448914.732520212,2503540.03569318,69025074.1835456,3193,3690,1328,1247,18645,17321,4336,3954,466929,444189,42223,42841,snapshot,,,,,,,/home/runner/work/Solana-Memecoin-Analysis/Solana-Memecoin-Analysis/data/cache/2026-09-23/015136721990_multi_pools_1e63110e859f.json
2026-09-23T01:51:21.128495+00:00,zNdRuXfE2tU4hL37WpRq9NYaM4RkJL9kCHhGqPm3dWT,solana,PumpSwap,3s5WQHDu9dSPjt3fadT1PCJYCSUsc4iMHZyXDHq5AzF7,Run,So11111111111111111111111111111111111111112,SOL,2026-09-22T05:25:54Z,1.4237952786229006e-08,14.23795279,,0.00179102402294904,0.0,0.0,4725.1204291913,0,0,0,0,0,0,0,0,9434,21,2212,12,snapshot,,,,,,,/home/runner/work/Solana-Memecoin-Analysis/Solana-Memecoin-Analysis/data/cache/2026-09-23/015136721990_multi_pools_1e63110e859f.json
2026-09-23T01:51:21.128495+00:00,8kR6KbSdJGJVam9F2GNEHYC7qhV86wuVRkP7Vtt6hQ2W,solana,Pump.fun,Hky7ebVnQXr4m6k6wsFQd3wx4CtVKGmmMpGfywNXpump,ORANG,So11111111111111111111111111111111111111112,SOL,2026-09-22T05:25:53Z,3.2770648921328152e-06,3277.064892,,2637.327,0.0,0.0,6661.6582315712,0,0,0,0,0,0,0,0,35,35,34,34,snapshot,,,,,,,/home/runner/work/Solana-Memecoin-Analysis/Solana-Memecoin-Analysis/data/cache/2026-09-23/015136721990_multi_pools_1e63110e859f.json
2026-09-23T01:51:21.128495+00:00,HkCeJMnsKZY8CZA1o8HBkxBXUo29u3gbPfXaw728cDk,solana,Meteora DAMM V2,89VdwqRkPoNJRuoAT5q6wCLtyGxAHSaZdk3r1wHhpump,Ponk,So11111111111111111111111111111111111111112,SOL,2026-09-22T05:25:33Z,3.3082101711439685e-05,33082.10171,,9.3927718904871e-07,0.0,0.0,6.1397713031,0,0,0,0,0,0,0,0,19,11,11,4,snapshot,,,,,,,/home/runner/work/Solana-Memecoin-Analysis/Solana-Memecoin-Analysis/data/cache/2026-09-23/015136721990_multi_pools_1e63110e859f.json
2026-09-23T01:51:21.128495+00:00,C65rDFk4dfTRn1Y4F7P7MVBiFPF4CDqdx3UAfGtgVKpN,solana,Pump.fun,gqsSzS72R89e5izhDyvN5JjVKyQrEbwsCvBAagipump,KIRITO,So11111111111111111111111111111111111111112,SOL,2026-09-22T05:25:31Z,6.724446762e-07,1344.8893524,,553.8043,0.0,0.0,42.3679084496,0,0,0,0,0,0,0,0,10,12,3,2,snapshot,,,,,,,/home/runner/work/Solana-Memecoin-Analysis/Solana-Memecoin-Analysis/data/cache/2026-09-23/015136721990_multi_pools_1e63110e859f.json
2026-09-23T01:51:21.128495+00:00,HoaDBVcdSCUwB9EtTEDnQdpcKMwf8rfBXpwqHPuW3WHX,solana,Meteora DBC,9uzLzqykydz6f8ERtq2jffcrnH9nmBMg3VGJ7ZFH589r,$Nipple$,So11111111111111111111111111111111111111112,SOL,2026-09-22T05:25:22Z,9.078721758019028e-05,90786.2024667783,,88483.3296,0.0,0.0,9973.1992480924,0,0,0,0,0,0,0,0,381,415,144,122,snapshot,,,,,,,/home/runner/work/Solana-Memecoin-Analysis/Solana-Memecoin-Analysis/data/cache/2026-09-23/015136721990_multi_pools_1e63110e859f.json
2026-09-23T01:51:21.128495+00:00,5pR2mm6R6rpotEAgZp3qScD6aSqGwZ7nDdUzYHnb9Pfi,solana,Meteora DBC,3s5WQHDu9dSPjt3fadT1PCJYCSUsc4iMHZyXDHq5AzF7,Run,So11111111111111111111111111111111111111112,SOL,2026-09-22T05:25:21Z,1.1589409604364036e-10,0.115894096,,0.095,0.0,0.0,0.02309774591,0,0,0,0,0,0,0,0,1,0,1,0,snapshot,,,,,,,/home/runner/work/Solana-Memecoin-Analysis/Solana-Memecoin-Analysis/data/cache/2026-09-23/015136721990_multi_pools_1e63110e859f.json
2026-09-23T01:51:21.128495+00:00,41rzTMB7JHPTyMXzrYwdqnBecJRhkb8KHYAjrQ9cYxJx,solana,PumpSwap,CbyTNf7UPzvewHh4Zp6umogM2RWahhmGRJWLJnPwpump,biketyson,So11111111111111111111111111111111111111112,SOL,2026-09-03T16:16:10Z,0.002447697190483549,2447697.19,,221636.4273,8273.932172174,81079.5956651648,1274611.17215934,14,67,8,51,363,283,229,171,4698,4289,1814,1695,snapshot,,,,,,,/home/runner/work/Solana-Memecoin-Analysis/Solana-Memecoin-Analysis/data/cache/2026-09-23/015136721990_multi_pools_1e63110e859f.json
2026-09-23T01:51:21.128495+00:00,Nx9dcwNs3iJxM5YAxshMHE4aYJHdDyyGMhVcmaSgfu8,solana,PumpSwap,A13oRB9FFaiUjfi6LdCg6p9ka1u8SfGkUFs4SKvPpump,TOAD,So11111111111111111111111111111111111111112,SOL,2026-08-08T13:59:17Z,0.002004611200618302,1925530.07559545,1925530.07559691,292892.8018,1257.5845267651,2457.0812693404,173228.792816256,4,0,3,0,15,23,13,21,937,687,409,452,snapshot,,,,,,,/home/runner/work/Solana-Memecoin-Analysis/Solana-Memecoin-Analysis/data/cache/2026-09-23/015136721990_multi_pools_1e63110e859f.json
2026-09-23T01:51:21.128495+00:00,3ekdwsfFGJfL6QL7hGEuqMdABFppdZpNKDgPzfxh76Qu,solana,Meteora DAMM V2,9JQQpjqdHaey8MCbzNYCnzEYoJRb8nrkJd8QLoviRRN1,INUINU,So11111111111111111111111111111111111111112,SOL,2026-09-22T10:12:37Z,4.900093840484773e-10,0.4900093691,,0.8549,0.0,0.0,0.7039406411,0,0,0,0,0,0,0,0,12,6,11,6,snapshot,,,,,,,/home/runner/work/Solana-Memecoin-Analysis/Solana-Memecoin-Analysis/data/cache/2026-09-23/015136721990_multi_pools_1e63110e859f.json
2026-09-23T01:51:21.128495+00:00,7pLfvuZyQrMMEMHNN4AsvGi1LoNXqTn2fcrhqWHdxeQ5,solana,Pump.fun,AbHs5J1TnmC22dZygdzEgiiBwn8UrigpZCrq5zB8pump,Bigboy,So11111111111111111111111111111111111111112,SOL,2026-09-22T10:12:34Z,3.3304695907039866e-06,3330.469591,,2679.6579,0.0,0.0,124.5147014575,0,0,0,0,0,0,0,0,2,1,1,1,snapshot,,,,,,,/home/runner/work/Solana-Memecoin-Analysis/Solana-Memecoin-Analysis/data/cache/2026-09-23/015136721990_multi_pools_1e63110e859f.json
2026-09-23T01:51:21.128495+00:00,4H2K8HcVprzZF8JSCXgs16KLtKgLau7o9dTjRawkRR9F,solana,Pump.fun,5ixNK1g7aBvtwmWTuBhDuPVzM2Hpk8ZqgK7tZm1Nzuhr,SAVE WALLETS,So11111111111111111111111111111111111111112,SOL,2026-09-22T10:12:34Z,3.3003676812253368e-06,3300.367681,,2657.8928,0.0,0.0,504.9442612948,0,0,0,0,0,0,0,0,3,6,3,3,snapshot,,,,,,,/home/runner/work/Solana-Memecoin-Analysis/Solana-Memecoin-Analysis/data/cache/2026-09-23/015136721990_multi_pools_1e63110e859f.json
2026-09-23T01:51:21.128495+00:00,8XhfGmBGdXkU8jM1DEcu5zaaURuWDWcVSiJ1oUBSLTaf,solana,Pump.fun,GAU5b1G79VKoq7aD3pwztYZ3rUBRUCQg7g6iy2gWkryx,SAVE WALLETS,So11111111111111111111111111111111111111112,SOL,2026-09-22T10:12:31Z,3.319898207481622e-06,3319.898207,,2674.6114,0.0,0.0,1219.6797152747,0,0,0,0,0,0,0,0,5,9,5,5,snapshot,,,,,,,/home/runner/work/Solana-Memecoin-Analysis/Solana-Memecoin-Analysis/data/cache/2026-09-23/015136721990_multi_pools_1e63110e859f.json
2026-09-23T01:51:21.128495+00:00,9e8TRAHp5LKdnUMNVifhtm2wUt2h2w3xonbERcSVnz9W,solana,Meteora DBC,A3tCj3JBFpifq3WvuDmw3HiP9fiNDzzrMns5CHtRg8Rn,WATER,So11111111111111111111111111111111111111112,SOL,2026-09-22T10:12:23Z,1.8935041689962596e-08,18.93504169,,0.0,0.0,0.0,11.6877924062,0,0,0,0,0,0,0,0,2,0,2,0,snapshot,,,,,,,/home/runner/work/Solana-Memecoin-Analysis/Solana-Memecoin-Analysis/data/cache/2026-09-23/015136721990_multi_pools_1e63110e859f.json
2026-09-23T01:51:21.128495+00:00,AUhwiutCS4oymCfppiKznpS2pLEcCRQkJcqyo2Qy1Gda,solana,Meteora DAMM V2,BCkeXxhgsSyWCx5si45HGURDtmdzXkwwn7AYHYzzVS1B,Memo,So11111111111111111111111111111111111111112,SOL,2026-09-22T10:12:15Z,6.386223465149506e-10,0.6386223215,,1.128,0.0,0.0,147.8027858874,0,0,0,0,0,0,0,0,11,6,9,6,snapshot,,,,,,,/home/runner/work/Solana-Memecoin-Analysis/Solana-Memecoin-Analysis/data/cache/2026-09-23/015136721990_multi_pools_1e63110e859f.json
2026-09-23T01:51:21.128495+00:00,4kJEwCpiGtvFRxm1RKYExsFCm1CsB8RwnUQv3LCQs5YG,solana,PumpSwap,MboMMGXjGDi45hfjCVzYru32kEM5nw7VzCqCofZpump,KCAT,So11111111111111111111111111111111111111112,SOL,2026-09-22T10:22:55Z,0.00016747053164249627,167470.531599999,,38836.6424,3003.6401498521,54790.6318910786,2647312.84960796,24,16,19,13,348,318,208,222,22468,16884,6717,6100,snapshot,,,,,,,/home/runner/work/Solana-Memecoin-Analysis/Solana-Memecoin-Analysis/data/cache/2026-09-23/015136721990_multi_pools_1e63110e859f.json
2026-09-23T01:51:21.128495+00:00,5zpyutJu9ee6jFymDGoK7F6S5Kczqtc9FomP3ueKuyA9,solana,Orca,DezXAZ8z7PnrnRJjz3wXBoRgixCa6xjnB7YaB1pPB263,Bonk,So11111111111111111111111111111111111111112,SOL,2023-07-05T14:41:09Z,3.7018072629223627e-06,325738287.327101,325738287.641252,353686.7798,9319.9544021324,98336.0305316621,3195662.55244294,166,87,74,42,1066,1800,383,505,32933,31695,7859,7638,snapshot,,,,,,,/home/runner/work/Solana-Memecoin-Analysis/Solana-Memecoin-Analysis/data/cache/2026-09-23/015136721990_multi_pools_1e63110e859f.json
2026-09-23T01:51:21.128495+00:00,42Dk3F5jkL4Wbma8rEoJVqhETRJjLjaLupA2eJ7w2Y9t,solana,Raydium Launchlab,73QptfG6XHGS9VEwDhpSrVhpKaPGK4aCEae3mfZHthor,PEG,EPjFWdd5AufqSSqeM2qN1xzybapC8G4wEGGkZwyTDt1v,USDC,2026-09-22T14:48:18Z,3.310127373078274e-06,3310.127373,,3377.5534,0.0,0.0,4531.0770210347,0,0,0,0,0,0,0,0,27,31,24,26,snapshot,,,,,,,/home/runner/work/Solana-Memecoin-Analysis/Solana-Memecoin-Analysis/data/cache/2026-09-23/015136721990_multi_pools_1e63110e859f.json
2026-09-23T01:51:21.128495+00:00,C7LBgGg2vXtwtJZ59wQyHQNsz9h4SzM3i2yzbZitDKFm,solana,Pump.fun,FtGaFQqentQdLW9Wu5aodHtzBWjFFdZ79bBxNcvvpump,ENDERCOIN,So11111111111111111111111111111111111111112,SOL,2026-09-22T14:47:17Z,3.255579655281386e-06,3255.579655,,2635.154,0.0,0.0,11.5203146507,0,0,0,0,0,0,0,0,1,2,1,1,snapshot,,,,,,,/home/runner/work/Solana-Memecoin-Analysis/Solana-Memecoin-Analysis/data/cache/2026-09-23/015136721990_multi_pools_1e63110e859f.json
2026-09-23T01:51:21.128495+00:00,CSFheo3DiMwHRJGBrMm8PgUUcMK86CZadtYZT8tYMDrg,solana,Pump.fun,FvhzFga27SPzgLYTkoH2SMBRoHaeWLZER9i1fS55pump,$Grok,So11111111111111111111111111111111111111112,SOL,2026-09-22T14:47:12Z,1.4095361123574286e-06,2819.072224,,1138.2555,0.0,0.0,533.536144429,0,0,0,0,0,0,0,0,25,27,6,6,snapshot,,,,,,,/home/runner/work/Solana-Memecoin-Analysis/Solana-Memecoin-Analysis/data/cache/2026-09-23/015136721990_multi_pools_1e63110e859f.json
2026-09-23T01:51:21.128495+00:00,9HyJdBi7v5fRW1pNQKWB3av3KCXN3ivzYPK2cRX6ZZ2J,solana,Pump.fun,CQYQwzBrhgrYMUwaxJ1o61JwJEUZDw7Cq8i6yictpump,wind,So11111111111111111111111111111111111111112,SOL,2026-09-22T14:47:10Z,1.2167246125382355e-06,2433.449226,,982.6109,0.0,0.0,62.6502545049,0,0,0,0,0,0,0,0,11,13,4,4,snapshot,,,,,,,/home/runner/work/Solana-Memecoin-Analysis/Solana-Memecoin-Analysis/data/cache/2026-09-23/015136721990_multi_pools_1e63110e859f.json
2026-09-23T01:51:21.128495+00:00,9u4NzYtZKS1kxLjAp4XHDd4G5KzJfcq6C3WWEAn7z7FW,solana,Raydium Launchlab,8qDBL2NZvSxpaxutgASacgZaXEu3YaUVnAbqh9U81VPb,ASSET,EPjFWdd5AufqSSqeM2qN1xzybapC8G4wEGGkZwyTDt1v,USDC,2026-09-22T14:47:08Z,4.818689543195642e-05,48186.89543,,0.0,0.0,0.0,112108.734199163,0,0,0,0,0,0,0,0,947,793,614,467,snapshot,,,,,,,/home/runner/work/Solana-Memecoin-Analysis/Solana-Memecoin-Analysis/data/cache/2026-09-23/015136721990_multi_pools_1e63110e859f.json
2026-09-23T01:51:21.128495+00:00,HdiUXnAwQkLBwdFpSh3gUKM1cM5QAC1G39nM1RGVwGrn,solana,PumpSwap,BLSuVTxKYDL4vm4XmG3oEJfsSGfJZF3cgy98ri68pump,CATEWALK,So11111111111111111111111111111111111111112,SOL,2026-09-22T03:00:50Z,0.00013775289925187735,137014.482874485,,36498.2138,8780.5435404467,98116.0720174774,5160560.68486973,607,57,65,32,6832,699,671,329,160374,70763,19561,7252,snapshot,,,,,,,/home/runner/work/Solana-Memecoin-Analysis/Solana-Memecoin-Analysis/data/cache/2026-09-23/015136721990_multi_pools_1e63110e859f.json
2026-09-23T01:51:21.128495+00:00,B4VFURUHHzyt8YzBGBV9jiarBvjh1EbMAbRNBnNqaxUD,solana,Raydium,DEW9dSN6QpWyNthphCpMmAbZP1Q4cEKR9xQXAri98WDP,SI,Xsc9qvGR1efVDFGLrVsmkzv3qi45LTBjeUKSPmx9qEh,NVDAx,2026-09-21T15:45:01Z,0.0029337990986422788,2933799.099,,204454.4139,2210.8767147139,61340.1634149973,9705397.61426732,8,13,8,13,250,178,178,140,26464,23256,9063,7326,snapshot,,,,,,,/home/runner/work/Solana-Memecoin-Analysis/Solana-Memecoin-Analysis/data/cache/2026-09-23/015136721990_multi_pools_1e63110e859f.json
2026-09-23T01:51:21.128495+00:00,Dus72q7qfgjEfQQZJfvhdca6L7Un9KpLh6CHU1QnW4eH,solana,Meteora DAMM V2,5xoc1q4bP58k7KH75PXqogtCtiwHmgsfNwXSMoQvQVnU,GIT,So11111111111111111111111111111111111111112,SOL,2026-09-22T18:27:55Z,3.08135037983769e-05,410129.707683169,,0.000181545815264086,0.0,0.0,0.3666071211,0,0,0,0,0,0,0,0,21,9,11,5,snapshot,,,,,,,/home/runner/work/Solana-Memecoin-Analysis/Solana-Memecoin-Analysis/data/cache/2026-09-23/015136721990_multi_pools_1e63110e859f.json
2026-09-23T01:51:21.128495+00:00,DBJXvTU6kVh5cJuDPqmgJGigMmeVL1zj3GrB8mvYEUsn,solana,Pump.fun,2R6sPBXnS95B8VLNB5E2WNoxB5botL7Heww8xYESpump,Bonnie,So11111111111111111111111111111111111111112,SOL,2026-09-22T18:27:09Z,3.2933986500108836e-06,3293.39865,,2633.4204,0.0,0.0,648.2533564293,0,0,0,0,0,0,0,0,8,6,5,5,snapshot,,,,,,,/home/runner/work/Solana-Memecoin-Analysis/Solana-Memecoin-Analysis/data/cache/2026-09-23/015136721990_multi_pools_1e63110e859f.json
2026-09-23T01:51:21.128495+00:00,F4EuQaEXxeLwhW5frfVErLgWL8KZHaoMLc4yJG2GdSR9,solana,Meteora DAMM V2,4EzYJcjd1mK5xjTbFjVvqahz2FmM2VCRQaPTJkvwc3FF,VIRTUAL,So11111111111111111111111111111111111111112,SOL,2026-09-22T18:27:01Z,6.230341595642724e-10,0.6230341452,,0.8549,0.0,0.0,142.1264033363,0,0,0,0,0,0,0,0,13,5,10,5,snapshot,,,,,,,/home/runner/work/Solana-Memecoin-Analysis/Solana-Memecoin-Analysis/data/cache/2026-09-23/015136721990_multi_pools_1e63110e859f.json
2026-09-23T01:51:21.128495+00:00,BodaxQWdFv6gVKd59LWdCgxByJuXKjJXVbjbzdsWrUmV,solana,Pump.fun,Fwu7WdH8gQqtsoDm1kgESkCd8QZhyBTTeWVhooKzpump,SHUSHDOG,So11111111111111111111111111111111111111112,SOL,2026-09-22T21:35:03Z,3.302047729525455e-06,3302.04773,,2651.8964,0.0,0.0,3525.6137852099,0,0,0,0,0,0,0,0,9,5,5,4,snapshot,,,,,,,/home/runner/work/Solana-Memecoin-Analysis/Solana-Memecoin-Analysis/data/cache/2026-09-23/015136721990_multi_pools_1e63110e859f.json
2026-09-23T01:51:21.128495+00:00,6ZoMNvEnQ1G4cQC5YyCfJVfze4ZRFUKiAeWT5kpThijW,solana,Pump.fun,WJmawrAyNNZZG7eT3fjhZ2QhjUueeGXwfqiQhTjpump,IGUA,So11111111111111111111111111111111111111112,SOL,2026-09-22T21:34:58Z,3.3054728759049432e-06,3305.472876,,2634.8809,0.0,0.0,5.1301039169,0,0,0,0,0,0,0,0,1,1,1,1,snapshot,,,,,,,/home/runner/work/Solana-Memecoin-Analysis/Solana-Memecoin-Analysis/data/cache/2026-09-23/015136721990_multi_pools_1e63110e859f.json
2026-09-23T01:51:21.128495+00:00,FatFS3TxcnKrje5RvLRU5BShWCosGebhQHNT3zdmquXg,solana,Pump.fun,GNcbQr8J3dFWZoJeRiZ2bcBh93mSZjNWhV2PLfsYVvoX,CRUH,So11111111111111111111111111111111111111112,SOL,2026-09-22T23:47:08Z,4.937040024304618e-07,987.4080048,,498.1678,0.0,0.0,17775.4834274582,0,0,0,0,0,0,0,0,81,60,16,17,snapshot,,,,,,,/home/runner/work/Solana-Memecoin-Analysis/Solana-Memecoin-Analysis/data/cache/2026-09-23/015136721990_multi_pools_1e63110e859f.json
2026-09-23T01:51:21.128495+00:00,Hpt84dm7AfpUuiFbZpK5KJMHBLxbbQSMjpuWRvX1j1PG,solana,PumpSwap,4jRg4s3cQRELT7BBKPZVrWwsemxgWhQZCGQjYzR6pump,Pelusa,So11111111111111111111111111111111111111112,SOL,2026-09-22T23:47:07Z,3.0771964768950198e-06,2865.7432640098,,3232.4479,0.0,92.6752677443,255652.664783868,0,0,0,0,0,3,0,3,1122,985,686,468,snapshot,,,,,,,/home/runner/work/Solana-Memecoin-Analysis/Solana-Memecoin-Analysis/data/cache/2026-09-23/015144006413_multi_pools_d0b07f5747a7.json
2026-09-23T01:51:21.128495+00:00,HQ4nJuzAdad67fzknaArAsJXrKtgkF2sozuqACyujgxJ,solana,Pump.fun,8tApLdn91LBbXaf4tz2tHoJ4Abyf5CBxh4W2wzrBpump,POKEDEX,So11111111111111111111111111111111111111112,SOL,2026-09-22T23:46:55Z,3.3157569498670662e-06,3315.75695,,2634.4332,0.0,0.0,2879.7908649432,0,0,0,0,0,0,0,0,16,19,16,16,snapshot,,,,,,,/home/runner/work/Solana-Memecoin-Analysis/Solana-Memecoin-Analysis/data/cache/2026-09-23/015144006413_multi_pools_d0b07f5747a7.json
2026-09-23T01:51:21.128495+00:00,Eb6Ws2zYMALyYQ7q3CL4G7dPf8ACdTsQThFEBEL1bKCy,solana,PumpSwap,ETXRPpMJgx9y3ocVFG5fNRdgH3J26QoXQSU9kwN7y2t8,MRB,So11111111111111111111111111111111111111112,SOL,2026-09-22T23:46:46Z,0.00017558717202007117,175587.172,,9.28986969302162e-07,0.0,0.0,8929.8133990865,0,0,0,0,0,0,0,0,1818,58,1167,53,snapshot,,,,,,,/home/runner/work/Solana-Memecoin-Analysis/Solana-Memecoin-Analysis/data/cache/2026-09-23/015144006413_multi_pools_d0b07f5747a7.json
2026-09-23T01:51:21.128495+00:00,DA4pM4xSDY4M9V4CgAKKBVH1pw1yscTQQa5nEkGHuKpt,solana,PumpSwap,MukLDtJ8Cx9DxLbeyLRSWPSposTMWuwHANbuaudpump,OTC,So11111111111111111111111111111111111111112,SOL,2026-08-28T13:33:11Z,0.0123609613336481,8588049.32410561,8590940.34492068,650256.1058,4470.1755294293,208027.879930588,3413589.7932913,335,119,212,89,1986,949,1128,640,23314,12474,11882,5887,snapshot,,,,,,,/home/runner/work/Solana-Memecoin-Analysis/Solana-Memecoin-Analysis/data/cache/2026-09-23/015144006413_multi_pools_d0b07f5747a7.json
2026-09-23T01:51:21.128495+00:00,4iVHkn5WhmGwrKb2fYFNPnTkqhwYTEEezvsju9YEBY76,solana,Meteora,4MMQY9bwkxxTtsK3W227Q5ABT6yFY8Pmn9Ze7wmAXKY8,ALLINU,So11111111111111111111111111111111111111112,SOL,2026-09-11T20:56:40Z,0.01005463501953642,10015549.9825253,10016496.5036109,494322.7423,4973.4749254067,126349.260654308,3557222.59480938,7,3,5,3,146,90,88,53,3879,2157,1399,941,snapshot,,,,,,,/home/runner/work/Solana-Memecoin-Analysis/Solana-Memecoin-Analysis/data/cache/2026-09-23/015144006413_multi_pools_d0b07f5747a7.json
2026-09-23T01:51:21.128495+00:00,6HAzRJ6TGxLs3m7ybzq2cjbNcKwbKgd69kjc1eKT4hkF,solana,Meteora DAMM V2,9kCiwJuss6k1Ehd3L1rGrk25B4iZnVMSAMaNKSp5W97d,CHILLPHILL,So11111111111111111111111111111111111111112,SOL,2026-09-23T01:50:01Z,5.8770213548917076e-05,58433.62139,,2586.14850580917,88.1315172306,88.1315172306,88.1315172306,8,6,8,6,8,6,8,6,8,6,8,6,snapshot,,,,,,,/home/runner/work/Solana-Memecoin-Analysis/Solana-Memecoin-Analysis/data/cache/2026-09-23/015144006413_multi_pools_d0b07f5747a7.json
2026-09-23T01:51:21.128495+00:00,55Rs11dgHcsSHzkTANyN8DXQArKjwe3CLwTG2UbxwsoZ,solana,Pump.fun,Cbt6TvqAPP5ibnrx2KgfcyomSdhA2QBZdHwcM8UApump,trench,So11111111111111111111111111111111111111112,SOL,2026-09-23T01:49:49Z,2.9530110642967587e-06,5906.022128,,2322.7784,425.569749084,425.569749084,425.569749084,17,9,8,1,17,9,8,1,17,9,8,1,snapshot,,,,,,,/home/runner/work/Solana-Memecoin-Analysis/Solana-Memecoin-Analysis/data/cache/2026-09-23/015144006413_multi_pools_d0b07f5747a7.json
2026-09-23T01:51:21.128495+00:00,6wdmsooo7WwcqSRhZAEsvtuEbdr5YjpcTM97Gg8mL9iy,solana,Meteora DAMM V2,DpHfXmbiPiqcA8agUnzEttFQg968xxhYBsvUivQbmoyp,CI,So11111111111111111111111111111111111111112,SOL,2026-09-23T01:49:41Z,6.739549021031647e-05,67395.49021,,19.7018366518032,0.02599052456,0.02599052456,0.02599052456,1,0,1,0,1,0,1,0,1,0,1,0,snapshot,,,,,,,/home/runner/work/Solana-Memecoin-Analysis/Solana-Memecoin-Analysis/data/cache/2026-09-23/015144006413_multi_pools_d0b07f5747a7.json
2026-09-23T01:51:21.128495+00:00,5Z7F8pnDt34GFpSha95gBMvfbKqpLxbFy3j4UAzJHrmx,solana,Meteora DBC,5BCJqtHp1kevkABHCJuPjypJRqinwKePHTs27jEWDXBo,CI,So11111111111111111111111111111111111111112,SOL,2026-09-23T01:49:35Z,3.1905345104363516e-05,31877.20585,,30898.5062139894,950.9330408825,950.9330408825,950.9330408825,4,0,4,0,4,0,4,0,4,0,4,0,snapshot,,,,,,,/home/runner/work/Solana-Memecoin-Analysis/Solana-Memecoin-Analysis/data/cache/2026-09-23/015144006413_multi_pools_d0b07f5747a7.json
2026-09-23T01:51:21.128495+00:00,DkM45P8NbU7ufLUQ6mjZn2wCVw7b7fks22LUZr4QMaKu,solana,PumpSwap,Ahvxo4omASYbxvvd39QgXZzru3hHPWPukFGFtQZppump,VSOF,So11111111111111111111111111111111111111112,SOL,2026-09-23T01:49:26Z,0.030292600253854267,30140621.6759799,,498400.9245,240663.979517381,240663.979517381,240663.979517381,165,129,163,72,165,129,163,72,165,129,163,72,snapshot,,,,,,,/home/runner/work/Solana-Memecoin-Analysis/Solana-Memecoin-Analysis/data/cache/2026-09-23/015144006413_multi_pools_d0b07f5747a7.json
2026-09-23T01:50:00+00:00,DA4pM4xSDY4M9V4CgAKKBVH1pw1yscTQQa5nEkGHuKpt,solana,PumpSwap,,,,,2026-08-28T13:33:11Z,0.0123609613336481,,,,,,,,,,,,,,,,,,,ohlcv_backfill,minute,0.012362494649514777,0.012362494649514777,0.012280178770107125,0.0123609613336481,0.06471540105889556,/home/runner/work/Solana-Memecoin-Analysis/Solana-Memecoin-Analysis/data/cache/2026-09-23/015151544129_ohlcv_fa059d9eed6a.json
2026-09-23T01:45:00+00:00,DA4pM4xSDY4M9V4CgAKKBVH1pw1yscTQQa5nEkGHuKpt,solana,PumpSwap,,,,,2026-08-28T13:33:11Z,0.012362494649514777,,,,,,,,,,,,,,,,,,,ohlcv_backfill,minute,0.012402584301489812,0.012510398679799648,0.012268236476923189,0.012362494649514777,4470.1108140282,/home/runner/work/Solana-Memecoin-Analysis/Solana-Memecoin-Analysis/data/cache/2026-09-23/015151544129_ohlcv_fa059d9eed6a.json
2026-09-23T01:40:00+00:00,DA4pM4xSDY4M9V4CgAKKBVH1pw1yscTQQa5nEkGHuKpt,solana,PumpSwap,,,,,2026-08-28T13:33:11Z,0.012402584301489812,,,,,,,,,,,,,,,,,,,ohlcv_backfill,minute,0.012813447981241005,0.012817317754433897,0.012110405686094651,0.012402584301489812,23169.496241088404,/home/runner/work/Solana-Memecoin-Analysis/Solana-Memecoin-Analysis/data/cache/2026-09-23/015151544129_ohlcv_fa059d9eed6a.json
2026-09-23T01:35:00+00:00,DA4pM4xSDY4M9V4CgAKKBVH1pw1yscTQQa5nEkGHuKpt,solana,PumpSwap,,,,,2026-08-28T13:33:11Z,0.012813447981241005,,,,,,,,,,,,,,,,,,,ohlcv_backfill,minute,0.012945155133555803,0.013143421258016512,0.012732294118791669,0.012813447981241005,9872.786888405251,/home/runner/work/Solana-Memecoin-Analysis/Solana-Memecoin-Analysis/data/cache/2026-09-23/015151544129_ohlcv_fa059d9eed6a.json
2026-09-23T01:30:00+00:00,DA4pM4xSDY4M9V4CgAKKBVH1pw1yscTQQa5nEkGHuKpt,solana,PumpSwap,,,,,2026-08-28T13:33:11Z,0.012945155133555803,,,,,,,,,,,,,,,,,,,ohlcv_backfill,minute,0.013100352251287438,0.013100352251287438,0.012935725713041706,0.012945155133555803,3825.1414534848013,/home/runner/work/Solana-Memecoin-Analysis/Solana-Memecoin-Analysis/data/cache/2026-09-23/015151544129_ohlcv_fa059d9eed6a.json
2026-09-23T01:25:00+00:00,DA4pM4xSDY4M9V4CgAKKBVH1pw1yscTQQa5nEkGHuKpt,solana,PumpSwap,,,,,2026-08-28T13:33:11Z,0.013100352251287438,,,,,,,,,,,,,,,,,,,ohlcv_backfill,minute,0.013829674198887146,0.013921533674229176,0.012972996366254213,0.013100352251287438,20487.62134717048,/home/runner/work/Solana-Memecoin-Analysis/Solana-Memecoin-Analysis/data/cache/2026-09-23/015151544129_ohlcv_fa059d9eed6a.json
2026-09-23T01:20:00+00:00,DA4pM4xSDY4M9V4CgAKKBVH1pw1yscTQQa5nEkGHuKpt,solana,PumpSwap,,,,,2026-08-28T13:33:11Z,0.013829674198887146,,,,,,,,,,,,,,,,,,,ohlcv_backfill,minute,0.013889482145585288,0.013976234215252695,0.01378864101309746,0.013829674198887146,4531.987217740856,/home/runner/work/Solana-Memecoin-Analysis/Solana-Memecoin-Analysis/data/cache/2026-09-23/015151544129_ohlcv_fa059d9eed6a.json
2026-09-23T01:15:00+00:00,DA4pM4xSDY4M9V4CgAKKBVH1pw1yscTQQa5nEkGHuKpt,solana,PumpSwap,,,,,2026-08-28T13:33:11Z,0.013889482145585288,,,,,,,,,,,,,,,,,,,ohlcv_backfill,minute,0.014121565638518163,0.014121565638518163,0.013854204159034952,0.013889482145585288,4963.238200281146,/home/runner/work/Solana-Memecoin-Analysis/Solana-Memecoin-Analysis/data/cache/2026-09-23/015151544129_ohlcv_fa059d9eed6a.json
2026-09-23T01:10:00+00:00,DA4pM4xSDY4M9V4CgAKKBVH1pw1yscTQQa5nEkGHuKpt,solana,PumpSwap,,,,,2026-08-28T13:33:11Z,0.014121565638518163,,,,,,,,,,,,,,,,,,,ohlcv_backfill,minute,0.014209081446370352,0.014409120561115691,0.014112768621343063,0.014121565638518163,7449.757857928076,/home/runner/work/Solana-Memecoin-Analysis/Solana-Memecoin-Analysis/data/cache/2026-09-23/015151544129_ohlcv_fa059d9eed6a.json
2026-09-23T01:05:00+00:00,DA4pM4xSDY4M9V4CgAKKBVH1pw1yscTQQa5nEkGHuKpt,solana,PumpSwap,,,,,2026-08-28T13:33:11Z,0.014209081446370352,,,,,,,,,,,,,,,,,,,ohlcv_backfill,minute,0.014914858564761881,0.015175285126535471,0.014159396928041974,0.014209081446370352,34398.79000225478,/home/runner/work/Solana-Memecoin-Analysis/Solana-Memecoin-Analysis/data/cache/2026-09-23/015151544129_ohlcv_fa059d9eed6a.json
2026-09-23T01:00:00+00:00,DA4pM4xSDY4M9V4CgAKKBVH1pw1yscTQQa5nEkGHuKpt,solana,PumpSwap,,,,,2026-08-28T13:33:11Z,0.014914858564761881,,,,,,,,,,,,,,,,,,,ohlcv_backfill,minute,0.014559333184074376,0.015160978827295606,0.014466339697268286,0.014914858564761881,19063.35643414749,/home/runner/work/Solana-Memecoin-Analysis/Solana-Memecoin-Analysis/data/cache/2026-09-23/015151544129_ohlcv_fa059d9eed6a.json
2026-09-23T00:55:00+00:00,DA4pM4xSDY4M9V4CgAKKBVH1pw1yscTQQa5nEkGHuKpt,solana,PumpSwap,,,,,2026-08-28T13:33:11Z,0.014559333184074376,,,,,,,,,,,,,,,,,,,ohlcv_backfill,minute,0.014248689881468449,0.014626999480543764,0.013948101967928693,0.014559333184074376,17366.29510182746,/home/runner/work/Solana-Memecoin-Analysis/Solana-Memecoin-Analysis/data/cache/2026-09-23/015151544129_ohlcv_fa059d9eed6a.json
2026-09-23T00:50:00+00:00,DA4pM4xSDY4M9V4CgAKKBVH1pw1yscTQQa5nEkGHuKpt,solana,PumpSwap,,,,,2026-08-28T13:33:11Z,0.014248689881468449,,,,,,,,,,,,,,,,,,,ohlcv_backfill,minute,0.01452996495890281,0.01573150177333866,0.014188910466533918,0.014248689881468449,58429.233656829565,/home/runner/work/Solana-Memecoin-Analysis/Solana-Memecoin-Analysis/data/cache/2026-09-23/015151544129_ohlcv_fa059d9eed6a.json
2026-09-23T00:45:00+00:00,DA4pM4xSDY4M9V4CgAKKBVH1pw1yscTQQa5nEkGHuKpt,solana,PumpSwap,,,,,2026-08-28T13:33:11Z,0.01452996495890281,,,,,,,,,,,,,,,,,,,ohlcv_backfill,minute,0.013023453411994287,0.014684668250857078,0.013023453411994287,0.01452996495890281,47342.00382727408,/home/runner/work/Solana-Memecoin-Analysis/Solana-Memecoin-Analysis/data/cache/2026-09-23/015151544129_ohlcv_fa059d9eed6a.json
2026-09-23T00:40:00+00:00,DA4pM4xSDY4M9V4CgAKKBVH1pw1yscTQQa5nEkGHuKpt,solana,PumpSwap,,,,,2026-08-28T13:33:11Z,0.013023453411994287,,,,,,,,,,,,,,,,,,,ohlcv_backfill,minute,0.012641364076166622,0.013122421709120804,0.012525725682573336,0.013023453411994287,9768.343733797969,/home/runner/work/Solana-Memecoin-Analysis/Solana-Memecoin-Analysis/data/cache/2026-09-23/015151544129_ohlcv_fa059d9eed6a.json
2026-09-23T00:35:00+00:00,DA4pM4xSDY4M9V4CgAKKBVH1pw1yscTQQa5nEkGHuKpt,solana,PumpSwap,,,,,2026-08-28T13:33:11Z,0.012641364076166622,,,,,,,,,,,,,,,,,,,ohlcv_backfill,minute,0.01268772153839382,0.012742627330442225,0.012561211964732314,0.012641364076166622,2847.221994878087,/home/runner/work/Solana-Memecoin-Analysis/Solana-Memecoin-Analysis/data/cache/2026-09-23/015151544129_ohlcv_fa059d9eed6a.json
2026-09-23T00:30:00+00:00,DA4pM4xSDY4M9V4CgAKKBVH1pw1yscTQQa5nEkGHuKpt,solana,PumpSwap,,,,,2026-08-28T13:33:11Z,0.01268772153839382,,,,,,,,,,,,,,,,,,,ohlcv_backfill,minute,0.012956003224280062,0.013043571881173761,0.012440998556272868,0.01268772153839382,15501.05559488536,/home/runner/work/Solana-Memecoin-Analysis/Solana-Memecoin-Analysis/data/cache/2026-09-23/015151544129_ohlcv_fa059d9eed6a.json
2026-09-23T00:25:00+00:00,DA4pM4xSDY4M9V4CgAKKBVH1pw1yscTQQa5nEkGHuKpt,solana,PumpSwap,,,,,2026-08-28T13:33:11Z,0.012956003224280062,,,,,,,,,,,,,,,,,,,ohlcv_backfill,minute,0.012774188613889638,0.013074578604614286,0.012696565843887512,0.012956003224280062,10019.089072875018,/home/runner/work/Solana-Memecoin-Analysis/Solana-Memecoin-Analysis/data/cache/2026-09-23/015151544129_ohlcv_fa059d9eed6a.json
2026-09-23T00:20:00+00:00,DA4pM4xSDY4M9V4CgAKKBVH1pw1yscTQQa5nEkGHuKpt,solana,PumpSwap,,,,,2026-08-28T13:33:11Z,0.012774188613889638,,,,,,,,,,,,,,,,,,,ohlcv_backfill,minute,0.012767996609307664,0.012922478489484012,0.012691698759698151,0.012774188613889638,3557.40021478779,/home/runner/work/Solana-Memecoin-Analysis/Solana-Memecoin-Analysis/data/cache/2026-09-23/015151544129_ohlcv_fa059d9eed6a.json
2026-09-23T00:15:00+00:00,DA4pM4xSDY4M9V4CgAKKBVH1pw1yscTQQa5nEkGHuKpt,solana,PumpSwap,,,,,2026-08-28T13:33:11Z,0.012767996609307664,,,,,,,,,,,,,,,,,,,ohlcv_backfill,minute,0.013177180751314643,0.013178055395042474,0.012556583016742173,0.012767996609307664,12171.060209355071,/home/runner/work/Solana-Memecoin-Analysis/Solana-Memecoin-Analysis/data/cache/2026-09-23/015151544129_ohlcv_fa059d9eed6a.json
2026-09-23T00:10:00+00:00,DA4pM4xSDY4M9V4CgAKKBVH1pw1yscTQQa5nEkGHuKpt,solana,PumpSwap,,,,,2026-08-28T13:33:11Z,0.013177180751314643,,,,,,,,,,,,,,,,,,,ohlcv_backfill,minute,0.012918290361696463,0.013269158993110184,0.012865935189433275,0.013177180751314643,9554.405719490209,/home/runner/work/Solana-Memecoin-Analysis/Solana-Memecoin-Analysis/data/cache/2026-09-23/015151544129_ohlcv_fa059d9eed6a.json
2026-09-23T00:05:00+00:00,DA4pM4xSDY4M9V4CgAKKBVH1pw1yscTQQa5nEkGHuKpt,solana,PumpSwap,,,,,2026-08-28T13:33:11Z,0.012918290361696463,,,,,,,,,,,,,,,,,,,ohlcv_backfill,minute,0.013247339959103219,0.013337437691113022,0.012903452874812343,0.012918290361696463,8389.56018322891,/home/runner/work/Solana-Memecoin-Analysis/Solana-Memecoin-Analysis/data/cache/2026-09-23/015151544129_ohlcv_fa059d9eed6a.json
2026-09-23T00:00:00+00:00,DA4pM4xSDY4M9V4CgAKKBVH1pw1yscTQQa5nEkGHuKpt,solana,PumpSwap,,,,,2026-08-28T13:33:11Z,0.013247339959103219,,,,,,,,,,,,,,,,,,,ohlcv_backfill,minute,0.013481673915815737,0.013606331153673212,0.01321336691586445,0.013247339959103219,17224.134280563154,/home/runner/work/Solana-Memecoin-Analysis/Solana-Memecoin-Analysis/data/cache/2026-09-23/015151544129_ohlcv_fa059d9eed6a.json
2026-09-22T23:55:00+00:00,DA4pM4xSDY4M9V4CgAKKBVH1pw1yscTQQa5nEkGHuKpt,solana,PumpSwap,,,,,2026-08-28T13:33:11Z,0.013481673915815737,,,,,,,,,,,,,,,,,,,ohlcv_backfill,minute,0.012653472955160108,0.014239085437339982,0.012377110092650204,0.013481673915815737,75724.74143231648,/home/runner/work/Solana-Memecoin-Analysis/Solana-Memecoin-Analysis/data/cache/2026-09-23/015151544129_ohlcv_fa059d9eed6a.json
2026-09-22T23:50:00+00:00,DA4pM4xSDY4M9V4CgAKKBVH1pw1yscTQQa5nEkGHuKpt,solana,PumpSwap,,,,,2026-08-28T13:33:11Z,0.012653472955160108,,,,,,,,,,,,,,,,,,,ohlcv_backfill,minute,0.011948644541205134,0.01353033246954133,0.011572272841312136,0.012653472955160108,81302.85052585106,/home/runner/work/Solana-Memecoin-Analysis/Solana-Memecoin-Analysis/data/cache/2026-09-23/015151544129_ohlcv_fa059d9eed6a.json
2026-09-22T23:45:00+00:00,DA4pM4xSDY4M9V4CgAKKBVH1pw1yscTQQa5nEkGHuKpt,solana,PumpSwap,,,,,2026-08-28T13:33:11Z,0.011948644541205134,,,,,,,,,,,,,,,,,,,ohlcv_backfill,minute,0.011795193334364492,0.012093126548289255,0.011795193334364492,0.011948644541205134,11705.026823699174,/home/runner/work/Solana-Memecoin-Analysis/Solana-Memecoin-Analysis/data/cache/2026-09-23/015151544129_ohlcv_fa059d9eed6a.json
2026-09-22T23:40:00+00:00,DA4pM4xSDY4M9V4CgAKKBVH1pw1yscTQQa5nEkGHuKpt,solana,PumpSwap,,,,,2026-08-28T13:33:11Z,0.011795193334364492,,,,,,,,,,,,,,,,,,,ohlcv_backfill,minute,0.011473756137856157,0.011865502759068038,0.01140776807737894,0.011795193334364492,7414.5390365437925,/home/runner/work/Solana-Memecoin-Analysis/Solana-Memecoin-Analysis/data/cache/2026-09-23/015151544129_ohlcv_fa059d9eed6a.json
2026-09-22T23:35:00+00:00,DA4pM4xSDY4M9V4CgAKKBVH1pw1yscTQQa5nEkGHuKpt,solana,PumpSwap,,,,,2026-08-28T13:33:11Z,0.011473756137856157,,,,,,,,,,,,,,,,,,,ohlcv_backfill,minute,0.011266813465199005,0.01147392778180378,0.011190006649555896,0.011473756137856157,4935.403301712385,/home/runner/work/Solana-Memecoin-Analysis/Solana-Memecoin-Analysis/data/cache/2026-09-23/015151544129_ohlcv_fa059d9eed6a.json
2026-09-22T23:30:00+00:00,DA4pM4xSDY4M9V4CgAKKBVH1pw1yscTQQa5nEkGHuKpt,solana,PumpSwap,,,,,2026-08-28T13:33:11Z,0.011266813465199005,,,,,,,,,,,,,,,,,,,ohlcv_backfill,minute,0.011341114894706801,0.011414408200512437,0.011124941766910229,0.011266813465199005,6416.072989051908,/home/runner/work/Solana-Memecoin-Analysis/Solana-Memecoin-Analysis/data/cache/2026-09-23/015151544129_ohlcv_fa059d9eed6a.json
2026-09-22T23:25:00+00:00,DA4pM4xSDY4M9V4CgAKKBVH1pw1yscTQQa5nEkGHuKpt,solana,PumpSwap,,,,,2026-08-28T13:33:11Z,0.011341114894706801,,,,,,,,,,,,,,,,,,,ohlcv_backfill,minute,0.010667143043019982,0.011458899396313768,0.010658614442665209,0.011341114894706801,12407.62536657223,/home/runner/work/Solana-Memecoin-Analysis/Solana-Memecoin-Analysis/data/cache/2026-09-23/015151544129_ohlcv_fa059d9eed6a.json
2026-09-22T23:20:00+00:00,DA4pM4xSDY4M9V4CgAKKBVH1pw1yscTQQa5nEkGHuKpt,solana,PumpSwap,,,,,2026-08-28T13:33:11Z,0.010667143043019982,,,,,,,,,,,,,,,,,,,ohlcv_backfill,minute,0.010751128523575428,0.010757606354406207,0.010665219091674604,0.010667143043019982,336.949405327785,/home/runner/work/Solana-Memecoin-Analysis/Solana-Memecoin-Analysis/data/cache/2026-09-23/015151544129_ohlcv_fa059d9eed6a.json
2026-09-22T23:15:00+00:00,DA4pM4xSDY4M9V4CgAKKBVH1pw1yscTQQa5nEkGHuKpt,solana,PumpSwap,,,,,2026-08-28T13:33:11Z,0.010751128523575428,,,,,,,,,,,,,,,,,,,ohlcv_backfill,minute,0.010894560003305997,0.010898826571543115,0.010678090811409144,0.010751128523575428,2446.0518877409168,/home/runner/work/Solana-Memecoin-Analysis/Solana-Memecoin-Analysis/data/cache/2026-09-23/015151544129_ohlcv_fa059d9eed6a.json
2026-09-22T23:10:00+00:00,DA4pM4xSDY4M9V4CgAKKBVH1pw1yscTQQa5nEkGHuKpt,solana,PumpSwap,,,,,2026-08-28T13:33:11Z,0.010894560003305997,,,,,,,,,,,,,,,,,,,ohlcv_backfill,minute,0.010963675457321999,0.01098592016733253,0.010807741207980235,0.010894560003305997,1794.9144004414309,/home/runner/work/Solana-Memecoin-Analysis/Solana-Memecoin-Analysis/data/cache/2026-09-23/015151544129_ohlcv_fa059d9eed6a.json
2026-09-22T23:05:00+00:00,DA4pM4xSDY4M9V4CgAKKBVH1pw1yscTQQa5nEkGHuKpt,solana,PumpSwap,,,,,2026-08-28T13:33:11Z,0.010963675457321999,,,,,,,,,,,,,,,,,,,ohlcv_backfill,minute,0.010973536975535257,0.0111118017579002,0.01085184149702807,0.010963675457321999,4910.780321575977,/home/runner/work/Solana-Memecoin-Analysis/Solana-Memecoin-Analysis/data/cache/2026-09-23/015151544129_ohlcv_fa059d9eed6a.json
2026-09-22T23:00:00+00:00,DA4pM4xSDY4M9V4CgAKKBVH1pw1yscTQQa5nEkGHuKpt,solana,PumpSwap,,,,,2026-08-28T13:33:11Z,0.010973536975535257,,,,,,,,,,,,,,,,,,,ohlcv_backfill,minute,0.011207775052416684,0.0112198342658602,0.01089944341704815,0.010973536975535257,4661.043185496385,/home/runner/work/Solana-Memecoin-Analysis/Solana-Memecoin-Analysis/data/cache/2026-09-23/015151544129_ohlcv_fa059d9eed6a.json
2026-09-22T22:55:00+00:00,DA4pM4xSDY4M9V4CgAKKBVH1pw1yscTQQa5nEkGHuKpt,solana,PumpSwap,,,,,2026-08-28T13:33:11Z,0.011207775052416684,,,,,,,,,,,,,,,,,,,ohlcv_backfill,minute,0.011090818191531288,0.011207775052416684,0.011001695565045317,0.011207775052416684,9515.175466409619,/home/runner/work/Solana-Memecoin-Analysis/Solana-Memecoin-Analysis/data/cache/2026-09-23/015151544129_ohlcv_fa059d9eed6a.json
2026-09-22T22:50:00+00:00,DA4pM4xSDY4M9V4CgAKKBVH1pw1yscTQQa5nEkGHuKpt,solana,PumpSwap,,,,,2026-08-28T13:33:11Z,0.011090818191531288,,,,,,,,,,,,,,,,,,,ohlcv_backfill,minute,0.011577905976366272,0.012044919875252491,0.010991715059047445,0.011090818191531288,24212.41560343683,/home/runner/work/Solana-Memecoin-Analysis/Solana-Memecoin-Analysis/data/cache/2026-09-23/015151544129_ohlcv_fa059d9eed6a.json
2026-09-22T22:45:00+00:00,DA4pM4xSDY4M9V4CgAKKBVH1pw1yscTQQa5nEkGHuKpt,solana,PumpSwap,,,,,2026-08-28T13:33:11Z,0.011577905976366272,,,,,,,,,,,,,,,,,,,ohlcv_backfill,minute,0.01183500576129449,0.012036087335004806,0.011459190117383685,0.011577905976366272,19026.99118117202,/home/runner/work/Solana-Memecoin-Analysis/Solana-Memecoin-Analysis/data/cache/2026-09-23/015151544129_ohlcv_fa059d9eed6a.json
2026-09-22T22:40:00+00:00,DA4pM4xSDY4M9V4CgAKKBVH1pw1yscTQQa5nEkGHuKpt,solana,PumpSwap,,,,,2026-08-28T13:33:11Z,0.01183500576129449,,,,,,,,,,,,,,,,,,,ohlcv_backfill,minute,0.010678135985196038,0.012044287546940298,0.010678135985196038,0.01183500576129449,34941.79569272924,/home/runner/work/Solana-Memecoin-Analysis/Solana-Memecoin-Analysis/data/cache/2026-09-23/015151544129_ohlcv_fa059d9eed6a.json
2026-09-22T22:35:00+00:00,DA4pM4xSDY4M9V4CgAKKBVH1pw1yscTQQa5nEkGHuKpt,solana,PumpSwap,,,,,2026-08-28T13:33:11Z,0.010678135985196038,,,,,,,,,,,,,,,,,,,ohlcv_backfill,minute,0.01082483413579227,0.010834369261363809,0.010677898788674683,0.010678135985196038,1633.6087397151528,/home/runner/work/Solana-Memecoin-Analysis/Solana-Memecoin-Analysis/data/cache/2026-09-23/015151544129_ohlcv_fa059d9eed6a.json
2026-09-22T22:30:00+00:00,DA4pM4xSDY4M9V4CgAKKBVH1pw1yscTQQa5nEkGHuKpt,solana,PumpSwap,,,,,2026-08-28T13:33:11Z,0.01082483413579227,,,,,,,,,,,,,,,,,,,ohlcv_backfill,minute,0.010387157194582308,0.01082483413579227,0.010224438252733498,0.01082483413579227,11171.441262769935,/home/runner/work/Solana-Memecoin-Analysis/Solana-Memecoin-Analysis/data/cache/2026-09-23/015151544129_ohlcv_fa059d9eed6a.json
2026-09-22T22:25:00+00:00,DA4pM4xSDY4M9V4CgAKKBVH1pw1yscTQQa5nEkGHuKpt,solana,PumpSwap,,,,,2026-08-28T13:33:11Z,0.010387157194582308,,,,,,,,,,,,,,,,,,,ohlcv_backfill,minute,0.010575560509862934,0.010697601926241565,0.010363999156422634,0.010387157194582308,7693.064137485946,/home/runner/work/Solana-Memecoin-Analysis/Solana-Memecoin-Analysis/data/cache/2026-09-23/015151544129_ohlcv_fa059d9eed6a.json
2026-09-22T22:20:00+00:00,DA4pM4xSDY4M9V4CgAKKBVH1pw1yscTQQa5nEkGHuKpt,solana,PumpSwap,,,,,2026-08-28T13:33:11Z,0.010575560509862934,,,,,,,,,,,,,,,,,,,ohlcv_backfill,minute,0.010126991909422687,0.010575560509862934,0.010092790990779619,0.010575560509862934,7371.056226017294,/home/runner/work/Solana-Memecoin-Analysis/Solana-Memecoin-Analysis/data/cache/2026-09-23/015151544129_ohlcv_fa059d9eed6a.json
2026-09-22T22:15:00+00:00,DA4pM4xSDY4M9V4CgAKKBVH1pw1yscTQQa5nEkGHuKpt,solana,PumpSwap,,,,,2026-08-28T13:33:11Z,0.010126991909422687,,,,,,,,,,,,,,,,,,,ohlcv_backfill,minute,0.01037142240654767,0.01037142240654767,0.01007453810293265,0.010126991909422687,10849.396375426113,/home/runner/work/Solana-Memecoin-Analysis/Solana-Memecoin-Analysis/data/cache/2026-09-23/015151544129_ohlcv_fa059d9eed6a.json
2026-09-22T22:10:00+00:00,DA4pM4xSDY4M9V4CgAKKBVH1pw1yscTQQa5nEkGHuKpt,solana,PumpSwap,,,,,2026-08-28T13:33:11Z,0.01037142240654767,,,,,,,,,,,,,,,,,,,ohlcv_backfill,minute,0.010478102711786135,0.010596667919032696,0.01030734377183288,0.01037142240654767,7269.894045977466,/home/runner/work/Solana-Memecoin-Analysis/Solana-Memecoin-Analysis/data/cache/2026-09-23/015151544129_ohlcv_fa059d9eed6a.json
2026-09-22T22:05:00+00:00,DA4pM4xSDY4M9V4CgAKKBVH1pw1yscTQQa5nEkGHuKpt,solana,PumpSwap,,,,,2026-08-28T13:33:11Z,0.010478102711786135,,,,,,,,,,,,,,,,,,,ohlcv_backfill,minute,0.0108193379679813,0.0108193379679813,0.010278559953831576,0.010478102711786135,13157.104592839387,/home/runner/work/Solana-Memecoin-Analysis/Solana-Memecoin-Analysis/data/cache/2026-09-23/015151544129_ohlcv_fa059d9eed6a.json
2026-09-22T22:00:00+00:00,DA4pM4xSDY4M9V4CgAKKBVH1pw1yscTQQa5nEkGHuKpt,solana,PumpSwap,,,,,2026-08-28T13:33:11Z,0.0108193379679813,,,,,,,,,,,,,,,,,,,ohlcv_backfill,minute,0.010636097340472871,0.0108193379679813,0.010316038652502975,0.0108193379679813,23771.694410028384,/home/runner/work/Solana-Memecoin-Analysis/Solana-Memecoin-Analysis/data/cache/2026-09-23/015151544129_ohlcv_fa059d9eed6a.json
2026-09-22T21:55:00+00:00,DA4pM4xSDY4M9V4CgAKKBVH1pw1yscTQQa5nEkGHuKpt,solana,PumpSwap,,,,,2026-08-28T13:33:11Z,0.010636097340472871,,,,,,,,,,,,,,,,,,,ohlcv_backfill,minute,0.01126056531706903,0.011352835118491628,0.010578314951058234,0.010636097340472871,14311.689270917132,/home/runner/work/Solana-Memecoin-Analysis/Solana-Memecoin-Analysis/data/cache/2026-09-23/015151544129_ohlcv_fa059d9eed6a.json
2026-09-22T21:50:00+00:00,DA4pM4xSDY4M9V4CgAKKBVH1pw1yscTQQa5nEkGHuKpt,solana,PumpSwap,,,,,2026-08-28T13:33:11Z,0.01126056531706903,,,,,,,,,,,,,,,,,,,ohlcv_backfill,minute,0.011660197083599281,0.011660197083599281,0.010980572346206006,0.01126056531706903,16379.471875248082,/home/runner/work/Solana-Memecoin-Analysis/Solana-Memecoin-Analysis/data/cache/2026-09-23/015151544129_ohlcv_fa059d9eed6a.json
2026-09-22T21:45:00+00:00,DA4pM4xSDY4M9V4CgAKKBVH1pw1yscTQQa5nEkGHuKpt,solana,PumpSwap,,,,,2026-08-28T13:33:11Z,0.011660197083599281,,,,,,,,,,,,,,,,,,,ohlcv_backfill,minute,0.011767069845445866,0.011809531085449835,0.011536263828774316,0.011660197083599281,7341.711581648068,/home/runner/work/Solana-Memecoin-Analysis/Solana-Memecoin-Analysis/data/cache/2026-09-23/015151544129_ohlcv_fa059d9eed6a.json
2026-09-22T21:40:00+00:00,DA4pM4xSDY4M9V4CgAKKBVH1pw1yscTQQa5nEkGHuKpt,solana,PumpSwap,,,,,2026-08-28T13:33:11Z,0.011767069845445866,,,,,,,,,,,,,,,,,,,ohlcv_backfill,minute,0.011431467138849953,0.012039657322902797,0.011300747687860315,0.011767069845445866,39299.49479680192,/home/runner/work/Solana-Memecoin-Analysis/Solana-Memecoin-Analysis/data/cache/2026-09-23/015151544129_ohlcv_fa059d9eed6a.json
2026-09-22T21:35:00+00:00,DA4pM4xSDY4M9V4CgAKKBVH1pw1yscTQQa5nEkGHuKpt,solana,PumpSwap,,,,,2026-08-28T13:33:11Z,0.011431467138849953,,,,,,,,,,,,,,,,,,,ohlcv_backfill,minute,0.011534686170801826,0.01165024652083454,0.01106616774700703,0.011431467138849953,26349.441750238024,/home/runner/work/Solana-Memecoin-Analysis/Solana-Memecoin-Analysis/data/cache/2026-09-23/015151544129_ohlcv_fa059d9eed6a.json
2026-09-22T21:30:00+00:00,DA4pM4xSDY4M9V4CgAKKBVH1pw1yscTQQa5nEkGHuKpt,solana,PumpSwap,,,,,2026-08-28T13:33:11Z,0.011534686170801826,,,,,,,,,,,,,,,,,,,ohlcv_backfill,minute,0.011380667849276462,0.011622135022162947,0.011332157392204474,0.011534686170801826,6496.420991697305,/home/runner/work/Solana-Memecoin-Analysis/Solana-Memecoin-Analysis/data/cache/2026-09-23/015151544129_ohlcv_fa059d9eed6a.json
2026-09-22T21:25:00+00:00,DA4pM4xSDY4M9V4CgAKKBVH1pw1yscTQQa5nEkGHuKpt,solana,PumpSwap,,,,,2026-08-28T13:33:11Z,0.011380667849276462,,,,,,,,,,,,,,,,,,,ohlcv_backfill,minute,0.010862073490564532,0.011770896832647242,0.010738730529979494,0.011380667849276462,31854.754011196055,/home/runner/work/Solana-Memecoin-Analysis/Solana-Memecoin-Analysis/data/cache/2026-09-23/015151544129_ohlcv_fa059d9eed6a.json
2026-09-22T21:20:00+00:00,DA4pM4xSDY4M9V4CgAKKBVH1pw1yscTQQa5nEkGHuKpt,solana,PumpSwap,,,,,2026-08-28T13:33:11Z,0.010862073490564532,,,,,,,,,,,,,,,,,,,ohlcv_backfill,minute,0.01010170080020208,0.010926983152143318,0.010031329027985475,0.010862073490564532,26319.74963338372,/home/runner/work/Solana-Memecoin-Analysis/Solana-Memecoin-Analysis/data/cache/2026-09-23/015151544129_ohlcv_fa059d9eed6a.json
2026-09-22T21:15:00+00:00,DA4pM4xSDY4M9V4CgAKKBVH1pw1yscTQQa5nEkGHuKpt,solana,PumpSwap,,,,,2026-08-28T13:33:11Z,0.01010170080020208,,,,,,,,,,,,,,,,,,,ohlcv_backfill,minute,0.010336104294093509,0.010336104294093509,0.01004127068964051,0.01010170080020208,5020.584747562027,/home/runner/work/Solana-Memecoin-Analysis/Solana-Memecoin-Analysis/data/cache/2026-09-23/015151544129_ohlcv_fa059d9eed6a.json
2026-09-22T21:10:00+00:00,DA4pM4xSDY4M9V4CgAKKBVH1pw1yscTQQa5nEkGHuKpt,solana,PumpSwap,,,,,2026-08-28T13:33:11Z,0.010336104294093509,,,,,,,,,,,,,,,,,,,ohlcv_backfill,minute,0.010312019633465208,0.010472797975210401,0.010229553580583901,0.010336104294093509,12925.377243208906,/home/runner/work/Solana-Memecoin-Analysis/Solana-Memecoin-Analysis/data/cache/2026-09-23/015151544129_ohlcv_fa059d9eed6a.json
2026-09-22T21:05:00+00:00,DA4pM4xSDY4M9V4CgAKKBVH1pw1yscTQQa5nEkGHuKpt,solana,PumpSwap,,,,,2026-08-28T13:33:11Z,0.010312019633465208,,,,,,,,,,,,,,,,,,,ohlcv_backfill,minute,0.01047105044499884,0.010472913350193454,0.010254320626871531,0.010312019633465208,5197.864730263783,/home/runner/work/Solana-Memecoin-Analysis/Solana-Memecoin-Analysis/data/cache/2026-09-23/015151544129_ohlcv_fa059d9eed6a.json
2026-09-22T21:00:00+00:00,DA4pM4xSDY4M9V4CgAKKBVH1pw1yscTQQa5nEkGHuKpt,solana,PumpSwap,,,,,2026-08-28T13:33:11Z,0.01047105044499884,,,,,,,,,,,,,,,,,,,ohlcv_backfill,minute,0.011034748505240905,0.011034748505240905,0.01019026838382243,0.01047105044499884,31801.299876366815,/home/runner/work/Solana-Memecoin-Analysis/Solana-Memecoin-Analysis/data/cache/2026-09-23/015151544129_ohlcv_fa059d9eed6a.json
2026-09-22T20:55:00+00:00,DA4pM4xSDY4M9V4CgAKKBVH1pw1yscTQQa5nEkGHuKpt,solana,PumpSwap,,,,,2026-08-28T13:33:11Z,0.011034748505240905,,,,,,,,,,,,,,,,,,,ohlcv_backfill,minute,0.01095950518388563,0.011135587757894628,0.010829885671153444,0.011034748505240905,12713.305092964993,/home/runner/work/Solana-Memecoin-Analysis/Solana-Memecoin-Analysis/data/cache/2026-09-23/015151544129_ohlcv_fa059d9eed6a.json
2026-09-22T20:50:00+00:00,DA4pM4xSDY4M9V4CgAKKBVH1pw1yscTQQa5nEkGHuKpt,solana,PumpSwap,,,,,2026-08-28T13:33:11Z,0.01095950518388563,,,,,,,,,,,,,,,,,,,ohlcv_backfill,minute,0.011320530172465844,0.011433930547908902,0.010880613193528284,0.01095950518388563,19887.935585058334,/home/runner/work/Solana-Memecoin-Analysis/Solana-Memecoin-Analysis/data/cache/2026-09-23/015151544129_ohlcv_fa059d9eed6a.json
2026-09-22T20:45:00+00:00,DA4pM4xSDY4M9V4CgAKKBVH1pw1yscTQQa5nEkGHuKpt,solana,PumpSwap,,,,,2026-08-28T13:33:11Z,0.011320530172465844,,,,,,,,,,,,,,,,,,,ohlcv_backfill,minute,0.010805859391879238,0.011328554296546407,0.010532690464678725,0.011320530172465844,32923.26537094583,/home/runner/work/Solana-Memecoin-Analysis/Solana-Memecoin-Analysis/data/cache/2026-09-23/015151544129_ohlcv_fa059d9eed6a.json
2026-09-22T20:40:00+00:00,DA4pM4xSDY4M9V4CgAKKBVH1pw1yscTQQa5nEkGHuKpt,solana,PumpSwap,,,,,2026-08-28T13:33:11Z,0.010805859391879238,,,,,,,,,,,,,,,,,,,ohlcv_backfill,minute,0.011147082400386612,0.011150086021249863,0.010764068703121748,0.010805859391879238,10696.624122857393,/home/runner/work/Solana-Memecoin-Analysis/Solana-Memecoin-Analysis/data/cache/2026-09-23/015151544129_ohlcv_fa059d9eed6a.json
2026-09-22T20:35:00+00:00,DA4pM4xSDY4M9V4CgAKKBVH1pw1yscTQQa5nEkGHuKpt,solana,PumpSwap,,,,,2026-08-28T13:33:11Z,0.011147082400386612,,,,,,,,,,,,,,,,,,,ohlcv_backfill,minute,0.011034445285057837,0.01155104428975413,0.011034445285057837,0.011147082400386612,24420.962803642342,/home/runner/work/Solana-Memecoin-Analysis/Solana-Memecoin-Analysis/data/cache/2026-09-23/015151544129_ohlcv_fa059d9eed6a.json
2026-09-22T20:30:00+00:00,DA4pM4xSDY4M9V4CgAKKBVH1pw1yscTQQa5nEkGHuKpt,solana,PumpSwap,,,,,2026-08-28T13:33:11Z,0.011034445285057837,,,,,,,,,,,,,,,,,,,ohlcv_backfill,minute,0.010978949197573539,0.011175189151244148,0.010850353335231142,0.011034445285057837,9412.979179500586,/home/runner/work/Solana-Memecoin-Analysis/Solana-Memecoin-Analysis/data/cache/2026-09-23/015151544129_ohlcv_fa059d9eed6a.json
2026-09-22T20:25:00+00:00,DA4pM4xSDY4M9V4CgAKKBVH1pw1yscTQQa5nEkGHuKpt,solana,PumpSwap,,,,,2026-08-28T13:33:11Z,0.010978949197573539,,,,,,,,,,,,,,,,,,,ohlcv_backfill,minute,0.010587715632405096,0.011549240207930009,0.009970398402776325,0.010978949197573539,62329.64001141093,/home/runner/work/Solana-Memecoin-Analysis/Solana-Memecoin-Analysis/data/cache/2026-09-23/015151544129_ohlcv_fa059d9eed6a.json
2026-09-22T20:20:00+00:00,DA4pM4xSDY4M9V4CgAKKBVH1pw1yscTQQa5nEkGHuKpt,solana,PumpSwap,,,,,2026-08-28T13:33:11Z,0.010587715632405096,,,,,,,,,,,,,,,,,,,ohlcv_backfill,minute,0.009867546228179517,0.011207461130658663,0.009785047849561627,0.010587715632405096,61684.827208833645,/home/runner/work/Solana-Memecoin-Analysis/Solana-Memecoin-Analysis/data/cache/2026-09-23/015151544129_ohlcv_fa059d9eed6a.json
2026-09-22T20:15:00+00:00,DA4pM4xSDY4M9V4CgAKKBVH1pw1yscTQQa5nEkGHuKpt,solana,PumpSwap,,,,,2026-08-28T13:33:11Z,0.009867546228179517,,,,,,,,,,,,,,,,,,,ohlcv_backfill,minute,0.009992968798803114,0.009992968798803114,0.00978946143527425,0.009867546228179517,7765.877336199898,/home/runner/work/Solana-Memecoin-Analysis/Solana-Memecoin-Analysis/data/cache/2026-09-23/015151544129_ohlcv_fa059d9eed6a.json
2026-09-22T20:10:00+00:00,DA4pM4xSDY4M9V4CgAKKBVH1pw1yscTQQa5nEkGHuKpt,solana,PumpSwap,,,,,2026-08-28T13:33:11Z,0.009992968798803114,,,,,,,,,,,,,,,,,,,ohlcv_backfill,minute,0.010243041034611239,0.010517252610733377,0.009914855440142934,0.009992968798803114,24596.030539058967,/home/runner/work/Solana-Memecoin-Analysis/Solana-Memecoin-Analysis/data/cache/2026-09-23/015151544129_ohlcv_fa059d9eed6a.json
2026-09-22T20:05:00+00:00,DA4pM4xSDY4M9V4CgAKKBVH1pw1yscTQQa5nEkGHuKpt,solana,PumpSwap,,,,,2026-08-28T13:33:11Z,0.010243041034611239,,,,,,,,,,,,,,,,,,,ohlcv_backfill,minute,0.010293732382198073,0.010300449481621267,0.010166274272243581,0.010243041034611239,3052.65778462481,/home/runner/work/Solana-Memecoin-Analysis/Solana-Memecoin-Analysis/data/cache/2026-09-23/015151544129_ohlcv_fa059d9eed6a.json
2026-09-22T20:00:00+00:00,DA4pM4xSDY4M9V4CgAKKBVH1pw1yscTQQa5nEkGHuKpt,solana,PumpSwap,,,,,2026-08-28T13:33:11Z,0.010293732382198073,,,,,,,,,,,,,,,,,,,ohlcv_backfill,minute,0.010098318113672592,0.010300414351398723,0.01000426362673274,0.010293732382198073,9313.59361321648,/home/runner/work/Solana-Memecoin-Analysis/Solana-Memecoin-Analysis/data/cache/2026-09-23/015151544129_ohlcv_fa059d9eed6a.json
2026-09-22T19:55:00+00:00,DA4pM4xSDY4M9V4CgAKKBVH1pw1yscTQQa5nEkGHuKpt,solana,PumpSwap,,,,,2026-08-28T13:33:11Z,0.010098318113672592,,,,,,,,,,,,,,,,,,,ohlcv_backfill,minute,0.010202612676512556,0.010372686106814065,0.00990754112093476,0.010098318113672592,18316.47992015981,/home/runner/work/Solana-Memecoin-Analysis/Solana-Memecoin-Analysis/data/cache/2026-09-23/015151544129_ohlcv_fa059d9eed6a.json
2026-09-22T19:50:00+00:00,DA4pM4xSDY4M9V4CgAKKBVH1pw1yscTQQa5nEkGHuKpt,solana,PumpSwap,,,,,2026-08-28T13:33:11Z,0.010202612676512556,,,,,,,,,,,,,,,,,,,ohlcv_backfill,minute,0.01043763533151403,0.010510634047279427,0.010066505484247288,0.010202612676512556,10629.619633537128,/home/runner/work/Solana-Memecoin-Analysis/Solana-Memecoin-Analysis/data/cache/2026-09-23/015151544129_ohlcv_fa059d9eed6a.json
2026-09-22T19:45:00+00:00,DA4pM4xSDY4M9V4CgAKKBVH1pw1yscTQQa5nEkGHuKpt,solana,PumpSwap,,,,,2026-08-28T13:33:11Z,0.01043763533151403,,,,,,,,,,,,,,,,,,,ohlcv_backfill,minute,0.010539796036375466,0.010622130263971234,0.010121708915529397,0.01043763533151403,13211.160693450873,/home/runner/work/Solana-Memecoin-Analysis/Solana-Memecoin-Analysis/data/cache/2026-09-23/015151544129_ohlcv_fa059d9eed6a.json
2026-09-22T19:40:00+00:00,DA4pM4xSDY4M9V4CgAKKBVH1pw1yscTQQa5nEkGHuKpt,solana,PumpSwap,,,,,2026-08-28T13:33:11Z,0.010539796036375466,,,,,,,,,,,,,,,,,,,ohlcv_backfill,minute,0.01063100155449997,0.010745608937164565,0.010437520015599087,0.010539796036375466,14955.27999276968,/home/runner/work/Solana-Memecoin-Analysis/Solana-Memecoin-Analysis/data/cache/2026-09-23/015151544129_ohlcv_fa059d9eed6a.json
2026-09-22T19:35:00+00:00,DA4pM4xSDY4M9V4CgAKKBVH1pw1yscTQQa5nEkGHuKpt,solana,PumpSwap,,,,,2026-08-28T13:33:11Z,0.01063100155449997,,,,,,,,,,,,,,,,,,,ohlcv_backfill,minute,0.01049903401762074,0.011111115490962584,0.010415280137986246,0.01063100155449997,46420.73450717753,/home/runner/work/Solana-Memecoin-Analysis/Solana-Memecoin-Analysis/data/cache/2026-09-23/015151544129_ohlcv_fa059d9eed6a.json
2026-09-22T19:30:00+00:00,DA4pM4xSDY4M9V4CgAKKBVH1pw1yscTQQa5nEkGHuKpt,solana,PumpSwap,,,,,2026-08-28T13:33:11Z,0.01049903401762074,,,,,,,,,,,,,,,,,,,ohlcv_backfill,minute,0.009973850844496347,0.01100765114797644,0.00990393068467765,0.01049903401762074,57545.19449361356,/home/runner/work/Solana-Memecoin-Analysis/Solana-Memecoin-Analysis/data/cache/2026-09-23/015151544129_ohlcv_fa059d9eed6a.json
2026-09-22T19:25:00+00:00,DA4pM4xSDY4M9V4CgAKKBVH1pw1yscTQQa5nEkGHuKpt,solana,PumpSwap,,,,,2026-08-28T13:33:11Z,0.009973850844496347,,,,,,,,,,,,,,,,,,,ohlcv_backfill,minute,0.009457253430088212,0.009973850844496347,0.009384627307114025,0.009973850844496347,17595.52024927463,/home/runner/work/Solana-Memecoin-Analysis/Solana-Memecoin-Analysis/data/cache/2026-09-23/015151544129_ohlcv_fa059d9eed6a.json
2026-09-22T19:20:00+00:00,DA4pM4xSDY4M9V4CgAKKBVH1pw1yscTQQa5nEkGHuKpt,solana,PumpSwap,,,,,2026-08-28T13:33:11Z,0.009457253430088212,,,,,,,,,,,,,,,,,,,ohlcv_backfill,minute,0.009442806929349899,0.00952426979539604,0.009214386946484916,0.009457253430088212,12881.067376392288,/home/runner/work/Solana-Memecoin-Analysis/Solana-Memecoin-Analysis/data/cache/2026-09-23/015151544129_ohlcv_fa059d9eed6a.json
2026-09-22T19:15:00+00:00,DA4pM4xSDY4M9V4CgAKKBVH1pw1yscTQQa5nEkGHuKpt,solana,PumpSwap,,,,,2026-08-28T13:33:11Z,0.009442806929349899,,,,,,,,,,,,,,,,,,,ohlcv_backfill,minute,0.009810224075722657,0.009813493594597844,0.008953080755325313,0.009442806929349899,46128.12275428429,/home/runner/work/Solana-Memecoin-Analysis/Solana-Memecoin-Analysis/data/cache/2026-09-23/015151544129_ohlcv_fa059d9eed6a.json
2026-09-22T19:10:00+00:00,DA4pM4xSDY4M9V4CgAKKBVH1pw1yscTQQa5nEkGHuKpt,solana,PumpSwap,,,,,2026-08-28T13:33:11Z,0.009810224075722657,,,,,,,,,,,,,,,,,,,ohlcv_backfill,minute,0.01001906139446082,0.010118389365381477,0.009731165654904745,0.009810224075722657,15877.375346207546,/home/runner/work/Solana-Memecoin-Analysis/Solana-Memecoin-Analysis/data/cache/2026-09-23/015151544129_ohlcv_fa059d9eed6a.json
2026-09-22T19:05:00+00:00,DA4pM4xSDY4M9V4CgAKKBVH1pw1yscTQQa5nEkGHuKpt,solana,PumpSwap,,,,,2026-08-28T13:33:11Z,0.01001906139446082,,,,,,,,,,,,,,,,,,,ohlcv_backfill,minute,0.009910624690432898,0.010091750073571147,0.009792871087340959,0.01001906139446082,17045.380245072454,/home/runner/work/Solana-Memecoin-Analysis/Solana-Memecoin-Analysis/data/cache/2026-09-23/015151544129_ohlcv_fa059d9eed6a.json
2026-09-22T19:00:00+00:00,DA4pM4xSDY4M9V4CgAKKBVH1pw1yscTQQa5nEkGHuKpt,solana,PumpSwap,,,,,2026-08-28T13:33:11Z,0.009910624690432898,,,,,,,,,,,,,,,,,,,ohlcv_backfill,minute,0.009877157080476618,0.010001578874728927,0.009805658629008092,0.009910624690432898,6534.727801778768,/home/runner/work/Solana-Memecoin-Analysis/Solana-Memecoin-Analysis/data/cache/2026-09-23/015151544129_ohlcv_fa059d9eed6a.json
2026-09-22T18:55:00+00:00,DA4pM4xSDY4M9V4CgAKKBVH1pw1yscTQQa5nEkGHuKpt,solana,PumpSwap,,,,,2026-08-28T13:33:11Z,0.009877157080476618,,,,,,,,,,,,,,,,,,,ohlcv_backfill,minute,0.010044546779614204,0.010044546779614204,0.009646862617478805,0.009877157080476618,17316.926546245424,/home/runner/work/Solana-Memecoin-Analysis/Solana-Memecoin-Analysis/data/cache/2026-09-23/015151544129_ohlcv_fa059d9eed6a.json
2026-09-22T18:50:00+00:00,DA4pM4xSDY4M9V4CgAKKBVH1pw1yscTQQa5nEkGHuKpt,solana,PumpSwap,,,,,2026-08-28T13:33:11Z,0.010044546779614204,,,,,,,,,,,,,,,,,,,ohlcv_backfill,minute,0.010435701639113315,0.011099341287115231,0.009722998793257172,0.010044546779614204,48227.044769644344,/home/runner/work/Solana-Memecoin-Analysis/Solana-Memecoin-Analysis/data/cache/2026-09-23/015151544129_ohlcv_fa059d9eed6a.json
2026-09-22T18:45:00+00:00,DA4pM4xSDY4M9V4CgAKKBVH1pw1yscTQQa5nEkGHuKpt,solana,PumpSwap,,,,,2026-08-28T13:33:11Z,0.010435701639113315,,,,,,,,,,,,,,,,,,,ohlcv_backfill,minute,0.010948175673000608,0.01112046968640465,0.0101451828706798,0.010435701639113315,28825.276808463164,/home/runner/work/Solana-Memecoin-Analysis/Solana-Memecoin-Analysis/data/cache/2026-09-23/015151544129_ohlcv_fa059d9eed6a.json
2026-09-22T18:40:00+00:00,DA4pM4xSDY4M9V4CgAKKBVH1pw1yscTQQa5nEkGHuKpt,solana,PumpSwap,,,,,2026-08-28T13:33:11Z,0.010948175673000608,,,,,,,,,,,,,,,,,,,ohlcv_backfill,minute,0.010225833999021557,0.011787617083447745,0.010172783480259457,0.010948175673000608,119006.73801627535,/home/runner/work/Solana-Memecoin-Analysis/Solana-Memecoin-Analysis/data/cache/2026-09-23/015151544129_ohlcv_fa059d9eed6a.json
2026-09-22T18:35:00+00:00,DA4pM4xSDY4M9V4CgAKKBVH1pw1yscTQQa5nEkGHuKpt,solana,PumpSwap,,,,,2026-08-28T13:33:11Z,0.010225833999021557,,,,,,,,,,,,,,,,,,,ohlcv_backfill,minute,0.009878239030658658,0.0103445421645767,0.009641939283465063,0.010225833999021557,35099.44068551266,/home/runner/work/Solana-Memecoin-Analysis/Solana-Memecoin-Analysis/data/cache/2026-09-23/015151544129_ohlcv_fa059d9eed6a.json
2026-09-22T18:30:00+00:00,DA4pM4xSDY4M9V4CgAKKBVH1pw1yscTQQa5nEkGHuKpt,solana,PumpSwap,,,,,2026-08-28T13:33:11Z,0.009878239030658658,,,,,,,,,,,,,,,,,,,ohlcv_backfill,minute,0.00879267130768699,0.010601885222058157,0.008739727469358125,0.009878239030658658,104740.4843536928,/home/runner/work/Solana-Memecoin-Analysis/Solana-Memecoin-Analysis/data/cache/2026-09-23/015151544129_ohlcv_fa059d9eed6a.json
2026-09-22T18:25:00+00:00,DA4pM4xSDY4M9V4CgAKKBVH1pw1yscTQQa5nEkGHuKpt,solana,PumpSwap,,,,,2026-08-28T13:33:11Z,0.00879267130768699,,,,,,,,,,,,,,,,,,,ohlcv_backfill,minute,0.008817096294509167,0.008929682445573257,0.008604565323648589,0.00879267130768699,14375.581247529051,/home/runner/work/Solana-Memecoin-Analysis/Solana-Memecoin-Analysis/data/cache/2026-09-23/015151544129_ohlcv_fa059d9eed6a.json
2026-09-22T18:20:00+00:00,DA4pM4xSDY4M9V4CgAKKBVH1pw1yscTQQa5nEkGHuKpt,solana,PumpSwap,,,,,2026-08-28T13:33:11Z,0.008817096294509167,,,,,,,,,,,,,,,,,,,ohlcv_backfill,minute,0.008640324568996965,0.00888322235178947,0.008531305139866422,0.008817096294509167,11263.555868165311,/home/runner/work/Solana-Memecoin-Analysis/Solana-Memecoin-Analysis/data/cache/2026-09-23/015151544129_ohlcv_fa059d9eed6a.json
2026-09-22T18:15:00+00:00,DA4pM4xSDY4M9V4CgAKKBVH1pw1yscTQQa5nEkGHuKpt,solana,PumpSwap,,,,,2026-08-28T13:33:11Z,0.008640324568996965,,,,,,,,,,,,,,,,,,,ohlcv_backfill,minute,0.00868640260352386,0.008784274483944275,0.008537477036524417,0.008640324568996965,6146.966433646726,/home/runner/work/Solana-Memecoin-Analysis/Solana-Memecoin-Analysis/data/cache/2026-09-23/015151544129_ohlcv_fa059d9eed6a.json
2026-09-22T18:10:00+00:00,DA4pM4xSDY4M9V4CgAKKBVH1pw1yscTQQa5nEkGHuKpt,solana,PumpSwap,,,,,2026-08-28T13:33:11Z,0.00868640260352386,,,,,,,,,,,,,,,,,,,ohlcv_backfill,minute,0.008390727692107134,0.00868640260352386,0.008332013193633775,0.00868640260352386,6482.256238759639,/home/runner/work/Solana-Memecoin-Analysis/Solana-Memecoin-Analysis/data/cache/2026-09-23/015151544129_ohlcv_fa059d9eed6a.json
2026-09-22T18:05:00+00:00,DA4pM4xSDY4M9V4CgAKKBVH1pw1yscTQQa5nEkGHuKpt,solana,PumpSwap,,,,,2026-08-28T13:33:11Z,0.008390727692107134,,,,,,,,,,,,,,,,,,,ohlcv_backfill,minute,0.008388750059815438,0.008424904406565252,0.008284254168273828,0.008390727692107134,6281.590992696366,/home/runner/work/Solana-Memecoin-Analysis/Solana-Memecoin-Analysis/data/cache/2026-09-23/015151544129_ohlcv_fa059d9eed6a.json
2026-09-22T18:00:00+00:00,DA4pM4xSDY4M9V4CgAKKBVH1pw1yscTQQa5nEkGHuKpt,solana,PumpSwap,,,,,2026-08-28T13:33:11Z,0.008388750059815438,,,,,,,,,,,,,,,,,,,ohlcv_backfill,minute,0.00818233426081675,0.008429450611118224,0.008118234427087185,0.008388750059815438,6682.520658346906,/home/runner/work/Solana-Memecoin-Analysis/Solana-Memecoin-Analysis/data/cache/2026-09-23/015151544129_ohlcv_fa059d9eed6a.json
2026-09-22T17:55:00+00:00,DA4pM4xSDY4M9V4CgAKKBVH1pw1yscTQQa5nEkGHuKpt,solana,PumpSwap,,,,,2026-08-28T13:33:11Z,0.00818233426081675,,,,,,,,,,,,,,,,,,,ohlcv_backfill,minute,0.008285189785653874,0.008570108824930369,0.008174927773385856,0.00818233426081675,15181.231937115946,/home/runner/work/Solana-Memecoin-Analysis/Solana-Memecoin-Analysis/data/cache/2026-09-23/015151544129_ohlcv_fa059d9eed6a.json
2026-09-22T17:50:00+00:00,DA4pM4xSDY4M9V4CgAKKBVH1pw1yscTQQa5nEkGHuKpt,solana,PumpSwap,,,,,2026-08-28T13:33:11Z,0.008285189785653874,,,,,,,,,,,,,,,,,,,ohlcv_backfill,minute,0.008222147277891398,0.008380216976491753,0.008204790944030834,0.008285189785653874,5950.357661333078,/home/runner/work/Solana-Memecoin-Analysis/Solana-Memecoin-Analysis/data/cache/2026-09-23/015151544129_ohlcv_fa059d9eed6a.json
2026-09-22T17:45:00+00:00,DA4pM4xSDY4M9V4CgAKKBVH1pw1yscTQQa5nEkGHuKpt,solana,PumpSwap,,,,,2026-08-28T13:33:11Z,0.008222147277891398,,,,,,,,,,,,,,,,,,,ohlcv_backfill,minute,0.0076290097233739215,0.008323506831936152,0.0075718252612143435,0.008222147277891398,20034.21788446911,/home/runner/work/Solana-Memecoin-Analysis/Solana-Memecoin-Analysis/data/cache/2026-09-23/015151544129_ohlcv_fa059d9eed6a.json
2026-09-22T17:40:00+00:00,DA4pM4xSDY4M9V4CgAKKBVH1pw1yscTQQa5nEkGHuKpt,solana,PumpSwap,,,,,2026-08-28T13:33:11Z,0.0076290097233739215,,,,,,,,,,,,,,,,,,,ohlcv_backfill,minute,0.008238255822772461,0.008281734161378694,0.007530341609335399,0.0076290097233739215,31563.31788128319,/home/runner/work/Solana-Memecoin-Analysis/Solana-Memecoin-Analysis/data/cache/2026-09-23/015151544129_ohlcv_fa059d9eed6a.json
2026-09-22T17:35:00+00:00,DA4pM4xSDY4M9V4CgAKKBVH1pw1yscTQQa5nEkGHuKpt,solana,PumpSwap,,,,,2026-08-28T13:33:11Z,0.008238255822772461,,,,,,,,,,,,,,,,,,,ohlcv_backfill,minute,0.008246228509188772,0.008483751951260896,0.008173041126363493,0.008238255822772461,13521.479416294738,/home/runner/work/Solana-Memecoin-Analysis/Solana-Memecoin-Analysis/data/cache/2026-09-23/015151544129_ohlcv_fa059d9eed6a.json
2026-09-22T17:30:00+00:00,DA4pM4xSDY4M9V4CgAKKBVH1pw1yscTQQa5nEkGHuKpt,solana,PumpSwap,,,,,2026-08-28T13:33:11Z,0.008246228509188772,,,,,,,,,,,,,,,,,,,ohlcv_backfill,minute,0.00836895553719827,0.008548704839835412,0.008181103847581727,0.008246228509188772,14040.446368057312,/home/runner/work/Solana-Memecoin-Analysis/Solana-Memecoin-Analysis/data/cache/2026-09-23/015151544129_ohlcv_fa059d9eed6a.json
2026-09-22T17:25:00+00:00,DA4pM4xSDY4M9V4CgAKKBVH1pw1yscTQQa5nEkGHuKpt,solana,PumpSwap,,,,,2026-08-28T13:33:11Z,0.00836895553719827,,,,,,,,,,,,,,,,,,,ohlcv_backfill,minute,0.008997721615209757,0.009050939172732466,0.00811978168444264,0.00836895553719827,30881.931246140335,/home/runner/work/Solana-Memecoin-Analysis/Solana-Memecoin-Analysis/data/cache/2026-09-23/015151544129_ohlcv_fa059d9eed6a.json
2026-09-22T17:20:00+00:00,DA4pM4xSDY4M9V4CgAKKBVH1pw1yscTQQa5nEkGHuKpt,solana,PumpSwap,,,,,2026-08-28T13:33:11Z,0.008997721615209757,,,,,,,,,,,,,,,,,,,ohlcv_backfill,minute,0.009195045560455622,0.009380047723153859,0.008974728114224726,0.008997721615209757,9989.12607448747,/home/runner/work/Solana-Memecoin-Analysis/Solana-Memecoin-Analysis/data/cache/2026-09-23/015151544129_ohlcv_fa059d9eed6a.json
2026-09-22T17:15:00+00:00,DA4pM4xSDY4M9V4CgAKKBVH1pw1yscTQQa5nEkGHuKpt,solana,PumpSwap,,,,,2026-08-28T13:33:11Z,0.009195045560455622,,,,,,,,,,,,,,,,,,,ohlcv_backfill,minute,0.00901895951771087,0.009243941404231754,0.008942502971775478,0.009195045560455622,9726.931807907198,/home/runner/work/Solana-Memecoin-Analysis/Solana-Memecoin-Analysis/data/cache/2026-09-23/015151544129_ohlcv_fa059d9eed6a.json
2026-09-22T17:10:00+00:00,DA4pM4xSDY4M9V4CgAKKBVH1pw1yscTQQa5nEkGHuKpt,solana,PumpSwap,,,,,2026-08-28T13:33:11Z,0.00901895951771087,,,,,,,,,,,,,,,,,,,ohlcv_backfill,minute,0.00901073082419168,0.00907963489144078,0.008819805139299523,0.00901895951771087,10445.397893251931,/home/runner/work/Solana-Memecoin-Analysis/Solana-Memecoin-Analysis/data/cache/2026-09-23/015151544129_ohlcv_fa059d9eed6a.json
2026-09-22T17:05:00+00:00,DA4pM4xSDY4M9V4CgAKKBVH1pw1yscTQQa5nEkGHuKpt,solana,PumpSwap,,,,,2026-08-28T13:33:11Z,0.00901073082419168,,,,,,,,,,,,,,,,,,,ohlcv_backfill,minute,0.009267519397608545,0.00927852178970703,0.008737688615216795,0.00901073082419168,29506.5678419622,/home/runner/work/Solana-Memecoin-Analysis/Solana-Memecoin-Analysis/data/cache/2026-09-23/015151544129_ohlcv_fa059d9eed6a.json
2026-09-22T17:00:00+00:00,DA4pM4xSDY4M9V4CgAKKBVH1pw1yscTQQa5nEkGHuKpt,solana,PumpSwap,,,,,2026-08-28T13:33:11Z,0.009267519397608545,,,,,,,,,,,,,,,,,,,ohlcv_backfill,minute,0.008781586072030952,0.009777369805661096,0.008373907140602651,0.009267519397608545,57804.55228706076,/home/runner/work/Solana-Memecoin-Analysis/Solana-Memecoin-Analysis/data/cache/2026-09-23/015151544129_ohlcv_fa059d9eed6a.json
2026-09-22T16:55:00+00:00,DA4pM4xSDY4M9V4CgAKKBVH1pw1yscTQQa5nEkGHuKpt,solana,PumpSwap,,,,,2026-08-28T13:33:11Z,0.008781586072030952,,,,,,,,,,,,,,,,,,,ohlcv_backfill,minute,0.009131216615593771,0.009131306148893728,0.008728182449511686,0.008781586072030952,20246.883235039182,/home/runner/work/Solana-Memecoin-Analysis/Solana-Memecoin-Analysis/data/cache/2026-09-23/015151544129_ohlcv_fa059d9eed6a.json
2026-09-22T16:50:00+00:00,DA4pM4xSDY4M9V4CgAKKBVH1pw1yscTQQa5nEkGHuKpt,solana,PumpSwap,,,,,2026-08-28T13:33:11Z,0.009131216615593771,,,,,,,,,,,,,,,,,,,ohlcv_backfill,minute,0.009026706375608632,0.009447631910591066,0.008920706141012875,0.009131216615593771,30373.38137229217,/home/runner/work/Solana-Memecoin-Analysis/Solana-Memecoin-Analysis/data/cache/2026-09-23/015151544129_ohlcv_fa059d9eed6a.json
2026-09-22T16:45:00+00:00,DA4pM4xSDY4M9V4CgAKKBVH1pw1yscTQQa5nEkGHuKpt,solana,PumpSwap,,,,,2026-08-28T13:33:11Z,0.009026706375608632,,,,,,,,,,,,,,,,,,,ohlcv_backfill,minute,0.009374904533251752,0.009374904533251752,0.008643153219043843,0.009026706375608632,46759.213350581944,/home/runner/work/Solana-Memecoin-Analysis/Solana-Memecoin-Analysis/data/cache/2026-09-23/015151544129_ohlcv_fa059d9eed6a.json
2026-09-22T16:40:00+00:00,DA4pM4xSDY4M9V4CgAKKBVH1pw1yscTQQa5nEkGHuKpt,solana,PumpSwap,,,,,2026-08-28T13:33:11Z,0.009374904533251752,,,,,,,,,,,,,,,,,,,ohlcv_backfill,minute,0.00852770595135738,0.010402433717711861,0.008427030723064556,0.009374904533251752,140534.00325272296,/home/runner/work/Solana-Memecoin-Analysis/Solana-Memecoin-Analysis/data/cache/2026-09-23/015151544129_ohlcv_fa059d9eed6a.json
2026-09-22T16:35:00+00:00,DA4pM4xSDY4M9V4CgAKKBVH1pw1yscTQQa5nEkGHuKpt,solana,PumpSwap,,,,,2026-08-28T13:33:11Z,0.00852770595135738,,,,,,,,,,,,,,,,,,,ohlcv_backfill,minute,0.006612677174279242,0.011792318198071479,0.00656951465998344,0.00852770595135738,171067.94174281985,/home/runner/work/Solana-Memecoin-Analysis/Solana-Memecoin-Analysis/data/cache/2026-09-23/015151544129_ohlcv_fa059d9eed6a.json
2026-09-22T16:30:00+00:00,DA4pM4xSDY4M9V4CgAKKBVH1pw1yscTQQa5nEkGHuKpt,solana,PumpSwap,,,,,2026-08-28T13:33:11Z,0.006612677174279242,,,,,,,,,,,,,,,,,,,ohlcv_backfill,minute,0.006806880874940741,0.006863474062943002,0.006588047242206946,0.006612677174279242,5739.48073539622,/home/runner/work/Solana-Memecoin-Analysis/Solana-Memecoin-Analysis/data/cache/2026-09-23/015151544129_ohlcv_fa059d9eed6a.json
2026-09-22T16:25:00+00:00,DA4pM4xSDY4M9V4CgAKKBVH1pw1yscTQQa5nEkGHuKpt,solana,PumpSwap,,,,,2026-08-28T13:33:11Z,0.006806880874940741,,,,,,,,,,,,,,,,,,,ohlcv_backfill,minute,0.006577916427779579,0.006869701851858705,0.00654949971478109,0.006806880874940741,6611.839313998384,/home/runner/work/Solana-Memecoin-Analysis/Solana-Memecoin-Analysis/data/cache/2026-09-23/015151544129_ohlcv_fa059d9eed6a.json
2026-09-22T16:20:00+00:00,DA4pM4xSDY4M9V4CgAKKBVH1pw1yscTQQa5nEkGHuKpt,solana,PumpSwap,,,,,2026-08-28T13:33:11Z,0.006577916427779579,,,,,,,,,,,,,,,,,,,ohlcv_backfill,minute,0.006522955082081231,0.0066376028334765675,0.0064527953674082695,0.006577916427779579,3790.4342761109724,/home/runner/work/Solana-Memecoin-Analysis/Solana-Memecoin-Analysis/data/cache/2026-09-23/015151544129_ohlcv_fa059d9eed6a.json
2026-09-22T16:15:00+00:00,DA4pM4xSDY4M9V4CgAKKBVH1pw1yscTQQa5nEkGHuKpt,solana,PumpSwap,,,,,2026-08-28T13:33:11Z,0.006522955082081231,,,,,,,,,,,,,,,,,,,ohlcv_backfill,minute,0.0072348356745004375,0.007245355883288007,0.006413385074836431,0.006522955082081231,17453.462050611797,/home/runner/work/Solana-Memecoin-Analysis/Solana-Memecoin-Analysis/data/cache/2026-09-23/015151544129_ohlcv_fa059d9eed6a.json
2026-09-22T16:10:00+00:00,DA4pM4xSDY4M9V4CgAKKBVH1pw1yscTQQa5nEkGHuKpt,solana,PumpSwap,,,,,2026-08-28T13:33:11Z,0.0072348356745004375,,,,,,,,,,,,,,,,,,,ohlcv_backfill,minute,0.006895355943333824,0.007506256611138551,0.006893209266356374,0.0072348356745004375,31075.086541117627,/home/runner/work/Solana-Memecoin-Analysis/Solana-Memecoin-Analysis/data/cache/2026-09-23/015151544129_ohlcv_fa059d9eed6a.json
2026-09-22T16:05:00+00:00,DA4pM4xSDY4M9V4CgAKKBVH1pw1yscTQQa5nEkGHuKpt,solana,PumpSwap,,,,,2026-08-28T13:33:11Z,0.006895355943333824,,,,,,,,,,,,,,,,,,,ohlcv_backfill,minute,0.006892416132465732,0.006966178504683252,0.006778276865051374,0.006895355943333824,4673.073119398448,/home/runner/work/Solana-Memecoin-Analysis/Solana-Memecoin-Analysis/data/cache/2026-09-23/015151544129_ohlcv_fa059d9eed6a.json
2026-09-22T16:00:00+00:00,DA4pM4xSDY4M9V4CgAKKBVH1pw1yscTQQa5nEkGHuKpt,solana,PumpSwap,,,,,2026-08-28T13:33:11Z,0.006892416132465732,,,,,,,,,,,,,,,,,,,ohlcv_backfill,minute,0.006756641158191541,0.006954557760213896,0.00653793797142727,0.006892416132465732,15679.425665494786,/home/runner/work/Solana-Memecoin-Analysis/Solana-Memecoin-Analysis/data/cache/2026-09-23/015151544129_ohlcv_fa059d9eed6a.json
2026-09-22T15:55:00+00:00,DA4pM4xSDY4M9V4CgAKKBVH1pw1yscTQQa5nEkGHuKpt,solana,PumpSwap,,,,,2026-08-28T13:33:11Z,0.006756641158191541,,,,,,,,,,,,,,,,,,,ohlcv_backfill,minute,0.006441623492220004,0.006828357615642301,0.006325825088447671,0.006756641158191541,14736.993971765092,/home/runner/work/Solana-Memecoin-Analysis/Solana-Memecoin-Analysis/data/cache/2026-09-23/015151544129_ohlcv_fa059d9eed6a.json
2026-09-22T15:50:00+00:00,DA4pM4xSDY4M9V4CgAKKBVH1pw1yscTQQa5nEkGHuKpt,solana,PumpSwap,,,,,2026-08-28T13:33:11Z,0.006441623492220004,,,,,,,,,,,,,,,,,,,ohlcv_backfill,minute,0.006624065640715996,0.0066360748119712884,0.006379807266672863,0.006441623492220004,5339.417589540872,/home/runner/work/Solana-Memecoin-Analysis/Solana-Memecoin-Analysis/data/cache/2026-09-23/015151544129_ohlcv_fa059d9eed6a.json
2026-09-22T15:45:00+00:00,DA4pM4xSDY4M9V4CgAKKBVH1pw1yscTQQa5nEkGHuKpt,solana,PumpSwap,,,,,2026-08-28T13:33:11Z,0.006624065640715996,,,,,,,,,,,,,,,,,,,ohlcv_backfill,minute,0.006883180580747103,0.006961632642003672,0.0062575964216001366,0.006624065640715996,29448.68452086948,/home/runner/work/Solana-Memecoin-Analysis/Solana-Memecoin-Analysis/data/cache/2026-09-23/015151544129_ohlcv_fa059d9eed6a.json
2026-09-22T15:40:00+00:00,DA4pM4xSDY4M9V4CgAKKBVH1pw1yscTQQa5nEkGHuKpt,solana,PumpSwap,,,,,2026-08-28T13:33:11Z,0.006883180580747103,,,,,,,,,,,,,,,,,,,ohlcv_backfill,minute,0.006650568495936301,0.00728472146277574,0.006576134228004066,0.006883180580747103,41888.838354008476,/home/runner/work/Solana-Memecoin-Analysis/Solana-Memecoin-Analysis/data/cache/2026-09-23/015151544129_ohlcv_fa059d9eed6a.json
2026-09-22T15:35:00+00:00,DA4pM4xSDY4M9V4CgAKKBVH1pw1yscTQQa5nEkGHuKpt,solana,PumpSwap,,,,,2026-08-28T13:33:11Z,0.006650568495936301,,,,,,,,,,,,,,,,,,,ohlcv_backfill,minute,0.006093782122014582,0.006716216333809358,0.006084823409836119,0.006650568495936301,40060.38512189486,/home/runner/work/Solana-Memecoin-Analysis/Solana-Memecoin-Analysis/data/cache/2026-09-23/015151544129_ohlcv_fa059d9eed6a.json
2026-09-22T15:30:00+00:00,DA4pM4xSDY4M9V4CgAKKBVH1pw1yscTQQa5nEkGHuKpt,solana,PumpSwap,,,,,2026-08-28T13:33:11Z,0.006093782122014582,,,,,,,,,,,,,,,,,,,ohlcv_backfill,minute,0.006149484776100061,0.006232381037118434,0.006038767912300623,0.006093782122014582,7615.411192356416,/home/runner/work/Solana-Memecoin-Analysis/Solana-Memecoin-Analysis/data/cache/2026-09-23/015151544129_ohlcv_fa059d9eed6a.json
2026-09-22T15:25:00+00:00,DA4pM4xSDY4M9V4CgAKKBVH1pw1yscTQQa5nEkGHuKpt,solana,PumpSwap,,,,,2026-08-28T13:33:11Z,0.006149484776100061,,,,,,,,,,,,,,,,,,,ohlcv_backfill,minute,0.005926221438196553,0.006233981287650868,0.0058702542113515215,0.006149484776100061,11131.110613276403,/home/runner/work/Solana-Memecoin-Analysis/Solana-Memecoin-Analysis/data/cache/2026-09-23/015151544129_ohlcv_fa059d9eed6a.json
2026-09-22T15:20:00+00:00,DA4pM4xSDY4M9V4CgAKKBVH1pw1yscTQQa5nEkGHuKpt,solana,PumpSwap,,,,,2026-08-28T13:33:11Z,0.005926221438196553,,,,,,,,,,,,,,,,,,,ohlcv_backfill,minute,0.005767139092585157,0.005926221438196553,0.005767139092585157,0.005926221438196553,2526.2644900852424,/home/runner/work/Solana-Memecoin-Analysis/Solana-Memecoin-Analysis/data/cache/2026-09-23/015151544129_ohlcv_fa059d9eed6a.json
2026-09-22T15:15:00+00:00,DA4pM4xSDY4M9V4CgAKKBVH1pw1yscTQQa5nEkGHuKpt,solana,PumpSwap,,,,,2026-08-28T13:33:11Z,0.005767139092585157,,,,,,,,,,,,,,,,,,,ohlcv_backfill,minute,0.00569610052435486,0.005794918962612155,0.005671811910076092,0.005767139092585157,2218.3715120749825,/home/runner/work/Solana-Memecoin-Analysis/Solana-Memecoin-Analysis/data/cache/2026-09-23/015151544129_ohlcv_fa059d9eed6a.json
2026-09-22T15:10:00+00:00,DA4pM4xSDY4M9V4CgAKKBVH1pw1yscTQQa5nEkGHuKpt,solana,PumpSwap,,,,,2026-08-28T13:33:11Z,0.00569610052435486,,,,,,,,,,,,,,,,,,,ohlcv_backfill,minute,0.0058016063884398,0.0058016063884398,0.00569610052435486,0.00569610052435486,1667.5710985604887,/home/runner/work/Solana-Memecoin-Analysis/Solana-Memecoin-Analysis/data/cache/2026-09-23/015151544129_ohlcv_fa059d9eed6a.json
2026-09-22T15:05:00+00:00,DA4pM4xSDY4M9V4CgAKKBVH1pw1yscTQQa5nEkGHuKpt,solana,PumpSwap,,,,,2026-08-28T13:33:11Z,0.0058016063884398,,,,,,,,,,,,,,,,,,,ohlcv_backfill,minute,0.005725790545291107,0.0058016063884398,0.005725790545291107,0.0058016063884398,181.27301639699874,/home/runner/work/Solana-Memecoin-Analysis/Solana-Memecoin-Analysis/data/cache/2026-09-23/015151544129_ohlcv_fa059d9eed6a.json
2026-09-22T15:00:00+00:00,DA4pM4xSDY4M9V4CgAKKBVH1pw1yscTQQa5nEkGHuKpt,solana,PumpSwap,,,,,2026-08-28T13:33:11Z,0.005725790545291107,,,,,,,,,,,,,,,,,,,ohlcv_backfill,minute,0.005743483718273757,0.005787440290465822,0.005725790545291107,0.005725790545291107,216.87293385001277,/home/runner/work/Solana-Memecoin-Analysis/Solana-Memecoin-Analysis/data/cache/2026-09-23/015151544129_ohlcv_fa059d9eed6a.json
2026-09-22T14:55:00+00:00,DA4pM4xSDY4M9V4CgAKKBVH1pw1yscTQQa5nEkGHuKpt,solana,PumpSwap,,,,,2026-08-28T13:33:11Z,0.005743483718273757,,,,,,,,,,,,,,,,,,,ohlcv_backfill,minute,0.0058330185616909044,0.005837247750914246,0.005743483718273757,0.005743483718273757,1957.257762932724,/home/runner/work/Solana-Memecoin-Analysis/Solana-Memecoin-Analysis/data/cache/2026-09-23/015151544129_ohlcv_fa059d9eed6a.json
2026-09-22T14:50:00+00:00,DA4pM4xSDY4M9V4CgAKKBVH1pw1yscTQQa5nEkGHuKpt,solana,PumpSwap,,,,,2026-08-28T13:33:11Z,0.0058330185616909044,,,,,,,,,,,,,,,,,,,ohlcv_backfill,minute,0.005735392490263419,0.005852949267900304,0.005735392490263419,0.0058330185616909044,2827.31770427779,/home/runner/work/Solana-Memecoin-Analysis/Solana-Memecoin-Analysis/data/cache/2026-09-23/015151544129_ohlcv_fa059d9eed6a.json
2026-09-22T14:45:00+00:00,DA4pM4xSDY4M9V4CgAKKBVH1pw1yscTQQa5nEkGHuKpt,solana,PumpSwap,,,,,2026-08-28T13:33:11Z,0.005735392490263419,,,,,,,,,,,,,,,,,,,ohlcv_backfill,minute,0.005672434647272746,0.005801123005156141,0.005672434647272746,0.005735392490263419,2366.7088421842527,/home/runner/work/Solana-Memecoin-Analysis/Solana-Memecoin-Analysis/data/cache/2026-09-23/015151544129_ohlcv_fa059d9eed6a.json
2026-09-22T14:40:00+00:00,DA4pM4xSDY4M9V4CgAKKBVH1pw1yscTQQa5nEkGHuKpt,solana,PumpSwap,,,,,2026-08-28T13:33:11Z,0.005672434647272746,,,,,,,,,,,,,,,,,,,ohlcv_backfill,minute,0.00559105302939525,0.005672434647272746,0.005530215884003216,0.005672434647272746,3014.3324188848405,/home/runner/work/Solana-Memecoin-Analysis/Solana-Memecoin-Analysis/data/cache/2026-09-23/015151544129_ohlcv_fa059d9eed6a.json
2026-09-22T14:35:00+00:00,DA4pM4xSDY4M9V4CgAKKBVH1pw1yscTQQa5nEkGHuKpt,solana,PumpSwap,,,,,2026-08-28T13:33:11Z,0.00559105302939525,,,,,,,,,,,,,,,,,,,ohlcv_backfill,minute,0.005585245909186326,0.00560857355528633,0.005527052104052495,0.00559105302939525,677.3714634387212,/home/runner/work/Solana-Memecoin-Analysis/Solana-Memecoin-Analysis/data/cache/2026-09-23/015151544129_ohlcv_fa059d9eed6a.json
2026-09-22T14:30:00+00:00,DA4pM4xSDY4M9V4CgAKKBVH1pw1yscTQQa5nEkGHuKpt,solana,PumpSwap,,,,,2026-08-28T13:33:11Z,0.005585245909186326,,,,,,,,,,,,,,,,,,,ohlcv_backfill,minute,0.005857936256869642,0.005907488268170632,0.005585245909186326,0.005585245909186326,7749.660522854804,/home/runner/work/Solana-Memecoin-Analysis/Solana-Memecoin-Analysis/data/cache/2026-09-23/015151544129_ohlcv_fa059d9eed6a.json
2026-09-22T14:25:00+00:00,DA4pM4xSDY4M9V4CgAKKBVH1pw1yscTQQa5nEkGHuKpt,solana,PumpSwap,,,,,2026-08-28T13:33:11Z,0.005857936256869642,,,,,,,,,,,,,,,,,,,ohlcv_backfill,minute,0.005901270531816755,0.005950892456394998,0.005857936256869642,0.005857936256869642,667.5330659597644,/home/runner/work/Solana-Memecoin-Analysis/Solana-Memecoin-Analysis/data/cache/2026-09-23/015151544129_ohlcv_fa059d9eed6a.json
2026-09-22T14:20:00+00:00,DA4pM4xSDY4M9V4CgAKKBVH1pw1yscTQQa5nEkGHuKpt,solana,PumpSwap,,,,,2026-08-28T13:33:11Z,0.005901270531816755,,,,,,,,,,,,,,,,,,,ohlcv_backfill,minute,0.005944360111837454,0.005961230554485372,0.0058947385595392735,0.005901270531816755,332.602619762488,/home/runner/work/Solana-Memecoin-Analysis/Solana-Memecoin-Analysis/data/cache/2026-09-23/015151544129_ohlcv_fa059d9eed6a.json
2026-09-22T14:15:00+00:00,DA4pM4xSDY4M9V4CgAKKBVH1pw1yscTQQa5nEkGHuKpt,solana,PumpSwap,,,,,2026-08-28T13:33:11Z,0.005944360111837454,,,,,,,,,,,,,,,,,,,ohlcv_backfill,minute,0.005947639367029132,0.0059998302126216,0.005863692932615532,0.005944360111837454,2089.107146730625,/home/runner/work/Solana-Memecoin-Analysis/Solana-Memecoin-Analysis/data/cache/2026-09-23/015151544129_ohlcv_fa059d9eed6a.json
2026-09-22T14:10:00+00:00,DA4pM4xSDY4M9V4CgAKKBVH1pw1yscTQQa5nEkGHuKpt,solana,PumpSwap,,,,,2026-08-28T13:33:11Z,0.005947639367029132,,,,,,,,,,,,,,,,,,,ohlcv_backfill,minute,0.005760971410113272,0.00598800904036925,0.005752562032209224,0.005947639367029132,4820.995327019036,/home/runner/work/Solana-Memecoin-Analysis/Solana-Memecoin-Analysis/data/cache/2026-09-23/015151544129_ohlcv_fa059d9eed6a.json
2026-09-22T14:05:00+00:00,DA4pM4xSDY4M9V4CgAKKBVH1pw1yscTQQa5nEkGHuKpt,solana,PumpSwap,,,,,2026-08-28T13:33:11Z,0.005760971410113272,,,,,,,,,,,,,,,,,,,ohlcv_backfill,minute,0.005833294369571353,0.005852796235799745,0.005760971410113272,0.005760971410113272,1274.5606234807685,/home/runner/work/Solana-Memecoin-Analysis/Solana-Memecoin-Analysis/data/cache/2026-09-23/015151544129_ohlcv_fa059d9eed6a.json
2026-09-22T14:00:00+00:00,DA4pM4xSDY4M9V4CgAKKBVH1pw1yscTQQa5nEkGHuKpt,solana,PumpSwap,,,,,2026-08-28T13:33:11Z,0.005833294369571353,,,,,,,,,,,,,,,,,,,ohlcv_backfill,minute,0.0059335495917064145,0.0059335495917064145,0.005833294369571353,0.005833294369571353,855.3652378594827,/home/runner/work/Solana-Memecoin-Analysis/Solana-Memecoin-Analysis/data/cache/2026-09-23/015151544129_ohlcv_fa059d9eed6a.json
2026-09-22T13:55:00+00:00,DA4pM4xSDY4M9V4CgAKKBVH1pw1yscTQQa5nEkGHuKpt,solana,PumpSwap,,,,,2026-08-28T13:33:11Z,0.0059335495917064145,,,,,,,,,,,,,,,,,,,ohlcv_backfill,minute,0.005935811956272045,0.005938307450197831,0.005891566568757165,0.0059335495917064145,1577.5764890369242,/home/runner/work/Solana-Memecoin-Analysis/Solana-Memecoin-Analysis/data/cache/2026-09-23/015151544129_ohlcv_fa059d9eed6a.json
2026-09-22T13:50:00+00:00,DA4pM4xSDY4M9V4CgAKKBVH1pw1yscTQQa5nEkGHuKpt,solana,PumpSwap,,,,,2026-08-28T13:33:11Z,0.005935811956272045,,,,,,,,,,,,,,,,,,,ohlcv_backfill,minute,0.005953853341020423,0.005990334291110022,0.0059121712082252096,0.005935811956272045,988.1808860526502,/home/runner/work/Solana-Memecoin-Analysis/Solana-Memecoin-Analysis/data/cache/2026-09-23/015151544129_ohlcv_fa059d9eed6a.json
2026-09-22T13:45:00+00:00,DA4pM4xSDY4M9V4CgAKKBVH1pw1yscTQQa5nEkGHuKpt,solana,PumpSwap,,,,,2026-08-28T13:33:11Z,0.005953853341020423,,,,,,,,,,,,,,,,,,,ohlcv_backfill,minute,0.005973488272165245,0.005973953100008835,0.005871600534217527,0.005953853341020423,2740.74599931112,/home/runner/work/Solana-Memecoin-Analysis/Solana-Memecoin-Analysis/data/cache/2026-09-23/015151544129_ohlcv_fa059d9eed6a.json
2026-09-22T13:40:00+00:00,DA4pM4xSDY4M9V4CgAKKBVH1pw1yscTQQa5nEkGHuKpt,solana,PumpSwap,,,,,2026-08-28T13:33:11Z,0.005973488272165245,,,,,,,,,,,,,,,,,,,ohlcv_backfill,minute,0.0059787394684511835,0.005978911256231842,0.00591198519832603,0.005973488272165245,1973.8947650831763,/home/runner/work/Solana-Memecoin-Analysis/Solana-Memecoin-Analysis/data/cache/2026-09-23/015151544129_ohlcv_fa059d9eed6a.json
2026-09-22T13:35:00+00:00,DA4pM4xSDY4M9V4CgAKKBVH1pw1yscTQQa5nEkGHuKpt,solana,PumpSwap,,,,,2026-08-28T13:33:11Z,0.0059787394684511835,,,,,,,,,,,,,,,,,,,ohlcv_backfill,minute,0.005976681255366001,0.005985879044873645,0.005866413542118321,0.0059787394684511835,3610.301314495027,/home/runner/work/Solana-Memecoin-Analysis/Solana-Memecoin-Analysis/data/cache/2026-09-23/015151544129_ohlcv_fa059d9eed6a.json
2026-09-22T13:30:00+00:00,DA4pM4xSDY4M9V4CgAKKBVH1pw1yscTQQa5nEkGHuKpt,solana,PumpSwap,,,,,2026-08-28T13:33:11Z,0.005976681255366001,,,,,,,,,,,,,,,,,,,ohlcv_backfill,minute,0.005786975900060516,0.0060623316428196,0.005785562238435968,0.005976681255366001,9297.644261348432,/home/runner/work/Solana-Memecoin-Analysis/Solana-Memecoin-Analysis/data/cache/2026-09-23/015151544129_ohlcv_fa059d9eed6a.json
2026-09-22T13:25:00+00:00,DA4pM4xSDY4M9V4CgAKKBVH1pw1yscTQQa5nEkGHuKpt,solana,PumpSwap,,,,,2026-08-28T13:33:11Z,0.005786975900060516,,,,,,,,,,,,,,,,,,,ohlcv_backfill,minute,0.005713511527197806,0.005849158661974798,0.005711194837578011,0.005786975900060516,5789.348074777374,/home/runner/work/Solana-Memecoin-Analysis/Solana-Memecoin-Analysis/data/cache/2026-09-23/015151544129_ohlcv_fa059d9eed6a.json
2026-09-22T13:20:00+00:00,DA4pM4xSDY4M9V4CgAKKBVH1pw1yscTQQa5nEkGHuKpt,solana,PumpSwap,,,,,2026-08-28T13:33:11Z,0.005713511527197806,,,,,,,,,,,,,,,,,,,ohlcv_backfill,minute,0.00583409004958894,0.00583409004958894,0.0056397227831455074,0.005713511527197806,4797.912860303604,/home/runner/work/Solana-Memecoin-Analysis/Solana-Memecoin-Analysis/data/cache/2026-09-23/015151544129_ohlcv_fa059d9eed6a.json
2026-09-22T13:15:00+00:00,DA4pM4xSDY4M9V4CgAKKBVH1pw1yscTQQa5nEkGHuKpt,solana,PumpSwap,,,,,2026-08-28T13:33:11Z,0.00583409004958894,,,,,,,,,,,,,,,,,,,ohlcv_backfill,minute,0.005790864857661446,0.00583409004958894,0.0057271573907083225,0.00583409004958894,987.3280191607017,/home/runner/work/Solana-Memecoin-Analysis/Solana-Memecoin-Analysis/data/cache/2026-09-23/015151544129_ohlcv_fa059d9eed6a.json
2026-09-22T13:10:00+00:00,DA4pM4xSDY4M9V4CgAKKBVH1pw1yscTQQa5nEkGHuKpt,solana,PumpSwap,,,,,2026-08-28T13:33:11Z,0.005790864857661446,,,,,,,,,,,,,,,,,,,ohlcv_backfill,minute,0.0057865042667806,0.005797741967806095,0.005713786852448195,0.005790864857661446,2449.449100357611,/home/runner/work/Solana-Memecoin-Analysis/Solana-Memecoin-Analysis/data/cache/2026-09-23/015151544129_ohlcv_fa059d9eed6a.json
2026-09-22T13:05:00+00:00,DA4pM4xSDY4M9V4CgAKKBVH1pw1yscTQQa5nEkGHuKpt,solana,PumpSwap,,,,,2026-08-28T13:33:11Z,0.0057865042667806,,,,,,,,,,,,,,,,,,,ohlcv_backfill,minute,0.005590533561709032,0.006059226630851763,0.005590533561709032,0.0057865042667806,19259.897541299895,/home/runner/work/Solana-Memecoin-Analysis/Solana-Memecoin-Analysis/data/cache/2026-09-23/015151544129_ohlcv_fa059d9eed6a.json
2026-09-22T13:00:00+00:00,DA4pM4xSDY4M9V4CgAKKBVH1pw1yscTQQa5nEkGHuKpt,solana,PumpSwap,,,,,2026-08-28T13:33:11Z,0.005590533561709032,,,,,,,,,,,,,,,,,,,ohlcv_backfill,minute,0.005255308106887118,0.0056144336085049455,0.0052221873448968165,0.005590533561709032,8908.099957397077,/home/runner/work/Solana-Memecoin-Analysis/Solana-Memecoin-Analysis/data/cache/2026-09-23/015151544129_ohlcv_fa059d9eed6a.json
2026-09-22T12:55:00+00:00,DA4pM4xSDY4M9V4CgAKKBVH1pw1yscTQQa5nEkGHuKpt,solana,PumpSwap,,,,,2026-08-28T13:33:11Z,0.005255308106887118,,,,,,,,,,,,,,,,,,,ohlcv_backfill,minute,0.005281141292556859,0.005304575757550851,0.0052263539583554675,0.005255308106887118,1084.2904227053718,/home/runner/work/Solana-Memecoin-Analysis/Solana-Memecoin-Analysis/data/cache/2026-09-23/015151544129_ohlcv_fa059d9eed6a.json
2026-09-22T12:50:00+00:00,DA4pM4xSDY4M9V4CgAKKBVH1pw1yscTQQa5nEkGHuKpt,solana,PumpSwap,,,,,2026-08-28T13:33:11Z,0.005281141292556859,,,,,,,,,,,,,,,,,,,ohlcv_backfill,minute,0.005268330213136625,0.005285920943765292,0.005268330213136625,0.005281141292556859,427.41508077624576,/home/runner/work/Solana-Memecoin-Analysis/Solana-Memecoin-Analysis/data/cache/2026-09-23/015151544129_ohlcv_fa059d9eed6a.json
2026-09-22T12:45:00+00:00,DA4pM4xSDY4M9V4CgAKKBVH1pw1yscTQQa5nEkGHuKpt,solana,PumpSwap,,,,,2026-08-28T13:33:11Z,0.005268330213136625,,,,,,,,,,,,,,,,,,,ohlcv_backfill,minute,0.005330086625739525,0.005381975884113688,0.005256220192517232,0.005268330213136625,2791.1024875680523,/home/runner/work/Solana-Memecoin-Analysis/Solana-Memecoin-Analysis/data/cache/2026-09-23/015151544129_ohlcv_fa059d9eed6a.json
2026-09-22T12:40:00+00:00,DA4pM4xSDY4M9V4CgAKKBVH1pw1yscTQQa5nEkGHuKpt,solana,PumpSwap,,,,,2026-08-28T13:33:11Z,0.005330086625739525,,,,,,,,,,,,,,,,,,,ohlcv_backfill,minute,0.005363963826075106,0.005380235763356642,0.005330086625739525,0.005330086625739525,778.014699531252,/home/runner/work/Solana-Memecoin-Analysis/Solana-Memecoin-Analysis/data/cache/2026-09-23/015151544129_ohlcv_fa059d9eed6a.json
2026-09-22T12:35:00+00:00,DA4pM4xSDY4M9V4CgAKKBVH1pw1yscTQQa5nEkGHuKpt,solana,PumpSwap,,,,,2026-08-28T13:33:11Z,0.005363963826075106,,,,,,,,,,,,,,,,,,,ohlcv_backfill,minute,0.005387499799576297,0.005393632614025359,0.005315192597410261,0.005363963826075106,594.6172558033705,/home/runner/work/Solana-Memecoin-Analysis/Solana-Memecoin-Analysis/data/cache/2026-09-23/015151544129_ohlcv_fa059d9eed6a.json
2026-09-22T12:30:00+00:00,DA4pM4xSDY4M9V4CgAKKBVH1pw1yscTQQa5nEkGHuKpt,solana,PumpSwap,,,,,2026-08-28T13:33:11Z,0.005387499799576297,,,,,,,,,,,,,,,,,,,ohlcv_backfill,minute,0.005439838578556151,0.0054494049085780615,0.005338668017613728,0.005387499799576297,1529.017983254674,/home/runner/work/Solana-Memecoin-Analysis/Solana-Memecoin-Analysis/data/cache/2026-09-23/015151544129_ohlcv_fa059d9eed6a.json
2026-09-22T12:25:00+00:00,DA4pM4xSDY4M9V4CgAKKBVH1pw1yscTQQa5nEkGHuKpt,solana,PumpSwap,,,,,2026-08-28T13:33:11Z,0.005439838578556151,,,,,,,,,,,,,,,,,,,ohlcv_backfill,minute,0.005448072040773852,0.00548479031231985,0.00538674467071292,0.005439838578556151,1101.445750603695,/home/runner/work/Solana-Memecoin-Analysis/Solana-Memecoin-Analysis/data/cache/2026-09-23/015151544129_ohlcv_fa059d9eed6a.json
2026-09-22T12:20:00+00:00,DA4pM4xSDY4M9V4CgAKKBVH1pw1yscTQQa5nEkGHuKpt,solana,PumpSwap,,,,,2026-08-28T13:33:11Z,0.005448072040773852,,,,,,,,,,,,,,,,,,,ohlcv_backfill,minute,0.005617930459320784,0.005633000757472249,0.005448072040773852,0.005448072040773852,2943.7332902699573,/home/runner/work/Solana-Memecoin-Analysis/Solana-Memecoin-Analysis/data/cache/2026-09-23/015151544129_ohlcv_fa059d9eed6a.json
2026-09-22T12:15:00+00:00,DA4pM4xSDY4M9V4CgAKKBVH1pw1yscTQQa5nEkGHuKpt,solana,PumpSwap,,,,,2026-08-28T13:33:11Z,0.005617930459320784,,,,,,,,,,,,,,,,,,,ohlcv_backfill,minute,0.0056292336822292306,0.0056292336822292306,0.005564389896619185,0.005617930459320784,123.40212812052326,/home/runner/work/Solana-Memecoin-Analysis/Solana-Memecoin-Analysis/data/cache/2026-09-23/015151544129_ohlcv_fa059d9eed6a.json
2026-09-22T12:10:00+00:00,DA4pM4xSDY4M9V4CgAKKBVH1pw1yscTQQa5nEkGHuKpt,solana,PumpSwap,,,,,2026-08-28T13:33:11Z,0.0056292336822292306,,,,,,,,,,,,,,,,,,,ohlcv_backfill,minute,0.005717397415720453,0.005717397415720453,0.005573562111654886,0.0056292336822292306,2213.9135441261524,/home/runner/work/Solana-Memecoin-Analysis/Solana-Memecoin-Analysis/data/cache/2026-09-23/015151544129_ohlcv_fa059d9eed6a.json
2026-09-22T12:05:00+00:00,DA4pM4xSDY4M9V4CgAKKBVH1pw1yscTQQa5nEkGHuKpt,solana,PumpSwap,,,,,2026-08-28T13:33:11Z,0.005717397415720453,,,,,,,,,,,,,,,,,,,ohlcv_backfill,minute,0.005654003141115156,0.005718098838297169,0.005619278045469977,0.005717397415720453,1799.7147531429855,/home/runner/work/Solana-Memecoin-Analysis/Solana-Memecoin-Analysis/data/cache/2026-09-23/015151544129_ohlcv_fa059d9eed6a.json
2026-09-22T12:00:00+00:00,DA4pM4xSDY4M9V4CgAKKBVH1pw1yscTQQa5nEkGHuKpt,solana,PumpSwap,,,,,2026-08-28T13:33:11Z,0.005654003141115156,,,,,,,,,,,,,,,,,,,ohlcv_backfill,minute,0.005589273419110755,0.005696424882495529,0.005519324938024919,0.005654003141115156,7230.053467120199,/home/runner/work/Solana-Memecoin-Analysis/Solana-Memecoin-Analysis/data/cache/2026-09-23/015151544129_ohlcv_fa059d9eed6a.json
2026-09-22T11:55:00+00:00,DA4pM4xSDY4M9V4CgAKKBVH1pw1yscTQQa5nEkGHuKpt,solana,PumpSwap,,,,,2026-08-28T13:33:11Z,0.005589273419110755,,,,,,,,,,,,,,,,,,,ohlcv_backfill,minute,0.00563261247008529,0.005722084974501879,0.005589273419110755,0.005589273419110755,4811.348999456251,/home/runner/work/Solana-Memecoin-Analysis/Solana-Memecoin-Analysis/data/cache/2026-09-23/015151544129_ohlcv_fa059d9eed6a.json
2026-09-22T11:50:00+00:00,DA4pM4xSDY4M9V4CgAKKBVH1pw1yscTQQa5nEkGHuKpt,solana,PumpSwap,,,,,2026-08-28T13:33:11Z,0.00563261247008529,,,,,,,,,,,,,,,,,,,ohlcv_backfill,minute,0.005693652934437524,0.0057789166812462645,0.005585436541723843,0.00563261247008529,10040.445317452217,/home/runner/work/Solana-Memecoin-Analysis/Solana-Memecoin-Analysis/data/cache/2026-09-23/015151544129_ohlcv_fa059d9eed6a.json
2026-09-22T11:45:00+00:00,DA4pM4xSDY4M9V4CgAKKBVH1pw1yscTQQa5nEkGHuKpt,solana,PumpSwap,,,,,2026-08-28T13:33:11Z,0.005693652934437524,,,,,,,,,,,,,,,,,,,ohlcv_backfill,minute,0.005382411331937859,0.005739826072800776,0.00532366171799633,0.005693652934437524,13429.492107323289,/home/runner/work/Solana-Memecoin-Analysis/Solana-Memecoin-Analysis/data/cache/2026-09-23/015151544129_ohlcv_fa059d9eed6a.json
2026-09-22T11:40:00+00:00,DA4pM4xSDY4M9V4CgAKKBVH1pw1yscTQQa5nEkGHuKpt,solana,PumpSwap,,,,,2026-08-28T13:33:11Z,0.005382411331937859,,,,,,,,,,,,,,,,,,,ohlcv_backfill,minute,0.0050012099020833355,0.005419818866051392,0.004953765019415556,0.005382411331937859,10145.230943862469,/home/runner/work/Solana-Memecoin-Analysis/Solana-Memecoin-Analysis/data/cache/2026-09-23/015151544129_ohlcv_fa059d9eed6a.json
2026-09-22T11:35:00+00:00,DA4pM4xSDY4M9V4CgAKKBVH1pw1yscTQQa5nEkGHuKpt,solana,PumpSwap,,,,,2026-08-28T13:33:11Z,0.0050012099020833355,,,,,,,,,,,,,,,,,,,ohlcv_backfill,minute,0.005131314221182256,0.005191160241212663,0.004972126338671913,0.0050012099020833355,4423.978985009528,/home/runner/work/Solana-Memecoin-Analysis/Solana-Memecoin-Analysis/data/cache/2026-09-23/015151544129_ohlcv_fa059d9eed6a.json
2026-09-22T11:30:00+00:00,DA4pM4xSDY4M9V4CgAKKBVH1pw1yscTQQa5nEkGHuKpt,solana,PumpSwap,,,,,2026-08-28T13:33:11Z,0.005131314221182256,,,,,,,,,,,,,,,,,,,ohlcv_backfill,minute,0.005137497589002614,0.005197228735813876,0.005131314221182256,0.005131314221182256,1137.3572422079374,/home/runner/work/Solana-Memecoin-Analysis/Solana-Memecoin-Analysis/data/cache/2026-09-23/015151544129_ohlcv_fa059d9eed6a.json
2026-09-22T11:25:00+00:00,DA4pM4xSDY4M9V4CgAKKBVH1pw1yscTQQa5nEkGHuKpt,solana,PumpSwap,,,,,2026-08-28T13:33:11Z,0.005137497589002614,,,,,,,,,,,,,,,,,,,ohlcv_backfill,minute,0.005192863470325923,0.00520168661672163,0.005137497589002614,0.005137497589002614,192.4224053751289,/home/runner/work/Solana-Memecoin-Analysis/Solana-Memecoin-Analysis/data/cache/2026-09-23/015151544129_ohlcv_fa059d9eed6a.json
2026-09-22T11:20:00+00:00,DA4pM4xSDY4M9V4CgAKKBVH1pw1yscTQQa5nEkGHuKpt,solana,PumpSwap,,,,,2026-08-28T13:33:11Z,0.005192863470325923,,,,,,,,,,,,,,,,,,,ohlcv_backfill,minute,0.005180955759950298,0.005261759645598473,0.005152218767928687,0.005192863470325923,2924.1965532691406,/home/runner/work/Solana-Memecoin-Analysis/Solana-Memecoin-Analysis/data/cache/2026-09-23/015151544129_ohlcv_fa059d9eed6a.json
2026-09-22T11:15:00+00:00,DA4pM4xSDY4M9V4CgAKKBVH1pw1yscTQQa5nEkGHuKpt,solana,PumpSwap,,,,,2026-08-28T13:33:11Z,0.005180955759950298,,,,,,,,,,,,,,,,,,,ohlcv_backfill,minute,0.004898205213756898,0.005232314475238352,0.004884589975979846,0.005180955759950298,7494.815487673786,/home/runner/work/Solana-Memecoin-Analysis/Solana-Memecoin-Analysis/data/cache/2026-09-23/015151544129_ohlcv_fa059d9eed6a.json
2026-09-22T11:10:00+00:00,DA4pM4xSDY4M9V4CgAKKBVH1pw1yscTQQa5nEkGHuKpt,solana,PumpSwap,,,,,2026-08-28T13:33:11Z,0.004898205213756898,,,,,,,,,,,,,,,,,,,ohlcv_backfill,minute,0.004849722945945365,0.004898205213756898,0.004833138162135687,0.004898205213756898,913.180872032199,/home/runner/work/Solana-Memecoin-Analysis/Solana-Memecoin-Analysis/data/cache/2026-09-23/015151544129_ohlcv_fa059d9eed6a.json
2026-09-22T11:05:00+00:00,DA4pM4xSDY4M9V4CgAKKBVH1pw1yscTQQa5nEkGHuKpt,solana,PumpSwap,,,,,2026-08-28T13:33:11Z,0.004849722945945365,,,,,,,,,,,,,,,,,,,ohlcv_backfill,minute,0.004905756985696984,0.004906300940210147,0.004849722945945365,0.004849722945945365,415.01776377455036,/home/runner/work/Solana-Memecoin-Analysis/Solana-Memecoin-Analysis/data/cache/2026-09-23/015151544129_ohlcv_fa059d9eed6a.json
2026-09-22T11:00:00+00:00,DA4pM4xSDY4M9V4CgAKKBVH1pw1yscTQQa5nEkGHuKpt,solana,PumpSwap,,,,,2026-08-28T13:33:11Z,0.004905756985696984,,,,,,,,,,,,,,,,,,,ohlcv_backfill,minute,0.00490578362141103,0.00490869179830077,0.004860853574281361,0.004905756985696984,67.69539607801038,/home/runner/work/Solana-Memecoin-Analysis/Solana-Memecoin-Analysis/data/cache/2026-09-23/015151544129_ohlcv_fa059d9eed6a.json
2026-09-22T10:55:00+00:00,DA4pM4xSDY4M9V4CgAKKBVH1pw1yscTQQa5nEkGHuKpt,solana,PumpSwap,,,,,2026-08-28T13:33:11Z,0.00490578362141103,,,,,,,,,,,,,,,,,,,ohlcv_backfill,minute,0.004862494917059666,0.004913071173449437,0.0048576000065264895,0.00490578362141103,394.80302952382374,/home/runner/work/Solana-Memecoin-Analysis/Solana-Memecoin-Analysis/data/cache/2026-09-23/015151544129_ohlcv_fa059d9eed6a.json
2026-09-22T10:50:00+00:00,DA4pM4xSDY4M9V4CgAKKBVH1pw1yscTQQa5nEkGHuKpt,solana,PumpSwap,,,,,2026-08-28T13:33:11Z,0.004862494917059666,,,,,,,,,,,,,,,,,,,ohlcv_backfill,minute,0.004894634579021089,0.004938511134558358,0.004862494917059666,0.004862494917059666,706.0310938015758,/home/runner/work/Solana-Memecoin-Analysis/Solana-Memecoin-Analysis/data/cache/2026-09-23/015151544129_ohlcv_fa059d9eed6a.json
2026-09-22T10:45:00+00:00,DA4pM4xSDY4M9V4CgAKKBVH1pw1yscTQQa5nEkGHuKpt,solana,PumpSwap,,,,,2026-08-28T13:33:11Z,0.004894634579021089,,,,,,,,,,,,,,,,,,,ohlcv_backfill,minute,0.004890714913874863,0.00495233168491398,0.004884557850498317,0.004894634579021089,2211.3435710690023,/home/runner/work/Solana-Memecoin-Analysis/Solana-Memecoin-Analysis/data/cache/2026-09-23/015151544129_ohlcv_fa059d9eed6a.json
2026-09-22T10:40:00+00:00,DA4pM4xSDY4M9V4CgAKKBVH1pw1yscTQQa5nEkGHuKpt,solana,PumpSwap,,,,,2026-08-28T13:33:11Z,0.004890714913874863,,,,,,,,,,,,,,,,,,,ohlcv_backfill,minute,0.004891867773461971,0.004891867773461971,0.004838463096820319,0.004890714913874863,139.88554032155199,/home/runner/work/Solana-Memecoin-Analysis/Solana-Memecoin-Analysis/data/cache/2026-09-23/015151544129_ohlcv_fa059d9eed6a.json
2026-09-22T10:35:00+00:00,DA4pM4xSDY4M9V4CgAKKBVH1pw1yscTQQa5nEkGHuKpt,solana,PumpSwap,,,,,2026-08-28T13:33:11Z,0.004891867773461971,,,,,,,,,,,,,,,,,,,ohlcv_backfill,minute,0.0048264449470033855,0.004897798749757965,0.004823519693055784,0.004891867773461971,1048.6660436616578,/home/runner/work/Solana-Memecoin-Analysis/Solana-Memecoin-Analysis/data/cache/2026-09-23/015151544129_ohlcv_fa059d9eed6a.json
2026-09-22T10:30:00+00:00,DA4pM4xSDY4M9V4CgAKKBVH1pw1yscTQQa5nEkGHuKpt,solana,PumpSwap,,,,,2026-08-28T13:33:11Z,0.0048264449470033855,,,,,,,,,,,,,,,,,,,ohlcv_backfill,minute,0.004878042104534607,0.004880638068180464,0.004825104012000336,0.0048264449470033855,295.5835251771762,/home/runner/work/Solana-Memecoin-Analysis/Solana-Memecoin-Analysis/data/cache/2026-09-23/015151544129_ohlcv_fa059d9eed6a.json
2026-09-22T10:25:00+00:00,DA4pM4xSDY4M9V4CgAKKBVH1pw1yscTQQa5nEkGHuKpt,solana,PumpSwap,,,,,2026-08-28T13:33:11Z,0.004878042104534607,,,,,,,,,,,,,,,,,,,ohlcv_backfill,minute,0.004939295537249967,0.004939295537249967,0.004834071557265626,0.004878042104534607,1088.935093494166,/home/runner/work/Solana-Memecoin-Analysis/Solana-Memecoin-Analysis/data/cache/2026-09-23/015151544129_ohlcv_fa059d9eed6a.json
2026-09-22T10:20:00+00:00,DA4pM4xSDY4M9V4CgAKKBVH1pw1yscTQQa5nEkGHuKpt,solana,PumpSwap,,,,,2026-08-28T13:33:11Z,0.004939295537249967,,,,,,,,,,,,,,,,,,,ohlcv_backfill,minute,0.004917533149748534,0.004939295537249967,0.004890059007371213,0.004939295537249967,359.3136938895009,/home/runner/work/Solana-Memecoin-Analysis/Solana-Memecoin-Analysis/data/cache/2026-09-23/015151544129_ohlcv_fa059d9eed6a.json
2026-09-22T10:15:00+00:00,DA4pM4xSDY4M9V4CgAKKBVH1pw1yscTQQa5nEkGHuKpt,solana,PumpSwap,,,,,2026-08-28T13:33:11Z,0.004917533149748534,,,,,,,,,,,,,,,,,,,ohlcv_backfill,minute,0.004972156061724377,0.004972156061724377,0.004917533149748534,0.004917533149748534,145.16592431505805,/home/runner/work/Solana-Memecoin-Analysis/Solana-Memecoin-Analysis/data/cache/2026-09-23/015151544129_ohlcv_fa059d9eed6a.json
2026-09-22T10:10:00+00:00,DA4pM4xSDY4M9V4CgAKKBVH1pw1yscTQQa5nEkGHuKpt,solana,PumpSwap,,,,,2026-08-28T13:33:11Z,0.004972156061724377,,,,,,,,,,,,,,,,,,,ohlcv_backfill,minute,0.004936061908989712,0.004972156061724377,0.004929803164031395,0.004972156061724377,2.8665449582270237,/home/runner/work/Solana-Memecoin-Analysis/Solana-Memecoin-Analysis/data/cache/2026-09-23/015151544129_ohlcv_fa059d9eed6a.json
2026-09-22T10:05:00+00:00,DA4pM4xSDY4M9V4CgAKKBVH1pw1yscTQQa5nEkGHuKpt,solana,PumpSwap,,,,,2026-08-28T13:33:11Z,0.004936061908989712,,,,,,,,,,,,,,,,,,,ohlcv_backfill,minute,0.004990178479287235,0.004990178479287235,0.004936061908989712,0.004936061908989712,196.37284318664885,/home/runner/work/Solana-Memecoin-Analysis/Solana-Memecoin-Analysis/data/cache/2026-09-23/015151544129_ohlcv_fa059d9eed6a.json
2026-09-22T10:00:00+00:00,DA4pM4xSDY4M9V4CgAKKBVH1pw1yscTQQa5nEkGHuKpt,solana,PumpSwap,,,,,2026-08-28T13:33:11Z,0.004990178479287235,,,,,,,,,,,,,,,,,,,ohlcv_backfill,minute,0.004961896451593317,0.005010179065797334,0.004942032747373657,0.004990178479287235,570.5272593602419,/home/runner/work/Solana-Memecoin-Analysis/Solana-Memecoin-Analysis/data/cache/2026-09-23/015151544129_ohlcv_fa059d9eed6a.json
2026-09-22T09:55:00+00:00,DA4pM4xSDY4M9V4CgAKKBVH1pw1yscTQQa5nEkGHuKpt,solana,PumpSwap,,,,,2026-08-28T13:33:11Z,0.004961896451593317,,,,,,,,,,,,,,,,,,,ohlcv_backfill,minute,0.00500828514089028,0.005039333216475325,0.004961424041535981,0.004961896451593317,1476.1644523638715,/home/runner/work/Solana-Memecoin-Analysis/Solana-Memecoin-Analysis/data/cache/2026-09-23/015151544129_ohlcv_fa059d9eed6a.json
2026-09-22T09:50:00+00:00,DA4pM4xSDY4M9V4CgAKKBVH1pw1yscTQQa5nEkGHuKpt,solana,PumpSwap,,,,,2026-08-28T13:33:11Z,0.00500828514089028,,,,,,,,,,,,,,,,,,,ohlcv_backfill,minute,0.004987076258411719,0.005010318023779516,0.004934840701519206,0.00500828514089028,1588.0954938437385,/home/runner/work/Solana-Memecoin-Analysis/Solana-Memecoin-Analysis/data/cache/2026-09-23/015151544129_ohlcv_fa059d9eed6a.json
2026-09-22T09:45:00+00:00,DA4pM4xSDY4M9V4CgAKKBVH1pw1yscTQQa5nEkGHuKpt,solana,PumpSwap,,,,,2026-08-28T13:33:11Z,0.004987076258411719,,,,,,,,,,,,,,,,,,,ohlcv_backfill,minute,0.0049354633766782305,0.004987076258411719,0.0049354633766782305,0.004987076258411719,236.53176317822823,/home/runner/work/Solana-Memecoin-Analysis/Solana-Memecoin-Analysis/data/cache/2026-09-23/015151544129_ohlcv_fa059d9eed6a.json
2026-09-22T09:40:00+00:00,DA4pM4xSDY4M9V4CgAKKBVH1pw1yscTQQa5nEkGHuKpt,solana,PumpSwap,,,,,2026-08-28T13:33:11Z,0.0049354633766782305,,,,,,,,,,,,,,,,,,,ohlcv_backfill,minute,0.004933622906650521,0.0049836393001205705,0.004929109385283926,0.0049354633766782305,218.2690921970204,/home/runner/work/Solana-Memecoin-Analysis/Solana-Memecoin-Analysis/data/cache/2026-09-23/015151544129_ohlcv_fa059d9eed6a.json
2026-09-22T09:35:00+00:00,DA4pM4xSDY4M9V4CgAKKBVH1pw1yscTQQa5nEkGHuKpt,solana,PumpSwap,,,,,2026-08-28T13:33:11Z,0.004933622906650521,,,,,,,,,,,,,,,,,,,ohlcv_backfill,minute,0.004982286628174366,0.004982286628174366,0.004933622906650521,0.004933622906650521,6.117999538156298,/home/runner/work/Solana-Memecoin-Analysis/Solana-Memecoin-Analysis/data/cache/2026-09-23/015151544129_ohlcv_fa059d9eed6a.json
2026-09-22T09:30:00+00:00,DA4pM4xSDY4M9V4CgAKKBVH1pw1yscTQQa5nEkGHuKpt,solana,PumpSwap,,,,,2026-08-28T13:33:11Z,0.004982286628174366,,,,,,,,,,,,,,,,,,,ohlcv_backfill,minute,0.004945195847777752,0.004989540486391385,0.0049377580696873214,0.004982286628174366,545.9529170747826,/home/runner/work/Solana-Memecoin-Analysis/Solana-Memecoin-Analysis/data/cache/2026-09-23/015151544129_ohlcv_fa059d9eed6a.json
2026-09-22T09:25:00+00:00,DA4pM4xSDY4M9V4CgAKKBVH1pw1yscTQQa5nEkGHuKpt,solana,PumpSwap,,,,,2026-08-28T13:33:11Z,0.004945195847777752,,,,,,,,,,,,,,,,,,,ohlcv_backfill,minute,0.004992898493132906,0.004992898493132906,0.004940573547578283,0.004945195847777752,126.93794609919729,/home/runner/work/Solana-Memecoin-Analysis/Solana-Memecoin-Analysis/data/cache/2026-09-23/015151544129_ohlcv_fa059d9eed6a.json
2026-09-22T09:20:00+00:00,DA4pM4xSDY4M9V4CgAKKBVH1pw1yscTQQa5nEkGHuKpt,solana,PumpSwap,,,,,2026-08-28T13:33:11Z,0.004992898493132906,,,,,,,,,,,,,,,,,,,ohlcv_backfill,minute,0.004985119294570106,0.004997878157229863,0.004944191646353593,0.004992898493132906,364.07659216525764,/home/runner/work/Solana-Memecoin-Analysis/Solana-Memecoin-Analysis/data/cache/2026-09-23/015151544129_ohlcv_fa059d9eed6a.json
2026-09-22T09:15:00+00:00,DA4pM4xSDY4M9V4CgAKKBVH1pw1yscTQQa5nEkGHuKpt,solana,PumpSwap,,,,,2026-08-28T13:33:11Z,0.004985119294570106,,,,,,,,,,,,,,,,,,,ohlcv_backfill,minute,0.0049890810995810225,0.004995108472224225,0.004941779066975229,0.004985119294570106,357.23350010853767,/home/runner/work/Solana-Memecoin-Analysis/Solana-Memecoin-Analysis/data/cache/2026-09-23/015151544129_ohlcv_fa059d9eed6a.json
2026-09-22T09:10:00+00:00,DA4pM4xSDY4M9V4CgAKKBVH1pw1yscTQQa5nEkGHuKpt,solana,PumpSwap,,,,,2026-08-28T13:33:11Z,0.0049890810995810225,,,,,,,,,,,,,,,,,,,ohlcv_backfill,minute,0.004938913424179519,0.004991114067586511,0.0049363235949550196,0.0049890810995810225,252.09559578014165,/home/runner/work/Solana-Memecoin-Analysis/Solana-Memecoin-Analysis/data/cache/2026-09-23/015151544129_ohlcv_fa059d9eed6a.json
2026-09-22T09:05:00+00:00,DA4pM4xSDY4M9V4CgAKKBVH1pw1yscTQQa5nEkGHuKpt,solana,PumpSwap,,,,,2026-08-28T13:33:11Z,0.004938913424179519,,,,,,,,,,,,,,,,,,,ohlcv_backfill,minute,0.004969191071768731,0.004994629539030921,0.004938913424179519,0.004938913424179519,613.3442797477525,/home/runner/work/Solana-Memecoin-Analysis/Solana-Memecoin-Analysis/data/cache/2026-09-23/015151544129_ohlcv_fa059d9eed6a.json
2026-09-22T09:00:00+00:00,DA4pM4xSDY4M9V4CgAKKBVH1pw1yscTQQa5nEkGHuKpt,solana,PumpSwap,,,,,2026-08-28T13:33:11Z,0.004969191071768731,,,,,,,,,,,,,,,,,,,ohlcv_backfill,minute,0.005067637682604501,0.005067637682604501,0.004968297005875739,0.004969191071768731,829.2634922689048,/home/runner/work/Solana-Memecoin-Analysis/Solana-Memecoin-Analysis/data/cache/2026-09-23/015151544129_ohlcv_fa059d9eed6a.json
2026-09-22T08:55:00+00:00,DA4pM4xSDY4M9V4CgAKKBVH1pw1yscTQQa5nEkGHuKpt,solana,PumpSwap,,,,,2026-08-28T13:33:11Z,0.005067637682604501,,,,,,,,,,,,,,,,,,,ohlcv_backfill,minute,0.0050866268225694,0.0050866268225694,0.005019109371900795,0.005067637682604501,1249.3988230418506,/home/runner/work/Solana-Memecoin-Analysis/Solana-Memecoin-Analysis/data/cache/2026-09-23/015151544129_ohlcv_fa059d9eed6a.json
2026-09-22T08:50:00+00:00,DA4pM4xSDY4M9V4CgAKKBVH1pw1yscTQQa5nEkGHuKpt,solana,PumpSwap,,,,,2026-08-28T13:33:11Z,0.0050866268225694,,,,,,,,,,,,,,,,,,,ohlcv_backfill,minute,0.005066211892772335,0.005150279835901262,0.005066211892772335,0.0050866268225694,1932.1083994822216,/home/runner/work/Solana-Memecoin-Analysis/Solana-Memecoin-Analysis/data/cache/2026-09-23/015151544129_ohlcv_fa059d9eed6a.json
2026-09-22T08:45:00+00:00,DA4pM4xSDY4M9V4CgAKKBVH1pw1yscTQQa5nEkGHuKpt,solana,PumpSwap,,,,,2026-08-28T13:33:11Z,0.005066211892772335,,,,,,,,,,,,,,,,,,,ohlcv_backfill,minute,0.0050912270646793975,0.005094604173331916,0.005002614558333402,0.005066211892772335,2106.375137174185,/home/runner/work/Solana-Memecoin-Analysis/Solana-Memecoin-Analysis/data/cache/2026-09-23/015151544129_ohlcv_fa059d9eed6a.json
2026-09-22T08:40:00+00:00,DA4pM4xSDY4M9V4CgAKKBVH1pw1yscTQQa5nEkGHuKpt,solana,PumpSwap,,,,,2026-08-28T13:33:11Z,0.0050912270646793975,,,,,,,,,,,,,,,,,,,ohlcv_backfill,minute,0.005016920652040167,0.005151657060630468,0.005016920652040167,0.0050912270646793975,2471.4025116081757,/home/runner/work/Solana-Memecoin-Analysis/Solana-Memecoin-Analysis/data/cache/2026-09-23/015151544129_ohlcv_fa059d9eed6a.json
2026-09-22T08:35:00+00:00,DA4pM4xSDY4M9V4CgAKKBVH1pw1yscTQQa5nEkGHuKpt,solana,PumpSwap,,,,,2026-08-28T13:33:11Z,0.005016920652040167,,,,,,,,,,,,,,,,,,,ohlcv_backfill,minute,0.004940692667686061,0.005060436568773041,0.004939257948574796,0.005016920652040167,2635.9338684864915,/home/runner/work/Solana-Memecoin-Analysis/Solana-Memecoin-Analysis/data/cache/2026-09-23/015151544129_ohlcv_fa059d9eed6a.json
2026-09-22T08:30:00+00:00,DA4pM4xSDY4M9V4CgAKKBVH1pw1yscTQQa5nEkGHuKpt,solana,PumpSwap,,,,,2026-08-28T13:33:11Z,0.004940692667686061,,,,,,,,,,,,,,,,,,,ohlcv_backfill,minute,0.004705815353228288,0.0050713489544254,0.004705815353228288,0.004940692667686061,11810.547435683471,/home/runner/work/Solana-Memecoin-Analysis/Solana-Memecoin-Analysis/data/cache/2026-09-23/015151544129_ohlcv_fa059d9eed6a.json
2026-09-22T08:25:00+00:00,DA4pM4xSDY4M9V4CgAKKBVH1pw1yscTQQa5nEkGHuKpt,solana,PumpSwap,,,,,2026-08-28T13:33:11Z,0.004705815353228288,,,,,,,,,,,,,,,,,,,ohlcv_backfill,minute,0.004765228194924675,0.004765228194924675,0.004705815353228288,0.004705815353228288,119.23822979058642,/home/runner/work/Solana-Memecoin-Analysis/Solana-Memecoin-Analysis/data/cache/2026-09-23/015151544129_ohlcv_fa059d9eed6a.json
2026-09-22T08:20:00+00:00,DA4pM4xSDY4M9V4CgAKKBVH1pw1yscTQQa5nEkGHuKpt,solana,PumpSwap,,,,,2026-08-28T13:33:11Z,0.004765228194924675,,,,,,,,,,,,,,,,,,,ohlcv_backfill,minute,0.00466917360377191,0.004792926201365859,0.00466917360377191,0.004765228194924675,3095.9218784509367,/home/runner/work/Solana-Memecoin-Analysis/Solana-Memecoin-Analysis/data/cache/2026-09-23/015151544129_ohlcv_fa059d9eed6a.json
2026-09-22T08:15:00+00:00,DA4pM4xSDY4M9V4CgAKKBVH1pw1yscTQQa5nEkGHuKpt,solana,PumpSwap,,,,,2026-08-28T13:33:11Z,0.00466917360377191,,,,,,,,,,,,,,,,,,,ohlcv_backfill,minute,0.00469391127956994,0.004727119271172688,0.00466917360377191,0.00466917360377191,187.31418585826074,/home/runner/work/Solana-Memecoin-Analysis/Solana-Memecoin-Analysis/data/cache/2026-09-23/015151544129_ohlcv_fa059d9eed6a.json
2026-09-22T08:10:00+00:00,DA4pM4xSDY4M9V4CgAKKBVH1pw1yscTQQa5nEkGHuKpt,solana,PumpSwap,,,,,2026-08-28T13:33:11Z,0.00469391127956994,,,,,,,,,,,,,,,,,,,ohlcv_backfill,minute,0.004662052592784253,0.004738616859794945,0.004662052592784253,0.00469391127956994,2232.6679392693472,/home/runner/work/Solana-Memecoin-Analysis/Solana-Memecoin-Analysis/data/cache/2026-09-23/015151544129_ohlcv_fa059d9eed6a.json
2026-09-22T08:05:00+00:00,DA4pM4xSDY4M9V4CgAKKBVH1pw1yscTQQa5nEkGHuKpt,solana,PumpSwap,,,,,2026-08-28T13:33:11Z,0.004662052592784253,,,,,,,,,,,,,,,,,,,ohlcv_backfill,minute,0.004684250620932077,0.00470724698535845,0.004635679042791847,0.004662052592784253,454.65410040416845,/home/runner/work/Solana-Memecoin-Analysis/Solana-Memecoin-Analysis/data/cache/2026-09-23/015151544129_ohlcv_fa059d9eed6a.json
2026-09-22T08:00:00+00:00,DA4pM4xSDY4M9V4CgAKKBVH1pw1yscTQQa5nEkGHuKpt,solana,PumpSwap,,,,,2026-08-28T13:33:11Z,0.004684250620932077,,,,,,,,,,,,,,,,,,,ohlcv_backfill,minute,0.004678405919345654,0.004684250620932077,0.0046298458794020265,0.004684250620932077,149.16953362401546,/home/runner/work/Solana-Memecoin-Analysis/Solana-Memecoin-Analysis/data/cache/2026-09-23/015151544129_ohlcv_fa059d9eed6a.json
2026-09-22T07:55:00+00:00,DA4pM4xSDY4M9V4CgAKKBVH1pw1yscTQQa5nEkGHuKpt,solana,PumpSwap,,,,,2026-08-28T13:33:11Z,0.004678405919345654,,,,,,,,,,,,,,,,,,,ohlcv_backfill,minute,0.004678723287711929,0.004678723287711929,0.004627457262013997,0.004678405919345654,149.6437668278091,/home/runner/work/Solana-Memecoin-Analysis/Solana-Memecoin-Analysis/data/cache/2026-09-23/015151544129_ohlcv_fa059d9eed6a.json
2026-09-22T07:50:00+00:00,DA4pM4xSDY4M9V4CgAKKBVH1pw1yscTQQa5nEkGHuKpt,solana,PumpSwap,,,,,2026-08-28T13:33:11Z,0.004678723287711929,,,,,,,,,,,,,,,,,,,ohlcv_backfill,minute,0.004652648010629297,0.004678723287711929,0.00462497093694809,0.004678723287711929,809.7343639993753,/home/runner/work/Solana-Memecoin-Analysis/Solana-Memecoin-Analysis/data/cache/2026-09-23/015151544129_ohlcv_fa059d9eed6a.json
2026-09-22T07:45:00+00:00,DA4pM4xSDY4M9V4CgAKKBVH1pw1yscTQQa5nEkGHuKpt,solana,PumpSwap,,,,,2026-08-28T13:33:11Z,0.004652648010629297,,,,,,,,,,,,,,,,,,,ohlcv_backfill,minute,0.0046549162372889735,0.004709626718547621,0.004652648010629297,0.004652648010629297,722.7659271079968,/home/runner/work/Solana-Memecoin-Analysis/Solana-Memecoin-Analysis/data/cache/2026-09-23/015151544129_ohlcv_fa059d9eed6a.json
2026-09-22T07:40:00+00:00,DA4pM4xSDY4M9V4CgAKKBVH1pw1yscTQQa5nEkGHuKpt,solana,PumpSwap,,,,,2026-08-28T13:33:11Z,0.0046549162372889735,,,,,,,,,,,,,,,,,,,ohlcv_backfill,minute,0.004669488861714949,0.004669488861714949,0.0046549162372889735,0.0046549162372889735,227.50609509528465,/home/runner/work/Solana-Memecoin-Analysis/Solana-Memecoin-Analysis/data/cache/2026-09-23/015151544129_ohlcv_fa059d9eed6a.json
2026-09-22T07:35:00+00:00,DA4pM4xSDY4M9V4CgAKKBVH1pw1yscTQQa5nEkGHuKpt,solana,PumpSwap,,,,,2026-08-28T13:33:11Z,0.004669488861714949,,,,,,,,,,,,,,,,,,,ohlcv_backfill,minute,0.004630303826073121,0.004716378867482347,0.004582913492290117,0.004669488861714949,3992.687271605307,/home/runner/work/Solana-Memecoin-Analysis/Solana-Memecoin-Analysis/data/cache/2026-09-23/015151544129_ohlcv_fa059d9eed6a.json
2026-09-22T07:30:00+00:00,DA4pM4xSDY4M9V4CgAKKBVH1pw1yscTQQa5nEkGHuKpt,solana,PumpSwap,,,,,2026-08-28T13:33:11Z,0.004630303826073121,,,,,,,,,,,,,,,,,,,ohlcv_backfill,minute,0.004583215724235232,0.0046519535432404625,0.004577887015612551,0.004630303826073121,1290.9466063333177,/home/runner/work/Solana-Memecoin-Analysis/Solana-Memecoin-Analysis/data/cache/2026-09-23/015151544129_ohlcv_fa059d9eed6a.json
2026-09-22T07:25:00+00:00,DA4pM4xSDY4M9V4CgAKKBVH1pw1yscTQQa5nEkGHuKpt,solana,PumpSwap,,,,,2026-08-28T13:33:11Z,0.004583215724235232,,,,,,,,,,,,,,,,,,,ohlcv_backfill,minute,0.004584320905339365,0.004629460410042824,0.004580421617277557,0.004583215724235232,16.000214382619493,/home/runner/work/Solana-Memecoin-Analysis/Solana-Memecoin-Analysis/data/cache/2026-09-23/015151544129_ohlcv_fa059d9eed6a.json
2026-09-22T07:20:00+00:00,DA4pM4xSDY4M9V4CgAKKBVH1pw1yscTQQa5nEkGHuKpt,solana,PumpSwap,,,,,2026-08-28T13:33:11Z,0.004584320905339365,,,,,,,,,,,,,,,,,,,ohlcv_backfill,minute,0.004655033687184962,0.004656207833424605,0.004584320905339365,0.004584320905339365,326.6370476350664,/home/runner/work/Solana-Memecoin-Analysis/Solana-Memecoin-Analysis/data/cache/2026-09-23/015151544129_ohlcv_fa059d9eed6a.json
2026-09-22T07:15:00+00:00,DA4pM4xSDY4M9V4CgAKKBVH1pw1yscTQQa5nEkGHuKpt,solana,PumpSwap,,,,,2026-08-28T13:33:11Z,0.004655033687184962,,,,,,,,,,,,,,,,,,,ohlcv_backfill,minute,0.0046617993685382515,0.004663794253262361,0.004610494946853387,0.004655033687184962,499.2900342471356,/home/runner/work/Solana-Memecoin-Analysis/Solana-Memecoin-Analysis/data/cache/2026-09-23/015151544129_ohlcv_fa059d9eed6a.json
2026-09-22T07:10:00+00:00,DA4pM4xSDY4M9V4CgAKKBVH1pw1yscTQQa5nEkGHuKpt,solana,PumpSwap,,,,,2026-08-28T13:33:11Z,0.0046617993685382515,,,,,,,,,,,,,,,,,,,ohlcv_backfill,minute,0.004652903995616303,0.00466267470071519,0.004609765965420715,0.0046617993685382515,400.6614344985913,/home/runner/work/Solana-Memecoin-Analysis/Solana-Memecoin-Analysis/data/cache/2026-09-23/015151544129_ohlcv_fa059d9eed6a.json
2026-09-22T07:05:00+00:00,DA4pM4xSDY4M9V4CgAKKBVH1pw1yscTQQa5nEkGHuKpt,solana,PumpSwap,,,,,2026-08-28T13:33:11Z,0.004652903995616303,,,,,,,,,,,,,,,,,,,ohlcv_backfill,minute,0.004571350499860054,0.004652903995616303,0.004571350499860054,0.004652903995616303,827.1880844175149,/home/runner/work/Solana-Memecoin-Analysis/Solana-Memecoin-Analysis/data/cache/2026-09-23/015151544129_ohlcv_fa059d9eed6a.json
2026-09-22T07:00:00+00:00,DA4pM4xSDY4M9V4CgAKKBVH1pw1yscTQQa5nEkGHuKpt,solana,PumpSwap,,,,,2026-08-28T13:33:11Z,0.004571350499860054,,,,,,,,,,,,,,,,,,,ohlcv_backfill,minute,0.00460072818562144,0.0046151451032441435,0.004560967566216772,0.004571350499860054,589.1948527032782,/home/runner/work/Solana-Memecoin-Analysis/Solana-Memecoin-Analysis/data/cache/2026-09-23/015151544129_ohlcv_fa059d9eed6a.json
2026-09-22T06:55:00+00:00,DA4pM4xSDY4M9V4CgAKKBVH1pw1yscTQQa5nEkGHuKpt,solana,PumpSwap,,,,,2026-08-28T13:33:11Z,0.00460072818562144,,,,,,,,,,,,,,,,,,,ohlcv_backfill,minute,0.004569672995282889,0.00460072818562144,0.004537970468237057,0.00460072818562144,1247.0221123991896,/home/runner/work/Solana-Memecoin-Analysis/Solana-Memecoin-Analysis/data/cache/2026-09-23/015151544129_ohlcv_fa059d9eed6a.json
2026-09-22T06:50:00+00:00,DA4pM4xSDY4M9V4CgAKKBVH1pw1yscTQQa5nEkGHuKpt,solana,PumpSwap,,,,,2026-08-28T13:33:11Z,0.004569672995282889,,,,,,,,,,,,,,,,,,,ohlcv_backfill,minute,0.004568242977214944,0.004624915330228746,0.004556641397221244,0.004569672995282889,768.5488865239744,/home/runner/work/Solana-Memecoin-Analysis/Solana-Memecoin-Analysis/data/cache/2026-09-23/015151544129_ohlcv_fa059d9eed6a.json
2026-09-22T06:45:00+00:00,DA4pM4xSDY4M9V4CgAKKBVH1pw1yscTQQa5nEkGHuKpt,solana,PumpSwap,,,,,2026-08-28T13:33:11Z,0.004568242977214944,,,,,,,,,,,,,,,,,,,ohlcv_backfill,minute,0.0045660454212193575,0.004624977758049362,0.0045660454212193575,0.004568242977214944,791.762588494314,/home/runner/work/Solana-Memecoin-Analysis/Solana-Memecoin-Analysis/data/cache/2026-09-23/015151544129_ohlcv_fa059d9eed6a.json
2026-09-22T06:40:00+00:00,DA4pM4xSDY4M9V4CgAKKBVH1pw1yscTQQa5nEkGHuKpt,solana,PumpSwap,,,,,2026-08-28T13:33:11Z,0.0045660454212193575,,,,,,,,,,,,,,,,,,,ohlcv_backfill,minute,0.0045788754125376556,0.004627767718014451,0.0045660454212193575,0.0045660454212193575,447.860093406783,/home/runner/work/Solana-Memecoin-Analysis/Solana-Memecoin-Analysis/data/cache/2026-09-23/015151544129_ohlcv_fa059d9eed6a.json
2026-09-22T06:35:00+00:00,DA4pM4xSDY4M9V4CgAKKBVH1pw1yscTQQa5nEkGHuKpt,solana,PumpSwap,,,,,2026-08-28T13:33:11Z,0.0045788754125376556,,,,,,,,,,,,,,,,,,,ohlcv_backfill,minute,0.0046504462386734524,0.0046504462386734524,0.0045788754125376556,0.0045788754125376556,764.0471278907108,/home/runner/work/Solana-Memecoin-Analysis/Solana-Memecoin-Analysis/data/cache/2026-09-23/015151544129_ohlcv_fa059d9eed6a.json
2026-09-22T06:30:00+00:00,DA4pM4xSDY4M9V4CgAKKBVH1pw1yscTQQa5nEkGHuKpt,solana,PumpSwap,,,,,2026-08-28T13:33:11Z,0.0046504462386734524,,,,,,,,,,,,,,,,,,,ohlcv_backfill,minute,0.004592278249811999,0.0046504462386734524,0.004543357008958339,0.0046504462386734524,1173.7974173209193,/home/runner/work/Solana-Memecoin-Analysis/Solana-Memecoin-Analysis/data/cache/2026-09-23/015151544129_ohlcv_fa059d9eed6a.json
2026-09-22T06:25:00+00:00,DA4pM4xSDY4M9V4CgAKKBVH1pw1yscTQQa5nEkGHuKpt,solana,PumpSwap,,,,,2026-08-28T13:33:11Z,0.004592278249811999,,,,,,,,,,,,,,,,,,,ohlcv_backfill,minute,0.004585402186519642,0.004592278249811999,0.004540670132314568,0.004592278249811999,475.6155914078797,/home/runner/work/Solana-Memecoin-Analysis/Solana-Memecoin-Analysis/data/cache/2026-09-23/015151544129_ohlcv_fa059d9eed6a.json
2026-09-22T06:20:00+00:00,DA4pM4xSDY4M9V4CgAKKBVH1pw1yscTQQa5nEkGHuKpt,solana,PumpSwap,,,,,2026-08-28T13:33:11Z,0.004585402186519642,,,,,,,,,,,,,,,,,,,ohlcv_backfill,minute,0.0045925145361174705,0.0045925145361174705,0.004538546863989073,0.004585402186519642,367.5195262697522,/home/runner/work/Solana-Memecoin-Analysis/Solana-Memecoin-Analysis/data/cache/2026-09-23/015151544129_ohlcv_fa059d9eed6a.json
2026-09-22T06:15:00+00:00,DA4pM4xSDY4M9V4CgAKKBVH1pw1yscTQQa5nEkGHuKpt,solana,PumpSwap,,,,,2026-08-28T13:33:11Z,0.0045925145361174705,,,,,,,,,,,,,,,,,,,ohlcv_backfill,minute,0.004570348273915224,0.004614185814750995,0.004553421748739796,0.0045925145361174705,291.0800972570135,/home/runner/work/Solana-Memecoin-Analysis/Solana-Memecoin-Analysis/data/cache/2026-09-23/015151544129_ohlcv_fa059d9eed6a.json
2026-09-22T06:10:00+00:00,DA4pM4xSDY4M9V4CgAKKBVH1pw1yscTQQa5nEkGHuKpt,solana,PumpSwap,,,,,2026-08-28T13:33:11Z,0.004570348273915224,,,,,,,,,,,,,,,,,,,ohlcv_backfill,minute,0.004605626693097778,0.004609519355793739,0.004556004550568013,0.004570348273915224,388.69454532556716,/home/runner/work/Solana-Memecoin-Analysis/Solana-Memecoin-Analysis/data/cache/2026-09-23/015151544129_ohlcv_fa059d9eed6a.json
2026-09-22T06:05:00+00:00,DA4pM4xSDY4M9V4CgAKKBVH1pw1yscTQQa5nEkGHuKpt,solana,PumpSwap,,,,,2026-08-28T13:33:11Z,0.004605626693097778,,,,,,,,,,,,,,,,,,,ohlcv_backfill,minute,0.004569482118298301,0.004614674599184932,0.00456079996516646,0.004605626693097778,464.78371285841826,/home/runner/work/Solana-Memecoin-Analysis/Solana-Memecoin-Analysis/data/cache/2026-09-23/015151544129_ohlcv_fa059d9eed6a.json
2026-09-22T06:00:00+00:00,DA4pM4xSDY4M9V4CgAKKBVH1pw1yscTQQa5nEkGHuKpt,solana,PumpSwap,,,,,2026-08-28T13:33:11Z,0.004569482118298301,,,,,,,,,,,,,,,,,,,ohlcv_backfill,minute,0.004490127077162876,0.004615665303320483,0.004477009775182732,0.004569482118298301,2969.5309132878447,/home/runner/work/Solana-Memecoin-Analysis/Solana-Memecoin-Analysis/data/cache/2026-09-23/015151544129_ohlcv_fa059d9eed6a.json
2026-09-22T05:55:00+00:00,DA4pM4xSDY4M9V4CgAKKBVH1pw1yscTQQa5nEkGHuKpt,solana,PumpSwap,,,,,2026-08-28T13:33:11Z,0.004490127077162876,,,,,,,,,,,,,,,,,,,ohlcv_backfill,minute,0.004597390241626558,0.004626061333201504,0.004490127077162876,0.004490127077162876,3779.2689406960203,/home/runner/work/Solana-Memecoin-Analysis/Solana-Memecoin-Analysis/data/cache/2026-09-23/015151544129_ohlcv_fa059d9eed6a.json
2026-09-22T05:50:00+00:00,DA4pM4xSDY4M9V4CgAKKBVH1pw1yscTQQa5nEkGHuKpt,solana,PumpSwap,,,,,2026-08-28T13:33:11Z,0.004597390241626558,,,,,,,,,,,,,,,,,,,ohlcv_backfill,minute,0.004530492762189607,0.00459947268345966,0.004519896125882411,0.004597390241626558,1110.1073636654733,/home/runner/work/Solana-Memecoin-Analysis/Solana-Memecoin-Analysis/data/cache/2026-09-23/015151544129_ohlcv_fa059d9eed6a.json
2026-09-22T05:45:00+00:00,DA4pM4xSDY4M9V4CgAKKBVH1pw1yscTQQa5nEkGHuKpt,solana,PumpSwap,,,,,2026-08-28T13:33:11Z,0.004530492762189607,,,,,,,,,,,,,,,,,,,ohlcv_backfill,minute,0.0045980658443432534,0.004617986567880179,0.004529023521119111,0.004530492762189607,1309.8126203193149,/home/runner/work/Solana-Memecoin-Analysis/Solana-Memecoin-Analysis/data/cache/2026-09-23/015151544129_ohlcv_fa059d9eed6a.json
2026-09-22T05:40:00+00:00,DA4pM4xSDY4M9V4CgAKKBVH1pw1yscTQQa5nEkGHuKpt,solana,PumpSwap,,,,,2026-08-28T13:33:11Z,0.0045980658443432534,,,,,,,,,,,,,,,,,,,ohlcv_backfill,minute,0.004538099267401706,0.0045980658443432534,0.004470909406080185,0.0045980658443432534,3798.7719823310736,/home/runner/work/Solana-Memecoin-Analysis/Solana-Memecoin-Analysis/data/cache/2026-09-23/015151544129_ohlcv_fa059d9eed6a.json
2026-09-22T05:35:00+00:00,DA4pM4xSDY4M9V4CgAKKBVH1pw1yscTQQa5nEkGHuKpt,solana,PumpSwap,,,,,2026-08-28T13:33:11Z,0.004538099267401706,,,,,,,,,,,,,,,,,,,ohlcv_backfill,minute,0.0045162634543233484,0.004542657517317914,0.004434434764608038,0.004538099267401706,4585.3943424807985,/home/runner/work/Solana-Memecoin-Analysis/Solana-Memecoin-Analysis/data/cache/2026-09-23/015151544129_ohlcv_fa059d9eed6a.json
2026-09-22T05:30:00+00:00,DA4pM4xSDY4M9V4CgAKKBVH1pw1yscTQQa5nEkGHuKpt,solana,PumpSwap,,,,,2026-08-28T13:33:11Z,0.0045162634543233484,,,,,,,,,,,,,,,,,,,ohlcv_backfill,minute,0.004514822139764206,0.004578343105333861,0.004452122901279778,0.0045162634543233484,7404.055796996302,/home/runner/work/Solana-Memecoin-Analysis/Solana-Memecoin-Analysis/data/cache/2026-09-23/015151544129_ohlcv_fa059d9eed6a.json
2026-09-22T05:25:00+00:00,DA4pM4xSDY4M9V4CgAKKBVH1pw1yscTQQa5nEkGHuKpt,solana,PumpSwap,,,,,2026-08-28T13:33:11Z,0.004514822139764206,,,,,,,,,,,,,,,,,,,ohlcv_backfill,minute,0.005062624573730225,0.005062624573730225,0.0040197907455445415,0.004514822139764206,56107.00349760764,/home/runner/work/Solana-Memecoin-Analysis/Solana-Memecoin-Analysis/data/cache/2026-09-23/015151544129_ohlcv_fa059d9eed6a.json
2026-09-22T05:20:00+00:00,DA4pM4xSDY4M9V4CgAKKBVH1pw1yscTQQa5nEkGHuKpt,solana,PumpSwap,,,,,2026-08-28T13:33:11Z,0.005062624573730225,,,,,,,,,,,,,,,,,,,ohlcv_backfill,minute,0.005091692363432112,0.0051312058281408075,0.005049358748344783,0.005062624573730225,1703.3150049044566,/home/runner/work/Solana-Memecoin-Analysis/Solana-Memecoin-Analysis/data/cache/2026-09-23/015151544129_ohlcv_fa059d9eed6a.json
2026-09-22T05:15:00+00:00,DA4pM4xSDY4M9V4CgAKKBVH1pw1yscTQQa5nEkGHuKpt,solana,PumpSwap,,,,,2026-08-28T13:33:11Z,0.005091692363432112,,,,,,,,,,,,,,,,,,,ohlcv_backfill,minute,0.005068832681372589,0.00511364878338782,0.00503957787019396,0.005091692363432112,281.53528001399303,/home/runner/work/Solana-Memecoin-Analysis/Solana-Memecoin-Analysis/data/cache/2026-09-23/015151544129_ohlcv_fa059d9eed6a.json
2026-09-22T05:10:00+00:00,DA4pM4xSDY4M9V4CgAKKBVH1pw1yscTQQa5nEkGHuKpt,solana,PumpSwap,,,,,2026-08-28T13:33:11Z,0.005068832681372589,,,,,,,,,,,,,,,,,,,ohlcv_backfill,minute,0.005109381996234521,0.005161214213033508,0.005068832681372589,0.005068832681372589,806.9243942611349,/home/runner/work/Solana-Memecoin-Analysis/Solana-Memecoin-Analysis/data/cache/2026-09-23/015151544129_ohlcv_fa059d9eed6a.json
2026-09-22T05:05:00+00:00,DA4pM4xSDY4M9V4CgAKKBVH1pw1yscTQQa5nEkGHuKpt,solana,PumpSwap,,,,,2026-08-28T13:33:11Z,0.005109381996234521,,,,,,,,,,,,,,,,,,,ohlcv_backfill,minute,0.005218178777372345,0.0052440234419017795,0.005109381996234521,0.005109381996234521,2249.0005658836762,/home/runner/work/Solana-Memecoin-Analysis/Solana-Memecoin-Analysis/data/cache/2026-09-23/015151544129_ohlcv_fa059d9eed6a.json
2026-09-22T05:00:00+00:00,DA4pM4xSDY4M9V4CgAKKBVH1pw1yscTQQa5nEkGHuKpt,solana,PumpSwap,,,,,2026-08-28T13:33:11Z,0.005218178777372345,,,,,,,,,,,,,,,,,,,ohlcv_backfill,minute,0.005270641979641485,0.005270641979641485,0.005211014602387566,0.005218178777372345,203.89811830441977,/home/runner/work/Solana-Memecoin-Analysis/Solana-Memecoin-Analysis/data/cache/2026-09-23/015151544129_ohlcv_fa059d9eed6a.json
2026-09-22T04:55:00+00:00,DA4pM4xSDY4M9V4CgAKKBVH1pw1yscTQQa5nEkGHuKpt,solana,PumpSwap,,,,,2026-08-28T13:33:11Z,0.005270641979641485,,,,,,,,,,,,,,,,,,,ohlcv_backfill,minute,0.005243073791415406,0.005270641979641485,0.0052272319466147065,0.005270641979641485,456.5545711024473,/home/runner/work/Solana-Memecoin-Analysis/Solana-Memecoin-Analysis/data/cache/2026-09-23/015151544129_ohlcv_fa059d9eed6a.json
2026-09-22T04:50:00+00:00,DA4pM4xSDY4M9V4CgAKKBVH1pw1yscTQQa5nEkGHuKpt,solana,PumpSwap,,,,,2026-08-28T13:33:11Z,0.005243073791415406,,,,,,,,,,,,,,,,,,,ohlcv_backfill,minute,0.005240743583314296,0.005243299739524689,0.005224407679735677,0.005243073791415406,23.573061082033465,/home/runner/work/Solana-Memecoin-Analysis/Solana-Memecoin-Analysis/data/cache/2026-09-23/015151544129_ohlcv_fa059d9eed6a.json
2026-09-22T04:45:00+00:00,DA4pM4xSDY4M9V4CgAKKBVH1pw1yscTQQa5nEkGHuKpt,solana,PumpSwap,,,,,2026-08-28T13:33:11Z,0.005240743583314296,,,,,,,,,,,,,,,,,,,ohlcv_backfill,minute,0.005254744756165134,0.005299065038448557,0.005240743583314296,0.005240743583314296,183.05083419592944,/home/runner/work/Solana-Memecoin-Analysis/Solana-Memecoin-Analysis/data/cache/2026-09-23/015151544129_ohlcv_fa059d9eed6a.json
2026-09-22T04:40:00+00:00,DA4pM4xSDY4M9V4CgAKKBVH1pw1yscTQQa5nEkGHuKpt,solana,PumpSwap,,,,,2026-08-28T13:33:11Z,0.005254744756165134,,,,,,,,,,,,,,,,,,,ohlcv_backfill,minute,0.005257701528162057,0.0053048059506440775,0.005248506038984936,0.005254744756165134,308.2623212319828,/home/runner/work/Solana-Memecoin-Analysis/Solana-Memecoin-Analysis/data/cache/2026-09-23/015151544129_ohlcv_fa059d9eed6a.json
2026-09-22T04:35:00+00:00,DA4pM4xSDY4M9V4CgAKKBVH1pw1yscTQQa5nEkGHuKpt,solana,PumpSwap,,,,,2026-08-28T13:33:11Z,0.005257701528162057,,,,,,,,,,,,,,,,,,,ohlcv_backfill,minute,0.005208466812978119,0.005287446009638399,0.005208466812978119,0.005257701528162057,733.9479219864505,/home/runner/work/Solana-Memecoin-Analysis/Solana-Memecoin-Analysis/data/cache/2026-09-23/015151544129_ohlcv_fa059d9eed6a.json
2026-09-22T04:30:00+00:00,DA4pM4xSDY4M9V4CgAKKBVH1pw1yscTQQa5nEkGHuKpt,solana,PumpSwap,,,,,2026-08-28T13:33:11Z,0.005208466812978119,,,,,,,,,,,,,,,,,,,ohlcv_backfill,minute,0.0052282558439404395,0.0052282558439404395,0.005208466812978119,0.005208466812978119,77.21800731363516,/home/runner/work/Solana-Memecoin-Analysis/Solana-Memecoin-Analysis/data/cache/2026-09-23/015151544129_ohlcv_fa059d9eed6a.json
2026-09-22T04:25:00+00:00,DA4pM4xSDY4M9V4CgAKKBVH1pw1yscTQQa5nEkGHuKpt,solana,PumpSwap,,,,,2026-08-28T13:33:11Z,0.0052282558439404395,,,,,,,,,,,,,,,,,,,ohlcv_backfill,minute,0.005236917812396951,0.0052802907766904454,0.00518446378997229,0.0052282558439404395,1058.0306584490536,/home/runner/work/Solana-Memecoin-Analysis/Solana-Memecoin-Analysis/data/cache/2026-09-23/015151544129_ohlcv_fa059d9eed6a.json
2026-09-22T04:20:00+00:00,DA4pM4xSDY4M9V4CgAKKBVH1pw1yscTQQa5nEkGHuKpt,solana,PumpSwap,,,,,2026-08-28T13:33:11Z,0.005236917812396951,,,,,,,,,,,,,,,,,,,ohlcv_backfill,minute,0.0051959564469734555,0.005236917812396951,0.005182808061359265,0.005236917812396951,239.16151380138297,/home/runner/work/Solana-Memecoin-Analysis/Solana-Memecoin-Analysis/data/cache/2026-09-23/015151544129_ohlcv_fa059d9eed6a.json
2026-09-22T04:15:00+00:00,DA4pM4xSDY4M9V4CgAKKBVH1pw1yscTQQa5nEkGHuKpt,solana,PumpSwap,,,,,2026-08-28T13:33:11Z,0.0051959564469734555,,,,,,,,,,,,,,,,,,,ohlcv_backfill,minute,0.005168384093961559,0.005218917864783169,0.0051481832282757245,0.0051959564469734555,1588.8133001285703,/home/runner/work/Solana-Memecoin-Analysis/Solana-Memecoin-Analysis/data/cache/2026-09-23/015151544129_ohlcv_fa059d9eed6a.json
2026-09-22T04:10:00+00:00,DA4pM4xSDY4M9V4CgAKKBVH1pw1yscTQQa5nEkGHuKpt,solana,PumpSwap,,,,,2026-08-28T13:33:11Z,0.005168384093961559,,,,,,,,,,,,,,,,,,,ohlcv_backfill,minute,0.005161184692268666,0.005168384093961559,0.005161072849738387,0.005168384093961559,45.92616098617993,/home/runner/work/Solana-Memecoin-Analysis/Solana-Memecoin-Analysis/data/cache/2026-09-23/015151544129_ohlcv_fa059d9eed6a.json
2026-09-22T04:05:00+00:00,DA4pM4xSDY4M9V4CgAKKBVH1pw1yscTQQa5nEkGHuKpt,solana,PumpSwap,,,,,2026-08-28T13:33:11Z,0.005161184692268666,,,,,,,,,,,,,,,,,,,ohlcv_backfill,minute,0.005159460839358973,0.005208536270644048,0.0051281092398487585,0.005161184692268666,1175.68015401223,/home/runner/work/Solana-Memecoin-Analysis/Solana-Memecoin-Analysis/data/cache/2026-09-23/015151544129_ohlcv_fa059d9eed6a.json
2026-09-22T04:00:00+00:00,DA4pM4xSDY4M9V4CgAKKBVH1pw1yscTQQa5nEkGHuKpt,solana,PumpSwap,,,,,2026-08-28T13:33:11Z,0.005159460839358973,,,,,,,,,,,,,,,,,,,ohlcv_backfill,minute,0.005189797436023322,0.005232306664176774,0.005116597446122864,0.005159460839358973,1502.754829538429,/home/runner/work/Solana-Memecoin-Analysis/Solana-Memecoin-Analysis/data/cache/2026-09-23/015151544129_ohlcv_fa059d9eed6a.json
2026-09-22T03:55:00+00:00,DA4pM4xSDY4M9V4CgAKKBVH1pw1yscTQQa5nEkGHuKpt,solana,PumpSwap,,,,,2026-08-28T13:33:11Z,0.005189797436023322,,,,,,,,,,,,,,,,,,,ohlcv_backfill,minute,0.005189800801452852,0.005244797452675377,0.005189797436023322,0.005189797436023322,185.46220654302084,/home/runner/work/Solana-Memecoin-Analysis/Solana-Memecoin-Analysis/data/cache/2026-09-23/015151544129_ohlcv_fa059d9eed6a.json
2026-09-22T03:50:00+00:00,DA4pM4xSDY4M9V4CgAKKBVH1pw1yscTQQa5nEkGHuKpt,solana,PumpSwap,,,,,2026-08-28T13:33:11Z,0.005189800801452852,,,,,,,,,,,,,,,,,,,ohlcv_backfill,minute,0.005234574248392058,0.005234574248392058,0.005141981810043568,0.005189800801452852,3970.2300940846267,/home/runner/work/Solana-Memecoin-Analysis/Solana-Memecoin-Analysis/data/cache/2026-09-23/015151544129_ohlcv_fa059d9eed6a.json
2026-09-22T03:45:00+00:00,DA4pM4xSDY4M9V4CgAKKBVH1pw1yscTQQa5nEkGHuKpt,solana,PumpSwap,,,,,2026-08-28T13:33:11Z,0.005234574248392058,,,,,,,,,,,,,,,,,,,ohlcv_backfill,minute,0.005208681617858,0.005234574248392058,0.005180665564683084,0.005234574248392058,649.2425561392482,/home/runner/work/Solana-Memecoin-Analysis/Solana-Memecoin-Analysis/data/cache/2026-09-23/015151544129_ohlcv_fa059d9eed6a.json
2026-09-22T03:40:00+00:00,DA4pM4xSDY4M9V4CgAKKBVH1pw1yscTQQa5nEkGHuKpt,solana,PumpSwap,,,,,2026-08-28T13:33:11Z,0.005208681617858,,,,,,,,,,,,,,,,,,,ohlcv_backfill,minute,0.005251064585743167,0.00525861554689805,0.005208681617858,0.005208681617858,112.52121210514987,/home/runner/work/Solana-Memecoin-Analysis/Solana-Memecoin-Analysis/data/cache/2026-09-23/015151544129_ohlcv_fa059d9eed6a.json
2026-09-22T03:35:00+00:00,DA4pM4xSDY4M9V4CgAKKBVH1pw1yscTQQa5nEkGHuKpt,solana,PumpSwap,,,,,2026-08-28T13:33:11Z,0.005251064585743167,,,,,,,,,,,,,,,,,,,ohlcv_backfill,minute,0.005346459974008919,0.005348669887553001,0.005202543280792318,0.005251064585743167,1941.7537167417602,/home/runner/work/Solana-Memecoin-Analysis/Solana-Memecoin-Analysis/data/cache/2026-09-23/015151544129_ohlcv_fa059d9eed6a.json
2026-09-22T03:30:00+00:00,DA4pM4xSDY4M9V4CgAKKBVH1pw1yscTQQa5nEkGHuKpt,solana,PumpSwap,,,,,2026-08-28T13:33:11Z,0.005346459974008919,,,,,,,,,,,,,,,,,,,ohlcv_backfill,minute,0.00538415890756476,0.00538415890756476,0.005294154931806471,0.005346459974008919,875.0244262481792,/home/runner/work/Solana-Memecoin-Analysis/Solana-Memecoin-Analysis/data/cache/2026-09-23/015151544129_ohlcv_fa059d9eed6a.json
2026-09-22T03:25:00+00:00,DA4pM4xSDY4M9V4CgAKKBVH1pw1yscTQQa5nEkGHuKpt,solana,PumpSwap,,,,,2026-08-28T13:33:11Z,0.00538415890756476,,,,,,,,,,,,,,,,,,,ohlcv_backfill,minute,0.00540112463458965,0.005452953108467373,0.005337743764832202,0.00538415890756476,2010.544087067907,/home/runner/work/Solana-Memecoin-Analysis/Solana-Memecoin-Analysis/data/cache/2026-09-23/015151544129_ohlcv_fa059d9eed6a.json
2026-09-22T03:20:00+00:00,DA4pM4xSDY4M9V4CgAKKBVH1pw1yscTQQa5nEkGHuKpt,solana,PumpSwap,,,,,2026-08-28T13:33:11Z,0.00540112463458965,,,,,,,,,,,,,,,,,,,ohlcv_backfill,minute,0.005426552433524546,0.0054721070112985605,0.005389701722280723,0.00540112463458965,2335.349584815204,/home/runner/work/Solana-Memecoin-Analysis/Solana-Memecoin-Analysis/data/cache/2026-09-23/015151544129_ohlcv_fa059d9eed6a.json
2026-09-22T03:15:00+00:00,DA4pM4xSDY4M9V4CgAKKBVH1pw1yscTQQa5nEkGHuKpt,solana,PumpSwap,,,,,2026-08-28T13:33:11Z,0.005426552433524546,,,,,,,,,,,,,,,,,,,ohlcv_backfill,minute,0.005159537820010433,0.00569642822105092,0.005147873154505364,0.005426552433524546,29556.632305772426,/home/runner/work/Solana-Memecoin-Analysis/Solana-Memecoin-Analysis/data/cache/2026-09-23/015151544129_ohlcv_fa059d9eed6a.json
2026-09-22T03:10:00+00:00,DA4pM4xSDY4M9V4CgAKKBVH1pw1yscTQQa5nEkGHuKpt,solana,PumpSwap,,,,,2026-08-28T13:33:11Z,0.005159537820010433,,,,,,,,,,,,,,,,,,,ohlcv_backfill,minute,0.0048877080589238946,0.005238132697723319,0.0048640970758485735,0.005159537820010433,12816.896706575733,/home/runner/work/Solana-Memecoin-Analysis/Solana-Memecoin-Analysis/data/cache/2026-09-23/015151544129_ohlcv_fa059d9eed6a.json
2026-09-22T03:05:00+00:00,DA4pM4xSDY4M9V4CgAKKBVH1pw1yscTQQa5nEkGHuKpt,solana,PumpSwap,,,,,2026-08-28T13:33:11Z,0.0048877080589238946,,,,,,,,,,,,,,,,,,,ohlcv_backfill,minute,0.004776439804036242,0.0048877080589238946,0.004776439804036242,0.0048877080589238946,2709.0544181129194,/home/runner/work/Solana-Memecoin-Analysis/Solana-Memecoin-Analysis/data/cache/2026-09-23/015151544129_ohlcv_fa059d9eed6a.json
2026-09-22T03:00:00+00:00,DA4pM4xSDY4M9V4CgAKKBVH1pw1yscTQQa5nEkGHuKpt,solana,PumpSwap,,,,,2026-08-28T13:33:11Z,0.004776439804036242,,,,,,,,,,,,,,,,,,,ohlcv_backfill,minute,0.004883550572318936,0.004883550572318936,0.0047639862367327085,0.004776439804036242,1682.9654505081749,/home/runner/work/Solana-Memecoin-Analysis/Solana-Memecoin-Analysis/data/cache/2026-09-23/015151544129_ohlcv_fa059d9eed6a.json
2026-09-22T02:55:00+00:00,DA4pM4xSDY4M9V4CgAKKBVH1pw1yscTQQa5nEkGHuKpt,solana,PumpSwap,,,,,2026-08-28T13:33:11Z,0.004883550572318936,,,,,,,,,,,,,,,,,,,ohlcv_backfill,minute,0.004621319870148475,0.005087494141321749,0.004620260660463834,0.004883550572318936,16797.580049114546,/home/runner/work/Solana-Memecoin-Analysis/Solana-Memecoin-Analysis/data/cache/2026-09-23/015151544129_ohlcv_fa059d9eed6a.json
2026-09-22T02:50:00+00:00,DA4pM4xSDY4M9V4CgAKKBVH1pw1yscTQQa5nEkGHuKpt,solana,PumpSwap,,,,,2026-08-28T13:33:11Z,0.004621319870148475,,,,,,,,,,,,,,,,,,,ohlcv_backfill,minute,0.004340584651519629,0.0046894496862101365,0.00431298752198938,0.004621319870148475,10999.37303135154,/home/runner/work/Solana-Memecoin-Analysis/Solana-Memecoin-Analysis/data/cache/2026-09-23/015151544129_ohlcv_fa059d9eed6a.json
2026-09-22T02:45:00+00:00,DA4pM4xSDY4M9V4CgAKKBVH1pw1yscTQQa5nEkGHuKpt,solana,PumpSwap,,,,,2026-08-28T13:33:11Z,0.004340584651519629,,,,,,,,,,,,,,,,,,,ohlcv_backfill,minute,0.004386314205310733,0.004391341565019541,0.0043360603821438045,0.004340584651519629,463.83142838158034,/home/runner/work/Solana-Memecoin-Analysis/Solana-Memecoin-Analysis/data/cache/2026-09-23/015151544129_ohlcv_fa059d9eed6a.json
2026-09-22T02:40:00+00:00,DA4pM4xSDY4M9V4CgAKKBVH1pw1yscTQQa5nEkGHuKpt,solana,PumpSwap,,,,,2026-08-28T13:33:11Z,0.004386314205310733,,,,,,,,,,,,,,,,,,,ohlcv_backfill,minute,0.004349493818440489,0.004386314205310733,0.004318939412173178,0.004386314205310733,1283.279838134071,/home/runner/work/Solana-Memecoin-Analysis/Solana-Memecoin-Analysis/data/cache/2026-09-23/015151544129_ohlcv_fa059d9eed6a.json
2026-09-22T02:35:00+00:00,DA4pM4xSDY4M9V4CgAKKBVH1pw1yscTQQa5nEkGHuKpt,solana,PumpSwap,,,,,2026-08-28T13:33:11Z,0.004349493818440489,,,,,,,,,,,,,,,,,,,ohlcv_backfill,minute,0.004332660126691284,0.004393250641359041,0.0042897013909505635,0.004349493818440489,2016.104827400327,/home/runner/work/Solana-Memecoin-Analysis/Solana-Memecoin-Analysis/data/cache/2026-09-23/015151544129_ohlcv_fa059d9eed6a.json
2026-09-22T02:30:00+00:00,DA4pM4xSDY4M9V4CgAKKBVH1pw1yscTQQa5nEkGHuKpt,solana,PumpSwap,,,,,2026-08-28T13:33:11Z,0.004332660126691284,,,,,,,,,,,,,,,,,,,ohlcv_backfill,minute,0.004360290494110289,0.004360290494110289,0.004269164485478556,0.004332660126691284,2474.3489166152235,/home/runner/work/Solana-Memecoin-Analysis/Solana-Memecoin-Analysis/data/cache/2026-09-23/015151544129_ohlcv_fa059d9eed6a.json
2026-09-22T02:25:00+00:00,DA4pM4xSDY4M9V4CgAKKBVH1pw1yscTQQa5nEkGHuKpt,solana,PumpSwap,,,,,2026-08-28T13:33:11Z,0.004360290494110289,,,,,,,,,,,,,,,,,,,ohlcv_backfill,minute,0.004354873057395866,0.004415884657439391,0.0042423628932266085,0.004360290494110289,13140.291535240376,/home/runner/work/Solana-Memecoin-Analysis/Solana-Memecoin-Analysis/data/cache/2026-09-23/015151544129_ohlcv_fa059d9eed6a.json
2026-09-22T02:20:00+00:00,DA4pM4xSDY4M9V4CgAKKBVH1pw1yscTQQa5nEkGHuKpt,solana,PumpSwap,,,,,2026-08-28T13:33:11Z,0.004354873057395866,,,,,,,,,,,,,,,,,,,ohlcv_backfill,minute,0.004908718419252308,0.004946707691021914,0.003218264098125116,0.004354873057395866,162287.3756985902,/home/runner/work/Solana-Memecoin-Analysis/Solana-Memecoin-Analysis/data/cache/2026-09-23/015151544129_ohlcv_fa059d9eed6a.json
2026-09-22T02:15:00+00:00,DA4pM4xSDY4M9V4CgAKKBVH1pw1yscTQQa5nEkGHuKpt,solana,PumpSwap,,,,,2026-08-28T13:33:11Z,0.004908718419252308,,,,,,,,,,,,,,,,,,,ohlcv_backfill,minute,0.0049139580304327765,0.0049139580304327765,0.004908718419252308,0.004908718419252308,100.02228365419589,/home/runner/work/Solana-Memecoin-Analysis/Solana-Memecoin-Analysis/data/cache/2026-09-23/015151544129_ohlcv_fa059d9eed6a.json
2026-09-22T02:10:00+00:00,DA4pM4xSDY4M9V4CgAKKBVH1pw1yscTQQa5nEkGHuKpt,solana,PumpSwap,,,,,2026-08-28T13:33:11Z,0.0049139580304327765,,,,,,,,,,,,,,,,,,,ohlcv_backfill,minute,0.004931159359419362,0.004974870390361091,0.004903020146883481,0.0049139580304327765,901.184762550416,/home/runner/work/Solana-Memecoin-Analysis/Solana-Memecoin-Analysis/data/cache/2026-09-23/015151544129_ohlcv_fa059d9eed6a.json
2026-09-22T02:05:00+00:00,DA4pM4xSDY4M9V4CgAKKBVH1pw1yscTQQa5nEkGHuKpt,solana,PumpSwap,,,,,2026-08-28T13:33:11Z,0.004931159359419362,,,,,,,,,,,,,,,,,,,ohlcv_backfill,minute,0.004791382149227564,0.0049625379602847184,0.004741559134161104,0.004931159359419362,4332.025938021128,/home/runner/work/Solana-Memecoin-Analysis/Solana-Memecoin-Analysis/data/cache/2026-09-23/015151544129_ohlcv_fa059d9eed6a.json
2026-09-22T02:00:00+00:00,DA4pM4xSDY4M9V4CgAKKBVH1pw1yscTQQa5nEkGHuKpt,solana,PumpSwap,,,,,2026-08-28T13:33:11Z,0.004791382149227564,,,,,,,,,,,,,,,,,,,ohlcv_backfill,minute,0.004730993760706126,0.0048719519474112166,0.004685618499400444,0.004791382149227564,4999.203064654234,/home/runner/work/Solana-Memecoin-Analysis/Solana-Memecoin-Analysis/data/cache/2026-09-23/015151544129_ohlcv_fa059d9eed6a.json
2026-09-22T01:55:00+00:00,DA4pM4xSDY4M9V4CgAKKBVH1pw1yscTQQa5nEkGHuKpt,solana,PumpSwap,,,,,2026-08-28T13:33:11Z,0.004730993760706126,,,,,,,,,,,,,,,,,,,ohlcv_backfill,minute,0.004715991835423175,0.004730993760706126,0.00467379368629814,0.004730993760706126,319.51779857712927,/home/runner/work/Solana-Memecoin-Analysis/Solana-Memecoin-Analysis/data/cache/2026-09-23/015151544129_ohlcv_fa059d9eed6a.json
2026-09-22T01:50:00+00:00,DA4pM4xSDY4M9V4CgAKKBVH1pw1yscTQQa5nEkGHuKpt,solana,PumpSwap,,,,,2026-08-28T13:33:11Z,0.004715991835423175,,,,,,,,,,,,,,,,,,,ohlcv_backfill,minute,0.00470745212554952,0.00471701453455176,0.004661332684642446,0.004715991835423175,242.0758807775341,/home/runner/work/Solana-Memecoin-Analysis/Solana-Memecoin-Analysis/data/cache/2026-09-23/015151544129_ohlcv_fa059d9eed6a.json
2026-09-22T01:45:00+00:00,DA4pM4xSDY4M9V4CgAKKBVH1pw1yscTQQa5nEkGHuKpt,solana,PumpSwap,,,,,2026-08-28T13:33:11Z,0.00470745212554952,,,,,,,,,,,,,,,,,,,ohlcv_backfill,minute,0.004573341041512292,0.00470745212554952,0.004573341041512292,0.00470745212554952,3424.317626287882,/home/runner/work/Solana-Memecoin-Analysis/Solana-Memecoin-Analysis/data/cache/2026-09-23/015151544129_ohlcv_fa059d9eed6a.json
2026-09-22T01:40:00+00:00,DA4pM4xSDY4M9V4CgAKKBVH1pw1yscTQQa5nEkGHuKpt,solana,PumpSwap,,,,,2026-08-28T13:33:11Z,0.004573341041512292,,,,,,,,,,,,,,,,,,,ohlcv_backfill,minute,0.0045199414170882845,0.004574430845380857,0.0045199414170882845,0.004573341041512292,1360.3488743761325,/home/runner/work/Solana-Memecoin-Analysis/Solana-Memecoin-Analysis/data/cache/2026-09-23/015151544129_ohlcv_fa059d9eed6a.json
2026-09-22T01:35:00+00:00,DA4pM4xSDY4M9V4CgAKKBVH1pw1yscTQQa5nEkGHuKpt,solana,PumpSwap,,,,,2026-08-28T13:33:11Z,0.0045199414170882845,,,,,,,,,,,,,,,,,,,ohlcv_backfill,minute,0.004879869592500807,0.004879869592500807,0.004467371939636164,0.0045199414170882845,9560.983490753122,/home/runner/work/Solana-Memecoin-Analysis/Solana-Memecoin-Analysis/data/cache/2026-09-23/015151544129_ohlcv_fa059d9eed6a.json
2026-09-22T01:30:00+00:00,DA4pM4xSDY4M9V4CgAKKBVH1pw1yscTQQa5nEkGHuKpt,solana,PumpSwap,,,,,2026-08-28T13:33:11Z,0.004879869592500807,,,,,,,,,,,,,,,,,,,ohlcv_backfill,minute,0.0049033384687123234,0.0049033384687123234,0.004819351361891294,0.004879869592500807,2072.923874779798,/home/runner/work/Solana-Memecoin-Analysis/Solana-Memecoin-Analysis/data/cache/2026-09-23/015151544129_ohlcv_fa059d9eed6a.json
2026-09-22T01:25:00+00:00,DA4pM4xSDY4M9V4CgAKKBVH1pw1yscTQQa5nEkGHuKpt,solana,PumpSwap,,,,,2026-08-28T13:33:11Z,0.0049033384687123234,,,,,,,,,,,,,,,,,,,ohlcv_backfill,minute,0.004800024354860997,0.0049320985516628675,0.0047663855323078885,0.0049033384687123234,5582.720297099714,/home/runner/work/Solana-Memecoin-Analysis/Solana-Memecoin-Analysis/data/cache/2026-09-23/015151544129_ohlcv_fa059d9eed6a.json
2026-09-22T01:20:00+00:00,DA4pM4xSDY4M9V4CgAKKBVH1pw1yscTQQa5nEkGHuKpt,solana,PumpSwap,,,,,2026-08-28T13:33:11Z,0.004800024354860997,,,,,,,,,,,,,,,,,,,ohlcv_backfill,minute,0.0047454877300323745,0.004800024354860997,0.004739723439675092,0.004800024354860997,699.1441280919217,/home/runner/work/Solana-Memecoin-Analysis/Solana-Memecoin-Analysis/data/cache/2026-09-23/015151544129_ohlcv_fa059d9eed6a.json
2026-09-22T01:15:00+00:00,DA4pM4xSDY4M9V4CgAKKBVH1pw1yscTQQa5nEkGHuKpt,solana,PumpSwap,,,,,2026-08-28T13:33:11Z,0.0047454877300323745,,,,,,,,,,,,,,,,,,,ohlcv_backfill,minute,0.004700932619060651,0.004776837607971924,0.004677960530678599,0.0047454877300323745,2850.3959287326375,/home/runner/work/Solana-Memecoin-Analysis/Solana-Memecoin-Analysis/data/cache/2026-09-23/015151544129_ohlcv_fa059d9eed6a.json
2026-09-22T01:10:00+00:00,DA4pM4xSDY4M9V4CgAKKBVH1pw1yscTQQa5nEkGHuKpt,solana,PumpSwap,,,,,2026-08-28T13:33:11Z,0.004700932619060651,,,,,,,,,,,,,,,,,,,ohlcv_backfill,minute,0.004736441748116281,0.004742181787915976,0.0046833416546203125,0.004700932619060651,896.0078296710291,/home/runner/work/Solana-Memecoin-Analysis/Solana-Memecoin-Analysis/data/cache/2026-09-23/015151544129_ohlcv_fa059d9eed6a.json
2026-09-22T01:05:00+00:00,DA4pM4xSDY4M9V4CgAKKBVH1pw1yscTQQa5nEkGHuKpt,solana,PumpSwap,,,,,2026-08-28T13:33:11Z,0.004736441748116281,,,,,,,,,,,,,,,,,,,ohlcv_backfill,minute,0.004600702817487469,0.004751892053933569,0.004562521227106877,0.004736441748116281,3862.7398996774978,/home/runner/work/Solana-Memecoin-Analysis/Solana-Memecoin-Analysis/data/cache/2026-09-23/015151544129_ohlcv_fa059d9eed6a.json
2026-09-22T01:00:00+00:00,DA4pM4xSDY4M9V4CgAKKBVH1pw1yscTQQa5nEkGHuKpt,solana,PumpSwap,,,,,2026-08-28T13:33:11Z,0.004600702817487469,,,,,,,,,,,,,,,,,,,ohlcv_backfill,minute,0.004578929693682978,0.004659467616093935,0.004564500035558166,0.004600702817487469,2869.208890954398,/home/runner/work/Solana-Memecoin-Analysis/Solana-Memecoin-Analysis/data/cache/2026-09-23/015151544129_ohlcv_fa059d9eed6a.json
2026-09-22T00:55:00+00:00,DA4pM4xSDY4M9V4CgAKKBVH1pw1yscTQQa5nEkGHuKpt,solana,PumpSwap,,,,,2026-08-28T13:33:11Z,0.004578929693682978,,,,,,,,,,,,,,,,,,,ohlcv_backfill,minute,0.004615625997826927,0.00466322703651077,0.004577260020006958,0.004578929693682978,513.2767655647234,/home/runner/work/Solana-Memecoin-Analysis/Solana-Memecoin-Analysis/data/cache/2026-09-23/015151544129_ohlcv_fa059d9eed6a.json
2026-09-22T00:50:00+00:00,DA4pM4xSDY4M9V4CgAKKBVH1pw1yscTQQa5nEkGHuKpt,solana,PumpSwap,,,,,2026-08-28T13:33:11Z,0.004615625997826927,,,,,,,,,,,,,,,,,,,ohlcv_backfill,minute,0.004629424619515597,0.004665452195105313,0.004602239190113339,0.004615625997826927,1263.0235257944862,/home/runner/work/Solana-Memecoin-Analysis/Solana-Memecoin-Analysis/data/cache/2026-09-23/015151544129_ohlcv_fa059d9eed6a.json
2026-09-22T00:45:00+00:00,DA4pM4xSDY4M9V4CgAKKBVH1pw1yscTQQa5nEkGHuKpt,solana,PumpSwap,,,,,2026-08-28T13:33:11Z,0.004629424619515597,,,,,,,,,,,,,,,,,,,ohlcv_backfill,minute,0.00452481278503681,0.004629424619515597,0.004516277073037388,0.004629424619515597,4688.434087311545,/home/runner/work/Solana-Memecoin-Analysis/Solana-Memecoin-Analysis/data/cache/2026-09-23/015151544129_ohlcv_fa059d9eed6a.json
2026-09-22T00:40:00+00:00,DA4pM4xSDY4M9V4CgAKKBVH1pw1yscTQQa5nEkGHuKpt,solana,PumpSwap,,,,,2026-08-28T13:33:11Z,0.00452481278503681,,,,,,,,,,,,,,,,,,,ohlcv_backfill,minute,0.004642691223482234,0.0047103571176530775,0.00452481278503681,0.00452481278503681,5644.012284002671,/home/runner/work/Solana-Memecoin-Analysis/Solana-Memecoin-Analysis/data/cache/2026-09-23/015151544129_ohlcv_fa059d9eed6a.json
2026-09-22T00:35:00+00:00,DA4pM4xSDY4M9V4CgAKKBVH1pw1yscTQQa5nEkGHuKpt,solana,PumpSwap,,,,,2026-08-28T13:33:11Z,0.004642691223482234,,,,,,,,,,,,,,,,,,,ohlcv_backfill,minute,0.004561657180926309,0.004642691223482234,0.004561657180926309,0.004642691223482234,1174.1428486810537,/home/runner/work/Solana-Memecoin-Analysis/Solana-Memecoin-Analysis/data/cache/2026-09-23/015151544129_ohlcv_fa059d9eed6a.json
2026-09-22T00:30:00+00:00,DA4pM4xSDY4M9V4CgAKKBVH1pw1yscTQQa5nEkGHuKpt,solana,PumpSwap,,,,,2026-08-28T13:33:11Z,0.004561657180926309,,,,,,,,,,,,,,,,,,,ohlcv_backfill,minute,0.004521737009960367,0.004590174596906838,0.004471453189811408,0.004561657180926309,2912.7444121582384,/home/runner/work/Solana-Memecoin-Analysis/Solana-Memecoin-Analysis/data/cache/2026-09-23/015151544129_ohlcv_fa059d9eed6a.json
2026-09-22T00:25:00+00:00,DA4pM4xSDY4M9V4CgAKKBVH1pw1yscTQQa5nEkGHuKpt,solana,PumpSwap,,,,,2026-08-28T13:33:11Z,0.004521737009960367,,,,,,,,,,,,,,,,,,,ohlcv_backfill,minute,0.004507808436835872,0.0045231856633650164,0.004466088590496533,0.004521737009960367,347.49875026659953,/home/runner/work/Solana-Memecoin-Analysis/Solana-Memecoin-Analysis/data/cache/2026-09-23/015151544129_ohlcv_fa059d9eed6a.json
2026-09-22T00:20:00+00:00,DA4pM4xSDY4M9V4CgAKKBVH1pw1yscTQQa5nEkGHuKpt,solana,PumpSwap,,,,,2026-08-28T13:33:11Z,0.004507808436835872,,,,,,,,,,,,,,,,,,,ohlcv_backfill,minute,0.004505743969939864,0.004507808436835872,0.004458567374041781,0.004507808436835872,1855.9567384043626,/home/runner/work/Solana-Memecoin-Analysis/Solana-Memecoin-Analysis/data/cache/2026-09-23/015151544129_ohlcv_fa059d9eed6a.json
2026-09-22T00:15:00+00:00,DA4pM4xSDY4M9V4CgAKKBVH1pw1yscTQQa5nEkGHuKpt,solana,PumpSwap,,,,,2026-08-28T13:33:11Z,0.004505743969939864,,,,,,,,,,,,,,,,,,,ohlcv_backfill,minute,0.004492280373274829,0.004557768891504803,0.004490987826116583,0.004505743969939864,708.2188746969069,/home/runner/work/Solana-Memecoin-Analysis/Solana-Memecoin-Analysis/data/cache/2026-09-23/015151544129_ohlcv_fa059d9eed6a.json
2026-09-22T00:10:00+00:00,DA4pM4xSDY4M9V4CgAKKBVH1pw1yscTQQa5nEkGHuKpt,solana,PumpSwap,,,,,2026-08-28T13:33:11Z,0.004492280373274829,,,,,,,,,,,,,,,,,,,ohlcv_backfill,minute,0.004521242626816242,0.004534013000269897,0.004478868757979201,0.004492280373274829,745.5096297015823,/home/runner/work/Solana-Memecoin-Analysis/Solana-Memecoin-Analysis/data/cache/2026-09-23/015151544129_ohlcv_fa059d9eed6a.json
2026-09-22T00:05:00+00:00,DA4pM4xSDY4M9V4CgAKKBVH1pw1yscTQQa5nEkGHuKpt,solana,PumpSwap,,,,,2026-08-28T13:33:11Z,0.004521242626816242,,,,,,,,,,,,,,,,,,,ohlcv_backfill,minute,0.0045565204656384415,0.0045565204656384415,0.004479588670470107,0.004521242626816242,527.9516201837286,/home/runner/work/Solana-Memecoin-Analysis/Solana-Memecoin-Analysis/data/cache/2026-09-23/015151544129_ohlcv_fa059d9eed6a.json
2026-09-22T00:00:00+00:00,DA4pM4xSDY4M9V4CgAKKBVH1pw1yscTQQa5nEkGHuKpt,solana,PumpSwap,,,,,2026-08-28T13:33:11Z,0.0045565204656384415,,,,,,,,,,,,,,,,,,,ohlcv_backfill,minute,0.004550525006964294,0.004589042531385577,0.004507770480915055,0.0045565204656384415,881.7340993213735,/home/runner/work/Solana-Memecoin-Analysis/Solana-Memecoin-Analysis/data/cache/2026-09-23/015151544129_ohlcv_fa059d9eed6a.json
2026-09-21T23:55:00+00:00,DA4pM4xSDY4M9V4CgAKKBVH1pw1yscTQQa5nEkGHuKpt,solana,PumpSwap,,,,,2026-08-28T13:33:11Z,0.004550525006964294,,,,,,,,,,,,,,,,,,,ohlcv_backfill,minute,0.004610372281454021,0.0046331385577915805,0.004550525006964294,0.004550525006964294,2261.8334984005924,/home/runner/work/Solana-Memecoin-Analysis/Solana-Memecoin-Analysis/data/cache/2026-09-23/015151544129_ohlcv_fa059d9eed6a.json
2026-09-21T23:50:00+00:00,DA4pM4xSDY4M9V4CgAKKBVH1pw1yscTQQa5nEkGHuKpt,solana,PumpSwap,,,,,2026-08-28T13:33:11Z,0.004610372281454021,,,,,,,,,,,,,,,,,,,ohlcv_backfill,minute,0.004546284926199394,0.00463942984152206,0.004546284926199394,0.004610372281454021,2583.9773277496756,/home/runner/work/Solana-Memecoin-Analysis/Solana-Memecoin-Analysis/data/cache/2026-09-23/015151544129_ohlcv_fa059d9eed6a.json
2026-09-21T23:45:00+00:00,DA4pM4xSDY4M9V4CgAKKBVH1pw1yscTQQa5nEkGHuKpt,solana,PumpSwap,,,,,2026-08-28T13:33:11Z,0.004546284926199394,,,,,,,,,,,,,,,,,,,ohlcv_backfill,minute,0.0043488148140911126,0.004644552358061881,0.0043488148140911126,0.004546284926199394,13605.42498374942,/home/runner/work/Solana-Memecoin-Analysis/Solana-Memecoin-Analysis/data/cache/2026-09-23/015151544129_ohlcv_fa059d9eed6a.json
2026-09-21T23:40:00+00:00,DA4pM4xSDY4M9V4CgAKKBVH1pw1yscTQQa5nEkGHuKpt,solana,PumpSwap,,,,,2026-08-28T13:33:11Z,0.0043488148140911126,,,,,,,,,,,,,,,,,,,ohlcv_backfill,minute,0.004370560073367121,0.004427735905369472,0.0043309534934562665,0.0043488148140911126,4261.070949096248,/home/runner/work/Solana-Memecoin-Analysis/Solana-Memecoin-Analysis/data/cache/2026-09-23/015151544129_ohlcv_fa059d9eed6a.json
2026-09-21T23:35:00+00:00,DA4pM4xSDY4M9V4CgAKKBVH1pw1yscTQQa5nEkGHuKpt,solana,PumpSwap,,,,,2026-08-28T13:33:11Z,0.004370560073367121,,,,,,,,,,,,,,,,,,,ohlcv_backfill,minute,0.004342724653090166,0.004419677520559805,0.004283073261924408,0.004370560073367121,5704.209702883885,/home/runner/work/Solana-Memecoin-Analysis/Solana-Memecoin-Analysis/data/cache/2026-09-23/015151544129_ohlcv_fa059d9eed6a.json
2026-09-21T23:30:00+00:00,DA4pM4xSDY4M9V4CgAKKBVH1pw1yscTQQa5nEkGHuKpt,solana,PumpSwap,,,,,2026-08-28T13:33:11Z,0.004342724653090166,,,,,,,,,,,,,,,,,,,ohlcv_backfill,minute,0.004197476429877812,0.004450965196479945,0.004196999817151282,0.004342724653090166,11409.413030590349,/home/runner/work/Solana-Memecoin-Analysis/Solana-Memecoin-Analysis/data/cache/2026-09-23/015151544129_ohlcv_fa059d9eed6a.json
2026-09-21T23:25:00+00:00,DA4pM4xSDY4M9V4CgAKKBVH1pw1yscTQQa5nEkGHuKpt,solana,PumpSwap,,,,,2026-08-28T13:33:11Z,0.004197476429877812,,,,,,,,,,,,,,,,,,,ohlcv_backfill,minute,0.004250974388080464,0.0043692904029509275,0.004119581981868007,0.004197476429877812,8966.995205629395,/home/runner/work/Solana-Memecoin-Analysis/Solana-Memecoin-Analysis/data/cache/2026-09-23/015151544129_ohlcv_fa059d9eed6a.json
2026-09-21T23:20:00+00:00,DA4pM4xSDY4M9V4CgAKKBVH1pw1yscTQQa5nEkGHuKpt,solana,PumpSwap,,,,,2026-08-28T13:33:11Z,0.004250974388080464,,,,,,,,,,,,,,,,,,,ohlcv_backfill,minute,0.004485583839372407,0.004495953929934562,0.004171872221698853,0.004250974388080464,18135.481881408097,/home/runner/work/Solana-Memecoin-Analysis/Solana-Memecoin-Analysis/data/cache/2026-09-23/015151544129_ohlcv_fa059d9eed6a.json
2026-09-21T23:15:00+00:00,DA4pM4xSDY4M9V4CgAKKBVH1pw1yscTQQa5nEkGHuKpt,solana,PumpSwap,,,,,2026-08-28T13:33:11Z,0.004485583839372407,,,,,,,,,,,,,,,,,,,ohlcv_backfill,minute,0.0048719868332675,0.004921476601537611,0.004351199771954148,0.004485583839372407,37541.76092792359,/home/runner/work/Solana-Memecoin-Analysis/Solana-Memecoin-Analysis/data/cache/2026-09-23/015151544129_ohlcv_fa059d9eed6a.json
2026-09-21T23:10:00+00:00,DA4pM4xSDY4M9V4CgAKKBVH1pw1yscTQQa5nEkGHuKpt,solana,PumpSwap,,,,,2026-08-28T13:33:11Z,0.0048719868332675,,,,,,,,,,,,,,,,,,,ohlcv_backfill,minute,0.004982633281011093,0.005059592150006722,0.004777795038687613,0.0048719868332675,13620.870427168264,/home/runner/work/Solana-Memecoin-Analysis/Solana-Memecoin-Analysis/data/cache/2026-09-23/015151544129_ohlcv_fa059d9eed6a.json
2026-09-21T23:05:00+00:00,DA4pM4xSDY4M9V4CgAKKBVH1pw1yscTQQa5nEkGHuKpt,solana,PumpSwap,,,,,2026-08-28T13:33:11Z,0.004982633281011093,,,,,,,,,,,,,,,,,,,ohlcv_backfill,minute,0.005003432931094897,0.005068910751021791,0.004934811517405208,0.004982633281011093,6654.671645963147,/home/runner/work/Solana-Memecoin-Analysis/Solana-Memecoin-Analysis/data/cache/2026-09-23/015151544129_ohlcv_fa059d9eed6a.json
2026-09-21T23:00:00+00:00,DA4pM4xSDY4M9V4CgAKKBVH1pw1yscTQQa5nEkGHuKpt,solana,PumpSwap,,,,,2026-08-28T13:33:11Z,0.005003432931094897,,,,,,,,,,,,,,,,,,,ohlcv_backfill,minute,0.005027543733297841,0.005270603597046532,0.004966259569185648,0.005003432931094897,11876.417333539646,/home/runner/work/Solana-Memecoin-Analysis/Solana-Memecoin-Analysis/data/cache/2026-09-23/015151544129_ohlcv_fa059d9eed6a.json
2026-09-21T22:55:00+00:00,DA4pM4xSDY4M9V4CgAKKBVH1pw1yscTQQa5nEkGHuKpt,solana,PumpSwap,,,,,2026-08-28T13:33:11Z,0.005027543733297841,,,,,,,,,,,,,,,,,,,ohlcv_backfill,minute,0.0051309821015571725,0.0051688336038959925,0.0049626054537051205,0.005027543733297841,8137.68953543889,/home/runner/work/Solana-Memecoin-Analysis/Solana-Memecoin-Analysis/data/cache/2026-09-23/015151544129_ohlcv_fa059d9eed6a.json
2026-09-21T22:50:00+00:00,DA4pM4xSDY4M9V4CgAKKBVH1pw1yscTQQa5nEkGHuKpt,solana,PumpSwap,,,,,2026-08-28T13:33:11Z,0.0051309821015571725,,,,,,,,,,,,,,,,,,,ohlcv_backfill,minute,0.005226388659292311,0.005227404289807539,0.005067632222393221,0.0051309821015571725,6545.6375480701445,/home/runner/work/Solana-Memecoin-Analysis/Solana-Memecoin-Analysis/data/cache/2026-09-23/015151544129_ohlcv_fa059d9eed6a.json
2026-09-21T22:45:00+00:00,DA4pM4xSDY4M9V4CgAKKBVH1pw1yscTQQa5nEkGHuKpt,solana,PumpSwap,,,,,2026-08-28T13:33:11Z,0.005226388659292311,,,,,,,,,,,,,,,,,,,ohlcv_backfill,minute,0.005398601436937827,0.005398601436937827,0.0051497624097729365,0.005226388659292311,5085.971726185239,/home/runner/work/Solana-Memecoin-Analysis/Solana-Memecoin-Analysis/data/cache/2026-09-23/015151544129_ohlcv_fa059d9eed6a.json
2026-09-21T22:40:00+00:00,DA4pM4xSDY4M9V4CgAKKBVH1pw1yscTQQa5nEkGHuKpt,solana,PumpSwap,,,,,2026-08-28T13:33:11Z,0.005398601436937827,,,,,,,,,,,,,,,,,,,ohlcv_backfill,minute,0.0054786678818993205,0.005528338116486759,0.005398601436937827,0.005398601436937827,2771.8612311716706,/home/runner/work/Solana-Memecoin-Analysis/Solana-Memecoin-Analysis/data/cache/2026-09-23/015151544129_ohlcv_fa059d9eed6a.json
2026-09-21T22:35:00+00:00,DA4pM4xSDY4M9V4CgAKKBVH1pw1yscTQQa5nEkGHuKpt,solana,PumpSwap,,,,,2026-08-28T13:33:11Z,0.0054786678818993205,,,,,,,,,,,,,,,,,,,ohlcv_backfill,minute,0.005479748197489836,0.005541999625816203,0.0054786678818993205,0.0054786678818993205,130.50055473496744,/home/runner/work/Solana-Memecoin-Analysis/Solana-Memecoin-Analysis/data/cache/2026-09-23/015151544129_ohlcv_fa059d9eed6a.json
2026-09-21T22:30:00+00:00,DA4pM4xSDY4M9V4CgAKKBVH1pw1yscTQQa5nEkGHuKpt,solana,PumpSwap,,,,,2026-08-28T13:33:11Z,0.005479748197489836,,,,,,,,,,,,,,,,,,,ohlcv_backfill,minute,0.005479286346469786,0.0055364288330533,0.005468973555900427,0.005479748197489836,1253.9536080449484,/home/runner/work/Solana-Memecoin-Analysis/Solana-Memecoin-Analysis/data/cache/2026-09-23/015151544129_ohlcv_fa059d9eed6a.json
2026-09-21T22:25:00+00:00,DA4pM4xSDY4M9V4CgAKKBVH1pw1yscTQQa5nEkGHuKpt,solana,PumpSwap,,,,,2026-08-28T13:33:11Z,0.005479286346469786,,,,,,,,,,,,,,,,,,,ohlcv_backfill,minute,0.005508462286619936,0.00551586598974329,0.005472090752247818,0.005479286346469786,2613.089097951454,/home/runner/work/Solana-Memecoin-Analysis/Solana-Memecoin-Analysis/data/cache/2026-09-23/015151544129_ohlcv_fa059d9eed6a.json
2026-09-21T22:20:00+00:00,DA4pM4xSDY4M9V4CgAKKBVH1pw1yscTQQa5nEkGHuKpt,solana,PumpSwap,,,,,2026-08-28T13:33:11Z,0.005508462286619936,,,,,,,,,,,,,,,,,,,ohlcv_backfill,minute,0.005593907638888416,0.005593907638888416,0.005508462286619936,0.005508462286619936,3199.4254084407858,/home/runner/work/Solana-Memecoin-Analysis/Solana-Memecoin-Analysis/data/cache/2026-09-23/015151544129_ohlcv_fa059d9eed6a.json
2026-09-21T22:15:00+00:00,DA4pM4xSDY4M9V4CgAKKBVH1pw1yscTQQa5nEkGHuKpt,solana,PumpSwap,,,,,2026-08-28T13:33:11Z,0.005593907638888416,,,,,,,,,,,,,,,,,,,ohlcv_backfill,minute,0.005646901345912368,0.005646901345912368,0.005591562575822327,0.005593907638888416,452.24886650511036,/home/runner/work/Solana-Memecoin-Analysis/Solana-Memecoin-Analysis/data/cache/2026-09-23/015151544129_ohlcv_fa059d9eed6a.json
2026-09-21T22:10:00+00:00,DA4pM4xSDY4M9V4CgAKKBVH1pw1yscTQQa5nEkGHuKpt,solana,PumpSwap,,,,,2026-08-28T13:33:11Z,0.005646901345912368,,,,,,,,,,,,,,,,,,,ohlcv_backfill,minute,0.005578565497188061,0.005646901345912368,0.005578565497188061,0.005646901345912368,41.519106752368174,/home/runner/work/Solana-Memecoin-Analysis/Solana-Memecoin-Analysis/data/cache/2026-09-23/015151544129_ohlcv_fa059d9eed6a.json
2026-09-21T22:05:00+00:00,DA4pM4xSDY4M9V4CgAKKBVH1pw1yscTQQa5nEkGHuKpt,solana,PumpSwap,,,,,2026-08-28T13:33:11Z,0.005578565497188061,,,,,,,,,,,,,,,,,,,ohlcv_backfill,minute,0.005568183142019777,0.005634001921392636,0.005568183142019777,0.005578565497188061,1053.3432669663173,/home/runner/work/Solana-Memecoin-Analysis/Solana-Memecoin-Analysis/data/cache/2026-09-23/015151544129_ohlcv_fa059d9eed6a.json
2026-09-21T22:00:00+00:00,DA4pM4xSDY4M9V4CgAKKBVH1pw1yscTQQa5nEkGHuKpt,solana,PumpSwap,,,,,2026-08-28T13:33:11Z,0.005568183142019777,,,,,,,,,,,,,,,,,,,ohlcv_backfill,minute,0.005597461645593963,0.005615114069359487,0.005563489375358646,0.005568183142019777,674.9710103565425,/home/runner/work/Solana-Memecoin-Analysis/Solana-Memecoin-Analysis/data/cache/2026-09-23/015151544129_ohlcv_fa059d9eed6a.json
2026-09-21T21:55:00+00:00,DA4pM4xSDY4M9V4CgAKKBVH1pw1yscTQQa5nEkGHuKpt,solana,PumpSwap,,,,,2026-08-28T13:33:11Z,0.005597461645593963,,,,,,,,,,,,,,,,,,,ohlcv_backfill,minute,0.005606938569784825,0.005656884026918298,0.005597461645593963,0.005597461645593963,216.27987445813216,/home/runner/work/Solana-Memecoin-Analysis/Solana-Memecoin-Analysis/data/cache/2026-09-23/015151544129_ohlcv_fa059d9eed6a.json
2026-09-21T21:50:00+00:00,DA4pM4xSDY4M9V4CgAKKBVH1pw1yscTQQa5nEkGHuKpt,solana,PumpSwap,,,,,2026-08-28T13:33:11Z,0.005606938569784825,,,,,,,,,,,,,,,,,,,ohlcv_backfill,minute,0.005671290102279395,0.005671290102279395,0.005606938569784825,0.005606938569784825,1172.4047676633993,/home/runner/work/Solana-Memecoin-Analysis/Solana-Memecoin-Analysis/data/cache/2026-09-23/015151544129_ohlcv_fa059d9eed6a.json
2026-09-21T21:45:00+00:00,DA4pM4xSDY4M9V4CgAKKBVH1pw1yscTQQa5nEkGHuKpt,solana,PumpSwap,,,,,2026-08-28T13:33:11Z,0.005671290102279395,,,,,,,,,,,,,,,,,,,ohlcv_backfill,minute,0.005635474120644001,0.005674377667688168,0.0055626168361221,0.005671290102279395,3101.9056475247635,/home/runner/work/Solana-Memecoin-Analysis/Solana-Memecoin-Analysis/data/cache/2026-09-23/015151544129_ohlcv_fa059d9eed6a.json
2026-09-21T21:40:00+00:00,DA4pM4xSDY4M9V4CgAKKBVH1pw1yscTQQa5nEkGHuKpt,solana,PumpSwap,,,,,2026-08-28T13:33:11Z,0.005635474120644001,,,,,,,,,,,,,,,,,,,ohlcv_backfill,minute,0.0054907284929988165,0.005635474120644001,0.005487332988215377,0.005635474120644001,2777.1151312520487,/home/runner/work/Solana-Memecoin-Analysis/Solana-Memecoin-Analysis/data/cache/2026-09-23/015151544129_ohlcv_fa059d9eed6a.json
2026-09-21T21:35:00+00:00,DA4pM4xSDY4M9V4CgAKKBVH1pw1yscTQQa5nEkGHuKpt,solana,PumpSwap,,,,,2026-08-28T13:33:11Z,0.0054907284929988165,,,,,,,,,,,,,,,,,,,ohlcv_backfill,minute,0.005516681747725102,0.0055536113924101555,0.005458860071031175,0.0054907284929988165,5098.313145028764,/home/runner/work/Solana-Memecoin-Analysis/Solana-Memecoin-Analysis/data/cache/2026-09-23/015151544129_ohlcv_fa059d9eed6a.json
2026-09-21T21:30:00+00:00,DA4pM4xSDY4M9V4CgAKKBVH1pw1yscTQQa5nEkGHuKpt,solana,PumpSwap,,,,,2026-08-28T13:33:11Z,0.005516681747725102,,,,,,,,,,,,,,,,,,,ohlcv_backfill,minute,0.005404955384891965,0.005516681747725102,0.005404955384891965,0.005516681747725102,1810.3093001046007,/home/runner/work/Solana-Memecoin-Analysis/Solana-Memecoin-Analysis/data/cache/2026-09-23/015151544129_ohlcv_fa059d9eed6a.json
2026-09-21T21:25:00+00:00,DA4pM4xSDY4M9V4CgAKKBVH1pw1yscTQQa5nEkGHuKpt,solana,PumpSwap,,,,,2026-08-28T13:33:11Z,0.005404955384891965,,,,,,,,,,,,,,,,,,,ohlcv_backfill,minute,0.005445242008705148,0.005496458328091786,0.005402367622952514,0.005404955384891965,1382.429407061928,/home/runner/work/Solana-Memecoin-Analysis/Solana-Memecoin-Analysis/data/cache/2026-09-23/015151544129_ohlcv_fa059d9eed6a.json
2026-09-21T21:20:00+00:00,DA4pM4xSDY4M9V4CgAKKBVH1pw1yscTQQa5nEkGHuKpt,solana,PumpSwap,,,,,2026-08-28T13:33:11Z,0.005445242008705148,,,,,,,,,,,,,,,,,,,ohlcv_backfill,minute,0.005535063763730395,0.005535063763730395,0.005445242008705148,0.005445242008705148,1082.252468473195,/home/runner/work/Solana-Memecoin-Analysis/Solana-Memecoin-Analysis/data/cache/2026-09-23/015151544129_ohlcv_fa059d9eed6a.json
2026-09-21T21:15:00+00:00,DA4pM4xSDY4M9V4CgAKKBVH1pw1yscTQQa5nEkGHuKpt,solana,PumpSwap,,,,,2026-08-28T13:33:11Z,0.005535063763730395,,,,,,,,,,,,,,,,,,,ohlcv_backfill,minute,0.005510439494502984,0.005543701359154294,0.005483808938332834,0.005535063763730395,632.8286401401142,/home/runner/work/Solana-Memecoin-Analysis/Solana-Memecoin-Analysis/data/cache/2026-09-23/015151544129_ohlcv_fa059d9eed6a.json
2026-09-21T21:10:00+00:00,DA4pM4xSDY4M9V4CgAKKBVH1pw1yscTQQa5nEkGHuKpt,solana,PumpSwap,,,,,2026-08-28T13:33:11Z,0.005510439494502984,,,,,,,,,,,,,,,,,,,ohlcv_backfill,minute,0.005600207041736128,0.005603440749011953,0.005510439494502984,0.005510439494502984,985.7907006616813,/home/runner/work/Solana-Memecoin-Analysis/Solana-Memecoin-Analysis/data/cache/2026-09-23/015151544129_ohlcv_fa059d9eed6a.json
2026-09-21T21:05:00+00:00,DA4pM4xSDY4M9V4CgAKKBVH1pw1yscTQQa5nEkGHuKpt,solana,PumpSwap,,,,,2026-08-28T13:33:11Z,0.005600207041736128,,,,,,,,,,,,,,,,,,,ohlcv_backfill,minute,0.005622074194691463,0.005635567478554759,0.005559657604993355,0.005600207041736128,1717.1711591260887,/home/runner/work/Solana-Memecoin-Analysis/Solana-Memecoin-Analysis/data/cache/2026-09-23/015151544129_ohlcv_fa059d9eed6a.json
2026-09-21T21:00:00+00:00,DA4pM4xSDY4M9V4CgAKKBVH1pw1yscTQQa5nEkGHuKpt,solana,PumpSwap,,,,,2026-08-28T13:33:11Z,0.005622074194691463,,,,,,,,,,,,,,,,,,,ohlcv_backfill,minute,0.005613259232935516,0.005684739450818486,0.005602904178663497,0.005622074194691463,1641.4774275068962,/home/runner/work/Solana-Memecoin-Analysis/Solana-Memecoin-Analysis/data/cache/2026-09-23/015151544129_ohlcv_fa059d9eed6a.json
2026-09-21T20:55:00+00:00,DA4pM4xSDY4M9V4CgAKKBVH1pw1yscTQQa5nEkGHuKpt,solana,PumpSwap,,,,,2026-08-28T13:33:11Z,0.005613259232935516,,,,,,,,,,,,,,,,,,,ohlcv_backfill,minute,0.005591499807823122,0.005654671765471161,0.005564488705624561,0.005613259232935516,2632.4823638375924,/home/runner/work/Solana-Memecoin-Analysis/Solana-Memecoin-Analysis/data/cache/2026-09-23/015151544129_ohlcv_fa059d9eed6a.json
2026-09-21T20:50:00+00:00,DA4pM4xSDY4M9V4CgAKKBVH1pw1yscTQQa5nEkGHuKpt,solana,PumpSwap,,,,,2026-08-28T13:33:11Z,0.005591499807823122,,,,,,,,,,,,,,,,,,,ohlcv_backfill,minute,0.005531746150959285,0.005619741714950701,0.0055065340700269395,0.005591499807823122,2943.999409549122,/home/runner/work/Solana-Memecoin-Analysis/Solana-Memecoin-Analysis/data/cache/2026-09-23/015151544129_ohlcv_fa059d9eed6a.json
2026-09-21T20:45:00+00:00,DA4pM4xSDY4M9V4CgAKKBVH1pw1yscTQQa5nEkGHuKpt,solana,PumpSwap,,,,,2026-08-28T13:33:11Z,0.005531746150959285,,,,,,,,,,,,,,,,,,,ohlcv_backfill,minute,0.005437990419153139,0.005531746150959285,0.005435485120743234,0.005531746150959285,980.5976568500203,/home/runner/work/Solana-Memecoin-Analysis/Solana-Memecoin-Analysis/data/cache/2026-09-23/015151544129_ohlcv_fa059d9eed6a.json
2026-09-21T20:40:00+00:00,DA4pM4xSDY4M9V4CgAKKBVH1pw1yscTQQa5nEkGHuKpt,solana,PumpSwap,,,,,2026-08-28T13:33:11Z,0.005437990419153139,,,,,,,,,,,,,,,,,,,ohlcv_backfill,minute,0.005492310194727455,0.005492310194727455,0.0054172313498347755,0.005437990419153139,937.9048197893786,/home/runner/work/Solana-Memecoin-Analysis/Solana-Memecoin-Analysis/data/cache/2026-09-23/015151544129_ohlcv_fa059d9eed6a.json
2026-09-21T20:35:00+00:00,DA4pM4xSDY4M9V4CgAKKBVH1pw1yscTQQa5nEkGHuKpt,solana,PumpSwap,,,,,2026-08-28T13:33:11Z,0.005492310194727455,,,,,,,,,,,,,,,,,,,ohlcv_backfill,minute,0.0054366082780799106,0.005492310194727455,0.005414429856043353,0.005492310194727455,834.1182694294703,/home/runner/work/Solana-Memecoin-Analysis/Solana-Memecoin-Analysis/data/cache/2026-09-23/015151544129_ohlcv_fa059d9eed6a.json
2026-09-21T20:30:00+00:00,DA4pM4xSDY4M9V4CgAKKBVH1pw1yscTQQa5nEkGHuKpt,solana,PumpSwap,,,,,2026-08-28T13:33:11Z,0.0054366082780799106,,,,,,,,,,,,,,,,,,,ohlcv_backfill,minute,0.0054186743386506605,0.005473865317660294,0.005394847312301896,0.0054366082780799106,2018.5127985062989,/home/runner/work/Solana-Memecoin-Analysis/Solana-Memecoin-Analysis/data/cache/2026-09-23/015151544129_ohlcv_fa059d9eed6a.json
2026-09-21T20:25:00+00:00,DA4pM4xSDY4M9V4CgAKKBVH1pw1yscTQQa5nEkGHuKpt,solana,PumpSwap,,,,,2026-08-28T13:33:11Z,0.0054186743386506605,,,,,,,,,,,,,,,,,,,ohlcv_backfill,minute,0.005450438447994977,0.005474183671499207,0.005344790205341162,0.0054186743386506605,3023.5472433286245,/home/runner/work/Solana-Memecoin-Analysis/Solana-Memecoin-Analysis/data/cache/2026-09-23/015151544129_ohlcv_fa059d9eed6a.json
2026-09-21T20:20:00+00:00,DA4pM4xSDY4M9V4CgAKKBVH1pw1yscTQQa5nEkGHuKpt,solana,PumpSwap,,,,,2026-08-28T13:33:11Z,0.005450438447994977,,,,,,,,,,,,,,,,,,,ohlcv_backfill,minute,0.005406223606240733,0.005450438447994977,0.005365500803334363,0.005450438447994977,662.0037871176421,/home/runner/work/Solana-Memecoin-Analysis/Solana-Memecoin-Analysis/data/cache/2026-09-23/015151544129_ohlcv_fa059d9eed6a.json
2026-09-21T20:15:00+00:00,DA4pM4xSDY4M9V4CgAKKBVH1pw1yscTQQa5nEkGHuKpt,solana,PumpSwap,,,,,2026-08-28T13:33:11Z,0.005406223606240733,,,,,,,,,,,,,,,,,,,ohlcv_backfill,minute,0.005337786703781533,0.005406223606240733,0.005337786703781533,0.005406223606240733,276.1547007585579,/home/runner/work/Solana-Memecoin-Analysis/Solana-Memecoin-Analysis/data/cache/2026-09-23/015151544129_ohlcv_fa059d9eed6a.json
2026-09-21T20:10:00+00:00,DA4pM4xSDY4M9V4CgAKKBVH1pw1yscTQQa5nEkGHuKpt,solana,PumpSwap,,,,,2026-08-28T13:33:11Z,0.005337786703781533,,,,,,,,,,,,,,,,,,,ohlcv_backfill,minute,0.0053334745085135285,0.005407220209240726,0.005331546282680653,0.005337786703781533,886.2710174997958,/home/runner/work/Solana-Memecoin-Analysis/Solana-Memecoin-Analysis/data/cache/2026-09-23/015151544129_ohlcv_fa059d9eed6a.json
2026-09-21T20:05:00+00:00,DA4pM4xSDY4M9V4CgAKKBVH1pw1yscTQQa5nEkGHuKpt,solana,PumpSwap,,,,,2026-08-28T13:33:11Z,0.0053334745085135285,,,,,,,,,,,,,,,,,,,ohlcv_backfill,minute,0.005392186463412195,0.005422079015422135,0.0053334745085135285,0.0053334745085135285,1025.1935974885978,/home/runner/work/Solana-Memecoin-Analysis/Solana-Memecoin-Analysis/data/cache/2026-09-23/015151544129_ohlcv_fa059d9eed6a.json
2026-09-21T20:00:00+00:00,DA4pM4xSDY4M9V4CgAKKBVH1pw1yscTQQa5nEkGHuKpt,solana,PumpSwap,,,,,2026-08-28T13:33:11Z,0.005392186463412195,,,,,,,,,,,,,,,,,,,ohlcv_backfill,minute,0.005390375678152605,0.005467121261091298,0.005390375678152605,0.005392186463412195,780.0619120440846,/home/runner/work/Solana-Memecoin-Analysis/Solana-Memecoin-Analysis/data/cache/2026-09-23/015151544129_ohlcv_fa059d9eed6a.json
2026-09-21T19:55:00+00:00,DA4pM4xSDY4M9V4CgAKKBVH1pw1yscTQQa5nEkGHuKpt,solana,PumpSwap,,,,,2026-08-28T13:33:11Z,0.005390375678152605,,,,,,,,,,,,,,,,,,,ohlcv_backfill,minute,0.005446447523206279,0.005446447523206279,0.005390375678152605,0.005390375678152605,74.81814747661824,/home/runner/work/Solana-Memecoin-Analysis/Solana-Memecoin-Analysis/data/cache/2026-09-23/015151544129_ohlcv_fa059d9eed6a.json
2026-09-21T19:50:00+00:00,DA4pM4xSDY4M9V4CgAKKBVH1pw1yscTQQa5nEkGHuKpt,solana,PumpSwap,,,,,2026-08-28T13:33:11Z,0.005446447523206279,,,,,,,,,,,,,,,,,,,ohlcv_backfill,minute,0.0054063063517069635,0.005489780619912478,0.005394301451491385,0.005446447523206279,1632.5782530657557,/home/runner/work/Solana-Memecoin-Analysis/Solana-Memecoin-Analysis/data/cache/2026-09-23/015151544129_ohlcv_fa059d9eed6a.json
2026-09-21T19:45:00+00:00,DA4pM4xSDY4M9V4CgAKKBVH1pw1yscTQQa5nEkGHuKpt,solana,PumpSwap,,,,,2026-08-28T13:33:11Z,0.0054063063517069635,,,,,,,,,,,,,,,,,,,ohlcv_backfill,minute,0.005419547483985613,0.005463365550115223,0.0054063063517069635,0.0054063063517069635,174.3936055630827,/home/runner/work/Solana-Memecoin-Analysis/Solana-Memecoin-Analysis/data/cache/2026-09-23/015151544129_ohlcv_fa059d9eed6a.json
2026-09-21T19:40:00+00:00,DA4pM4xSDY4M9V4CgAKKBVH1pw1yscTQQa5nEkGHuKpt,solana,PumpSwap,,,,,2026-08-28T13:33:11Z,0.005419547483985613,,,,,,,,,,,,,,,,,,,ohlcv_backfill,minute,0.005408244223827388,0.005469033079687981,0.005408244223827388,0.005419547483985613,586.3288166888854,/home/runner/work/Solana-Memecoin-Analysis/Solana-Memecoin-Analysis/data/cache/2026-09-23/015151544129_ohlcv_fa059d9eed6a.json
2026-09-21T19:35:00+00:00,DA4pM4xSDY4M9V4CgAKKBVH1pw1yscTQQa5nEkGHuKpt,solana,PumpSwap,,,,,2026-08-28T13:33:11Z,0.005408244223827388,,,,,,,,,,,,,,,,,,,ohlcv_backfill,minute,0.0054200564401461395,0.0054200564401461395,0.005408244223827388,0.005408244223827388,9.921313105522312,/home/runner/work/Solana-Memecoin-Analysis/Solana-Memecoin-Analysis/data/cache/2026-09-23/015151544129_ohlcv_fa059d9eed6a.json
2026-09-21T19:30:00+00:00,DA4pM4xSDY4M9V4CgAKKBVH1pw1yscTQQa5nEkGHuKpt,solana,PumpSwap,,,,,2026-08-28T13:33:11Z,0.0054200564401461395,,,,,,,,,,,,,,,,,,,ohlcv_backfill,minute,0.005426257433372888,0.005460919348499775,0.005392807605934018,0.0054200564401461395,1049.1561639740394,/home/runner/work/Solana-Memecoin-Analysis/Solana-Memecoin-Analysis/data/cache/2026-09-23/015151544129_ohlcv_fa059d9eed6a.json
2026-09-21T19:25:00+00:00,DA4pM4xSDY4M9V4CgAKKBVH1pw1yscTQQa5nEkGHuKpt,solana,PumpSwap,,,,,2026-08-28T13:33:11Z,0.005426257433372888,,,,,,,,,,,,,,,,,,,ohlcv_backfill,minute,0.0053507877355170735,0.005428889634350179,0.005344114891931985,0.005426257433372888,1229.8901251528875,/home/runner/work/Solana-Memecoin-Analysis/Solana-Memecoin-Analysis/data/cache/2026-09-23/015151544129_ohlcv_fa059d9eed6a.json
2026-09-21T19:20:00+00:00,DA4pM4xSDY4M9V4CgAKKBVH1pw1yscTQQa5nEkGHuKpt,solana,PumpSwap,,,,,2026-08-28T13:33:11Z,0.0053507877355170735,,,,,,,,,,,,,,,,,,,ohlcv_backfill,minute,0.005409743550962665,0.005421333624479565,0.0053507877355170735,0.0053507877355170735,304.17931773783613,/home/runner/work/Solana-Memecoin-Analysis/Solana-Memecoin-Analysis/data/cache/2026-09-23/015151544129_ohlcv_fa059d9eed6a.json
2026-09-21T19:15:00+00:00,DA4pM4xSDY4M9V4CgAKKBVH1pw1yscTQQa5nEkGHuKpt,solana,PumpSwap,,,,,2026-08-28T13:33:11Z,0.005409743550962665,,,,,,,,,,,,,,,,,,,ohlcv_backfill,minute,0.005374509458194367,0.005409743550962665,0.00533632605818792,0.005409743550962665,928.7267846529861,/home/runner/work/Solana-Memecoin-Analysis/Solana-Memecoin-Analysis/data/cache/2026-09-23/015151544129_ohlcv_fa059d9eed6a.json
2026-09-21T19:10:00+00:00,DA4pM4xSDY4M9V4CgAKKBVH1pw1yscTQQa5nEkGHuKpt,solana,PumpSwap,,,,,2026-08-28T13:33:11Z,0.005374509458194367,,,,,,,,,,,,,,,,,,,ohlcv_backfill,minute,0.005324101186797936,0.0053798737364276,0.0052890851030000935,0.005374509458194367,1858.9278157230171,/home/runner/work/Solana-Memecoin-Analysis/Solana-Memecoin-Analysis/data/cache/2026-09-23/015151544129_ohlcv_fa059d9eed6a.json
2026-09-21T19:05:00+00:00,DA4pM4xSDY4M9V4CgAKKBVH1pw1yscTQQa5nEkGHuKpt,solana,PumpSwap,,,,,2026-08-28T13:33:11Z,0.005324101186797936,,,,,,,,,,,,,,,,,,,ohlcv_backfill,minute,0.005436611513486602,0.005439788931342592,0.005324101186797936,0.005324101186797936,2070.6043721143615,/home/runner/work/Solana-Memecoin-Analysis/Solana-Memecoin-Analysis/data/cache/2026-09-23/015151544129_ohlcv_fa059d9eed6a.json
2026-09-21T19:00:00+00:00,DA4pM4xSDY4M9V4CgAKKBVH1pw1yscTQQa5nEkGHuKpt,solana,PumpSwap,,,,,2026-08-28T13:33:11Z,0.005436611513486602,,,,,,,,,,,,,,,,,,,ohlcv_backfill,minute,0.005434163495204452,0.005437504432956844,0.005379594177092464,0.005436611513486602,524.9980452921923,/home/runner/work/Solana-Memecoin-Analysis/Solana-Memecoin-Analysis/data/cache/2026-09-23/015151544129_ohlcv_fa059d9eed6a.json
2026-09-21T18:55:00+00:00,DA4pM4xSDY4M9V4CgAKKBVH1pw1yscTQQa5nEkGHuKpt,solana,PumpSwap,,,,,2026-08-28T13:33:11Z,0.005434163495204452,,,,,,,,,,,,,,,,,,,ohlcv_backfill,minute,0.005423668456742657,0.00544730184766817,0.005375049253747955,0.005434163495204452,806.2021223495702,/home/runner/work/Solana-Memecoin-Analysis/Solana-Memecoin-Analysis/data/cache/2026-09-23/015151544129_ohlcv_fa059d9eed6a.json
2026-09-21T18:50:00+00:00,DA4pM4xSDY4M9V4CgAKKBVH1pw1yscTQQa5nEkGHuKpt,solana,PumpSwap,,,,,2026-08-28T13:33:11Z,0.005423668456742657,,,,,,,,,,,,,,,,,,,ohlcv_backfill,minute,0.005382241021757411,0.005437177879993777,0.005377325343146357,0.005423668456742657,772.0752737433329,/home/runner/work/Solana-Memecoin-Analysis/Solana-Memecoin-Analysis/data/cache/2026-09-23/015151544129_ohlcv_fa059d9eed6a.json
2026-09-21T18:45:00+00:00,DA4pM4xSDY4M9V4CgAKKBVH1pw1yscTQQa5nEkGHuKpt,solana,PumpSwap,,,,,2026-08-28T13:33:11Z,0.005382241021757411,,,,,,,,,,,,,,,,,,,ohlcv_backfill,minute,0.005382516503985311,0.005433376654193046,0.005361595393694013,0.005382241021757411,787.0644487617262,/home/runner/work/Solana-Memecoin-Analysis/Solana-Memecoin-Analysis/data/cache/2026-09-23/015151544129_ohlcv_fa059d9eed6a.json
2026-09-21T18:40:00+00:00,DA4pM4xSDY4M9V4CgAKKBVH1pw1yscTQQa5nEkGHuKpt,solana,PumpSwap,,,,,2026-08-28T13:33:11Z,0.005382516503985311,,,,,,,,,,,,,,,,,,,ohlcv_backfill,minute,0.005367914962243148,0.005421070133707895,0.005349698907171356,0.005382516503985311,1027.2873738228377,/home/runner/work/Solana-Memecoin-Analysis/Solana-Memecoin-Analysis/data/cache/2026-09-23/015151544129_ohlcv_fa059d9eed6a.json
2026-09-21T18:35:00+00:00,DA4pM4xSDY4M9V4CgAKKBVH1pw1yscTQQa5nEkGHuKpt,solana,PumpSwap,,,,,2026-08-28T13:33:11Z,0.005367914962243148,,,,,,,,,,,,,,,,,,,ohlcv_backfill,minute,0.005475187258253044,0.005475187258253044,0.005367914962243148,0.005367914962243148,3066.806928525907,/home/runner/work/Solana-Memecoin-Analysis/Solana-Memecoin-Analysis/data/cache/2026-09-23/015151544129_ohlcv_fa059d9eed6a.json
2026-09-21T18:30:00+00:00,DA4pM4xSDY4M9V4CgAKKBVH1pw1yscTQQa5nEkGHuKpt,solana,PumpSwap,,,,,2026-08-28T13:33:11Z,0.005475187258253044,,,,,,,,,,,,,,,,,,,ohlcv_backfill,minute,0.005477784967753802,0.005480995263960729,0.005430629150166101,0.005475187258253044,952.9603999341178,/home/runner/work/Solana-Memecoin-Analysis/Solana-Memecoin-Analysis/data/cache/2026-09-23/015151544129_ohlcv_fa059d9eed6a.json
2026-09-21T18:25:00+00:00,DA4pM4xSDY4M9V4CgAKKBVH1pw1yscTQQa5nEkGHuKpt,solana,PumpSwap,,,,,2026-08-28T13:33:11Z,0.005477784967753802,,,,,,,,,,,,,,,,,,,ohlcv_backfill,minute,0.0054888679349086675,0.005544744546664682,0.005474770609097037,0.005477784967753802,271.8062008872842,/home/runner/work/Solana-Memecoin-Analysis/Solana-Memecoin-Analysis/data/cache/2026-09-23/015151544129_ohlcv_fa059d9eed6a.json
2026-09-21T18:20:00+00:00,DA4pM4xSDY4M9V4CgAKKBVH1pw1yscTQQa5nEkGHuKpt,solana,PumpSwap,,,,,2026-08-28T13:33:11Z,0.0054888679349086675,,,,,,,,,,,,,,,,,,,ohlcv_backfill,minute,0.00560405095906063,0.00560405095906063,0.0054751625696585985,0.0054888679349086675,1804.2853027433914,/home/runner/work/Solana-Memecoin-Analysis/Solana-Memecoin-Analysis/data/cache/2026-09-23/015151544129_ohlcv_fa059d9eed6a.json
2026-09-21T18:15:00+00:00,DA4pM4xSDY4M9V4CgAKKBVH1pw1yscTQQa5nEkGHuKpt,solana,PumpSwap,,,,,2026-08-28T13:33:11Z,0.00560405095906063,,,,,,,,,,,,,,,,,,,ohlcv_backfill,minute,0.005545591674600919,0.00560405095906063,0.005541814961017184,0.00560405095906063,452.8947880786017,/home/runner/work/Solana-Memecoin-Analysis/Solana-Memecoin-Analysis/data/cache/2026-09-23/015151544129_ohlcv_fa059d9eed6a.json
2026-09-21T18:10:00+00:00,DA4pM4xSDY4M9V4CgAKKBVH1pw1yscTQQa5nEkGHuKpt,solana,PumpSwap,,,,,2026-08-28T13:33:11Z,0.005545591674600919,,,,,,,,,,,,,,,,,,,ohlcv_backfill,minute,0.005529666893800194,0.005583771507901026,0.00548601100838096,0.005545591674600919,2273.3713506872677,/home/runner/work/Solana-Memecoin-Analysis/Solana-Memecoin-Analysis/data/cache/2026-09-23/015151544129_ohlcv_fa059d9eed6a.json
2026-09-21T18:05:00+00:00,DA4pM4xSDY4M9V4CgAKKBVH1pw1yscTQQa5nEkGHuKpt,solana,PumpSwap,,,,,2026-08-28T13:33:11Z,0.005529666893800194,,,,,,,,,,,,,,,,,,,ohlcv_backfill,minute,0.005471720207707309,0.005533484032709085,0.005471249390442907,0.005529666893800194,479.93042124379775,/home/runner/work/Solana-Memecoin-Analysis/Solana-Memecoin-Analysis/data/cache/2026-09-23/015151544129_ohlcv_fa059d9eed6a.json
2026-09-21T18:00:00+00:00,DA4pM4xSDY4M9V4CgAKKBVH1pw1yscTQQa5nEkGHuKpt,solana,PumpSwap,,,,,2026-08-28T13:33:11Z,0.005471720207707309,,,,,,,,,,,,,,,,,,,ohlcv_backfill,minute,0.005479893602828553,0.005534582056836699,0.005441278500944684,0.005471720207707309,1474.3638007917189,/home/runner/work/Solana-Memecoin-Analysis/Solana-Memecoin-Analysis/data/cache/2026-09-23/015151544129_ohlcv_fa059d9eed6a.json
2026-09-21T17:55:00+00:00,DA4pM4xSDY4M9V4CgAKKBVH1pw1yscTQQa5nEkGHuKpt,solana,PumpSwap,,,,,2026-08-28T13:33:11Z,0.005479893602828553,,,,,,,,,,,,,,,,,,,ohlcv_backfill,minute,0.0054546604467818425,0.005525329239118567,0.0054545337301051145,0.005479893602828553,446.42660044188693,/home/runner/work/Solana-Memecoin-Analysis/Solana-Memecoin-Analysis/data/cache/2026-09-23/015151544129_ohlcv_fa059d9eed6a.json
2026-09-21T17:50:00+00:00,DA4pM4xSDY4M9V4CgAKKBVH1pw1yscTQQa5nEkGHuKpt,solana,PumpSwap,,,,,2026-08-28T13:33:11Z,0.0054546604467818425,,,,,,,,,,,,,,,,,,,ohlcv_backfill,minute,0.0054725685565036215,0.005528400351673846,0.0054546604467818425,0.0054546604467818425,1200.0953830691974,/home/runner/work/Solana-Memecoin-Analysis/Solana-Memecoin-Analysis/data/cache/2026-09-23/015151544129_ohlcv_fa059d9eed6a.json
2026-09-21T17:45:00+00:00,DA4pM4xSDY4M9V4CgAKKBVH1pw1yscTQQa5nEkGHuKpt,solana,PumpSwap,,,,,2026-08-28T13:33:11Z,0.0054725685565036215,,,,,,,,,,,,,,,,,,,ohlcv_backfill,minute,0.005273054115135921,0.005533067054377479,0.005273054115135921,0.0054725685565036215,4621.598868191858,/home/runner/work/Solana-Memecoin-Analysis/Solana-Memecoin-Analysis/data/cache/2026-09-23/015151544129_ohlcv_fa059d9eed6a.json
2026-09-21T17:40:00+00:00,DA4pM4xSDY4M9V4CgAKKBVH1pw1yscTQQa5nEkGHuKpt,solana,PumpSwap,,,,,2026-08-28T13:33:11Z,0.005273054115135921,,,,,,,,,,,,,,,,,,,ohlcv_backfill,minute,0.005365390593223835,0.005411723465435405,0.005269082470079335,0.005273054115135921,2208.8372695432618,/home/runner/work/Solana-Memecoin-Analysis/Solana-Memecoin-Analysis/data/cache/2026-09-23/015151544129_ohlcv_fa059d9eed6a.json
2026-09-21T17:35:00+00:00,DA4pM4xSDY4M9V4CgAKKBVH1pw1yscTQQa5nEkGHuKpt,solana,PumpSwap,,,,,2026-08-28T13:33:11Z,0.005365390593223835,,,,,,,,,,,,,,,,,,,ohlcv_backfill,minute,0.005418337301080196,0.005418337301080196,0.005363026439115107,0.005365390593223835,86.81597167955792,/home/runner/work/Solana-Memecoin-Analysis/Solana-Memecoin-Analysis/data/cache/2026-09-23/015151544129_ohlcv_fa059d9eed6a.json
2026-09-21T17:30:00+00:00,DA4pM4xSDY4M9V4CgAKKBVH1pw1yscTQQa5nEkGHuKpt,solana,PumpSwap,,,,,2026-08-28T13:33:11Z,0.005418337301080196,,,,,,,,,,,,,,,,,,,ohlcv_backfill,minute,0.005384236549581648,0.005418337301080196,0.005339896647828194,0.005418337301080196,1437.9700693488448,/home/runner/work/Solana-Memecoin-Analysis/Solana-Memecoin-Analysis/data/cache/2026-09-23/015151544129_ohlcv_fa059d9eed6a.json
2026-09-21T17:25:00+00:00,DA4pM4xSDY4M9V4CgAKKBVH1pw1yscTQQa5nEkGHuKpt,solana,PumpSwap,,,,,2026-08-28T13:33:11Z,0.005384236549581648,,,,,,,,,,,,,,,,,,,ohlcv_backfill,minute,0.00531086695052605,0.0054106690402453165,0.005291817516078585,0.005384236549581648,3670.3603634131177,/home/runner/work/Solana-Memecoin-Analysis/Solana-Memecoin-Analysis/data/cache/2026-09-23/015151544129_ohlcv_fa059d9eed6a.json
2026-09-21T17:20:00+00:00,DA4pM4xSDY4M9V4CgAKKBVH1pw1yscTQQa5nEkGHuKpt,solana,PumpSwap,,,,,2026-08-28T13:33:11Z,0.00531086695052605,,,,,,,,,,,,,,,,,,,ohlcv_backfill,minute,0.0052765803900259225,0.005311654929102624,0.005223108702796188,0.00531086695052605,587.7945972190981,/home/runner/work/Solana-Memecoin-Analysis/Solana-Memecoin-Analysis/data/cache/2026-09-23/015151544129_ohlcv_fa059d9eed6a.json
2026-09-21T17:15:00+00:00,DA4pM4xSDY4M9V4CgAKKBVH1pw1yscTQQa5nEkGHuKpt,solana,PumpSwap,,,,,2026-08-28T13:33:11Z,0.0052765803900259225,,,,,,,,,,,,,,,,,,,ohlcv_backfill,minute,0.005277641653183374,0.005283256943201617,0.0051775919845614814,0.0052765803900259225,2122.616107034858,/home/runner/work/Solana-Memecoin-Analysis/Solana-Memecoin-Analysis/data/cache/2026-09-23/015151544129_ohlcv_fa059d9eed6a.json
2026-09-21T17:10:00+00:00,DA4pM4xSDY4M9V4CgAKKBVH1pw1yscTQQa5nEkGHuKpt,solana,PumpSwap,,,,,2026-08-28T13:33:11Z,0.005277641653183374,,,,,,,,,,,,,,,,,,,ohlcv_backfill,minute,0.005261678555256888,0.0052877994440735186,0.005203526472234243,0.005277641653183374,1078.0998608349546,/home/runner/work/Solana-Memecoin-Analysis/Solana-Memecoin-Analysis/data/cache/2026-09-23/015151544129_ohlcv_fa059d9eed6a.json
2026-09-21T17:05:00+00:00,DA4pM4xSDY4M9V4CgAKKBVH1pw1yscTQQa5nEkGHuKpt,solana,PumpSwap,,,,,2026-08-28T13:33:11Z,0.005261678555256888,,,,,,,,,,,,,,,,,,,ohlcv_backfill,minute,0.0052011946289521865,0.005261688010192134,0.00515156769754749,0.005261678555256888,1683.8018132851555,/home/runner/work/Solana-Memecoin-Analysis/Solana-Memecoin-Analysis/data/cache/2026-09-23/015151544129_ohlcv_fa059d9eed6a.json
2026-09-21T17:00:00+00:00,DA4pM4xSDY4M9V4CgAKKBVH1pw1yscTQQa5nEkGHuKpt,solana,PumpSwap,,,,,2026-08-28T13:33:11Z,0.0052011946289521865,,,,,,,,,,,,,,,,,,,ohlcv_backfill,minute,0.005281052118104623,0.005282300783347367,0.00514733881843874,0.0052011946289521865,1560.911943354183,/home/runner/work/Solana-Memecoin-Analysis/Solana-Memecoin-Analysis/data/cache/2026-09-23/015151544129_ohlcv_fa059d9eed6a.json
2026-09-21T16:55:00+00:00,DA4pM4xSDY4M9V4CgAKKBVH1pw1yscTQQa5nEkGHuKpt,solana,PumpSwap,,,,,2026-08-28T13:33:11Z,0.005281052118104623,,,,,,,,,,,,,,,,,,,ohlcv_backfill,minute,0.00529083013070502,0.005307449410211215,0.005226565080310431,0.005281052118104623,1055.226697198878,/home/runner/work/Solana-Memecoin-Analysis/Solana-Memecoin-Analysis/data/cache/2026-09-23/015151544129_ohlcv_fa059d9eed6a.json
2026-09-21T16:50:00+00:00,DA4pM4xSDY4M9V4CgAKKBVH1pw1yscTQQa5nEkGHuKpt,solana,PumpSwap,,,,,2026-08-28T13:33:11Z,0.00529083013070502,,,,,,,,,,,,,,,,,,,ohlcv_backfill,minute,0.0052385193943441585,0.00529083013070502,0.005223134346083483,0.00529083013070502,583.7078630038077,/home/runner/work/Solana-Memecoin-Analysis/Solana-Memecoin-Analysis/data/cache/2026-09-23/015151544129_ohlcv_fa059d9eed6a.json
2026-09-21T16:45:00+00:00,DA4pM4xSDY4M9V4CgAKKBVH1pw1yscTQQa5nEkGHuKpt,solana,PumpSwap,,,,,2026-08-28T13:33:11Z,0.0052385193943441585,,,,,,,,,,,,,,,,,,,ohlcv_backfill,minute,0.0052806113969565555,0.00529861461362142,0.005224837318191493,0.0052385193943441585,915.4356623166018,/home/runner/work/Solana-Memecoin-Analysis/Solana-Memecoin-Analysis/data/cache/2026-09-23/015151544129_ohlcv_fa059d9eed6a.json
2026-09-21T16:40:00+00:00,DA4pM4xSDY4M9V4CgAKKBVH1pw1yscTQQa5nEkGHuKpt,solana,PumpSwap,,,,,2026-08-28T13:33:11Z,0.0052806113969565555,,,,,,,,,,,,,,,,,,,ohlcv_backfill,minute,0.00518584422178289,0.0052806113969565555,0.00518584422178289,0.0052806113969565555,1531.7983015850455,/home/runner/work/Solana-Memecoin-Analysis/Solana-Memecoin-Analysis/data/cache/2026-09-23/015151544129_ohlcv_fa059d9eed6a.json
2026-09-21T16:35:00+00:00,DA4pM4xSDY4M9V4CgAKKBVH1pw1yscTQQa5nEkGHuKpt,solana,PumpSwap,,,,,2026-08-28T13:33:11Z,0.00518584422178289,,,,,,,,,,,,,,,,,,,ohlcv_backfill,minute,0.005173655978401216,0.0052450594568096455,0.005115036391133862,0.00518584422178289,4810.782161527454,/home/runner/work/Solana-Memecoin-Analysis/Solana-Memecoin-Analysis/data/cache/2026-09-23/015151544129_ohlcv_fa059d9eed6a.json
2026-09-21T16:30:00+00:00,DA4pM4xSDY4M9V4CgAKKBVH1pw1yscTQQa5nEkGHuKpt,solana,PumpSwap,,,,,2026-08-28T13:33:11Z,0.005173655978401216,,,,,,,,,,,,,,,,,,,ohlcv_backfill,minute,0.005218454349672031,0.005229100709479714,0.005173655978401216,0.005173655978401216,814.0516602697172,/home/runner/work/Solana-Memecoin-Analysis/Solana-Memecoin-Analysis/data/cache/2026-09-23/015151544129_ohlcv_fa059d9eed6a.json
2026-09-21T16:25:00+00:00,DA4pM4xSDY4M9V4CgAKKBVH1pw1yscTQQa5nEkGHuKpt,solana,PumpSwap,,,,,2026-08-28T13:33:11Z,0.005218454349672031,,,,,,,,,,,,,,,,,,,ohlcv_backfill,minute,0.005121764734493466,0.005280521692144294,0.0051169245021536625,0.005218454349672031,2529.067726564392,/home/runner/work/Solana-Memecoin-Analysis/Solana-Memecoin-Analysis/data/cache/2026-09-23/015151544129_ohlcv_fa059d9eed6a.json
2026-09-21T16:20:00+00:00,DA4pM4xSDY4M9V4CgAKKBVH1pw1yscTQQa5nEkGHuKpt,solana,PumpSwap,,,,,2026-08-28T13:33:11Z,0.005121764734493466,,,,,,,,,,,,,,,,,,,ohlcv_backfill,minute,0.005272381415041608,0.005272381415041608,0.005120022286942888,0.005121764734493466,2449.1862735784052,/home/runner/work/Solana-Memecoin-Analysis/Solana-Memecoin-Analysis/data/cache/2026-09-23/015151544129_ohlcv_fa059d9eed6a.json
2026-09-21T16:15:00+00:00,DA4pM4xSDY4M9V4CgAKKBVH1pw1yscTQQa5nEkGHuKpt,solana,PumpSwap,,,,,2026-08-28T13:33:11Z,0.005272381415041608,,,,,,,,,,,,,,,,,,,ohlcv_backfill,minute,0.00525883647763718,0.0053317998487468175,0.005211455119392029,0.005272381415041608,2426.5521181596573,/home/runner/work/Solana-Memecoin-Analysis/Solana-Memecoin-Analysis/data/cache/2026-09-23/015151544129_ohlcv_fa059d9eed6a.json
2026-09-21T16:10:00+00:00,DA4pM4xSDY4M9V4CgAKKBVH1pw1yscTQQa5nEkGHuKpt,solana,PumpSwap,,,,,2026-08-28T13:33:11Z,0.00525883647763718,,,,,,,,,,,,,,,,,,,ohlcv_backfill,minute,0.005299289381565351,0.005323841940234796,0.00525883647763718,0.00525883647763718,223.7149951378579,/home/runner/work/Solana-Memecoin-Analysis/Solana-Memecoin-Analysis/data/cache/2026-09-23/015151544129_ohlcv_fa059d9eed6a.json
2026-09-21T16:05:00+00:00,DA4pM4xSDY4M9V4CgAKKBVH1pw1yscTQQa5nEkGHuKpt,solana,PumpSwap,,,,,2026-08-28T13:33:11Z,0.005299289381565351,,,,,,,,,,,,,,,,,,,ohlcv_backfill,minute,0.005264089838453963,0.005302616899517198,0.005245550019319191,0.005299289381565351,1074.3171386380068,/home/runner/work/Solana-Memecoin-Analysis/Solana-Memecoin-Analysis/data/cache/2026-09-23/015151544129_ohlcv_fa059d9eed6a.json
2026-09-21T16:00:00+00:00,DA4pM4xSDY4M9V4CgAKKBVH1pw1yscTQQa5nEkGHuKpt,solana,PumpSwap,,,,,2026-08-28T13:33:11Z,0.005264089838453963,,,,,,,,,,,,,,,,,,,ohlcv_backfill,minute,0.005290049565723124,0.005302358173478087,0.005218172506219965,0.005264089838453963,1565.8398572741924,/home/runner/work/Solana-Memecoin-Analysis/Solana-Memecoin-Analysis/data/cache/2026-09-23/015151544129_ohlcv_fa059d9eed6a.json
2026-09-21T15:55:00+00:00,DA4pM4xSDY4M9V4CgAKKBVH1pw1yscTQQa5nEkGHuKpt,solana,PumpSwap,,,,,2026-08-28T13:33:11Z,0.005290049565723124,,,,,,,,,,,,,,,,,,,ohlcv_backfill,minute,0.005345984944207701,0.005345984944207701,0.0052429715489380165,0.005290049565723124,1853.8366380471743,/home/runner/work/Solana-Memecoin-Analysis/Solana-Memecoin-Analysis/data/cache/2026-09-23/015151544129_ohlcv_fa059d9eed6a.json
2026-09-21T15:50:00+00:00,DA4pM4xSDY4M9V4CgAKKBVH1pw1yscTQQa5nEkGHuKpt,solana,PumpSwap,,,,,2026-08-28T13:33:11Z,0.005345984944207701,,,,,,,,,,,,,,,,,,,ohlcv_backfill,minute,0.0053321737550243485,0.0053648495861269,0.00528935031448769,0.005345984944207701,1053.2128608925645,/home/runner/work/Solana-Memecoin-Analysis/Solana-Memecoin-Analysis/data/cache/2026-09-23/015151544129_ohlcv_fa059d9eed6a.json
2026-09-21T15:45:00+00:00,DA4pM4xSDY4M9V4CgAKKBVH1pw1yscTQQa5nEkGHuKpt,solana,PumpSwap,,,,,2026-08-28T13:33:11Z,0.0053321737550243485,,,,,,,,,,,,,,,,,,,ohlcv_backfill,minute,0.005343922234321599,0.005353078106243183,0.005281874301888739,0.0053321737550243485,1361.8092548935174,/home/runner/work/Solana-Memecoin-Analysis/Solana-Memecoin-Analysis/data/cache/2026-09-23/015151544129_ohlcv_fa059d9eed6a.json
2026-09-21T15:40:00+00:00,DA4pM4xSDY4M9V4CgAKKBVH1pw1yscTQQa5nEkGHuKpt,solana,PumpSwap,,,,,2026-08-28T13:33:11Z,0.005343922234321599,,,,,,,,,,,,,,,,,,,ohlcv_backfill,minute,0.005331459265174438,0.005348451594275514,0.0052726682873109314,0.005343922234321599,1833.8249208675031,/home/runner/work/Solana-Memecoin-Analysis/Solana-Memecoin-Analysis/data/cache/2026-09-23/015151544129_ohlcv_fa059d9eed6a.json
2026-09-21T15:35:00+00:00,DA4pM4xSDY4M9V4CgAKKBVH1pw1yscTQQa5nEkGHuKpt,solana,PumpSwap,,,,,2026-08-28T13:33:11Z,0.005331459265174438,,,,,,,,,,,,,,,,,,,ohlcv_backfill,minute,0.005418987755927581,0.005418987755927581,0.005296034773661972,0.005331459265174438,2368.8028243466656,/home/runner/work/Solana-Memecoin-Analysis/Solana-Memecoin-Analysis/data/cache/2026-09-23/015151544129_ohlcv_fa059d9eed6a.json
2026-09-21T15:30:00+00:00,DA4pM4xSDY4M9V4CgAKKBVH1pw1yscTQQa5nEkGHuKpt,solana,PumpSwap,,,,,2026-08-28T13:33:11Z,0.005418987755927581,,,,,,,,,,,,,,,,,,,ohlcv_backfill,minute,0.005360192843552803,0.005421772461935966,0.005354109772217124,0.005418987755927581,418.2613864324336,/home/runner/work/Solana-Memecoin-Analysis/Solana-Memecoin-Analysis/data/cache/2026-09-23/015151544129_ohlcv_fa059d9eed6a.json
2026-09-21T15:25:00+00:00,DA4pM4xSDY4M9V4CgAKKBVH1pw1yscTQQa5nEkGHuKpt,solana,PumpSwap,,,,,2026-08-28T13:33:11Z,0.005360192843552803,,,,,,,,,,,,,,,,,,,ohlcv_backfill,minute,0.0053886289673117415,0.005412167077174544,0.005345104438009803,0.005360192843552803,772.2048316934387,/home/runner/work/Solana-Memecoin-Analysis/Solana-Memecoin-Analysis/data/cache/2026-09-23/015151544129_ohlcv_fa059d9eed6a.json
2026-09-21T15:20:00+00:00,DA4pM4xSDY4M9V4CgAKKBVH1pw1yscTQQa5nEkGHuKpt,solana,PumpSwap,,,,,2026-08-28T13:33:11Z,0.0053886289673117415,,,,,,,,,,,,,,,,,,,ohlcv_backfill,minute,0.0053843354643593536,0.005408953809161201,0.005343846068450475,0.0053886289673117415,1604.0234172303647,/home/runner/work/Solana-Memecoin-Analysis/Solana-Memecoin-Analysis/data/cache/2026-09-23/015151544129_ohlcv_fa059d9eed6a.json
2026-09-21T15:15:00+00:00,DA4pM4xSDY4M9V4CgAKKBVH1pw1yscTQQa5nEkGHuKpt,solana,PumpSwap,,,,,2026-08-28T13:33:11Z,0.0053843354643593536,,,,,,,,,,,,,,,,,,,ohlcv_backfill,minute,0.005418310142361553,0.005445911363154146,0.0053843354643593536,0.0053843354643593536,881.5892288660144,/home/runner/work/Solana-Memecoin-Analysis/Solana-Memecoin-Analysis/data/cache/2026-09-23/015151544129_ohlcv_fa059d9eed6a.json
2026-09-21T15:10:00+00:00,DA4pM4xSDY4M9V4CgAKKBVH1pw1yscTQQa5nEkGHuKpt,solana,PumpSwap,,,,,2026-08-28T13:33:11Z,0.005418310142361553,,,,,,,,,,,,,,,,,,,ohlcv_backfill,minute,0.005473788969655402,0.005481081821300769,0.005410076852988626,0.005418310142361553,778.6507739186391,/home/runner/work/Solana-Memecoin-Analysis/Solana-Memecoin-Analysis/data/cache/2026-09-23/015151544129_ohlcv_fa059d9eed6a.json
2026-09-21T15:05:00+00:00,DA4pM4xSDY4M9V4CgAKKBVH1pw1yscTQQa5nEkGHuKpt,solana,PumpSwap,,,,,2026-08-28T13:33:11Z,0.005473788969655402,,,,,,,,,,,,,,,,,,,ohlcv_backfill,minute,0.005408786103248762,0.005496261588447697,0.005364823051910929,0.005473788969655402,3565.942434223432,/home/runner/work/Solana-Memecoin-Analysis/Solana-Memecoin-Analysis/data/cache/2026-09-23/015151544129_ohlcv_fa059d9eed6a.json
2026-09-21T15:00:00+00:00,DA4pM4xSDY4M9V4CgAKKBVH1pw1yscTQQa5nEkGHuKpt,solana,PumpSwap,,,,,2026-08-28T13:33:11Z,0.005408786103248762,,,,,,,,,,,,,,,,,,,ohlcv_backfill,minute,0.005336350412377657,0.005419935989961441,0.0052942321599141196,0.005408786103248762,2979.2527922752547,/home/runner/work/Solana-Memecoin-Analysis/Solana-Memecoin-Analysis/data/cache/2026-09-23/015151544129_ohlcv_fa059d9eed6a.json
2026-09-21T14:55:00+00:00,DA4pM4xSDY4M9V4CgAKKBVH1pw1yscTQQa5nEkGHuKpt,solana,PumpSwap,,,,,2026-08-28T13:33:11Z,0.005336350412377657,,,,,,,,,,,,,,,,,,,ohlcv_backfill,minute,0.005318480528555239,0.005383555399402184,0.005263710505197577,0.005336350412377657,4250.309242026217,/home/runner/work/Solana-Memecoin-Analysis/Solana-Memecoin-Analysis/data/cache/2026-09-23/015151544129_ohlcv_fa059d9eed6a.json
2026-09-21T14:50:00+00:00,DA4pM4xSDY4M9V4CgAKKBVH1pw1yscTQQa5nEkGHuKpt,solana,PumpSwap,,,,,2026-08-28T13:33:11Z,0.005318480528555239,,,,,,,,,,,,,,,,,,,ohlcv_backfill,minute,0.005359255362752125,0.005423333071174864,0.00523092027546358,0.005318480528555239,5959.305358429097,/home/runner/work/Solana-Memecoin-Analysis/Solana-Memecoin-Analysis/data/cache/2026-09-23/015151544129_ohlcv_fa059d9eed6a.json
2026-09-21T14:45:00+00:00,DA4pM4xSDY4M9V4CgAKKBVH1pw1yscTQQa5nEkGHuKpt,solana,PumpSwap,,,,,2026-08-28T13:33:11Z,0.005359255362752125,,,,,,,,,,,,,,,,,,,ohlcv_backfill,minute,0.005350719565191262,0.005411896798596485,0.005263451906567576,0.005359255362752125,3663.980421661975,/home/runner/work/Solana-Memecoin-Analysis/Solana-Memecoin-Analysis/data/cache/2026-09-23/015151544129_ohlcv_fa059d9eed6a.json
2026-09-21T14:40:00+00:00,DA4pM4xSDY4M9V4CgAKKBVH1pw1yscTQQa5nEkGHuKpt,solana,PumpSwap,,,,,2026-08-28T13:33:11Z,0.005350719565191262,,,,,,,,,,,,,,,,,,,ohlcv_backfill,minute,0.005353610829777053,0.005403537055615521,0.0052773317256765186,0.005350719565191262,5514.348356285907,/home/runner/work/Solana-Memecoin-Analysis/Solana-Memecoin-Analysis/data/cache/2026-09-23/015151544129_ohlcv_fa059d9eed6a.json
2026-09-21T14:35:00+00:00,DA4pM4xSDY4M9V4CgAKKBVH1pw1yscTQQa5nEkGHuKpt,solana,PumpSwap,,,,,2026-08-28T13:33:11Z,0.005353610829777053,,,,,,,,,,,,,,,,,,,ohlcv_backfill,minute,0.005490829707162595,0.005564175540350824,0.00510732876639208,0.005353610829777053,20134.83912014362,/home/runner/work/Solana-Memecoin-Analysis/Solana-Memecoin-Analysis/data/cache/2026-09-23/015151544129_ohlcv_fa059d9eed6a.json
2026-09-21T14:30:00+00:00,DA4pM4xSDY4M9V4CgAKKBVH1pw1yscTQQa5nEkGHuKpt,solana,PumpSwap,,,,,2026-08-28T13:33:11Z,0.005490829707162595,,,,,,,,,,,,,,,,,,,ohlcv_backfill,minute,0.0058155666833613045,0.005821698591994908,0.005369672282839895,0.005490829707162595,14257.883295652497,/home/runner/work/Solana-Memecoin-Analysis/Solana-Memecoin-Analysis/data/cache/2026-09-23/015151544129_ohlcv_fa059d9eed6a.json
2026-09-21T14:25:00+00:00,DA4pM4xSDY4M9V4CgAKKBVH1pw1yscTQQa5nEkGHuKpt,solana,PumpSwap,,,,,2026-08-28T13:33:11Z,0.0058155666833613045,,,,,,,,,,,,,,,,,,,ohlcv_backfill,minute,0.005755493808358859,0.005850565864768504,0.0057389604739121495,0.0058155666833613045,2130.647613780059,/home/runner/work/Solana-Memecoin-Analysis/Solana-Memecoin-Analysis/data/cache/2026-09-23/015151544129_ohlcv_fa059d9eed6a.json
2026-09-21T14:20:00+00:00,DA4pM4xSDY4M9V4CgAKKBVH1pw1yscTQQa5nEkGHuKpt,solana,PumpSwap,,,,,2026-08-28T13:33:11Z,0.005755493808358859,,,,,,,,,,,,,,,,,,,ohlcv_backfill,minute,0.005775731652252319,0.005820996561498861,0.005718022590687352,0.005755493808358859,1960.4807099854402,/home/runner/work/Solana-Memecoin-Analysis/Solana-Memecoin-Analysis/data/cache/2026-09-23/015151544129_ohlcv_fa059d9eed6a.json
2026-09-21T14:15:00+00:00,DA4pM4xSDY4M9V4CgAKKBVH1pw1yscTQQa5nEkGHuKpt,solana,PumpSwap,,,,,2026-08-28T13:33:11Z,0.005775731652252319,,,,,,,,,,,,,,,,,,,ohlcv_backfill,minute,0.005654475617177614,0.005775731652252319,0.005651730030587664,0.005775731652252319,3699.898048977209,/home/runner/work/Solana-Memecoin-Analysis/Solana-Memecoin-Analysis/data/cache/2026-09-23/015151544129_ohlcv_fa059d9eed6a.json
2026-09-21T14:10:00+00:00,DA4pM4xSDY4M9V4CgAKKBVH1pw1yscTQQa5nEkGHuKpt,solana,PumpSwap,,,,,2026-08-28T13:33:11Z,0.005654475617177614,,,,,,,,,,,,,,,,,,,ohlcv_backfill,minute,0.005694578810369623,0.00573091016319447,0.00553448587780037,0.005654475617177614,5883.482818620756,/home/runner/work/Solana-Memecoin-Analysis/Solana-Memecoin-Analysis/data/cache/2026-09-23/015151544129_ohlcv_fa059d9eed6a.json
2026-09-21T14:05:00+00:00,DA4pM4xSDY4M9V4CgAKKBVH1pw1yscTQQa5nEkGHuKpt,solana,PumpSwap,,,,,2026-08-28T13:33:11Z,0.005694578810369623,,,,,,,,,,,,,,,,,,,ohlcv_backfill,minute,0.00572620659060229,0.0057924203701776285,0.005563979143331533,0.005694578810369623,9170.755594300417,/home/runner/work/Solana-Memecoin-Analysis/Solana-Memecoin-Analysis/data/cache/2026-09-23/015151544129_ohlcv_fa059d9eed6a.json
2026-09-21T14:00:00+00:00,DA4pM4xSDY4M9V4CgAKKBVH1pw1yscTQQa5nEkGHuKpt,solana,PumpSwap,,,,,2026-08-28T13:33:11Z,0.00572620659060229,,,,,,,,,,,,,,,,,,,ohlcv_backfill,minute,0.005773707362352786,0.005791973995924585,0.0056964295371073935,0.00572620659060229,4100.496640810294,/home/runner/work/Solana-Memecoin-Analysis/Solana-Memecoin-Analysis/data/cache/2026-09-23/015151544129_ohlcv_fa059d9eed6a.json
2026-09-21T13:55:00+00:00,DA4pM4xSDY4M9V4CgAKKBVH1pw1yscTQQa5nEkGHuKpt,solana,PumpSwap,,,,,2026-08-28T13:33:11Z,0.005773707362352786,,,,,,,,,,,,,,,,,,,ohlcv_backfill,minute,0.005764760212249041,0.005821401113770836,0.00567463021622385,0.005773707362352786,6753.67777130907,/home/runner/work/Solana-Memecoin-Analysis/Solana-Memecoin-Analysis/data/cache/2026-09-23/015151544129_ohlcv_fa059d9eed6a.json
2026-09-21T13:50:00+00:00,DA4pM4xSDY4M9V4CgAKKBVH1pw1yscTQQa5nEkGHuKpt,solana,PumpSwap,,,,,2026-08-28T13:33:11Z,0.005764760212249041,,,,,,,,,,,,,,,,,,,ohlcv_backfill,minute,0.006232734713822331,0.0062745200491375564,0.005558987107796066,0.005764760212249041,28688.65941836797,/home/runner/work/Solana-Memecoin-Analysis/Solana-Memecoin-Analysis/data/cache/2026-09-23/015151544129_ohlcv_fa059d9eed6a.json
2026-09-21T13:45:00+00:00,DA4pM4xSDY4M9V4CgAKKBVH1pw1yscTQQa5nEkGHuKpt,solana,PumpSwap,,,,,2026-08-28T13:33:11Z,0.006232734713822331,,,,,,,,,,,,,,,,,,,ohlcv_backfill,minute,0.00624009023401247,0.00627524846977181,0.006181913797576429,0.006232734713822331,1220.6094209899554,/home/runner/work/Solana-Memecoin-Analysis/Solana-Memecoin-Analysis/data/cache/2026-09-23/015151544129_ohlcv_fa059d9eed6a.json
2026-09-21T13:40:00+00:00,DA4pM4xSDY4M9V4CgAKKBVH1pw1yscTQQa5nEkGHuKpt,solana,PumpSwap,,,,,2026-08-28T13:33:11Z,0.00624009023401247,,,,,,,,,,,,,,,,,,,ohlcv_backfill,minute,0.006199649312959093,0.00624009023401247,0.006149124114260603,0.00624009023401247,741.3111432332324,/home/runner/work/Solana-Memecoin-Analysis/Solana-Memecoin-Analysis/data/cache/2026-09-23/015151544129_ohlcv_fa059d9eed6a.json
2026-09-21T13:35:00+00:00,DA4pM4xSDY4M9V4CgAKKBVH1pw1yscTQQa5nEkGHuKpt,solana,PumpSwap,,,,,2026-08-28T13:33:11Z,0.006199649312959093,,,,,,,,,,,,,,,,,,,ohlcv_backfill,minute,0.006224139394131937,0.006293841009104031,0.0061403653974161955,0.006199649312959093,1003.9383597865055,/home/runner/work/Solana-Memecoin-Analysis/Solana-Memecoin-Analysis/data/cache/2026-09-23/015151544129_ohlcv_fa059d9eed6a.json
2026-09-21T13:30:00+00:00,DA4pM4xSDY4M9V4CgAKKBVH1pw1yscTQQa5nEkGHuKpt,solana,PumpSwap,,,,,2026-08-28T13:33:11Z,0.006224139394131937,,,,,,,,,,,,,,,,,,,ohlcv_backfill,minute,0.006264783751261744,0.006280290072479136,0.006202573827859369,0.006224139394131937,199.94179848610776,/home/runner/work/Solana-Memecoin-Analysis/Solana-Memecoin-Analysis/data/cache/2026-09-23/015151544129_ohlcv_fa059d9eed6a.json
2026-09-21T13:25:00+00:00,DA4pM4xSDY4M9V4CgAKKBVH1pw1yscTQQa5nEkGHuKpt,solana,PumpSwap,,,,,2026-08-28T13:33:11Z,0.006264783751261744,,,,,,,,,,,,,,,,,,,ohlcv_backfill,minute,0.006213830117954485,0.00629428460216119,0.006195487520426637,0.006264783751261744,2177.5990583733137,/home/runner/work/Solana-Memecoin-Analysis/Solana-Memecoin-Analysis/data/cache/2026-09-23/015151544129_ohlcv_fa059d9eed6a.json
2026-09-21T13:20:00+00:00,DA4pM4xSDY4M9V4CgAKKBVH1pw1yscTQQa5nEkGHuKpt,solana,PumpSwap,,,,,2026-08-28T13:33:11Z,0.006213830117954485,,,,,,,,,,,,,,,,,,,ohlcv_backfill,minute,0.006295742115426817,0.006379876927298011,0.006209890864503759,0.006213830117954485,2770.4134799256003,/home/runner/work/Solana-Memecoin-Analysis/Solana-Memecoin-Analysis/data/cache/2026-09-23/015151544129_ohlcv_fa059d9eed6a.json
2026-09-21T13:15:00+00:00,DA4pM4xSDY4M9V4CgAKKBVH1pw1yscTQQa5nEkGHuKpt,solana,PumpSwap,,,,,2026-08-28T13:33:11Z,0.006295742115426817,,,,,,,,,,,,,,,,,,,ohlcv_backfill,minute,0.006244084003556044,0.006335150946836309,0.006236832946093052,0.006295742115426817,1197.4980445444965,/home/runner/work/Solana-Memecoin-Analysis/Solana-Memecoin-Analysis/data/cache/2026-09-23/015151544129_ohlcv_fa059d9eed6a.json
2026-09-21T13:10:00+00:00,DA4pM4xSDY4M9V4CgAKKBVH1pw1yscTQQa5nEkGHuKpt,solana,PumpSwap,,,,,2026-08-28T13:33:11Z,0.006244084003556044,,,,,,,,,,,,,,,,,,,ohlcv_backfill,minute,0.00629828549216882,0.006314442909474306,0.0062333679176148245,0.006244084003556044,884.073537216085,/home/runner/work/Solana-Memecoin-Analysis/Solana-Memecoin-Analysis/data/cache/2026-09-23/015151544129_ohlcv_fa059d9eed6a.json
2026-09-21T13:05:00+00:00,DA4pM4xSDY4M9V4CgAKKBVH1pw1yscTQQa5nEkGHuKpt,solana,PumpSwap,,,,,2026-08-28T13:33:11Z,0.00629828549216882,,,,,,,,,,,,,,,,,,,ohlcv_backfill,minute,0.0062643063371650536,0.00629828549216882,0.006227737765049803,0.00629828549216882,480.6392354779534,/home/runner/work/Solana-Memecoin-Analysis/Solana-Memecoin-Analysis/data/cache/2026-09-23/015151544129_ohlcv_fa059d9eed6a.json
2026-09-21T13:00:00+00:00,DA4pM4xSDY4M9V4CgAKKBVH1pw1yscTQQa5nEkGHuKpt,solana,PumpSwap,,,,,2026-08-28T13:33:11Z,0.0062643063371650536,,,,,,,,,,,,,,,,,,,ohlcv_backfill,minute,0.0062771110618941185,0.006280836682469714,0.006206447788699549,0.0062643063371650536,408.7702145165836,/home/runner/work/Solana-Memecoin-Analysis/Solana-Memecoin-Analysis/data/cache/2026-09-23/015151544129_ohlcv_fa059d9eed6a.json
2026-09-21T12:55:00+00:00,DA4pM4xSDY4M9V4CgAKKBVH1pw1yscTQQa5nEkGHuKpt,solana,PumpSwap,,,,,2026-08-28T13:33:11Z,0.0062771110618941185,,,,,,,,,,,,,,,,,,,ohlcv_backfill,minute,0.006183179132122631,0.006286902865846324,0.006183179132122631,0.0062771110618941185,1464.9452416458,/home/runner/work/Solana-Memecoin-Analysis/Solana-Memecoin-Analysis/data/cache/2026-09-23/015151544129_ohlcv_fa059d9eed6a.json
2026-09-21T12:50:00+00:00,DA4pM4xSDY4M9V4CgAKKBVH1pw1yscTQQa5nEkGHuKpt,solana,PumpSwap,,,,,2026-08-28T13:33:11Z,0.006183179132122631,,,,,,,,,,,,,,,,,,,ohlcv_backfill,minute,0.0062213275664831464,0.006252318164923807,0.006171713571103218,0.006183179132122631,855.337935725585,/home/runner/work/Solana-Memecoin-Analysis/Solana-Memecoin-Analysis/data/cache/2026-09-23/015151544129_ohlcv_fa059d9eed6a.json
2026-09-21T12:45:00+00:00,DA4pM4xSDY4M9V4CgAKKBVH1pw1yscTQQa5nEkGHuKpt,solana,PumpSwap,,,,,2026-08-28T13:33:11Z,0.0062213275664831464,,,,,,,,,,,,,,,,,,,ohlcv_backfill,minute,0.006250621497264699,0.006250621497264699,0.006170714284517893,0.0062213275664831464,607.2205863456659,/home/runner/work/Solana-Memecoin-Analysis/Solana-Memecoin-Analysis/data/cache/2026-09-23/015151544129_ohlcv_fa059d9eed6a.json
2026-09-21T12:40:00+00:00,DA4pM4xSDY4M9V4CgAKKBVH1pw1yscTQQa5nEkGHuKpt,solana,PumpSwap,,,,,2026-08-28T13:33:11Z,0.006250621497264699,,,,,,,,,,,,,,,,,,,ohlcv_backfill,minute,0.006264277617831686,0.006312737751128536,0.006190771248388561,0.006250621497264699,1350.2729516798406,/home/runner/work/Solana-Memecoin-Analysis/Solana-Memecoin-Analysis/data/cache/2026-09-23/015151544129_ohlcv_fa059d9eed6a.json
2026-09-21T12:35:00+00:00,DA4pM4xSDY4M9V4CgAKKBVH1pw1yscTQQa5nEkGHuKpt,solana,PumpSwap,,,,,2026-08-28T13:33:11Z,0.006264277617831686,,,,,,,,,,,,,,,,,,,ohlcv_backfill,minute,0.006265945350254964,0.00633388294870891,0.006260850152212741,0.006264277617831686,587.0816740954533,/home/runner/work/Solana-Memecoin-Analysis/Solana-Memecoin-Analysis/data/cache/2026-09-23/015151544129_ohlcv_fa059d9eed6a.json
2026-09-21T12:30:00+00:00,DA4pM4xSDY4M9V4CgAKKBVH1pw1yscTQQa5nEkGHuKpt,solana,PumpSwap,,,,,2026-08-28T13:33:11Z,0.006265945350254964,,,,,,,,,,,,,,,,,,,ohlcv_backfill,minute,0.006253824466460277,0.00630600053315514,0.006248933349130287,0.006265945350254964,206.04580882229203,/home/runner/work/Solana-Memecoin-Analysis/Solana-Memecoin-Analysis/data/cache/2026-09-23/015151544129_ohlcv_fa059d9eed6a.json
2026-09-21T12:25:00+00:00,DA4pM4xSDY4M9V4CgAKKBVH1pw1yscTQQa5nEkGHuKpt,solana,PumpSwap,,,,,2026-08-28T13:33:11Z,0.006253824466460277,,,,,,,,,,,,,,,,,,,ohlcv_backfill,minute,0.006411866855861693,0.006411866855861693,0.006249737702824932,0.006253824466460277,1725.0416973539852,/home/runner/work/Solana-Memecoin-Analysis/Solana-Memecoin-Analysis/data/cache/2026-09-23/015151544129_ohlcv_fa059d9eed6a.json
2026-09-21T12:20:00+00:00,DA4pM4xSDY4M9V4CgAKKBVH1pw1yscTQQa5nEkGHuKpt,solana,PumpSwap,,,,,2026-08-28T13:33:11Z,0.006411866855861693,,,,,,,,,,,,,,,,,,,ohlcv_backfill,minute,0.006407998151784601,0.006418196496202584,0.0063439074557401515,0.006411866855861693,498.3883622543535,/home/runner/work/Solana-Memecoin-Analysis/Solana-Memecoin-Analysis/data/cache/2026-09-23/015151544129_ohlcv_fa059d9eed6a.json
2026-09-21T12:15:00+00:00,DA4pM4xSDY4M9V4CgAKKBVH1pw1yscTQQa5nEkGHuKpt,solana,PumpSwap,,,,,2026-08-28T13:33:11Z,0.006407998151784601,,,,,,,,,,,,,,,,,,,ohlcv_backfill,minute,0.006380154541014877,0.006408295245797682,0.006312281237929331,0.006407998151784601,1543.4065838058207,/home/runner/work/Solana-Memecoin-Analysis/Solana-Memecoin-Analysis/data/cache/2026-09-23/015151544129_ohlcv_fa059d9eed6a.json
2026-09-21T12:10:00+00:00,DA4pM4xSDY4M9V4CgAKKBVH1pw1yscTQQa5nEkGHuKpt,solana,PumpSwap,,,,,2026-08-28T13:33:11Z,0.006380154541014877,,,,,,,,,,,,,,,,,,,ohlcv_backfill,minute,0.006369305948128296,0.006385080489797126,0.006299658249880461,0.006380154541014877,223.81221572170466,/home/runner/work/Solana-Memecoin-Analysis/Solana-Memecoin-Analysis/data/cache/2026-09-23/015151544129_ohlcv_fa059d9eed6a.json
2026-09-21T12:05:00+00:00,DA4pM4xSDY4M9V4CgAKKBVH1pw1yscTQQa5nEkGHuKpt,solana,PumpSwap,,,,,2026-08-28T13:33:11Z,0.006369305948128296,,,,,,,,,,,,,,,,,,,ohlcv_backfill,minute,0.0062935686070521865,0.006381323560548171,0.00629343589480915,0.006369305948128296,470.30270991510685,/home/runner/work/Solana-Memecoin-Analysis/Solana-Memecoin-Analysis/data/cache/2026-09-23/015151544129_ohlcv_fa059d9eed6a.json
2026-09-21T12:00:00+00:00,DA4pM4xSDY4M9V4CgAKKBVH1pw1yscTQQa5nEkGHuKpt,solana,PumpSwap,,,,,2026-08-28T13:33:11Z,0.0062935686070521865,,,,,,,,,,,,,,,,,,,ohlcv_backfill,minute,0.006197300687139129,0.006350948816554233,0.006193365971523277,0.0062935686070521865,2322.195381921433,/home/runner/work/Solana-Memecoin-Analysis/Solana-Memecoin-Analysis/data/cache/2026-09-23/015151544129_ohlcv_fa059d9eed6a.json
2026-09-21T11:55:00+00:00,DA4pM4xSDY4M9V4CgAKKBVH1pw1yscTQQa5nEkGHuKpt,solana,PumpSwap,,,,,2026-08-28T13:33:11Z,0.006197300687139129,,,,,,,,,,,,,,,,,,,ohlcv_backfill,minute,0.006295241588028428,0.0062952530670157165,0.006184387277935145,0.006197300687139129,895.1794154789045,/home/runner/work/Solana-Memecoin-Analysis/Solana-Memecoin-Analysis/data/cache/2026-09-23/015151544129_ohlcv_fa059d9eed6a.json
2026-09-21T11:50:00+00:00,DA4pM4xSDY4M9V4CgAKKBVH1pw1yscTQQa5nEkGHuKpt,solana,PumpSwap,,,,,2026-08-28T13:33:11Z,0.006295241588028428,,,,,,,,,,,,,,,,,,,ohlcv_backfill,minute,0.006332352767025447,0.006336445627302765,0.006217875643888868,0.006295241588028428,1685.5961281035618,/home/runner/work/Solana-Memecoin-Analysis/Solana-Memecoin-Analysis/data/cache/2026-09-23/015151544129_ohlcv_fa059d9eed6a.json
2026-09-21T11:45:00+00:00,DA4pM4xSDY4M9V4CgAKKBVH1pw1yscTQQa5nEkGHuKpt,solana,PumpSwap,,,,,2026-08-28T13:33:11Z,0.006332352767025447,,,,,,,,,,,,,,,,,,,ohlcv_backfill,minute,0.006509842058591547,0.006509842058591547,0.006262125046425542,0.006332352767025447,3920.063602377262,/home/runner/work/Solana-Memecoin-Analysis/Solana-Memecoin-Analysis/data/cache/2026-09-23/015151544129_ohlcv_fa059d9eed6a.json
2026-09-21T11:40:00+00:00,DA4pM4xSDY4M9V4CgAKKBVH1pw1yscTQQa5nEkGHuKpt,solana,PumpSwap,,,,,2026-08-28T13:33:11Z,0.006509842058591547,,,,,,,,,,,,,,,,,,,ohlcv_backfill,minute,0.006481937926292414,0.006509842058591547,0.006419051396853662,0.006509842058591547,130.89912854452493,/home/runner/work/Solana-Memecoin-Analysis/Solana-Memecoin-Analysis/data/cache/2026-09-23/015151544129_ohlcv_fa059d9eed6a.json
2026-09-21T11:35:00+00:00,DA4pM4xSDY4M9V4CgAKKBVH1pw1yscTQQa5nEkGHuKpt,solana,PumpSwap,,,,,2026-08-28T13:33:11Z,0.006481937926292414,,,,,,,,,,,,,,,,,,,ohlcv_backfill,minute,0.006484839536758643,0.0064915321118014626,0.006406224163356865,0.006481937926292414,492.30311037465265,/home/runner/work/Solana-Memecoin-Analysis/Solana-Memecoin-Analysis/data/cache/2026-09-23/015151544129_ohlcv_fa059d9eed6a.json
2026-09-21T11:30:00+00:00,DA4pM4xSDY4M9V4CgAKKBVH1pw1yscTQQa5nEkGHuKpt,solana,PumpSwap,,,,,2026-08-28T13:33:11Z,0.006484839536758643,,,,,,,,,,,,,,,,,,,ohlcv_backfill,minute,0.006627250834089549,0.0066411552945462,0.0064305148699997094,0.006484839536758643,2965.7347683156227,/home/runner/work/Solana-Memecoin-Analysis/Solana-Memecoin-Analysis/data/cache/2026-09-23/015151544129_ohlcv_fa059d9eed6a.json
2026-09-21T11:25:00+00:00,DA4pM4xSDY4M9V4CgAKKBVH1pw1yscTQQa5nEkGHuKpt,solana,PumpSwap,,,,,2026-08-28T13:33:11Z,0.006627250834089549,,,,,,,,,,,,,,,,,,,ohlcv_backfill,minute,0.006653299959470895,0.006712924445388924,0.00657067322052204,0.006627250834089549,2190.05450169962,/home/runner/work/Solana-Memecoin-Analysis/Solana-Memecoin-Analysis/data/cache/2026-09-23/015151544129_ohlcv_fa059d9eed6a.json
2026-09-21T11:20:00+00:00,DA4pM4xSDY4M9V4CgAKKBVH1pw1yscTQQa5nEkGHuKpt,solana,PumpSwap,,,,,2026-08-28T13:33:11Z,0.006653299959470895,,,,,,,,,,,,,,,,,,,ohlcv_backfill,minute,0.006604579350881387,0.006717168419969794,0.006596387517364916,0.006653299959470895,1082.5572116008057,/home/runner/work/Solana-Memecoin-Analysis/Solana-Memecoin-Analysis/data/cache/2026-09-23/015151544129_ohlcv_fa059d9eed6a.json
2026-09-21T11:15:00+00:00,DA4pM4xSDY4M9V4CgAKKBVH1pw1yscTQQa5nEkGHuKpt,solana,PumpSwap,,,,,2026-08-28T13:33:11Z,0.006604579350881387,,,,,,,,,,,,,,,,,,,ohlcv_backfill,minute,0.006714895232466404,0.006722155941141829,0.006604579350881387,0.006604579350881387,1267.9920080751756,/home/runner/work/Solana-Memecoin-Analysis/Solana-Memecoin-Analysis/data/cache/2026-09-23/015151544129_ohlcv_fa059d9eed6a.json
2026-09-21T11:10:00+00:00,DA4pM4xSDY4M9V4CgAKKBVH1pw1yscTQQa5nEkGHuKpt,solana,PumpSwap,,,,,2026-08-28T13:33:11Z,0.006714895232466404,,,,,,,,,,,,,,,,,,,ohlcv_backfill,minute,0.006741047521850492,0.006810339037224238,0.006637703970846835,0.006714895232466404,2596.1458334117665,/home/runner/work/Solana-Memecoin-Analysis/Solana-Memecoin-Analysis/data/cache/2026-09-23/015151544129_ohlcv_fa059d9eed6a.json
2026-09-21T11:05:00+00:00,DA4pM4xSDY4M9V4CgAKKBVH1pw1yscTQQa5nEkGHuKpt,solana,PumpSwap,,,,,2026-08-28T13:33:11Z,0.006741047521850492,,,,,,,,,,,,,,,,,,,ohlcv_backfill,minute,0.0068776395144494315,0.006888037754548715,0.0067278450650477915,0.006741047521850492,1666.6052210316363,/home/runner/work/Solana-Memecoin-Analysis/Solana-Memecoin-Analysis/data/cache/2026-09-23/015151544129_ohlcv_fa059d9eed6a.json
2026-09-21T11:00:00+00:00,DA4pM4xSDY4M9V4CgAKKBVH1pw1yscTQQa5nEkGHuKpt,solana,PumpSwap,,,,,2026-08-28T13:33:11Z,0.0068776395144494315,,,,,,,,,,,,,,,,,,,ohlcv_backfill,minute,0.006809099326405935,0.0068776395144494315,0.006797952701279485,0.0068776395144494315,386.7075802237282,/home/runner/work/Solana-Memecoin-Analysis/Solana-Memecoin-Analysis/data/cache/2026-09-23/015151544129_ohlcv_fa059d9eed6a.json
2026-09-21T10:55:00+00:00,DA4pM4xSDY4M9V4CgAKKBVH1pw1yscTQQa5nEkGHuKpt,solana,PumpSwap,,,,,2026-08-28T13:33:11Z,0.006809099326405935,,,,,,,,,,,,,,,,,,,ohlcv_backfill,minute,0.0067977317758322175,0.00687166114250206,0.006797355980487205,0.006809099326405935,238.10148859250293,/home/runner/work/Solana-Memecoin-Analysis/Solana-Memecoin-Analysis/data/cache/2026-09-23/015151544129_ohlcv_fa059d9eed6a.json
2026-09-21T10:50:00+00:00,DA4pM4xSDY4M9V4CgAKKBVH1pw1yscTQQa5nEkGHuKpt,solana,PumpSwap,,,,,2026-08-28T13:33:11Z,0.0067977317758322175,,,,,,,,,,,,,,,,,,,ohlcv_backfill,minute,0.006806886124203568,0.006867692672421061,0.0067977317758322175,0.0067977317758322175,302.9510170994006,/home/runner/work/Solana-Memecoin-Analysis/Solana-Memecoin-Analysis/data/cache/2026-09-23/015151544129_ohlcv_fa059d9eed6a.json
2026-09-21T10:45:00+00:00,DA4pM4xSDY4M9V4CgAKKBVH1pw1yscTQQa5nEkGHuKpt,solana,PumpSwap,,,,,2026-08-28T13:33:11Z,0.006806886124203568,,,,,,,,,,,,,,,,,,,ohlcv_backfill,minute,0.00678104244604859,0.006875402577014592,0.006780375331606386,0.006806886124203568,858.8987639781933,/home/runner/work/Solana-Memecoin-Analysis/Solana-Memecoin-Analysis/data/cache/2026-09-23/015151544129_ohlcv_fa059d9eed6a.json
2026-09-21T10:40:00+00:00,DA4pM4xSDY4M9V4CgAKKBVH1pw1yscTQQa5nEkGHuKpt,solana,PumpSwap,,,,,2026-08-28T13:33:11Z,0.00678104244604859,,,,,,,,,,,,,,,,,,,ohlcv_backfill,minute,0.006869592150153139,0.006933229411002218,0.00678104244604859,0.00678104244604859,2100.7505026018603,/home/runner/work/Solana-Memecoin-Analysis/Solana-Memecoin-Analysis/data/cache/2026-09-23/015151544129_ohlcv_fa059d9eed6a.json
2026-09-21T10:35:00+00:00,DA4pM4xSDY4M9V4CgAKKBVH1pw1yscTQQa5nEkGHuKpt,solana,PumpSwap,,,,,2026-08-28T13:33:11Z,0.006869592150153139,,,,,,,,,,,,,,,,,,,ohlcv_backfill,minute,0.006896124153870395,0.006928481027779043,0.0068361683859969845,0.006869592150153139,1121.5176761856283,/home/runner/work/Solana-Memecoin-Analysis/Solana-Memecoin-Analysis/data/cache/2026-09-23/015151544129_ohlcv_fa059d9eed6a.json
2026-09-21T10:30:00+00:00,DA4pM4xSDY4M9V4CgAKKBVH1pw1yscTQQa5nEkGHuKpt,solana,PumpSwap,,,,,2026-08-28T13:33:11Z,0.006896124153870395,,,,,,,,,,,,,,,,,,,ohlcv_backfill,minute,0.006601460505853844,0.006909601131012292,0.006601302231090407,0.006896124153870395,7009.379139551938,/home/runner/work/Solana-Memecoin-Analysis/Solana-Memecoin-Analysis/data/cache/2026-09-23/015151544129_ohlcv_fa059d9eed6a.json
2026-09-21T10:25:00+00:00,DA4pM4xSDY4M9V4CgAKKBVH1pw1yscTQQa5nEkGHuKpt,solana,PumpSwap,,,,,2026-08-28T13:33:11Z,0.006601460505853844,,,,,,,,,,,,,,,,,,,ohlcv_backfill,minute,0.006591110810777289,0.006681635448380884,0.0065892699050120775,0.006601460505853844,802.817325194338,/home/runner/work/Solana-Memecoin-Analysis/Solana-Memecoin-Analysis/data/cache/2026-09-23/015151544129_ohlcv_fa059d9eed6a.json
2026-09-21T10:20:00+00:00,DA4pM4xSDY4M9V4CgAKKBVH1pw1yscTQQa5nEkGHuKpt,solana,PumpSwap,,,,,2026-08-28T13:33:11Z,0.006591110810777289,,,,,,,,,,,,,,,,,,,ohlcv_backfill,minute,0.0066826050500098195,0.006715936658340939,0.006590851357728758,0.006591110810777289,1688.0744364671941,/home/runner/work/Solana-Memecoin-Analysis/Solana-Memecoin-Analysis/data/cache/2026-09-23/015151544129_ohlcv_fa059d9eed6a.json
2026-09-21T10:15:00+00:00,DA4pM4xSDY4M9V4CgAKKBVH1pw1yscTQQa5nEkGHuKpt,solana,PumpSwap,,,,,2026-08-28T13:33:11Z,0.0066826050500098195,,,,,,,,,,,,,,,,,,,ohlcv_backfill,minute,0.006612879404870579,0.006755790270149751,0.006557094721837773,0.0066826050500098195,3208.287333254296,/home/runner/work/Solana-Memecoin-Analysis/Solana-Memecoin-Analysis/data/cache/2026-09-23/015151544129_ohlcv_fa059d9eed6a.json
2026-09-21T10:10:00+00:00,DA4pM4xSDY4M9V4CgAKKBVH1pw1yscTQQa5nEkGHuKpt,solana,PumpSwap,,,,,2026-08-28T13:33:11Z,0.006612879404870579,,,,,,,,,,,,,,,,,,,ohlcv_backfill,minute,0.006607769807511751,0.006679453823909649,0.006556424517827226,0.006612879404870579,3351.921454708794,/home/runner/work/Solana-Memecoin-Analysis/Solana-Memecoin-Analysis/data/cache/2026-09-23/015151544129_ohlcv_fa059d9eed6a.json
2026-09-21T10:05:00+00:00,DA4pM4xSDY4M9V4CgAKKBVH1pw1yscTQQa5nEkGHuKpt,solana,PumpSwap,,,,,2026-08-28T13:33:11Z,0.006607769807511751,,,,,,,,,,,,,,,,,,,ohlcv_backfill,minute,0.006604139606661629,0.006613340165704959,0.00654006733992405,0.006607769807511751,586.4015746762651,/home/runner/work/Solana-Memecoin-Analysis/Solana-Memecoin-Analysis/data/cache/2026-09-23/015151544129_ohlcv_fa059d9eed6a.json
2026-09-21T10:00:00+00:00,DA4pM4xSDY4M9V4CgAKKBVH1pw1yscTQQa5nEkGHuKpt,solana,PumpSwap,,,,,2026-08-28T13:33:11Z,0.006604139606661629,,,,,,,,,,,,,,,,,,,ohlcv_backfill,minute,0.006700419621859748,0.006700419621859748,0.006520045002243162,0.006604139606661629,3294.5285080518165,/home/runner/work/Solana-Memecoin-Analysis/Solana-Memecoin-Analysis/data/cache/2026-09-23/015151544129_ohlcv_fa059d9eed6a.json
2026-09-21T09:55:00+00:00,DA4pM4xSDY4M9V4CgAKKBVH1pw1yscTQQa5nEkGHuKpt,solana,PumpSwap,,,,,2026-08-28T13:33:11Z,0.006700419621859748,,,,,,,,,,,,,,,,,,,ohlcv_backfill,minute,0.00670017095874432,0.006712133129034484,0.006638412905202367,0.006700419621859748,347.75865836047547,/home/runner/work/Solana-Memecoin-Analysis/Solana-Memecoin-Analysis/data/cache/2026-09-23/015151544129_ohlcv_fa059d9eed6a.json
2026-09-21T09:50:00+00:00,DA4pM4xSDY4M9V4CgAKKBVH1pw1yscTQQa5nEkGHuKpt,solana,PumpSwap,,,,,2026-08-28T13:33:11Z,0.00670017095874432,,,,,,,,,,,,,,,,,,,ohlcv_backfill,minute,0.006693051130436034,0.00675616580241142,0.006635847703708761,0.00670017095874432,2640.768369961852,/home/runner/work/Solana-Memecoin-Analysis/Solana-Memecoin-Analysis/data/cache/2026-09-23/015151544129_ohlcv_fa059d9eed6a.json
2026-09-21T09:45:00+00:00,DA4pM4xSDY4M9V4CgAKKBVH1pw1yscTQQa5nEkGHuKpt,solana,PumpSwap,,,,,2026-08-28T13:33:11Z,0.006693051130436034,,,,,,,,,,,,,,,,,,,ohlcv_backfill,minute,0.0066016163255444,0.0067932735027825064,0.0066016163255444,0.006693051130436034,5541.612740214028,/home/runner/work/Solana-Memecoin-Analysis/Solana-Memecoin-Analysis/data/cache/2026-09-23/015151544129_ohlcv_fa059d9eed6a.json
2026-09-21T09:40:00+00:00,DA4pM4xSDY4M9V4CgAKKBVH1pw1yscTQQa5nEkGHuKpt,solana,PumpSwap,,,,,2026-08-28T13:33:11Z,0.0066016163255444,,,,,,,,,,,,,,,,,,,ohlcv_backfill,minute,0.006627526923286295,0.0067030663584617175,0.006540151401716639,0.0066016163255444,3943.872632751772,/home/runner/work/Solana-Memecoin-Analysis/Solana-Memecoin-Analysis/data/cache/2026-09-23/015151544129_ohlcv_fa059d9eed6a.json
2026-09-21T09:35:00+00:00,DA4pM4xSDY4M9V4CgAKKBVH1pw1yscTQQa5nEkGHuKpt,solana,PumpSwap,,,,,2026-08-28T13:33:11Z,0.006627526923286295,,,,,,,,,,,,,,,,,,,ohlcv_backfill,minute,0.0066352064665478085,0.006653990167592363,0.006571072579516739,0.006627526923286295,1209.2692539408931,/home/runner/work/Solana-Memecoin-Analysis/Solana-Memecoin-Analysis/data/cache/2026-09-23/015151544129_ohlcv_fa059d9eed6a.json
2026-09-21T09:30:00+00:00,DA4pM4xSDY4M9V4CgAKKBVH1pw1yscTQQa5nEkGHuKpt,solana,PumpSwap,,,,,2026-08-28T13:33:11Z,0.0066352064665478085,,,,,,,,,,,,,,,,,,,ohlcv_backfill,minute,0.006526733348767377,0.0066352064665478085,0.0064916049742666584,0.0066352064665478085,1425.0095539645963,/home/runner/work/Solana-Memecoin-Analysis/Solana-Memecoin-Analysis/data/cache/2026-09-23/015151544129_ohlcv_fa059d9eed6a.json
2026-09-21T09:25:00+00:00,DA4pM4xSDY4M9V4CgAKKBVH1pw1yscTQQa5nEkGHuKpt,solana,PumpSwap,,,,,2026-08-28T13:33:11Z,0.006526733348767377,,,,,,,,,,,,,,,,,,,ohlcv_backfill,minute,0.0063870969822226,0.006526733348767377,0.006372847608386492,0.006526733348767377,1707.9313188539459,/home/runner/work/Solana-Memecoin-Analysis/Solana-Memecoin-Analysis/data/cache/2026-09-23/015151544129_ohlcv_fa059d9eed6a.json
2026-09-21T09:20:00+00:00,DA4pM4xSDY4M9V4CgAKKBVH1pw1yscTQQa5nEkGHuKpt,solana,PumpSwap,,,,,2026-08-28T13:33:11Z,0.0063870969822226,,,,,,,,,,,,,,,,,,,ohlcv_backfill,minute,0.006503495247345998,0.006503495247345998,0.006384148993548944,0.0063870969822226,921.002218181496,/home/runner/work/Solana-Memecoin-Analysis/Solana-Memecoin-Analysis/data/cache/2026-09-23/015151544129_ohlcv_fa059d9eed6a.json
2026-09-21T09:15:00+00:00,DA4pM4xSDY4M9V4CgAKKBVH1pw1yscTQQa5nEkGHuKpt,solana,PumpSwap,,,,,2026-08-28T13:33:11Z,0.006503495247345998,,,,,,,,,,,,,,,,,,,ohlcv_backfill,minute,0.006461911063291806,0.006503495247345998,0.006411108304077582,0.006503495247345998,881.7720990364143,/home/runner/work/Solana-Memecoin-Analysis/Solana-Memecoin-Analysis/data/cache/2026-09-23/015151544129_ohlcv_fa059d9eed6a.json
2026-09-21T09:10:00+00:00,DA4pM4xSDY4M9V4CgAKKBVH1pw1yscTQQa5nEkGHuKpt,solana,PumpSwap,,,,,2026-08-28T13:33:11Z,0.006461911063291806,,,,,,,,,,,,,,,,,,,ohlcv_backfill,minute,0.00640640029161888,0.006471484270461659,0.006401880103565692,0.006461911063291806,267.08857872416667,/home/runner/work/Solana-Memecoin-Analysis/Solana-Memecoin-Analysis/data/cache/2026-09-23/015151544129_ohlcv_fa059d9eed6a.json
2026-09-21T09:05:00+00:00,DA4pM4xSDY4M9V4CgAKKBVH1pw1yscTQQa5nEkGHuKpt,solana,PumpSwap,,,,,2026-08-28T13:33:11Z,0.00640640029161888,,,,,,,,,,,,,,,,,,,ohlcv_backfill,minute,0.00642135688907062,0.006486013291607469,0.006405893039044502,0.00640640029161888,490.8960012174582,/home/runner/work/Solana-Memecoin-Analysis/Solana-Memecoin-Analysis/data/cache/2026-09-23/015151544129_ohlcv_fa059d9eed6a.json
2026-09-21T09:00:00+00:00,DA4pM4xSDY4M9V4CgAKKBVH1pw1yscTQQa5nEkGHuKpt,solana,PumpSwap,,,,,2026-08-28T13:33:11Z,0.00642135688907062,,,,,,,,,,,,,,,,,,,ohlcv_backfill,minute,0.006473364741765286,0.006483547689520149,0.006392857602672473,0.00642135688907062,387.8588220414922,/home/runner/work/Solana-Memecoin-Analysis/Solana-Memecoin-Analysis/data/cache/2026-09-23/015151544129_ohlcv_fa059d9eed6a.json
2026-09-21T08:55:00+00:00,DA4pM4xSDY4M9V4CgAKKBVH1pw1yscTQQa5nEkGHuKpt,solana,PumpSwap,,,,,2026-08-28T13:33:11Z,0.006473364741765286,,,,,,,,,,,,,,,,,,,ohlcv_backfill,minute,0.006473717368963292,0.006493443513886328,0.006414878516221986,0.006473364741765286,464.60461595289536,/home/runner/work/Solana-Memecoin-Analysis/Solana-Memecoin-Analysis/data/cache/2026-09-23/015151544129_ohlcv_fa059d9eed6a.json
2026-09-21T08:50:00+00:00,DA4pM4xSDY4M9V4CgAKKBVH1pw1yscTQQa5nEkGHuKpt,solana,PumpSwap,,,,,2026-08-28T13:33:11Z,0.006473717368963292,,,,,,,,,,,,,,,,,,,ohlcv_backfill,minute,0.006527238069613737,0.00653844176019069,0.006415245943748127,0.006473717368963292,1180.2751332524936,/home/runner/work/Solana-Memecoin-Analysis/Solana-Memecoin-Analysis/data/cache/2026-09-23/015151544129_ohlcv_fa059d9eed6a.json
2026-09-21T08:45:00+00:00,DA4pM4xSDY4M9V4CgAKKBVH1pw1yscTQQa5nEkGHuKpt,solana,PumpSwap,,,,,2026-08-28T13:33:11Z,0.006527238069613737,,,,,,,,,,,,,,,,,,,ohlcv_backfill,minute,0.006481019042964446,0.006527238069613737,0.0063887495784178,0.006527238069613737,1956.5685209829492,/home/runner/work/Solana-Memecoin-Analysis/Solana-Memecoin-Analysis/data/cache/2026-09-23/015151544129_ohlcv_fa059d9eed6a.json
2026-09-21T08:40:00+00:00,DA4pM4xSDY4M9V4CgAKKBVH1pw1yscTQQa5nEkGHuKpt,solana,PumpSwap,,,,,2026-08-28T13:33:11Z,0.006481019042964446,,,,,,,,,,,,,,,,,,,ohlcv_backfill,minute,0.006446210782933766,0.006489974221950553,0.006384442462956273,0.006481019042964446,533.3026433989487,/home/runner/work/Solana-Memecoin-Analysis/Solana-Memecoin-Analysis/data/cache/2026-09-23/015151544129_ohlcv_fa059d9eed6a.json
2026-09-21T08:35:00+00:00,DA4pM4xSDY4M9V4CgAKKBVH1pw1yscTQQa5nEkGHuKpt,solana,PumpSwap,,,,,2026-08-28T13:33:11Z,0.006446210782933766,,,,,,,,,,,,,,,,,,,ohlcv_backfill,minute,0.006343186121397272,0.006453942235952719,0.006304075085762597,0.006446210782933766,570.1412792084323,/home/runner/work/Solana-Memecoin-Analysis/Solana-Memecoin-Analysis/data/cache/2026-09-23/015151544129_ohlcv_fa059d9eed6a.json
2026-09-21T08:30:00+00:00,DA4pM4xSDY4M9V4CgAKKBVH1pw1yscTQQa5nEkGHuKpt,solana,PumpSwap,,,,,2026-08-28T13:33:11Z,0.006343186121397272,,,,,,,,,,,,,,,,,,,ohlcv_backfill,minute,0.006333717393585021,0.006372180261914667,0.006285879576607913,0.006343186121397272,326.74026232644815,/home/runner/work/Solana-Memecoin-Analysis/Solana-Memecoin-Analysis/data/cache/2026-09-23/015151544129_ohlcv_fa059d9eed6a.json
2026-09-21T08:25:00+00:00,DA4pM4xSDY4M9V4CgAKKBVH1pw1yscTQQa5nEkGHuKpt,solana,PumpSwap,,,,,2026-08-28T13:33:11Z,0.006333717393585021,,,,,,,,,,,,,,,,,,,ohlcv_backfill,minute,0.00630907868741124,0.006348180752296792,0.006252518785377551,0.006333717393585021,808.5290509338167,/home/runner/work/Solana-Memecoin-Analysis/Solana-Memecoin-Analysis/data/cache/2026-09-23/015151544129_ohlcv_fa059d9eed6a.json
2026-09-21T08:20:00+00:00,DA4pM4xSDY4M9V4CgAKKBVH1pw1yscTQQa5nEkGHuKpt,solana,PumpSwap,,,,,2026-08-28T13:33:11Z,0.00630907868741124,,,,,,,,,,,,,,,,,,,ohlcv_backfill,minute,0.006286590677405358,0.006314608477748077,0.006229375980699175,0.00630907868741124,54.00471011175965,/home/runner/work/Solana-Memecoin-Analysis/Solana-Memecoin-Analysis/data/cache/2026-09-23/015151544129_ohlcv_fa059d9eed6a.json
2026-09-21T08:15:00+00:00,DA4pM4xSDY4M9V4CgAKKBVH1pw1yscTQQa5nEkGHuKpt,solana,PumpSwap,,,,,2026-08-28T13:33:11Z,0.006286590677405358,,,,,,,,,,,,,,,,,,,ohlcv_backfill,minute,0.006289351116935906,0.006291530030015313,0.006224818402591473,0.006286590677405358,63.589780314768944,/home/runner/work/Solana-Memecoin-Analysis/Solana-Memecoin-Analysis/data/cache/2026-09-23/015151544129_ohlcv_fa059d9eed6a.json
2026-09-23T01:45:00+00:00,4iVHkn5WhmGwrKb2fYFNPnTkqhwYTEEezvsju9YEBY76,solana,Meteora,,,,,2026-09-11T20:56:40Z,0.01005463501953642,,,,,,,,,,,,,,,,,,,ohlcv_backfill,minute,0.010059453481355247,0.010059453481355247,0.009792473607582154,0.01005463501953642,4973.474925406701,/home/runner/work/Solana-Memecoin-Analysis/Solana-Memecoin-Analysis/data/cache/2026-09-23/015207390518_ohlcv_a1e54bded5a4.json
2026-09-23T01:40:00+00:00,4iVHkn5WhmGwrKb2fYFNPnTkqhwYTEEezvsju9YEBY76,solana,Meteora,,,,,2026-09-11T20:56:40Z,0.010059453481355247,,,,,,,,,,,,,,,,,,,ohlcv_backfill,minute,0.010048288228465837,0.01008943652578856,0.009861782069085761,0.010059453481355247,5004.86755228629,/home/runner/work/Solana-Memecoin-Analysis/Solana-Memecoin-Analysis/data/cache/2026-09-23/015207390518_ohlcv_a1e54bded5a4.json
2026-09-23T01:35:00+00:00,4iVHkn5WhmGwrKb2fYFNPnTkqhwYTEEezvsju9YEBY76,solana,Meteora,,,,,2026-09-11T20:56:40Z,0.010048288228465837,,,,,,,,,,,,,,,,,,,ohlcv_backfill,minute,0.009998372636882708,0.010143169654958753,0.009678136788159273,0.010048288228465837,23007.045774423048,/home/runner/work/Solana-Memecoin-Analysis/Solana-Memecoin-Analysis/data/cache/2026-09-23/015207390518_ohlcv_a1e54bded5a4.json
2026-09-23T01:30:00+00:00,4iVHkn5WhmGwrKb2fYFNPnTkqhwYTEEezvsju9YEBY76,solana,Meteora,,,,,2026-09-11T20:56:40Z,0.009998372636882708,,,,,,,,,,,,,,,,,,,ohlcv_backfill,minute,0.010218967186416014,0.010322238487888087,0.009998372636882708,0.009998372636882708,12126.872904716507,/home/runner/work/Solana-Memecoin-Analysis/Solana-Memecoin-Analysis/data/cache/2026-09-23/015207390518_ohlcv_a1e54bded5a4.json
2026-09-23T01:25:00+00:00,4iVHkn5WhmGwrKb2fYFNPnTkqhwYTEEezvsju9YEBY76,solana,Meteora,,,,,2026-09-11T20:56:40Z,0.010218967186416014,,,,,,,,,,,,,,,,,,,ohlcv_backfill,minute,0.010239511252903882,0.010426252487129816,0.010217869254799613,0.010218967186416014,1662.4991251466843,/home/runner/work/Solana-Memecoin-Analysis/Solana-Memecoin-Analysis/data/cache/2026-09-23/015207390518_ohlcv_a1e54bded5a4.json
2026-09-23T01:20:00+00:00,4iVHkn5WhmGwrKb2fYFNPnTkqhwYTEEezvsju9YEBY76,solana,Meteora,,,,,2026-09-11T20:56:40Z,0.010239511252903882,,,,,,,,,,,,,,,,,,,ohlcv_backfill,minute,0.01048233860544957,0.010545608875837914,0.010239511252903882,0.010239511252903882,8273.029709966999,/home/runner/work/Solana-Memecoin-Analysis/Solana-Memecoin-Analysis/data/cache/2026-09-23/015207390518_ohlcv_a1e54bded5a4.json
2026-09-23T01:15:00+00:00,4iVHkn5WhmGwrKb2fYFNPnTkqhwYTEEezvsju9YEBY76,solana,Meteora,,,,,2026-09-11T20:56:40Z,0.01048233860544957,,,,,,,,,,,,,,,,,,,ohlcv_backfill,minute,0.010610619251280791,0.01064384927706636,0.010275875387237022,0.01048233860544957,13963.567786794243,/home/runner/work/Solana-Memecoin-Analysis/Solana-Memecoin-Analysis/data/cache/2026-09-23/015207390518_ohlcv_a1e54bded5a4.json
2026-09-23T01:10:00+00:00,4iVHkn5WhmGwrKb2fYFNPnTkqhwYTEEezvsju9YEBY76,solana,Meteora,,,,,2026-09-11T20:56:40Z,0.010610619251280791,,,,,,,,,,,,,,,,,,,ohlcv_backfill,minute,0.010320482086258612,0.010613707676307853,0.010320482086258612,0.010610619251280791,8351.557309556707,/home/runner/work/Solana-Memecoin-Analysis/Solana-Memecoin-Analysis/data/cache/2026-09-23/015207390518_ohlcv_a1e54bded5a4.json
2026-09-23T01:05:00+00:00,4iVHkn5WhmGwrKb2fYFNPnTkqhwYTEEezvsju9YEBY76,solana,Meteora,,,,,2026-09-11T20:56:40Z,0.010320482086258612,,,,,,,,,,,,,,,,,,,ohlcv_backfill,minute,0.01038188925808668,0.010542911927824123,0.01021168835742632,0.010320482086258612,6207.930522266272,/home/runner/work/Solana-Memecoin-Analysis/Solana-Memecoin-Analysis/data/cache/2026-09-23/015207390518_ohlcv_a1e54bded5a4.json
2026-09-23T01:00:00+00:00,4iVHkn5WhmGwrKb2fYFNPnTkqhwYTEEezvsju9YEBY76,solana,Meteora,,,,,2026-09-11T20:56:40Z,0.01038188925808668,,,,,,,,,,,,,,,,,,,ohlcv_backfill,minute,0.01010766119665682,0.010428224539870913,0.010107041343458323,0.01038188925808668,17345.812115340428,/home/runner/work/Solana-Memecoin-Analysis/Solana-Memecoin-Analysis/data/cache/2026-09-23/015207390518_ohlcv_a1e54bded5a4.json
2026-09-23T00:55:00+00:00,4iVHkn5WhmGwrKb2fYFNPnTkqhwYTEEezvsju9YEBY76,solana,Meteora,,,,,2026-09-11T20:56:40Z,0.01010766119665682,,,,,,,,,,,,,,,,,,,ohlcv_backfill,minute,0.010318425008426942,0.010366646413275017,0.009877324178432742,0.01010766119665682,20273.696253496077,/home/runner/work/Solana-Memecoin-Analysis/Solana-Memecoin-Analysis/data/cache/2026-09-23/015207390518_ohlcv_a1e54bded5a4.json
2026-09-23T00:50:00+00:00,4iVHkn5WhmGwrKb2fYFNPnTkqhwYTEEezvsju9YEBY76,solana,Meteora,,,,,2026-09-11T20:56:40Z,0.010318425008426942,,,,,,,,,,,,,,,,,,,ohlcv_backfill,minute,0.010317449914135643,0.010377609699890608,0.010138144412272095,0.010318425008426942,5158.906674908506,/home/runner/work/Solana-Memecoin-Analysis/Solana-Memecoin-Analysis/data/cache/2026-09-23/015207390518_ohlcv_a1e54bded5a4.json
2026-09-23T00:45:00+00:00,4iVHkn5WhmGwrKb2fYFNPnTkqhwYTEEezvsju9YEBY76,solana,Meteora,,,,,2026-09-11T20:56:40Z,0.010317449914135643,,,,,,,,,,,,,,,,,,,ohlcv_backfill,minute,0.01023972071047886,0.010417420866262954,0.010179584010302901,0.010317449914135643,5294.396867072216,/home/runner/work/Solana-Memecoin-Analysis/Solana-Memecoin-Analysis/data/cache/2026-09-23/015207390518_ohlcv_a1e54bded5a4.json
2026-09-23T00:40:00+00:00,4iVHkn5WhmGwrKb2fYFNPnTkqhwYTEEezvsju9YEBY76,solana,Meteora,,,,,2026-09-11T20:56:40Z,0.01023972071047886,,,,,,,,,,,,,,,,,,,ohlcv_backfill,minute,0.010528188325839502,0.010543064717385356,0.01023972071047886,0.01023972071047886,5049.281729024032,/home/runner/work/Solana-Memecoin-Analysis/Solana-Memecoin-Analysis/data/cache/2026-09-23/015207390518_ohlcv_a1e54bded5a4.json
2026-09-23T00:35:00+00:00,4iVHkn5WhmGwrKb2fYFNPnTkqhwYTEEezvsju9YEBY76,solana,Meteora,,,,,2026-09-11T20:56:40Z,0.010528188325839502,,,,,,,,,,,,,,,,,,,ohlcv_backfill,minute,0.010431956987518948,0.01053632257872281,0.010218920358777934,0.010528188325839502,9352.502824308845,/home/runner/work/Solana-Memecoin-Analysis/Solana-Memecoin-Analysis/data/cache/2026-09-23/015207390518_ohlcv_a1e54bded5a4.json
2026-09-23T00:30:00+00:00,4iVHkn5WhmGwrKb2fYFNPnTkqhwYTEEezvsju9YEBY76,solana,Meteora,,,,,2026-09-11T20:56:40Z,0.010431956987518948,,,,,,,,,,,,,,,,,,,ohlcv_backfill,minute,0.010424960161915377,0.010491756871614166,0.010218261908141539,0.010431956987518948,7715.020793956809,/home/runner/work/Solana-Memecoin-Analysis/Solana-Memecoin-Analysis/data/cache/2026-09-23/015207390518_ohlcv_a1e54bded5a4.json
2026-09-23T00:25:00+00:00,4iVHkn5WhmGwrKb2fYFNPnTkqhwYTEEezvsju9YEBY76,solana,Meteora,,,,,2026-09-11T20:56:40Z,0.010424960161915377,,,,,,,,,,,,,,,,,,,ohlcv_backfill,minute,0.01022378563998697,0.01043002014011991,0.010165669074794628,0.010424960161915377,5642.826174183883,/home/runner/work/Solana-Memecoin-Analysis/Solana-Memecoin-Analysis/data/cache/2026-09-23/015207390518_ohlcv_a1e54bded5a4.json
2026-09-23T00:20:00+00:00,4iVHkn5WhmGwrKb2fYFNPnTkqhwYTEEezvsju9YEBY76,solana,Meteora,,,,,2026-09-11T20:56:40Z,0.01022378563998697,,,,,,,,,,,,,,,,,,,ohlcv_backfill,minute,0.010474503397622152,0.01047714330205705,0.010217637708520964,0.01022378563998697,8878.407675867204,/home/runner/work/Solana-Memecoin-Analysis/Solana-Memecoin-Analysis/data/cache/2026-09-23/015207390518_ohlcv_a1e54bded5a4.json
2026-09-23T00:15:00+00:00,4iVHkn5WhmGwrKb2fYFNPnTkqhwYTEEezvsju9YEBY76,solana,Meteora,,,,,2026-09-11T20:56:40Z,0.010474503397622152,,,,,,,,,,,,,,,,,,,ohlcv_backfill,minute,0.010443871985054944,0.010474503397622152,0.010255289757450247,0.010474503397622152,3347.1455267387205,/home/runner/work/Solana-Memecoin-Analysis/Solana-Memecoin-Analysis/data/cache/2026-09-23/015207390518_ohlcv_a1e54bded5a4.json
2026-09-23T00:10:00+00:00,4iVHkn5WhmGwrKb2fYFNPnTkqhwYTEEezvsju9YEBY76,solana,Meteora,,,,,2026-09-11T20:56:40Z,0.010443871985054944,,,,,,,,,,,,,,,,,,,ohlcv_backfill,minute,0.010169152492904737,0.010443871985054944,0.010169152492904737,0.010443871985054944,6196.951596385948,/home/runner/work/Solana-Memecoin-Analysis/Solana-Memecoin-Analysis/data/cache/2026-09-23/015207390518_ohlcv_a1e54bded5a4.json
2026-09-23T00:05:00+00:00,4iVHkn5WhmGwrKb2fYFNPnTkqhwYTEEezvsju9YEBY76,solana,Meteora,,,,,2026-09-11T20:56:40Z,0.010169152492904737,,,,,,,,,,,,,,,,,,,ohlcv_backfill,minute,0.010178890540552172,0.010391496278503417,0.010164317680966662,0.010169152492904737,6168.569065815569,/home/runner/work/Solana-Memecoin-Analysis/Solana-Memecoin-Analysis/data/cache/2026-09-23/015207390518_ohlcv_a1e54bded5a4.json
2026-09-23T00:00:00+00:00,4iVHkn5WhmGwrKb2fYFNPnTkqhwYTEEezvsju9YEBY76,solana,Meteora,,,,,2026-09-11T20:56:40Z,0.010178890540552172,,,,,,,,,,,,,,,,,,,ohlcv_backfill,minute,0.010554997970983719,0.010554997970983719,0.010178890540552172,0.010178890540552172,11330.832761631718,/home/runner/work/Solana-Memecoin-Analysis/Solana-Memecoin-Analysis/data/cache/2026-09-23/015207390518_ohlcv_a1e54bded5a4.json
2026-09-22T23:55:00+00:00,4iVHkn5WhmGwrKb2fYFNPnTkqhwYTEEezvsju9YEBY76,solana,Meteora,,,,,2026-09-11T20:56:40Z,0.010554997970983719,,,,,,,,,,,,,,,,,,,ohlcv_backfill,minute,0.010673864218873355,0.01080978275078362,0.010426258512560783,0.010554997970983719,13778.075575266343,/home/runner/work/Solana-Memecoin-Analysis/Solana-Memecoin-Analysis/data/cache/2026-09-23/015207390518_ohlcv_a1e54bded5a4.json
2026-09-22T23:50:00+00:00,4iVHkn5WhmGwrKb2fYFNPnTkqhwYTEEezvsju9YEBY76,solana,Meteora,,,,,2026-09-11T20:56:40Z,0.010673864218873355,,,,,,,,,,,,,,,,,,,ohlcv_backfill,minute,0.010691450375946833,0.010700192428963822,0.01032754426364791,0.010673864218873355,18284.635356695653,/home/runner/work/Solana-Memecoin-Analysis/Solana-Memecoin-Analysis/data/cache/2026-09-23/015207390518_ohlcv_a1e54bded5a4.json
2026-09-22T23:45:00+00:00,4iVHkn5WhmGwrKb2fYFNPnTkqhwYTEEezvsju9YEBY76,solana,Meteora,,,,,2026-09-11T20:56:40Z,0.010691450375946833,,,,,,,,,,,,,,,,,,,ohlcv_backfill,minute,0.010885508598236617,0.010885508598236617,0.0104860794078017,0.010691450375946833,18521.65747158215,/home/runner/work/Solana-Memecoin-Analysis/Solana-Memecoin-Analysis/data/cache/2026-09-23/015207390518_ohlcv_a1e54bded5a4.json
2026-09-22T23:40:00+00:00,4iVHkn5WhmGwrKb2fYFNPnTkqhwYTEEezvsju9YEBY76,solana,Meteora,,,,,2026-09-11T20:56:40Z,0.010885508598236617,,,,,,,,,,,,,,,,,,,ohlcv_backfill,minute,0.010484529838248486,0.010885508598236617,0.010472393271407912,0.010885508598236617,15170.453759312504,/home/runner/work/Solana-Memecoin-Analysis/Solana-Memecoin-Analysis/data/cache/2026-09-23/015207390518_ohlcv_a1e54bded5a4.json
2026-09-22T23:35:00+00:00,4iVHkn5WhmGwrKb2fYFNPnTkqhwYTEEezvsju9YEBY76,solana,Meteora,,,,,2026-09-11T20:56:40Z,0.010484529838248486,,,,,,,,,,,,,,,,,,,ohlcv_backfill,minute,0.010463726226973488,0.010718868953107146,0.010429548095489101,0.010484529838248486,5748.5874705431725,/home/runner/work/Solana-Memecoin-Analysis/Solana-Memecoin-Analysis/data/cache/2026-09-23/015207390518_ohlcv_a1e54bded5a4.json
2026-09-22T23:30:00+00:00,4iVHkn5WhmGwrKb2fYFNPnTkqhwYTEEezvsju9YEBY76,solana,Meteora,,,,,2026-09-11T20:56:40Z,0.010463726226973488,,,,,,,,,,,,,,,,,,,ohlcv_backfill,minute,0.010328651825457887,0.01064400356860072,0.010313100461377693,0.010463726226973488,7142.606152397184,/home/runner/work/Solana-Memecoin-Analysis/Solana-Memecoin-Analysis/data/cache/2026-09-23/015207390518_ohlcv_a1e54bded5a4.json
2026-09-22T23:25:00+00:00,4iVHkn5WhmGwrKb2fYFNPnTkqhwYTEEezvsju9YEBY76,solana,Meteora,,,,,2026-09-11T20:56:40Z,0.010328651825457887,,,,,,,,,,,,,,,,,,,ohlcv_backfill,minute,0.01031397618978449,0.01052657825813987,0.010287431325760377,0.010328651825457887,7509.965995966869,/home/runner/work/Solana-Memecoin-Analysis/Solana-Memecoin-Analysis/data/cache/2026-09-23/015207390518_ohlcv_a1e54bded5a4.json
2026-09-22T23:20:00+00:00,4iVHkn5WhmGwrKb2fYFNPnTkqhwYTEEezvsju9YEBY76,solana,Meteora,,,,,2026-09-11T20:56:40Z,0.01031397618978449,,,,,,,,,,,,,,,,,,,ohlcv_backfill,minute,0.010482211187807405,0.010603044037636615,0.01031397618978449,0.01031397618978449,10500.131752823489,/home/runner/work/Solana-Memecoin-Analysis/Solana-Memecoin-Analysis/data/cache/2026-09-23/015207390518_ohlcv_a1e54bded5a4.json
2026-09-22T23:15:00+00:00,4iVHkn5WhmGwrKb2fYFNPnTkqhwYTEEezvsju9YEBY76,solana,Meteora,,,,,2026-09-11T20:56:40Z,0.010482211187807405,,,,,,,,,,,,,,,,,,,ohlcv_backfill,minute,0.01022679325521834,0.010482211187807405,0.010226690253510537,0.010482211187807405,12252.75499143433,/home/runner/work/Solana-Memecoin-Analysis/Solana-Memecoin-Analysis/data/cache/2026-09-23/015207390518_ohlcv_a1e54bded5a4.json
2026-09-22T23:10:00+00:00,4iVHkn5WhmGwrKb2fYFNPnTkqhwYTEEezvsju9YEBY76,solana,Meteora,,,,,2026-09-11T20:56:40Z,0.01022679325521834,,,,,,,,,,,,,,,,,,,ohlcv_backfill,minute,0.010436252661945722,0.01054207987847459,0.010010580415592584,0.01022679325521834,21257.150240684394,/home/runner/work/Solana-Memecoin-Analysis/Solana-Memecoin-Analysis/data/cache/2026-09-23/015207390518_ohlcv_a1e54bded5a4.json
2026-09-22T23:05:00+00:00,4iVHkn5WhmGwrKb2fYFNPnTkqhwYTEEezvsju9YEBY76,solana,Meteora,,,,,2026-09-11T20:56:40Z,0.010436252661945722,,,,,,,,,,,,,,,,,,,ohlcv_backfill,minute,0.010082648468844099,0.010444050150013777,0.010057291923806047,0.010436252661945722,21122.990451562142,/home/runner/work/Solana-Memecoin-Analysis/Solana-Memecoin-Analysis/data/cache/2026-09-23/015207390518_ohlcv_a1e54bded5a4.json
2026-09-22T23:00:00+00:00,4iVHkn5WhmGwrKb2fYFNPnTkqhwYTEEezvsju9YEBY76,solana,Meteora,,,,,2026-09-11T20:56:40Z,0.010082648468844099,,,,,,,,,,,,,,,,,,,ohlcv_backfill,minute,0.010391448390226245,0.010439694985833187,0.010066398016170312,0.010082648468844099,13854.473359776473,/home/runner/work/Solana-Memecoin-Analysis/Solana-Memecoin-Analysis/data/cache/2026-09-23/015207390518_ohlcv_a1e54bded5a4.json
2026-09-22T22:55:00+00:00,4iVHkn5WhmGwrKb2fYFNPnTkqhwYTEEezvsju9YEBY76,solana,Meteora,,,,,2026-09-11T20:56:40Z,0.010391448390226245,,,,,,,,,,,,,,,,,,,ohlcv_backfill,minute,0.010140474143841095,0.010391448390226245,0.010130045945904876,0.010391448390226245,4461.590085022195,/home/runner/work/Solana-Memecoin-Analysis/Solana-Memecoin-Analysis/data/cache/2026-09-23/015207390518_ohlcv_a1e54bded5a4.json
2026-09-22T22:50:00+00:00,4iVHkn5WhmGwrKb2fYFNPnTkqhwYTEEezvsju9YEBY76,solana,Meteora,,,,,2026-09-11T20:56:40Z,0.010140474143841095,,,,,,,,,,,,,,,,,,,ohlcv_backfill,minute,0.01049843249156195,0.01049843249156195,0.01013862869980639,0.010140474143841095,18649.738144655144,/home/runner/work/Solana-Memecoin-Analysis/Solana-Memecoin-Analysis/data/cache/2026-09-23/015207390518_ohlcv_a1e54bded5a4.json
2026-09-22T22:45:00+00:00,4iVHkn5WhmGwrKb2fYFNPnTkqhwYTEEezvsju9YEBY76,solana,Meteora,,,,,2026-09-11T20:56:40Z,0.01049843249156195,,,,,,,,,,,,,,,,,,,ohlcv_backfill,minute,0.010283846162749268,0.01049843249156195,0.010283846162749268,0.01049843249156195,2999.095905453305,/home/runner/work/Solana-Memecoin-Analysis/Solana-Memecoin-Analysis/data/cache/2026-09-23/015207390518_ohlcv_a1e54bded5a4.json
2026-09-22T22:40:00+00:00,4iVHkn5WhmGwrKb2fYFNPnTkqhwYTEEezvsju9YEBY76,solana,Meteora,,,,,2026-09-11T20:56:40Z,0.010283846162749268,,,,,,,,,,,,,,,,,,,ohlcv_backfill,minute,0.010293352939023953,0.010519219136629973,0.0101211198686659,0.010283846162749268,9536.49071443063,/home/runner/work/Solana-Memecoin-Analysis/Solana-Memecoin-Analysis/data/cache/2026-09-23/015207390518_ohlcv_a1e54bded5a4.json
2026-09-22T22:35:00+00:00,4iVHkn5WhmGwrKb2fYFNPnTkqhwYTEEezvsju9YEBY76,solana,Meteora,,,,,2026-09-11T20:56:40Z,0.010293352939023953,,,,,,,,,,,,,,,,,,,ohlcv_backfill,minute,0.009458334051570915,0.010293352939023953,0.009458334051570915,0.010293352939023953,35987.78271608425,/home/runner/work/Solana-Memecoin-Analysis/Solana-Memecoin-Analysis/data/cache/2026-09-23/015207390518_ohlcv_a1e54bded5a4.json
2026-09-22T22:30:00+00:00,4iVHkn5WhmGwrKb2fYFNPnTkqhwYTEEezvsju9YEBY76,solana,Meteora,,,,,2026-09-11T20:56:40Z,0.009458334051570915,,,,,,,,,,,,,,,,,,,ohlcv_backfill,minute,0.010001438434074921,0.010047460066482659,0.009451126375010516,0.009458334051570915,22114.66117757673,/home/runner/work/Solana-Memecoin-Analysis/Solana-Memecoin-Analysis/data/cache/2026-09-23/015207390518_ohlcv_a1e54bded5a4.json
2026-09-22T22:25:00+00:00,4iVHkn5WhmGwrKb2fYFNPnTkqhwYTEEezvsju9YEBY76,solana,Meteora,,,,,2026-09-11T20:56:40Z,0.010001438434074921,,,,,,,,,,,,,,,,,,,ohlcv_backfill,minute,0.010100882334847829,0.010199649693954557,0.009802327369245122,0.010001438434074921,32249.44034490501,/home/runner/work/Solana-Memecoin-Analysis/Solana-Memecoin-Analysis/data/cache/2026-09-23/015207390518_ohlcv_a1e54bded5a4.json
2026-09-22T22:20:00+00:00,4iVHkn5WhmGwrKb2fYFNPnTkqhwYTEEezvsju9YEBY76,solana,Meteora,,,,,2026-09-11T20:56:40Z,0.010100882334847829,,,,,,,,,,,,,,,,,,,ohlcv_backfill,minute,0.010160656479465872,0.010201891081386001,0.009891518613635526,0.010100882334847829,5544.23265925961,/home/runner/work/Solana-Memecoin-Analysis/Solana-Memecoin-Analysis/data/cache/2026-09-23/015207390518_ohlcv_a1e54bded5a4.json
2026-09-22T22:15:00+00:00,4iVHkn5WhmGwrKb2fYFNPnTkqhwYTEEezvsju9YEBY76,solana,Meteora,,,,,2026-09-11T20:56:40Z,0.010160656479465872,,,,,,,,,,,,,,,,,,,ohlcv_backfill,minute,0.01029635163146828,0.010327156831927267,0.009965227032842187,0.010160656479465872,28721.560642927994,/home/runner/work/Solana-Memecoin-Analysis/Solana-Memecoin-Analysis/data/cache/2026-09-23/015207390518_ohlcv_a1e54bded5a4.json
2026-09-22T22:10:00+00:00,4iVHkn5WhmGwrKb2fYFNPnTkqhwYTEEezvsju9YEBY76,solana,Meteora,,,,,2026-09-11T20:56:40Z,0.01029635163146828,,,,,,,,,,,,,,,,,,,ohlcv_backfill,minute,0.010031744304582932,0.01045201205687259,0.009954018441469975,0.01029635163146828,15806.62163091158,/home/runner/work/Solana-Memecoin-Analysis/Solana-Memecoin-Analysis/data/cache/2026-09-23/015207390518_ohlcv_a1e54bded5a4.json
2026-09-22T22:05:00+00:00,4iVHkn5WhmGwrKb2fYFNPnTkqhwYTEEezvsju9YEBY76,solana,Meteora,,,,,2026-09-11T20:56:40Z,0.010031744304582932,,,,,,,,,,,,,,,,,,,ohlcv_backfill,minute,0.010132979644636574,0.010419826341605973,0.009669747961739717,0.010031744304582932,19301.627324089528,/home/runner/work/Solana-Memecoin-Analysis/Solana-Memecoin-Analysis/data/cache/2026-09-23/015207390518_ohlcv_a1e54bded5a4.json
2026-09-22T22:00:00+00:00,4iVHkn5WhmGwrKb2fYFNPnTkqhwYTEEezvsju9YEBY76,solana,Meteora,,,,,2026-09-11T20:56:40Z,0.010132979644636574,,,,,,,,,,,,,,,,,,,ohlcv_backfill,minute,0.009610483721625698,0.010132979644636574,0.009133156423980151,0.010132979644636574,43795.473206793045,/home/runner/work/Solana-Memecoin-Analysis/Solana-Memecoin-Analysis/data/cache/2026-09-23/015207390518_ohlcv_a1e54bded5a4.json
2026-09-22T21:55:00+00:00,4iVHkn5WhmGwrKb2fYFNPnTkqhwYTEEezvsju9YEBY76,solana,Meteora,,,,,2026-09-11T20:56:40Z,0.009610483721625698,,,,,,,,,,,,,,,,,,,ohlcv_backfill,minute,0.009718758306295741,0.009769067337485088,0.00886378456659677,0.009610483721625698,54138.31453016735,/home/runner/work/Solana-Memecoin-Analysis/Solana-Memecoin-Analysis/data/cache/2026-09-23/015207390518_ohlcv_a1e54bded5a4.json
2026-09-22T21:50:00+00:00,4iVHkn5WhmGwrKb2fYFNPnTkqhwYTEEezvsju9YEBY76,solana,Meteora,,,,,2026-09-11T20:56:40Z,0.009718758306295741,,,,,,,,,,,,,,,,,,,ohlcv_backfill,minute,0.010460482424203586,0.010507161993793685,0.009136837036282005,0.009718758306295741,156390.66341928972,/home/runner/work/Solana-Memecoin-Analysis/Solana-Memecoin-Analysis/data/cache/2026-09-23/015207390518_ohlcv_a1e54bded5a4.json
2026-09-22T21:45:00+00:00,4iVHkn5WhmGwrKb2fYFNPnTkqhwYTEEezvsju9YEBY76,solana,Meteora,,,,,2026-09-11T20:56:40Z,0.010460482424203586,,,,,,,,,,,,,,,,,,,ohlcv_backfill,minute,0.01062526742228466,0.010673612502691693,0.009837349853032494,0.010460482424203586,46185.973024938445,/home/runner/work/Solana-Memecoin-Analysis/Solana-Memecoin-Analysis/data/cache/2026-09-23/015207390518_ohlcv_a1e54bded5a4.json
2026-09-22T21:40:00+00:00,4iVHkn5WhmGwrKb2fYFNPnTkqhwYTEEezvsju9YEBY76,solana,Meteora,,,,,2026-09-11T20:56:40Z,0.01062526742228466,,,,,,,,,,,,,,,,,,,ohlcv_backfill,minute,0.010765479134140788,0.010871529249219336,0.010150624688074511,0.01062526742228466,54276.88069068239,/home/runner/work/Solana-Memecoin-Analysis/Solana-Memecoin-Analysis/data/cache/2026-09-23/015207390518_ohlcv_a1e54bded5a4.json
2026-09-22T21:35:00+00:00,4iVHkn5WhmGwrKb2fYFNPnTkqhwYTEEezvsju9YEBY76,solana,Meteora,,,,,2026-09-11T20:56:40Z,0.010765479134140788,,,,,,,,,,,,,,,,,,,ohlcv_backfill,minute,0.011268849025233526,0.011270798884337971,0.010426253686197533,0.010765479134140788,60500.11283090713,/home/runner/work/Solana-Memecoin-Analysis/Solana-Memecoin-Analysis/data/cache/2026-09-23/015207390518_ohlcv_a1e54bded5a4.json
2026-09-22T21:30:00+00:00,4iVHkn5WhmGwrKb2fYFNPnTkqhwYTEEezvsju9YEBY76,solana,Meteora,,,,,2026-09-11T20:56:40Z,0.011268849025233526,,,,,,,,,,,,,,,,,,,ohlcv_backfill,minute,0.011079244884087019,0.011271017065549218,0.010976891415442867,0.011268849025233526,10920.781496696125,/home/runner/work/Solana-Memecoin-Analysis/Solana-Memecoin-Analysis/data/cache/2026-09-23/015207390518_ohlcv_a1e54bded5a4.json
2026-09-22T21:25:00+00:00,4iVHkn5WhmGwrKb2fYFNPnTkqhwYTEEezvsju9YEBY76,solana,Meteora,,,,,2026-09-11T20:56:40Z,0.011079244884087019,,,,,,,,,,,,,,,,,,,ohlcv_backfill,minute,0.011557398114080412,0.011576171793694932,0.011020496533929457,0.011079244884087019,29511.732797654786,/home/runner/work/Solana-Memecoin-Analysis/Solana-Memecoin-Analysis/data/cache/2026-09-23/015207390518_ohlcv_a1e54bded5a4.json
2026-09-22T21:20:00+00:00,4iVHkn5WhmGwrKb2fYFNPnTkqhwYTEEezvsju9YEBY76,solana,Meteora,,,,,2026-09-11T20:56:40Z,0.011557398114080412,,,,,,,,,,,,,,,,,,,ohlcv_backfill,minute,0.011672446710518666,0.011751123527568874,0.011237599291989092,0.011557398114080412,36505.53706175765,/home/runner/work/Solana-Memecoin-Analysis/Solana-Memecoin-Analysis/data/cache/2026-09-23/015207390518_ohlcv_a1e54bded5a4.json
2026-09-22T21:15:00+00:00,4iVHkn5WhmGwrKb2fYFNPnTkqhwYTEEezvsju9YEBY76,solana,Meteora,,,,,2026-09-11T20:56:40Z,0.011672446710518666,,,,,,,,,,,,,,,,,,,ohlcv_backfill,minute,0.012362128726555219,0.012363618798065842,0.011202674666882309,0.011672446710518666,45223.81609652351,/home/runner/work/Solana-Memecoin-Analysis/Solana-Memecoin-Analysis/data/cache/2026-09-23/015207390518_ohlcv_a1e54bded5a4.json
2026-09-22T21:10:00+00:00,4iVHkn5WhmGwrKb2fYFNPnTkqhwYTEEezvsju9YEBY76,solana,Meteora,,,,,2026-09-11T20:56:40Z,0.012362128726555219,,,,,,,,,,,,,,,,,,,ohlcv_backfill,minute,0.012641095047254754,0.012641095047254754,0.012204804090829488,0.012362128726555219,11307.338137316763,/home/runner/work/Solana-Memecoin-Analysis/Solana-Memecoin-Analysis/data/cache/2026-09-23/015207390518_ohlcv_a1e54bded5a4.json
2026-09-22T21:05:00+00:00,4iVHkn5WhmGwrKb2fYFNPnTkqhwYTEEezvsju9YEBY76,solana,Meteora,,,,,2026-09-11T20:56:40Z,0.012641095047254754,,,,,,,,,,,,,,,,,,,ohlcv_backfill,minute,0.013206557609384386,0.01327197375056243,0.012409746546955721,0.012641095047254754,24732.274924862966,/home/runner/work/Solana-Memecoin-Analysis/Solana-Memecoin-Analysis/data/cache/2026-09-23/015207390518_ohlcv_a1e54bded5a4.json
2026-09-22T21:00:00+00:00,4iVHkn5WhmGwrKb2fYFNPnTkqhwYTEEezvsju9YEBY76,solana,Meteora,,,,,2026-09-11T20:56:40Z,0.013206557609384386,,,,,,,,,,,,,,,,,,,ohlcv_backfill,minute,0.01280350155258092,0.013228426395807756,0.01280350155258092,0.013206557609384386,3698.5930764378163,/home/runner/work/Solana-Memecoin-Analysis/Solana-Memecoin-Analysis/data/cache/2026-09-23/015207390518_ohlcv_a1e54bded5a4.json
2026-09-22T20:55:00+00:00,4iVHkn5WhmGwrKb2fYFNPnTkqhwYTEEezvsju9YEBY76,solana,Meteora,,,,,2026-09-11T20:56:40Z,0.01280350155258092,,,,,,,,,,,,,,,,,,,ohlcv_backfill,minute,0.013029733856377112,0.013068794435473303,0.012748289044929887,0.01280350155258092,6137.665687613001,/home/runner/work/Solana-Memecoin-Analysis/Solana-Memecoin-Analysis/data/cache/2026-09-23/015207390518_ohlcv_a1e54bded5a4.json
2026-09-22T20:50:00+00:00,4iVHkn5WhmGwrKb2fYFNPnTkqhwYTEEezvsju9YEBY76,solana,Meteora,,,,,2026-09-11T20:56:40Z,0.013029733856377112,,,,,,,,,,,,,,,,,,,ohlcv_backfill,minute,0.012764686222276852,0.013029733856377112,0.012684724023059103,0.013029733856377112,5011.03969637363,/home/runner/work/Solana-Memecoin-Analysis/Solana-Memecoin-Analysis/data/cache/2026-09-23/015207390518_ohlcv_a1e54bded5a4.json
2026-09-22T20:45:00+00:00,4iVHkn5WhmGwrKb2fYFNPnTkqhwYTEEezvsju9YEBY76,solana,Meteora,,,,,2026-09-11T20:56:40Z,0.012764686222276852,,,,,,,,,,,,,,,,,,,ohlcv_backfill,minute,0.01275434816737436,0.013018679108825901,0.01267165819842631,0.012764686222276852,9765.31649233685,/home/runner/work/Solana-Memecoin-Analysis/Solana-Memecoin-Analysis/data/cache/2026-09-23/015207390518_ohlcv_a1e54bded5a4.json
2026-09-22T20:40:00+00:00,4iVHkn5WhmGwrKb2fYFNPnTkqhwYTEEezvsju9YEBY76,solana,Meteora,,,,,2026-09-11T20:56:40Z,0.01275434816737436,,,,,,,,,,,,,,,,,,,ohlcv_backfill,minute,0.012851781208678054,0.013120717381779388,0.012717057925737804,0.01275434816737436,11608.635350136086,/home/runner/work/Solana-Memecoin-Analysis/Solana-Memecoin-Analysis/data/cache/2026-09-23/015207390518_ohlcv_a1e54bded5a4.json
2026-09-22T20:35:00+00:00,4iVHkn5WhmGwrKb2fYFNPnTkqhwYTEEezvsju9YEBY76,solana,Meteora,,,,,2026-09-11T20:56:40Z,0.012851781208678054,,,,,,,,,,,,,,,,,,,ohlcv_backfill,minute,0.012895667955983011,0.013241153612520287,0.012844692026353922,0.012851781208678054,7450.2926688499465,/home/runner/work/Solana-Memecoin-Analysis/Solana-Memecoin-Analysis/data/cache/2026-09-23/015207390518_ohlcv_a1e54bded5a4.json
2026-09-22T20:30:00+00:00,4iVHkn5WhmGwrKb2fYFNPnTkqhwYTEEezvsju9YEBY76,solana,Meteora,,,,,2026-09-11T20:56:40Z,0.012895667955983011,,,,,,,,,,,,,,,,,,,ohlcv_backfill,minute,0.01310013424521204,0.013239461647528424,0.012895223562629026,0.012895667955983011,7059.49512886632,/home/runner/work/Solana-Memecoin-Analysis/Solana-Memecoin-Analysis/data/cache/2026-09-23/015207390518_ohlcv_a1e54bded5a4.json
2026-09-22T20:25:00+00:00,4iVHkn5WhmGwrKb2fYFNPnTkqhwYTEEezvsju9YEBY76,solana,Meteora,,,,,2026-09-11T20:56:40Z,0.01310013424521204,,,,,,,,,,,,,,,,,,,ohlcv_backfill,minute,0.01296956118275661,0.013257179946958129,0.012781556213924914,0.01310013424521204,30652.94591481437,/home/runner/work/Solana-Memecoin-Analysis/Solana-Memecoin-Analysis/data/cache/2026-09-23/015207390518_ohlcv_a1e54bded5a4.json
2026-09-22T20:20:00+00:00,4iVHkn5WhmGwrKb2fYFNPnTkqhwYTEEezvsju9YEBY76,solana,Meteora,,,,,2026-09-11T20:56:40Z,0.01296956118275661,,,,,,,,,,,,,,,,,,,ohlcv_backfill,minute,0.013103310263327856,0.01334252410055998,0.012951084801252743,0.01296956118275661,12629.345038746942,/home/runner/work/Solana-Memecoin-Analysis/Solana-Memecoin-Analysis/data/cache/2026-09-23/015207390518_ohlcv_a1e54bded5a4.json
2026-09-22T20:15:00+00:00,4iVHkn5WhmGwrKb2fYFNPnTkqhwYTEEezvsju9YEBY76,solana,Meteora,,,,,2026-09-11T20:56:40Z,0.013103310263327856,,,,,,,,,,,,,,,,,,,ohlcv_backfill,minute,0.013264108627896135,0.013407969443867754,0.013103310263327856,0.013103310263327856,9231.1589203997,/home/runner/work/Solana-Memecoin-Analysis/Solana-Memecoin-Analysis/data/cache/2026-09-23/015207390518_ohlcv_a1e54bded5a4.json
2026-09-22T20:10:00+00:00,4iVHkn5WhmGwrKb2fYFNPnTkqhwYTEEezvsju9YEBY76,solana,Meteora,,,,,2026-09-11T20:56:40Z,0.013264108627896135,,,,,,,,,,,,,,,,,,,ohlcv_backfill,minute,0.012951300506617974,0.013283663026404312,0.012750179788268612,0.013264108627896135,19893.735078922946,/home/runner/work/Solana-Memecoin-Analysis/Solana-Memecoin-Analysis/data/cache/2026-09-23/015207390518_ohlcv_a1e54bded5a4.json
2026-09-22T20:05:00+00:00,4iVHkn5WhmGwrKb2fYFNPnTkqhwYTEEezvsju9YEBY76,solana,Meteora,,,,,2026-09-11T20:56:40Z,0.012951300506617974,,,,,,,,,,,,,,,,,,,ohlcv_backfill,minute,0.012838860279058681,0.012951300506617974,0.012630066256399617,0.012951300506617974,6856.918631568725,/home/runner/work/Solana-Memecoin-Analysis/Solana-Memecoin-Analysis/data/cache/2026-09-23/015207390518_ohlcv_a1e54bded5a4.json
2026-09-22T20:00:00+00:00,4iVHkn5WhmGwrKb2fYFNPnTkqhwYTEEezvsju9YEBY76,solana,Meteora,,,,,2026-09-11T20:56:40Z,0.012838860279058681,,,,,,,,,,,,,,,,,,,ohlcv_backfill,minute,0.012766200985331537,0.012848892091795464,0.012513129054347913,0.012838860279058681,10977.340435876231,/home/runner/work/Solana-Memecoin-Analysis/Solana-Memecoin-Analysis/data/cache/2026-09-23/015207390518_ohlcv_a1e54bded5a4.json
2026-09-22T19:55:00+00:00,4iVHkn5WhmGwrKb2fYFNPnTkqhwYTEEezvsju9YEBY76,solana,Meteora,,,,,2026-09-11T20:56:40Z,0.012766200985331537,,,,,,,,,,,,,,,,,,,ohlcv_backfill,minute,0.012438620810705512,0.012776748721682983,0.012237807080162356,0.012766200985331537,11824.653716921986,/home/runner/work/Solana-Memecoin-Analysis/Solana-Memecoin-Analysis/data/cache/2026-09-23/015207390518_ohlcv_a1e54bded5a4.json
2026-09-22T19:50:00+00:00,4iVHkn5WhmGwrKb2fYFNPnTkqhwYTEEezvsju9YEBY76,solana,Meteora,,,,,2026-09-11T20:56:40Z,0.012438620810705512,,,,,,,,,,,,,,,,,,,ohlcv_backfill,minute,0.01238828882589715,0.012450789242313102,0.012183532904157688,0.012438620810705512,3533.3334195863013,/home/runner/work/Solana-Memecoin-Analysis/Solana-Memecoin-Analysis/data/cache/2026-09-23/015207390518_ohlcv_a1e54bded5a4.json
2026-09-22T19:45:00+00:00,4iVHkn5WhmGwrKb2fYFNPnTkqhwYTEEezvsju9YEBY76,solana,Meteora,,,,,2026-09-11T20:56:40Z,0.01238828882589715,,,,,,,,,,,,,,,,,,,ohlcv_backfill,minute,0.012358026801230666,0.012413225147116973,0.012106114325720821,0.01238828882589715,2216.423226493696,/home/runner/work/Solana-Memecoin-Analysis/Solana-Memecoin-Analysis/data/cache/2026-09-23/015207390518_ohlcv_a1e54bded5a4.json
2026-09-22T19:40:00+00:00,4iVHkn5WhmGwrKb2fYFNPnTkqhwYTEEezvsju9YEBY76,solana,Meteora,,,,,2026-09-11T20:56:40Z,0.012358026801230666,,,,,,,,,,,,,,,,,,,ohlcv_backfill,minute,0.01216449125827994,0.012360385619080613,0.0119149802236804,0.012358026801230666,14213.013800692994,/home/runner/work/Solana-Memecoin-Analysis/Solana-Memecoin-Analysis/data/cache/2026-09-23/015207390518_ohlcv_a1e54bded5a4.json
2026-09-22T19:35:00+00:00,4iVHkn5WhmGwrKb2fYFNPnTkqhwYTEEezvsju9YEBY76,solana,Meteora,,,,,2026-09-11T20:56:40Z,0.01216449125827994,,,,,,,,,,,,,,,,,,,ohlcv_backfill,minute,0.012193094406079427,0.012197039737346134,0.011867468518512878,0.01216449125827994,9425.427486136687,/home/runner/work/Solana-Memecoin-Analysis/Solana-Memecoin-Analysis/data/cache/2026-09-23/015207390518_ohlcv_a1e54bded5a4.json
2026-09-22T19:30:00+00:00,4iVHkn5WhmGwrKb2fYFNPnTkqhwYTEEezvsju9YEBY76,solana,Meteora,,,,,2026-09-11T20:56:40Z,0.012193094406079427,,,,,,,,,,,,,,,,,,,ohlcv_backfill,minute,0.012070414150554017,0.012397911106599593,0.011926530727211922,0.012193094406079427,15455.833726812358,/home/runner/work/Solana-Memecoin-Analysis/Solana-Memecoin-Analysis/data/cache/2026-09-23/015207390518_ohlcv_a1e54bded5a4.json
2026-09-22T19:25:00+00:00,4iVHkn5WhmGwrKb2fYFNPnTkqhwYTEEezvsju9YEBY76,solana,Meteora,,,,,2026-09-11T20:56:40Z,0.012070414150554017,,,,,,,,,,,,,,,,,,,ohlcv_backfill,minute,0.011717578953330305,0.012308546979362947,0.011717578953330305,0.012070414150554017,23530.793471291723,/home/runner/work/Solana-Memecoin-Analysis/Solana-Memecoin-Analysis/data/cache/2026-09-23/015207390518_ohlcv_a1e54bded5a4.json
2026-09-22T19:20:00+00:00,4iVHkn5WhmGwrKb2fYFNPnTkqhwYTEEezvsju9YEBY76,solana,Meteora,,,,,2026-09-11T20:56:40Z,0.011717578953330305,,,,,,,,,,,,,,,,,,,ohlcv_backfill,minute,0.012109957028315787,0.012241754271081519,0.011671257401241301,0.011717578953330305,33375.26978735083,/home/runner/work/Solana-Memecoin-Analysis/Solana-Memecoin-Analysis/data/cache/2026-09-23/015207390518_ohlcv_a1e54bded5a4.json
2026-09-22T19:15:00+00:00,4iVHkn5WhmGwrKb2fYFNPnTkqhwYTEEezvsju9YEBY76,solana,Meteora,,,,,2026-09-11T20:56:40Z,0.012109957028315787,,,,,,,,,,,,,,,,,,,ohlcv_backfill,minute,0.01218797963126368,0.012502246352229294,0.01206363381197241,0.012109957028315787,36867.942881522235,/home/runner/work/Solana-Memecoin-Analysis/Solana-Memecoin-Analysis/data/cache/2026-09-23/015207390518_ohlcv_a1e54bded5a4.json
2026-09-22T19:10:00+00:00,4iVHkn5WhmGwrKb2fYFNPnTkqhwYTEEezvsju9YEBY76,solana,Meteora,,,,,2026-09-11T20:56:40Z,0.01218797963126368,,,,,,,,,,,,,,,,,,,ohlcv_backfill,minute,0.01111215008857941,0.01218797963126368,0.010511639803324369,0.01218797963126368,142574.55417293904,/home/runner/work/Solana-Memecoin-Analysis/Solana-Memecoin-Analysis/data/cache/2026-09-23/015207390518_ohlcv_a1e54bded5a4.json
2026-09-22T19:05:00+00:00,4iVHkn5WhmGwrKb2fYFNPnTkqhwYTEEezvsju9YEBY76,solana,Meteora,,,,,2026-09-11T20:56:40Z,0.01111215008857941,,,,,,,,,,,,,,,,,,,ohlcv_backfill,minute,0.011693828495924811,0.01170552155472376,0.010766500767040176,0.01111215008857941,112545.47431519737,/home/runner/work/Solana-Memecoin-Analysis/Solana-Memecoin-Analysis/data/cache/2026-09-23/015207390518_ohlcv_a1e54bded5a4.json
2026-09-22T19:00:00+00:00,4iVHkn5WhmGwrKb2fYFNPnTkqhwYTEEezvsju9YEBY76,solana,Meteora,,,,,2026-09-11T20:56:40Z,0.011693828495924811,,,,,,,,,,,,,,,,,,,ohlcv_backfill,minute,0.012490869264242742,0.012510000943594245,0.01008727482817741,0.011693828495924811,242815.73755566071,/home/runner/work/Solana-Memecoin-Analysis/Solana-Memecoin-Analysis/data/cache/2026-09-23/015207390518_ohlcv_a1e54bded5a4.json
2026-09-22T18:55:00+00:00,4iVHkn5WhmGwrKb2fYFNPnTkqhwYTEEezvsju9YEBY76,solana,Meteora,,,,,2026-09-11T20:56:40Z,0.012490869264242742,,,,,,,,,,,,,,,,,,,ohlcv_backfill,minute,0.012969973505909735,0.013294099250911809,0.01215362865561614,0.012490869264242742,46329.85723939595,/home/runner/work/Solana-Memecoin-Analysis/Solana-Memecoin-Analysis/data/cache/2026-09-23/015207390518_ohlcv_a1e54bded5a4.json
2026-09-22T18:50:00+00:00,4iVHkn5WhmGwrKb2fYFNPnTkqhwYTEEezvsju9YEBY76,solana,Meteora,,,,,2026-09-11T20:56:40Z,0.012969973505909735,,,,,,,,,,,,,,,,,,,ohlcv_backfill,minute,0.013095957540649924,0.013146728574670901,0.012824444443940623,0.012969973505909735,11067.792816005502,/home/runner/work/Solana-Memecoin-Analysis/Solana-Memecoin-Analysis/data/cache/2026-09-23/015207390518_ohlcv_a1e54bded5a4.json
2026-09-22T18:45:00+00:00,4iVHkn5WhmGwrKb2fYFNPnTkqhwYTEEezvsju9YEBY76,solana,Meteora,,,,,2026-09-11T20:56:40Z,0.013095957540649924,,,,,,,,,,,,,,,,,,,ohlcv_backfill,minute,0.01315408776105153,0.013180396407459539,0.012884400477089036,0.013095957540649924,11517.815769458695,/home/runner/work/Solana-Memecoin-Analysis/Solana-Memecoin-Analysis/data/cache/2026-09-23/015207390518_ohlcv_a1e54bded5a4.json
2026-09-22T18:40:00+00:00,4iVHkn5WhmGwrKb2fYFNPnTkqhwYTEEezvsju9YEBY76,solana,Meteora,,,,,2026-09-11T20:56:40Z,0.01315408776105153,,,,,,,,,,,,,,,,,,,ohlcv_backfill,minute,0.013126436479050187,0.013213008038920702,0.012867961316072523,0.01315408776105153,12537.974536866632,/home/runner/work/Solana-Memecoin-Analysis/Solana-Memecoin-Analysis/data/cache/2026-09-23/015207390518_ohlcv_a1e54bded5a4.json
2026-09-22T18:35:00+00:00,4iVHkn5WhmGwrKb2fYFNPnTkqhwYTEEezvsju9YEBY76,solana,Meteora,,,,,2026-09-11T20:56:40Z,0.013126436479050187,,,,,,,,,,,,,,,,,,,ohlcv_backfill,minute,0.01311813981499061,0.013392836873156368,0.012842134870872308,0.013126436479050187,21412.99014912123,/home/runner/work/Solana-Memecoin-Analysis/Solana-Memecoin-Analysis/data/cache/2026-09-23/015207390518_ohlcv_a1e54bded5a4.json
2026-09-22T18:30:00+00:00,4iVHkn5WhmGwrKb2fYFNPnTkqhwYTEEezvsju9YEBY76,solana,Meteora,,,,,2026-09-11T20:56:40Z,0.01311813981499061,,,,,,,,,,,,,,,,,,,ohlcv_backfill,minute,0.013095473637273793,0.013401420626546527,0.012911795825486353,0.01311813981499061,26111.588260146425,/home/runner/work/Solana-Memecoin-Analysis/Solana-Memecoin-Analysis/data/cache/2026-09-23/015207390518_ohlcv_a1e54bded5a4.json
2026-09-22T18:25:00+00:00,4iVHkn5WhmGwrKb2fYFNPnTkqhwYTEEezvsju9YEBY76,solana,Meteora,,,,,2026-09-11T20:56:40Z,0.013095473637273793,,,,,,,,,,,,,,,,,,,ohlcv_backfill,minute,0.013377714278043318,0.013409239419857192,0.012973971101191131,0.013095473637273793,24055.206556577323,/home/runner/work/Solana-Memecoin-Analysis/Solana-Memecoin-Analysis/data/cache/2026-09-23/015207390518_ohlcv_a1e54bded5a4.json
2026-09-22T18:20:00+00:00,4iVHkn5WhmGwrKb2fYFNPnTkqhwYTEEezvsju9YEBY76,solana,Meteora,,,,,2026-09-11T20:56:40Z,0.013377714278043318,,,,,,,,,,,,,,,,,,,ohlcv_backfill,minute,0.013776637895594827,0.013776637895594827,0.013106351423264754,0.013377714278043318,41126.91638328526,/home/runner/work/Solana-Memecoin-Analysis/Solana-Memecoin-Analysis/data/cache/2026-09-23/015207390518_ohlcv_a1e54bded5a4.json
2026-09-22T18:15:00+00:00,4iVHkn5WhmGwrKb2fYFNPnTkqhwYTEEezvsju9YEBY76,solana,Meteora,,,,,2026-09-11T20:56:40Z,0.013776637895594827,,,,,,,,,,,,,,,,,,,ohlcv_backfill,minute,0.01402452415314775,0.01402452415314775,0.0135121301247657,0.013776637895594827,23033.55894926289,/home/runner/work/Solana-Memecoin-Analysis/Solana-Memecoin-Analysis/data/cache/2026-09-23/015207390518_ohlcv_a1e54bded5a4.json
2026-09-22T18:10:00+00:00,4iVHkn5WhmGwrKb2fYFNPnTkqhwYTEEezvsju9YEBY76,solana,Meteora,,,,,2026-09-11T20:56:40Z,0.01402452415314775,,,,,,,,,,,,,,,,,,,ohlcv_backfill,minute,0.013941922336463797,0.014281872084432526,0.013833142528676245,0.01402452415314775,21219.43585103527,/home/runner/work/Solana-Memecoin-Analysis/Solana-Memecoin-Analysis/data/cache/2026-09-23/015207390518_ohlcv_a1e54bded5a4.json
2026-09-22T18:05:00+00:00,4iVHkn5WhmGwrKb2fYFNPnTkqhwYTEEezvsju9YEBY76,solana,Meteora,,,,,2026-09-11T20:56:40Z,0.013941922336463797,,,,,,,,,,,,,,,,,,,ohlcv_backfill,minute,0.013568969862794676,0.013941922336463797,0.013458295050730863,0.013941922336463797,10765.01063079046,/home/runner/work/Solana-Memecoin-Analysis/Solana-Memecoin-Analysis/data/cache/2026-09-23/015207390518_ohlcv_a1e54bded5a4.json
2026-09-22T18:00:00+00:00,4iVHkn5WhmGwrKb2fYFNPnTkqhwYTEEezvsju9YEBY76,solana,Meteora,,,,,2026-09-11T20:56:40Z,0.013568969862794676,,,,,,,,,,,,,,,,,,,ohlcv_backfill,minute,0.013942545563154489,0.013943925323717354,0.013568969862794676,0.013568969862794676,11100.534197066214,/home/runner/work/Solana-Memecoin-Analysis/Solana-Memecoin-Analysis/data/cache/2026-09-23/015207390518_ohlcv_a1e54bded5a4.json
2026-09-22T17:55:00+00:00,4iVHkn5WhmGwrKb2fYFNPnTkqhwYTEEezvsju9YEBY76,solana,Meteora,,,,,2026-09-11T20:56:40Z,0.013942545563154489,,,,,,,,,,,,,,,,,,,ohlcv_backfill,minute,0.013948103583273188,0.013967521313483796,0.01360808760767393,0.013942545563154489,3924.219125077166,/home/runner/work/Solana-Memecoin-Analysis/Solana-Memecoin-Analysis/data/cache/2026-09-23/015207390518_ohlcv_a1e54bded5a4.json
2026-09-22T17:50:00+00:00,4iVHkn5WhmGwrKb2fYFNPnTkqhwYTEEezvsju9YEBY76,solana,Meteora,,,,,2026-09-11T20:56:40Z,0.013948103583273188,,,,,,,,,,,,,,,,,,,ohlcv_backfill,minute,0.014027128750836376,0.01412449595783015,0.013935397311966122,0.013948103583273188,3837.3251018435917,/home/runner/work/Solana-Memecoin-Analysis/Solana-Memecoin-Analysis/data/cache/2026-09-23/015207390518_ohlcv_a1e54bded5a4.json
2026-09-22T17:45:00+00:00,4iVHkn5WhmGwrKb2fYFNPnTkqhwYTEEezvsju9YEBY76,solana,Meteora,,,,,2026-09-11T20:56:40Z,0.014027128750836376,,,,,,,,,,,,,,,,,,,ohlcv_backfill,minute,0.015374445287036551,0.015374445287036551,0.013706284600960805,0.014027128750836376,70230.51799073086,/home/runner/work/Solana-Memecoin-Analysis/Solana-Memecoin-Analysis/data/cache/2026-09-23/015207390518_ohlcv_a1e54bded5a4.json
2026-09-22T17:40:00+00:00,4iVHkn5WhmGwrKb2fYFNPnTkqhwYTEEezvsju9YEBY76,solana,Meteora,,,,,2026-09-11T20:56:40Z,0.015374445287036551,,,,,,,,,,,,,,,,,,,ohlcv_backfill,minute,0.01545195689247541,0.015608693023535018,0.015374445287036551,0.015374445287036551,5297.4705359674,/home/runner/work/Solana-Memecoin-Analysis/Solana-Memecoin-Analysis/data/cache/2026-09-23/015207390518_ohlcv_a1e54bded5a4.json
2026-09-22T17:35:00+00:00,4iVHkn5WhmGwrKb2fYFNPnTkqhwYTEEezvsju9YEBY76,solana,Meteora,,,,,2026-09-11T20:56:40Z,0.01545195689247541,,,,,,,,,,,,,,,,,,,ohlcv_backfill,minute,0.015045721899902243,0.01545195689247541,0.015033584763039232,0.01545195689247541,6054.729064326774,/home/runner/work/Solana-Memecoin-Analysis/Solana-Memecoin-Analysis/data/cache/2026-09-23/015207390518_ohlcv_a1e54bded5a4.json
2026-09-22T17:30:00+00:00,4iVHkn5WhmGwrKb2fYFNPnTkqhwYTEEezvsju9YEBY76,solana,Meteora,,,,,2026-09-11T20:56:40Z,0.015045721899902243,,,,,,,,,,,,,,,,,,,ohlcv_backfill,minute,0.014951209115233642,0.015335644610513845,0.014951209115233642,0.015045721899902243,2025.635982864419,/home/runner/work/Solana-Memecoin-Analysis/Solana-Memecoin-Analysis/data/cache/2026-09-23/015207390518_ohlcv_a1e54bded5a4.json
2026-09-22T17:25:00+00:00,4iVHkn5WhmGwrKb2fYFNPnTkqhwYTEEezvsju9YEBY76,solana,Meteora,,,,,2026-09-11T20:56:40Z,0.014951209115233642,,,,,,,,,,,,,,,,,,,ohlcv_backfill,minute,0.015008266848510128,0.015257621179428853,0.014802827054199504,0.014951209115233642,5508.229570801691,/home/runner/work/Solana-Memecoin-Analysis/Solana-Memecoin-Analysis/data/cache/2026-09-23/015207390518_ohlcv_a1e54bded5a4.json
2026-09-22T17:20:00+00:00,4iVHkn5WhmGwrKb2fYFNPnTkqhwYTEEezvsju9YEBY76,solana,Meteora,,,,,2026-09-11T20:56:40Z,0.015008266848510128,,,,,,,,,,,,,,,,,,,ohlcv_backfill,minute,0.014987400791910382,0.015030013934191176,0.014987400791910382,0.015008266848510128,643.3869712715273,/home/runner/work/Solana-Memecoin-Analysis/Solana-Memecoin-Analysis/data/cache/2026-09-23/015207390518_ohlcv_a1e54bded5a4.json
2026-09-22T17:15:00+00:00,4iVHkn5WhmGwrKb2fYFNPnTkqhwYTEEezvsju9YEBY76,solana,Meteora,,,,,2026-09-11T20:56:40Z,0.014987400791910382,,,,,,,,,,,,,,,,,,,ohlcv_backfill,minute,0.015183151076590158,0.015257106443071194,0.014826377505330076,0.014987400791910382,9965.328326650035,/home/runner/work/Solana-Memecoin-Analysis/Solana-Memecoin-Analysis/data/cache/2026-09-23/015207390518_ohlcv_a1e54bded5a4.json
2026-09-22T17:10:00+00:00,4iVHkn5WhmGwrKb2fYFNPnTkqhwYTEEezvsju9YEBY76,solana,Meteora,,,,,2026-09-11T20:56:40Z,0.015183151076590158,,,,,,,,,,,,,,,,,,,ohlcv_backfill,minute,0.015358413184653755,0.015361076023312797,0.014906044527374039,0.015183151076590158,8535.401957194063,/home/runner/work/Solana-Memecoin-Analysis/Solana-Memecoin-Analysis/data/cache/2026-09-23/015207390518_ohlcv_a1e54bded5a4.json
2026-09-22T17:05:00+00:00,4iVHkn5WhmGwrKb2fYFNPnTkqhwYTEEezvsju9YEBY76,solana,Meteora,,,,,2026-09-11T20:56:40Z,0.015358413184653755,,,,,,,,,,,,,,,,,,,ohlcv_backfill,minute,0.015049622624184893,0.015369096766616836,0.015049622624184893,0.015358413184653755,2659.5853788204113,/home/runner/work/Solana-Memecoin-Analysis/Solana-Memecoin-Analysis/data/cache/2026-09-23/015207390518_ohlcv_a1e54bded5a4.json
2026-09-22T17:00:00+00:00,4iVHkn5WhmGwrKb2fYFNPnTkqhwYTEEezvsju9YEBY76,solana,Meteora,,,,,2026-09-11T20:56:40Z,0.015049622624184893,,,,,,,,,,,,,,,,,,,ohlcv_backfill,minute,0.01534555346391274,0.01534555346391274,0.015022140910184091,0.015049622624184893,991.9144879929199,/home/runner/work/Solana-Memecoin-Analysis/Solana-Memecoin-Analysis/data/cache/2026-09-23/015207390518_ohlcv_a1e54bded5a4.json
2026-09-22T16:55:00+00:00,4iVHkn5WhmGwrKb2fYFNPnTkqhwYTEEezvsju9YEBY76,solana,Meteora,,,,,2026-09-11T20:56:40Z,0.01534555346391274,,,,,,,,,,,,,,,,,,,ohlcv_backfill,minute,0.01553930436042616,0.01553930436042616,0.015118927940324373,0.01534555346391274,2878.373757004843,/home/runner/work/Solana-Memecoin-Analysis/Solana-Memecoin-Analysis/data/cache/2026-09-23/015207390518_ohlcv_a1e54bded5a4.json
2026-09-22T16:50:00+00:00,4iVHkn5WhmGwrKb2fYFNPnTkqhwYTEEezvsju9YEBY76,solana,Meteora,,,,,2026-09-11T20:56:40Z,0.01553930436042616,,,,,,,,,,,,,,,,,,,ohlcv_backfill,minute,0.015353219859182112,0.01553930436042616,0.015097235065642346,0.01553930436042616,3359.4338307363478,/home/runner/work/Solana-Memecoin-Analysis/Solana-Memecoin-Analysis/data/cache/2026-09-23/015207390518_ohlcv_a1e54bded5a4.json
2026-09-22T16:45:00+00:00,4iVHkn5WhmGwrKb2fYFNPnTkqhwYTEEezvsju9YEBY76,solana,Meteora,,,,,2026-09-11T20:56:40Z,0.015353219859182112,,,,,,,,,,,,,,,,,,,ohlcv_backfill,minute,0.014936931264746127,0.015353219859182112,0.014923907436480265,0.015353219859182112,4290.198427257368,/home/runner/work/Solana-Memecoin-Analysis/Solana-Memecoin-Analysis/data/cache/2026-09-23/015207390518_ohlcv_a1e54bded5a4.json
2026-09-22T16:40:00+00:00,4iVHkn5WhmGwrKb2fYFNPnTkqhwYTEEezvsju9YEBY76,solana,Meteora,,,,,2026-09-11T20:56:40Z,0.014936931264746127,,,,,,,,,,,,,,,,,,,ohlcv_backfill,minute,0.015225048274408567,0.015240124162341172,0.014919458539967814,0.014936931264746127,916.964049221083,/home/runner/work/Solana-Memecoin-Analysis/Solana-Memecoin-Analysis/data/cache/2026-09-23/015207390518_ohlcv_a1e54bded5a4.json
2026-09-22T16:35:00+00:00,4iVHkn5WhmGwrKb2fYFNPnTkqhwYTEEezvsju9YEBY76,solana,Meteora,,,,,2026-09-11T20:56:40Z,0.015225048274408567,,,,,,,,,,,,,,,,,,,ohlcv_backfill,minute,0.015219082118668244,0.015225048274408567,0.014908256151853327,0.015225048274408567,553.2256230700548,/home/runner/work/Solana-Memecoin-Analysis/Solana-Memecoin-Analysis/data/cache/2026-09-23/015207390518_ohlcv_a1e54bded5a4.json
2026-09-22T16:30:00+00:00,4iVHkn5WhmGwrKb2fYFNPnTkqhwYTEEezvsju9YEBY76,solana,Meteora,,,,,2026-09-11T20:56:40Z,0.015219082118668244,,,,,,,,,,,,,,,,,,,ohlcv_backfill,minute,0.014825425255048943,0.015219082118668244,0.014825425255048943,0.015219082118668244,3729.698701035386,/home/runner/work/Solana-Memecoin-Analysis/Solana-Memecoin-Analysis/data/cache/2026-09-23/015207390518_ohlcv_a1e54bded5a4.json
2026-09-22T16:25:00+00:00,4iVHkn5WhmGwrKb2fYFNPnTkqhwYTEEezvsju9YEBY76,solana,Meteora,,,,,2026-09-11T20:56:40Z,0.014825425255048943,,,,,,,,,,,,,,,,,,,ohlcv_backfill,minute,0.015241238303685706,0.015245137091896633,0.014825425255048943,0.014825425255048943,7329.684374311591,/home/runner/work/Solana-Memecoin-Analysis/Solana-Memecoin-Analysis/data/cache/2026-09-23/015207390518_ohlcv_a1e54bded5a4.json
2026-09-22T16:20:00+00:00,4iVHkn5WhmGwrKb2fYFNPnTkqhwYTEEezvsju9YEBY76,solana,Meteora,,,,,2026-09-11T20:56:40Z,0.015241238303685706,,,,,,,,,,,,,,,,,,,ohlcv_backfill,minute,0.014437888718562133,0.015241238303685706,0.014437888718562133,0.015241238303685706,24109.262340851565,/home/runner/work/Solana-Memecoin-Analysis/Solana-Memecoin-Analysis/data/cache/2026-09-23/015207390518_ohlcv_a1e54bded5a4.json
2026-09-22T16:15:00+00:00,4iVHkn5WhmGwrKb2fYFNPnTkqhwYTEEezvsju9YEBY76,solana,Meteora,,,,,2026-09-11T20:56:40Z,0.014437888718562133,,,,,,,,,,,,,,,,,,,ohlcv_backfill,minute,0.014605474824205331,0.014754250284053312,0.014152401297334841,0.014437888718562133,19393.438666896964,/home/runner/work/Solana-Memecoin-Analysis/Solana-Memecoin-Analysis/data/cache/2026-09-23/015207390518_ohlcv_a1e54bded5a4.json
2026-09-22T16:10:00+00:00,4iVHkn5WhmGwrKb2fYFNPnTkqhwYTEEezvsju9YEBY76,solana,Meteora,,,,,2026-09-11T20:56:40Z,0.014605474824205331,,,,,,,,,,,,,,,,,,,ohlcv_backfill,minute,0.014568500259365616,0.01461088254274653,0.014101768281256264,0.014605474824205331,6563.839157180259,/home/runner/work/Solana-Memecoin-Analysis/Solana-Memecoin-Analysis/data/cache/2026-09-23/015207390518_ohlcv_a1e54bded5a4.json
2026-09-22T16:05:00+00:00,4iVHkn5WhmGwrKb2fYFNPnTkqhwYTEEezvsju9YEBY76,solana,Meteora,,,,,2026-09-11T20:56:40Z,0.014568500259365616,,,,,,,,,,,,,,,,,,,ohlcv_backfill,minute,0.013826935788894868,0.014575665427844497,0.013826424669664071,0.014568500259365616,16922.183596162584,/home/runner/work/Solana-Memecoin-Analysis/Solana-Memecoin-Analysis/data/cache/2026-09-23/015207390518_ohlcv_a1e54bded5a4.json
2026-09-22T16:00:00+00:00,4iVHkn5WhmGwrKb2fYFNPnTkqhwYTEEezvsju9YEBY76,solana,Meteora,,,,,2026-09-11T20:56:40Z,0.013826935788894868,,,,,,,,,,,,,,,,,,,ohlcv_backfill,minute,0.013963160453590232,0.014269061310833558,0.013519802516255654,0.013826935788894868,24261.6649427846,/home/runner/work/Solana-Memecoin-Analysis/Solana-Memecoin-Analysis/data/cache/2026-09-23/015207390518_ohlcv_a1e54bded5a4.json
2026-09-22T15:55:00+00:00,4iVHkn5WhmGwrKb2fYFNPnTkqhwYTEEezvsju9YEBY76,solana,Meteora,,,,,2026-09-11T20:56:40Z,0.013963160453590232,,,,,,,,,,,,,,,,,,,ohlcv_backfill,minute,0.01368833545547815,0.014013521626273612,0.013518906297664533,0.013963160453590232,16890.59568730677,/home/runner/work/Solana-Memecoin-Analysis/Solana-Memecoin-Analysis/data/cache/2026-09-23/015207390518_ohlcv_a1e54bded5a4.json
2026-09-22T15:50:00+00:00,4iVHkn5WhmGwrKb2fYFNPnTkqhwYTEEezvsju9YEBY76,solana,Meteora,,,,,2026-09-11T20:56:40Z,0.01368833545547815,,,,,,,,,,,,,,,,,,,ohlcv_backfill,minute,0.013360623914185448,0.013847119607804298,0.013360623914185448,0.01368833545547815,21981.611151445642,/home/runner/work/Solana-Memecoin-Analysis/Solana-Memecoin-Analysis/data/cache/2026-09-23/015207390518_ohlcv_a1e54bded5a4.json
2026-09-22T15:45:00+00:00,4iVHkn5WhmGwrKb2fYFNPnTkqhwYTEEezvsju9YEBY76,solana,Meteora,,,,,2026-09-11T20:56:40Z,0.013360623914185448,,,,,,,,,,,,,,,,,,,ohlcv_backfill,minute,0.01439102912315417,0.01439102912315417,0.013326508216099516,0.013360623914185448,58521.151638604395,/home/runner/work/Solana-Memecoin-Analysis/Solana-Memecoin-Analysis/data/cache/2026-09-23/015207390518_ohlcv_a1e54bded5a4.json
2026-09-22T15:40:00+00:00,4iVHkn5WhmGwrKb2fYFNPnTkqhwYTEEezvsju9YEBY76,solana,Meteora,,,,,2026-09-11T20:56:40Z,0.01439102912315417,,,,,,,,,,,,,,,,,,,ohlcv_backfill,minute,0.01451729558273053,0.01451729558273053,0.013996131660159951,0.01439102912315417,3467.33928180746,/home/runner/work/Solana-Memecoin-Analysis/Solana-Memecoin-Analysis/data/cache/2026-09-23/015207390518_ohlcv_a1e54bded5a4.json
2026-09-22T15:35:00+00:00,4iVHkn5WhmGwrKb2fYFNPnTkqhwYTEEezvsju9YEBY76,solana,Meteora,,,,,2026-09-11T20:56:40Z,0.01451729558273053,,,,,,,,,,,,,,,,,,,ohlcv_backfill,minute,0.014518526430439771,0.014522951567877643,0.013650761709372074,0.01451729558273053,16460.49598358026,/home/runner/work/Solana-Memecoin-Analysis/Solana-Memecoin-Analysis/data/cache/2026-09-23/015207390518_ohlcv_a1e54bded5a4.json
2026-09-22T15:30:00+00:00,4iVHkn5WhmGwrKb2fYFNPnTkqhwYTEEezvsju9YEBY76,solana,Meteora,,,,,2026-09-11T20:56:40Z,0.014518526430439771,,,,,,,,,,,,,,,,,,,ohlcv_backfill,minute,0.014721077866900013,0.014721077866900013,0.013390519983304195,0.014518526430439771,42945.972472653266,/home/runner/work/Solana-Memecoin-Analysis/Solana-Memecoin-Analysis/data/cache/2026-09-23/015207390518_ohlcv_a1e54bded5a4.json
2026-09-22T15:25:00+00:00,4iVHkn5WhmGwrKb2fYFNPnTkqhwYTEEezvsju9YEBY76,solana,Meteora,,,,,2026-09-11T20:56:40Z,0.014721077866900013,,,,,,,,,,,,,,,,,,,ohlcv_backfill,minute,0.01479038520969753,0.01484000995555611,0.014079365806345978,0.014721077866900013,24342.002458844843,/home/runner/work/Solana-Memecoin-Analysis/Solana-Memecoin-Analysis/data/cache/2026-09-23/015207390518_ohlcv_a1e54bded5a4.json
2026-09-22T15:20:00+00:00,4iVHkn5WhmGwrKb2fYFNPnTkqhwYTEEezvsju9YEBY76,solana,Meteora,,,,,2026-09-11T20:56:40Z,0.01479038520969753,,,,,,,,,,,,,,,,,,,ohlcv_backfill,minute,0.014333221594534996,0.015157675055329093,0.014333221594534996,0.01479038520969753,16405.33943225741,/home/runner/work/Solana-Memecoin-Analysis/Solana-Memecoin-Analysis/data/cache/2026-09-23/015207390518_ohlcv_a1e54bded5a4.json
2026-09-22T15:15:00+00:00,4iVHkn5WhmGwrKb2fYFNPnTkqhwYTEEezvsju9YEBY76,solana,Meteora,,,,,2026-09-11T20:56:40Z,0.014333221594534996,,,,,,,,,,,,,,,,,,,ohlcv_backfill,minute,0.016009565238486248,0.016009565238486248,0.014333221594534996,0.014333221594534996,42520.11962022802,/home/runner/work/Solana-Memecoin-Analysis/Solana-Memecoin-Analysis/data/cache/2026-09-23/015207390518_ohlcv_a1e54bded5a4.json
2026-09-22T15:10:00+00:00,4iVHkn5WhmGwrKb2fYFNPnTkqhwYTEEezvsju9YEBY76,solana,Meteora,,,,,2026-09-11T20:56:40Z,0.016009565238486248,,,,,,,,,,,,,,,,,,,ohlcv_backfill,minute,0.01621124971691564,0.016478437321673443,0.015591643574204403,0.016009565238486248,27126.95266452558,/home/runner/work/Solana-Memecoin-Analysis/Solana-Memecoin-Analysis/data/cache/2026-09-23/015207390518_ohlcv_a1e54bded5a4.json
2026-09-22T15:05:00+00:00,4iVHkn5WhmGwrKb2fYFNPnTkqhwYTEEezvsju9YEBY76,solana,Meteora,,,,,2026-09-11T20:56:40Z,0.01621124971691564,,,,,,,,,,,,,,,,,,,ohlcv_backfill,minute,0.015871780587554497,0.01626615000076364,0.015871780587554497,0.01621124971691564,858.2435345292412,/home/runner/work/Solana-Memecoin-Analysis/Solana-Memecoin-Analysis/data/cache/2026-09-23/015207390518_ohlcv_a1e54bded5a4.json
2026-09-22T15:00:00+00:00,4iVHkn5WhmGwrKb2fYFNPnTkqhwYTEEezvsju9YEBY76,solana,Meteora,,,,,2026-09-11T20:56:40Z,0.015871780587554497,,,,,,,,,,,,,,,,,,,ohlcv_backfill,minute,0.016597448853280287,0.01679582024481138,0.015871780587554497,0.015871780587554497,13564.738819842572,/home/runner/work/Solana-Memecoin-Analysis/Solana-Memecoin-Analysis/data/cache/2026-09-23/015207390518_ohlcv_a1e54bded5a4.json
2026-09-22T14:55:00+00:00,4iVHkn5WhmGwrKb2fYFNPnTkqhwYTEEezvsju9YEBY76,solana,Meteora,,,,,2026-09-11T20:56:40Z,0.016597448853280287,,,,,,,,,,,,,,,,,,,ohlcv_backfill,minute,0.016510401600479806,0.01695455063311829,0.016252693933338745,0.016597448853280287,4624.122519775665,/home/runner/work/Solana-Memecoin-Analysis/Solana-Memecoin-Analysis/data/cache/2026-09-23/015207390518_ohlcv_a1e54bded5a4.json
2026-09-22T14:50:00+00:00,4iVHkn5WhmGwrKb2fYFNPnTkqhwYTEEezvsju9YEBY76,solana,Meteora,,,,,2026-09-11T20:56:40Z,0.016510401600479806,,,,,,,,,,,,,,,,,,,ohlcv_backfill,minute,0.016267094054249857,0.016510401600479806,0.01593686913044601,0.016510401600479806,6086.491291832218,/home/runner/work/Solana-Memecoin-Analysis/Solana-Memecoin-Analysis/data/cache/2026-09-23/015207390518_ohlcv_a1e54bded5a4.json
2026-09-22T14:45:00+00:00,4iVHkn5WhmGwrKb2fYFNPnTkqhwYTEEezvsju9YEBY76,solana,Meteora,,,,,2026-09-11T20:56:40Z,0.016267094054249857,,,,,,,,,,,,,,,,,,,ohlcv_backfill,minute,0.0161284240360172,0.01629296559618401,0.01583122774282342,0.016267094054249857,9218.223654084304,/home/runner/work/Solana-Memecoin-Analysis/Solana-Memecoin-Analysis/data/cache/2026-09-23/015207390518_ohlcv_a1e54bded5a4.json
2026-09-22T14:40:00+00:00,4iVHkn5WhmGwrKb2fYFNPnTkqhwYTEEezvsju9YEBY76,solana,Meteora,,,,,2026-09-11T20:56:40Z,0.0161284240360172,,,,,,,,,,,,,,,,,,,ohlcv_backfill,minute,0.015750373799966754,0.016138686969368758,0.015747248748215818,0.0161284240360172,7845.045143246766,/home/runner/work/Solana-Memecoin-Analysis/Solana-Memecoin-Analysis/data/cache/2026-09-23/015207390518_ohlcv_a1e54bded5a4.json
2026-09-22T14:35:00+00:00,4iVHkn5WhmGwrKb2fYFNPnTkqhwYTEEezvsju9YEBY76,solana,Meteora,,,,,2026-09-11T20:56:40Z,0.015750373799966754,,,,,,,,,,,,,,,,,,,ohlcv_backfill,minute,0.015681445539846395,0.015751241686064753,0.015626728307708282,0.015750373799966754,531.4877704142579,/home/runner/work/Solana-Memecoin-Analysis/Solana-Memecoin-Analysis/data/cache/2026-09-23/015207390518_ohlcv_a1e54bded5a4.json
2026-09-22T14:30:00+00:00,4iVHkn5WhmGwrKb2fYFNPnTkqhwYTEEezvsju9YEBY76,solana,Meteora,,,,,2026-09-11T20:56:40Z,0.015681445539846395,,,,,,,,,,,,,,,,,,,ohlcv_backfill,minute,0.01582680979543002,0.01583010380261551,0.01543417218221129,0.015681445539846395,5921.014268649239,/home/runner/work/Solana-Memecoin-Analysis/Solana-Memecoin-Analysis/data/cache/2026-09-23/015207390518_ohlcv_a1e54bded5a4.json
2026-09-22T14:25:00+00:00,4iVHkn5WhmGwrKb2fYFNPnTkqhwYTEEezvsju9YEBY76,solana,Meteora,,,,,2026-09-11T20:56:40Z,0.01582680979543002,,,,,,,,,,,,,,,,,,,ohlcv_backfill,minute,0.016145605292663744,0.016145605292663744,0.015638460451658943,0.01582680979543002,6835.118405117694,/home/runner/work/Solana-Memecoin-Analysis/Solana-Memecoin-Analysis/data/cache/2026-09-23/015207390518_ohlcv_a1e54bded5a4.json
2026-09-22T14:20:00+00:00,4iVHkn5WhmGwrKb2fYFNPnTkqhwYTEEezvsju9YEBY76,solana,Meteora,,,,,2026-09-11T20:56:40Z,0.016145605292663744,,,,,,,,,,,,,,,,,,,ohlcv_backfill,minute,0.01602711327306667,0.016145605292663744,0.01570009769113414,0.016145605292663744,7718.129759685016,/home/runner/work/Solana-Memecoin-Analysis/Solana-Memecoin-Analysis/data/cache/2026-09-23/015207390518_ohlcv_a1e54bded5a4.json
2026-09-22T14:15:00+00:00,4iVHkn5WhmGwrKb2fYFNPnTkqhwYTEEezvsju9YEBY76,solana,Meteora,,,,,2026-09-11T20:56:40Z,0.01602711327306667,,,,,,,,,,,,,,,,,,,ohlcv_backfill,minute,0.016105593188784666,0.016356566218140016,0.01602711327306667,0.01602711327306667,1390.2918805008937,/home/runner/work/Solana-Memecoin-Analysis/Solana-Memecoin-Analysis/data/cache/2026-09-23/015207390518_ohlcv_a1e54bded5a4.json
2026-09-22T14:10:00+00:00,4iVHkn5WhmGwrKb2fYFNPnTkqhwYTEEezvsju9YEBY76,solana,Meteora,,,,,2026-09-11T20:56:40Z,0.016105593188784666,,,,,,,,,,,,,,,,,,,ohlcv_backfill,minute,0.016362353184907575,0.016503247210522064,0.016060953598073704,0.016105593188784666,1588.6812256605058,/home/runner/work/Solana-Memecoin-Analysis/Solana-Memecoin-Analysis/data/cache/2026-09-23/015207390518_ohlcv_a1e54bded5a4.json
2026-09-22T14:05:00+00:00,4iVHkn5WhmGwrKb2fYFNPnTkqhwYTEEezvsju9YEBY76,solana,Meteora,,,,,2026-09-11T20:56:40Z,0.016362353184907575,,,,,,,,,,,,,,,,,,,ohlcv_backfill,minute,0.015888529294981756,0.01640748662518231,0.015878862302705,0.016362353184907575,3681.0867444589694,/home/runner/work/Solana-Memecoin-Analysis/Solana-Memecoin-Analysis/data/cache/2026-09-23/015207390518_ohlcv_a1e54bded5a4.json
2026-09-22T14:00:00+00:00,4iVHkn5WhmGwrKb2fYFNPnTkqhwYTEEezvsju9YEBY76,solana,Meteora,,,,,2026-09-11T20:56:40Z,0.015888529294981756,,,,,,,,,,,,,,,,,,,ohlcv_backfill,minute,0.01588012093046904,0.01619428275956418,0.015441438866097258,0.015888529294981756,9094.89820513036,/home/runner/work/Solana-Memecoin-Analysis/Solana-Memecoin-Analysis/data/cache/2026-09-23/015207390518_ohlcv_a1e54bded5a4.json
2026-09-22T13:55:00+00:00,4iVHkn5WhmGwrKb2fYFNPnTkqhwYTEEezvsju9YEBY76,solana,Meteora,,,,,2026-09-11T20:56:40Z,0.01588012093046904,,,,,,,,,,,,,,,,,,,ohlcv_backfill,minute,0.0156673352469393,0.01588012093046904,0.015666780957545586,0.01588012093046904,3821.97165934835,/home/runner/work/Solana-Memecoin-Analysis/Solana-Memecoin-Analysis/data/cache/2026-09-23/015207390518_ohlcv_a1e54bded5a4.json
2026-09-22T13:50:00+00:00,4iVHkn5WhmGwrKb2fYFNPnTkqhwYTEEezvsju9YEBY76,solana,Meteora,,,,,2026-09-11T20:56:40Z,0.0156673352469393,,,,,,,,,,,,,,,,,,,ohlcv_backfill,minute,0.015694983655709052,0.016080025863247072,0.015363861681798183,0.0156673352469393,12000.161956358283,/home/runner/work/Solana-Memecoin-Analysis/Solana-Memecoin-Analysis/data/cache/2026-09-23/015207390518_ohlcv_a1e54bded5a4.json
2026-09-22T13:45:00+00:00,4iVHkn5WhmGwrKb2fYFNPnTkqhwYTEEezvsju9YEBY76,solana,Meteora,,,,,2026-09-11T20:56:40Z,0.015694983655709052,,,,,,,,,,,,,,,,,,,ohlcv_backfill,minute,0.016159957155517456,0.016159957155517456,0.015694983655709052,0.015694983655709052,21709.22020176421,/home/runner/work/Solana-Memecoin-Analysis/Solana-Memecoin-Analysis/data/cache/2026-09-23/015207390518_ohlcv_a1e54bded5a4.json
2026-09-22T13:40:00+00:00,4iVHkn5WhmGwrKb2fYFNPnTkqhwYTEEezvsju9YEBY76,solana,Meteora,,,,,2026-09-11T20:56:40Z,0.016159957155517456,,,,,,,,,,,,,,,,,,,ohlcv_backfill,minute,0.01581205096333308,0.016424816742083955,0.015589754587308617,0.016159957155517456,12504.182645969164,/home/runner/work/Solana-Memecoin-Analysis/Solana-Memecoin-Analysis/data/cache/2026-09-23/015207390518_ohlcv_a1e54bded5a4.json
2026-09-22T13:35:00+00:00,4iVHkn5WhmGwrKb2fYFNPnTkqhwYTEEezvsju9YEBY76,solana,Meteora,,,,,2026-09-11T20:56:40Z,0.01581205096333308,,,,,,,,,,,,,,,,,,,ohlcv_backfill,minute,0.015493287983160174,0.01581205096333308,0.015379652824974216,0.01581205096333308,7672.030251152184,/home/runner/work/Solana-Memecoin-Analysis/Solana-Memecoin-Analysis/data/cache/2026-09-23/015207390518_ohlcv_a1e54bded5a4.json
2026-09-22T13:30:00+00:00,4iVHkn5WhmGwrKb2fYFNPnTkqhwYTEEezvsju9YEBY76,solana,Meteora,,,,,2026-09-11T20:56:40Z,0.015493287983160174,,,,,,,,,,,,,,,,,,,ohlcv_backfill,minute,0.015308459374916757,0.015761332253409074,0.015200662395261764,0.015493287983160174,6142.735304278354,/home/runner/work/Solana-Memecoin-Analysis/Solana-Memecoin-Analysis/data/cache/2026-09-23/015207390518_ohlcv_a1e54bded5a4.json
2026-09-22T13:25:00+00:00,4iVHkn5WhmGwrKb2fYFNPnTkqhwYTEEezvsju9YEBY76,solana,Meteora,,,,,2026-09-11T20:56:40Z,0.015308459374916757,,,,,,,,,,,,,,,,,,,ohlcv_backfill,minute,0.015940859385316912,0.015940859385316912,0.015308459374916757,0.015308459374916757,8269.233174907777,/home/runner/work/Solana-Memecoin-Analysis/Solana-Memecoin-Analysis/data/cache/2026-09-23/015207390518_ohlcv_a1e54bded5a4.json
2026-09-22T13:20:00+00:00,4iVHkn5WhmGwrKb2fYFNPnTkqhwYTEEezvsju9YEBY76,solana,Meteora,,,,,2026-09-11T20:56:40Z,0.015940859385316912,,,,,,,,,,,,,,,,,,,ohlcv_backfill,minute,0.015886267483850896,0.01600239350343672,0.01569886244762921,0.015940859385316912,3521.7486781505827,/home/runner/work/Solana-Memecoin-Analysis/Solana-Memecoin-Analysis/data/cache/2026-09-23/015207390518_ohlcv_a1e54bded5a4.json
2026-09-22T13:15:00+00:00,4iVHkn5WhmGwrKb2fYFNPnTkqhwYTEEezvsju9YEBY76,solana,Meteora,,,,,2026-09-11T20:56:40Z,0.015886267483850896,,,,,,,,,,,,,,,,,,,ohlcv_backfill,minute,0.015829910502409117,0.01589239852171311,0.015499705766630695,0.015886267483850896,1776.1145792702382,/home/runner/work/Solana-Memecoin-Analysis/Solana-Memecoin-Analysis/data/cache/2026-09-23/015207390518_ohlcv_a1e54bded5a4.json
2026-09-22T13:10:00+00:00,4iVHkn5WhmGwrKb2fYFNPnTkqhwYTEEezvsju9YEBY76,solana,Meteora,,,,,2026-09-11T20:56:40Z,0.015829910502409117,,,,,,,,,,,,,,,,,,,ohlcv_backfill,minute,0.015594778507193176,0.015829910502409117,0.015208056448296023,0.015829910502409117,8764.034502014918,/home/runner/work/Solana-Memecoin-Analysis/Solana-Memecoin-Analysis/data/cache/2026-09-23/015207390518_ohlcv_a1e54bded5a4.json
2026-09-22T13:05:00+00:00,4iVHkn5WhmGwrKb2fYFNPnTkqhwYTEEezvsju9YEBY76,solana,Meteora,,,,,2026-09-11T20:56:40Z,0.015594778507193176,,,,,,,,,,,,,,,,,,,ohlcv_backfill,minute,0.015595652355037662,0.015616974376059984,0.015277742158780989,0.015594778507193176,1623.6835199242023,/home/runner/work/Solana-Memecoin-Analysis/Solana-Memecoin-Analysis/data/cache/2026-09-23/015207390518_ohlcv_a1e54bded5a4.json
2026-09-22T13:00:00+00:00,4iVHkn5WhmGwrKb2fYFNPnTkqhwYTEEezvsju9YEBY76,solana,Meteora,,,,,2026-09-11T20:56:40Z,0.015595652355037662,,,,,,,,,,,,,,,,,,,ohlcv_backfill,minute,0.015885844054885287,0.015902378984548108,0.015299420948269225,0.015595652355037662,7053.5453299251,/home/runner/work/Solana-Memecoin-Analysis/Solana-Memecoin-Analysis/data/cache/2026-09-23/015207390518_ohlcv_a1e54bded5a4.json
2026-09-22T12:55:00+00:00,4iVHkn5WhmGwrKb2fYFNPnTkqhwYTEEezvsju9YEBY76,solana,Meteora,,,,,2026-09-11T20:56:40Z,0.015885844054885287,,,,,,,,,,,,,,,,,,,ohlcv_backfill,minute,0.015725804546181246,0.016060123739319133,0.015622958741248014,0.015885844054885287,6190.983568878217,/home/runner/work/Solana-Memecoin-Analysis/Solana-Memecoin-Analysis/data/cache/2026-09-23/015207390518_ohlcv_a1e54bded5a4.json
2026-09-22T12:50:00+00:00,4iVHkn5WhmGwrKb2fYFNPnTkqhwYTEEezvsju9YEBY76,solana,Meteora,,,,,2026-09-11T20:56:40Z,0.015725804546181246,,,,,,,,,,,,,,,,,,,ohlcv_backfill,minute,0.01635160135325548,0.01635160135325548,0.015725804546181246,0.015725804546181246,6879.181775297776,/home/runner/work/Solana-Memecoin-Analysis/Solana-Memecoin-Analysis/data/cache/2026-09-23/015207390518_ohlcv_a1e54bded5a4.json
2026-09-22T12:45:00+00:00,4iVHkn5WhmGwrKb2fYFNPnTkqhwYTEEezvsju9YEBY76,solana,Meteora,,,,,2026-09-11T20:56:40Z,0.01635160135325548,,,,,,,,,,,,,,,,,,,ohlcv_backfill,minute,0.01601906935382307,0.016364663809491996,0.01599355637684081,0.01635160135325548,2233.0089235663017,/home/runner/work/Solana-Memecoin-Analysis/Solana-Memecoin-Analysis/data/cache/2026-09-23/015207390518_ohlcv_a1e54bded5a4.json
2026-09-22T12:40:00+00:00,4iVHkn5WhmGwrKb2fYFNPnTkqhwYTEEezvsju9YEBY76,solana,Meteora,,,,,2026-09-11T20:56:40Z,0.01601906935382307,,,,,,,,,,,,,,,,,,,ohlcv_backfill,minute,0.01619479142704991,0.016516689389144357,0.01596500496601619,0.01601906935382307,7428.0136187446515,/home/runner/work/Solana-Memecoin-Analysis/Solana-Memecoin-Analysis/data/cache/2026-09-23/015207390518_ohlcv_a1e54bded5a4.json
2026-09-22T12:35:00+00:00,4iVHkn5WhmGwrKb2fYFNPnTkqhwYTEEezvsju9YEBY76,solana,Meteora,,,,,2026-09-11T20:56:40Z,0.01619479142704991,,,,,,,,,,,,,,,,,,,ohlcv_backfill,minute,0.016564313029551272,0.016564313029551272,0.016193242688860653,0.01619479142704991,3576.972708027843,/home/runner/work/Solana-Memecoin-Analysis/Solana-Memecoin-Analysis/data/cache/2026-09-23/015207390518_ohlcv_a1e54bded5a4.json
2026-09-22T12:30:00+00:00,4iVHkn5WhmGwrKb2fYFNPnTkqhwYTEEezvsju9YEBY76,solana,Meteora,,,,,2026-09-11T20:56:40Z,0.016564313029551272,,,,,,,,,,,,,,,,,,,ohlcv_backfill,minute,0.016231532128793604,0.016564313029551272,0.016231532128793604,0.016564313029551272,195.33613281032865,/home/runner/work/Solana-Memecoin-Analysis/Solana-Memecoin-Analysis/data/cache/2026-09-23/015207390518_ohlcv_a1e54bded5a4.json
2026-09-22T12:25:00+00:00,4iVHkn5WhmGwrKb2fYFNPnTkqhwYTEEezvsju9YEBY76,solana,Meteora,,,,,2026-09-11T20:56:40Z,0.016231532128793604,,,,,,,,,,,,,,,,,,,ohlcv_backfill,minute,0.01667228402893985,0.016685800215931936,0.016231532128793604,0.016231532128793604,5231.10375413895,/home/runner/work/Solana-Memecoin-Analysis/Solana-Memecoin-Analysis/data/cache/2026-09-23/015207390518_ohlcv_a1e54bded5a4.json
2026-09-22T12:20:00+00:00,4iVHkn5WhmGwrKb2fYFNPnTkqhwYTEEezvsju9YEBY76,solana,Meteora,,,,,2026-09-11T20:56:40Z,0.01667228402893985,,,,,,,,,,,,,,,,,,,ohlcv_backfill,minute,0.016642342099490545,0.01667705895126113,0.016642342099490545,0.01667228402893985,180.94333886343787,/home/runner/work/Solana-Memecoin-Analysis/Solana-Memecoin-Analysis/data/cache/2026-09-23/015207390518_ohlcv_a1e54bded5a4.json
2026-09-22T12:15:00+00:00,4iVHkn5WhmGwrKb2fYFNPnTkqhwYTEEezvsju9YEBY76,solana,Meteora,,,,,2026-09-11T20:56:40Z,0.016642342099490545,,,,,,,,,,,,,,,,,,,ohlcv_backfill,minute,0.016684345721285136,0.016684345721285136,0.016301435156827467,0.016642342099490545,1073.595605298196,/home/runner/work/Solana-Memecoin-Analysis/Solana-Memecoin-Analysis/data/cache/2026-09-23/015207390518_ohlcv_a1e54bded5a4.json
2026-09-22T12:10:00+00:00,4iVHkn5WhmGwrKb2fYFNPnTkqhwYTEEezvsju9YEBY76,solana,Meteora,,,,,2026-09-11T20:56:40Z,0.016684345721285136,,,,,,,,,,,,,,,,,,,ohlcv_backfill,minute,0.016665520265697176,0.016685986246475975,0.016665520265697176,0.016684345721285136,103.64211995783452,/home/runner/work/Solana-Memecoin-Analysis/Solana-Memecoin-Analysis/data/cache/2026-09-23/015207390518_ohlcv_a1e54bded5a4.json
2026-09-22T12:05:00+00:00,4iVHkn5WhmGwrKb2fYFNPnTkqhwYTEEezvsju9YEBY76,solana,Meteora,,,,,2026-09-11T20:56:40Z,0.016665520265697176,,,,,,,,,,,,,,,,,,,ohlcv_backfill,minute,0.01667613256655405,0.01667613256655405,0.016665520265697176,0.016665520265697176,14.691473607977652,/home/runner/work/Solana-Memecoin-Analysis/Solana-Memecoin-Analysis/data/cache/2026-09-23/015207390518_ohlcv_a1e54bded5a4.json
2026-09-22T12:00:00+00:00,4iVHkn5WhmGwrKb2fYFNPnTkqhwYTEEezvsju9YEBY76,solana,Meteora,,,,,2026-09-11T20:56:40Z,0.01667613256655405,,,,,,,,,,,,,,,,,,,ohlcv_backfill,minute,0.01684867764029731,0.016855519126936537,0.016403154094156804,0.01667613256655405,3999.2460979106686,/home/runner/work/Solana-Memecoin-Analysis/Solana-Memecoin-Analysis/data/cache/2026-09-23/015207390518_ohlcv_a1e54bded5a4.json
2026-09-22T11:55:00+00:00,4iVHkn5WhmGwrKb2fYFNPnTkqhwYTEEezvsju9YEBY76,solana,Meteora,,,,,2026-09-11T20:56:40Z,0.01684867764029731,,,,,,,,,,,,,,,,,,,ohlcv_backfill,minute,0.016663203825013954,0.017001057219965556,0.016505266246771323,0.01684867764029731,3660.1905492017104,/home/runner/work/Solana-Memecoin-Analysis/Solana-Memecoin-Analysis/data/cache/2026-09-23/015207390518_ohlcv_a1e54bded5a4.json
2026-09-22T11:50:00+00:00,4iVHkn5WhmGwrKb2fYFNPnTkqhwYTEEezvsju9YEBY76,solana,Meteora,,,,,2026-09-11T20:56:40Z,0.016663203825013954,,,,,,,,,,,,,,,,,,,ohlcv_backfill,minute,0.01701202954761192,0.01710071649738664,0.016663203825013954,0.016663203825013954,3244.362096765521,/home/runner/work/Solana-Memecoin-Analysis/Solana-Memecoin-Analysis/data/cache/2026-09-23/015207390518_ohlcv_a1e54bded5a4.json
2026-09-22T11:45:00+00:00,4iVHkn5WhmGwrKb2fYFNPnTkqhwYTEEezvsju9YEBY76,solana,Meteora,,,,,2026-09-11T20:56:40Z,0.01701202954761192,,,,,,,,,,,,,,,,,,,ohlcv_backfill,minute,0.016879977347852366,0.017048440780445456,0.01670819915874517,0.01701202954761192,1797.2427919666172,/home/runner/work/Solana-Memecoin-Analysis/Solana-Memecoin-Analysis/data/cache/2026-09-23/015207390518_ohlcv_a1e54bded5a4.json
2026-09-22T11:40:00+00:00,4iVHkn5WhmGwrKb2fYFNPnTkqhwYTEEezvsju9YEBY76,solana,Meteora,,,,,2026-09-11T20:56:40Z,0.016879977347852366,,,,,,,,,,,,,,,,,,,ohlcv_backfill,minute,0.017010610411408,0.017022036485844348,0.016879977347852366,0.016879977347852366,4070.3437078186334,/home/runner/work/Solana-Memecoin-Analysis/Solana-Memecoin-Analysis/data/cache/2026-09-23/015207390518_ohlcv_a1e54bded5a4.json
2026-09-22T11:35:00+00:00,4iVHkn5WhmGwrKb2fYFNPnTkqhwYTEEezvsju9YEBY76,solana,Meteora,,,,,2026-09-11T20:56:40Z,0.017010610411408,,,,,,,,,,,,,,,,,,,ohlcv_backfill,minute,0.016798745577325847,0.01731544155431833,0.016798745577325847,0.017010610411408,4178.2254263548675,/home/runner/work/Solana-Memecoin-Analysis/Solana-Memecoin-Analysis/data/cache/2026-09-23/015207390518_ohlcv_a1e54bded5a4.json
2026-09-22T11:30:00+00:00,4iVHkn5WhmGwrKb2fYFNPnTkqhwYTEEezvsju9YEBY76,solana,Meteora,,,,,2026-09-11T20:56:40Z,0.016798745577325847,,,,,,,,,,,,,,,,,,,ohlcv_backfill,minute,0.01668251954650711,0.017099640601825526,0.01668251954650711,0.016798745577325847,2665.9194451961275,/home/runner/work/Solana-Memecoin-Analysis/Solana-Memecoin-Analysis/data/cache/2026-09-23/015207390518_ohlcv_a1e54bded5a4.json
2026-09-22T11:25:00+00:00,4iVHkn5WhmGwrKb2fYFNPnTkqhwYTEEezvsju9YEBY76,solana,Meteora,,,,,2026-09-11T20:56:40Z,0.01668251954650711,,,,,,,,,,,,,,,,,,,ohlcv_backfill,minute,0.01673434650650291,0.016892579377215326,0.016392083231603658,0.01668251954650711,5964.069136621286,/home/runner/work/Solana-Memecoin-Analysis/Solana-Memecoin-Analysis/data/cache/2026-09-23/015207390518_ohlcv_a1e54bded5a4.json
2026-09-22T11:20:00+00:00,4iVHkn5WhmGwrKb2fYFNPnTkqhwYTEEezvsju9YEBY76,solana,Meteora,,,,,2026-09-11T20:56:40Z,0.01673434650650291,,,,,,,,,,,,,,,,,,,ohlcv_backfill,minute,0.016733043964930493,0.016745373797697114,0.01641756847039034,0.01673434650650291,1514.3842285637368,/home/runner/work/Solana-Memecoin-Analysis/Solana-Memecoin-Analysis/data/cache/2026-09-23/015207390518_ohlcv_a1e54bded5a4.json
2026-09-22T11:15:00+00:00,4iVHkn5WhmGwrKb2fYFNPnTkqhwYTEEezvsju9YEBY76,solana,Meteora,,,,,2026-09-11T20:56:40Z,0.016733043964930493,,,,,,,,,,,,,,,,,,,ohlcv_backfill,minute,0.01640908362286424,0.016733043964930493,0.016212245468896047,0.016733043964930493,3673.0581850157596,/home/runner/work/Solana-Memecoin-Analysis/Solana-Memecoin-Analysis/data/cache/2026-09-23/015207390518_ohlcv_a1e54bded5a4.json
2026-09-22T11:10:00+00:00,4iVHkn5WhmGwrKb2fYFNPnTkqhwYTEEezvsju9YEBY76,solana,Meteora,,,,,2026-09-11T20:56:40Z,0.01640908362286424,,,,,,,,,,,,,,,,,,,ohlcv_backfill,minute,0.01656726882446308,0.01691716136525569,0.01640908362286424,0.01640908362286424,5352.140195589998,/home/runner/work/Solana-Memecoin-Analysis/Solana-Memecoin-Analysis/data/cache/2026-09-23/015207390518_ohlcv_a1e54bded5a4.json
2026-09-22T11:05:00+00:00,4iVHkn5WhmGwrKb2fYFNPnTkqhwYTEEezvsju9YEBY76,solana,Meteora,,,,,2026-09-11T20:56:40Z,0.01656726882446308,,,,,,,,,,,,,,,,,,,ohlcv_backfill,minute,0.016844630854747734,0.016935726826075543,0.016509372865354817,0.01656726882446308,954.024883985431,/home/runner/work/Solana-Memecoin-Analysis/Solana-Memecoin-Analysis/data/cache/2026-09-23/015207390518_ohlcv_a1e54bded5a4.json
2026-09-22T11:00:00+00:00,4iVHkn5WhmGwrKb2fYFNPnTkqhwYTEEezvsju9YEBY76,solana,Meteora,,,,,2026-09-11T20:56:40Z,0.016844630854747734,,,,,,,,,,,,,,,,,,,ohlcv_backfill,minute,0.016873243871520883,0.016873243871520883,0.016534963731443458,0.016844630854747734,759.4152706769739,/home/runner/work/Solana-Memecoin-Analysis/Solana-Memecoin-Analysis/data/cache/2026-09-23/015207390518_ohlcv_a1e54bded5a4.json
2026-09-22T10:55:00+00:00,4iVHkn5WhmGwrKb2fYFNPnTkqhwYTEEezvsju9YEBY76,solana,Meteora,,,,,2026-09-11T20:56:40Z,0.016873243871520883,,,,,,,,,,,,,,,,,,,ohlcv_backfill,minute,0.016436436286211713,0.016873243871520883,0.016436436286211713,0.016873243871520883,2423.554243075534,/home/runner/work/Solana-Memecoin-Analysis/Solana-Memecoin-Analysis/data/cache/2026-09-23/015207390518_ohlcv_a1e54bded5a4.json
2026-09-22T10:50:00+00:00,4iVHkn5WhmGwrKb2fYFNPnTkqhwYTEEezvsju9YEBY76,solana,Meteora,,,,,2026-09-11T20:56:40Z,0.016436436286211713,,,,,,,,,,,,,,,,,,,ohlcv_backfill,minute,0.016754052752595706,0.01687210453881818,0.016436379195955284,0.016436436286211713,6133.355353699048,/home/runner/work/Solana-Memecoin-Analysis/Solana-Memecoin-Analysis/data/cache/2026-09-23/015207390518_ohlcv_a1e54bded5a4.json
2026-09-22T10:45:00+00:00,4iVHkn5WhmGwrKb2fYFNPnTkqhwYTEEezvsju9YEBY76,solana,Meteora,,,,,2026-09-11T20:56:40Z,0.016754052752595706,,,,,,,,,,,,,,,,,,,ohlcv_backfill,minute,0.01651633212967314,0.01693717663408506,0.01638482430877936,0.016754052752595706,21930.163144319245,/home/runner/work/Solana-Memecoin-Analysis/Solana-Memecoin-Analysis/data/cache/2026-09-23/015207390518_ohlcv_a1e54bded5a4.json
2026-09-22T10:40:00+00:00,4iVHkn5WhmGwrKb2fYFNPnTkqhwYTEEezvsju9YEBY76,solana,Meteora,,,,,2026-09-11T20:56:40Z,0.01651633212967314,,,,,,,,,,,,,,,,,,,ohlcv_backfill,minute,0.016509980079231417,0.016739365303199312,0.016401813473728058,0.01651633212967314,5009.1839629986935,/home/runner/work/Solana-Memecoin-Analysis/Solana-Memecoin-Analysis/data/cache/2026-09-23/015207390518_ohlcv_a1e54bded5a4.json
2026-09-22T10:35:00+00:00,4iVHkn5WhmGwrKb2fYFNPnTkqhwYTEEezvsju9YEBY76,solana,Meteora,,,,,2026-09-11T20:56:40Z,0.016509980079231417,,,,,,,,,,,,,,,,,,,ohlcv_backfill,minute,0.016625484279965175,0.016625484279965175,0.016479089113462787,0.016509980079231417,2702.483677465372,/home/runner/work/Solana-Memecoin-Analysis/Solana-Memecoin-Analysis/data/cache/2026-09-23/015207390518_ohlcv_a1e54bded5a4.json
2026-09-22T10:30:00+00:00,4iVHkn5WhmGwrKb2fYFNPnTkqhwYTEEezvsju9YEBY76,solana,Meteora,,,,,2026-09-11T20:56:40Z,0.016625484279965175,,,,,,,,,,,,,,,,,,,ohlcv_backfill,minute,0.01690659588315705,0.016996354761928602,0.016567550716659087,0.016625484279965175,424.2536166801805,/home/runner/work/Solana-Memecoin-Analysis/Solana-Memecoin-Analysis/data/cache/2026-09-23/015207390518_ohlcv_a1e54bded5a4.json
2026-09-22T10:25:00+00:00,4iVHkn5WhmGwrKb2fYFNPnTkqhwYTEEezvsju9YEBY76,solana,Meteora,,,,,2026-09-11T20:56:40Z,0.01690659588315705,,,,,,,,,,,,,,,,,,,ohlcv_backfill,minute,0.01667658490744533,0.01690659588315705,0.016651443021723944,0.01690659588315705,4187.218897287149,/home/runner/work/Solana-Memecoin-Analysis/Solana-Memecoin-Analysis/data/cache/2026-09-23/015207390518_ohlcv_a1e54bded5a4.json
2026-09-22T10:20:00+00:00,4iVHkn5WhmGwrKb2fYFNPnTkqhwYTEEezvsju9YEBY76,solana,Meteora,,,,,2026-09-11T20:56:40Z,0.01667658490744533,,,,,,,,,,,,,,,,,,,ohlcv_backfill,minute,0.016554532307014674,0.01667658490744533,0.016300797592745837,0.01667658490744533,5402.985859918422,/home/runner/work/Solana-Memecoin-Analysis/Solana-Memecoin-Analysis/data/cache/2026-09-23/015207390518_ohlcv_a1e54bded5a4.json
2026-09-22T10:15:00+00:00,4iVHkn5WhmGwrKb2fYFNPnTkqhwYTEEezvsju9YEBY76,solana,Meteora,,,,,2026-09-11T20:56:40Z,0.016554532307014674,,,,,,,,,,,,,,,,,,,ohlcv_backfill,minute,0.017063925408183456,0.017071018961744247,0.016554532307014674,0.016554532307014674,3298.7795463943844,/home/runner/work/Solana-Memecoin-Analysis/Solana-Memecoin-Analysis/data/cache/2026-09-23/015207390518_ohlcv_a1e54bded5a4.json
2026-09-22T10:10:00+00:00,4iVHkn5WhmGwrKb2fYFNPnTkqhwYTEEezvsju9YEBY76,solana,Meteora,,,,,2026-09-11T20:56:40Z,0.017063925408183456,,,,,,,,,,,,,,,,,,,ohlcv_backfill,minute,0.017070773261630513,0.017078390244885926,0.01671316802030385,0.017063925408183456,1654.5904919808506,/home/runner/work/Solana-Memecoin-Analysis/Solana-Memecoin-Analysis/data/cache/2026-09-23/015207390518_ohlcv_a1e54bded5a4.json
2026-09-22T10:05:00+00:00,4iVHkn5WhmGwrKb2fYFNPnTkqhwYTEEezvsju9YEBY76,solana,Meteora,,,,,2026-09-11T20:56:40Z,0.017070773261630513,,,,,,,,,,,,,,,,,,,ohlcv_backfill,minute,0.017045388133328607,0.0170874680972277,0.0167346890243398,0.017070773261630513,1668.9269216186478,/home/runner/work/Solana-Memecoin-Analysis/Solana-Memecoin-Analysis/data/cache/2026-09-23/015207390518_ohlcv_a1e54bded5a4.json
2026-09-22T10:00:00+00:00,4iVHkn5WhmGwrKb2fYFNPnTkqhwYTEEezvsju9YEBY76,solana,Meteora,,,,,2026-09-11T20:56:40Z,0.017045388133328607,,,,,,,,,,,,,,,,,,,ohlcv_backfill,minute,0.01677123048498265,0.017045388133328607,0.016667948075630518,0.017045388133328607,2724.7089031243686,/home/runner/work/Solana-Memecoin-Analysis/Solana-Memecoin-Analysis/data/cache/2026-09-23/015207390518_ohlcv_a1e54bded5a4.json
2026-09-22T09:55:00+00:00,4iVHkn5WhmGwrKb2fYFNPnTkqhwYTEEezvsju9YEBY76,solana,Meteora,,,,,2026-09-11T20:56:40Z,0.01677123048498265,,,,,,,,,,,,,,,,,,,ohlcv_backfill,minute,0.017181756677803143,0.017181756677803143,0.016756734651974556,0.01677123048498265,2390.8979283781846,/home/runner/work/Solana-Memecoin-Analysis/Solana-Memecoin-Analysis/data/cache/2026-09-23/015207390518_ohlcv_a1e54bded5a4.json
2026-09-22T09:50:00+00:00,4iVHkn5WhmGwrKb2fYFNPnTkqhwYTEEezvsju9YEBY76,solana,Meteora,,,,,2026-09-11T20:56:40Z,0.017181756677803143,,,,,,,,,,,,,,,,,,,ohlcv_backfill,minute,0.016854878682457705,0.017181756677803143,0.01679798007589149,0.017181756677803143,344.7444300085121,/home/runner/work/Solana-Memecoin-Analysis/Solana-Memecoin-Analysis/data/cache/2026-09-23/015207390518_ohlcv_a1e54bded5a4.json
2026-09-22T09:45:00+00:00,4iVHkn5WhmGwrKb2fYFNPnTkqhwYTEEezvsju9YEBY76,solana,Meteora,,,,,2026-09-11T20:56:40Z,0.016854878682457705,,,,,,,,,,,,,,,,,,,ohlcv_backfill,minute,0.016419402512873382,0.016881833585886276,0.016419402512873382,0.016854878682457705,12912.425452468522,/home/runner/work/Solana-Memecoin-Analysis/Solana-Memecoin-Analysis/data/cache/2026-09-23/015207390518_ohlcv_a1e54bded5a4.json
2026-09-22T09:40:00+00:00,4iVHkn5WhmGwrKb2fYFNPnTkqhwYTEEezvsju9YEBY76,solana,Meteora,,,,,2026-09-11T20:56:40Z,0.016419402512873382,,,,,,,,,,,,,,,,,,,ohlcv_backfill,minute,0.016057735290987602,0.016419402512873382,0.01600579075811962,0.016419402512873382,2919.9916517132224,/home/runner/work/Solana-Memecoin-Analysis/Solana-Memecoin-Analysis/data/cache/2026-09-23/015207390518_ohlcv_a1e54bded5a4.json
2026-09-22T09:35:00+00:00,4iVHkn5WhmGwrKb2fYFNPnTkqhwYTEEezvsju9YEBY76,solana,Meteora,,,,,2026-09-11T20:56:40Z,0.016057735290987602,,,,,,,,,,,,,,,,,,,ohlcv_backfill,minute,0.016486551241297782,0.016506763646904735,0.016057735290987602,0.016057735290987602,3558.6409906510844,/home/runner/work/Solana-Memecoin-Analysis/Solana-Memecoin-Analysis/data/cache/2026-09-23/015207390518_ohlcv_a1e54bded5a4.json
2026-09-22T09:30:00+00:00,4iVHkn5WhmGwrKb2fYFNPnTkqhwYTEEezvsju9YEBY76,solana,Meteora,,,,,2026-09-11T20:56:40Z,0.016486551241297782,,,,,,,,,,,,,,,,,,,ohlcv_backfill,minute,0.01648782469062204,0.016509215384821422,0.01615938405610901,0.016486551241297782,779.5876201863015,/home/runner/work/Solana-Memecoin-Analysis/Solana-Memecoin-Analysis/data/cache/2026-09-23/015207390518_ohlcv_a1e54bded5a4.json
2026-09-22T09:25:00+00:00,4iVHkn5WhmGwrKb2fYFNPnTkqhwYTEEezvsju9YEBY76,solana,Meteora,,,,,2026-09-11T20:56:40Z,0.01648782469062204,,,,,,,,,,,,,,,,,,,ohlcv_backfill,minute,0.016460633899560033,0.01649143914302265,0.01612940034107709,0.01648782469062204,1184.849609406618,/home/runner/work/Solana-Memecoin-Analysis/Solana-Memecoin-Analysis/data/cache/2026-09-23/015207390518_ohlcv_a1e54bded5a4.json
2026-09-22T09:20:00+00:00,4iVHkn5WhmGwrKb2fYFNPnTkqhwYTEEezvsju9YEBY76,solana,Meteora,,,,,2026-09-11T20:56:40Z,0.016460633899560033,,,,,,,,,,,,,,,,,,,ohlcv_backfill,minute,0.016484373977795855,0.016484373977795855,0.016460584810518777,0.016460633899560033,502.88967338474555,/home/runner/work/Solana-Memecoin-Analysis/Solana-Memecoin-Analysis/data/cache/2026-09-23/015207390518_ohlcv_a1e54bded5a4.json
2026-09-22T09:15:00+00:00,4iVHkn5WhmGwrKb2fYFNPnTkqhwYTEEezvsju9YEBY76,solana,Meteora,,,,,2026-09-11T20:56:40Z,0.016484373977795855,,,,,,,,,,,,,,,,,,,ohlcv_backfill,minute,0.016227271472745334,0.016548410970305086,0.01615007750685648,0.016484373977795855,2027.1505370105453,/home/runner/work/Solana-Memecoin-Analysis/Solana-Memecoin-Analysis/data/cache/2026-09-23/015207390518_ohlcv_a1e54bded5a4.json
2026-09-22T09:10:00+00:00,4iVHkn5WhmGwrKb2fYFNPnTkqhwYTEEezvsju9YEBY76,solana,Meteora,,,,,2026-09-11T20:56:40Z,0.016227271472745334,,,,,,,,,,,,,,,,,,,ohlcv_backfill,minute,0.016444292161620366,0.016507254882264594,0.01610091797981402,0.016227271472745334,1100.4834609170412,/home/runner/work/Solana-Memecoin-Analysis/Solana-Memecoin-Analysis/data/cache/2026-09-23/015207390518_ohlcv_a1e54bded5a4.json
2026-09-22T09:05:00+00:00,4iVHkn5WhmGwrKb2fYFNPnTkqhwYTEEezvsju9YEBY76,solana,Meteora,,,,,2026-09-11T20:56:40Z,0.016444292161620366,,,,,,,,,,,,,,,,,,,ohlcv_backfill,minute,0.016444804635663994,0.016458365460378526,0.01642909489898154,0.016444292161620366,696.917207417692,/home/runner/work/Solana-Memecoin-Analysis/Solana-Memecoin-Analysis/data/cache/2026-09-23/015207390518_ohlcv_a1e54bded5a4.json
2026-09-22T09:00:00+00:00,4iVHkn5WhmGwrKb2fYFNPnTkqhwYTEEezvsju9YEBY76,solana,Meteora,,,,,2026-09-11T20:56:40Z,0.016444804635663994,,,,,,,,,,,,,,,,,,,ohlcv_backfill,minute,0.01630395921148856,0.016591645894868317,0.016193990503960816,0.016444804635663994,1950.4704008477424,/home/runner/work/Solana-Memecoin-Analysis/Solana-Memecoin-Analysis/data/cache/2026-09-23/015207390518_ohlcv_a1e54bded5a4.json
2026-09-22T08:55:00+00:00,4iVHkn5WhmGwrKb2fYFNPnTkqhwYTEEezvsju9YEBY76,solana,Meteora,,,,,2026-09-11T20:56:40Z,0.01630395921148856,,,,,,,,,,,,,,,,,,,ohlcv_backfill,minute,0.01638853353271819,0.01638853353271819,0.016302474993641618,0.01630395921148856,453.75816656550234,/home/runner/work/Solana-Memecoin-Analysis/Solana-Memecoin-Analysis/data/cache/2026-09-23/015207390518_ohlcv_a1e54bded5a4.json
2026-09-22T08:50:00+00:00,4iVHkn5WhmGwrKb2fYFNPnTkqhwYTEEezvsju9YEBY76,solana,Meteora,,,,,2026-09-11T20:56:40Z,0.01638853353271819,,,,,,,,,,,,,,,,,,,ohlcv_backfill,minute,0.016389292224634873,0.01673861168081416,0.01638853353271819,0.01638853353271819,493.18750823552966,/home/runner/work/Solana-Memecoin-Analysis/Solana-Memecoin-Analysis/data/cache/2026-09-23/015207390518_ohlcv_a1e54bded5a4.json
2026-09-22T08:45:00+00:00,4iVHkn5WhmGwrKb2fYFNPnTkqhwYTEEezvsju9YEBY76,solana,Meteora,,,,,2026-09-11T20:56:40Z,0.016389292224634873,,,,,,,,,,,,,,,,,,,ohlcv_backfill,minute,0.016644201861942612,0.016663282604210464,0.016340064867101562,0.016389292224634873,583.3014250442397,/home/runner/work/Solana-Memecoin-Analysis/Solana-Memecoin-Analysis/data/cache/2026-09-23/015207390518_ohlcv_a1e54bded5a4.json
2026-09-22T08:40:00+00:00,4iVHkn5WhmGwrKb2fYFNPnTkqhwYTEEezvsju9YEBY76,solana,Meteora,,,,,2026-09-11T20:56:40Z,0.016644201861942612,,,,,,,,,,,,,,,,,,,ohlcv_backfill,minute,0.016342525875057756,0.016664292620669457,0.016285436048223613,0.016644201861942612,1247.3295586363809,/home/runner/work/Solana-Memecoin-Analysis/Solana-Memecoin-Analysis/data/cache/2026-09-23/015207390518_ohlcv_a1e54bded5a4.json
2026-09-22T08:35:00+00:00,4iVHkn5WhmGwrKb2fYFNPnTkqhwYTEEezvsju9YEBY76,solana,Meteora,,,,,2026-09-11T20:56:40Z,0.016342525875057756,,,,,,,,,,,,,,,,,,,ohlcv_backfill,minute,0.016536799857112525,0.016660602808935426,0.016219254859225235,0.016342525875057756,1782.0078108198625,/home/runner/work/Solana-Memecoin-Analysis/Solana-Memecoin-Analysis/data/cache/2026-09-23/015207390518_ohlcv_a1e54bded5a4.json
2026-09-22T08:30:00+00:00,4iVHkn5WhmGwrKb2fYFNPnTkqhwYTEEezvsju9YEBY76,solana,Meteora,,,,,2026-09-11T20:56:40Z,0.016536799857112525,,,,,,,,,,,,,,,,,,,ohlcv_backfill,minute,0.016627951122449372,0.01687964733725149,0.016411286155677773,0.016536799857112525,12605.594261064218,/home/runner/work/Solana-Memecoin-Analysis/Solana-Memecoin-Analysis/data/cache/2026-09-23/015207390518_ohlcv_a1e54bded5a4.json
2026-09-22T08:25:00+00:00,4iVHkn5WhmGwrKb2fYFNPnTkqhwYTEEezvsju9YEBY76,solana,Meteora,,,,,2026-09-11T20:56:40Z,0.016627951122449372,,,,,,,,,,,,,,,,,,,ohlcv_backfill,minute,0.01628288140694371,0.016627951122449372,0.01628288140694371,0.016627951122449372,704.483136807018,/home/runner/work/Solana-Memecoin-Analysis/Solana-Memecoin-Analysis/data/cache/2026-09-23/015207390518_ohlcv_a1e54bded5a4.json
2026-09-22T08:20:00+00:00,4iVHkn5WhmGwrKb2fYFNPnTkqhwYTEEezvsju9YEBY76,solana,Meteora,,,,,2026-09-11T20:56:40Z,0.01628288140694371,,,,,,,,,,,,,,,,,,,ohlcv_backfill,minute,0.016443848721852318,0.0167901690856097,0.016273121597866327,0.01628288140694371,4315.000196954315,/home/runner/work/Solana-Memecoin-Analysis/Solana-Memecoin-Analysis/data/cache/2026-09-23/015207390518_ohlcv_a1e54bded5a4.json
2026-09-22T08:15:00+00:00,4iVHkn5WhmGwrKb2fYFNPnTkqhwYTEEezvsju9YEBY76,solana,Meteora,,,,,2026-09-11T20:56:40Z,0.016443848721852318,,,,,,,,,,,,,,,,,,,ohlcv_backfill,minute,0.016731282656544194,0.0167474282527426,0.016389973356271008,0.016443848721852318,2772.3340307535145,/home/runner/work/Solana-Memecoin-Analysis/Solana-Memecoin-Analysis/data/cache/2026-09-23/015207390518_ohlcv_a1e54bded5a4.json
2026-09-22T08:10:00+00:00,4iVHkn5WhmGwrKb2fYFNPnTkqhwYTEEezvsju9YEBY76,solana,Meteora,,,,,2026-09-11T20:56:40Z,0.016731282656544194,,,,,,,,,,,,,,,,,,,ohlcv_backfill,minute,0.01665612502562007,0.016731282656544194,0.016318969996359275,0.016731282656544194,2024.9612138291632,/home/runner/work/Solana-Memecoin-Analysis/Solana-Memecoin-Analysis/data/cache/2026-09-23/015207390518_ohlcv_a1e54bded5a4.json
2026-09-22T08:05:00+00:00,4iVHkn5WhmGwrKb2fYFNPnTkqhwYTEEezvsju9YEBY76,solana,Meteora,,,,,2026-09-11T20:56:40Z,0.01665612502562007,,,,,,,,,,,,,,,,,,,ohlcv_backfill,minute,0.016436339194230713,0.01665612502562007,0.016127099836651546,0.01665612502562007,6604.049573824514,/home/runner/work/Solana-Memecoin-Analysis/Solana-Memecoin-Analysis/data/cache/2026-09-23/015207390518_ohlcv_a1e54bded5a4.json
2026-09-22T08:00:00+00:00,4iVHkn5WhmGwrKb2fYFNPnTkqhwYTEEezvsju9YEBY76,solana,Meteora,,,,,2026-09-11T20:56:40Z,0.016436339194230713,,,,,,,,,,,,,,,,,,,ohlcv_backfill,minute,0.016195701283488698,0.016460210362442072,0.016040527296904323,0.016436339194230713,837.673952429563,/home/runner/work/Solana-Memecoin-Analysis/Solana-Memecoin-Analysis/data/cache/2026-09-23/015207390518_ohlcv_a1e54bded5a4.json
2026-09-22T07:55:00+00:00,4iVHkn5WhmGwrKb2fYFNPnTkqhwYTEEezvsju9YEBY76,solana,Meteora,,,,,2026-09-11T20:56:40Z,0.016195701283488698,,,,,,,,,,,,,,,,,,,ohlcv_backfill,minute,0.016282983060919708,0.01661703949107669,0.016195701283488698,0.016195701283488698,6726.837572559599,/home/runner/work/Solana-Memecoin-Analysis/Solana-Memecoin-Analysis/data/cache/2026-09-23/015207390518_ohlcv_a1e54bded5a4.json
2026-09-22T07:50:00+00:00,4iVHkn5WhmGwrKb2fYFNPnTkqhwYTEEezvsju9YEBY76,solana,Meteora,,,,,2026-09-11T20:56:40Z,0.016282983060919708,,,,,,,,,,,,,,,,,,,ohlcv_backfill,minute,0.016316776299256205,0.016703287758767834,0.016282983060919708,0.016282983060919708,2543.727676401082,/home/runner/work/Solana-Memecoin-Analysis/Solana-Memecoin-Analysis/data/cache/2026-09-23/015207390518_ohlcv_a1e54bded5a4.json
2026-09-22T07:45:00+00:00,4iVHkn5WhmGwrKb2fYFNPnTkqhwYTEEezvsju9YEBY76,solana,Meteora,,,,,2026-09-11T20:56:40Z,0.016316776299256205,,,,,,,,,,,,,,,,,,,ohlcv_backfill,minute,0.01634434985681072,0.01668715360583602,0.016316776299256205,0.016316776299256205,1886.4942128373173,/home/runner/work/Solana-Memecoin-Analysis/Solana-Memecoin-Analysis/data/cache/2026-09-23/015207390518_ohlcv_a1e54bded5a4.json
2026-09-22T07:40:00+00:00,4iVHkn5WhmGwrKb2fYFNPnTkqhwYTEEezvsju9YEBY76,solana,Meteora,,,,,2026-09-11T20:56:40Z,0.01634434985681072,,,,,,,,,,,,,,,,,,,ohlcv_backfill,minute,0.016255475544512447,0.016659574486051133,0.016255475544512447,0.01634434985681072,3275.0661275310867,/home/runner/work/Solana-Memecoin-Analysis/Solana-Memecoin-Analysis/data/cache/2026-09-23/015207390518_ohlcv_a1e54bded5a4.json
2026-09-22T07:35:00+00:00,4iVHkn5WhmGwrKb2fYFNPnTkqhwYTEEezvsju9YEBY76,solana,Meteora,,,,,2026-09-11T20:56:40Z,0.016255475544512447,,,,,,,,,,,,,,,,,,,ohlcv_backfill,minute,0.016338770767411224,0.01647782952844592,0.016255475544512447,0.016255475544512447,3939.8529416871097,/home/runner/work/Solana-Memecoin-Analysis/Solana-Memecoin-Analysis/data/cache/2026-09-23/015207390518_ohlcv_a1e54bded5a4.json
2026-09-22T07:30:00+00:00,4iVHkn5WhmGwrKb2fYFNPnTkqhwYTEEezvsju9YEBY76,solana,Meteora,,,,,2026-09-11T20:56:40Z,0.016338770767411224,,,,,,,,,,,,,,,,,,,ohlcv_backfill,minute,0.01628625595889384,0.016688703742282367,0.016181661091117586,0.016338770767411224,12512.516781005086,/home/runner/work/Solana-Memecoin-Analysis/Solana-Memecoin-Analysis/data/cache/2026-09-23/015207390518_ohlcv_a1e54bded5a4.json
2026-09-22T07:25:00+00:00,4iVHkn5WhmGwrKb2fYFNPnTkqhwYTEEezvsju9YEBY76,solana,Meteora,,,,,2026-09-11T20:56:40Z,0.01628625595889384,,,,,,,,,,,,,,,,,,,ohlcv_backfill,minute,0.016347906623674986,0.016347906623674986,0.01628625595889384,0.01628625595889384,1264.7502574396428,/home/runner/work/Solana-Memecoin-Analysis/Solana-Memecoin-Analysis/data/cache/2026-09-23/015207390518_ohlcv_a1e54bded5a4.json
2026-09-22T07:20:00+00:00,4iVHkn5WhmGwrKb2fYFNPnTkqhwYTEEezvsju9YEBY76,solana,Meteora,,,,,2026-09-11T20:56:40Z,0.016347906623674986,,,,,,,,,,,,,,,,,,,ohlcv_backfill,minute,0.016510903789013532,0.016510903789013532,0.016045631428521216,0.016347906623674986,12311.837957549596,/home/runner/work/Solana-Memecoin-Analysis/Solana-Memecoin-Analysis/data/cache/2026-09-23/015207390518_ohlcv_a1e54bded5a4.json
2026-09-22T07:15:00+00:00,4iVHkn5WhmGwrKb2fYFNPnTkqhwYTEEezvsju9YEBY76,solana,Meteora,,,,,2026-09-11T20:56:40Z,0.016510903789013532,,,,,,,,,,,,,,,,,,,ohlcv_backfill,minute,0.01652190553325156,0.01652190553325156,0.016501451528659623,0.016510903789013532,550.6762490099059,/home/runner/work/Solana-Memecoin-Analysis/Solana-Memecoin-Analysis/data/cache/2026-09-23/015207390518_ohlcv_a1e54bded5a4.json
2026-09-22T07:10:00+00:00,4iVHkn5WhmGwrKb2fYFNPnTkqhwYTEEezvsju9YEBY76,solana,Meteora,,,,,2026-09-11T20:56:40Z,0.01652190553325156,,,,,,,,,,,,,,,,,,,ohlcv_backfill,minute,0.01658037930836549,0.01658037930836549,0.016195216257042698,0.01652190553325156,2616.8638168060975,/home/runner/work/Solana-Memecoin-Analysis/Solana-Memecoin-Analysis/data/cache/2026-09-23/015207390518_ohlcv_a1e54bded5a4.json
2026-09-22T07:05:00+00:00,4iVHkn5WhmGwrKb2fYFNPnTkqhwYTEEezvsju9YEBY76,solana,Meteora,,,,,2026-09-11T20:56:40Z,0.01658037930836549,,,,,,,,,,,,,,,,,,,ohlcv_backfill,minute,0.016568792666419047,0.01658037930836549,0.016194840780237234,0.01658037930836549,5366.8810563875995,/home/runner/work/Solana-Memecoin-Analysis/Solana-Memecoin-Analysis/data/cache/2026-09-23/015207390518_ohlcv_a1e54bded5a4.json
2026-09-22T07:00:00+00:00,4iVHkn5WhmGwrKb2fYFNPnTkqhwYTEEezvsju9YEBY76,solana,Meteora,,,,,2026-09-11T20:56:40Z,0.016568792666419047,,,,,,,,,,,,,,,,,,,ohlcv_backfill,minute,0.016485556859325838,0.016568792666419047,0.016237545918957805,0.016568792666419047,1615.984666526705,/home/runner/work/Solana-Memecoin-Analysis/Solana-Memecoin-Analysis/data/cache/2026-09-23/015207390518_ohlcv_a1e54bded5a4.json
2026-09-22T06:55:00+00:00,4iVHkn5WhmGwrKb2fYFNPnTkqhwYTEEezvsju9YEBY76,solana,Meteora,,,,,2026-09-11T20:56:40Z,0.016485556859325838,,,,,,,,,,,,,,,,,,,ohlcv_backfill,minute,0.016104321129610858,0.016485556859325838,0.015960320093048593,0.016485556859325838,7678.908520194147,/home/runner/work/Solana-Memecoin-Analysis/Solana-Memecoin-Analysis/data/cache/2026-09-23/015207390518_ohlcv_a1e54bded5a4.json
2026-09-22T06:50:00+00:00,4iVHkn5WhmGwrKb2fYFNPnTkqhwYTEEezvsju9YEBY76,solana,Meteora,,,,,2026-09-11T20:56:40Z,0.016104321129610858,,,,,,,,,,,,,,,,,,,ohlcv_backfill,minute,0.01600866065036395,0.016436091662367758,0.01600866065036395,0.016104321129610858,2987.01363509053,/home/runner/work/Solana-Memecoin-Analysis/Solana-Memecoin-Analysis/data/cache/2026-09-23/015207390518_ohlcv_a1e54bded5a4.json
2026-09-22T06:45:00+00:00,4iVHkn5WhmGwrKb2fYFNPnTkqhwYTEEezvsju9YEBY76,solana,Meteora,,,,,2026-09-11T20:56:40Z,0.01600866065036395,,,,,,,,,,,,,,,,,,,ohlcv_backfill,minute,0.01616710868755095,0.016329579658632225,0.015856937148060087,0.01600866065036395,3951.3924817885877,/home/runner/work/Solana-Memecoin-Analysis/Solana-Memecoin-Analysis/data/cache/2026-09-23/015207390518_ohlcv_a1e54bded5a4.json
2026-09-22T06:40:00+00:00,4iVHkn5WhmGwrKb2fYFNPnTkqhwYTEEezvsju9YEBY76,solana,Meteora,,,,,2026-09-11T20:56:40Z,0.01616710868755095,,,,,,,,,,,,,,,,,,,ohlcv_backfill,minute,0.016276831821771105,0.016276831821771105,0.015918106377254423,0.01616710868755095,2853.931421097651,/home/runner/work/Solana-Memecoin-Analysis/Solana-Memecoin-Analysis/data/cache/2026-09-23/015207390518_ohlcv_a1e54bded5a4.json
2026-09-22T06:35:00+00:00,4iVHkn5WhmGwrKb2fYFNPnTkqhwYTEEezvsju9YEBY76,solana,Meteora,,,,,2026-09-11T20:56:40Z,0.016276831821771105,,,,,,,,,,,,,,,,,,,ohlcv_backfill,minute,0.01628066364509016,0.01628066364509016,0.016270755185576215,0.016276831821771105,492.3198565706695,/home/runner/work/Solana-Memecoin-Analysis/Solana-Memecoin-Analysis/data/cache/2026-09-23/015207390518_ohlcv_a1e54bded5a4.json
2026-09-22T06:30:00+00:00,4iVHkn5WhmGwrKb2fYFNPnTkqhwYTEEezvsju9YEBY76,solana,Meteora,,,,,2026-09-11T20:56:40Z,0.01628066364509016,,,,,,,,,,,,,,,,,,,ohlcv_backfill,minute,0.015835647605413325,0.01628066364509016,0.015835647605413325,0.01628066364509016,2984.5391814285663,/home/runner/work/Solana-Memecoin-Analysis/Solana-Memecoin-Analysis/data/cache/2026-09-23/015207390518_ohlcv_a1e54bded5a4.json
2026-09-22T06:25:00+00:00,4iVHkn5WhmGwrKb2fYFNPnTkqhwYTEEezvsju9YEBY76,solana,Meteora,,,,,2026-09-11T20:56:40Z,0.015835647605413325,,,,,,,,,,,,,,,,,,,ohlcv_backfill,minute,0.016031575735200882,0.016157722561445705,0.015835259015168746,0.015835647605413325,2126.2916306710995,/home/runner/work/Solana-Memecoin-Analysis/Solana-Memecoin-Analysis/data/cache/2026-09-23/015207390518_ohlcv_a1e54bded5a4.json
2026-09-22T06:20:00+00:00,4iVHkn5WhmGwrKb2fYFNPnTkqhwYTEEezvsju9YEBY76,solana,Meteora,,,,,2026-09-11T20:56:40Z,0.016031575735200882,,,,,,,,,,,,,,,,,,,ohlcv_backfill,minute,0.015906422832342327,0.016031575735200882,0.015597293254543877,0.016031575735200882,6263.988188942227,/home/runner/work/Solana-Memecoin-Analysis/Solana-Memecoin-Analysis/data/cache/2026-09-23/015207390518_ohlcv_a1e54bded5a4.json
2026-09-22T06:15:00+00:00,4iVHkn5WhmGwrKb2fYFNPnTkqhwYTEEezvsju9YEBY76,solana,Meteora,,,,,2026-09-11T20:56:40Z,0.015906422832342327,,,,,,,,,,,,,,,,,,,ohlcv_backfill,minute,0.015913567724923566,0.015936668019765655,0.015594905435797557,0.015906422832342327,896.1929519730163,/home/runner/work/Solana-Memecoin-Analysis/Solana-Memecoin-Analysis/data/cache/2026-09-23/015207390518_ohlcv_a1e54bded5a4.json
2026-09-22T06:10:00+00:00,4iVHkn5WhmGwrKb2fYFNPnTkqhwYTEEezvsju9YEBY76,solana,Meteora,,,,,2026-09-11T20:56:40Z,0.015913567724923566,,,,,,,,,,,,,,,,,,,ohlcv_backfill,minute,0.01616693719447294,0.01616693719447294,0.015627794315694114,0.015913567724923566,14441.660229215155,/home/runner/work/Solana-Memecoin-Analysis/Solana-Memecoin-Analysis/data/cache/2026-09-23/015207390518_ohlcv_a1e54bded5a4.json
2026-09-22T06:05:00+00:00,4iVHkn5WhmGwrKb2fYFNPnTkqhwYTEEezvsju9YEBY76,solana,Meteora,,,,,2026-09-11T20:56:40Z,0.01616693719447294,,,,,,,,,,,,,,,,,,,ohlcv_backfill,minute,0.01587042523095492,0.016188393124353113,0.015861111158296737,0.01616693719447294,1036.1594182724566,/home/runner/work/Solana-Memecoin-Analysis/Solana-Memecoin-Analysis/data/cache/2026-09-23/015207390518_ohlcv_a1e54bded5a4.json
2026-09-22T06:00:00+00:00,4iVHkn5WhmGwrKb2fYFNPnTkqhwYTEEezvsju9YEBY76,solana,Meteora,,,,,2026-09-11T20:56:40Z,0.01587042523095492,,,,,,,,,,,,,,,,,,,ohlcv_backfill,minute,0.015979823842708824,0.016210915120811794,0.015720897090291397,0.01587042523095492,4899.295559622286,/home/runner/work/Solana-Memecoin-Analysis/Solana-Memecoin-Analysis/data/cache/2026-09-23/015207390518_ohlcv_a1e54bded5a4.json
2026-09-22T05:55:00+00:00,4iVHkn5WhmGwrKb2fYFNPnTkqhwYTEEezvsju9YEBY76,solana,Meteora,,,,,2026-09-11T20:56:40Z,0.015979823842708824,,,,,,,,,,,,,,,,,,,ohlcv_backfill,minute,0.016006766795983247,0.016006766795983247,0.015666189701416287,0.015979823842708824,4483.739664585303,/home/runner/work/Solana-Memecoin-Analysis/Solana-Memecoin-Analysis/data/cache/2026-09-23/015207390518_ohlcv_a1e54bded5a4.json
2026-09-22T05:50:00+00:00,4iVHkn5WhmGwrKb2fYFNPnTkqhwYTEEezvsju9YEBY76,solana,Meteora,,,,,2026-09-11T20:56:40Z,0.016006766795983247,,,,,,,,,,,,,,,,,,,ohlcv_backfill,minute,0.015831816480317625,0.016006766795983247,0.015663332835039866,0.016006766795983247,3693.6169649307885,/home/runner/work/Solana-Memecoin-Analysis/Solana-Memecoin-Analysis/data/cache/2026-09-23/015207390518_ohlcv_a1e54bded5a4.json
2026-09-22T05:45:00+00:00,4iVHkn5WhmGwrKb2fYFNPnTkqhwYTEEezvsju9YEBY76,solana,Meteora,,,,,2026-09-11T20:56:40Z,0.015831816480317625,,,,,,,,,,,,,,,,,,,ohlcv_backfill,minute,0.01608179137051973,0.016315276143734816,0.01573695253432602,0.015831816480317625,15007.298489049423,/home/runner/work/Solana-Memecoin-Analysis/Solana-Memecoin-Analysis/data/cache/2026-09-23/015207390518_ohlcv_a1e54bded5a4.json
2026-09-22T05:40:00+00:00,4iVHkn5WhmGwrKb2fYFNPnTkqhwYTEEezvsju9YEBY76,solana,Meteora,,,,,2026-09-11T20:56:40Z,0.01608179137051973,,,,,,,,,,,,,,,,,,,ohlcv_backfill,minute,0.01610271078427119,0.016291524587380615,0.015592264565724722,0.01608179137051973,13567.884544890683,/home/runner/work/Solana-Memecoin-Analysis/Solana-Memecoin-Analysis/data/cache/2026-09-23/015207390518_ohlcv_a1e54bded5a4.json
2026-09-22T05:35:00+00:00,4iVHkn5WhmGwrKb2fYFNPnTkqhwYTEEezvsju9YEBY76,solana,Meteora,,,,,2026-09-11T20:56:40Z,0.01610271078427119,,,,,,,,,,,,,,,,,,,ohlcv_backfill,minute,0.015651285053899393,0.016107854752278928,0.015648993588346045,0.01610271078427119,4112.037148156799,/home/runner/work/Solana-Memecoin-Analysis/Solana-Memecoin-Analysis/data/cache/2026-09-23/015207390518_ohlcv_a1e54bded5a4.json
2026-09-22T05:30:00+00:00,4iVHkn5WhmGwrKb2fYFNPnTkqhwYTEEezvsju9YEBY76,solana,Meteora,,,,,2026-09-11T20:56:40Z,0.015651285053899393,,,,,,,,,,,,,,,,,,,ohlcv_backfill,minute,0.01583097935918846,0.016041779672235343,0.015557609071695183,0.015651285053899393,9184.51027340449,/home/runner/work/Solana-Memecoin-Analysis/Solana-Memecoin-Analysis/data/cache/2026-09-23/015207390518_ohlcv_a1e54bded5a4.json
2026-09-22T05:25:00+00:00,4iVHkn5WhmGwrKb2fYFNPnTkqhwYTEEezvsju9YEBY76,solana,Meteora,,,,,2026-09-11T20:56:40Z,0.01583097935918846,,,,,,,,,,,,,,,,,,,ohlcv_backfill,minute,0.015537621465016763,0.015903328515181652,0.015503098903603608,0.01583097935918846,5296.922618732392,/home/runner/work/Solana-Memecoin-Analysis/Solana-Memecoin-Analysis/data/cache/2026-09-23/015207390518_ohlcv_a1e54bded5a4.json
2026-09-22T05:20:00+00:00,4iVHkn5WhmGwrKb2fYFNPnTkqhwYTEEezvsju9YEBY76,solana,Meteora,,,,,2026-09-11T20:56:40Z,0.015537621465016763,,,,,,,,,,,,,,,,,,,ohlcv_backfill,minute,0.01582308411042832,0.015853487922264042,0.015537621465016763,0.015537621465016763,1147.3812234147867,/home/runner/work/Solana-Memecoin-Analysis/Solana-Memecoin-Analysis/data/cache/2026-09-23/015207390518_ohlcv_a1e54bded5a4.json
2026-09-22T05:15:00+00:00,4iVHkn5WhmGwrKb2fYFNPnTkqhwYTEEezvsju9YEBY76,solana,Meteora,,,,,2026-09-11T20:56:40Z,0.01582308411042832,,,,,,,,,,,,,,,,,,,ohlcv_backfill,minute,0.016145264876634497,0.016182447924872015,0.01563925640694837,0.01582308411042832,7421.525779123955,/home/runner/work/Solana-Memecoin-Analysis/Solana-Memecoin-Analysis/data/cache/2026-09-23/015207390518_ohlcv_a1e54bded5a4.json
2026-09-22T05:10:00+00:00,4iVHkn5WhmGwrKb2fYFNPnTkqhwYTEEezvsju9YEBY76,solana,Meteora,,,,,2026-09-11T20:56:40Z,0.016145264876634497,,,,,,,,,,,,,,,,,,,ohlcv_backfill,minute,0.016731878673092823,0.016731878673092823,0.01604093475232751,0.016145264876634497,13800.480747035866,/home/runner/work/Solana-Memecoin-Analysis/Solana-Memecoin-Analysis/data/cache/2026-09-23/015207390518_ohlcv_a1e54bded5a4.json
2026-09-22T05:05:00+00:00,4iVHkn5WhmGwrKb2fYFNPnTkqhwYTEEezvsju9YEBY76,solana,Meteora,,,,,2026-09-11T20:56:40Z,0.016731878673092823,,,,,,,,,,,,,,,,,,,ohlcv_backfill,minute,0.01671634692711834,0.016731878673092823,0.01670908278739366,0.016731878673092823,653.4033483827156,/home/runner/work/Solana-Memecoin-Analysis/Solana-Memecoin-Analysis/data/cache/2026-09-23/015207390518_ohlcv_a1e54bded5a4.json
2026-09-22T05:00:00+00:00,4iVHkn5WhmGwrKb2fYFNPnTkqhwYTEEezvsju9YEBY76,solana,Meteora,,,,,2026-09-11T20:56:40Z,0.01671634692711834,,,,,,,,,,,,,,,,,,,ohlcv_backfill,minute,0.016546950681238105,0.01671634692711834,0.01628763342564084,0.01671634692711834,1904.8251225465401,/home/runner/work/Solana-Memecoin-Analysis/Solana-Memecoin-Analysis/data/cache/2026-09-23/015207390518_ohlcv_a1e54bded5a4.json
2026-09-22T04:55:00+00:00,4iVHkn5WhmGwrKb2fYFNPnTkqhwYTEEezvsju9YEBY76,solana,Meteora,,,,,2026-09-11T20:56:40Z,0.016546950681238105,,,,,,,,,,,,,,,,,,,ohlcv_backfill,minute,0.016251521058504068,0.016568794394600517,0.01621484803547747,0.016546950681238105,3828.18819632928,/home/runner/work/Solana-Memecoin-Analysis/Solana-Memecoin-Analysis/data/cache/2026-09-23/015207390518_ohlcv_a1e54bded5a4.json
2026-09-22T04:50:00+00:00,4iVHkn5WhmGwrKb2fYFNPnTkqhwYTEEezvsju9YEBY76,solana,Meteora,,,,,2026-09-11T20:56:40Z,0.016251521058504068,,,,,,,,,,,,,,,,,,,ohlcv_backfill,minute,0.016217758434917184,0.01664239304186722,0.016197978726395994,0.016251521058504068,2291.8986762688514,/home/runner/work/Solana-Memecoin-Analysis/Solana-Memecoin-Analysis/data/cache/2026-09-23/015207390518_ohlcv_a1e54bded5a4.json
2026-09-22T04:45:00+00:00,4iVHkn5WhmGwrKb2fYFNPnTkqhwYTEEezvsju9YEBY76,solana,Meteora,,,,,2026-09-11T20:56:40Z,0.016217758434917184,,,,,,,,,,,,,,,,,,,ohlcv_backfill,minute,0.016495839962193004,0.016592139970090406,0.016217758434917184,0.016217758434917184,4119.079509130022,/home/runner/work/Solana-Memecoin-Analysis/Solana-Memecoin-Analysis/data/cache/2026-09-23/015207390518_ohlcv_a1e54bded5a4.json
2026-09-22T04:40:00+00:00,4iVHkn5WhmGwrKb2fYFNPnTkqhwYTEEezvsju9YEBY76,solana,Meteora,,,,,2026-09-11T20:56:40Z,0.016495839962193004,,,,,,,,,,,,,,,,,,,ohlcv_backfill,minute,0.016177927345322578,0.016510890941381796,0.016135302404189488,0.016495839962193004,1595.0422228007392,/home/runner/work/Solana-Memecoin-Analysis/Solana-Memecoin-Analysis/data/cache/2026-09-23/015207390518_ohlcv_a1e54bded5a4.json
2026-09-22T04:35:00+00:00,4iVHkn5WhmGwrKb2fYFNPnTkqhwYTEEezvsju9YEBY76,solana,Meteora,,,,,2026-09-11T20:56:40Z,0.016177927345322578,,,,,,,,,,,,,,,,,,,ohlcv_backfill,minute,0.01639364083105378,0.016510487008791097,0.016146291215865173,0.016177927345322578,3969.2192882234444,/home/runner/work/Solana-Memecoin-Analysis/Solana-Memecoin-Analysis/data/cache/2026-09-23/015207390518_ohlcv_a1e54bded5a4.json
2026-09-22T04:30:00+00:00,4iVHkn5WhmGwrKb2fYFNPnTkqhwYTEEezvsju9YEBY76,solana,Meteora,,,,,2026-09-11T20:56:40Z,0.01639364083105378,,,,,,,,,,,,,,,,,,,ohlcv_backfill,minute,0.01637202356179381,0.016590712849304363,0.016026030945291307,0.01639364083105378,11282.907140373798,/home/runner/work/Solana-Memecoin-Analysis/Solana-Memecoin-Analysis/data/cache/2026-09-23/015207390518_ohlcv_a1e54bded5a4.json
2026-09-22T04:25:00+00:00,4iVHkn5WhmGwrKb2fYFNPnTkqhwYTEEezvsju9YEBY76,solana,Meteora,,,,,2026-09-11T20:56:40Z,0.01637202356179381,,,,,,,,,,,,,,,,,,,ohlcv_backfill,minute,0.01581223154606004,0.016438981160400937,0.01581223154606004,0.01637202356179381,7480.49348150379,/home/runner/work/Solana-Memecoin-Analysis/Solana-Memecoin-Analysis/data/cache/2026-09-23/015207390518_ohlcv_a1e54bded5a4.json
2026-09-22T04:20:00+00:00,4iVHkn5WhmGwrKb2fYFNPnTkqhwYTEEezvsju9YEBY76,solana,Meteora,,,,,2026-09-11T20:56:40Z,0.01581223154606004,,,,,,,,,,,,,,,,,,,ohlcv_backfill,minute,0.016207658627562963,0.016468460057703794,0.01581223154606004,0.01581223154606004,12858.01869012932,/home/runner/work/Solana-Memecoin-Analysis/Solana-Memecoin-Analysis/data/cache/2026-09-23/015207390518_ohlcv_a1e54bded5a4.json
2026-09-22T04:15:00+00:00,4iVHkn5WhmGwrKb2fYFNPnTkqhwYTEEezvsju9YEBY76,solana,Meteora,,,,,2026-09-11T20:56:40Z,0.016207658627562963,,,,,,,,,,,,,,,,,,,ohlcv_backfill,minute,0.016201849715513666,0.016315693569825693,0.01590316564243034,0.016207658627562963,15988.395256432794,/home/runner/work/Solana-Memecoin-Analysis/Solana-Memecoin-Analysis/data/cache/2026-09-23/015207390518_ohlcv_a1e54bded5a4.json
2026-09-22T04:10:00+00:00,4iVHkn5WhmGwrKb2fYFNPnTkqhwYTEEezvsju9YEBY76,solana,Meteora,,,,,2026-09-11T20:56:40Z,0.016201849715513666,,,,,,,,,,,,,,,,,,,ohlcv_backfill,minute,0.015554286234564034,0.016544240140978543,0.015554286234564034,0.016201849715513666,14487.151818363018,/home/runner/work/Solana-Memecoin-Analysis/Solana-Memecoin-Analysis/data/cache/2026-09-23/015207390518_ohlcv_a1e54bded5a4.json
2026-09-22T04:05:00+00:00,4iVHkn5WhmGwrKb2fYFNPnTkqhwYTEEezvsju9YEBY76,solana,Meteora,,,,,2026-09-11T20:56:40Z,0.015554286234564034,,,,,,,,,,,,,,,,,,,ohlcv_backfill,minute,0.015431487192133336,0.015969823023993083,0.0153959359626761,0.015554286234564034,6096.824979373203,/home/runner/work/Solana-Memecoin-Analysis/Solana-Memecoin-Analysis/data/cache/2026-09-23/015207390518_ohlcv_a1e54bded5a4.json
2026-09-22T04:00:00+00:00,4iVHkn5WhmGwrKb2fYFNPnTkqhwYTEEezvsju9YEBY76,solana,Meteora,,,,,2026-09-11T20:56:40Z,0.015431487192133336,,,,,,,,,,,,,,,,,,,ohlcv_backfill,minute,0.015498145749466005,0.015913161789298698,0.01530255845288853,0.015431487192133336,22573.701496957485,/home/runner/work/Solana-Memecoin-Analysis/Solana-Memecoin-Analysis/data/cache/2026-09-23/015207390518_ohlcv_a1e54bded5a4.json
2026-09-22T03:55:00+00:00,4iVHkn5WhmGwrKb2fYFNPnTkqhwYTEEezvsju9YEBY76,solana,Meteora,,,,,2026-09-11T20:56:40Z,0.015498145749466005,,,,,,,,,,,,,,,,,,,ohlcv_backfill,minute,0.015708988368684892,0.015708988368684892,0.015267081990444692,0.015498145749466005,7367.046182445384,/home/runner/work/Solana-Memecoin-Analysis/Solana-Memecoin-Analysis/data/cache/2026-09-23/015207390518_ohlcv_a1e54bded5a4.json
2026-09-22T03:50:00+00:00,4iVHkn5WhmGwrKb2fYFNPnTkqhwYTEEezvsju9YEBY76,solana,Meteora,,,,,2026-09-11T20:56:40Z,0.015708988368684892,,,,,,,,,,,,,,,,,,,ohlcv_backfill,minute,0.01531824385303619,0.015709103681854304,0.01531153004024554,0.015708988368684892,7154.35734241247,/home/runner/work/Solana-Memecoin-Analysis/Solana-Memecoin-Analysis/data/cache/2026-09-23/015207390518_ohlcv_a1e54bded5a4.json
2026-09-22T03:45:00+00:00,4iVHkn5WhmGwrKb2fYFNPnTkqhwYTEEezvsju9YEBY76,solana,Meteora,,,,,2026-09-11T20:56:40Z,0.01531824385303619,,,,,,,,,,,,,,,,,,,ohlcv_backfill,minute,0.015539130081063654,0.015957343957544196,0.015312152985189198,0.01531824385303619,18021.23340890005,/home/runner/work/Solana-Memecoin-Analysis/Solana-Memecoin-Analysis/data/cache/2026-09-23/015207390518_ohlcv_a1e54bded5a4.json
2026-09-22T03:40:00+00:00,4iVHkn5WhmGwrKb2fYFNPnTkqhwYTEEezvsju9YEBY76,solana,Meteora,,,,,2026-09-11T20:56:40Z,0.015539130081063654,,,,,,,,,,,,,,,,,,,ohlcv_backfill,minute,0.015466228104912839,0.01585041489600183,0.01536745991104804,0.015539130081063654,9554.11646647067,/home/runner/work/Solana-Memecoin-Analysis/Solana-Memecoin-Analysis/data/cache/2026-09-23/015207390518_ohlcv_a1e54bded5a4.json
2026-09-22T03:35:00+00:00,4iVHkn5WhmGwrKb2fYFNPnTkqhwYTEEezvsju9YEBY76,solana,Meteora,,,,,2026-09-11T20:56:40Z,0.015466228104912839,,,,,,,,,,,,,,,,,,,ohlcv_backfill,minute,0.015723822541636987,0.015781282291822043,0.015400349526275,0.015466228104912839,1558.913957545649,/home/runner/work/Solana-Memecoin-Analysis/Solana-Memecoin-Analysis/data/cache/2026-09-23/015207390518_ohlcv_a1e54bded5a4.json
2026-09-22T03:30:00+00:00,4iVHkn5WhmGwrKb2fYFNPnTkqhwYTEEezvsju9YEBY76,solana,Meteora,,,,,2026-09-11T20:56:40Z,0.015723822541636987,,,,,,,,,,,,,,,,,,,ohlcv_backfill,minute,0.01580687936976562,0.01582770566145402,0.015400387070924103,0.015723822541636987,5758.579628180226,/home/runner/work/Solana-Memecoin-Analysis/Solana-Memecoin-Analysis/data/cache/2026-09-23/015207390518_ohlcv_a1e54bded5a4.json
2026-09-22T03:25:00+00:00,4iVHkn5WhmGwrKb2fYFNPnTkqhwYTEEezvsju9YEBY76,solana,Meteora,,,,,2026-09-11T20:56:40Z,0.01580687936976562,,,,,,,,,,,,,,,,,,,ohlcv_backfill,minute,0.015434848124034268,0.015806893389940863,0.015434848124034268,0.01580687936976562,750.7424702961656,/home/runner/work/Solana-Memecoin-Analysis/Solana-Memecoin-Analysis/data/cache/2026-09-23/015207390518_ohlcv_a1e54bded5a4.json
2026-09-22T03:20:00+00:00,4iVHkn5WhmGwrKb2fYFNPnTkqhwYTEEezvsju9YEBY76,solana,Meteora,,,,,2026-09-11T20:56:40Z,0.015434848124034268,,,,,,,,,,,,,,,,,,,ohlcv_backfill,minute,0.01570577298482111,0.01577335170482909,0.015434848124034268,0.015434848124034268,2468.5984411812733,/home/runner/work/Solana-Memecoin-Analysis/Solana-Memecoin-Analysis/data/cache/2026-09-23/015207390518_ohlcv_a1e54bded5a4.json
2026-09-22T03:15:00+00:00,4iVHkn5WhmGwrKb2fYFNPnTkqhwYTEEezvsju9YEBY76,solana,Meteora,,,,,2026-09-11T20:56:40Z,0.01570577298482111,,,,,,,,,,,,,,,,,,,ohlcv_backfill,minute,0.015782782247147804,0.015782782247147804,0.015370393625914235,0.01570577298482111,1995.1614061195744,/home/runner/work/Solana-Memecoin-Analysis/Solana-Memecoin-Analysis/data/cache/2026-09-23/015207390518_ohlcv_a1e54bded5a4.json
2026-09-22T03:10:00+00:00,4iVHkn5WhmGwrKb2fYFNPnTkqhwYTEEezvsju9YEBY76,solana,Meteora,,,,,2026-09-11T20:56:40Z,0.015782782247147804,,,,,,,,,,,,,,,,,,,ohlcv_backfill,minute,0.015527643736681739,0.015782782247147804,0.015363861716637025,0.015782782247147804,4964.146875758012,/home/runner/work/Solana-Memecoin-Analysis/Solana-Memecoin-Analysis/data/cache/2026-09-23/015207390518_ohlcv_a1e54bded5a4.json
2026-09-22T03:05:00+00:00,4iVHkn5WhmGwrKb2fYFNPnTkqhwYTEEezvsju9YEBY76,solana,Meteora,,,,,2026-09-11T20:56:40Z,0.015527643736681739,,,,,,,,,,,,,,,,,,,ohlcv_backfill,minute,0.015318938436963435,0.015625684707667755,0.015221131525822065,0.015527643736681739,2566.027410175697,/home/runner/work/Solana-Memecoin-Analysis/Solana-Memecoin-Analysis/data/cache/2026-09-23/015207390518_ohlcv_a1e54bded5a4.json
2026-09-22T03:00:00+00:00,4iVHkn5WhmGwrKb2fYFNPnTkqhwYTEEezvsju9YEBY76,solana,Meteora,,,,,2026-09-11T20:56:40Z,0.015318938436963435,,,,,,,,,,,,,,,,,,,ohlcv_backfill,minute,0.015504889200064636,0.015771079923684275,0.015295294954014533,0.015318938436963435,3938.107524461993,/home/runner/work/Solana-Memecoin-Analysis/Solana-Memecoin-Analysis/data/cache/2026-09-23/015207390518_ohlcv_a1e54bded5a4.json
2026-09-22T02:55:00+00:00,4iVHkn5WhmGwrKb2fYFNPnTkqhwYTEEezvsju9YEBY76,solana,Meteora,,,,,2026-09-11T20:56:40Z,0.015504889200064636,,,,,,,,,,,,,,,,,,,ohlcv_backfill,minute,0.015423000091409024,0.01580954127168712,0.015418241010403814,0.015504889200064636,3939.2270894615926,/home/runner/work/Solana-Memecoin-Analysis/Solana-Memecoin-Analysis/data/cache/2026-09-23/015207390518_ohlcv_a1e54bded5a4.json
2026-09-22T02:50:00+00:00,4iVHkn5WhmGwrKb2fYFNPnTkqhwYTEEezvsju9YEBY76,solana,Meteora,,,,,2026-09-11T20:56:40Z,0.015423000091409024,,,,,,,,,,,,,,,,,,,ohlcv_backfill,minute,0.015236311641322919,0.01575205405530658,0.015204739548577012,0.015423000091409024,11938.228413537754,/home/runner/work/Solana-Memecoin-Analysis/Solana-Memecoin-Analysis/data/cache/2026-09-23/015207390518_ohlcv_a1e54bded5a4.json
2026-09-22T02:45:00+00:00,4iVHkn5WhmGwrKb2fYFNPnTkqhwYTEEezvsju9YEBY76,solana,Meteora,,,,,2026-09-11T20:56:40Z,0.015236311641322919,,,,,,,,,,,,,,,,,,,ohlcv_backfill,minute,0.015323015795053085,0.015557238788189896,0.015223538520796987,0.015236311641322919,2492.6813332467455,/home/runner/work/Solana-Memecoin-Analysis/Solana-Memecoin-Analysis/data/cache/2026-09-23/015207390518_ohlcv_a1e54bded5a4.json
2026-09-22T02:40:00+00:00,4iVHkn5WhmGwrKb2fYFNPnTkqhwYTEEezvsju9YEBY76,solana,Meteora,,,,,2026-09-11T20:56:40Z,0.015323015795053085,,,,,,,,,,,,,,,,,,,ohlcv_backfill,minute,0.015642060051873213,0.01587820449624884,0.015323015795053085,0.015323015795053085,9626.393089235282,/home/runner/work/Solana-Memecoin-Analysis/Solana-Memecoin-Analysis/data/cache/2026-09-23/015207390518_ohlcv_a1e54bded5a4.json
2026-09-22T02:35:00+00:00,4iVHkn5WhmGwrKb2fYFNPnTkqhwYTEEezvsju9YEBY76,solana,Meteora,,,,,2026-09-11T20:56:40Z,0.015642060051873213,,,,,,,,,,,,,,,,,,,ohlcv_backfill,minute,0.01573128091713038,0.01607619868809164,0.015605733027293983,0.015642060051873213,14355.351581832598,/home/runner/work/Solana-Memecoin-Analysis/Solana-Memecoin-Analysis/data/cache/2026-09-23/015207390518_ohlcv_a1e54bded5a4.json
2026-09-22T02:30:00+00:00,4iVHkn5WhmGwrKb2fYFNPnTkqhwYTEEezvsju9YEBY76,solana,Meteora,,,,,2026-09-11T20:56:40Z,0.01573128091713038,,,,,,,,,,,,,,,,,,,ohlcv_backfill,minute,0.015744829423947625,0.016066361328836508,0.015723265673801105,0.01573128091713038,6684.133218199364,/home/runner/work/Solana-Memecoin-Analysis/Solana-Memecoin-Analysis/data/cache/2026-09-23/015207390518_ohlcv_a1e54bded5a4.json
2026-09-22T02:25:00+00:00,4iVHkn5WhmGwrKb2fYFNPnTkqhwYTEEezvsju9YEBY76,solana,Meteora,,,,,2026-09-11T20:56:40Z,0.015744829423947625,,,,,,,,,,,,,,,,,,,ohlcv_backfill,minute,0.015897580999848643,0.016066309424895984,0.01566660459751342,0.015744829423947625,13113.801894961283,/home/runner/work/Solana-Memecoin-Analysis/Solana-Memecoin-Analysis/data/cache/2026-09-23/015207390518_ohlcv_a1e54bded5a4.json
2026-09-22T02:20:00+00:00,4iVHkn5WhmGwrKb2fYFNPnTkqhwYTEEezvsju9YEBY76,solana,Meteora,,,,,2026-09-11T20:56:40Z,0.015897580999848643,,,,,,,,,,,,,,,,,,,ohlcv_backfill,minute,0.01555828976562563,0.01594295151622154,0.01555828976562563,0.015897580999848643,10489.796937013678,/home/runner/work/Solana-Memecoin-Analysis/Solana-Memecoin-Analysis/data/cache/2026-09-23/015207390518_ohlcv_a1e54bded5a4.json
2026-09-22T02:15:00+00:00,4iVHkn5WhmGwrKb2fYFNPnTkqhwYTEEezvsju9YEBY76,solana,Meteora,,,,,2026-09-11T20:56:40Z,0.01555828976562563,,,,,,,,,,,,,,,,,,,ohlcv_backfill,minute,0.015739012579898466,0.015823555580349993,0.01534232508941431,0.01555828976562563,11735.539151365341,/home/runner/work/Solana-Memecoin-Analysis/Solana-Memecoin-Analysis/data/cache/2026-09-23/015207390518_ohlcv_a1e54bded5a4.json
2026-09-22T02:10:00+00:00,4iVHkn5WhmGwrKb2fYFNPnTkqhwYTEEezvsju9YEBY76,solana,Meteora,,,,,2026-09-11T20:56:40Z,0.015739012579898466,,,,,,,,,,,,,,,,,,,ohlcv_backfill,minute,0.01533345112323205,0.015739012579898466,0.015294180764819268,0.015739012579898466,9426.975500131646,/home/runner/work/Solana-Memecoin-Analysis/Solana-Memecoin-Analysis/data/cache/2026-09-23/015207390518_ohlcv_a1e54bded5a4.json
2026-09-22T02:05:00+00:00,4iVHkn5WhmGwrKb2fYFNPnTkqhwYTEEezvsju9YEBY76,solana,Meteora,,,,,2026-09-11T20:56:40Z,0.01533345112323205,,,,,,,,,,,,,,,,,,,ohlcv_backfill,minute,0.015485052393617678,0.015735819443305515,0.01533345112323205,0.01533345112323205,19872.53301956363,/home/runner/work/Solana-Memecoin-Analysis/Solana-Memecoin-Analysis/data/cache/2026-09-23/015207390518_ohlcv_a1e54bded5a4.json
2026-09-22T02:00:00+00:00,4iVHkn5WhmGwrKb2fYFNPnTkqhwYTEEezvsju9YEBY76,solana,Meteora,,,,,2026-09-11T20:56:40Z,0.015485052393617678,,,,,,,,,,,,,,,,,,,ohlcv_backfill,minute,0.01574679064487408,0.015888670833899325,0.015485052393617678,0.015485052393617678,14033.380851176222,/home/runner/work/Solana-Memecoin-Analysis/Solana-Memecoin-Analysis/data/cache/2026-09-23/015207390518_ohlcv_a1e54bded5a4.json
2026-09-22T01:55:00+00:00,4iVHkn5WhmGwrKb2fYFNPnTkqhwYTEEezvsju9YEBY76,solana,Meteora,,,,,2026-09-11T20:56:40Z,0.01574679064487408,,,,,,,,,,,,,,,,,,,ohlcv_backfill,minute,0.015965628607610655,0.015990193688702498,0.015414463966776582,0.01574679064487408,10679.317726359332,/home/runner/work/Solana-Memecoin-Analysis/Solana-Memecoin-Analysis/data/cache/2026-09-23/015207390518_ohlcv_a1e54bded5a4.json
2026-09-22T01:50:00+00:00,4iVHkn5WhmGwrKb2fYFNPnTkqhwYTEEezvsju9YEBY76,solana,Meteora,,,,,2026-09-11T20:56:40Z,0.015965628607610655,,,,,,,,,,,,,,,,,,,ohlcv_backfill,minute,0.016046041031170178,0.016060478122637414,0.01561431093299232,0.015965628607610655,5957.879159723826,/home/runner/work/Solana-Memecoin-Analysis/Solana-Memecoin-Analysis/data/cache/2026-09-23/015207390518_ohlcv_a1e54bded5a4.json
2026-09-22T01:45:00+00:00,4iVHkn5WhmGwrKb2fYFNPnTkqhwYTEEezvsju9YEBY76,solana,Meteora,,,,,2026-09-11T20:56:40Z,0.016046041031170178,,,,,,,,,,,,,,,,,,,ohlcv_backfill,minute,0.015839307729035787,0.016070052253759168,0.015661005860959795,0.016046041031170178,10674.36575014586,/home/runner/work/Solana-Memecoin-Analysis/Solana-Memecoin-Analysis/data/cache/2026-09-23/015207390518_ohlcv_a1e54bded5a4.json
2026-09-22T01:40:00+00:00,4iVHkn5WhmGwrKb2fYFNPnTkqhwYTEEezvsju9YEBY76,solana,Meteora,,,,,2026-09-11T20:56:40Z,0.015839307729035787,,,,,,,,,,,,,,,,,,,ohlcv_backfill,minute,0.015890491735448375,0.016007017064555467,0.015528800895678839,0.015839307729035787,15400.181293096584,/home/runner/work/Solana-Memecoin-Analysis/Solana-Memecoin-Analysis/data/cache/2026-09-23/015207390518_ohlcv_a1e54bded5a4.json
2026-09-22T01:35:00+00:00,4iVHkn5WhmGwrKb2fYFNPnTkqhwYTEEezvsju9YEBY76,solana,Meteora,,,,,2026-09-11T20:56:40Z,0.015890491735448375,,,,,,,,,,,,,,,,,,,ohlcv_backfill,minute,0.015800239929013617,0.015890491735448375,0.015353985991403257,0.015890491735448375,20621.087413583347,/home/runner/work/Solana-Memecoin-Analysis/Solana-Memecoin-Analysis/data/cache/2026-09-23/015207390518_ohlcv_a1e54bded5a4.json
2026-09-22T01:30:00+00:00,4iVHkn5WhmGwrKb2fYFNPnTkqhwYTEEezvsju9YEBY76,solana,Meteora,,,,,2026-09-11T20:56:40Z,0.015800239929013617,,,,,,,,,,,,,,,,,,,ohlcv_backfill,minute,0.01634029762393524,0.016353937768375303,0.015496684423580287,0.015800239929013617,30869.743288500962,/home/runner/work/Solana-Memecoin-Analysis/Solana-Memecoin-Analysis/data/cache/2026-09-23/015207390518_ohlcv_a1e54bded5a4.json
2026-09-22T01:25:00+00:00,4iVHkn5WhmGwrKb2fYFNPnTkqhwYTEEezvsju9YEBY76,solana,Meteora,,,,,2026-09-11T20:56:40Z,0.01634029762393524,,,,,,,,,,,,,,,,,,,ohlcv_backfill,minute,0.016561746849178865,0.016653195788430886,0.016221094121403903,0.01634029762393524,7391.068866804804,/home/runner/work/Solana-Memecoin-Analysis/Solana-Memecoin-Analysis/data/cache/2026-09-23/015207390518_ohlcv_a1e54bded5a4.json
2026-09-22T01:20:00+00:00,4iVHkn5WhmGwrKb2fYFNPnTkqhwYTEEezvsju9YEBY76,solana,Meteora,,,,,2026-09-11T20:56:40Z,0.016561746849178865,,,,,,,,,,,,,,,,,,,ohlcv_backfill,minute,0.016442773852158723,0.016561746849178865,0.016102888878344476,0.016561746849178865,4569.016556151937,/home/runner/work/Solana-Memecoin-Analysis/Solana-Memecoin-Analysis/data/cache/2026-09-23/015207390518_ohlcv_a1e54bded5a4.json
2026-09-22T01:15:00+00:00,4iVHkn5WhmGwrKb2fYFNPnTkqhwYTEEezvsju9YEBY76,solana,Meteora,,,,,2026-09-11T20:56:40Z,0.016442773852158723,,,,,,,,,,,,,,,,,,,ohlcv_backfill,minute,0.016028917548343805,0.016462177330388877,0.016028917548343805,0.016442773852158723,10647.459185985024,/home/runner/work/Solana-Memecoin-Analysis/Solana-Memecoin-Analysis/data/cache/2026-09-23/015207390518_ohlcv_a1e54bded5a4.json
2026-09-22T01:10:00+00:00,4iVHkn5WhmGwrKb2fYFNPnTkqhwYTEEezvsju9YEBY76,solana,Meteora,,,,,2026-09-11T20:56:40Z,0.016028917548343805,,,,,,,,,,,,,,,,,,,ohlcv_backfill,minute,0.015971350427399437,0.0164546356098091,0.0159634197792899,0.016028917548343805,4012.555296872844,/home/runner/work/Solana-Memecoin-Analysis/Solana-Memecoin-Analysis/data/cache/2026-09-23/015207390518_ohlcv_a1e54bded5a4.json
2026-09-22T01:05:00+00:00,4iVHkn5WhmGwrKb2fYFNPnTkqhwYTEEezvsju9YEBY76,solana,Meteora,,,,,2026-09-11T20:56:40Z,0.015971350427399437,,,,,,,,,,,,,,,,,,,ohlcv_backfill,minute,0.01615507996709457,0.01637808487887478,0.015895085928730776,0.015971350427399437,6138.96135482443,/home/runner/work/Solana-Memecoin-Analysis/Solana-Memecoin-Analysis/data/cache/2026-09-23/015207390518_ohlcv_a1e54bded5a4.json
2026-09-22T01:00:00+00:00,4iVHkn5WhmGwrKb2fYFNPnTkqhwYTEEezvsju9YEBY76,solana,Meteora,,,,,2026-09-11T20:56:40Z,0.01615507996709457,,,,,,,,,,,,,,,,,,,ohlcv_backfill,minute,0.01606069287940526,0.016222960843639334,0.015810390378161763,0.01615507996709457,10622.79766550898,/home/runner/work/Solana-Memecoin-Analysis/Solana-Memecoin-Analysis/data/cache/2026-09-23/015207390518_ohlcv_a1e54bded5a4.json
2026-09-22T00:55:00+00:00,4iVHkn5WhmGwrKb2fYFNPnTkqhwYTEEezvsju9YEBY76,solana,Meteora,,,,,2026-09-11T20:56:40Z,0.01606069287940526,,,,,,,,,,,,,,,,,,,ohlcv_backfill,minute,0.016135049728577294,0.016149065233470157,0.015775263548660733,0.01606069287940526,3906.5843593850877,/home/runner/work/Solana-Memecoin-Analysis/Solana-Memecoin-Analysis/data/cache/2026-09-23/015207390518_ohlcv_a1e54bded5a4.json
2026-09-22T00:50:00+00:00,4iVHkn5WhmGwrKb2fYFNPnTkqhwYTEEezvsju9YEBY76,solana,Meteora,,,,,2026-09-11T20:56:40Z,0.016135049728577294,,,,,,,,,,,,,,,,,,,ohlcv_backfill,minute,0.016867070473889956,0.016963123551944643,0.01577325738719723,0.016135049728577294,25872.13274973939,/home/runner/work/Solana-Memecoin-Analysis/Solana-Memecoin-Analysis/data/cache/2026-09-23/015207390518_ohlcv_a1e54bded5a4.json
2026-09-22T00:45:00+00:00,4iVHkn5WhmGwrKb2fYFNPnTkqhwYTEEezvsju9YEBY76,solana,Meteora,,,,,2026-09-11T20:56:40Z,0.016867070473889956,,,,,,,,,,,,,,,,,,,ohlcv_backfill,minute,0.016336918806155558,0.016867070473889956,0.016336918806155558,0.016867070473889956,12255.522357654285,/home/runner/work/Solana-Memecoin-Analysis/Solana-Memecoin-Analysis/data/cache/2026-09-23/015207390518_ohlcv_a1e54bded5a4.json
2026-09-22T00:40:00+00:00,4iVHkn5WhmGwrKb2fYFNPnTkqhwYTEEezvsju9YEBY76,solana,Meteora,,,,,2026-09-11T20:56:40Z,0.016336918806155558,,,,,,,,,,,,,,,,,,,ohlcv_backfill,minute,0.017524057422584352,0.017524057422584352,0.015970140269345786,0.016336918806155558,57057.47233316227,/home/runner/work/Solana-Memecoin-Analysis/Solana-Memecoin-Analysis/data/cache/2026-09-23/015207390518_ohlcv_a1e54bded5a4.json
2026-09-22T00:35:00+00:00,4iVHkn5WhmGwrKb2fYFNPnTkqhwYTEEezvsju9YEBY76,solana,Meteora,,,,,2026-09-11T20:56:40Z,0.017524057422584352,,,,,,,,,,,,,,,,,,,ohlcv_backfill,minute,0.017567088175456262,0.017567088175456262,0.01708439676557953,0.017524057422584352,3674.6026969628247,/home/runner/work/Solana-Memecoin-Analysis/Solana-Memecoin-Analysis/data/cache/2026-09-23/015207390518_ohlcv_a1e54bded5a4.json
2026-09-22T00:30:00+00:00,4iVHkn5WhmGwrKb2fYFNPnTkqhwYTEEezvsju9YEBY76,solana,Meteora,,,,,2026-09-11T20:56:40Z,0.017567088175456262,,,,,,,,,,,,,,,,,,,ohlcv_backfill,minute,0.01779278163839372,0.017832984776270076,0.0172338103275807,0.017567088175456262,7900.505028903154,/home/runner/work/Solana-Memecoin-Analysis/Solana-Memecoin-Analysis/data/cache/2026-09-23/015207390518_ohlcv_a1e54bded5a4.json
2026-09-22T00:25:00+00:00,4iVHkn5WhmGwrKb2fYFNPnTkqhwYTEEezvsju9YEBY76,solana,Meteora,,,,,2026-09-11T20:56:40Z,0.01779278163839372,,,,,,,,,,,,,,,,,,,ohlcv_backfill,minute,0.0183199353710697,0.01832855750685474,0.01741273167244681,0.01779278163839372,14531.473150439122,/home/runner/work/Solana-Memecoin-Analysis/Solana-Memecoin-Analysis/data/cache/2026-09-23/015207390518_ohlcv_a1e54bded5a4.json
2026-09-22T00:20:00+00:00,4iVHkn5WhmGwrKb2fYFNPnTkqhwYTEEezvsju9YEBY76,solana,Meteora,,,,,2026-09-11T20:56:40Z,0.0183199353710697,,,,,,,,,,,,,,,,,,,ohlcv_backfill,minute,0.018046396809753246,0.018428759478568514,0.017957594586900397,0.0183199353710697,4218.773272028864,/home/runner/work/Solana-Memecoin-Analysis/Solana-Memecoin-Analysis/data/cache/2026-09-23/015207390518_ohlcv_a1e54bded5a4.json
2026-09-22T00:15:00+00:00,4iVHkn5WhmGwrKb2fYFNPnTkqhwYTEEezvsju9YEBY76,solana,Meteora,,,,,2026-09-11T20:56:40Z,0.018046396809753246,,,,,,,,,,,,,,,,,,,ohlcv_backfill,minute,0.018069736014599175,0.01850808401892301,0.01803857803373984,0.018046396809753246,3048.663519413167,/home/runner/work/Solana-Memecoin-Analysis/Solana-Memecoin-Analysis/data/cache/2026-09-23/015207390518_ohlcv_a1e54bded5a4.json
2026-09-22T00:10:00+00:00,4iVHkn5WhmGwrKb2fYFNPnTkqhwYTEEezvsju9YEBY76,solana,Meteora,,,,,2026-09-11T20:56:40Z,0.018069736014599175,,,,,,,,,,,,,,,,,,,ohlcv_backfill,minute,0.018439627586422123,0.018457466147165636,0.01806504879849043,0.018069736014599175,581.552675248357,/home/runner/work/Solana-Memecoin-Analysis/Solana-Memecoin-Analysis/data/cache/2026-09-23/015207390518_ohlcv_a1e54bded5a4.json
2026-09-22T00:05:00+00:00,4iVHkn5WhmGwrKb2fYFNPnTkqhwYTEEezvsju9YEBY76,solana,Meteora,,,,,2026-09-11T20:56:40Z,0.018439627586422123,,,,,,,,,,,,,,,,,,,ohlcv_backfill,minute,0.017930107643243015,0.018522718797287105,0.01787980582624775,0.018439627586422123,12115.003694736488,/home/runner/work/Solana-Memecoin-Analysis/Solana-Memecoin-Analysis/data/cache/2026-09-23/015207390518_ohlcv_a1e54bded5a4.json
2026-09-22T00:00:00+00:00,4iVHkn5WhmGwrKb2fYFNPnTkqhwYTEEezvsju9YEBY76,solana,Meteora,,,,,2026-09-11T20:56:40Z,0.017930107643243015,,,,,,,,,,,,,,,,,,,ohlcv_backfill,minute,0.017589424161015943,0.018035210158306503,0.017233039810307885,0.017930107643243015,9793.360113999377,/home/runner/work/Solana-Memecoin-Analysis/Solana-Memecoin-Analysis/data/cache/2026-09-23/015207390518_ohlcv_a1e54bded5a4.json
2026-09-21T23:55:00+00:00,4iVHkn5WhmGwrKb2fYFNPnTkqhwYTEEezvsju9YEBY76,solana,Meteora,,,,,2026-09-11T20:56:40Z,0.017589424161015943,,,,,,,,,,,,,,,,,,,ohlcv_backfill,minute,0.017591661632526307,0.017671823409123086,0.017148817908633204,0.017589424161015943,5449.352539884421,/home/runner/work/Solana-Memecoin-Analysis/Solana-Memecoin-Analysis/data/cache/2026-09-23/015207390518_ohlcv_a1e54bded5a4.json
2026-09-21T23:50:00+00:00,4iVHkn5WhmGwrKb2fYFNPnTkqhwYTEEezvsju9YEBY76,solana,Meteora,,,,,2026-09-11T20:56:40Z,0.017591661632526307,,,,,,,,,,,,,,,,,,,ohlcv_backfill,minute,0.01816929047312299,0.01821139576685066,0.016896961981581464,0.017591661632526307,39218.75909381154,/home/runner/work/Solana-Memecoin-Analysis/Solana-Memecoin-Analysis/data/cache/2026-09-23/015207390518_ohlcv_a1e54bded5a4.json
2026-09-21T23:45:00+00:00,4iVHkn5WhmGwrKb2fYFNPnTkqhwYTEEezvsju9YEBY76,solana,Meteora,,,,,2026-09-11T20:56:40Z,0.01816929047312299,,,,,,,,,,,,,,,,,,,ohlcv_backfill,minute,0.018191829220497377,0.01827052328399212,0.01771420833837813,0.01816929047312299,8928.001592648057,/home/runner/work/Solana-Memecoin-Analysis/Solana-Memecoin-Analysis/data/cache/2026-09-23/015207390518_ohlcv_a1e54bded5a4.json
2026-09-21T23:40:00+00:00,4iVHkn5WhmGwrKb2fYFNPnTkqhwYTEEezvsju9YEBY76,solana,Meteora,,,,,2026-09-11T20:56:40Z,0.018191829220497377,,,,,,,,,,,,,,,,,,,ohlcv_backfill,minute,0.01790484739538809,0.018285631355818264,0.017830504625269066,0.018191829220497377,2931.6839560024314,/home/runner/work/Solana-Memecoin-Analysis/Solana-Memecoin-Analysis/data/cache/2026-09-23/015207390518_ohlcv_a1e54bded5a4.json
2026-09-21T23:35:00+00:00,4iVHkn5WhmGwrKb2fYFNPnTkqhwYTEEezvsju9YEBY76,solana,Meteora,,,,,2026-09-11T20:56:40Z,0.01790484739538809,,,,,,,,,,,,,,,,,,,ohlcv_backfill,minute,0.018263575021278594,0.018281027148233597,0.017813923047561887,0.01790484739538809,7988.804595677668,/home/runner/work/Solana-Memecoin-Analysis/Solana-Memecoin-Analysis/data/cache/2026-09-23/015207390518_ohlcv_a1e54bded5a4.json
2026-09-21T23:30:00+00:00,4iVHkn5WhmGwrKb2fYFNPnTkqhwYTEEezvsju9YEBY76,solana,Meteora,,,,,2026-09-11T20:56:40Z,0.018263575021278594,,,,,,,,,,,,,,,,,,,ohlcv_backfill,minute,0.017564237693269952,0.01834266065020289,0.017564237693269952,0.018263575021278594,9199.330017042621,/home/runner/work/Solana-Memecoin-Analysis/Solana-Memecoin-Analysis/data/cache/2026-09-23/015207390518_ohlcv_a1e54bded5a4.json
2026-09-21T23:25:00+00:00,4iVHkn5WhmGwrKb2fYFNPnTkqhwYTEEezvsju9YEBY76,solana,Meteora,,,,,2026-09-11T20:56:40Z,0.017564237693269952,,,,,,,,,,,,,,,,,,,ohlcv_backfill,minute,0.01966930442543977,0.019757366148603964,0.017256336927483046,0.017564237693269952,70497.35321487735,/home/runner/work/Solana-Memecoin-Analysis/Solana-Memecoin-Analysis/data/cache/2026-09-23/015207390518_ohlcv_a1e54bded5a4.json
2026-09-21T23:20:00+00:00,4iVHkn5WhmGwrKb2fYFNPnTkqhwYTEEezvsju9YEBY76,solana,Meteora,,,,,2026-09-11T20:56:40Z,0.01966930442543977,,,,,,,,,,,,,,,,,,,ohlcv_backfill,minute,0.02009371094734586,0.02051311169389433,0.019354143112777444,0.01966930442543977,10034.467980088779,/home/runner/work/Solana-Memecoin-Analysis/Solana-Memecoin-Analysis/data/cache/2026-09-23/015207390518_ohlcv_a1e54bded5a4.json
2026-09-21T23:15:00+00:00,4iVHkn5WhmGwrKb2fYFNPnTkqhwYTEEezvsju9YEBY76,solana,Meteora,,,,,2026-09-11T20:56:40Z,0.02009371094734586,,,,,,,,,,,,,,,,,,,ohlcv_backfill,minute,0.020343340631481303,0.020512309473698708,0.019935457403828558,0.02009371094734586,5820.83949508694,/home/runner/work/Solana-Memecoin-Analysis/Solana-Memecoin-Analysis/data/cache/2026-09-23/015207390518_ohlcv_a1e54bded5a4.json
2026-09-21T23:10:00+00:00,4iVHkn5WhmGwrKb2fYFNPnTkqhwYTEEezvsju9YEBY76,solana,Meteora,,,,,2026-09-11T20:56:40Z,0.020343340631481303,,,,,,,,,,,,,,,,,,,ohlcv_backfill,minute,0.020555393807007265,0.02065014858648053,0.0200968413834693,0.020343340631481303,7009.504009129832,/home/runner/work/Solana-Memecoin-Analysis/Solana-Memecoin-Analysis/data/cache/2026-09-23/015207390518_ohlcv_a1e54bded5a4.json
2026-09-21T23:05:00+00:00,4iVHkn5WhmGwrKb2fYFNPnTkqhwYTEEezvsju9YEBY76,solana,Meteora,,,,,2026-09-11T20:56:40Z,0.020555393807007265,,,,,,,,,,,,,,,,,,,ohlcv_backfill,minute,0.020893837986713397,0.02098482375779437,0.02048221379668896,0.020555393807007265,4644.180821696697,/home/runner/work/Solana-Memecoin-Analysis/Solana-Memecoin-Analysis/data/cache/2026-09-23/015207390518_ohlcv_a1e54bded5a4.json
2026-09-21T23:00:00+00:00,4iVHkn5WhmGwrKb2fYFNPnTkqhwYTEEezvsju9YEBY76,solana,Meteora,,,,,2026-09-11T20:56:40Z,0.020893837986713397,,,,,,,,,,,,,,,,,,,ohlcv_backfill,minute,0.02082196479077322,0.02106846396403387,0.020404410770135713,0.020893837986713397,7900.334730266975,/home/runner/work/Solana-Memecoin-Analysis/Solana-Memecoin-Analysis/data/cache/2026-09-23/015207390518_ohlcv_a1e54bded5a4.json
2026-09-21T22:55:00+00:00,4iVHkn5WhmGwrKb2fYFNPnTkqhwYTEEezvsju9YEBY76,solana,Meteora,,,,,2026-09-11T20:56:40Z,0.02082196479077322,,,,,,,,,,,,,,,,,,,ohlcv_backfill,minute,0.02078445405292912,0.020867125438057934,0.02037339822660694,0.02082196479077322,2875.711641933728,/home/runner/work/Solana-Memecoin-Analysis/Solana-Memecoin-Analysis/data/cache/2026-09-23/015207390518_ohlcv_a1e54bded5a4.json
2026-09-21T22:50:00+00:00,4iVHkn5WhmGwrKb2fYFNPnTkqhwYTEEezvsju9YEBY76,solana,Meteora,,,,,2026-09-11T20:56:40Z,0.02078445405292912,,,,,,,,,,,,,,,,,,,ohlcv_backfill,minute,0.020713718352241606,0.02080540427046688,0.020713718352241606,0.02078445405292912,92.79094874657906,/home/runner/work/Solana-Memecoin-Analysis/Solana-Memecoin-Analysis/data/cache/2026-09-23/015207390518_ohlcv_a1e54bded5a4.json
2026-09-21T22:45:00+00:00,4iVHkn5WhmGwrKb2fYFNPnTkqhwYTEEezvsju9YEBY76,solana,Meteora,,,,,2026-09-11T20:56:40Z,0.020713718352241606,,,,,,,,,,,,,,,,,,,ohlcv_backfill,minute,0.02015717489506117,0.020713718352241606,0.020021342473839403,0.020713718352241606,9262.128773011958,/home/runner/work/Solana-Memecoin-Analysis/Solana-Memecoin-Analysis/data/cache/2026-09-23/015207390518_ohlcv_a1e54bded5a4.json
2026-09-21T22:40:00+00:00,4iVHkn5WhmGwrKb2fYFNPnTkqhwYTEEezvsju9YEBY76,solana,Meteora,,,,,2026-09-11T20:56:40Z,0.02015717489506117,,,,,,,,,,,,,,,,,,,ohlcv_backfill,minute,0.021432313043182206,0.021432313043182206,0.019673161496586145,0.02015717489506117,29765.145424968938,/home/runner/work/Solana-Memecoin-Analysis/Solana-Memecoin-Analysis/data/cache/2026-09-23/015207390518_ohlcv_a1e54bded5a4.json
2026-09-21T22:35:00+00:00,4iVHkn5WhmGwrKb2fYFNPnTkqhwYTEEezvsju9YEBY76,solana,Meteora,,,,,2026-09-11T20:56:40Z,0.021432313043182206,,,,,,,,,,,,,,,,,,,ohlcv_backfill,minute,0.02091780740788322,0.0216289281832573,0.020914188483580162,0.021432313043182206,5392.225024773032,/home/runner/work/Solana-Memecoin-Analysis/Solana-Memecoin-Analysis/data/cache/2026-09-23/015207390518_ohlcv_a1e54bded5a4.json
2026-09-21T22:30:00+00:00,4iVHkn5WhmGwrKb2fYFNPnTkqhwYTEEezvsju9YEBY76,solana,Meteora,,,,,2026-09-11T20:56:40Z,0.02091780740788322,,,,,,,,,,,,,,,,,,,ohlcv_backfill,minute,0.02090109057436109,0.02133018884778626,0.02088354241791236,0.02091780740788322,608.4490898271423,/home/runner/work/Solana-Memecoin-Analysis/Solana-Memecoin-Analysis/data/cache/2026-09-23/015207390518_ohlcv_a1e54bded5a4.json
2026-09-21T22:25:00+00:00,4iVHkn5WhmGwrKb2fYFNPnTkqhwYTEEezvsju9YEBY76,solana,Meteora,,,,,2026-09-11T20:56:40Z,0.02090109057436109,,,,,,,,,,,,,,,,,,,ohlcv_backfill,minute,0.02114254180845327,0.02126417599984344,0.020723728893691028,0.02090109057436109,3247.5828204396153,/home/runner/work/Solana-Memecoin-Analysis/Solana-Memecoin-Analysis/data/cache/2026-09-23/015207390518_ohlcv_a1e54bded5a4.json
2026-09-21T22:20:00+00:00,4iVHkn5WhmGwrKb2fYFNPnTkqhwYTEEezvsju9YEBY76,solana,Meteora,,,,,2026-09-11T20:56:40Z,0.02114254180845327,,,,,,,,,,,,,,,,,,,ohlcv_backfill,minute,0.020877956007751435,0.02114254180845327,0.020738277585154754,0.02114254180845327,134.92436424620635,/home/runner/work/Solana-Memecoin-Analysis/Solana-Memecoin-Analysis/data/cache/2026-09-23/015207390518_ohlcv_a1e54bded5a4.json
2026-09-21T22:15:00+00:00,4iVHkn5WhmGwrKb2fYFNPnTkqhwYTEEezvsju9YEBY76,solana,Meteora,,,,,2026-09-11T20:56:40Z,0.020877956007751435,,,,,,,,,,,,,,,,,,,ohlcv_backfill,minute,0.021383174504222686,0.021383174504222686,0.020738968674231854,0.020877956007751435,4527.9618988786315,/home/runner/work/Solana-Memecoin-Analysis/Solana-Memecoin-Analysis/data/cache/2026-09-23/015207390518_ohlcv_a1e54bded5a4.json
2026-09-21T22:10:00+00:00,4iVHkn5WhmGwrKb2fYFNPnTkqhwYTEEezvsju9YEBY76,solana,Meteora,,,,,2026-09-11T20:56:40Z,0.021383174504222686,,,,,,,,,,,,,,,,,,,ohlcv_backfill,minute,0.021050504204910735,0.021383174504222686,0.020726871950318998,0.021383174504222686,9196.410166400696,/home/runner/work/Solana-Memecoin-Analysis/Solana-Memecoin-Analysis/data/cache/2026-09-23/015207390518_ohlcv_a1e54bded5a4.json
2026-09-21T22:05:00+00:00,4iVHkn5WhmGwrKb2fYFNPnTkqhwYTEEezvsju9YEBY76,solana,Meteora,,,,,2026-09-11T20:56:40Z,0.021050504204910735,,,,,,,,,,,,,,,,,,,ohlcv_backfill,minute,0.021226040572713975,0.021360609146441844,0.020662992894185193,0.021050504204910735,6783.6227981003,/home/runner/work/Solana-Memecoin-Analysis/Solana-Memecoin-Analysis/data/cache/2026-09-23/015207390518_ohlcv_a1e54bded5a4.json
2026-09-21T22:00:00+00:00,4iVHkn5WhmGwrKb2fYFNPnTkqhwYTEEezvsju9YEBY76,solana,Meteora,,,,,2026-09-11T20:56:40Z,0.021226040572713975,,,,,,,,,,,,,,,,,,,ohlcv_backfill,minute,0.021056557195986272,0.021696805059884236,0.020483855503431816,0.021226040572713975,26562.93755505713,/home/runner/work/Solana-Memecoin-Analysis/Solana-Memecoin-Analysis/data/cache/2026-09-23/015207390518_ohlcv_a1e54bded5a4.json
2026-09-21T21:55:00+00:00,4iVHkn5WhmGwrKb2fYFNPnTkqhwYTEEezvsju9YEBY76,solana,Meteora,,,,,2026-09-11T20:56:40Z,0.021056557195986272,,,,,,,,,,,,,,,,,,,ohlcv_backfill,minute,0.020794521500563535,0.02155555754909626,0.020381748011273338,0.021056557195986272,43292.53036640697,/home/runner/work/Solana-Memecoin-Analysis/Solana-Memecoin-Analysis/data/cache/2026-09-23/015207390518_ohlcv_a1e54bded5a4.json
2026-09-21T21:50:00+00:00,4iVHkn5WhmGwrKb2fYFNPnTkqhwYTEEezvsju9YEBY76,solana,Meteora,,,,,2026-09-11T20:56:40Z,0.020794521500563535,,,,,,,,,,,,,,,,,,,ohlcv_backfill,minute,0.020929605413724336,0.02102418471702002,0.020356697743319233,0.020794521500563535,4711.852836460684,/home/runner/work/Solana-Memecoin-Analysis/Solana-Memecoin-Analysis/data/cache/2026-09-23/015207390518_ohlcv_a1e54bded5a4.json
2026-09-21T21:45:00+00:00,4iVHkn5WhmGwrKb2fYFNPnTkqhwYTEEezvsju9YEBY76,solana,Meteora,,,,,2026-09-11T20:56:40Z,0.020929605413724336,,,,,,,,,,,,,,,,,,,ohlcv_backfill,minute,0.021083273824308385,0.021083273824308385,0.02051927484371773,0.020929605413724336,3025.9153266746393,/home/runner/work/Solana-Memecoin-Analysis/Solana-Memecoin-Analysis/data/cache/2026-09-23/015207390518_ohlcv_a1e54bded5a4.json
2026-09-21T21:40:00+00:00,4iVHkn5WhmGwrKb2fYFNPnTkqhwYTEEezvsju9YEBY76,solana,Meteora,,,,,2026-09-11T20:56:40Z,0.021083273824308385,,,,,,,,,,,,,,,,,,,ohlcv_backfill,minute,0.021111381952941287,0.021111381952941287,0.020685275845701494,0.021083273824308385,411.38385165666693,/home/runner/work/Solana-Memecoin-Analysis/Solana-Memecoin-Analysis/data/cache/2026-09-23/015207390518_ohlcv_a1e54bded5a4.json
2026-09-21T21:35:00+00:00,4iVHkn5WhmGwrKb2fYFNPnTkqhwYTEEezvsju9YEBY76,solana,Meteora,,,,,2026-09-11T20:56:40Z,0.021111381952941287,,,,,,,,,,,,,,,,,,,ohlcv_backfill,minute,0.020761934337273937,0.021185037446750703,0.020648489096778848,0.021111381952941287,1363.5377201649428,/home/runner/work/Solana-Memecoin-Analysis/Solana-Memecoin-Analysis/data/cache/2026-09-23/015207390518_ohlcv_a1e54bded5a4.json
2026-09-21T21:30:00+00:00,4iVHkn5WhmGwrKb2fYFNPnTkqhwYTEEezvsju9YEBY76,solana,Meteora,,,,,2026-09-11T20:56:40Z,0.020761934337273937,,,,,,,,,,,,,,,,,,,ohlcv_backfill,minute,0.020966921242926727,0.021139736178541882,0.020587612244441042,0.020761934337273937,3702.3894652901135,/home/runner/work/Solana-Memecoin-Analysis/Solana-Memecoin-Analysis/data/cache/2026-09-23/015207390518_ohlcv_a1e54bded5a4.json
2026-09-21T21:25:00+00:00,4iVHkn5WhmGwrKb2fYFNPnTkqhwYTEEezvsju9YEBY76,solana,Meteora,,,,,2026-09-11T20:56:40Z,0.020966921242926727,,,,,,,,,,,,,,,,,,,ohlcv_backfill,minute,0.02107330169084526,0.02107330169084526,0.020559785633842927,0.020966921242926727,761.7777727339411,/home/runner/work/Solana-Memecoin-Analysis/Solana-Memecoin-Analysis/data/cache/2026-09-23/015207390518_ohlcv_a1e54bded5a4.json
2026-09-21T21:20:00+00:00,4iVHkn5WhmGwrKb2fYFNPnTkqhwYTEEezvsju9YEBY76,solana,Meteora,,,,,2026-09-11T20:56:40Z,0.02107330169084526,,,,,,,,,,,,,,,,,,,ohlcv_backfill,minute,0.020682061905031943,0.021192842278823135,0.02064482441777188,0.02107330169084526,3296.9712601258893,/home/runner/work/Solana-Memecoin-Analysis/Solana-Memecoin-Analysis/data/cache/2026-09-23/015207390518_ohlcv_a1e54bded5a4.json
2026-09-21T21:15:00+00:00,4iVHkn5WhmGwrKb2fYFNPnTkqhwYTEEezvsju9YEBY76,solana,Meteora,,,,,2026-09-11T20:56:40Z,0.020682061905031943,,,,,,,,,,,,,,,,,,,ohlcv_backfill,minute,0.020390355504954816,0.021133117397231192,0.020390355504954816,0.020682061905031943,3784.47916989847,/home/runner/work/Solana-Memecoin-Analysis/Solana-Memecoin-Analysis/data/cache/2026-09-23/015207390518_ohlcv_a1e54bded5a4.json
2026-09-21T21:10:00+00:00,4iVHkn5WhmGwrKb2fYFNPnTkqhwYTEEezvsju9YEBY76,solana,Meteora,,,,,2026-09-11T20:56:40Z,0.020390355504954816,,,,,,,,,,,,,,,,,,,ohlcv_backfill,minute,0.021123152422438795,0.021123152422438795,0.020390355504954816,0.020390355504954816,14004.353454174136,/home/runner/work/Solana-Memecoin-Analysis/Solana-Memecoin-Analysis/data/cache/2026-09-23/015207390518_ohlcv_a1e54bded5a4.json
2026-09-21T21:05:00+00:00,4iVHkn5WhmGwrKb2fYFNPnTkqhwYTEEezvsju9YEBY76,solana,Meteora,,,,,2026-09-11T20:56:40Z,0.021123152422438795,,,,,,,,,,,,,,,,,,,ohlcv_backfill,minute,0.021820726668238043,0.02187163560353169,0.021123152422438795,0.021123152422438795,4704.086713269038,/home/runner/work/Solana-Memecoin-Analysis/Solana-Memecoin-Analysis/data/cache/2026-09-23/015207390518_ohlcv_a1e54bded5a4.json
2026-09-21T21:00:00+00:00,4iVHkn5WhmGwrKb2fYFNPnTkqhwYTEEezvsju9YEBY76,solana,Meteora,,,,,2026-09-11T20:56:40Z,0.021820726668238043,,,,,,,,,,,,,,,,,,,ohlcv_backfill,minute,0.021907425344258127,0.02193738957980041,0.021391431599248195,0.021820726668238043,2878.4403403338088,/home/runner/work/Solana-Memecoin-Analysis/Solana-Memecoin-Analysis/data/cache/2026-09-23/015207390518_ohlcv_a1e54bded5a4.json
2026-09-21T20:55:00+00:00,4iVHkn5WhmGwrKb2fYFNPnTkqhwYTEEezvsju9YEBY76,solana,Meteora,,,,,2026-09-11T20:56:40Z,0.021907425344258127,,,,,,,,,,,,,,,,,,,ohlcv_backfill,minute,0.021733470483136712,0.021907425344258127,0.021421618353659664,0.021907425344258127,2059.321287857824,/home/runner/work/Solana-Memecoin-Analysis/Solana-Memecoin-Analysis/data/cache/2026-09-23/015207390518_ohlcv_a1e54bded5a4.json
2026-09-21T20:50:00+00:00,4iVHkn5WhmGwrKb2fYFNPnTkqhwYTEEezvsju9YEBY76,solana,Meteora,,,,,2026-09-11T20:56:40Z,0.021733470483136712,,,,,,,,,,,,,,,,,,,ohlcv_backfill,minute,0.02186813023308436,0.02186813023308436,0.021326135156104795,0.021733470483136712,2770.0289825950044,/home/runner/work/Solana-Memecoin-Analysis/Solana-Memecoin-Analysis/data/cache/2026-09-23/015207390518_ohlcv_a1e54bded5a4.json
2026-09-21T20:45:00+00:00,4iVHkn5WhmGwrKb2fYFNPnTkqhwYTEEezvsju9YEBY76,solana,Meteora,,,,,2026-09-11T20:56:40Z,0.02186813023308436,,,,,,,,,,,,,,,,,,,ohlcv_backfill,minute,0.02185438600180242,0.022006638713797495,0.021275822497576476,0.02186813023308436,6533.4865255274935,/home/runner/work/Solana-Memecoin-Analysis/Solana-Memecoin-Analysis/data/cache/2026-09-23/015207390518_ohlcv_a1e54bded5a4.json
2026-09-21T20:40:00+00:00,4iVHkn5WhmGwrKb2fYFNPnTkqhwYTEEezvsju9YEBY76,solana,Meteora,,,,,2026-09-11T20:56:40Z,0.02185438600180242,,,,,,,,,,,,,,,,,,,ohlcv_backfill,minute,0.022430132021725325,0.022430132021725325,0.02142831261222017,0.02185438600180242,11976.19908625845,/home/runner/work/Solana-Memecoin-Analysis/Solana-Memecoin-Analysis/data/cache/2026-09-23/015207390518_ohlcv_a1e54bded5a4.json
2026-09-21T20:35:00+00:00,4iVHkn5WhmGwrKb2fYFNPnTkqhwYTEEezvsju9YEBY76,solana,Meteora,,,,,2026-09-11T20:56:40Z,0.022430132021725325,,,,,,,,,,,,,,,,,,,ohlcv_backfill,minute,0.02188261929257284,0.022434117015239292,0.021169880246015408,0.022430132021725325,13673.064953524803,/home/runner/work/Solana-Memecoin-Analysis/Solana-Memecoin-Analysis/data/cache/2026-09-23/015207390518_ohlcv_a1e54bded5a4.json
2026-09-21T20:30:00+00:00,4iVHkn5WhmGwrKb2fYFNPnTkqhwYTEEezvsju9YEBY76,solana,Meteora,,,,,2026-09-11T20:56:40Z,0.02188261929257284,,,,,,,,,,,,,,,,,,,ohlcv_backfill,minute,0.021646761475330355,0.02188261929257284,0.021109915255513492,0.02188261929257284,10032.115865079839,/home/runner/work/Solana-Memecoin-Analysis/Solana-Memecoin-Analysis/data/cache/2026-09-23/015207390518_ohlcv_a1e54bded5a4.json
2026-09-21T20:25:00+00:00,4iVHkn5WhmGwrKb2fYFNPnTkqhwYTEEezvsju9YEBY76,solana,Meteora,,,,,2026-09-11T20:56:40Z,0.021646761475330355,,,,,,,,,,,,,,,,,,,ohlcv_backfill,minute,0.02190251491601271,0.022117858845734154,0.021646761475330355,0.021646761475330355,2613.168076923575,/home/runner/work/Solana-Memecoin-Analysis/Solana-Memecoin-Analysis/data/cache/2026-09-23/015207390518_ohlcv_a1e54bded5a4.json
2026-09-21T20:20:00+00:00,4iVHkn5WhmGwrKb2fYFNPnTkqhwYTEEezvsju9YEBY76,solana,Meteora,,,,,2026-09-11T20:56:40Z,0.02190251491601271,,,,,,,,,,,,,,,,,,,ohlcv_backfill,minute,0.02248792529264265,0.022673693417841156,0.02149333277698375,0.02190251491601271,15116.676180550037,/home/runner/work/Solana-Memecoin-Analysis/Solana-Memecoin-Analysis/data/cache/2026-09-23/015207390518_ohlcv_a1e54bded5a4.json
2026-09-21T20:15:00+00:00,4iVHkn5WhmGwrKb2fYFNPnTkqhwYTEEezvsju9YEBY76,solana,Meteora,,,,,2026-09-11T20:56:40Z,0.02248792529264265,,,,,,,,,,,,,,,,,,,ohlcv_backfill,minute,0.022271919587816512,0.022854931254596648,0.02209025754842977,0.02248792529264265,6022.942382222371,/home/runner/work/Solana-Memecoin-Analysis/Solana-Memecoin-Analysis/data/cache/2026-09-23/015207390518_ohlcv_a1e54bded5a4.json
2026-09-21T20:10:00+00:00,4iVHkn5WhmGwrKb2fYFNPnTkqhwYTEEezvsju9YEBY76,solana,Meteora,,,,,2026-09-11T20:56:40Z,0.022271919587816512,,,,,,,,,,,,,,,,,,,ohlcv_backfill,minute,0.02226038138471791,0.02274480609374566,0.022244725134637256,0.022271919587816512,2712.141886433346,/home/runner/work/Solana-Memecoin-Analysis/Solana-Memecoin-Analysis/data/cache/2026-09-23/015207390518_ohlcv_a1e54bded5a4.json
2026-09-21T20:05:00+00:00,4iVHkn5WhmGwrKb2fYFNPnTkqhwYTEEezvsju9YEBY76,solana,Meteora,,,,,2026-09-11T20:56:40Z,0.02226038138471791,,,,,,,,,,,,,,,,,,,ohlcv_backfill,minute,0.022706945692408737,0.022729238431464478,0.02212650735188832,0.02226038138471791,6500.557581256681,/home/runner/work/Solana-Memecoin-Analysis/Solana-Memecoin-Analysis/data/cache/2026-09-23/015207390518_ohlcv_a1e54bded5a4.json
2026-09-21T20:00:00+00:00,4iVHkn5WhmGwrKb2fYFNPnTkqhwYTEEezvsju9YEBY76,solana,Meteora,,,,,2026-09-11T20:56:40Z,0.022706945692408737,,,,,,,,,,,,,,,,,,,ohlcv_backfill,minute,0.022589503361836773,0.02284939114889393,0.022251794794615674,0.022706945692408737,4832.920241135638,/home/runner/work/Solana-Memecoin-Analysis/Solana-Memecoin-Analysis/data/cache/2026-09-23/015207390518_ohlcv_a1e54bded5a4.json
2026-09-21T19:55:00+00:00,4iVHkn5WhmGwrKb2fYFNPnTkqhwYTEEezvsju9YEBY76,solana,Meteora,,,,,2026-09-11T20:56:40Z,0.022589503361836773,,,,,,,,,,,,,,,,,,,ohlcv_backfill,minute,0.023313137858229867,0.023313137858229867,0.022589503361836773,0.022589503361836773,4779.026522556153,/home/runner/work/Solana-Memecoin-Analysis/Solana-Memecoin-Analysis/data/cache/2026-09-23/015207390518_ohlcv_a1e54bded5a4.json
2026-09-21T19:50:00+00:00,4iVHkn5WhmGwrKb2fYFNPnTkqhwYTEEezvsju9YEBY76,solana,Meteora,,,,,2026-09-11T20:56:40Z,0.023313137858229867,,,,,,,,,,,,,,,,,,,ohlcv_backfill,minute,0.022876215526119337,0.02333671228667115,0.02276515411317577,0.023313137858229867,3569.4299768039145,/home/runner/work/Solana-Memecoin-Analysis/Solana-Memecoin-Analysis/data/cache/2026-09-23/015207390518_ohlcv_a1e54bded5a4.json
2026-09-21T19:45:00+00:00,4iVHkn5WhmGwrKb2fYFNPnTkqhwYTEEezvsju9YEBY76,solana,Meteora,,,,,2026-09-11T20:56:40Z,0.022876215526119337,,,,,,,,,,,,,,,,,,,ohlcv_backfill,minute,0.02288966616509877,0.02333858553165663,0.02266292984822728,0.022876215526119337,6300.0649636677435,/home/runner/work/Solana-Memecoin-Analysis/Solana-Memecoin-Analysis/data/cache/2026-09-23/015207390518_ohlcv_a1e54bded5a4.json
2026-09-21T19:40:00+00:00,4iVHkn5WhmGwrKb2fYFNPnTkqhwYTEEezvsju9YEBY76,solana,Meteora,,,,,2026-09-11T20:56:40Z,0.02288966616509877,,,,,,,,,,,,,,,,,,,ohlcv_backfill,minute,0.02299488338586856,0.023362412649304106,0.022768770897608512,0.02288966616509877,3317.509708526509,/home/runner/work/Solana-Memecoin-Analysis/Solana-Memecoin-Analysis/data/cache/2026-09-23/015207390518_ohlcv_a1e54bded5a4.json
2026-09-21T19:35:00+00:00,4iVHkn5WhmGwrKb2fYFNPnTkqhwYTEEezvsju9YEBY76,solana,Meteora,,,,,2026-09-11T20:56:40Z,0.02299488338586856,,,,,,,,,,,,,,,,,,,ohlcv_backfill,minute,0.023053421943961865,0.023360671021067633,0.022509105374078468,0.02299488338586856,5161.737624325984,/home/runner/work/Solana-Memecoin-Analysis/Solana-Memecoin-Analysis/data/cache/2026-09-23/015207390518_ohlcv_a1e54bded5a4.json
2026-09-21T19:30:00+00:00,4iVHkn5WhmGwrKb2fYFNPnTkqhwYTEEezvsju9YEBY76,solana,Meteora,,,,,2026-09-11T20:56:40Z,0.023053421943961865,,,,,,,,,,,,,,,,,,,ohlcv_backfill,minute,0.02215812986442502,0.023053421943961865,0.022150054222629775,0.023053421943961865,5952.610073299321,/home/runner/work/Solana-Memecoin-Analysis/Solana-Memecoin-Analysis/data/cache/2026-09-23/015207390518_ohlcv_a1e54bded5a4.json
2026-09-21T19:25:00+00:00,4iVHkn5WhmGwrKb2fYFNPnTkqhwYTEEezvsju9YEBY76,solana,Meteora,,,,,2026-09-11T20:56:40Z,0.02215812986442502,,,,,,,,,,,,,,,,,,,ohlcv_backfill,minute,0.02248304233834651,0.022620438414117254,0.022139762779443486,0.02215812986442502,1641.6149847932504,/home/runner/work/Solana-Memecoin-Analysis/Solana-Memecoin-Analysis/data/cache/2026-09-23/015207390518_ohlcv_a1e54bded5a4.json
2026-09-21T19:20:00+00:00,4iVHkn5WhmGwrKb2fYFNPnTkqhwYTEEezvsju9YEBY76,solana,Meteora,,,,,2026-09-11T20:56:40Z,0.02248304233834651,,,,,,,,,,,,,,,,,,,ohlcv_backfill,minute,0.022690299724130034,0.023210145600264354,0.022066792744979826,0.02248304233834651,8044.347043775609,/home/runner/work/Solana-Memecoin-Analysis/Solana-Memecoin-Analysis/data/cache/2026-09-23/015207390518_ohlcv_a1e54bded5a4.json
2026-09-21T19:15:00+00:00,4iVHkn5WhmGwrKb2fYFNPnTkqhwYTEEezvsju9YEBY76,solana,Meteora,,,,,2026-09-11T20:56:40Z,0.022690299724130034,,,,,,,,,,,,,,,,,,,ohlcv_backfill,minute,0.022940799080098207,0.022940799080098207,0.022180111984469147,0.022690299724130034,8313.988525483597,/home/runner/work/Solana-Memecoin-Analysis/Solana-Memecoin-Analysis/data/cache/2026-09-23/015207390518_ohlcv_a1e54bded5a4.json
2026-09-21T19:10:00+00:00,4iVHkn5WhmGwrKb2fYFNPnTkqhwYTEEezvsju9YEBY76,solana,Meteora,,,,,2026-09-11T20:56:40Z,0.022940799080098207,,,,,,,,,,,,,,,,,,,ohlcv_backfill,minute,0.023962501319215276,0.023966904063403325,0.02221554576634614,0.022940799080098207,9978.96590041625,/home/runner/work/Solana-Memecoin-Analysis/Solana-Memecoin-Analysis/data/cache/2026-09-23/015207390518_ohlcv_a1e54bded5a4.json
2026-09-21T19:05:00+00:00,4iVHkn5WhmGwrKb2fYFNPnTkqhwYTEEezvsju9YEBY76,solana,Meteora,,,,,2026-09-11T20:56:40Z,0.023962501319215276,,,,,,,,,,,,,,,,,,,ohlcv_backfill,minute,0.02462361349960251,0.02462361349960251,0.023158613359769462,0.023962501319215276,7779.203746966089,/home/runner/work/Solana-Memecoin-Analysis/Solana-Memecoin-Analysis/data/cache/2026-09-23/015207390518_ohlcv_a1e54bded5a4.json
2026-09-21T19:00:00+00:00,4iVHkn5WhmGwrKb2fYFNPnTkqhwYTEEezvsju9YEBY76,solana,Meteora,,,,,2026-09-11T20:56:40Z,0.02462361349960251,,,,,,,,,,,,,,,,,,,ohlcv_backfill,minute,0.024800377221582928,0.024800377221582928,0.024372358260743923,0.02462361349960251,3613.4698471523043,/home/runner/work/Solana-Memecoin-Analysis/Solana-Memecoin-Analysis/data/cache/2026-09-23/015207390518_ohlcv_a1e54bded5a4.json
2026-09-21T18:55:00+00:00,4iVHkn5WhmGwrKb2fYFNPnTkqhwYTEEezvsju9YEBY76,solana,Meteora,,,,,2026-09-11T20:56:40Z,0.024800377221582928,,,,,,,,,,,,,,,,,,,ohlcv_backfill,minute,0.025321467100174248,0.02544874659705248,0.023917867072796396,0.024800377221582928,13949.138691157008,/home/runner/work/Solana-Memecoin-Analysis/Solana-Memecoin-Analysis/data/cache/2026-09-23/015207390518_ohlcv_a1e54bded5a4.json
2026-09-21T18:50:00+00:00,4iVHkn5WhmGwrKb2fYFNPnTkqhwYTEEezvsju9YEBY76,solana,Meteora,,,,,2026-09-11T20:56:40Z,0.025321467100174248,,,,,,,,,,,,,,,,,,,ohlcv_backfill,minute,0.02515753547959841,0.025452581077888874,0.024781826660905053,0.025321467100174248,3085.791980950104,/home/runner/work/Solana-Memecoin-Analysis/Solana-Memecoin-Analysis/data/cache/2026-09-23/015207390518_ohlcv_a1e54bded5a4.json
2026-09-21T18:45:00+00:00,4iVHkn5WhmGwrKb2fYFNPnTkqhwYTEEezvsju9YEBY76,solana,Meteora,,,,,2026-09-11T20:56:40Z,0.02515753547959841,,,,,,,,,,,,,,,,,,,ohlcv_backfill,minute,0.02528763935869507,0.02564663074271766,0.024760455248446053,0.02515753547959841,3671.5010904771702,/home/runner/work/Solana-Memecoin-Analysis/Solana-Memecoin-Analysis/data/cache/2026-09-23/015207390518_ohlcv_a1e54bded5a4.json
2026-09-21T18:40:00+00:00,4iVHkn5WhmGwrKb2fYFNPnTkqhwYTEEezvsju9YEBY76,solana,Meteora,,,,,2026-09-11T20:56:40Z,0.02528763935869507,,,,,,,,,,,,,,,,,,,ohlcv_backfill,minute,0.025207450298441743,0.025305035330163553,0.024464489955285176,0.02528763935869507,3468.7407717966926,/home/runner/work/Solana-Memecoin-Analysis/Solana-Memecoin-Analysis/data/cache/2026-09-23/015207390518_ohlcv_a1e54bded5a4.json
2026-09-21T18:35:00+00:00,4iVHkn5WhmGwrKb2fYFNPnTkqhwYTEEezvsju9YEBY76,solana,Meteora,,,,,2026-09-11T20:56:40Z,0.025207450298441743,,,,,,,,,,,,,,,,,,,ohlcv_backfill,minute,0.025037179506324815,0.025207450298441743,0.02356027617871022,0.025207450298441743,7226.13524805001,/home/runner/work/Solana-Memecoin-Analysis/Solana-Memecoin-Analysis/data/cache/2026-09-23/015207390518_ohlcv_a1e54bded5a4.json
2026-09-21T18:30:00+00:00,4iVHkn5WhmGwrKb2fYFNPnTkqhwYTEEezvsju9YEBY76,solana,Meteora,,,,,2026-09-11T20:56:40Z,0.025037179506324815,,,,,,,,,,,,,,,,,,,ohlcv_backfill,minute,0.024551205634648094,0.025528848539223502,0.02418465059553923,0.025037179506324815,11805.37821454382,/home/runner/work/Solana-Memecoin-Analysis/Solana-Memecoin-Analysis/data/cache/2026-09-23/015207390518_ohlcv_a1e54bded5a4.json
2026-09-21T18:25:00+00:00,4iVHkn5WhmGwrKb2fYFNPnTkqhwYTEEezvsju9YEBY76,solana,Meteora,,,,,2026-09-11T20:56:40Z,0.024551205634648094,,,,,,,,,,,,,,,,,,,ohlcv_backfill,minute,0.025643652984871968,0.026218112149925935,0.024333720598984938,0.024551205634648094,10845.26392864571,/home/runner/work/Solana-Memecoin-Analysis/Solana-Memecoin-Analysis/data/cache/2026-09-23/015207390518_ohlcv_a1e54bded5a4.json
2026-09-21T18:20:00+00:00,4iVHkn5WhmGwrKb2fYFNPnTkqhwYTEEezvsju9YEBY76,solana,Meteora,,,,,2026-09-11T20:56:40Z,0.025643652984871968,,,,,,,,,,,,,,,,,,,ohlcv_backfill,minute,0.026983167620830677,0.026983167620830677,0.025643652984871968,0.025643652984871968,6746.922955243306,/home/runner/work/Solana-Memecoin-Analysis/Solana-Memecoin-Analysis/data/cache/2026-09-23/015207390518_ohlcv_a1e54bded5a4.json
2026-09-21T18:15:00+00:00,4iVHkn5WhmGwrKb2fYFNPnTkqhwYTEEezvsju9YEBY76,solana,Meteora,,,,,2026-09-11T20:56:40Z,0.026983167620830677,,,,,,,,,,,,,,,,,,,ohlcv_backfill,minute,0.026292147688539953,0.026983167620830677,0.026054749084441012,0.026983167620830677,5483.2760155015785,/home/runner/work/Solana-Memecoin-Analysis/Solana-Memecoin-Analysis/data/cache/2026-09-23/015207390518_ohlcv_a1e54bded5a4.json
2026-09-21T18:10:00+00:00,4iVHkn5WhmGwrKb2fYFNPnTkqhwYTEEezvsju9YEBY76,solana,Meteora,,,,,2026-09-11T20:56:40Z,0.026292147688539953,,,,,,,,,,,,,,,,,,,ohlcv_backfill,minute,0.026012451373457122,0.027848102655568578,0.025648318799886657,0.026292147688539953,7984.106979671748,/home/runner/work/Solana-Memecoin-Analysis/Solana-Memecoin-Analysis/data/cache/2026-09-23/015207390518_ohlcv_a1e54bded5a4.json
2026-09-21T18:05:00+00:00,4iVHkn5WhmGwrKb2fYFNPnTkqhwYTEEezvsju9YEBY76,solana,Meteora,,,,,2026-09-11T20:56:40Z,0.026012451373457122,,,,,,,,,,,,,,,,,,,ohlcv_backfill,minute,0.024685306420671897,0.028716061403712526,0.024477553822877442,0.026012451373457122,23015.83360303986,/home/runner/work/Solana-Memecoin-Analysis/Solana-Memecoin-Analysis/data/cache/2026-09-23/015207390518_ohlcv_a1e54bded5a4.json
2026-09-21T18:00:00+00:00,4iVHkn5WhmGwrKb2fYFNPnTkqhwYTEEezvsju9YEBY76,solana,Meteora,,,,,2026-09-11T20:56:40Z,0.024685306420671897,,,,,,,,,,,,,,,,,,,ohlcv_backfill,minute,0.025822208920032005,0.026311226731349197,0.024499875168988244,0.024685306420671897,17787.91283944736,/home/runner/work/Solana-Memecoin-Analysis/Solana-Memecoin-Analysis/data/cache/2026-09-23/015207390518_ohlcv_a1e54bded5a4.json
2026-09-21T17:55:00+00:00,4iVHkn5WhmGwrKb2fYFNPnTkqhwYTEEezvsju9YEBY76,solana,Meteora,,,,,2026-09-11T20:56:40Z,0.025822208920032005,,,,,,,,,,,,,,,,,,,ohlcv_backfill,minute,0.026017778761014423,0.027183931613691797,0.024452230792199364,0.025822208920032005,20133.08365850984,/home/runner/work/Solana-Memecoin-Analysis/Solana-Memecoin-Analysis/data/cache/2026-09-23/015207390518_ohlcv_a1e54bded5a4.json
2026-09-21T17:50:00+00:00,4iVHkn5WhmGwrKb2fYFNPnTkqhwYTEEezvsju9YEBY76,solana,Meteora,,,,,2026-09-11T20:56:40Z,0.026017778761014423,,,,,,,,,,,,,,,,,,,ohlcv_backfill,minute,0.02587349258927271,0.029267686206097876,0.0248786903209342,0.026017778761014423,19571.804075761007,/home/runner/work/Solana-Memecoin-Analysis/Solana-Memecoin-Analysis/data/cache/2026-09-23/015207390518_ohlcv_a1e54bded5a4.json
2026-09-21T17:45:00+00:00,4iVHkn5WhmGwrKb2fYFNPnTkqhwYTEEezvsju9YEBY76,solana,Meteora,,,,,2026-09-11T20:56:40Z,0.02587349258927271,,,,,,,,,,,,,,,,,,,ohlcv_backfill,minute,0.025017223792659016,0.02880521113390534,0.02418400750094061,0.02587349258927271,35480.5230545522,/home/runner/work/Solana-Memecoin-Analysis/Solana-Memecoin-Analysis/data/cache/2026-09-23/015207390518_ohlcv_a1e54bded5a4.json
2026-09-21T17:40:00+00:00,4iVHkn5WhmGwrKb2fYFNPnTkqhwYTEEezvsju9YEBY76,solana,Meteora,,,,,2026-09-11T20:56:40Z,0.025017223792659016,,,,,,,,,,,,,,,,,,,ohlcv_backfill,minute,0.024126208945214084,0.02596518122971947,0.024100881140296803,0.025017223792659016,20772.9469190788,/home/runner/work/Solana-Memecoin-Analysis/Solana-Memecoin-Analysis/data/cache/2026-09-23/015207390518_ohlcv_a1e54bded5a4.json
2026-09-21T17:35:00+00:00,4iVHkn5WhmGwrKb2fYFNPnTkqhwYTEEezvsju9YEBY76,solana,Meteora,,,,,2026-09-11T20:56:40Z,0.024126208945214084,,,,,,,,,,,,,,,,,,,ohlcv_backfill,minute,0.02365754558161734,0.02502540436626171,0.023543034741147578,0.024126208945214084,10381.316830378135,/home/runner/work/Solana-Memecoin-Analysis/Solana-Memecoin-Analysis/data/cache/2026-09-23/015207390518_ohlcv_a1e54bded5a4.json
2026-09-21T17:30:00+00:00,4iVHkn5WhmGwrKb2fYFNPnTkqhwYTEEezvsju9YEBY76,solana,Meteora,,,,,2026-09-11T20:56:40Z,0.02365754558161734,,,,,,,,,,,,,,,,,,,ohlcv_backfill,minute,0.02308273819264943,0.023861408565268673,0.022613888889890833,0.02365754558161734,9691.907099144419,/home/runner/work/Solana-Memecoin-Analysis/Solana-Memecoin-Analysis/data/cache/2026-09-23/015207390518_ohlcv_a1e54bded5a4.json
2026-09-21T17:25:00+00:00,4iVHkn5WhmGwrKb2fYFNPnTkqhwYTEEezvsju9YEBY76,solana,Meteora,,,,,2026-09-11T20:56:40Z,0.02308273819264943,,,,,,,,,,,,,,,,,,,ohlcv_backfill,minute,0.02277167911358822,0.02360667221952506,0.02250325595326526,0.02308273819264943,7080.469120099685,/home/runner/work/Solana-Memecoin-Analysis/Solana-Memecoin-Analysis/data/cache/2026-09-23/015207390518_ohlcv_a1e54bded5a4.json
2026-09-21T17:20:00+00:00,4iVHkn5WhmGwrKb2fYFNPnTkqhwYTEEezvsju9YEBY76,solana,Meteora,,,,,2026-09-11T20:56:40Z,0.02277167911358822,,,,,,,,,,,,,,,,,,,ohlcv_backfill,minute,0.022691708400555226,0.02348919597975843,0.02249617794339697,0.02277167911358822,10569.782179310801,/home/runner/work/Solana-Memecoin-Analysis/Solana-Memecoin-Analysis/data/cache/2026-09-23/015207390518_ohlcv_a1e54bded5a4.json
2026-09-21T17:15:00+00:00,4iVHkn5WhmGwrKb2fYFNPnTkqhwYTEEezvsju9YEBY76,solana,Meteora,,,,,2026-09-11T20:56:40Z,0.022691708400555226,,,,,,,,,,,,,,,,,,,ohlcv_backfill,minute,0.022312353552409524,0.023090025070754566,0.022312353552409524,0.022691708400555226,2726.136336969018,/home/runner/work/Solana-Memecoin-Analysis/Solana-Memecoin-Analysis/data/cache/2026-09-23/015207390518_ohlcv_a1e54bded5a4.json
2026-09-21T17:10:00+00:00,4iVHkn5WhmGwrKb2fYFNPnTkqhwYTEEezvsju9YEBY76,solana,Meteora,,,,,2026-09-11T20:56:40Z,0.022312353552409524,,,,,,,,,,,,,,,,,,,ohlcv_backfill,minute,0.02180629950951355,0.022827310427355973,0.02180629950951355,0.022312353552409524,7455.072889555089,/home/runner/work/Solana-Memecoin-Analysis/Solana-Memecoin-Analysis/data/cache/2026-09-23/015207390518_ohlcv_a1e54bded5a4.json
2026-09-21T17:05:00+00:00,4iVHkn5WhmGwrKb2fYFNPnTkqhwYTEEezvsju9YEBY76,solana,Meteora,,,,,2026-09-11T20:56:40Z,0.02180629950951355,,,,,,,,,,,,,,,,,,,ohlcv_backfill,minute,0.022629546312316822,0.022629546312316822,0.02180629950951355,0.02180629950951355,3619.509564383574,/home/runner/work/Solana-Memecoin-Analysis/Solana-Memecoin-Analysis/data/cache/2026-09-23/015207390518_ohlcv_a1e54bded5a4.json
2026-09-21T17:00:00+00:00,4iVHkn5WhmGwrKb2fYFNPnTkqhwYTEEezvsju9YEBY76,solana,Meteora,,,,,2026-09-11T20:56:40Z,0.022629546312316822,,,,,,,,,,,,,,,,,,,ohlcv_backfill,minute,0.02200032610067565,0.02268778852480305,0.0215399619824728,0.022629546312316822,7905.569736505299,/home/runner/work/Solana-Memecoin-Analysis/Solana-Memecoin-Analysis/data/cache/2026-09-23/015207390518_ohlcv_a1e54bded5a4.json
2026-09-21T16:55:00+00:00,4iVHkn5WhmGwrKb2fYFNPnTkqhwYTEEezvsju9YEBY76,solana,Meteora,,,,,2026-09-11T20:56:40Z,0.02200032610067565,,,,,,,,,,,,,,,,,,,ohlcv_backfill,minute,0.021897177443984013,0.02200032610067565,0.02145762578316837,0.02200032610067565,2637.5958519517126,/home/runner/work/Solana-Memecoin-Analysis/Solana-Memecoin-Analysis/data/cache/2026-09-23/015207390518_ohlcv_a1e54bded5a4.json
2026-09-21T16:50:00+00:00,4iVHkn5WhmGwrKb2fYFNPnTkqhwYTEEezvsju9YEBY76,solana,Meteora,,,,,2026-09-11T20:56:40Z,0.021897177443984013,,,,,,,,,,,,,,,,,,,ohlcv_backfill,minute,0.02191202290814957,0.022322858879157654,0.021875139398296394,0.021897177443984013,365.6307868334709,/home/runner/work/Solana-Memecoin-Analysis/Solana-Memecoin-Analysis/data/cache/2026-09-23/015207390518_ohlcv_a1e54bded5a4.json
2026-09-21T16:45:00+00:00,4iVHkn5WhmGwrKb2fYFNPnTkqhwYTEEezvsju9YEBY76,solana,Meteora,,,,,2026-09-11T20:56:40Z,0.02191202290814957,,,,,,,,,,,,,,,,,,,ohlcv_backfill,minute,0.021958784754397304,0.02237464637487895,0.021652448441173786,0.02191202290814957,3987.245739959145,/home/runner/work/Solana-Memecoin-Analysis/Solana-Memecoin-Analysis/data/cache/2026-09-23/015207390518_ohlcv_a1e54bded5a4.json
2026-09-21T16:40:00+00:00,4iVHkn5WhmGwrKb2fYFNPnTkqhwYTEEezvsju9YEBY76,solana,Meteora,,,,,2026-09-11T20:56:40Z,0.021958784754397304,,,,,,,,,,,,,,,,,,,ohlcv_backfill,minute,0.021946203785459965,0.022076670994634014,0.020831735209257164,0.021958784754397304,15281.63202652349,/home/runner/work/Solana-Memecoin-Analysis/Solana-Memecoin-Analysis/data/cache/2026-09-23/015207390518_ohlcv_a1e54bded5a4.json
2026-09-21T16:35:00+00:00,4iVHkn5WhmGwrKb2fYFNPnTkqhwYTEEezvsju9YEBY76,solana,Meteora,,,,,2026-09-11T20:56:40Z,0.021946203785459965,,,,,,,,,,,,,,,,,,,ohlcv_backfill,minute,0.02125308169834239,0.022446063096302267,0.020981722710043994,0.021946203785459965,13553.012161465695,/home/runner/work/Solana-Memecoin-Analysis/Solana-Memecoin-Analysis/data/cache/2026-09-23/015207390518_ohlcv_a1e54bded5a4.json
2026-09-21T16:30:00+00:00,4iVHkn5WhmGwrKb2fYFNPnTkqhwYTEEezvsju9YEBY76,solana,Meteora,,,,,2026-09-11T20:56:40Z,0.02125308169834239,,,,,,,,,,,,,,,,,,,ohlcv_backfill,minute,0.021928982913579843,0.021928982913579843,0.02125308169834239,0.02125308169834239,3356.9677817900233,/home/runner/work/Solana-Memecoin-Analysis/Solana-Memecoin-Analysis/data/cache/2026-09-23/015207390518_ohlcv_a1e54bded5a4.json
2026-09-21T16:25:00+00:00,4iVHkn5WhmGwrKb2fYFNPnTkqhwYTEEezvsju9YEBY76,solana,Meteora,,,,,2026-09-11T20:56:40Z,0.021928982913579843,,,,,,,,,,,,,,,,,,,ohlcv_backfill,minute,0.022132860881635883,0.022330356511845388,0.021455464291661723,0.021928982913579843,6198.449670934801,/home/runner/work/Solana-Memecoin-Analysis/Solana-Memecoin-Analysis/data/cache/2026-09-23/015207390518_ohlcv_a1e54bded5a4.json
2026-09-21T16:20:00+00:00,4iVHkn5WhmGwrKb2fYFNPnTkqhwYTEEezvsju9YEBY76,solana,Meteora,,,,,2026-09-11T20:56:40Z,0.022132860881635883,,,,,,,,,,,,,,,,,,,ohlcv_backfill,minute,0.021845737538604405,0.02242262048767043,0.021734764402895543,0.022132860881635883,6891.62508022838,/home/runner/work/Solana-Memecoin-Analysis/Solana-Memecoin-Analysis/data/cache/2026-09-23/015207390518_ohlcv_a1e54bded5a4.json
2026-09-21T16:15:00+00:00,4iVHkn5WhmGwrKb2fYFNPnTkqhwYTEEezvsju9YEBY76,solana,Meteora,,,,,2026-09-11T20:56:40Z,0.021845737538604405,,,,,,,,,,,,,,,,,,,ohlcv_backfill,minute,0.021896645195533655,0.022552317924412625,0.021845737538604405,0.021845737538604405,3574.4180696744165,/home/runner/work/Solana-Memecoin-Analysis/Solana-Memecoin-Analysis/data/cache/2026-09-23/015207390518_ohlcv_a1e54bded5a4.json
2026-09-21T16:10:00+00:00,4iVHkn5WhmGwrKb2fYFNPnTkqhwYTEEezvsju9YEBY76,solana,Meteora,,,,,2026-09-11T20:56:40Z,0.021896645195533655,,,,,,,,,,,,,,,,,,,ohlcv_backfill,minute,0.02168533949814225,0.02234846564112116,0.02168533949814225,0.021896645195533655,3868.0349788418057,/home/runner/work/Solana-Memecoin-Analysis/Solana-Memecoin-Analysis/data/cache/2026-09-23/015207390518_ohlcv_a1e54bded5a4.json
2026-09-21T16:05:00+00:00,4iVHkn5WhmGwrKb2fYFNPnTkqhwYTEEezvsju9YEBY76,solana,Meteora,,,,,2026-09-11T20:56:40Z,0.02168533949814225,,,,,,,,,,,,,,,,,,,ohlcv_backfill,minute,0.02274591285619607,0.02274591285619607,0.021670212885470948,0.02168533949814225,4352.087446491398,/home/runner/work/Solana-Memecoin-Analysis/Solana-Memecoin-Analysis/data/cache/2026-09-23/015207390518_ohlcv_a1e54bded5a4.json
2026-09-21T16:00:00+00:00,4iVHkn5WhmGwrKb2fYFNPnTkqhwYTEEezvsju9YEBY76,solana,Meteora,,,,,2026-09-11T20:56:40Z,0.02274591285619607,,,,,,,,,,,,,,,,,,,ohlcv_backfill,minute,0.022863256227458065,0.0233762895293887,0.022258721911227748,0.02274591285619607,5616.70325409338,/home/runner/work/Solana-Memecoin-Analysis/Solana-Memecoin-Analysis/data/cache/2026-09-23/015207390518_ohlcv_a1e54bded5a4.json
2026-09-21T15:55:00+00:00,4iVHkn5WhmGwrKb2fYFNPnTkqhwYTEEezvsju9YEBY76,solana,Meteora,,,,,2026-09-11T20:56:40Z,0.022863256227458065,,,,,,,,,,,,,,,,,,,ohlcv_backfill,minute,0.022603065459144683,0.02356005998181137,0.022097514477223905,0.022863256227458065,8736.465777615504,/home/runner/work/Solana-Memecoin-Analysis/Solana-Memecoin-Analysis/data/cache/2026-09-23/015207390518_ohlcv_a1e54bded5a4.json
2026-09-21T15:50:00+00:00,4iVHkn5WhmGwrKb2fYFNPnTkqhwYTEEezvsju9YEBY76,solana,Meteora,,,,,2026-09-11T20:56:40Z,0.022603065459144683,,,,,,,,,,,,,,,,,,,ohlcv_backfill,minute,0.020862171238208434,0.022922670605657072,0.020862171238208434,0.022603065459144683,10869.053519718911,/home/runner/work/Solana-Memecoin-Analysis/Solana-Memecoin-Analysis/data/cache/2026-09-23/015207390518_ohlcv_a1e54bded5a4.json
2026-09-21T15:45:00+00:00,4iVHkn5WhmGwrKb2fYFNPnTkqhwYTEEezvsju9YEBY76,solana,Meteora,,,,,2026-09-11T20:56:40Z,0.020862171238208434,,,,,,,,,,,,,,,,,,,ohlcv_backfill,minute,0.020320241262104584,0.02153450548785841,0.020320241262104584,0.020862171238208434,3343.0469609502456,/home/runner/work/Solana-Memecoin-Analysis/Solana-Memecoin-Analysis/data/cache/2026-09-23/015207390518_ohlcv_a1e54bded5a4.json
2026-09-21T15:40:00+00:00,4iVHkn5WhmGwrKb2fYFNPnTkqhwYTEEezvsju9YEBY76,solana,Meteora,,,,,2026-09-11T20:56:40Z,0.020320241262104584,,,,,,,,,,,,,,,,,,,ohlcv_backfill,minute,0.020066774639163034,0.020779938938598277,0.01972565692966378,0.020320241262104584,6678.436347252938,/home/runner/work/Solana-Memecoin-Analysis/Solana-Memecoin-Analysis/data/cache/2026-09-23/015207390518_ohlcv_a1e54bded5a4.json
2026-09-21T15:35:00+00:00,4iVHkn5WhmGwrKb2fYFNPnTkqhwYTEEezvsju9YEBY76,solana,Meteora,,,,,2026-09-11T20:56:40Z,0.020066774639163034,,,,,,,,,,,,,,,,,,,ohlcv_backfill,minute,0.019688793997599353,0.020236822395477295,0.01962484035590568,0.020066774639163034,6655.214133137292,/home/runner/work/Solana-Memecoin-Analysis/Solana-Memecoin-Analysis/data/cache/2026-09-23/015207390518_ohlcv_a1e54bded5a4.json
2026-09-21T15:30:00+00:00,4iVHkn5WhmGwrKb2fYFNPnTkqhwYTEEezvsju9YEBY76,solana,Meteora,,,,,2026-09-11T20:56:40Z,0.019688793997599353,,,,,,,,,,,,,,,,,,,ohlcv_backfill,minute,0.019686245634088252,0.020127521165436462,0.019686245634088252,0.019688793997599353,1389.0150937779083,/home/runner/work/Solana-Memecoin-Analysis/Solana-Memecoin-Analysis/data/cache/2026-09-23/015207390518_ohlcv_a1e54bded5a4.json
2026-09-21T15:25:00+00:00,4iVHkn5WhmGwrKb2fYFNPnTkqhwYTEEezvsju9YEBY76,solana,Meteora,,,,,2026-09-11T20:56:40Z,0.019686245634088252,,,,,,,,,,,,,,,,,,,ohlcv_backfill,minute,0.02011231869009101,0.020115984212485137,0.019682158346258336,0.019686245634088252,273.04839604634185,/home/runner/work/Solana-Memecoin-Analysis/Solana-Memecoin-Analysis/data/cache/2026-09-23/015207390518_ohlcv_a1e54bded5a4.json
2026-09-21T15:20:00+00:00,4iVHkn5WhmGwrKb2fYFNPnTkqhwYTEEezvsju9YEBY76,solana,Meteora,,,,,2026-09-11T20:56:40Z,0.02011231869009101,,,,,,,,,,,,,,,,,,,ohlcv_backfill,minute,0.019800525515523634,0.020148428207851652,0.019720031100853956,0.02011231869009101,2903.505466473046,/home/runner/work/Solana-Memecoin-Analysis/Solana-Memecoin-Analysis/data/cache/2026-09-23/015207390518_ohlcv_a1e54bded5a4.json
2026-09-21T15:15:00+00:00,4iVHkn5WhmGwrKb2fYFNPnTkqhwYTEEezvsju9YEBY76,solana,Meteora,,,,,2026-09-11T20:56:40Z,0.019800525515523634,,,,,,,,,,,,,,,,,,,ohlcv_backfill,minute,0.01998405524487398,0.02002654588322343,0.01950152629407955,0.019800525515523634,2823.8064342560565,/home/runner/work/Solana-Memecoin-Analysis/Solana-Memecoin-Analysis/data/cache/2026-09-23/015207390518_ohlcv_a1e54bded5a4.json
2026-09-21T15:10:00+00:00,4iVHkn5WhmGwrKb2fYFNPnTkqhwYTEEezvsju9YEBY76,solana,Meteora,,,,,2026-09-11T20:56:40Z,0.01998405524487398,,,,,,,,,,,,,,,,,,,ohlcv_backfill,minute,0.020445090769624415,0.02059965854294173,0.01980698469392351,0.01998405524487398,5478.653534646616,/home/runner/work/Solana-Memecoin-Analysis/Solana-Memecoin-Analysis/data/cache/2026-09-23/015207390518_ohlcv_a1e54bded5a4.json
2026-09-21T15:05:00+00:00,4iVHkn5WhmGwrKb2fYFNPnTkqhwYTEEezvsju9YEBY76,solana,Meteora,,,,,2026-09-11T20:56:40Z,0.020445090769624415,,,,,,,,,,,,,,,,,,,ohlcv_backfill,minute,0.02059218755265946,0.02096609804682531,0.0201265441962269,0.020445090769624415,7984.738207319576,/home/runner/work/Solana-Memecoin-Analysis/Solana-Memecoin-Analysis/data/cache/2026-09-23/015207390518_ohlcv_a1e54bded5a4.json
2026-09-21T15:00:00+00:00,4iVHkn5WhmGwrKb2fYFNPnTkqhwYTEEezvsju9YEBY76,solana,Meteora,,,,,2026-09-11T20:56:40Z,0.02059218755265946,,,,,,,,,,,,,,,,,,,ohlcv_backfill,minute,0.02015856708301734,0.020626689795898583,0.020117396632191722,0.02059218755265946,1669.1077286620064,/home/runner/work/Solana-Memecoin-Analysis/Solana-Memecoin-Analysis/data/cache/2026-09-23/015207390518_ohlcv_a1e54bded5a4.json
2026-09-21T14:55:00+00:00,4iVHkn5WhmGwrKb2fYFNPnTkqhwYTEEezvsju9YEBY76,solana,Meteora,,,,,2026-09-11T20:56:40Z,0.02015856708301734,,,,,,,,,,,,,,,,,,,ohlcv_backfill,minute,0.019683310803860245,0.020589830613826566,0.019657224205341845,0.02015856708301734,6948.434265275795,/home/runner/work/Solana-Memecoin-Analysis/Solana-Memecoin-Analysis/data/cache/2026-09-23/015207390518_ohlcv_a1e54bded5a4.json
2026-09-21T14:50:00+00:00,4iVHkn5WhmGwrKb2fYFNPnTkqhwYTEEezvsju9YEBY76,solana,Meteora,,,,,2026-09-11T20:56:40Z,0.019683310803860245,,,,,,,,,,,,,,,,,,,ohlcv_backfill,minute,0.019353675311245256,0.02031907063221649,0.01930910127279597,0.019683310803860245,10799.042949714152,/home/runner/work/Solana-Memecoin-Analysis/Solana-Memecoin-Analysis/data/cache/2026-09-23/015207390518_ohlcv_a1e54bded5a4.json
2026-09-21T14:45:00+00:00,4iVHkn5WhmGwrKb2fYFNPnTkqhwYTEEezvsju9YEBY76,solana,Meteora,,,,,2026-09-11T20:56:40Z,0.019353675311245256,,,,,,,,,,,,,,,,,,,ohlcv_backfill,minute,0.019571978838524344,0.01972846306915072,0.019147782283407234,0.019353675311245256,4323.188256543225,/home/runner/work/Solana-Memecoin-Analysis/Solana-Memecoin-Analysis/data/cache/2026-09-23/015207390518_ohlcv_a1e54bded5a4.json
2026-09-21T14:40:00+00:00,4iVHkn5WhmGwrKb2fYFNPnTkqhwYTEEezvsju9YEBY76,solana,Meteora,,,,,2026-09-11T20:56:40Z,0.019571978838524344,,,,,,,,,,,,,,,,,,,ohlcv_backfill,minute,0.01913690771026797,0.019571978838524344,0.0190527364470761,0.019571978838524344,853.0993334183768,/home/runner/work/Solana-Memecoin-Analysis/Solana-Memecoin-Analysis/data/cache/2026-09-23/015207390518_ohlcv_a1e54bded5a4.json
2026-09-21T14:35:00+00:00,4iVHkn5WhmGwrKb2fYFNPnTkqhwYTEEezvsju9YEBY76,solana,Meteora,,,,,2026-09-11T20:56:40Z,0.01913690771026797,,,,,,,,,,,,,,,,,,,ohlcv_backfill,minute,0.01897425177403554,0.019401679218024034,0.01887940181447701,0.01913690771026797,5277.51835327792,/home/runner/work/Solana-Memecoin-Analysis/Solana-Memecoin-Analysis/data/cache/2026-09-23/015207390518_ohlcv_a1e54bded5a4.json
2026-09-21T14:30:00+00:00,4iVHkn5WhmGwrKb2fYFNPnTkqhwYTEEezvsju9YEBY76,solana,Meteora,,,,,2026-09-11T20:56:40Z,0.01897425177403554,,,,,,,,,,,,,,,,,,,ohlcv_backfill,minute,0.018710481709363694,0.0193320928631325,0.018710481709363694,0.01897425177403554,6890.991069802172,/home/runner/work/Solana-Memecoin-Analysis/Solana-Memecoin-Analysis/data/cache/2026-09-23/015207390518_ohlcv_a1e54bded5a4.json
2026-09-21T14:25:00+00:00,4iVHkn5WhmGwrKb2fYFNPnTkqhwYTEEezvsju9YEBY76,solana,Meteora,,,,,2026-09-11T20:56:40Z,0.018710481709363694,,,,,,,,,,,,,,,,,,,ohlcv_backfill,minute,0.01878083128562014,0.019238820325470522,0.0183524137856716,0.018710481709363694,9844.018204211454,/home/runner/work/Solana-Memecoin-Analysis/Solana-Memecoin-Analysis/data/cache/2026-09-23/015207390518_ohlcv_a1e54bded5a4.json
2026-09-21T14:20:00+00:00,4iVHkn5WhmGwrKb2fYFNPnTkqhwYTEEezvsju9YEBY76,solana,Meteora,,,,,2026-09-11T20:56:40Z,0.01878083128562014,,,,,,,,,,,,,,,,,,,ohlcv_backfill,minute,0.019431324488686258,0.019438013366738765,0.018774950092205478,0.01878083128562014,3970.0342554997364,/home/runner/work/Solana-Memecoin-Analysis/Solana-Memecoin-Analysis/data/cache/2026-09-23/015207390518_ohlcv_a1e54bded5a4.json
2026-09-21T14:15:00+00:00,4iVHkn5WhmGwrKb2fYFNPnTkqhwYTEEezvsju9YEBY76,solana,Meteora,,,,,2026-09-11T20:56:40Z,0.019431324488686258,,,,,,,,,,,,,,,,,,,ohlcv_backfill,minute,0.019295937466790106,0.019698593099716714,0.019143257791679164,0.019431324488686258,3442.5918631057293,/home/runner/work/Solana-Memecoin-Analysis/Solana-Memecoin-Analysis/data/cache/2026-09-23/015207390518_ohlcv_a1e54bded5a4.json
2026-09-21T14:10:00+00:00,4iVHkn5WhmGwrKb2fYFNPnTkqhwYTEEezvsju9YEBY76,solana,Meteora,,,,,2026-09-11T20:56:40Z,0.019295937466790106,,,,,,,,,,,,,,,,,,,ohlcv_backfill,minute,0.019333919538346848,0.01988030813614669,0.019287649227700186,0.019295937466790106,3177.906681342162,/home/runner/work/Solana-Memecoin-Analysis/Solana-Memecoin-Analysis/data/cache/2026-09-23/015207390518_ohlcv_a1e54bded5a4.json
2026-09-21T14:05:00+00:00,4iVHkn5WhmGwrKb2fYFNPnTkqhwYTEEezvsju9YEBY76,solana,Meteora,,,,,2026-09-11T20:56:40Z,0.019333919538346848,,,,,,,,,,,,,,,,,,,ohlcv_backfill,minute,0.01929726177961981,0.01982253144440247,0.01929726177961981,0.019333919538346848,2532.4487684817373,/home/runner/work/Solana-Memecoin-Analysis/Solana-Memecoin-Analysis/data/cache/2026-09-23/015207390518_ohlcv_a1e54bded5a4.json
2026-09-21T14:00:00+00:00,4iVHkn5WhmGwrKb2fYFNPnTkqhwYTEEezvsju9YEBY76,solana,Meteora,,,,,2026-09-11T20:56:40Z,0.01929726177961981,,,,,,,,,,,,,,,,,,,ohlcv_backfill,minute,0.019889034371229415,0.019889034371229415,0.01929726177961981,0.01929726177961981,2267.9677192125905,/home/runner/work/Solana-Memecoin-Analysis/Solana-Memecoin-Analysis/data/cache/2026-09-23/015207390518_ohlcv_a1e54bded5a4.json
2026-09-21T13:55:00+00:00,4iVHkn5WhmGwrKb2fYFNPnTkqhwYTEEezvsju9YEBY76,solana,Meteora,,,,,2026-09-11T20:56:40Z,0.019889034371229415,,,,,,,,,,,,,,,,,,,ohlcv_backfill,minute,0.019549470055898237,0.019889034371229415,0.019142166156628494,0.019889034371229415,5478.241849602899,/home/runner/work/Solana-Memecoin-Analysis/Solana-Memecoin-Analysis/data/cache/2026-09-23/015207390518_ohlcv_a1e54bded5a4.json
2026-09-21T13:50:00+00:00,4iVHkn5WhmGwrKb2fYFNPnTkqhwYTEEezvsju9YEBY76,solana,Meteora,,,,,2026-09-11T20:56:40Z,0.019549470055898237,,,,,,,,,,,,,,,,,,,ohlcv_backfill,minute,0.019708043621362335,0.019780186407864345,0.019159230792412413,0.019549470055898237,2559.1027025164826,/home/runner/work/Solana-Memecoin-Analysis/Solana-Memecoin-Analysis/data/cache/2026-09-23/015207390518_ohlcv_a1e54bded5a4.json
2026-09-21T13:45:00+00:00,4iVHkn5WhmGwrKb2fYFNPnTkqhwYTEEezvsju9YEBY76,solana,Meteora,,,,,2026-09-11T20:56:40Z,0.019708043621362335,,,,,,,,,,,,,,,,,,,ohlcv_backfill,minute,0.018904203616057817,0.019708043621362335,0.018738370354915816,0.019708043621362335,10786.532495408528,/home/runner/work/Solana-Memecoin-Analysis/Solana-Memecoin-Analysis/data/cache/2026-09-23/015207390518_ohlcv_a1e54bded5a4.json
2026-09-21T13:40:00+00:00,4iVHkn5WhmGwrKb2fYFNPnTkqhwYTEEezvsju9YEBY76,solana,Meteora,,,,,2026-09-11T20:56:40Z,0.018904203616057817,,,,,,,,,,,,,,,,,,,ohlcv_backfill,minute,0.019008200351505005,0.019433702914132905,0.018735149175089918,0.018904203616057817,10927.271320097752,/home/runner/work/Solana-Memecoin-Analysis/Solana-Memecoin-Analysis/data/cache/2026-09-23/015207390518_ohlcv_a1e54bded5a4.json
2026-09-21T13:35:00+00:00,4iVHkn5WhmGwrKb2fYFNPnTkqhwYTEEezvsju9YEBY76,solana,Meteora,,,,,2026-09-11T20:56:40Z,0.019008200351505005,,,,,,,,,,,,,,,,,,,ohlcv_backfill,minute,0.018822212052049914,0.01900824178004814,0.018394039106848944,0.019008200351505005,2686.595080223398,/home/runner/work/Solana-Memecoin-Analysis/Solana-Memecoin-Analysis/data/cache/2026-09-23/015207390518_ohlcv_a1e54bded5a4.json
2026-09-21T13:30:00+00:00,4iVHkn5WhmGwrKb2fYFNPnTkqhwYTEEezvsju9YEBY76,solana,Meteora,,,,,2026-09-11T20:56:40Z,0.018822212052049914,,,,,,,,,,,,,,,,,,,ohlcv_backfill,minute,0.018437842558978314,0.019221758743124054,0.018437842558978314,0.018822212052049914,8688.633237022339,/home/runner/work/Solana-Memecoin-Analysis/Solana-Memecoin-Analysis/data/cache/2026-09-23/015207390518_ohlcv_a1e54bded5a4.json
2026-09-21T13:25:00+00:00,4iVHkn5WhmGwrKb2fYFNPnTkqhwYTEEezvsju9YEBY76,solana,Meteora,,,,,2026-09-11T20:56:40Z,0.018437842558978314,,,,,,,,,,,,,,,,,,,ohlcv_backfill,minute,0.01902526406877823,0.01902526406877823,0.01825222068525488,0.018437842558978314,8085.440044963649,/home/runner/work/Solana-Memecoin-Analysis/Solana-Memecoin-Analysis/data/cache/2026-09-23/015207390518_ohlcv_a1e54bded5a4.json
2026-09-21T13:20:00+00:00,4iVHkn5WhmGwrKb2fYFNPnTkqhwYTEEezvsju9YEBY76,solana,Meteora,,,,,2026-09-11T20:56:40Z,0.01902526406877823,,,,,,,,,,,,,,,,,,,ohlcv_backfill,minute,0.019909348025130745,0.020004730999396914,0.018486100206876226,0.01902526406877823,20399.050493580355,/home/runner/work/Solana-Memecoin-Analysis/Solana-Memecoin-Analysis/data/cache/2026-09-23/015207390518_ohlcv_a1e54bded5a4.json
2026-09-21T13:15:00+00:00,4iVHkn5WhmGwrKb2fYFNPnTkqhwYTEEezvsju9YEBY76,solana,Meteora,,,,,2026-09-11T20:56:40Z,0.019909348025130745,,,,,,,,,,,,,,,,,,,ohlcv_backfill,minute,0.019745283893901577,0.02022492577383768,0.019250529861906677,0.019909348025130745,7522.660390706421,/home/runner/work/Solana-Memecoin-Analysis/Solana-Memecoin-Analysis/data/cache/2026-09-23/015207390518_ohlcv_a1e54bded5a4.json
2026-09-21T13:10:00+00:00,4iVHkn5WhmGwrKb2fYFNPnTkqhwYTEEezvsju9YEBY76,solana,Meteora,,,,,2026-09-11T20:56:40Z,0.019745283893901577,,,,,,,,,,,,,,,,,,,ohlcv_backfill,minute,0.01975550485291933,0.02015089438958707,0.01974439556468056,0.019745283893901577,80.07171109515595,/home/runner/work/Solana-Memecoin-Analysis/Solana-Memecoin-Analysis/data/cache/2026-09-23/015207390518_ohlcv_a1e54bded5a4.json
2026-09-21T13:05:00+00:00,4iVHkn5WhmGwrKb2fYFNPnTkqhwYTEEezvsju9YEBY76,solana,Meteora,,,,,2026-09-11T20:56:40Z,0.01975550485291933,,,,,,,,,,,,,,,,,,,ohlcv_backfill,minute,0.01969569569184582,0.0201508561589258,0.01969569569184582,0.01975550485291933,898.5847847461106,/home/runner/work/Solana-Memecoin-Analysis/Solana-Memecoin-Analysis/data/cache/2026-09-23/015207390518_ohlcv_a1e54bded5a4.json
2026-09-21T13:00:00+00:00,4iVHkn5WhmGwrKb2fYFNPnTkqhwYTEEezvsju9YEBY76,solana,Meteora,,,,,2026-09-11T20:56:40Z,0.01969569569184582,,,,,,,,,,,,,,,,,,,ohlcv_backfill,minute,0.020193459300547747,0.020208514370232054,0.01967947092604513,0.01969569569184582,1001.752605942225,/home/runner/work/Solana-Memecoin-Analysis/Solana-Memecoin-Analysis/data/cache/2026-09-23/015207390518_ohlcv_a1e54bded5a4.json
2026-09-21T12:55:00+00:00,4iVHkn5WhmGwrKb2fYFNPnTkqhwYTEEezvsju9YEBY76,solana,Meteora,,,,,2026-09-11T20:56:40Z,0.020193459300547747,,,,,,,,,,,,,,,,,,,ohlcv_backfill,minute,0.020272116934664353,0.020272116934664353,0.019416537406704022,0.020193459300547747,11161.37947503392,/home/runner/work/Solana-Memecoin-Analysis/Solana-Memecoin-Analysis/data/cache/2026-09-23/015207390518_ohlcv_a1e54bded5a4.json
2026-09-21T12:50:00+00:00,4iVHkn5WhmGwrKb2fYFNPnTkqhwYTEEezvsju9YEBY76,solana,Meteora,,,,,2026-09-11T20:56:40Z,0.020272116934664353,,,,,,,,,,,,,,,,,,,ohlcv_backfill,minute,0.020876531511604162,0.020883563771080065,0.020100781748160178,0.020272116934664353,4443.169818394631,/home/runner/work/Solana-Memecoin-Analysis/Solana-Memecoin-Analysis/data/cache/2026-09-23/015207390518_ohlcv_a1e54bded5a4.json
2026-09-21T12:45:00+00:00,4iVHkn5WhmGwrKb2fYFNPnTkqhwYTEEezvsju9YEBY76,solana,Meteora,,,,,2026-09-11T20:56:40Z,0.020876531511604162,,,,,,,,,,,,,,,,,,,ohlcv_backfill,minute,0.019956877344971275,0.020876531511604162,0.019956877344971275,0.020876531511604162,5895.248215863121,/home/runner/work/Solana-Memecoin-Analysis/Solana-Memecoin-Analysis/data/cache/2026-09-23/015207390518_ohlcv_a1e54bded5a4.json
2026-09-21T12:40:00+00:00,4iVHkn5WhmGwrKb2fYFNPnTkqhwYTEEezvsju9YEBY76,solana,Meteora,,,,,2026-09-11T20:56:40Z,0.019956877344971275,,,,,,,,,,,,,,,,,,,ohlcv_backfill,minute,0.020768660153305748,0.02076929378672946,0.019956877344971275,0.019956877344971275,4360.09346102037,/home/runner/work/Solana-Memecoin-Analysis/Solana-Memecoin-Analysis/data/cache/2026-09-23/015207390518_ohlcv_a1e54bded5a4.json
2026-09-21T12:35:00+00:00,4iVHkn5WhmGwrKb2fYFNPnTkqhwYTEEezvsju9YEBY76,solana,Meteora,,,,,2026-09-11T20:56:40Z,0.020768660153305748,,,,,,,,,,,,,,,,,,,ohlcv_backfill,minute,0.020782170511377738,0.02079203246839807,0.020263235638126487,0.020768660153305748,2890.4759922974695,/home/runner/work/Solana-Memecoin-Analysis/Solana-Memecoin-Analysis/data/cache/2026-09-23/015207390518_ohlcv_a1e54bded5a4.json
2026-09-21T12:30:00+00:00,4iVHkn5WhmGwrKb2fYFNPnTkqhwYTEEezvsju9YEBY76,solana,Meteora,,,,,2026-09-11T20:56:40Z,0.020782170511377738,,,,,,,,,,,,,,,,,,,ohlcv_backfill,minute,0.020383003040123915,0.020810758162133375,0.020276206122644178,0.020782170511377738,1794.6116476021043,/home/runner/work/Solana-Memecoin-Analysis/Solana-Memecoin-Analysis/data/cache/2026-09-23/015207390518_ohlcv_a1e54bded5a4.json
2026-09-21T12:25:00+00:00,4iVHkn5WhmGwrKb2fYFNPnTkqhwYTEEezvsju9YEBY76,solana,Meteora,,,,,2026-09-11T20:56:40Z,0.020383003040123915,,,,,,,,,,,,,,,,,,,ohlcv_backfill,minute,0.020771995287490654,0.02083021431253686,0.020383003040123915,0.020383003040123915,258.3303075928001,/home/runner/work/Solana-Memecoin-Analysis/Solana-Memecoin-Analysis/data/cache/2026-09-23/015207390518_ohlcv_a1e54bded5a4.json
2026-09-21T12:20:00+00:00,4iVHkn5WhmGwrKb2fYFNPnTkqhwYTEEezvsju9YEBY76,solana,Meteora,,,,,2026-09-11T20:56:40Z,0.020771995287490654,,,,,,,,,,,,,,,,,,,ohlcv_backfill,minute,0.02090721596693463,0.021015988605503126,0.02022421089497434,0.020771995287490654,5579.553095383025,/home/runner/work/Solana-Memecoin-Analysis/Solana-Memecoin-Analysis/data/cache/2026-09-23/015207390518_ohlcv_a1e54bded5a4.json
2026-09-21T12:15:00+00:00,4iVHkn5WhmGwrKb2fYFNPnTkqhwYTEEezvsju9YEBY76,solana,Meteora,,,,,2026-09-11T20:56:40Z,0.02090721596693463,,,,,,,,,,,,,,,,,,,ohlcv_backfill,minute,0.020816721713879913,0.020917168153277706,0.020389398139055222,0.02090721596693463,1591.2946514102107,/home/runner/work/Solana-Memecoin-Analysis/Solana-Memecoin-Analysis/data/cache/2026-09-23/015207390518_ohlcv_a1e54bded5a4.json
2026-09-21T12:10:00+00:00,4iVHkn5WhmGwrKb2fYFNPnTkqhwYTEEezvsju9YEBY76,solana,Meteora,,,,,2026-09-11T20:56:40Z,0.020816721713879913,,,,,,,,,,,,,,,,,,,ohlcv_backfill,minute,0.02096030252304805,0.021411628541215526,0.020616362611960926,0.020816721713879913,4400.584846406321,/home/runner/work/Solana-Memecoin-Analysis/Solana-Memecoin-Analysis/data/cache/2026-09-23/015207390518_ohlcv_a1e54bded5a4.json
2026-09-21T12:05:00+00:00,4iVHkn5WhmGwrKb2fYFNPnTkqhwYTEEezvsju9YEBY76,solana,Meteora,,,,,2026-09-11T20:56:40Z,0.02096030252304805,,,,,,,,,,,,,,,,,,,ohlcv_backfill,minute,0.021383756443513143,0.021424346656252282,0.02096030252304805,0.02096030252304805,1061.1593196736408,/home/runner/work/Solana-Memecoin-Analysis/Solana-Memecoin-Analysis/data/cache/2026-09-23/015207390518_ohlcv_a1e54bded5a4.json
2026-09-21T12:00:00+00:00,4iVHkn5WhmGwrKb2fYFNPnTkqhwYTEEezvsju9YEBY76,solana,Meteora,,,,,2026-09-11T20:56:40Z,0.021383756443513143,,,,,,,,,,,,,,,,,,,ohlcv_backfill,minute,0.02082639069536321,0.021383756443513143,0.02071007253061194,0.021383756443513143,3026.7096103064887,/home/runner/work/Solana-Memecoin-Analysis/Solana-Memecoin-Analysis/data/cache/2026-09-23/015207390518_ohlcv_a1e54bded5a4.json
2026-09-21T11:55:00+00:00,4iVHkn5WhmGwrKb2fYFNPnTkqhwYTEEezvsju9YEBY76,solana,Meteora,,,,,2026-09-11T20:56:40Z,0.02082639069536321,,,,,,,,,,,,,,,,,,,ohlcv_backfill,minute,0.021125106373877295,0.021199383796455758,0.020757561568820065,0.02082639069536321,581.766423797061,/home/runner/work/Solana-Memecoin-Analysis/Solana-Memecoin-Analysis/data/cache/2026-09-23/015207390518_ohlcv_a1e54bded5a4.json
2026-09-21T11:50:00+00:00,4iVHkn5WhmGwrKb2fYFNPnTkqhwYTEEezvsju9YEBY76,solana,Meteora,,,,,2026-09-11T20:56:40Z,0.021125106373877295,,,,,,,,,,,,,,,,,,,ohlcv_backfill,minute,0.020900210760722234,0.021125106373877295,0.020672969402286207,0.021125106373877295,1947.5997149575078,/home/runner/work/Solana-Memecoin-Analysis/Solana-Memecoin-Analysis/data/cache/2026-09-23/015207390518_ohlcv_a1e54bded5a4.json
2026-09-21T11:45:00+00:00,4iVHkn5WhmGwrKb2fYFNPnTkqhwYTEEezvsju9YEBY76,solana,Meteora,,,,,2026-09-11T20:56:40Z,0.020900210760722234,,,,,,,,,,,,,,,,,,,ohlcv_backfill,minute,0.02071229291765937,0.021118588533742027,0.0204678750701106,0.020900210760722234,3139.966560341953,/home/runner/work/Solana-Memecoin-Analysis/Solana-Memecoin-Analysis/data/cache/2026-09-23/015207390518_ohlcv_a1e54bded5a4.json
2026-09-21T11:40:00+00:00,4iVHkn5WhmGwrKb2fYFNPnTkqhwYTEEezvsju9YEBY76,solana,Meteora,,,,,2026-09-11T20:56:40Z,0.02071229291765937,,,,,,,,,,,,,,,,,,,ohlcv_backfill,minute,0.020614396073827645,0.02071229291765937,0.020614396073827645,0.02071229291765937,16.17427053429652,/home/runner/work/Solana-Memecoin-Analysis/Solana-Memecoin-Analysis/data/cache/2026-09-23/015207390518_ohlcv_a1e54bded5a4.json
2026-09-21T11:35:00+00:00,4iVHkn5WhmGwrKb2fYFNPnTkqhwYTEEezvsju9YEBY76,solana,Meteora,,,,,2026-09-11T20:56:40Z,0.020614396073827645,,,,,,,,,,,,,,,,,,,ohlcv_backfill,minute,0.020925037705605023,0.020925037705605023,0.020442182924798713,0.020614396073827645,1051.4532090843663,/home/runner/work/Solana-Memecoin-Analysis/Solana-Memecoin-Analysis/data/cache/2026-09-23/015207390518_ohlcv_a1e54bded5a4.json
2026-09-21T11:30:00+00:00,4iVHkn5WhmGwrKb2fYFNPnTkqhwYTEEezvsju9YEBY76,solana,Meteora,,,,,2026-09-11T20:56:40Z,0.020925037705605023,,,,,,,,,,,,,,,,,,,ohlcv_backfill,minute,0.020921028690946745,0.02104749075390103,0.020532515506064993,0.020925037705605023,1223.2742562311591,/home/runner/work/Solana-Memecoin-Analysis/Solana-Memecoin-Analysis/data/cache/2026-09-23/015207390518_ohlcv_a1e54bded5a4.json
2026-09-21T11:25:00+00:00,4iVHkn5WhmGwrKb2fYFNPnTkqhwYTEEezvsju9YEBY76,solana,Meteora,,,,,2026-09-11T20:56:40Z,0.020921028690946745,,,,,,,,,,,,,,,,,,,ohlcv_backfill,minute,0.020844225948227182,0.02093550260370007,0.02079935556713423,0.020921028690946745,326.33379116587776,/home/runner/work/Solana-Memecoin-Analysis/Solana-Memecoin-Analysis/data/cache/2026-09-23/015207390518_ohlcv_a1e54bded5a4.json
2026-09-21T11:20:00+00:00,4iVHkn5WhmGwrKb2fYFNPnTkqhwYTEEezvsju9YEBY76,solana,Meteora,,,,,2026-09-11T20:56:40Z,0.020844225948227182,,,,,,,,,,,,,,,,,,,ohlcv_backfill,minute,0.02141978766551627,0.021872830292440786,0.020415588834251448,0.020844225948227182,7725.784913587979,/home/runner/work/Solana-Memecoin-Analysis/Solana-Memecoin-Analysis/data/cache/2026-09-23/015207390518_ohlcv_a1e54bded5a4.json
2026-09-21T11:15:00+00:00,4iVHkn5WhmGwrKb2fYFNPnTkqhwYTEEezvsju9YEBY76,solana,Meteora,,,,,2026-09-11T20:56:40Z,0.02141978766551627,,,,,,,,,,,,,,,,,,,ohlcv_backfill,minute,0.021841873806570867,0.021883235190561144,0.021408358544788002,0.02141978766551627,796.2178468606926,/home/runner/work/Solana-Memecoin-Analysis/Solana-Memecoin-Analysis/data/cache/2026-09-23/015207390518_ohlcv_a1e54bded5a4.json
2026-09-21T11:10:00+00:00,4iVHkn5WhmGwrKb2fYFNPnTkqhwYTEEezvsju9YEBY76,solana,Meteora,,,,,2026-09-11T20:56:40Z,0.021841873806570867,,,,,,,,,,,,,,,,,,,ohlcv_backfill,minute,0.02122051499518833,0.021860898745663243,0.02122051499518833,0.021841873806570867,4108.244883123892,/home/runner/work/Solana-Memecoin-Analysis/Solana-Memecoin-Analysis/data/cache/2026-09-23/015207390518_ohlcv_a1e54bded5a4.json
2026-09-21T11:05:00+00:00,4iVHkn5WhmGwrKb2fYFNPnTkqhwYTEEezvsju9YEBY76,solana,Meteora,,,,,2026-09-11T20:56:40Z,0.02122051499518833,,,,,,,,,,,,,,,,,,,ohlcv_backfill,minute,0.021422400667715422,0.02165189797856477,0.021092522549583635,0.02122051499518833,2623.32411206324,/home/runner/work/Solana-Memecoin-Analysis/Solana-Memecoin-Analysis/data/cache/2026-09-23/015207390518_ohlcv_a1e54bded5a4.json
2026-09-21T11:00:00+00:00,4iVHkn5WhmGwrKb2fYFNPnTkqhwYTEEezvsju9YEBY76,solana,Meteora,,,,,2026-09-11T20:56:40Z,0.021422400667715422,,,,,,,,,,,,,,,,,,,ohlcv_backfill,minute,0.020942145683154764,0.021422400667715422,0.020942145683154764,0.021422400667715422,601.8268055874624,/home/runner/work/Solana-Memecoin-Analysis/Solana-Memecoin-Analysis/data/cache/2026-09-23/015207390518_ohlcv_a1e54bded5a4.json
2026-09-21T10:55:00+00:00,4iVHkn5WhmGwrKb2fYFNPnTkqhwYTEEezvsju9YEBY76,solana,Meteora,,,,,2026-09-11T20:56:40Z,0.020942145683154764,,,,,,,,,,,,,,,,,,,ohlcv_backfill,minute,0.020895571440296173,0.021367315381907292,0.020895571440296173,0.020942145683154764,481.11846192835475,/home/runner/work/Solana-Memecoin-Analysis/Solana-Memecoin-Analysis/data/cache/2026-09-23/015207390518_ohlcv_a1e54bded5a4.json
2026-09-21T10:50:00+00:00,4iVHkn5WhmGwrKb2fYFNPnTkqhwYTEEezvsju9YEBY76,solana,Meteora,,,,,2026-09-11T20:56:40Z,0.020895571440296173,,,,,,,,,,,,,,,,,,,ohlcv_backfill,minute,0.02133857448309581,0.02133857448309581,0.020892130931645256,0.020895571440296173,305.78212769411954,/home/runner/work/Solana-Memecoin-Analysis/Solana-Memecoin-Analysis/data/cache/2026-09-23/015207390518_ohlcv_a1e54bded5a4.json
2026-09-21T10:45:00+00:00,4iVHkn5WhmGwrKb2fYFNPnTkqhwYTEEezvsju9YEBY76,solana,Meteora,,,,,2026-09-11T20:56:40Z,0.02133857448309581,,,,,,,,,,,,,,,,,,,ohlcv_backfill,minute,0.0209344544127945,0.02136810086508085,0.02091996715389053,0.02133857448309581,170.1867535883697,/home/runner/work/Solana-Memecoin-Analysis/Solana-Memecoin-Analysis/data/cache/2026-09-23/015207390518_ohlcv_a1e54bded5a4.json
2026-09-21T10:40:00+00:00,4iVHkn5WhmGwrKb2fYFNPnTkqhwYTEEezvsju9YEBY76,solana,Meteora,,,,,2026-09-11T20:56:40Z,0.0209344544127945,,,,,,,,,,,,,,,,,,,ohlcv_backfill,minute,0.021525192955482237,0.021539228821300282,0.0209344544127945,0.0209344544127945,2064.9942271241225,/home/runner/work/Solana-Memecoin-Analysis/Solana-Memecoin-Analysis/data/cache/2026-09-23/015207390518_ohlcv_a1e54bded5a4.json
2026-09-21T10:35:00+00:00,4iVHkn5WhmGwrKb2fYFNPnTkqhwYTEEezvsju9YEBY76,solana,Meteora,,,,,2026-09-11T20:56:40Z,0.021525192955482237,,,,,,,,,,,,,,,,,,,ohlcv_backfill,minute,0.02097448258903739,0.021525192955482237,0.02097448258903739,0.021525192955482237,434.179693739916,/home/runner/work/Solana-Memecoin-Analysis/Solana-Memecoin-Analysis/data/cache/2026-09-23/015207390518_ohlcv_a1e54bded5a4.json
2026-09-21T10:30:00+00:00,4iVHkn5WhmGwrKb2fYFNPnTkqhwYTEEezvsju9YEBY76,solana,Meteora,,,,,2026-09-11T20:56:40Z,0.02097448258903739,,,,,,,,,,,,,,,,,,,ohlcv_backfill,minute,0.02142559134386777,0.0215358146338541,0.02097448258903739,0.02097448258903739,575.1490826704106,/home/runner/work/Solana-Memecoin-Analysis/Solana-Memecoin-Analysis/data/cache/2026-09-23/015207390518_ohlcv_a1e54bded5a4.json
2026-09-21T10:25:00+00:00,4iVHkn5WhmGwrKb2fYFNPnTkqhwYTEEezvsju9YEBY76,solana,Meteora,,,,,2026-09-11T20:56:40Z,0.02142559134386777,,,,,,,,,,,,,,,,,,,ohlcv_backfill,minute,0.021305520128408254,0.021468259729905997,0.02099454809360909,0.02142559134386777,1871.3058985003145,/home/runner/work/Solana-Memecoin-Analysis/Solana-Memecoin-Analysis/data/cache/2026-09-23/015207390518_ohlcv_a1e54bded5a4.json
2026-09-21T10:20:00+00:00,4iVHkn5WhmGwrKb2fYFNPnTkqhwYTEEezvsju9YEBY76,solana,Meteora,,,,,2026-09-11T20:56:40Z,0.021305520128408254,,,,,,,,,,,,,,,,,,,ohlcv_backfill,minute,0.021565737710757524,0.0220470729831711,0.021305520128408254,0.021305520128408254,4238.773080467873,/home/runner/work/Solana-Memecoin-Analysis/Solana-Memecoin-Analysis/data/cache/2026-09-23/015207390518_ohlcv_a1e54bded5a4.json
2026-09-21T10:15:00+00:00,4iVHkn5WhmGwrKb2fYFNPnTkqhwYTEEezvsju9YEBY76,solana,Meteora,,,,,2026-09-11T20:56:40Z,0.021565737710757524,,,,,,,,,,,,,,,,,,,ohlcv_backfill,minute,0.021856328968209833,0.02206495752111439,0.021405026786587178,0.021565737710757524,1268.4273085975572,/home/runner/work/Solana-Memecoin-Analysis/Solana-Memecoin-Analysis/data/cache/2026-09-23/015207390518_ohlcv_a1e54bded5a4.json
2026-09-21T10:10:00+00:00,4iVHkn5WhmGwrKb2fYFNPnTkqhwYTEEezvsju9YEBY76,solana,Meteora,,,,,2026-09-11T20:56:40Z,0.021856328968209833,,,,,,,,,,,,,,,,,,,ohlcv_backfill,minute,0.02122638951411311,0.021856328968209833,0.021204458237287532,0.021856328968209833,2340.678199232283,/home/runner/work/Solana-Memecoin-Analysis/Solana-Memecoin-Analysis/data/cache/2026-09-23/015207390518_ohlcv_a1e54bded5a4.json
2026-09-21T10:05:00+00:00,4iVHkn5WhmGwrKb2fYFNPnTkqhwYTEEezvsju9YEBY76,solana,Meteora,,,,,2026-09-11T20:56:40Z,0.02122638951411311,,,,,,,,,,,,,,,,,,,ohlcv_backfill,minute,0.021218181727610388,0.021652087783178443,0.021190086835440696,0.02122638951411311,551.7169575500993,/home/runner/work/Solana-Memecoin-Analysis/Solana-Memecoin-Analysis/data/cache/2026-09-23/015207390518_ohlcv_a1e54bded5a4.json
2026-09-21T10:00:00+00:00,4iVHkn5WhmGwrKb2fYFNPnTkqhwYTEEezvsju9YEBY76,solana,Meteora,,,,,2026-09-11T20:56:40Z,0.021218181727610388,,,,,,,,,,,,,,,,,,,ohlcv_backfill,minute,0.020947248452034394,0.021411012011319796,0.020930841218656213,0.021218181727610388,4903.7585089577215,/home/runner/work/Solana-Memecoin-Analysis/Solana-Memecoin-Analysis/data/cache/2026-09-23/015207390518_ohlcv_a1e54bded5a4.json
2026-09-21T09:55:00+00:00,4iVHkn5WhmGwrKb2fYFNPnTkqhwYTEEezvsju9YEBY76,solana,Meteora,,,,,2026-09-11T20:56:40Z,0.020947248452034394,,,,,,,,,,,,,,,,,,,ohlcv_backfill,minute,0.020872936361693028,0.020947248452034394,0.0205782505107503,0.020947248452034394,3405.7753307254234,/home/runner/work/Solana-Memecoin-Analysis/Solana-Memecoin-Analysis/data/cache/2026-09-23/015207390518_ohlcv_a1e54bded5a4.json
2026-09-21T09:50:00+00:00,4iVHkn5WhmGwrKb2fYFNPnTkqhwYTEEezvsju9YEBY76,solana,Meteora,,,,,2026-09-11T20:56:40Z,0.020872936361693028,,,,,,,,,,,,,,,,,,,ohlcv_backfill,minute,0.021824561785485256,0.021824561785485256,0.020864192190611898,0.020872936361693028,3205.4374782068953,/home/runner/work/Solana-Memecoin-Analysis/Solana-Memecoin-Analysis/data/cache/2026-09-23/015207390518_ohlcv_a1e54bded5a4.json
2026-09-21T09:45:00+00:00,4iVHkn5WhmGwrKb2fYFNPnTkqhwYTEEezvsju9YEBY76,solana,Meteora,,,,,2026-09-11T20:56:40Z,0.021824561785485256,,,,,,,,,,,,,,,,,,,ohlcv_backfill,minute,0.021547940377017957,0.02187925225602706,0.021421951921875942,0.021824561785485256,3064.6165146782305,/home/runner/work/Solana-Memecoin-Analysis/Solana-Memecoin-Analysis/data/cache/2026-09-23/015207390518_ohlcv_a1e54bded5a4.json
2026-09-21T09:40:00+00:00,4iVHkn5WhmGwrKb2fYFNPnTkqhwYTEEezvsju9YEBY76,solana,Meteora,,,,,2026-09-11T20:56:40Z,0.021547940377017957,,,,,,,,,,,,,,,,,,,ohlcv_backfill,minute,0.021283231765274444,0.021557871234727976,0.021283231765274444,0.021547940377017957,54.15062287657598,/home/runner/work/Solana-Memecoin-Analysis/Solana-Memecoin-Analysis/data/cache/2026-09-23/015207390518_ohlcv_a1e54bded5a4.json
2026-09-21T09:35:00+00:00,4iVHkn5WhmGwrKb2fYFNPnTkqhwYTEEezvsju9YEBY76,solana,Meteora,,,,,2026-09-11T20:56:40Z,0.021283231765274444,,,,,,,,,,,,,,,,,,,ohlcv_backfill,minute,0.021607279274089564,0.021607279274089564,0.021283231765274444,0.021283231765274444,1836.4411581968502,/home/runner/work/Solana-Memecoin-Analysis/Solana-Memecoin-Analysis/data/cache/2026-09-23/015207390518_ohlcv_a1e54bded5a4.json
2026-09-21T09:30:00+00:00,4iVHkn5WhmGwrKb2fYFNPnTkqhwYTEEezvsju9YEBY76,solana,Meteora,,,,,2026-09-11T20:56:40Z,0.021607279274089564,,,,,,,,,,,,,,,,,,,ohlcv_backfill,minute,0.020837592807573864,0.021607279274089564,0.020837592807573864,0.021607279274089564,3537.8670317432375,/home/runner/work/Solana-Memecoin-Analysis/Solana-Memecoin-Analysis/data/cache/2026-09-23/015207390518_ohlcv_a1e54bded5a4.json
2026-09-21T09:25:00+00:00,4iVHkn5WhmGwrKb2fYFNPnTkqhwYTEEezvsju9YEBY76,solana,Meteora,,,,,2026-09-11T20:56:40Z,0.020837592807573864,,,,,,,,,,,,,,,,,,,ohlcv_backfill,minute,0.02163203472956698,0.021652025760485687,0.02077159239086626,0.020837592807573864,4012.6208723290756,/home/runner/work/Solana-Memecoin-Analysis/Solana-Memecoin-Analysis/data/cache/2026-09-23/015207390518_ohlcv_a1e54bded5a4.json
2026-09-21T09:20:00+00:00,4iVHkn5WhmGwrKb2fYFNPnTkqhwYTEEezvsju9YEBY76,solana,Meteora,,,,,2026-09-11T20:56:40Z,0.02163203472956698,,,,,,,,,,,,,,,,,,,ohlcv_backfill,minute,0.021228065226613503,0.021658278518934062,0.021228065226613503,0.02163203472956698,279.6671311720135,/home/runner/work/Solana-Memecoin-Analysis/Solana-Memecoin-Analysis/data/cache/2026-09-23/015207390518_ohlcv_a1e54bded5a4.json
2026-09-21T09:15:00+00:00,4iVHkn5WhmGwrKb2fYFNPnTkqhwYTEEezvsju9YEBY76,solana,Meteora,,,,,2026-09-11T20:56:40Z,0.021228065226613503,,,,,,,,,,,,,,,,,,,ohlcv_backfill,minute,0.02131081312653902,0.02168897688985509,0.02122482297868758,0.021228065226613503,191.51938785532076,/home/runner/work/Solana-Memecoin-Analysis/Solana-Memecoin-Analysis/data/cache/2026-09-23/015207390518_ohlcv_a1e54bded5a4.json
2026-09-21T09:10:00+00:00,4iVHkn5WhmGwrKb2fYFNPnTkqhwYTEEezvsju9YEBY76,solana,Meteora,,,,,2026-09-11T20:56:40Z,0.02131081312653902,,,,,,,,,,,,,,,,,,,ohlcv_backfill,minute,0.021483038356802802,0.021483038356802802,0.02131081312653902,0.02131081312653902,1550.622208089546,/home/runner/work/Solana-Memecoin-Analysis/Solana-Memecoin-Analysis/data/cache/2026-09-23/015207390518_ohlcv_a1e54bded5a4.json
2026-09-21T09:05:00+00:00,4iVHkn5WhmGwrKb2fYFNPnTkqhwYTEEezvsju9YEBY76,solana,Meteora,,,,,2026-09-11T20:56:40Z,0.021483038356802802,,,,,,,,,,,,,,,,,,,ohlcv_backfill,minute,0.021324931263318785,0.021889664333143495,0.021324931263318785,0.021483038356802802,845.4626395773224,/home/runner/work/Solana-Memecoin-Analysis/Solana-Memecoin-Analysis/data/cache/2026-09-23/015207390518_ohlcv_a1e54bded5a4.json
2026-09-21T09:00:00+00:00,4iVHkn5WhmGwrKb2fYFNPnTkqhwYTEEezvsju9YEBY76,solana,Meteora,,,,,2026-09-11T20:56:40Z,0.021324931263318785,,,,,,,,,,,,,,,,,,,ohlcv_backfill,minute,0.021835336899226305,0.021903087970647196,0.021293540784653647,0.021324931263318785,3343.5247700934015,/home/runner/work/Solana-Memecoin-Analysis/Solana-Memecoin-Analysis/data/cache/2026-09-23/015207390518_ohlcv_a1e54bded5a4.json
2026-09-21T08:55:00+00:00,4iVHkn5WhmGwrKb2fYFNPnTkqhwYTEEezvsju9YEBY76,solana,Meteora,,,,,2026-09-11T20:56:40Z,0.021835336899226305,,,,,,,,,,,,,,,,,,,ohlcv_backfill,minute,0.022614226698846707,0.022614226698846707,0.021719381055425306,0.021835336899226305,5704.913248381844,/home/runner/work/Solana-Memecoin-Analysis/Solana-Memecoin-Analysis/data/cache/2026-09-23/015207390518_ohlcv_a1e54bded5a4.json
2026-09-21T08:50:00+00:00,4iVHkn5WhmGwrKb2fYFNPnTkqhwYTEEezvsju9YEBY76,solana,Meteora,,,,,2026-09-11T20:56:40Z,0.022614226698846707,,,,,,,,,,,,,,,,,,,ohlcv_backfill,minute,0.02213228437102146,0.022673483130670413,0.02213228437102146,0.022614226698846707,1400.1136781129112,/home/runner/work/Solana-Memecoin-Analysis/Solana-Memecoin-Analysis/data/cache/2026-09-23/015207390518_ohlcv_a1e54bded5a4.json
2026-09-21T08:45:00+00:00,4iVHkn5WhmGwrKb2fYFNPnTkqhwYTEEezvsju9YEBY76,solana,Meteora,,,,,2026-09-11T20:56:40Z,0.02213228437102146,,,,,,,,,,,,,,,,,,,ohlcv_backfill,minute,0.022076516680008148,0.022560489644276687,0.02162757707510436,0.02213228437102146,4326.107120953724,/home/runner/work/Solana-Memecoin-Analysis/Solana-Memecoin-Analysis/data/cache/2026-09-23/015207390518_ohlcv_a1e54bded5a4.json
2026-09-21T08:40:00+00:00,4iVHkn5WhmGwrKb2fYFNPnTkqhwYTEEezvsju9YEBY76,solana,Meteora,,,,,2026-09-11T20:56:40Z,0.022076516680008148,,,,,,,,,,,,,,,,,,,ohlcv_backfill,minute,0.02125441645844762,0.02239062432825483,0.02125441645844762,0.022076516680008148,4991.990362783752,/home/runner/work/Solana-Memecoin-Analysis/Solana-Memecoin-Analysis/data/cache/2026-09-23/015207390518_ohlcv_a1e54bded5a4.json
2026-09-21T08:35:00+00:00,4iVHkn5WhmGwrKb2fYFNPnTkqhwYTEEezvsju9YEBY76,solana,Meteora,,,,,2026-09-11T20:56:40Z,0.02125441645844762,,,,,,,,,,,,,,,,,,,ohlcv_backfill,minute,0.021499823435581208,0.021778075898271656,0.02125441645844762,0.02125441645844762,2627.344877300381,/home/runner/work/Solana-Memecoin-Analysis/Solana-Memecoin-Analysis/data/cache/2026-09-23/015207390518_ohlcv_a1e54bded5a4.json
2026-09-21T08:30:00+00:00,4iVHkn5WhmGwrKb2fYFNPnTkqhwYTEEezvsju9YEBY76,solana,Meteora,,,,,2026-09-11T20:56:40Z,0.021499823435581208,,,,,,,,,,,,,,,,,,,ohlcv_backfill,minute,0.02178205860728296,0.02220241380901908,0.021499823435581208,0.021499823435581208,3229.3459811964062,/home/runner/work/Solana-Memecoin-Analysis/Solana-Memecoin-Analysis/data/cache/2026-09-23/015207390518_ohlcv_a1e54bded5a4.json
2026-09-21T08:25:00+00:00,4iVHkn5WhmGwrKb2fYFNPnTkqhwYTEEezvsju9YEBY76,solana,Meteora,,,,,2026-09-11T20:56:40Z,0.02178205860728296,,,,,,,,,,,,,,,,,,,ohlcv_backfill,minute,0.022438571090010146,0.02267970930936206,0.021648513956074568,0.02178205860728296,9220.701861362559,/home/runner/work/Solana-Memecoin-Analysis/Solana-Memecoin-Analysis/data/cache/2026-09-23/015207390518_ohlcv_a1e54bded5a4.json
2026-09-21T08:20:00+00:00,4iVHkn5WhmGwrKb2fYFNPnTkqhwYTEEezvsju9YEBY76,solana,Meteora,,,,,2026-09-11T20:56:40Z,0.022438571090010146,,,,,,,,,,,,,,,,,,,ohlcv_backfill,minute,0.021855001390402154,0.022438571090010146,0.021759631559203733,0.022438571090010146,1383.7682388267392,/home/runner/work/Solana-Memecoin-Analysis/Solana-Memecoin-Analysis/data/cache/2026-09-23/015207390518_ohlcv_a1e54bded5a4.json
2026-09-21T08:15:00+00:00,4iVHkn5WhmGwrKb2fYFNPnTkqhwYTEEezvsju9YEBY76,solana,Meteora,,,,,2026-09-11T20:56:40Z,0.021855001390402154,,,,,,,,,,,,,,,,,,,ohlcv_backfill,minute,0.021306620948090414,0.02208678589365756,0.021306620948090414,0.021855001390402154,3282.860301094212,/home/runner/work/Solana-Memecoin-Analysis/Solana-Memecoin-Analysis/data/cache/2026-09-23/015207390518_ohlcv_a1e54bded5a4.json
2026-09-21T08:10:00+00:00,4iVHkn5WhmGwrKb2fYFNPnTkqhwYTEEezvsju9YEBY76,solana,Meteora,,,,,2026-09-11T20:56:40Z,0.021306620948090414,,,,,,,,,,,,,,,,,,,ohlcv_backfill,minute,0.021455397476283014,0.021850668764545233,0.021306620948090414,0.021306620948090414,1221.2332765669041,/home/runner/work/Solana-Memecoin-Analysis/Solana-Memecoin-Analysis/data/cache/2026-09-23/015207390518_ohlcv_a1e54bded5a4.json
2026-09-23T01:50:00+00:00,6HAzRJ6TGxLs3m7ybzq2cjbNcKwbKgd69kjc1eKT4hkF,solana,Meteora DAMM V2,,,,,2026-09-23T01:50:01Z,5.843362139308004e-05,,,,,,,,,,,,,,,,,,,ohlcv_backfill,minute,5.901685341306e-05,5.945029660255131e-05,5.843362139308004e-05,5.843362139308004e-05,88.17519935264646,/home/runner/work/Solana-Memecoin-Analysis/Solana-Memecoin-Analysis/data/cache/2026-09-23/015214052400_ohlcv_23b53ee4f8d8.json
2026-09-23T01:50:00+00:00,55Rs11dgHcsSHzkTANyN8DXQArKjwe3CLwTG2UbxwsoZ,solana,Pump.fun,,,,,2026-09-23T01:49:49Z,2.9530110642967587e-06,,,,,,,,,,,,,,,,,,,ohlcv_backfill,minute,2.955167119312018e-06,2.955167119312018e-06,1.7355134379796693e-06,2.9530110642967587e-06,160.66389238492957,/home/runner/work/Solana-Memecoin-Analysis/Solana-Memecoin-Analysis/data/cache/2026-09-23/015228911035_ohlcv_7676ed4062bb.json
2026-09-23T01:45:00+00:00,55Rs11dgHcsSHzkTANyN8DXQArKjwe3CLwTG2UbxwsoZ,solana,Pump.fun,,,,,2026-09-23T01:49:49Z,2.955167119312018e-06,,,,,,,,,,,,,,,,,,,ohlcv_backfill,minute,3.308918624601912e-06,5.016125735641825e-06,2.1156434616788864e-06,2.955167119312018e-06,265.740808329672,/home/runner/work/Solana-Memecoin-Analysis/Solana-Memecoin-Analysis/data/cache/2026-09-23/015228911035_ohlcv_7676ed4062bb.json
2026-09-23T01:45:00+00:00,6wdmsooo7WwcqSRhZAEsvtuEbdr5YjpcTM97Gg8mL9iy,solana,Meteora DAMM V2,,,,,2026-09-23T01:49:41Z,6.739549021031647e-05,,,,,,,,,,,,,,,,,,,ohlcv_backfill,minute,6.739549021031647e-05,6.739549021031647e-05,6.739549021031647e-05,6.739549021031647e-05,0.02599052455916039,/home/runner/work/Solana-Memecoin-Analysis/Solana-Memecoin-Analysis/data/cache/2026-09-23/015243887774_ohlcv_47c3337601fa.json
2026-09-23T01:50:00+00:00,5Z7F8pnDt34GFpSha95gBMvfbKqpLxbFy3j4UAzJHrmx,solana,Meteora DBC,,,,,2026-09-23T01:49:35Z,2.96402541746764e-05,,,,,,,,,,,,,,,,,,,ohlcv_backfill,minute,3.1877205850517553e-05,3.787794080463122e-05,2.7947089710207414e-05,2.96402541746764e-05,1144.1164205829027,/home/runner/work/Solana-Memecoin-Analysis/Solana-Memecoin-Analysis/data/cache/2026-09-23/015251478265_ohlcv_f6095019bd8c.json
2026-09-23T01:45:00+00:00,5Z7F8pnDt34GFpSha95gBMvfbKqpLxbFy3j4UAzJHrmx,solana,Meteora DBC,,,,,2026-09-23T01:49:35Z,3.1877205850517553e-05,,,,,,,,,,,,,,,,,,,ohlcv_backfill,minute,1.5673617828980407e-05,3.1905345104363516e-05,1.5673617828980407e-05,3.1877205850517553e-05,950.9330408825142,/home/runner/work/Solana-Memecoin-Analysis/Solana-Memecoin-Analysis/data/cache/2026-09-23/015251478265_ohlcv_f6095019bd8c.json
2026-09-23T01:50:00+00:00,DkM45P8NbU7ufLUQ6mjZn2wCVw7b7fks22LUZr4QMaKu,solana,PumpSwap,,,,,2026-09-23T01:49:26Z,0.03021564948959599,,,,,,,,,,,,,,,,,,,ohlcv_backfill,minute,0.03028182782085108,0.03036620261983825,0.03012242975412321,0.03021564948959599,15.545583040360668,/home/runner/work/Solana-Memecoin-Analysis/Solana-Memecoin-Analysis/data/cache/2026-09-23/015306465305_ohlcv_a53f0b21af77.json
2026-09-23T01:45:00+00:00,DkM45P8NbU7ufLUQ6mjZn2wCVw7b7fks22LUZr4QMaKu,solana,PumpSwap,,,,,2026-09-23T01:49:26Z,0.03028182782085108,,,,,,,,,,,,,,,,,,,ohlcv_backfill,minute,0.03023720236662537,0.03030486148308066,4.908761337568482e-05,0.03028182782085108,240661.57166053788,/home/runner/work/Solana-Memecoin-Analysis/Solana-Memecoin-Analysis/data/cache/2026-09-23/015306465305_ohlcv_a53f0b21af77.json
2026-09-23T06:48:22.718519+00:00,54Vp27uLaw4wNLo5n7r4fcC6zLamoQc28xBARjss4EUJ,solana,Meteora,CWZ6BsdnjkDVTGkmL6bGbJXXig6ceef12KvyGQW14cMt,ANTFUN,Es9vMFrzaCERmJfrF4H2FYD4KCoNkY11McCe8BenwNYB,USDT,2026-07-10T04:29:57Z,0.016902766798217967,149886225.700171,31886591.448698,17933170.9656,21172.6040522596,184369.497216572,9878437.67544945,43,21,27,18,622,364,239,183,17555,11207,3872,3790,snapshot,,,,,,,/home/runner/work/Solana-Memecoin-Analysis/Solana-Memecoin-Analysis/data/cache/2026-09-23/064831017075_multi_pools_9d81ac5409db.json
2026-09-23T06:48:22.718519+00:00,A8F3bDC17pfoGqUZanM1wh68jnKCDRGWECRVPkiMhjGc,solana,PumpSwap,DUcjrSmisJATtaQY3K7LvKmCr357uWkjoSGRFnNEpump,FUKYEAH,So11111111111111111111111111111111111111112,SOL,2026-09-01T15:30:45Z,0.00011635413405514867,116354.1341,,33582.127,0.0,0.0,175.8117176505,0,0,0,0,0,0,0,0,4,26,3,24,snapshot,,,,,,,/home/runner/work/Solana-Memecoin-Analysis/Solana-Memecoin-Analysis/data/cache/2026-09-23/064831017075_multi_pools_9d81ac5409db.json
2026-09-23T06:48:22.718519+00:00,7kXuEjAZ8xcH5G2XmKaUcMeraxvVVZndf7qryDiSW7o5,solana,PumpSwap,CDAC33JvozJ1UjxBMkvZgJcVXoxdH9iGxeBXUJdXpump,JEANJAK,So11111111111111111111111111111111111111112,SOL,2026-09-20T16:06:10Z,3.3223726062691736e-06,3293.9642934307,,3854.8157,0.0,0.0,677.8289775662,0,0,0,0,0,0,0,0,19,28,14,23,snapshot,,,,,,,/home/runner/work/Solana-Memecoin-Analysis/Solana-Memecoin-Analysis/data/cache/2026-09-23/064831017075_multi_pools_9d81ac5409db.json
2026-09-23T06:48:22.718519+00:00,2uF4Xh61rDwxnG9woyxsVQP7zuA6kLFpb3NvnRQeoiSd,solana,PumpSwap,pumpCmXqMfrsAkQ5r49WcJnRayYRqmXz6ae8H7H9Dfn,PUMP,EPjFWdd5AufqSSqeM2qN1xzybapC8G4wEGGkZwyTDt1v,USDC,2025-07-14T16:55:54Z,0.004446681519663327,3701598675.9558,2076336246.90861,23097036.1354,13960.2051877493,120904.403412184,13773757.5848217,34,1,12,1,361,192,68,102,59908,58810,13180,12497,snapshot,,,,,,,/home/runner/work/Solana-Memecoin-Analysis/Solana-Memecoin-Analysis/data/cache/2026-09-23/064831017075_multi_pools_9d81ac5409db.json
2026-09-23T06:48:22.718519+00:00,FnzKY6x7entQ1eR3D225dQyT7ybfka4PskBMQhb8L3CC,solana,PumpSwap,9cRCn9rGT8V2imeM2BaKs13yhMEais3ruM3rPvTGpump,ANSEM,So11111111111111111111111111111111111111112,SOL,2026-06-16T21:05:48Z,0.1807980560964699,181040184.37849,181040248.726838,2723216.8061,610.1350195481,23199.7092552416,2152303.22527624,2,4,2,4,27,36,15,33,3214,3518,1026,1213,snapshot,,,,,,,/home/runner/work/Solana-Memecoin-Analysis/Solana-Memecoin-Analysis/data/cache/2026-09-23/064831017075_multi_pools_9d81ac5409db.json
2026-09-23T06:48:22.718519+00:00,4eqkszEHPm3LUiebdPuZcuPYmJs7ZffS7JpY9pYZw9Tt,solana,Pump.fun,Xx6FwiPRzg3cLprRysJuciERCA21TQDLMxNScn7pump,HANS,So11111111111111111111111111111111111111112,SOL,2026-09-21T12:46:03Z,3.102888e-07,620.5776,,256.5391,0.0,0.0,0.0,0,0,0,0,0,0,0,0,0,0,0,0,snapshot,,,,,,,/home/runner/work/Solana-Memecoin-Analysis/Solana-Memecoin-Analysis/data/cache/2026-09-23/064831017075_multi_pools_9d81ac5409db.json
2026-09-23T06:48:22.718519+00:00,5PrruTiPk5C86dSCP8BLDdtUZZsu6dqyJH4scReotnbv,solana,Meteora DAMM V2,AnoyszvFn9wcMHVonWcy8SjbD2oY3k7eEpXiXeZRijmQ,ZECPASS,So11111111111111111111111111111111111111112,SOL,2026-09-21T12:45:54Z,2.5931743854456475e-05,25931.7438759317,,6.91773012930159e-05,0.0,0.0,0.0,0,0,0,0,0,0,0,0,0,0,0,0,snapshot,,,,,,,/home/runner/work/Solana-Memecoin-Analysis/Solana-Memecoin-Analysis/data/cache/2026-09-23/064831017075_multi_pools_9d81ac5409db.json
2026-09-23T06:48:22.718519+00:00,9buyZva6vdNL5PSxkx25KHM5SrT5XipCC5fTNoyfSooz,solana,Pump.fun,FWzSeiHowXS4uTSZkcxiVEt3nLb61r8KXE9XPex8pump,$TWO,So11111111111111111111111111111111111111112,SOL,2026-09-21T12:45:27Z,3.362727091e-06,3362.727091,,2675.7974,0.0,0.0,0.0,0,0,0,0,0,0,0,0,0,0,0,0,snapshot,,,,,,,/home/runner/work/Solana-Memecoin-Analysis/Solana-Memecoin-Analysis/data/cache/2026-09-23/064831017075_multi_pools_9d81ac5409db.json
2026-09-23T06:48:22.718519+00:00,5xe56Apf9u5wF8ESA5aB97F6sEHxRNhy6c98LnSLpNfW,solana,Raydium Launchlab,3NJd5RV7TtBH58jzYhjKLcc2CUTdooAm2F1grxtcNaG9,Wonk.fun,So11111111111111111111111111111111111111112,SOL,2026-09-21T12:45:27Z,1.2112189343171975e-06,1211.218934,,1242.1519,0.0,0.0,0.0,0,0,0,0,0,0,0,0,0,0,0,0,snapshot,,,,,,,/home/runner/work/Solana-Memecoin-Analysis/Solana-Memecoin-Analysis/data/cache/2026-09-23/064831017075_multi_pools_9d81ac5409db.json
2026-09-23T06:48:22.718519+00:00,FdYPSUq2Zrw9vJXkA8uZFVNhNcCvUUuAcSWWVk6MZZhU,solana,PumpSwap,FvMLDEUDKUr9C34e8Nynz5Aqfdk34a2RBKQxygLpfomo,FAMILY,So11111111111111111111111111111111111111112,SOL,2026-09-21T12:36:53Z,6.35389492245233e-05,63538.94922,,25443.815,0.0,1955.4070972444,208673.405041939,0,0,0,0,32,31,30,29,2379,1945,955,1137,snapshot,,,,,,,/home/runner/work/Solana-Memecoin-Analysis/Solana-Memecoin-Analysis/data/cache/2026-09-23/064831017075_multi_pools_9d81ac5409db.json
2026-09-23T06:48:22.718519+00:00,987VwvJZ5FRjWCY9ZwC2tRUGL8FbMT1aF4pUrT7XjPjD,solana,Raydium (CLMM),CFNRDaxFcvRwRSNnA5cHrCCr6AHhk9dNkHWpRUjNupFL,RAYCAT,4k3Dyjzvzp8eMZWUXbBCjEvwSkkk59S5iCNLY3QrkX6R,RAY,2026-08-13T12:29:41Z,0.003934101004560705,3788902.00600932,3788966.41246952,447149.5156,507.1267773668,26327.7809425196,839347.666628554,5,7,5,4,108,46,65,25,2480,1588,1122,899,snapshot,,,,,,,/home/runner/work/Solana-Memecoin-Analysis/Solana-Memecoin-Analysis/data/cache/2026-09-23/064831017075_multi_pools_9d81ac5409db.json
2026-09-23T06:48:22.718519+00:00,8k4GbJEM3nGHBq7pimMBRVHeKiVyTRFhhqMgAGDdALqU,solana,Pump.fun,FFThkz5Pcaj8UTjFb4gxLXuTthnzEqSNk1TEFMPcpump,DNS,EPjFWdd5AufqSSqeM2qN1xzybapC8G4wEGGkZwyTDt1v,USDC,2026-09-21T18:11:49Z,3.99308667506526e-06,3993.086675,,3200.9617,0.0,0.0,0.0,0,0,0,0,0,0,0,0,0,0,0,0,snapshot,,,,,,,/home/runner/work/Solana-Memecoin-Analysis/Solana-Memecoin-Analysis/data/cache/2026-09-23/064831017075_multi_pools_9d81ac5409db.json
2026-09-23T06:48:22.718519+00:00,3PB6PUJoz7PUMsBRE4U75kK4qyYRBb7Jf9TZraYQkeYV,solana,Pump.fun,q4kBj3UrcX4zA1LoMCcdVaodpLR31aD3qoWYv8Kpump,WASH,So11111111111111111111111111111111111111112,SOL,2026-09-21T18:11:13Z,3.349452210312158e-06,3482.643443,,2682.3872,0.0,0.0,0.0,0,0,0,0,0,0,0,0,0,0,0,0,snapshot,,,,,,,/home/runner/work/Solana-Memecoin-Analysis/Solana-Memecoin-Analysis/data/cache/2026-09-23/064831017075_multi_pools_9d81ac5409db.json
2026-09-23T06:48:22.718519+00:00,93ktdU2yHkvpfrevYaaJVP1mNPpDZkcGjL7E6JYgHiCe,solana,Pump.fun,EsDcuQ6y3oTjN76pbc5pFYofdBRp3NWfp1KY4Lvjpump,X7,So11111111111111111111111111111111111111112,SOL,2026-09-21T18:11:11Z,3.313964005358452e-06,3313.964005,,2631.4798,0.0,0.0,0.0,0,0,0,0,0,0,0,0,0,0,0,0,snapshot,,,,,,,/home/runner/work/Solana-Memecoin-Analysis/Solana-Memecoin-Analysis/data/cache/2026-09-23/064831017075_multi_pools_9d81ac5409db.json
2026-09-23T06:48:22.718519+00:00,9qhfjT9mkQXvKaewYnBPbrjqdWfaHChahHUTAQzHCVhW,solana,Pump.fun,Hd2tVcHbJMRFY3He6WcpYBtQtE7HFazU8932bUQBpump,$DZILLA,So11111111111111111111111111111111111111112,SOL,2026-09-21T18:11:06Z,3.2968814712694716e-06,3296.881471,,2651.0623,0.0,0.0,0.0,0,0,0,0,0,0,0,0,0,0,0,0,snapshot,,,,,,,/home/runner/work/Solana-Memecoin-Analysis/Solana-Memecoin-Analysis/data/cache/2026-09-23/064831017075_multi_pools_9d81ac5409db.json
2026-09-23T06:48:22.718519+00:00,7LkLGUUwAASDy85V3YEogtkwdzDKEYFhADp41MXr6wZ,solana,PumpSwap,9DdHxVe1BSPaTy3iGEwvWsooRchNLK61XFAvzot59FwD,CLIP,So11111111111111111111111111111111111111112,SOL,2026-09-21T14:09:22Z,0.0004292677280384064,409784.750271039,409814.95968846,76625.5178,63.8029675567,10466.8752417565,1035495.4676365,0,3,0,3,48,68,41,58,6474,6736,2176,2719,snapshot,,,,,,,/home/runner/work/Solana-Memecoin-Analysis/Solana-Memecoin-Analysis/data/cache/2026-09-23/064831017075_multi_pools_9d81ac5409db.json
2026-09-23T06:48:22.718519+00:00,2RoczZJ3Q5YbiYGSFgpPnvZJ4V7QZkM6jwyp3AjWhQYB,solana,Raydium Launchlab,9hwoF7Kq54YrnUw7KBkpEsHbyUCfTAjvYZcZ6FjdCQkb,X,So11111111111111111111111111111111111111112,SOL,2026-09-21T21:58:58Z,7.015127800835393e-05,70151.27801,,69907.8965,0.0,0.0,0.0,0,0,0,0,0,0,0,0,0,0,0,0,snapshot,,,,,,,/home/runner/work/Solana-Memecoin-Analysis/Solana-Memecoin-Analysis/data/cache/2026-09-23/064831017075_multi_pools_9d81ac5409db.json
2026-09-23T06:48:22.718519+00:00,Ec3RqTXRRgv4whTE1PePMNgRH3ujL699v3GciX5BUY2s,solana,Meteora,CzLTZppPdZtTjyq3WGpHLstoc3GLhu7zH5Zg6xUa6Gv5,COPX,EPjFWdd5AufqSSqeM2qN1xzybapC8G4wEGGkZwyTDt1v,USDC,2026-09-21T21:58:57Z,89.39792565006033,1387017.10203985,,444.931,11.6806435675,518.7875494699,31634.567102159,0,1,0,1,22,31,18,26,997,1155,618,811,snapshot,,,,,,,/home/runner/work/Solana-Memecoin-Analysis/Solana-Memecoin-Analysis/data/cache/2026-09-23/064831017075_multi_pools_9d81ac5409db.json
2026-09-23T06:48:22.718519+00:00,DphpDdHUFkR3VzWD1n2CpGNidRg7yUm83hFRkMvRJvEC,solana,Pump.fun,4Yr1ju3fSRUb2cwBSpJgcykB6vWCgFAdE4ZMXaiVPhFv,AUTH,So11111111111111111111111111111111111111112,SOL,2026-09-21T21:58:35Z,3.3304690814722947e-06,3330.469081,,2630.1751,0.0,0.0,0.0,0,0,0,0,0,0,0,0,0,0,0,0,snapshot,,,,,,,/home/runner/work/Solana-Memecoin-Analysis/Solana-Memecoin-Analysis/data/cache/2026-09-23/064831017075_multi_pools_9d81ac5409db.json
2026-09-23T06:48:22.718519+00:00,9zRNk3B1JUXGmeGwkYQs1fFQEW6bBoBoEcYVCUpffycA,solana,Pump.fun,3A7GzV3MZs44KaJFkYaJXssF1JhrJmANFZ9UDLTe4ddY,AUTH,So11111111111111111111111111111111111111112,SOL,2026-09-21T21:58:34Z,3.3304657085513022e-06,3330.465709,,2630.1751,0.0,0.0,0.0,0,0,0,0,0,0,0,0,0,0,0,0,snapshot,,,,,,,/home/runner/work/Solana-Memecoin-Analysis/Solana-Memecoin-Analysis/data/cache/2026-09-23/064831017075_multi_pools_9d81ac5409db.json
2026-09-23T06:48:22.718519+00:00,BFbxjtNhWHpgpz37P7dqEDe4pu9zHq8iiDsbE6oM7QPk,solana,Pump.fun,34EpDKQq1uSHdQme7EARYgAbtkZKiLoWihvAbbTpZ2RE,MONET,So11111111111111111111111111111111111111112,SOL,2026-09-22T00:43:51Z,3.30338187e-06,3303.38187,,2631.1834,0.0,0.0,0.0,0,0,0,0,0,0,0,0,0,0,0,0,snapshot,,,,,,,/home/runner/work/Solana-Memecoin-Analysis/Solana-Memecoin-Analysis/data/cache/2026-09-23/064831017075_multi_pools_9d81ac5409db.json
2026-09-23T06:48:22.718519+00:00,GFZtLpELpFg7Ns9xX6Zg1KXcAzTh41i2mtFVccwG2QBk,solana,Pump.fun,Amw3QgYbdcpwSXH6sAV35mgaBpXFzGnW5ZdrFYLoA9fe,MONET,So11111111111111111111111111111111111111112,SOL,2026-09-22T00:43:40Z,3.286688295e-06,3286.688295,,2631.1834,0.0,0.0,0.0,0,0,0,0,0,0,0,0,0,0,0,0,snapshot,,,,,,,/home/runner/work/Solana-Memecoin-Analysis/Solana-Memecoin-Analysis/data/cache/2026-09-23/064831017075_multi_pools_9d81ac5409db.json
2026-09-23T06:48:22.718519+00:00,2WZidSjCd3wvQtRTYo4vvBVwxrmB2ZCNmRBFP5rRysaX,solana,Pump.fun,6zWvHQqph1LyKoEudbTdFberGzTSc9pDn1DgacVpump,PROMOTE,So11111111111111111111111111111111111111112,SOL,2026-09-22T00:43:40Z,3.2965157972056686e-06,3296.515797,,2631.8597,0.0,0.0,0.0,0,0,0,0,0,0,0,0,0,0,0,0,snapshot,,,,,,,/home/runner/work/Solana-Memecoin-Analysis/Solana-Memecoin-Analysis/data/cache/2026-09-23/064831017075_multi_pools_9d81ac5409db.json
2026-09-23T06:48:22.718519+00:00,4iPY4h2H9TpLfgkCb3p1V3Xw1aMbuA8GqAXrchYCLhgw,solana,Pump.fun,AJXsayDApZpHGbUHM9QcZFyYseJBH494Sv4H3me6pump,Dawg,So11111111111111111111111111111111111111112,SOL,2026-09-22T00:43:35Z,2.707744043318365e-09,5.415488086,,4.0464,0.0,0.0,0.0,0,0,0,0,0,0,0,0,0,0,0,0,snapshot,,,,,,,/home/runner/work/Solana-Memecoin-Analysis/Solana-Memecoin-Analysis/data/cache/2026-09-23/064831017075_multi_pools_9d81ac5409db.json
2026-09-23T06:48:22.718519+00:00,58oQChx4yWmvKdwLLZzBi4ChoCc2fqCUWBkwMihLYQo2,solana,Raydium,So11111111111111111111111111111111111111112,SOL,EPjFWdd5AufqSSqeM2qN1xzybapC8G4wEGGkZwyTDt1v,USDC,2022-04-28T09:46:08Z,119.05733606127778,1474340981.33614,1473737064.51621,42500624.8013,50148.3976488988,752303.804412431,62452130.0746782,412,309,190,136,6409,6109,1611,1444,425530,402860,40432,40350,snapshot,,,,,,,/home/runner/work/Solana-Memecoin-Analysis/Solana-Memecoin-Analysis/data/cache/2026-09-23/064831017075_multi_pools_9d81ac5409db.json
2026-09-23T06:48:22.718519+00:00,zNdRuXfE2tU4hL37WpRq9NYaM4RkJL9kCHhGqPm3dWT,solana,PumpSwap,3s5WQHDu9dSPjt3fadT1PCJYCSUsc4iMHZyXDHq5AzF7,Run,So11111111111111111111111111111111111111112,SOL,2026-09-22T05:25:54Z,1.4237952786229006e-08,14.23795279,,0.00179102402294904,0.0,0.0,0.0,0,0,0,0,0,0,0,0,0,0,0,0,snapshot,,,,,,,/home/runner/work/Solana-Memecoin-Analysis/Solana-Memecoin-Analysis/data/cache/2026-09-23/064831017075_multi_pools_9d81ac5409db.json
2026-09-23T06:48:22.718519+00:00,8kR6KbSdJGJVam9F2GNEHYC7qhV86wuVRkP7Vtt6hQ2W,solana,Pump.fun,Hky7ebVnQXr4m6k6wsFQd3wx4CtVKGmmMpGfywNXpump,ORANG,So11111111111111111111111111111111111111112,SOL,2026-09-22T05:25:53Z,3.2770648921328152e-06,3277.064892,,2636.0615,0.0,0.0,0.0,0,0,0,0,0,0,0,0,0,0,0,0,snapshot,,,,,,,/home/runner/work/Solana-Memecoin-Analysis/Solana-Memecoin-Analysis/data/cache/2026-09-23/064831017075_multi_pools_9d81ac5409db.json
2026-09-23T06:48:22.718519+00:00,HkCeJMnsKZY8CZA1o8HBkxBXUo29u3gbPfXaw728cDk,solana,Meteora DAMM V2,89VdwqRkPoNJRuoAT5q6wCLtyGxAHSaZdk3r1wHhpump,Ponk,So11111111111111111111111111111111111111112,SOL,2026-09-22T05:25:33Z,3.3082101711439685e-05,33082.10171,,9.3927718904871e-07,0.0,0.0,0.8704609178,0,0,0,0,0,0,0,0,4,10,2,3,snapshot,,,,,,,/home/runner/work/Solana-Memecoin-Analysis/Solana-Memecoin-Analysis/data/cache/2026-09-23/064831017075_multi_pools_9d81ac5409db.json
2026-09-23T06:48:22.718519+00:00,C65rDFk4dfTRn1Y4F7P7MVBiFPF4CDqdx3UAfGtgVKpN,solana,Pump.fun,gqsSzS72R89e5izhDyvN5JjVKyQrEbwsCvBAagipump,KIRITO,So11111111111111111111111111111111111111112,SOL,2026-09-22T05:25:31Z,6.724446762e-07,1344.8893524,,553.5386,0.0,0.0,0.0,0,0,0,0,0,0,0,0,0,0,0,0,snapshot,,,,,,,/home/runner/work/Solana-Memecoin-Analysis/Solana-Memecoin-Analysis/data/cache/2026-09-23/064831017075_multi_pools_9d81ac5409db.json
2026-09-23T06:48:22.718519+00:00,HoaDBVcdSCUwB9EtTEDnQdpcKMwf8rfBXpwqHPuW3WHX,solana,Meteora DBC,9uzLzqykydz6f8ERtq2jffcrnH9nmBMg3VGJ7ZFH589r,$Nipple$,So11111111111111111111111111111111111111112,SOL,2026-09-22T05:25:22Z,9.078721758019028e-05,90786.2024667783,,88386.6908,0.0,0.0,0.0,0,0,0,0,0,0,0,0,0,0,0,0,snapshot,,,,,,,/home/runner/work/Solana-Memecoin-Analysis/Solana-Memecoin-Analysis/data/cache/2026-09-23/064831017075_multi_pools_9d81ac5409db.json
2026-09-23T06:48:22.718519+00:00,5pR2mm6R6rpotEAgZp3qScD6aSqGwZ7nDdUzYHnb9Pfi,solana,Meteora DBC,3s5WQHDu9dSPjt3fadT1PCJYCSUsc4iMHZyXDHq5AzF7,Run,So11111111111111111111111111111111111111112,SOL,2026-09-22T05:25:21Z,1.1589409604364036e-10,0.115894096,,0.0949,0.0,0.0,0.0,0,0,0,0,0,0,0,0,0,0,0,0,snapshot,,,,,,,/home/runner/work/Solana-Memecoin-Analysis/Solana-Memecoin-Analysis/data/cache/2026-09-23/064838458558_multi_pools_ab4a2204acab.json
2026-09-23T06:48:22.718519+00:00,41rzTMB7JHPTyMXzrYwdqnBecJRhkb8KHYAjrQ9cYxJx,solana,PumpSwap,CbyTNf7UPzvewHh4Zp6umogM2RWahhmGRJWLJnPwpump,biketyson,So11111111111111111111111111111111111111112,SOL,2026-09-03T16:16:10Z,0.002366480196035008,2366480.196,,219824.7768,633.681694402,47049.7811311696,1353375.5055679,4,11,4,7,161,176,102,86,4964,4909,1874,1830,snapshot,,,,,,,/home/runner/work/Solana-Memecoin-Analysis/Solana-Memecoin-Analysis/data/cache/2026-09-23/064838458558_multi_pools_ab4a2204acab.json
2026-09-23T06:48:22.718519+00:00,Nx9dcwNs3iJxM5YAxshMHE4aYJHdDyyGMhVcmaSgfu8,solana,PumpSwap,A13oRB9FFaiUjfi6LdCg6p9ka1u8SfGkUFs4SKvPpump,TOAD,So11111111111111111111111111111111111111112,SOL,2026-08-08T13:59:17Z,0.0018399941204442598,1762754.82413654,1762754.82413655,280068.7248,2004.4301691527,3888.0871928731,226579.043448621,1,1,1,1,10,32,9,32,1188,791,503,503,snapshot,,,,,,,/home/runner/work/Solana-Memecoin-Analysis/Solana-Memecoin-Analysis/data/cache/2026-09-23/064838458558_multi_pools_ab4a2204acab.json
2026-09-23T06:48:22.718519+00:00,3ekdwsfFGJfL6QL7hGEuqMdABFppdZpNKDgPzfxh76Qu,solana,Meteora DAMM V2,9JQQpjqdHaey8MCbzNYCnzEYoJRb8nrkJd8QLoviRRN1,INUINU,So11111111111111111111111111111111111111112,SOL,2026-09-22T10:12:37Z,4.900093840484773e-10,0.4900093691,,0.8545,0.0,0.0,0.7039406411,0,0,0,0,0,0,0,0,12,6,11,6,snapshot,,,,,,,/home/runner/work/Solana-Memecoin-Analysis/Solana-Memecoin-Analysis/data/cache/2026-09-23/064838458558_multi_pools_ab4a2204acab.json
2026-09-23T06:48:22.718519+00:00,7pLfvuZyQrMMEMHNN4AsvGi1LoNXqTn2fcrhqWHdxeQ5,solana,Pump.fun,AbHs5J1TnmC22dZygdzEgiiBwn8UrigpZCrq5zB8pump,Bigboy,So11111111111111111111111111111111111111112,SOL,2026-09-22T10:12:34Z,3.3304695907039866e-06,3330.469591,,2678.4065,0.0,0.0,124.5147014575,0,0,0,0,0,0,0,0,2,1,1,1,snapshot,,,,,,,/home/runner/work/Solana-Memecoin-Analysis/Solana-Memecoin-Analysis/data/cache/2026-09-23/064838458558_multi_pools_ab4a2204acab.json
2026-09-23T06:48:22.718519+00:00,4H2K8HcVprzZF8JSCXgs16KLtKgLau7o9dTjRawkRR9F,solana,Pump.fun,5ixNK1g7aBvtwmWTuBhDuPVzM2Hpk8ZqgK7tZm1Nzuhr,SAVE WALLETS,So11111111111111111111111111111111111111112,SOL,2026-09-22T10:12:34Z,3.3003676812253368e-06,3300.367681,,2656.6516,0.0,0.0,504.9442612948,0,0,0,0,0,0,0,0,3,6,3,3,snapshot,,,,,,,/home/runner/work/Solana-Memecoin-Analysis/Solana-Memecoin-Analysis/data/cache/2026-09-23/064838458558_multi_pools_ab4a2204acab.json
2026-09-23T06:48:22.718519+00:00,8XhfGmBGdXkU8jM1DEcu5zaaURuWDWcVSiJ1oUBSLTaf,solana,Pump.fun,GAU5b1G79VKoq7aD3pwztYZ3rUBRUCQg7g6iy2gWkryx,SAVE WALLETS,So11111111111111111111111111111111111111112,SOL,2026-09-22T10:12:31Z,3.319898207481622e-06,3319.898207,,2673.3624,0.0,0.0,1219.6797152747,0,0,0,0,0,0,0,0,5,9,5,5,snapshot,,,,,,,/home/runner/work/Solana-Memecoin-Analysis/Solana-Memecoin-Analysis/data/cache/2026-09-23/064838458558_multi_pools_ab4a2204acab.json
2026-09-23T06:48:22.718519+00:00,9e8TRAHp5LKdnUMNVifhtm2wUt2h2w3xonbERcSVnz9W,solana,Meteora DBC,A3tCj3JBFpifq3WvuDmw3HiP9fiNDzzrMns5CHtRg8Rn,WATER,So11111111111111111111111111111111111111112,SOL,2026-09-22T10:12:23Z,1.8935041689962596e-08,18.93504169,,0.0,0.0,0.0,11.6877924062,0,0,0,0,0,0,0,0,2,0,2,0,snapshot,,,,,,,/home/runner/work/Solana-Memecoin-Analysis/Solana-Memecoin-Analysis/data/cache/2026-09-23/064838458558_multi_pools_ab4a2204acab.json
2026-09-23T06:48:22.718519+00:00,AUhwiutCS4oymCfppiKznpS2pLEcCRQkJcqyo2Qy1Gda,solana,Meteora DAMM V2,BCkeXxhgsSyWCx5si45HGURDtmdzXkwwn7AYHYzzVS1B,Memo,So11111111111111111111111111111111111111112,SOL,2026-09-22T10:12:15Z,6.386223465149506e-10,0.6386223215,,1.1275,0.0,0.0,147.8027858874,0,0,0,0,0,0,0,0,11,6,9,6,snapshot,,,,,,,/home/runner/work/Solana-Memecoin-Analysis/Solana-Memecoin-Analysis/data/cache/2026-09-23/064838458558_multi_pools_ab4a2204acab.json
2026-09-23T06:48:22.718519+00:00,4kJEwCpiGtvFRxm1RKYExsFCm1CsB8RwnUQv3LCQs5YG,solana,PumpSwap,MboMMGXjGDi45hfjCVzYru32kEM5nw7VzCqCofZpump,KCAT,So11111111111111111111111111111111111111112,SOL,2026-09-22T10:22:55Z,0.0002036782784791964,193747.687038886,193748.877908505,44807.6776,4216.5783522171,28671.5360731522,2743770.28151497,13,15,13,10,156,191,115,127,23232,17684,6926,6310,snapshot,,,,,,,/home/runner/work/Solana-Memecoin-Analysis/Solana-Memecoin-Analysis/data/cache/2026-09-23/064838458558_multi_pools_ab4a2204acab.json
2026-09-23T06:48:22.718519+00:00,5zpyutJu9ee6jFymDGoK7F6S5Kczqtc9FomP3ueKuyA9,solana,Orca,DezXAZ8z7PnrnRJjz3wXBoRgixCa6xjnB7YaB1pPB263,Bonk,So11111111111111111111111111111111111111112,SOL,2023-07-05T14:41:09Z,4.108533455802732e-06,361527911.19453,361527911.809391,379881.0502,17135.3431571461,107254.42813285,2698174.98302452,132,494,49,116,943,2360,236,397,27678,27291,6905,6999,snapshot,,,,,,,/home/runner/work/Solana-Memecoin-Analysis/Solana-Memecoin-Analysis/data/cache/2026-09-23/064838458558_multi_pools_ab4a2204acab.json
2026-09-23T06:48:22.718519+00:00,42Dk3F5jkL4Wbma8rEoJVqhETRJjLjaLupA2eJ7w2Y9t,solana,Raydium Launchlab,73QptfG6XHGS9VEwDhpSrVhpKaPGK4aCEae3mfZHthor,PEG,EPjFWdd5AufqSSqeM2qN1xzybapC8G4wEGGkZwyTDt1v,USDC,2026-09-22T14:48:18Z,3.310127373078274e-06,3310.127373,,3375.0034,0.0,0.0,4531.0770210347,0,0,0,0,0,0,0,0,27,31,24,26,snapshot,,,,,,,/home/runner/work/Solana-Memecoin-Analysis/Solana-Memecoin-Analysis/data/cache/2026-09-23/064838458558_multi_pools_ab4a2204acab.json
2026-09-23T06:48:22.718519+00:00,C7LBgGg2vXtwtJZ59wQyHQNsz9h4SzM3i2yzbZitDKFm,solana,Pump.fun,FtGaFQqentQdLW9Wu5aodHtzBWjFFdZ79bBxNcvvpump,ENDERCOIN,So11111111111111111111111111111111111111112,SOL,2026-09-22T14:47:17Z,3.255579655281386e-06,3255.579655,,2633.1777,0.0,0.0,11.5203146507,0,0,0,0,0,0,0,0,1,2,1,1,snapshot,,,,,,,/home/runner/work/Solana-Memecoin-Analysis/Solana-Memecoin-Analysis/data/cache/2026-09-23/064838458558_multi_pools_ab4a2204acab.json
2026-09-23T06:48:22.718519+00:00,CSFheo3DiMwHRJGBrMm8PgUUcMK86CZadtYZT8tYMDrg,solana,Pump.fun,FvhzFga27SPzgLYTkoH2SMBRoHaeWLZER9i1fS55pump,$Grok,So11111111111111111111111111111111111111112,SOL,2026-09-22T14:47:12Z,1.4095361123574286e-06,2819.072224,,1137.4019,0.0,0.0,533.536144429,0,0,0,0,0,0,0,0,25,27,6,6,snapshot,,,,,,,/home/runner/work/Solana-Memecoin-Analysis/Solana-Memecoin-Analysis/data/cache/2026-09-23/064838458558_multi_pools_ab4a2204acab.json
2026-09-23T06:48:22.718519+00:00,9HyJdBi7v5fRW1pNQKWB3av3KCXN3ivzYPK2cRX6ZZ2J,solana,Pump.fun,CQYQwzBrhgrYMUwaxJ1o61JwJEUZDw7Cq8i6yictpump,wind,So11111111111111111111111111111111111111112,SOL,2026-09-22T14:47:10Z,1.2167246125382355e-06,2433.449226,,981.8739,0.0,0.0,62.6502545049,0,0,0,0,0,0,0,0,11,13,4,4,snapshot,,,,,,,/home/runner/work/Solana-Memecoin-Analysis/Solana-Memecoin-Analysis/data/cache/2026-09-23/064838458558_multi_pools_ab4a2204acab.json
2026-09-23T06:48:22.718519+00:00,9u4NzYtZKS1kxLjAp4XHDd4G5KzJfcq6C3WWEAn7z7FW,solana,Raydium Launchlab,8qDBL2NZvSxpaxutgASacgZaXEu3YaUVnAbqh9U81VPb,ASSET,EPjFWdd5AufqSSqeM2qN1xzybapC8G4wEGGkZwyTDt1v,USDC,2026-09-22T14:47:08Z,4.818689543195642e-05,48186.89543,,0.0,0.0,0.0,112108.734199163,0,0,0,0,0,0,0,0,947,793,614,467,snapshot,,,,,,,/home/runner/work/Solana-Memecoin-Analysis/Solana-Memecoin-Analysis/data/cache/2026-09-23/064838458558_multi_pools_ab4a2204acab.json
2026-09-23T06:48:22.718519+00:00,HdiUXnAwQkLBwdFpSh3gUKM1cM5QAC1G39nM1RGVwGrn,solana,PumpSwap,BLSuVTxKYDL4vm4XmG3oEJfsSGfJZF3cgy98ri68pump,CATEWALK,So11111111111111111111111111111111111111112,SOL,2026-09-22T03:00:50Z,3.397232120644991e-06,3379.0214552922,,4148.2046,0.0,54.48558595,3609507.63091749,0,0,0,0,6,6,1,6,152081,78445,14162,19334,snapshot,,,,,,,/home/runner/work/Solana-Memecoin-Analysis/Solana-Memecoin-Analysis/data/cache/2026-09-23/064838458558_multi_pools_ab4a2204acab.json
2026-09-23T06:48:22.718519+00:00,B4VFURUHHzyt8YzBGBV9jiarBvjh1EbMAbRNBnNqaxUD,solana,Raydium,DEW9dSN6QpWyNthphCpMmAbZP1Q4cEKR9xQXAri98WDP,SI,Xsc9qvGR1efVDFGLrVsmkzv3qi45LTBjeUKSPmx9qEh,NVDAx,2026-09-21T15:45:01Z,0.0039872709408226,4037329.738,,245417.3076,1736.8091669718,76472.6513782876,9998699.06867376,5,8,4,8,205,149,125,118,27108,23598,9270,7413,snapshot,,,,,,,/home/runner/work/Solana-Memecoin-Analysis/Solana-Memecoin-Analysis/data/cache/2026-09-23/064838458558_multi_pools_ab4a2204acab.json
2026-09-23T06:48:22.718519+00:00,Dus72q7qfgjEfQQZJfvhdca6L7Un9KpLh6CHU1QnW4eH,solana,Meteora DAMM V2,5xoc1q4bP58k7KH75PXqogtCtiwHmgsfNwXSMoQvQVnU,GIT,So11111111111111111111111111111111111111112,SOL,2026-09-22T18:27:55Z,3.08135037983769e-05,410129.707683169,,0.000181545815264086,0.0,0.0,0.3666071211,0,0,0,0,0,0,0,0,21,9,11,5,snapshot,,,,,,,/home/runner/work/Solana-Memecoin-Analysis/Solana-Memecoin-Analysis/data/cache/2026-09-23/064838458558_multi_pools_ab4a2204acab.json
2026-09-23T06:48:22.718519+00:00,DBJXvTU6kVh5cJuDPqmgJGigMmeVL1zj3GrB8mvYEUsn,solana,Pump.fun,2R6sPBXnS95B8VLNB5E2WNoxB5botL7Heww8xYESpump,Bonnie,So11111111111111111111111111111111111111112,SOL,2026-09-22T18:27:09Z,3.2933986500108836e-06,3293.39865,,2631.4494,0.0,0.0,648.2533564293,0,0,0,0,0,0,0,0,8,6,5,5,snapshot,,,,,,,/home/runner/work/Solana-Memecoin-Analysis/Solana-Memecoin-Analysis/data/cache/2026-09-23/064838458558_multi_pools_ab4a2204acab.json
2026-09-23T06:48:22.718519+00:00,F4EuQaEXxeLwhW5frfVErLgWL8KZHaoMLc4yJG2GdSR9,solana,Meteora DAMM V2,4EzYJcjd1mK5xjTbFjVvqahz2FmM2VCRQaPTJkvwc3FF,VIRTUAL,So11111111111111111111111111111111111111112,SOL,2026-09-22T18:27:01Z,6.230341595642724e-10,0.6230341452,,0.8543,0.0,0.0,142.1264033363,0,0,0,0,0,0,0,0,13,5,10,5,snapshot,,,,,,,/home/runner/work/Solana-Memecoin-Analysis/Solana-Memecoin-Analysis/data/cache/2026-09-23/064838458558_multi_pools_ab4a2204acab.json
2026-09-23T06:48:22.718519+00:00,BodaxQWdFv6gVKd59LWdCgxByJuXKjJXVbjbzdsWrUmV,solana,Pump.fun,Fwu7WdH8gQqtsoDm1kgESkCd8QZhyBTTeWVhooKzpump,SHUSHDOG,So11111111111111111111111111111111111111112,SOL,2026-09-22T21:35:03Z,3.302047729525455e-06,3302.04773,,2649.9115,0.0,0.0,3525.6137852099,0,0,0,0,0,0,0,0,9,5,5,4,snapshot,,,,,,,/home/runner/work/Solana-Memecoin-Analysis/Solana-Memecoin-Analysis/data/cache/2026-09-23/064838458558_multi_pools_ab4a2204acab.json
2026-09-23T06:48:22.718519+00:00,6ZoMNvEnQ1G4cQC5YyCfJVfze4ZRFUKiAeWT5kpThijW,solana,Pump.fun,WJmawrAyNNZZG7eT3fjhZ2QhjUueeGXwfqiQhTjpump,IGUA,So11111111111111111111111111111111111111112,SOL,2026-09-22T21:34:58Z,3.3054728759049432e-06,3305.472876,,2630.8297,0.0,0.0,5.1301039169,0,0,0,0,0,0,0,0,1,1,1,1,snapshot,,,,,,,/home/runner/work/Solana-Memecoin-Analysis/Solana-Memecoin-Analysis/data/cache/2026-09-23/064838458558_multi_pools_ab4a2204acab.json
2026-09-23T06:48:22.718519+00:00,FatFS3TxcnKrje5RvLRU5BShWCosGebhQHNT3zdmquXg,solana,Pump.fun,GNcbQr8J3dFWZoJeRiZ2bcBh93mSZjNWhV2PLfsYVvoX,CRUH,So11111111111111111111111111111111111111112,SOL,2026-09-22T23:47:08Z,4.937040024304618e-07,987.4080048,,497.3206,0.0,0.0,17775.4834274582,0,0,0,0,0,0,0,0,81,60,16,17,snapshot,,,,,,,/home/runner/work/Solana-Memecoin-Analysis/Solana-Memecoin-Analysis/data/cache/2026-09-23/064838458558_multi_pools_ab4a2204acab.json
2026-09-23T06:48:22.718519+00:00,Hpt84dm7AfpUuiFbZpK5KJMHBLxbbQSMjpuWRvX1j1PG,solana,PumpSwap,4jRg4s3cQRELT7BBKPZVrWwsemxgWhQZCGQjYzR6pump,Pelusa,So11111111111111111111111111111111111111112,SOL,2026-09-22T23:47:07Z,3.190890313374389e-06,2880.458157292,,3141.4969,0.0,0.0,255932.857325806,0,0,0,0,0,0,0,0,1125,989,689,472,snapshot,,,,,,,/home/runner/work/Solana-Memecoin-Analysis/Solana-Memecoin-Analysis/data/cache/2026-09-23/064838458558_multi_pools_ab4a2204acab.json
2026-09-23T06:48:22.718519+00:00,HQ4nJuzAdad67fzknaArAsJXrKtgkF2sozuqACyujgxJ,solana,Pump.fun,8tApLdn91LBbXaf4tz2tHoJ4Abyf5CBxh4W2wzrBpump,POKEDEX,So11111111111111111111111111111111111111112,SOL,2026-09-22T23:46:55Z,3.3157569498670662e-06,3315.75695,,2629.9526,0.0,0.0,2879.7908649432,0,0,0,0,0,0,0,0,16,19,16,16,snapshot,,,,,,,/home/runner/work/Solana-Memecoin-Analysis/Solana-Memecoin-Analysis/data/cache/2026-09-23/064838458558_multi_pools_ab4a2204acab.json
2026-09-23T06:48:22.718519+00:00,Eb6Ws2zYMALyYQ7q3CL4G7dPf8ACdTsQThFEBEL1bKCy,solana,PumpSwap,ETXRPpMJgx9y3ocVFG5fNRdgH3J26QoXQSU9kwN7y2t8,MRB,So11111111111111111111111111111111111111112,SOL,2026-09-22T23:46:46Z,0.00017558717202007117,175587.172,,9.28986969302162e-07,0.0,0.0,8929.8133990865,0,0,0,0,0,0,0,0,1818,58,1167,53,snapshot,,,,,,,/home/runner/work/Solana-Memecoin-Analysis/Solana-Memecoin-Analysis/data/cache/2026-09-23/064838458558_multi_pools_ab4a2204acab.json
2026-09-23T06:48:22.718519+00:00,DA4pM4xSDY4M9V4CgAKKBVH1pw1yscTQQa5nEkGHuKpt,solana,PumpSwap,MukLDtJ8Cx9DxLbeyLRSWPSposTMWuwHANbuaudpump,OTC,So11111111111111111111111111111111111111112,SOL,2026-08-28T13:33:11Z,0.011987218630996095,8387622.53016042,8387786.19291769,650102.4543,2436.617300282,59066.1299880755,3527978.3579001,8,3,8,3,189,116,127,95,30265,14369,15747,7292,snapshot,,,,,,,/home/runner/work/Solana-Memecoin-Analysis/Solana-Memecoin-Analysis/data/cache/2026-09-23/064838458558_multi_pools_ab4a2204acab.json
2026-09-23T06:48:22.718519+00:00,4iVHkn5WhmGwrKb2fYFNPnTkqhwYTEEezvsju9YEBY76,solana,Meteora,4MMQY9bwkxxTtsK3W227Q5ABT6yFY8Pmn9Ze7wmAXKY8,ALLINU,So11111111111111111111111111111111111111112,SOL,2026-09-11T20:56:40Z,0.00909972926802632,9037190.01127053,9037374.92732489,453449.5036,242.1382793111,64117.0674142401,3834628.43320442,2,0,2,0,96,45,71,32,4134,2249,1434,948,snapshot,,,,,,,/home/runner/work/Solana-Memecoin-Analysis/Solana-Memecoin-Analysis/data/cache/2026-09-23/064838458558_multi_pools_ab4a2204acab.json
2026-09-23T06:48:22.718519+00:00,6HAzRJ6TGxLs3m7ybzq2cjbNcKwbKgd69kjc1eKT4hkF,solana,Meteora DAMM V2,9kCiwJuss6k1Ehd3L1rGrk25B4iZnVMSAMaNKSp5W97d,CHILLPHILL,So11111111111111111111111111111111111111112,SOL,2026-09-23T01:50:01Z,5.080000691925185e-10,0.5080000692,,0.889,0.0,0.0,30301.8361709002,0,0,0,0,0,0,0,0,1070,1183,166,148,snapshot,,,,,,,/home/runner/work/Solana-Memecoin-Analysis/Solana-Memecoin-Analysis/data/cache/2026-09-23/064838458558_multi_pools_ab4a2204acab.json
2026-09-23T06:48:22.718519+00:00,55Rs11dgHcsSHzkTANyN8DXQArKjwe3CLwTG2UbxwsoZ,solana,Pump.fun,Cbt6TvqAPP5ibnrx2KgfcyomSdhA2QBZdHwcM8UApump,trench,So11111111111111111111111111111111111111112,SOL,2026-09-23T01:49:49Z,3.9253678669242644e-09,7.850735734,,7.0294,0.0,0.0,2305.4075303226,0,0,0,0,0,0,0,0,167,190,33,31,snapshot,,,,,,,/home/runner/work/Solana-Memecoin-Analysis/Solana-Memecoin-Analysis/data/cache/2026-09-23/064845663286_multi_pools_0e2cbdc1f3a5.json
2026-09-23T06:48:22.718519+00:00,6wdmsooo7WwcqSRhZAEsvtuEbdr5YjpcTM97Gg8mL9iy,solana,Meteora DAMM V2,DpHfXmbiPiqcA8agUnzEttFQg968xxhYBsvUivQbmoyp,CI,So11111111111111111111111111111111111111112,SOL,2026-09-23T01:49:41Z,1.732452145001019e-05,17324.52145,,9.9127,0.0,0.0,5.2550479933,0,0,0,0,0,0,0,0,4,23,4,12,snapshot,,,,,,,/home/runner/work/Solana-Memecoin-Analysis/Solana-Memecoin-Analysis/data/cache/2026-09-23/064845663286_multi_pools_0e2cbdc1f3a5.json
2026-09-23T06:48:22.718519+00:00,5Z7F8pnDt34GFpSha95gBMvfbKqpLxbFy3j4UAzJHrmx,solana,Meteora DBC,5BCJqtHp1kevkABHCJuPjypJRqinwKePHTs27jEWDXBo,CI,So11111111111111111111111111111111111111112,SOL,2026-09-23T01:49:35Z,3.92842253279707e-05,39284.22533,,0.0,0.0,0.0,23319.1319550861,0,0,0,0,0,0,0,0,681,818,214,212,snapshot,,,,,,,/home/runner/work/Solana-Memecoin-Analysis/Solana-Memecoin-Analysis/data/cache/2026-09-23/064845663286_multi_pools_0e2cbdc1f3a5.json
2026-09-23T06:48:22.718519+00:00,DkM45P8NbU7ufLUQ6mjZn2wCVw7b7fks22LUZr4QMaKu,solana,PumpSwap,Ahvxo4omASYbxvvd39QgXZzru3hHPWPukFGFtQZppump,VSOF,So11111111111111111111111111111111111111112,SOL,2026-09-23T01:49:26Z,0.6199330892664775,619512923.527715,,2275779.4109,635.6689178858,10013.9462143807,1561169.87612797,55,46,55,46,911,759,795,737,33793,11177,3530,2438,snapshot,,,,,,,/home/runner/work/Solana-Memecoin-Analysis/Solana-Memecoin-Analysis/data/cache/2026-09-23/064845663286_multi_pools_0e2cbdc1f3a5.json
2026-09-23T06:48:22.718519+00:00,HCAZia1gVGy1hrfWR2FyLAXZFzC1REfDcPwC2MHao5rm,solana,PumpSwap,6x4G1SqbPTWkqmZ4VAWVgoZ1jmA7TqJUSHnKyqsHpump,PEPARK,So11111111111111111111111111111111111111112,SOL,2026-08-04T01:28:30Z,0.0001717607243945664,151577.07311413,151577.07311413,72581.2361,102.0609733833,1336.6527147556,8624.9482849538,0,1,0,1,17,6,17,6,68,69,62,57,snapshot,,,,,,,/home/runner/work/Solana-Memecoin-Analysis/Solana-Memecoin-Analysis/data/cache/2026-09-23/064845663286_multi_pools_0e2cbdc1f3a5.json
2026-09-23T06:48:22.718519+00:00,8PSKpEDnA1tPk5EHrbUJ9FkeuyPTDbUbMAENtpEEEU7t,solana,PumpSwap,jibUkJpZfvjB6hLDd46B9ongcrVS3hNH8oipVP3pump,CATO,So11111111111111111111111111111111111111112,SOL,2026-09-23T06:45:17Z,5.185771502221881e-05,51603.0959194561,,18960.239,1945.6733164335,1945.6733164335,1945.6733164335,43,117,37,15,43,117,37,15,43,117,37,15,snapshot,,,,,,,/home/runner/work/Solana-Memecoin-Analysis/Solana-Memecoin-Analysis/data/cache/2026-09-23/064845663286_multi_pools_0e2cbdc1f3a5.json
2026-09-23T06:48:22.718519+00:00,Ck4SsGEQ3bRss6kXorNg8PHcoZwfCEj7xSVwTu9VWGBf,solana,Pump.fun,Cp9P1scSDtLfDrVrtSzjkQLn3UsdFejiQnctY2TYc5DX,6,So11111111111111111111111111111111111111112,SOL,2026-09-23T06:45:08Z,3.331271160263363e-06,3331.274492,,2642.9829,0.2382891065,0.2382891065,0.2382891065,1,1,1,1,1,1,1,1,1,1,1,1,snapshot,,,,,,,/home/runner/work/Solana-Memecoin-Analysis/Solana-Memecoin-Analysis/data/cache/2026-09-23/064845663286_multi_pools_0e2cbdc1f3a5.json
2026-09-23T06:48:22.718519+00:00,Gxab7HAVu4Zm5Yz8R1P9mgWW4RdNZhuhjADsLBy1oXTk,solana,Raydium Launchlab,9jKg5Sqr2AHUotqodQE1XKvaFkFU4jyG4KxZbRW6DRz3,SIP,EPjFWdd5AufqSSqeM2qN1xzybapC8G4wEGGkZwyTDt1v,USDC,2026-09-23T06:45:08Z,3.3946644327316912e-06,3394.664433,,3724.5059,983.8717830615,983.8717830615,983.8717830615,4,4,4,4,4,4,4,4,4,4,4,4,snapshot,,,,,,,/home/runner/work/Solana-Memecoin-Analysis/Solana-Memecoin-Analysis/data/cache/2026-09-23/064845663286_multi_pools_0e2cbdc1f3a5.json
2026-09-23T06:48:22.718519+00:00,FhW8Rri8Bb6w2L2biHbV4xs7VCbE5ubc8ix7kAS5e1bp,solana,Meteora DAMM V2,6sDdKPxtvVKbrEnuguKuHfw5EsDtMjW7hcYnNrJwJBit,LISTED,So11111111111111111111111111111111111111112,SOL,2026-09-23T06:45:06Z,4.705196921081037e-10,0.4705196921,,326.5592,10990.470230791,10990.470230791,10990.470230791,255,336,158,162,255,336,158,162,255,336,158,162,snapshot,,,,,,,/home/runner/work/Solana-Memecoin-Analysis/Solana-Memecoin-Analysis/data/cache/2026-09-23/064845663286_multi_pools_0e2cbdc1f3a5.json
2026-09-23T06:48:22.718519+00:00,7eSZXYsLTvDXgMnbK5Jxw1rU4yXBNK5hwkKsz6fkGGEf,solana,Pump.fun,AyHqj6UDHbwwfaQMT9NTrefSzZE1XsfLtuBWy87Rpump,TRENCHER,So11111111111111111111111111111111111111112,SOL,2026-09-23T06:45:01Z,1.263218740536687e-07,252.6437482,,97.591,1036.6082072006,1036.6082072006,1036.6082072006,150,104,10,9,150,104,10,9,150,104,10,9,snapshot,,,,,,,/home/runner/work/Solana-Memecoin-Analysis/Solana-Memecoin-Analysis/data/cache/2026-09-23/064845663286_multi_pools_0e2cbdc1f3a5.json
2026-09-23T06:40:00+00:00,HCAZia1gVGy1hrfWR2FyLAXZFzC1REfDcPwC2MHao5rm,solana,PumpSwap,,,,,2026-08-04T01:28:30Z,0.0001717607243945664,,,,,,,,,,,,,,,,,,,ohlcv_backfill,minute,0.00017373830307847063,0.00017373830307847063,0.0001717607243945664,0.0001717607243945664,102.0609733832723,/home/runner/work/Solana-Memecoin-Analysis/Solana-Memecoin-Analysis/data/cache/2026-09-23/064854691075_ohlcv_be1a013ce267.json
2026-09-23T06:30:00+00:00,HCAZia1gVGy1hrfWR2FyLAXZFzC1REfDcPwC2MHao5rm,solana,PumpSwap,,,,,2026-08-04T01:28:30Z,0.00017373830307847063,,,,,,,,,,,,,,,,,,,ohlcv_backfill,minute,0.00017345189228201602,0.00017373830307847063,0.00017345189228201602,0.00017373830307847063,103.23605928333886,/home/runner/work/Solana-Memecoin-Analysis/Solana-Memecoin-Analysis/data/cache/2026-09-23/064854691075_ohlcv_be1a013ce267.json
2026-09-23T06:20:00+00:00,HCAZia1gVGy1hrfWR2FyLAXZFzC1REfDcPwC2MHao5rm,solana,PumpSwap,,,,,2026-08-04T01:28:30Z,0.00017345189228201602,,,,,,,,,,,,,,,,,,,ohlcv_backfill,minute,0.00017453549394386353,0.00017492467033774117,0.0001717119152913584,0.00017345189228201602,370.8381067314547,/home/runner/work/Solana-Memecoin-Analysis/Solana-Memecoin-Analysis/data/cache/2026-09-23/064854691075_ohlcv_be1a013ce267.json
2026-09-23T06:15:00+00:00,HCAZia1gVGy1hrfWR2FyLAXZFzC1REfDcPwC2MHao5rm,solana,PumpSwap,,,,,2026-08-04T01:28:30Z,0.00017453549394386353,,,,,,,,,,,,,,,,,,,ohlcv_backfill,minute,0.00017103401071160289,0.00017484683835316763,0.00017103401071160289,0.00017453549394386353,378.2116915909051,/home/runner/work/Solana-Memecoin-Analysis/Solana-Memecoin-Analysis/data/cache/2026-09-23/064854691075_ohlcv_be1a013ce267.json
2026-09-23T06:10:00+00:00,HCAZia1gVGy1hrfWR2FyLAXZFzC1REfDcPwC2MHao5rm,solana,PumpSwap,,,,,2026-08-04T01:28:30Z,0.00017103401071160289,,,,,,,,,,,,,,,,,,,ohlcv_backfill,minute,0.00017355477199600247,0.00017355477199600247,0.00017103401071160289,0.00017103401071160289,81.41554914656487,/home/runner/work/Solana-Memecoin-Analysis/Solana-Memecoin-Analysis/data/cache/2026-09-23/064854691075_ohlcv_be1a013ce267.json
2026-09-23T06:00:00+00:00,HCAZia1gVGy1hrfWR2FyLAXZFzC1REfDcPwC2MHao5rm,solana,PumpSwap,,,,,2026-08-04T01:28:30Z,0.00017355477199600247,,,,,,,,,,,,,,,,,,,ohlcv_backfill,minute,0.0001716435648733255,0.00017355477199600247,0.0001716435648733255,0.00017355477199600247,78.69532471763435,/home/runner/work/Solana-Memecoin-Analysis/Solana-Memecoin-Analysis/data/cache/2026-09-23/064854691075_ohlcv_be1a013ce267.json
2026-09-23T05:50:00+00:00,HCAZia1gVGy1hrfWR2FyLAXZFzC1REfDcPwC2MHao5rm,solana,PumpSwap,,,,,2026-08-04T01:28:30Z,0.0001716435648733255,,,,,,,,,,,,,,,,,,,ohlcv_backfill,minute,0.00017313667297774122,0.00017313667297774122,0.0001716435648733255,0.0001716435648733255,222.19500990246425,/home/runner/work/Solana-Memecoin-Analysis/Solana-Memecoin-Analysis/data/cache/2026-09-23/064854691075_ohlcv_be1a013ce267.json
2026-09-23T05:40:00+00:00,HCAZia1gVGy1hrfWR2FyLAXZFzC1REfDcPwC2MHao5rm,solana,PumpSwap,,,,,2026-08-04T01:28:30Z,0.00017313667297774122,,,,,,,,,,,,,,,,,,,ohlcv_backfill,minute,0.00017515881167940388,0.00017515881167940388,0.00017313667297774122,0.00017313667297774122,254.73895007613075,/home/runner/work/Solana-Memecoin-Analysis/Solana-Memecoin-Analysis/data/cache/2026-09-23/064854691075_ohlcv_be1a013ce267.json
2026-09-23T05:35:00+00:00,HCAZia1gVGy1hrfWR2FyLAXZFzC1REfDcPwC2MHao5rm,solana,PumpSwap,,,,,2026-08-04T01:28:30Z,0.00017515881167940388,,,,,,,,,,,,,,,,,,,ohlcv_backfill,minute,0.0001746757412158159,0.00017515881167940388,0.00017193454085657776,0.00017515881167940388,436.7085635441058,/home/runner/work/Solana-Memecoin-Analysis/Solana-Memecoin-Analysis/data/cache/2026-09-23/064854691075_ohlcv_be1a013ce267.json
2026-09-23T05:25:00+00:00,HCAZia1gVGy1hrfWR2FyLAXZFzC1REfDcPwC2MHao5rm,solana,PumpSwap,,,,,2026-08-04T01:28:30Z,0.0001746757412158159,,,,,,,,,,,,,,,,,,,ohlcv_backfill,minute,0.0001722979101822719,0.00017531076323129034,0.00017196737140116216,0.0001746757412158159,444.9639052525816,/home/runner/work/Solana-Memecoin-Analysis/Solana-Memecoin-Analysis/data/cache/2026-09-23/064854691075_ohlcv_be1a013ce267.json
2026-09-23T05:15:00+00:00,HCAZia1gVGy1hrfWR2FyLAXZFzC1REfDcPwC2MHao5rm,solana,PumpSwap,,,,,2026-08-04T01:28:30Z,0.0001722979101822719,,,,,,,,,,,,,,,,,,,ohlcv_backfill,minute,0.00017482382839262143,0.00017482382839262143,0.0001722979101822719,0.0001722979101822719,263.6125808600275,/home/runner/work/Solana-Memecoin-Analysis/Solana-Memecoin-Analysis/data/cache/2026-09-23/064854691075_ohlcv_be1a013ce267.json
2026-09-23T05:10:00+00:00,HCAZia1gVGy1hrfWR2FyLAXZFzC1REfDcPwC2MHao5rm,solana,PumpSwap,,,,,2026-08-04T01:28:30Z,0.00017482382839262143,,,,,,,,,,,,,,,,,,,ohlcv_backfill,minute,0.00017209970038515929,0.00017482382839262143,0.00017209970038515929,0.00017482382839262143,267.4771884908871,/home/runner/work/Solana-Memecoin-Analysis/Solana-Memecoin-Analysis/data/cache/2026-09-23/064854691075_ohlcv_be1a013ce267.json
2026-09-23T05:00:00+00:00,HCAZia1gVGy1hrfWR2FyLAXZFzC1REfDcPwC2MHao5rm,solana,PumpSwap,,,,,2026-08-04T01:28:30Z,0.00017209970038515929,,,,,,,,,,,,,,,,,,,ohlcv_backfill,minute,0.00017532000018539794,0.00017532000018539794,0.00017209970038515929,0.00017209970038515929,189.25361878590303,/home/runner/work/Solana-Memecoin-Analysis/Solana-Memecoin-Analysis/data/cache/2026-09-23/064854691075_ohlcv_be1a013ce267.json
2026-09-23T04:55:00+00:00,HCAZia1gVGy1hrfWR2FyLAXZFzC1REfDcPwC2MHao5rm,solana,PumpSwap,,,,,2026-08-04T01:28:30Z,0.00017532000018539794,,,,,,,,,,,,,,,,,,,ohlcv_backfill,minute,0.00017624700231974982,0.00017624700231974982,0.00017532000018539794,0.00017532000018539794,192.79489973762304,/home/runner/work/Solana-Memecoin-Analysis/Solana-Memecoin-Analysis/data/cache/2026-09-23/064854691075_ohlcv_be1a013ce267.json
2026-09-23T04:50:00+00:00,HCAZia1gVGy1hrfWR2FyLAXZFzC1REfDcPwC2MHao5rm,solana,PumpSwap,,,,,2026-08-04T01:28:30Z,0.00017624700231974982,,,,,,,,,,,,,,,,,,,ohlcv_backfill,minute,0.00017250186026526122,0.00017624700231974982,0.00017250186026526122,0.00017624700231974982,473.99271514297425,/home/runner/work/Solana-Memecoin-Analysis/Solana-Memecoin-Analysis/data/cache/2026-09-23/064854691075_ohlcv_be1a013ce267.json
2026-09-23T04:35:00+00:00,HCAZia1gVGy1hrfWR2FyLAXZFzC1REfDcPwC2MHao5rm,solana,PumpSwap,,,,,2026-08-04T01:28:30Z,0.00017250186026526122,,,,,,,,,,,,,,,,,,,ohlcv_backfill,minute,0.0001759830333707948,0.0001759830333707948,0.00017250186026526122,0.00017250186026526122,180.98960131368537,/home/runner/work/Solana-Memecoin-Analysis/Solana-Memecoin-Analysis/data/cache/2026-09-23/064854691075_ohlcv_be1a013ce267.json
2026-09-23T04:30:00+00:00,HCAZia1gVGy1hrfWR2FyLAXZFzC1REfDcPwC2MHao5rm,solana,PumpSwap,,,,,2026-08-04T01:28:30Z,0.0001759830333707948,,,,,,,,,,,,,,,,,,,ohlcv_backfill,minute,0.0001722053327225107,0.0001759830333707948,0.0001722053327225107,0.0001759830333707948,181.05260376018106,/home/runner/work/Solana-Memecoin-Analysis/Solana-Memecoin-Analysis/data/cache/2026-09-23/064854691075_ohlcv_be1a013ce267.json
2026-09-23T04:20:00+00:00,HCAZia1gVGy1hrfWR2FyLAXZFzC1REfDcPwC2MHao5rm,solana,PumpSwap,,,,,2026-08-04T01:28:30Z,0.0001722053327225107,,,,,,,,,,,,,,,,,,,ohlcv_backfill,minute,0.00017456845224923437,0.00017456845224923437,0.0001722053327225107,0.0001722053327225107,214.6892479777672,/home/runner/work/Solana-Memecoin-Analysis/Solana-Memecoin-Analysis/data/cache/2026-09-23/064854691075_ohlcv_be1a013ce267.json
2026-09-23T04:15:00+00:00,HCAZia1gVGy1hrfWR2FyLAXZFzC1REfDcPwC2MHao5rm,solana,PumpSwap,,,,,2026-08-04T01:28:30Z,0.00017456845224923437,,,,,,,,,,,,,,,,,,,ohlcv_backfill,minute,0.0001734733252005355,0.00017456845224923437,0.0001734733252005355,0.00017456845224923437,217.63536088875,/home/runner/work/Solana-Memecoin-Analysis/Solana-Memecoin-Analysis/data/cache/2026-09-23/064854691075_ohlcv_be1a013ce267.json
2026-09-23T04:05:00+00:00,HCAZia1gVGy1hrfWR2FyLAXZFzC1REfDcPwC2MHao5rm,solana,PumpSwap,,,,,2026-08-04T01:28:30Z,0.0001734733252005355,,,,,,,,,,,,,,,,,,,ohlcv_backfill,minute,0.00017138138409619446,0.0001746002719976268,0.00017138138409619446,0.0001734733252005355,493.2778746780064,/home/runner/work/Solana-Memecoin-Analysis/Solana-Memecoin-Analysis/data/cache/2026-09-23/064854691075_ohlcv_be1a013ce267.json
2026-09-23T03:55:00+00:00,HCAZia1gVGy1hrfWR2FyLAXZFzC1REfDcPwC2MHao5rm,solana,PumpSwap,,,,,2026-08-04T01:28:30Z,0.00017138138409619446,,,,,,,,,,,,,,,,,,,ohlcv_backfill,minute,0.00017413326031814907,0.00017413326031814907,0.00017138138409619446,0.00017138138409619446,55.39426883473183,/home/runner/work/Solana-Memecoin-Analysis/Solana-Memecoin-Analysis/data/cache/2026-09-23/064854691075_ohlcv_be1a013ce267.json
2026-09-23T03:50:00+00:00,HCAZia1gVGy1hrfWR2FyLAXZFzC1REfDcPwC2MHao5rm,solana,PumpSwap,,,,,2026-08-04T01:28:30Z,0.00017413326031814907,,,,,,,,,,,,,,,,,,,ohlcv_backfill,minute,0.00017200708756228374,0.00017413326031814907,0.00017200708756228374,0.00017413326031814907,56.20870865918571,/home/runner/work/Solana-Memecoin-Analysis/Solana-Memecoin-Analysis/data/cache/2026-09-23/064854691075_ohlcv_be1a013ce267.json
2026-09-23T03:40:00+00:00,HCAZia1gVGy1hrfWR2FyLAXZFzC1REfDcPwC2MHao5rm,solana,PumpSwap,,,,,2026-08-04T01:28:30Z,0.00017200708756228374,,,,,,,,,,,,,,,,,,,ohlcv_backfill,minute,0.00017409679853378542,0.00017409679853378542,0.00017200708756228374,0.00017200708756228374,137.26186608318807,/home/runner/work/Solana-Memecoin-Analysis/Solana-Memecoin-Analysis/data/cache/2026-09-23/064854691075_ohlcv_be1a013ce267.json
2026-09-23T03:30:00+00:00,HCAZia1gVGy1hrfWR2FyLAXZFzC1REfDcPwC2MHao5rm,solana,PumpSwap,,,,,2026-08-04T01:28:30Z,0.00017409679853378542,,,,,,,,,,,,,,,,,,,ohlcv_backfill,minute,0.00017385761167788358,0.00017409679853378542,0.00017385761167788358,0.00017409679853378542,138.92945799226547,/home/runner/work/Solana-Memecoin-Analysis/Solana-Memecoin-Analysis/data/cache/2026-09-23/064854691075_ohlcv_be1a013ce267.json
2026-09-23T03:25:00+00:00,HCAZia1gVGy1hrfWR2FyLAXZFzC1REfDcPwC2MHao5rm,solana,PumpSwap,,,,,2026-08-04T01:28:30Z,0.00017385761167788358,,,,,,,,,,,,,,,,,,,ohlcv_backfill,minute,0.00017267337036462485,0.00017561992988892933,0.0001723660672788396,0.00017385761167788358,512.5091811303324,/home/runner/work/Solana-Memecoin-Analysis/Solana-Memecoin-Analysis/data/cache/2026-09-23/064854691075_ohlcv_be1a013ce267.json
2026-09-23T03:15:00+00:00,HCAZia1gVGy1hrfWR2FyLAXZFzC1REfDcPwC2MHao5rm,solana,PumpSwap,,,,,2026-08-04T01:28:30Z,0.00017267337036462485,,,,,,,,,,,,,,,,,,,ohlcv_backfill,minute,0.00017162309186852768,0.00017343145729818352,0.0001706743114101137,0.00017267337036462485,615.0443741606723,/home/runner/work/Solana-Memecoin-Analysis/Solana-Memecoin-Analysis/data/cache/2026-09-23/064854691075_ohlcv_be1a013ce267.json
2026-09-23T03:10:00+00:00,HCAZia1gVGy1hrfWR2FyLAXZFzC1REfDcPwC2MHao5rm,solana,PumpSwap,,,,,2026-08-04T01:28:30Z,0.00017162309186852768,,,,,,,,,,,,,,,,,,,ohlcv_backfill,minute,0.00017041437813798644,0.00017162309186852768,0.00017041437813798644,0.00017162309186852768,72.77759358832981,/home/runner/work/Solana-Memecoin-Analysis/Solana-Memecoin-Analysis/data/cache/2026-09-23/064854691075_ohlcv_be1a013ce267.json
2026-09-23T03:05:00+00:00,HCAZia1gVGy1hrfWR2FyLAXZFzC1REfDcPwC2MHao5rm,solana,PumpSwap,,,,,2026-08-04T01:28:30Z,0.00017041437813798644,,,,,,,,,,,,,,,,,,,ohlcv_backfill,minute,0.0001706274700422807,0.0001706274700422807,0.00016739515256949993,0.00017041437813798644,409.5217018007335,/home/runner/work/Solana-Memecoin-Analysis/Solana-Memecoin-Analysis/data/cache/2026-09-23/064854691075_ohlcv_be1a013ce267.json
2026-09-23T02:55:00+00:00,HCAZia1gVGy1hrfWR2FyLAXZFzC1REfDcPwC2MHao5rm,solana,PumpSwap,,,,,2026-08-04T01:28:30Z,0.0001706274700422807,,,,,,,,,,,,,,,,,,,ohlcv_backfill,minute,0.0001667274332122804,0.0001706274700422807,0.0001667274332122804,0.0001706274700422807,195.78392161479616,/home/runner/work/Solana-Memecoin-Analysis/Solana-Memecoin-Analysis/data/cache/2026-09-23/064854691075_ohlcv_be1a013ce267.json
2026-09-23T02:45:00+00:00,HCAZia1gVGy1hrfWR2FyLAXZFzC1REfDcPwC2MHao5rm,solana,PumpSwap,,,,,2026-08-04T01:28:30Z,0.0001667274332122804,,,,,,,,,,,,,,,,,,,ohlcv_backfill,minute,0.00016677066887576706,0.00016677066887576706,0.0001667274332122804,0.0001667274332122804,2.5009114981842058,/home/runner/work/Solana-Memecoin-Analysis/Solana-Memecoin-Analysis/data/cache/2026-09-23/064854691075_ohlcv_be1a013ce267.json
2026-09-23T02:40:00+00:00,HCAZia1gVGy1hrfWR2FyLAXZFzC1REfDcPwC2MHao5rm,solana,PumpSwap,,,,,2026-08-04T01:28:30Z,0.00016677066887576706,,,,,,,,,,,,,,,,,,,ohlcv_backfill,minute,0.0001669463506758894,0.0001669463506758894,0.00016677066887576706,0.00016677066887576706,5.711895408995021,/home/runner/work/Solana-Memecoin-Analysis/Solana-Memecoin-Analysis/data/cache/2026-09-23/064854691075_ohlcv_be1a013ce267.json
2026-09-23T02:35:00+00:00,HCAZia1gVGy1hrfWR2FyLAXZFzC1REfDcPwC2MHao5rm,solana,PumpSwap,,,,,2026-08-04T01:28:30Z,0.0001669463506758894,,,,,,,,,,,,,,,,,,,ohlcv_backfill,minute,0.0001679450194210965,0.0001679450194210965,0.0001669463506758894,0.0001669463506758894,22.871650042596848,/home/runner/work/Solana-Memecoin-Analysis/Solana-Memecoin-Analysis/data/cache/2026-09-23/064854691075_ohlcv_be1a013ce267.json
2026-09-23T01:25:00+00:00,HCAZia1gVGy1hrfWR2FyLAXZFzC1REfDcPwC2MHao5rm,solana,PumpSwap,,,,,2026-08-04T01:28:30Z,0.0001679450194210965,,,,,,,,,,,,,,,,,,,ohlcv_backfill,minute,0.00016820499601357688,0.00016820499601357688,0.0001679450194210965,0.0001679450194210965,22.16874256358474,/home/runner/work/Solana-Memecoin-Analysis/Solana-Memecoin-Analysis/data/cache/2026-09-23/064854691075_ohlcv_be1a013ce267.json
2026-09-23T01:20:00+00:00,HCAZia1gVGy1hrfWR2FyLAXZFzC1REfDcPwC2MHao5rm,solana,PumpSwap,,,,,2026-08-04T01:28:30Z,0.00016820499601357688,,,,,,,,,,,,,,,,,,,ohlcv_backfill,minute,0.0001679001590838278,0.00016820499601357688,0.0001679001590838278,0.00016820499601357688,0.006468862386919318,/home/runner/work/Solana-Memecoin-Analysis/Solana-Memecoin-Analysis/data/cache/2026-09-23/064854691075_ohlcv_be1a013ce267.json
2026-09-23T00:55:00+00:00,HCAZia1gVGy1hrfWR2FyLAXZFzC1REfDcPwC2MHao5rm,solana,PumpSwap,,,,,2026-08-04T01:28:30Z,0.0001679001590838278,,,,,,,,,,,,,,,,,,,ohlcv_backfill,minute,0.00016787018141756896,0.0001679001590838278,0.00016787018141756896,0.0001679001590838278,0.11830179140333909,/home/runner/work/Solana-Memecoin-Analysis/Solana-Memecoin-Analysis/data/cache/2026-09-23/064854691075_ohlcv_be1a013ce267.json
2026-09-23T00:25:00+00:00,HCAZia1gVGy1hrfWR2FyLAXZFzC1REfDcPwC2MHao5rm,solana,PumpSwap,,,,,2026-08-04T01:28:30Z,0.00016787018141756896,,,,,,,,,,,,,,,,,,,ohlcv_backfill,minute,0.00016739068523906854,0.00016787018141756896,0.00016739068523906854,0.00016787018141756896,0.17828946390270392,/home/runner/work/Solana-Memecoin-Analysis/Solana-Memecoin-Analysis/data/cache/2026-09-23/064854691075_ohlcv_be1a013ce267.json
2026-09-23T00:10:00+00:00,HCAZia1gVGy1hrfWR2FyLAXZFzC1REfDcPwC2MHao5rm,solana,PumpSwap,,,,,2026-08-04T01:28:30Z,0.00016739068523906854,,,,,,,,,,,,,,,,,,,ohlcv_backfill,minute,0.00016694621685623572,0.00016739068523906854,0.00016694621685623572,0.00016739068523906854,12.060607025442264,/home/runner/work/Solana-Memecoin-Analysis/Solana-Memecoin-Analysis/data/cache/2026-09-23/064854691075_ohlcv_be1a013ce267.json
2026-09-22T22:20:00+00:00,HCAZia1gVGy1hrfWR2FyLAXZFzC1REfDcPwC2MHao5rm,solana,PumpSwap,,,,,2026-08-04T01:28:30Z,0.00016694621685623572,,,,,,,,,,,,,,,,,,,ohlcv_backfill,minute,0.00016682915482659893,0.00016694621685623572,0.00016678688211125225,0.00016694621685623572,0.2133304012842666,/home/runner/work/Solana-Memecoin-Analysis/Solana-Memecoin-Analysis/data/cache/2026-09-23/064854691075_ohlcv_be1a013ce267.json
2026-09-22T21:55:00+00:00,HCAZia1gVGy1hrfWR2FyLAXZFzC1REfDcPwC2MHao5rm,solana,PumpSwap,,,,,2026-08-04T01:28:30Z,0.00016682915482659893,,,,,,,,,,,,,,,,,,,ohlcv_backfill,minute,0.00016858426645332644,0.000169189492908467,0.00016682915482659893,0.00016682915482659893,6.569061729407367,/home/runner/work/Solana-Memecoin-Analysis/Solana-Memecoin-Analysis/data/cache/2026-09-23/064854691075_ohlcv_be1a013ce267.json
2026-09-22T21:25:00+00:00,HCAZia1gVGy1hrfWR2FyLAXZFzC1REfDcPwC2MHao5rm,solana,PumpSwap,,,,,2026-08-04T01:28:30Z,0.00016858426645332644,,,,,,,,,,,,,,,,,,,ohlcv_backfill,minute,0.0001676153257242204,0.00016858426645332644,0.0001676153257242204,0.00016858426645332644,101.59818986470718,/home/runner/work/Solana-Memecoin-Analysis/Solana-Memecoin-Analysis/data/cache/2026-09-23/064854691075_ohlcv_be1a013ce267.json
2026-09-22T21:10:00+00:00,HCAZia1gVGy1hrfWR2FyLAXZFzC1REfDcPwC2MHao5rm,solana,PumpSwap,,,,,2026-08-04T01:28:30Z,0.0001676153257242204,,,,,,,,,,,,,,,,,,,ohlcv_backfill,minute,0.00016735897874376384,0.0001676153257242204,0.00016735897874376384,0.0001676153257242204,98.50371812361685,/home/runner/work/Solana-Memecoin-Analysis/Solana-Memecoin-Analysis/data/cache/2026-09-23/064854691075_ohlcv_be1a013ce267.json
2026-09-22T21:05:00+00:00,HCAZia1gVGy1hrfWR2FyLAXZFzC1REfDcPwC2MHao5rm,solana,PumpSwap,,,,,2026-08-04T01:28:30Z,0.00016735897874376384,,,,,,,,,,,,,,,,,,,ohlcv_backfill,minute,0.0001653870397197659,0.00016735897874376384,0.0001653870397197659,0.00016735897874376384,0.9496526886717854,/home/runner/work/Solana-Memecoin-Analysis/Solana-Memecoin-Analysis/data/cache/2026-09-23/064854691075_ohlcv_be1a013ce267.json
2026-09-22T20:35:00+00:00,HCAZia1gVGy1hrfWR2FyLAXZFzC1REfDcPwC2MHao5rm,solana,PumpSwap,,,,,2026-08-04T01:28:30Z,0.0001653870397197659,,,,,,,,,,,,,,,,,,,ohlcv_backfill,minute,0.0001663171414758016,0.0001663171414758016,0.0001653870397197659,0.0001653870397197659,9.52056613234383,/home/runner/work/Solana-Memecoin-Analysis/Solana-Memecoin-Analysis/data/cache/2026-09-23/064854691075_ohlcv_be1a013ce267.json
2026-09-22T20:25:00+00:00,HCAZia1gVGy1hrfWR2FyLAXZFzC1REfDcPwC2MHao5rm,solana,PumpSwap,,,,,2026-08-04T01:28:30Z,0.0001663171414758016,,,,,,,,,,,,,,,,,,,ohlcv_backfill,minute,0.00016812907352039272,0.00016812907352039272,0.0001663171414758016,0.0001663171414758016,239.33036658367848,/home/runner/work/Solana-Memecoin-Analysis/Solana-Memecoin-Analysis/data/cache/2026-09-23/064854691075_ohlcv_be1a013ce267.json
2026-09-22T20:10:00+00:00,HCAZia1gVGy1hrfWR2FyLAXZFzC1REfDcPwC2MHao5rm,solana,PumpSwap,,,,,2026-08-04T01:28:30Z,0.00016812907352039272,,,,,,,,,,,,,,,,,,,ohlcv_backfill,minute,0.00017187848322957,0.00017187848322957,0.00016812907352039272,0.00016812907352039272,241.69579905904928,/home/runner/work/Solana-Memecoin-Analysis/Solana-Memecoin-Analysis/data/cache/2026-09-23/064854691075_ohlcv_be1a013ce267.json
2026-09-22T20:05:00+00:00,HCAZia1gVGy1hrfWR2FyLAXZFzC1REfDcPwC2MHao5rm,solana,PumpSwap,,,,,2026-08-04T01:28:30Z,0.00017187848322957,,,,,,,,,,,,,,,,,,,ohlcv_backfill,minute,0.00016968919893992643,0.00017187848322957,0.00016936977420390687,0.00017187848322957,10.207457595955926,/home/runner/work/Solana-Memecoin-Analysis/Solana-Memecoin-Analysis/data/cache/2026-09-23/064854691075_ohlcv_be1a013ce267.json
2026-09-22T19:35:00+00:00,HCAZia1gVGy1hrfWR2FyLAXZFzC1REfDcPwC2MHao5rm,solana,PumpSwap,,,,,2026-08-04T01:28:30Z,0.00016968919893992643,,,,,,,,,,,,,,,,,,,ohlcv_backfill,minute,0.00017019823465060796,0.00017019823465060796,0.00016968919893992643,0.00016968919893992643,0.890201735068163,/home/runner/work/Solana-Memecoin-Analysis/Solana-Memecoin-Analysis/data/cache/2026-09-23/064854691075_ohlcv_be1a013ce267.json
2026-09-22T19:30:00+00:00,HCAZia1gVGy1hrfWR2FyLAXZFzC1REfDcPwC2MHao5rm,solana,PumpSwap,,,,,2026-08-04T01:28:30Z,0.00017019823465060796,,,,,,,,,,,,,,,,,,,ohlcv_backfill,minute,0.00017234343759587893,0.00017234343759587893,0.00017019823465060796,0.00017019823465060796,0.022685226398527294,/home/runner/work/Solana-Memecoin-Analysis/Solana-Memecoin-Analysis/data/cache/2026-09-23/064854691075_ohlcv_be1a013ce267.json
2026-09-22T19:15:00+00:00,HCAZia1gVGy1hrfWR2FyLAXZFzC1REfDcPwC2MHao5rm,solana,PumpSwap,,,,,2026-08-04T01:28:30Z,0.00017234343759587893,,,,,,,,,,,,,,,,,,,ohlcv_backfill,minute,0.00017006163124997788,0.00017234343759587893,0.00017006163124997788,0.00017234343759587893,0.15291317389414283,/home/runner/work/Solana-Memecoin-Analysis/Solana-Memecoin-Analysis/data/cache/2026-09-23/064854691075_ohlcv_be1a013ce267.json
2026-09-22T19:10:00+00:00,HCAZia1gVGy1hrfWR2FyLAXZFzC1REfDcPwC2MHao5rm,solana,PumpSwap,,,,,2026-08-04T01:28:30Z,0.00017006163124997788,,,,,,,,,,,,,,,,,,,ohlcv_backfill,minute,0.000170145166947922,0.000170145166947922,0.00017006163124997788,0.00017006163124997788,48.80768816874365,/home/runner/work/Solana-Memecoin-Analysis/Solana-Memecoin-Analysis/data/cache/2026-09-23/064854691075_ohlcv_be1a013ce267.json
2026-09-22T19:00:00+00:00,HCAZia1gVGy1hrfWR2FyLAXZFzC1REfDcPwC2MHao5rm,solana,PumpSwap,,,,,2026-08-04T01:28:30Z,0.000170145166947922,,,,,,,,,,,,,,,,,,,ohlcv_backfill,minute,0.00017018098386433053,0.00017018098386433053,0.000170145166947922,0.000170145166947922,0.06689722534545606,/home/runner/work/Solana-Memecoin-Analysis/Solana-Memecoin-Analysis/data/cache/2026-09-23/064854691075_ohlcv_be1a013ce267.json
2026-09-22T18:50:00+00:00,HCAZia1gVGy1hrfWR2FyLAXZFzC1REfDcPwC2MHao5rm,solana,PumpSwap,,,,,2026-08-04T01:28:30Z,0.00017018098386433053,,,,,,,,,,,,,,,,,,,ohlcv_backfill,minute,0.00017034930415888228,0.00017034930415888228,0.00017018098386433053,0.00017018098386433053,0.005069746647957178,/home/runner/work/Solana-Memecoin-Analysis/Solana-Memecoin-Analysis/data/cache/2026-09-23/064854691075_ohlcv_be1a013ce267.json
2026-09-22T18:15:00+00:00,HCAZia1gVGy1hrfWR2FyLAXZFzC1REfDcPwC2MHao5rm,solana,PumpSwap,,,,,2026-08-04T01:28:30Z,0.00017034930415888228,,,,,,,,,,,,,,,,,,,ohlcv_backfill,minute,0.00017238880676317232,0.00017238880676317232,0.00017034930415888228,0.00017034930415888228,0.03259238077367208,/home/runner/work/Solana-Memecoin-Analysis/Solana-Memecoin-Analysis/data/cache/2026-09-23/064854691075_ohlcv_be1a013ce267.json
2026-09-22T18:10:00+00:00,HCAZia1gVGy1hrfWR2FyLAXZFzC1REfDcPwC2MHao5rm,solana,PumpSwap,,,,,2026-08-04T01:28:30Z,0.00017238880676317232,,,,,,,,,,,,,,,,,,,ohlcv_backfill,minute,0.00017173411593718525,0.00017238880676317232,0.00017173411593718525,0.00017238880676317232,0.025927946095306586,/home/runner/work/Solana-Memecoin-Analysis/Solana-Memecoin-Analysis/data/cache/2026-09-23/064854691075_ohlcv_be1a013ce267.json
2026-09-22T17:45:00+00:00,HCAZia1gVGy1hrfWR2FyLAXZFzC1REfDcPwC2MHao5rm,solana,PumpSwap,,,,,2026-08-04T01:28:30Z,0.00017173411593718525,,,,,,,,,,,,,,,,,,,ohlcv_backfill,minute,0.00017211220656349302,0.00017211220656349302,0.00016943199582470798,0.00017173411593718525,19.62368237991786,/home/runner/work/Solana-Memecoin-Analysis/Solana-Memecoin-Analysis/data/cache/2026-09-23/064854691075_ohlcv_be1a013ce267.json
2026-09-22T17:35:00+00:00,HCAZia1gVGy1hrfWR2FyLAXZFzC1REfDcPwC2MHao5rm,solana,PumpSwap,,,,,2026-08-04T01:28:30Z,0.00017211220656349302,,,,,,,,,,,,,,,,,,,ohlcv_backfill,minute,0.0001697105825151515,0.00017211220656349302,0.0001697105825151515,0.00017211220656349302,22.30796728322119,/home/runner/work/Solana-Memecoin-Analysis/Solana-Memecoin-Analysis/data/cache/2026-09-23/064854691075_ohlcv_be1a013ce267.json
2026-09-22T17:15:00+00:00,HCAZia1gVGy1hrfWR2FyLAXZFzC1REfDcPwC2MHao5rm,solana,PumpSwap,,,,,2026-08-04T01:28:30Z,0.0001697105825151515,,,,,,,,,,,,,,,,,,,ohlcv_backfill,minute,0.00016950738571478233,0.0001697105825151515,0.00016950738571478233,0.0001697105825151515,7.636976213181818,/home/runner/work/Solana-Memecoin-Analysis/Solana-Memecoin-Analysis/data/cache/2026-09-23/064854691075_ohlcv_be1a013ce267.json
2026-09-22T17:05:00+00:00,HCAZia1gVGy1hrfWR2FyLAXZFzC1REfDcPwC2MHao5rm,solana,PumpSwap,,,,,2026-08-04T01:28:30Z,0.00016950738571478233,,,,,,,,,,,,,,,,,,,ohlcv_backfill,minute,0.00017094485596123808,0.00017094485596123808,0.00016950738571478233,0.00016950738571478233,2.6754936362849575,/home/runner/work/Solana-Memecoin-Analysis/Solana-Memecoin-Analysis/data/cache/2026-09-23/064854691075_ohlcv_be1a013ce267.json
2026-09-22T16:35:00+00:00,HCAZia1gVGy1hrfWR2FyLAXZFzC1REfDcPwC2MHao5rm,solana,PumpSwap,,,,,2026-08-04T01:28:30Z,0.00017094485596123808,,,,,,,,,,,,,,,,,,,ohlcv_backfill,minute,0.00016842334184493328,0.00017094485596123808,0.00016842334184493328,0.00017094485596123808,12.492542973618011,/home/runner/work/Solana-Memecoin-Analysis/Solana-Memecoin-Analysis/data/cache/2026-09-23/064854691075_ohlcv_be1a013ce267.json
2026-09-22T16:30:00+00:00,HCAZia1gVGy1hrfWR2FyLAXZFzC1REfDcPwC2MHao5rm,solana,PumpSwap,,,,,2026-08-04T01:28:30Z,0.00016842334184493328,,,,,,,,,,,,,,,,,,,ohlcv_backfill,minute,0.00016826721026452074,0.00016842334184493328,0.00016826721026452074,0.00016842334184493328,9.697346608040428,/home/runner/work/Solana-Memecoin-Analysis/Solana-Memecoin-Analysis/data/cache/2026-09-23/064854691075_ohlcv_be1a013ce267.json
2026-09-22T16:15:00+00:00,HCAZia1gVGy1hrfWR2FyLAXZFzC1REfDcPwC2MHao5rm,solana,PumpSwap,,,,,2026-08-04T01:28:30Z,0.00016826721026452074,,,,,,,,,,,,,,,,,,,ohlcv_backfill,minute,0.00016925459121612773,0.00016925459121612773,0.00016826721026452074,0.00016826721026452074,0.006804339136780821,/home/runner/work/Solana-Memecoin-Analysis/Solana-Memecoin-Analysis/data/cache/2026-09-23/064854691075_ohlcv_be1a013ce267.json
2026-09-22T15:50:00+00:00,HCAZia1gVGy1hrfWR2FyLAXZFzC1REfDcPwC2MHao5rm,solana,PumpSwap,,,,,2026-08-04T01:28:30Z,0.00016925459121612773,,,,,,,,,,,,,,,,,,,ohlcv_backfill,minute,0.00016957702637594168,0.00016957702637594168,0.00016925459121612773,0.00016925459121612773,28.836199443575026,/home/runner/work/Solana-Memecoin-Analysis/Solana-Memecoin-Analysis/data/cache/2026-09-23/064854691075_ohlcv_be1a013ce267.json
2026-09-22T15:40:00+00:00,HCAZia1gVGy1hrfWR2FyLAXZFzC1REfDcPwC2MHao5rm,solana,PumpSwap,,,,,2026-08-04T01:28:30Z,0.00016957702637594168,,,,,,,,,,,,,,,,,,,ohlcv_backfill,minute,0.00016806776078550763,0.00016957702637594168,0.00016806776078550763,0.00016957702637594168,0.23359049764272896,/home/runner/work/Solana-Memecoin-Analysis/Solana-Memecoin-Analysis/data/cache/2026-09-23/064854691075_ohlcv_be1a013ce267.json
2026-09-22T14:50:00+00:00,HCAZia1gVGy1hrfWR2FyLAXZFzC1REfDcPwC2MHao5rm,solana,PumpSwap,,,,,2026-08-04T01:28:30Z,0.00016806776078550763,,,,,,,,,,,,,,,,,,,ohlcv_backfill,minute,0.00016788794222976792,0.00016806776078550763,0.00016788794222976792,0.00016806776078550763,0.03114366817665701,/home/runner/work/Solana-Memecoin-Analysis/Solana-Memecoin-Analysis/data/cache/2026-09-23/064854691075_ohlcv_be1a013ce267.json
2026-09-22T14:35:00+00:00,HCAZia1gVGy1hrfWR2FyLAXZFzC1REfDcPwC2MHao5rm,solana,PumpSwap,,,,,2026-08-04T01:28:30Z,0.00016788794222976792,,,,,,,,,,,,,,,,,,,ohlcv_backfill,minute,0.0001716022977902383,0.0001716022977902383,0.00016788794222976792,0.00016788794222976792,3.6693208778727833,/home/runner/work/Solana-Memecoin-Analysis/Solana-Memecoin-Analysis/data/cache/2026-09-23/064854691075_ohlcv_be1a013ce267.json
2026-09-22T14:20:00+00:00,HCAZia1gVGy1hrfWR2FyLAXZFzC1REfDcPwC2MHao5rm,solana,PumpSwap,,,,,2026-08-04T01:28:30Z,0.0001716022977902383,,,,,,,,,,,,,,,,,,,ohlcv_backfill,minute,0.000169294501729009,0.0001716022977902383,0.000169294501729009,0.0001716022977902383,2.9349714810272016,/home/runner/work/Solana-Memecoin-Analysis/Solana-Memecoin-Analysis/data/cache/2026-09-23/064854691075_ohlcv_be1a013ce267.json
2026-09-22T14:05:00+00:00,HCAZia1gVGy1hrfWR2FyLAXZFzC1REfDcPwC2MHao5rm,solana,PumpSwap,,,,,2026-08-04T01:28:30Z,0.000169294501729009,,,,,,,,,,,,,,,,,,,ohlcv_backfill,minute,0.00016942398011237793,0.00017162415682233257,0.000169294501729009,0.000169294501729009,10.869658274360736,/home/runner/work/Solana-Memecoin-Analysis/Solana-Memecoin-Analysis/data/cache/2026-09-23/064854691075_ohlcv_be1a013ce267.json
2026-09-22T12:45:00+00:00,HCAZia1gVGy1hrfWR2FyLAXZFzC1REfDcPwC2MHao5rm,solana,PumpSwap,,,,,2026-08-04T01:28:30Z,0.00016942398011237793,,,,,,,,,,,,,,,,,,,ohlcv_backfill,minute,0.00016843859906879444,0.00016942398011237793,0.00016843859906879444,0.00016942398011237793,50.318922093376244,/home/runner/work/Solana-Memecoin-Analysis/Solana-Memecoin-Analysis/data/cache/2026-09-23/064854691075_ohlcv_be1a013ce267.json
2026-09-22T11:10:00+00:00,HCAZia1gVGy1hrfWR2FyLAXZFzC1REfDcPwC2MHao5rm,solana,PumpSwap,,,,,2026-08-04T01:28:30Z,0.00016843859906879444,,,,,,,,,,,,,,,,,,,ohlcv_backfill,minute,0.00016844443760645798,0.00016844443760645798,0.00016843859906879444,0.00016843859906879444,1.7228397722929527,/home/runner/work/Solana-Memecoin-Analysis/Solana-Memecoin-Analysis/data/cache/2026-09-23/064854691075_ohlcv_be1a013ce267.json
2026-09-22T11:05:00+00:00,HCAZia1gVGy1hrfWR2FyLAXZFzC1REfDcPwC2MHao5rm,solana,PumpSwap,,,,,2026-08-04T01:28:30Z,0.00016844443760645798,,,,,,,,,,,,,,,,,,,ohlcv_backfill,minute,0.00016942352378981245,0.00016942352378981245,0.00016844443760645798,0.00016844443760645798,2.515468488552788,/home/runner/work/Solana-Memecoin-Analysis/Solana-Memecoin-Analysis/data/cache/2026-09-23/064854691075_ohlcv_be1a013ce267.json
2026-09-22T10:15:00+00:00,HCAZia1gVGy1hrfWR2FyLAXZFzC1REfDcPwC2MHao5rm,solana,PumpSwap,,,,,2026-08-04T01:28:30Z,0.00016942352378981245,,,,,,,,,,,,,,,,,,,ohlcv_backfill,minute,0.0001692898402331231,0.00016942352378981245,0.0001692898402331231,0.00016942352378981245,1.649598629655858,/home/runner/work/Solana-Memecoin-Analysis/Solana-Memecoin-Analysis/data/cache/2026-09-23/064854691075_ohlcv_be1a013ce267.json
2026-09-22T10:10:00+00:00,HCAZia1gVGy1hrfWR2FyLAXZFzC1REfDcPwC2MHao5rm,solana,PumpSwap,,,,,2026-08-04T01:28:30Z,0.0001692898402331231,,,,,,,,,,,,,,,,,,,ohlcv_backfill,minute,0.00016949700336400908,0.00016949700336400908,0.0001692898402331231,0.0001692898402331231,10.41443315821871,/home/runner/work/Solana-Memecoin-Analysis/Solana-Memecoin-Analysis/data/cache/2026-09-23/064854691075_ohlcv_be1a013ce267.json
2026-09-22T09:35:00+00:00,HCAZia1gVGy1hrfWR2FyLAXZFzC1REfDcPwC2MHao5rm,solana,PumpSwap,,,,,2026-08-04T01:28:30Z,0.00016949700336400908,,,,,,,,,,,,,,,,,,,ohlcv_backfill,minute,0.00016947822341813076,0.00016949700336400908,0.00016947822341813076,0.00016949700336400908,22.3736044440492,/home/runner/work/Solana-Memecoin-Analysis/Solana-Memecoin-Analysis/data/cache/2026-09-23/064854691075_ohlcv_be1a013ce267.json
2026-09-22T09:15:00+00:00,HCAZia1gVGy1hrfWR2FyLAXZFzC1REfDcPwC2MHao5rm,solana,PumpSwap,,,,,2026-08-04T01:28:30Z,0.00016947822341813076,,,,,,,,,,,,,,,,,,,ohlcv_backfill,minute,0.00016986502364021164,0.00016986502364021164,0.00016947822341813076,0.00016947822341813076,1.650131215360326,/home/runner/work/Solana-Memecoin-Analysis/Solana-Memecoin-Analysis/data/cache/2026-09-23/064854691075_ohlcv_be1a013ce267.json
2026-09-22T08:40:00+00:00,HCAZia1gVGy1hrfWR2FyLAXZFzC1REfDcPwC2MHao5rm,solana,PumpSwap,,,,,2026-08-04T01:28:30Z,0.00016986502364021164,,,,,,,,,,,,,,,,,,,ohlcv_backfill,minute,0.00016857278250011337,0.00016986502364021164,0.00016857278250011337,0.00016986502364021164,39.144537935568245,/home/runner/work/Solana-Memecoin-Analysis/Solana-Memecoin-Analysis/data/cache/2026-09-23/064854691075_ohlcv_be1a013ce267.json
2026-09-22T08:30:00+00:00,HCAZia1gVGy1hrfWR2FyLAXZFzC1REfDcPwC2MHao5rm,solana,PumpSwap,,,,,2026-08-04T01:28:30Z,0.00016857278250011337,,,,,,,,,,,,,,,,,,,ohlcv_backfill,minute,0.00016877660840004,0.00016877660840004,0.00016857278250011337,0.00016857278250011337,0.21556492971054292,/home/runner/work/Solana-Memecoin-Analysis/Solana-Memecoin-Analysis/data/cache/2026-09-23/064854691075_ohlcv_be1a013ce267.json
2026-09-22T08:15:00+00:00,HCAZia1gVGy1hrfWR2FyLAXZFzC1REfDcPwC2MHao5rm,solana,PumpSwap,,,,,2026-08-04T01:28:30Z,0.00016877660840004,,,,,,,,,,,,,,,,,,,ohlcv_backfill,minute,0.00016911316335209894,0.0001712836877198662,0.00016877660840004,0.00016877660840004,4.574805423156081,/home/runner/work/Solana-Memecoin-Analysis/Solana-Memecoin-Analysis/data/cache/2026-09-23/064854691075_ohlcv_be1a013ce267.json
2026-09-22T08:00:00+00:00,HCAZia1gVGy1hrfWR2FyLAXZFzC1REfDcPwC2MHao5rm,solana,PumpSwap,,,,,2026-08-04T01:28:30Z,0.00016911316335209894,,,,,,,,,,,,,,,,,,,ohlcv_backfill,minute,0.00016956787078805822,0.00016956787078805822,0.00016911316335209894,0.00016911316335209894,0.8211843275706293,/home/runner/work/Solana-Memecoin-Analysis/Solana-Memecoin-Analysis/data/cache/2026-09-23/064854691075_ohlcv_be1a013ce267.json
2026-09-22T07:55:00+00:00,HCAZia1gVGy1hrfWR2FyLAXZFzC1REfDcPwC2MHao5rm,solana,PumpSwap,,,,,2026-08-04T01:28:30Z,0.00016956787078805822,,,,,,,,,,,,,,,,,,,ohlcv_backfill,minute,0.00017307060886966445,0.00017307060886966445,0.00016956787078805822,0.00016956787078805822,186.68565906826615,/home/runner/work/Solana-Memecoin-Analysis/Solana-Memecoin-Analysis/data/cache/2026-09-23/064854691075_ohlcv_be1a013ce267.json
2026-09-22T07:20:00+00:00,HCAZia1gVGy1hrfWR2FyLAXZFzC1REfDcPwC2MHao5rm,solana,PumpSwap,,,,,2026-08-04T01:28:30Z,0.00017307060886966445,,,,,,,,,,,,,,,,,,,ohlcv_backfill,minute,0.00017094711175596642,0.00017307060886966445,0.00017094711175596642,0.00017307060886966445,14.701521122326549,/home/runner/work/Solana-Memecoin-Analysis/Solana-Memecoin-Analysis/data/cache/2026-09-23/064854691075_ohlcv_be1a013ce267.json
2026-09-22T07:15:00+00:00,HCAZia1gVGy1hrfWR2FyLAXZFzC1REfDcPwC2MHao5rm,solana,PumpSwap,,,,,2026-08-04T01:28:30Z,0.00017094711175596642,,,,,,,,,,,,,,,,,,,ohlcv_backfill,minute,0.00017082272564299298,0.00017094711175596642,0.00017082272564299298,0.00017094711175596642,1.6644331029377126,/home/runner/work/Solana-Memecoin-Analysis/Solana-Memecoin-Analysis/data/cache/2026-09-23/064854691075_ohlcv_be1a013ce267.json
2026-09-22T06:15:00+00:00,HCAZia1gVGy1hrfWR2FyLAXZFzC1REfDcPwC2MHao5rm,solana,PumpSwap,,,,,2026-08-04T01:28:30Z,0.00017082272564299298,,,,,,,,,,,,,,,,,,,ohlcv_backfill,minute,0.0001709973707427397,0.0001709973707427397,0.00017082272564299298,0.00017082272564299298,1.6632220127832662,/home/runner/work/Solana-Memecoin-Analysis/Solana-Memecoin-Analysis/data/cache/2026-09-23/064854691075_ohlcv_be1a013ce267.json
2026-09-22T06:05:00+00:00,HCAZia1gVGy1hrfWR2FyLAXZFzC1REfDcPwC2MHao5rm,solana,PumpSwap,,,,,2026-08-04T01:28:30Z,0.0001709973707427397,,,,,,,,,,,,,,,,,,,ohlcv_backfill,minute,0.0001714894825752612,0.0001714894825752612,0.0001709973707427397,0.0001709973707427397,3.5660891987532826,/home/runner/work/Solana-Memecoin-Analysis/Solana-Memecoin-Analysis/data/cache/2026-09-23/064854691075_ohlcv_be1a013ce267.json
2026-09-22T05:50:00+00:00,HCAZia1gVGy1hrfWR2FyLAXZFzC1REfDcPwC2MHao5rm,solana,PumpSwap,,,,,2026-08-04T01:28:30Z,0.0001714894825752612,,,,,,,,,,,,,,,,,,,ohlcv_backfill,minute,0.00017038700752808878,0.0001714894825752612,0.00017038700752808878,0.0001714894825752612,0.013772711170150016,/home/runner/work/Solana-Memecoin-Analysis/Solana-Memecoin-Analysis/data/cache/2026-09-23/064854691075_ohlcv_be1a013ce267.json
2026-09-22T05:15:00+00:00,HCAZia1gVGy1hrfWR2FyLAXZFzC1REfDcPwC2MHao5rm,solana,PumpSwap,,,,,2026-08-04T01:28:30Z,0.00017038700752808878,,,,,,,,,,,,,,,,,,,ohlcv_backfill,minute,0.00017046975930449417,0.00017046975930449417,0.00017038700752808878,0.00017038700752808878,1.6589796266642691,/home/runner/work/Solana-Memecoin-Analysis/Solana-Memecoin-Analysis/data/cache/2026-09-23/064854691075_ohlcv_be1a013ce267.json
2026-09-22T04:55:00+00:00,HCAZia1gVGy1hrfWR2FyLAXZFzC1REfDcPwC2MHao5rm,solana,PumpSwap,,,,,2026-08-04T01:28:30Z,0.00017046975930449417,,,,,,,,,,,,,,,,,,,ohlcv_backfill,minute,0.00017111100334470526,0.00017111100334470526,0.00017046975930449417,0.00017046975930449417,0.12652771898952594,/home/runner/work/Solana-Memecoin-Analysis/Solana-Memecoin-Analysis/data/cache/2026-09-23/064854691075_ohlcv_be1a013ce267.json
2026-09-22T04:30:00+00:00,HCAZia1gVGy1hrfWR2FyLAXZFzC1REfDcPwC2MHao5rm,solana,PumpSwap,,,,,2026-08-04T01:28:30Z,0.00017111100334470526,,,,,,,,,,,,,,,,,,,ohlcv_backfill,minute,0.0001715131820408509,0.0001715131820408509,0.00017111100334470526,0.00017111100334470526,4.777741617143342,/home/runner/work/Solana-Memecoin-Analysis/Solana-Memecoin-Analysis/data/cache/2026-09-23/064854691075_ohlcv_be1a013ce267.json
2026-09-22T04:15:00+00:00,HCAZia1gVGy1hrfWR2FyLAXZFzC1REfDcPwC2MHao5rm,solana,PumpSwap,,,,,2026-08-04T01:28:30Z,0.0001715131820408509,,,,,,,,,,,,,,,,,,,ohlcv_backfill,minute,0.0001714767067860953,0.0001715131820408509,0.0001714767067860953,0.0001715131820408509,1.6699446679537753,/home/runner/work/Solana-Memecoin-Analysis/Solana-Memecoin-Analysis/data/cache/2026-09-23/064854691075_ohlcv_be1a013ce267.json
2026-09-22T04:10:00+00:00,HCAZia1gVGy1hrfWR2FyLAXZFzC1REfDcPwC2MHao5rm,solana,PumpSwap,,,,,2026-08-04T01:28:30Z,0.0001714767067860953,,,,,,,,,,,,,,,,,,,ohlcv_backfill,minute,0.00017383491412571102,0.00017383491412571102,0.0001714767067860953,0.0001714767067860953,5.593900158449291,/home/runner/work/Solana-Memecoin-Analysis/Solana-Memecoin-Analysis/data/cache/2026-09-23/064854691075_ohlcv_be1a013ce267.json
2026-09-22T03:55:00+00:00,HCAZia1gVGy1hrfWR2FyLAXZFzC1REfDcPwC2MHao5rm,solana,PumpSwap,,,,,2026-08-04T01:28:30Z,0.00017383491412571102,,,,,,,,,,,,,,,,,,,ohlcv_backfill,minute,0.00017366734444665194,0.00017383491412571102,0.00017366734444665194,0.00017383491412571102,0.19028222282330554,/home/runner/work/Solana-Memecoin-Analysis/Solana-Memecoin-Analysis/data/cache/2026-09-23/064854691075_ohlcv_be1a013ce267.json
2026-09-22T03:45:00+00:00,HCAZia1gVGy1hrfWR2FyLAXZFzC1REfDcPwC2MHao5rm,solana,PumpSwap,,,,,2026-08-04T01:28:30Z,0.00017366734444665194,,,,,,,,,,,,,,,,,,,ohlcv_backfill,minute,0.00017088785365784097,0.00017366734444665194,0.00017088785365784097,0.00017366734444665194,4.41690958437536,/home/runner/work/Solana-Memecoin-Analysis/Solana-Memecoin-Analysis/data/cache/2026-09-23/064854691075_ohlcv_be1a013ce267.json
2026-09-22T03:15:00+00:00,HCAZia1gVGy1hrfWR2FyLAXZFzC1REfDcPwC2MHao5rm,solana,PumpSwap,,,,,2026-08-04T01:28:30Z,0.00017088785365784097,,,,,,,,,,,,,,,,,,,ohlcv_backfill,minute,0.0001734483250763476,0.0001734483250763476,0.00017088785365784097,0.00017088785365784097,1.6638561341950182,/home/runner/work/Solana-Memecoin-Analysis/Solana-Memecoin-Analysis/data/cache/2026-09-23/064854691075_ohlcv_be1a013ce267.json
2026-09-22T03:00:00+00:00,HCAZia1gVGy1hrfWR2FyLAXZFzC1REfDcPwC2MHao5rm,solana,PumpSwap,,,,,2026-08-04T01:28:30Z,0.0001734483250763476,,,,,,,,,,,,,,,,,,,ohlcv_backfill,minute,0.0001736860209103859,0.0001736860209103859,0.0001734483250763476,0.0001734483250763476,0.08238764272462495,/home/runner/work/Solana-Memecoin-Analysis/Solana-Memecoin-Analysis/data/cache/2026-09-23/064854691075_ohlcv_be1a013ce267.json
2026-09-22T02:55:00+00:00,HCAZia1gVGy1hrfWR2FyLAXZFzC1REfDcPwC2MHao5rm,solana,PumpSwap,,,,,2026-08-04T01:28:30Z,0.0001736860209103859,,,,,,,,,,,,,,,,,,,ohlcv_backfill,minute,0.000172141374366381,0.0001736860209103859,0.000172141374366381,0.0001736860209103859,0.03218475558236511,/home/runner/work/Solana-Memecoin-Analysis/Solana-Memecoin-Analysis/data/cache/2026-09-23/064854691075_ohlcv_be1a013ce267.json
2026-09-22T02:50:00+00:00,HCAZia1gVGy1hrfWR2FyLAXZFzC1REfDcPwC2MHao5rm,solana,PumpSwap,,,,,2026-08-04T01:28:30Z,0.000172141374366381,,,,,,,,,,,,,,,,,,,ohlcv_backfill,minute,0.0001764540273638837,0.0001764540273638837,0.000172141374366381,0.000172141374366381,382.7620341350072,/home/runner/work/Solana-Memecoin-Analysis/Solana-Memecoin-Analysis/data/cache/2026-09-23/064854691075_ohlcv_be1a013ce267.json
2026-09-22T02:40:00+00:00,HCAZia1gVGy1hrfWR2FyLAXZFzC1REfDcPwC2MHao5rm,solana,PumpSwap,,,,,2026-08-04T01:28:30Z,0.0001764540273638837,,,,,,,,,,,,,,,,,,,ohlcv_backfill,minute,0.00017591656696088137,0.0001764540273638837,0.00017591656696088137,0.0001764540273638837,0.8822701368194183,/home/runner/work/Solana-Memecoin-Analysis/Solana-Memecoin-Analysis/data/cache/2026-09-23/064854691075_ohlcv_be1a013ce267.json
2026-09-22T02:25:00+00:00,HCAZia1gVGy1hrfWR2FyLAXZFzC1REfDcPwC2MHao5rm,solana,PumpSwap,,,,,2026-08-04T01:28:30Z,0.00017591656696088137,,,,,,,,,,,,,,,,,,,ohlcv_backfill,minute,0.00017577602930649177,0.0001760632221182409,0.00017577602930649177,0.00017591656696088137,3.5203551492048413,/home/runner/work/Solana-Memecoin-Analysis/Solana-Memecoin-Analysis/data/cache/2026-09-23/064854691075_ohlcv_be1a013ce267.json
2026-09-22T02:15:00+00:00,HCAZia1gVGy1hrfWR2FyLAXZFzC1REfDcPwC2MHao5rm,solana,PumpSwap,,,,,2026-08-04T01:28:30Z,0.00017577602930649177,,,,,,,,,,,,,,,,,,,ohlcv_backfill,minute,0.0001755675221603188,0.00017577602930649177,0.0001755675221603188,0.00017577602930649177,1.711450043673892,/home/runner/work/Solana-Memecoin-Analysis/Solana-Memecoin-Analysis/data/cache/2026-09-23/064854691075_ohlcv_be1a013ce267.json
2026-09-22T02:10:00+00:00,HCAZia1gVGy1hrfWR2FyLAXZFzC1REfDcPwC2MHao5rm,solana,PumpSwap,,,,,2026-08-04T01:28:30Z,0.0001755675221603188,,,,,,,,,,,,,,,,,,,ohlcv_backfill,minute,0.00017590254334631298,0.00017590254334631298,0.0001755675221603188,0.0001755675221603188,0.0351573675195302,/home/runner/work/Solana-Memecoin-Analysis/Solana-Memecoin-Analysis/data/cache/2026-09-23/064854691075_ohlcv_be1a013ce267.json
2026-09-22T01:50:00+00:00,HCAZia1gVGy1hrfWR2FyLAXZFzC1REfDcPwC2MHao5rm,solana,PumpSwap,,,,,2026-08-04T01:28:30Z,0.00017590254334631298,,,,,,,,,,,,,,,,,,,ohlcv_backfill,minute,0.00017605621404462792,0.00017605621404462792,0.00017590254334631298,0.00017590254334631298,7.566368392443699,/home/runner/work/Solana-Memecoin-Analysis/Solana-Memecoin-Analysis/data/cache/2026-09-23/064854691075_ohlcv_be1a013ce267.json
2026-09-22T01:45:00+00:00,HCAZia1gVGy1hrfWR2FyLAXZFzC1REfDcPwC2MHao5rm,solana,PumpSwap,,,,,2026-08-04T01:28:30Z,0.00017605621404462792,,,,,,,,,,,,,,,,,,,ohlcv_backfill,minute,0.00017607364414813645,0.00017612552829898262,0.00017605621404462792,0.00017605621404462792,3.880475953739037,/home/runner/work/Solana-Memecoin-Analysis/Solana-Memecoin-Analysis/data/cache/2026-09-23/064854691075_ohlcv_be1a013ce267.json
2026-09-22T01:40:00+00:00,HCAZia1gVGy1hrfWR2FyLAXZFzC1REfDcPwC2MHao5rm,solana,PumpSwap,,,,,2026-08-04T01:28:30Z,0.00017607364414813645,,,,,,,,,,,,,,,,,,,ohlcv_backfill,minute,0.00017672298763868016,0.00017672298763868016,0.00017607364414813645,0.00017607364414813645,0.8238502527883816,/home/runner/work/Solana-Memecoin-Analysis/Solana-Memecoin-Analysis/data/cache/2026-09-23/064854691075_ohlcv_be1a013ce267.json
2026-09-22T01:35:00+00:00,HCAZia1gVGy1hrfWR2FyLAXZFzC1REfDcPwC2MHao5rm,solana,PumpSwap,,,,,2026-08-04T01:28:30Z,0.00017672298763868016,,,,,,,,,,,,,,,,,,,ohlcv_backfill,minute,0.00017679912621024725,0.0001793187438360153,0.00017672298763868016,0.00017672298763868016,4.493063588794002,/home/runner/work/Solana-Memecoin-Analysis/Solana-Memecoin-Analysis/data/cache/2026-09-23/064854691075_ohlcv_be1a013ce267.json
2026-09-22T01:30:00+00:00,HCAZia1gVGy1hrfWR2FyLAXZFzC1REfDcPwC2MHao5rm,solana,PumpSwap,,,,,2026-08-04T01:28:30Z,0.00017679912621024725,,,,,,,,,,,,,,,,,,,ohlcv_backfill,minute,0.0001791585826643967,0.00017939202466268512,0.0001765839912022747,0.00017679912621024725,18.08732410164235,/home/runner/work/Solana-Memecoin-Analysis/Solana-Memecoin-Analysis/data/cache/2026-09-23/064854691075_ohlcv_be1a013ce267.json
2026-09-22T01:25:00+00:00,HCAZia1gVGy1hrfWR2FyLAXZFzC1REfDcPwC2MHao5rm,solana,PumpSwap,,,,,2026-08-04T01:28:30Z,0.0001791585826643967,,,,,,,,,,,,,,,,,,,ohlcv_backfill,minute,0.00017878987027940735,0.0001791585826643967,0.00017620360551002647,0.0001791585826643967,32.20753915994156,/home/runner/work/Solana-Memecoin-Analysis/Solana-Memecoin-Analysis/data/cache/2026-09-23/064854691075_ohlcv_be1a013ce267.json
2026-09-22T01:20:00+00:00,HCAZia1gVGy1hrfWR2FyLAXZFzC1REfDcPwC2MHao5rm,solana,PumpSwap,,,,,2026-08-04T01:28:30Z,0.00017878987027940735,,,,,,,,,,,,,,,,,,,ohlcv_backfill,minute,0.0001782309796224688,0.00017880875445907036,0.00017571760078060654,0.00017878987027940735,45.168953338396136,/home/runner/work/Solana-Memecoin-Analysis/Solana-Memecoin-Analysis/data/cache/2026-09-23/064854691075_ohlcv_be1a013ce267.json
2026-09-22T01:15:00+00:00,HCAZia1gVGy1hrfWR2FyLAXZFzC1REfDcPwC2MHao5rm,solana,PumpSwap,,,,,2026-08-04T01:28:30Z,0.0001782309796224688,,,,,,,,,,,,,,,,,,,ohlcv_backfill,minute,0.00017661155766060936,0.00017929409898517296,0.00017540156930980074,0.0001782309796224688,82.89407407073521,/home/runner/work/Solana-Memecoin-Analysis/Solana-Memecoin-Analysis/data/cache/2026-09-23/064854691075_ohlcv_be1a013ce267.json
2026-09-22T01:10:00+00:00,HCAZia1gVGy1hrfWR2FyLAXZFzC1REfDcPwC2MHao5rm,solana,PumpSwap,,,,,2026-08-04T01:28:30Z,0.00017661155766060936,,,,,,,,,,,,,,,,,,,ohlcv_backfill,minute,0.00017696305523024706,0.0001795239351092947,0.00017651449774786656,0.00017661155766060936,99.76752023406445,/home/runner/work/Solana-Memecoin-Analysis/Solana-Memecoin-Analysis/data/cache/2026-09-23/064854691075_ohlcv_be1a013ce267.json
2026-09-22T01:05:00+00:00,HCAZia1gVGy1hrfWR2FyLAXZFzC1REfDcPwC2MHao5rm,solana,PumpSwap,,,,,2026-08-04T01:28:30Z,0.00017696305523024706,,,,,,,,,,,,,,,,,,,ohlcv_backfill,minute,0.0001762411662419804,0.00017948522400645887,0.00017602787961556942,0.00017696305523024706,166.3071569432738,/home/runner/work/Solana-Memecoin-Analysis/Solana-Memecoin-Analysis/data/cache/2026-09-23/064854691075_ohlcv_be1a013ce267.json
2026-09-22T01:00:00+00:00,HCAZia1gVGy1hrfWR2FyLAXZFzC1REfDcPwC2MHao5rm,solana,PumpSwap,,,,,2026-08-04T01:28:30Z,0.0001762411662419804,,,,,,,,,,,,,,,,,,,ohlcv_backfill,minute,0.00017989348848422302,0.0001799084634949548,0.0001760706038354141,0.0001762411662419804,253.25672231731502,/home/runner/work/Solana-Memecoin-Analysis/Solana-Memecoin-Analysis/data/cache/2026-09-23/064854691075_ohlcv_be1a013ce267.json
2026-09-22T00:55:00+00:00,HCAZia1gVGy1hrfWR2FyLAXZFzC1REfDcPwC2MHao5rm,solana,PumpSwap,,,,,2026-08-04T01:28:30Z,0.00017989348848422302,,,,,,,,,,,,,,,,,,,ohlcv_backfill,minute,0.00017817401614053405,0.00018114300808441666,0.0001768146218204144,0.00017989348848422302,270.39926720419174,/home/runner/work/Solana-Memecoin-Analysis/Solana-Memecoin-Analysis/data/cache/2026-09-23/064854691075_ohlcv_be1a013ce267.json
2026-09-22T00:50:00+00:00,HCAZia1gVGy1hrfWR2FyLAXZFzC1REfDcPwC2MHao5rm,solana,PumpSwap,,,,,2026-08-04T01:28:30Z,0.00017817401614053405,,,,,,,,,,,,,,,,,,,ohlcv_backfill,minute,0.0001787901385534291,0.00018151817152387858,0.00017817401614053405,0.00017817401614053405,414.22911450624593,/home/runner/work/Solana-Memecoin-Analysis/Solana-Memecoin-Analysis/data/cache/2026-09-23/064854691075_ohlcv_be1a013ce267.json
2026-09-22T00:45:00+00:00,HCAZia1gVGy1hrfWR2FyLAXZFzC1REfDcPwC2MHao5rm,solana,PumpSwap,,,,,2026-08-04T01:28:30Z,0.0001787901385534291,,,,,,,,,,,,,,,,,,,ohlcv_backfill,minute,0.00017901161693102693,0.00018167326213488255,0.00017861698285890528,0.0001787901385534291,378.89663399930686,/home/runner/work/Solana-Memecoin-Analysis/Solana-Memecoin-Analysis/data/cache/2026-09-23/064854691075_ohlcv_be1a013ce267.json
2026-09-22T00:40:00+00:00,HCAZia1gVGy1hrfWR2FyLAXZFzC1REfDcPwC2MHao5rm,solana,PumpSwap,,,,,2026-08-04T01:28:30Z,0.00017901161693102693,,,,,,,,,,,,,,,,,,,ohlcv_backfill,minute,0.0001782406441682623,0.0001815664733245172,0.0001780712197213411,0.00017901161693102693,336.5281988544163,/home/runner/work/Solana-Memecoin-Analysis/Solana-Memecoin-Analysis/data/cache/2026-09-23/064854691075_ohlcv_be1a013ce267.json
2026-09-22T00:35:00+00:00,HCAZia1gVGy1hrfWR2FyLAXZFzC1REfDcPwC2MHao5rm,solana,PumpSwap,,,,,2026-08-04T01:28:30Z,0.0001782406441682623,,,,,,,,,,,,,,,,,,,ohlcv_backfill,minute,0.0001810185783716043,0.00018125709848789082,0.00017817957626608394,0.0001782406441682623,535.4222767693702,/home/runner/work/Solana-Memecoin-Analysis/Solana-Memecoin-Analysis/data/cache/2026-09-23/064854691075_ohlcv_be1a013ce267.json
2026-09-22T00:30:00+00:00,HCAZia1gVGy1hrfWR2FyLAXZFzC1REfDcPwC2MHao5rm,solana,PumpSwap,,,,,2026-08-04T01:28:30Z,0.0001810185783716043,,,,,,,,,,,,,,,,,,,ohlcv_backfill,minute,0.00018088683552488046,0.00018140115826144863,0.00017833992075038069,0.0001810185783716043,491.6840011310464,/home/runner/work/Solana-Memecoin-Analysis/Solana-Memecoin-Analysis/data/cache/2026-09-23/064854691075_ohlcv_be1a013ce267.json
2026-09-22T00:25:00+00:00,HCAZia1gVGy1hrfWR2FyLAXZFzC1REfDcPwC2MHao5rm,solana,PumpSwap,,,,,2026-08-04T01:28:30Z,0.00018088683552488046,,,,,,,,,,,,,,,,,,,ohlcv_backfill,minute,0.0001810430452614445,0.00018125776486895256,0.00017814920145725502,0.00018088683552488046,671.6839580286912,/home/runner/work/Solana-Memecoin-Analysis/Solana-Memecoin-Analysis/data/cache/2026-09-23/064854691075_ohlcv_be1a013ce267.json
2026-09-22T00:20:00+00:00,HCAZia1gVGy1hrfWR2FyLAXZFzC1REfDcPwC2MHao5rm,solana,PumpSwap,,,,,2026-08-04T01:28:30Z,0.0001810430452614445,,,,,,,,,,,,,,,,,,,ohlcv_backfill,minute,0.00018081293884113838,0.00018145686366141146,0.00017799008060477816,0.0001810430452614445,883.3479966356313,/home/runner/work/Solana-Memecoin-Analysis/Solana-Memecoin-Analysis/data/cache/2026-09-23/064854691075_ohlcv_be1a013ce267.json
2026-09-22T00:15:00+00:00,HCAZia1gVGy1hrfWR2FyLAXZFzC1REfDcPwC2MHao5rm,solana,PumpSwap,,,,,2026-08-04T01:28:30Z,0.00018081293884113838,,,,,,,,,,,,,,,,,,,ohlcv_backfill,minute,0.00018034845891598224,0.0001812016956196689,0.0001777041608323518,0.00018081293884113838,1300.1840585505322,/home/runner/work/Solana-Memecoin-Analysis/Solana-Memecoin-Analysis/data/cache/2026-09-23/064854691075_ohlcv_be1a013ce267.json
2026-09-22T00:10:00+00:00,HCAZia1gVGy1hrfWR2FyLAXZFzC1REfDcPwC2MHao5rm,solana,PumpSwap,,,,,2026-08-04T01:28:30Z,0.00018034845891598224,,,,,,,,,,,,,,,,,,,ohlcv_backfill,minute,0.00018055477262786962,0.00018112347100226382,0.00017750587540804141,0.00018034845891598224,1107.5623899548598,/home/runner/work/Solana-Memecoin-Analysis/Solana-Memecoin-Analysis/data/cache/2026-09-23/064854691075_ohlcv_be1a013ce267.json
2026-09-22T00:05:00+00:00,HCAZia1gVGy1hrfWR2FyLAXZFzC1REfDcPwC2MHao5rm,solana,PumpSwap,,,,,2026-08-04T01:28:30Z,0.00018055477262786962,,,,,,,,,,,,,,,,,,,ohlcv_backfill,minute,0.0001782870971780882,0.00018131343564603723,0.0001775403037662566,0.00018055477262786962,1404.7794290165768,/home/runner/work/Solana-Memecoin-Analysis/Solana-Memecoin-Analysis/data/cache/2026-09-23/064854691075_ohlcv_be1a013ce267.json
2026-09-22T00:00:00+00:00,HCAZia1gVGy1hrfWR2FyLAXZFzC1REfDcPwC2MHao5rm,solana,PumpSwap,,,,,2026-08-04T01:28:30Z,0.0001782870971780882,,,,,,,,,,,,,,,,,,,ohlcv_backfill,minute,0.00018129151774502666,0.00018167489572072423,0.0001780677361906275,0.0001782870971780882,1662.456631180707,/home/runner/work/Solana-Memecoin-Analysis/Solana-Memecoin-Analysis/data/cache/2026-09-23/064854691075_ohlcv_be1a013ce267.json
2026-09-21T23:55:00+00:00,HCAZia1gVGy1hrfWR2FyLAXZFzC1REfDcPwC2MHao5rm,solana,PumpSwap,,,,,2026-08-04T01:28:30Z,0.00018129151774502666,,,,,,,,,,,,,,,,,,,ohlcv_backfill,minute,0.00018104547646310748,0.00018189612142626184,0.00017798901356064925,0.00018129151774502666,1725.4679033281523,/home/runner/work/Solana-Memecoin-Analysis/Solana-Memecoin-Analysis/data/cache/2026-09-23/064854691075_ohlcv_be1a013ce267.json
2026-09-21T23:50:00+00:00,HCAZia1gVGy1hrfWR2FyLAXZFzC1REfDcPwC2MHao5rm,solana,PumpSwap,,,,,2026-08-04T01:28:30Z,0.00018104547646310748,,,,,,,,,,,,,,,,,,,ohlcv_backfill,minute,0.00017823378338446773,0.0001816524784020425,0.00017763878602946643,0.00018104547646310748,2214.661338140664,/home/runner/work/Solana-Memecoin-Analysis/Solana-Memecoin-Analysis/data/cache/2026-09-23/064854691075_ohlcv_be1a013ce267.json
2026-09-21T23:45:00+00:00,HCAZia1gVGy1hrfWR2FyLAXZFzC1REfDcPwC2MHao5rm,solana,PumpSwap,,,,,2026-08-04T01:28:30Z,0.00017823378338446773,,,,,,,,,,,,,,,,,,,ohlcv_backfill,minute,0.00017819132309420158,0.00018131088738607427,0.00017740597042615979,0.00017823378338446773,2012.4264458230132,/home/runner/work/Solana-Memecoin-Analysis/Solana-Memecoin-Analysis/data/cache/2026-09-23/064854691075_ohlcv_be1a013ce267.json
2026-09-21T23:40:00+00:00,HCAZia1gVGy1hrfWR2FyLAXZFzC1REfDcPwC2MHao5rm,solana,PumpSwap,,,,,2026-08-04T01:28:30Z,0.00017819132309420158,,,,,,,,,,,,,,,,,,,ohlcv_backfill,minute,0.00017827947564418543,0.000181925218088948,0.0001776514293472386,0.00017819132309420158,2606.586630716955,/home/runner/work/Solana-Memecoin-Analysis/Solana-Memecoin-Analysis/data/cache/2026-09-23/064854691075_ohlcv_be1a013ce267.json
2026-09-21T23:35:00+00:00,HCAZia1gVGy1hrfWR2FyLAXZFzC1REfDcPwC2MHao5rm,solana,PumpSwap,,,,,2026-08-04T01:28:30Z,0.00017827947564418543,,,,,,,,,,,,,,,,,,,ohlcv_backfill,minute,0.00017882506785951276,0.00018193090734089235,0.00017655819358233785,0.00017827947564418543,1076.418863074882,/home/runner/work/Solana-Memecoin-Analysis/Solana-Memecoin-Analysis/data/cache/2026-09-23/064854691075_ohlcv_be1a013ce267.json
2026-09-21T23:30:00+00:00,HCAZia1gVGy1hrfWR2FyLAXZFzC1REfDcPwC2MHao5rm,solana,PumpSwap,,,,,2026-08-04T01:28:30Z,0.00017882506785951276,,,,,,,,,,,,,,,,,,,ohlcv_backfill,minute,0.00017963300767222883,0.00017963300767222883,0.00017882506785951276,0.00017882506785951276,11.446222677224988,/home/runner/work/Solana-Memecoin-Analysis/Solana-Memecoin-Analysis/data/cache/2026-09-23/064854691075_ohlcv_be1a013ce267.json
2026-09-21T23:20:00+00:00,HCAZia1gVGy1hrfWR2FyLAXZFzC1REfDcPwC2MHao5rm,solana,PumpSwap,,,,,2026-08-04T01:28:30Z,0.00017963300767222883,,,,,,,,,,,,,,,,,,,ohlcv_backfill,minute,0.00017695001663099288,0.00017963300767222883,0.00017695001663099288,0.00017963300767222883,49.07236967146639,/home/runner/work/Solana-Memecoin-Analysis/Solana-Memecoin-Analysis/data/cache/2026-09-23/064854691075_ohlcv_be1a013ce267.json
2026-09-21T23:15:00+00:00,HCAZia1gVGy1hrfWR2FyLAXZFzC1REfDcPwC2MHao5rm,solana,PumpSwap,,,,,2026-08-04T01:28:30Z,0.00017695001663099288,,,,,,,,,,,,,,,,,,,ohlcv_backfill,minute,0.00017943504615420687,0.00017943504615420687,0.00017695001663099288,0.00017695001663099288,2.1239916737592055,/home/runner/work/Solana-Memecoin-Analysis/Solana-Memecoin-Analysis/data/cache/2026-09-23/064854691075_ohlcv_be1a013ce267.json
2026-09-21T23:00:00+00:00,HCAZia1gVGy1hrfWR2FyLAXZFzC1REfDcPwC2MHao5rm,solana,PumpSwap,,,,,2026-08-04T01:28:30Z,0.00017943504615420687,,,,,,,,,,,,,,,,,,,ohlcv_backfill,minute,0.00017619242134720787,0.00017943504615420687,0.00017619242134720787,0.00017943504615420687,0.7513038365717559,/home/runner/work/Solana-Memecoin-Analysis/Solana-Memecoin-Analysis/data/cache/2026-09-23/064854691075_ohlcv_be1a013ce267.json
2026-09-21T22:45:00+00:00,HCAZia1gVGy1hrfWR2FyLAXZFzC1REfDcPwC2MHao5rm,solana,PumpSwap,,,,,2026-08-04T01:28:30Z,0.00017619242134720787,,,,,,,,,,,,,,,,,,,ohlcv_backfill,minute,0.00017676015483656274,0.00017676015483656274,0.0001761662845471288,0.00017619242134720787,6.2663755138611945,/home/runner/work/Solana-Memecoin-Analysis/Solana-Memecoin-Analysis/data/cache/2026-09-23/064854691075_ohlcv_be1a013ce267.json
2026-09-21T22:40:00+00:00,HCAZia1gVGy1hrfWR2FyLAXZFzC1REfDcPwC2MHao5rm,solana,PumpSwap,,,,,2026-08-04T01:28:30Z,0.00017676015483656274,,,,,,,,,,,,,,,,,,,ohlcv_backfill,minute,0.00017669402323664657,0.00017676015483656274,0.00017669402323664657,0.00017676015483656274,6.082968811599714,/home/runner/work/Solana-Memecoin-Analysis/Solana-Memecoin-Analysis/data/cache/2026-09-23/064854691075_ohlcv_be1a013ce267.json
2026-09-21T22:35:00+00:00,HCAZia1gVGy1hrfWR2FyLAXZFzC1REfDcPwC2MHao5rm,solana,PumpSwap,,,,,2026-08-04T01:28:30Z,0.00017669402323664657,,,,,,,,,,,,,,,,,,,ohlcv_backfill,minute,0.00017740852835491304,0.00017740852835491304,0.00017669402323664657,0.00017669402323664657,0.6312571336800117,/home/runner/work/Solana-Memecoin-Analysis/Solana-Memecoin-Analysis/data/cache/2026-09-23/064854691075_ohlcv_be1a013ce267.json
2026-09-21T22:15:00+00:00,HCAZia1gVGy1hrfWR2FyLAXZFzC1REfDcPwC2MHao5rm,solana,PumpSwap,,,,,2026-08-04T01:28:30Z,0.00017740852835491304,,,,,,,,,,,,,,,,,,,ohlcv_backfill,minute,0.00017938970798041392,0.00017938970798041392,0.00017704621847266464,0.00017740852835491304,2.247005892569671,/home/runner/work/Solana-Memecoin-Analysis/Solana-Memecoin-Analysis/data/cache/2026-09-23/064854691075_ohlcv_be1a013ce267.json
2026-09-21T21:30:00+00:00,HCAZia1gVGy1hrfWR2FyLAXZFzC1REfDcPwC2MHao5rm,solana,PumpSwap,,,,,2026-08-04T01:28:30Z,0.00017938970798041392,,,,,,,,,,,,,,,,,,,ohlcv_backfill,minute,0.00018006948908321586,0.00018006948908321586,0.00017938970798041392,0.00017938970798041392,435.75070320375335,/home/runner/work/Solana-Memecoin-Analysis/Solana-Memecoin-Analysis/data/cache/2026-09-23/064854691075_ohlcv_be1a013ce267.json
2026-09-21T21:15:00+00:00,HCAZia1gVGy1hrfWR2FyLAXZFzC1REfDcPwC2MHao5rm,solana,PumpSwap,,,,,2026-08-04T01:28:30Z,0.00018006948908321586,,,,,,,,,,,,,,,,,,,ohlcv_backfill,minute,0.0001799155099394555,0.0001802860555456503,0.0001799155099394555,0.00018006948908321586,2.1867289467550135,/home/runner/work/Solana-Memecoin-Analysis/Solana-Memecoin-Analysis/data/cache/2026-09-23/064854691075_ohlcv_be1a013ce267.json
2026-09-21T20:35:00+00:00,HCAZia1gVGy1hrfWR2FyLAXZFzC1REfDcPwC2MHao5rm,solana,PumpSwap,,,,,2026-08-04T01:28:30Z,0.0001799155099394555,,,,,,,,,,,,,,,,,,,ohlcv_backfill,minute,0.00018016603419404855,0.00018016603419404855,0.0001799155099394555,0.0001799155099394555,0.031602881681637766,/home/runner/work/Solana-Memecoin-Analysis/Solana-Memecoin-Analysis/data/cache/2026-09-23/064854691075_ohlcv_be1a013ce267.json
2026-09-21T20:30:00+00:00,HCAZia1gVGy1hrfWR2FyLAXZFzC1REfDcPwC2MHao5rm,solana,PumpSwap,,,,,2026-08-04T01:28:30Z,0.00018016603419404855,,,,,,,,,,,,,,,,,,,ohlcv_backfill,minute,0.000180763645582394,0.000180763645582394,0.00018016603419404855,0.00018016603419404855,117.26076737274333,/home/runner/work/Solana-Memecoin-Analysis/Solana-Memecoin-Analysis/data/cache/2026-09-23/064854691075_ohlcv_be1a013ce267.json
2026-09-21T20:15:00+00:00,HCAZia1gVGy1hrfWR2FyLAXZFzC1REfDcPwC2MHao5rm,solana,PumpSwap,,,,,2026-08-04T01:28:30Z,0.000180763645582394,,,,,,,,,,,,,,,,,,,ohlcv_backfill,minute,0.00018083538748312898,0.00018083538748312898,0.000180763645582394,0.000180763645582394,2.169767969538852,/home/runner/work/Solana-Memecoin-Analysis/Solana-Memecoin-Analysis/data/cache/2026-09-23/064854691075_ohlcv_be1a013ce267.json
2026-09-21T20:10:00+00:00,HCAZia1gVGy1hrfWR2FyLAXZFzC1REfDcPwC2MHao5rm,solana,PumpSwap,,,,,2026-08-04T01:28:30Z,0.00018083538748312898,,,,,,,,,,,,,,,,,,,ohlcv_backfill,minute,0.00017914373976136075,0.00018136510366333595,0.00017914373976136075,0.00018083538748312898,440.7223991889876,/home/runner/work/Solana-Memecoin-Analysis/Solana-Memecoin-Analysis/data/cache/2026-09-23/064854691075_ohlcv_be1a013ce267.json
2026-09-21T20:00:00+00:00,HCAZia1gVGy1hrfWR2FyLAXZFzC1REfDcPwC2MHao5rm,solana,PumpSwap,,,,,2026-08-04T01:28:30Z,0.00017914373976136075,,,,,,,,,,,,,,,,,,,ohlcv_backfill,minute,0.00017865698935197206,0.00017914373976136075,0.0001767784546908899,0.00017914373976136075,0.1029395492163658,/home/runner/work/Solana-Memecoin-Analysis/Solana-Memecoin-Analysis/data/cache/2026-09-23/064854691075_ohlcv_be1a013ce267.json
2026-09-21T19:50:00+00:00,HCAZia1gVGy1hrfWR2FyLAXZFzC1REfDcPwC2MHao5rm,solana,PumpSwap,,,,,2026-08-04T01:28:30Z,0.00017865698935197206,,,,,,,,,,,,,,,,,,,ohlcv_backfill,minute,0.00017632875138874927,0.00017865698935197206,0.00017632875138874927,0.00017865698935197206,0.0282896996742586,/home/runner/work/Solana-Memecoin-Analysis/Solana-Memecoin-Analysis/data/cache/2026-09-23/064854691075_ohlcv_be1a013ce267.json
2026-09-21T19:35:00+00:00,HCAZia1gVGy1hrfWR2FyLAXZFzC1REfDcPwC2MHao5rm,solana,PumpSwap,,,,,2026-08-04T01:28:30Z,0.00017632875138874927,,,,,,,,,,,,,,,,,,,ohlcv_backfill,minute,0.00017580318075993882,0.00017632875138874927,0.00017580318075993882,0.00017632875138874927,0.2142020325511883,/home/runner/work/Solana-Memecoin-Analysis/Solana-Memecoin-Analysis/data/cache/2026-09-23/064854691075_ohlcv_be1a013ce267.json
2026-09-21T19:25:00+00:00,HCAZia1gVGy1hrfWR2FyLAXZFzC1REfDcPwC2MHao5rm,solana,PumpSwap,,,,,2026-08-04T01:28:30Z,0.00017580318075993882,,,,,,,,,,,,,,,,,,,ohlcv_backfill,minute,0.00017548250809061022,0.00017580318075993882,0.00017548250809061022,0.00017580318075993882,0.35611686840622875,/home/runner/work/Solana-Memecoin-Analysis/Solana-Memecoin-Analysis/data/cache/2026-09-23/064854691075_ohlcv_be1a013ce267.json
2026-09-21T19:15:00+00:00,HCAZia1gVGy1hrfWR2FyLAXZFzC1REfDcPwC2MHao5rm,solana,PumpSwap,,,,,2026-08-04T01:28:30Z,0.00017548250809061022,,,,,,,,,,,,,,,,,,,ohlcv_backfill,minute,0.00017541006580595306,0.00017548250809061022,0.00017541006580595306,0.00017548250809061022,2.1063766668491737,/home/runner/work/Solana-Memecoin-Analysis/Solana-Memecoin-Analysis/data/cache/2026-09-23/064854691075_ohlcv_be1a013ce267.json
2026-09-21T19:10:00+00:00,HCAZia1gVGy1hrfWR2FyLAXZFzC1REfDcPwC2MHao5rm,solana,PumpSwap,,,,,2026-08-04T01:28:30Z,0.00017541006580595306,,,,,,,,,,,,,,,,,,,ohlcv_backfill,minute,0.00017548502793162846,0.00017548502793162846,0.00017528117666434158,0.00017541006580595306,0.5508103245769701,/home/runner/work/Solana-Memecoin-Analysis/Solana-Memecoin-Analysis/data/cache/2026-09-23/064854691075_ohlcv_be1a013ce267.json
2026-09-21T19:05:00+00:00,HCAZia1gVGy1hrfWR2FyLAXZFzC1REfDcPwC2MHao5rm,solana,PumpSwap,,,,,2026-08-04T01:28:30Z,0.00017548502793162846,,,,,,,,,,,,,,,,,,,ohlcv_backfill,minute,0.00017821994861157056,0.00017821994861157056,0.00017547481708582308,0.00017548502793162846,5.131974215355102,/home/runner/work/Solana-Memecoin-Analysis/Solana-Memecoin-Analysis/data/cache/2026-09-23/064854691075_ohlcv_be1a013ce267.json
2026-09-21T18:50:00+00:00,HCAZia1gVGy1hrfWR2FyLAXZFzC1REfDcPwC2MHao5rm,solana,PumpSwap,,,,,2026-08-04T01:28:30Z,0.00017821994861157056,,,,,,,,,,,,,,,,,,,ohlcv_backfill,minute,0.00017565080475045842,0.00017821994861157056,0.0001752948751302086,0.00017821994861157056,32.75492796381001,/home/runner/work/Solana-Memecoin-Analysis/Solana-Memecoin-Analysis/data/cache/2026-09-23/064854691075_ohlcv_be1a013ce267.json
2026-09-21T18:40:00+00:00,HCAZia1gVGy1hrfWR2FyLAXZFzC1REfDcPwC2MHao5rm,solana,PumpSwap,,,,,2026-08-04T01:28:30Z,0.00017565080475045842,,,,,,,,,,,,,,,,,,,ohlcv_backfill,minute,0.00017289830277162174,0.00017565080475045842,0.00017289830277162174,0.00017565080475045842,486.7986636459528,/home/runner/work/Solana-Memecoin-Analysis/Solana-Memecoin-Analysis/data/cache/2026-09-23/064854691075_ohlcv_be1a013ce267.json
2026-09-21T18:30:00+00:00,HCAZia1gVGy1hrfWR2FyLAXZFzC1REfDcPwC2MHao5rm,solana,PumpSwap,,,,,2026-08-04T01:28:30Z,0.00017289830277162174,,,,,,,,,,,,,,,,,,,ohlcv_backfill,minute,0.00017085729224126573,0.00017289830277162174,0.00017085729224126573,0.00017289830277162174,6.959665910097064,/home/runner/work/Solana-Memecoin-Analysis/Solana-Memecoin-Analysis/data/cache/2026-09-23/064854691075_ohlcv_be1a013ce267.json
2026-09-21T18:15:00+00:00,HCAZia1gVGy1hrfWR2FyLAXZFzC1REfDcPwC2MHao5rm,solana,PumpSwap,,,,,2026-08-04T01:28:30Z,0.00017085729224126573,,,,,,,,,,,,,,,,,,,ohlcv_backfill,minute,0.00017059323974874237,0.00017085729224126573,0.00017059323974874237,0.00017085729224126573,2.0508586163596645,/home/runner/work/Solana-Memecoin-Analysis/Solana-Memecoin-Analysis/data/cache/2026-09-23/064854691075_ohlcv_be1a013ce267.json
2026-09-21T18:05:00+00:00,HCAZia1gVGy1hrfWR2FyLAXZFzC1REfDcPwC2MHao5rm,solana,PumpSwap,,,,,2026-08-04T01:28:30Z,0.00017059323974874237,,,,,,,,,,,,,,,,,,,ohlcv_backfill,minute,0.0001725481225509139,0.0001725481225509139,0.00017059323974874237,0.00017059323974874237,12.490202561563269,/home/runner/work/Solana-Memecoin-Analysis/Solana-Memecoin-Analysis/data/cache/2026-09-23/064854691075_ohlcv_be1a013ce267.json
2026-09-21T17:55:00+00:00,HCAZia1gVGy1hrfWR2FyLAXZFzC1REfDcPwC2MHao5rm,solana,PumpSwap,,,,,2026-08-04T01:28:30Z,0.0001725481225509139,,,,,,,,,,,,,,,,,,,ohlcv_backfill,minute,0.00017242220332969275,0.0001725481225509139,0.00017242220332969275,0.0001725481225509139,19.636629543949088,/home/runner/work/Solana-Memecoin-Analysis/Solana-Memecoin-Analysis/data/cache/2026-09-23/064854691075_ohlcv_be1a013ce267.json
2026-09-21T17:45:00+00:00,HCAZia1gVGy1hrfWR2FyLAXZFzC1REfDcPwC2MHao5rm,solana,PumpSwap,,,,,2026-08-04T01:28:30Z,0.00017242220332969275,,,,,,,,,,,,,,,,,,,ohlcv_backfill,minute,0.00016982650612318347,0.00017242220332969275,0.00016982650612318347,0.00017242220332969275,98.15222856346097,/home/runner/work/Solana-Memecoin-Analysis/Solana-Memecoin-Analysis/data/cache/2026-09-23/064854691075_ohlcv_be1a013ce267.json
2026-09-21T17:15:00+00:00,HCAZia1gVGy1hrfWR2FyLAXZFzC1REfDcPwC2MHao5rm,solana,PumpSwap,,,,,2026-08-04T01:28:30Z,0.00016982650612318347,,,,,,,,,,,,,,,,,,,ohlcv_backfill,minute,0.00016975789874490858,0.00016982650612318347,0.00016975789874490858,0.00016982650612318347,6.7930602449273385,/home/runner/work/Solana-Memecoin-Analysis/Solana-Memecoin-Analysis/data/cache/2026-09-23/064854691075_ohlcv_be1a013ce267.json
2026-09-21T17:00:00+00:00,HCAZia1gVGy1hrfWR2FyLAXZFzC1REfDcPwC2MHao5rm,solana,PumpSwap,,,,,2026-08-04T01:28:30Z,0.00016975789874490858,,,,,,,,,,,,,,,,,,,ohlcv_backfill,minute,0.00017034564381907498,0.00017034564381907498,0.00016975789874490858,0.00016975789874490858,2.0376622195585847,/home/runner/work/Solana-Memecoin-Analysis/Solana-Memecoin-Analysis/data/cache/2026-09-23/064854691075_ohlcv_be1a013ce267.json
2026-09-21T16:20:00+00:00,HCAZia1gVGy1hrfWR2FyLAXZFzC1REfDcPwC2MHao5rm,solana,PumpSwap,,,,,2026-08-04T01:28:30Z,0.00017034564381907498,,,,,,,,,,,,,,,,,,,ohlcv_backfill,minute,0.00017040213655365098,0.00017040213655365098,0.00017034564381907498,0.00017034564381907498,0.6931731818828394,/home/runner/work/Solana-Memecoin-Analysis/Solana-Memecoin-Analysis/data/cache/2026-09-23/064854691075_ohlcv_be1a013ce267.json
2026-09-21T16:00:00+00:00,HCAZia1gVGy1hrfWR2FyLAXZFzC1REfDcPwC2MHao5rm,solana,PumpSwap,,,,,2026-08-04T01:28:30Z,0.00017040213655365098,,,,,,,,,,,,,,,,,,,ohlcv_backfill,minute,0.000172253793165056,0.000172253793165056,0.00017040213655365098,0.00017040213655365098,2.113348192345078,/home/runner/work/Solana-Memecoin-Analysis/Solana-Memecoin-Analysis/data/cache/2026-09-23/064854691075_ohlcv_be1a013ce267.json
2026-09-21T15:20:00+00:00,HCAZia1gVGy1hrfWR2FyLAXZFzC1REfDcPwC2MHao5rm,solana,PumpSwap,,,,,2026-08-04T01:28:30Z,0.000172253793165056,,,,,,,,,,,,,,,,,,,ohlcv_backfill,minute,0.00017144323449086503,0.000172253793165056,0.00017144323449086503,0.000172253793165056,7.200613762916606,/home/runner/work/Solana-Memecoin-Analysis/Solana-Memecoin-Analysis/data/cache/2026-09-23/064854691075_ohlcv_be1a013ce267.json
2026-09-21T15:00:00+00:00,HCAZia1gVGy1hrfWR2FyLAXZFzC1REfDcPwC2MHao5rm,solana,PumpSwap,,,,,2026-08-04T01:28:30Z,0.00017144323449086503,,,,,,,,,,,,,,,,,,,ohlcv_backfill,minute,0.00017094803730689792,0.00017144323449086503,0.00017094803730689792,0.00017144323449086503,2.057891881931865,/home/runner/work/Solana-Memecoin-Analysis/Solana-Memecoin-Analysis/data/cache/2026-09-23/064854691075_ohlcv_be1a013ce267.json
2026-09-21T14:50:00+00:00,HCAZia1gVGy1hrfWR2FyLAXZFzC1REfDcPwC2MHao5rm,solana,PumpSwap,,,,,2026-08-04T01:28:30Z,0.00017094803730689792,,,,,,,,,,,,,,,,,,,ohlcv_backfill,minute,0.00016551154932850697,0.00017094803730689792,0.00016551154932850697,0.00017094803730689792,609.9783282571319,/home/runner/work/Solana-Memecoin-Analysis/Solana-Memecoin-Analysis/data/cache/2026-09-23/064854691075_ohlcv_be1a013ce267.json
2026-09-21T14:45:00+00:00,HCAZia1gVGy1hrfWR2FyLAXZFzC1REfDcPwC2MHao5rm,solana,PumpSwap,,,,,2026-08-04T01:28:30Z,0.00016551154932850697,,,,,,,,,,,,,,,,,,,ohlcv_backfill,minute,0.0001672181278482965,0.0001672181278482965,0.00016551154932850697,0.00016551154932850697,1.0479340052756132,/home/runner/work/Solana-Memecoin-Analysis/Solana-Memecoin-Analysis/data/cache/2026-09-23/064854691075_ohlcv_be1a013ce267.json
2026-09-21T14:40:00+00:00,HCAZia1gVGy1hrfWR2FyLAXZFzC1REfDcPwC2MHao5rm,solana,PumpSwap,,,,,2026-08-04T01:28:30Z,0.0001672181278482965,,,,,,,,,,,,,,,,,,,ohlcv_backfill,minute,0.00016550267306870943,0.0001672181278482965,0.00016550267306870943,0.0001672181278482965,19.618028337676435,/home/runner/work/Solana-Memecoin-Analysis/Solana-Memecoin-Analysis/data/cache/2026-09-23/064854691075_ohlcv_be1a013ce267.json
2026-09-21T14:30:00+00:00,HCAZia1gVGy1hrfWR2FyLAXZFzC1REfDcPwC2MHao5rm,solana,PumpSwap,,,,,2026-08-04T01:28:30Z,0.00016550267306870943,,,,,,,,,,,,,,,,,,,ohlcv_backfill,minute,0.00016509442739695492,0.00016550267306870943,0.00016509442739695492,0.00016550267306870943,7.594076462549102,/home/runner/work/Solana-Memecoin-Analysis/Solana-Memecoin-Analysis/data/cache/2026-09-23/064854691075_ohlcv_be1a013ce267.json
2026-09-21T14:20:00+00:00,HCAZia1gVGy1hrfWR2FyLAXZFzC1REfDcPwC2MHao5rm,solana,PumpSwap,,,,,2026-08-04T01:28:30Z,0.00016509442739695492,,,,,,,,,,,,,,,,,,,ohlcv_backfill,minute,0.00016566249876312747,0.00016566249876312747,0.00016509442739695492,0.00016509442739695492,15.59921940208259,/home/runner/work/Solana-Memecoin-Analysis/Solana-Memecoin-Analysis/data/cache/2026-09-23/064854691075_ohlcv_be1a013ce267.json
2026-09-21T14:00:00+00:00,HCAZia1gVGy1hrfWR2FyLAXZFzC1REfDcPwC2MHao5rm,solana,PumpSwap,,,,,2026-08-04T01:28:30Z,0.00016566249876312747,,,,,,,,,,,,,,,,,,,ohlcv_backfill,minute,0.00016719299235628269,0.00016719299235628269,0.00016566249876312747,0.00016566249876312747,1.9885037304481825,/home/runner/work/Solana-Memecoin-Analysis/Solana-Memecoin-Analysis/data/cache/2026-09-23/064854691075_ohlcv_be1a013ce267.json
2026-09-21T13:50:00+00:00,HCAZia1gVGy1hrfWR2FyLAXZFzC1REfDcPwC2MHao5rm,solana,PumpSwap,,,,,2026-08-04T01:28:30Z,0.00016719299235628269,,,,,,,,,,,,,,,,,,,ohlcv_backfill,minute,0.00016590587748284752,0.00016719299235628269,0.00016590587748284752,0.00016719299235628269,96.60078660677961,/home/runner/work/Solana-Memecoin-Analysis/Solana-Memecoin-Analysis/data/cache/2026-09-23/064854691075_ohlcv_be1a013ce267.json
2026-09-21T13:45:00+00:00,HCAZia1gVGy1hrfWR2FyLAXZFzC1REfDcPwC2MHao5rm,solana,PumpSwap,,,,,2026-08-04T01:28:30Z,0.00016590587748284752,,,,,,,,,,,,,,,,,,,ohlcv_backfill,minute,0.000158976370278433,0.00016590587748284752,0.000158976370278433,0.00016590587748284752,561.0296948101557,/home/runner/work/Solana-Memecoin-Analysis/Solana-Memecoin-Analysis/data/cache/2026-09-23/064854691075_ohlcv_be1a013ce267.json
2026-09-21T13:30:00+00:00,HCAZia1gVGy1hrfWR2FyLAXZFzC1REfDcPwC2MHao5rm,solana,PumpSwap,,,,,2026-08-04T01:28:30Z,0.000158976370278433,,,,,,,,,,,,,,,,,,,ohlcv_backfill,minute,0.00016057592800929724,0.00016057592800929724,0.000158976370278433,0.000158976370278433,155.17215240713583,/home/runner/work/Solana-Memecoin-Analysis/Solana-Memecoin-Analysis/data/cache/2026-09-23/064854691075_ohlcv_be1a013ce267.json
2026-09-21T13:20:00+00:00,HCAZia1gVGy1hrfWR2FyLAXZFzC1REfDcPwC2MHao5rm,solana,PumpSwap,,,,,2026-08-04T01:28:30Z,0.00016057592800929724,,,,,,,,,,,,,,,,,,,ohlcv_backfill,minute,0.00015947435438405926,0.00016057592800929724,0.00015947435438405926,0.00016057592800929724,33.08817574331537,/home/runner/work/Solana-Memecoin-Analysis/Solana-Memecoin-Analysis/data/cache/2026-09-23/064854691075_ohlcv_be1a013ce267.json
2026-09-21T12:35:00+00:00,HCAZia1gVGy1hrfWR2FyLAXZFzC1REfDcPwC2MHao5rm,solana,PumpSwap,,,,,2026-08-04T01:28:30Z,0.00015947435438405926,,,,,,,,,,,,,,,,,,,ohlcv_backfill,minute,0.0001609696731169359,0.0001609696731169359,0.00015947435438405926,0.00015947435438405926,2.284428025003143,/home/runner/work/Solana-Memecoin-Analysis/Solana-Memecoin-Analysis/data/cache/2026-09-23/064854691075_ohlcv_be1a013ce267.json
2026-09-21T12:25:00+00:00,HCAZia1gVGy1hrfWR2FyLAXZFzC1REfDcPwC2MHao5rm,solana,PumpSwap,,,,,2026-08-04T01:28:30Z,0.0001609696731169359,,,,,,,,,,,,,,,,,,,ohlcv_backfill,minute,0.00015892073154381126,0.0001609696731169359,0.00015892073154381126,0.0001609696731169359,2.304784519010626,/home/runner/work/Solana-Memecoin-Analysis/Solana-Memecoin-Analysis/data/cache/2026-09-23/064854691075_ohlcv_be1a013ce267.json
2026-09-21T12:20:00+00:00,HCAZia1gVGy1hrfWR2FyLAXZFzC1REfDcPwC2MHao5rm,solana,PumpSwap,,,,,2026-08-04T01:28:30Z,0.00015892073154381126,,,,,,,,,,,,,,,,,,,ohlcv_backfill,minute,0.00016148210790164317,0.00016148210790164317,0.00015892073154381126,0.00015892073154381126,0.3118148785752925,/home/runner/work/Solana-Memecoin-Analysis/Solana-Memecoin-Analysis/data/cache/2026-09-23/064854691075_ohlcv_be1a013ce267.json
2026-09-21T12:10:00+00:00,HCAZia1gVGy1hrfWR2FyLAXZFzC1REfDcPwC2MHao5rm,solana,PumpSwap,,,,,2026-08-04T01:28:30Z,0.00016148210790164317,,,,,,,,,,,,,,,,,,,ohlcv_backfill,minute,0.0001591834060455754,0.00016155699253294465,0.0001591834060455754,0.00016148210790164317,0.31695914278879533,/home/runner/work/Solana-Memecoin-Analysis/Solana-Memecoin-Analysis/data/cache/2026-09-23/064854691075_ohlcv_be1a013ce267.json
2026-09-21T12:05:00+00:00,HCAZia1gVGy1hrfWR2FyLAXZFzC1REfDcPwC2MHao5rm,solana,PumpSwap,,,,,2026-08-04T01:28:30Z,0.0001591834060455754,,,,,,,,,,,,,,,,,,,ohlcv_backfill,minute,0.00015927670884808393,0.00015927670884808393,0.0001591834060455754,0.0001591834060455754,1.094385916563331,/home/runner/work/Solana-Memecoin-Analysis/Solana-Memecoin-Analysis/data/cache/2026-09-23/064854691075_ohlcv_be1a013ce267.json
2026-09-21T12:00:00+00:00,HCAZia1gVGy1hrfWR2FyLAXZFzC1REfDcPwC2MHao5rm,solana,PumpSwap,,,,,2026-08-04T01:28:30Z,0.00015927670884808393,,,,,,,,,,,,,,,,,,,ohlcv_backfill,minute,0.00015942401958990408,0.00015942401958990408,0.00015927670884808393,0.00015927670884808393,2.6314715836037994,/home/runner/work/Solana-Memecoin-Analysis/Solana-Memecoin-Analysis/data/cache/2026-09-23/064854691075_ohlcv_be1a013ce267.json
2026-09-21T11:50:00+00:00,HCAZia1gVGy1hrfWR2FyLAXZFzC1REfDcPwC2MHao5rm,solana,PumpSwap,,,,,2026-08-04T01:28:30Z,0.00015942401958990408,,,,,,,,,,,,,,,,,,,ohlcv_backfill,minute,0.00015970411744806312,0.00016166877024704568,0.00015939539558741035,0.00015942401958990408,2.8522422229398368,/home/runner/work/Solana-Memecoin-Analysis/Solana-Memecoin-Analysis/data/cache/2026-09-23/064854691075_ohlcv_be1a013ce267.json
2026-09-21T11:45:00+00:00,HCAZia1gVGy1hrfWR2FyLAXZFzC1REfDcPwC2MHao5rm,solana,PumpSwap,,,,,2026-08-04T01:28:30Z,0.00015970411744806312,,,,,,,,,,,,,,,,,,,ohlcv_backfill,minute,0.00015964224172114927,0.00015970411744806312,0.00015964224172114927,0.00015970411744806312,0.885228322906043,/home/runner/work/Solana-Memecoin-Analysis/Solana-Memecoin-Analysis/data/cache/2026-09-23/064854691075_ohlcv_be1a013ce267.json
2026-09-21T11:40:00+00:00,HCAZia1gVGy1hrfWR2FyLAXZFzC1REfDcPwC2MHao5rm,solana,PumpSwap,,,,,2026-08-04T01:28:30Z,0.00015964224172114927,,,,,,,,,,,,,,,,,,,ohlcv_backfill,minute,0.00016112062433957657,0.00016112062433957657,0.00015964224172114927,0.00015964224172114927,1.0527554150150211,/home/runner/work/Solana-Memecoin-Analysis/Solana-Memecoin-Analysis/data/cache/2026-09-23/064854691075_ohlcv_be1a013ce267.json
2026-09-21T11:30:00+00:00,HCAZia1gVGy1hrfWR2FyLAXZFzC1REfDcPwC2MHao5rm,solana,PumpSwap,,,,,2026-08-04T01:28:30Z,0.00016112062433957657,,,,,,,,,,,,,,,,,,,ohlcv_backfill,minute,0.00015936667075519027,0.0001611382986873822,0.00015893450300280752,0.00016112062433957657,48.09670016054193,/home/runner/work/Solana-Memecoin-Analysis/Solana-Memecoin-Analysis/data/cache/2026-09-23/064854691075_ohlcv_be1a013ce267.json
2026-09-21T11:25:00+00:00,HCAZia1gVGy1hrfWR2FyLAXZFzC1REfDcPwC2MHao5rm,solana,PumpSwap,,,,,2026-08-04T01:28:30Z,0.00015936667075519027,,,,,,,,,,,,,,,,,,,ohlcv_backfill,minute,0.00016139431840058368,0.00016139431840058368,0.00015936667075519027,0.00015936667075519027,2.9893448791978785,/home/runner/work/Solana-Memecoin-Analysis/Solana-Memecoin-Analysis/data/cache/2026-09-23/064854691075_ohlcv_be1a013ce267.json
2026-09-21T11:15:00+00:00,HCAZia1gVGy1hrfWR2FyLAXZFzC1REfDcPwC2MHao5rm,solana,PumpSwap,,,,,2026-08-04T01:28:30Z,0.00016139431840058368,,,,,,,,,,,,,,,,,,,ohlcv_backfill,minute,0.00016135282611027613,0.00016139431840058368,0.00016135282611027613,0.00016139431840058368,3.0273787922918243,/home/runner/work/Solana-Memecoin-Analysis/Solana-Memecoin-Analysis/data/cache/2026-09-23/064854691075_ohlcv_be1a013ce267.json
2026-09-21T11:10:00+00:00,HCAZia1gVGy1hrfWR2FyLAXZFzC1REfDcPwC2MHao5rm,solana,PumpSwap,,,,,2026-08-04T01:28:30Z,0.00016135282611027613,,,,,,,,,,,,,,,,,,,ohlcv_backfill,minute,0.00015898871677587204,0.00016135282611027613,0.00015898871677587204,0.00016135282611027613,19.626431939040092,/home/runner/work/Solana-Memecoin-Analysis/Solana-Memecoin-Analysis/data/cache/2026-09-23/064854691075_ohlcv_be1a013ce267.json
2026-09-21T11:05:00+00:00,HCAZia1gVGy1hrfWR2FyLAXZFzC1REfDcPwC2MHao5rm,solana,PumpSwap,,,,,2026-08-04T01:28:30Z,0.00015898871677587204,,,,,,,,,,,,,,,,,,,ohlcv_backfill,minute,0.00016091162068135404,0.00016091162068135404,0.00015898871677587204,0.00015898871677587204,5.632388194860481,/home/runner/work/Solana-Memecoin-Analysis/Solana-Memecoin-Analysis/data/cache/2026-09-23/064854691075_ohlcv_be1a013ce267.json
2026-09-21T11:00:00+00:00,HCAZia1gVGy1hrfWR2FyLAXZFzC1REfDcPwC2MHao5rm,solana,PumpSwap,,,,,2026-08-04T01:28:30Z,0.00016091162068135404,,,,,,,,,,,,,,,,,,,ohlcv_backfill,minute,0.00015836047648370278,0.00016091162068135404,0.00015836047648370278,0.00016091162068135404,3.269413987201398,/home/runner/work/Solana-Memecoin-Analysis/Solana-Memecoin-Analysis/data/cache/2026-09-23/064854691075_ohlcv_be1a013ce267.json
2026-09-21T10:55:00+00:00,HCAZia1gVGy1hrfWR2FyLAXZFzC1REfDcPwC2MHao5rm,solana,PumpSwap,,,,,2026-08-04T01:28:30Z,0.00015836047648370278,,,,,,,,,,,,,,,,,,,ohlcv_backfill,minute,0.0001606203355944025,0.0001606203355944025,0.00015836047648370278,0.00015836047648370278,3.4654662484191787,/home/runner/work/Solana-Memecoin-Analysis/Solana-Memecoin-Analysis/data/cache/2026-09-23/064854691075_ohlcv_be1a013ce267.json
2026-09-21T10:45:00+00:00,HCAZia1gVGy1hrfWR2FyLAXZFzC1REfDcPwC2MHao5rm,solana,PumpSwap,,,,,2026-08-04T01:28:30Z,0.0001606203355944025,,,,,,,,,,,,,,,,,,,ohlcv_backfill,minute,0.0001579766726551458,0.0001606203355944025,0.0001579766726551458,0.0001606203355944025,5.282647349918421,/home/runner/work/Solana-Memecoin-Analysis/Solana-Memecoin-Analysis/data/cache/2026-09-23/064854691075_ohlcv_be1a013ce267.json
2026-09-21T10:35:00+00:00,HCAZia1gVGy1hrfWR2FyLAXZFzC1REfDcPwC2MHao5rm,solana,PumpSwap,,,,,2026-08-04T01:28:30Z,0.0001579766726551458,,,,,,,,,,,,,,,,,,,ohlcv_backfill,minute,0.00016039495502926765,0.00016039495502926765,0.0001579766726551458,0.0001579766726551458,2.2553418296554524,/home/runner/work/Solana-Memecoin-Analysis/Solana-Memecoin-Analysis/data/cache/2026-09-23/064854691075_ohlcv_be1a013ce267.json
2026-09-21T10:25:00+00:00,HCAZia1gVGy1hrfWR2FyLAXZFzC1REfDcPwC2MHao5rm,solana,PumpSwap,,,,,2026-08-04T01:28:30Z,0.00016039495502926765,,,,,,,,,,,,,,,,,,,ohlcv_backfill,minute,0.00015809247961699508,0.0001605104653022116,0.00015809247961699508,0.00016039495502926765,2.290723310872468,/home/runner/work/Solana-Memecoin-Analysis/Solana-Memecoin-Analysis/data/cache/2026-09-23/064854691075_ohlcv_be1a013ce267.json
2026-09-21T10:20:00+00:00,HCAZia1gVGy1hrfWR2FyLAXZFzC1REfDcPwC2MHao5rm,solana,PumpSwap,,,,,2026-08-04T01:28:30Z,0.00015809247961699508,,,,,,,,,,,,,,,,,,,ohlcv_backfill,minute,0.00016035841560734762,0.00016035841560734762,0.00015809247961699508,0.00015809247961699508,3.8538370755644804,/home/runner/work/Solana-Memecoin-Analysis/Solana-Memecoin-Analysis/data/cache/2026-09-23/064854691075_ohlcv_be1a013ce267.json
2026-09-21T10:15:00+00:00,HCAZia1gVGy1hrfWR2FyLAXZFzC1REfDcPwC2MHao5rm,solana,PumpSwap,,,,,2026-08-04T01:28:30Z,0.00016035841560734762,,,,,,,,,,,,,,,,,,,ohlcv_backfill,minute,0.00015804742084368198,0.00016035841560734762,0.00015804742084368198,0.00016035841560734762,3.9076078575608646,/home/runner/work/Solana-Memecoin-Analysis/Solana-Memecoin-Analysis/data/cache/2026-09-23/064854691075_ohlcv_be1a013ce267.json
2026-09-21T10:05:00+00:00,HCAZia1gVGy1hrfWR2FyLAXZFzC1REfDcPwC2MHao5rm,solana,PumpSwap,,,,,2026-08-04T01:28:30Z,0.00015804742084368198,,,,,,,,,,,,,,,,,,,ohlcv_backfill,minute,0.00016049135799020632,0.00016049135799020632,0.00015804742084368198,0.00015804742084368198,4.109018598497725,/home/runner/work/Solana-Memecoin-Analysis/Solana-Memecoin-Analysis/data/cache/2026-09-23/064854691075_ohlcv_be1a013ce267.json
2026-09-21T09:55:00+00:00,HCAZia1gVGy1hrfWR2FyLAXZFzC1REfDcPwC2MHao5rm,solana,PumpSwap,,,,,2026-08-04T01:28:30Z,0.00016049135799020632,,,,,,,,,,,,,,,,,,,ohlcv_backfill,minute,0.0001588789146526894,0.00016049135799020632,0.0001588789146526894,0.00016049135799020632,4.171947045454435,/home/runner/work/Solana-Memecoin-Analysis/Solana-Memecoin-Analysis/data/cache/2026-09-23/064854691075_ohlcv_be1a013ce267.json
2026-09-21T09:45:00+00:00,HCAZia1gVGy1hrfWR2FyLAXZFzC1REfDcPwC2MHao5rm,solana,PumpSwap,,,,,2026-08-04T01:28:30Z,0.0001588789146526894,,,,,,,,,,,,,,,,,,,ohlcv_backfill,minute,0.0001613825868292102,0.0001613825868292102,0.0001588789146526894,0.0001588789146526894,26.556045696062004,/home/runner/work/Solana-Memecoin-Analysis/Solana-Memecoin-Analysis/data/cache/2026-09-23/064854691075_ohlcv_be1a013ce267.json
2026-09-21T09:40:00+00:00,HCAZia1gVGy1hrfWR2FyLAXZFzC1REfDcPwC2MHao5rm,solana,PumpSwap,,,,,2026-08-04T01:28:30Z,0.0001613825868292102,,,,,,,,,,,,,,,,,,,ohlcv_backfill,minute,0.00015905379783066136,0.0001613825868292102,0.00015905379783066136,0.0001613825868292102,3.48826186275767,/home/runner/work/Solana-Memecoin-Analysis/Solana-Memecoin-Analysis/data/cache/2026-09-23/064854691075_ohlcv_be1a013ce267.json
2026-09-21T09:30:00+00:00,HCAZia1gVGy1hrfWR2FyLAXZFzC1REfDcPwC2MHao5rm,solana,PumpSwap,,,,,2026-08-04T01:28:30Z,0.00015905379783066136,,,,,,,,,,,,,,,,,,,ohlcv_backfill,minute,0.0001597628983308502,0.0001597628983308502,0.00015905379783066136,0.00015905379783066136,3.873776950169848,/home/runner/work/Solana-Memecoin-Analysis/Solana-Memecoin-Analysis/data/cache/2026-09-23/064854691075_ohlcv_be1a013ce267.json
2026-09-21T09:25:00+00:00,HCAZia1gVGy1hrfWR2FyLAXZFzC1REfDcPwC2MHao5rm,solana,PumpSwap,,,,,2026-08-04T01:28:30Z,0.0001597628983308502,,,,,,,,,,,,,,,,,,,ohlcv_backfill,minute,0.0001596975624976603,0.0001597628983308502,0.0001595481730546246,0.0001597628983308502,1.7998441557874054,/home/runner/work/Solana-Memecoin-Analysis/Solana-Memecoin-Analysis/data/cache/2026-09-23/064854691075_ohlcv_be1a013ce267.json
2026-09-21T09:20:00+00:00,HCAZia1gVGy1hrfWR2FyLAXZFzC1REfDcPwC2MHao5rm,solana,PumpSwap,,,,,2026-08-04T01:28:30Z,0.0001596975624976603,,,,,,,,,,,,,,,,,,,ohlcv_backfill,minute,0.00015761272653046267,0.0001596975624976603,0.0001574630420683321,0.0001596975624976603,6.812904279884427,/home/runner/work/Solana-Memecoin-Analysis/Solana-Memecoin-Analysis/data/cache/2026-09-23/064854691075_ohlcv_be1a013ce267.json
2026-09-21T09:15:00+00:00,HCAZia1gVGy1hrfWR2FyLAXZFzC1REfDcPwC2MHao5rm,solana,PumpSwap,,,,,2026-08-04T01:28:30Z,0.00015761272653046267,,,,,,,,,,,,,,,,,,,ohlcv_backfill,minute,0.00016029295058615894,0.00016029295058615894,0.00015761272653046267,0.00015761272653046267,3.1965913167985853,/home/runner/work/Solana-Memecoin-Analysis/Solana-Memecoin-Analysis/data/cache/2026-09-23/064854691075_ohlcv_be1a013ce267.json
2026-09-21T09:10:00+00:00,HCAZia1gVGy1hrfWR2FyLAXZFzC1REfDcPwC2MHao5rm,solana,PumpSwap,,,,,2026-08-04T01:28:30Z,0.00016029295058615894,,,,,,,,,,,,,,,,,,,ohlcv_backfill,minute,0.0001578486822013002,0.00016029295058615894,0.0001578486822013002,0.00016029295058615894,3.2254633371143386,/home/runner/work/Solana-Memecoin-Analysis/Solana-Memecoin-Analysis/data/cache/2026-09-23/064854691075_ohlcv_be1a013ce267.json
2026-09-21T09:00:00+00:00,HCAZia1gVGy1hrfWR2FyLAXZFzC1REfDcPwC2MHao5rm,solana,PumpSwap,,,,,2026-08-04T01:28:30Z,0.0001578486822013002,,,,,,,,,,,,,,,,,,,ohlcv_backfill,minute,0.00016043710938437814,0.00016043710938437814,0.0001578486822013002,0.0001578486822013002,15.252600003515994,/home/runner/work/Solana-Memecoin-Analysis/Solana-Memecoin-Analysis/data/cache/2026-09-23/064854691075_ohlcv_be1a013ce267.json
2026-09-21T08:55:00+00:00,HCAZia1gVGy1hrfWR2FyLAXZFzC1REfDcPwC2MHao5rm,solana,PumpSwap,,,,,2026-08-04T01:28:30Z,0.00016043710938437814,,,,,,,,,,,,,,,,,,,ohlcv_backfill,minute,0.0001603875620206659,0.00016043710938437814,0.0001602838396233459,0.00016043710938437814,3.5223840096163337,/home/runner/work/Solana-Memecoin-Analysis/Solana-Memecoin-Analysis/data/cache/2026-09-23/064854691075_ohlcv_be1a013ce267.json
2026-09-21T08:50:00+00:00,HCAZia1gVGy1hrfWR2FyLAXZFzC1REfDcPwC2MHao5rm,solana,PumpSwap,,,,,2026-08-04T01:28:30Z,0.0001603875620206659,,,,,,,,,,,,,,,,,,,ohlcv_backfill,minute,0.00015827409935704597,0.0001603875620206659,0.0001581076870274218,0.0001603875620206659,1.2820116709182552,/home/runner/work/Solana-Memecoin-Analysis/Solana-Memecoin-Analysis/data/cache/2026-09-23/064854691075_ohlcv_be1a013ce267.json
2026-09-21T08:40:00+00:00,HCAZia1gVGy1hrfWR2FyLAXZFzC1REfDcPwC2MHao5rm,solana,PumpSwap,,,,,2026-08-04T01:28:30Z,0.00015827409935704597,,,,,,,,,,,,,,,,,,,ohlcv_backfill,minute,0.00015785622193959095,0.00015827409935704597,0.00015785622193959095,0.00015827409935704597,4.719204694743912,/home/runner/work/Solana-Memecoin-Analysis/Solana-Memecoin-Analysis/data/cache/2026-09-23/064854691075_ohlcv_be1a013ce267.json
2026-09-21T08:30:00+00:00,HCAZia1gVGy1hrfWR2FyLAXZFzC1REfDcPwC2MHao5rm,solana,PumpSwap,,,,,2026-08-04T01:28:30Z,0.00015785622193959095,,,,,,,,,,,,,,,,,,,ohlcv_backfill,minute,0.0001572396650503556,0.00015785622193959095,0.0001572396650503556,0.00015785622193959095,4.703367544748065,/home/runner/work/Solana-Memecoin-Analysis/Solana-Memecoin-Analysis/data/cache/2026-09-23/064854691075_ohlcv_be1a013ce267.json
2026-09-21T08:25:00+00:00,HCAZia1gVGy1hrfWR2FyLAXZFzC1REfDcPwC2MHao5rm,solana,PumpSwap,,,,,2026-08-04T01:28:30Z,0.0001572396650503556,,,,,,,,,,,,,,,,,,,ohlcv_backfill,minute,0.00015666574955823604,0.00015726189788553053,0.0001550523905151358,0.0001572396650503556,6.277111452358658,/home/runner/work/Solana-Memecoin-Analysis/Solana-Memecoin-Analysis/data/cache/2026-09-23/064854691075_ohlcv_be1a013ce267.json
2026-09-21T08:15:00+00:00,HCAZia1gVGy1hrfWR2FyLAXZFzC1REfDcPwC2MHao5rm,solana,PumpSwap,,,,,2026-08-04T01:28:30Z,0.00015666574955823604,,,,,,,,,,,,,,,,,,,ohlcv_backfill,minute,0.00015422262988391106,0.00015668003566160938,0.00015422262988391106,0.00015666574955823604,6.724205257463933,/home/runner/work/Solana-Memecoin-Analysis/Solana-Memecoin-Analysis/data/cache/2026-09-23/064854691075_ohlcv_be1a013ce267.json
2026-09-21T08:10:00+00:00,HCAZia1gVGy1hrfWR2FyLAXZFzC1REfDcPwC2MHao5rm,solana,PumpSwap,,,,,2026-08-04T01:28:30Z,0.00015422262988391106,,,,,,,,,,,,,,,,,,,ohlcv_backfill,minute,0.0001559875095835923,0.0001559875095835923,0.00015422262988391106,0.00015422262988391106,2.841061660896383,/home/runner/work/Solana-Memecoin-Analysis/Solana-Memecoin-Analysis/data/cache/2026-09-23/064854691075_ohlcv_be1a013ce267.json
2026-09-21T08:05:00+00:00,HCAZia1gVGy1hrfWR2FyLAXZFzC1REfDcPwC2MHao5rm,solana,PumpSwap,,,,,2026-08-04T01:28:30Z,0.0001559875095835923,,,,,,,,,,,,,,,,,,,ohlcv_backfill,minute,0.00015368505112398843,0.0001559875095835923,0.00015368505112398843,0.0001559875095835923,2.871886594179594,/home/runner/work/Solana-Memecoin-Analysis/Solana-Memecoin-Analysis/data/cache/2026-09-23/064854691075_ohlcv_be1a013ce267.json
2026-09-21T08:00:00+00:00,HCAZia1gVGy1hrfWR2FyLAXZFzC1REfDcPwC2MHao5rm,solana,PumpSwap,,,,,2026-08-04T01:28:30Z,0.00015368505112398843,,,,,,,,,,,,,,,,,,,ohlcv_backfill,minute,0.00015334562473024393,0.00015368505112398843,0.00015334562473024393,0.00015368505112398843,0.029139518512400247,/home/runner/work/Solana-Memecoin-Analysis/Solana-Memecoin-Analysis/data/cache/2026-09-23/064854691075_ohlcv_be1a013ce267.json
2026-09-21T07:55:00+00:00,HCAZia1gVGy1hrfWR2FyLAXZFzC1REfDcPwC2MHao5rm,solana,PumpSwap,,,,,2026-08-04T01:28:30Z,0.00015334562473024393,,,,,,,,,,,,,,,,,,,ohlcv_backfill,minute,0.00015490371092268218,0.00015490371092268218,0.00015334562473024393,0.00015334562473024393,3.0679702670504794,/home/runner/work/Solana-Memecoin-Analysis/Solana-Memecoin-Analysis/data/cache/2026-09-23/064854691075_ohlcv_be1a013ce267.json
2026-09-21T07:45:00+00:00,HCAZia1gVGy1hrfWR2FyLAXZFzC1REfDcPwC2MHao5rm,solana,PumpSwap,,,,,2026-08-04T01:28:30Z,0.00015490371092268218,,,,,,,,,,,,,,,,,,,ohlcv_backfill,minute,0.00015251945111902473,0.000154982085296116,0.00015251945111902473,0.00015490371092268218,3.099172862577155,/home/runner/work/Solana-Memecoin-Analysis/Solana-Memecoin-Analysis/data/cache/2026-09-23/064854691075_ohlcv_be1a013ce267.json
2026-09-21T07:40:00+00:00,HCAZia1gVGy1hrfWR2FyLAXZFzC1REfDcPwC2MHao5rm,solana,PumpSwap,,,,,2026-08-04T01:28:30Z,0.00015251945111902473,,,,,,,,,,,,,,,,,,,ohlcv_backfill,minute,0.00015472310705993823,0.00015472310705993823,0.00015251945111902473,0.00015251945111902473,5.709731246364199,/home/runner/work/Solana-Memecoin-Analysis/Solana-Memecoin-Analysis/data/cache/2026-09-23/064854691075_ohlcv_be1a013ce267.json
2026-09-21T07:30:00+00:00,HCAZia1gVGy1hrfWR2FyLAXZFzC1REfDcPwC2MHao5rm,solana,PumpSwap,,,,,2026-08-04T01:28:30Z,0.00015472310705993823,,,,,,,,,,,,,,,,,,,ohlcv_backfill,minute,0.00015290241344516616,0.00015472310705993823,0.00015290241344516616,0.00015472310705993823,5.792227499070031,/home/runner/work/Solana-Memecoin-Analysis/Solana-Memecoin-Analysis/data/cache/2026-09-23/064854691075_ohlcv_be1a013ce267.json
2026-09-21T07:20:00+00:00,HCAZia1gVGy1hrfWR2FyLAXZFzC1REfDcPwC2MHao5rm,solana,PumpSwap,,,,,2026-08-04T01:28:30Z,0.00015290241344516616,,,,,,,,,,,,,,,,,,,ohlcv_backfill,minute,0.00015519194797148015,0.00015519194797148015,0.00015290241344516616,0.00015290241344516616,5.531934543967255,/home/runner/work/Solana-Memecoin-Analysis/Solana-Memecoin-Analysis/data/cache/2026-09-23/064854691075_ohlcv_be1a013ce267.json
2026-09-21T07:10:00+00:00,HCAZia1gVGy1hrfWR2FyLAXZFzC1REfDcPwC2MHao5rm,solana,PumpSwap,,,,,2026-08-04T01:28:30Z,0.00015519194797148015,,,,,,,,,,,,,,,,,,,ohlcv_backfill,minute,0.00015316737613435368,0.00015519194797148015,0.00015316737613435368,0.00015519194797148015,30.90872092754246,/home/runner/work/Solana-Memecoin-Analysis/Solana-Memecoin-Analysis/data/cache/2026-09-23/064854691075_ohlcv_be1a013ce267.json
2026-09-21T07:05:00+00:00,HCAZia1gVGy1hrfWR2FyLAXZFzC1REfDcPwC2MHao5rm,solana,PumpSwap,,,,,2026-08-04T01:28:30Z,0.00015316737613435368,,,,,,,,,,,,,,,,,,,ohlcv_backfill,minute,0.00015544505468284719,0.00015544505468284719,0.00015316737613435368,0.00015316737613435368,3.53819989345443,/home/runner/work/Solana-Memecoin-Analysis/Solana-Memecoin-Analysis/data/cache/2026-09-23/064854691075_ohlcv_be1a013ce267.json
2026-09-21T06:55:00+00:00,HCAZia1gVGy1hrfWR2FyLAXZFzC1REfDcPwC2MHao5rm,solana,PumpSwap,,,,,2026-08-04T01:28:30Z,0.00015544505468284719,,,,,,,,,,,,,,,,,,,ohlcv_backfill,minute,0.00015448841431510652,0.00015544505468284719,0.00015448841431510652,0.00015544505468284719,36.60228723100135,/home/runner/work/Solana-Memecoin-Analysis/Solana-Memecoin-Analysis/data/cache/2026-09-23/064854691075_ohlcv_be1a013ce267.json
2026-09-21T06:50:00+00:00,HCAZia1gVGy1hrfWR2FyLAXZFzC1REfDcPwC2MHao5rm,solana,PumpSwap,,,,,2026-08-04T01:28:30Z,0.00015448841431510652,,,,,,,,,,,,,,,,,,,ohlcv_backfill,minute,0.00015352955985609322,0.00015448841431510652,0.00015208019905873807,0.00015448841431510652,97.63217637721571,/home/runner/work/Solana-Memecoin-Analysis/Solana-Memecoin-Analysis/data/cache/2026-09-23/064854691075_ohlcv_be1a013ce267.json
2026-09-21T06:40:00+00:00,HCAZia1gVGy1hrfWR2FyLAXZFzC1REfDcPwC2MHao5rm,solana,PumpSwap,,,,,2026-08-04T01:28:30Z,0.00015352955985609322,,,,,,,,,,,,,,,,,,,ohlcv_backfill,minute,0.00015260600459800685,0.00015352955985609322,0.00015170002327575275,0.00015352955985609322,25.76444927898516,/home/runner/work/Solana-Memecoin-Analysis/Solana-Memecoin-Analysis/data/cache/2026-09-23/064854691075_ohlcv_be1a013ce267.json
2026-09-21T06:30:00+00:00,HCAZia1gVGy1hrfWR2FyLAXZFzC1REfDcPwC2MHao5rm,solana,PumpSwap,,,,,2026-08-04T01:28:30Z,0.00015260600459800685,,,,,,,,,,,,,,,,,,,ohlcv_backfill,minute,0.0001548292429402315,0.0001548292429402315,0.00015260600459800685,0.00015260600459800685,4.88644090104493,/home/runner/work/Solana-Memecoin-Analysis/Solana-Memecoin-Analysis/data/cache/2026-09-23/064854691075_ohlcv_be1a013ce267.json
2026-09-21T06:25:00+00:00,HCAZia1gVGy1hrfWR2FyLAXZFzC1REfDcPwC2MHao5rm,solana,PumpSwap,,,,,2026-08-04T01:28:30Z,0.0001548292429402315,,,,,,,,,,,,,,,,,,,ohlcv_backfill,minute,0.00015252321729147326,0.00015485801488224186,0.00015252321729147326,0.0001548292429402315,4.957825391368717,/home/runner/work/Solana-Memecoin-Analysis/Solana-Memecoin-Analysis/data/cache/2026-09-23/064854691075_ohlcv_be1a013ce267.json
2026-09-21T06:20:00+00:00,HCAZia1gVGy1hrfWR2FyLAXZFzC1REfDcPwC2MHao5rm,solana,PumpSwap,,,,,2026-08-04T01:28:30Z,0.00015252321729147326,,,,,,,,,,,,,,,,,,,ohlcv_backfill,minute,0.00015278935646809153,0.00015278935646809153,0.00015252321729147326,0.00015252321729147326,24.48292812644853,/home/runner/work/Solana-Memecoin-Analysis/Solana-Memecoin-Analysis/data/cache/2026-09-23/064854691075_ohlcv_be1a013ce267.json
2026-09-21T06:15:00+00:00,HCAZia1gVGy1hrfWR2FyLAXZFzC1REfDcPwC2MHao5rm,solana,PumpSwap,,,,,2026-08-04T01:28:30Z,0.00015278935646809153,,,,,,,,,,,,,,,,,,,ohlcv_backfill,minute,0.00015410824743748925,0.00015410824743748925,0.00015278935646809153,0.00015278935646809153,4.504045455468512,/home/runner/work/Solana-Memecoin-Analysis/Solana-Memecoin-Analysis/data/cache/2026-09-23/064854691075_ohlcv_be1a013ce267.json
2026-09-21T06:10:00+00:00,HCAZia1gVGy1hrfWR2FyLAXZFzC1REfDcPwC2MHao5rm,solana,PumpSwap,,,,,2026-08-04T01:28:30Z,0.00015410824743748925,,,,,,,,,,,,,,,,,,,ohlcv_backfill,minute,0.00015216629887124385,0.00015410824743748925,0.00015216629887124385,0.00015410824743748925,4.542924766267985,/home/runner/work/Solana-Memecoin-Analysis/Solana-Memecoin-Analysis/data/cache/2026-09-23/064854691075_ohlcv_be1a013ce267.json
2026-09-21T06:00:00+00:00,HCAZia1gVGy1hrfWR2FyLAXZFzC1REfDcPwC2MHao5rm,solana,PumpSwap,,,,,2026-08-04T01:28:30Z,0.00015216629887124385,,,,,,,,,,,,,,,,,,,ohlcv_backfill,minute,0.00015443109732395362,0.00015443109732395362,0.00015216629887124385,0.00015216629887124385,3.7845283170161528,/home/runner/work/Solana-Memecoin-Analysis/Solana-Memecoin-Analysis/data/cache/2026-09-23/064854691075_ohlcv_be1a013ce267.json
2026-09-21T05:50:00+00:00,HCAZia1gVGy1hrfWR2FyLAXZFzC1REfDcPwC2MHao5rm,solana,PumpSwap,,,,,2026-08-04T01:28:30Z,0.00015443109732395362,,,,,,,,,,,,,,,,,,,ohlcv_backfill,minute,0.00015208402941851415,0.00015443109732395362,0.00015198051357409706,0.00015443109732395362,3.859100953251562,/home/runner/work/Solana-Memecoin-Analysis/Solana-Memecoin-Analysis/data/cache/2026-09-23/064854691075_ohlcv_be1a013ce267.json
2026-09-21T05:45:00+00:00,HCAZia1gVGy1hrfWR2FyLAXZFzC1REfDcPwC2MHao5rm,solana,PumpSwap,,,,,2026-08-04T01:28:30Z,0.00015208402941851415,,,,,,,,,,,,,,,,,,,ohlcv_backfill,minute,0.00015433007681485902,0.00015433007681485902,0.00015208402941851415,0.00015208402941851415,6.788345943814983,/home/runner/work/Solana-Memecoin-Analysis/Solana-Memecoin-Analysis/data/cache/2026-09-23/064854691075_ohlcv_be1a013ce267.json
2026-09-21T05:40:00+00:00,HCAZia1gVGy1hrfWR2FyLAXZFzC1REfDcPwC2MHao5rm,solana,PumpSwap,,,,,2026-08-04T01:28:30Z,0.00015433007681485902,,,,,,,,,,,,,,,,,,,ohlcv_backfill,minute,0.00015453708240760909,0.00015453708240760909,0.00015433007681485902,0.00015433007681485902,6.88859938127906,/home/runner/work/Solana-Memecoin-Analysis/Solana-Memecoin-Analysis/data/cache/2026-09-23/064854691075_ohlcv_be1a013ce267.json
2026-09-21T05:35:00+00:00,HCAZia1gVGy1hrfWR2FyLAXZFzC1REfDcPwC2MHao5rm,solana,PumpSwap,,,,,2026-08-04T01:28:30Z,0.00015453708240760909,,,,,,,,,,,,,,,,,,,ohlcv_backfill,minute,0.00015227737594947726,0.00015453708240760909,0.00015227737594947726,0.00015453708240760909,14.233292118852608,/home/runner/work/Solana-Memecoin-Analysis/Solana-Memecoin-Analysis/data/cache/2026-09-23/064854691075_ohlcv_be1a013ce267.json
2026-09-21T05:25:00+00:00,HCAZia1gVGy1hrfWR2FyLAXZFzC1REfDcPwC2MHao5rm,solana,PumpSwap,,,,,2026-08-04T01:28:30Z,0.00015227737594947726,,,,,,,,,,,,,,,,,,,ohlcv_backfill,minute,0.00015311179242119904,0.00015394312442997335,0.0001512648822773879,0.00015227737594947726,149.55053546358124,/home/runner/work/Solana-Memecoin-Analysis/Solana-Memecoin-Analysis/data/cache/2026-09-23/064854691075_ohlcv_be1a013ce267.json
2026-09-21T05:15:00+00:00,HCAZia1gVGy1hrfWR2FyLAXZFzC1REfDcPwC2MHao5rm,solana,PumpSwap,,,,,2026-08-04T01:28:30Z,0.00015311179242119904,,,,,,,,,,,,,,,,,,,ohlcv_backfill,minute,0.00015070077962179318,0.00015311179242119904,0.00015070077962179318,0.00015311179242119904,6.621170944889459,/home/runner/work/Solana-Memecoin-Analysis/Solana-Memecoin-Analysis/data/cache/2026-09-23/064854691075_ohlcv_be1a013ce267.json
2026-09-21T05:10:00+00:00,HCAZia1gVGy1hrfWR2FyLAXZFzC1REfDcPwC2MHao5rm,solana,PumpSwap,,,,,2026-08-04T01:28:30Z,0.00015070077962179318,,,,,,,,,,,,,,,,,,,ohlcv_backfill,minute,0.00015328253398941595,0.00015328253398941595,0.00015070077962179318,0.00015070077962179318,19.669427674723657,/home/runner/work/Solana-Memecoin-Analysis/Solana-Memecoin-Analysis/data/cache/2026-09-23/064854691075_ohlcv_be1a013ce267.json
2026-09-21T05:05:00+00:00,HCAZia1gVGy1hrfWR2FyLAXZFzC1REfDcPwC2MHao5rm,solana,PumpSwap,,,,,2026-08-04T01:28:30Z,0.00015328253398941595,,,,,,,,,,,,,,,,,,,ohlcv_backfill,minute,0.00015318273647318463,0.00015328253398941595,0.00015318273647318463,0.00015328253398941595,8.924188163177712,/home/runner/work/Solana-Memecoin-Analysis/Solana-Memecoin-Analysis/data/cache/2026-09-23/064854691075_ohlcv_be1a013ce267.json
2026-09-21T04:55:00+00:00,HCAZia1gVGy1hrfWR2FyLAXZFzC1REfDcPwC2MHao5rm,solana,PumpSwap,,,,,2026-08-04T01:28:30Z,0.00015318273647318463,,,,,,,,,,,,,,,,,,,ohlcv_backfill,minute,0.00015145305560935126,0.0001532069501530609,0.0001510542036146021,0.00015318273647318463,16.394033455219894,/home/runner/work/Solana-Memecoin-Analysis/Solana-Memecoin-Analysis/data/cache/2026-09-23/064854691075_ohlcv_be1a013ce267.json
2026-09-21T04:45:00+00:00,HCAZia1gVGy1hrfWR2FyLAXZFzC1REfDcPwC2MHao5rm,solana,PumpSwap,,,,,2026-08-04T01:28:30Z,0.00015145305560935126,,,,,,,,,,,,,,,,,,,ohlcv_backfill,minute,0.00015312469060980814,0.00015312469060980814,0.00015145305560935126,0.00015145305560935126,6.105248049556301,/home/runner/work/Solana-Memecoin-Analysis/Solana-Memecoin-Analysis/data/cache/2026-09-23/064854691075_ohlcv_be1a013ce267.json
2026-09-21T04:40:00+00:00,HCAZia1gVGy1hrfWR2FyLAXZFzC1REfDcPwC2MHao5rm,solana,PumpSwap,,,,,2026-08-04T01:28:30Z,0.00015312469060980814,,,,,,,,,,,,,,,,,,,ohlcv_backfill,minute,0.0001507740112448379,0.00015322818520020846,0.0001507740112448379,0.00015312469060980814,6.173331399561257,/home/runner/work/Solana-Memecoin-Analysis/Solana-Memecoin-Analysis/data/cache/2026-09-23/064854691075_ohlcv_be1a013ce267.json
2026-09-21T04:30:00+00:00,HCAZia1gVGy1hrfWR2FyLAXZFzC1REfDcPwC2MHao5rm,solana,PumpSwap,,,,,2026-08-04T01:28:30Z,0.0001507740112448379,,,,,,,,,,,,,,,,,,,ohlcv_backfill,minute,0.0001528546061433345,0.0001528546061433345,0.0001507740112448379,0.0001507740112448379,4.976797040934349,/home/runner/work/Solana-Memecoin-Analysis/Solana-Memecoin-Analysis/data/cache/2026-09-23/064854691075_ohlcv_be1a013ce267.json
2026-09-21T04:25:00+00:00,HCAZia1gVGy1hrfWR2FyLAXZFzC1REfDcPwC2MHao5rm,solana,PumpSwap,,,,,2026-08-04T01:28:30Z,0.0001528546061433345,,,,,,,,,,,,,,,,,,,ohlcv_backfill,minute,0.0001529995671593942,0.0001529995671593942,0.0001527496383281837,0.0001528546061433345,5.0450595037387105,/home/runner/work/Solana-Memecoin-Analysis/Solana-Memecoin-Analysis/data/cache/2026-09-23/064854691075_ohlcv_be1a013ce267.json
2026-09-21T04:15:00+00:00,HCAZia1gVGy1hrfWR2FyLAXZFzC1REfDcPwC2MHao5rm,solana,PumpSwap,,,,,2026-08-04T01:28:30Z,0.0001529995671593942,,,,,,,,,,,,,,,,,,,ohlcv_backfill,minute,0.00015305945035239628,0.00015305945035239628,0.00015088920636859937,0.0001529995671593942,18.27641176529306,/home/runner/work/Solana-Memecoin-Analysis/Solana-Memecoin-Analysis/data/cache/2026-09-23/064854691075_ohlcv_be1a013ce267.json
2026-09-21T04:05:00+00:00,HCAZia1gVGy1hrfWR2FyLAXZFzC1REfDcPwC2MHao5rm,solana,PumpSwap,,,,,2026-08-04T01:28:30Z,0.00015305945035239628,,,,,,,,,,,,,,,,,,,ohlcv_backfill,minute,0.00015113871179731308,0.00015307224154857555,0.00015089560493265595,0.00015305945035239628,19.014237666563528,/home/runner/work/Solana-Memecoin-Analysis/Solana-Memecoin-Analysis/data/cache/2026-09-23/064854691075_ohlcv_be1a013ce267.json
2026-09-21T04:00:00+00:00,HCAZia1gVGy1hrfWR2FyLAXZFzC1REfDcPwC2MHao5rm,solana,PumpSwap,,,,,2026-08-04T01:28:30Z,0.00015113871179731308,,,,,,,,,,,,,,,,,,,ohlcv_backfill,minute,0.00015117840890802075,0.00015117840890802075,0.00015113871179731308,0.00015113871179731308,4.439391381566757,/home/runner/work/Solana-Memecoin-Analysis/Solana-Memecoin-Analysis/data/cache/2026-09-23/064854691075_ohlcv_be1a013ce267.json
2026-09-21T03:55:00+00:00,HCAZia1gVGy1hrfWR2FyLAXZFzC1REfDcPwC2MHao5rm,solana,PumpSwap,,,,,2026-08-04T01:28:30Z,0.00015117840890802075,,,,,,,,,,,,,,,,,,,ohlcv_backfill,minute,0.00015335599999710412,0.00015335599999710412,0.00015117840890802075,0.00015117840890802075,0.18507777107904164,/home/runner/work/Solana-Memecoin-Analysis/Solana-Memecoin-Analysis/data/cache/2026-09-23/064854691075_ohlcv_be1a013ce267.json
2026-09-21T03:50:00+00:00,HCAZia1gVGy1hrfWR2FyLAXZFzC1REfDcPwC2MHao5rm,solana,PumpSwap,,,,,2026-08-04T01:28:30Z,0.00015335599999710412,,,,,,,,,,,,,,,,,,,ohlcv_backfill,minute,0.0001513155167943813,0.00015342782676898076,0.0001513155167943813,0.00015335599999710412,10.197237570986266,/home/runner/work/Solana-Memecoin-Analysis/Solana-Memecoin-Analysis/data/cache/2026-09-23/064854691075_ohlcv_be1a013ce267.json
2026-09-21T03:40:00+00:00,HCAZia1gVGy1hrfWR2FyLAXZFzC1REfDcPwC2MHao5rm,solana,PumpSwap,,,,,2026-08-04T01:28:30Z,0.0001513155167943813,,,,,,,,,,,,,,,,,,,ohlcv_backfill,minute,0.000154736838934064,0.000154736838934064,0.0001513155167943813,0.0001513155167943813,131.0873531523505,/home/runner/work/Solana-Memecoin-Analysis/Solana-Memecoin-Analysis/data/cache/2026-09-23/064854691075_ohlcv_be1a013ce267.json
2026-09-21T03:30:00+00:00,HCAZia1gVGy1hrfWR2FyLAXZFzC1REfDcPwC2MHao5rm,solana,PumpSwap,,,,,2026-08-04T01:28:30Z,0.000154736838934064,,,,,,,,,,,,,,,,,,,ohlcv_backfill,minute,0.00015384046181691742,0.000154736838934064,0.00015384046181691742,0.000154736838934064,9.007654467151616,/home/runner/work/Solana-Memecoin-Analysis/Solana-Memecoin-Analysis/data/cache/2026-09-23/064854691075_ohlcv_be1a013ce267.json
2026-09-21T03:25:00+00:00,HCAZia1gVGy1hrfWR2FyLAXZFzC1REfDcPwC2MHao5rm,solana,PumpSwap,,,,,2026-08-04T01:28:30Z,0.00015384046181691742,,,,,,,,,,,,,,,,,,,ohlcv_backfill,minute,0.0001534089513887483,0.00015384046181691742,0.00015122436965339352,0.00015384046181691742,140.04385404633774,/home/runner/work/Solana-Memecoin-Analysis/Solana-Memecoin-Analysis/data/cache/2026-09-23/064854691075_ohlcv_be1a013ce267.json
2026-09-21T03:20:00+00:00,HCAZia1gVGy1hrfWR2FyLAXZFzC1REfDcPwC2MHao5rm,solana,PumpSwap,,,,,2026-08-04T01:28:30Z,0.0001534089513887483,,,,,,,,,,,,,,,,,,,ohlcv_backfill,minute,0.0001530636485228864,0.0001534089513887483,0.0001530636485228864,0.0001534089513887483,11.053214067690758,/home/runner/work/Solana-Memecoin-Analysis/Solana-Memecoin-Analysis/data/cache/2026-09-23/064854691075_ohlcv_be1a013ce267.json
2026-09-21T03:15:00+00:00,HCAZia1gVGy1hrfWR2FyLAXZFzC1REfDcPwC2MHao5rm,solana,PumpSwap,,,,,2026-08-04T01:28:30Z,0.0001530636485228864,,,,,,,,,,,,,,,,,,,ohlcv_backfill,minute,0.00015062753759921156,0.00015309330448186068,0.00015062753759921156,0.0001530636485228864,24.966588370576645,/home/runner/work/Solana-Memecoin-Analysis/Solana-Memecoin-Analysis/data/cache/2026-09-23/064854691075_ohlcv_be1a013ce267.json
2026-09-21T03:05:00+00:00,HCAZia1gVGy1hrfWR2FyLAXZFzC1REfDcPwC2MHao5rm,solana,PumpSwap,,,,,2026-08-04T01:28:30Z,0.00015062753759921156,,,,,,,,,,,,,,,,,,,ohlcv_backfill,minute,0.0001529571942208112,0.0001529571942208112,0.00015062753759921156,0.00015062753759921156,13.618255616827799,/home/runner/work/Solana-Memecoin-Analysis/Solana-Memecoin-Analysis/data/cache/2026-09-23/064854691075_ohlcv_be1a013ce267.json
2026-09-21T03:00:00+00:00,HCAZia1gVGy1hrfWR2FyLAXZFzC1REfDcPwC2MHao5rm,solana,PumpSwap,,,,,2026-08-04T01:28:30Z,0.0001529571942208112,,,,,,,,,,,,,,,,,,,ohlcv_backfill,minute,0.0001503414166441821,0.0001529571942208112,0.0001503414166441821,0.0001529571942208112,12.85886979078015,/home/runner/work/Solana-Memecoin-Analysis/Solana-Memecoin-Analysis/data/cache/2026-09-23/064854691075_ohlcv_be1a013ce267.json
2026-09-21T02:55:00+00:00,HCAZia1gVGy1hrfWR2FyLAXZFzC1REfDcPwC2MHao5rm,solana,PumpSwap,,,,,2026-08-04T01:28:30Z,0.0001503414166441821,,,,,,,,,,,,,,,,,,,ohlcv_backfill,minute,0.00015259963976308773,0.00015259963976308773,0.0001503414166441821,0.0001503414166441821,4.596801346599969,/home/runner/work/Solana-Memecoin-Analysis/Solana-Memecoin-Analysis/data/cache/2026-09-23/064854691075_ohlcv_be1a013ce267.json
2026-09-21T02:45:00+00:00,HCAZia1gVGy1hrfWR2FyLAXZFzC1REfDcPwC2MHao5rm,solana,PumpSwap,,,,,2026-08-04T01:28:30Z,0.00015259963976308773,,,,,,,,,,,,,,,,,,,ohlcv_backfill,minute,0.0001525500736685024,0.00015265698839764952,0.0001525500736685024,0.00015259963976308773,4.6307341290799355,/home/runner/work/Solana-Memecoin-Analysis/Solana-Memecoin-Analysis/data/cache/2026-09-23/064854691075_ohlcv_be1a013ce267.json
2026-09-21T02:40:00+00:00,HCAZia1gVGy1hrfWR2FyLAXZFzC1REfDcPwC2MHao5rm,solana,PumpSwap,,,,,2026-08-04T01:28:30Z,0.0001525500736685024,,,,,,,,,,,,,,,,,,,ohlcv_backfill,minute,0.00015215003894645,0.0001525500736685024,0.00015047489715545764,0.0001525500736685024,15.060222680514975,/home/runner/work/Solana-Memecoin-Analysis/Solana-Memecoin-Analysis/data/cache/2026-09-23/064854691075_ohlcv_be1a013ce267.json
2026-09-21T02:30:00+00:00,HCAZia1gVGy1hrfWR2FyLAXZFzC1REfDcPwC2MHao5rm,solana,PumpSwap,,,,,2026-08-04T01:28:30Z,0.00015215003894645,,,,,,,,,,,,,,,,,,,ohlcv_backfill,minute,0.00015117042380126015,0.00015215003894645,0.00015117042380126015,0.00015215003894645,4.0917478407595524,/home/runner/work/Solana-Memecoin-Analysis/Solana-Memecoin-Analysis/data/cache/2026-09-23/064854691075_ohlcv_be1a013ce267.json
2026-09-21T02:25:00+00:00,HCAZia1gVGy1hrfWR2FyLAXZFzC1REfDcPwC2MHao5rm,solana,PumpSwap,,,,,2026-08-04T01:28:30Z,0.00015117042380126015,,,,,,,,,,,,,,,,,,,ohlcv_backfill,minute,0.00015287446810207018,0.00015287446810207018,0.00015117042380126015,0.00015117042380126015,7.657797967893345,/home/runner/work/Solana-Memecoin-Analysis/Solana-Memecoin-Analysis/data/cache/2026-09-23/064854691075_ohlcv_be1a013ce267.json
2026-09-21T02:15:00+00:00,HCAZia1gVGy1hrfWR2FyLAXZFzC1REfDcPwC2MHao5rm,solana,PumpSwap,,,,,2026-08-04T01:28:30Z,0.00015287446810207018,,,,,,,,,,,,,,,,,,,ohlcv_backfill,minute,0.00015284799713459628,0.0001530373232563155,0.00015284799713459628,0.00015287446810207018,7.748461447508527,/home/runner/work/Solana-Memecoin-Analysis/Solana-Memecoin-Analysis/data/cache/2026-09-23/064854691075_ohlcv_be1a013ce267.json
2026-09-21T02:05:00+00:00,HCAZia1gVGy1hrfWR2FyLAXZFzC1REfDcPwC2MHao5rm,solana,PumpSwap,,,,,2026-08-04T01:28:30Z,0.00015284799713459628,,,,,,,,,,,,,,,,,,,ohlcv_backfill,minute,0.00014998542100429978,0.00015284799713459628,0.00014998542100429978,0.00015284799713459628,25.348266387786026,/home/runner/work/Solana-Memecoin-Analysis/Solana-Memecoin-Analysis/data/cache/2026-09-23/064854691075_ohlcv_be1a013ce267.json
2026-09-21T01:55:00+00:00,HCAZia1gVGy1hrfWR2FyLAXZFzC1REfDcPwC2MHao5rm,solana,PumpSwap,,,,,2026-08-04T01:28:30Z,0.00014998542100429978,,,,,,,,,,,,,,,,,,,ohlcv_backfill,minute,0.00015261186579289528,0.00015261186579289528,0.00014998542100429978,0.00014998542100429978,21.920234218453537,/home/runner/work/Solana-Memecoin-Analysis/Solana-Memecoin-Analysis/data/cache/2026-09-23/064854691075_ohlcv_be1a013ce267.json
2026-09-21T01:50:00+00:00,HCAZia1gVGy1hrfWR2FyLAXZFzC1REfDcPwC2MHao5rm,solana,PumpSwap,,,,,2026-08-04T01:28:30Z,0.00015261186579289528,,,,,,,,,,,,,,,,,,,ohlcv_backfill,minute,0.00015173661892091555,0.00015314863589723418,0.00015173661892091555,0.00015261186579289528,8.897031067633803,/home/runner/work/Solana-Memecoin-Analysis/Solana-Memecoin-Analysis/data/cache/2026-09-23/064854691075_ohlcv_be1a013ce267.json
2026-09-21T01:40:00+00:00,HCAZia1gVGy1hrfWR2FyLAXZFzC1REfDcPwC2MHao5rm,solana,PumpSwap,,,,,2026-08-04T01:28:30Z,0.00015173661892091555,,,,,,,,,,,,,,,,,,,ohlcv_backfill,minute,0.00015187294944049245,0.0001539146506935938,0.00015173661892091555,0.00015173661892091555,27.208623756585638,/home/runner/work/Solana-Memecoin-Analysis/Solana-Memecoin-Analysis/data/cache/2026-09-23/064854691075_ohlcv_be1a013ce267.json
2026-09-21T01:35:00+00:00,HCAZia1gVGy1hrfWR2FyLAXZFzC1REfDcPwC2MHao5rm,solana,PumpSwap,,,,,2026-08-04T01:28:30Z,0.00015187294944049245,,,,,,,,,,,,,,,,,,,ohlcv_backfill,minute,0.00015415303891234744,0.00015415303891234744,0.00015187294944049245,0.00015187294944049245,11.257105608753115,/home/runner/work/Solana-Memecoin-Analysis/Solana-Memecoin-Analysis/data/cache/2026-09-23/064854691075_ohlcv_be1a013ce267.json
2026-09-21T01:25:00+00:00,HCAZia1gVGy1hrfWR2FyLAXZFzC1REfDcPwC2MHao5rm,solana,PumpSwap,,,,,2026-08-04T01:28:30Z,0.00015415303891234744,,,,,,,,,,,,,,,,,,,ohlcv_backfill,minute,0.0001548776267482697,0.0001548776267482697,0.00015415303891234744,0.00015415303891234744,11.426110083062971,/home/runner/work/Solana-Memecoin-Analysis/Solana-Memecoin-Analysis/data/cache/2026-09-23/064854691075_ohlcv_be1a013ce267.json
2026-09-21T01:20:00+00:00,HCAZia1gVGy1hrfWR2FyLAXZFzC1REfDcPwC2MHao5rm,solana,PumpSwap,,,,,2026-08-04T01:28:30Z,0.0001548776267482697,,,,,,,,,,,,,,,,,,,ohlcv_backfill,minute,0.00015227025426090265,0.0001549659675272036,0.00015227025426090265,0.0001548776267482697,29.46553075848127,/home/runner/work/Solana-Memecoin-Analysis/Solana-Memecoin-Analysis/data/cache/2026-09-23/064854691075_ohlcv_be1a013ce267.json
2026-09-21T01:15:00+00:00,HCAZia1gVGy1hrfWR2FyLAXZFzC1REfDcPwC2MHao5rm,solana,PumpSwap,,,,,2026-08-04T01:28:30Z,0.00015227025426090265,,,,,,,,,,,,,,,,,,,ohlcv_backfill,minute,0.0001524914702991192,0.00015446780051328731,0.00015227025426090265,0.00015227025426090265,1.1250867497678205,/home/runner/work/Solana-Memecoin-Analysis/Solana-Memecoin-Analysis/data/cache/2026-09-23/064854691075_ohlcv_be1a013ce267.json
2026-09-21T01:10:00+00:00,HCAZia1gVGy1hrfWR2FyLAXZFzC1REfDcPwC2MHao5rm,solana,PumpSwap,,,,,2026-08-04T01:28:30Z,0.0001524914702991192,,,,,,,,,,,,,,,,,,,ohlcv_backfill,minute,0.00015386668519487312,0.00015386668519487312,0.0001524914702991192,0.0001524914702991192,7.014638060992517,/home/runner/work/Solana-Memecoin-Analysis/Solana-Memecoin-Analysis/data/cache/2026-09-23/064854691075_ohlcv_be1a013ce267.json
2026-09-21T01:00:00+00:00,HCAZia1gVGy1hrfWR2FyLAXZFzC1REfDcPwC2MHao5rm,solana,PumpSwap,,,,,2026-08-04T01:28:30Z,0.00015386668519487312,,,,,,,,,,,,,,,,,,,ohlcv_backfill,minute,0.00015208884375493675,0.00015386668519487312,0.00015208884375493675,0.00015386668519487312,7.071339964742526,/home/runner/work/Solana-Memecoin-Analysis/Solana-Memecoin-Analysis/data/cache/2026-09-23/064854691075_ohlcv_be1a013ce267.json
2026-09-21T00:55:00+00:00,HCAZia1gVGy1hrfWR2FyLAXZFzC1REfDcPwC2MHao5rm,solana,PumpSwap,,,,,2026-08-04T01:28:30Z,0.00015208884375493675,,,,,,,,,,,,,,,,,,,ohlcv_backfill,minute,0.0001543277375743276,0.0001543277375743276,0.00015208884375493675,0.00015208884375493675,7.7495902347631285,/home/runner/work/Solana-Memecoin-Analysis/Solana-Memecoin-Analysis/data/cache/2026-09-23/064854691075_ohlcv_be1a013ce267.json
2026-09-21T00:45:00+00:00,HCAZia1gVGy1hrfWR2FyLAXZFzC1REfDcPwC2MHao5rm,solana,PumpSwap,,,,,2026-08-04T01:28:30Z,0.0001543277375743276,,,,,,,,,,,,,,,,,,,ohlcv_backfill,minute,0.00015240715539057174,0.0001543277375743276,0.00015240715539057174,0.0001543277375743276,7.863671644359351,/home/runner/work/Solana-Memecoin-Analysis/Solana-Memecoin-Analysis/data/cache/2026-09-23/064854691075_ohlcv_be1a013ce267.json
2026-09-21T00:35:00+00:00,HCAZia1gVGy1hrfWR2FyLAXZFzC1REfDcPwC2MHao5rm,solana,PumpSwap,,,,,2026-08-04T01:28:30Z,0.00015240715539057174,,,,,,,,,,,,,,,,,,,ohlcv_backfill,minute,0.00015217358142877377,0.0001546067003063804,0.00015217358142877377,0.00015240715539057174,9.625664785107023,/home/runner/work/Solana-Memecoin-Analysis/Solana-Memecoin-Analysis/data/cache/2026-09-23/064854691075_ohlcv_be1a013ce267.json
2026-09-21T00:30:00+00:00,HCAZia1gVGy1hrfWR2FyLAXZFzC1REfDcPwC2MHao5rm,solana,PumpSwap,,,,,2026-08-04T01:28:30Z,0.00015217358142877377,,,,,,,,,,,,,,,,,,,ohlcv_backfill,minute,0.000153957881358292,0.00015444391318946256,0.00015217358142877377,0.00015217358142877377,10.877057680669237,/home/runner/work/Solana-Memecoin-Analysis/Solana-Memecoin-Analysis/data/cache/2026-09-23/064854691075_ohlcv_be1a013ce267.json
2026-09-21T00:25:00+00:00,HCAZia1gVGy1hrfWR2FyLAXZFzC1REfDcPwC2MHao5rm,solana,PumpSwap,,,,,2026-08-04T01:28:30Z,0.000153957881358292,,,,,,,,,,,,,,,,,,,ohlcv_backfill,minute,0.00015244136903513534,0.000153957881358292,0.00015205978433630677,0.000153957881358292,16.788403580873204,/home/runner/work/Solana-Memecoin-Analysis/Solana-Memecoin-Analysis/data/cache/2026-09-23/064854691075_ohlcv_be1a013ce267.json
2026-09-21T00:20:00+00:00,HCAZia1gVGy1hrfWR2FyLAXZFzC1REfDcPwC2MHao5rm,solana,PumpSwap,,,,,2026-08-04T01:28:30Z,0.00015244136903513534,,,,,,,,,,,,,,,,,,,ohlcv_backfill,minute,0.00015194239994704916,0.00015467480926620826,0.00015194239994704916,0.00015244136903513534,22.562111663886544,/home/runner/work/Solana-Memecoin-Analysis/Solana-Memecoin-Analysis/data/cache/2026-09-23/064854691075_ohlcv_be1a013ce267.json
2026-09-21T00:10:00+00:00,HCAZia1gVGy1hrfWR2FyLAXZFzC1REfDcPwC2MHao5rm,solana,PumpSwap,,,,,2026-08-04T01:28:30Z,0.00015194239994704916,,,,,,,,,,,,,,,,,,,ohlcv_backfill,minute,0.00015134375090579283,0.00015194239994704916,0.00015120095773449397,0.00015194239994704916,22.915221209823166,/home/runner/work/Solana-Memecoin-Analysis/Solana-Memecoin-Analysis/data/cache/2026-09-23/064854691075_ohlcv_be1a013ce267.json
2026-09-21T00:05:00+00:00,HCAZia1gVGy1hrfWR2FyLAXZFzC1REfDcPwC2MHao5rm,solana,PumpSwap,,,,,2026-08-04T01:28:30Z,0.00015134375090579283,,,,,,,,,,,,,,,,,,,ohlcv_backfill,minute,0.00015273956866260484,0.00015273956866260484,0.00015134375090579283,0.00015134375090579283,2.733638675053211,/home/runner/work/Solana-Memecoin-Analysis/Solana-Memecoin-Analysis/data/cache/2026-09-23/064854691075_ohlcv_be1a013ce267.json
2026-09-21T00:00:00+00:00,HCAZia1gVGy1hrfWR2FyLAXZFzC1REfDcPwC2MHao5rm,solana,PumpSwap,,,,,2026-08-04T01:28:30Z,0.00015273956866260484,,,,,,,,,,,,,,,,,,,ohlcv_backfill,minute,0.00015044870445166794,0.00015273956866260484,0.00015044870445166794,0.00015273956866260484,17.815545399076232,/home/runner/work/Solana-Memecoin-Analysis/Solana-Memecoin-Analysis/data/cache/2026-09-23/064854691075_ohlcv_be1a013ce267.json
2026-09-20T23:50:00+00:00,HCAZia1gVGy1hrfWR2FyLAXZFzC1REfDcPwC2MHao5rm,solana,PumpSwap,,,,,2026-08-04T01:28:30Z,0.00015044870445166794,,,,,,,,,,,,,,,,,,,ohlcv_backfill,minute,0.00015246265108984585,0.00015246265108984585,0.00015044870445166794,0.00015044870445166794,12.267946554807848,/home/runner/work/Solana-Memecoin-Analysis/Solana-Memecoin-Analysis/data/cache/2026-09-23/064854691075_ohlcv_be1a013ce267.json
2026-09-20T23:45:00+00:00,HCAZia1gVGy1hrfWR2FyLAXZFzC1REfDcPwC2MHao5rm,solana,PumpSwap,,,,,2026-08-04T01:28:30Z,0.00015246265108984585,,,,,,,,,,,,,,,,,,,ohlcv_backfill,minute,0.0001523769966861061,0.00015246265108984585,0.0001523769966861061,0.00015246265108984585,11.684896452926429,/home/runner/work/Solana-Memecoin-Analysis/Solana-Memecoin-Analysis/data/cache/2026-09-23/064854691075_ohlcv_be1a013ce267.json
2026-09-20T23:35:00+00:00,HCAZia1gVGy1hrfWR2FyLAXZFzC1REfDcPwC2MHao5rm,solana,PumpSwap,,,,,2026-08-04T01:28:30Z,0.0001523769966861061,,,,,,,,,,,,,,,,,,,ohlcv_backfill,minute,0.0001498746235904954,0.00015245705840856753,0.0001498746235904954,0.0001523769966861061,36.089369547958846,/home/runner/work/Solana-Memecoin-Analysis/Solana-Memecoin-Analysis/data/cache/2026-09-23/064854691075_ohlcv_be1a013ce267.json
2026-09-20T23:25:00+00:00,HCAZia1gVGy1hrfWR2FyLAXZFzC1REfDcPwC2MHao5rm,solana,PumpSwap,,,,,2026-08-04T01:28:30Z,0.0001498746235904954,,,,,,,,,,,,,,,,,,,ohlcv_backfill,minute,0.00015010405147987548,0.00015208060131562787,0.0001498746235904954,0.0001498746235904954,37.1259630147786,/home/runner/work/Solana-Memecoin-Analysis/Solana-Memecoin-Analysis/data/cache/2026-09-23/064854691075_ohlcv_be1a013ce267.json
2026-09-20T23:20:00+00:00,HCAZia1gVGy1hrfWR2FyLAXZFzC1REfDcPwC2MHao5rm,solana,PumpSwap,,,,,2026-08-04T01:28:30Z,0.00015010405147987548,,,,,,,,,,,,,,,,,,,ohlcv_backfill,minute,0.00014967107152903105,0.00015010405147987548,0.00014967107152903105,0.00015010405147987548,9.277910463242604,/home/runner/work/Solana-Memecoin-Analysis/Solana-Memecoin-Analysis/data/cache/2026-09-23/064854691075_ohlcv_be1a013ce267.json
2026-09-20T23:15:00+00:00,HCAZia1gVGy1hrfWR2FyLAXZFzC1REfDcPwC2MHao5rm,solana,PumpSwap,,,,,2026-08-04T01:28:30Z,0.00014967107152903105,,,,,,,,,,,,,,,,,,,ohlcv_backfill,minute,0.0001519842482749651,0.0001519842482749651,0.00014967107152903105,0.00014967107152903105,0.006199699820602327,/home/runner/work/Solana-Memecoin-Analysis/Solana-Memecoin-Analysis/data/cache/2026-09-23/064854691075_ohlcv_be1a013ce267.json
2026-09-20T23:10:00+00:00,HCAZia1gVGy1hrfWR2FyLAXZFzC1REfDcPwC2MHao5rm,solana,PumpSwap,,,,,2026-08-04T01:28:30Z,0.0001519842482749651,,,,,,,,,,,,,,,,,,,ohlcv_backfill,minute,0.0001521284999230286,0.0001521284999230286,0.0001519842482749651,0.0001519842482749651,9.394125164618973,/home/runner/work/Solana-Memecoin-Analysis/Solana-Memecoin-Analysis/data/cache/2026-09-23/064854691075_ohlcv_be1a013ce267.json
2026-09-20T23:00:00+00:00,HCAZia1gVGy1hrfWR2FyLAXZFzC1REfDcPwC2MHao5rm,solana,PumpSwap,,,,,2026-08-04T01:28:30Z,0.0001521284999230286,,,,,,,,,,,,,,,,,,,ohlcv_backfill,minute,0.00014972793169106541,0.0001521284999230286,0.00014972793169106541,0.0001521284999230286,39.31159023470582,/home/runner/work/Solana-Memecoin-Analysis/Solana-Memecoin-Analysis/data/cache/2026-09-23/064854691075_ohlcv_be1a013ce267.json
2026-09-20T22:50:00+00:00,HCAZia1gVGy1hrfWR2FyLAXZFzC1REfDcPwC2MHao5rm,solana,PumpSwap,,,,,2026-08-04T01:28:30Z,0.00014972793169106541,,,,,,,,,,,,,,,,,,,ohlcv_backfill,minute,0.0001514057140740198,0.0001514057140740198,0.00014972793169106541,0.00014972793169106541,5.193581136692145,/home/runner/work/Solana-Memecoin-Analysis/Solana-Memecoin-Analysis/data/cache/2026-09-23/064854691075_ohlcv_be1a013ce267.json
2026-09-20T22:45:00+00:00,HCAZia1gVGy1hrfWR2FyLAXZFzC1REfDcPwC2MHao5rm,solana,PumpSwap,,,,,2026-08-04T01:28:30Z,0.0001514057140740198,,,,,,,,,,,,,,,,,,,ohlcv_backfill,minute,0.00015133985833935834,0.0001514057140740198,0.00015126362231273306,0.0001514057140740198,3.776453295777399,/home/runner/work/Solana-Memecoin-Analysis/Solana-Memecoin-Analysis/data/cache/2026-09-23/064854691075_ohlcv_be1a013ce267.json
2026-09-20T22:40:00+00:00,HCAZia1gVGy1hrfWR2FyLAXZFzC1REfDcPwC2MHao5rm,solana,PumpSwap,,,,,2026-08-04T01:28:30Z,0.00015133985833935834,,,,,,,,,,,,,,,,,,,ohlcv_backfill,minute,0.00014947967244342432,0.00015139112782122682,0.00014947967244342432,0.00015133985833935834,1.4734873489931826,/home/runner/work/Solana-Memecoin-Analysis/Solana-Memecoin-Analysis/data/cache/2026-09-23/064854691075_ohlcv_be1a013ce267.json
2026-09-20T22:30:00+00:00,HCAZia1gVGy1hrfWR2FyLAXZFzC1REfDcPwC2MHao5rm,solana,PumpSwap,,,,,2026-08-04T01:28:30Z,0.00014947967244342432,,,,,,,,,,,,,,,,,,,ohlcv_backfill,minute,0.00015110293136197015,0.00015152697049402255,0.00014947967244342432,0.00014947967244342432,67.99554281614918,/home/runner/work/Solana-Memecoin-Analysis/Solana-Memecoin-Analysis/data/cache/2026-09-23/064854691075_ohlcv_be1a013ce267.json
2026-09-20T22:25:00+00:00,HCAZia1gVGy1hrfWR2FyLAXZFzC1REfDcPwC2MHao5rm,solana,PumpSwap,,,,,2026-08-04T01:28:30Z,0.00015110293136197015,,,,,,,,,,,,,,,,,,,ohlcv_backfill,minute,0.0001510389824172132,0.0001511371353452486,0.00015094024477499377,0.00015110293136197015,19.127584648646895,/home/runner/work/Solana-Memecoin-Analysis/Solana-Memecoin-Analysis/data/cache/2026-09-23/064854691075_ohlcv_be1a013ce267.json
2026-09-20T22:15:00+00:00,HCAZia1gVGy1hrfWR2FyLAXZFzC1REfDcPwC2MHao5rm,solana,PumpSwap,,,,,2026-08-04T01:28:30Z,0.0001510389824172132,,,,,,,,,,,,,,,,,,,ohlcv_backfill,minute,0.00014900966379634726,0.0001510389824172132,0.00014885823773105807,0.0001510389824172132,41.671016159654776,/home/runner/work/Solana-Memecoin-Analysis/Solana-Memecoin-Analysis/data/cache/2026-09-23/064854691075_ohlcv_be1a013ce267.json
2026-09-20T22:10:00+00:00,HCAZia1gVGy1hrfWR2FyLAXZFzC1REfDcPwC2MHao5rm,solana,PumpSwap,,,,,2026-08-04T01:28:30Z,0.00014900966379634726,,,,,,,,,,,,,,,,,,,ohlcv_backfill,minute,0.00015037298406455919,0.00015037298406455919,0.00014900966379634726,0.00014900966379634726,13.222873629315757,/home/runner/work/Solana-Memecoin-Analysis/Solana-Memecoin-Analysis/data/cache/2026-09-23/064854691075_ohlcv_be1a013ce267.json
2026-09-20T22:00:00+00:00,HCAZia1gVGy1hrfWR2FyLAXZFzC1REfDcPwC2MHao5rm,solana,PumpSwap,,,,,2026-08-04T01:28:30Z,0.00015037298406455919,,,,,,,,,,,,,,,,,,,ohlcv_backfill,minute,0.00015037698686058755,0.0001504250780689819,0.00015024477449479494,0.00015037298406455919,13.338059876792164,/home/runner/work/Solana-Memecoin-Analysis/Solana-Memecoin-Analysis/data/cache/2026-09-23/064854691075_ohlcv_be1a013ce267.json
2026-09-20T21:50:00+00:00,HCAZia1gVGy1hrfWR2FyLAXZFzC1REfDcPwC2MHao5rm,solana,PumpSwap,,,,,2026-08-04T01:28:30Z,0.00015037698686058755,,,,,,,,,,,,,,,,,,,ohlcv_backfill,minute,0.0001480512946009927,0.00015048345602545872,0.0001480512946009927,0.00015037698686058755,43.287313174468764,/home/runner/work/Solana-Memecoin-Analysis/Solana-Memecoin-Analysis/data/cache/2026-09-23/064854691075_ohlcv_be1a013ce267.json
2026-09-20T21:45:00+00:00,HCAZia1gVGy1hrfWR2FyLAXZFzC1REfDcPwC2MHao5rm,solana,PumpSwap,,,,,2026-08-04T01:28:30Z,0.0001480512946009927,,,,,,,,,,,,,,,,,,,ohlcv_backfill,minute,0.00014836960521603053,0.00014836960521603053,0.0001480512946009927,0.0001480512946009927,12.379177679275584,/home/runner/work/Solana-Memecoin-Analysis/Solana-Memecoin-Analysis/data/cache/2026-09-23/064854691075_ohlcv_be1a013ce267.json
2026-09-20T21:35:00+00:00,HCAZia1gVGy1hrfWR2FyLAXZFzC1REfDcPwC2MHao5rm,solana,PumpSwap,,,,,2026-08-04T01:28:30Z,0.00014836960521603053,,,,,,,,,,,,,,,,,,,ohlcv_backfill,minute,0.00014832590074837694,0.00015045839896231123,0.00014832590074837694,0.00014836960521603053,11.789188758247338,/home/runner/work/Solana-Memecoin-Analysis/Solana-Memecoin-Analysis/data/cache/2026-09-23/064854691075_ohlcv_be1a013ce267.json
2026-09-20T21:25:00+00:00,HCAZia1gVGy1hrfWR2FyLAXZFzC1REfDcPwC2MHao5rm,solana,PumpSwap,,,,,2026-08-04T01:28:30Z,0.00014832590074837694,,,,,,,,,,,,,,,,,,,ohlcv_backfill,minute,0.00014832600094899905,0.00015052131165870582,0.00014832590074837694,0.00014832590074837694,45.20925775235456,/home/runner/work/Solana-Memecoin-Analysis/Solana-Memecoin-Analysis/data/cache/2026-09-23/064854691075_ohlcv_be1a013ce267.json
2026-09-20T21:15:00+00:00,HCAZia1gVGy1hrfWR2FyLAXZFzC1REfDcPwC2MHao5rm,solana,PumpSwap,,,,,2026-08-04T01:28:30Z,0.00014832600094899905,,,,,,,,,,,,,,,,,,,ohlcv_backfill,minute,0.00014989197827062776,0.00014989197827062776,0.00014832600094899905,0.00014832600094899905,10.372538530076605,/home/runner/work/Solana-Memecoin-Analysis/Solana-Memecoin-Analysis/data/cache/2026-09-23/064854691075_ohlcv_be1a013ce267.json
2026-09-20T21:10:00+00:00,HCAZia1gVGy1hrfWR2FyLAXZFzC1REfDcPwC2MHao5rm,solana,PumpSwap,,,,,2026-08-04T01:28:30Z,0.00014989197827062776,,,,,,,,,,,,,,,,,,,ohlcv_backfill,minute,0.00015010374086719632,0.00015010374086719632,0.00014989197827062776,0.00014989197827062776,8.932728962850655,/home/runner/work/Solana-Memecoin-Analysis/Solana-Memecoin-Analysis/data/cache/2026-09-23/064854691075_ohlcv_be1a013ce267.json
2026-09-20T21:00:00+00:00,HCAZia1gVGy1hrfWR2FyLAXZFzC1REfDcPwC2MHao5rm,solana,PumpSwap,,,,,2026-08-04T01:28:30Z,0.00015010374086719632,,,,,,,,,,,,,,,,,,,ohlcv_backfill,minute,0.00015056487026320121,0.00015056487026320121,0.00014806586056015052,0.00015010374086719632,46.98237426456364,/home/runner/work/Solana-Memecoin-Analysis/Solana-Memecoin-Analysis/data/cache/2026-09-23/064854691075_ohlcv_be1a013ce267.json
2026-09-20T20:55:00+00:00,HCAZia1gVGy1hrfWR2FyLAXZFzC1REfDcPwC2MHao5rm,solana,PumpSwap,,,,,2026-08-04T01:28:30Z,0.00015056487026320121,,,,,,,,,,,,,,,,,,,ohlcv_backfill,minute,0.00014849017662652475,0.00015056487026320121,0.00014824614791780625,0.00015056487026320121,54.614531498654124,/home/runner/work/Solana-Memecoin-Analysis/Solana-Memecoin-Analysis/data/cache/2026-09-23/064854691075_ohlcv_be1a013ce267.json
2026-09-20T20:50:00+00:00,HCAZia1gVGy1hrfWR2FyLAXZFzC1REfDcPwC2MHao5rm,solana,PumpSwap,,,,,2026-08-04T01:28:30Z,0.00014849017662652475,,,,,,,,,,,,,,,,,,,ohlcv_backfill,minute,0.00015119090661878717,0.00015119090661878717,0.00014849017662652475,0.00014849017662652475,45.09562410412621,/home/runner/work/Solana-Memecoin-Analysis/Solana-Memecoin-Analysis/data/cache/2026-09-23/064854691075_ohlcv_be1a013ce267.json
2026-09-20T20:45:00+00:00,HCAZia1gVGy1hrfWR2FyLAXZFzC1REfDcPwC2MHao5rm,solana,PumpSwap,,,,,2026-08-04T01:28:30Z,0.00015119090661878717,,,,,,,,,,,,,,,,,,,ohlcv_backfill,minute,0.00015111611681729766,0.00015119090661878717,0.00015101425789546124,0.00015119090661878717,7.077528580042957,/home/runner/work/Solana-Memecoin-Analysis/Solana-Memecoin-Analysis/data/cache/2026-09-23/064854691075_ohlcv_be1a013ce267.json
2026-09-20T20:40:00+00:00,HCAZia1gVGy1hrfWR2FyLAXZFzC1REfDcPwC2MHao5rm,solana,PumpSwap,,,,,2026-08-04T01:28:30Z,0.00015111611681729766,,,,,,,,,,,,,,,,,,,ohlcv_backfill,minute,0.00014893381397231185,0.00015111611681729766,0.00014893381397231185,0.00015111611681729766,1.3636332101597457,/home/runner/work/Solana-Memecoin-Analysis/Solana-Memecoin-Analysis/data/cache/2026-09-23/064854691075_ohlcv_be1a013ce267.json
2026-09-20T20:30:00+00:00,HCAZia1gVGy1hrfWR2FyLAXZFzC1REfDcPwC2MHao5rm,solana,PumpSwap,,,,,2026-08-04T01:28:30Z,0.00014893381397231185,,,,,,,,,,,,,,,,,,,ohlcv_backfill,minute,0.0001509594026583177,0.0001509594026583177,0.00014893381397231185,0.00014893381397231185,23.18750838845243,/home/runner/work/Solana-Memecoin-Analysis/Solana-Memecoin-Analysis/data/cache/2026-09-23/064854691075_ohlcv_be1a013ce267.json
2026-09-20T20:25:00+00:00,HCAZia1gVGy1hrfWR2FyLAXZFzC1REfDcPwC2MHao5rm,solana,PumpSwap,,,,,2026-08-04T01:28:30Z,0.0001509594026583177,,,,,,,,,,,,,,,,,,,ohlcv_backfill,minute,0.00014877295523105097,0.0001509594026583177,0.00014877295523105097,0.0001509594026583177,23.499050159705543,/home/runner/work/Solana-Memecoin-Analysis/Solana-Memecoin-Analysis/data/cache/2026-09-23/064854691075_ohlcv_be1a013ce267.json
2026-09-20T20:15:00+00:00,HCAZia1gVGy1hrfWR2FyLAXZFzC1REfDcPwC2MHao5rm,solana,PumpSwap,,,,,2026-08-04T01:28:30Z,0.00014877295523105097,,,,,,,,,,,,,,,,,,,ohlcv_backfill,minute,0.0001510651255655274,0.0001510651255655274,0.00014877295523105097,0.00014877295523105097,25.631730597786493,/home/runner/work/Solana-Memecoin-Analysis/Solana-Memecoin-Analysis/data/cache/2026-09-23/064854691075_ohlcv_be1a013ce267.json
2026-09-20T20:10:00+00:00,HCAZia1gVGy1hrfWR2FyLAXZFzC1REfDcPwC2MHao5rm,solana,PumpSwap,,,,,2026-08-04T01:28:30Z,0.0001510651255655274,,,,,,,,,,,,,,,,,,,ohlcv_backfill,minute,0.00014922586355036092,0.00015109145072360992,0.00014922586355036092,0.0001510651255655274,26.04620754859096,/home/runner/work/Solana-Memecoin-Analysis/Solana-Memecoin-Analysis/data/cache/2026-09-23/064854691075_ohlcv_be1a013ce267.json
2026-09-20T20:00:00+00:00,HCAZia1gVGy1hrfWR2FyLAXZFzC1REfDcPwC2MHao5rm,solana,PumpSwap,,,,,2026-08-04T01:28:30Z,0.00014922586355036092,,,,,,,,,,,,,,,,,,,ohlcv_backfill,minute,0.00015163754086844282,0.00015163754086844282,0.00014922586355036092,0.00014922586355036092,22.45111849812715,/home/runner/work/Solana-Memecoin-Analysis/Solana-Memecoin-Analysis/data/cache/2026-09-23/064854691075_ohlcv_be1a013ce267.json
2026-09-20T19:50:00+00:00,HCAZia1gVGy1hrfWR2FyLAXZFzC1REfDcPwC2MHao5rm,solana,PumpSwap,,,,,2026-08-04T01:28:30Z,0.00015163754086844282,,,,,,,,,,,,,,,,,,,ohlcv_backfill,minute,0.0001510650310958815,0.00015163754086844282,0.0001510650310958815,0.00015163754086844282,22.782676288968286,/home/runner/work/Solana-Memecoin-Analysis/Solana-Memecoin-Analysis/data/cache/2026-09-23/064854691075_ohlcv_be1a013ce267.json
2026-09-20T19:40:00+00:00,HCAZia1gVGy1hrfWR2FyLAXZFzC1REfDcPwC2MHao5rm,solana,PumpSwap,,,,,2026-08-04T01:28:30Z,0.0001510650310958815,,,,,,,,,,,,,,,,,,,ohlcv_backfill,minute,0.0001490288409198411,0.0001511736728110749,0.0001490206651825229,0.0001510650310958815,52.59712307231708,/home/runner/work/Solana-Memecoin-Analysis/Solana-Memecoin-Analysis/data/cache/2026-09-23/064854691075_ohlcv_be1a013ce267.json
2026-09-20T19:35:00+00:00,HCAZia1gVGy1hrfWR2FyLAXZFzC1REfDcPwC2MHao5rm,solana,PumpSwap,,,,,2026-08-04T01:28:30Z,0.0001490288409198411,,,,,,,,,,,,,,,,,,,ohlcv_backfill,minute,0.00014874227487926892,0.0001490288409198411,0.00014874227487926892,0.0001490288409198411,14.47211485371092,/home/runner/work/Solana-Memecoin-Analysis/Solana-Memecoin-Analysis/data/cache/2026-09-23/064854691075_ohlcv_be1a013ce267.json
2026-09-20T19:30:00+00:00,HCAZia1gVGy1hrfWR2FyLAXZFzC1REfDcPwC2MHao5rm,solana,PumpSwap,,,,,2026-08-04T01:28:30Z,0.00014874227487926892,,,,,,,,,,,,,,,,,,,ohlcv_backfill,minute,0.00015038198271448083,0.00015038198271448083,0.00014874227487926892,0.00014874227487926892,0.5253602116614039,/home/runner/work/Solana-Memecoin-Analysis/Solana-Memecoin-Analysis/data/cache/2026-09-23/064854691075_ohlcv_be1a013ce267.json
2026-09-20T19:25:00+00:00,HCAZia1gVGy1hrfWR2FyLAXZFzC1REfDcPwC2MHao5rm,solana,PumpSwap,,,,,2026-08-04T01:28:30Z,0.00015038198271448083,,,,,,,,,,,,,,,,,,,ohlcv_backfill,minute,0.00015047708654531217,0.00015047708654531217,0.00014815834506684707,0.00015038198271448083,9.085417410995468,/home/runner/work/Solana-Memecoin-Analysis/Solana-Memecoin-Analysis/data/cache/2026-09-23/064854691075_ohlcv_be1a013ce267.json
2026-09-20T19:20:00+00:00,HCAZia1gVGy1hrfWR2FyLAXZFzC1REfDcPwC2MHao5rm,solana,PumpSwap,,,,,2026-08-04T01:28:30Z,0.00015047708654531217,,,,,,,,,,,,,,,,,,,ohlcv_backfill,minute,0.00015052181821233014,0.00015052181821233014,0.00014835318381913623,0.00015047708654531217,5.4884749801549555,/home/runner/work/Solana-Memecoin-Analysis/Solana-Memecoin-Analysis/data/cache/2026-09-23/064854691075_ohlcv_be1a013ce267.json
2026-09-20T19:15:00+00:00,HCAZia1gVGy1hrfWR2FyLAXZFzC1REfDcPwC2MHao5rm,solana,PumpSwap,,,,,2026-08-04T01:28:30Z,0.00015052181821233014,,,,,,,,,,,,,,,,,,,ohlcv_backfill,minute,0.0001503554698782865,0.00015052181821233014,0.0001503554698782865,0.00015052181821233014,0.044054468512597464,/home/runner/work/Solana-Memecoin-Analysis/Solana-Memecoin-Analysis/data/cache/2026-09-23/064854691075_ohlcv_be1a013ce267.json
2026-09-20T19:10:00+00:00,HCAZia1gVGy1hrfWR2FyLAXZFzC1REfDcPwC2MHao5rm,solana,PumpSwap,,,,,2026-08-04T01:28:30Z,0.0001503554698782865,,,,,,,,,,,,,,,,,,,ohlcv_backfill,minute,0.00014807358390451743,0.0001503554698782865,0.00014807358390451743,0.0001503554698782865,4.813584174592074,/home/runner/work/Solana-Memecoin-Analysis/Solana-Memecoin-Analysis/data/cache/2026-09-23/064854691075_ohlcv_be1a013ce267.json
2026-09-20T19:05:00+00:00,HCAZia1gVGy1hrfWR2FyLAXZFzC1REfDcPwC2MHao5rm,solana,PumpSwap,,,,,2026-08-04T01:28:30Z,0.00014807358390451743,,,,,,,,,,,,,,,,,,,ohlcv_backfill,minute,0.00014779925790701643,0.00014807358390451743,0.00014779925790701643,0.00014807358390451743,0.13181288254767493,/home/runner/work/Solana-Memecoin-Analysis/Solana-Memecoin-Analysis/data/cache/2026-09-23/064854691075_ohlcv_be1a013ce267.json
2026-09-20T19:00:00+00:00,HCAZia1gVGy1hrfWR2FyLAXZFzC1REfDcPwC2MHao5rm,solana,PumpSwap,,,,,2026-08-04T01:28:30Z,0.00014779925790701643,,,,,,,,,,,,,,,,,,,ohlcv_backfill,minute,0.0001497921276920417,0.0001497921276920417,0.00014772268312437145,0.00014779925790701643,23.631664655667386,/home/runner/work/Solana-Memecoin-Analysis/Solana-Memecoin-Analysis/data/cache/2026-09-23/064854691075_ohlcv_be1a013ce267.json
2026-09-20T18:50:00+00:00,HCAZia1gVGy1hrfWR2FyLAXZFzC1REfDcPwC2MHao5rm,solana,PumpSwap,,,,,2026-08-04T01:28:30Z,0.0001497921276920417,,,,,,,,,,,,,,,,,,,ohlcv_backfill,minute,0.00014844171626265227,0.0001497921276920417,0.00014844171626265227,0.0001497921276920417,23.250303588002474,/home/runner/work/Solana-Memecoin-Analysis/Solana-Memecoin-Analysis/data/cache/2026-09-23/064854691075_ohlcv_be1a013ce267.json
2026-09-20T18:45:00+00:00,HCAZia1gVGy1hrfWR2FyLAXZFzC1REfDcPwC2MHao5rm,solana,PumpSwap,,,,,2026-08-04T01:28:30Z,0.00014844171626265227,,,,,,,,,,,,,,,,,,,ohlcv_backfill,minute,0.00014827916978853788,0.00014844171626265227,0.00014827916978853788,0.00014844171626265227,21.524579138208882,/home/runner/work/Solana-Memecoin-Analysis/Solana-Memecoin-Analysis/data/cache/2026-09-23/064854691075_ohlcv_be1a013ce267.json
2026-09-20T18:35:00+00:00,HCAZia1gVGy1hrfWR2FyLAXZFzC1REfDcPwC2MHao5rm,solana,PumpSwap,,,,,2026-08-04T01:28:30Z,0.00014827916978853788,,,,,,,,,,,,,,,,,,,ohlcv_backfill,minute,0.0001488035307333504,0.00015074628070129158,0.00014827916978853788,0.00014827916978853788,21.855884079719928,/home/runner/work/Solana-Memecoin-Analysis/Solana-Memecoin-Analysis/data/cache/2026-09-23/064854691075_ohlcv_be1a013ce267.json
2026-09-20T18:25:00+00:00,HCAZia1gVGy1hrfWR2FyLAXZFzC1REfDcPwC2MHao5rm,solana,PumpSwap,,,,,2026-08-04T01:28:30Z,0.0001488035307333504,,,,,,,,,,,,,,,,,,,ohlcv_backfill,minute,0.00015080579437287074,0.00015080579437287074,0.0001488035307333504,0.0001488035307333504,5.615972583481417,/home/runner/work/Solana-Memecoin-Analysis/Solana-Memecoin-Analysis/data/cache/2026-09-23/064854691075_ohlcv_be1a013ce267.json
2026-09-20T18:20:00+00:00,HCAZia1gVGy1hrfWR2FyLAXZFzC1REfDcPwC2MHao5rm,solana,PumpSwap,,,,,2026-08-04T01:28:30Z,0.00015080579437287074,,,,,,,,,,,,,,,,,,,ohlcv_backfill,minute,0.0001483683195093357,0.0001508614602462016,0.0001483683195093357,0.00015080579437287074,5.396084232142806,/home/runner/work/Solana-Memecoin-Analysis/Solana-Memecoin-Analysis/data/cache/2026-09-23/064854691075_ohlcv_be1a013ce267.json
2026-09-20T18:15:00+00:00,HCAZia1gVGy1hrfWR2FyLAXZFzC1REfDcPwC2MHao5rm,solana,PumpSwap,,,,,2026-08-04T01:28:30Z,0.0001483683195093357,,,,,,,,,,,,,,,,,,,ohlcv_backfill,minute,0.00015040033775463597,0.00015040033775463597,0.0001483683195093357,0.0001483683195093357,0.2718702623784857,/home/runner/work/Solana-Memecoin-Analysis/Solana-Memecoin-Analysis/data/cache/2026-09-23/064854691075_ohlcv_be1a013ce267.json
2026-09-20T18:10:00+00:00,HCAZia1gVGy1hrfWR2FyLAXZFzC1REfDcPwC2MHao5rm,solana,PumpSwap,,,,,2026-08-04T01:28:30Z,0.00015040033775463597,,,,,,,,,,,,,,,,,,,ohlcv_backfill,minute,0.00015032122798821408,0.00015052826610032963,0.0001481835197935743,0.00015040033775463597,59.239147104857295,/home/runner/work/Solana-Memecoin-Analysis/Solana-Memecoin-Analysis/data/cache/2026-09-23/064854691075_ohlcv_be1a013ce267.json
2026-09-20T18:05:00+00:00,HCAZia1gVGy1hrfWR2FyLAXZFzC1REfDcPwC2MHao5rm,solana,PumpSwap,,,,,2026-08-04T01:28:30Z,0.00015032122798821408,,,,,,,,,,,,,,,,,,,ohlcv_backfill,minute,0.0001482483898461766,0.00015032541123438978,0.0001481060923689327,0.00015032122798821408,59.87929548357736,/home/runner/work/Solana-Memecoin-Analysis/Solana-Memecoin-Analysis/data/cache/2026-09-23/064854691075_ohlcv_be1a013ce267.json
2026-09-20T18:00:00+00:00,HCAZia1gVGy1hrfWR2FyLAXZFzC1REfDcPwC2MHao5rm,solana,PumpSwap,,,,,2026-08-04T01:28:30Z,0.0001482483898461766,,,,,,,,,,,,,,,,,,,ohlcv_backfill,minute,0.00014826580835632832,0.00014826580835632832,0.0001482483898461766,0.0001482483898461766,0.6687347058705276,/home/runner/work/Solana-Memecoin-Analysis/Solana-Memecoin-Analysis/data/cache/2026-09-23/064854691075_ohlcv_be1a013ce267.json
2026-09-20T17:55:00+00:00,HCAZia1gVGy1hrfWR2FyLAXZFzC1REfDcPwC2MHao5rm,solana,PumpSwap,,,,,2026-08-04T01:28:30Z,0.00014826580835632832,,,,,,,,,,,,,,,,,,,ohlcv_backfill,minute,0.00015107396243694367,0.00015107396243694367,0.00014826580835632832,0.00014826580835632832,28.999073612809955,/home/runner/work/Solana-Memecoin-Analysis/Solana-Memecoin-Analysis/data/cache/2026-09-23/064854691075_ohlcv_be1a013ce267.json
2026-09-20T17:45:00+00:00,HCAZia1gVGy1hrfWR2FyLAXZFzC1REfDcPwC2MHao5rm,solana,PumpSwap,,,,,2026-08-04T01:28:30Z,0.00015107396243694367,,,,,,,,,,,,,,,,,,,ohlcv_backfill,minute,0.00014885074963936394,0.00015108573583217898,0.00014885074963936394,0.00015107396243694367,29.534598481370345,/home/runner/work/Solana-Memecoin-Analysis/Solana-Memecoin-Analysis/data/cache/2026-09-23/064854691075_ohlcv_be1a013ce267.json
2026-09-20T17:40:00+00:00,HCAZia1gVGy1hrfWR2FyLAXZFzC1REfDcPwC2MHao5rm,solana,PumpSwap,,,,,2026-08-04T01:28:30Z,0.00014885074963936394,,,,,,,,,,,,,,,,,,,ohlcv_backfill,minute,0.00014838251723301335,0.00014885074963936394,0.00014838251723301335,0.00014885074963936394,0.6664028950406578,/home/runner/work/Solana-Memecoin-Analysis/Solana-Memecoin-Analysis/data/cache/2026-09-23/064854691075_ohlcv_be1a013ce267.json
2026-09-20T17:35:00+00:00,HCAZia1gVGy1hrfWR2FyLAXZFzC1REfDcPwC2MHao5rm,solana,PumpSwap,,,,,2026-08-04T01:28:30Z,0.00014838251723301335,,,,,,,,,,,,,,,,,,,ohlcv_backfill,minute,0.00015011466145772498,0.00015011466145772498,0.00014838251723301335,0.00014838251723301335,28.989232710538058,/home/runner/work/Solana-Memecoin-Analysis/Solana-Memecoin-Analysis/data/cache/2026-09-23/064854691075_ohlcv_be1a013ce267.json
2026-09-20T17:25:00+00:00,HCAZia1gVGy1hrfWR2FyLAXZFzC1REfDcPwC2MHao5rm,solana,PumpSwap,,,,,2026-08-04T01:28:30Z,0.00015011466145772498,,,,,,,,,,,,,,,,,,,ohlcv_backfill,minute,0.00015028879903312154,0.00015052249130530134,0.00015011466145772498,0.00015011466145772498,29.41309794875542,/home/runner/work/Solana-Memecoin-Analysis/Solana-Memecoin-Analysis/data/cache/2026-09-23/064854691075_ohlcv_be1a013ce267.json
2026-09-20T17:20:00+00:00,HCAZia1gVGy1hrfWR2FyLAXZFzC1REfDcPwC2MHao5rm,solana,PumpSwap,,,,,2026-08-04T01:28:30Z,0.00015028879903312154,,,,,,,,,,,,,,,,,,,ohlcv_backfill,minute,0.00015045317507645834,0.00015045317507645834,0.00015028879903312154,0.00015028879903312154,0.13167325590045206,/home/runner/work/Solana-Memecoin-Analysis/Solana-Memecoin-Analysis/data/cache/2026-09-23/064854691075_ohlcv_be1a013ce267.json
2026-09-20T17:15:00+00:00,HCAZia1gVGy1hrfWR2FyLAXZFzC1REfDcPwC2MHao5rm,solana,PumpSwap,,,,,2026-08-04T01:28:30Z,0.00015045317507645834,,,,,,,,,,,,,,,,,,,ohlcv_backfill,minute,0.00014818532457949195,0.00015052445426844068,0.00014818532457949195,0.00015045317507645834,64.75252738824929,/home/runner/work/Solana-Memecoin-Analysis/Solana-Memecoin-Analysis/data/cache/2026-09-23/064854691075_ohlcv_be1a013ce267.json
2026-09-20T17:05:00+00:00,HCAZia1gVGy1hrfWR2FyLAXZFzC1REfDcPwC2MHao5rm,solana,PumpSwap,,,,,2026-08-04T01:28:30Z,0.00014818532457949195,,,,,,,,,,,,,,,,,,,ohlcv_backfill,minute,0.00014872130568040464,0.00015103081495318875,0.00014818532457949195,0.00014818532457949195,66.59076177834156,/home/runner/work/Solana-Memecoin-Analysis/Solana-Memecoin-Analysis/data/cache/2026-09-23/064854691075_ohlcv_be1a013ce267.json
2026-09-20T17:00:00+00:00,HCAZia1gVGy1hrfWR2FyLAXZFzC1REfDcPwC2MHao5rm,solana,PumpSwap,,,,,2026-08-04T01:28:30Z,0.00014872130568040464,,,,,,,,,,,,,,,,,,,ohlcv_backfill,minute,0.0001508397248578576,0.0001508397248578576,0.00014872130568040464,0.00014872130568040464,35.32622745767617,/home/runner/work/Solana-Memecoin-Analysis/Solana-Memecoin-Analysis/data/cache/2026-09-23/064854691075_ohlcv_be1a013ce267.json
2026-09-20T16:50:00+00:00,HCAZia1gVGy1hrfWR2FyLAXZFzC1REfDcPwC2MHao5rm,solana,PumpSwap,,,,,2026-08-04T01:28:30Z,0.0001508397248578576,,,,,,,,,,,,,,,,,,,ohlcv_backfill,minute,0.00014889067166046275,0.0001508397248578576,0.00014889067166046275,0.0001508397248578576,35.82942205626465,/home/runner/work/Solana-Memecoin-Analysis/Solana-Memecoin-Analysis/data/cache/2026-09-23/064854691075_ohlcv_be1a013ce267.json
2026-09-20T16:45:00+00:00,HCAZia1gVGy1hrfWR2FyLAXZFzC1REfDcPwC2MHao5rm,solana,PumpSwap,,,,,2026-08-04T01:28:30Z,0.00014889067166046275,,,,,,,,,,,,,,,,,,,ohlcv_backfill,minute,0.00015157757585388906,0.00015157757585388906,0.00014889067166046275,0.00014889067166046275,35.17713575234965,/home/runner/work/Solana-Memecoin-Analysis/Solana-Memecoin-Analysis/data/cache/2026-09-23/064854691075_ohlcv_be1a013ce267.json
2026-09-20T16:35:00+00:00,HCAZia1gVGy1hrfWR2FyLAXZFzC1REfDcPwC2MHao5rm,solana,PumpSwap,,,,,2026-08-04T01:28:30Z,0.00015157757585388906,,,,,,,,,,,,,,,,,,,ohlcv_backfill,minute,0.00014851848383097958,0.00015157757585388906,0.00014851848383097958,0.00015157757585388906,36.775593662205964,/home/runner/work/Solana-Memecoin-Analysis/Solana-Memecoin-Analysis/data/cache/2026-09-23/064854691075_ohlcv_be1a013ce267.json
2026-09-20T16:30:00+00:00,HCAZia1gVGy1hrfWR2FyLAXZFzC1REfDcPwC2MHao5rm,solana,PumpSwap,,,,,2026-08-04T01:28:30Z,0.00014851848383097958,,,,,,,,,,,,,,,,,,,ohlcv_backfill,minute,0.00014928790013151266,0.00014928790013151266,0.00014765117081454193,0.00014851848383097958,37.64756840653655,/home/runner/work/Solana-Memecoin-Analysis/Solana-Memecoin-Analysis/data/cache/2026-09-23/064854691075_ohlcv_be1a013ce267.json
2026-09-20T16:20:00+00:00,HCAZia1gVGy1hrfWR2FyLAXZFzC1REfDcPwC2MHao5rm,solana,PumpSwap,,,,,2026-08-04T01:28:30Z,0.00014928790013151266,,,,,,,,,,,,,,,,,,,ohlcv_backfill,minute,0.00014718374467317453,0.00014928790013151266,0.00014718374467317453,0.00014928790013151266,36.44780528348509,/home/runner/work/Solana-Memecoin-Analysis/Solana-Memecoin-Analysis/data/cache/2026-09-23/064854691075_ohlcv_be1a013ce267.json
2026-09-20T16:10:00+00:00,HCAZia1gVGy1hrfWR2FyLAXZFzC1REfDcPwC2MHao5rm,solana,PumpSwap,,,,,2026-08-04T01:28:30Z,0.00014718374467317453,,,,,,,,,,,,,,,,,,,ohlcv_backfill,minute,0.00014710903025507034,0.00014718374467317453,0.00014710903025507034,0.00014718374467317453,34.44852731898985,/home/runner/work/Solana-Memecoin-Analysis/Solana-Memecoin-Analysis/data/cache/2026-09-23/064854691075_ohlcv_be1a013ce267.json
2026-09-20T16:05:00+00:00,HCAZia1gVGy1hrfWR2FyLAXZFzC1REfDcPwC2MHao5rm,solana,PumpSwap,,,,,2026-08-04T01:28:30Z,0.00014710903025507034,,,,,,,,,,,,,,,,,,,ohlcv_backfill,minute,0.0001489092727356574,0.00014925058470568586,0.00014710903025507034,0.00014710903025507034,47.11123697232774,/home/runner/work/Solana-Memecoin-Analysis/Solana-Memecoin-Analysis/data/cache/2026-09-23/064854691075_ohlcv_be1a013ce267.json
2026-09-20T15:55:00+00:00,HCAZia1gVGy1hrfWR2FyLAXZFzC1REfDcPwC2MHao5rm,solana,PumpSwap,,,,,2026-08-04T01:28:30Z,0.0001489092727356574,,,,,,,,,,,,,,,,,,,ohlcv_backfill,minute,0.00014673986526965202,0.00014911033985654329,0.00014673986526965202,0.0001489092727356574,71.87896230997589,/home/runner/work/Solana-Memecoin-Analysis/Solana-Memecoin-Analysis/data/cache/2026-09-23/064854691075_ohlcv_be1a013ce267.json
2026-09-20T15:50:00+00:00,HCAZia1gVGy1hrfWR2FyLAXZFzC1REfDcPwC2MHao5rm,solana,PumpSwap,,,,,2026-08-04T01:28:30Z,0.00014673986526965202,,,,,,,,,,,,,,,,,,,ohlcv_backfill,minute,0.00014658265268017843,0.00014881989378213558,0.00014658265268017843,0.00014673986526965202,73.26702844863331,/home/runner/work/Solana-Memecoin-Analysis/Solana-Memecoin-Analysis/data/cache/2026-09-23/064854691075_ohlcv_be1a013ce267.json
2026-09-20T15:40:00+00:00,HCAZia1gVGy1hrfWR2FyLAXZFzC1REfDcPwC2MHao5rm,solana,PumpSwap,,,,,2026-08-04T01:28:30Z,0.00014658265268017843,,,,,,,,,,,,,,,,,,,ohlcv_backfill,minute,0.00014937370629976925,0.00014937370629976925,0.00014658265268017843,0.00014658265268017843,127.28295693280567,/home/runner/work/Solana-Memecoin-Analysis/Solana-Memecoin-Analysis/data/cache/2026-09-23/064854691075_ohlcv_be1a013ce267.json
2026-09-20T15:35:00+00:00,HCAZia1gVGy1hrfWR2FyLAXZFzC1REfDcPwC2MHao5rm,solana,PumpSwap,,,,,2026-08-04T01:28:30Z,0.00014937370629976925,,,,,,,,,,,,,,,,,,,ohlcv_backfill,minute,0.00014912455438577878,0.00014937370629976925,0.00014912455438577878,0.00014937370629976925,19.492214089142447,/home/runner/work/Solana-Memecoin-Analysis/Solana-Memecoin-Analysis/data/cache/2026-09-23/064854691075_ohlcv_be1a013ce267.json
2026-09-20T15:30:00+00:00,HCAZia1gVGy1hrfWR2FyLAXZFzC1REfDcPwC2MHao5rm,solana,PumpSwap,,,,,2026-08-04T01:28:30Z,0.00014912455438577878,,,,,,,,,,,,,,,,,,,ohlcv_backfill,minute,0.00014934420853370616,0.00014934420853370616,0.0001489567954055361,0.00014912455438577878,14.794106513642399,/home/runner/work/Solana-Memecoin-Analysis/Solana-Memecoin-Analysis/data/cache/2026-09-23/064854691075_ohlcv_be1a013ce267.json
2026-09-20T15:25:00+00:00,HCAZia1gVGy1hrfWR2FyLAXZFzC1REfDcPwC2MHao5rm,solana,PumpSwap,,,,,2026-08-04T01:28:30Z,0.00014934420853370616,,,,,,,,,,,,,,,,,,,ohlcv_backfill,minute,0.00014714132841221278,0.0001495144421738496,0.00014714132841221278,0.00014934420853370616,76.52320555220027,/home/runner/work/Solana-Memecoin-Analysis/Solana-Memecoin-Analysis/data/cache/2026-09-23/064854691075_ohlcv_be1a013ce267.json
2026-09-20T15:20:00+00:00,HCAZia1gVGy1hrfWR2FyLAXZFzC1REfDcPwC2MHao5rm,solana,PumpSwap,,,,,2026-08-04T01:28:30Z,0.00014714132841221278,,,,,,,,,,,,,,,,,,,ohlcv_backfill,minute,0.0001493317201893566,0.0001493317201893566,0.00014714132841221278,0.00014714132841221278,51.91986339326385,/home/runner/work/Solana-Memecoin-Analysis/Solana-Memecoin-Analysis/data/cache/2026-09-23/064854691075_ohlcv_be1a013ce267.json
2026-09-20T15:10:00+00:00,HCAZia1gVGy1hrfWR2FyLAXZFzC1REfDcPwC2MHao5rm,solana,PumpSwap,,,,,2026-08-04T01:28:30Z,0.0001493317201893566,,,,,,,,,,,,,,,,,,,ohlcv_backfill,minute,0.00014958754022398533,0.00014958754022398533,0.0001493317201893566,0.0001493317201893566,38.538608623306,/home/runner/work/Solana-Memecoin-Analysis/Solana-Memecoin-Analysis/data/cache/2026-09-23/064854691075_ohlcv_be1a013ce267.json
2026-09-20T15:05:00+00:00,HCAZia1gVGy1hrfWR2FyLAXZFzC1REfDcPwC2MHao5rm,solana,PumpSwap,,,,,2026-08-04T01:28:30Z,0.00014958754022398533,,,,,,,,,,,,,,,,,,,ohlcv_backfill,minute,0.0001471251672524013,0.00014976570280936198,0.0001471251672524013,0.00014958754022398533,80.06246706248965,/home/runner/work/Solana-Memecoin-Analysis/Solana-Memecoin-Analysis/data/cache/2026-09-23/064854691075_ohlcv_be1a013ce267.json
2026-09-20T15:00:00+00:00,HCAZia1gVGy1hrfWR2FyLAXZFzC1REfDcPwC2MHao5rm,solana,PumpSwap,,,,,2026-08-04T01:28:30Z,0.0001471251672524013,,,,,,,,,,,,,,,,,,,ohlcv_backfill,minute,0.00014957341072438878,0.00014957341072438878,0.0001471251672524013,0.0001471251672524013,32.45713040632312,/home/runner/work/Solana-Memecoin-Analysis/Solana-Memecoin-Analysis/data/cache/2026-09-23/064854691075_ohlcv_be1a013ce267.json
2026-09-20T14:45:00+00:00,HCAZia1gVGy1hrfWR2FyLAXZFzC1REfDcPwC2MHao5rm,solana,PumpSwap,,,,,2026-08-04T01:28:30Z,0.00014957341072438878,,,,,,,,,,,,,,,,,,,ohlcv_backfill,minute,0.00014949761367418976,0.00014963022000188288,0.00014732424919596486,0.00014957341072438878,34.562358397285415,/home/runner/work/Solana-Memecoin-Analysis/Solana-Memecoin-Analysis/data/cache/2026-09-23/064854691075_ohlcv_be1a013ce267.json
2026-09-20T14:40:00+00:00,HCAZia1gVGy1hrfWR2FyLAXZFzC1REfDcPwC2MHao5rm,solana,PumpSwap,,,,,2026-08-04T01:28:30Z,0.00014949761367418976,,,,,,,,,,,,,,,,,,,ohlcv_backfill,minute,0.00014936656768032476,0.00014974790577936773,0.00014752919124506859,0.00014949761367418976,83.21699526021982,/home/runner/work/Solana-Memecoin-Analysis/Solana-Memecoin-Analysis/data/cache/2026-09-23/064854691075_ohlcv_be1a013ce267.json
2026-09-20T14:30:00+00:00,HCAZia1gVGy1hrfWR2FyLAXZFzC1REfDcPwC2MHao5rm,solana,PumpSwap,,,,,2026-08-04T01:28:30Z,0.00014936656768032476,,,,,,,,,,,,,,,,,,,ohlcv_backfill,minute,0.00014947477203902356,0.00014947477203902356,0.00014722531794092927,0.00014936656768032476,44.31990168012464,/home/runner/work/Solana-Memecoin-Analysis/Solana-Memecoin-Analysis/data/cache/2026-09-23/064854691075_ohlcv_be1a013ce267.json
2026-09-20T14:20:00+00:00,HCAZia1gVGy1hrfWR2FyLAXZFzC1REfDcPwC2MHao5rm,solana,PumpSwap,,,,,2026-08-04T01:28:30Z,0.00014947477203902356,,,,,,,,,,,,,,,,,,,ohlcv_backfill,minute,0.00014945176480161583,0.00014947477203902356,0.00014916501984300212,0.00014947477203902356,44.257454083461155,/home/runner/work/Solana-Memecoin-Analysis/Solana-Memecoin-Analysis/data/cache/2026-09-23/064854691075_ohlcv_be1a013ce267.json
2026-09-20T14:15:00+00:00,HCAZia1gVGy1hrfWR2FyLAXZFzC1REfDcPwC2MHao5rm,solana,PumpSwap,,,,,2026-08-04T01:28:30Z,0.00014945176480161583,,,,,,,,,,,,,,,,,,,ohlcv_backfill,minute,0.0001473408264257359,0.00014949700672034415,0.0001472357189493481,0.00014945176480161583,88.21809612624476,/home/runner/work/Solana-Memecoin-Analysis/Solana-Memecoin-Analysis/data/cache/2026-09-23/064854691075_ohlcv_be1a013ce267.json
2026-09-20T14:05:00+00:00,HCAZia1gVGy1hrfWR2FyLAXZFzC1REfDcPwC2MHao5rm,solana,PumpSwap,,,,,2026-08-04T01:28:30Z,0.0001473408264257359,,,,,,,,,,,,,,,,,,,ohlcv_backfill,minute,0.00014799992179603596,0.00014799992179603596,0.0001473408264257359,0.0001473408264257359,38.92917328677393,/home/runner/work/Solana-Memecoin-Analysis/Solana-Memecoin-Analysis/data/cache/2026-09-23/064854691075_ohlcv_be1a013ce267.json
2026-09-20T14:00:00+00:00,HCAZia1gVGy1hrfWR2FyLAXZFzC1REfDcPwC2MHao5rm,solana,PumpSwap,,,,,2026-08-04T01:28:30Z,0.00014799992179603596,,,,,,,,,,,,,,,,,,,ohlcv_backfill,minute,0.00014738498781986917,0.00014971530149199245,0.00014738498781986917,0.00014799992179603596,43.35246368243006,/home/runner/work/Solana-Memecoin-Analysis/Solana-Memecoin-Analysis/data/cache/2026-09-23/064854691075_ohlcv_be1a013ce267.json
2026-09-20T13:55:00+00:00,HCAZia1gVGy1hrfWR2FyLAXZFzC1REfDcPwC2MHao5rm,solana,PumpSwap,,,,,2026-08-04T01:28:30Z,0.00014738498781986917,,,,,,,,,,,,,,,,,,,ohlcv_backfill,minute,0.00014924674539512785,0.00014965339812289717,0.00014738498781986917,0.00014738498781986917,90.31085712266118,/home/runner/work/Solana-Memecoin-Analysis/Solana-Memecoin-Analysis/data/cache/2026-09-23/064854691075_ohlcv_be1a013ce267.json
2026-09-20T13:45:00+00:00,HCAZia1gVGy1hrfWR2FyLAXZFzC1REfDcPwC2MHao5rm,solana,PumpSwap,,,,,2026-08-04T01:28:30Z,0.00014924674539512785,,,,,,,,,,,,,,,,,,,ohlcv_backfill,minute,0.00014725637395818643,0.00014933721513263803,0.00014709778534426006,0.00014924674539512785,101.76702789411979,/home/runner/work/Solana-Memecoin-Analysis/Solana-Memecoin-Analysis/data/cache/2026-09-23/064854691075_ohlcv_be1a013ce267.json
2026-09-20T13:40:00+00:00,HCAZia1gVGy1hrfWR2FyLAXZFzC1REfDcPwC2MHao5rm,solana,PumpSwap,,,,,2026-08-04T01:28:30Z,0.00014725637395818643,,,,,,,,,,,,,,,,,,,ohlcv_backfill,minute,0.00014951140266799523,0.00014951872087364554,0.00014725637395818643,0.00014725637395818643,48.53141873043656,/home/runner/work/Solana-Memecoin-Analysis/Solana-Memecoin-Analysis/data/cache/2026-09-23/064854691075_ohlcv_be1a013ce267.json
2026-09-20T13:30:00+00:00,HCAZia1gVGy1hrfWR2FyLAXZFzC1REfDcPwC2MHao5rm,solana,PumpSwap,,,,,2026-08-04T01:28:30Z,0.00014951140266799523,,,,,,,,,,,,,,,,,,,ohlcv_backfill,minute,0.00014738541208970032,0.00014951140266799523,0.00014738541208970032,0.00014951140266799523,49.85411704422399,/home/runner/work/Solana-Memecoin-Analysis/Solana-Memecoin-Analysis/data/cache/2026-09-23/064854691075_ohlcv_be1a013ce267.json
2026-09-20T13:25:00+00:00,HCAZia1gVGy1hrfWR2FyLAXZFzC1REfDcPwC2MHao5rm,solana,PumpSwap,,,,,2026-08-04T01:28:30Z,0.00014738541208970032,,,,,,,,,,,,,,,,,,,ohlcv_backfill,minute,0.0001494125279580694,0.0001494125279580694,0.00014738541208970032,0.00014738541208970032,36.50782432776889,/home/runner/work/Solana-Memecoin-Analysis/Solana-Memecoin-Analysis/data/cache/2026-09-23/064854691075_ohlcv_be1a013ce267.json
2026-09-20T13:15:00+00:00,HCAZia1gVGy1hrfWR2FyLAXZFzC1REfDcPwC2MHao5rm,solana,PumpSwap,,,,,2026-08-04T01:28:30Z,0.0001494125279580694,,,,,,,,,,,,,,,,,,,ohlcv_backfill,minute,0.00014756716567598704,0.0001494125279580694,0.00014756716567598704,0.0001494125279580694,37.00994722422903,/home/runner/work/Solana-Memecoin-Analysis/Solana-Memecoin-Analysis/data/cache/2026-09-23/064854691075_ohlcv_be1a013ce267.json
2026-09-20T13:10:00+00:00,HCAZia1gVGy1hrfWR2FyLAXZFzC1REfDcPwC2MHao5rm,solana,PumpSwap,,,,,2026-08-04T01:28:30Z,0.00014756716567598704,,,,,,,,,,,,,,,,,,,ohlcv_backfill,minute,0.0001498857212642446,0.0001498857212642446,0.00014756716567598704,0.00014756716567598704,34.266010255002016,/home/runner/work/Solana-Memecoin-Analysis/Solana-Memecoin-Analysis/data/cache/2026-09-23/064854691075_ohlcv_be1a013ce267.json
2026-09-20T13:00:00+00:00,HCAZia1gVGy1hrfWR2FyLAXZFzC1REfDcPwC2MHao5rm,solana,PumpSwap,,,,,2026-08-04T01:28:30Z,0.0001498857212642446,,,,,,,,,,,,,,,,,,,ohlcv_backfill,minute,0.0001477402050874588,0.0001498857212642446,0.00014751005636218887,0.0001498857212642446,40.25058827701082,/home/runner/work/Solana-Memecoin-Analysis/Solana-Memecoin-Analysis/data/cache/2026-09-23/064854691075_ohlcv_be1a013ce267.json
2026-09-20T12:55:00+00:00,HCAZia1gVGy1hrfWR2FyLAXZFzC1REfDcPwC2MHao5rm,solana,PumpSwap,,,,,2026-08-04T01:28:30Z,0.0001477402050874588,,,,,,,,,,,,,,,,,,,ohlcv_backfill,minute,0.00015000924521426715,0.00015000924521426715,0.0001477402050874588,0.0001477402050874588,54.77447245995184,/home/runner/work/Solana-Memecoin-Analysis/Solana-Memecoin-Analysis/data/cache/2026-09-23/064854691075_ohlcv_be1a013ce267.json
2026-09-20T12:50:00+00:00,HCAZia1gVGy1hrfWR2FyLAXZFzC1REfDcPwC2MHao5rm,solana,PumpSwap,,,,,2026-08-04T01:28:30Z,0.00015000924521426715,,,,,,,,,,,,,,,,,,,ohlcv_backfill,minute,0.00014973986819645304,0.00015003427737107016,0.00014973986819645304,0.00015000924521426715,12.476354154713961,/home/runner/work/Solana-Memecoin-Analysis/Solana-Memecoin-Analysis/data/cache/2026-09-23/064854691075_ohlcv_be1a013ce267.json
2026-09-20T12:45:00+00:00,HCAZia1gVGy1hrfWR2FyLAXZFzC1REfDcPwC2MHao5rm,solana,PumpSwap,,,,,2026-08-04T01:28:30Z,0.00014973986819645304,,,,,,,,,,,,,,,,,,,ohlcv_backfill,minute,0.00014734856921882745,0.00014973986819645304,0.00014714491386444537,0.00014973986819645304,56.08531989947016,/home/runner/work/Solana-Memecoin-Analysis/Solana-Memecoin-Analysis/data/cache/2026-09-23/064854691075_ohlcv_be1a013ce267.json
2026-09-20T12:35:00+00:00,HCAZia1gVGy1hrfWR2FyLAXZFzC1REfDcPwC2MHao5rm,solana,PumpSwap,,,,,2026-08-04T01:28:30Z,0.00014734856921882745,,,,,,,,,,,,,,,,,,,ohlcv_backfill,minute,0.00014923884193695494,0.00014949825740537563,0.00014734856921882745,0.00014734856921882745,101.47166537020424,/home/runner/work/Solana-Memecoin-Analysis/Solana-Memecoin-Analysis/data/cache/2026-09-23/064854691075_ohlcv_be1a013ce267.json
2026-09-20T12:30:00+00:00,HCAZia1gVGy1hrfWR2FyLAXZFzC1REfDcPwC2MHao5rm,solana,PumpSwap,,,,,2026-08-04T01:28:30Z,0.00014923884193695494,,,,,,,,,,,,,,,,,,,ohlcv_backfill,minute,0.0001473393687473109,0.00014925737433772745,0.0001473393687473109,0.00014923884193695494,11.19882893134975,/home/runner/work/Solana-Memecoin-Analysis/Solana-Memecoin-Analysis/data/cache/2026-09-23/064854691075_ohlcv_be1a013ce267.json
2026-09-20T12:25:00+00:00,HCAZia1gVGy1hrfWR2FyLAXZFzC1REfDcPwC2MHao5rm,solana,PumpSwap,,,,,2026-08-04T01:28:30Z,0.0001473393687473109,,,,,,,,,,,,,,,,,,,ohlcv_backfill,minute,0.00014972403013476144,0.00014972403013476144,0.0001473393687473109,0.0001473393687473109,57.03084714945543,/home/runner/work/Solana-Memecoin-Analysis/Solana-Memecoin-Analysis/data/cache/2026-09-23/064854691075_ohlcv_be1a013ce267.json
2026-09-20T12:20:00+00:00,HCAZia1gVGy1hrfWR2FyLAXZFzC1REfDcPwC2MHao5rm,solana,PumpSwap,,,,,2026-08-04T01:28:30Z,0.00014972403013476144,,,,,,,,,,,,,,,,,,,ohlcv_backfill,minute,0.00014965301812926333,0.00014972403013476144,0.00014965301812926333,0.00014972403013476144,2.6359591509220808,/home/runner/work/Solana-Memecoin-Analysis/Solana-Memecoin-Analysis/data/cache/2026-09-23/064854691075_ohlcv_be1a013ce267.json
2026-09-20T12:15:00+00:00,HCAZia1gVGy1hrfWR2FyLAXZFzC1REfDcPwC2MHao5rm,solana,PumpSwap,,,,,2026-08-04T01:28:30Z,0.00014965301812926333,,,,,,,,,,,,,,,,,,,ohlcv_backfill,minute,0.0001476116240739527,0.00014965301812926333,0.0001476116240739527,0.00014965301812926333,42.86931905707883,/home/runner/work/Solana-Memecoin-Analysis/Solana-Memecoin-Analysis/data/cache/2026-09-23/064854691075_ohlcv_be1a013ce267.json
2026-09-20T12:10:00+00:00,HCAZia1gVGy1hrfWR2FyLAXZFzC1REfDcPwC2MHao5rm,solana,PumpSwap,,,,,2026-08-04T01:28:30Z,0.0001476116240739527,,,,,,,,,,,,,,,,,,,ohlcv_backfill,minute,0.0001477848381654804,0.0001502436315688959,0.0001476116240739527,0.0001476116240739527,117.6739607442852,/home/runner/work/Solana-Memecoin-Analysis/Solana-Memecoin-Analysis/data/cache/2026-09-23/064854691075_ohlcv_be1a013ce267.json
2026-09-20T12:00:00+00:00,HCAZia1gVGy1hrfWR2FyLAXZFzC1REfDcPwC2MHao5rm,solana,PumpSwap,,,,,2026-08-04T01:28:30Z,0.0001477848381654804,,,,,,,,,,,,,,,,,,,ohlcv_backfill,minute,0.00015004005291227875,0.00015004005291227875,0.0001477848381654804,0.0001477848381654804,66.08005461794818,/home/runner/work/Solana-Memecoin-Analysis/Solana-Memecoin-Analysis/data/cache/2026-09-23/064854691075_ohlcv_be1a013ce267.json
2026-09-20T11:55:00+00:00,HCAZia1gVGy1hrfWR2FyLAXZFzC1REfDcPwC2MHao5rm,solana,PumpSwap,,,,,2026-08-04T01:28:30Z,0.00015004005291227875,,,,,,,,,,,,,,,,,,,ohlcv_backfill,minute,0.00014738885931263958,0.00015004005291227875,0.00014738885931263958,0.00015004005291227875,61.50891250687078,/home/runner/work/Solana-Memecoin-Analysis/Solana-Memecoin-Analysis/data/cache/2026-09-23/064854691075_ohlcv_be1a013ce267.json
2026-09-20T11:45:00+00:00,HCAZia1gVGy1hrfWR2FyLAXZFzC1REfDcPwC2MHao5rm,solana,PumpSwap,,,,,2026-08-04T01:28:30Z,0.00014738885931263958,,,,,,,,,,,,,,,,,,,ohlcv_backfill,minute,0.000147491958526143,0.00014996612476021235,0.00014732186769445885,0.00014738885931263958,113.4615256944873,/home/runner/work/Solana-Memecoin-Analysis/Solana-Memecoin-Analysis/data/cache/2026-09-23/064854691075_ohlcv_be1a013ce267.json
2026-09-20T11:35:00+00:00,HCAZia1gVGy1hrfWR2FyLAXZFzC1REfDcPwC2MHao5rm,solana,PumpSwap,,,,,2026-08-04T01:28:30Z,0.000147491958526143,,,,,,,,,,,,,,,,,,,ohlcv_backfill,minute,0.0001491216148300688,0.00014980822268272293,0.000147491958526143,0.000147491958526143,113.86125612832575,/home/runner/work/Solana-Memecoin-Analysis/Solana-Memecoin-Analysis/data/cache/2026-09-23/064854691075_ohlcv_be1a013ce267.json
2026-09-20T11:30:00+00:00,HCAZia1gVGy1hrfWR2FyLAXZFzC1REfDcPwC2MHao5rm,solana,PumpSwap,,,,,2026-08-04T01:28:30Z,0.0001491216148300688,,,,,,,,,,,,,,,,,,,ohlcv_backfill,minute,0.0001475950617546843,0.00014974890770065195,0.00014744810964137446,0.0001491216148300688,177.203122816543,/home/runner/work/Solana-Memecoin-Analysis/Solana-Memecoin-Analysis/data/cache/2026-09-23/064854691075_ohlcv_be1a013ce267.json
2026-09-20T11:25:00+00:00,HCAZia1gVGy1hrfWR2FyLAXZFzC1REfDcPwC2MHao5rm,solana,PumpSwap,,,,,2026-08-04T01:28:30Z,0.0001475950617546843,,,,,,,,,,,,,,,,,,,ohlcv_backfill,minute,0.0001475423001110867,0.0001499127137228841,0.0001475423001110867,0.0001475950617546843,116.96786233612885,/home/runner/work/Solana-Memecoin-Analysis/Solana-Memecoin-Analysis/data/cache/2026-09-23/064854691075_ohlcv_be1a013ce267.json
2026-09-20T11:15:00+00:00,HCAZia1gVGy1hrfWR2FyLAXZFzC1REfDcPwC2MHao5rm,solana,PumpSwap,,,,,2026-08-04T01:28:30Z,0.0001475423001110867,,,,,,,,,,,,,,,,,,,ohlcv_backfill,minute,0.00014996621726212945,0.00014996621726212945,0.0001475423001110867,0.0001475423001110867,48.30208763043236,/home/runner/work/Solana-Memecoin-Analysis/Solana-Memecoin-Analysis/data/cache/2026-09-23/064854691075_ohlcv_be1a013ce267.json
2026-09-20T11:05:00+00:00,HCAZia1gVGy1hrfWR2FyLAXZFzC1REfDcPwC2MHao5rm,solana,PumpSwap,,,,,2026-08-04T01:28:30Z,0.00014996621726212945,,,,,,,,,,,,,,,,,,,ohlcv_backfill,minute,0.00014728761292977384,0.00015001378900734292,0.00014728761292977384,0.00014996621726212945,49.08078137220683,/home/runner/work/Solana-Memecoin-Analysis/Solana-Memecoin-Analysis/data/cache/2026-09-23/064854691075_ohlcv_be1a013ce267.json
2026-09-20T11:00:00+00:00,HCAZia1gVGy1hrfWR2FyLAXZFzC1REfDcPwC2MHao5rm,solana,PumpSwap,,,,,2026-08-04T01:28:30Z,0.00014728761292977384,,,,,,,,,,,,,,,,,,,ohlcv_backfill,minute,0.00014766191395680723,0.00014766191395680723,0.00014728761292977384,0.00014728761292977384,5.476976746864901,/home/runner/work/Solana-Memecoin-Analysis/Solana-Memecoin-Analysis/data/cache/2026-09-23/064854691075_ohlcv_be1a013ce267.json
2026-09-20T10:55:00+00:00,HCAZia1gVGy1hrfWR2FyLAXZFzC1REfDcPwC2MHao5rm,solana,PumpSwap,,,,,2026-08-04T01:28:30Z,0.00014766191395680723,,,,,,,,,,,,,,,,,,,ohlcv_backfill,minute,0.00014771211077169229,0.0001499570435274156,0.00014766191395680723,0.00014766191395680723,121.4034574632447,/home/runner/work/Solana-Memecoin-Analysis/Solana-Memecoin-Analysis/data/cache/2026-09-23/064854691075_ohlcv_be1a013ce267.json
2026-09-20T10:50:00+00:00,HCAZia1gVGy1hrfWR2FyLAXZFzC1REfDcPwC2MHao5rm,solana,PumpSwap,,,,,2026-08-04T01:28:30Z,0.00014771211077169229,,,,,,,,,,,,,,,,,,,ohlcv_backfill,minute,0.00014973384264281277,0.00014973384264281277,0.00014771211077169229,0.00014771211077169229,70.05038580231447,/home/runner/work/Solana-Memecoin-Analysis/Solana-Memecoin-Analysis/data/cache/2026-09-23/064854691075_ohlcv_be1a013ce267.json
2026-09-20T10:45:00+00:00,HCAZia1gVGy1hrfWR2FyLAXZFzC1REfDcPwC2MHao5rm,solana,PumpSwap,,,,,2026-08-04T01:28:30Z,0.00014973384264281277,,,,,,,,,,,,,,,,,,,ohlcv_backfill,minute,0.00014757395522887876,0.00014973384264281277,0.00014757395522887876,0.00014973384264281277,71.0091636359054,/home/runner/work/Solana-Memecoin-Analysis/Solana-Memecoin-Analysis/data/cache/2026-09-23/064854691075_ohlcv_be1a013ce267.json
2026-09-20T10:35:00+00:00,HCAZia1gVGy1hrfWR2FyLAXZFzC1REfDcPwC2MHao5rm,solana,PumpSwap,,,,,2026-08-04T01:28:30Z,0.00014757395522887876,,,,,,,,,,,,,,,,,,,ohlcv_backfill,minute,0.00014993787839316742,0.00014993787839316742,0.00014757395522887876,0.00014757395522887876,63.120839868273464,/home/runner/work/Solana-Memecoin-Analysis/Solana-Memecoin-Analysis/data/cache/2026-09-23/064854691075_ohlcv_be1a013ce267.json
2026-09-20T10:30:00+00:00,HCAZia1gVGy1hrfWR2FyLAXZFzC1REfDcPwC2MHao5rm,solana,PumpSwap,,,,,2026-08-04T01:28:30Z,0.00014993787839316742,,,,,,,,,,,,,,,,,,,ohlcv_backfill,minute,0.00014776733692949565,0.00014993787839316742,0.00014776733692949565,0.00014993787839316742,53.29529593058909,/home/runner/work/Solana-Memecoin-Analysis/Solana-Memecoin-Analysis/data/cache/2026-09-23/064854691075_ohlcv_be1a013ce267.json
2026-09-20T10:20:00+00:00,HCAZia1gVGy1hrfWR2FyLAXZFzC1REfDcPwC2MHao5rm,solana,PumpSwap,,,,,2026-08-04T01:28:30Z,0.00014776733692949565,,,,,,,,,,,,,,,,,,,ohlcv_backfill,minute,0.00014964851678030426,0.00014964851678030426,0.00014776733692949565,0.00014776733692949565,37.043818071146234,/home/runner/work/Solana-Memecoin-Analysis/Solana-Memecoin-Analysis/data/cache/2026-09-23/064854691075_ohlcv_be1a013ce267.json
2026-09-20T10:10:00+00:00,HCAZia1gVGy1hrfWR2FyLAXZFzC1REfDcPwC2MHao5rm,solana,PumpSwap,,,,,2026-08-04T01:28:30Z,0.00014964851678030426,,,,,,,,,,,,,,,,,,,ohlcv_backfill,minute,0.00014794416796474582,0.00014970974155203968,0.0001473966437789726,0.00014964851678030426,40.6786563292798,/home/runner/work/Solana-Memecoin-Analysis/Solana-Memecoin-Analysis/data/cache/2026-09-23/064854691075_ohlcv_be1a013ce267.json
2026-09-20T10:00:00+00:00,HCAZia1gVGy1hrfWR2FyLAXZFzC1REfDcPwC2MHao5rm,solana,PumpSwap,,,,,2026-08-04T01:28:30Z,0.00014794416796474582,,,,,,,,,,,,,,,,,,,ohlcv_backfill,minute,0.00015049595808078788,0.00015049595808078788,0.00014794416796474582,0.00014794416796474582,54.797152690558256,/home/runner/work/Solana-Memecoin-Analysis/Solana-Memecoin-Analysis/data/cache/2026-09-23/064854691075_ohlcv_be1a013ce267.json
2026-09-20T09:55:00+00:00,HCAZia1gVGy1hrfWR2FyLAXZFzC1REfDcPwC2MHao5rm,solana,PumpSwap,,,,,2026-08-04T01:28:30Z,0.00015049595808078788,,,,,,,,,,,,,,,,,,,ohlcv_backfill,minute,0.0001488481955931155,0.00015049595808078788,0.0001488481955931155,0.00015049595808078788,193.56608084341127,/home/runner/work/Solana-Memecoin-Analysis/Solana-Memecoin-Analysis/data/cache/2026-09-23/064854691075_ohlcv_be1a013ce267.json
2026-09-20T09:50:00+00:00,HCAZia1gVGy1hrfWR2FyLAXZFzC1REfDcPwC2MHao5rm,solana,PumpSwap,,,,,2026-08-04T01:28:30Z,0.0001488481955931155,,,,,,,,,,,,,,,,,,,ohlcv_backfill,minute,0.00014658447512796606,0.0001488481955931155,0.00014658447512796606,0.0001488481955931155,49.4937507156732,/home/runner/work/Solana-Memecoin-Analysis/Solana-Memecoin-Analysis/data/cache/2026-09-23/064854691075_ohlcv_be1a013ce267.json
2026-09-20T09:45:00+00:00,HCAZia1gVGy1hrfWR2FyLAXZFzC1REfDcPwC2MHao5rm,solana,PumpSwap,,,,,2026-08-04T01:28:30Z,0.00014658447512796606,,,,,,,,,,,,,,,,,,,ohlcv_backfill,minute,0.0001470425425366083,0.0001470425425366083,0.00014658447512796606,0.00014658447512796606,40.381891653446935,/home/runner/work/Solana-Memecoin-Analysis/Solana-Memecoin-Analysis/data/cache/2026-09-23/064854691075_ohlcv_be1a013ce267.json
2026-09-20T09:40:00+00:00,HCAZia1gVGy1hrfWR2FyLAXZFzC1REfDcPwC2MHao5rm,solana,PumpSwap,,,,,2026-08-04T01:28:30Z,0.0001470425425366083,,,,,,,,,,,,,,,,,,,ohlcv_backfill,minute,0.0001488930397858555,0.00014911375418925687,0.0001470425425366083,0.0001470425425366083,12.352432624713877,/home/runner/work/Solana-Memecoin-Analysis/Solana-Memecoin-Analysis/data/cache/2026-09-23/064854691075_ohlcv_be1a013ce267.json
2026-09-20T09:35:00+00:00,HCAZia1gVGy1hrfWR2FyLAXZFzC1REfDcPwC2MHao5rm,solana,PumpSwap,,,,,2026-08-04T01:28:30Z,0.0001488930397858555,,,,,,,,,,,,,,,,,,,ohlcv_backfill,minute,0.00014819315834195906,0.0001488930397858555,0.00014819315834195906,0.0001488930397858555,42.56275709435267,/home/runner/work/Solana-Memecoin-Analysis/Solana-Memecoin-Analysis/data/cache/2026-09-23/064854691075_ohlcv_be1a013ce267.json
2026-09-20T09:25:00+00:00,HCAZia1gVGy1hrfWR2FyLAXZFzC1REfDcPwC2MHao5rm,solana,PumpSwap,,,,,2026-08-04T01:28:30Z,0.00014819315834195906,,,,,,,,,,,,,,,,,,,ohlcv_backfill,minute,0.00014613348588626715,0.00014863125141400757,0.00014613348588626715,0.00014819315834195906,135.63913382324444,/home/runner/work/Solana-Memecoin-Analysis/Solana-Memecoin-Analysis/data/cache/2026-09-23/064854691075_ohlcv_be1a013ce267.json
2026-09-20T09:20:00+00:00,HCAZia1gVGy1hrfWR2FyLAXZFzC1REfDcPwC2MHao5rm,solana,PumpSwap,,,,,2026-08-04T01:28:30Z,0.00014613348588626715,,,,,,,,,,,,,,,,,,,ohlcv_backfill,minute,0.00014706293665200956,0.00014706293665200956,0.00014613348588626715,0.00014613348588626715,97.51084999179068,/home/runner/work/Solana-Memecoin-Analysis/Solana-Memecoin-Analysis/data/cache/2026-09-23/064854691075_ohlcv_be1a013ce267.json
2026-09-20T09:15:00+00:00,HCAZia1gVGy1hrfWR2FyLAXZFzC1REfDcPwC2MHao5rm,solana,PumpSwap,,,,,2026-08-04T01:28:30Z,0.00014706293665200956,,,,,,,,,,,,,,,,,,,ohlcv_backfill,minute,0.0001488120869400671,0.00014943012137292103,0.00014706293665200956,0.00014706293665200956,136.6241644638957,/home/runner/work/Solana-Memecoin-Analysis/Solana-Memecoin-Analysis/data/cache/2026-09-23/064854691075_ohlcv_be1a013ce267.json
2026-09-20T09:10:00+00:00,HCAZia1gVGy1hrfWR2FyLAXZFzC1REfDcPwC2MHao5rm,solana,PumpSwap,,,,,2026-08-04T01:28:30Z,0.0001488120869400671,,,,,,,,,,,,,,,,,,,ohlcv_backfill,minute,0.0001471070423519442,0.0001488120869400671,0.0001471070423519442,0.0001488120869400671,0.9531219748495952,/home/runner/work/Solana-Memecoin-Analysis/Solana-Memecoin-Analysis/data/cache/2026-09-23/064854691075_ohlcv_be1a013ce267.json
2026-09-20T09:05:00+00:00,HCAZia1gVGy1hrfWR2FyLAXZFzC1REfDcPwC2MHao5rm,solana,PumpSwap,,,,,2026-08-04T01:28:30Z,0.0001471070423519442,,,,,,,,,,,,,,,,,,,ohlcv_backfill,minute,0.0001472989918157013,0.00014939863122195163,0.0001471070423519442,0.0001471070423519442,59.87368077676706,/home/runner/work/Solana-Memecoin-Analysis/Solana-Memecoin-Analysis/data/cache/2026-09-23/064854691075_ohlcv_be1a013ce267.json
2026-09-20T09:00:00+00:00,HCAZia1gVGy1hrfWR2FyLAXZFzC1REfDcPwC2MHao5rm,solana,PumpSwap,,,,,2026-08-04T01:28:30Z,0.0001472989918157013,,,,,,,,,,,,,,,,,,,ohlcv_backfill,minute,0.00014667755500252002,0.00014925824274297073,0.00014659102535903278,0.0001472989918157013,66.07491239501994,/home/runner/work/Solana-Memecoin-Analysis/Solana-Memecoin-Analysis/data/cache/2026-09-23/064854691075_ohlcv_be1a013ce267.json
2026-09-20T08:50:00+00:00,HCAZia1gVGy1hrfWR2FyLAXZFzC1REfDcPwC2MHao5rm,solana,PumpSwap,,,,,2026-08-04T01:28:30Z,0.00014667755500252002,,,,,,,,,,,,,,,,,,,ohlcv_backfill,minute,0.00014898236538278209,0.00014898236538278209,0.00014667755500252002,0.00014667755500252002,74.52533148519774,/home/runner/work/Solana-Memecoin-Analysis/Solana-Memecoin-Analysis/data/cache/2026-09-23/064854691075_ohlcv_be1a013ce267.json
2026-09-20T08:40:00+00:00,HCAZia1gVGy1hrfWR2FyLAXZFzC1REfDcPwC2MHao5rm,solana,PumpSwap,,,,,2026-08-04T01:28:30Z,0.00014898236538278209,,,,,,,,,,,,,,,,,,,ohlcv_backfill,minute,0.00014907959699979098,0.00014907959699979098,0.00014898236538278209,0.00014898236538278209,75.69638153165239,/home/runner/work/Solana-Memecoin-Analysis/Solana-Memecoin-Analysis/data/cache/2026-09-23/064854691075_ohlcv_be1a013ce267.json
2026-09-20T08:35:00+00:00,HCAZia1gVGy1hrfWR2FyLAXZFzC1REfDcPwC2MHao5rm,solana,PumpSwap,,,,,2026-08-04T01:28:30Z,0.00014907959699979098,,,,,,,,,,,,,,,,,,,ohlcv_backfill,minute,0.00014718116226254834,0.00014954818302414881,0.00014715499426671159,0.00014907959699979098,149.6633442005619,/home/runner/work/Solana-Memecoin-Analysis/Solana-Memecoin-Analysis/data/cache/2026-09-23/064854691075_ohlcv_be1a013ce267.json
2026-09-20T08:25:00+00:00,HCAZia1gVGy1hrfWR2FyLAXZFzC1REfDcPwC2MHao5rm,solana,PumpSwap,,,,,2026-08-04T01:28:30Z,0.00014718116226254834,,,,,,,,,,,,,,,,,,,ohlcv_backfill,minute,0.00014974278922696247,0.00014974278922696247,0.00014718116226254834,0.00014718116226254834,75.54316946327928,/home/runner/work/Solana-Memecoin-Analysis/Solana-Memecoin-Analysis/data/cache/2026-09-23/064854691075_ohlcv_be1a013ce267.json
2026-09-20T08:15:00+00:00,HCAZia1gVGy1hrfWR2FyLAXZFzC1REfDcPwC2MHao5rm,solana,PumpSwap,,,,,2026-08-04T01:28:30Z,0.00014974278922696247,,,,,,,,,,,,,,,,,,,ohlcv_backfill,minute,0.00014937789210837243,0.00014974278922696247,0.00014937789210837243,0.00014974278922696247,76.85796693395861,/home/runner/work/Solana-Memecoin-Analysis/Solana-Memecoin-Analysis/data/cache/2026-09-23/064854691075_ohlcv_be1a013ce267.json
2026-09-20T08:10:00+00:00,HCAZia1gVGy1hrfWR2FyLAXZFzC1REfDcPwC2MHao5rm,solana,PumpSwap,,,,,2026-08-04T01:28:30Z,0.00014937789210837243,,,,,,,,,,,,,,,,,,,ohlcv_backfill,minute,0.00014725218570179574,0.0001500123004012272,0.00014725218570179574,0.00014937789210837243,151.28222953341057,/home/runner/work/Solana-Memecoin-Analysis/Solana-Memecoin-Analysis/data/cache/2026-09-23/064854691075_ohlcv_be1a013ce267.json
2026-09-20T08:00:00+00:00,HCAZia1gVGy1hrfWR2FyLAXZFzC1REfDcPwC2MHao5rm,solana,PumpSwap,,,,,2026-08-04T01:28:30Z,0.00014725218570179574,,,,,,,,,,,,,,,,,,,ohlcv_backfill,minute,0.00014737138985642883,0.00014737138985642883,0.00014725218570179574,0.00014725218570179574,5.475659364500001,/home/runner/work/Solana-Memecoin-Analysis/Solana-Memecoin-Analysis/data/cache/2026-09-23/064854691075_ohlcv_be1a013ce267.json
2026-09-20T07:55:00+00:00,HCAZia1gVGy1hrfWR2FyLAXZFzC1REfDcPwC2MHao5rm,solana,PumpSwap,,,,,2026-08-04T01:28:30Z,0.00014737138985642883,,,,,,,,,,,,,,,,,,,ohlcv_backfill,minute,0.00014984829720419526,0.00014984829720419526,0.00014737138985642883,0.00014737138985642883,49.0068078047941,/home/runner/work/Solana-Memecoin-Analysis/Solana-Memecoin-Analysis/data/cache/2026-09-23/064854691075_ohlcv_be1a013ce267.json
2026-09-20T07:50:00+00:00,HCAZia1gVGy1hrfWR2FyLAXZFzC1REfDcPwC2MHao5rm,solana,PumpSwap,,,,,2026-08-04T01:28:30Z,0.00014984829720419526,,,,,,,,,,,,,,,,,,,ohlcv_backfill,minute,0.00014732835281874545,0.00014984829720419526,0.00014732835281874545,0.00014984829720419526,49.75312210230341,/home/runner/work/Solana-Memecoin-Analysis/Solana-Memecoin-Analysis/data/cache/2026-09-23/064854691075_ohlcv_be1a013ce267.json
2026-09-20T07:45:00+00:00,HCAZia1gVGy1hrfWR2FyLAXZFzC1REfDcPwC2MHao5rm,solana,PumpSwap,,,,,2026-08-04T01:28:30Z,0.00014732835281874545,,,,,,,,,,,,,,,,,,,ohlcv_backfill,minute,0.00014761266671800793,0.00014761266671800793,0.00014732835281874545,0.00014732835281874545,10.51380607023114,/home/runner/work/Solana-Memecoin-Analysis/Solana-Memecoin-Analysis/data/cache/2026-09-23/064854691075_ohlcv_be1a013ce267.json
2026-09-20T07:40:00+00:00,HCAZia1gVGy1hrfWR2FyLAXZFzC1REfDcPwC2MHao5rm,solana,PumpSwap,,,,,2026-08-04T01:28:30Z,0.00014761266671800793,,,,,,,,,,,,,,,,,,,ohlcv_backfill,minute,0.00014990733060443493,0.00014990733060443493,0.00014761266671800793,0.00014761266671800793,36.90050130341431,/home/runner/work/Solana-Memecoin-Analysis/Solana-Memecoin-Analysis/data/cache/2026-09-23/064854691075_ohlcv_be1a013ce267.json
2026-09-20T07:35:00+00:00,HCAZia1gVGy1hrfWR2FyLAXZFzC1REfDcPwC2MHao5rm,solana,PumpSwap,,,,,2026-08-04T01:28:30Z,0.00014990733060443493,,,,,,,,,,,,,,,,,,,ohlcv_backfill,minute,0.00014793475652381572,0.00014990733060443493,0.00014793475652381572,0.00014990733060443493,37.43059299096321,/home/runner/work/Solana-Memecoin-Analysis/Solana-Memecoin-Analysis/data/cache/2026-09-23/064854691075_ohlcv_be1a013ce267.json
2026-09-20T07:25:00+00:00,HCAZia1gVGy1hrfWR2FyLAXZFzC1REfDcPwC2MHao5rm,solana,PumpSwap,,,,,2026-08-04T01:28:30Z,0.00014793475652381572,,,,,,,,,,,,,,,,,,,ohlcv_backfill,minute,0.000149908223219989,0.000149908223219989,0.00014793475652381572,0.00014793475652381572,59.07634272751209,/home/runner/work/Solana-Memecoin-Analysis/Solana-Memecoin-Analysis/data/cache/2026-09-23/064854691075_ohlcv_be1a013ce267.json
2026-09-20T07:15:00+00:00,HCAZia1gVGy1hrfWR2FyLAXZFzC1REfDcPwC2MHao5rm,solana,PumpSwap,,,,,2026-08-04T01:28:30Z,0.000149908223219989,,,,,,,,,,,,,,,,,,,ohlcv_backfill,minute,0.00014791501518725676,0.000149908223219989,0.00014791501518725676,0.000149908223219989,59.86442794591507,/home/runner/work/Solana-Memecoin-Analysis/Solana-Memecoin-Analysis/data/cache/2026-09-23/064854691075_ohlcv_be1a013ce267.json
2026-09-20T07:10:00+00:00,HCAZia1gVGy1hrfWR2FyLAXZFzC1REfDcPwC2MHao5rm,solana,PumpSwap,,,,,2026-08-04T01:28:30Z,0.00014791501518725676,,,,,,,,,,,,,,,,,,,ohlcv_backfill,minute,0.00014803478483909602,0.00014803478483909602,0.00014791501518725676,0.00014791501518725676,55.071816345268154,/home/runner/work/Solana-Memecoin-Analysis/Solana-Memecoin-Analysis/data/cache/2026-09-23/064854691075_ohlcv_be1a013ce267.json
2026-09-20T07:00:00+00:00,HCAZia1gVGy1hrfWR2FyLAXZFzC1REfDcPwC2MHao5rm,solana,PumpSwap,,,,,2026-08-04T01:28:30Z,0.00014803478483909602,,,,,,,,,,,,,,,,,,,ohlcv_backfill,minute,0.00014957014363900924,0.00014997666549524289,0.00014803478483909602,0.00014803478483909602,34.779026062146755,/home/runner/work/Solana-Memecoin-Analysis/Solana-Memecoin-Analysis/data/cache/2026-09-23/064854691075_ohlcv_be1a013ce267.json
2026-09-20T06:55:00+00:00,HCAZia1gVGy1hrfWR2FyLAXZFzC1REfDcPwC2MHao5rm,solana,PumpSwap,,,,,2026-08-04T01:28:30Z,0.00014957014363900924,,,,,,,,,,,,,,,,,,,ohlcv_backfill,minute,0.0001476248110835035,0.00014957014363900924,0.0001476248110835035,0.00014957014363900924,26.441843001717967,/home/runner/work/Solana-Memecoin-Analysis/Solana-Memecoin-Analysis/data/cache/2026-09-23/064854691075_ohlcv_be1a013ce267.json
2026-09-20T06:50:00+00:00,HCAZia1gVGy1hrfWR2FyLAXZFzC1REfDcPwC2MHao5rm,solana,PumpSwap,,,,,2026-08-04T01:28:30Z,0.0001476248110835035,,,,,,,,,,,,,,,,,,,ohlcv_backfill,minute,0.0001497467487938679,0.0001497467487938679,0.0001476248110835035,0.0001476248110835035,76.42006284407184,/home/runner/work/Solana-Memecoin-Analysis/Solana-Memecoin-Analysis/data/cache/2026-09-23/064854691075_ohlcv_be1a013ce267.json
2026-09-20T06:40:00+00:00,HCAZia1gVGy1hrfWR2FyLAXZFzC1REfDcPwC2MHao5rm,solana,PumpSwap,,,,,2026-08-04T01:28:30Z,0.0001497467487938679,,,,,,,,,,,,,,,,,,,ohlcv_backfill,minute,0.0001495502060729362,0.0001497467487938679,0.0001495502060729362,0.0001497467487938679,31.461819262993714,/home/runner/work/Solana-Memecoin-Analysis/Solana-Memecoin-Analysis/data/cache/2026-09-23/064854691075_ohlcv_be1a013ce267.json
2026-09-20T06:35:00+00:00,HCAZia1gVGy1hrfWR2FyLAXZFzC1REfDcPwC2MHao5rm,solana,PumpSwap,,,,,2026-08-04T01:28:30Z,0.0001495502060729362,,,,,,,,,,,,,,,,,,,ohlcv_backfill,minute,0.00014742159751509663,0.0001495502060729362,0.00014731862492834132,0.0001495502060729362,55.69758542764701,/home/runner/work/Solana-Memecoin-Analysis/Solana-Memecoin-Analysis/data/cache/2026-09-23/064854691075_ohlcv_be1a013ce267.json
2026-09-20T06:30:00+00:00,HCAZia1gVGy1hrfWR2FyLAXZFzC1REfDcPwC2MHao5rm,solana,PumpSwap,,,,,2026-08-04T01:28:30Z,0.00014742159751509663,,,,,,,,,,,,,,,,,,,ohlcv_backfill,minute,0.00014975185821144087,0.00014975185821144087,0.00014742159751509663,0.00014742159751509663,0.02861548501088659,/home/runner/work/Solana-Memecoin-Analysis/Solana-Memecoin-Analysis/data/cache/2026-09-23/064854691075_ohlcv_be1a013ce267.json
2026-09-20T06:25:00+00:00,HCAZia1gVGy1hrfWR2FyLAXZFzC1REfDcPwC2MHao5rm,solana,PumpSwap,,,,,2026-08-04T01:28:30Z,0.00014975185821144087,,,,,,,,,,,,,,,,,,,ohlcv_backfill,minute,0.00014764062676572956,0.0001503265966814664,0.00014757093911689278,0.00014975185821144087,178.97877025309288,/home/runner/work/Solana-Memecoin-Analysis/Solana-Memecoin-Analysis/data/cache/2026-09-23/064854691075_ohlcv_be1a013ce267.json
2026-09-20T06:20:00+00:00,HCAZia1gVGy1hrfWR2FyLAXZFzC1REfDcPwC2MHao5rm,solana,PumpSwap,,,,,2026-08-04T01:28:30Z,0.00014764062676572956,,,,,,,,,,,,,,,,,,,ohlcv_backfill,minute,0.000148333415577082,0.000150511624740634,0.0001475582741998427,0.00014764062676572956,92.97633776929875,/home/runner/work/Solana-Memecoin-Analysis/Solana-Memecoin-Analysis/data/cache/2026-09-23/064854691075_ohlcv_be1a013ce267.json
2026-09-20T06:15:00+00:00,HCAZia1gVGy1hrfWR2FyLAXZFzC1REfDcPwC2MHao5rm,solana,PumpSwap,,,,,2026-08-04T01:28:30Z,0.000148333415577082,,,,,,,,,,,,,,,,,,,ohlcv_backfill,minute,0.00015047051478879367,0.00015072364382316428,0.00014826636082730917,0.000148333415577082,39.09447368415543,/home/runner/work/Solana-Memecoin-Analysis/Solana-Memecoin-Analysis/data/cache/2026-09-23/064854691075_ohlcv_be1a013ce267.json
2026-09-20T06:10:00+00:00,HCAZia1gVGy1hrfWR2FyLAXZFzC1REfDcPwC2MHao5rm,solana,PumpSwap,,,,,2026-08-04T01:28:30Z,0.00015047051478879367,,,,,,,,,,,,,,,,,,,ohlcv_backfill,minute,0.00014985424513114915,0.00015047051478879367,0.0001475222121074027,0.00015047051478879367,121.9463794400881,/home/runner/work/Solana-Memecoin-Analysis/Solana-Memecoin-Analysis/data/cache/2026-09-23/064854691075_ohlcv_be1a013ce267.json
2026-09-20T06:05:00+00:00,HCAZia1gVGy1hrfWR2FyLAXZFzC1REfDcPwC2MHao5rm,solana,PumpSwap,,,,,2026-08-04T01:28:30Z,0.00014985424513114915,,,,,,,,,,,,,,,,,,,ohlcv_backfill,minute,0.00014843079821437314,0.0001507356480520613,0.00014758399879735517,0.00014985424513114915,146.99254955311267,/home/runner/work/Solana-Memecoin-Analysis/Solana-Memecoin-Analysis/data/cache/2026-09-23/064854691075_ohlcv_be1a013ce267.json
2026-09-20T06:00:00+00:00,HCAZia1gVGy1hrfWR2FyLAXZFzC1REfDcPwC2MHao5rm,solana,PumpSwap,,,,,2026-08-04T01:28:30Z,0.00014843079821437314,,,,,,,,,,,,,,,,,,,ohlcv_backfill,minute,0.00014875492932122104,0.00015085235109630796,0.00014843079821437314,0.00014843079821437314,82.48910231504944,/home/runner/work/Solana-Memecoin-Analysis/Solana-Memecoin-Analysis/data/cache/2026-09-23/064854691075_ohlcv_be1a013ce267.json
2026-09-20T05:55:00+00:00,HCAZia1gVGy1hrfWR2FyLAXZFzC1REfDcPwC2MHao5rm,solana,PumpSwap,,,,,2026-08-04T01:28:30Z,0.00014875492932122104,,,,,,,,,,,,,,,,,,,ohlcv_backfill,minute,0.00014985087906105177,0.0001508685420476827,0.00014773358636463498,0.00014875492932122104,254.8593037620728,/home/runner/work/Solana-Memecoin-Analysis/Solana-Memecoin-Analysis/data/cache/2026-09-23/064854691075_ohlcv_be1a013ce267.json
2026-09-20T05:50:00+00:00,HCAZia1gVGy1hrfWR2FyLAXZFzC1REfDcPwC2MHao5rm,solana,PumpSwap,,,,,2026-08-04T01:28:30Z,0.00014985087906105177,,,,,,,,,,,,,,,,,,,ohlcv_backfill,minute,0.000147859665586137,0.00014991834598295582,0.00014761556186130193,0.00014985087906105177,116.54383729395302,/home/runner/work/Solana-Memecoin-Analysis/Solana-Memecoin-Analysis/data/cache/2026-09-23/064854691075_ohlcv_be1a013ce267.json
2026-09-20T05:45:00+00:00,HCAZia1gVGy1hrfWR2FyLAXZFzC1REfDcPwC2MHao5rm,solana,PumpSwap,,,,,2026-08-04T01:28:30Z,0.000147859665586137,,,,,,,,,,,,,,,,,,,ohlcv_backfill,minute,0.0001497510054484073,0.00015009260329236477,0.00014754763788178875,0.000147859665586137,262.1480041642696,/home/runner/work/Solana-Memecoin-Analysis/Solana-Memecoin-Analysis/data/cache/2026-09-23/064854691075_ohlcv_be1a013ce267.json
2026-09-20T05:40:00+00:00,HCAZia1gVGy1hrfWR2FyLAXZFzC1REfDcPwC2MHao5rm,solana,PumpSwap,,,,,2026-08-04T01:28:30Z,0.0001497510054484073,,,,,,,,,,,,,,,,,,,ohlcv_backfill,minute,0.0001500756442297236,0.00015048163328699977,0.00014754791631058865,0.0001497510054484073,524.7242957550037,/home/runner/work/Solana-Memecoin-Analysis/Solana-Memecoin-Analysis/data/cache/2026-09-23/064854691075_ohlcv_be1a013ce267.json
2026-09-20T05:35:00+00:00,HCAZia1gVGy1hrfWR2FyLAXZFzC1REfDcPwC2MHao5rm,solana,PumpSwap,,,,,2026-08-04T01:28:30Z,0.0001500756442297236,,,,,,,,,,,,,,,,,,,ohlcv_backfill,minute,0.0001483497323711708,0.0001507334212133916,0.00014779747100158351,0.0001500756442297236,624.0515031867766,/home/runner/work/Solana-Memecoin-Analysis/Solana-Memecoin-Analysis/data/cache/2026-09-23/064854691075_ohlcv_be1a013ce267.json
2026-09-20T05:30:00+00:00,HCAZia1gVGy1hrfWR2FyLAXZFzC1REfDcPwC2MHao5rm,solana,PumpSwap,,,,,2026-08-04T01:28:30Z,0.0001483497323711708,,,,,,,,,,,,,,,,,,,ohlcv_backfill,minute,0.00014740426877766979,0.00015059224211752876,0.00014735078515678792,0.0001483497323711708,720.4980681181007,/home/runner/work/Solana-Memecoin-Analysis/Solana-Memecoin-Analysis/data/cache/2026-09-23/064854691075_ohlcv_be1a013ce267.json
2026-09-20T05:25:00+00:00,HCAZia1gVGy1hrfWR2FyLAXZFzC1REfDcPwC2MHao5rm,solana,PumpSwap,,,,,2026-08-04T01:28:30Z,0.00014740426877766979,,,,,,,,,,,,,,,,,,,ohlcv_backfill,minute,0.00014884124319448382,0.00014965312797906753,0.0001466448351563864,0.00014740426877766979,820.7140385860894,/home/runner/work/Solana-Memecoin-Analysis/Solana-Memecoin-Analysis/data/cache/2026-09-23/064854691075_ohlcv_be1a013ce267.json
2026-09-20T05:20:00+00:00,HCAZia1gVGy1hrfWR2FyLAXZFzC1REfDcPwC2MHao5rm,solana,PumpSwap,,,,,2026-08-04T01:28:30Z,0.00014884124319448382,,,,,,,,,,,,,,,,,,,ohlcv_backfill,minute,0.00014966374280579178,0.00015006090466593755,0.0001467208294439613,0.00014884124319448382,936.3794717583561,/home/runner/work/Solana-Memecoin-Analysis/Solana-Memecoin-Analysis/data/cache/2026-09-23/064854691075_ohlcv_be1a013ce267.json
2026-09-20T05:15:00+00:00,HCAZia1gVGy1hrfWR2FyLAXZFzC1REfDcPwC2MHao5rm,solana,PumpSwap,,,,,2026-08-04T01:28:30Z,0.00014966374280579178,,,,,,,,,,,,,,,,,,,ohlcv_backfill,minute,0.00014719043143310024,0.00015022442011475333,0.00014693844050106658,0.00014966374280579178,1155.3566168348232,/home/runner/work/Solana-Memecoin-Analysis/Solana-Memecoin-Analysis/data/cache/2026-09-23/064854691075_ohlcv_be1a013ce267.json
2026-09-20T05:10:00+00:00,HCAZia1gVGy1hrfWR2FyLAXZFzC1REfDcPwC2MHao5rm,solana,PumpSwap,,,,,2026-08-04T01:28:30Z,0.00014719043143310024,,,,,,,,,,,,,,,,,,,ohlcv_backfill,minute,0.00014713584825955188,0.00015066240486608104,0.00014713584825955188,0.00014719043143310024,1338.9133110037833,/home/runner/work/Solana-Memecoin-Analysis/Solana-Memecoin-Analysis/data/cache/2026-09-23/064854691075_ohlcv_be1a013ce267.json
2026-09-20T05:05:00+00:00,HCAZia1gVGy1hrfWR2FyLAXZFzC1REfDcPwC2MHao5rm,solana,PumpSwap,,,,,2026-08-04T01:28:30Z,0.00014713584825955188,,,,,,,,,,,,,,,,,,,ohlcv_backfill,minute,0.00014940298735854687,0.00015005835996038206,0.00014709634822012528,0.00014713584825955188,1287.1421564163916,/home/runner/work/Solana-Memecoin-Analysis/Solana-Memecoin-Analysis/data/cache/2026-09-23/064854691075_ohlcv_be1a013ce267.json
2026-09-20T05:00:00+00:00,HCAZia1gVGy1hrfWR2FyLAXZFzC1REfDcPwC2MHao5rm,solana,PumpSwap,,,,,2026-08-04T01:28:30Z,0.00014940298735854687,,,,,,,,,,,,,,,,,,,ohlcv_backfill,minute,0.00014852439656687128,0.0001509028034573067,0.00014715023280264167,0.00014940298735854687,1650.0868224178766,/home/runner/work/Solana-Memecoin-Analysis/Solana-Memecoin-Analysis/data/cache/2026-09-23/064854691075_ohlcv_be1a013ce267.json
2026-09-20T04:55:00+00:00,HCAZia1gVGy1hrfWR2FyLAXZFzC1REfDcPwC2MHao5rm,solana,PumpSwap,,,,,2026-08-04T01:28:30Z,0.00014852439656687128,,,,,,,,,,,,,,,,,,,ohlcv_backfill,minute,0.00015019660583801055,0.00015083690525401823,0.00014740151802957813,0.00014852439656687128,1820.9851193594518,/home/runner/work/Solana-Memecoin-Analysis/Solana-Memecoin-Analysis/data/cache/2026-09-23/064854691075_ohlcv_be1a013ce267.json
2026-09-20T04:50:00+00:00,HCAZia1gVGy1hrfWR2FyLAXZFzC1REfDcPwC2MHao5rm,solana,PumpSwap,,,,,2026-08-04T01:28:30Z,0.00015019660583801055,,,,,,,,,,,,,,,,,,,ohlcv_backfill,minute,0.00014838657136471598,0.00015037048483567805,0.00014582366903302432,0.00015019660583801055,1899.6647716108544,/home/runner/work/Solana-Memecoin-Analysis/Solana-Memecoin-Analysis/data/cache/2026-09-23/064854691075_ohlcv_be1a013ce267.json
2026-09-20T04:45:00+00:00,HCAZia1gVGy1hrfWR2FyLAXZFzC1REfDcPwC2MHao5rm,solana,PumpSwap,,,,,2026-08-04T01:28:30Z,0.00014838657136471598,,,,,,,,,,,,,,,,,,,ohlcv_backfill,minute,0.0001484077675952245,0.00014954248989975882,0.00014581927493069314,0.00014838657136471598,2056.468508533293,/home/runner/work/Solana-Memecoin-Analysis/Solana-Memecoin-Analysis/data/cache/2026-09-23/064854691075_ohlcv_be1a013ce267.json
2026-09-20T04:40:00+00:00,HCAZia1gVGy1hrfWR2FyLAXZFzC1REfDcPwC2MHao5rm,solana,PumpSwap,,,,,2026-08-04T01:28:30Z,0.0001484077675952245,,,,,,,,,,,,,,,,,,,ohlcv_backfill,minute,0.0001492538713748262,0.00015004340428041133,0.0001459105524304738,0.0001484077675952245,2567.983755569233,/home/runner/work/Solana-Memecoin-Analysis/Solana-Memecoin-Analysis/data/cache/2026-09-23/064854691075_ohlcv_be1a013ce267.json
2026-09-20T04:35:00+00:00,HCAZia1gVGy1hrfWR2FyLAXZFzC1REfDcPwC2MHao5rm,solana,PumpSwap,,,,,2026-08-04T01:28:30Z,0.0001492538713748262,,,,,,,,,,,,,,,,,,,ohlcv_backfill,minute,0.00014949230106915473,0.00015069443315757143,0.00014658089468616993,0.0001492538713748262,3294.9867153755013,/home/runner/work/Solana-Memecoin-Analysis/Solana-Memecoin-Analysis/data/cache/2026-09-23/064854691075_ohlcv_be1a013ce267.json
2026-09-20T04:30:00+00:00,HCAZia1gVGy1hrfWR2FyLAXZFzC1REfDcPwC2MHao5rm,solana,PumpSwap,,,,,2026-08-04T01:28:30Z,0.00014949230106915473,,,,,,,,,,,,,,,,,,,ohlcv_backfill,minute,0.00014900497365599223,0.0001502374831867559,0.0001460293279734516,0.00014949230106915473,3619.2423754158244,/home/runner/work/Solana-Memecoin-Analysis/Solana-Memecoin-Analysis/data/cache/2026-09-23/064854691075_ohlcv_be1a013ce267.json
2026-09-20T04:25:00+00:00,HCAZia1gVGy1hrfWR2FyLAXZFzC1REfDcPwC2MHao5rm,solana,PumpSwap,,,,,2026-08-04T01:28:30Z,0.00014900497365599223,,,,,,,,,,,,,,,,,,,ohlcv_backfill,minute,0.00014925791322727337,0.00014995345858822035,0.00014609466000760826,0.00014900497365599223,3730.379322559681,/home/runner/work/Solana-Memecoin-Analysis/Solana-Memecoin-Analysis/data/cache/2026-09-23/064854691075_ohlcv_be1a013ce267.json
2026-09-20T04:20:00+00:00,HCAZia1gVGy1hrfWR2FyLAXZFzC1REfDcPwC2MHao5rm,solana,PumpSwap,,,,,2026-08-04T01:28:30Z,0.00014925791322727337,,,,,,,,,,,,,,,,,,,ohlcv_backfill,minute,0.00014954304741087392,0.00015076596901775278,0.0001462851861293229,0.00014925791322727337,3789.9229394785634,/home/runner/work/Solana-Memecoin-Analysis/Solana-Memecoin-Analysis/data/cache/2026-09-23/064854691075_ohlcv_be1a013ce267.json
2026-09-20T04:15:00+00:00,HCAZia1gVGy1hrfWR2FyLAXZFzC1REfDcPwC2MHao5rm,solana,PumpSwap,,,,,2026-08-04T01:28:30Z,0.00014954304741087392,,,,,,,,,,,,,,,,,,,ohlcv_backfill,minute,0.0001495577658106865,0.00015131315132612793,0.00014690629462426976,0.00014954304741087392,4420.608065238906,/home/runner/work/Solana-Memecoin-Analysis/Solana-Memecoin-Analysis/data/cache/2026-09-23/064854691075_ohlcv_be1a013ce267.json
2026-09-20T04:10:00+00:00,HCAZia1gVGy1hrfWR2FyLAXZFzC1REfDcPwC2MHao5rm,solana,PumpSwap,,,,,2026-08-04T01:28:30Z,0.0001495577658106865,,,,,,,,,,,,,,,,,,,ohlcv_backfill,minute,0.000149908962110926,0.0001505154504988392,0.0001456916537968305,0.0001495577658106865,5984.047590498665,/home/runner/work/Solana-Memecoin-Analysis/Solana-Memecoin-Analysis/data/cache/2026-09-23/064854691075_ohlcv_be1a013ce267.json
2026-09-20T04:05:00+00:00,HCAZia1gVGy1hrfWR2FyLAXZFzC1REfDcPwC2MHao5rm,solana,PumpSwap,,,,,2026-08-04T01:28:30Z,0.000149908962110926,,,,,,,,,,,,,,,,,,,ohlcv_backfill,minute,0.00014959681870943843,0.0001513693830421586,0.00014571249957351227,0.000149908962110926,5275.2512634531,/home/runner/work/Solana-Memecoin-Analysis/Solana-Memecoin-Analysis/data/cache/2026-09-23/064854691075_ohlcv_be1a013ce267.json
2026-09-20T04:00:00+00:00,HCAZia1gVGy1hrfWR2FyLAXZFzC1REfDcPwC2MHao5rm,solana,PumpSwap,,,,,2026-08-04T01:28:30Z,0.00014959681870943843,,,,,,,,,,,,,,,,,,,ohlcv_backfill,minute,0.00015084273655432848,0.00015231685710496927,0.00014669487472729223,0.00014959681870943843,5500.960533224023,/home/runner/work/Solana-Memecoin-Analysis/Solana-Memecoin-Analysis/data/cache/2026-09-23/064854691075_ohlcv_be1a013ce267.json
2026-09-20T03:55:00+00:00,HCAZia1gVGy1hrfWR2FyLAXZFzC1REfDcPwC2MHao5rm,solana,PumpSwap,,,,,2026-08-04T01:28:30Z,0.00015084273655432848,,,,,,,,,,,,,,,,,,,ohlcv_backfill,minute,0.00014951968781515634,0.0001511938726987443,0.00014589841814624698,0.00015084273655432848,6514.224614440626,/home/runner/work/Solana-Memecoin-Analysis/Solana-Memecoin-Analysis/data/cache/2026-09-23/064854691075_ohlcv_be1a013ce267.json
2026-09-20T03:50:00+00:00,HCAZia1gVGy1hrfWR2FyLAXZFzC1REfDcPwC2MHao5rm,solana,PumpSwap,,,,,2026-08-04T01:28:30Z,0.00014951968781515634,,,,,,,,,,,,,,,,,,,ohlcv_backfill,minute,0.00014839609157605926,0.0001520023170790963,0.00014549146676842833,0.00014951968781515634,8047.188264925988,/home/runner/work/Solana-Memecoin-Analysis/Solana-Memecoin-Analysis/data/cache/2026-09-23/064854691075_ohlcv_be1a013ce267.json
2026-09-20T03:45:00+00:00,HCAZia1gVGy1hrfWR2FyLAXZFzC1REfDcPwC2MHao5rm,solana,PumpSwap,,,,,2026-08-04T01:28:30Z,0.00014839609157605926,,,,,,,,,,,,,,,,,,,ohlcv_backfill,minute,0.00014879399495133373,0.00015182028858981846,0.0001452539082214447,0.00014839609157605926,7858.700095369682,/home/runner/work/Solana-Memecoin-Analysis/Solana-Memecoin-Analysis/data/cache/2026-09-23/064854691075_ohlcv_be1a013ce267.json
2026-09-20T03:40:00+00:00,HCAZia1gVGy1hrfWR2FyLAXZFzC1REfDcPwC2MHao5rm,solana,PumpSwap,,,,,2026-08-04T01:28:30Z,0.00014879399495133373,,,,,,,,,,,,,,,,,,,ohlcv_backfill,minute,0.0001456826552817145,0.00015109766245277676,0.00014494431990120138,0.00014879399495133373,8396.189936917759,/home/runner/work/Solana-Memecoin-Analysis/Solana-Memecoin-Analysis/data/cache/2026-09-23/064854691075_ohlcv_be1a013ce267.json
2026-09-20T03:35:00+00:00,HCAZia1gVGy1hrfWR2FyLAXZFzC1REfDcPwC2MHao5rm,solana,PumpSwap,,,,,2026-08-04T01:28:30Z,0.0001456826552817145,,,,,,,,,,,,,,,,,,,ohlcv_backfill,minute,0.00014599786882524724,0.00014972104388321747,0.00014449215065786018,0.0001456826552817145,2068.267519071372,/home/runner/work/Solana-Memecoin-Analysis/Solana-Memecoin-Analysis/data/cache/2026-09-23/064854691075_ohlcv_be1a013ce267.json
2026-09-20T03:30:00+00:00,HCAZia1gVGy1hrfWR2FyLAXZFzC1REfDcPwC2MHao5rm,solana,PumpSwap,,,,,2026-08-04T01:28:30Z,0.00014599786882524724,,,,,,,,,,,,,,,,,,,ohlcv_backfill,minute,0.0001440818837914007,0.00014680650138259988,0.0001440818837914007,0.00014599786882524724,209.01828649408012,/home/runner/work/Solana-Memecoin-Analysis/Solana-Memecoin-Analysis/data/cache/2026-09-23/064854691075_ohlcv_be1a013ce267.json
2026-09-20T03:25:00+00:00,HCAZia1gVGy1hrfWR2FyLAXZFzC1REfDcPwC2MHao5rm,solana,PumpSwap,,,,,2026-08-04T01:28:30Z,0.0001440818837914007,,,,,,,,,,,,,,,,,,,ohlcv_backfill,minute,0.0001442358310322116,0.00014719712646221167,0.0001440818837914007,0.0001440818837914007,215.5744786042679,/home/runner/work/Solana-Memecoin-Analysis/Solana-Memecoin-Analysis/data/cache/2026-09-23/064854691075_ohlcv_be1a013ce267.json
2026-09-20T03:15:00+00:00,HCAZia1gVGy1hrfWR2FyLAXZFzC1REfDcPwC2MHao5rm,solana,PumpSwap,,,,,2026-08-04T01:28:30Z,0.0001442358310322116,,,,,,,,,,,,,,,,,,,ohlcv_backfill,minute,0.00014615187548220454,0.00014615187548220454,0.0001442358310322116,0.0001442358310322116,104.21233010253742,/home/runner/work/Solana-Memecoin-Analysis/Solana-Memecoin-Analysis/data/cache/2026-09-23/064854691075_ohlcv_be1a013ce267.json
2026-09-20T03:10:00+00:00,HCAZia1gVGy1hrfWR2FyLAXZFzC1REfDcPwC2MHao5rm,solana,PumpSwap,,,,,2026-08-04T01:28:30Z,0.00014615187548220454,,,,,,,,,,,,,,,,,,,ohlcv_backfill,minute,0.00014381644271982635,0.00014615187548220454,0.00014381644271982635,0.00014615187548220454,105.5966980178109,/home/runner/work/Solana-Memecoin-Analysis/Solana-Memecoin-Analysis/data/cache/2026-09-23/064854691075_ohlcv_be1a013ce267.json
2026-09-20T03:05:00+00:00,HCAZia1gVGy1hrfWR2FyLAXZFzC1REfDcPwC2MHao5rm,solana,PumpSwap,,,,,2026-08-04T01:28:30Z,0.00014381644271982635,,,,,,,,,,,,,,,,,,,ohlcv_backfill,minute,0.0001452710987949187,0.0001452710987949187,0.00014381644271982635,0.00014381644271982635,45.63918021415334,/home/runner/work/Solana-Memecoin-Analysis/Solana-Memecoin-Analysis/data/cache/2026-09-23/064854691075_ohlcv_be1a013ce267.json
2026-09-20T03:00:00+00:00,HCAZia1gVGy1hrfWR2FyLAXZFzC1REfDcPwC2MHao5rm,solana,PumpSwap,,,,,2026-08-04T01:28:30Z,0.0001452710987949187,,,,,,,,,,,,,,,,,,,ohlcv_backfill,minute,0.00014543112633240543,0.00014543112633240543,0.0001452710987949187,0.0001452710987949187,4.792330795495189,/home/runner/work/Solana-Memecoin-Analysis/Solana-Memecoin-Analysis/data/cache/2026-09-23/064854691075_ohlcv_be1a013ce267.json
2026-09-20T02:55:00+00:00,HCAZia1gVGy1hrfWR2FyLAXZFzC1REfDcPwC2MHao5rm,solana,PumpSwap,,,,,2026-08-04T01:28:30Z,0.00014543112633240543,,,,,,,,,,,,,,,,,,,ohlcv_backfill,minute,0.00014416913426393383,0.00014543112633240543,0.00014416913426393383,0.00014543112633240543,42.844809539577874,/home/runner/work/Solana-Memecoin-Analysis/Solana-Memecoin-Analysis/data/cache/2026-09-23/064854691075_ohlcv_be1a013ce267.json
2026-09-20T02:50:00+00:00,HCAZia1gVGy1hrfWR2FyLAXZFzC1REfDcPwC2MHao5rm,solana,PumpSwap,,,,,2026-08-04T01:28:30Z,0.00014416913426393383,,,,,,,,,,,,,,,,,,,ohlcv_backfill,minute,0.00014732065661332113,0.00014732065661332113,0.00014416913426393383,0.00014416913426393383,59.58973069495981,/home/runner/work/Solana-Memecoin-Analysis/Solana-Memecoin-Analysis/data/cache/2026-09-23/064854691075_ohlcv_be1a013ce267.json
2026-09-20T02:40:00+00:00,HCAZia1gVGy1hrfWR2FyLAXZFzC1REfDcPwC2MHao5rm,solana,PumpSwap,,,,,2026-08-04T01:28:30Z,0.00014732065661332113,,,,,,,,,,,,,,,,,,,ohlcv_backfill,minute,0.0001458491263795884,0.00014732065661332113,0.0001458491263795884,0.00014732065661332113,60.892356038712876,/home/runner/work/Solana-Memecoin-Analysis/Solana-Memecoin-Analysis/data/cache/2026-09-23/064854691075_ohlcv_be1a013ce267.json
2026-09-20T02:35:00+00:00,HCAZia1gVGy1hrfWR2FyLAXZFzC1REfDcPwC2MHao5rm,solana,PumpSwap,,,,,2026-08-04T01:28:30Z,0.0001458491263795884,,,,,,,,,,,,,,,,,,,ohlcv_backfill,minute,0.0001485248430071276,0.0001485248430071276,0.0001458491263795884,0.0001458491263795884,134.6688381254711,/home/runner/work/Solana-Memecoin-Analysis/Solana-Memecoin-Analysis/data/cache/2026-09-23/064854691075_ohlcv_be1a013ce267.json
2026-09-20T02:25:00+00:00,HCAZia1gVGy1hrfWR2FyLAXZFzC1REfDcPwC2MHao5rm,solana,PumpSwap,,,,,2026-08-04T01:28:30Z,0.0001485248430071276,,,,,,,,,,,,,,,,,,,ohlcv_backfill,minute,0.00014617620587430914,0.0001485248430071276,0.00014617620587430914,0.0001485248430071276,137.1394435951665,/home/runner/work/Solana-Memecoin-Analysis/Solana-Memecoin-Analysis/data/cache/2026-09-23/064854691075_ohlcv_be1a013ce267.json
2026-09-20T02:20:00+00:00,HCAZia1gVGy1hrfWR2FyLAXZFzC1REfDcPwC2MHao5rm,solana,PumpSwap,,,,,2026-08-04T01:28:30Z,0.00014617620587430914,,,,,,,,,,,,,,,,,,,ohlcv_backfill,minute,0.00014920792072767376,0.00014920792072767376,0.00014617620587430914,0.00014617620587430914,0.010388638581676157,/home/runner/work/Solana-Memecoin-Analysis/Solana-Memecoin-Analysis/data/cache/2026-09-23/064854691075_ohlcv_be1a013ce267.json
2026-09-20T02:15:00+00:00,HCAZia1gVGy1hrfWR2FyLAXZFzC1REfDcPwC2MHao5rm,solana,PumpSwap,,,,,2026-08-04T01:28:30Z,0.00014920792072767376,,,,,,,,,,,,,,,,,,,ohlcv_backfill,minute,0.0001469886183314068,0.00014920792072767376,0.00014663520110996667,0.00014920792072767376,234.81340674449305,/home/runner/work/Solana-Memecoin-Analysis/Solana-Memecoin-Analysis/data/cache/2026-09-23/064854691075_ohlcv_be1a013ce267.json
2026-09-20T02:05:00+00:00,HCAZia1gVGy1hrfWR2FyLAXZFzC1REfDcPwC2MHao5rm,solana,PumpSwap,,,,,2026-08-04T01:28:30Z,0.0001469886183314068,,,,,,,,,,,,,,,,,,,ohlcv_backfill,minute,0.00014641370797222972,0.00014942801501031206,0.00014641370797222972,0.0001469886183314068,239.7488872944153,/home/runner/work/Solana-Memecoin-Analysis/Solana-Memecoin-Analysis/data/cache/2026-09-23/064854691075_ohlcv_be1a013ce267.json
2026-09-20T02:00:00+00:00,HCAZia1gVGy1hrfWR2FyLAXZFzC1REfDcPwC2MHao5rm,solana,PumpSwap,,,,,2026-08-04T01:28:30Z,0.00014641370797222972,,,,,,,,,,,,,,,,,,,ohlcv_backfill,minute,0.00014885357521768295,0.00014885357521768295,0.00014641370797222972,0.00014641370797222972,137.03363546803644,/home/runner/work/Solana-Memecoin-Analysis/Solana-Memecoin-Analysis/data/cache/2026-09-23/064854691075_ohlcv_be1a013ce267.json
2026-09-20T01:50:00+00:00,HCAZia1gVGy1hrfWR2FyLAXZFzC1REfDcPwC2MHao5rm,solana,PumpSwap,,,,,2026-08-04T01:28:30Z,0.00014885357521768295,,,,,,,,,,,,,,,,,,,ohlcv_backfill,minute,0.00014921694537719976,0.00014921694537719976,0.00014885357521768295,0.00014885357521768295,139.00461249359918,/home/runner/work/Solana-Memecoin-Analysis/Solana-Memecoin-Analysis/data/cache/2026-09-23/064854691075_ohlcv_be1a013ce267.json
2026-09-20T01:40:00+00:00,HCAZia1gVGy1hrfWR2FyLAXZFzC1REfDcPwC2MHao5rm,solana,PumpSwap,,,,,2026-08-04T01:28:30Z,0.00014921694537719976,,,,,,,,,,,,,,,,,,,ohlcv_backfill,minute,0.00014631071185242081,0.00014921694537719976,0.00014631071185242081,0.00014921694537719976,249.46340278118006,/home/runner/work/Solana-Memecoin-Analysis/Solana-Memecoin-Analysis/data/cache/2026-09-23/064854691075_ohlcv_be1a013ce267.json
2026-09-20T01:35:00+00:00,HCAZia1gVGy1hrfWR2FyLAXZFzC1REfDcPwC2MHao5rm,solana,PumpSwap,,,,,2026-08-04T01:28:30Z,0.00014631071185242081,,,,,,,,,,,,,,,,,,,ohlcv_backfill,minute,0.00014624355748133445,0.00014910504088052758,0.00014624222106366042,0.00014631071185242081,260.83161855275904,/home/runner/work/Solana-Memecoin-Analysis/Solana-Memecoin-Analysis/data/cache/2026-09-23/064854691075_ohlcv_be1a013ce267.json
2026-09-20T01:30:00+00:00,HCAZia1gVGy1hrfWR2FyLAXZFzC1REfDcPwC2MHao5rm,solana,PumpSwap,,,,,2026-08-04T01:28:30Z,0.00014624355748133445,,,,,,,,,,,,,,,,,,,ohlcv_backfill,minute,0.00014697203532198531,0.00014697203532198531,0.00014624355748133445,0.00014624355748133445,0.0315721298381548,/home/runner/work/Solana-Memecoin-Analysis/Solana-Memecoin-Analysis/data/cache/2026-09-23/064854691075_ohlcv_be1a013ce267.json
2026-09-20T01:25:00+00:00,HCAZia1gVGy1hrfWR2FyLAXZFzC1REfDcPwC2MHao5rm,solana,PumpSwap,,,,,2026-08-04T01:28:30Z,0.00014697203532198531,,,,,,,,,,,,,,,,,,,ohlcv_backfill,minute,0.0001492020456431557,0.0001492020456431557,0.00014697203532198531,0.00014697203532198531,97.45197793006906,/home/runner/work/Solana-Memecoin-Analysis/Solana-Memecoin-Analysis/data/cache/2026-09-23/064854691075_ohlcv_be1a013ce267.json
2026-09-20T01:20:00+00:00,HCAZia1gVGy1hrfWR2FyLAXZFzC1REfDcPwC2MHao5rm,solana,PumpSwap,,,,,2026-08-04T01:28:30Z,0.0001492020456431557,,,,,,,,,,,,,,,,,,,ohlcv_backfill,minute,0.00014722154937740693,0.0001492020456431557,0.00014722154937740693,0.0001492020456431557,98.93061919761647,/home/runner/work/Solana-Memecoin-Analysis/Solana-Memecoin-Analysis/data/cache/2026-09-23/064854691075_ohlcv_be1a013ce267.json
2026-09-20T01:10:00+00:00,HCAZia1gVGy1hrfWR2FyLAXZFzC1REfDcPwC2MHao5rm,solana,PumpSwap,,,,,2026-08-04T01:28:30Z,0.00014722154937740693,,,,,,,,,,,,,,,,,,,ohlcv_backfill,minute,0.0001501049958919312,0.0001501049958919312,0.00014722154937740693,0.00014722154937740693,101.65538367451764,/home/runner/work/Solana-Memecoin-Analysis/Solana-Memecoin-Analysis/data/cache/2026-09-23/064854691075_ohlcv_be1a013ce267.json
2026-09-20T01:05:00+00:00,HCAZia1gVGy1hrfWR2FyLAXZFzC1REfDcPwC2MHao5rm,solana,PumpSwap,,,,,2026-08-04T01:28:30Z,0.0001501049958919312,,,,,,,,,,,,,,,,,,,ohlcv_backfill,minute,0.00014999349837630812,0.0001501049958919312,0.00014999349837630812,0.0001501049958919312,0.011461472905382769,/home/runner/work/Solana-Memecoin-Analysis/Solana-Memecoin-Analysis/data/cache/2026-09-23/064854691075_ohlcv_be1a013ce267.json
2026-09-20T01:00:00+00:00,HCAZia1gVGy1hrfWR2FyLAXZFzC1REfDcPwC2MHao5rm,solana,PumpSwap,,,,,2026-08-04T01:28:30Z,0.00014999349837630812,,,,,,,,,,,,,,,,,,,ohlcv_backfill,minute,0.00014798830085323964,0.00014999349837630812,0.00014798830085323964,0.00014999349837630812,103.34858582269837,/home/runner/work/Solana-Memecoin-Analysis/Solana-Memecoin-Analysis/data/cache/2026-09-23/064854691075_ohlcv_be1a013ce267.json
2026-09-20T00:50:00+00:00,HCAZia1gVGy1hrfWR2FyLAXZFzC1REfDcPwC2MHao5rm,solana,PumpSwap,,,,,2026-08-04T01:28:30Z,0.00014798830085323964,,,,,,,,,,,,,,,,,,,ohlcv_backfill,minute,0.00015067944114270862,0.00015067944114270862,0.00014798830085323964,0.00014798830085323964,143.05175307158808,/home/runner/work/Solana-Memecoin-Analysis/Solana-Memecoin-Analysis/data/cache/2026-09-23/064854691075_ohlcv_be1a013ce267.json
2026-09-20T00:45:00+00:00,HCAZia1gVGy1hrfWR2FyLAXZFzC1REfDcPwC2MHao5rm,solana,PumpSwap,,,,,2026-08-04T01:28:30Z,0.00015067944114270862,,,,,,,,,,,,,,,,,,,ohlcv_backfill,minute,0.00014961491754890882,0.00015067944114270862,0.00014961491754890882,0.00015067944114270862,145.1742615959447,/home/runner/work/Solana-Memecoin-Analysis/Solana-Memecoin-Analysis/data/cache/2026-09-23/064854691075_ohlcv_be1a013ce267.json
2026-09-20T00:40:00+00:00,HCAZia1gVGy1hrfWR2FyLAXZFzC1REfDcPwC2MHao5rm,solana,PumpSwap,,,,,2026-08-04T01:28:30Z,0.00014961491754890882,,,,,,,,,,,,,,,,,,,ohlcv_backfill,minute,0.00014741999084172167,0.00014961491754890882,0.00014741999084172167,0.00014961491754890882,7.4860942042440834,/home/runner/work/Solana-Memecoin-Analysis/Solana-Memecoin-Analysis/data/cache/2026-09-23/064854691075_ohlcv_be1a013ce267.json
2026-09-20T00:35:00+00:00,HCAZia1gVGy1hrfWR2FyLAXZFzC1REfDcPwC2MHao5rm,solana,PumpSwap,,,,,2026-08-04T01:28:30Z,0.00014741999084172167,,,,,,,,,,,,,,,,,,,ohlcv_backfill,minute,0.0001496116407427723,0.0001496116407427723,0.00014741999084172167,0.00014741999084172167,49.00791695828766,/home/runner/work/Solana-Memecoin-Analysis/Solana-Memecoin-Analysis/data/cache/2026-09-23/064854691075_ohlcv_be1a013ce267.json
2026-09-20T00:30:00+00:00,HCAZia1gVGy1hrfWR2FyLAXZFzC1REfDcPwC2MHao5rm,solana,PumpSwap,,,,,2026-08-04T01:28:30Z,0.0001496116407427723,,,,,,,,,,,,,,,,,,,ohlcv_backfill,minute,0.00014714583372380858,0.00014971364788454982,0.00014714583372380858,0.0001496116407427723,49.69185727287998,/home/runner/work/Solana-Memecoin-Analysis/Solana-Memecoin-Analysis/data/cache/2026-09-23/064854691075_ohlcv_be1a013ce267.json
2026-09-20T00:20:00+00:00,HCAZia1gVGy1hrfWR2FyLAXZFzC1REfDcPwC2MHao5rm,solana,PumpSwap,,,,,2026-08-04T01:28:30Z,0.00014714583372380858,,,,,,,,,,,,,,,,,,,ohlcv_backfill,minute,0.0001495508953787704,0.0001495508953787704,0.00014714583372380858,0.00014714583372380858,55.464158830656565,/home/runner/work/Solana-Memecoin-Analysis/Solana-Memecoin-Analysis/data/cache/2026-09-23/064854691075_ohlcv_be1a013ce267.json
2026-09-20T00:10:00+00:00,HCAZia1gVGy1hrfWR2FyLAXZFzC1REfDcPwC2MHao5rm,solana,PumpSwap,,,,,2026-08-04T01:28:30Z,0.0001495508953787704,,,,,,,,,,,,,,,,,,,ohlcv_backfill,minute,0.00014724233777307206,0.0001495508953787704,0.00014724233777307206,0.0001495508953787704,56.37070656124814,/home/runner/work/Solana-Memecoin-Analysis/Solana-Memecoin-Analysis/data/cache/2026-09-23/064854691075_ohlcv_be1a013ce267.json
2026-09-20T00:05:00+00:00,HCAZia1gVGy1hrfWR2FyLAXZFzC1REfDcPwC2MHao5rm,solana,PumpSwap,,,,,2026-08-04T01:28:30Z,0.00014724233777307206,,,,,,,,,,,,,,,,,,,ohlcv_backfill,minute,0.0001476247220366546,0.0001476247220366546,0.00014724233777307206,0.00014724233777307206,0.0070862619026518595,/home/runner/work/Solana-Memecoin-Analysis/Solana-Memecoin-Analysis/data/cache/2026-09-23/064854691075_ohlcv_be1a013ce267.json
2026-09-20T00:00:00+00:00,HCAZia1gVGy1hrfWR2FyLAXZFzC1REfDcPwC2MHao5rm,solana,PumpSwap,,,,,2026-08-04T01:28:30Z,0.0001476247220366546,,,,,,,,,,,,,,,,,,,ohlcv_backfill,minute,0.00014983061829090303,0.00014983061829090303,0.0001476247220366546,0.0001476247220366546,95.31184034071855,/home/runner/work/Solana-Memecoin-Analysis/Solana-Memecoin-Analysis/data/cache/2026-09-23/064854691075_ohlcv_be1a013ce267.json
2026-09-19T23:55:00+00:00,HCAZia1gVGy1hrfWR2FyLAXZFzC1REfDcPwC2MHao5rm,solana,PumpSwap,,,,,2026-08-04T01:28:30Z,0.00014983061829090303,,,,,,,,,,,,,,,,,,,ohlcv_backfill,minute,0.0001485922868740199,0.00014983061829090303,0.00014734987636886698,0.00014983061829090303,157.14285945072297,/home/runner/work/Solana-Memecoin-Analysis/Solana-Memecoin-Analysis/data/cache/2026-09-23/064854691075_ohlcv_be1a013ce267.json
2026-09-19T23:50:00+00:00,HCAZia1gVGy1hrfWR2FyLAXZFzC1REfDcPwC2MHao5rm,solana,PumpSwap,,,,,2026-08-04T01:28:30Z,0.0001485922868740199,,,,,,,,,,,,,,,,,,,ohlcv_backfill,minute,0.00014555349294992798,0.0001485922868740199,0.00014555349294992798,0.0001485922868740199,205.52309743437993,/home/runner/work/Solana-Memecoin-Analysis/Solana-Memecoin-Analysis/data/cache/2026-09-23/064854691075_ohlcv_be1a013ce267.json
2026-09-19T23:45:00+00:00,HCAZia1gVGy1hrfWR2FyLAXZFzC1REfDcPwC2MHao5rm,solana,PumpSwap,,,,,2026-08-04T01:28:30Z,0.00014555349294992798,,,,,,,,,,,,,,,,,,,ohlcv_backfill,minute,0.00014756347892124516,0.00014756347892124516,0.00014555349294992798,0.00014555349294992798,99.73137387307607,/home/runner/work/Solana-Memecoin-Analysis/Solana-Memecoin-Analysis/data/cache/2026-09-23/064854691075_ohlcv_be1a013ce267.json
2026-09-19T23:40:00+00:00,HCAZia1gVGy1hrfWR2FyLAXZFzC1REfDcPwC2MHao5rm,solana,PumpSwap,,,,,2026-08-04T01:28:30Z,0.00014756347892124516,,,,,,,,,,,,,,,,,,,ohlcv_backfill,minute,0.0001479317569945148,0.0001479317569945148,0.00014756347892124516,0.00014756347892124516,100.87642803320252,/home/runner/work/Solana-Memecoin-Analysis/Solana-Memecoin-Analysis/data/cache/2026-09-23/064854691075_ohlcv_be1a013ce267.json
2026-09-19T23:35:00+00:00,HCAZia1gVGy1hrfWR2FyLAXZFzC1REfDcPwC2MHao5rm,solana,PumpSwap,,,,,2026-08-04T01:28:30Z,0.0001479317569945148,,,,,,,,,,,,,,,,,,,ohlcv_backfill,minute,0.0001479317569945148,0.0001479317569945148,0.00014585530171785664,0.0001479317569945148,285.4913814337504,/home/runner/work/Solana-Memecoin-Analysis/Solana-Memecoin-Analysis/data/cache/2026-09-23/064854691075_ohlcv_be1a013ce267.json
2026-09-23T06:45:00+00:00,8PSKpEDnA1tPk5EHrbUJ9FkeuyPTDbUbMAENtpEEEU7t,solana,PumpSwap,,,,,2026-09-23T06:45:17Z,4.871900895927011e-05,,,,,,,,,,,,,,,,,,,ohlcv_backfill,minute,4.9639730727133496e-05,5.327069948400442e-05,4.8662891173416525e-05,4.871900895927011e-05,2415.1546004249994,/home/runner/work/Solana-Memecoin-Analysis/Solana-Memecoin-Analysis/data/cache/2026-09-23/064908262990_ohlcv_f6eee2360e80.json
2026-09-23T06:45:00+00:00,Ck4SsGEQ3bRss6kXorNg8PHcoZwfCEj7xSVwTu9VWGBf,solana,Pump.fun,,,,,2026-09-23T06:45:08Z,3.3312744915378554e-06,,,,,,,,,,,,,,,,,,,ohlcv_backfill,minute,3.3312744915378554e-06,3.3312744915378554e-06,3.331271160263363e-06,3.3312744915378554e-06,0.23828910650798163,/home/runner/work/Solana-Memecoin-Analysis/Solana-Memecoin-Analysis/data/cache/2026-09-23/064915716722_ohlcv_9a9a02991c72.json
2026-09-23T06:45:00+00:00,Gxab7HAVu4Zm5Yz8R1P9mgWW4RdNZhuhjADsLBy1oXTk,solana,Raydium Launchlab,,,,,2026-09-23T06:45:08Z,3.3946644327316912e-06,,,,,,,,,,,,,,,,,,,ohlcv_backfill,minute,4.091218778847948e-06,4.300720120324536e-06,3.3946644327316912e-06,3.3946644327316912e-06,983.8717830614639,/home/runner/work/Solana-Memecoin-Analysis/Solana-Memecoin-Analysis/data/cache/2026-09-23/064930721969_ohlcv_6d859468fd56.json
2026-09-23T06:45:00+00:00,FhW8Rri8Bb6w2L2biHbV4xs7VCbE5ubc8ix7kAS5e1bp,solana,Meteora DAMM V2,,,,,2026-09-23T06:45:06Z,4.705196921081037e-10,,,,,,,,,,,,,,,,,,,ohlcv_backfill,minute,5.957443357659118e-05,0.00012430581129845597,4.2953703901274504e-10,4.705196921081037e-10,10995.957256349217,/home/runner/work/Solana-Memecoin-Analysis/Solana-Memecoin-Analysis/data/cache/2026-09-23/064938421112_ohlcv_7170b10f08c8.json
2026-09-23T06:45:00+00:00,7eSZXYsLTvDXgMnbK5Jxw1rU4yXBNK5hwkKsz6fkGGEf,solana,Pump.fun,,,,,2026-09-23T06:45:01Z,1.0906510409575941e-07,,,,,,,,,,,,,,,,,,,ohlcv_backfill,minute,3.3371268008495114e-06,3.9550048448425806e-06,1.0906510409575941e-07,1.0906510409575941e-07,1036.8062674868663,/home/runner/work/Solana-Memecoin-Analysis/Solana-Memecoin-Analysis/data/cache/2026-09-23/064953236047_ohlcv_98e863d0d45b.json
