request_timestamp_utc,pool_address,network,dex,base_token_address,base_token_symbol,quote_token_address,quote_token_symbol,pool_created_at,price_usd,fdv_usd,market_cap_usd,reserve_usd,volume_usd_m5,volume_usd_h1,volume_usd_h24,buys_m5,sells_m5,buyers_m5,sellers_m5,buys_h1,sells_h1,buyers_h1,sellers_h1,buys_h24,sells_h24,buyers_h24,sellers_h24,source,ohlcv_timeframe,ohlcv_open,ohlcv_high,ohlcv_low,ohlcv_close,ohlcv_volume,raw_cache_path
2026-09-22T00:45:02.543914+00:00,Bd4wKg3xEBKJ4Xrw8skXMmJ4W65gk3x8yd7AovuBJisZ,solana,PumpSwap,EpEfnZxQyiBXppSKi8sncc8w4corn1UJbF9G91fQpump,PEPENOM,So11111111111111111111111111111111111111112,SOL,2026-09-11T00:55:05Z,0.0003920706799249127,231962.071796976,231985.547374793,132300.8386,51.5579380462,2551.5656619279,139958.45705465,3,1,3,1,61,21,60,21,5619,2017,5357,1861,snapshot,,,,,,,/home/runner/work/Solana-Memecoin-Analysis/Solana-Memecoin-Analysis/data/cache/2026-09-22/004510579193_multi_pools_160ea732db9e.json
2026-09-22T00:45:02.543914+00:00,4R8CiMnJWDNoes3fQi1ccPFJygPXazaHaWpHrN3rZeNj,solana,PumpSwap,GTBxUiw6wJdmmkCGZgRHLyYxqu1vG4KtRpeox6yDpump,JEANPHIL,So11111111111111111111111111111111111111112,SOL,2026-09-19T19:06:59Z,0.0019068350951030942,1888132.212,,171575.5939,4811.6457848488,84019.816077501,4896848.5147857,23,22,19,20,279,402,191,246,19875,17659,6356,7604,snapshot,,,,,,,/home/runner/work/Solana-Memecoin-Analysis/Solana-Memecoin-Analysis/data/cache/2026-09-22/004510579193_multi_pools_160ea732db9e.json
2026-09-22T00:45:02.543914+00:00,HMzvsEEmtzHhvZNw9uwbaG85HCTmFnkbhzUx16cy7ca3,solana,PumpSwap,Ai66LHZG9MCzg1WKdawwqduVAXpNDUuV8M3uyq5ppump,CATE,So11111111111111111111111111111111111111112,SOL,2026-07-26T16:32:43Z,0.09373679236510288,90716316.2796267,90737305.2119395,3586736.9863,7009.2304408032,263728.305881265,6151738.44428137,49,11,48,11,506,746,336,301,11739,8615,3552,3228,snapshot,,,,,,,/home/runner/work/Solana-Memecoin-Analysis/Solana-Memecoin-Analysis/data/cache/2026-09-22/004510579193_multi_pools_160ea732db9e.json
2026-09-22T00:45:02.543914+00:00,7a8xxAJBELDo6P9dikSYctdw6ce8F4mWr3ahcAD8Ao49,solana,Raydium (CLMM),6GmAFSYs4gk3FDao5FzzySQpPZaWsa4rUJHacpMpUNgx,STONK,XsoCS1TfEyfFhfvj8EtZ528L3CaKBDBRqRapnBbDF2W,SPYx,2026-07-23T19:07:17Z,0.3754804336204417,310863760.07065,311040844.010696,7430435.2344,63722.5431798915,912655.022854975,9099026.95541715,540,412,301,245,4688,3569,1483,1367,20891,20249,5760,6322,snapshot,,,,,,,/home/runner/work/Solana-Memecoin-Analysis/Solana-Memecoin-Analysis/data/cache/2026-09-22/004510579193_multi_pools_160ea732db9e.json
2026-09-22T00:45:02.543914+00:00,EyeeG5fzZEigSQv7jUdxydePnsPL382KyVfXAANXVmeD,solana,PumpSwap,G9QZfEPHtZrUF1arcUFvZgYn6zSQLZdvcjCuyhKrpump,Stryker,So11111111111111111111111111111111111111112,SOL,2026-09-19T12:24:11Z,7.418556528847252e-06,7371.8518548723,7371.8518548723,7191.1472,0.0,9.5060655452,4308.860973385,0,0,0,0,0,2,0,2,110,111,70,79,snapshot,,,,,,,/home/runner/work/Solana-Memecoin-Analysis/Solana-Memecoin-Analysis/data/cache/2026-09-22/004510579193_multi_pools_160ea732db9e.json
2026-09-22T00:45:02.543914+00:00,2fwy38cJcChCVySA9cd5SAFaEPtZQWN2ssFip43hnsHU,solana,PumpSwap,91ryaCo5yGpYZM3bs6GUPs97VWJQj7RozBmqPULgpump,TIGRINO,So11111111111111111111111111111111111111112,SOL,2026-09-18T11:06:53Z,0.0002779725867438689,274857.414195066,274857.414195066,64367.7296,8953.9054758363,28656.4971490546,1846708.94131237,50,31,31,13,158,227,108,89,7927,7459,2335,3115,snapshot,,,,,,,/home/runner/work/Solana-Memecoin-Analysis/Solana-Memecoin-Analysis/data/cache/2026-09-22/004510579193_multi_pools_160ea732db9e.json
2026-09-22T00:45:02.543914+00:00,6qz7THwQvcjF3HyDGLuKaLBUk6EyJKeZXZMWLAeiwfjd,solana,Meteora,BPxxfRCXkUVhig4HS1Lh7kZqV6SPJhzfEk4x6fVBjPCy,BP,EPjFWdd5AufqSSqeM2qN1xzybapC8G4wEGGkZwyTDt1v,USDC,2026-03-23T12:39:55Z,0.9005583772965992,905975413.86774,226493979.675,4001275.7934,5084.0042956352,239698.879556916,13995907.4570272,3,12,3,9,944,904,498,533,29670,31192,8161,8051,snapshot,,,,,,,/home/runner/work/Solana-Memecoin-Analysis/Solana-Memecoin-Analysis/data/cache/2026-09-22/004510579193_multi_pools_160ea732db9e.json
2026-09-22T00:45:02.543914+00:00,FpCMFDFGYotvufJ7HrFHsWEiiQCGbkLCtwHiDnh7o28Q,solana,Orca,So11111111111111111111111111111111111111112,SOL,EPjFWdd5AufqSSqeM2qN1xzybapC8G4wEGGkZwyTDt1v,USDC,2023-07-05T14:39:00Z,119.1757970529308,1452807900.66288,1465416535.19222,139335.2319,1654.3577017597,12961.6666612087,467668.510435106,103,52,89,44,749,654,498,391,20733,20674,8418,7890,snapshot,,,,,,,/home/runner/work/Solana-Memecoin-Analysis/Solana-Memecoin-Analysis/data/cache/2026-09-22/004510579193_multi_pools_160ea732db9e.json
2026-09-22T00:45:02.543914+00:00,zxTpi4BtaWX3mgdAPoezkMD1hxx8CdeCfrqXMWvSCLX,solana,Meteora,6GmAFSYs4gk3FDao5FzzySQpPZaWsa4rUJHacpMpUNgx,STONK,So11111111111111111111111111111111111111112,SOL,2026-08-12T10:51:40Z,0.3701711580608934,307012655.459899,307187545.613259,3035015.0765,37752.0200821039,643786.800399473,14787705.8676626,179,93,106,67,1620,1143,763,590,16365,14016,5272,4877,snapshot,,,,,,,/home/runner/work/Solana-Memecoin-Analysis/Solana-Memecoin-Analysis/data/cache/2026-09-22/004510579193_multi_pools_160ea732db9e.json
2026-09-22T00:45:02.543914+00:00,CJieB7FUMhEFMaEFjAxQJnkVXNMvaBm3DHHP8RTgBeG1,solana,PumpSwap,tipp4C4Jnpft26HC9VXNjUPidojZqxXf8nzKvrKf5BS,TIPPED,So11111111111111111111111111111111111111112,SOL,2026-09-19T17:02:13Z,4.937093921680471e-05,49433.8581373692,,25829.761,481.1542105764,8037.3225212847,460948.338844086,6,12,6,9,106,86,74,69,4289,4280,1361,1924,snapshot,,,,,,,/home/runner/work/Solana-Memecoin-Analysis/Solana-Memecoin-Analysis/data/cache/2026-09-22/004510579193_multi_pools_160ea732db9e.json
2026-09-22T00:45:02.543914+00:00,Cb7ZRgPLhji3Th7htXyKEqbXvNjPpeTvckXuWakBUhXu,solana,PumpSwap,Hg5Ja55T5wESq4vyFoiVCMeHXtGyVA69X2UHq8hgpump,baton,pumpCmXqMfrsAkQ5r49WcJnRayYRqmXz6ae8H7H9Dfn,PUMP,2026-09-09T20:32:15Z,0.0016811918029012787,1679962.79102245,1679962.82012943,216926.0273,8988.0501533025,14506.0189051071,414035.874698613,15,17,14,10,38,58,32,43,1217,998,604,614,snapshot,,,,,,,/home/runner/work/Solana-Memecoin-Analysis/Solana-Memecoin-Analysis/data/cache/2026-09-22/004510579193_multi_pools_160ea732db9e.json
2026-09-22T00:45:02.543914+00:00,FDrY5i5kuadZ1ik8gPS26qjj9Rw9mpufXMegGC2HNSP7,solana,PumpSwap,8J69rbLTzWWgUJziFY8jeu5tDwEPBwUz4pKBMr5rpump,WOJAK,So11111111111111111111111111111111111111112,SOL,2025-11-03T20:41:29Z,0.0022142378514352955,2184239.8370316,2184239.96567676,378319.5631,58.7710486663,6059.9403375007,362640.442877519,1,4,1,3,23,37,23,34,1536,1773,857,1072,snapshot,,,,,,,/home/runner/work/Solana-Memecoin-Analysis/Solana-Memecoin-Analysis/data/cache/2026-09-22/004510579193_multi_pools_160ea732db9e.json
2026-09-22T00:45:02.543914+00:00,851G7eJBavuNfn3QcU951tDZkQZK17XPLE2jCzuqtEEs,solana,PumpSwap,CBLgLg4rjkqqwXuZjR1WAqWet2vR68Vne32J2bFLpump,DONATED,So11111111111111111111111111111111111111112,SOL,2026-09-20T04:06:55Z,1.2250221539966944e-05,12164.2396098797,,9166.7592,0.0,242.4258820357,51956.3749762532,0,0,0,0,7,8,6,8,749,912,375,549,snapshot,,,,,,,/home/runner/work/Solana-Memecoin-Analysis/Solana-Memecoin-Analysis/data/cache/2026-09-22/004510579193_multi_pools_160ea732db9e.json
2026-09-22T00:45:02.543914+00:00,GbrDAq3RjcVWeroLDUwmnuQ8N5xaaKj2Rk2dJDg64CLY,solana,Meteora,5dvXTZ5qwgafnHtwu3Ls3QrWx1U4LQsFeCuJgkk4QEC6,EMBER,So11111111111111111111111111111111111111112,SOL,2026-09-09T23:09:57Z,0.013639884759149146,13530946.4382395,13530999.6360979,765344.6245,7565.4387336521,25701.6293672688,2016472.93582469,1,3,1,3,23,8,18,8,2827,1956,1402,922,snapshot,,,,,,,/home/runner/work/Solana-Memecoin-Analysis/Solana-Memecoin-Analysis/data/cache/2026-09-22/004510579193_multi_pools_160ea732db9e.json
2026-09-22T00:45:02.543914+00:00,6e3jZLtf4tQbWZm3f7A66jF8tfZn6MRQVrbDFgcNWarA,solana,PumpSwap,98kfF7rmsg1QDUEoCqNE7g7M1FdrTt92TEp2CLzypump,PAID,So11111111111111111111111111111111111111112,SOL,2026-09-15T19:22:24Z,0.011304314693760264,11126197.6083559,,609217.2018,17706.387771106,423717.146433616,5934092.01268855,41,50,35,40,1434,981,633,549,19154,16266,5976,6053,snapshot,,,,,,,/home/runner/work/Solana-Memecoin-Analysis/Solana-Memecoin-Analysis/data/cache/2026-09-22/004510579193_multi_pools_160ea732db9e.json
2026-09-22T00:45:02.543914+00:00,2i2iULr7UwK1SDRB17T5FUtiMnFQL7fyy7rh69brZihc,solana,PumpSwap,8k4sBtEeK4pf26noKqApv8NBTnuSJcbdwpKYknk5PbAA,CALI,So11111111111111111111111111111111111111112,SOL,2026-09-17T12:12:59Z,0.001576534681640036,1511261.16859901,,129751.5364,406.7407774351,9636.8420357893,1258566.98478904,3,9,3,7,60,110,47,66,5555,5633,2410,2183,snapshot,,,,,,,/home/runner/work/Solana-Memecoin-Analysis/Solana-Memecoin-Analysis/data/cache/2026-09-22/004510579193_multi_pools_160ea732db9e.json
2026-09-22T00:45:02.543914+00:00,GuPbekwP9MqB23CghhiMQZTaigPdUJooovo1neCErhM8,solana,Meteora,HcRLc9VDgjLeK154xDawfb1dmVJ98DoSqcwTHGqiDeJR,ZCAT,So11111111111111111111111111111111111111112,SOL,2026-09-06T00:18:18Z,0.09371351841772896,90744130.6336211,90744192.1220348,1216459.7142,0.0,23430.1679729166,2616502.11464121,0,0,0,0,16,25,14,23,1356,864,726,551,snapshot,,,,,,,/home/runner/work/Solana-Memecoin-Analysis/Solana-Memecoin-Analysis/data/cache/2026-09-22/004510579193_multi_pools_160ea732db9e.json
2026-09-22T00:45:02.543914+00:00,Gc5hVCBydc6k3Z7oc2cQEW4GThFQi2Fqk5HfKABqa2q8,solana,Meteora,98kfF7rmsg1QDUEoCqNE7g7M1FdrTt92TEp2CLzypump,PAID,So11111111111111111111111111111111111111112,SOL,2026-09-15T21:36:04Z,0.011219965985873168,11177294.4067249,,872328.5967,3216.9048308545,207054.351773536,2994792.77903092,5,1,3,1,270,47,196,37,2081,1561,1090,940,snapshot,,,,,,,/home/runner/work/Solana-Memecoin-Analysis/Solana-Memecoin-Analysis/data/cache/2026-09-22/004510579193_multi_pools_160ea732db9e.json
2026-09-22T00:45:02.543914+00:00,6HLorrkY3vqPsyTZDFvTGTnwnZsLM343Jxw6XvEPTKRt,solana,PumpSwap,DFQHUegJWE29Xu3BUxPezqi77uyHURRyxJpdtyvLpump,PUMPCAT,So11111111111111111111111111111111111111112,SOL,2026-09-19T04:29:28Z,0.00011777598921367532,116015.014262255,116015.014262255,35894.5082,2497.8245231679,21698.7474769533,594879.453886856,19,37,17,37,281,259,252,252,7710,7330,2646,2257,snapshot,,,,,,,/home/runner/work/Solana-Memecoin-Analysis/Solana-Memecoin-Analysis/data/cache/2026-09-22/004510579193_multi_pools_160ea732db9e.json
2026-09-22T00:45:02.543914+00:00,Bzc9NZfMqkXR6fz1DBph7BDf9BroyEf6pnzESP7v5iiw,solana,Raydium,9BB6NFEcjBCtnNLFko2FqVQBq8HHM13kCyYcdQbgpump,Fartcoin,So11111111111111111111111111111111111111112,SOL,2024-10-18T06:09:47Z,0.199821743500027,199816030.527822,199816083.486965,9340847.869,10043.2708924054,130654.760272275,3960153.41850573,21,6,8,6,210,154,67,67,10660,10085,3874,3524,snapshot,,,,,,,/home/runner/work/Solana-Memecoin-Analysis/Solana-Memecoin-Analysis/data/cache/2026-09-22/004510579193_multi_pools_160ea732db9e.json
2026-09-22T00:45:02.543914+00:00,5ppcy9VaoLNtqqKxd1pAhvqUrHGfgVVxj4CFkXSfqvcj,solana,Pump.fun,Azgyit1kS9yNN5XaFJh3Et4XErGb6gVNw8wszWdCpump,BANDIT,So11111111111111111111111111111111111111112,SOL,2026-09-20T22:34:01Z,3.3387785874251013e-06,3338.778587,,2641.8737,0.0,0.0,2.5915419622,0,0,0,0,0,0,0,0,0,1,0,1,snapshot,,,,,,,/home/runner/work/Solana-Memecoin-Analysis/Solana-Memecoin-Analysis/data/cache/2026-09-22/004510579193_multi_pools_160ea732db9e.json
2026-09-22T00:45:02.543914+00:00,9Z7eLhTUV5RLWtxKXKLeykW71Ayxmmq2hWHphP1eAZHR,solana,Pump.fun,Cf3dzyXQG4czayzZC1kUXxBTyePJ91jtm8CkGS2Tpump,beer,So11111111111111111111111111111111111111112,SOL,2026-09-20T22:33:58Z,8.58893604e-07,1717.787208,,739.4765,0.0,0.0,0.0,0,0,0,0,0,0,0,0,0,0,0,0,snapshot,,,,,,,/home/runner/work/Solana-Memecoin-Analysis/Solana-Memecoin-Analysis/data/cache/2026-09-22/004510579193_multi_pools_160ea732db9e.json
2026-09-22T00:45:02.543914+00:00,7KDARDoNnTmoLpqnGQh3MnSobMQ8f2QjRr1eNZyJTPko,solana,Pump.fun,CDwj1wV1P1cKjV98dAkNqwJxR8Nmf7WGJ9EHcJuiKhRx,OMNI,So11111111111111111111111111111111111111112,SOL,2026-09-20T22:39:57Z,3.340835238035726e-06,3340.835238,,2641.338,0.0,0.0,0.2974655526,0,0,0,0,0,0,0,0,0,1,0,1,snapshot,,,,,,,/home/runner/work/Solana-Memecoin-Analysis/Solana-Memecoin-Analysis/data/cache/2026-09-22/004510579193_multi_pools_160ea732db9e.json
2026-09-22T00:45:02.543914+00:00,GT8sFm8UWUevG48pMvrSbUqmnzFJhFNzJGTGrksjyWv3,solana,Pump.fun,GuEqA9zFfLz8VrBeKfnr6ffNKCZEheqJ9gTUZWX5pump,HiddenSwap,So11111111111111111111111111111111111111112,SOL,2026-09-20T22:39:54Z,3.088416580696234e-06,3088.416581,,2644.1001,0.0,0.0,0.0,0,0,0,0,0,0,0,0,0,0,0,0,snapshot,,,,,,,/home/runner/work/Solana-Memecoin-Analysis/Solana-Memecoin-Analysis/data/cache/2026-09-22/004510579193_multi_pools_160ea732db9e.json
2026-09-22T00:45:02.543914+00:00,EwxMQQyMjU3XveoHWhz9FnYn6K3yuDjGa3H8MAtfNXre,solana,Pump.fun,CNz14ihiRgGHWXVV2r51SxwEMgxG4wmp8F7v58a9pump,Adderall,So11111111111111111111111111111111111111112,SOL,2026-09-20T22:39:51Z,3.2691425764460933e-06,3269.142576,,2640.5284,0.0,0.0,32.9990310062,0,0,0,0,0,0,0,0,0,3,0,3,snapshot,,,,,,,/home/runner/work/Solana-Memecoin-Analysis/Solana-Memecoin-Analysis/data/cache/2026-09-22/004510579193_multi_pools_160ea732db9e.json
2026-09-22T00:45:02.543914+00:00,E5ooi3EZ5tmPd8VYWyYMLbe5rfUHfrxGnjy3fNPbGwJ6,solana,Pump.fun,EMeCHXjonQSLy2oWEda2eVyX39E5SBAzcFtYCR2mpump,shitter,So11111111111111111111111111111111111111112,SOL,2026-09-20T22:39:51Z,3.3406824212841814e-06,3340.682421,,2640.1831,0.0,0.0,0.2992466024,0,0,0,0,0,0,0,0,0,1,0,1,snapshot,,,,,,,/home/runner/work/Solana-Memecoin-Analysis/Solana-Memecoin-Analysis/data/cache/2026-09-22/004510579193_multi_pools_160ea732db9e.json
2026-09-22T00:45:02.543914+00:00,8cUVLvwqhJ69MjTQM3Jbf8t6xD9pFwq9NT6bwUi1ndqH,solana,Pump.fun,6SKA5ZuKb4Qp8dyTNFKMjdsq7Fwf7w5Bgv9UEtsSpump,SOOTS,So11111111111111111111111111111111111111112,SOL,2026-09-20T22:39:38Z,6.395190242e-07,1279.0380484,,548.0721,0.0,0.0,0.0,0,0,0,0,0,0,0,0,0,0,0,0,snapshot,,,,,,,/home/runner/work/Solana-Memecoin-Analysis/Solana-Memecoin-Analysis/data/cache/2026-09-22/004510579193_multi_pools_160ea732db9e.json
2026-09-22T00:45:02.543914+00:00,9dX1CLs8wgaZDUTRUj7hm873M2gx8mWF5gyErCkE9TSz,solana,Pump.fun,EM6kQoSLyHWL2ZdpB8ZNFd8AwFziaqCP1m1vKr3cpump,crowd,So11111111111111111111111111111111111111112,SOL,2026-09-20T22:39:33Z,3.09416529067909e-06,3094.165291,,2640.0205,0.0,0.0,0.0,0,0,0,0,0,0,0,0,0,0,0,0,snapshot,,,,,,,/home/runner/work/Solana-Memecoin-Analysis/Solana-Memecoin-Analysis/data/cache/2026-09-22/004510579193_multi_pools_160ea732db9e.json
2026-09-22T00:45:02.543914+00:00,Bgf45Fjqeobgd5viMX8P8AfhiydRewEFKPd7nmcFNQRb,solana,PumpSwap,EKtmPPLaCbEEKiwoHHtV7TsRsmPXs5CMGtQtZFSiinsc,Stamp,A7bdiYdS5GjqGFtxf17ppRHtDKPkkRqbKtR27dxvQXaS,ZEC,2026-09-20T18:44:10Z,0.0005711733388534523,565621.433186088,565622.622129367,96588.6744,1131.6627944815,40705.9300462358,2569093.42041134,6,6,3,6,194,82,104,73,8136,5223,3005,3148,snapshot,,,,,,,/home/runner/work/Solana-Memecoin-Analysis/Solana-Memecoin-Analysis/data/cache/2026-09-22/004510579193_multi_pools_160ea732db9e.json
2026-09-22T00:45:02.543914+00:00,8SUBpDtbh6Tk9wiAPngG4VMVsVNnubcw1NCCRmEyriLV,solana,Pump.fun,GwUm8RTYTmHrcD294x7MoeehgCSyjNCpsdH4kmq56CGk,HOSTAGE,So11111111111111111111111111111111111111112,SOL,2026-09-21T00:02:53Z,3.3713543101623683e-06,3196.219019,,2707.2383,0.0,0.0,0.0,0,0,0,0,0,0,0,0,0,0,0,0,snapshot,,,,,,,/home/runner/work/Solana-Memecoin-Analysis/Solana-Memecoin-Analysis/data/cache/2026-09-22/004510579193_multi_pools_160ea732db9e.json
2026-09-22T00:45:02.543914+00:00,21HoZA7pDSX3Dh7sfDPtL7h3U9dxzymuLrj2eEsEiWKh,solana,Pump.fun,4JW5D6gTZDfBRsa2vuJCvLkKbdpH8mBRfxagpEi5pump,144,So11111111111111111111111111111111111111112,SOL,2026-09-21T00:02:49Z,3.3093173137321213e-06,3309.317314,,2647.6733,0.0,0.0,11.6622764247,0,0,0,0,0,0,0,0,0,1,0,1,snapshot,,,,,,,/home/runner/work/Solana-Memecoin-Analysis/Solana-Memecoin-Analysis/data/cache/2026-09-22/004517940577_multi_pools_e30db882b74e.json
2026-09-22T00:45:02.543914+00:00,98EHcdDL91obAV6UPTvp6CXhUuaMWDok8seLHDyto3ez,solana,Pump.fun,96QwyftDRYYyYpdwrxrqspbnfvywSsHF2pMJtrU1tv6i,ZCAT,So11111111111111111111111111111111111111112,SOL,2026-09-21T00:02:46Z,3.2696329761471404e-06,3269.632976,,2769.3026,0.0,0.0,0.0,0,0,0,0,0,0,0,0,0,0,0,0,snapshot,,,,,,,/home/runner/work/Solana-Memecoin-Analysis/Solana-Memecoin-Analysis/data/cache/2026-09-22/004517940577_multi_pools_e30db882b74e.json
2026-09-22T00:45:02.543914+00:00,DjiCr634wywstD6mEMaUiuQ3bJnPyHQ5ncMh1NgG87QY,solana,Meteora DAMM V2,BUmFTK8ayezzoDoxnN49AwAiV4edzZPofNxkvyju6qh7,HONEYBUNNY,So11111111111111111111111111111111111111112,SOL,2026-09-21T00:02:35Z,9.47703291281246e-06,9473.8340540087,,1.115456065e-07,0.0,0.0,0.0,0,0,0,0,0,0,0,0,0,0,0,0,snapshot,,,,,,,/home/runner/work/Solana-Memecoin-Analysis/Solana-Memecoin-Analysis/data/cache/2026-09-22/004517940577_multi_pools_e30db882b74e.json
2026-09-22T00:45:02.543914+00:00,Gh5Be1E6zYkADT7eGa72rTWytQv7RUuzqFFJsyZ795Nd,solana,Pump.fun,GUd25SrqTeJgHCUcBiKSumrCw2tRke9qa7NwCeYvMTRg,JUBJUB,So11111111111111111111111111111111111111112,SOL,2026-09-21T00:02:34Z,3.1507259526131e-06,3150.725953,,2849.0994,0.0,0.0,516.4825075399,0,0,0,0,0,0,0,0,2,2,2,2,snapshot,,,,,,,/home/runner/work/Solana-Memecoin-Analysis/Solana-Memecoin-Analysis/data/cache/2026-09-22/004517940577_multi_pools_e30db882b74e.json
2026-09-22T00:45:02.543914+00:00,8WormohZAE1UHyEX65Y5njDzwgEiCPXskr5QhJRdk68d,solana,PumpSwap,EqFG72Z35r8cAV8mKu3UK2L8NUTR1ZNyMr88E4BnwN8Q,ZEBRA,So11111111111111111111111111111111111111112,SOL,2026-09-20T21:21:18Z,5.432558893549143e-05,52868.6191846361,,24338.3838,115.1101343193,7077.6267007249,2057884.37098654,1,6,1,4,72,136,58,81,13452,12243,3893,4912,snapshot,,,,,,,/home/runner/work/Solana-Memecoin-Analysis/Solana-Memecoin-Analysis/data/cache/2026-09-22/004517940577_multi_pools_e30db882b74e.json
2026-09-22T00:45:02.543914+00:00,CWGCA9eA1oNHvcw6nmcH7sHMVrmuhZ47dhyHE2rTAJpW,solana,Pump.fun,EURqkzYRiahEU221Tum7NH64DKpLeRUhq138caWTpump,$BWIZ,So11111111111111111111111111111111111111112,SOL,2026-09-21T01:02:05Z,5.598193184e-07,1119.6386368,,504.3448,0.0,0.0,812.5112169188,0,0,0,0,0,0,0,0,12,19,4,3,snapshot,,,,,,,/home/runner/work/Solana-Memecoin-Analysis/Solana-Memecoin-Analysis/data/cache/2026-09-22/004517940577_multi_pools_e30db882b74e.json
2026-09-22T00:45:02.543914+00:00,7wCarEYcymXE2oLsUaptqg4ybX5HfH1MsinRhq4pvHjm,solana,PumpSwap,2sY7rkMCQyFNcSpHm3fciJf2ptYRg3cYpn4srN6Bpump,IOF,So11111111111111111111111111111111111111112,SOL,2026-09-21T01:01:51Z,0.0030028281229135447,3000892.36034251,,156698.6546,6.9545459623,144.2561032793,66115.0365279855,2,1,2,1,19,5,12,2,475,143,28,14,snapshot,,,,,,,/home/runner/work/Solana-Memecoin-Analysis/Solana-Memecoin-Analysis/data/cache/2026-09-22/004517940577_multi_pools_e30db882b74e.json
2026-09-22T00:45:02.543914+00:00,F7RPa22rZD3s7AAizTjYKH3NnaNRMzu4kTEJfUidPLbV,solana,Pump.fun,GhZ4vYXaZBpfsJhC18FuD5MaDr3hZndYV82wqL1npump,bott,So11111111111111111111111111111111111111112,SOL,2026-09-21T01:01:46Z,5.7931307419264136e-06,11586.261484,,4862.1582,0.0,0.0,26.1418830976,0,0,0,0,0,0,0,0,7,3,3,3,snapshot,,,,,,,/home/runner/work/Solana-Memecoin-Analysis/Solana-Memecoin-Analysis/data/cache/2026-09-22/004517940577_multi_pools_e30db882b74e.json
2026-09-22T00:45:02.543914+00:00,A4cKgTqgPDC3tgPYg3ir8fNDTmYHLBMUEaqxUUg3LYcK,solana,Meteora DAMM V2,7Ps9HVL6iFPH4oGpaudu2KWHazhzKRubr3P5PYAv3KtT,COCKINU,So11111111111111111111111111111111111111112,SOL,2026-09-21T01:01:44Z,2.20540958017438e-06,2205.40958,,3.6655,0.0,0.0,18.3985599863,0,0,0,0,0,0,0,0,16,25,7,8,snapshot,,,,,,,/home/runner/work/Solana-Memecoin-Analysis/Solana-Memecoin-Analysis/data/cache/2026-09-22/004517940577_multi_pools_e30db882b74e.json
2026-09-22T00:45:02.543914+00:00,FL8EQPGZbmDtDnb9csBki7XMiBsuBY8ak9KrMq2ivwdL,solana,Pump.fun,3UcwQgfjfHRYMa7Fs9PHPLWVvDVpAQYRFanppQUwzpmD,ZIP227,So11111111111111111111111111111111111111112,SOL,2026-09-21T01:01:35Z,3.13719527e-06,3137.19527,,2639.0688,0.0,0.0,0.1122032774,0,0,0,0,0,0,0,0,1,0,1,0,snapshot,,,,,,,/home/runner/work/Solana-Memecoin-Analysis/Solana-Memecoin-Analysis/data/cache/2026-09-22/004517940577_multi_pools_e30db882b74e.json
2026-09-22T00:45:02.543914+00:00,EZELL4udEzSVPP6A9Us55F1h1MyrgAZkyaA5YGauctq6,solana,Pump.fun,FpZqomCHCx3Wiixzh8D89jywqb5e2YcMsT1ccs756BcE,ZIP227,So11111111111111111111111111111111111111112,SOL,2026-09-21T01:01:35Z,3.135175409e-06,3135.175409,,2639.0688,0.0,0.0,0.1121310361,0,0,0,0,0,0,0,0,1,0,1,0,snapshot,,,,,,,/home/runner/work/Solana-Memecoin-Analysis/Solana-Memecoin-Analysis/data/cache/2026-09-22/004517940577_multi_pools_e30db882b74e.json
2026-09-22T00:45:02.543914+00:00,Q2sPHPdUWFMg7M7wwrQKLrn619cAucfRsmhVJffodSp,solana,Raydium,Dz9mQ9NzkBcCsuGPFJ3r1bS4wgqKMHBPiVuniW8Mbonk,USELESS,So11111111111111111111111111111111111111112,SOL,2025-05-10T14:23:18Z,0.29052096871216093,290173986.632622,290424026.064733,5797978.8471,17837.3131808288,218442.033196346,5039794.99317914,78,40,54,30,1225,897,489,484,11182,10490,2362,2813,snapshot,,,,,,,/home/runner/work/Solana-Memecoin-Analysis/Solana-Memecoin-Analysis/data/cache/2026-09-22/004517940577_multi_pools_e30db882b74e.json
2026-09-22T00:45:02.543914+00:00,GTHKH8s82ZR8GTSFZ1dUu6wfdxhy59wpMShxzG5zjiPm,solana,Orca,A7bdiYdS5GjqGFtxf17ppRHtDKPkkRqbKtR27dxvQXaS,ZEC,EPjFWdd5AufqSSqeM2qN1xzybapC8G4wEGGkZwyTDt1v,USDC,2025-10-24T00:47:07Z,1475.0005768604485,148527385.072049,148453055.923984,2906291.5906,33040.5401985468,259015.356737101,14263457.2291582,33,42,20,20,744,802,392,455,36966,36029,9469,11059,snapshot,,,,,,,/home/runner/work/Solana-Memecoin-Analysis/Solana-Memecoin-Analysis/data/cache/2026-09-22/004517940577_multi_pools_e30db882b74e.json
2026-09-22T00:45:02.543914+00:00,4w2cysotX6czaUGmmWg13hDpY4QEMG2CzeKYEQyK9Ama,solana,PumpSwap,5UUH9RTDiSpq6HKS6bp4NdU9PNJpXRXuiw6ShBTBhgH2,TROLL,So11111111111111111111111111111111111111112,SOL,2025-04-20T18:30:26Z,0.05621157564946221,56128623.8781274,56128624.9960845,3752680.1599,2500.2949452338,38270.9948183198,2355107.754197,9,8,4,8,81,118,57,94,5869,5588,2392,2231,snapshot,,,,,,,/home/runner/work/Solana-Memecoin-Analysis/Solana-Memecoin-Analysis/data/cache/2026-09-22/004517940577_multi_pools_e30db882b74e.json
2026-09-22T00:45:02.543914+00:00,DZUF7qh38pfQ9qb4gfKh4qW7dn2C9s1asdiDxYXQpP7T,solana,Pump.fun,6e67b79muM59CF7axW6WwQodfjQeHLVuwrTNiwSGpump,MEMERS,So11111111111111111111111111111111111111112,SOL,2026-09-21T06:10:52Z,3.146152699e-06,3146.152699,,2644.0433,0.0,0.0,5558.6128302887,0,0,0,0,0,0,0,0,47,49,44,44,snapshot,,,,,,,/home/runner/work/Solana-Memecoin-Analysis/Solana-Memecoin-Analysis/data/cache/2026-09-22/004517940577_multi_pools_e30db882b74e.json
2026-09-22T00:45:02.543914+00:00,CFTVxuqCt5Pt6mtsWhwpK7VkmEkRU9FSa5dVzKJZwcEP,solana,PumpSwap,AMR4jmVMB4mp4nrgr8rF7vMbYN32RBQ34rSbmUaSGnZY,HUNBIKN,So11111111111111111111111111111111111111112,SOL,2026-09-21T06:10:37Z,0.0001480490925,148049.0925,,8.577877158e-07,0.0,0.0,6842.9232381013,0,0,0,0,0,0,0,0,12136,16,1570,5,snapshot,,,,,,,/home/runner/work/Solana-Memecoin-Analysis/Solana-Memecoin-Analysis/data/cache/2026-09-22/004517940577_multi_pools_e30db882b74e.json
2026-09-22T00:45:02.543914+00:00,CYmqRFN9RbmECCTkoRvAWtRW6mDz2hdyxo9CjCToGrWN,solana,Pump.fun,Adq8MPqb3GHL2Ld6m6Bx2KeRNmvWK62RL8QVcdbdpump,BCAT,So11111111111111111111111111111111111111112,SOL,2026-09-21T06:10:28Z,3.910939263e-06,3910.939263,,3235.7064,0.0,0.0,665.9608566046,0,0,0,0,0,0,0,0,10,7,10,7,snapshot,,,,,,,/home/runner/work/Solana-Memecoin-Analysis/Solana-Memecoin-Analysis/data/cache/2026-09-22/004517940577_multi_pools_e30db882b74e.json
2026-09-22T00:45:02.543914+00:00,54Vp27uLaw4wNLo5n7r4fcC6zLamoQc28xBARjss4EUJ,solana,Meteora,CWZ6BsdnjkDVTGkmL6bGbJXXig6ceef12KvyGQW14cMt,ANTFUN,Es9vMFrzaCERmJfrF4H2FYD4KCoNkY11McCe8BenwNYB,USDT,2026-07-10T04:29:57Z,0.00974629455146687,86479938.686524,18397623.3666045,12113230.2344,20207.5610305566,605610.935479161,53283189.3469432,53,33,39,25,1088,663,510,382,47668,28385,8455,9581,snapshot,,,,,,,/home/runner/work/Solana-Memecoin-Analysis/Solana-Memecoin-Analysis/data/cache/2026-09-22/004517940577_multi_pools_e30db882b74e.json
2026-09-22T00:45:02.543914+00:00,A8F3bDC17pfoGqUZanM1wh68jnKCDRGWECRVPkiMhjGc,solana,PumpSwap,DUcjrSmisJATtaQY3K7LvKmCr357uWkjoSGRFnNEpump,FUKYEAH,So11111111111111111111111111111111111111112,SOL,2026-09-01T15:30:45Z,0.00012168709916809034,119827.601,,34330.929,0.04807923401,2.4661282622,206238.294738905,2,1,1,1,4,4,3,4,6182,1807,1784,1787,snapshot,,,,,,,/home/runner/work/Solana-Memecoin-Analysis/Solana-Memecoin-Analysis/data/cache/2026-09-22/004517940577_multi_pools_e30db882b74e.json
2026-09-22T00:45:02.543914+00:00,7kXuEjAZ8xcH5G2XmKaUcMeraxvVVZndf7qryDiSW7o5,solana,PumpSwap,CDAC33JvozJ1UjxBMkvZgJcVXoxdH9iGxeBXUJdXpump,JEANJAK,So11111111111111111111111111111111111111112,SOL,2026-09-20T16:06:10Z,0.0003615568701957979,358465.338394787,,322564.5282,0.0,0.0,1613250.976971,0,0,0,0,0,0,0,0,52316,28512,6689,8003,snapshot,,,,,,,/home/runner/work/Solana-Memecoin-Analysis/Solana-Memecoin-Analysis/data/cache/2026-09-22/004517940577_multi_pools_e30db882b74e.json
2026-09-22T00:45:02.543914+00:00,2uF4Xh61rDwxnG9woyxsVQP7zuA6kLFpb3NvnRQeoiSd,solana,PumpSwap,pumpCmXqMfrsAkQ5r49WcJnRayYRqmXz6ae8H7H9Dfn,PUMP,EPjFWdd5AufqSSqeM2qN1xzybapC8G4wEGGkZwyTDt1v,USDC,2025-07-14T16:55:54Z,0.0044751923562425825,3730088444.15605,2092798372.17432,23081595.9856,51552.660272378,214582.619839214,5549837.58332452,90,12,22,5,414,122,53,69,16966,12106,3826,4469,snapshot,,,,,,,/home/runner/work/Solana-Memecoin-Analysis/Solana-Memecoin-Analysis/data/cache/2026-09-22/004517940577_multi_pools_e30db882b74e.json
2026-09-22T00:45:02.543914+00:00,FnzKY6x7entQ1eR3D225dQyT7ybfka4PskBMQhb8L3CC,solana,PumpSwap,9cRCn9rGT8V2imeM2BaKs13yhMEais3ruM3rPvTGpump,ANSEM,So11111111111111111111111111111111111111112,SOL,2026-06-16T21:05:48Z,0.16321093870975995,162780444.29172,162780487.159314,2593592.6608,1505.887539021,67606.0139847903,2299191.35135314,3,1,3,1,118,79,67,57,2626,3451,896,1152,snapshot,,,,,,,/home/runner/work/Solana-Memecoin-Analysis/Solana-Memecoin-Analysis/data/cache/2026-09-22/004517940577_multi_pools_e30db882b74e.json
2026-09-22T00:45:02.543914+00:00,4eqkszEHPm3LUiebdPuZcuPYmJs7ZffS7JpY9pYZw9Tt,solana,Pump.fun,Xx6FwiPRzg3cLprRysJuciERCA21TQDLMxNScn7pump,HANS,So11111111111111111111111111111111111111112,SOL,2026-09-21T12:46:03Z,3.102888e-07,620.5776,,257.169,0.0,0.0,85.8268842488,0,0,0,0,0,0,0,0,8,15,2,2,snapshot,,,,,,,/home/runner/work/Solana-Memecoin-Analysis/Solana-Memecoin-Analysis/data/cache/2026-09-22/004517940577_multi_pools_e30db882b74e.json
2026-09-22T00:45:02.543914+00:00,5PrruTiPk5C86dSCP8BLDdtUZZsu6dqyJH4scReotnbv,solana,Meteora DAMM V2,AnoyszvFn9wcMHVonWcy8SjbD2oY3k7eEpXiXeZRijmQ,ZECPASS,So11111111111111111111111111111111111111112,SOL,2026-09-21T12:45:54Z,2.5931743854456475e-05,25931.7438759317,,6.91773012930159e-05,0.0,0.0,262486.162119371,0,0,0,0,0,0,0,0,1167,757,699,66,snapshot,,,,,,,/home/runner/work/Solana-Memecoin-Analysis/Solana-Memecoin-Analysis/data/cache/2026-09-22/004517940577_multi_pools_e30db882b74e.json
2026-09-22T00:45:02.543914+00:00,9buyZva6vdNL5PSxkx25KHM5SrT5XipCC5fTNoyfSooz,solana,Pump.fun,FWzSeiHowXS4uTSZkcxiVEt3nLb61r8KXE9XPex8pump,$TWO,So11111111111111111111111111111111111111112,SOL,2026-09-21T12:45:27Z,3.362727091e-06,3362.727091,,2682.367,0.0,0.0,205.9723437319,0,0,0,0,0,0,0,0,4,3,3,3,snapshot,,,,,,,/home/runner/work/Solana-Memecoin-Analysis/Solana-Memecoin-Analysis/data/cache/2026-09-22/004517940577_multi_pools_e30db882b74e.json
2026-09-22T00:45:02.543914+00:00,5xe56Apf9u5wF8ESA5aB97F6sEHxRNhy6c98LnSLpNfW,solana,Raydium Launchlab,3NJd5RV7TtBH58jzYhjKLcc2CUTdooAm2F1grxtcNaG9,Wonk.fun,So11111111111111111111111111111111111111112,SOL,2026-09-21T12:45:27Z,1.2112189343171975e-06,1211.218934,,1245.9509,0.0,0.0,3119.9465491483,0,0,0,0,0,0,0,0,34,8,34,8,snapshot,,,,,,,/home/runner/work/Solana-Memecoin-Analysis/Solana-Memecoin-Analysis/data/cache/2026-09-22/004517940577_multi_pools_e30db882b74e.json
2026-09-22T00:45:02.543914+00:00,FdYPSUq2Zrw9vJXkA8uZFVNhNcCvUUuAcSWWVk6MZZhU,solana,PumpSwap,FvMLDEUDKUr9C34e8Nynz5Aqfdk34a2RBKQxygLpfomo,FAMILY,So11111111111111111111111111111111111111112,SOL,2026-09-21T12:36:53Z,0.00017871057402419897,179847.0607,,43577.002,1689.0608102235,40915.1533465552,7502487.80713758,11,12,11,12,284,283,190,201,41602,36472,11898,10479,snapshot,,,,,,,/home/runner/work/Solana-Memecoin-Analysis/Solana-Memecoin-Analysis/data/cache/2026-09-22/004517940577_multi_pools_e30db882b74e.json
2026-09-22T00:45:02.543914+00:00,987VwvJZ5FRjWCY9ZwC2tRUGL8FbMT1aF4pUrT7XjPjD,solana,Raydium (CLMM),CFNRDaxFcvRwRSNnA5cHrCCr6AHhk9dNkHWpRUjNupFL,RAYCAT,4k3Dyjzvzp8eMZWUXbBCjEvwSkkk59S5iCNLY3QrkX6R,RAY,2026-08-13T12:29:41Z,0.008057374581557262,7764560.6074423,7764577.10673942,649217.0383,186.7036913621,23948.307729432,1168833.37733642,2,8,2,8,47,63,28,50,2879,2396,1346,1454,snapshot,,,,,,,/home/runner/work/Solana-Memecoin-Analysis/Solana-Memecoin-Analysis/data/cache/2026-09-22/004517940577_multi_pools_e30db882b74e.json
2026-09-22T00:45:02.543914+00:00,8k4GbJEM3nGHBq7pimMBRVHeKiVyTRFhhqMgAGDdALqU,solana,Pump.fun,FFThkz5Pcaj8UTjFb4gxLXuTthnzEqSNk1TEFMPcpump,DNS,EPjFWdd5AufqSSqeM2qN1xzybapC8G4wEGGkZwyTDt1v,USDC,2026-09-21T18:11:49Z,3.99308667506526e-06,3993.086675,,3211.822,0.0,0.0,0.8983744146,0,0,0,0,0,0,0,0,1,0,1,0,snapshot,,,,,,,/home/runner/work/Solana-Memecoin-Analysis/Solana-Memecoin-Analysis/data/cache/2026-09-22/004517940577_multi_pools_e30db882b74e.json
2026-09-22T00:45:02.543914+00:00,3PB6PUJoz7PUMsBRE4U75kK4qyYRBb7Jf9TZraYQkeYV,solana,Pump.fun,q4kBj3UrcX4zA1LoMCcdVaodpLR31aD3qoWYv8Kpump,WASH,So11111111111111111111111111111111111111112,SOL,2026-09-21T18:11:13Z,3.349452210312158e-06,3482.643443,,2691.4881,0.0,0.0,311.8463313168,0,0,0,0,0,0,0,0,4,4,4,4,snapshot,,,,,,,/home/runner/work/Solana-Memecoin-Analysis/Solana-Memecoin-Analysis/data/cache/2026-09-22/004517940577_multi_pools_e30db882b74e.json
2026-09-22T00:45:02.543914+00:00,93ktdU2yHkvpfrevYaaJVP1mNPpDZkcGjL7E6JYgHiCe,solana,Pump.fun,EsDcuQ6y3oTjN76pbc5pFYofdBRp3NWfp1KY4Lvjpump,X7,So11111111111111111111111111111111111111112,SOL,2026-09-21T18:11:11Z,3.313964005358452e-06,3313.964005,,2640.408,0.0,0.0,2234.7252274818,0,0,0,0,0,0,0,0,36,48,36,26,snapshot,,,,,,,/home/runner/work/Solana-Memecoin-Analysis/Solana-Memecoin-Analysis/data/cache/2026-09-22/004525441760_multi_pools_3a925a52500a.json
2026-09-22T00:45:02.543914+00:00,9qhfjT9mkQXvKaewYnBPbrjqdWfaHChahHUTAQzHCVhW,solana,Pump.fun,Hd2tVcHbJMRFY3He6WcpYBtQtE7HFazU8932bUQBpump,$DZILLA,So11111111111111111111111111111111111111112,SOL,2026-09-21T18:11:06Z,3.3158367187557665e-06,3315.836719,,2662.3182,0.0,0.0,21.8192589999,0,0,0,0,0,0,0,0,4,1,2,1,snapshot,,,,,,,/home/runner/work/Solana-Memecoin-Analysis/Solana-Memecoin-Analysis/data/cache/2026-09-22/004525441760_multi_pools_3a925a52500a.json
2026-09-22T00:45:02.543914+00:00,7LkLGUUwAASDy85V3YEogtkwdzDKEYFhADp41MXr6wZ,solana,PumpSwap,9DdHxVe1BSPaTy3iGEwvWsooRchNLK61XFAvzot59FwD,CLIP,So11111111111111111111111111111111111111112,SOL,2026-09-21T14:09:22Z,0.000615962240697368,598450.134601661,,87953.8992,7078.2710069284,116427.779289226,8270783.41933572,81,54,46,46,794,613,368,419,45440,39106,13782,12384,snapshot,,,,,,,/home/runner/work/Solana-Memecoin-Analysis/Solana-Memecoin-Analysis/data/cache/2026-09-22/004525441760_multi_pools_3a925a52500a.json
2026-09-22T00:45:02.543914+00:00,2RoczZJ3Q5YbiYGSFgpPnvZJ4V7QZkM6jwyp3AjWhQYB,solana,Raydium Launchlab,9hwoF7Kq54YrnUw7KBkpEsHbyUCfTAjvYZcZ6FjdCQkb,X,So11111111111111111111111111111111111111112,SOL,2026-09-21T21:58:58Z,7.015127800835393e-05,70151.27801,,70071.1086,0.0,0.0,14883.4810096451,0,0,0,0,0,0,0,0,99,14,57,11,snapshot,,,,,,,/home/runner/work/Solana-Memecoin-Analysis/Solana-Memecoin-Analysis/data/cache/2026-09-22/004525441760_multi_pools_3a925a52500a.json
2026-09-22T00:45:02.543914+00:00,Ec3RqTXRRgv4whTE1PePMNgRH3ujL699v3GciX5BUY2s,solana,Meteora,CzLTZppPdZtTjyq3WGpHLstoc3GLhu7zH5Zg6xUa6Gv5,COPX,EPjFWdd5AufqSSqeM2qN1xzybapC8G4wEGGkZwyTDt1v,USDC,2026-09-21T21:58:57Z,87.01628222972442,1352560.22974178,,1183.4025,2309.8794949364,25524.5957134026,149310.428071176,38,63,32,45,496,598,359,473,2034,2555,1220,1782,snapshot,,,,,,,/home/runner/work/Solana-Memecoin-Analysis/Solana-Memecoin-Analysis/data/cache/2026-09-22/004525441760_multi_pools_3a925a52500a.json
2026-09-22T00:45:02.543914+00:00,DphpDdHUFkR3VzWD1n2CpGNidRg7yUm83hFRkMvRJvEC,solana,Pump.fun,4Yr1ju3fSRUb2cwBSpJgcykB6vWCgFAdE4ZMXaiVPhFv,AUTH,So11111111111111111111111111111111111111112,SOL,2026-09-21T21:58:35Z,3.3304690814722947e-06,3330.469081,,2636.3157,0.0,0.0,0.119115807,0,0,0,0,0,0,0,0,1,0,1,0,snapshot,,,,,,,/home/runner/work/Solana-Memecoin-Analysis/Solana-Memecoin-Analysis/data/cache/2026-09-22/004525441760_multi_pools_3a925a52500a.json
2026-09-22T00:45:02.543914+00:00,9zRNk3B1JUXGmeGwkYQs1fFQEW6bBoBoEcYVCUpffycA,solana,Pump.fun,3A7GzV3MZs44KaJFkYaJXssF1JhrJmANFZ9UDLTe4ddY,AUTH,So11111111111111111111111111111111111111112,SOL,2026-09-21T21:58:34Z,3.3304657085513022e-06,3330.465709,,2636.5705,0.0,0.0,0.1191156863,0,0,0,0,0,0,0,0,1,0,1,0,snapshot,,,,,,,/home/runner/work/Solana-Memecoin-Analysis/Solana-Memecoin-Analysis/data/cache/2026-09-22/004525441760_multi_pools_3a925a52500a.json
2026-09-22T00:45:02.543914+00:00,BFbxjtNhWHpgpz37P7dqEDe4pu9zHq8iiDsbE6oM7QPk,solana,Pump.fun,34EpDKQq1uSHdQme7EARYgAbtkZKiLoWihvAbbTpZ2RE,MONET,So11111111111111111111111111111111111111112,SOL,2026-09-22T00:43:51Z,3.3329213794234365e-06,3330.914821,,2642.4374,0.02383424136,0.02383424136,0.02383424136,1,1,1,1,1,1,1,1,1,1,1,1,snapshot,,,,,,,/home/runner/work/Solana-Memecoin-Analysis/Solana-Memecoin-Analysis/data/cache/2026-09-22/004525441760_multi_pools_3a925a52500a.json
2026-09-22T00:45:02.543914+00:00,GFZtLpELpFg7Ns9xX6Zg1KXcAzTh41i2mtFVccwG2QBk,solana,Pump.fun,Amw3QgYbdcpwSXH6sAV35mgaBpXFzGnW5ZdrFYLoA9fe,MONET,So11111111111111111111111111111111111111112,SOL,2026-09-22T00:43:40Z,3.331583283245034e-06,3331.616599,,2642.30512511205,0.02383196547,0.02383196547,0.02383196547,1,1,1,1,1,1,1,1,1,1,1,1,snapshot,,,,,,,/home/runner/work/Solana-Memecoin-Analysis/Solana-Memecoin-Analysis/data/cache/2026-09-22/004525441760_multi_pools_3a925a52500a.json
2026-09-22T00:45:02.543914+00:00,2WZidSjCd3wvQtRTYo4vvBVwxrmB2ZCNmRBFP5rRysaX,solana,Pump.fun,6zWvHQqph1LyKoEudbTdFberGzTSc9pDn1DgacVpump,PROMOTE,So11111111111111111111111111111111111111112,SOL,2026-09-22T00:43:40Z,3.3309472480053567e-06,3330.947248,,2641.77426239305,0.8152397074,0.8152397074,0.8152397074,1,0,1,0,1,0,1,0,1,0,1,0,snapshot,,,,,,,/home/runner/work/Solana-Memecoin-Analysis/Solana-Memecoin-Analysis/data/cache/2026-09-22/004525441760_multi_pools_3a925a52500a.json
2026-09-22T00:45:02.543914+00:00,4iPY4h2H9TpLfgkCb3p1V3Xw1aMbuA8GqAXrchYCLhgw,solana,Pump.fun,AJXsayDApZpHGbUHM9QcZFyYseJBH494Sv4H3me6pump,Dawg,So11111111111111111111111111111111111111112,SOL,2026-09-22T00:43:35Z,4.11459000585368e-09,8.229180012,,8.4665,381.4919033101,381.4919033101,381.4919033101,66,72,24,13,66,72,24,13,66,72,24,13,snapshot,,,,,,,/home/runner/work/Solana-Memecoin-Analysis/Solana-Memecoin-Analysis/data/cache/2026-09-22/004525441760_multi_pools_3a925a52500a.json
2026-09-22T00:40:00+00:00,BFbxjtNhWHpgpz37P7dqEDe4pu9zHq8iiDsbE6oM7QPk,solana,Pump.fun,,,,,2026-09-22T00:43:51Z,3.3309148208749293e-06,,,,,,,,,,,,,,,,,,,ohlcv_backfill,minute,3.3309148208749293e-06,3.3329213794234365e-06,3.3309148208749293e-06,3.3309148208749293e-06,0.023834241359036085,/home/runner/work/Solana-Memecoin-Analysis/Solana-Memecoin-Analysis/data/cache/2026-09-22/004533141516_ohlcv_c04e89d23610.json
2026-09-22T00:40:00+00:00,GFZtLpELpFg7Ns9xX6Zg1KXcAzTh41i2mtFVccwG2QBk,solana,Pump.fun,,,,,2026-09-22T00:43:40Z,3.331583283245034e-06,,,,,,,,,,,,,,,,,,,ohlcv_backfill,minute,3.331583283245034e-06,3.331616599411027e-06,3.331583283245034e-06,3.331583283245034e-06,0.023831965470522045,/home/runner/work/Solana-Memecoin-Analysis/Solana-Memecoin-Analysis/data/cache/2026-09-22/004603992946_ohlcv_10bde9392fdb.json
2026-09-22T00:40:00+00:00,2WZidSjCd3wvQtRTYo4vvBVwxrmB2ZCNmRBFP5rRysaX,solana,Pump.fun,,,,,2026-09-22T00:43:40Z,3.3309472480053567e-06,,,,,,,,,,,,,,,,,,,ohlcv_backfill,minute,3.3309472480053567e-06,3.3309472480053567e-06,3.3309472480053567e-06,3.3309472480053567e-06,0.8152397074154151,/home/runner/work/Solana-Memecoin-Analysis/Solana-Memecoin-Analysis/data/cache/2026-09-22/004618232701_ohlcv_1f656cf24add.json
2026-09-22T00:40:00+00:00,4iPY4h2H9TpLfgkCb3p1V3Xw1aMbuA8GqAXrchYCLhgw,solana,Pump.fun,,,,,2026-09-22T00:43:35Z,4.11459000585368e-09,,,,,,,,,,,,,,,,,,,ohlcv_backfill,minute,3.3424804681531678e-06,3.5156059681494237e-06,4.11459000585368e-09,4.11459000585368e-09,381.49190331014796,/home/runner/work/Solana-Memecoin-Analysis/Solana-Memecoin-Analysis/data/cache/2026-09-22/004635168975_ohlcv_3b97a26d474e.json
2026-09-22T05:27:14.822969+00:00,Bd4wKg3xEBKJ4Xrw8skXMmJ4W65gk3x8yd7AovuBJisZ,solana,PumpSwap,EpEfnZxQyiBXppSKi8sncc8w4corn1UJbF9G91fQpump,PEPENOM,So11111111111111111111111111111111111111112,SOL,2026-09-11T00:55:05Z,0.00039464086440714924,230781.3689725,230804.725058019,131270.9488,188.9512228921,3621.7958668937,132169.429711067,3,1,2,1,68,33,66,33,4654,1688,4395,1556,snapshot,,,,,,,/home/runner/work/Solana-Memecoin-Analysis/Solana-Memecoin-Analysis/data/cache/2026-09-22/052722726858_multi_pools_160ea732db9e.json
2026-09-22T05:27:14.822969+00:00,4R8CiMnJWDNoes3fQi1ccPFJygPXazaHaWpHrN3rZeNj,solana,PumpSwap,GTBxUiw6wJdmmkCGZgRHLyYxqu1vG4KtRpeox6yDpump,JEANPHIL,So11111111111111111111111111111111111111112,SOL,2026-09-19T19:06:59Z,0.0024074434802943937,2388863.523,,192630.2497,792.7039696284,60819.1768952165,4602814.99363792,1,6,1,6,329,349,132,208,18146,16270,5750,6977,snapshot,,,,,,,/home/runner/work/Solana-Memecoin-Analysis/Solana-Memecoin-Analysis/data/cache/2026-09-22/052722726858_multi_pools_160ea732db9e.json
2026-09-22T05:27:14.822969+00:00,HMzvsEEmtzHhvZNw9uwbaG85HCTmFnkbhzUx16cy7ca3,solana,PumpSwap,Ai66LHZG9MCzg1WKdawwqduVAXpNDUuV8M3uyq5ppump,CATE,So11111111111111111111111111111111111111112,SOL,2026-07-26T16:32:43Z,0.09619837452252028,92733946.2122574,92755401.961344,3575527.7944,180.1964575921,80249.0693856161,5876298.82326129,4,0,3,0,75,176,42,114,10565,8259,3282,3070,snapshot,,,,,,,/home/runner/work/Solana-Memecoin-Analysis/Solana-Memecoin-Analysis/data/cache/2026-09-22/052722726858_multi_pools_160ea732db9e.json
2026-09-22T05:27:14.822969+00:00,7a8xxAJBELDo6P9dikSYctdw6ce8F4mWr3ahcAD8Ao49,solana,Raydium (CLMM),6GmAFSYs4gk3FDao5FzzySQpPZaWsa4rUJHacpMpUNgx,STONK,XsoCS1TfEyfFhfvj8EtZ528L3CaKBDBRqRapnBbDF2W,SPYx,2026-07-23T19:07:17Z,0.3289954662339339,272090850.008499,272138374.671319,6522393.4113,7650.5823652619,484435.357599714,12209534.0380037,57,103,43,83,2166,1771,760,855,36512,34662,7878,8445,snapshot,,,,,,,/home/runner/work/Solana-Memecoin-Analysis/Solana-Memecoin-Analysis/data/cache/2026-09-22/052722726858_multi_pools_160ea732db9e.json
2026-09-22T05:27:14.822969+00:00,EyeeG5fzZEigSQv7jUdxydePnsPL382KyVfXAANXVmeD,solana,PumpSwap,G9QZfEPHtZrUF1arcUFvZgYn6zSQLZdvcjCuyhKrpump,Stryker,So11111111111111111111111111111111111111112,SOL,2026-09-19T12:24:11Z,7.034097024881923e-06,6989.812775355,6989.812775355,6914.5769,0.0,4.7492805681,1912.6959716826,0,0,0,0,1,1,1,1,66,83,46,62,snapshot,,,,,,,/home/runner/work/Solana-Memecoin-Analysis/Solana-Memecoin-Analysis/data/cache/2026-09-22/052722726858_multi_pools_160ea732db9e.json
2026-09-22T05:27:14.822969+00:00,2fwy38cJcChCVySA9cd5SAFaEPtZQWN2ssFip43hnsHU,solana,PumpSwap,91ryaCo5yGpYZM3bs6GUPs97VWJQj7RozBmqPULgpump,TIGRINO,So11111111111111111111111111111111111111112,SOL,2026-09-18T11:06:53Z,0.00026844545841881226,263613.402124685,263613.40377164,63914.0519,104.2794981899,14338.9474241527,1775467.78241259,0,2,0,2,77,107,66,71,7685,7578,2201,3024,snapshot,,,,,,,/home/runner/work/Solana-Memecoin-Analysis/Solana-Memecoin-Analysis/data/cache/2026-09-22/052722726858_multi_pools_160ea732db9e.json
2026-09-22T05:27:14.822969+00:00,6qz7THwQvcjF3HyDGLuKaLBUk6EyJKeZXZMWLAeiwfjd,solana,Meteora,BPxxfRCXkUVhig4HS1Lh7kZqV6SPJhzfEk4x6fVBjPCy,BP,EPjFWdd5AufqSSqeM2qN1xzybapC8G4wEGGkZwyTDt1v,USDC,2026-03-23T12:39:55Z,0.8468695577560078,846869084.031224,211717389.45,3824506.8861,21.7202317607,89534.9438078981,12891447.2305008,2,0,2,0,86,86,49,69,28899,30402,7918,7973,snapshot,,,,,,,/home/runner/work/Solana-Memecoin-Analysis/Solana-Memecoin-Analysis/data/cache/2026-09-22/052722726858_multi_pools_160ea732db9e.json
2026-09-22T05:27:14.822969+00:00,FpCMFDFGYotvufJ7HrFHsWEiiQCGbkLCtwHiDnh7o28Q,solana,Orca,So11111111111111111111111111111111111111112,SOL,EPjFWdd5AufqSSqeM2qN1xzybapC8G4wEGGkZwyTDt1v,USDC,2023-07-05T14:39:00Z,116.06596037306437,1421584075.87577,1419992163.98714,137511.7969,272.5662664996,10178.4236197009,473184.93555287,7,21,5,17,493,622,290,329,21152,21285,8632,8021,snapshot,,,,,,,/home/runner/work/Solana-Memecoin-Analysis/Solana-Memecoin-Analysis/data/cache/2026-09-22/052722726858_multi_pools_160ea732db9e.json
2026-09-22T05:27:14.822969+00:00,zxTpi4BtaWX3mgdAPoezkMD1hxx8CdeCfrqXMWvSCLX,solana,Meteora,6GmAFSYs4gk3FDao5FzzySQpPZaWsa4rUJHacpMpUNgx,STONK,So11111111111111111111111111111111111111112,SOL,2026-08-12T10:51:40Z,0.3329392329102262,275814272.599844,275862447.613101,3081484.6103,24748.9284127353,1210333.37941446,18226280.5071438,57,34,36,28,2187,1209,1014,667,26832,21042,7866,6561,snapshot,,,,,,,/home/runner/work/Solana-Memecoin-Analysis/Solana-Memecoin-Analysis/data/cache/2026-09-22/052722726858_multi_pools_160ea732db9e.json
2026-09-22T05:27:14.822969+00:00,CJieB7FUMhEFMaEFjAxQJnkVXNMvaBm3DHHP8RTgBeG1,solana,PumpSwap,tipp4C4Jnpft26HC9VXNjUPidojZqxXf8nzKvrKf5BS,TIPPED,So11111111111111111111111111111111111111112,SOL,2026-09-19T17:02:13Z,4.258181874383015e-05,42481.3359877598,,23454.6765,3.3929478442,4021.6543766208,393387.926229018,0,1,0,1,52,54,40,51,3779,3556,1201,1697,snapshot,,,,,,,/home/runner/work/Solana-Memecoin-Analysis/Solana-Memecoin-Analysis/data/cache/2026-09-22/052722726858_multi_pools_160ea732db9e.json
2026-09-22T05:27:14.822969+00:00,Cb7ZRgPLhji3Th7htXyKEqbXvNjPpeTvckXuWakBUhXu,solana,PumpSwap,Hg5Ja55T5wESq4vyFoiVCMeHXtGyVA69X2UHq8hgpump,baton,pumpCmXqMfrsAkQ5r49WcJnRayYRqmXz6ae8H7H9Dfn,PUMP,2026-09-09T20:32:15Z,0.0020230862039980423,2020567.81326556,2020567.84003007,239442.7326,784.1001344337,17903.8866269918,511992.318295231,0,1,0,1,82,32,27,29,1474,1199,738,727,snapshot,,,,,,,/home/runner/work/Solana-Memecoin-Analysis/Solana-Memecoin-Analysis/data/cache/2026-09-22/052722726858_multi_pools_160ea732db9e.json
2026-09-22T05:27:14.822969+00:00,FDrY5i5kuadZ1ik8gPS26qjj9Rw9mpufXMegGC2HNSP7,solana,PumpSwap,8J69rbLTzWWgUJziFY8jeu5tDwEPBwUz4pKBMr5rpump,WOJAK,So11111111111111111111111111111111111111112,SOL,2025-11-03T20:41:29Z,0.0019934543602930055,1991714.60399591,1991724.06884981,355683.9746,89.5678954016,3327.8617427103,342043.62580208,1,0,1,0,6,8,6,8,1389,1515,770,905,snapshot,,,,,,,/home/runner/work/Solana-Memecoin-Analysis/Solana-Memecoin-Analysis/data/cache/2026-09-22/052722726858_multi_pools_160ea732db9e.json
2026-09-22T05:27:14.822969+00:00,851G7eJBavuNfn3QcU951tDZkQZK17XPLE2jCzuqtEEs,solana,PumpSwap,CBLgLg4rjkqqwXuZjR1WAqWet2vR68Vne32J2bFLpump,DONATED,So11111111111111111111111111111111111111112,SOL,2026-09-20T04:06:55Z,9.260302441482594e-06,9195.3061733998,,7580.8742,1.1055287565,505.8550221022,32215.2562810399,0,1,0,1,4,12,3,12,469,565,262,403,snapshot,,,,,,,/home/runner/work/Solana-Memecoin-Analysis/Solana-Memecoin-Analysis/data/cache/2026-09-22/052722726858_multi_pools_160ea732db9e.json
2026-09-22T05:27:14.822969+00:00,GbrDAq3RjcVWeroLDUwmnuQ8N5xaaKj2Rk2dJDg64CLY,solana,Meteora,5dvXTZ5qwgafnHtwu3Ls3QrWx1U4LQsFeCuJgkk4QEC6,EMBER,So11111111111111111111111111111111111111112,SOL,2026-09-09T23:09:57Z,0.012146789166229091,11885707.949279,11885760.6901287,722639.5353,3231.9169935943,59638.5636298823,2029202.50006373,2,3,2,2,83,25,55,21,2793,1922,1409,935,snapshot,,,,,,,/home/runner/work/Solana-Memecoin-Analysis/Solana-Memecoin-Analysis/data/cache/2026-09-22/052722726858_multi_pools_160ea732db9e.json
2026-09-22T05:27:14.822969+00:00,6e3jZLtf4tQbWZm3f7A66jF8tfZn6MRQVrbDFgcNWarA,solana,PumpSwap,98kfF7rmsg1QDUEoCqNE7g7M1FdrTt92TEp2CLzypump,PAID,So11111111111111111111111111111111111111112,SOL,2026-09-15T19:22:24Z,0.01771631771836849,17644083.8138451,,749992.2096,22115.6338503056,561061.611696798,6610902.6137565,54,49,38,37,1445,1342,645,641,20102,18289,6309,6198,snapshot,,,,,,,/home/runner/work/Solana-Memecoin-Analysis/Solana-Memecoin-Analysis/data/cache/2026-09-22/052722726858_multi_pools_160ea732db9e.json
2026-09-22T05:27:14.822969+00:00,2i2iULr7UwK1SDRB17T5FUtiMnFQL7fyy7rh69brZihc,solana,PumpSwap,8k4sBtEeK4pf26noKqApv8NBTnuSJcbdwpKYknk5PbAA,CALI,So11111111111111111111111111111111111111112,SOL,2026-09-17T12:12:59Z,0.0016954065407690459,1682745.77184841,,137366.0478,304.586029412,14949.9608669482,1266158.16657986,4,2,4,2,81,77,60,52,5484,5652,2398,2196,snapshot,,,,,,,/home/runner/work/Solana-Memecoin-Analysis/Solana-Memecoin-Analysis/data/cache/2026-09-22/052722726858_multi_pools_160ea732db9e.json
2026-09-22T05:27:14.822969+00:00,GuPbekwP9MqB23CghhiMQZTaigPdUJooovo1neCErhM8,solana,Meteora,HcRLc9VDgjLeK154xDawfb1dmVJ98DoSqcwTHGqiDeJR,ZCAT,So11111111111111111111111111111111111111112,SOL,2026-09-06T00:18:18Z,0.09188481747113261,88967824.4466552,88973303.9055617,1185419.3787,986.1824081648,95427.7175271664,2973686.00794415,4,0,4,0,104,37,69,32,1676,987,866,621,snapshot,,,,,,,/home/runner/work/Solana-Memecoin-Analysis/Solana-Memecoin-Analysis/data/cache/2026-09-22/052722726858_multi_pools_160ea732db9e.json
2026-09-22T05:27:14.822969+00:00,Gc5hVCBydc6k3Z7oc2cQEW4GThFQi2Fqk5HfKABqa2q8,solana,Meteora,98kfF7rmsg1QDUEoCqNE7g7M1FdrTt92TEp2CLzypump,PAID,So11111111111111111111111111111111111111112,SOL,2026-09-15T21:36:04Z,0.017715838040040986,17640333.5264153,,1157700.8186,14617.5180558865,297470.109243359,3463754.78809837,3,8,2,8,69,172,42,123,2121,1675,1116,964,snapshot,,,,,,,/home/runner/work/Solana-Memecoin-Analysis/Solana-Memecoin-Analysis/data/cache/2026-09-22/052722726858_multi_pools_160ea732db9e.json
2026-09-22T05:27:14.822969+00:00,6HLorrkY3vqPsyTZDFvTGTnwnZsLM343Jxw6XvEPTKRt,solana,PumpSwap,DFQHUegJWE29Xu3BUxPezqi77uyHURRyxJpdtyvLpump,PUMPCAT,So11111111111111111111111111111111111111112,SOL,2026-09-19T04:29:28Z,9.938810976822503e-05,95901.6911673454,95901.6911673454,32164.203,3641.3015597256,51281.2934011023,572406.945793028,56,57,56,57,679,653,592,365,7299,6841,2654,2255,snapshot,,,,,,,/home/runner/work/Solana-Memecoin-Analysis/Solana-Memecoin-Analysis/data/cache/2026-09-22/052722726858_multi_pools_160ea732db9e.json
2026-09-22T05:27:14.822969+00:00,Bzc9NZfMqkXR6fz1DBph7BDf9BroyEf6pnzESP7v5iiw,solana,Raydium,9BB6NFEcjBCtnNLFko2FqVQBq8HHM13kCyYcdQbgpump,Fartcoin,So11111111111111111111111111111111111111112,SOL,2024-10-18T06:09:47Z,0.19803058275767096,198024915.809227,198024919.196144,9178730.5476,22189.1679527577,268530.736268786,4584026.04231983,44,64,21,26,308,352,90,115,11311,10513,3861,3576,snapshot,,,,,,,/home/runner/work/Solana-Memecoin-Analysis/Solana-Memecoin-Analysis/data/cache/2026-09-22/052722726858_multi_pools_160ea732db9e.json
2026-09-22T05:27:14.822969+00:00,5ppcy9VaoLNtqqKxd1pAhvqUrHGfgVVxj4CFkXSfqvcj,solana,Pump.fun,Azgyit1kS9yNN5XaFJh3Et4XErGb6gVNw8wszWdCpump,BANDIT,So11111111111111111111111111111111111111112,SOL,2026-09-20T22:34:01Z,3.3387785874251013e-06,3338.778587,,2579.4223,0.0,0.0,2.5915419622,0,0,0,0,0,0,0,0,0,1,0,1,snapshot,,,,,,,/home/runner/work/Solana-Memecoin-Analysis/Solana-Memecoin-Analysis/data/cache/2026-09-22/052722726858_multi_pools_160ea732db9e.json
2026-09-22T05:27:14.822969+00:00,9Z7eLhTUV5RLWtxKXKLeykW71Ayxmmq2hWHphP1eAZHR,solana,Pump.fun,Cf3dzyXQG4czayzZC1kUXxBTyePJ91jtm8CkGS2Tpump,beer,So11111111111111111111111111111111111111112,SOL,2026-09-20T22:33:58Z,8.58893604e-07,1717.787208,,721.996,0.0,0.0,0.0,0,0,0,0,0,0,0,0,0,0,0,0,snapshot,,,,,,,/home/runner/work/Solana-Memecoin-Analysis/Solana-Memecoin-Analysis/data/cache/2026-09-22/052722726858_multi_pools_160ea732db9e.json
2026-09-22T05:27:14.822969+00:00,7KDARDoNnTmoLpqnGQh3MnSobMQ8f2QjRr1eNZyJTPko,solana,Pump.fun,CDwj1wV1P1cKjV98dAkNqwJxR8Nmf7WGJ9EHcJuiKhRx,OMNI,So11111111111111111111111111111111111111112,SOL,2026-09-20T22:39:57Z,3.340835238035726e-06,3340.835238,,2578.8992,0.0,0.0,0.2974655526,0,0,0,0,0,0,0,0,0,1,0,1,snapshot,,,,,,,/home/runner/work/Solana-Memecoin-Analysis/Solana-Memecoin-Analysis/data/cache/2026-09-22/052722726858_multi_pools_160ea732db9e.json
2026-09-22T05:27:14.822969+00:00,GT8sFm8UWUevG48pMvrSbUqmnzFJhFNzJGTGrksjyWv3,solana,Pump.fun,GuEqA9zFfLz8VrBeKfnr6ffNKCZEheqJ9gTUZWX5pump,HiddenSwap,So11111111111111111111111111111111111111112,SOL,2026-09-20T22:39:54Z,3.088416580696234e-06,3088.416581,,2581.596,0.0,0.0,0.0,0,0,0,0,0,0,0,0,0,0,0,0,snapshot,,,,,,,/home/runner/work/Solana-Memecoin-Analysis/Solana-Memecoin-Analysis/data/cache/2026-09-22/052722726858_multi_pools_160ea732db9e.json
2026-09-22T05:27:14.822969+00:00,EwxMQQyMjU3XveoHWhz9FnYn6K3yuDjGa3H8MAtfNXre,solana,Pump.fun,CNz14ihiRgGHWXVV2r51SxwEMgxG4wmp8F7v58a9pump,Adderall,So11111111111111111111111111111111111111112,SOL,2026-09-20T22:39:51Z,3.2691425764460933e-06,3269.142576,,2578.1087,0.0,0.0,29.0104170432,0,0,0,0,0,0,0,0,0,2,0,2,snapshot,,,,,,,/home/runner/work/Solana-Memecoin-Analysis/Solana-Memecoin-Analysis/data/cache/2026-09-22/052722726858_multi_pools_160ea732db9e.json
2026-09-22T05:27:14.822969+00:00,E5ooi3EZ5tmPd8VYWyYMLbe5rfUHfrxGnjy3fNPbGwJ6,solana,Pump.fun,EMeCHXjonQSLy2oWEda2eVyX39E5SBAzcFtYCR2mpump,shitter,So11111111111111111111111111111111111111112,SOL,2026-09-20T22:39:51Z,3.3406824212841814e-06,3340.682421,,2577.7716,0.0,0.0,0.2992466024,0,0,0,0,0,0,0,0,0,1,0,1,snapshot,,,,,,,/home/runner/work/Solana-Memecoin-Analysis/Solana-Memecoin-Analysis/data/cache/2026-09-22/052722726858_multi_pools_160ea732db9e.json
2026-09-22T05:27:14.822969+00:00,8cUVLvwqhJ69MjTQM3Jbf8t6xD9pFwq9NT6bwUi1ndqH,solana,Pump.fun,6SKA5ZuKb4Qp8dyTNFKMjdsq7Fwf7w5Bgv9UEtsSpump,SOOTS,So11111111111111111111111111111111111111112,SOL,2026-09-20T22:39:38Z,6.395190242e-07,1279.0380484,,535.1154,0.0,0.0,0.0,0,0,0,0,0,0,0,0,0,0,0,0,snapshot,,,,,,,/home/runner/work/Solana-Memecoin-Analysis/Solana-Memecoin-Analysis/data/cache/2026-09-22/052722726858_multi_pools_160ea732db9e.json
2026-09-22T05:27:14.822969+00:00,9dX1CLs8wgaZDUTRUj7hm873M2gx8mWF5gyErCkE9TSz,solana,Pump.fun,EM6kQoSLyHWL2ZdpB8ZNFd8AwFziaqCP1m1vKr3cpump,crowd,So11111111111111111111111111111111111111112,SOL,2026-09-20T22:39:33Z,3.09416529067909e-06,3094.165291,,2577.6089,0.0,0.0,0.0,0,0,0,0,0,0,0,0,0,0,0,0,snapshot,,,,,,,/home/runner/work/Solana-Memecoin-Analysis/Solana-Memecoin-Analysis/data/cache/2026-09-22/052722726858_multi_pools_160ea732db9e.json
2026-09-22T05:27:14.822969+00:00,Bgf45Fjqeobgd5viMX8P8AfhiydRewEFKPd7nmcFNQRb,solana,PumpSwap,EKtmPPLaCbEEKiwoHHtV7TsRsmPXs5CMGtQtZFSiinsc,Stamp,A7bdiYdS5GjqGFtxf17ppRHtDKPkkRqbKtR27dxvQXaS,ZEC,2026-09-20T18:44:10Z,0.0005357738997205113,530703.227979723,530703.401293965,93676.7856,348.4213348487,10016.2446360782,1760222.93890801,5,0,5,0,37,33,24,29,5454,3607,1998,2225,snapshot,,,,,,,/home/runner/work/Solana-Memecoin-Analysis/Solana-Memecoin-Analysis/data/cache/2026-09-22/052722726858_multi_pools_160ea732db9e.json
2026-09-22T05:27:14.822969+00:00,8SUBpDtbh6Tk9wiAPngG4VMVsVNnubcw1NCCRmEyriLV,solana,Pump.fun,GwUm8RTYTmHrcD294x7MoeehgCSyjNCpsdH4kmq56CGk,HOSTAGE,So11111111111111111111111111111111111111112,SOL,2026-09-21T00:02:53Z,3.3713543101623683e-06,3196.219019,,2643.4772,0.0,0.0,0.0,0,0,0,0,0,0,0,0,0,0,0,0,snapshot,,,,,,,/home/runner/work/Solana-Memecoin-Analysis/Solana-Memecoin-Analysis/data/cache/2026-09-22/052722726858_multi_pools_160ea732db9e.json
2026-09-22T05:27:14.822969+00:00,21HoZA7pDSX3Dh7sfDPtL7h3U9dxzymuLrj2eEsEiWKh,solana,Pump.fun,4JW5D6gTZDfBRsa2vuJCvLkKbdpH8mBRfxagpEi5pump,144,So11111111111111111111111111111111111111112,SOL,2026-09-21T00:02:49Z,3.3093173137321213e-06,3309.317314,,2585.3151,0.0,0.0,11.6622764247,0,0,0,0,0,0,0,0,0,1,0,1,snapshot,,,,,,,/home/runner/work/Solana-Memecoin-Analysis/Solana-Memecoin-Analysis/data/cache/2026-09-22/052730365550_multi_pools_e30db882b74e.json
2026-09-22T05:27:14.822969+00:00,98EHcdDL91obAV6UPTvp6CXhUuaMWDok8seLHDyto3ez,solana,Pump.fun,96QwyftDRYYyYpdwrxrqspbnfvywSsHF2pMJtrU1tv6i,ZCAT,So11111111111111111111111111111111111111112,SOL,2026-09-21T00:02:46Z,3.2696329761471404e-06,3269.632976,,2704.0797,0.0,0.0,0.0,0,0,0,0,0,0,0,0,0,0,0,0,snapshot,,,,,,,/home/runner/work/Solana-Memecoin-Analysis/Solana-Memecoin-Analysis/data/cache/2026-09-22/052730365550_multi_pools_e30db882b74e.json
2026-09-22T05:27:14.822969+00:00,DjiCr634wywstD6mEMaUiuQ3bJnPyHQ5ncMh1NgG87QY,solana,Meteora DAMM V2,BUmFTK8ayezzoDoxnN49AwAiV4edzZPofNxkvyju6qh7,HONEYBUNNY,So11111111111111111111111111111111111111112,SOL,2026-09-21T00:02:35Z,9.47703291281246e-06,9473.8340540087,,1.115456065e-07,0.0,0.0,0.0,0,0,0,0,0,0,0,0,0,0,0,0,snapshot,,,,,,,/home/runner/work/Solana-Memecoin-Analysis/Solana-Memecoin-Analysis/data/cache/2026-09-22/052730365550_multi_pools_e30db882b74e.json
2026-09-22T05:27:14.822969+00:00,Gh5Be1E6zYkADT7eGa72rTWytQv7RUuzqFFJsyZ795Nd,solana,Pump.fun,GUd25SrqTeJgHCUcBiKSumrCw2tRke9qa7NwCeYvMTRg,JUBJUB,So11111111111111111111111111111111111111112,SOL,2026-09-21T00:02:34Z,3.1507259526131e-06,3150.725953,,2781.9972,0.0,0.0,0.0,0,0,0,0,0,0,0,0,0,0,0,0,snapshot,,,,,,,/home/runner/work/Solana-Memecoin-Analysis/Solana-Memecoin-Analysis/data/cache/2026-09-22/052730365550_multi_pools_e30db882b74e.json
2026-09-22T05:27:14.822969+00:00,8WormohZAE1UHyEX65Y5njDzwgEiCPXskr5QhJRdk68d,solana,PumpSwap,EqFG72Z35r8cAV8mKu3UK2L8NUTR1ZNyMr88E4BnwN8Q,ZEBRA,So11111111111111111111111111111111111111112,SOL,2026-09-20T21:21:18Z,4.916329184029827e-05,47271.7375868698,,22646.3382,3.7879227003,1320.9889991185,957886.491848792,0,1,0,1,9,32,8,30,6506,6910,2310,2918,snapshot,,,,,,,/home/runner/work/Solana-Memecoin-Analysis/Solana-Memecoin-Analysis/data/cache/2026-09-22/052730365550_multi_pools_e30db882b74e.json
2026-09-22T05:27:14.822969+00:00,CWGCA9eA1oNHvcw6nmcH7sHMVrmuhZ47dhyHE2rTAJpW,solana,Pump.fun,EURqkzYRiahEU221Tum7NH64DKpLeRUhq138caWTpump,$BWIZ,So11111111111111111111111111111111111111112,SOL,2026-09-21T01:02:05Z,5.598193184e-07,1119.6386368,,492.4665,0.0,0.0,0.0,0,0,0,0,0,0,0,0,0,0,0,0,snapshot,,,,,,,/home/runner/work/Solana-Memecoin-Analysis/Solana-Memecoin-Analysis/data/cache/2026-09-22/052730365550_multi_pools_e30db882b74e.json
2026-09-22T05:27:14.822969+00:00,7wCarEYcymXE2oLsUaptqg4ybX5HfH1MsinRhq4pvHjm,solana,PumpSwap,2sY7rkMCQyFNcSpHm3fciJf2ptYRg3cYpn4srN6Bpump,IOF,So11111111111111111111111111111111111111112,SOL,2026-09-21T01:01:51Z,0.0029414439018184135,2939547.7104661,,152046.988,14.8442539641,147.9488632461,3556.1591757402,1,1,1,1,20,5,12,2,460,135,12,2,snapshot,,,,,,,/home/runner/work/Solana-Memecoin-Analysis/Solana-Memecoin-Analysis/data/cache/2026-09-22/052730365550_multi_pools_e30db882b74e.json
2026-09-22T05:27:14.822969+00:00,F7RPa22rZD3s7AAizTjYKH3NnaNRMzu4kTEJfUidPLbV,solana,Pump.fun,GhZ4vYXaZBpfsJhC18FuD5MaDr3hZndYV82wqL1npump,bott,So11111111111111111111111111111111111111112,SOL,2026-09-21T01:01:46Z,5.793130742e-06,11586.261484,,4747.6453,0.0,0.0,0.0,0,0,0,0,0,0,0,0,0,0,0,0,snapshot,,,,,,,/home/runner/work/Solana-Memecoin-Analysis/Solana-Memecoin-Analysis/data/cache/2026-09-22/052730365550_multi_pools_e30db882b74e.json
2026-09-22T05:27:14.822969+00:00,A4cKgTqgPDC3tgPYg3ir8fNDTmYHLBMUEaqxUUg3LYcK,solana,Meteora DAMM V2,7Ps9HVL6iFPH4oGpaudu2KWHazhzKRubr3P5PYAv3KtT,COCKINU,So11111111111111111111111111111111111111112,SOL,2026-09-21T01:01:44Z,2.05297201714416e-06,2052.972017,,3.4737,0.0,0.0,0.4239912054,0,0,0,0,0,0,0,0,0,11,0,5,snapshot,,,,,,,/home/runner/work/Solana-Memecoin-Analysis/Solana-Memecoin-Analysis/data/cache/2026-09-22/052730365550_multi_pools_e30db882b74e.json
2026-09-22T05:27:14.822969+00:00,FL8EQPGZbmDtDnb9csBki7XMiBsuBY8ak9KrMq2ivwdL,solana,Pump.fun,3UcwQgfjfHRYMa7Fs9PHPLWVvDVpAQYRFanppQUwzpmD,ZIP227,So11111111111111111111111111111111111111112,SOL,2026-09-21T01:01:35Z,3.13719527e-06,3137.19527,,2576.9137,0.0,0.0,0.0,0,0,0,0,0,0,0,0,0,0,0,0,snapshot,,,,,,,/home/runner/work/Solana-Memecoin-Analysis/Solana-Memecoin-Analysis/data/cache/2026-09-22/052730365550_multi_pools_e30db882b74e.json
2026-09-22T05:27:14.822969+00:00,EZELL4udEzSVPP6A9Us55F1h1MyrgAZkyaA5YGauctq6,solana,Pump.fun,FpZqomCHCx3Wiixzh8D89jywqb5e2YcMsT1ccs756BcE,ZIP227,So11111111111111111111111111111111111111112,SOL,2026-09-21T01:01:35Z,3.135175409e-06,3135.175409,,2576.9137,0.0,0.0,0.0,0,0,0,0,0,0,0,0,0,0,0,0,snapshot,,,,,,,/home/runner/work/Solana-Memecoin-Analysis/Solana-Memecoin-Analysis/data/cache/2026-09-22/052730365550_multi_pools_e30db882b74e.json
2026-09-22T05:27:14.822969+00:00,Q2sPHPdUWFMg7M7wwrQKLrn619cAucfRsmhVJffodSp,solana,Raydium,Dz9mQ9NzkBcCsuGPFJ3r1bS4wgqKMHBPiVuniW8Mbonk,USELESS,So11111111111111111111111111111111111111112,SOL,2025-05-10T14:23:18Z,0.26889937473664244,268651838.974152,268883338.08447,5514648.9159,16516.8828679612,151690.53311303,5186590.6172952,68,0,22,0,350,171,92,73,10717,10962,2410,2945,snapshot,,,,,,,/home/runner/work/Solana-Memecoin-Analysis/Solana-Memecoin-Analysis/data/cache/2026-09-22/052730365550_multi_pools_e30db882b74e.json
2026-09-22T05:27:14.822969+00:00,GTHKH8s82ZR8GTSFZ1dUu6wfdxhy59wpMShxzG5zjiPm,solana,Orca,A7bdiYdS5GjqGFtxf17ppRHtDKPkkRqbKtR27dxvQXaS,ZEC,EPjFWdd5AufqSSqeM2qN1xzybapC8G4wEGGkZwyTDt1v,USDC,2025-10-24T00:47:07Z,1476.0922510895628,148873600.513711,148872483.647167,2845958.9499,11639.0567137141,292005.498865747,12462499.7433535,16,9,11,5,722,662,318,325,31194,30838,8081,9483,snapshot,,,,,,,/home/runner/work/Solana-Memecoin-Analysis/Solana-Memecoin-Analysis/data/cache/2026-09-22/052730365550_multi_pools_e30db882b74e.json
2026-09-22T05:27:14.822969+00:00,4w2cysotX6czaUGmmWg13hDpY4QEMG2CzeKYEQyK9Ama,solana,PumpSwap,5UUH9RTDiSpq6HKS6bp4NdU9PNJpXRXuiw6ShBTBhgH2,TROLL,So11111111111111111111111111111111111111112,SOL,2025-04-20T18:30:26Z,0.05309676294245985,53082259.6934818,53082259.9338609,3580192.3196,737.4270005808,19149.6784529294,2440435.7384296,4,11,4,11,59,73,41,66,6084,5637,2414,2213,snapshot,,,,,,,/home/runner/work/Solana-Memecoin-Analysis/Solana-Memecoin-Analysis/data/cache/2026-09-22/052730365550_multi_pools_e30db882b74e.json
2026-09-22T05:27:14.822969+00:00,DZUF7qh38pfQ9qb4gfKh4qW7dn2C9s1asdiDxYXQpP7T,solana,Pump.fun,6e67b79muM59CF7axW6WwQodfjQeHLVuwrTNiwSGpump,MEMERS,So11111111111111111111111111111111111111112,SOL,2026-09-21T06:10:52Z,3.146152699e-06,3146.152699,,2583.7568,0.0,0.0,5558.6128302887,0,0,0,0,0,0,0,0,47,49,44,44,snapshot,,,,,,,/home/runner/work/Solana-Memecoin-Analysis/Solana-Memecoin-Analysis/data/cache/2026-09-22/052730365550_multi_pools_e30db882b74e.json
2026-09-22T05:27:14.822969+00:00,CFTVxuqCt5Pt6mtsWhwpK7VkmEkRU9FSa5dVzKJZwcEP,solana,PumpSwap,AMR4jmVMB4mp4nrgr8rF7vMbYN32RBQ34rSbmUaSGnZY,HUNBIKN,So11111111111111111111111111111111111111112,SOL,2026-09-21T06:10:37Z,0.0001480490925,148049.0925,,8.577877158e-07,0.0,0.0,6842.9232381013,0,0,0,0,0,0,0,0,12136,16,1570,5,snapshot,,,,,,,/home/runner/work/Solana-Memecoin-Analysis/Solana-Memecoin-Analysis/data/cache/2026-09-22/052730365550_multi_pools_e30db882b74e.json
2026-09-22T05:27:14.822969+00:00,CYmqRFN9RbmECCTkoRvAWtRW6mDz2hdyxo9CjCToGrWN,solana,Pump.fun,Adq8MPqb3GHL2Ld6m6Bx2KeRNmvWK62RL8QVcdbdpump,BCAT,So11111111111111111111111111111111111111112,SOL,2026-09-21T06:10:28Z,3.910939263e-06,3910.939263,,3161.9295,0.0,0.0,665.9608566046,0,0,0,0,0,0,0,0,10,7,10,7,snapshot,,,,,,,/home/runner/work/Solana-Memecoin-Analysis/Solana-Memecoin-Analysis/data/cache/2026-09-22/052730365550_multi_pools_e30db882b74e.json
2026-09-22T05:27:14.822969+00:00,54Vp27uLaw4wNLo5n7r4fcC6zLamoQc28xBARjss4EUJ,solana,Meteora,CWZ6BsdnjkDVTGkmL6bGbJXXig6ceef12KvyGQW14cMt,ANTFUN,Es9vMFrzaCERmJfrF4H2FYD4KCoNkY11McCe8BenwNYB,USDT,2026-07-10T04:29:57Z,0.0143437353208457,127286755.151171,27078809.7541579,15927612.2908,25933.6287595816,483787.36854434,57054991.1558951,34,37,26,35,852,561,402,353,51819,29662,9294,9867,snapshot,,,,,,,/home/runner/work/Solana-Memecoin-Analysis/Solana-Memecoin-Analysis/data/cache/2026-09-22/052730365550_multi_pools_e30db882b74e.json
2026-09-22T05:27:14.822969+00:00,A8F3bDC17pfoGqUZanM1wh68jnKCDRGWECRVPkiMhjGc,solana,PumpSwap,DUcjrSmisJATtaQY3K7LvKmCr357uWkjoSGRFnNEpump,FUKYEAH,So11111111111111111111111111111111111111112,SOL,2026-09-01T15:30:45Z,0.00011704987335836817,117049.8734,,33199.1134,0.0,0.04787678956,176054.381612191,0,0,0,0,0,2,0,2,5668,1668,1638,1656,snapshot,,,,,,,/home/runner/work/Solana-Memecoin-Analysis/Solana-Memecoin-Analysis/data/cache/2026-09-22/052730365550_multi_pools_e30db882b74e.json
2026-09-22T05:27:14.822969+00:00,7kXuEjAZ8xcH5G2XmKaUcMeraxvVVZndf7qryDiSW7o5,solana,PumpSwap,CDAC33JvozJ1UjxBMkvZgJcVXoxdH9iGxeBXUJdXpump,JEANJAK,So11111111111111111111111111111111111111112,SOL,2026-09-20T16:06:10Z,0.0003615568701957979,358465.338394787,,316813.2172,0.0,0.0,1081016.71249312,0,0,0,0,0,0,0,0,34903,18286,5319,6707,snapshot,,,,,,,/home/runner/work/Solana-Memecoin-Analysis/Solana-Memecoin-Analysis/data/cache/2026-09-22/052730365550_multi_pools_e30db882b74e.json
2026-09-22T05:27:14.822969+00:00,2uF4Xh61rDwxnG9woyxsVQP7zuA6kLFpb3NvnRQeoiSd,solana,PumpSwap,pumpCmXqMfrsAkQ5r49WcJnRayYRqmXz6ae8H7H9Dfn,PUMP,EPjFWdd5AufqSSqeM2qN1xzybapC8G4wEGGkZwyTDt1v,USDC,2025-07-14T16:55:54Z,0.004412164653559889,3697319984.88901,2074317450.14096,23065203.7302,39898.5358741997,535874.729359695,6343727.1553546,14,64,4,27,1789,1691,630,772,21262,16900,5281,6085,snapshot,,,,,,,/home/runner/work/Solana-Memecoin-Analysis/Solana-Memecoin-Analysis/data/cache/2026-09-22/052730365550_multi_pools_e30db882b74e.json
2026-09-22T05:27:14.822969+00:00,FnzKY6x7entQ1eR3D225dQyT7ybfka4PskBMQhb8L3CC,solana,PumpSwap,9cRCn9rGT8V2imeM2BaKs13yhMEais3ruM3rPvTGpump,ANSEM,So11111111111111111111111111111111111111112,SOL,2026-06-16T21:05:48Z,0.17707576123189703,176608694.852032,176608742.660472,2655584.9309,0.04949922707,74348.1613271263,2740385.77851766,0,1,0,1,88,122,53,55,3368,4012,1078,1169,snapshot,,,,,,,/home/runner/work/Solana-Memecoin-Analysis/Solana-Memecoin-Analysis/data/cache/2026-09-22/052730365550_multi_pools_e30db882b74e.json
2026-09-22T05:27:14.822969+00:00,4eqkszEHPm3LUiebdPuZcuPYmJs7ZffS7JpY9pYZw9Tt,solana,Pump.fun,Xx6FwiPRzg3cLprRysJuciERCA21TQDLMxNScn7pump,HANS,So11111111111111111111111111111111111111112,SOL,2026-09-21T12:46:03Z,3.102888e-07,620.5776,,251.4615,0.0,0.0,85.8268842488,0,0,0,0,0,0,0,0,8,15,2,2,snapshot,,,,,,,/home/runner/work/Solana-Memecoin-Analysis/Solana-Memecoin-Analysis/data/cache/2026-09-22/052730365550_multi_pools_e30db882b74e.json
2026-09-22T05:27:14.822969+00:00,5PrruTiPk5C86dSCP8BLDdtUZZsu6dqyJH4scReotnbv,solana,Meteora DAMM V2,AnoyszvFn9wcMHVonWcy8SjbD2oY3k7eEpXiXeZRijmQ,ZECPASS,So11111111111111111111111111111111111111112,SOL,2026-09-21T12:45:54Z,2.5931743854456475e-05,25931.7438759317,,6.91773012930159e-05,0.0,0.0,262486.162119371,0,0,0,0,0,0,0,0,1167,757,699,66,snapshot,,,,,,,/home/runner/work/Solana-Memecoin-Analysis/Solana-Memecoin-Analysis/data/cache/2026-09-22/052730365550_multi_pools_e30db882b74e.json
2026-09-22T05:27:14.822969+00:00,9buyZva6vdNL5PSxkx25KHM5SrT5XipCC5fTNoyfSooz,solana,Pump.fun,FWzSeiHowXS4uTSZkcxiVEt3nLb61r8KXE9XPex8pump,$TWO,So11111111111111111111111111111111111111112,SOL,2026-09-21T12:45:27Z,3.362727091e-06,3362.727091,,2622.8357,0.0,0.0,205.9723437319,0,0,0,0,0,0,0,0,4,3,3,3,snapshot,,,,,,,/home/runner/work/Solana-Memecoin-Analysis/Solana-Memecoin-Analysis/data/cache/2026-09-22/052730365550_multi_pools_e30db882b74e.json
2026-09-22T05:27:14.822969+00:00,5xe56Apf9u5wF8ESA5aB97F6sEHxRNhy6c98LnSLpNfW,solana,Raydium Launchlab,3NJd5RV7TtBH58jzYhjKLcc2CUTdooAm2F1grxtcNaG9,Wonk.fun,So11111111111111111111111111111111111111112,SOL,2026-09-21T12:45:27Z,1.2112189343171975e-06,1211.218934,,1217.565,0.0,0.0,3119.9465491483,0,0,0,0,0,0,0,0,34,8,34,8,snapshot,,,,,,,/home/runner/work/Solana-Memecoin-Analysis/Solana-Memecoin-Analysis/data/cache/2026-09-22/052730365550_multi_pools_e30db882b74e.json
2026-09-22T05:27:14.822969+00:00,FdYPSUq2Zrw9vJXkA8uZFVNhNcCvUUuAcSWWVk6MZZhU,solana,PumpSwap,FvMLDEUDKUr9C34e8Nynz5Aqfdk34a2RBKQxygLpfomo,FAMILY,So11111111111111111111111111111111111111112,SOL,2026-09-21T12:36:53Z,0.00014662684622947423,147258.4327,,38701.2857,115.3215736474,12622.5828198764,7580524.51383173,1,3,1,3,131,148,98,100,42340,37237,12051,10732,snapshot,,,,,,,/home/runner/work/Solana-Memecoin-Analysis/Solana-Memecoin-Analysis/data/cache/2026-09-22/052730365550_multi_pools_e30db882b74e.json
2026-09-22T05:27:14.822969+00:00,987VwvJZ5FRjWCY9ZwC2tRUGL8FbMT1aF4pUrT7XjPjD,solana,Raydium (CLMM),CFNRDaxFcvRwRSNnA5cHrCCr6AHhk9dNkHWpRUjNupFL,RAYCAT,4k3Dyjzvzp8eMZWUXbBCjEvwSkkk59S5iCNLY3QrkX6R,RAY,2026-08-13T12:29:41Z,0.0063653009226355885,6132970.2355617,6133943.44186694,558276.5393,28.7047384557,26384.6186717916,1040383.85756393,1,0,1,0,111,38,75,30,2632,2035,1137,1280,snapshot,,,,,,,/home/runner/work/Solana-Memecoin-Analysis/Solana-Memecoin-Analysis/data/cache/2026-09-22/052730365550_multi_pools_e30db882b74e.json
2026-09-22T05:27:14.822969+00:00,8k4GbJEM3nGHBq7pimMBRVHeKiVyTRFhhqMgAGDdALqU,solana,Pump.fun,FFThkz5Pcaj8UTjFb4gxLXuTthnzEqSNk1TEFMPcpump,DNS,EPjFWdd5AufqSSqeM2qN1xzybapC8G4wEGGkZwyTDt1v,USDC,2026-09-21T18:11:49Z,3.99308667506526e-06,3993.086675,,3135.7961,0.0,0.0,0.8983744146,0,0,0,0,0,0,0,0,1,0,1,0,snapshot,,,,,,,/home/runner/work/Solana-Memecoin-Analysis/Solana-Memecoin-Analysis/data/cache/2026-09-22/052730365550_multi_pools_e30db882b74e.json
2026-09-22T05:27:14.822969+00:00,3PB6PUJoz7PUMsBRE4U75kK4qyYRBb7Jf9TZraYQkeYV,solana,Pump.fun,q4kBj3UrcX4zA1LoMCcdVaodpLR31aD3qoWYv8Kpump,WASH,So11111111111111111111111111111111111111112,SOL,2026-09-21T18:11:13Z,3.349452210312158e-06,3482.643443,,2627.7788,0.0,0.0,311.8463313168,0,0,0,0,0,0,0,0,4,4,4,4,snapshot,,,,,,,/home/runner/work/Solana-Memecoin-Analysis/Solana-Memecoin-Analysis/data/cache/2026-09-22/052730365550_multi_pools_e30db882b74e.json
2026-09-22T05:27:14.822969+00:00,93ktdU2yHkvpfrevYaaJVP1mNPpDZkcGjL7E6JYgHiCe,solana,Pump.fun,EsDcuQ6y3oTjN76pbc5pFYofdBRp3NWfp1KY4Lvjpump,X7,So11111111111111111111111111111111111111112,SOL,2026-09-21T18:11:11Z,3.313964005358452e-06,3313.964005,,2577.9078,0.0,0.0,2234.7252274818,0,0,0,0,0,0,0,0,36,48,36,26,snapshot,,,,,,,/home/runner/work/Solana-Memecoin-Analysis/Solana-Memecoin-Analysis/data/cache/2026-09-22/052737728561_multi_pools_49a2c7455ebe.json
2026-09-22T05:27:14.822969+00:00,9qhfjT9mkQXvKaewYnBPbrjqdWfaHChahHUTAQzHCVhW,solana,Pump.fun,Hd2tVcHbJMRFY3He6WcpYBtQtE7HFazU8932bUQBpump,$DZILLA,So11111111111111111111111111111111111111112,SOL,2026-09-21T18:11:06Z,3.2968814712694716e-06,3296.881471,,2597.0916,0.0,0.0,37.8689003742,0,0,0,0,0,0,0,0,4,3,2,2,snapshot,,,,,,,/home/runner/work/Solana-Memecoin-Analysis/Solana-Memecoin-Analysis/data/cache/2026-09-22/052737728561_multi_pools_49a2c7455ebe.json
2026-09-22T05:27:14.822969+00:00,7LkLGUUwAASDy85V3YEogtkwdzDKEYFhADp41MXr6wZ,solana,PumpSwap,9DdHxVe1BSPaTy3iGEwvWsooRchNLK61XFAvzot59FwD,CLIP,So11111111111111111111111111111111111111112,SOL,2026-09-21T14:09:22Z,0.00043353130371322793,397567.974101266,,70278.6944,564.7529690951,53982.105977052,8737491.42241474,12,12,11,11,411,433,288,279,48400,41591,14494,13102,snapshot,,,,,,,/home/runner/work/Solana-Memecoin-Analysis/Solana-Memecoin-Analysis/data/cache/2026-09-22/052737728561_multi_pools_49a2c7455ebe.json
2026-09-22T05:27:14.822969+00:00,2RoczZJ3Q5YbiYGSFgpPnvZJ4V7QZkM6jwyp3AjWhQYB,solana,Raydium Launchlab,9hwoF7Kq54YrnUw7KBkpEsHbyUCfTAjvYZcZ6FjdCQkb,X,So11111111111111111111111111111111111111112,SOL,2026-09-21T21:58:58Z,7.015127800835393e-05,70151.27801,,68551.6493,0.0,0.0,14883.4810096451,0,0,0,0,0,0,0,0,99,14,57,11,snapshot,,,,,,,/home/runner/work/Solana-Memecoin-Analysis/Solana-Memecoin-Analysis/data/cache/2026-09-22/052737728561_multi_pools_49a2c7455ebe.json
2026-09-22T05:27:14.822969+00:00,Ec3RqTXRRgv4whTE1PePMNgRH3ujL699v3GciX5BUY2s,solana,Meteora,CzLTZppPdZtTjyq3WGpHLstoc3GLhu7zH5Zg6xUa6Gv5,COPX,EPjFWdd5AufqSSqeM2qN1xzybapC8G4wEGGkZwyTDt1v,USDC,2026-09-21T21:58:57Z,87.2152202676676,1353152.22573441,,845.0261,0.0,0.0,202792.331430995,0,0,0,0,0,0,0,0,3013,3743,1726,2436,snapshot,,,,,,,/home/runner/work/Solana-Memecoin-Analysis/Solana-Memecoin-Analysis/data/cache/2026-09-22/052737728561_multi_pools_49a2c7455ebe.json
2026-09-22T05:27:14.822969+00:00,DphpDdHUFkR3VzWD1n2CpGNidRg7yUm83hFRkMvRJvEC,solana,Pump.fun,4Yr1ju3fSRUb2cwBSpJgcykB6vWCgFAdE4ZMXaiVPhFv,AUTH,So11111111111111111111111111111111111111112,SOL,2026-09-21T21:58:35Z,3.3304690814722947e-06,3330.469081,,2579.1485,0.0,0.0,0.119115807,0,0,0,0,0,0,0,0,1,0,1,0,snapshot,,,,,,,/home/runner/work/Solana-Memecoin-Analysis/Solana-Memecoin-Analysis/data/cache/2026-09-22/052737728561_multi_pools_49a2c7455ebe.json
2026-09-22T05:27:14.822969+00:00,9zRNk3B1JUXGmeGwkYQs1fFQEW6bBoBoEcYVCUpffycA,solana,Pump.fun,3A7GzV3MZs44KaJFkYaJXssF1JhrJmANFZ9UDLTe4ddY,AUTH,So11111111111111111111111111111111111111112,SOL,2026-09-21T21:58:34Z,3.3304657085513022e-06,3330.465709,,2579.1485,0.0,0.0,0.1191156863,0,0,0,0,0,0,0,0,1,0,1,0,snapshot,,,,,,,/home/runner/work/Solana-Memecoin-Analysis/Solana-Memecoin-Analysis/data/cache/2026-09-22/052737728561_multi_pools_49a2c7455ebe.json
2026-09-22T05:27:14.822969+00:00,BFbxjtNhWHpgpz37P7dqEDe4pu9zHq8iiDsbE6oM7QPk,solana,Pump.fun,34EpDKQq1uSHdQme7EARYgAbtkZKiLoWihvAbbTpZ2RE,MONET,So11111111111111111111111111111111111111112,SOL,2026-09-22T00:43:51Z,3.3033818703358296e-06,3303.38187,,2579.051,0.0,0.0,0.03086495652,0,0,0,0,0,0,0,0,2,2,2,2,snapshot,,,,,,,/home/runner/work/Solana-Memecoin-Analysis/Solana-Memecoin-Analysis/data/cache/2026-09-22/052737728561_multi_pools_49a2c7455ebe.json
2026-09-22T05:27:14.822969+00:00,GFZtLpELpFg7Ns9xX6Zg1KXcAzTh41i2mtFVccwG2QBk,solana,Pump.fun,Amw3QgYbdcpwSXH6sAV35mgaBpXFzGnW5ZdrFYLoA9fe,MONET,So11111111111111111111111111111111111111112,SOL,2026-09-22T00:43:40Z,3.286688294966301e-06,3286.688295,,2579.051,0.0,0.0,0.03138386664,0,0,0,0,0,0,0,0,2,2,2,2,snapshot,,,,,,,/home/runner/work/Solana-Memecoin-Analysis/Solana-Memecoin-Analysis/data/cache/2026-09-22/052737728561_multi_pools_49a2c7455ebe.json
2026-09-22T05:27:14.822969+00:00,2WZidSjCd3wvQtRTYo4vvBVwxrmB2ZCNmRBFP5rRysaX,solana,Pump.fun,6zWvHQqph1LyKoEudbTdFberGzTSc9pDn1DgacVpump,PROMOTE,So11111111111111111111111111111111111111112,SOL,2026-09-22T00:43:40Z,3.2965157972056686e-06,3296.515797,,2579.714,0.0,0.0,1.6220524168,0,0,0,0,0,0,0,0,1,1,1,1,snapshot,,,,,,,/home/runner/work/Solana-Memecoin-Analysis/Solana-Memecoin-Analysis/data/cache/2026-09-22/052737728561_multi_pools_49a2c7455ebe.json
2026-09-22T05:27:14.822969+00:00,4iPY4h2H9TpLfgkCb3p1V3Xw1aMbuA8GqAXrchYCLhgw,solana,Pump.fun,AJXsayDApZpHGbUHM9QcZFyYseJBH494Sv4H3me6pump,Dawg,So11111111111111111111111111111111111111112,SOL,2026-09-22T00:43:35Z,2.707744043318365e-09,5.415488086,,3.9662,0.0,0.0,383.0373920453,0,0,0,0,0,0,0,0,66,82,24,23,snapshot,,,,,,,/home/runner/work/Solana-Memecoin-Analysis/Solana-Memecoin-Analysis/data/cache/2026-09-22/052737728561_multi_pools_49a2c7455ebe.json
2026-09-22T05:27:14.822969+00:00,58oQChx4yWmvKdwLLZzBi4ChoCc2fqCUWBkwMihLYQo2,solana,Raydium,So11111111111111111111111111111111111111112,SOL,EPjFWdd5AufqSSqeM2qN1xzybapC8G4wEGGkZwyTDt1v,USDC,2022-04-28T09:46:08Z,116.06596037306437,1422363411.78656,1420770627.18549,41756490.1041,28965.7055537521,1897744.52975893,87848236.0689055,362,256,217,126,14975,15102,4072,4062,580529,555553,44111,46093,snapshot,,,,,,,/home/runner/work/Solana-Memecoin-Analysis/Solana-Memecoin-Analysis/data/cache/2026-09-22/052737728561_multi_pools_49a2c7455ebe.json
2026-09-22T05:27:14.822969+00:00,zNdRuXfE2tU4hL37WpRq9NYaM4RkJL9kCHhGqPm3dWT,solana,PumpSwap,3s5WQHDu9dSPjt3fadT1PCJYCSUsc4iMHZyXDHq5AzF7,Run,So11111111111111111111111111111111111111112,SOL,2026-09-22T05:25:54Z,8.688371542345868e-05,86609.69555,,34080.5471,174.0159679471,174.0159679471,174.0159679471,374,3,259,3,374,3,259,3,374,3,259,3,snapshot,,,,,,,/home/runner/work/Solana-Memecoin-Analysis/Solana-Memecoin-Analysis/data/cache/2026-09-22/052737728561_multi_pools_49a2c7455ebe.json
2026-09-22T05:27:14.822969+00:00,8kR6KbSdJGJVam9F2GNEHYC7qhV86wuVRkP7Vtt6hQ2W,solana,Pump.fun,Hky7ebVnQXr4m6k6wsFQd3wx4CtVKGmmMpGfywNXpump,ORANG,So11111111111111111111111111111111111111112,SOL,2026-09-22T05:25:53Z,3.2914654043132815e-06,3341.30082,,2620.2316,6619.4897772236,6619.4897772236,6619.4897772236,34,31,33,30,34,31,33,30,34,31,33,30,snapshot,,,,,,,/home/runner/work/Solana-Memecoin-Analysis/Solana-Memecoin-Analysis/data/cache/2026-09-22/052737728561_multi_pools_49a2c7455ebe.json
2026-09-22T05:27:14.822969+00:00,HkCeJMnsKZY8CZA1o8HBkxBXUo29u3gbPfXaw728cDk,solana,Meteora DAMM V2,89VdwqRkPoNJRuoAT5q6wCLtyGxAHSaZdk3r1wHhpump,Ponk,So11111111111111111111111111111111111111112,SOL,2026-09-22T05:25:33Z,2.163231611220681e-05,21632.31611,,11.8547,0.013899408,0.013899408,0.013899408,1,0,1,0,1,0,1,0,1,0,1,0,snapshot,,,,,,,/home/runner/work/Solana-Memecoin-Analysis/Solana-Memecoin-Analysis/data/cache/2026-09-22/052737728561_multi_pools_49a2c7455ebe.json
2026-09-22T05:27:14.822969+00:00,C65rDFk4dfTRn1Y4F7P7MVBiFPF4CDqdx3UAfGtgVKpN,solana,Pump.fun,gqsSzS72R89e5izhDyvN5JjVKyQrEbwsCvBAagipump,KIRITO,So11111111111111111111111111111111111111112,SOL,2026-09-22T05:25:31Z,6.724446762115593e-07,1344.8893524,,540.0311,42.3679084496,42.3679084496,42.3679084496,10,12,3,2,10,12,3,2,10,12,3,2,snapshot,,,,,,,/home/runner/work/Solana-Memecoin-Analysis/Solana-Memecoin-Analysis/data/cache/2026-09-22/052737728561_multi_pools_49a2c7455ebe.json
2026-09-22T05:27:14.822969+00:00,HoaDBVcdSCUwB9EtTEDnQdpcKMwf8rfBXpwqHPuW3WHX,solana,Meteora DBC,9uzLzqykydz6f8ERtq2jffcrnH9nmBMg3VGJ7ZFH589r,$Nipple$,So11111111111111111111111111111111111111112,SOL,2026-09-22T05:25:22Z,8.003360037982101e-05,77441.20091,,77923.5608,6071.0562615232,6071.0562615232,6071.0562615232,248,261,128,105,248,261,128,105,248,261,128,105,snapshot,,,,,,,/home/runner/work/Solana-Memecoin-Analysis/Solana-Memecoin-Analysis/data/cache/2026-09-22/052737728561_multi_pools_49a2c7455ebe.json
2026-09-22T05:27:14.822969+00:00,5pR2mm6R6rpotEAgZp3qScD6aSqGwZ7nDdUzYHnb9Pfi,solana,Meteora DBC,3s5WQHDu9dSPjt3fadT1PCJYCSUsc4iMHZyXDHq5AzF7,Run,So11111111111111111111111111111111111111112,SOL,2026-09-22T05:25:21Z,1.1589409604364036e-10,0.115894096,,0.0926,0.02309774591,0.02309774591,0.02309774591,1,0,1,0,1,0,1,0,1,0,1,0,snapshot,,,,,,,/home/runner/work/Solana-Memecoin-Analysis/Solana-Memecoin-Analysis/data/cache/2026-09-22/052737728561_multi_pools_49a2c7455ebe.json
2026-09-22T05:25:00+00:00,58oQChx4yWmvKdwLLZzBi4ChoCc2fqCUWBkwMihLYQo2,solana,Raydium,,,,,2022-04-28T09:46:08Z,116.03826642896634,,,,,,,,,,,,,,,,,,,ohlcv_backfill,minute,115.9521437467632,116.06596037306437,115.9521437467632,116.03826642896634,28293.668064006437,/home/runner/work/Solana-Memecoin-Analysis/Solana-Memecoin-Analysis/data/cache/2026-09-22/052744895317_ohlcv_8b39bce88f13.json
2026-09-22T05:20:00+00:00,58oQChx4yWmvKdwLLZzBi4ChoCc2fqCUWBkwMihLYQo2,solana,Raydium,,,,,2022-04-28T09:46:08Z,115.9521437467632,,,,,,,,,,,,,,,,,,,ohlcv_backfill,minute,115.746227272727,116.329057308632,115.569032612035,115.9521437467632,135863.3592417916,/home/runner/work/Solana-Memecoin-Analysis/Solana-Memecoin-Analysis/data/cache/2026-09-22/052744895317_ohlcv_8b39bce88f13.json
2026-09-22T05:15:00+00:00,58oQChx4yWmvKdwLLZzBi4ChoCc2fqCUWBkwMihLYQo2,solana,Raydium,,,,,2022-04-28T09:46:08Z,115.746227272727,,,,,,,,,,,,,,,,,,,ohlcv_backfill,minute,116.59033339052228,116.877597889547,115.722703030303,115.746227272727,178536.92683237683,/home/runner/work/Solana-Memecoin-Analysis/Solana-Memecoin-Analysis/data/cache/2026-09-22/052744895317_ohlcv_8b39bce88f13.json
2026-09-22T05:10:00+00:00,58oQChx4yWmvKdwLLZzBi4ChoCc2fqCUWBkwMihLYQo2,solana,Raydium,,,,,2022-04-28T09:46:08Z,116.59033339052228,,,,,,,,,,,,,,,,,,,ohlcv_backfill,minute,116.53336009775579,116.89728307239,116.218443872603,116.59033339052228,136242.8182772629,/home/runner/work/Solana-Memecoin-Analysis/Solana-Memecoin-Analysis/data/cache/2026-09-22/052744895317_ohlcv_8b39bce88f13.json
2026-09-22T05:05:00+00:00,58oQChx4yWmvKdwLLZzBi4ChoCc2fqCUWBkwMihLYQo2,solana,Raydium,,,,,2022-04-28T09:46:08Z,116.53336009775579,,,,,,,,,,,,,,,,,,,ohlcv_backfill,minute,116.5218645806196,116.846945837167,116.039744499645,116.53336009775579,139902.48562737,/home/runner/work/Solana-Memecoin-Analysis/Solana-Memecoin-Analysis/data/cache/2026-09-22/052744895317_ohlcv_8b39bce88f13.json
2026-09-22T05:00:00+00:00,58oQChx4yWmvKdwLLZzBi4ChoCc2fqCUWBkwMihLYQo2,solana,Raydium,,,,,2022-04-28T09:46:08Z,116.5218645806196,,,,,,,,,,,,,,,,,,,ohlcv_backfill,minute,116.44625609332374,116.904729721698,116.267675828549,116.5218645806196,180949.97638997587,/home/runner/work/Solana-Memecoin-Analysis/Solana-Memecoin-Analysis/data/cache/2026-09-22/052744895317_ohlcv_8b39bce88f13.json
2026-09-22T04:55:00+00:00,58oQChx4yWmvKdwLLZzBi4ChoCc2fqCUWBkwMihLYQo2,solana,Raydium,,,,,2022-04-28T09:46:08Z,116.44625609332374,,,,,,,,,,,,,,,,,,,ohlcv_backfill,minute,116.45919139212921,116.51674904444988,116.41635847222666,116.44625609332374,147979.11990913365,/home/runner/work/Solana-Memecoin-Analysis/Solana-Memecoin-Analysis/data/cache/2026-09-22/052744895317_ohlcv_8b39bce88f13.json
2026-09-22T04:50:00+00:00,58oQChx4yWmvKdwLLZzBi4ChoCc2fqCUWBkwMihLYQo2,solana,Raydium,,,,,2022-04-28T09:46:08Z,116.45919139212921,,,,,,,,,,,,,,,,,,,ohlcv_backfill,minute,116.63789553084604,116.745805841611,116.151515151515,116.45919139212921,142815.34933318046,/home/runner/work/Solana-Memecoin-Analysis/Solana-Memecoin-Analysis/data/cache/2026-09-22/052744895317_ohlcv_8b39bce88f13.json
2026-09-22T04:45:00+00:00,58oQChx4yWmvKdwLLZzBi4ChoCc2fqCUWBkwMihLYQo2,solana,Raydium,,,,,2022-04-28T09:46:08Z,116.63789553084604,,,,,,,,,,,,,,,,,,,ohlcv_backfill,minute,116.64265758409012,117.063979014951,116.3286055,116.63789553084604,133297.32399355777,/home/runner/work/Solana-Memecoin-Analysis/Solana-Memecoin-Analysis/data/cache/2026-09-22/052744895317_ohlcv_8b39bce88f13.json
2026-09-22T04:40:00+00:00,58oQChx4yWmvKdwLLZzBi4ChoCc2fqCUWBkwMihLYQo2,solana,Raydium,,,,,2022-04-28T09:46:08Z,116.64265758409012,,,,,,,,,,,,,,,,,,,ohlcv_backfill,minute,116.5613556358407,116.65347738561123,116.313131313131,116.64265758409012,251329.85676037963,/home/runner/work/Solana-Memecoin-Analysis/Solana-Memecoin-Analysis/data/cache/2026-09-22/052744895317_ohlcv_8b39bce88f13.json
2026-09-22T04:35:00+00:00,58oQChx4yWmvKdwLLZzBi4ChoCc2fqCUWBkwMihLYQo2,solana,Raydium,,,,,2022-04-28T09:46:08Z,116.5613556358407,,,,,,,,,,,,,,,,,,,ohlcv_backfill,minute,116.72938019676653,117.034165446093,116.278606666667,116.5613556358407,250678.3348978066,/home/runner/work/Solana-Memecoin-Analysis/Solana-Memecoin-Analysis/data/cache/2026-09-22/052744895317_ohlcv_8b39bce88f13.json
2026-09-22T04:30:00+00:00,58oQChx4yWmvKdwLLZzBi4ChoCc2fqCUWBkwMihLYQo2,solana,Raydium,,,,,2022-04-28T09:46:08Z,116.72938019676653,,,,,,,,,,,,,,,,,,,ohlcv_backfill,minute,117.04881810593625,117.05631386282832,116.491,116.72938019676653,171825.57994159948,/home/runner/work/Solana-Memecoin-Analysis/Solana-Memecoin-Analysis/data/cache/2026-09-22/052744895317_ohlcv_8b39bce88f13.json
2026-09-22T04:25:00+00:00,58oQChx4yWmvKdwLLZzBi4ChoCc2fqCUWBkwMihLYQo2,solana,Raydium,,,,,2022-04-28T09:46:08Z,117.04881810593625,,,,,,,,,,,,,,,,,,,ohlcv_backfill,minute,116.85716947294547,117.0945600698489,116.85716947294547,117.04881810593625,115137.59715896867,/home/runner/work/Solana-Memecoin-Analysis/Solana-Memecoin-Analysis/data/cache/2026-09-22/052744895317_ohlcv_8b39bce88f13.json
2026-09-22T04:20:00+00:00,58oQChx4yWmvKdwLLZzBi4ChoCc2fqCUWBkwMihLYQo2,solana,Raydium,,,,,2022-04-28T09:46:08Z,116.85716947294547,,,,,,,,,,,,,,,,,,,ohlcv_backfill,minute,116.98166769830057,117.181779078654,116.588373826533,116.85716947294547,130036.10290330762,/home/runner/work/Solana-Memecoin-Analysis/Solana-Memecoin-Analysis/data/cache/2026-09-22/052744895317_ohlcv_8b39bce88f13.json
2026-09-22T04:15:00+00:00,58oQChx4yWmvKdwLLZzBi4ChoCc2fqCUWBkwMihLYQo2,solana,Raydium,,,,,2022-04-28T09:46:08Z,116.98166769830057,,,,,,,,,,,,,,,,,,,ohlcv_backfill,minute,116.96281697640487,117.417494669263,116.650369115705,116.98166769830057,194694.07582053982,/home/runner/work/Solana-Memecoin-Analysis/Solana-Memecoin-Analysis/data/cache/2026-09-22/052744895317_ohlcv_8b39bce88f13.json
2026-09-22T04:10:00+00:00,58oQChx4yWmvKdwLLZzBi4ChoCc2fqCUWBkwMihLYQo2,solana,Raydium,,,,,2022-04-28T09:46:08Z,116.96281697640487,,,,,,,,,,,,,,,,,,,ohlcv_backfill,minute,116.7319198995348,117.215676015757,116.63103030303,116.96281697640487,214719.77263490288,/home/runner/work/Solana-Memecoin-Analysis/Solana-Memecoin-Analysis/data/cache/2026-09-22/052744895317_ohlcv_8b39bce88f13.json
2026-09-22T04:05:00+00:00,58oQChx4yWmvKdwLLZzBi4ChoCc2fqCUWBkwMihLYQo2,solana,Raydium,,,,,2022-04-28T09:46:08Z,116.7319198995348,,,,,,,,,,,,,,,,,,,ohlcv_backfill,minute,116.380543259601,117.14656185267,116.372809729953,116.7319198995348,172889.7808170724,/home/runner/work/Solana-Memecoin-Analysis/Solana-Memecoin-Analysis/data/cache/2026-09-22/052744895317_ohlcv_8b39bce88f13.json
2026-09-22T04:00:00+00:00,58oQChx4yWmvKdwLLZzBi4ChoCc2fqCUWBkwMihLYQo2,solana,Raydium,,,,,2022-04-28T09:46:08Z,116.380543259601,,,,,,,,,,,,,,,,,,,ohlcv_backfill,minute,117.03108555627406,117.329605974769,116.364498989899,116.380543259601,378502.31842508574,/home/runner/work/Solana-Memecoin-Analysis/Solana-Memecoin-Analysis/data/cache/2026-09-22/052744895317_ohlcv_8b39bce88f13.json
2026-09-22T03:55:00+00:00,58oQChx4yWmvKdwLLZzBi4ChoCc2fqCUWBkwMihLYQo2,solana,Raydium,,,,,2022-04-28T09:46:08Z,117.03108555627406,,,,,,,,,,,,,,,,,,,ohlcv_backfill,minute,116.92536352431169,117.403788194096,116.620530207347,117.03108555627406,263358.83181304997,/home/runner/work/Solana-Memecoin-Analysis/Solana-Memecoin-Analysis/data/cache/2026-09-22/052744895317_ohlcv_8b39bce88f13.json
2026-09-22T03:50:00+00:00,58oQChx4yWmvKdwLLZzBi4ChoCc2fqCUWBkwMihLYQo2,solana,Raydium,,,,,2022-04-28T09:46:08Z,116.92536352431169,,,,,,,,,,,,,,,,,,,ohlcv_backfill,minute,117.03358073577368,117.335377938926,116.659234343434,116.92536352431169,261972.82069239486,/home/runner/work/Solana-Memecoin-Analysis/Solana-Memecoin-Analysis/data/cache/2026-09-22/052744895317_ohlcv_8b39bce88f13.json
2026-09-22T03:45:00+00:00,58oQChx4yWmvKdwLLZzBi4ChoCc2fqCUWBkwMihLYQo2,solana,Raydium,,,,,2022-04-28T09:46:08Z,117.03358073577368,,,,,,,,,,,,,,,,,,,ohlcv_backfill,minute,116.85511958705007,117.08281742606935,116.82897645698414,117.03358073577368,325234.01250403695,/home/runner/work/Solana-Memecoin-Analysis/Solana-Memecoin-Analysis/data/cache/2026-09-22/052744895317_ohlcv_8b39bce88f13.json
2026-09-22T03:40:00+00:00,58oQChx4yWmvKdwLLZzBi4ChoCc2fqCUWBkwMihLYQo2,solana,Raydium,,,,,2022-04-28T09:46:08Z,116.85511958705007,,,,,,,,,,,,,,,,,,,ohlcv_backfill,minute,117.14184298473,117.182069343474,116.521912712022,116.85511958705007,351863.30310377677,/home/runner/work/Solana-Memecoin-Analysis/Solana-Memecoin-Analysis/data/cache/2026-09-22/052744895317_ohlcv_8b39bce88f13.json
2026-09-22T03:35:00+00:00,58oQChx4yWmvKdwLLZzBi4ChoCc2fqCUWBkwMihLYQo2,solana,Raydium,,,,,2022-04-28T09:46:08Z,117.14184298473,,,,,,,,,,,,,,,,,,,ohlcv_backfill,minute,117.315268741056,117.739403453689,116.4785,117.14184298473,521386.14730696875,/home/runner/work/Solana-Memecoin-Analysis/Solana-Memecoin-Analysis/data/cache/2026-09-22/052744895317_ohlcv_8b39bce88f13.json
2026-09-22T03:30:00+00:00,58oQChx4yWmvKdwLLZzBi4ChoCc2fqCUWBkwMihLYQo2,solana,Raydium,,,,,2022-04-28T09:46:08Z,117.315268741056,,,,,,,,,,,,,,,,,,,ohlcv_backfill,minute,116.498383838384,118.320610687023,116.159008776458,117.315268741056,696935.2489121379,/home/runner/work/Solana-Memecoin-Analysis/Solana-Memecoin-Analysis/data/cache/2026-09-22/052744895317_ohlcv_8b39bce88f13.json
2026-09-22T03:25:00+00:00,58oQChx4yWmvKdwLLZzBi4ChoCc2fqCUWBkwMihLYQo2,solana,Raydium,,,,,2022-04-28T09:46:08Z,116.498383838384,,,,,,,,,,,,,,,,,,,ohlcv_backfill,minute,116.3717,117.133150558051,116.184726222521,116.498383838384,635721.9609244686,/home/runner/work/Solana-Memecoin-Analysis/Solana-Memecoin-Analysis/data/cache/2026-09-22/052744895317_ohlcv_8b39bce88f13.json
2026-09-22T03:20:00+00:00,58oQChx4yWmvKdwLLZzBi4ChoCc2fqCUWBkwMihLYQo2,solana,Raydium,,,,,2022-04-28T09:46:08Z,116.3717,,,,,,,,,,,,,,,,,,,ohlcv_backfill,minute,116.76468311399083,117.065700517605,116.191191919192,116.3717,372165.5320591713,/home/runner/work/Solana-Memecoin-Analysis/Solana-Memecoin-Analysis/data/cache/2026-09-22/052744895317_ohlcv_8b39bce88f13.json
2026-09-22T03:15:00+00:00,58oQChx4yWmvKdwLLZzBi4ChoCc2fqCUWBkwMihLYQo2,solana,Raydium,,,,,2022-04-28T09:46:08Z,116.76468311399083,,,,,,,,,,,,,,,,,,,ohlcv_backfill,minute,116.67825444361223,116.989175544975,116.340868552292,116.76468311399083,283663.7933044236,/home/runner/work/Solana-Memecoin-Analysis/Solana-Memecoin-Analysis/data/cache/2026-09-22/052744895317_ohlcv_8b39bce88f13.json
2026-09-22T03:10:00+00:00,58oQChx4yWmvKdwLLZzBi4ChoCc2fqCUWBkwMihLYQo2,solana,Raydium,,,,,2022-04-28T09:46:08Z,116.67825444361223,,,,,,,,,,,,,,,,,,,ohlcv_backfill,minute,116.61926071461762,116.75292291298545,116.59626991735826,116.67825444361223,265361.28663857805,/home/runner/work/Solana-Memecoin-Analysis/Solana-Memecoin-Analysis/data/cache/2026-09-22/052744895317_ohlcv_8b39bce88f13.json
2026-09-22T03:05:00+00:00,58oQChx4yWmvKdwLLZzBi4ChoCc2fqCUWBkwMihLYQo2,solana,Raydium,,,,,2022-04-28T09:46:08Z,116.61926071461762,,,,,,,,,,,,,,,,,,,ohlcv_backfill,minute,116.53125069925102,117.370892018779,116.137468622265,116.61926071461762,371011.8061161664,/home/runner/work/Solana-Memecoin-Analysis/Solana-Memecoin-Analysis/data/cache/2026-09-22/052744895317_ohlcv_8b39bce88f13.json
2026-09-22T03:00:00+00:00,58oQChx4yWmvKdwLLZzBi4ChoCc2fqCUWBkwMihLYQo2,solana,Raydium,,,,,2022-04-28T09:46:08Z,116.53125069925102,,,,,,,,,,,,,,,,,,,ohlcv_backfill,minute,116.84879953956671,117.222182664443,116.2,116.53125069925102,567794.8215326227,/home/runner/work/Solana-Memecoin-Analysis/Solana-Memecoin-Analysis/data/cache/2026-09-22/052744895317_ohlcv_8b39bce88f13.json
2026-09-22T02:55:00+00:00,58oQChx4yWmvKdwLLZzBi4ChoCc2fqCUWBkwMihLYQo2,solana,Raydium,,,,,2022-04-28T09:46:08Z,116.84879953956671,,,,,,,,,,,,,,,,,,,ohlcv_backfill,minute,117.02683661500717,117.334088914803,116.496262626263,116.84879953956671,305279.9180748419,/home/runner/work/Solana-Memecoin-Analysis/Solana-Memecoin-Analysis/data/cache/2026-09-22/052744895317_ohlcv_8b39bce88f13.json
2026-09-22T02:50:00+00:00,58oQChx4yWmvKdwLLZzBi4ChoCc2fqCUWBkwMihLYQo2,solana,Raydium,,,,,2022-04-28T09:46:08Z,117.02683661500717,,,,,,,,,,,,,,,,,,,ohlcv_backfill,minute,117.93881535897161,118.287996768948,117.02683661500717,117.02683661500717,371306.09903295967,/home/runner/work/Solana-Memecoin-Analysis/Solana-Memecoin-Analysis/data/cache/2026-09-22/052744895317_ohlcv_8b39bce88f13.json
2026-09-22T02:45:00+00:00,58oQChx4yWmvKdwLLZzBi4ChoCc2fqCUWBkwMihLYQo2,solana,Raydium,,,,,2022-04-28T09:46:08Z,117.93881535897161,,,,,,,,,,,,,,,,,,,ohlcv_backfill,minute,118.07017024569525,118.13720440951454,117.93117854988864,117.93881535897161,272570.18891842355,/home/runner/work/Solana-Memecoin-Analysis/Solana-Memecoin-Analysis/data/cache/2026-09-22/052744895317_ohlcv_8b39bce88f13.json
2026-09-22T02:40:00+00:00,58oQChx4yWmvKdwLLZzBi4ChoCc2fqCUWBkwMihLYQo2,solana,Raydium,,,,,2022-04-28T09:46:08Z,118.07017024569525,,,,,,,,,,,,,,,,,,,ohlcv_backfill,minute,117.88597763398157,118.273629437056,117.58217,118.07017024569525,249766.0434705831,/home/runner/work/Solana-Memecoin-Analysis/Solana-Memecoin-Analysis/data/cache/2026-09-22/052744895317_ohlcv_8b39bce88f13.json
2026-09-22T02:35:00+00:00,58oQChx4yWmvKdwLLZzBi4ChoCc2fqCUWBkwMihLYQo2,solana,Raydium,,,,,2022-04-28T09:46:08Z,117.88597763398157,,,,,,,,,,,,,,,,,,,ohlcv_backfill,minute,117.911494465402,118.087881455643,117.27083421869,117.88597763398157,224746.3093082311,/home/runner/work/Solana-Memecoin-Analysis/Solana-Memecoin-Analysis/data/cache/2026-09-22/052744895317_ohlcv_8b39bce88f13.json
2026-09-22T02:30:00+00:00,58oQChx4yWmvKdwLLZzBi4ChoCc2fqCUWBkwMihLYQo2,solana,Raydium,,,,,2022-04-28T09:46:08Z,117.911494465402,,,,,,,,,,,,,,,,,,,ohlcv_backfill,minute,117.59237209218794,117.932404535706,117.1219535,117.911494465402,281131.7433023495,/home/runner/work/Solana-Memecoin-Analysis/Solana-Memecoin-Analysis/data/cache/2026-09-22/052744895317_ohlcv_8b39bce88f13.json
2026-09-22T02:25:00+00:00,58oQChx4yWmvKdwLLZzBi4ChoCc2fqCUWBkwMihLYQo2,solana,Raydium,,,,,2022-04-28T09:46:08Z,117.59237209218794,,,,,,,,,,,,,,,,,,,ohlcv_backfill,minute,117.46119439170843,117.905391826851,117.314732,117.59237209218794,153396.67182858838,/home/runner/work/Solana-Memecoin-Analysis/Solana-Memecoin-Analysis/data/cache/2026-09-22/052744895317_ohlcv_8b39bce88f13.json
2026-09-22T02:20:00+00:00,58oQChx4yWmvKdwLLZzBi4ChoCc2fqCUWBkwMihLYQo2,solana,Raydium,,,,,2022-04-28T09:46:08Z,117.46119439170843,,,,,,,,,,,,,,,,,,,ohlcv_backfill,minute,117.844689431051,117.844689431051,117.109071979851,117.46119439170843,203468.9791809048,/home/runner/work/Solana-Memecoin-Analysis/Solana-Memecoin-Analysis/data/cache/2026-09-22/052744895317_ohlcv_8b39bce88f13.json
2026-09-22T02:15:00+00:00,58oQChx4yWmvKdwLLZzBi4ChoCc2fqCUWBkwMihLYQo2,solana,Raydium,,,,,2022-04-28T09:46:08Z,117.844689431051,,,,,,,,,,,,,,,,,,,ohlcv_backfill,minute,117.41862706603696,118.296529968454,117.189539063441,117.844689431051,267624.3204011643,/home/runner/work/Solana-Memecoin-Analysis/Solana-Memecoin-Analysis/data/cache/2026-09-22/052744895317_ohlcv_8b39bce88f13.json
2026-09-22T02:10:00+00:00,58oQChx4yWmvKdwLLZzBi4ChoCc2fqCUWBkwMihLYQo2,solana,Raydium,,,,,2022-04-28T09:46:08Z,117.41862706603696,,,,,,,,,,,,,,,,,,,ohlcv_backfill,minute,117.53245085246509,117.909599935081,117.034568929613,117.41862706603696,296370.50969770236,/home/runner/work/Solana-Memecoin-Analysis/Solana-Memecoin-Analysis/data/cache/2026-09-22/052744895317_ohlcv_8b39bce88f13.json
2026-09-22T02:05:00+00:00,58oQChx4yWmvKdwLLZzBi4ChoCc2fqCUWBkwMihLYQo2,solana,Raydium,,,,,2022-04-28T09:46:08Z,117.53245085246509,,,,,,,,,,,,,,,,,,,ohlcv_backfill,minute,117.4331043552486,117.959021454815,117.173365,117.53245085246509,250349.74034511275,/home/runner/work/Solana-Memecoin-Analysis/Solana-Memecoin-Analysis/data/cache/2026-09-22/052744895317_ohlcv_8b39bce88f13.json
2026-09-22T02:00:00+00:00,58oQChx4yWmvKdwLLZzBi4ChoCc2fqCUWBkwMihLYQo2,solana,Raydium,,,,,2022-04-28T09:46:08Z,117.4331043552486,,,,,,,,,,,,,,,,,,,ohlcv_backfill,minute,117.65619950250115,118.002334351408,117.369661367714,117.4331043552486,261185.01904634433,/home/runner/work/Solana-Memecoin-Analysis/Solana-Memecoin-Analysis/data/cache/2026-09-22/052744895317_ohlcv_8b39bce88f13.json
2026-09-22T01:55:00+00:00,58oQChx4yWmvKdwLLZzBi4ChoCc2fqCUWBkwMihLYQo2,solana,Raydium,,,,,2022-04-28T09:46:08Z,117.65619950250115,,,,,,,,,,,,,,,,,,,ohlcv_backfill,minute,117.75114767961047,117.981794141614,117.37994,117.65619950250115,255226.47404912152,/home/runner/work/Solana-Memecoin-Analysis/Solana-Memecoin-Analysis/data/cache/2026-09-22/052744895317_ohlcv_8b39bce88f13.json
2026-09-22T01:50:00+00:00,58oQChx4yWmvKdwLLZzBi4ChoCc2fqCUWBkwMihLYQo2,solana,Raydium,,,,,2022-04-28T09:46:08Z,117.75114767961047,,,,,,,,,,,,,,,,,,,ohlcv_backfill,minute,117.60084279027035,118.062575789099,117.19422020202,117.75114767961047,349896.08731521614,/home/runner/work/Solana-Memecoin-Analysis/Solana-Memecoin-Analysis/data/cache/2026-09-22/052744895317_ohlcv_8b39bce88f13.json
2026-09-22T01:45:00+00:00,58oQChx4yWmvKdwLLZzBi4ChoCc2fqCUWBkwMihLYQo2,solana,Raydium,,,,,2022-04-28T09:46:08Z,117.60084279027035,,,,,,,,,,,,,,,,,,,ohlcv_backfill,minute,117.84452793152421,118.159365657091,117.406347909701,117.60084279027035,360385.764350555,/home/runner/work/Solana-Memecoin-Analysis/Solana-Memecoin-Analysis/data/cache/2026-09-22/052744895317_ohlcv_8b39bce88f13.json
2026-09-22T01:40:00+00:00,58oQChx4yWmvKdwLLZzBi4ChoCc2fqCUWBkwMihLYQo2,solana,Raydium,,,,,2022-04-28T09:46:08Z,117.84452793152421,,,,,,,,,,,,,,,,,,,ohlcv_backfill,minute,117.82518674649035,118.276012790044,117.548161616162,117.84452793152421,314555.4953700768,/home/runner/work/Solana-Memecoin-Analysis/Solana-Memecoin-Analysis/data/cache/2026-09-22/052744895317_ohlcv_8b39bce88f13.json
2026-09-22T01:35:00+00:00,58oQChx4yWmvKdwLLZzBi4ChoCc2fqCUWBkwMihLYQo2,solana,Raydium,,,,,2022-04-28T09:46:08Z,117.82518674649035,,,,,,,,,,,,,,,,,,,ohlcv_backfill,minute,118.20822338676365,118.594667871667,117.523737373737,117.82518674649035,328759.24114803533,/home/runner/work/Solana-Memecoin-Analysis/Solana-Memecoin-Analysis/data/cache/2026-09-22/052744895317_ohlcv_8b39bce88f13.json
2026-09-22T01:30:00+00:00,58oQChx4yWmvKdwLLZzBi4ChoCc2fqCUWBkwMihLYQo2,solana,Raydium,,,,,2022-04-28T09:46:08Z,118.20822338676365,,,,,,,,,,,,,,,,,,,ohlcv_backfill,minute,117.717975525898,118.369351669941,117.429590150802,118.20822338676365,341904.14020928467,/home/runner/work/Solana-Memecoin-Analysis/Solana-Memecoin-Analysis/data/cache/2026-09-22/052744895317_ohlcv_8b39bce88f13.json
2026-09-22T01:25:00+00:00,58oQChx4yWmvKdwLLZzBi4ChoCc2fqCUWBkwMihLYQo2,solana,Raydium,,,,,2022-04-28T09:46:08Z,117.717975525898,,,,,,,,,,,,,,,,,,,ohlcv_backfill,minute,117.51405218195582,117.913700391968,117.157669090909,117.717975525898,409582.50925180805,/home/runner/work/Solana-Memecoin-Analysis/Solana-Memecoin-Analysis/data/cache/2026-09-22/052744895317_ohlcv_8b39bce88f13.json
2026-09-22T01:20:00+00:00,58oQChx4yWmvKdwLLZzBi4ChoCc2fqCUWBkwMihLYQo2,solana,Raydium,,,,,2022-04-28T09:46:08Z,117.51405218195582,,,,,,,,,,,,,,,,,,,ohlcv_backfill,minute,117.35632194201416,117.690446835773,117.013039066977,117.51405218195582,207704.68890658897,/home/runner/work/Solana-Memecoin-Analysis/Solana-Memecoin-Analysis/data/cache/2026-09-22/052744895317_ohlcv_8b39bce88f13.json
2026-09-22T01:15:00+00:00,58oQChx4yWmvKdwLLZzBi4ChoCc2fqCUWBkwMihLYQo2,solana,Raydium,,,,,2022-04-28T09:46:08Z,117.35632194201416,,,,,,,,,,,,,,,,,,,ohlcv_backfill,minute,118.17986504859094,118.465335886314,117.00202020202,117.35632194201416,282621.81961025926,/home/runner/work/Solana-Memecoin-Analysis/Solana-Memecoin-Analysis/data/cache/2026-09-22/052744895317_ohlcv_8b39bce88f13.json
2026-09-22T01:10:00+00:00,58oQChx4yWmvKdwLLZzBi4ChoCc2fqCUWBkwMihLYQo2,solana,Raydium,,,,,2022-04-28T09:46:08Z,118.17986504859094,,,,,,,,,,,,,,,,,,,ohlcv_backfill,minute,117.9713591052852,118.252867566863,117.653366666667,118.17986504859094,231703.54268141254,/home/runner/work/Solana-Memecoin-Analysis/Solana-Memecoin-Analysis/data/cache/2026-09-22/052744895317_ohlcv_8b39bce88f13.json
2026-09-22T01:05:00+00:00,58oQChx4yWmvKdwLLZzBi4ChoCc2fqCUWBkwMihLYQo2,solana,Raydium,,,,,2022-04-28T09:46:08Z,117.9713591052852,,,,,,,,,,,,,,,,,,,ohlcv_backfill,minute,117.68360716286918,118.097024220167,117.382199191919,117.9713591052852,232149.3483848397,/home/runner/work/Solana-Memecoin-Analysis/Solana-Memecoin-Analysis/data/cache/2026-09-22/052744895317_ohlcv_8b39bce88f13.json
2026-09-22T01:00:00+00:00,58oQChx4yWmvKdwLLZzBi4ChoCc2fqCUWBkwMihLYQo2,solana,Raydium,,,,,2022-04-28T09:46:08Z,117.68360716286918,,,,,,,,,,,,,,,,,,,ohlcv_backfill,minute,118.67513833141,118.683794373566,117.379530083443,117.68360716286918,310959.3799511949,/home/runner/work/Solana-Memecoin-Analysis/Solana-Memecoin-Analysis/data/cache/2026-09-22/052744895317_ohlcv_8b39bce88f13.json
2026-09-22T00:55:00+00:00,58oQChx4yWmvKdwLLZzBi4ChoCc2fqCUWBkwMihLYQo2,solana,Raydium,,,,,2022-04-28T09:46:08Z,118.67513833141,,,,,,,,,,,,,,,,,,,ohlcv_backfill,minute,119.28722126813102,120.096076861489,118.041529292171,118.67513833141,261544.17347715428,/home/runner/work/Solana-Memecoin-Analysis/Solana-Memecoin-Analysis/data/cache/2026-09-22/052744895317_ohlcv_8b39bce88f13.json
2026-09-22T00:50:00+00:00,58oQChx4yWmvKdwLLZzBi4ChoCc2fqCUWBkwMihLYQo2,solana,Raydium,,,,,2022-04-28T09:46:08Z,119.28722126813102,,,,,,,,,,,,,,,,,,,ohlcv_backfill,minute,119.42425742027753,119.724783242907,119.0768095,119.28722126813102,244981.52172217608,/home/runner/work/Solana-Memecoin-Analysis/Solana-Memecoin-Analysis/data/cache/2026-09-22/052744895317_ohlcv_8b39bce88f13.json
2026-09-22T00:45:00+00:00,58oQChx4yWmvKdwLLZzBi4ChoCc2fqCUWBkwMihLYQo2,solana,Raydium,,,,,2022-04-28T09:46:08Z,119.42425742027753,,,,,,,,,,,,,,,,,,,ohlcv_backfill,minute,119.17979277540437,119.711878819305,119.17979277540437,119.42425742027753,217079.17591465468,/home/runner/work/Solana-Memecoin-Analysis/Solana-Memecoin-Analysis/data/cache/2026-09-22/052744895317_ohlcv_8b39bce88f13.json
2026-09-22T00:40:00+00:00,58oQChx4yWmvKdwLLZzBi4ChoCc2fqCUWBkwMihLYQo2,solana,Raydium,,,,,2022-04-28T09:46:08Z,119.17979277540437,,,,,,,,,,,,,,,,,,,ohlcv_backfill,minute,119.14011438929938,119.496496800611,118.726056252128,119.17979277540437,240270.1845468003,/home/runner/work/Solana-Memecoin-Analysis/Solana-Memecoin-Analysis/data/cache/2026-09-22/052744895317_ohlcv_8b39bce88f13.json
2026-09-22T00:35:00+00:00,58oQChx4yWmvKdwLLZzBi4ChoCc2fqCUWBkwMihLYQo2,solana,Raydium,,,,,2022-04-28T09:46:08Z,119.14011438929938,,,,,,,,,,,,,,,,,,,ohlcv_backfill,minute,119.31532275125826,119.607432031563,118.917634828283,119.14011438929938,200342.7063367712,/home/runner/work/Solana-Memecoin-Analysis/Solana-Memecoin-Analysis/data/cache/2026-09-22/052744895317_ohlcv_8b39bce88f13.json
2026-09-22T00:30:00+00:00,58oQChx4yWmvKdwLLZzBi4ChoCc2fqCUWBkwMihLYQo2,solana,Raydium,,,,,2022-04-28T09:46:08Z,119.31532275125826,,,,,,,,,,,,,,,,,,,ohlcv_backfill,minute,119.477345190064,120.0,118.773946360153,119.31532275125826,169558.29987243816,/home/runner/work/Solana-Memecoin-Analysis/Solana-Memecoin-Analysis/data/cache/2026-09-22/052744895317_ohlcv_8b39bce88f13.json
2026-09-22T00:25:00+00:00,58oQChx4yWmvKdwLLZzBi4ChoCc2fqCUWBkwMihLYQo2,solana,Raydium,,,,,2022-04-28T09:46:08Z,119.477345190064,,,,,,,,,,,,,,,,,,,ohlcv_backfill,minute,119.10602461608978,120.0,118.721757575758,119.477345190064,281993.6956651042,/home/runner/work/Solana-Memecoin-Analysis/Solana-Memecoin-Analysis/data/cache/2026-09-22/052744895317_ohlcv_8b39bce88f13.json
2026-09-22T00:20:00+00:00,58oQChx4yWmvKdwLLZzBi4ChoCc2fqCUWBkwMihLYQo2,solana,Raydium,,,,,2022-04-28T09:46:08Z,119.10602461608978,,,,,,,,,,,,,,,,,,,ohlcv_backfill,minute,118.74267747046791,119.414408653988,118.487822059403,119.10602461608978,256052.99039349734,/home/runner/work/Solana-Memecoin-Analysis/Solana-Memecoin-Analysis/data/cache/2026-09-22/052744895317_ohlcv_8b39bce88f13.json
2026-09-22T00:15:00+00:00,58oQChx4yWmvKdwLLZzBi4ChoCc2fqCUWBkwMihLYQo2,solana,Raydium,,,,,2022-04-28T09:46:08Z,118.74267747046791,,,,,,,,,,,,,,,,,,,ohlcv_backfill,minute,118.51742580004196,118.830356637753,118.200201978235,118.74267747046791,462336.02697514376,/home/runner/work/Solana-Memecoin-Analysis/Solana-Memecoin-Analysis/data/cache/2026-09-22/052744895317_ohlcv_8b39bce88f13.json
2026-09-22T00:10:00+00:00,58oQChx4yWmvKdwLLZzBi4ChoCc2fqCUWBkwMihLYQo2,solana,Raydium,,,,,2022-04-28T09:46:08Z,118.51742580004196,,,,,,,,,,,,,,,,,,,ohlcv_backfill,minute,118.62843296511201,118.886056089429,118.261978115372,118.51742580004196,400787.5092041918,/home/runner/work/Solana-Memecoin-Analysis/Solana-Memecoin-Analysis/data/cache/2026-09-22/052744895317_ohlcv_8b39bce88f13.json
2026-09-22T00:05:00+00:00,58oQChx4yWmvKdwLLZzBi4ChoCc2fqCUWBkwMihLYQo2,solana,Raydium,,,,,2022-04-28T09:46:08Z,118.62843296511201,,,,,,,,,,,,,,,,,,,ohlcv_backfill,minute,118.81934409807282,120.186697782964,118.430273300631,118.62843296511201,195742.90552778388,/home/runner/work/Solana-Memecoin-Analysis/Solana-Memecoin-Analysis/data/cache/2026-09-22/052744895317_ohlcv_8b39bce88f13.json
2026-09-22T00:00:00+00:00,58oQChx4yWmvKdwLLZzBi4ChoCc2fqCUWBkwMihLYQo2,solana,Raydium,,,,,2022-04-28T09:46:08Z,118.81934409807282,,,,,,,,,,,,,,,,,,,ohlcv_backfill,minute,118.7191479043392,119.185708251934,118.52,118.81934409807282,181676.41950587125,/home/runner/work/Solana-Memecoin-Analysis/Solana-Memecoin-Analysis/data/cache/2026-09-22/052744895317_ohlcv_8b39bce88f13.json
2026-09-21T23:55:00+00:00,58oQChx4yWmvKdwLLZzBi4ChoCc2fqCUWBkwMihLYQo2,solana,Raydium,,,,,2022-04-28T09:46:08Z,118.7191479043392,,,,,,,,,,,,,,,,,,,ohlcv_backfill,minute,118.6976025259913,119.046268858041,118.3739043661,118.7191479043392,265716.7160543132,/home/runner/work/Solana-Memecoin-Analysis/Solana-Memecoin-Analysis/data/cache/2026-09-22/052744895317_ohlcv_8b39bce88f13.json
2026-09-21T23:50:00+00:00,58oQChx4yWmvKdwLLZzBi4ChoCc2fqCUWBkwMihLYQo2,solana,Raydium,,,,,2022-04-28T09:46:08Z,118.6976025259913,,,,,,,,,,,,,,,,,,,ohlcv_backfill,minute,118.81368978995344,118.81796824756124,118.6976025259913,118.6976025259913,274375.7151255527,/home/runner/work/Solana-Memecoin-Analysis/Solana-Memecoin-Analysis/data/cache/2026-09-22/052744895317_ohlcv_8b39bce88f13.json
2026-09-21T23:45:00+00:00,58oQChx4yWmvKdwLLZzBi4ChoCc2fqCUWBkwMihLYQo2,solana,Raydium,,,,,2022-04-28T09:46:08Z,118.81368978995344,,,,,,,,,,,,,,,,,,,ohlcv_backfill,minute,118.8382626003747,119.130904227166,118.482828282828,118.81368978995344,384373.3835244778,/home/runner/work/Solana-Memecoin-Analysis/Solana-Memecoin-Analysis/data/cache/2026-09-22/052744895317_ohlcv_8b39bce88f13.json
2026-09-21T23:40:00+00:00,58oQChx4yWmvKdwLLZzBi4ChoCc2fqCUWBkwMihLYQo2,solana,Raydium,,,,,2022-04-28T09:46:08Z,118.8382626003747,,,,,,,,,,,,,,,,,,,ohlcv_backfill,minute,118.67781764495355,118.963366887781,118.312392381643,118.8382626003747,265677.4256093085,/home/runner/work/Solana-Memecoin-Analysis/Solana-Memecoin-Analysis/data/cache/2026-09-22/052744895317_ohlcv_8b39bce88f13.json
2026-09-21T23:35:00+00:00,58oQChx4yWmvKdwLLZzBi4ChoCc2fqCUWBkwMihLYQo2,solana,Raydium,,,,,2022-04-28T09:46:08Z,118.67781764495355,,,,,,,,,,,,,,,,,,,ohlcv_backfill,minute,118.873158609077,118.981146177551,118.124436429216,118.67781764495355,256978.3854496945,/home/runner/work/Solana-Memecoin-Analysis/Solana-Memecoin-Analysis/data/cache/2026-09-22/052744895317_ohlcv_8b39bce88f13.json
2026-09-21T23:30:00+00:00,58oQChx4yWmvKdwLLZzBi4ChoCc2fqCUWBkwMihLYQo2,solana,Raydium,,,,,2022-04-28T09:46:08Z,118.873158609077,,,,,,,,,,,,,,,,,,,ohlcv_backfill,minute,119.18763281387312,119.312664479422,118.285368232656,118.873158609077,266337.6776414514,/home/runner/work/Solana-Memecoin-Analysis/Solana-Memecoin-Analysis/data/cache/2026-09-22/052744895317_ohlcv_8b39bce88f13.json
2026-09-21T23:25:00+00:00,58oQChx4yWmvKdwLLZzBi4ChoCc2fqCUWBkwMihLYQo2,solana,Raydium,,,,,2022-04-28T09:46:08Z,119.18763281387312,,,,,,,,,,,,,,,,,,,ohlcv_backfill,minute,119.25933642890288,120.0,118.6396738,119.18763281387312,249643.4878896964,/home/runner/work/Solana-Memecoin-Analysis/Solana-Memecoin-Analysis/data/cache/2026-09-22/052744895317_ohlcv_8b39bce88f13.json
2026-09-21T23:20:00+00:00,58oQChx4yWmvKdwLLZzBi4ChoCc2fqCUWBkwMihLYQo2,solana,Raydium,,,,,2022-04-28T09:46:08Z,119.25933642890288,,,,,,,,,,,,,,,,,,,ohlcv_backfill,minute,119.66035280342398,119.935243516366,118.943322772277,119.25933642890288,264105.9517267287,/home/runner/work/Solana-Memecoin-Analysis/Solana-Memecoin-Analysis/data/cache/2026-09-22/052744895317_ohlcv_8b39bce88f13.json
2026-09-21T23:15:00+00:00,58oQChx4yWmvKdwLLZzBi4ChoCc2fqCUWBkwMihLYQo2,solana,Raydium,,,,,2022-04-28T09:46:08Z,119.66035280342398,,,,,,,,,,,,,,,,,,,ohlcv_backfill,minute,119.77536927747369,120.675784392599,119.303515,119.66035280342398,193447.2851585023,/home/runner/work/Solana-Memecoin-Analysis/Solana-Memecoin-Analysis/data/cache/2026-09-22/052744895317_ohlcv_8b39bce88f13.json
2026-09-21T23:10:00+00:00,58oQChx4yWmvKdwLLZzBi4ChoCc2fqCUWBkwMihLYQo2,solana,Raydium,,,,,2022-04-28T09:46:08Z,119.77536927747369,,,,,,,,,,,,,,,,,,,ohlcv_backfill,minute,119.66682341173984,120.059926145234,119.131267965506,119.77536927747369,253288.79464518718,/home/runner/work/Solana-Memecoin-Analysis/Solana-Memecoin-Analysis/data/cache/2026-09-22/052744895317_ohlcv_8b39bce88f13.json
2026-09-21T23:05:00+00:00,58oQChx4yWmvKdwLLZzBi4ChoCc2fqCUWBkwMihLYQo2,solana,Raydium,,,,,2022-04-28T09:46:08Z,119.66682341173984,,,,,,,,,,,,,,,,,,,ohlcv_backfill,minute,119.49329881830297,119.872272102087,119.235219932169,119.66682341173984,285585.39600991854,/home/runner/work/Solana-Memecoin-Analysis/Solana-Memecoin-Analysis/data/cache/2026-09-22/052744895317_ohlcv_8b39bce88f13.json
2026-09-21T23:00:00+00:00,58oQChx4yWmvKdwLLZzBi4ChoCc2fqCUWBkwMihLYQo2,solana,Raydium,,,,,2022-04-28T09:46:08Z,119.49329881830297,,,,,,,,,,,,,,,,,,,ohlcv_backfill,minute,119.18833966507881,120.288692862871,118.998391919192,119.49329881830297,194841.31393753478,/home/runner/work/Solana-Memecoin-Analysis/Solana-Memecoin-Analysis/data/cache/2026-09-22/052744895317_ohlcv_8b39bce88f13.json
2026-09-21T22:55:00+00:00,58oQChx4yWmvKdwLLZzBi4ChoCc2fqCUWBkwMihLYQo2,solana,Raydium,,,,,2022-04-28T09:46:08Z,119.18833966507881,,,,,,,,,,,,,,,,,,,ohlcv_backfill,minute,119.03477446152478,119.506019049822,118.890303030303,119.18833966507881,167897.91711542674,/home/runner/work/Solana-Memecoin-Analysis/Solana-Memecoin-Analysis/data/cache/2026-09-22/052744895317_ohlcv_8b39bce88f13.json
2026-09-21T22:50:00+00:00,58oQChx4yWmvKdwLLZzBi4ChoCc2fqCUWBkwMihLYQo2,solana,Raydium,,,,,2022-04-28T09:46:08Z,119.03477446152478,,,,,,,,,,,,,,,,,,,ohlcv_backfill,minute,119.10488972742722,119.904076738609,118.674393939394,119.03477446152478,211090.42401622352,/home/runner/work/Solana-Memecoin-Analysis/Solana-Memecoin-Analysis/data/cache/2026-09-22/052744895317_ohlcv_8b39bce88f13.json
2026-09-21T22:45:00+00:00,58oQChx4yWmvKdwLLZzBi4ChoCc2fqCUWBkwMihLYQo2,solana,Raydium,,,,,2022-04-28T09:46:08Z,119.10488972742722,,,,,,,,,,,,,,,,,,,ohlcv_backfill,minute,119.4894568903266,119.538104116607,118.917007857077,119.10488972742722,290200.94718347886,/home/runner/work/Solana-Memecoin-Analysis/Solana-Memecoin-Analysis/data/cache/2026-09-22/052744895317_ohlcv_8b39bce88f13.json
2026-09-21T22:40:00+00:00,58oQChx4yWmvKdwLLZzBi4ChoCc2fqCUWBkwMihLYQo2,solana,Raydium,,,,,2022-04-28T09:46:08Z,119.4894568903266,,,,,,,,,,,,,,,,,,,ohlcv_backfill,minute,119.122317460317,119.845596903009,119.094533333333,119.4894568903266,360034.7485346975,/home/runner/work/Solana-Memecoin-Analysis/Solana-Memecoin-Analysis/data/cache/2026-09-22/052744895317_ohlcv_8b39bce88f13.json
2026-09-21T22:35:00+00:00,58oQChx4yWmvKdwLLZzBi4ChoCc2fqCUWBkwMihLYQo2,solana,Raydium,,,,,2022-04-28T09:46:08Z,119.122317460317,,,,,,,,,,,,,,,,,,,ohlcv_backfill,minute,119.38301497073991,120.385232744783,119.081299793662,119.122317460317,317391.1040620802,/home/runner/work/Solana-Memecoin-Analysis/Solana-Memecoin-Analysis/data/cache/2026-09-22/052744895317_ohlcv_8b39bce88f13.json
2026-09-21T22:30:00+00:00,58oQChx4yWmvKdwLLZzBi4ChoCc2fqCUWBkwMihLYQo2,solana,Raydium,,,,,2022-04-28T09:46:08Z,119.38301497073991,,,,,,,,,,,,,,,,,,,ohlcv_backfill,minute,119.072253352061,119.78295319488,119.039329,119.38301497073991,366374.55344175367,/home/runner/work/Solana-Memecoin-Analysis/Solana-Memecoin-Analysis/data/cache/2026-09-22/052744895317_ohlcv_8b39bce88f13.json
2026-09-21T22:25:00+00:00,58oQChx4yWmvKdwLLZzBi4ChoCc2fqCUWBkwMihLYQo2,solana,Raydium,,,,,2022-04-28T09:46:08Z,119.072253352061,,,,,,,,,,,,,,,,,,,ohlcv_backfill,minute,119.60829762979992,120.481927710843,118.998984020489,119.072253352061,507750.640927722,/home/runner/work/Solana-Memecoin-Analysis/Solana-Memecoin-Analysis/data/cache/2026-09-22/052744895317_ohlcv_8b39bce88f13.json
2026-09-21T22:20:00+00:00,58oQChx4yWmvKdwLLZzBi4ChoCc2fqCUWBkwMihLYQo2,solana,Raydium,,,,,2022-04-28T09:46:08Z,119.60829762979992,,,,,,,,,,,,,,,,,,,ohlcv_backfill,minute,119.61191547172616,120.135027799841,119.296614653465,119.60829762979992,342248.9082697717,/home/runner/work/Solana-Memecoin-Analysis/Solana-Memecoin-Analysis/data/cache/2026-09-22/052744895317_ohlcv_8b39bce88f13.json
2026-09-21T22:15:00+00:00,58oQChx4yWmvKdwLLZzBi4ChoCc2fqCUWBkwMihLYQo2,solana,Raydium,,,,,2022-04-28T09:46:08Z,119.61191547172616,,,,,,,,,,,,,,,,,,,ohlcv_backfill,minute,119.31597121745095,120.288692862871,118.973385858586,119.61191547172616,473001.5711433707,/home/runner/work/Solana-Memecoin-Analysis/Solana-Memecoin-Analysis/data/cache/2026-09-22/052744895317_ohlcv_8b39bce88f13.json
2026-09-21T22:10:00+00:00,58oQChx4yWmvKdwLLZzBi4ChoCc2fqCUWBkwMihLYQo2,solana,Raydium,,,,,2022-04-28T09:46:08Z,119.31597121745095,,,,,,,,,,,,,,,,,,,ohlcv_backfill,minute,119.2955540904231,119.72093203331,118.953535353535,119.31597121745095,525686.3679647355,/home/runner/work/Solana-Memecoin-Analysis/Solana-Memecoin-Analysis/data/cache/2026-09-22/052744895317_ohlcv_8b39bce88f13.json
2026-09-21T22:05:00+00:00,58oQChx4yWmvKdwLLZzBi4ChoCc2fqCUWBkwMihLYQo2,solana,Raydium,,,,,2022-04-28T09:46:08Z,119.2955540904231,,,,,,,,,,,,,,,,,,,ohlcv_backfill,minute,119.27113585162188,119.711961165643,118.868436607143,119.2955540904231,483806.82092658425,/home/runner/work/Solana-Memecoin-Analysis/Solana-Memecoin-Analysis/data/cache/2026-09-22/052744895317_ohlcv_8b39bce88f13.json
2026-09-21T22:00:00+00:00,58oQChx4yWmvKdwLLZzBi4ChoCc2fqCUWBkwMihLYQo2,solana,Raydium,,,,,2022-04-28T09:46:08Z,119.27113585162188,,,,,,,,,,,,,,,,,,,ohlcv_backfill,minute,118.983259758194,119.647034357669,118.893583797573,119.27113585162188,505999.5643643059,/home/runner/work/Solana-Memecoin-Analysis/Solana-Memecoin-Analysis/data/cache/2026-09-22/052744895317_ohlcv_8b39bce88f13.json
2026-09-21T21:55:00+00:00,58oQChx4yWmvKdwLLZzBi4ChoCc2fqCUWBkwMihLYQo2,solana,Raydium,,,,,2022-04-28T09:46:08Z,118.983259758194,,,,,,,,,,,,,,,,,,,ohlcv_backfill,minute,119.37250785245052,120.481927710843,118.935292929293,118.983259758194,558647.622750477,/home/runner/work/Solana-Memecoin-Analysis/Solana-Memecoin-Analysis/data/cache/2026-09-22/052744895317_ohlcv_8b39bce88f13.json
2026-09-21T21:50:00+00:00,58oQChx4yWmvKdwLLZzBi4ChoCc2fqCUWBkwMihLYQo2,solana,Raydium,,,,,2022-04-28T09:46:08Z,119.37250785245052,,,,,,,,,,,,,,,,,,,ohlcv_backfill,minute,119.68245549178872,119.878718605816,119.064134773961,119.37250785245052,842118.8303098803,/home/runner/work/Solana-Memecoin-Analysis/Solana-Memecoin-Analysis/data/cache/2026-09-22/052744895317_ohlcv_8b39bce88f13.json
2026-09-21T21:45:00+00:00,58oQChx4yWmvKdwLLZzBi4ChoCc2fqCUWBkwMihLYQo2,solana,Raydium,,,,,2022-04-28T09:46:08Z,119.68245549178872,,,,,,,,,,,,,,,,,,,ohlcv_backfill,minute,119.881260514736,120.412844036697,119.146670707071,119.68245549178872,1479731.3953512146,/home/runner/work/Solana-Memecoin-Analysis/Solana-Memecoin-Analysis/data/cache/2026-09-22/052744895317_ohlcv_8b39bce88f13.json
2026-09-21T21:40:00+00:00,58oQChx4yWmvKdwLLZzBi4ChoCc2fqCUWBkwMihLYQo2,solana,Raydium,,,,,2022-04-28T09:46:08Z,119.881260514736,,,,,,,,,,,,,,,,,,,ohlcv_backfill,minute,119.6784897616838,120.14913441252,118.835741653027,119.881260514736,2392092.582561469,/home/runner/work/Solana-Memecoin-Analysis/Solana-Memecoin-Analysis/data/cache/2026-09-22/052744895317_ohlcv_8b39bce88f13.json
2026-09-21T21:35:00+00:00,58oQChx4yWmvKdwLLZzBi4ChoCc2fqCUWBkwMihLYQo2,solana,Raydium,,,,,2022-04-28T09:46:08Z,119.6784897616838,,,,,,,,,,,,,,,,,,,ohlcv_backfill,minute,119.26940158408293,119.70230580010815,119.26940158408293,119.6784897616838,1298240.1763415076,/home/runner/work/Solana-Memecoin-Analysis/Solana-Memecoin-Analysis/data/cache/2026-09-22/052744895317_ohlcv_8b39bce88f13.json
2026-09-21T21:30:00+00:00,58oQChx4yWmvKdwLLZzBi4ChoCc2fqCUWBkwMihLYQo2,solana,Raydium,,,,,2022-04-28T09:46:08Z,119.26940158408293,,,,,,,,,,,,,,,,,,,ohlcv_backfill,minute,118.840258657971,119.717882663005,118.785191919192,119.26940158408293,1082841.3689657352,/home/runner/work/Solana-Memecoin-Analysis/Solana-Memecoin-Analysis/data/cache/2026-09-22/052744895317_ohlcv_8b39bce88f13.json
2026-09-21T21:25:00+00:00,58oQChx4yWmvKdwLLZzBi4ChoCc2fqCUWBkwMihLYQo2,solana,Raydium,,,,,2022-04-28T09:46:08Z,118.840258657971,,,,,,,,,,,,,,,,,,,ohlcv_backfill,minute,119.159111154539,119.534033300726,118.416321969697,118.840258657971,1210838.2476219495,/home/runner/work/Solana-Memecoin-Analysis/Solana-Memecoin-Analysis/data/cache/2026-09-22/052744895317_ohlcv_8b39bce88f13.json
2026-09-21T21:20:00+00:00,58oQChx4yWmvKdwLLZzBi4ChoCc2fqCUWBkwMihLYQo2,solana,Raydium,,,,,2022-04-28T09:46:08Z,119.159111154539,,,,,,,,,,,,,,,,,,,ohlcv_backfill,minute,118.749156452429,119.500271591526,118.58512,119.159111154539,224562.50129823465,/home/runner/work/Solana-Memecoin-Analysis/Solana-Memecoin-Analysis/data/cache/2026-09-22/052744895317_ohlcv_8b39bce88f13.json
2026-09-21T21:15:00+00:00,58oQChx4yWmvKdwLLZzBi4ChoCc2fqCUWBkwMihLYQo2,solana,Raydium,,,,,2022-04-28T09:46:08Z,118.749156452429,,,,,,,,,,,,,,,,,,,ohlcv_backfill,minute,118.82377888468777,120.192307692308,118.510505050505,118.749156452429,206417.69491876988,/home/runner/work/Solana-Memecoin-Analysis/Solana-Memecoin-Analysis/data/cache/2026-09-22/052744895317_ohlcv_8b39bce88f13.json
2026-09-21T21:10:00+00:00,58oQChx4yWmvKdwLLZzBi4ChoCc2fqCUWBkwMihLYQo2,solana,Raydium,,,,,2022-04-28T09:46:08Z,118.82377888468777,,,,,,,,,,,,,,,,,,,ohlcv_backfill,minute,119.04395615993457,119.808306709265,118.659615438832,118.82377888468777,216851.65309150433,/home/runner/work/Solana-Memecoin-Analysis/Solana-Memecoin-Analysis/data/cache/2026-09-22/052744895317_ohlcv_8b39bce88f13.json
2026-09-21T21:05:00+00:00,58oQChx4yWmvKdwLLZzBi4ChoCc2fqCUWBkwMihLYQo2,solana,Raydium,,,,,2022-04-28T09:46:08Z,119.04395615993457,,,,,,,,,,,,,,,,,,,ohlcv_backfill,minute,119.06916615158724,119.360726492641,118.699139223303,119.04395615993457,158147.36032945968,/home/runner/work/Solana-Memecoin-Analysis/Solana-Memecoin-Analysis/data/cache/2026-09-22/052744895317_ohlcv_8b39bce88f13.json
2026-09-21T21:00:00+00:00,58oQChx4yWmvKdwLLZzBi4ChoCc2fqCUWBkwMihLYQo2,solana,Raydium,,,,,2022-04-28T09:46:08Z,119.06916615158724,,,,,,,,,,,,,,,,,,,ohlcv_backfill,minute,119.24872807393128,119.568950971914,118.696460658642,119.06916615158724,223922.5957057917,/home/runner/work/Solana-Memecoin-Analysis/Solana-Memecoin-Analysis/data/cache/2026-09-22/052744895317_ohlcv_8b39bce88f13.json
2026-09-21T20:55:00+00:00,58oQChx4yWmvKdwLLZzBi4ChoCc2fqCUWBkwMihLYQo2,solana,Raydium,,,,,2022-04-28T09:46:08Z,119.24872807393128,,,,,,,,,,,,,,,,,,,ohlcv_backfill,minute,118.9986709751056,119.32694208722735,118.9986709751056,119.24872807393128,191180.65248667813,/home/runner/work/Solana-Memecoin-Analysis/Solana-Memecoin-Analysis/data/cache/2026-09-22/052744895317_ohlcv_8b39bce88f13.json
2026-09-21T20:50:00+00:00,58oQChx4yWmvKdwLLZzBi4ChoCc2fqCUWBkwMihLYQo2,solana,Raydium,,,,,2022-04-28T09:46:08Z,118.9986709751056,,,,,,,,,,,,,,,,,,,ohlcv_backfill,minute,118.56128553335837,119.202925234823,118.23794750085,118.9986709751056,289540.31910006714,/home/runner/work/Solana-Memecoin-Analysis/Solana-Memecoin-Analysis/data/cache/2026-09-22/052744895317_ohlcv_8b39bce88f13.json
2026-09-21T20:45:00+00:00,58oQChx4yWmvKdwLLZzBi4ChoCc2fqCUWBkwMihLYQo2,solana,Raydium,,,,,2022-04-28T09:46:08Z,118.56128553335837,,,,,,,,,,,,,,,,,,,ohlcv_backfill,minute,118.78767310354944,119.004492598856,118.288042412367,118.56128553335837,281973.5624818622,/home/runner/work/Solana-Memecoin-Analysis/Solana-Memecoin-Analysis/data/cache/2026-09-22/052744895317_ohlcv_8b39bce88f13.json
2026-09-21T20:40:00+00:00,58oQChx4yWmvKdwLLZzBi4ChoCc2fqCUWBkwMihLYQo2,solana,Raydium,,,,,2022-04-28T09:46:08Z,118.78767310354944,,,,,,,,,,,,,,,,,,,ohlcv_backfill,minute,118.85670433092717,119.27255550307,118.156934306569,118.78767310354944,223058.51695571138,/home/runner/work/Solana-Memecoin-Analysis/Solana-Memecoin-Analysis/data/cache/2026-09-22/052744895317_ohlcv_8b39bce88f13.json
2026-09-21T20:35:00+00:00,58oQChx4yWmvKdwLLZzBi4ChoCc2fqCUWBkwMihLYQo2,solana,Raydium,,,,,2022-04-28T09:46:08Z,118.85670433092717,,,,,,,,,,,,,,,,,,,ohlcv_backfill,minute,119.082723320103,119.617224880383,118.43094949495,118.85670433092717,236697.66737204674,/home/runner/work/Solana-Memecoin-Analysis/Solana-Memecoin-Analysis/data/cache/2026-09-22/052744895317_ohlcv_8b39bce88f13.json
2026-09-21T20:30:00+00:00,58oQChx4yWmvKdwLLZzBi4ChoCc2fqCUWBkwMihLYQo2,solana,Raydium,,,,,2022-04-28T09:46:08Z,119.082723320103,,,,,,,,,,,,,,,,,,,ohlcv_backfill,minute,118.855555555556,119.440970643125,118.46971921178,119.082723320103,305592.2542153175,/home/runner/work/Solana-Memecoin-Analysis/Solana-Memecoin-Analysis/data/cache/2026-09-22/052744895317_ohlcv_8b39bce88f13.json
2026-09-21T20:25:00+00:00,58oQChx4yWmvKdwLLZzBi4ChoCc2fqCUWBkwMihLYQo2,solana,Raydium,,,,,2022-04-28T09:46:08Z,118.855555555556,,,,,,,,,,,,,,,,,,,ohlcv_backfill,minute,119.732858628849,119.73499262782,118.772620948037,118.855555555556,276705.669387155,/home/runner/work/Solana-Memecoin-Analysis/Solana-Memecoin-Analysis/data/cache/2026-09-22/052744895317_ohlcv_8b39bce88f13.json
2026-09-21T20:20:00+00:00,58oQChx4yWmvKdwLLZzBi4ChoCc2fqCUWBkwMihLYQo2,solana,Raydium,,,,,2022-04-28T09:46:08Z,119.732858628849,,,,,,,,,,,,,,,,,,,ohlcv_backfill,minute,118.82624828127135,119.78465679677,118.387765674354,119.732858628849,561678.0850043164,/home/runner/work/Solana-Memecoin-Analysis/Solana-Memecoin-Analysis/data/cache/2026-09-22/052744895317_ohlcv_8b39bce88f13.json
2026-09-21T20:15:00+00:00,58oQChx4yWmvKdwLLZzBi4ChoCc2fqCUWBkwMihLYQo2,solana,Raydium,,,,,2022-04-28T09:46:08Z,118.82624828127135,,,,,,,,,,,,,,,,,,,ohlcv_backfill,minute,118.60511630090105,119.020128949034,118.294854,118.82624828127135,252040.8437325802,/home/runner/work/Solana-Memecoin-Analysis/Solana-Memecoin-Analysis/data/cache/2026-09-22/052744895317_ohlcv_8b39bce88f13.json
2026-09-21T20:10:00+00:00,58oQChx4yWmvKdwLLZzBi4ChoCc2fqCUWBkwMihLYQo2,solana,Raydium,,,,,2022-04-28T09:46:08Z,118.60511630090105,,,,,,,,,,,,,,,,,,,ohlcv_backfill,minute,118.841302128535,119.097269834397,118.196930137216,118.60511630090105,431552.75153868267,/home/runner/work/Solana-Memecoin-Analysis/Solana-Memecoin-Analysis/data/cache/2026-09-22/052744895317_ohlcv_8b39bce88f13.json
2026-09-21T20:05:00+00:00,58oQChx4yWmvKdwLLZzBi4ChoCc2fqCUWBkwMihLYQo2,solana,Raydium,,,,,2022-04-28T09:46:08Z,118.841302128535,,,,,,,,,,,,,,,,,,,ohlcv_backfill,minute,118.626131712094,118.955741902773,118.190234343434,118.841302128535,281834.8540682302,/home/runner/work/Solana-Memecoin-Analysis/Solana-Memecoin-Analysis/data/cache/2026-09-22/052744895317_ohlcv_8b39bce88f13.json
2026-09-21T20:00:00+00:00,58oQChx4yWmvKdwLLZzBi4ChoCc2fqCUWBkwMihLYQo2,solana,Raydium,,,,,2022-04-28T09:46:08Z,118.626131712094,,,,,,,,,,,,,,,,,,,ohlcv_backfill,minute,118.2371065942537,118.68303652616508,118.2371065942537,118.626131712094,263128.0628897899,/home/runner/work/Solana-Memecoin-Analysis/Solana-Memecoin-Analysis/data/cache/2026-09-22/052744895317_ohlcv_8b39bce88f13.json
2026-09-21T19:55:00+00:00,58oQChx4yWmvKdwLLZzBi4ChoCc2fqCUWBkwMihLYQo2,solana,Raydium,,,,,2022-04-28T09:46:08Z,118.2371065942537,,,,,,,,,,,,,,,,,,,ohlcv_backfill,minute,117.838585858586,118.571339177697,117.837593841947,118.2371065942537,283934.76856004534,/home/runner/work/Solana-Memecoin-Analysis/Solana-Memecoin-Analysis/data/cache/2026-09-22/052744895317_ohlcv_8b39bce88f13.json
2026-09-21T19:50:00+00:00,58oQChx4yWmvKdwLLZzBi4ChoCc2fqCUWBkwMihLYQo2,solana,Raydium,,,,,2022-04-28T09:46:08Z,117.838585858586,,,,,,,,,,,,,,,,,,,ohlcv_backfill,minute,117.88155152842539,118.48504110118,117.461710689345,117.838585858586,420548.3797073112,/home/runner/work/Solana-Memecoin-Analysis/Solana-Memecoin-Analysis/data/cache/2026-09-22/052744895317_ohlcv_8b39bce88f13.json
2026-09-21T19:45:00+00:00,58oQChx4yWmvKdwLLZzBi4ChoCc2fqCUWBkwMihLYQo2,solana,Raydium,,,,,2022-04-28T09:46:08Z,117.88155152842539,,,,,,,,,,,,,,,,,,,ohlcv_backfill,minute,118.21763427823556,118.563015517086,117.564975454545,117.88155152842539,574308.0721433739,/home/runner/work/Solana-Memecoin-Analysis/Solana-Memecoin-Analysis/data/cache/2026-09-22/052744895317_ohlcv_8b39bce88f13.json
2026-09-21T19:40:00+00:00,58oQChx4yWmvKdwLLZzBi4ChoCc2fqCUWBkwMihLYQo2,solana,Raydium,,,,,2022-04-28T09:46:08Z,118.21763427823556,,,,,,,,,,,,,,,,,,,ohlcv_backfill,minute,117.946780349148,118.583440516942,117.822828282828,118.21763427823556,291823.4915214084,/home/runner/work/Solana-Memecoin-Analysis/Solana-Memecoin-Analysis/data/cache/2026-09-22/052744895317_ohlcv_8b39bce88f13.json
2026-09-21T19:35:00+00:00,58oQChx4yWmvKdwLLZzBi4ChoCc2fqCUWBkwMihLYQo2,solana,Raydium,,,,,2022-04-28T09:46:08Z,117.946780349148,,,,,,,,,,,,,,,,,,,ohlcv_backfill,minute,118.20614746424623,119.047619047619,117.870564516129,117.946780349148,348284.5575926113,/home/runner/work/Solana-Memecoin-Analysis/Solana-Memecoin-Analysis/data/cache/2026-09-22/052744895317_ohlcv_8b39bce88f13.json
2026-09-21T19:30:00+00:00,58oQChx4yWmvKdwLLZzBi4ChoCc2fqCUWBkwMihLYQo2,solana,Raydium,,,,,2022-04-28T09:46:08Z,118.20614746424623,,,,,,,,,,,,,,,,,,,ohlcv_backfill,minute,117.76009730248997,118.351287973277,117.264646464646,118.20614746424623,567425.5742736858,/home/runner/work/Solana-Memecoin-Analysis/Solana-Memecoin-Analysis/data/cache/2026-09-22/052744895317_ohlcv_8b39bce88f13.json
2026-09-21T19:25:00+00:00,58oQChx4yWmvKdwLLZzBi4ChoCc2fqCUWBkwMihLYQo2,solana,Raydium,,,,,2022-04-28T09:46:08Z,117.76009730248997,,,,,,,,,,,,,,,,,,,ohlcv_backfill,minute,117.88101125484552,117.88101125484552,117.72201439522868,117.76009730248997,483992.9180468188,/home/runner/work/Solana-Memecoin-Analysis/Solana-Memecoin-Analysis/data/cache/2026-09-22/052744895317_ohlcv_8b39bce88f13.json
2026-09-21T19:20:00+00:00,58oQChx4yWmvKdwLLZzBi4ChoCc2fqCUWBkwMihLYQo2,solana,Raydium,,,,,2022-04-28T09:46:08Z,117.88101125484552,,,,,,,,,,,,,,,,,,,ohlcv_backfill,minute,117.77341236978697,118.764845605701,117.453854,117.88101125484552,205036.9276597013,/home/runner/work/Solana-Memecoin-Analysis/Solana-Memecoin-Analysis/data/cache/2026-09-22/052744895317_ohlcv_8b39bce88f13.json
2026-09-21T19:15:00+00:00,58oQChx4yWmvKdwLLZzBi4ChoCc2fqCUWBkwMihLYQo2,solana,Raydium,,,,,2022-04-28T09:46:08Z,117.77341236978697,,,,,,,,,,,,,,,,,,,ohlcv_backfill,minute,117.961396128568,118.060200668896,117.366834117367,117.77341236978697,235879.34416845266,/home/runner/work/Solana-Memecoin-Analysis/Solana-Memecoin-Analysis/data/cache/2026-09-22/052744895317_ohlcv_8b39bce88f13.json
2026-09-21T19:10:00+00:00,58oQChx4yWmvKdwLLZzBi4ChoCc2fqCUWBkwMihLYQo2,solana,Raydium,,,,,2022-04-28T09:46:08Z,117.961396128568,,,,,,,,,,,,,,,,,,,ohlcv_backfill,minute,117.015245724423,118.014849550606,116.859300762686,117.961396128568,701632.8649669415,/home/runner/work/Solana-Memecoin-Analysis/Solana-Memecoin-Analysis/data/cache/2026-09-22/052744895317_ohlcv_8b39bce88f13.json
2026-09-21T19:05:00+00:00,58oQChx4yWmvKdwLLZzBi4ChoCc2fqCUWBkwMihLYQo2,solana,Raydium,,,,,2022-04-28T09:46:08Z,117.015245724423,,,,,,,,,,,,,,,,,,,ohlcv_backfill,minute,117.62852548853151,118.296529968454,116.819902650081,117.015245724423,292522.0826961312,/home/runner/work/Solana-Memecoin-Analysis/Solana-Memecoin-Analysis/data/cache/2026-09-22/052744895317_ohlcv_8b39bce88f13.json
2026-09-21T19:00:00+00:00,58oQChx4yWmvKdwLLZzBi4ChoCc2fqCUWBkwMihLYQo2,solana,Raydium,,,,,2022-04-28T09:46:08Z,117.62852548853151,,,,,,,,,,,,,,,,,,,ohlcv_backfill,minute,118.00630598123922,118.00630598123922,117.60278644032604,117.62852548853151,268627.7338386567,/home/runner/work/Solana-Memecoin-Analysis/Solana-Memecoin-Analysis/data/cache/2026-09-22/052744895317_ohlcv_8b39bce88f13.json
2026-09-21T18:55:00+00:00,58oQChx4yWmvKdwLLZzBi4ChoCc2fqCUWBkwMihLYQo2,solana,Raydium,,,,,2022-04-28T09:46:08Z,118.00630598123922,,,,,,,,,,,,,,,,,,,ohlcv_backfill,minute,118.189786322322,118.858954041204,117.549090909091,118.00630598123922,339535.82935066294,/home/runner/work/Solana-Memecoin-Analysis/Solana-Memecoin-Analysis/data/cache/2026-09-22/052744895317_ohlcv_8b39bce88f13.json
2026-09-21T18:50:00+00:00,58oQChx4yWmvKdwLLZzBi4ChoCc2fqCUWBkwMihLYQo2,solana,Raydium,,,,,2022-04-28T09:46:08Z,118.189786322322,,,,,,,,,,,,,,,,,,,ohlcv_backfill,minute,117.33655952381,118.205177012419,117.3101,118.189786322322,341906.53383444063,/home/runner/work/Solana-Memecoin-Analysis/Solana-Memecoin-Analysis/data/cache/2026-09-22/052744895317_ohlcv_8b39bce88f13.json
2026-09-21T18:45:00+00:00,58oQChx4yWmvKdwLLZzBi4ChoCc2fqCUWBkwMihLYQo2,solana,Raydium,,,,,2022-04-28T09:46:08Z,117.33655952381,,,,,,,,,,,,,,,,,,,ohlcv_backfill,minute,117.55937624369199,117.952246344482,117.28400087693,117.33655952381,488531.664392025,/home/runner/work/Solana-Memecoin-Analysis/Solana-Memecoin-Analysis/data/cache/2026-09-22/052744895317_ohlcv_8b39bce88f13.json
2026-09-21T18:40:00+00:00,58oQChx4yWmvKdwLLZzBi4ChoCc2fqCUWBkwMihLYQo2,solana,Raydium,,,,,2022-04-28T09:46:08Z,117.55937624369199,,,,,,,,,,,,,,,,,,,ohlcv_backfill,minute,117.175106772422,118.087855297158,117.149489320769,117.55937624369199,545229.5343987269,/home/runner/work/Solana-Memecoin-Analysis/Solana-Memecoin-Analysis/data/cache/2026-09-22/052744895317_ohlcv_8b39bce88f13.json
2026-09-21T18:35:00+00:00,58oQChx4yWmvKdwLLZzBi4ChoCc2fqCUWBkwMihLYQo2,solana,Raydium,,,,,2022-04-28T09:46:08Z,117.175106772422,,,,,,,,,,,,,,,,,,,ohlcv_backfill,minute,117.81559613303,118.222891566265,116.504854368932,117.175106772422,476234.81587830343,/home/runner/work/Solana-Memecoin-Analysis/Solana-Memecoin-Analysis/data/cache/2026-09-22/052744895317_ohlcv_8b39bce88f13.json
2026-09-21T18:30:00+00:00,58oQChx4yWmvKdwLLZzBi4ChoCc2fqCUWBkwMihLYQo2,solana,Raydium,,,,,2022-04-28T09:46:08Z,117.81559613303,,,,,,,,,,,,,,,,,,,ohlcv_backfill,minute,117.282141399286,118.764845605701,117.151515151515,117.81559613303,532809.0236916158,/home/runner/work/Solana-Memecoin-Analysis/Solana-Memecoin-Analysis/data/cache/2026-09-22/052744895317_ohlcv_8b39bce88f13.json
2026-09-21T18:25:00+00:00,58oQChx4yWmvKdwLLZzBi4ChoCc2fqCUWBkwMihLYQo2,solana,Raydium,,,,,2022-04-28T09:46:08Z,117.282141399286,,,,,,,,,,,,,,,,,,,ohlcv_backfill,minute,117.837524466458,118.050002419631,117.210828282828,117.282141399286,563950.6152454028,/home/runner/work/Solana-Memecoin-Analysis/Solana-Memecoin-Analysis/data/cache/2026-09-22/052744895317_ohlcv_8b39bce88f13.json
2026-09-21T18:20:00+00:00,58oQChx4yWmvKdwLLZzBi4ChoCc2fqCUWBkwMihLYQo2,solana,Raydium,,,,,2022-04-28T09:46:08Z,117.837524466458,,,,,,,,,,,,,,,,,,,ohlcv_backfill,minute,117.24595959596,118.248175182482,117.080682,117.837524466458,756135.7407910641,/home/runner/work/Solana-Memecoin-Analysis/Solana-Memecoin-Analysis/data/cache/2026-09-22/052744895317_ohlcv_8b39bce88f13.json
2026-09-21T18:15:00+00:00,58oQChx4yWmvKdwLLZzBi4ChoCc2fqCUWBkwMihLYQo2,solana,Raydium,,,,,2022-04-28T09:46:08Z,117.24595959596,,,,,,,,,,,,,,,,,,,ohlcv_backfill,minute,117.41469673260531,117.939735312679,117.160404338168,117.24595959596,527367.9905231019,/home/runner/work/Solana-Memecoin-Analysis/Solana-Memecoin-Analysis/data/cache/2026-09-22/052744895317_ohlcv_8b39bce88f13.json
2026-09-21T18:10:00+00:00,58oQChx4yWmvKdwLLZzBi4ChoCc2fqCUWBkwMihLYQo2,solana,Raydium,,,,,2022-04-28T09:46:08Z,117.41469673260531,,,,,,,,,,,,,,,,,,,ohlcv_backfill,minute,117.28359883566401,117.559590799086,116.869861560221,117.41469673260531,472444.70661528193,/home/runner/work/Solana-Memecoin-Analysis/Solana-Memecoin-Analysis/data/cache/2026-09-22/052744895317_ohlcv_8b39bce88f13.json
2026-09-21T18:05:00+00:00,58oQChx4yWmvKdwLLZzBi4ChoCc2fqCUWBkwMihLYQo2,solana,Raydium,,,,,2022-04-28T09:46:08Z,117.28359883566401,,,,,,,,,,,,,,,,,,,ohlcv_backfill,minute,117.074098921655,117.681502260067,116.918134315831,117.28359883566401,321603.11109822785,/home/runner/work/Solana-Memecoin-Analysis/Solana-Memecoin-Analysis/data/cache/2026-09-22/052744895317_ohlcv_8b39bce88f13.json
2026-09-21T18:00:00+00:00,58oQChx4yWmvKdwLLZzBi4ChoCc2fqCUWBkwMihLYQo2,solana,Raydium,,,,,2022-04-28T09:46:08Z,117.074098921655,,,,,,,,,,,,,,,,,,,ohlcv_backfill,minute,116.9559323801008,117.681804388132,116.658737373737,117.074098921655,479925.74946407764,/home/runner/work/Solana-Memecoin-Analysis/Solana-Memecoin-Analysis/data/cache/2026-09-22/052744895317_ohlcv_8b39bce88f13.json
2026-09-21T17:55:00+00:00,58oQChx4yWmvKdwLLZzBi4ChoCc2fqCUWBkwMihLYQo2,solana,Raydium,,,,,2022-04-28T09:46:08Z,116.9559323801008,,,,,,,,,,,,,,,,,,,ohlcv_backfill,minute,117.02982000326377,117.02982000326377,116.84905735643987,116.9559323801008,542790.6895255094,/home/runner/work/Solana-Memecoin-Analysis/Solana-Memecoin-Analysis/data/cache/2026-09-22/052744895317_ohlcv_8b39bce88f13.json
2026-09-21T17:50:00+00:00,58oQChx4yWmvKdwLLZzBi4ChoCc2fqCUWBkwMihLYQo2,solana,Raydium,,,,,2022-04-28T09:46:08Z,117.02982000326377,,,,,,,,,,,,,,,,,,,ohlcv_backfill,minute,117.093737373737,118.245888801879,116.964496969697,117.02982000326377,490425.6062048617,/home/runner/work/Solana-Memecoin-Analysis/Solana-Memecoin-Analysis/data/cache/2026-09-22/052744895317_ohlcv_8b39bce88f13.json
2026-09-21T17:45:00+00:00,58oQChx4yWmvKdwLLZzBi4ChoCc2fqCUWBkwMihLYQo2,solana,Raydium,,,,,2022-04-28T09:46:08Z,117.093737373737,,,,,,,,,,,,,,,,,,,ohlcv_backfill,minute,117.68810938647499,117.956109565455,116.954212060387,117.093737373737,688396.5434420167,/home/runner/work/Solana-Memecoin-Analysis/Solana-Memecoin-Analysis/data/cache/2026-09-22/052744895317_ohlcv_8b39bce88f13.json
2026-09-21T17:40:00+00:00,58oQChx4yWmvKdwLLZzBi4ChoCc2fqCUWBkwMihLYQo2,solana,Raydium,,,,,2022-04-28T09:46:08Z,117.68810938647499,,,,,,,,,,,,,,,,,,,ohlcv_backfill,minute,117.57919499972,118.179531653171,117.381207653077,117.68810938647499,724176.2501336243,/home/runner/work/Solana-Memecoin-Analysis/Solana-Memecoin-Analysis/data/cache/2026-09-22/052744895317_ohlcv_8b39bce88f13.json
2026-09-21T17:35:00+00:00,58oQChx4yWmvKdwLLZzBi4ChoCc2fqCUWBkwMihLYQo2,solana,Raydium,,,,,2022-04-28T09:46:08Z,117.57919499972,,,,,,,,,,,,,,,,,,,ohlcv_backfill,minute,117.558246892763,118.23776620962,117.121228568428,117.57919499972,841084.7237484789,/home/runner/work/Solana-Memecoin-Analysis/Solana-Memecoin-Analysis/data/cache/2026-09-22/052744895317_ohlcv_8b39bce88f13.json
2026-09-21T17:30:00+00:00,58oQChx4yWmvKdwLLZzBi4ChoCc2fqCUWBkwMihLYQo2,solana,Raydium,,,,,2022-04-28T09:46:08Z,117.558246892763,,,,,,,,,,,,,,,,,,,ohlcv_backfill,minute,117.923149321275,118.218031621101,117.288438950724,117.558246892763,334643.1457803356,/home/runner/work/Solana-Memecoin-Analysis/Solana-Memecoin-Analysis/data/cache/2026-09-22/052744895317_ohlcv_8b39bce88f13.json
2026-09-21T17:25:00+00:00,58oQChx4yWmvKdwLLZzBi4ChoCc2fqCUWBkwMihLYQo2,solana,Raydium,,,,,2022-04-28T09:46:08Z,117.923149321275,,,,,,,,,,,,,,,,,,,ohlcv_backfill,minute,117.710982811371,117.92593838163,117.120524643743,117.923149321275,148592.556502445,/home/runner/work/Solana-Memecoin-Analysis/Solana-Memecoin-Analysis/data/cache/2026-09-22/052744895317_ohlcv_8b39bce88f13.json
2026-09-21T17:20:00+00:00,58oQChx4yWmvKdwLLZzBi4ChoCc2fqCUWBkwMihLYQo2,solana,Raydium,,,,,2022-04-28T09:46:08Z,117.710982811371,,,,,,,,,,,,,,,,,,,ohlcv_backfill,minute,117.035792087542,118.764845605701,117.032828620146,117.710982811371,240940.55222290073,/home/runner/work/Solana-Memecoin-Analysis/Solana-Memecoin-Analysis/data/cache/2026-09-22/052744895317_ohlcv_8b39bce88f13.json
2026-09-21T17:15:00+00:00,58oQChx4yWmvKdwLLZzBi4ChoCc2fqCUWBkwMihLYQo2,solana,Raydium,,,,,2022-04-28T09:46:08Z,117.035792087542,,,,,,,,,,,,,,,,,,,ohlcv_backfill,minute,117.7152059794073,117.923740201301,117.019149844026,117.035792087542,366194.96733341203,/home/runner/work/Solana-Memecoin-Analysis/Solana-Memecoin-Analysis/data/cache/2026-09-22/052744895317_ohlcv_8b39bce88f13.json
2026-09-21T17:10:00+00:00,58oQChx4yWmvKdwLLZzBi4ChoCc2fqCUWBkwMihLYQo2,solana,Raydium,,,,,2022-04-28T09:46:08Z,117.7152059794073,,,,,,,,,,,,,,,,,,,ohlcv_backfill,minute,117.73176344303751,118.230803074615,117.539549183648,117.7152059794073,378636.8488658369,/home/runner/work/Solana-Memecoin-Analysis/Solana-Memecoin-Analysis/data/cache/2026-09-22/052744895317_ohlcv_8b39bce88f13.json
2026-09-21T17:05:00+00:00,58oQChx4yWmvKdwLLZzBi4ChoCc2fqCUWBkwMihLYQo2,solana,Raydium,,,,,2022-04-28T09:46:08Z,117.73176344303751,,,,,,,,,,,,,,,,,,,ohlcv_backfill,minute,117.6397064787476,118.035679508312,117.317707457369,117.73176344303751,536053.3122532764,/home/runner/work/Solana-Memecoin-Analysis/Solana-Memecoin-Analysis/data/cache/2026-09-22/052744895317_ohlcv_8b39bce88f13.json
2026-09-21T17:00:00+00:00,58oQChx4yWmvKdwLLZzBi4ChoCc2fqCUWBkwMihLYQo2,solana,Raydium,,,,,2022-04-28T09:46:08Z,117.6397064787476,,,,,,,,,,,,,,,,,,,ohlcv_backfill,minute,117.81494268099378,118.087065120765,117.407654526587,117.6397064787476,290806.2311189359,/home/runner/work/Solana-Memecoin-Analysis/Solana-Memecoin-Analysis/data/cache/2026-09-22/052744895317_ohlcv_8b39bce88f13.json
2026-09-21T16:55:00+00:00,58oQChx4yWmvKdwLLZzBi4ChoCc2fqCUWBkwMihLYQo2,solana,Raydium,,,,,2022-04-28T09:46:08Z,117.81494268099378,,,,,,,,,,,,,,,,,,,ohlcv_backfill,minute,117.78557128272656,118.145719938548,117.544299154309,117.81494268099378,478438.9481025658,/home/runner/work/Solana-Memecoin-Analysis/Solana-Memecoin-Analysis/data/cache/2026-09-22/052744895317_ohlcv_8b39bce88f13.json
2026-09-21T16:50:00+00:00,58oQChx4yWmvKdwLLZzBi4ChoCc2fqCUWBkwMihLYQo2,solana,Raydium,,,,,2022-04-28T09:46:08Z,117.78557128272656,,,,,,,,,,,,,,,,,,,ohlcv_backfill,minute,117.65650976319327,118.131575292713,117.169241448073,117.78557128272656,642414.9287805533,/home/runner/work/Solana-Memecoin-Analysis/Solana-Memecoin-Analysis/data/cache/2026-09-22/052744895317_ohlcv_8b39bce88f13.json
2026-09-21T16:45:00+00:00,58oQChx4yWmvKdwLLZzBi4ChoCc2fqCUWBkwMihLYQo2,solana,Raydium,,,,,2022-04-28T09:46:08Z,117.65650976319327,,,,,,,,,,,,,,,,,,,ohlcv_backfill,minute,117.2187658976034,117.7070537510329,116.788321167883,117.65650976319327,578040.9560075734,/home/runner/work/Solana-Memecoin-Analysis/Solana-Memecoin-Analysis/data/cache/2026-09-22/052744895317_ohlcv_8b39bce88f13.json
2026-09-21T16:40:00+00:00,58oQChx4yWmvKdwLLZzBi4ChoCc2fqCUWBkwMihLYQo2,solana,Raydium,,,,,2022-04-28T09:46:08Z,117.2187658976034,,,,,,,,,,,,,,,,,,,ohlcv_backfill,minute,116.765079365079,117.545811728084,116.743615809854,117.2187658976034,575925.1963482844,/home/runner/work/Solana-Memecoin-Analysis/Solana-Memecoin-Analysis/data/cache/2026-09-22/052744895317_ohlcv_8b39bce88f13.json
2026-09-21T16:35:00+00:00,58oQChx4yWmvKdwLLZzBi4ChoCc2fqCUWBkwMihLYQo2,solana,Raydium,,,,,2022-04-28T09:46:08Z,116.765079365079,,,,,,,,,,,,,,,,,,,ohlcv_backfill,minute,117.6352133188013,117.756358146557,116.667497845187,116.765079365079,372273.0491378079,/home/runner/work/Solana-Memecoin-Analysis/Solana-Memecoin-Analysis/data/cache/2026-09-22/052744895317_ohlcv_8b39bce88f13.json
2026-09-21T16:30:00+00:00,58oQChx4yWmvKdwLLZzBi4ChoCc2fqCUWBkwMihLYQo2,solana,Raydium,,,,,2022-04-28T09:46:08Z,117.6352133188013,,,,,,,,,,,,,,,,,,,ohlcv_backfill,minute,117.86965277965247,118.303993806678,117.611014,117.6352133188013,365961.1700368719,/home/runner/work/Solana-Memecoin-Analysis/Solana-Memecoin-Analysis/data/cache/2026-09-22/052744895317_ohlcv_8b39bce88f13.json
2026-09-21T16:25:00+00:00,58oQChx4yWmvKdwLLZzBi4ChoCc2fqCUWBkwMihLYQo2,solana,Raydium,,,,,2022-04-28T09:46:08Z,117.86965277965247,,,,,,,,,,,,,,,,,,,ohlcv_backfill,minute,118.225852849794,118.292082783819,117.559818164594,117.86965277965247,367161.2114048476,/home/runner/work/Solana-Memecoin-Analysis/Solana-Memecoin-Analysis/data/cache/2026-09-22/052744895317_ohlcv_8b39bce88f13.json
2026-09-21T16:20:00+00:00,58oQChx4yWmvKdwLLZzBi4ChoCc2fqCUWBkwMihLYQo2,solana,Raydium,,,,,2022-04-28T09:46:08Z,118.225852849794,,,,,,,,,,,,,,,,,,,ohlcv_backfill,minute,118.615858368905,118.632638762159,117.609757142857,118.225852849794,559389.9822082437,/home/runner/work/Solana-Memecoin-Analysis/Solana-Memecoin-Analysis/data/cache/2026-09-22/052744895317_ohlcv_8b39bce88f13.json
2026-09-21T16:15:00+00:00,58oQChx4yWmvKdwLLZzBi4ChoCc2fqCUWBkwMihLYQo2,solana,Raydium,,,,,2022-04-28T09:46:08Z,118.615858368905,,,,,,,,,,,,,,,,,,,ohlcv_backfill,minute,117.88729080562486,118.713067251843,117.416829745597,118.615858368905,631449.4401267659,/home/runner/work/Solana-Memecoin-Analysis/Solana-Memecoin-Analysis/data/cache/2026-09-22/052744895317_ohlcv_8b39bce88f13.json
2026-09-21T16:10:00+00:00,58oQChx4yWmvKdwLLZzBi4ChoCc2fqCUWBkwMihLYQo2,solana,Raydium,,,,,2022-04-28T09:46:08Z,117.88729080562486,,,,,,,,,,,,,,,,,,,ohlcv_backfill,minute,118.015426283875,118.498809402979,117.43296,117.88729080562486,739297.4788492314,/home/runner/work/Solana-Memecoin-Analysis/Solana-Memecoin-Analysis/data/cache/2026-09-22/052744895317_ohlcv_8b39bce88f13.json
2026-09-21T16:05:00+00:00,58oQChx4yWmvKdwLLZzBi4ChoCc2fqCUWBkwMihLYQo2,solana,Raydium,,,,,2022-04-28T09:46:08Z,118.015426283875,,,,,,,,,,,,,,,,,,,ohlcv_backfill,minute,117.98781339279002,118.413597733711,117.288931544653,118.015426283875,843488.9770054861,/home/runner/work/Solana-Memecoin-Analysis/Solana-Memecoin-Analysis/data/cache/2026-09-22/052744895317_ohlcv_8b39bce88f13.json
2026-09-21T16:00:00+00:00,58oQChx4yWmvKdwLLZzBi4ChoCc2fqCUWBkwMihLYQo2,solana,Raydium,,,,,2022-04-28T09:46:08Z,117.98781339279002,,,,,,,,,,,,,,,,,,,ohlcv_backfill,minute,118.2367233936857,118.499803701672,117.744844068155,117.98781339279002,713020.1960886293,/home/runner/work/Solana-Memecoin-Analysis/Solana-Memecoin-Analysis/data/cache/2026-09-22/052744895317_ohlcv_8b39bce88f13.json
2026-09-21T15:55:00+00:00,58oQChx4yWmvKdwLLZzBi4ChoCc2fqCUWBkwMihLYQo2,solana,Raydium,,,,,2022-04-28T09:46:08Z,118.2367233936857,,,,,,,,,,,,,,,,,,,ohlcv_backfill,minute,118.47893781298548,118.831358379237,118.002141414141,118.2367233936857,756780.0565878404,/home/runner/work/Solana-Memecoin-Analysis/Solana-Memecoin-Analysis/data/cache/2026-09-22/052744895317_ohlcv_8b39bce88f13.json
2026-09-21T15:50:00+00:00,58oQChx4yWmvKdwLLZzBi4ChoCc2fqCUWBkwMihLYQo2,solana,Raydium,,,,,2022-04-28T09:46:08Z,118.47893781298548,,,,,,,,,,,,,,,,,,,ohlcv_backfill,minute,118.0179944760336,118.790801926162,117.914303030303,118.47893781298548,997158.9930364175,/home/runner/work/Solana-Memecoin-Analysis/Solana-Memecoin-Analysis/data/cache/2026-09-22/052744895317_ohlcv_8b39bce88f13.json
2026-09-21T15:45:00+00:00,58oQChx4yWmvKdwLLZzBi4ChoCc2fqCUWBkwMihLYQo2,solana,Raydium,,,,,2022-04-28T09:46:08Z,118.0179944760336,,,,,,,,,,,,,,,,,,,ohlcv_backfill,minute,117.803488707031,118.516932251841,117.317495391062,118.0179944760336,1044534.5100262995,/home/runner/work/Solana-Memecoin-Analysis/Solana-Memecoin-Analysis/data/cache/2026-09-22/052744895317_ohlcv_8b39bce88f13.json
2026-09-21T15:40:00+00:00,58oQChx4yWmvKdwLLZzBi4ChoCc2fqCUWBkwMihLYQo2,solana,Raydium,,,,,2022-04-28T09:46:08Z,117.803488707031,,,,,,,,,,,,,,,,,,,ohlcv_backfill,minute,117.73595975867562,118.143078079278,117.384220707071,117.803488707031,360919.085167537,/home/runner/work/Solana-Memecoin-Analysis/Solana-Memecoin-Analysis/data/cache/2026-09-22/052744895317_ohlcv_8b39bce88f13.json
2026-09-21T15:35:00+00:00,58oQChx4yWmvKdwLLZzBi4ChoCc2fqCUWBkwMihLYQo2,solana,Raydium,,,,,2022-04-28T09:46:08Z,117.73595975867562,,,,,,,,,,,,,,,,,,,ohlcv_backfill,minute,117.72110031697186,118.122023065088,117.416536413591,117.73595975867562,373487.54560352373,/home/runner/work/Solana-Memecoin-Analysis/Solana-Memecoin-Analysis/data/cache/2026-09-22/052744895317_ohlcv_8b39bce88f13.json
2026-09-21T15:30:00+00:00,58oQChx4yWmvKdwLLZzBi4ChoCc2fqCUWBkwMihLYQo2,solana,Raydium,,,,,2022-04-28T09:46:08Z,117.72110031697186,,,,,,,,,,,,,,,,,,,ohlcv_backfill,minute,117.64169046732077,118.061969833557,117.27379,117.72110031697186,502395.6691443002,/home/runner/work/Solana-Memecoin-Analysis/Solana-Memecoin-Analysis/data/cache/2026-09-22/052744895317_ohlcv_8b39bce88f13.json
2026-09-21T15:25:00+00:00,58oQChx4yWmvKdwLLZzBi4ChoCc2fqCUWBkwMihLYQo2,solana,Raydium,,,,,2022-04-28T09:46:08Z,117.64169046732077,,,,,,,,,,,,,,,,,,,ohlcv_backfill,minute,117.66129828631755,118.12841580139,117.309090909091,117.64169046732077,387169.67918515153,/home/runner/work/Solana-Memecoin-Analysis/Solana-Memecoin-Analysis/data/cache/2026-09-22/052744895317_ohlcv_8b39bce88f13.json
2026-09-21T15:20:00+00:00,58oQChx4yWmvKdwLLZzBi4ChoCc2fqCUWBkwMihLYQo2,solana,Raydium,,,,,2022-04-28T09:46:08Z,117.66129828631755,,,,,,,,,,,,,,,,,,,ohlcv_backfill,minute,118.026303030303,118.606889261,117.66129828631755,117.66129828631755,466911.6206772513,/home/runner/work/Solana-Memecoin-Analysis/Solana-Memecoin-Analysis/data/cache/2026-09-22/052744895317_ohlcv_8b39bce88f13.json
2026-09-21T15:15:00+00:00,58oQChx4yWmvKdwLLZzBi4ChoCc2fqCUWBkwMihLYQo2,solana,Raydium,,,,,2022-04-28T09:46:08Z,118.026303030303,,,,,,,,,,,,,,,,,,,ohlcv_backfill,minute,118.8493935894213,119.156051939,118.001955985371,118.026303030303,625119.4423664659,/home/runner/work/Solana-Memecoin-Analysis/Solana-Memecoin-Analysis/data/cache/2026-09-22/052744895317_ohlcv_8b39bce88f13.json
2026-09-21T15:10:00+00:00,58oQChx4yWmvKdwLLZzBi4ChoCc2fqCUWBkwMihLYQo2,solana,Raydium,,,,,2022-04-28T09:46:08Z,118.8493935894213,,,,,,,,,,,,,,,,,,,ohlcv_backfill,minute,118.73221986458398,119.276001036978,118.359112306658,118.8493935894213,658025.1449863068,/home/runner/work/Solana-Memecoin-Analysis/Solana-Memecoin-Analysis/data/cache/2026-09-22/052744895317_ohlcv_8b39bce88f13.json
2026-09-21T15:05:00+00:00,58oQChx4yWmvKdwLLZzBi4ChoCc2fqCUWBkwMihLYQo2,solana,Raydium,,,,,2022-04-28T09:46:08Z,118.73221986458398,,,,,,,,,,,,,,,,,,,ohlcv_backfill,minute,118.83144699553749,119.083946384782,118.247079800449,118.73221986458398,474296.15341536596,/home/runner/work/Solana-Memecoin-Analysis/Solana-Memecoin-Analysis/data/cache/2026-09-22/052744895317_ohlcv_8b39bce88f13.json
2026-09-21T15:00:00+00:00,58oQChx4yWmvKdwLLZzBi4ChoCc2fqCUWBkwMihLYQo2,solana,Raydium,,,,,2022-04-28T09:46:08Z,118.83144699553749,,,,,,,,,,,,,,,,,,,ohlcv_backfill,minute,118.475123274847,119.195046439628,117.87081157971,118.83144699553749,351503.75761889963,/home/runner/work/Solana-Memecoin-Analysis/Solana-Memecoin-Analysis/data/cache/2026-09-22/052744895317_ohlcv_8b39bce88f13.json
2026-09-21T14:55:00+00:00,58oQChx4yWmvKdwLLZzBi4ChoCc2fqCUWBkwMihLYQo2,solana,Raydium,,,,,2022-04-28T09:46:08Z,118.475123274847,,,,,,,,,,,,,,,,,,,ohlcv_backfill,minute,118.970052570964,122.881355932203,117.675544794189,118.475123274847,395935.08818919933,/home/runner/work/Solana-Memecoin-Analysis/Solana-Memecoin-Analysis/data/cache/2026-09-22/052744895317_ohlcv_8b39bce88f13.json
2026-09-21T14:50:00+00:00,58oQChx4yWmvKdwLLZzBi4ChoCc2fqCUWBkwMihLYQo2,solana,Raydium,,,,,2022-04-28T09:46:08Z,118.970052570964,,,,,,,,,,,,,,,,,,,ohlcv_backfill,minute,118.52759687585454,120.171673819742,118.328055555556,118.970052570964,323373.92135397275,/home/runner/work/Solana-Memecoin-Analysis/Solana-Memecoin-Analysis/data/cache/2026-09-22/052744895317_ohlcv_8b39bce88f13.json
2026-09-21T14:45:00+00:00,58oQChx4yWmvKdwLLZzBi4ChoCc2fqCUWBkwMihLYQo2,solana,Raydium,,,,,2022-04-28T09:46:08Z,118.52759687585454,,,,,,,,,,,,,,,,,,,ohlcv_backfill,minute,118.02214544177461,118.74982716146,117.656833549599,118.52759687585454,451881.3678276879,/home/runner/work/Solana-Memecoin-Analysis/Solana-Memecoin-Analysis/data/cache/2026-09-22/052744895317_ohlcv_8b39bce88f13.json
2026-09-21T14:40:00+00:00,58oQChx4yWmvKdwLLZzBi4ChoCc2fqCUWBkwMihLYQo2,solana,Raydium,,,,,2022-04-28T09:46:08Z,118.02214544177461,,,,,,,,,,,,,,,,,,,ohlcv_backfill,minute,118.38007798251675,118.40100591277046,117.741410105438,118.02214544177461,399286.78980442486,/home/runner/work/Solana-Memecoin-Analysis/Solana-Memecoin-Analysis/data/cache/2026-09-22/052744895317_ohlcv_8b39bce88f13.json
2026-09-21T14:35:00+00:00,58oQChx4yWmvKdwLLZzBi4ChoCc2fqCUWBkwMihLYQo2,solana,Raydium,,,,,2022-04-28T09:46:08Z,118.38007798251675,,,,,,,,,,,,,,,,,,,ohlcv_backfill,minute,118.54197157730971,118.996569350635,118.180137889873,118.38007798251675,353126.5041798682,/home/runner/work/Solana-Memecoin-Analysis/Solana-Memecoin-Analysis/data/cache/2026-09-22/052744895317_ohlcv_8b39bce88f13.json
2026-09-21T14:30:00+00:00,58oQChx4yWmvKdwLLZzBi4ChoCc2fqCUWBkwMihLYQo2,solana,Raydium,,,,,2022-04-28T09:46:08Z,118.54197157730971,,,,,,,,,,,,,,,,,,,ohlcv_backfill,minute,118.6457985518721,118.989684493114,118.121711929475,118.54197157730971,323598.5396760028,/home/runner/work/Solana-Memecoin-Analysis/Solana-Memecoin-Analysis/data/cache/2026-09-22/052744895317_ohlcv_8b39bce88f13.json
2026-09-21T14:25:00+00:00,58oQChx4yWmvKdwLLZzBi4ChoCc2fqCUWBkwMihLYQo2,solana,Raydium,,,,,2022-04-28T09:46:08Z,118.6457985518721,,,,,,,,,,,,,,,,,,,ohlcv_backfill,minute,118.46633516364226,118.978374088287,118.054774450966,118.6457985518721,320063.8773671246,/home/runner/work/Solana-Memecoin-Analysis/Solana-Memecoin-Analysis/data/cache/2026-09-22/052744895317_ohlcv_8b39bce88f13.json
2026-09-21T14:20:00+00:00,58oQChx4yWmvKdwLLZzBi4ChoCc2fqCUWBkwMihLYQo2,solana,Raydium,,,,,2022-04-28T09:46:08Z,118.46633516364226,,,,,,,,,,,,,,,,,,,ohlcv_backfill,minute,118.380403681604,118.591572185765,117.690870656178,118.46633516364226,423911.5382659401,/home/runner/work/Solana-Memecoin-Analysis/Solana-Memecoin-Analysis/data/cache/2026-09-22/052744895317_ohlcv_8b39bce88f13.json
2026-09-21T14:15:00+00:00,58oQChx4yWmvKdwLLZzBi4ChoCc2fqCUWBkwMihLYQo2,solana,Raydium,,,,,2022-04-28T09:46:08Z,118.380403681604,,,,,,,,,,,,,,,,,,,ohlcv_backfill,minute,118.1079313528987,118.469378732224,117.68,118.380403681604,336227.3020338195,/home/runner/work/Solana-Memecoin-Analysis/Solana-Memecoin-Analysis/data/cache/2026-09-22/052744895317_ohlcv_8b39bce88f13.json
2026-09-21T14:10:00+00:00,58oQChx4yWmvKdwLLZzBi4ChoCc2fqCUWBkwMihLYQo2,solana,Raydium,,,,,2022-04-28T09:46:08Z,118.1079313528987,,,,,,,,,,,,,,,,,,,ohlcv_backfill,minute,117.75151302746545,118.17239841416871,117.493055110731,118.1079313528987,340896.24091710366,/home/runner/work/Solana-Memecoin-Analysis/Solana-Memecoin-Analysis/data/cache/2026-09-22/052744895317_ohlcv_8b39bce88f13.json
2026-09-21T14:05:00+00:00,58oQChx4yWmvKdwLLZzBi4ChoCc2fqCUWBkwMihLYQo2,solana,Raydium,,,,,2022-04-28T09:46:08Z,117.75151302746545,,,,,,,,,,,,,,,,,,,ohlcv_backfill,minute,118.26186489363043,118.500604594921,117.27614,117.75151302746545,214952.76163031845,/home/runner/work/Solana-Memecoin-Analysis/Solana-Memecoin-Analysis/data/cache/2026-09-22/052744895317_ohlcv_8b39bce88f13.json
2026-09-21T14:00:00+00:00,58oQChx4yWmvKdwLLZzBi4ChoCc2fqCUWBkwMihLYQo2,solana,Raydium,,,,,2022-04-28T09:46:08Z,118.26186489363043,,,,,,,,,,,,,,,,,,,ohlcv_backfill,minute,118.09930340259581,118.55322539773398,118.09930340259581,118.26186489363043,245251.03483131097,/home/runner/work/Solana-Memecoin-Analysis/Solana-Memecoin-Analysis/data/cache/2026-09-22/052744895317_ohlcv_8b39bce88f13.json
2026-09-21T13:55:00+00:00,58oQChx4yWmvKdwLLZzBi4ChoCc2fqCUWBkwMihLYQo2,solana,Raydium,,,,,2022-04-28T09:46:08Z,118.09930340259581,,,,,,,,,,,,,,,,,,,ohlcv_backfill,minute,118.12785126536023,118.324179971212,117.715084343434,118.09930340259581,216402.6931720346,/home/runner/work/Solana-Memecoin-Analysis/Solana-Memecoin-Analysis/data/cache/2026-09-22/052744895317_ohlcv_8b39bce88f13.json
2026-09-21T13:50:00+00:00,58oQChx4yWmvKdwLLZzBi4ChoCc2fqCUWBkwMihLYQo2,solana,Raydium,,,,,2022-04-28T09:46:08Z,118.12785126536023,,,,,,,,,,,,,,,,,,,ohlcv_backfill,minute,117.60195438348714,118.19063864292005,117.59982076143541,118.12785126536023,290774.0652541409,/home/runner/work/Solana-Memecoin-Analysis/Solana-Memecoin-Analysis/data/cache/2026-09-22/052744895317_ohlcv_8b39bce88f13.json
2026-09-21T13:45:00+00:00,58oQChx4yWmvKdwLLZzBi4ChoCc2fqCUWBkwMihLYQo2,solana,Raydium,,,,,2022-04-28T09:46:08Z,117.60195438348714,,,,,,,,,,,,,,,,,,,ohlcv_backfill,minute,116.95652607768639,118.174826967444,116.939393939394,117.60195438348714,255324.10140731727,/home/runner/work/Solana-Memecoin-Analysis/Solana-Memecoin-Analysis/data/cache/2026-09-22/052744895317_ohlcv_8b39bce88f13.json
2026-09-21T13:40:00+00:00,58oQChx4yWmvKdwLLZzBi4ChoCc2fqCUWBkwMihLYQo2,solana,Raydium,,,,,2022-04-28T09:46:08Z,116.95652607768639,,,,,,,,,,,,,,,,,,,ohlcv_backfill,minute,117.08412610288731,117.447061676526,116.5,116.95652607768639,162393.66622632515,/home/runner/work/Solana-Memecoin-Analysis/Solana-Memecoin-Analysis/data/cache/2026-09-22/052744895317_ohlcv_8b39bce88f13.json
2026-09-21T13:35:00+00:00,58oQChx4yWmvKdwLLZzBi4ChoCc2fqCUWBkwMihLYQo2,solana,Raydium,,,,,2022-04-28T09:46:08Z,117.08412610288731,,,,,,,,,,,,,,,,,,,ohlcv_backfill,minute,117.694691955609,117.959734730209,117.00771244611462,117.08412610288731,361904.6101220139,/home/runner/work/Solana-Memecoin-Analysis/Solana-Memecoin-Analysis/data/cache/2026-09-22/052744895317_ohlcv_8b39bce88f13.json
2026-09-21T13:30:00+00:00,58oQChx4yWmvKdwLLZzBi4ChoCc2fqCUWBkwMihLYQo2,solana,Raydium,,,,,2022-04-28T09:46:08Z,117.694691955609,,,,,,,,,,,,,,,,,,,ohlcv_backfill,minute,117.51503330701131,117.863788575774,116.84315224369,117.694691955609,293692.47350649507,/home/runner/work/Solana-Memecoin-Analysis/Solana-Memecoin-Analysis/data/cache/2026-09-22/052744895317_ohlcv_8b39bce88f13.json
2026-09-21T13:25:00+00:00,58oQChx4yWmvKdwLLZzBi4ChoCc2fqCUWBkwMihLYQo2,solana,Raydium,,,,,2022-04-28T09:46:08Z,117.51503330701131,,,,,,,,,,,,,,,,,,,ohlcv_backfill,minute,117.81858242066613,117.908310028306,117.312600116068,117.51503330701131,203410.96520480022,/home/runner/work/Solana-Memecoin-Analysis/Solana-Memecoin-Analysis/data/cache/2026-09-22/052744895317_ohlcv_8b39bce88f13.json
2026-09-21T13:20:00+00:00,58oQChx4yWmvKdwLLZzBi4ChoCc2fqCUWBkwMihLYQo2,solana,Raydium,,,,,2022-04-28T09:46:08Z,117.81858242066613,,,,,,,,,,,,,,,,,,,ohlcv_backfill,minute,117.3125406636009,118.276574257264,117.099307076997,117.81858242066613,255244.9112160303,/home/runner/work/Solana-Memecoin-Analysis/Solana-Memecoin-Analysis/data/cache/2026-09-22/052744895317_ohlcv_8b39bce88f13.json
2026-09-21T13:15:00+00:00,58oQChx4yWmvKdwLLZzBi4ChoCc2fqCUWBkwMihLYQo2,solana,Raydium,,,,,2022-04-28T09:46:08Z,117.3125406636009,,,,,,,,,,,,,,,,,,,ohlcv_backfill,minute,117.27466799085146,117.608464559924,116.997448,117.3125406636009,196419.28558285916,/home/runner/work/Solana-Memecoin-Analysis/Solana-Memecoin-Analysis/data/cache/2026-09-22/052744895317_ohlcv_8b39bce88f13.json
2026-09-21T13:10:00+00:00,58oQChx4yWmvKdwLLZzBi4ChoCc2fqCUWBkwMihLYQo2,solana,Raydium,,,,,2022-04-28T09:46:08Z,117.27466799085146,,,,,,,,,,,,,,,,,,,ohlcv_backfill,minute,116.871424242424,117.895452241797,116.724882575758,117.27466799085146,328588.6576418449,/home/runner/work/Solana-Memecoin-Analysis/Solana-Memecoin-Analysis/data/cache/2026-09-22/052744895317_ohlcv_8b39bce88f13.json
2026-09-21T13:05:00+00:00,58oQChx4yWmvKdwLLZzBi4ChoCc2fqCUWBkwMihLYQo2,solana,Raydium,,,,,2022-04-28T09:46:08Z,116.871424242424,,,,,,,,,,,,,,,,,,,ohlcv_backfill,minute,116.8805823274737,117.46176358243,116.558416922231,116.871424242424,242431.34224015492,/home/runner/work/Solana-Memecoin-Analysis/Solana-Memecoin-Analysis/data/cache/2026-09-22/052744895317_ohlcv_8b39bce88f13.json
2026-09-21T13:00:00+00:00,58oQChx4yWmvKdwLLZzBi4ChoCc2fqCUWBkwMihLYQo2,solana,Raydium,,,,,2022-04-28T09:46:08Z,116.8805823274737,,,,,,,,,,,,,,,,,,,ohlcv_backfill,minute,116.516424,117.210482568274,116.5034,116.8805823274737,187630.95939269022,/home/runner/work/Solana-Memecoin-Analysis/Solana-Memecoin-Analysis/data/cache/2026-09-22/052744895317_ohlcv_8b39bce88f13.json
2026-09-21T12:55:00+00:00,58oQChx4yWmvKdwLLZzBi4ChoCc2fqCUWBkwMihLYQo2,solana,Raydium,,,,,2022-04-28T09:46:08Z,116.516424,,,,,,,,,,,,,,,,,,,ohlcv_backfill,minute,116.76615760808396,117.329545454545,116.44,116.516424,170175.6265016717,/home/runner/work/Solana-Memecoin-Analysis/Solana-Memecoin-Analysis/data/cache/2026-09-22/052744895317_ohlcv_8b39bce88f13.json
2026-09-21T12:50:00+00:00,58oQChx4yWmvKdwLLZzBi4ChoCc2fqCUWBkwMihLYQo2,solana,Raydium,,,,,2022-04-28T09:46:08Z,116.76615760808396,,,,,,,,,,,,,,,,,,,ohlcv_backfill,minute,116.88669790758495,117.164167674942,116.479069191919,116.76615760808396,185183.6726089325,/home/runner/work/Solana-Memecoin-Analysis/Solana-Memecoin-Analysis/data/cache/2026-09-22/052744895317_ohlcv_8b39bce88f13.json
2026-09-21T12:45:00+00:00,58oQChx4yWmvKdwLLZzBi4ChoCc2fqCUWBkwMihLYQo2,solana,Raydium,,,,,2022-04-28T09:46:08Z,116.88669790758495,,,,,,,,,,,,,,,,,,,ohlcv_backfill,minute,116.86442287954107,117.198590517275,116.491394736087,116.88669790758495,108975.14337583794,/home/runner/work/Solana-Memecoin-Analysis/Solana-Memecoin-Analysis/data/cache/2026-09-22/052744895317_ohlcv_8b39bce88f13.json
2026-09-21T12:40:00+00:00,58oQChx4yWmvKdwLLZzBi4ChoCc2fqCUWBkwMihLYQo2,solana,Raydium,,,,,2022-04-28T09:46:08Z,116.86442287954107,,,,,,,,,,,,,,,,,,,ohlcv_backfill,minute,116.403164983165,117.174648519879,116.366565656566,116.86442287954107,149621.80684525263,/home/runner/work/Solana-Memecoin-Analysis/Solana-Memecoin-Analysis/data/cache/2026-09-22/052744895317_ohlcv_8b39bce88f13.json
2026-09-21T12:35:00+00:00,58oQChx4yWmvKdwLLZzBi4ChoCc2fqCUWBkwMihLYQo2,solana,Raydium,,,,,2022-04-28T09:46:08Z,116.403164983165,,,,,,,,,,,,,,,,,,,ohlcv_backfill,minute,116.6045017447564,117.040435184809,116.347764646465,116.403164983165,158967.28297953514,/home/runner/work/Solana-Memecoin-Analysis/Solana-Memecoin-Analysis/data/cache/2026-09-22/052744895317_ohlcv_8b39bce88f13.json
2026-09-21T12:30:00+00:00,58oQChx4yWmvKdwLLZzBi4ChoCc2fqCUWBkwMihLYQo2,solana,Raydium,,,,,2022-04-28T09:46:08Z,116.6045017447564,,,,,,,,,,,,,,,,,,,ohlcv_backfill,minute,116.35667396862692,117.031943847586,116.054343434343,116.6045017447564,304429.46442183363,/home/runner/work/Solana-Memecoin-Analysis/Solana-Memecoin-Analysis/data/cache/2026-09-22/052744895317_ohlcv_8b39bce88f13.json
2026-09-21T12:25:00+00:00,58oQChx4yWmvKdwLLZzBi4ChoCc2fqCUWBkwMihLYQo2,solana,Raydium,,,,,2022-04-28T09:46:08Z,116.35667396862692,,,,,,,,,,,,,,,,,,,ohlcv_backfill,minute,116.473685,117.058522307911,116.081136077576,116.35667396862692,220201.92925122927,/home/runner/work/Solana-Memecoin-Analysis/Solana-Memecoin-Analysis/data/cache/2026-09-22/052744895317_ohlcv_8b39bce88f13.json
2026-09-21T12:20:00+00:00,58oQChx4yWmvKdwLLZzBi4ChoCc2fqCUWBkwMihLYQo2,solana,Raydium,,,,,2022-04-28T09:46:08Z,116.473685,,,,,,,,,,,,,,,,,,,ohlcv_backfill,minute,116.91350282447937,117.206972385645,116.393032395053,116.473685,246305.49219332385,/home/runner/work/Solana-Memecoin-Analysis/Solana-Memecoin-Analysis/data/cache/2026-09-22/052744895317_ohlcv_8b39bce88f13.json
2026-09-21T12:15:00+00:00,58oQChx4yWmvKdwLLZzBi4ChoCc2fqCUWBkwMihLYQo2,solana,Raydium,,,,,2022-04-28T09:46:08Z,116.91350282447937,,,,,,,,,,,,,,,,,,,ohlcv_backfill,minute,116.6999925092463,117.233294255569,116.401141414141,116.91350282447937,146831.35425453223,/home/runner/work/Solana-Memecoin-Analysis/Solana-Memecoin-Analysis/data/cache/2026-09-22/052744895317_ohlcv_8b39bce88f13.json
2026-09-21T12:10:00+00:00,58oQChx4yWmvKdwLLZzBi4ChoCc2fqCUWBkwMihLYQo2,solana,Raydium,,,,,2022-04-28T09:46:08Z,116.6999925092463,,,,,,,,,,,,,,,,,,,ohlcv_backfill,minute,116.6176632019868,116.890653467767,116.306862170088,116.6999925092463,102373.52881321122,/home/runner/work/Solana-Memecoin-Analysis/Solana-Memecoin-Analysis/data/cache/2026-09-22/052744895317_ohlcv_8b39bce88f13.json
2026-09-21T12:05:00+00:00,58oQChx4yWmvKdwLLZzBi4ChoCc2fqCUWBkwMihLYQo2,solana,Raydium,,,,,2022-04-28T09:46:08Z,116.6176632019868,,,,,,,,,,,,,,,,,,,ohlcv_backfill,minute,116.63253047819504,116.952511909391,116.235265524365,116.6176632019868,198058.1328196236,/home/runner/work/Solana-Memecoin-Analysis/Solana-Memecoin-Analysis/data/cache/2026-09-22/052744895317_ohlcv_8b39bce88f13.json
2026-09-21T12:00:00+00:00,58oQChx4yWmvKdwLLZzBi4ChoCc2fqCUWBkwMihLYQo2,solana,Raydium,,,,,2022-04-28T09:46:08Z,116.63253047819504,,,,,,,,,,,,,,,,,,,ohlcv_backfill,minute,116.459894,117.064939845973,116.458648236976,116.63253047819504,105912.28053927611,/home/runner/work/Solana-Memecoin-Analysis/Solana-Memecoin-Analysis/data/cache/2026-09-22/052744895317_ohlcv_8b39bce88f13.json
2026-09-21T11:55:00+00:00,58oQChx4yWmvKdwLLZzBi4ChoCc2fqCUWBkwMihLYQo2,solana,Raydium,,,,,2022-04-28T09:46:08Z,116.459894,,,,,,,,,,,,,,,,,,,ohlcv_backfill,minute,116.97163110873875,117.088388014479,116.453849494949,116.459894,203710.22881963028,/home/runner/work/Solana-Memecoin-Analysis/Solana-Memecoin-Analysis/data/cache/2026-09-22/052744895317_ohlcv_8b39bce88f13.json
2026-09-21T11:50:00+00:00,58oQChx4yWmvKdwLLZzBi4ChoCc2fqCUWBkwMihLYQo2,solana,Raydium,,,,,2022-04-28T09:46:08Z,116.97163110873875,,,,,,,,,,,,,,,,,,,ohlcv_backfill,minute,116.96251256606638,117.286541202591,116.676719191919,116.97163110873875,226286.44594368705,/home/runner/work/Solana-Memecoin-Analysis/Solana-Memecoin-Analysis/data/cache/2026-09-22/052744895317_ohlcv_8b39bce88f13.json
2026-09-21T11:45:00+00:00,58oQChx4yWmvKdwLLZzBi4ChoCc2fqCUWBkwMihLYQo2,solana,Raydium,,,,,2022-04-28T09:46:08Z,116.96251256606638,,,,,,,,,,,,,,,,,,,ohlcv_backfill,minute,116.80785873189801,117.563336179903,116.58053652707,116.96251256606638,161696.38737564438,/home/runner/work/Solana-Memecoin-Analysis/Solana-Memecoin-Analysis/data/cache/2026-09-22/052744895317_ohlcv_8b39bce88f13.json
2026-09-21T11:40:00+00:00,58oQChx4yWmvKdwLLZzBi4ChoCc2fqCUWBkwMihLYQo2,solana,Raydium,,,,,2022-04-28T09:46:08Z,116.80785873189801,,,,,,,,,,,,,,,,,,,ohlcv_backfill,minute,116.115315151515,117.152630462567,115.988505907299,116.80785873189801,293654.45875465666,/home/runner/work/Solana-Memecoin-Analysis/Solana-Memecoin-Analysis/data/cache/2026-09-22/052744895317_ohlcv_8b39bce88f13.json
2026-09-21T11:35:00+00:00,58oQChx4yWmvKdwLLZzBi4ChoCc2fqCUWBkwMihLYQo2,solana,Raydium,,,,,2022-04-28T09:46:08Z,116.115315151515,,,,,,,,,,,,,,,,,,,ohlcv_backfill,minute,116.09581,116.710914573089,116.01856,116.115315151515,199363.6949482397,/home/runner/work/Solana-Memecoin-Analysis/Solana-Memecoin-Analysis/data/cache/2026-09-22/052744895317_ohlcv_8b39bce88f13.json
2026-09-21T11:30:00+00:00,58oQChx4yWmvKdwLLZzBi4ChoCc2fqCUWBkwMihLYQo2,solana,Raydium,,,,,2022-04-28T09:46:08Z,116.09581,,,,,,,,,,,,,,,,,,,ohlcv_backfill,minute,116.36931561591636,117.145073700543,115.945547979798,116.09581,187749.64326618845,/home/runner/work/Solana-Memecoin-Analysis/Solana-Memecoin-Analysis/data/cache/2026-09-22/052744895317_ohlcv_8b39bce88f13.json
2026-09-21T11:25:00+00:00,58oQChx4yWmvKdwLLZzBi4ChoCc2fqCUWBkwMihLYQo2,solana,Raydium,,,,,2022-04-28T09:46:08Z,116.36931561591636,,,,,,,,,,,,,,,,,,,ohlcv_backfill,minute,116.41195359082046,117.045454545455,116.006734006734,116.36931561591636,249037.26134705226,/home/runner/work/Solana-Memecoin-Analysis/Solana-Memecoin-Analysis/data/cache/2026-09-22/052744895317_ohlcv_8b39bce88f13.json
2026-09-21T11:20:00+00:00,58oQChx4yWmvKdwLLZzBi4ChoCc2fqCUWBkwMihLYQo2,solana,Raydium,,,,,2022-04-28T09:46:08Z,116.41195359082046,,,,,,,,,,,,,,,,,,,ohlcv_backfill,minute,116.55600077369178,116.954343107048,116.161333333333,116.41195359082046,287552.88981964625,/home/runner/work/Solana-Memecoin-Analysis/Solana-Memecoin-Analysis/data/cache/2026-09-22/052744895317_ohlcv_8b39bce88f13.json
2026-09-21T11:15:00+00:00,58oQChx4yWmvKdwLLZzBi4ChoCc2fqCUWBkwMihLYQo2,solana,Raydium,,,,,2022-04-28T09:46:08Z,116.55600077369178,,,,,,,,,,,,,,,,,,,ohlcv_backfill,minute,116.27252734956325,116.873564821842,116.215560058472,116.55600077369178,228043.38702539753,/home/runner/work/Solana-Memecoin-Analysis/Solana-Memecoin-Analysis/data/cache/2026-09-22/052744895317_ohlcv_8b39bce88f13.json
2026-09-21T11:10:00+00:00,58oQChx4yWmvKdwLLZzBi4ChoCc2fqCUWBkwMihLYQo2,solana,Raydium,,,,,2022-04-28T09:46:08Z,116.27252734956325,,,,,,,,,,,,,,,,,,,ohlcv_backfill,minute,116.19089152636725,116.43317855638,115.835132470581,116.27252734956325,108056.75575656525,/home/runner/work/Solana-Memecoin-Analysis/Solana-Memecoin-Analysis/data/cache/2026-09-22/052744895317_ohlcv_8b39bce88f13.json
2026-09-21T11:05:00+00:00,58oQChx4yWmvKdwLLZzBi4ChoCc2fqCUWBkwMihLYQo2,solana,Raydium,,,,,2022-04-28T09:46:08Z,116.19089152636725,,,,,,,,,,,,,,,,,,,ohlcv_backfill,minute,115.90215572019,116.472835028382,115.524285065819,116.19089152636725,127362.1633550429,/home/runner/work/Solana-Memecoin-Analysis/Solana-Memecoin-Analysis/data/cache/2026-09-22/052744895317_ohlcv_8b39bce88f13.json
2026-09-21T11:00:00+00:00,58oQChx4yWmvKdwLLZzBi4ChoCc2fqCUWBkwMihLYQo2,solana,Raydium,,,,,2022-04-28T09:46:08Z,115.90215572019,,,,,,,,,,,,,,,,,,,ohlcv_backfill,minute,115.645631276842,116.249420180662,115.645497979798,115.90215572019,77489.99640752087,/home/runner/work/Solana-Memecoin-Analysis/Solana-Memecoin-Analysis/data/cache/2026-09-22/052744895317_ohlcv_8b39bce88f13.json
2026-09-21T10:55:00+00:00,58oQChx4yWmvKdwLLZzBi4ChoCc2fqCUWBkwMihLYQo2,solana,Raydium,,,,,2022-04-28T09:46:08Z,115.645631276842,,,,,,,,,,,,,,,,,,,ohlcv_backfill,minute,115.80883478250578,116.268839227407,115.644693997677,115.645631276842,83959.70159548869,/home/runner/work/Solana-Memecoin-Analysis/Solana-Memecoin-Analysis/data/cache/2026-09-22/052744895317_ohlcv_8b39bce88f13.json
2026-09-21T10:50:00+00:00,58oQChx4yWmvKdwLLZzBi4ChoCc2fqCUWBkwMihLYQo2,solana,Raydium,,,,,2022-04-28T09:46:08Z,115.80883478250578,,,,,,,,,,,,,,,,,,,ohlcv_backfill,minute,115.69088943589456,115.8244634482623,115.39798,115.80883478250578,86301.40550348021,/home/runner/work/Solana-Memecoin-Analysis/Solana-Memecoin-Analysis/data/cache/2026-09-22/052744895317_ohlcv_8b39bce88f13.json
2026-09-21T10:45:00+00:00,58oQChx4yWmvKdwLLZzBi4ChoCc2fqCUWBkwMihLYQo2,solana,Raydium,,,,,2022-04-28T09:46:08Z,115.69088943589456,,,,,,,,,,,,,,,,,,,ohlcv_backfill,minute,115.85298360251988,116.137893084784,115.383838383838,115.69088943589456,107417.4267897381,/home/runner/work/Solana-Memecoin-Analysis/Solana-Memecoin-Analysis/data/cache/2026-09-22/052744895317_ohlcv_8b39bce88f13.json
2026-09-21T10:40:00+00:00,58oQChx4yWmvKdwLLZzBi4ChoCc2fqCUWBkwMihLYQo2,solana,Raydium,,,,,2022-04-28T09:46:08Z,115.85298360251988,,,,,,,,,,,,,,,,,,,ohlcv_backfill,minute,115.79359114388126,116.064676472807,115.420468686869,115.85298360251988,130496.69157684206,/home/runner/work/Solana-Memecoin-Analysis/Solana-Memecoin-Analysis/data/cache/2026-09-22/052744895317_ohlcv_8b39bce88f13.json
2026-09-21T10:35:00+00:00,58oQChx4yWmvKdwLLZzBi4ChoCc2fqCUWBkwMihLYQo2,solana,Raydium,,,,,2022-04-28T09:46:08Z,115.79359114388126,,,,,,,,,,,,,,,,,,,ohlcv_backfill,minute,115.85535610445943,115.85535610445943,115.75738058342881,115.79359114388126,99259.53651559475,/home/runner/work/Solana-Memecoin-Analysis/Solana-Memecoin-Analysis/data/cache/2026-09-22/052744895317_ohlcv_8b39bce88f13.json
2026-09-21T10:30:00+00:00,58oQChx4yWmvKdwLLZzBi4ChoCc2fqCUWBkwMihLYQo2,solana,Raydium,,,,,2022-04-28T09:46:08Z,115.85535610445943,,,,,,,,,,,,,,,,,,,ohlcv_backfill,minute,116.175774713454,116.692426584235,115.504404040404,115.85535610445943,118861.70391780761,/home/runner/work/Solana-Memecoin-Analysis/Solana-Memecoin-Analysis/data/cache/2026-09-22/052744895317_ohlcv_8b39bce88f13.json
2026-09-21T10:25:00+00:00,58oQChx4yWmvKdwLLZzBi4ChoCc2fqCUWBkwMihLYQo2,solana,Raydium,,,,,2022-04-28T09:46:08Z,116.175774713454,,,,,,,,,,,,,,,,,,,ohlcv_backfill,minute,115.8863162338394,116.254020865793,115.597621885522,116.175774713454,117194.09995257514,/home/runner/work/Solana-Memecoin-Analysis/Solana-Memecoin-Analysis/data/cache/2026-09-22/052744895317_ohlcv_8b39bce88f13.json
2026-09-21T10:20:00+00:00,58oQChx4yWmvKdwLLZzBi4ChoCc2fqCUWBkwMihLYQo2,solana,Raydium,,,,,2022-04-28T09:46:08Z,115.8863162338394,,,,,,,,,,,,,,,,,,,ohlcv_backfill,minute,115.81987265421405,116.477272727273,115.50202020202,115.8863162338394,63496.65741599504,/home/runner/work/Solana-Memecoin-Analysis/Solana-Memecoin-Analysis/data/cache/2026-09-22/052744895317_ohlcv_8b39bce88f13.json
2026-09-21T10:15:00+00:00,58oQChx4yWmvKdwLLZzBi4ChoCc2fqCUWBkwMihLYQo2,solana,Raydium,,,,,2022-04-28T09:46:08Z,115.81987265421405,,,,,,,,,,,,,,,,,,,ohlcv_backfill,minute,115.65578010566486,115.82215071760211,115.6470649626745,115.81987265421405,112026.48520438376,/home/runner/work/Solana-Memecoin-Analysis/Solana-Memecoin-Analysis/data/cache/2026-09-22/052744895317_ohlcv_8b39bce88f13.json
2026-09-21T10:10:00+00:00,58oQChx4yWmvKdwLLZzBi4ChoCc2fqCUWBkwMihLYQo2,solana,Raydium,,,,,2022-04-28T09:46:08Z,115.65578010566486,,,,,,,,,,,,,,,,,,,ohlcv_backfill,minute,115.74384036019552,116.051801586543,115.366222222222,115.65578010566486,139291.89119279193,/home/runner/work/Solana-Memecoin-Analysis/Solana-Memecoin-Analysis/data/cache/2026-09-22/052744895317_ohlcv_8b39bce88f13.json
2026-09-21T10:05:00+00:00,58oQChx4yWmvKdwLLZzBi4ChoCc2fqCUWBkwMihLYQo2,solana,Raydium,,,,,2022-04-28T09:46:08Z,115.74384036019552,,,,,,,,,,,,,,,,,,,ohlcv_backfill,minute,115.80229532162747,116.22468352648,115.484343434343,115.74384036019552,131208.26601663444,/home/runner/work/Solana-Memecoin-Analysis/Solana-Memecoin-Analysis/data/cache/2026-09-22/052744895317_ohlcv_8b39bce88f13.json
2026-09-21T10:00:00+00:00,58oQChx4yWmvKdwLLZzBi4ChoCc2fqCUWBkwMihLYQo2,solana,Raydium,,,,,2022-04-28T09:46:08Z,115.80229532162747,,,,,,,,,,,,,,,,,,,ohlcv_backfill,minute,115.66458235625275,116.089188525213,115.355083838384,115.80229532162747,105463.01431087604,/home/runner/work/Solana-Memecoin-Analysis/Solana-Memecoin-Analysis/data/cache/2026-09-22/052744895317_ohlcv_8b39bce88f13.json
2026-09-21T09:55:00+00:00,58oQChx4yWmvKdwLLZzBi4ChoCc2fqCUWBkwMihLYQo2,solana,Raydium,,,,,2022-04-28T09:46:08Z,115.66458235625275,,,,,,,,,,,,,,,,,,,ohlcv_backfill,minute,115.338696969697,115.920004946168,115.244141414141,115.66458235625275,110479.14914131613,/home/runner/work/Solana-Memecoin-Analysis/Solana-Memecoin-Analysis/data/cache/2026-09-22/052744895317_ohlcv_8b39bce88f13.json
2026-09-21T09:50:00+00:00,58oQChx4yWmvKdwLLZzBi4ChoCc2fqCUWBkwMihLYQo2,solana,Raydium,,,,,2022-04-28T09:46:08Z,115.338696969697,,,,,,,,,,,,,,,,,,,ohlcv_backfill,minute,116.26135680835148,116.913946587537,115.30303030303,115.338696969697,150782.61487005797,/home/runner/work/Solana-Memecoin-Analysis/Solana-Memecoin-Analysis/data/cache/2026-09-22/052744895317_ohlcv_8b39bce88f13.json
2026-09-21T09:45:00+00:00,58oQChx4yWmvKdwLLZzBi4ChoCc2fqCUWBkwMihLYQo2,solana,Raydium,,,,,2022-04-28T09:46:08Z,116.26135680835148,,,,,,,,,,,,,,,,,,,ohlcv_backfill,minute,116.37843313388737,116.673171642926,116.085858585859,116.26135680835148,149656.7346399353,/home/runner/work/Solana-Memecoin-Analysis/Solana-Memecoin-Analysis/data/cache/2026-09-22/052744895317_ohlcv_8b39bce88f13.json
2026-09-21T09:40:00+00:00,58oQChx4yWmvKdwLLZzBi4ChoCc2fqCUWBkwMihLYQo2,solana,Raydium,,,,,2022-04-28T09:46:08Z,116.37843313388737,,,,,,,,,,,,,,,,,,,ohlcv_backfill,minute,116.218434343434,116.802071414655,116.140363636364,116.37843313388737,215617.98145219343,/home/runner/work/Solana-Memecoin-Analysis/Solana-Memecoin-Analysis/data/cache/2026-09-22/052744895317_ohlcv_8b39bce88f13.json
2026-09-21T09:35:00+00:00,58oQChx4yWmvKdwLLZzBi4ChoCc2fqCUWBkwMihLYQo2,solana,Raydium,,,,,2022-04-28T09:46:08Z,116.218434343434,,,,,,,,,,,,,,,,,,,ohlcv_backfill,minute,116.18609767057248,116.815061882007,115.930917135958,116.218434343434,155931.6871947353,/home/runner/work/Solana-Memecoin-Analysis/Solana-Memecoin-Analysis/data/cache/2026-09-22/052744895317_ohlcv_8b39bce88f13.json
2026-09-21T09:30:00+00:00,58oQChx4yWmvKdwLLZzBi4ChoCc2fqCUWBkwMihLYQo2,solana,Raydium,,,,,2022-04-28T09:46:08Z,116.18609767057248,,,,,,,,,,,,,,,,,,,ohlcv_backfill,minute,115.82139463644852,116.21967979228631,115.82139463644852,116.18609767057248,87873.43566243206,/home/runner/work/Solana-Memecoin-Analysis/Solana-Memecoin-Analysis/data/cache/2026-09-22/052744895317_ohlcv_8b39bce88f13.json
2026-09-21T09:25:00+00:00,58oQChx4yWmvKdwLLZzBi4ChoCc2fqCUWBkwMihLYQo2,solana,Raydium,,,,,2022-04-28T09:46:08Z,115.82139463644852,,,,,,,,,,,,,,,,,,,ohlcv_backfill,minute,115.22724859249124,116.021060342661,114.921193333333,115.82139463644852,121117.68214128092,/home/runner/work/Solana-Memecoin-Analysis/Solana-Memecoin-Analysis/data/cache/2026-09-22/052744895317_ohlcv_8b39bce88f13.json
2026-09-21T09:20:00+00:00,58oQChx4yWmvKdwLLZzBi4ChoCc2fqCUWBkwMihLYQo2,solana,Raydium,,,,,2022-04-28T09:46:08Z,115.22724859249124,,,,,,,,,,,,,,,,,,,ohlcv_backfill,minute,115.1816335030242,115.481348210435,114.850378787879,115.22724859249124,102992.85453015173,/home/runner/work/Solana-Memecoin-Analysis/Solana-Memecoin-Analysis/data/cache/2026-09-22/052744895317_ohlcv_8b39bce88f13.json
2026-09-21T09:15:00+00:00,58oQChx4yWmvKdwLLZzBi4ChoCc2fqCUWBkwMihLYQo2,solana,Raydium,,,,,2022-04-28T09:46:08Z,115.1816335030242,,,,,,,,,,,,,,,,,,,ohlcv_backfill,minute,115.28321237762943,115.583348541271,114.852481818182,115.1816335030242,59554.91717138743,/home/runner/work/Solana-Memecoin-Analysis/Solana-Memecoin-Analysis/data/cache/2026-09-22/052744895317_ohlcv_8b39bce88f13.json
2026-09-21T09:10:00+00:00,58oQChx4yWmvKdwLLZzBi4ChoCc2fqCUWBkwMihLYQo2,solana,Raydium,,,,,2022-04-28T09:46:08Z,115.28321237762943,,,,,,,,,,,,,,,,,,,ohlcv_backfill,minute,115.2433042882929,115.598585897341,114.964070707071,115.28321237762943,52216.32799992928,/home/runner/work/Solana-Memecoin-Analysis/Solana-Memecoin-Analysis/data/cache/2026-09-22/052744895317_ohlcv_8b39bce88f13.json
2026-09-21T09:05:00+00:00,58oQChx4yWmvKdwLLZzBi4ChoCc2fqCUWBkwMihLYQo2,solana,Raydium,,,,,2022-04-28T09:46:08Z,115.2433042882929,,,,,,,,,,,,,,,,,,,ohlcv_backfill,minute,115.34098567393964,115.630851282421,114.996606060606,115.2433042882929,63311.33077769657,/home/runner/work/Solana-Memecoin-Analysis/Solana-Memecoin-Analysis/data/cache/2026-09-22/052744895317_ohlcv_8b39bce88f13.json
2026-09-21T09:00:00+00:00,58oQChx4yWmvKdwLLZzBi4ChoCc2fqCUWBkwMihLYQo2,solana,Raydium,,,,,2022-04-28T09:46:08Z,115.34098567393964,,,,,,,,,,,,,,,,,,,ohlcv_backfill,minute,115.58946845152526,115.849298913356,115.28515804438584,115.34098567393964,65321.63435702618,/home/runner/work/Solana-Memecoin-Analysis/Solana-Memecoin-Analysis/data/cache/2026-09-22/052744895317_ohlcv_8b39bce88f13.json
2026-09-21T08:55:00+00:00,58oQChx4yWmvKdwLLZzBi4ChoCc2fqCUWBkwMihLYQo2,solana,Raydium,,,,,2022-04-28T09:46:08Z,115.58946845152526,,,,,,,,,,,,,,,,,,,ohlcv_backfill,minute,115.83153688053166,116.117990660181,115.210355987055,115.58946845152526,105186.70989287864,/home/runner/work/Solana-Memecoin-Analysis/Solana-Memecoin-Analysis/data/cache/2026-09-22/052744895317_ohlcv_8b39bce88f13.json
2026-09-21T08:50:00+00:00,58oQChx4yWmvKdwLLZzBi4ChoCc2fqCUWBkwMihLYQo2,solana,Raydium,,,,,2022-04-28T09:46:08Z,115.83153688053166,,,,,,,,,,,,,,,,,,,ohlcv_backfill,minute,115.74349591203043,116.164092442878,115.552627026746,115.83153688053166,115209.52107668147,/home/runner/work/Solana-Memecoin-Analysis/Solana-Memecoin-Analysis/data/cache/2026-09-22/052744895317_ohlcv_8b39bce88f13.json
2026-09-21T08:45:00+00:00,58oQChx4yWmvKdwLLZzBi4ChoCc2fqCUWBkwMihLYQo2,solana,Raydium,,,,,2022-04-28T09:46:08Z,115.74349591203043,,,,,,,,,,,,,,,,,,,ohlcv_backfill,minute,116.08936704045371,116.08936704045371,115.43032724723952,115.74349591203043,180961.75018025909,/home/runner/work/Solana-Memecoin-Analysis/Solana-Memecoin-Analysis/data/cache/2026-09-22/052744895317_ohlcv_8b39bce88f13.json
2026-09-21T08:40:00+00:00,58oQChx4yWmvKdwLLZzBi4ChoCc2fqCUWBkwMihLYQo2,solana,Raydium,,,,,2022-04-28T09:46:08Z,116.08936704045371,,,,,,,,,,,,,,,,,,,ohlcv_backfill,minute,115.02566086566851,116.08936704045371,114.741414141414,116.08936704045371,213366.9581937396,/home/runner/work/Solana-Memecoin-Analysis/Solana-Memecoin-Analysis/data/cache/2026-09-22/052744895317_ohlcv_8b39bce88f13.json
2026-09-21T08:35:00+00:00,58oQChx4yWmvKdwLLZzBi4ChoCc2fqCUWBkwMihLYQo2,solana,Raydium,,,,,2022-04-28T09:46:08Z,115.02566086566851,,,,,,,,,,,,,,,,,,,ohlcv_backfill,minute,113.85948391969248,115.02566086566851,113.85948391969248,115.02566086566851,177551.54901510966,/home/runner/work/Solana-Memecoin-Analysis/Solana-Memecoin-Analysis/data/cache/2026-09-22/052744895317_ohlcv_8b39bce88f13.json
2026-09-21T08:30:00+00:00,58oQChx4yWmvKdwLLZzBi4ChoCc2fqCUWBkwMihLYQo2,solana,Raydium,,,,,2022-04-28T09:46:08Z,113.85948391969248,,,,,,,,,,,,,,,,,,,ohlcv_backfill,minute,113.32393885320734,114.059622824628,113.32393885320734,113.85948391969248,164114.3631462615,/home/runner/work/Solana-Memecoin-Analysis/Solana-Memecoin-Analysis/data/cache/2026-09-22/052744895317_ohlcv_8b39bce88f13.json
2026-09-21T08:25:00+00:00,58oQChx4yWmvKdwLLZzBi4ChoCc2fqCUWBkwMihLYQo2,solana,Raydium,,,,,2022-04-28T09:46:08Z,113.32393885320734,,,,,,,,,,,,,,,,,,,ohlcv_backfill,minute,113.09923401971322,113.580278910422,112.794845,113.32393885320734,113455.49524399915,/home/runner/work/Solana-Memecoin-Analysis/Solana-Memecoin-Analysis/data/cache/2026-09-22/052744895317_ohlcv_8b39bce88f13.json
2026-09-21T08:20:00+00:00,58oQChx4yWmvKdwLLZzBi4ChoCc2fqCUWBkwMihLYQo2,solana,Raydium,,,,,2022-04-28T09:46:08Z,113.09923401971322,,,,,,,,,,,,,,,,,,,ohlcv_backfill,minute,112.73081983275425,113.360171077891,112.2,113.09923401971322,101727.41188630108,/home/runner/work/Solana-Memecoin-Analysis/Solana-Memecoin-Analysis/data/cache/2026-09-22/052744895317_ohlcv_8b39bce88f13.json
2026-09-21T08:15:00+00:00,58oQChx4yWmvKdwLLZzBi4ChoCc2fqCUWBkwMihLYQo2,solana,Raydium,,,,,2022-04-28T09:46:08Z,112.73081983275425,,,,,,,,,,,,,,,,,,,ohlcv_backfill,minute,112.62819177845046,112.73165681969877,112.62019889159266,112.73081983275425,78421.82487849404,/home/runner/work/Solana-Memecoin-Analysis/Solana-Memecoin-Analysis/data/cache/2026-09-22/052744895317_ohlcv_8b39bce88f13.json
2026-09-21T08:10:00+00:00,58oQChx4yWmvKdwLLZzBi4ChoCc2fqCUWBkwMihLYQo2,solana,Raydium,,,,,2022-04-28T09:46:08Z,112.62819177845046,,,,,,,,,,,,,,,,,,,ohlcv_backfill,minute,112.4869244795934,112.929923181085,112.168275,112.62819177845046,113862.5682256364,/home/runner/work/Solana-Memecoin-Analysis/Solana-Memecoin-Analysis/data/cache/2026-09-22/052744895317_ohlcv_8b39bce88f13.json
2026-09-21T08:05:00+00:00,58oQChx4yWmvKdwLLZzBi4ChoCc2fqCUWBkwMihLYQo2,solana,Raydium,,,,,2022-04-28T09:46:08Z,112.4869244795934,,,,,,,,,,,,,,,,,,,ohlcv_backfill,minute,112.36386471011944,112.634451336774,112.066515151515,112.4869244795934,120666.62852930481,/home/runner/work/Solana-Memecoin-Analysis/Solana-Memecoin-Analysis/data/cache/2026-09-22/052744895317_ohlcv_8b39bce88f13.json
2026-09-21T08:00:00+00:00,58oQChx4yWmvKdwLLZzBi4ChoCc2fqCUWBkwMihLYQo2,solana,Raydium,,,,,2022-04-28T09:46:08Z,112.36386471011944,,,,,,,,,,,,,,,,,,,ohlcv_backfill,minute,111.81802600575924,112.36386471011944,111.621716904532,112.36386471011944,133243.05396939183,/home/runner/work/Solana-Memecoin-Analysis/Solana-Memecoin-Analysis/data/cache/2026-09-22/052744895317_ohlcv_8b39bce88f13.json
2026-09-21T07:55:00+00:00,58oQChx4yWmvKdwLLZzBi4ChoCc2fqCUWBkwMihLYQo2,solana,Raydium,,,,,2022-04-28T09:46:08Z,111.81802600575924,,,,,,,,,,,,,,,,,,,ohlcv_backfill,minute,111.6482558716608,112.104875751706,111.48,111.81802600575924,92249.76538889491,/home/runner/work/Solana-Memecoin-Analysis/Solana-Memecoin-Analysis/data/cache/2026-09-22/052744895317_ohlcv_8b39bce88f13.json
2026-09-21T07:50:00+00:00,58oQChx4yWmvKdwLLZzBi4ChoCc2fqCUWBkwMihLYQo2,solana,Raydium,,,,,2022-04-28T09:46:08Z,111.6482558716608,,,,,,,,,,,,,,,,,,,ohlcv_backfill,minute,111.269191919192,111.841253412681,111.027380055262,111.6482558716608,73797.93756539942,/home/runner/work/Solana-Memecoin-Analysis/Solana-Memecoin-Analysis/data/cache/2026-09-22/052744895317_ohlcv_8b39bce88f13.json
2026-09-21T07:45:00+00:00,58oQChx4yWmvKdwLLZzBi4ChoCc2fqCUWBkwMihLYQo2,solana,Raydium,,,,,2022-04-28T09:46:08Z,111.269191919192,,,,,,,,,,,,,,,,,,,ohlcv_backfill,minute,111.52213980272334,111.831635172956,111.238316161616,111.269191919192,65419.007083210905,/home/runner/work/Solana-Memecoin-Analysis/Solana-Memecoin-Analysis/data/cache/2026-09-22/052744895317_ohlcv_8b39bce88f13.json
2026-09-21T07:40:00+00:00,58oQChx4yWmvKdwLLZzBi4ChoCc2fqCUWBkwMihLYQo2,solana,Raydium,,,,,2022-04-28T09:46:08Z,111.52213980272334,,,,,,,,,,,,,,,,,,,ohlcv_backfill,minute,111.59946127275208,111.89304273384,111.245234343434,111.52213980272334,86391.26095238498,/home/runner/work/Solana-Memecoin-Analysis/Solana-Memecoin-Analysis/data/cache/2026-09-22/052744895317_ohlcv_8b39bce88f13.json
2026-09-21T07:35:00+00:00,58oQChx4yWmvKdwLLZzBi4ChoCc2fqCUWBkwMihLYQo2,solana,Raydium,,,,,2022-04-28T09:46:08Z,111.59946127275208,,,,,,,,,,,,,,,,,,,ohlcv_backfill,minute,111.61253467730609,111.83685028346,111.54353570129143,111.59946127275208,108426.27887383201,/home/runner/work/Solana-Memecoin-Analysis/Solana-Memecoin-Analysis/data/cache/2026-09-22/052744895317_ohlcv_8b39bce88f13.json
2026-09-21T07:30:00+00:00,58oQChx4yWmvKdwLLZzBi4ChoCc2fqCUWBkwMihLYQo2,solana,Raydium,,,,,2022-04-28T09:46:08Z,111.61253467730609,,,,,,,,,,,,,,,,,,,ohlcv_backfill,minute,111.72348162506883,112.111744164676,111.2,111.61253467730609,85665.34382237637,/home/runner/work/Solana-Memecoin-Analysis/Solana-Memecoin-Analysis/data/cache/2026-09-22/052744895317_ohlcv_8b39bce88f13.json
2026-09-21T07:25:00+00:00,58oQChx4yWmvKdwLLZzBi4ChoCc2fqCUWBkwMihLYQo2,solana,Raydium,,,,,2022-04-28T09:46:08Z,111.72348162506883,,,,,,,,,,,,,,,,,,,ohlcv_backfill,minute,111.86689204140369,112.151209706612,111.591424242424,111.72348162506883,85283.32704083364,/home/runner/work/Solana-Memecoin-Analysis/Solana-Memecoin-Analysis/data/cache/2026-09-22/052744895317_ohlcv_8b39bce88f13.json
2026-09-21T07:20:00+00:00,58oQChx4yWmvKdwLLZzBi4ChoCc2fqCUWBkwMihLYQo2,solana,Raydium,,,,,2022-04-28T09:46:08Z,111.86689204140369,,,,,,,,,,,,,,,,,,,ohlcv_backfill,minute,112.0331759302479,112.0331759302479,111.86120654299903,111.86689204140369,55043.08213669356,/home/runner/work/Solana-Memecoin-Analysis/Solana-Memecoin-Analysis/data/cache/2026-09-22/052744895317_ohlcv_8b39bce88f13.json
2026-09-21T07:15:00+00:00,58oQChx4yWmvKdwLLZzBi4ChoCc2fqCUWBkwMihLYQo2,solana,Raydium,,,,,2022-04-28T09:46:08Z,112.0331759302479,,,,,,,,,,,,,,,,,,,ohlcv_backfill,minute,112.02094607611602,112.855007473842,111.736958,112.0331759302479,41887.162599943535,/home/runner/work/Solana-Memecoin-Analysis/Solana-Memecoin-Analysis/data/cache/2026-09-22/052744895317_ohlcv_8b39bce88f13.json
2026-09-21T07:10:00+00:00,58oQChx4yWmvKdwLLZzBi4ChoCc2fqCUWBkwMihLYQo2,solana,Raydium,,,,,2022-04-28T09:46:08Z,112.02094607611602,,,,,,,,,,,,,,,,,,,ohlcv_backfill,minute,112.25559257546192,112.402753179733,111.84,112.02094607611602,65991.25111899598,/home/runner/work/Solana-Memecoin-Analysis/Solana-Memecoin-Analysis/data/cache/2026-09-22/052744895317_ohlcv_8b39bce88f13.json
2026-09-21T07:05:00+00:00,58oQChx4yWmvKdwLLZzBi4ChoCc2fqCUWBkwMihLYQo2,solana,Raydium,,,,,2022-04-28T09:46:08Z,112.25559257546192,,,,,,,,,,,,,,,,,,,ohlcv_backfill,minute,112.22706710907923,112.29452030608869,112.22706710907923,112.25559257546192,64242.41660327198,/home/runner/work/Solana-Memecoin-Analysis/Solana-Memecoin-Analysis/data/cache/2026-09-22/052744895317_ohlcv_8b39bce88f13.json
2026-09-21T07:00:00+00:00,58oQChx4yWmvKdwLLZzBi4ChoCc2fqCUWBkwMihLYQo2,solana,Raydium,,,,,2022-04-28T09:46:08Z,112.22706710907923,,,,,,,,,,,,,,,,,,,ohlcv_backfill,minute,112.18169566357203,112.505714172842,111.731843575419,112.22706710907923,41416.49527836403,/home/runner/work/Solana-Memecoin-Analysis/Solana-Memecoin-Analysis/data/cache/2026-09-22/052744895317_ohlcv_8b39bce88f13.json
2026-09-21T06:55:00+00:00,58oQChx4yWmvKdwLLZzBi4ChoCc2fqCUWBkwMihLYQo2,solana,Raydium,,,,,2022-04-28T09:46:08Z,112.18169566357203,,,,,,,,,,,,,,,,,,,ohlcv_backfill,minute,112.07746092113432,112.19007916798091,111.791655323343,112.18169566357203,98164.67195312491,/home/runner/work/Solana-Memecoin-Analysis/Solana-Memecoin-Analysis/data/cache/2026-09-22/052744895317_ohlcv_8b39bce88f13.json
2026-09-21T06:50:00+00:00,58oQChx4yWmvKdwLLZzBi4ChoCc2fqCUWBkwMihLYQo2,solana,Raydium,,,,,2022-04-28T09:46:08Z,112.07746092113432,,,,,,,,,,,,,,,,,,,ohlcv_backfill,minute,111.98242923500858,112.357749669945,111.71366,112.07746092113432,126147.71572457273,/home/runner/work/Solana-Memecoin-Analysis/Solana-Memecoin-Analysis/data/cache/2026-09-22/052744895317_ohlcv_8b39bce88f13.json
2026-09-21T06:45:00+00:00,58oQChx4yWmvKdwLLZzBi4ChoCc2fqCUWBkwMihLYQo2,solana,Raydium,,,,,2022-04-28T09:46:08Z,111.98242923500858,,,,,,,,,,,,,,,,,,,ohlcv_backfill,minute,111.79103113627313,112.164323221997,111.478284517265,111.98242923500858,210471.66881727698,/home/runner/work/Solana-Memecoin-Analysis/Solana-Memecoin-Analysis/data/cache/2026-09-22/052744895317_ohlcv_8b39bce88f13.json
2026-09-21T06:40:00+00:00,58oQChx4yWmvKdwLLZzBi4ChoCc2fqCUWBkwMihLYQo2,solana,Raydium,,,,,2022-04-28T09:46:08Z,111.79103113627313,,,,,,,,,,,,,,,,,,,ohlcv_backfill,minute,112.23884576702724,112.325035560169,111.707634380923,111.79103113627313,183355.78621816894,/home/runner/work/Solana-Memecoin-Analysis/Solana-Memecoin-Analysis/data/cache/2026-09-22/052744895317_ohlcv_8b39bce88f13.json
2026-09-21T06:35:00+00:00,58oQChx4yWmvKdwLLZzBi4ChoCc2fqCUWBkwMihLYQo2,solana,Raydium,,,,,2022-04-28T09:46:08Z,112.23884576702724,,,,,,,,,,,,,,,,,,,ohlcv_backfill,minute,112.38696158802114,112.724392898841,112.0570139021,112.23884576702724,124639.3022572486,/home/runner/work/Solana-Memecoin-Analysis/Solana-Memecoin-Analysis/data/cache/2026-09-22/052744895317_ohlcv_8b39bce88f13.json
2026-09-21T06:30:00+00:00,58oQChx4yWmvKdwLLZzBi4ChoCc2fqCUWBkwMihLYQo2,solana,Raydium,,,,,2022-04-28T09:46:08Z,112.38696158802114,,,,,,,,,,,,,,,,,,,ohlcv_backfill,minute,112.705895388001,113.193403298351,112.085,112.38696158802114,74207.47112703939,/home/runner/work/Solana-Memecoin-Analysis/Solana-Memecoin-Analysis/data/cache/2026-09-22/052744895317_ohlcv_8b39bce88f13.json
2026-09-21T06:25:00+00:00,58oQChx4yWmvKdwLLZzBi4ChoCc2fqCUWBkwMihLYQo2,solana,Raydium,,,,,2022-04-28T09:46:08Z,112.705895388001,,,,,,,,,,,,,,,,,,,ohlcv_backfill,minute,112.21289479947038,113.193403298351,111.942512,112.705895388001,111461.48272712462,/home/runner/work/Solana-Memecoin-Analysis/Solana-Memecoin-Analysis/data/cache/2026-09-22/052744895317_ohlcv_8b39bce88f13.json
2026-09-21T06:20:00+00:00,58oQChx4yWmvKdwLLZzBi4ChoCc2fqCUWBkwMihLYQo2,solana,Raydium,,,,,2022-04-28T09:46:08Z,112.21289479947038,,,,,,,,,,,,,,,,,,,ohlcv_backfill,minute,112.09921865341553,112.401342556509,111.820721848708,112.21289479947038,207989.06503458935,/home/runner/work/Solana-Memecoin-Analysis/Solana-Memecoin-Analysis/data/cache/2026-09-22/052744895317_ohlcv_8b39bce88f13.json
2026-09-21T06:15:00+00:00,58oQChx4yWmvKdwLLZzBi4ChoCc2fqCUWBkwMihLYQo2,solana,Raydium,,,,,2022-04-28T09:46:08Z,112.09921865341553,,,,,,,,,,,,,,,,,,,ohlcv_backfill,minute,111.91478653220027,112.437810945274,111.673127137718,112.09921865341553,64597.91488146874,/home/runner/work/Solana-Memecoin-Analysis/Solana-Memecoin-Analysis/data/cache/2026-09-22/052744895317_ohlcv_8b39bce88f13.json
2026-09-21T06:10:00+00:00,58oQChx4yWmvKdwLLZzBi4ChoCc2fqCUWBkwMihLYQo2,solana,Raydium,,,,,2022-04-28T09:46:08Z,111.91478653220027,,,,,,,,,,,,,,,,,,,ohlcv_backfill,minute,111.93186315498221,112.283853581855,111.641056716812,111.91478653220027,59698.03818552972,/home/runner/work/Solana-Memecoin-Analysis/Solana-Memecoin-Analysis/data/cache/2026-09-22/052744895317_ohlcv_8b39bce88f13.json
2026-09-21T06:05:00+00:00,58oQChx4yWmvKdwLLZzBi4ChoCc2fqCUWBkwMihLYQo2,solana,Raydium,,,,,2022-04-28T09:46:08Z,111.93186315498221,,,,,,,,,,,,,,,,,,,ohlcv_backfill,minute,111.67160674795645,112.160629274967,111.39904040404,111.93186315498221,102175.67210693572,/home/runner/work/Solana-Memecoin-Analysis/Solana-Memecoin-Analysis/data/cache/2026-09-22/052744895317_ohlcv_8b39bce88f13.json
2026-09-21T06:00:00+00:00,58oQChx4yWmvKdwLLZzBi4ChoCc2fqCUWBkwMihLYQo2,solana,Raydium,,,,,2022-04-28T09:46:08Z,111.67160674795645,,,,,,,,,,,,,,,,,,,ohlcv_backfill,minute,111.96087516375786,112.240641720095,111.512838383838,111.67160674795645,158915.25214342686,/home/runner/work/Solana-Memecoin-Analysis/Solana-Memecoin-Analysis/data/cache/2026-09-22/052744895317_ohlcv_8b39bce88f13.json
2026-09-21T05:55:00+00:00,58oQChx4yWmvKdwLLZzBi4ChoCc2fqCUWBkwMihLYQo2,solana,Raydium,,,,,2022-04-28T09:46:08Z,111.96087516375786,,,,,,,,,,,,,,,,,,,ohlcv_backfill,minute,111.85398390859105,112.686567164179,111.53,111.96087516375786,117928.86415961586,/home/runner/work/Solana-Memecoin-Analysis/Solana-Memecoin-Analysis/data/cache/2026-09-22/052744895317_ohlcv_8b39bce88f13.json
2026-09-21T05:50:00+00:00,58oQChx4yWmvKdwLLZzBi4ChoCc2fqCUWBkwMihLYQo2,solana,Raydium,,,,,2022-04-28T09:46:08Z,111.85398390859105,,,,,,,,,,,,,,,,,,,ohlcv_backfill,minute,111.9533071214828,112.245213020636,111.678444444444,111.85398390859105,92876.76568434303,/home/runner/work/Solana-Memecoin-Analysis/Solana-Memecoin-Analysis/data/cache/2026-09-22/052744895317_ohlcv_8b39bce88f13.json
2026-09-21T05:45:00+00:00,58oQChx4yWmvKdwLLZzBi4ChoCc2fqCUWBkwMihLYQo2,solana,Raydium,,,,,2022-04-28T09:46:08Z,111.9533071214828,,,,,,,,,,,,,,,,,,,ohlcv_backfill,minute,112.00515302005934,112.343007851745,111.6738,111.9533071214828,117125.81314330382,/home/runner/work/Solana-Memecoin-Analysis/Solana-Memecoin-Analysis/data/cache/2026-09-22/052744895317_ohlcv_8b39bce88f13.json
2026-09-21T05:40:00+00:00,58oQChx4yWmvKdwLLZzBi4ChoCc2fqCUWBkwMihLYQo2,solana,Raydium,,,,,2022-04-28T09:46:08Z,112.00515302005934,,,,,,,,,,,,,,,,,,,ohlcv_backfill,minute,111.92816618535936,112.236998605468,111.64738,112.00515302005934,115974.5348425401,/home/runner/work/Solana-Memecoin-Analysis/Solana-Memecoin-Analysis/data/cache/2026-09-22/052744895317_ohlcv_8b39bce88f13.json
2026-09-21T05:35:00+00:00,58oQChx4yWmvKdwLLZzBi4ChoCc2fqCUWBkwMihLYQo2,solana,Raydium,,,,,2022-04-28T09:46:08Z,111.92816618535936,,,,,,,,,,,,,,,,,,,ohlcv_backfill,minute,111.90437945688834,112.212223863645,111.84595974802305,111.92816618535936,94889.67188336734,/home/runner/work/Solana-Memecoin-Analysis/Solana-Memecoin-Analysis/data/cache/2026-09-22/052744895317_ohlcv_8b39bce88f13.json
2026-09-21T05:30:00+00:00,58oQChx4yWmvKdwLLZzBi4ChoCc2fqCUWBkwMihLYQo2,solana,Raydium,,,,,2022-04-28T09:46:08Z,111.90437945688834,,,,,,,,,,,,,,,,,,,ohlcv_backfill,minute,111.488208754209,112.052207761476,111.482490656556,111.90437945688834,89797.62550912968,/home/runner/work/Solana-Memecoin-Analysis/Solana-Memecoin-Analysis/data/cache/2026-09-22/052744895317_ohlcv_8b39bce88f13.json
2026-09-21T05:25:00+00:00,58oQChx4yWmvKdwLLZzBi4ChoCc2fqCUWBkwMihLYQo2,solana,Raydium,,,,,2022-04-28T09:46:08Z,111.488208754209,,,,,,,,,,,,,,,,,,,ohlcv_backfill,minute,111.61976595523821,112.047895132726,111.435034103155,111.488208754209,83158.09376572928,/home/runner/work/Solana-Memecoin-Analysis/Solana-Memecoin-Analysis/data/cache/2026-09-22/052744895317_ohlcv_8b39bce88f13.json
2026-09-21T05:20:00+00:00,58oQChx4yWmvKdwLLZzBi4ChoCc2fqCUWBkwMihLYQo2,solana,Raydium,,,,,2022-04-28T09:46:08Z,111.61976595523821,,,,,,,,,,,,,,,,,,,ohlcv_backfill,minute,111.5271224759681,111.867747264358,111.274341463415,111.61976595523821,61304.73510621434,/home/runner/work/Solana-Memecoin-Analysis/Solana-Memecoin-Analysis/data/cache/2026-09-22/052744895317_ohlcv_8b39bce88f13.json
2026-09-21T05:15:00+00:00,58oQChx4yWmvKdwLLZzBi4ChoCc2fqCUWBkwMihLYQo2,solana,Raydium,,,,,2022-04-28T09:46:08Z,111.5271224759681,,,,,,,,,,,,,,,,,,,ohlcv_backfill,minute,111.49726357002919,111.783934508694,111.221019051529,111.5271224759681,64151.18900687546,/home/runner/work/Solana-Memecoin-Analysis/Solana-Memecoin-Analysis/data/cache/2026-09-22/052744895317_ohlcv_8b39bce88f13.json
2026-09-21T05:10:00+00:00,58oQChx4yWmvKdwLLZzBi4ChoCc2fqCUWBkwMihLYQo2,solana,Raydium,,,,,2022-04-28T09:46:08Z,111.49726357002919,,,,,,,,,,,,,,,,,,,ohlcv_backfill,minute,111.48938633363294,111.819477561957,110.876451953537,111.49726357002919,70262.30491337273,/home/runner/work/Solana-Memecoin-Analysis/Solana-Memecoin-Analysis/data/cache/2026-09-22/052744895317_ohlcv_8b39bce88f13.json
2026-09-21T05:05:00+00:00,58oQChx4yWmvKdwLLZzBi4ChoCc2fqCUWBkwMihLYQo2,solana,Raydium,,,,,2022-04-28T09:46:08Z,111.48938633363294,,,,,,,,,,,,,,,,,,,ohlcv_backfill,minute,111.63452257035519,111.63452257035519,111.48938633363294,111.48938633363294,102417.28180450066,/home/runner/work/Solana-Memecoin-Analysis/Solana-Memecoin-Analysis/data/cache/2026-09-22/052744895317_ohlcv_8b39bce88f13.json
2026-09-21T05:00:00+00:00,58oQChx4yWmvKdwLLZzBi4ChoCc2fqCUWBkwMihLYQo2,solana,Raydium,,,,,2022-04-28T09:46:08Z,111.63452257035519,,,,,,,,,,,,,,,,,,,ohlcv_backfill,minute,111.6647563336413,111.933640961802,111.276083760596,111.63452257035519,92641.13933115621,/home/runner/work/Solana-Memecoin-Analysis/Solana-Memecoin-Analysis/data/cache/2026-09-22/052744895317_ohlcv_8b39bce88f13.json
2026-09-21T04:55:00+00:00,58oQChx4yWmvKdwLLZzBi4ChoCc2fqCUWBkwMihLYQo2,solana,Raydium,,,,,2022-04-28T09:46:08Z,111.6647563336413,,,,,,,,,,,,,,,,,,,ohlcv_backfill,minute,111.66252463790525,111.96383274291,111.376919191919,111.6647563336413,95747.03912923139,/home/runner/work/Solana-Memecoin-Analysis/Solana-Memecoin-Analysis/data/cache/2026-09-22/052744895317_ohlcv_8b39bce88f13.json
2026-09-21T04:50:00+00:00,58oQChx4yWmvKdwLLZzBi4ChoCc2fqCUWBkwMihLYQo2,solana,Raydium,,,,,2022-04-28T09:46:08Z,111.66252463790525,,,,,,,,,,,,,,,,,,,ohlcv_backfill,minute,111.58793110421128,112.028301886792,111.053719008264,111.66252463790525,142967.63435785117,/home/runner/work/Solana-Memecoin-Analysis/Solana-Memecoin-Analysis/data/cache/2026-09-22/052744895317_ohlcv_8b39bce88f13.json
2026-09-21T04:45:00+00:00,58oQChx4yWmvKdwLLZzBi4ChoCc2fqCUWBkwMihLYQo2,solana,Raydium,,,,,2022-04-28T09:46:08Z,111.58793110421128,,,,,,,,,,,,,,,,,,,ohlcv_backfill,minute,111.46061091634978,111.841217966439,111.266666666667,111.58793110421128,97575.61639909154,/home/runner/work/Solana-Memecoin-Analysis/Solana-Memecoin-Analysis/data/cache/2026-09-22/052744895317_ohlcv_8b39bce88f13.json
2026-09-21T04:40:00+00:00,58oQChx4yWmvKdwLLZzBi4ChoCc2fqCUWBkwMihLYQo2,solana,Raydium,,,,,2022-04-28T09:46:08Z,111.46061091634978,,,,,,,,,,,,,,,,,,,ohlcv_backfill,minute,111.37095893049596,111.715237323828,111.155082454112,111.46061091634978,61171.80636153816,/home/runner/work/Solana-Memecoin-Analysis/Solana-Memecoin-Analysis/data/cache/2026-09-22/052744895317_ohlcv_8b39bce88f13.json
2026-09-21T04:35:00+00:00,58oQChx4yWmvKdwLLZzBi4ChoCc2fqCUWBkwMihLYQo2,solana,Raydium,,,,,2022-04-28T09:46:08Z,111.37095893049596,,,,,,,,,,,,,,,,,,,ohlcv_backfill,minute,111.20788876376473,111.669458403127,110.913589225589,111.37095893049596,81731.99072338821,/home/runner/work/Solana-Memecoin-Analysis/Solana-Memecoin-Analysis/data/cache/2026-09-22/052744895317_ohlcv_8b39bce88f13.json
2026-09-21T04:30:00+00:00,58oQChx4yWmvKdwLLZzBi4ChoCc2fqCUWBkwMihLYQo2,solana,Raydium,,,,,2022-04-28T09:46:08Z,111.20788876376473,,,,,,,,,,,,,,,,,,,ohlcv_backfill,minute,111.16169528761546,111.507422955925,110.889061616162,111.20788876376473,130103.69507656446,/home/runner/work/Solana-Memecoin-Analysis/Solana-Memecoin-Analysis/data/cache/2026-09-22/052744895317_ohlcv_8b39bce88f13.json
2026-09-21T04:25:00+00:00,58oQChx4yWmvKdwLLZzBi4ChoCc2fqCUWBkwMihLYQo2,solana,Raydium,,,,,2022-04-28T09:46:08Z,111.16169528761546,,,,,,,,,,,,,,,,,,,ohlcv_backfill,minute,111.32991546139367,111.33394826205135,111.08541184621056,111.16169528761546,154868.48581061754,/home/runner/work/Solana-Memecoin-Analysis/Solana-Memecoin-Analysis/data/cache/2026-09-22/052744895317_ohlcv_8b39bce88f13.json
2026-09-21T04:20:00+00:00,58oQChx4yWmvKdwLLZzBi4ChoCc2fqCUWBkwMihLYQo2,solana,Raydium,,,,,2022-04-28T09:46:08Z,111.32991546139367,,,,,,,,,,,,,,,,,,,ohlcv_backfill,minute,111.074095459572,111.706881143878,111.04471986105,111.32991546139367,151146.95399689148,/home/runner/work/Solana-Memecoin-Analysis/Solana-Memecoin-Analysis/data/cache/2026-09-22/052744895317_ohlcv_8b39bce88f13.json
2026-09-21T04:15:00+00:00,58oQChx4yWmvKdwLLZzBi4ChoCc2fqCUWBkwMihLYQo2,solana,Raydium,,,,,2022-04-28T09:46:08Z,111.074095459572,,,,,,,,,,,,,,,,,,,ohlcv_backfill,minute,111.25567072661588,111.681929863748,110.808356039964,111.074095459572,142520.85033354914,/home/runner/work/Solana-Memecoin-Analysis/Solana-Memecoin-Analysis/data/cache/2026-09-22/052744895317_ohlcv_8b39bce88f13.json
2026-09-21T04:10:00+00:00,58oQChx4yWmvKdwLLZzBi4ChoCc2fqCUWBkwMihLYQo2,solana,Raydium,,,,,2022-04-28T09:46:08Z,111.25567072661588,,,,,,,,,,,,,,,,,,,ohlcv_backfill,minute,111.47435198732971,111.747996408281,111.172119642857,111.25567072661588,225035.99436397434,/home/runner/work/Solana-Memecoin-Analysis/Solana-Memecoin-Analysis/data/cache/2026-09-22/052744895317_ohlcv_8b39bce88f13.json
2026-09-21T04:05:00+00:00,58oQChx4yWmvKdwLLZzBi4ChoCc2fqCUWBkwMihLYQo2,solana,Raydium,,,,,2022-04-28T09:46:08Z,111.47435198732971,,,,,,,,,,,,,,,,,,,ohlcv_backfill,minute,111.36684568846665,111.754587768597,111.171717171717,111.47435198732971,221265.11088267856,/home/runner/work/Solana-Memecoin-Analysis/Solana-Memecoin-Analysis/data/cache/2026-09-22/052744895317_ohlcv_8b39bce88f13.json
2026-09-21T04:00:00+00:00,58oQChx4yWmvKdwLLZzBi4ChoCc2fqCUWBkwMihLYQo2,solana,Raydium,,,,,2022-04-28T09:46:08Z,111.36684568846665,,,,,,,,,,,,,,,,,,,ohlcv_backfill,minute,111.42399509056928,112.474437627812,110.725308641975,111.36684568846665,194328.45245808654,/home/runner/work/Solana-Memecoin-Analysis/Solana-Memecoin-Analysis/data/cache/2026-09-22/052744895317_ohlcv_8b39bce88f13.json
2026-09-21T03:55:00+00:00,58oQChx4yWmvKdwLLZzBi4ChoCc2fqCUWBkwMihLYQo2,solana,Raydium,,,,,2022-04-28T09:46:08Z,111.42399509056928,,,,,,,,,,,,,,,,,,,ohlcv_backfill,minute,111.55061505612537,111.839104149092,111.11348,111.42399509056928,307398.08768118476,/home/runner/work/Solana-Memecoin-Analysis/Solana-Memecoin-Analysis/data/cache/2026-09-22/052744895317_ohlcv_8b39bce88f13.json
2026-09-21T03:50:00+00:00,58oQChx4yWmvKdwLLZzBi4ChoCc2fqCUWBkwMihLYQo2,solana,Raydium,,,,,2022-04-28T09:46:08Z,111.55061505612537,,,,,,,,,,,,,,,,,,,ohlcv_backfill,minute,111.89789337143303,112.115095563264,111.523293939394,111.55061505612537,273610.97164670564,/home/runner/work/Solana-Memecoin-Analysis/Solana-Memecoin-Analysis/data/cache/2026-09-22/052744895317_ohlcv_8b39bce88f13.json
2026-09-21T03:45:00+00:00,58oQChx4yWmvKdwLLZzBi4ChoCc2fqCUWBkwMihLYQo2,solana,Raydium,,,,,2022-04-28T09:46:08Z,111.89789337143303,,,,,,,,,,,,,,,,,,,ohlcv_backfill,minute,111.80828510672809,112.162779968508,111.427545454545,111.89789337143303,225097.3058568391,/home/runner/work/Solana-Memecoin-Analysis/Solana-Memecoin-Analysis/data/cache/2026-09-22/052744895317_ohlcv_8b39bce88f13.json
2026-09-21T03:40:00+00:00,58oQChx4yWmvKdwLLZzBi4ChoCc2fqCUWBkwMihLYQo2,solana,Raydium,,,,,2022-04-28T09:46:08Z,111.80828510672809,,,,,,,,,,,,,,,,,,,ohlcv_backfill,minute,111.88832573300026,111.95007525552498,111.76599140707184,111.80828510672809,282998.60578410834,/home/runner/work/Solana-Memecoin-Analysis/Solana-Memecoin-Analysis/data/cache/2026-09-22/052744895317_ohlcv_8b39bce88f13.json
2026-09-21T03:35:00+00:00,58oQChx4yWmvKdwLLZzBi4ChoCc2fqCUWBkwMihLYQo2,solana,Raydium,,,,,2022-04-28T09:46:08Z,111.88832573300026,,,,,,,,,,,,,,,,,,,ohlcv_backfill,minute,112.030151870166,112.092726740221,111.432186868687,111.88832573300026,324944.52491149213,/home/runner/work/Solana-Memecoin-Analysis/Solana-Memecoin-Analysis/data/cache/2026-09-22/052744895317_ohlcv_8b39bce88f13.json
2026-09-21T03:30:00+00:00,58oQChx4yWmvKdwLLZzBi4ChoCc2fqCUWBkwMihLYQo2,solana,Raydium,,,,,2022-04-28T09:46:08Z,112.030151870166,,,,,,,,,,,,,,,,,,,ohlcv_backfill,minute,111.65248629671557,112.518628912072,111.41786629856,112.030151870166,473616.829103834,/home/runner/work/Solana-Memecoin-Analysis/Solana-Memecoin-Analysis/data/cache/2026-09-22/052744895317_ohlcv_8b39bce88f13.json
2026-09-21T03:25:00+00:00,58oQChx4yWmvKdwLLZzBi4ChoCc2fqCUWBkwMihLYQo2,solana,Raydium,,,,,2022-04-28T09:46:08Z,111.65248629671557,,,,,,,,,,,,,,,,,,,ohlcv_backfill,minute,111.87002223682747,112.267784113386,111.221717171717,111.65248629671557,679956.9764588425,/home/runner/work/Solana-Memecoin-Analysis/Solana-Memecoin-Analysis/data/cache/2026-09-22/052744895317_ohlcv_8b39bce88f13.json
2026-09-21T03:20:00+00:00,58oQChx4yWmvKdwLLZzBi4ChoCc2fqCUWBkwMihLYQo2,solana,Raydium,,,,,2022-04-28T09:46:08Z,111.87002223682747,,,,,,,,,,,,,,,,,,,ohlcv_backfill,minute,111.511333333333,112.165300057975,111.44193,111.87002223682747,471205.2251715368,/home/runner/work/Solana-Memecoin-Analysis/Solana-Memecoin-Analysis/data/cache/2026-09-22/052744895317_ohlcv_8b39bce88f13.json
2026-09-21T03:15:00+00:00,58oQChx4yWmvKdwLLZzBi4ChoCc2fqCUWBkwMihLYQo2,solana,Raydium,,,,,2022-04-28T09:46:08Z,111.511333333333,,,,,,,,,,,,,,,,,,,ohlcv_backfill,minute,111.29232046347713,112.116125360492,110.92,111.511333333333,500875.8512298587,/home/runner/work/Solana-Memecoin-Analysis/Solana-Memecoin-Analysis/data/cache/2026-09-22/052744895317_ohlcv_8b39bce88f13.json
2026-09-21T03:10:00+00:00,58oQChx4yWmvKdwLLZzBi4ChoCc2fqCUWBkwMihLYQo2,solana,Raydium,,,,,2022-04-28T09:46:08Z,111.29232046347713,,,,,,,,,,,,,,,,,,,ohlcv_backfill,minute,111.55208679304924,111.919409093823,111.2850453562323,111.29232046347713,490358.1395193581,/home/runner/work/Solana-Memecoin-Analysis/Solana-Memecoin-Analysis/data/cache/2026-09-22/052744895317_ohlcv_8b39bce88f13.json
2026-09-21T03:05:00+00:00,58oQChx4yWmvKdwLLZzBi4ChoCc2fqCUWBkwMihLYQo2,solana,Raydium,,,,,2022-04-28T09:46:08Z,111.55208679304924,,,,,,,,,,,,,,,,,,,ohlcv_backfill,minute,111.44798828675349,111.73463520243895,111.44798828675349,111.55208679304924,505236.4521125436,/home/runner/work/Solana-Memecoin-Analysis/Solana-Memecoin-Analysis/data/cache/2026-09-22/052744895317_ohlcv_8b39bce88f13.json
2026-09-21T03:00:00+00:00,58oQChx4yWmvKdwLLZzBi4ChoCc2fqCUWBkwMihLYQo2,solana,Raydium,,,,,2022-04-28T09:46:08Z,111.44798828675349,,,,,,,,,,,,,,,,,,,ohlcv_backfill,minute,111.543842657079,111.627805791462,110.982789622853,111.44798828675349,200224.64945562748,/home/runner/work/Solana-Memecoin-Analysis/Solana-Memecoin-Analysis/data/cache/2026-09-22/052744895317_ohlcv_8b39bce88f13.json
2026-09-21T02:55:00+00:00,58oQChx4yWmvKdwLLZzBi4ChoCc2fqCUWBkwMihLYQo2,solana,Raydium,,,,,2022-04-28T09:46:08Z,111.543842657079,,,,,,,,,,,,,,,,,,,ohlcv_backfill,minute,111.34159936143868,111.624162693279,110.832092255892,111.543842657079,520188.70386827417,/home/runner/work/Solana-Memecoin-Analysis/Solana-Memecoin-Analysis/data/cache/2026-09-22/052744895317_ohlcv_8b39bce88f13.json
2026-09-21T02:50:00+00:00,58oQChx4yWmvKdwLLZzBi4ChoCc2fqCUWBkwMihLYQo2,solana,Raydium,,,,,2022-04-28T09:46:08Z,111.34159936143868,,,,,,,,,,,,,,,,,,,ohlcv_backfill,minute,111.47571936523379,111.782703436346,111.073351828141,111.34159936143868,280752.7301255401,/home/runner/work/Solana-Memecoin-Analysis/Solana-Memecoin-Analysis/data/cache/2026-09-22/052744895317_ohlcv_8b39bce88f13.json
2026-09-21T02:45:00+00:00,58oQChx4yWmvKdwLLZzBi4ChoCc2fqCUWBkwMihLYQo2,solana,Raydium,,,,,2022-04-28T09:46:08Z,111.47571936523379,,,,,,,,,,,,,,,,,,,ohlcv_backfill,minute,111.054505050505,111.622687169616,110.988333333333,111.47571936523379,250357.39784515923,/home/runner/work/Solana-Memecoin-Analysis/Solana-Memecoin-Analysis/data/cache/2026-09-22/052744895317_ohlcv_8b39bce88f13.json
2026-09-21T02:40:00+00:00,58oQChx4yWmvKdwLLZzBi4ChoCc2fqCUWBkwMihLYQo2,solana,Raydium,,,,,2022-04-28T09:46:08Z,111.054505050505,,,,,,,,,,,,,,,,,,,ohlcv_backfill,minute,111.2279180905933,112.565445026178,110.937132323232,111.054505050505,310993.7874541243,/home/runner/work/Solana-Memecoin-Analysis/Solana-Memecoin-Analysis/data/cache/2026-09-22/052744895317_ohlcv_8b39bce88f13.json
2026-09-21T02:35:00+00:00,58oQChx4yWmvKdwLLZzBi4ChoCc2fqCUWBkwMihLYQo2,solana,Raydium,,,,,2022-04-28T09:46:08Z,111.2279180905933,,,,,,,,,,,,,,,,,,,ohlcv_backfill,minute,111.1499912334004,111.595466434176,110.83791611635,111.2279180905933,336759.6732335362,/home/runner/work/Solana-Memecoin-Analysis/Solana-Memecoin-Analysis/data/cache/2026-09-22/052744895317_ohlcv_8b39bce88f13.json
2026-09-21T02:30:00+00:00,58oQChx4yWmvKdwLLZzBi4ChoCc2fqCUWBkwMihLYQo2,solana,Raydium,,,,,2022-04-28T09:46:08Z,111.1499912334004,,,,,,,,,,,,,,,,,,,ohlcv_backfill,minute,111.81334863004506,112.14734527842,110.965244444444,111.1499912334004,452872.90735205205,/home/runner/work/Solana-Memecoin-Analysis/Solana-Memecoin-Analysis/data/cache/2026-09-22/052744895317_ohlcv_8b39bce88f13.json
2026-09-21T02:25:00+00:00,58oQChx4yWmvKdwLLZzBi4ChoCc2fqCUWBkwMihLYQo2,solana,Raydium,,,,,2022-04-28T09:46:08Z,111.81334863004506,,,,,,,,,,,,,,,,,,,ohlcv_backfill,minute,112.08729987328852,112.458233598376,111.68424,111.81334863004506,455542.7835076769,/home/runner/work/Solana-Memecoin-Analysis/Solana-Memecoin-Analysis/data/cache/2026-09-22/052744895317_ohlcv_8b39bce88f13.json
2026-09-21T02:20:00+00:00,58oQChx4yWmvKdwLLZzBi4ChoCc2fqCUWBkwMihLYQo2,solana,Raydium,,,,,2022-04-28T09:46:08Z,112.08729987328852,,,,,,,,,,,,,,,,,,,ohlcv_backfill,minute,111.47950059764685,112.08729987328852,111.178442518885,112.08729987328852,743177.5694694979,/home/runner/work/Solana-Memecoin-Analysis/Solana-Memecoin-Analysis/data/cache/2026-09-22/052744895317_ohlcv_8b39bce88f13.json
2026-09-21T02:15:00+00:00,58oQChx4yWmvKdwLLZzBi4ChoCc2fqCUWBkwMihLYQo2,solana,Raydium,,,,,2022-04-28T09:46:08Z,111.47950059764685,,,,,,,,,,,,,,,,,,,ohlcv_backfill,minute,111.51327511462567,111.799597879206,111.151072727273,111.47950059764685,348373.10820903315,/home/runner/work/Solana-Memecoin-Analysis/Solana-Memecoin-Analysis/data/cache/2026-09-22/052744895317_ohlcv_8b39bce88f13.json
2026-09-21T02:10:00+00:00,58oQChx4yWmvKdwLLZzBi4ChoCc2fqCUWBkwMihLYQo2,solana,Raydium,,,,,2022-04-28T09:46:08Z,111.51327511462567,,,,,,,,,,,,,,,,,,,ohlcv_backfill,minute,111.54384830188168,111.804006461236,111.157480197091,111.51327511462567,340773.7652012904,/home/runner/work/Solana-Memecoin-Analysis/Solana-Memecoin-Analysis/data/cache/2026-09-22/052744895317_ohlcv_8b39bce88f13.json
2026-09-21T02:05:00+00:00,58oQChx4yWmvKdwLLZzBi4ChoCc2fqCUWBkwMihLYQo2,solana,Raydium,,,,,2022-04-28T09:46:08Z,111.54384830188168,,,,,,,,,,,,,,,,,,,ohlcv_backfill,minute,111.2872100809466,111.640384196894,111.017696580252,111.54384830188168,389530.42848430475,/home/runner/work/Solana-Memecoin-Analysis/Solana-Memecoin-Analysis/data/cache/2026-09-22/052744895317_ohlcv_8b39bce88f13.json
2026-09-21T02:00:00+00:00,58oQChx4yWmvKdwLLZzBi4ChoCc2fqCUWBkwMihLYQo2,solana,Raydium,,,,,2022-04-28T09:46:08Z,111.2872100809466,,,,,,,,,,,,,,,,,,,ohlcv_backfill,minute,111.09076519321967,111.441182908366,110.786057952783,111.2872100809466,366087.96085102926,/home/runner/work/Solana-Memecoin-Analysis/Solana-Memecoin-Analysis/data/cache/2026-09-22/052744895317_ohlcv_8b39bce88f13.json
2026-09-21T01:55:00+00:00,58oQChx4yWmvKdwLLZzBi4ChoCc2fqCUWBkwMihLYQo2,solana,Raydium,,,,,2022-04-28T09:46:08Z,111.09076519321967,,,,,,,,,,,,,,,,,,,ohlcv_backfill,minute,111.35928139180218,111.536080862626,110.80495959596,111.09076519321967,372252.9792671627,/home/runner/work/Solana-Memecoin-Analysis/Solana-Memecoin-Analysis/data/cache/2026-09-22/052744895317_ohlcv_8b39bce88f13.json
2026-09-21T01:50:00+00:00,58oQChx4yWmvKdwLLZzBi4ChoCc2fqCUWBkwMihLYQo2,solana,Raydium,,,,,2022-04-28T09:46:08Z,111.35928139180218,,,,,,,,,,,,,,,,,,,ohlcv_backfill,minute,111.9888528395164,112.239866735523,111.08130327801683,111.35928139180218,704109.5273167738,/home/runner/work/Solana-Memecoin-Analysis/Solana-Memecoin-Analysis/data/cache/2026-09-22/052744895317_ohlcv_8b39bce88f13.json
2026-09-21T01:45:00+00:00,58oQChx4yWmvKdwLLZzBi4ChoCc2fqCUWBkwMihLYQo2,solana,Raydium,,,,,2022-04-28T09:46:08Z,111.9888528395164,,,,,,,,,,,,,,,,,,,ohlcv_backfill,minute,112.0942290557176,112.20756973542916,111.9455124873879,111.9888528395164,455139.3534142132,/home/runner/work/Solana-Memecoin-Analysis/Solana-Memecoin-Analysis/data/cache/2026-09-22/052744895317_ohlcv_8b39bce88f13.json
2026-09-21T01:40:00+00:00,58oQChx4yWmvKdwLLZzBi4ChoCc2fqCUWBkwMihLYQo2,solana,Raydium,,,,,2022-04-28T09:46:08Z,112.0942290557176,,,,,,,,,,,,,,,,,,,ohlcv_backfill,minute,112.448279142922,112.545102770226,111.884215151515,112.0942290557176,371993.9758723832,/home/runner/work/Solana-Memecoin-Analysis/Solana-Memecoin-Analysis/data/cache/2026-09-22/052744895317_ohlcv_8b39bce88f13.json
2026-09-21T01:35:00+00:00,58oQChx4yWmvKdwLLZzBi4ChoCc2fqCUWBkwMihLYQo2,solana,Raydium,,,,,2022-04-28T09:46:08Z,112.448279142922,,,,,,,,,,,,,,,,,,,ohlcv_backfill,minute,112.1540435623515,112.478843256599,111.779797979798,112.448279142922,603924.6703717372,/home/runner/work/Solana-Memecoin-Analysis/Solana-Memecoin-Analysis/data/cache/2026-09-22/052744895317_ohlcv_8b39bce88f13.json
2026-09-21T01:30:00+00:00,58oQChx4yWmvKdwLLZzBi4ChoCc2fqCUWBkwMihLYQo2,solana,Raydium,,,,,2022-04-28T09:46:08Z,112.1540435623515,,,,,,,,,,,,,,,,,,,ohlcv_backfill,minute,112.59950026995756,112.901953751979,112.01610845984787,112.1540435623515,778696.1913269506,/home/runner/work/Solana-Memecoin-Analysis/Solana-Memecoin-Analysis/data/cache/2026-09-22/052744895317_ohlcv_8b39bce88f13.json
2026-09-21T01:25:00+00:00,58oQChx4yWmvKdwLLZzBi4ChoCc2fqCUWBkwMihLYQo2,solana,Raydium,,,,,2022-04-28T09:46:08Z,112.59950026995756,,,,,,,,,,,,,,,,,,,ohlcv_backfill,minute,112.861721640735,113.473641334854,112.155025252525,112.59950026995756,746655.4163771323,/home/runner/work/Solana-Memecoin-Analysis/Solana-Memecoin-Analysis/data/cache/2026-09-22/052744895317_ohlcv_8b39bce88f13.json
2026-09-21T01:20:00+00:00,58oQChx4yWmvKdwLLZzBi4ChoCc2fqCUWBkwMihLYQo2,solana,Raydium,,,,,2022-04-28T09:46:08Z,112.861721640735,,,,,,,,,,,,,,,,,,,ohlcv_backfill,minute,112.58845306870582,113.567701180994,112.270934983776,112.861721640735,599415.6841106735,/home/runner/work/Solana-Memecoin-Analysis/Solana-Memecoin-Analysis/data/cache/2026-09-22/052744895317_ohlcv_8b39bce88f13.json
2026-09-21T01:15:00+00:00,58oQChx4yWmvKdwLLZzBi4ChoCc2fqCUWBkwMihLYQo2,solana,Raydium,,,,,2022-04-28T09:46:08Z,112.58845306870582,,,,,,,,,,,,,,,,,,,ohlcv_backfill,minute,112.55716825903635,112.853711806328,112.284507936508,112.58845306870582,529871.4398553462,/home/runner/work/Solana-Memecoin-Analysis/Solana-Memecoin-Analysis/data/cache/2026-09-22/052744895317_ohlcv_8b39bce88f13.json
2026-09-21T01:10:00+00:00,58oQChx4yWmvKdwLLZzBi4ChoCc2fqCUWBkwMihLYQo2,solana,Raydium,,,,,2022-04-28T09:46:08Z,112.55716825903635,,,,,,,,,,,,,,,,,,,ohlcv_backfill,minute,112.3575170627582,112.847833592599,112.270887112271,112.55716825903635,400306.68942048354,/home/runner/work/Solana-Memecoin-Analysis/Solana-Memecoin-Analysis/data/cache/2026-09-22/052744895317_ohlcv_8b39bce88f13.json
2026-09-21T01:05:00+00:00,58oQChx4yWmvKdwLLZzBi4ChoCc2fqCUWBkwMihLYQo2,solana,Raydium,,,,,2022-04-28T09:46:08Z,112.3575170627582,,,,,,,,,,,,,,,,,,,ohlcv_backfill,minute,111.87616046064805,113.122171945701,111.586326599327,112.3575170627582,551451.5426785288,/home/runner/work/Solana-Memecoin-Analysis/Solana-Memecoin-Analysis/data/cache/2026-09-22/052744895317_ohlcv_8b39bce88f13.json
2026-09-21T01:00:00+00:00,58oQChx4yWmvKdwLLZzBi4ChoCc2fqCUWBkwMihLYQo2,solana,Raydium,,,,,2022-04-28T09:46:08Z,111.87616046064805,,,,,,,,,,,,,,,,,,,ohlcv_backfill,minute,112.40682701240542,112.824840302741,111.735341414141,111.87616046064805,848298.4660699775,/home/runner/work/Solana-Memecoin-Analysis/Solana-Memecoin-Analysis/data/cache/2026-09-22/052744895317_ohlcv_8b39bce88f13.json
2026-09-21T00:55:00+00:00,58oQChx4yWmvKdwLLZzBi4ChoCc2fqCUWBkwMihLYQo2,solana,Raydium,,,,,2022-04-28T09:46:08Z,112.40682701240542,,,,,,,,,,,,,,,,,,,ohlcv_backfill,minute,112.41265497389035,112.703874752127,111.992326692024,112.40682701240542,618519.407395895,/home/runner/work/Solana-Memecoin-Analysis/Solana-Memecoin-Analysis/data/cache/2026-09-22/052744895317_ohlcv_8b39bce88f13.json
2026-09-21T00:50:00+00:00,58oQChx4yWmvKdwLLZzBi4ChoCc2fqCUWBkwMihLYQo2,solana,Raydium,,,,,2022-04-28T09:46:08Z,112.41265497389035,,,,,,,,,,,,,,,,,,,ohlcv_backfill,minute,112.58370505495672,112.58735631047406,112.299303030303,112.41265497389035,177590.00924830153,/home/runner/work/Solana-Memecoin-Analysis/Solana-Memecoin-Analysis/data/cache/2026-09-22/052744895317_ohlcv_8b39bce88f13.json
2026-09-21T00:45:00+00:00,58oQChx4yWmvKdwLLZzBi4ChoCc2fqCUWBkwMihLYQo2,solana,Raydium,,,,,2022-04-28T09:46:08Z,112.58370505495672,,,,,,,,,,,,,,,,,,,ohlcv_backfill,minute,112.25232858179255,112.762919602162,111.934541444083,112.58370505495672,191592.28679600856,/home/runner/work/Solana-Memecoin-Analysis/Solana-Memecoin-Analysis/data/cache/2026-09-22/052744895317_ohlcv_8b39bce88f13.json
2026-09-21T00:40:00+00:00,58oQChx4yWmvKdwLLZzBi4ChoCc2fqCUWBkwMihLYQo2,solana,Raydium,,,,,2022-04-28T09:46:08Z,112.25232858179255,,,,,,,,,,,,,,,,,,,ohlcv_backfill,minute,112.56060728437993,112.78279090907,112.097141414141,112.25232858179255,155995.07878703243,/home/runner/work/Solana-Memecoin-Analysis/Solana-Memecoin-Analysis/data/cache/2026-09-22/052744895317_ohlcv_8b39bce88f13.json
2026-09-21T00:35:00+00:00,58oQChx4yWmvKdwLLZzBi4ChoCc2fqCUWBkwMihLYQo2,solana,Raydium,,,,,2022-04-28T09:46:08Z,112.56060728437993,,,,,,,,,,,,,,,,,,,ohlcv_backfill,minute,112.38757647286425,113.193403298351,112.122258973124,112.56060728437993,184011.07895803472,/home/runner/work/Solana-Memecoin-Analysis/Solana-Memecoin-Analysis/data/cache/2026-09-22/052744895317_ohlcv_8b39bce88f13.json
2026-09-21T00:30:00+00:00,58oQChx4yWmvKdwLLZzBi4ChoCc2fqCUWBkwMihLYQo2,solana,Raydium,,,,,2022-04-28T09:46:08Z,112.38757647286425,,,,,,,,,,,,,,,,,,,ohlcv_backfill,minute,112.13103030303,112.778166670078,112.104528676356,112.38757647286425,179499.07310800086,/home/runner/work/Solana-Memecoin-Analysis/Solana-Memecoin-Analysis/data/cache/2026-09-22/052744895317_ohlcv_8b39bce88f13.json
2026-09-21T00:25:00+00:00,58oQChx4yWmvKdwLLZzBi4ChoCc2fqCUWBkwMihLYQo2,solana,Raydium,,,,,2022-04-28T09:46:08Z,112.13103030303,,,,,,,,,,,,,,,,,,,ohlcv_backfill,minute,112.52811454100129,112.983151635282,112.110001250249,112.13103030303,211447.0954697105,/home/runner/work/Solana-Memecoin-Analysis/Solana-Memecoin-Analysis/data/cache/2026-09-22/052744895317_ohlcv_8b39bce88f13.json
2026-09-21T00:20:00+00:00,58oQChx4yWmvKdwLLZzBi4ChoCc2fqCUWBkwMihLYQo2,solana,Raydium,,,,,2022-04-28T09:46:08Z,112.52811454100129,,,,,,,,,,,,,,,,,,,ohlcv_backfill,minute,112.094462971128,113.149847094801,112.066237371148,112.52811454100129,146774.14232348104,/home/runner/work/Solana-Memecoin-Analysis/Solana-Memecoin-Analysis/data/cache/2026-09-22/052744895317_ohlcv_8b39bce88f13.json
2026-09-21T00:15:00+00:00,58oQChx4yWmvKdwLLZzBi4ChoCc2fqCUWBkwMihLYQo2,solana,Raydium,,,,,2022-04-28T09:46:08Z,112.094462971128,,,,,,,,,,,,,,,,,,,ohlcv_backfill,minute,112.06662440525565,112.696446392812,111.80675959596,112.094462971128,196631.603973815,/home/runner/work/Solana-Memecoin-Analysis/Solana-Memecoin-Analysis/data/cache/2026-09-22/052744895317_ohlcv_8b39bce88f13.json
2026-09-21T00:10:00+00:00,58oQChx4yWmvKdwLLZzBi4ChoCc2fqCUWBkwMihLYQo2,solana,Raydium,,,,,2022-04-28T09:46:08Z,112.06662440525565,,,,,,,,,,,,,,,,,,,ohlcv_backfill,minute,111.8278717709176,112.222093088438,111.636363636364,112.06662440525565,244385.36824709538,/home/runner/work/Solana-Memecoin-Analysis/Solana-Memecoin-Analysis/data/cache/2026-09-22/052744895317_ohlcv_8b39bce88f13.json
2026-09-21T00:05:00+00:00,58oQChx4yWmvKdwLLZzBi4ChoCc2fqCUWBkwMihLYQo2,solana,Raydium,,,,,2022-04-28T09:46:08Z,111.8278717709176,,,,,,,,,,,,,,,,,,,ohlcv_backfill,minute,111.785787609972,111.986009628286,111.210087928452,111.8278717709176,229422.2433473313,/home/runner/work/Solana-Memecoin-Analysis/Solana-Memecoin-Analysis/data/cache/2026-09-22/052744895317_ohlcv_8b39bce88f13.json
2026-09-21T00:00:00+00:00,58oQChx4yWmvKdwLLZzBi4ChoCc2fqCUWBkwMihLYQo2,solana,Raydium,,,,,2022-04-28T09:46:08Z,111.785787609972,,,,,,,,,,,,,,,,,,,ohlcv_backfill,minute,111.33169565501423,111.796374139915,111.149946518317,111.785787609972,132020.1792187764,/home/runner/work/Solana-Memecoin-Analysis/Solana-Memecoin-Analysis/data/cache/2026-09-22/052744895317_ohlcv_8b39bce88f13.json
2026-09-20T23:55:00+00:00,58oQChx4yWmvKdwLLZzBi4ChoCc2fqCUWBkwMihLYQo2,solana,Raydium,,,,,2022-04-28T09:46:08Z,111.33169565501423,,,,,,,,,,,,,,,,,,,ohlcv_backfill,minute,111.30218060985298,112.081513828239,111.017351919192,111.33169565501423,154058.08278627275,/home/runner/work/Solana-Memecoin-Analysis/Solana-Memecoin-Analysis/data/cache/2026-09-22/052744895317_ohlcv_8b39bce88f13.json
2026-09-20T23:50:00+00:00,58oQChx4yWmvKdwLLZzBi4ChoCc2fqCUWBkwMihLYQo2,solana,Raydium,,,,,2022-04-28T09:46:08Z,111.30218060985298,,,,,,,,,,,,,,,,,,,ohlcv_backfill,minute,111.05754828425684,111.595639246779,110.815574312958,111.30218060985298,193343.17199732983,/home/runner/work/Solana-Memecoin-Analysis/Solana-Memecoin-Analysis/data/cache/2026-09-22/052744895317_ohlcv_8b39bce88f13.json
2026-09-20T23:45:00+00:00,58oQChx4yWmvKdwLLZzBi4ChoCc2fqCUWBkwMihLYQo2,solana,Raydium,,,,,2022-04-28T09:46:08Z,111.05754828425684,,,,,,,,,,,,,,,,,,,ohlcv_backfill,minute,111.429775506888,111.47074753244,110.877343434343,111.05754828425684,243661.30116044966,/home/runner/work/Solana-Memecoin-Analysis/Solana-Memecoin-Analysis/data/cache/2026-09-22/052744895317_ohlcv_8b39bce88f13.json
2026-09-20T23:40:00+00:00,58oQChx4yWmvKdwLLZzBi4ChoCc2fqCUWBkwMihLYQo2,solana,Raydium,,,,,2022-04-28T09:46:08Z,111.429775506888,,,,,,,,,,,,,,,,,,,ohlcv_backfill,minute,110.77387023628046,111.856823266219,110.511519191919,111.429775506888,256234.02940905484,/home/runner/work/Solana-Memecoin-Analysis/Solana-Memecoin-Analysis/data/cache/2026-09-22/052744895317_ohlcv_8b39bce88f13.json
2026-09-20T23:35:00+00:00,58oQChx4yWmvKdwLLZzBi4ChoCc2fqCUWBkwMihLYQo2,solana,Raydium,,,,,2022-04-28T09:46:08Z,110.77387023628046,,,,,,,,,,,,,,,,,,,ohlcv_backfill,minute,110.84221490689079,111.161595882261,110.11011011011,110.77387023628046,273813.62673856923,/home/runner/work/Solana-Memecoin-Analysis/Solana-Memecoin-Analysis/data/cache/2026-09-22/052744895317_ohlcv_8b39bce88f13.json
2026-09-20T23:30:00+00:00,58oQChx4yWmvKdwLLZzBi4ChoCc2fqCUWBkwMihLYQo2,solana,Raydium,,,,,2022-04-28T09:46:08Z,110.84221490689079,,,,,,,,,,,,,,,,,,,ohlcv_backfill,minute,110.89981945970322,111.171937115908,110.600295442285,110.84221490689079,160793.72228399492,/home/runner/work/Solana-Memecoin-Analysis/Solana-Memecoin-Analysis/data/cache/2026-09-22/052744895317_ohlcv_8b39bce88f13.json
2026-09-20T23:25:00+00:00,58oQChx4yWmvKdwLLZzBi4ChoCc2fqCUWBkwMihLYQo2,solana,Raydium,,,,,2022-04-28T09:46:08Z,110.89981945970322,,,,,,,,,,,,,,,,,,,ohlcv_backfill,minute,111.02806139970926,111.287940904485,110.5102280743,110.89981945970322,225347.69322972436,/home/runner/work/Solana-Memecoin-Analysis/Solana-Memecoin-Analysis/data/cache/2026-09-22/052744895317_ohlcv_8b39bce88f13.json
2026-09-20T23:20:00+00:00,58oQChx4yWmvKdwLLZzBi4ChoCc2fqCUWBkwMihLYQo2,solana,Raydium,,,,,2022-04-28T09:46:08Z,111.02806139970926,,,,,,,,,,,,,,,,,,,ohlcv_backfill,minute,110.73518850388933,111.03680568680508,110.68277419899371,111.02806139970926,219765.71100162453,/home/runner/work/Solana-Memecoin-Analysis/Solana-Memecoin-Analysis/data/cache/2026-09-22/052744895317_ohlcv_8b39bce88f13.json
2026-09-20T23:15:00+00:00,58oQChx4yWmvKdwLLZzBi4ChoCc2fqCUWBkwMihLYQo2,solana,Raydium,,,,,2022-04-28T09:46:08Z,110.73518850388933,,,,,,,,,,,,,,,,,,,ohlcv_backfill,minute,110.90731927367686,110.91002662401308,110.70232692323167,110.73518850388933,186373.38743239178,/home/runner/work/Solana-Memecoin-Analysis/Solana-Memecoin-Analysis/data/cache/2026-09-22/052744895317_ohlcv_8b39bce88f13.json
2026-09-20T23:10:00+00:00,58oQChx4yWmvKdwLLZzBi4ChoCc2fqCUWBkwMihLYQo2,solana,Raydium,,,,,2022-04-28T09:46:08Z,110.90731927367686,,,,,,,,,,,,,,,,,,,ohlcv_backfill,minute,110.6618307784988,111.099905327771,110.373050505051,110.90731927367686,189700.5631674222,/home/runner/work/Solana-Memecoin-Analysis/Solana-Memecoin-Analysis/data/cache/2026-09-22/052744895317_ohlcv_8b39bce88f13.json
2026-09-20T23:05:00+00:00,58oQChx4yWmvKdwLLZzBi4ChoCc2fqCUWBkwMihLYQo2,solana,Raydium,,,,,2022-04-28T09:46:08Z,110.6618307784988,,,,,,,,,,,,,,,,,,,ohlcv_backfill,minute,110.91848685625298,111.174064787493,110.468626263534,110.6618307784988,291500.92585170496,/home/runner/work/Solana-Memecoin-Analysis/Solana-Memecoin-Analysis/data/cache/2026-09-22/052744895317_ohlcv_8b39bce88f13.json
2026-09-20T23:00:00+00:00,58oQChx4yWmvKdwLLZzBi4ChoCc2fqCUWBkwMihLYQo2,solana,Raydium,,,,,2022-04-28T09:46:08Z,110.91848685625298,,,,,,,,,,,,,,,,,,,ohlcv_backfill,minute,110.89220186960888,111.278066620138,110.642929292929,110.91848685625298,251864.06264818538,/home/runner/work/Solana-Memecoin-Analysis/Solana-Memecoin-Analysis/data/cache/2026-09-22/052744895317_ohlcv_8b39bce88f13.json
2026-09-20T22:55:00+00:00,58oQChx4yWmvKdwLLZzBi4ChoCc2fqCUWBkwMihLYQo2,solana,Raydium,,,,,2022-04-28T09:46:08Z,110.89220186960888,,,,,,,,,,,,,,,,,,,ohlcv_backfill,minute,110.75010823608594,111.083289230979,110.375675555556,110.89220186960888,181600.9242841439,/home/runner/work/Solana-Memecoin-Analysis/Solana-Memecoin-Analysis/data/cache/2026-09-22/052744895317_ohlcv_8b39bce88f13.json
2026-09-20T22:50:00+00:00,58oQChx4yWmvKdwLLZzBi4ChoCc2fqCUWBkwMihLYQo2,solana,Raydium,,,,,2022-04-28T09:46:08Z,110.75010823608594,,,,,,,,,,,,,,,,,,,ohlcv_backfill,minute,110.5968165586711,111.076051132589,110.319292822645,110.75010823608594,296738.08640172763,/home/runner/work/Solana-Memecoin-Analysis/Solana-Memecoin-Analysis/data/cache/2026-09-22/052744895317_ohlcv_8b39bce88f13.json
2026-09-20T22:45:00+00:00,58oQChx4yWmvKdwLLZzBi4ChoCc2fqCUWBkwMihLYQo2,solana,Raydium,,,,,2022-04-28T09:46:08Z,110.5968165586711,,,,,,,,,,,,,,,,,,,ohlcv_backfill,minute,110.51515686257112,110.61594799991012,110.41644920267169,110.5968165586711,262565.81214723125,/home/runner/work/Solana-Memecoin-Analysis/Solana-Memecoin-Analysis/data/cache/2026-09-22/052744895317_ohlcv_8b39bce88f13.json
2026-09-20T22:40:00+00:00,58oQChx4yWmvKdwLLZzBi4ChoCc2fqCUWBkwMihLYQo2,solana,Raydium,,,,,2022-04-28T09:46:08Z,110.51515686257112,,,,,,,,,,,,,,,,,,,ohlcv_backfill,minute,110.41167704336895,111.247243322715,110.259618392243,110.51515686257112,265509.9846331216,/home/runner/work/Solana-Memecoin-Analysis/Solana-Memecoin-Analysis/data/cache/2026-09-22/052744895317_ohlcv_8b39bce88f13.json
2026-09-20T22:35:00+00:00,58oQChx4yWmvKdwLLZzBi4ChoCc2fqCUWBkwMihLYQo2,solana,Raydium,,,,,2022-04-28T09:46:08Z,110.41167704336895,,,,,,,,,,,,,,,,,,,ohlcv_backfill,minute,110.38170882750018,110.820700470465,109.973581283743,110.41167704336895,345008.4771550178,/home/runner/work/Solana-Memecoin-Analysis/Solana-Memecoin-Analysis/data/cache/2026-09-22/052744895317_ohlcv_8b39bce88f13.json
2026-09-20T22:30:00+00:00,58oQChx4yWmvKdwLLZzBi4ChoCc2fqCUWBkwMihLYQo2,solana,Raydium,,,,,2022-04-28T09:46:08Z,110.38170882750018,,,,,,,,,,,,,,,,,,,ohlcv_backfill,minute,110.28340455464144,110.629135190779,109.968295471974,110.38170882750018,348056.28403459565,/home/runner/work/Solana-Memecoin-Analysis/Solana-Memecoin-Analysis/data/cache/2026-09-22/052744895317_ohlcv_8b39bce88f13.json
2026-09-20T22:25:00+00:00,58oQChx4yWmvKdwLLZzBi4ChoCc2fqCUWBkwMihLYQo2,solana,Raydium,,,,,2022-04-28T09:46:08Z,110.28340455464144,,,,,,,,,,,,,,,,,,,ohlcv_backfill,minute,110.794272806609,110.805094258948,110.071546505228,110.28340455464144,253936.41375913803,/home/runner/work/Solana-Memecoin-Analysis/Solana-Memecoin-Analysis/data/cache/2026-09-22/052744895317_ohlcv_8b39bce88f13.json
2026-09-20T22:20:00+00:00,58oQChx4yWmvKdwLLZzBi4ChoCc2fqCUWBkwMihLYQo2,solana,Raydium,,,,,2022-04-28T09:46:08Z,110.794272806609,,,,,,,,,,,,,,,,,,,ohlcv_backfill,minute,110.56717425900356,111.358574610245,110.162497306336,110.794272806609,348031.48289585026,/home/runner/work/Solana-Memecoin-Analysis/Solana-Memecoin-Analysis/data/cache/2026-09-22/052744895317_ohlcv_8b39bce88f13.json
2026-09-20T22:15:00+00:00,58oQChx4yWmvKdwLLZzBi4ChoCc2fqCUWBkwMihLYQo2,solana,Raydium,,,,,2022-04-28T09:46:08Z,110.56717425900356,,,,,,,,,,,,,,,,,,,ohlcv_backfill,minute,110.40924521260767,111.275964391691,110.113805072476,110.56717425900356,235489.60714812597,/home/runner/work/Solana-Memecoin-Analysis/Solana-Memecoin-Analysis/data/cache/2026-09-22/052744895317_ohlcv_8b39bce88f13.json
2026-09-20T22:10:00+00:00,58oQChx4yWmvKdwLLZzBi4ChoCc2fqCUWBkwMihLYQo2,solana,Raydium,,,,,2022-04-28T09:46:08Z,110.40924521260767,,,,,,,,,,,,,,,,,,,ohlcv_backfill,minute,109.992920451858,110.573421384891,109.87505038291,110.40924521260767,346002.6907972547,/home/runner/work/Solana-Memecoin-Analysis/Solana-Memecoin-Analysis/data/cache/2026-09-22/052744895317_ohlcv_8b39bce88f13.json
2026-09-20T22:05:00+00:00,58oQChx4yWmvKdwLLZzBi4ChoCc2fqCUWBkwMihLYQo2,solana,Raydium,,,,,2022-04-28T09:46:08Z,109.992920451858,,,,,,,,,,,,,,,,,,,ohlcv_backfill,minute,109.71995206015939,110.562612415811,109.464709090909,109.992920451858,522457.8496121235,/home/runner/work/Solana-Memecoin-Analysis/Solana-Memecoin-Analysis/data/cache/2026-09-22/052744895317_ohlcv_8b39bce88f13.json
2026-09-20T22:00:00+00:00,58oQChx4yWmvKdwLLZzBi4ChoCc2fqCUWBkwMihLYQo2,solana,Raydium,,,,,2022-04-28T09:46:08Z,109.71995206015939,,,,,,,,,,,,,,,,,,,ohlcv_backfill,minute,109.78613852177224,110.733695652174,109.375,109.71995206015939,338251.40855936747,/home/runner/work/Solana-Memecoin-Analysis/Solana-Memecoin-Analysis/data/cache/2026-09-22/052744895317_ohlcv_8b39bce88f13.json
2026-09-20T21:55:00+00:00,58oQChx4yWmvKdwLLZzBi4ChoCc2fqCUWBkwMihLYQo2,solana,Raydium,,,,,2022-04-28T09:46:08Z,109.78613852177224,,,,,,,,,,,,,,,,,,,ohlcv_backfill,minute,109.68433452710029,110.067059352374,109.409422222222,109.78613852177224,269009.229792002,/home/runner/work/Solana-Memecoin-Analysis/Solana-Memecoin-Analysis/data/cache/2026-09-22/052744895317_ohlcv_8b39bce88f13.json
2026-09-20T21:50:00+00:00,58oQChx4yWmvKdwLLZzBi4ChoCc2fqCUWBkwMihLYQo2,solana,Raydium,,,,,2022-04-28T09:46:08Z,109.68433452710029,,,,,,,,,,,,,,,,,,,ohlcv_backfill,minute,109.9684510047568,110.27344748275,109.070034443169,109.68433452710029,318351.1807963342,/home/runner/work/Solana-Memecoin-Analysis/Solana-Memecoin-Analysis/data/cache/2026-09-22/052744895317_ohlcv_8b39bce88f13.json
2026-09-20T21:45:00+00:00,58oQChx4yWmvKdwLLZzBi4ChoCc2fqCUWBkwMihLYQo2,solana,Raydium,,,,,2022-04-28T09:46:08Z,109.9684510047568,,,,,,,,,,,,,,,,,,,ohlcv_backfill,minute,109.82064560117612,110.343479247665,109.36,109.9684510047568,325596.34428609745,/home/runner/work/Solana-Memecoin-Analysis/Solana-Memecoin-Analysis/data/cache/2026-09-22/052744895317_ohlcv_8b39bce88f13.json
2026-09-20T21:40:00+00:00,58oQChx4yWmvKdwLLZzBi4ChoCc2fqCUWBkwMihLYQo2,solana,Raydium,,,,,2022-04-28T09:46:08Z,109.82064560117612,,,,,,,,,,,,,,,,,,,ohlcv_backfill,minute,109.80242039137805,110.244013475002,109.052031361369,109.82064560117612,432439.9841795231,/home/runner/work/Solana-Memecoin-Analysis/Solana-Memecoin-Analysis/data/cache/2026-09-22/052744895317_ohlcv_8b39bce88f13.json
2026-09-20T21:35:00+00:00,58oQChx4yWmvKdwLLZzBi4ChoCc2fqCUWBkwMihLYQo2,solana,Raydium,,,,,2022-04-28T09:46:08Z,109.80242039137805,,,,,,,,,,,,,,,,,,,ohlcv_backfill,minute,110.17595838545158,110.215596182265,109.481662431625,109.80242039137805,780782.6679777682,/home/runner/work/Solana-Memecoin-Analysis/Solana-Memecoin-Analysis/data/cache/2026-09-22/052744895317_ohlcv_8b39bce88f13.json
2026-09-20T21:30:00+00:00,58oQChx4yWmvKdwLLZzBi4ChoCc2fqCUWBkwMihLYQo2,solana,Raydium,,,,,2022-04-28T09:46:08Z,110.17595838545158,,,,,,,,,,,,,,,,,,,ohlcv_backfill,minute,110.255284557254,110.48134495996,109.673912299929,110.17595838545158,190038.9562543506,/home/runner/work/Solana-Memecoin-Analysis/Solana-Memecoin-Analysis/data/cache/2026-09-22/052744895317_ohlcv_8b39bce88f13.json
2026-09-20T21:25:00+00:00,58oQChx4yWmvKdwLLZzBi4ChoCc2fqCUWBkwMihLYQo2,solana,Raydium,,,,,2022-04-28T09:46:08Z,110.255284557254,,,,,,,,,,,,,,,,,,,ohlcv_backfill,minute,109.66947524224447,110.283529741079,109.412747474747,110.255284557254,278548.37268105644,/home/runner/work/Solana-Memecoin-Analysis/Solana-Memecoin-Analysis/data/cache/2026-09-22/052744895317_ohlcv_8b39bce88f13.json
2026-09-20T21:20:00+00:00,58oQChx4yWmvKdwLLZzBi4ChoCc2fqCUWBkwMihLYQo2,solana,Raydium,,,,,2022-04-28T09:46:08Z,109.66947524224447,,,,,,,,,,,,,,,,,,,ohlcv_backfill,minute,109.88680828845092,110.88504577823,109.109109109109,109.66947524224447,257831.01509669644,/home/runner/work/Solana-Memecoin-Analysis/Solana-Memecoin-Analysis/data/cache/2026-09-22/052744895317_ohlcv_8b39bce88f13.json
2026-09-20T21:15:00+00:00,58oQChx4yWmvKdwLLZzBi4ChoCc2fqCUWBkwMihLYQo2,solana,Raydium,,,,,2022-04-28T09:46:08Z,109.88680828845092,,,,,,,,,,,,,,,,,,,ohlcv_backfill,minute,109.4127250308698,109.92026381531872,109.15116970257,109.88680828845092,410035.4089989599,/home/runner/work/Solana-Memecoin-Analysis/Solana-Memecoin-Analysis/data/cache/2026-09-22/052744895317_ohlcv_8b39bce88f13.json
2026-09-20T21:10:00+00:00,58oQChx4yWmvKdwLLZzBi4ChoCc2fqCUWBkwMihLYQo2,solana,Raydium,,,,,2022-04-28T09:46:08Z,109.4127250308698,,,,,,,,,,,,,,,,,,,ohlcv_backfill,minute,109.72340290181307,109.75616069992073,109.05373015873,109.4127250308698,310015.09837573604,/home/runner/work/Solana-Memecoin-Analysis/Solana-Memecoin-Analysis/data/cache/2026-09-22/052744895317_ohlcv_8b39bce88f13.json
2026-09-20T21:05:00+00:00,58oQChx4yWmvKdwLLZzBi4ChoCc2fqCUWBkwMihLYQo2,solana,Raydium,,,,,2022-04-28T09:46:08Z,109.72340290181307,,,,,,,,,,,,,,,,,,,ohlcv_backfill,minute,109.899765113889,109.987682501434,109.3462,109.72340290181307,359988.4527589021,/home/runner/work/Solana-Memecoin-Analysis/Solana-Memecoin-Analysis/data/cache/2026-09-22/052744895317_ohlcv_8b39bce88f13.json
2026-09-20T21:00:00+00:00,58oQChx4yWmvKdwLLZzBi4ChoCc2fqCUWBkwMihLYQo2,solana,Raydium,,,,,2022-04-28T09:46:08Z,109.899765113889,,,,,,,,,,,,,,,,,,,ohlcv_backfill,minute,110.36289019377202,111.028867505551,109.23599503255,109.899765113889,317305.3060873781,/home/runner/work/Solana-Memecoin-Analysis/Solana-Memecoin-Analysis/data/cache/2026-09-22/052744895317_ohlcv_8b39bce88f13.json
2026-09-20T20:55:00+00:00,58oQChx4yWmvKdwLLZzBi4ChoCc2fqCUWBkwMihLYQo2,solana,Raydium,,,,,2022-04-28T09:46:08Z,110.36289019377202,,,,,,,,,,,,,,,,,,,ohlcv_backfill,minute,110.110870833333,110.708987700062,110.055526666667,110.36289019377202,245208.41723770698,/home/runner/work/Solana-Memecoin-Analysis/Solana-Memecoin-Analysis/data/cache/2026-09-22/052744895317_ohlcv_8b39bce88f13.json
2026-09-20T20:50:00+00:00,58oQChx4yWmvKdwLLZzBi4ChoCc2fqCUWBkwMihLYQo2,solana,Raydium,,,,,2022-04-28T09:46:08Z,110.110870833333,,,,,,,,,,,,,,,,,,,ohlcv_backfill,minute,110.55975365335992,110.691707610422,110.032992551078,110.110870833333,285767.2349100737,/home/runner/work/Solana-Memecoin-Analysis/Solana-Memecoin-Analysis/data/cache/2026-09-22/052744895317_ohlcv_8b39bce88f13.json
2026-09-20T20:45:00+00:00,58oQChx4yWmvKdwLLZzBi4ChoCc2fqCUWBkwMihLYQo2,solana,Raydium,,,,,2022-04-28T09:46:08Z,110.55975365335992,,,,,,,,,,,,,,,,,,,ohlcv_backfill,minute,110.54695674876,110.939088344396,110.234353535354,110.55975365335992,454743.337662968,/home/runner/work/Solana-Memecoin-Analysis/Solana-Memecoin-Analysis/data/cache/2026-09-22/052744895317_ohlcv_8b39bce88f13.json
2026-09-20T20:40:00+00:00,58oQChx4yWmvKdwLLZzBi4ChoCc2fqCUWBkwMihLYQo2,solana,Raydium,,,,,2022-04-28T09:46:08Z,110.54695674876,,,,,,,,,,,,,,,,,,,ohlcv_backfill,minute,110.3586376138081,110.61726874231069,110.3586376138081,110.54695674876,425417.20762488805,/home/runner/work/Solana-Memecoin-Analysis/Solana-Memecoin-Analysis/data/cache/2026-09-22/052744895317_ohlcv_8b39bce88f13.json
2026-09-20T20:35:00+00:00,58oQChx4yWmvKdwLLZzBi4ChoCc2fqCUWBkwMihLYQo2,solana,Raydium,,,,,2022-04-28T09:46:08Z,110.3586376138081,,,,,,,,,,,,,,,,,,,ohlcv_backfill,minute,110.46354961693099,110.735866545059,110.000044444444,110.3586376138081,332078.3124391501,/home/runner/work/Solana-Memecoin-Analysis/Solana-Memecoin-Analysis/data/cache/2026-09-22/052744895317_ohlcv_8b39bce88f13.json
2026-09-20T20:30:00+00:00,58oQChx4yWmvKdwLLZzBi4ChoCc2fqCUWBkwMihLYQo2,solana,Raydium,,,,,2022-04-28T09:46:08Z,110.46354961693099,,,,,,,,,,,,,,,,,,,ohlcv_backfill,minute,110.33991927859124,110.605020062804,109.880585858586,110.46354961693099,468479.94070989505,/home/runner/work/Solana-Memecoin-Analysis/Solana-Memecoin-Analysis/data/cache/2026-09-22/052744895317_ohlcv_8b39bce88f13.json
2026-09-20T20:25:00+00:00,58oQChx4yWmvKdwLLZzBi4ChoCc2fqCUWBkwMihLYQo2,solana,Raydium,,,,,2022-04-28T09:46:08Z,110.33991927859124,,,,,,,,,,,,,,,,,,,ohlcv_backfill,minute,110.44449714106297,111.418047882136,110.151345742964,110.33991927859124,287015.00430083164,/home/runner/work/Solana-Memecoin-Analysis/Solana-Memecoin-Analysis/data/cache/2026-09-22/052744895317_ohlcv_8b39bce88f13.json
2026-09-20T20:20:00+00:00,58oQChx4yWmvKdwLLZzBi4ChoCc2fqCUWBkwMihLYQo2,solana,Raydium,,,,,2022-04-28T09:46:08Z,110.44449714106297,,,,,,,,,,,,,,,,,,,ohlcv_backfill,minute,110.738356966122,110.799171357339,110.163098832893,110.44449714106297,239082.6696033912,/home/runner/work/Solana-Memecoin-Analysis/Solana-Memecoin-Analysis/data/cache/2026-09-22/052744895317_ohlcv_8b39bce88f13.json
2026-09-20T20:15:00+00:00,58oQChx4yWmvKdwLLZzBi4ChoCc2fqCUWBkwMihLYQo2,solana,Raydium,,,,,2022-04-28T09:46:08Z,110.738356966122,,,,,,,,,,,,,,,,,,,ohlcv_backfill,minute,110.51955785244341,111.111111111111,109.540636042403,110.738356966122,252588.33624364485,/home/runner/work/Solana-Memecoin-Analysis/Solana-Memecoin-Analysis/data/cache/2026-09-22/052744895317_ohlcv_8b39bce88f13.json
2026-09-20T20:10:00+00:00,58oQChx4yWmvKdwLLZzBi4ChoCc2fqCUWBkwMihLYQo2,solana,Raydium,,,,,2022-04-28T09:46:08Z,110.51955785244341,,,,,,,,,,,,,,,,,,,ohlcv_backfill,minute,110.27914120078214,110.737799224884,109.996385307658,110.51955785244341,285176.9959544189,/home/runner/work/Solana-Memecoin-Analysis/Solana-Memecoin-Analysis/data/cache/2026-09-22/052744895317_ohlcv_8b39bce88f13.json
2026-09-20T20:05:00+00:00,58oQChx4yWmvKdwLLZzBi4ChoCc2fqCUWBkwMihLYQo2,solana,Raydium,,,,,2022-04-28T09:46:08Z,110.27914120078214,,,,,,,,,,,,,,,,,,,ohlcv_backfill,minute,110.38368819875963,110.38368819875963,110.23782390739504,110.27914120078214,291705.9266492768,/home/runner/work/Solana-Memecoin-Analysis/Solana-Memecoin-Analysis/data/cache/2026-09-22/052744895317_ohlcv_8b39bce88f13.json
2026-09-20T20:00:00+00:00,58oQChx4yWmvKdwLLZzBi4ChoCc2fqCUWBkwMihLYQo2,solana,Raydium,,,,,2022-04-28T09:46:08Z,110.38368819875963,,,,,,,,,,,,,,,,,,,ohlcv_backfill,minute,110.404323232323,111.164122137405,110.277305505071,110.38368819875963,204097.362460188,/home/runner/work/Solana-Memecoin-Analysis/Solana-Memecoin-Analysis/data/cache/2026-09-22/052744895317_ohlcv_8b39bce88f13.json
2026-09-20T19:55:00+00:00,58oQChx4yWmvKdwLLZzBi4ChoCc2fqCUWBkwMihLYQo2,solana,Raydium,,,,,2022-04-28T09:46:08Z,110.404323232323,,,,,,,,,,,,,,,,,,,ohlcv_backfill,minute,110.71462511902615,111.003331965502,110.382395382395,110.404323232323,437531.3055353501,/home/runner/work/Solana-Memecoin-Analysis/Solana-Memecoin-Analysis/data/cache/2026-09-22/052744895317_ohlcv_8b39bce88f13.json
2026-09-20T19:50:00+00:00,58oQChx4yWmvKdwLLZzBi4ChoCc2fqCUWBkwMihLYQo2,solana,Raydium,,,,,2022-04-28T09:46:08Z,110.71462511902615,,,,,,,,,,,,,,,,,,,ohlcv_backfill,minute,110.76446979048727,111.524163568773,110.407107255465,110.71462511902615,162107.94557995154,/home/runner/work/Solana-Memecoin-Analysis/Solana-Memecoin-Analysis/data/cache/2026-09-22/052744895317_ohlcv_8b39bce88f13.json
2026-09-20T19:45:00+00:00,58oQChx4yWmvKdwLLZzBi4ChoCc2fqCUWBkwMihLYQo2,solana,Raydium,,,,,2022-04-28T09:46:08Z,110.76446979048727,,,,,,,,,,,,,,,,,,,ohlcv_backfill,minute,110.58001630839303,111.10456322034,110.482039880224,110.76446979048727,384321.22916309367,/home/runner/work/Solana-Memecoin-Analysis/Solana-Memecoin-Analysis/data/cache/2026-09-22/052744895317_ohlcv_8b39bce88f13.json
2026-09-20T19:40:00+00:00,58oQChx4yWmvKdwLLZzBi4ChoCc2fqCUWBkwMihLYQo2,solana,Raydium,,,,,2022-04-28T09:46:08Z,110.58001630839303,,,,,,,,,,,,,,,,,,,ohlcv_backfill,minute,110.59911929244176,110.973461642503,110.17758989899,110.58001630839303,567525.2406407514,/home/runner/work/Solana-Memecoin-Analysis/Solana-Memecoin-Analysis/data/cache/2026-09-22/052744895317_ohlcv_8b39bce88f13.json
2026-09-20T19:35:00+00:00,58oQChx4yWmvKdwLLZzBi4ChoCc2fqCUWBkwMihLYQo2,solana,Raydium,,,,,2022-04-28T09:46:08Z,110.59911929244176,,,,,,,,,,,,,,,,,,,ohlcv_backfill,minute,110.029432800456,110.917224306134,110.011424562443,110.59911929244176,438741.33534819074,/home/runner/work/Solana-Memecoin-Analysis/Solana-Memecoin-Analysis/data/cache/2026-09-22/052744895317_ohlcv_8b39bce88f13.json
2026-09-20T19:30:00+00:00,58oQChx4yWmvKdwLLZzBi4ChoCc2fqCUWBkwMihLYQo2,solana,Raydium,,,,,2022-04-28T09:46:08Z,110.029432800456,,,,,,,,,,,,,,,,,,,ohlcv_backfill,minute,110.16842656636527,110.731860724799,109.871811447811,110.029432800456,425307.5071215083,/home/runner/work/Solana-Memecoin-Analysis/Solana-Memecoin-Analysis/data/cache/2026-09-22/052744895317_ohlcv_8b39bce88f13.json
2026-09-20T19:25:00+00:00,58oQChx4yWmvKdwLLZzBi4ChoCc2fqCUWBkwMihLYQo2,solana,Raydium,,,,,2022-04-28T09:46:08Z,110.16842656636527,,,,,,,,,,,,,,,,,,,ohlcv_backfill,minute,109.88106117207866,110.179867064268,109.623,110.16842656636527,334763.31623259373,/home/runner/work/Solana-Memecoin-Analysis/Solana-Memecoin-Analysis/data/cache/2026-09-22/052744895317_ohlcv_8b39bce88f13.json
2026-09-20T19:20:00+00:00,58oQChx4yWmvKdwLLZzBi4ChoCc2fqCUWBkwMihLYQo2,solana,Raydium,,,,,2022-04-28T09:46:08Z,109.88106117207866,,,,,,,,,,,,,,,,,,,ohlcv_backfill,minute,110.03459854642773,110.482712377618,109.46862,109.88106117207866,569059.6412012682,/home/runner/work/Solana-Memecoin-Analysis/Solana-Memecoin-Analysis/data/cache/2026-09-22/052744895317_ohlcv_8b39bce88f13.json
2026-09-20T19:15:00+00:00,58oQChx4yWmvKdwLLZzBi4ChoCc2fqCUWBkwMihLYQo2,solana,Raydium,,,,,2022-04-28T09:46:08Z,110.03459854642773,,,,,,,,,,,,,,,,,,,ohlcv_backfill,minute,109.846443333333,110.437044090711,109.324660606061,110.03459854642773,829439.0348114669,/home/runner/work/Solana-Memecoin-Analysis/Solana-Memecoin-Analysis/data/cache/2026-09-22/052744895317_ohlcv_8b39bce88f13.json
2026-09-20T19:10:00+00:00,58oQChx4yWmvKdwLLZzBi4ChoCc2fqCUWBkwMihLYQo2,solana,Raydium,,,,,2022-04-28T09:46:08Z,109.846443333333,,,,,,,,,,,,,,,,,,,ohlcv_backfill,minute,109.747332297172,110.924369747899,109.375,109.846443333333,546066.6881784823,/home/runner/work/Solana-Memecoin-Analysis/Solana-Memecoin-Analysis/data/cache/2026-09-22/052744895317_ohlcv_8b39bce88f13.json
2026-09-20T19:05:00+00:00,58oQChx4yWmvKdwLLZzBi4ChoCc2fqCUWBkwMihLYQo2,solana,Raydium,,,,,2022-04-28T09:46:08Z,109.747332297172,,,,,,,,,,,,,,,,,,,ohlcv_backfill,minute,109.84724451750962,110.023377980607,109.30985,109.747332297172,710004.7639194009,/home/runner/work/Solana-Memecoin-Analysis/Solana-Memecoin-Analysis/data/cache/2026-09-22/052744895317_ohlcv_8b39bce88f13.json
2026-09-20T19:00:00+00:00,58oQChx4yWmvKdwLLZzBi4ChoCc2fqCUWBkwMihLYQo2,solana,Raydium,,,,,2022-04-28T09:46:08Z,109.84724451750962,,,,,,,,,,,,,,,,,,,ohlcv_backfill,minute,109.280353398437,110.134928847651,108.928078987758,109.84724451750962,695445.2828225887,/home/runner/work/Solana-Memecoin-Analysis/Solana-Memecoin-Analysis/data/cache/2026-09-22/052744895317_ohlcv_8b39bce88f13.json
2026-09-20T18:55:00+00:00,58oQChx4yWmvKdwLLZzBi4ChoCc2fqCUWBkwMihLYQo2,solana,Raydium,,,,,2022-04-28T09:46:08Z,109.280353398437,,,,,,,,,,,,,,,,,,,ohlcv_backfill,minute,109.56660394193717,110.00248282856,109.213492424242,109.280353398437,876216.9791102272,/home/runner/work/Solana-Memecoin-Analysis/Solana-Memecoin-Analysis/data/cache/2026-09-22/052744895317_ohlcv_8b39bce88f13.json
2026-09-20T18:50:00+00:00,58oQChx4yWmvKdwLLZzBi4ChoCc2fqCUWBkwMihLYQo2,solana,Raydium,,,,,2022-04-28T09:46:08Z,109.56660394193717,,,,,,,,,,,,,,,,,,,ohlcv_backfill,minute,109.92763102691676,110.137913287183,109.455663299663,109.56660394193717,840744.9112579611,/home/runner/work/Solana-Memecoin-Analysis/Solana-Memecoin-Analysis/data/cache/2026-09-22/052744895317_ohlcv_8b39bce88f13.json
2026-09-20T18:45:00+00:00,58oQChx4yWmvKdwLLZzBi4ChoCc2fqCUWBkwMihLYQo2,solana,Raydium,,,,,2022-04-28T09:46:08Z,109.92763102691676,,,,,,,,,,,,,,,,,,,ohlcv_backfill,minute,109.94158718556137,110.212551777131,109.636363636364,109.92763102691676,757769.7915095789,/home/runner/work/Solana-Memecoin-Analysis/Solana-Memecoin-Analysis/data/cache/2026-09-22/052744895317_ohlcv_8b39bce88f13.json
2026-09-20T18:40:00+00:00,58oQChx4yWmvKdwLLZzBi4ChoCc2fqCUWBkwMihLYQo2,solana,Raydium,,,,,2022-04-28T09:46:08Z,109.94158718556137,,,,,,,,,,,,,,,,,,,ohlcv_backfill,minute,109.96898931511139,110.324794149778,109.646464646465,109.94158718556137,234439.97528426663,/home/runner/work/Solana-Memecoin-Analysis/Solana-Memecoin-Analysis/data/cache/2026-09-22/052744895317_ohlcv_8b39bce88f13.json
2026-09-20T18:35:00+00:00,58oQChx4yWmvKdwLLZzBi4ChoCc2fqCUWBkwMihLYQo2,solana,Raydium,,,,,2022-04-28T09:46:08Z,109.96898931511139,,,,,,,,,,,,,,,,,,,ohlcv_backfill,minute,110.19039052144032,110.461403334869,109.89196969697,109.96898931511139,306199.97399772983,/home/runner/work/Solana-Memecoin-Analysis/Solana-Memecoin-Analysis/data/cache/2026-09-22/052744895317_ohlcv_8b39bce88f13.json
2026-09-20T18:30:00+00:00,58oQChx4yWmvKdwLLZzBi4ChoCc2fqCUWBkwMihLYQo2,solana,Raydium,,,,,2022-04-28T09:46:08Z,110.19039052144032,,,,,,,,,,,,,,,,,,,ohlcv_backfill,minute,110.1451643963117,110.584840600829,109.949437729511,110.19039052144032,398873.7094243159,/home/runner/work/Solana-Memecoin-Analysis/Solana-Memecoin-Analysis/data/cache/2026-09-22/052744895317_ohlcv_8b39bce88f13.json
2026-09-20T18:25:00+00:00,58oQChx4yWmvKdwLLZzBi4ChoCc2fqCUWBkwMihLYQo2,solana,Raydium,,,,,2022-04-28T09:46:08Z,110.1451643963117,,,,,,,,,,,,,,,,,,,ohlcv_backfill,minute,109.86887863520306,110.546610062263,109.794666161616,110.1451643963117,601573.0256401224,/home/runner/work/Solana-Memecoin-Analysis/Solana-Memecoin-Analysis/data/cache/2026-09-22/052744895317_ohlcv_8b39bce88f13.json
2026-09-20T18:20:00+00:00,58oQChx4yWmvKdwLLZzBi4ChoCc2fqCUWBkwMihLYQo2,solana,Raydium,,,,,2022-04-28T09:46:08Z,109.86887863520306,,,,,,,,,,,,,,,,,,,ohlcv_backfill,minute,109.88752474737201,111.111111111111,109.58438196371,109.86887863520306,229307.73935885009,/home/runner/work/Solana-Memecoin-Analysis/Solana-Memecoin-Analysis/data/cache/2026-09-22/052744895317_ohlcv_8b39bce88f13.json
2026-09-20T18:15:00+00:00,58oQChx4yWmvKdwLLZzBi4ChoCc2fqCUWBkwMihLYQo2,solana,Raydium,,,,,2022-04-28T09:46:08Z,109.88752474737201,,,,,,,,,,,,,,,,,,,ohlcv_backfill,minute,109.8421795938373,109.9381891884899,109.588380484364,109.88752474737201,153062.24015975825,/home/runner/work/Solana-Memecoin-Analysis/Solana-Memecoin-Analysis/data/cache/2026-09-22/052744895317_ohlcv_8b39bce88f13.json
2026-09-20T18:10:00+00:00,58oQChx4yWmvKdwLLZzBi4ChoCc2fqCUWBkwMihLYQo2,solana,Raydium,,,,,2022-04-28T09:46:08Z,109.8421795938373,,,,,,,,,,,,,,,,,,,ohlcv_backfill,minute,109.65809725712315,110.159773995679,109.393252125335,109.8421795938373,157672.48618374165,/home/runner/work/Solana-Memecoin-Analysis/Solana-Memecoin-Analysis/data/cache/2026-09-22/052744895317_ohlcv_8b39bce88f13.json
2026-09-20T18:05:00+00:00,58oQChx4yWmvKdwLLZzBi4ChoCc2fqCUWBkwMihLYQo2,solana,Raydium,,,,,2022-04-28T09:46:08Z,109.65809725712315,,,,,,,,,,,,,,,,,,,ohlcv_backfill,minute,109.69537831388254,109.968274682098,109.403110728229,109.65809725712315,185043.88255464894,/home/runner/work/Solana-Memecoin-Analysis/Solana-Memecoin-Analysis/data/cache/2026-09-22/052744895317_ohlcv_8b39bce88f13.json
2026-09-20T18:00:00+00:00,58oQChx4yWmvKdwLLZzBi4ChoCc2fqCUWBkwMihLYQo2,solana,Raydium,,,,,2022-04-28T09:46:08Z,109.69537831388254,,,,,,,,,,,,,,,,,,,ohlcv_backfill,minute,109.757,110.537951363301,109.5047969405,109.69537831388254,129621.38085599033,/home/runner/work/Solana-Memecoin-Analysis/Solana-Memecoin-Analysis/data/cache/2026-09-22/052744895317_ohlcv_8b39bce88f13.json
2026-09-20T17:55:00+00:00,58oQChx4yWmvKdwLLZzBi4ChoCc2fqCUWBkwMihLYQo2,solana,Raydium,,,,,2022-04-28T09:46:08Z,109.757,,,,,,,,,,,,,,,,,,,ohlcv_backfill,minute,110.08540546916682,110.39964672113,109.642929191043,109.757,124096.69681557221,/home/runner/work/Solana-Memecoin-Analysis/Solana-Memecoin-Analysis/data/cache/2026-09-22/052744895317_ohlcv_8b39bce88f13.json
2026-09-20T17:50:00+00:00,58oQChx4yWmvKdwLLZzBi4ChoCc2fqCUWBkwMihLYQo2,solana,Raydium,,,,,2022-04-28T09:46:08Z,110.08540546916682,,,,,,,,,,,,,,,,,,,ohlcv_backfill,minute,110.27812302352169,110.530109590051,109.90403,110.08540546916682,178794.38077861612,/home/runner/work/Solana-Memecoin-Analysis/Solana-Memecoin-Analysis/data/cache/2026-09-22/052744895317_ohlcv_8b39bce88f13.json
2026-09-20T17:45:00+00:00,58oQChx4yWmvKdwLLZzBi4ChoCc2fqCUWBkwMihLYQo2,solana,Raydium,,,,,2022-04-28T09:46:08Z,110.27812302352169,,,,,,,,,,,,,,,,,,,ohlcv_backfill,minute,110.20741461633,110.570165007174,109.95286,110.27812302352169,142392.91347719202,/home/runner/work/Solana-Memecoin-Analysis/Solana-Memecoin-Analysis/data/cache/2026-09-22/052744895317_ohlcv_8b39bce88f13.json
2026-09-20T17:40:00+00:00,58oQChx4yWmvKdwLLZzBi4ChoCc2fqCUWBkwMihLYQo2,solana,Raydium,,,,,2022-04-28T09:46:08Z,110.20741461633,,,,,,,,,,,,,,,,,,,ohlcv_backfill,minute,110.06987431233215,110.443077143062,109.798179,110.20741461633,150910.04666555853,/home/runner/work/Solana-Memecoin-Analysis/Solana-Memecoin-Analysis/data/cache/2026-09-22/052744895317_ohlcv_8b39bce88f13.json
2026-09-20T17:35:00+00:00,58oQChx4yWmvKdwLLZzBi4ChoCc2fqCUWBkwMihLYQo2,solana,Raydium,,,,,2022-04-28T09:46:08Z,110.06987431233215,,,,,,,,,,,,,,,,,,,ohlcv_backfill,minute,109.79280008846955,110.06987431233215,109.775436537413,110.06987431233215,153873.9119011987,/home/runner/work/Solana-Memecoin-Analysis/Solana-Memecoin-Analysis/data/cache/2026-09-22/052744895317_ohlcv_8b39bce88f13.json
2026-09-20T17:30:00+00:00,58oQChx4yWmvKdwLLZzBi4ChoCc2fqCUWBkwMihLYQo2,solana,Raydium,,,,,2022-04-28T09:46:08Z,109.79280008846955,,,,,,,,,,,,,,,,,,,ohlcv_backfill,minute,109.513841333333,110.070643889602,109.432646464646,109.79280008846955,138343.78511891843,/home/runner/work/Solana-Memecoin-Analysis/Solana-Memecoin-Analysis/data/cache/2026-09-22/052744895317_ohlcv_8b39bce88f13.json
2026-09-20T17:25:00+00:00,58oQChx4yWmvKdwLLZzBi4ChoCc2fqCUWBkwMihLYQo2,solana,Raydium,,,,,2022-04-28T09:46:08Z,109.513841333333,,,,,,,,,,,,,,,,,,,ohlcv_backfill,minute,110.086913723371,110.140051305852,109.44124,109.513841333333,183446.1885821807,/home/runner/work/Solana-Memecoin-Analysis/Solana-Memecoin-Analysis/data/cache/2026-09-22/052744895317_ohlcv_8b39bce88f13.json
2026-09-20T17:20:00+00:00,58oQChx4yWmvKdwLLZzBi4ChoCc2fqCUWBkwMihLYQo2,solana,Raydium,,,,,2022-04-28T09:46:08Z,110.086913723371,,,,,,,,,,,,,,,,,,,ohlcv_backfill,minute,109.78554558264584,110.14883303711,109.502797486173,110.086913723371,157010.085482944,/home/runner/work/Solana-Memecoin-Analysis/Solana-Memecoin-Analysis/data/cache/2026-09-22/052744895317_ohlcv_8b39bce88f13.json
2026-09-20T17:15:00+00:00,58oQChx4yWmvKdwLLZzBi4ChoCc2fqCUWBkwMihLYQo2,solana,Raydium,,,,,2022-04-28T09:46:08Z,109.78554558264584,,,,,,,,,,,,,,,,,,,ohlcv_backfill,minute,110.155875891786,110.188270006178,109.43536,109.78554558264584,221534.71507018007,/home/runner/work/Solana-Memecoin-Analysis/Solana-Memecoin-Analysis/data/cache/2026-09-22/052744895317_ohlcv_8b39bce88f13.json
2026-09-20T17:10:00+00:00,58oQChx4yWmvKdwLLZzBi4ChoCc2fqCUWBkwMihLYQo2,solana,Raydium,,,,,2022-04-28T09:46:08Z,110.155875891786,,,,,,,,,,,,,,,,,,,ohlcv_backfill,minute,110.092804110606,110.385280362612,109.536736175808,110.155875891786,280095.8185703884,/home/runner/work/Solana-Memecoin-Analysis/Solana-Memecoin-Analysis/data/cache/2026-09-22/052744895317_ohlcv_8b39bce88f13.json
2026-09-20T17:05:00+00:00,58oQChx4yWmvKdwLLZzBi4ChoCc2fqCUWBkwMihLYQo2,solana,Raydium,,,,,2022-04-28T09:46:08Z,110.092804110606,,,,,,,,,,,,,,,,,,,ohlcv_backfill,minute,110.15894010464848,110.582204320762,109.829336455894,110.092804110606,212458.82619401638,/home/runner/work/Solana-Memecoin-Analysis/Solana-Memecoin-Analysis/data/cache/2026-09-22/052744895317_ohlcv_8b39bce88f13.json
2026-09-20T17:00:00+00:00,58oQChx4yWmvKdwLLZzBi4ChoCc2fqCUWBkwMihLYQo2,solana,Raydium,,,,,2022-04-28T09:46:08Z,110.15894010464848,,,,,,,,,,,,,,,,,,,ohlcv_backfill,minute,109.89494949495,110.489644383831,109.845430107636,110.15894010464848,149698.9485602598,/home/runner/work/Solana-Memecoin-Analysis/Solana-Memecoin-Analysis/data/cache/2026-09-22/052744895317_ohlcv_8b39bce88f13.json
2026-09-20T16:55:00+00:00,58oQChx4yWmvKdwLLZzBi4ChoCc2fqCUWBkwMihLYQo2,solana,Raydium,,,,,2022-04-28T09:46:08Z,109.89494949495,,,,,,,,,,,,,,,,,,,ohlcv_backfill,minute,110.18443240237316,110.474714797182,109.762675296656,109.89494949495,107694.150169692,/home/runner/work/Solana-Memecoin-Analysis/Solana-Memecoin-Analysis/data/cache/2026-09-22/052744895317_ohlcv_8b39bce88f13.json
2026-09-20T16:50:00+00:00,58oQChx4yWmvKdwLLZzBi4ChoCc2fqCUWBkwMihLYQo2,solana,Raydium,,,,,2022-04-28T09:46:08Z,110.18443240237316,,,,,,,,,,,,,,,,,,,ohlcv_backfill,minute,110.21664346491782,110.484094755621,109.847986504354,110.18443240237316,86182.65784371497,/home/runner/work/Solana-Memecoin-Analysis/Solana-Memecoin-Analysis/data/cache/2026-09-22/052744895317_ohlcv_8b39bce88f13.json
2026-09-20T16:45:00+00:00,58oQChx4yWmvKdwLLZzBi4ChoCc2fqCUWBkwMihLYQo2,solana,Raydium,,,,,2022-04-28T09:46:08Z,110.21664346491782,,,,,,,,,,,,,,,,,,,ohlcv_backfill,minute,110.54175810617761,111.002444987775,109.854604200323,110.21664346491782,115326.05075370241,/home/runner/work/Solana-Memecoin-Analysis/Solana-Memecoin-Analysis/data/cache/2026-09-22/052744895317_ohlcv_8b39bce88f13.json
2026-09-20T16:40:00+00:00,58oQChx4yWmvKdwLLZzBi4ChoCc2fqCUWBkwMihLYQo2,solana,Raydium,,,,,2022-04-28T09:46:08Z,110.54175810617761,,,,,,,,,,,,,,,,,,,ohlcv_backfill,minute,110.51126501348564,110.813665851153,110.48356856419068,110.54175810617761,149168.88152698573,/home/runner/work/Solana-Memecoin-Analysis/Solana-Memecoin-Analysis/data/cache/2026-09-22/052744895317_ohlcv_8b39bce88f13.json
2026-09-20T16:35:00+00:00,58oQChx4yWmvKdwLLZzBi4ChoCc2fqCUWBkwMihLYQo2,solana,Raydium,,,,,2022-04-28T09:46:08Z,110.51126501348564,,,,,,,,,,,,,,,,,,,ohlcv_backfill,minute,109.91962735685755,110.748495769439,109.648,110.51126501348564,134216.38678664737,/home/runner/work/Solana-Memecoin-Analysis/Solana-Memecoin-Analysis/data/cache/2026-09-22/052744895317_ohlcv_8b39bce88f13.json
2026-09-20T16:30:00+00:00,58oQChx4yWmvKdwLLZzBi4ChoCc2fqCUWBkwMihLYQo2,solana,Raydium,,,,,2022-04-28T09:46:08Z,109.91962735685755,,,,,,,,,,,,,,,,,,,ohlcv_backfill,minute,109.19075732925256,110.197355882198,108.8997875,109.91962735685755,164316.51998021707,/home/runner/work/Solana-Memecoin-Analysis/Solana-Memecoin-Analysis/data/cache/2026-09-22/052744895317_ohlcv_8b39bce88f13.json
2026-09-20T16:25:00+00:00,58oQChx4yWmvKdwLLZzBi4ChoCc2fqCUWBkwMihLYQo2,solana,Raydium,,,,,2022-04-28T09:46:08Z,109.19075732925256,,,,,,,,,,,,,,,,,,,ohlcv_backfill,minute,108.755280597433,109.364422715307,108.360579168613,109.19075732925256,111111.59772289153,/home/runner/work/Solana-Memecoin-Analysis/Solana-Memecoin-Analysis/data/cache/2026-09-22/052744895317_ohlcv_8b39bce88f13.json
2026-09-20T16:20:00+00:00,58oQChx4yWmvKdwLLZzBi4ChoCc2fqCUWBkwMihLYQo2,solana,Raydium,,,,,2022-04-28T09:46:08Z,108.755280597433,,,,,,,,,,,,,,,,,,,ohlcv_backfill,minute,109.23629531782278,109.541741457505,108.058608058608,108.755280597433,92424.88122163145,/home/runner/work/Solana-Memecoin-Analysis/Solana-Memecoin-Analysis/data/cache/2026-09-22/052744895317_ohlcv_8b39bce88f13.json
2026-09-20T16:15:00+00:00,58oQChx4yWmvKdwLLZzBi4ChoCc2fqCUWBkwMihLYQo2,solana,Raydium,,,,,2022-04-28T09:46:08Z,109.23629531782278,,,,,,,,,,,,,,,,,,,ohlcv_backfill,minute,109.12398934042206,109.509989884562,108.792499411433,109.23629531782278,159080.9668461179,/home/runner/work/Solana-Memecoin-Analysis/Solana-Memecoin-Analysis/data/cache/2026-09-22/052744895317_ohlcv_8b39bce88f13.json
2026-09-20T16:10:00+00:00,58oQChx4yWmvKdwLLZzBi4ChoCc2fqCUWBkwMihLYQo2,solana,Raydium,,,,,2022-04-28T09:46:08Z,109.12398934042206,,,,,,,,,,,,,,,,,,,ohlcv_backfill,minute,108.80182737903391,109.385350419948,108.585,109.12398934042206,128293.90412743187,/home/runner/work/Solana-Memecoin-Analysis/Solana-Memecoin-Analysis/data/cache/2026-09-22/052744895317_ohlcv_8b39bce88f13.json
2026-09-20T16:05:00+00:00,58oQChx4yWmvKdwLLZzBi4ChoCc2fqCUWBkwMihLYQo2,solana,Raydium,,,,,2022-04-28T09:46:08Z,108.80182737903391,,,,,,,,,,,,,,,,,,,ohlcv_backfill,minute,108.47513111539179,109.619686800895,108.095836461613,108.80182737903391,175262.78844139003,/home/runner/work/Solana-Memecoin-Analysis/Solana-Memecoin-Analysis/data/cache/2026-09-22/052744895317_ohlcv_8b39bce88f13.json
2026-09-20T16:00:00+00:00,58oQChx4yWmvKdwLLZzBi4ChoCc2fqCUWBkwMihLYQo2,solana,Raydium,,,,,2022-04-28T09:46:08Z,108.47513111539179,,,,,,,,,,,,,,,,,,,ohlcv_backfill,minute,108.55353639684668,108.840168090605,108.151709008593,108.47513111539179,168393.74748701722,/home/runner/work/Solana-Memecoin-Analysis/Solana-Memecoin-Analysis/data/cache/2026-09-22/052744895317_ohlcv_8b39bce88f13.json
2026-09-20T15:55:00+00:00,58oQChx4yWmvKdwLLZzBi4ChoCc2fqCUWBkwMihLYQo2,solana,Raydium,,,,,2022-04-28T09:46:08Z,108.55353639684668,,,,,,,,,,,,,,,,,,,ohlcv_backfill,minute,108.34290984258817,108.765305322363,108.064201702515,108.55353639684668,237416.73211627698,/home/runner/work/Solana-Memecoin-Analysis/Solana-Memecoin-Analysis/data/cache/2026-09-22/052744895317_ohlcv_8b39bce88f13.json
2026-09-20T15:50:00+00:00,58oQChx4yWmvKdwLLZzBi4ChoCc2fqCUWBkwMihLYQo2,solana,Raydium,,,,,2022-04-28T09:46:08Z,108.34290984258817,,,,,,,,,,,,,,,,,,,ohlcv_backfill,minute,108.544145783298,108.547894546052,107.98,108.34290984258817,103234.73649088787,/home/runner/work/Solana-Memecoin-Analysis/Solana-Memecoin-Analysis/data/cache/2026-09-22/052744895317_ohlcv_8b39bce88f13.json
2026-09-20T15:45:00+00:00,58oQChx4yWmvKdwLLZzBi4ChoCc2fqCUWBkwMihLYQo2,solana,Raydium,,,,,2022-04-28T09:46:08Z,108.544145783298,,,,,,,,,,,,,,,,,,,ohlcv_backfill,minute,108.623100542734,108.623100542734,107.961616161616,108.544145783298,101369.81602284539,/home/runner/work/Solana-Memecoin-Analysis/Solana-Memecoin-Analysis/data/cache/2026-09-22/052744895317_ohlcv_8b39bce88f13.json
2026-09-20T15:40:00+00:00,58oQChx4yWmvKdwLLZzBi4ChoCc2fqCUWBkwMihLYQo2,solana,Raydium,,,,,2022-04-28T09:46:08Z,108.623100542734,,,,,,,,,,,,,,,,,,,ohlcv_backfill,minute,108.27116501010612,108.649339582446,108.083055685691,108.623100542734,114121.62700473359,/home/runner/work/Solana-Memecoin-Analysis/Solana-Memecoin-Analysis/data/cache/2026-09-22/052744895317_ohlcv_8b39bce88f13.json
2026-09-20T15:35:00+00:00,58oQChx4yWmvKdwLLZzBi4ChoCc2fqCUWBkwMihLYQo2,solana,Raydium,,,,,2022-04-28T09:46:08Z,108.27116501010612,,,,,,,,,,,,,,,,,,,ohlcv_backfill,minute,108.33642238735194,108.536006615492,107.995,108.27116501010612,79442.65334128872,/home/runner/work/Solana-Memecoin-Analysis/Solana-Memecoin-Analysis/data/cache/2026-09-22/052744895317_ohlcv_8b39bce88f13.json
2026-09-20T15:30:00+00:00,58oQChx4yWmvKdwLLZzBi4ChoCc2fqCUWBkwMihLYQo2,solana,Raydium,,,,,2022-04-28T09:46:08Z,108.33642238735194,,,,,,,,,,,,,,,,,,,ohlcv_backfill,minute,108.3184035437934,109.529025191676,108.03686,108.33642238735194,93446.84101425715,/home/runner/work/Solana-Memecoin-Analysis/Solana-Memecoin-Analysis/data/cache/2026-09-22/052744895317_ohlcv_8b39bce88f13.json
2026-09-20T15:25:00+00:00,58oQChx4yWmvKdwLLZzBi4ChoCc2fqCUWBkwMihLYQo2,solana,Raydium,,,,,2022-04-28T09:46:08Z,108.3184035437934,,,,,,,,,,,,,,,,,,,ohlcv_backfill,minute,108.50429659196115,108.790992996007,108.098205,108.3184035437934,148860.03297175936,/home/runner/work/Solana-Memecoin-Analysis/Solana-Memecoin-Analysis/data/cache/2026-09-22/052744895317_ohlcv_8b39bce88f13.json
2026-09-20T15:20:00+00:00,58oQChx4yWmvKdwLLZzBi4ChoCc2fqCUWBkwMihLYQo2,solana,Raydium,,,,,2022-04-28T09:46:08Z,108.50429659196115,,,,,,,,,,,,,,,,,,,ohlcv_backfill,minute,108.4878408769822,109.833971902937,108.195892255892,108.50429659196115,66233.03993079245,/home/runner/work/Solana-Memecoin-Analysis/Solana-Memecoin-Analysis/data/cache/2026-09-22/052744895317_ohlcv_8b39bce88f13.json
2026-09-20T15:15:00+00:00,58oQChx4yWmvKdwLLZzBi4ChoCc2fqCUWBkwMihLYQo2,solana,Raydium,,,,,2022-04-28T09:46:08Z,108.4878408769822,,,,,,,,,,,,,,,,,,,ohlcv_backfill,minute,108.34770147397947,108.828828828829,108.078311609185,108.4878408769822,97796.09241828076,/home/runner/work/Solana-Memecoin-Analysis/Solana-Memecoin-Analysis/data/cache/2026-09-22/052744895317_ohlcv_8b39bce88f13.json
2026-09-20T15:10:00+00:00,58oQChx4yWmvKdwLLZzBi4ChoCc2fqCUWBkwMihLYQo2,solana,Raydium,,,,,2022-04-28T09:46:08Z,108.34770147397947,,,,,,,,,,,,,,,,,,,ohlcv_backfill,minute,108.3235705567768,108.622589130417,108.01702020202,108.34770147397947,166083.74794625395,/home/runner/work/Solana-Memecoin-Analysis/Solana-Memecoin-Analysis/data/cache/2026-09-22/052744895317_ohlcv_8b39bce88f13.json
2026-09-20T15:05:00+00:00,58oQChx4yWmvKdwLLZzBi4ChoCc2fqCUWBkwMihLYQo2,solana,Raydium,,,,,2022-04-28T09:46:08Z,108.3235705567768,,,,,,,,,,,,,,,,,,,ohlcv_backfill,minute,108.3526125561449,108.627464209481,108.080852191055,108.3235705567768,223417.29521963498,/home/runner/work/Solana-Memecoin-Analysis/Solana-Memecoin-Analysis/data/cache/2026-09-22/052744895317_ohlcv_8b39bce88f13.json
2026-09-20T15:00:00+00:00,58oQChx4yWmvKdwLLZzBi4ChoCc2fqCUWBkwMihLYQo2,solana,Raydium,,,,,2022-04-28T09:46:08Z,108.3526125561449,,,,,,,,,,,,,,,,,,,ohlcv_backfill,minute,108.636638990911,108.675371487453,108.028576019973,108.3526125561449,112108.561497652,/home/runner/work/Solana-Memecoin-Analysis/Solana-Memecoin-Analysis/data/cache/2026-09-22/052744895317_ohlcv_8b39bce88f13.json
2026-09-20T14:55:00+00:00,58oQChx4yWmvKdwLLZzBi4ChoCc2fqCUWBkwMihLYQo2,solana,Raydium,,,,,2022-04-28T09:46:08Z,108.636638990911,,,,,,,,,,,,,,,,,,,ohlcv_backfill,minute,108.4719876305532,108.780605287988,108.068781144781,108.636638990911,170822.9550309979,/home/runner/work/Solana-Memecoin-Analysis/Solana-Memecoin-Analysis/data/cache/2026-09-22/052744895317_ohlcv_8b39bce88f13.json
2026-09-20T14:50:00+00:00,58oQChx4yWmvKdwLLZzBi4ChoCc2fqCUWBkwMihLYQo2,solana,Raydium,,,,,2022-04-28T09:46:08Z,108.4719876305532,,,,,,,,,,,,,,,,,,,ohlcv_backfill,minute,108.48291210050841,108.739220318332,108.4719876305532,108.4719876305532,153231.95427181115,/home/runner/work/Solana-Memecoin-Analysis/Solana-Memecoin-Analysis/data/cache/2026-09-22/052744895317_ohlcv_8b39bce88f13.json
2026-09-20T14:45:00+00:00,58oQChx4yWmvKdwLLZzBi4ChoCc2fqCUWBkwMihLYQo2,solana,Raydium,,,,,2022-04-28T09:46:08Z,108.48291210050841,,,,,,,,,,,,,,,,,,,ohlcv_backfill,minute,108.028454864991,108.7656887064,108.028454864991,108.48291210050841,162975.66865015388,/home/runner/work/Solana-Memecoin-Analysis/Solana-Memecoin-Analysis/data/cache/2026-09-22/052744895317_ohlcv_8b39bce88f13.json
2026-09-20T14:40:00+00:00,58oQChx4yWmvKdwLLZzBi4ChoCc2fqCUWBkwMihLYQo2,solana,Raydium,,,,,2022-04-28T09:46:08Z,108.028454864991,,,,,,,,,,,,,,,,,,,ohlcv_backfill,minute,108.39420983865004,108.673119821032,107.938320959452,108.028454864991,103188.48809775412,/home/runner/work/Solana-Memecoin-Analysis/Solana-Memecoin-Analysis/data/cache/2026-09-22/052744895317_ohlcv_8b39bce88f13.json
2026-09-20T14:35:00+00:00,58oQChx4yWmvKdwLLZzBi4ChoCc2fqCUWBkwMihLYQo2,solana,Raydium,,,,,2022-04-28T09:46:08Z,108.39420983865004,,,,,,,,,,,,,,,,,,,ohlcv_backfill,minute,108.3841997300622,108.718408852998,107.91015625,108.39420983865004,97648.63803778024,/home/runner/work/Solana-Memecoin-Analysis/Solana-Memecoin-Analysis/data/cache/2026-09-22/052744895317_ohlcv_8b39bce88f13.json
2026-09-20T14:30:00+00:00,58oQChx4yWmvKdwLLZzBi4ChoCc2fqCUWBkwMihLYQo2,solana,Raydium,,,,,2022-04-28T09:46:08Z,108.3841997300622,,,,,,,,,,,,,,,,,,,ohlcv_backfill,minute,108.31139482153702,108.674898811987,108.058187511496,108.3841997300622,66598.27659422168,/home/runner/work/Solana-Memecoin-Analysis/Solana-Memecoin-Analysis/data/cache/2026-09-22/052744895317_ohlcv_8b39bce88f13.json
2026-09-20T14:25:00+00:00,58oQChx4yWmvKdwLLZzBi4ChoCc2fqCUWBkwMihLYQo2,solana,Raydium,,,,,2022-04-28T09:46:08Z,108.31139482153702,,,,,,,,,,,,,,,,,,,ohlcv_backfill,minute,108.26956858407635,108.594795631359,108.036016076228,108.31139482153702,92881.46572314769,/home/runner/work/Solana-Memecoin-Analysis/Solana-Memecoin-Analysis/data/cache/2026-09-22/052744895317_ohlcv_8b39bce88f13.json
2026-09-20T14:20:00+00:00,58oQChx4yWmvKdwLLZzBi4ChoCc2fqCUWBkwMihLYQo2,solana,Raydium,,,,,2022-04-28T09:46:08Z,108.26956858407635,,,,,,,,,,,,,,,,,,,ohlcv_backfill,minute,108.25078730265936,108.2797639961529,108.18091745972048,108.26956858407635,107725.41880250297,/home/runner/work/Solana-Memecoin-Analysis/Solana-Memecoin-Analysis/data/cache/2026-09-22/052744895317_ohlcv_8b39bce88f13.json
2026-09-20T14:15:00+00:00,58oQChx4yWmvKdwLLZzBi4ChoCc2fqCUWBkwMihLYQo2,solana,Raydium,,,,,2022-04-28T09:46:08Z,108.25078730265936,,,,,,,,,,,,,,,,,,,ohlcv_backfill,minute,108.41402139870553,108.583264781484,107.956880808081,108.25078730265936,349246.83997655386,/home/runner/work/Solana-Memecoin-Analysis/Solana-Memecoin-Analysis/data/cache/2026-09-22/052744895317_ohlcv_8b39bce88f13.json
2026-09-20T14:10:00+00:00,58oQChx4yWmvKdwLLZzBi4ChoCc2fqCUWBkwMihLYQo2,solana,Raydium,,,,,2022-04-28T09:46:08Z,108.41402139870553,,,,,,,,,,,,,,,,,,,ohlcv_backfill,minute,108.4382515444486,108.763759567268,108.016983016983,108.41402139870553,55857.42162796347,/home/runner/work/Solana-Memecoin-Analysis/Solana-Memecoin-Analysis/data/cache/2026-09-22/052744895317_ohlcv_8b39bce88f13.json
2026-09-20T14:05:00+00:00,58oQChx4yWmvKdwLLZzBi4ChoCc2fqCUWBkwMihLYQo2,solana,Raydium,,,,,2022-04-28T09:46:08Z,108.4382515444486,,,,,,,,,,,,,,,,,,,ohlcv_backfill,minute,108.40001993856815,108.4382515444486,108.40001993856815,108.4382515444486,42660.529679804575,/home/runner/work/Solana-Memecoin-Analysis/Solana-Memecoin-Analysis/data/cache/2026-09-22/052744895317_ohlcv_8b39bce88f13.json
2026-09-20T14:00:00+00:00,58oQChx4yWmvKdwLLZzBi4ChoCc2fqCUWBkwMihLYQo2,solana,Raydium,,,,,2022-04-28T09:46:08Z,108.40001993856815,,,,,,,,,,,,,,,,,,,ohlcv_backfill,minute,108.19260240075711,108.865710560626,107.909099863773,108.40001993856815,68949.7430056543,/home/runner/work/Solana-Memecoin-Analysis/Solana-Memecoin-Analysis/data/cache/2026-09-22/052744895317_ohlcv_8b39bce88f13.json
2026-09-20T13:55:00+00:00,58oQChx4yWmvKdwLLZzBi4ChoCc2fqCUWBkwMihLYQo2,solana,Raydium,,,,,2022-04-28T09:46:08Z,108.19260240075711,,,,,,,,,,,,,,,,,,,ohlcv_backfill,minute,108.17044918989737,108.46727202973,107.913271,108.19260240075711,43117.58030451056,/home/runner/work/Solana-Memecoin-Analysis/Solana-Memecoin-Analysis/data/cache/2026-09-22/052744895317_ohlcv_8b39bce88f13.json
2026-09-20T13:50:00+00:00,58oQChx4yWmvKdwLLZzBi4ChoCc2fqCUWBkwMihLYQo2,solana,Raydium,,,,,2022-04-28T09:46:08Z,108.17044918989737,,,,,,,,,,,,,,,,,,,ohlcv_backfill,minute,107.853072321357,108.853410740203,107.78697487634,108.17044918989737,60278.320818994245,/home/runner/work/Solana-Memecoin-Analysis/Solana-Memecoin-Analysis/data/cache/2026-09-22/052744895317_ohlcv_8b39bce88f13.json
2026-09-20T13:45:00+00:00,58oQChx4yWmvKdwLLZzBi4ChoCc2fqCUWBkwMihLYQo2,solana,Raydium,,,,,2022-04-28T09:46:08Z,107.853072321357,,,,,,,,,,,,,,,,,,,ohlcv_backfill,minute,108.20593496894512,108.473939694629,107.511045655376,107.853072321357,47847.06015715908,/home/runner/work/Solana-Memecoin-Analysis/Solana-Memecoin-Analysis/data/cache/2026-09-22/052744895317_ohlcv_8b39bce88f13.json
2026-09-20T13:40:00+00:00,58oQChx4yWmvKdwLLZzBi4ChoCc2fqCUWBkwMihLYQo2,solana,Raydium,,,,,2022-04-28T09:46:08Z,108.20593496894512,,,,,,,,,,,,,,,,,,,ohlcv_backfill,minute,108.09419878329106,108.369157905501,107.814889683321,108.20593496894512,104154.97865650879,/home/runner/work/Solana-Memecoin-Analysis/Solana-Memecoin-Analysis/data/cache/2026-09-22/052744895317_ohlcv_8b39bce88f13.json
2026-09-20T13:35:00+00:00,58oQChx4yWmvKdwLLZzBi4ChoCc2fqCUWBkwMihLYQo2,solana,Raydium,,,,,2022-04-28T09:46:08Z,108.09419878329106,,,,,,,,,,,,,,,,,,,ohlcv_backfill,minute,107.768666952831,108.322254373872,107.766039050797,108.09419878329106,49583.39709065988,/home/runner/work/Solana-Memecoin-Analysis/Solana-Memecoin-Analysis/data/cache/2026-09-22/052744895317_ohlcv_8b39bce88f13.json
2026-09-20T13:30:00+00:00,58oQChx4yWmvKdwLLZzBi4ChoCc2fqCUWBkwMihLYQo2,solana,Raydium,,,,,2022-04-28T09:46:08Z,107.768666952831,,,,,,,,,,,,,,,,,,,ohlcv_backfill,minute,108.03747065417888,108.339203283502,107.758173907928,107.768666952831,52660.18290707502,/home/runner/work/Solana-Memecoin-Analysis/Solana-Memecoin-Analysis/data/cache/2026-09-22/052744895317_ohlcv_8b39bce88f13.json
2026-09-20T13:25:00+00:00,58oQChx4yWmvKdwLLZzBi4ChoCc2fqCUWBkwMihLYQo2,solana,Raydium,,,,,2022-04-28T09:46:08Z,108.03747065417888,,,,,,,,,,,,,,,,,,,ohlcv_backfill,minute,108.41828915701814,108.711468414093,108.03491946148259,108.03747065417888,94992.36051228283,/home/runner/work/Solana-Memecoin-Analysis/Solana-Memecoin-Analysis/data/cache/2026-09-22/052744895317_ohlcv_8b39bce88f13.json
2026-09-20T13:20:00+00:00,58oQChx4yWmvKdwLLZzBi4ChoCc2fqCUWBkwMihLYQo2,solana,Raydium,,,,,2022-04-28T09:46:08Z,108.41828915701814,,,,,,,,,,,,,,,,,,,ohlcv_backfill,minute,108.38898081334398,108.623710218358,108.081232323232,108.41828915701814,89071.17181928095,/home/runner/work/Solana-Memecoin-Analysis/Solana-Memecoin-Analysis/data/cache/2026-09-22/052744895317_ohlcv_8b39bce88f13.json
2026-09-20T13:15:00+00:00,58oQChx4yWmvKdwLLZzBi4ChoCc2fqCUWBkwMihLYQo2,solana,Raydium,,,,,2022-04-28T09:46:08Z,108.38898081334398,,,,,,,,,,,,,,,,,,,ohlcv_backfill,minute,108.29137657830712,108.657386828207,107.97342192691,108.38898081334398,58672.96019257366,/home/runner/work/Solana-Memecoin-Analysis/Solana-Memecoin-Analysis/data/cache/2026-09-22/052744895317_ohlcv_8b39bce88f13.json
2026-09-20T13:10:00+00:00,58oQChx4yWmvKdwLLZzBi4ChoCc2fqCUWBkwMihLYQo2,solana,Raydium,,,,,2022-04-28T09:46:08Z,108.29137657830712,,,,,,,,,,,,,,,,,,,ohlcv_backfill,minute,108.25912185890625,109.038737446198,107.361963190184,108.29137657830712,120583.0444560742,/home/runner/work/Solana-Memecoin-Analysis/Solana-Memecoin-Analysis/data/cache/2026-09-22/052744895317_ohlcv_8b39bce88f13.json
2026-09-20T13:05:00+00:00,58oQChx4yWmvKdwLLZzBi4ChoCc2fqCUWBkwMihLYQo2,solana,Raydium,,,,,2022-04-28T09:46:08Z,108.25912185890625,,,,,,,,,,,,,,,,,,,ohlcv_backfill,minute,108.27273496947032,108.33628592435544,108.24795287915109,108.25912185890625,61657.46750436411,/home/runner/work/Solana-Memecoin-Analysis/Solana-Memecoin-Analysis/data/cache/2026-09-22/052744895317_ohlcv_8b39bce88f13.json
2026-09-20T13:00:00+00:00,58oQChx4yWmvKdwLLZzBi4ChoCc2fqCUWBkwMihLYQo2,solana,Raydium,,,,,2022-04-28T09:46:08Z,108.27273496947032,,,,,,,,,,,,,,,,,,,ohlcv_backfill,minute,108.623855347611,108.623855347611,108.001343124814,108.27273496947032,78049.00781931987,/home/runner/work/Solana-Memecoin-Analysis/Solana-Memecoin-Analysis/data/cache/2026-09-22/052744895317_ohlcv_8b39bce88f13.json
2026-09-20T12:55:00+00:00,58oQChx4yWmvKdwLLZzBi4ChoCc2fqCUWBkwMihLYQo2,solana,Raydium,,,,,2022-04-28T09:46:08Z,108.623855347611,,,,,,,,,,,,,,,,,,,ohlcv_backfill,minute,108.4077530851876,108.68490167703,108.079490740741,108.623855347611,75180.03616374133,/home/runner/work/Solana-Memecoin-Analysis/Solana-Memecoin-Analysis/data/cache/2026-09-22/052744895317_ohlcv_8b39bce88f13.json
2026-09-20T12:50:00+00:00,58oQChx4yWmvKdwLLZzBi4ChoCc2fqCUWBkwMihLYQo2,solana,Raydium,,,,,2022-04-28T09:46:08Z,108.4077530851876,,,,,,,,,,,,,,,,,,,ohlcv_backfill,minute,108.4332455032817,108.705216756096,108.145707070707,108.4077530851876,51608.26148771157,/home/runner/work/Solana-Memecoin-Analysis/Solana-Memecoin-Analysis/data/cache/2026-09-22/052744895317_ohlcv_8b39bce88f13.json
2026-09-20T12:45:00+00:00,58oQChx4yWmvKdwLLZzBi4ChoCc2fqCUWBkwMihLYQo2,solana,Raydium,,,,,2022-04-28T09:46:08Z,108.4332455032817,,,,,,,,,,,,,,,,,,,ohlcv_backfill,minute,108.36033607430683,108.665101520281,107.804878048781,108.4332455032817,38195.04560403413,/home/runner/work/Solana-Memecoin-Analysis/Solana-Memecoin-Analysis/data/cache/2026-09-22/052744895317_ohlcv_8b39bce88f13.json
2026-09-20T12:40:00+00:00,58oQChx4yWmvKdwLLZzBi4ChoCc2fqCUWBkwMihLYQo2,solana,Raydium,,,,,2022-04-28T09:46:08Z,108.36033607430683,,,,,,,,,,,,,,,,,,,ohlcv_backfill,minute,108.28218305315524,108.36033607430683,108.28218305315524,108.36033607430683,45898.824404709354,/home/runner/work/Solana-Memecoin-Analysis/Solana-Memecoin-Analysis/data/cache/2026-09-22/052744895317_ohlcv_8b39bce88f13.json
2026-09-20T12:35:00+00:00,58oQChx4yWmvKdwLLZzBi4ChoCc2fqCUWBkwMihLYQo2,solana,Raydium,,,,,2022-04-28T09:46:08Z,108.28218305315524,,,,,,,,,,,,,,,,,,,ohlcv_backfill,minute,108.39438320717683,108.4215172939038,108.26017318646738,108.28218305315524,78998.19148079396,/home/runner/work/Solana-Memecoin-Analysis/Solana-Memecoin-Analysis/data/cache/2026-09-22/052744895317_ohlcv_8b39bce88f13.json
2026-09-20T12:30:00+00:00,58oQChx4yWmvKdwLLZzBi4ChoCc2fqCUWBkwMihLYQo2,solana,Raydium,,,,,2022-04-28T09:46:08Z,108.39438320717683,,,,,,,,,,,,,,,,,,,ohlcv_backfill,minute,108.46503834234129,108.756797299831,108.052365440752,108.39438320717683,73613.43489195086,/home/runner/work/Solana-Memecoin-Analysis/Solana-Memecoin-Analysis/data/cache/2026-09-22/052744895317_ohlcv_8b39bce88f13.json
2026-09-20T12:25:00+00:00,58oQChx4yWmvKdwLLZzBi4ChoCc2fqCUWBkwMihLYQo2,solana,Raydium,,,,,2022-04-28T09:46:08Z,108.46503834234129,,,,,,,,,,,,,,,,,,,ohlcv_backfill,minute,108.52436459050271,108.52436459050271,108.194337312519,108.46503834234129,98317.25277161879,/home/runner/work/Solana-Memecoin-Analysis/Solana-Memecoin-Analysis/data/cache/2026-09-22/052744895317_ohlcv_8b39bce88f13.json
2026-09-20T12:20:00+00:00,58oQChx4yWmvKdwLLZzBi4ChoCc2fqCUWBkwMihLYQo2,solana,Raydium,,,,,2022-04-28T09:46:08Z,108.52436459050271,,,,,,,,,,,,,,,,,,,ohlcv_backfill,minute,108.54564828876607,108.56428076441759,108.49616558098838,108.52436459050271,91359.25825953677,/home/runner/work/Solana-Memecoin-Analysis/Solana-Memecoin-Analysis/data/cache/2026-09-22/052744895317_ohlcv_8b39bce88f13.json
2026-09-20T12:15:00+00:00,58oQChx4yWmvKdwLLZzBi4ChoCc2fqCUWBkwMihLYQo2,solana,Raydium,,,,,2022-04-28T09:46:08Z,108.54564828876607,,,,,,,,,,,,,,,,,,,ohlcv_backfill,minute,108.60138507707774,108.877439384132,108.18666236073,108.54564828876607,89785.81738606507,/home/runner/work/Solana-Memecoin-Analysis/Solana-Memecoin-Analysis/data/cache/2026-09-22/052744895317_ohlcv_8b39bce88f13.json
2026-09-20T12:10:00+00:00,58oQChx4yWmvKdwLLZzBi4ChoCc2fqCUWBkwMihLYQo2,solana,Raydium,,,,,2022-04-28T09:46:08Z,108.60138507707774,,,,,,,,,,,,,,,,,,,ohlcv_backfill,minute,108.50941423736676,108.799253980142,108.232428261182,108.60138507707774,97370.86219326945,/home/runner/work/Solana-Memecoin-Analysis/Solana-Memecoin-Analysis/data/cache/2026-09-22/052744895317_ohlcv_8b39bce88f13.json
2026-09-20T12:05:00+00:00,58oQChx4yWmvKdwLLZzBi4ChoCc2fqCUWBkwMihLYQo2,solana,Raydium,,,,,2022-04-28T09:46:08Z,108.50941423736676,,,,,,,,,,,,,,,,,,,ohlcv_backfill,minute,108.45406734693043,108.51716503120159,108.4531185944074,108.50941423736676,48615.045940349206,/home/runner/work/Solana-Memecoin-Analysis/Solana-Memecoin-Analysis/data/cache/2026-09-22/052744895317_ohlcv_8b39bce88f13.json
2026-09-20T12:00:00+00:00,58oQChx4yWmvKdwLLZzBi4ChoCc2fqCUWBkwMihLYQo2,solana,Raydium,,,,,2022-04-28T09:46:08Z,108.45406734693043,,,,,,,,,,,,,,,,,,,ohlcv_backfill,minute,108.4784181798225,108.51910241680356,108.4469598446858,108.45406734693043,58318.405465475385,/home/runner/work/Solana-Memecoin-Analysis/Solana-Memecoin-Analysis/data/cache/2026-09-22/052744895317_ohlcv_8b39bce88f13.json
2026-09-20T11:55:00+00:00,58oQChx4yWmvKdwLLZzBi4ChoCc2fqCUWBkwMihLYQo2,solana,Raydium,,,,,2022-04-28T09:46:08Z,108.4784181798225,,,,,,,,,,,,,,,,,,,ohlcv_backfill,minute,108.385896289489,108.704551768303,108.099070707071,108.4784181798225,59299.312215655285,/home/runner/work/Solana-Memecoin-Analysis/Solana-Memecoin-Analysis/data/cache/2026-09-22/052744895317_ohlcv_8b39bce88f13.json
2026-09-20T11:50:00+00:00,58oQChx4yWmvKdwLLZzBi4ChoCc2fqCUWBkwMihLYQo2,solana,Raydium,,,,,2022-04-28T09:46:08Z,108.385896289489,,,,,,,,,,,,,,,,,,,ohlcv_backfill,minute,108.35933495487377,108.63262877721,108.05739439435,108.385896289489,55858.64179818121,/home/runner/work/Solana-Memecoin-Analysis/Solana-Memecoin-Analysis/data/cache/2026-09-22/052744895317_ohlcv_8b39bce88f13.json
2026-09-22T05:25:00+00:00,zNdRuXfE2tU4hL37WpRq9NYaM4RkJL9kCHhGqPm3dWT,solana,PumpSwap,,,,,2026-09-22T05:25:54Z,8.726812158699857e-05,,,,,,,,,,,,,,,,,,,ohlcv_backfill,minute,8.483020833310162e-05,8.726812158699857e-05,8.436681288952697e-05,8.726812158699857e-05,247.22878418719768,/home/runner/work/Solana-Memecoin-Analysis/Solana-Memecoin-Analysis/data/cache/2026-09-22/052807572789_ohlcv_51039c247055.json
2026-09-22T05:25:00+00:00,8kR6KbSdJGJVam9F2GNEHYC7qhV86wuVRkP7Vtt6hQ2W,solana,Pump.fun,,,,,2026-09-22T05:25:53Z,3.288313192357105e-06,,,,,,,,,,,,,,,,,,,ohlcv_backfill,minute,5.196584247148753e-06,7.684510942752012e-06,3.288313192357105e-06,3.288313192357105e-06,6631.891274233697,/home/runner/work/Solana-Memecoin-Analysis/Solana-Memecoin-Analysis/data/cache/2026-09-22/052815226725_ohlcv_b2a286b61995.json
2026-09-22T05:25:00+00:00,HkCeJMnsKZY8CZA1o8HBkxBXUo29u3gbPfXaw728cDk,solana,Meteora DAMM V2,,,,,2026-09-22T05:25:33Z,2.163231611220681e-05,,,,,,,,,,,,,,,,,,,ohlcv_backfill,minute,2.163231611220681e-05,2.163231611220681e-05,2.163231611220681e-05,2.163231611220681e-05,0.013899408004700815,/home/runner/work/Solana-Memecoin-Analysis/Solana-Memecoin-Analysis/data/cache/2026-09-22/052830169368_ohlcv_350959458bc1.json
2026-09-22T05:25:00+00:00,C65rDFk4dfTRn1Y4F7P7MVBiFPF4CDqdx3UAfGtgVKpN,solana,Pump.fun,,,,,2026-09-22T05:25:31Z,6.789839374920831e-07,,,,,,,,,,,,,,,,,,,ohlcv_backfill,minute,3.2450066738622772e-06,3.7533015370680965e-06,6.724446762115593e-07,6.789839374920831e-07,42.36790844960439,/home/runner/work/Solana-Memecoin-Analysis/Solana-Memecoin-Analysis/data/cache/2026-09-22/052837613901_ohlcv_9bca396b97b3.json
2026-09-22T05:25:00+00:00,HoaDBVcdSCUwB9EtTEDnQdpcKMwf8rfBXpwqHPuW3WHX,solana,Meteora DBC,,,,,2026-09-22T05:25:22Z,9.078721758019028e-05,,,,,,,,,,,,,,,,,,,ohlcv_backfill,minute,5.9567887499620995e-05,9.078721758019028e-05,5.9567887499620995e-05,9.078721758019028e-05,9983.236723213435,/home/runner/work/Solana-Memecoin-Analysis/Solana-Memecoin-Analysis/data/cache/2026-09-22/052852648183_ohlcv_3805e68d75d4.json
2026-09-22T05:25:00+00:00,5pR2mm6R6rpotEAgZp3qScD6aSqGwZ7nDdUzYHnb9Pfi,solana,Meteora DBC,,,,,2026-09-22T05:25:21Z,1.1589409604364036e-10,,,,,,,,,,,,,,,,,,,ohlcv_backfill,minute,1.1589409604364036e-10,1.1589409604364036e-10,1.1589409604364036e-10,1.1589409604364036e-10,0.023097745905198724,/home/runner/work/Solana-Memecoin-Analysis/Solana-Memecoin-Analysis/data/cache/2026-09-22/052907615289_ohlcv_2e0adf851f31.json
